:1000000000000320D101000025D40300E1D3030048
:10001000E1D30300E1D30300E1D30300E1D3030004
:10002000E1D30300E1D30300E1D3030025D40300AF
:1000300025D40300E1D3030011C1030015C103005F
:1000400025D4030025D4030025D4030025D40300C0
:1000500025D4030025D4030025D4030025D40300B0
:1000600025D4030025D4030025D4030025D40300A0
:1000700025D4030025D4030025D4030025D4030090
:1000800025D4030025D4030025D4030025D4030080
:1000900025D4030025D4030025D4030025D4030070
:1000A00025D4030025D4030025D4030025D4030060
:1000B00025D4030025D4030025D40300D5E0030094
:1000C00025D4030055EA030025D403009DF1030065
:1000D00025D4030025D4030025D4030025D4030030
:1000E00025D4030025D4030041BA030025D403001E
:1000F00025D4030025D4030025D4030025D4030010
:10010000BDC60300D9C60300F5C6030011C703002E
:1001100025D40300A1F4030025D4030025D4030053
:1001200025D4030025D4030025D4030025D40300DF
:1001300025D4030025D4030025D4030025D40300CF
:1001400025D4030025D4030025D4030025D40300BF
:1001500025D4030025D4030025D4030025D40300AF
:1001600025D4030025D4030025D4030025D403009F
:1001700025D4030025D4030025D4030025D403008F
:1001800025D4030025D4030025D4030025D403007F
:1001900025D4030025D4030025D4030025D403006F
:1001A00025D4030025D4030025D4030025D403005F
:1001B00025D4030025D4030025D4030025D403004F
:1001C00025D4030025D4030025D4030025D403003F
:1001D0005F4B4CF2205210B5DA814DF62812DA81CD
:1001E00000BF00BF3DF022F95A4B4FF030621A6356
:1001F000594A9A63594ADA634FF0E0234FF4700288
:10020000C3F8882D03F5E823554A1A60554B9A78B0
:10021000110703D59A7842F008029A70524B53485E
:10022000AA221A70524BDA1C121AC11E22F00302C3
:10023000994288BF00224F493CF0FEFF4E4B4F4889
:10024000DA1C121AC11E22F00302994288BF002252
:10025000002143F001FE4A494A484FF4E8723CF05D
:10026000EBFF494B494A802103F8011B9342FBD124
:100270004FF0E023434AC3F8082D454B8A221A70F9
:10028000A3F5805324225A70A0221A709A799207FB
:10029000FCD59A79D406FCD43E4A937903F00C033A
:1002A000082BFAD1304B60225A70DA78802AFCD1C0
:1002B000384B01221A715D225A719A799006FCD549
:1002C0009A795106FCD5234A33495164002191643F
:1002D000202119702F498B7903F00C030C2BFAD1D4
:1002E0002E4B53602E4A136913F4807303D153616C
:1002F0004FF4A85313614FF0E0232A4A5A610022B9
:100300009A6107221A61284AC3F8202D62B63DF08F
:1003100061F9234B5B69DA0705D524483DF04EF9B6
:10032000234B244ADA61244B1B785B0609D5204C09
:10033000204BE2699A4204D11C483DF03FF900236A
:10034000E3613DF079F844F0BBF93CF06DFFFEE766
:100350000020054000800440823F04000100002B83
:100360000300008500D0074000E007403007FF1F72
:10037000D00FFF1F102405005825FF1FD00FFF1FAF
:10038000000000000002FF1F00E400E064E400E061
:10039000005006400040064000000602C010070062
:1003A00000D003401FBF0200000020208209156812
:1003B00000E00340A5C3945A00F00740FFFFFFFF91
:1003C000FFFFFFFFFFFFFFFFFFFFFFFFFFFFFFFF3D
:1003D000FFFFFFFFFFFFFFFFFFFFFFFFFFFFFFFF2D
:1003E000FFFFFFFFFFFFFFFFFFFFFFFFFFFFFFFF1D
:1003F000FFFFFFFFFFFFFFFFFFFFFFFFFFFFFFFF0D
:10040000FFFFFFFFFFFFFFFFFFFFFFFFDEF9FFFF23
:100410000548064B1B1AD90F01EBA301491002D066
:10042000034B03B118477047D00FFF1FD00FFF1FBA
:100430000000000008B5054B1BB105490548AFF3A6
:100440000080BDE80840FFF7E3BF00BF00000000E8
:10045000D00FFF1F0824050000207047704700BF21
:10046000036D0BB101207047406D003818BF0120AB
:10047000704700BF00690B699842D4BF002001207B
:10048000704700BF80698B690028B8BF4042002BCD
:10049000B8BF5B429842D4BF00200120704700BF24
:1004A000036818470B680360704700BF0B68036060
:1004B000704700BF704700BFC36A00F12C0233B120
:1004C0000120D96A52F8043F0860002BF9D1704727
:1004D00010B50446806D18B141F002FE0023A365FB
:1004E000236D2BB104F11800BDE8104038F046BA76
:1004F000636D002BF6D110BD10B510EE100A00216F
:10050000F2EE046AF0EE407ABDEEE77AB8EEC77A12
:10051000B4EE677AF1EE10FA04D00131062967EEE5
:10052000A67AF1D1144B1B68012B03D0032B17D0F3
:100530005BB110BDCCB240F063FF41EC100B214623
:100540000E48BDE810403CF0BBB9CCB240F058FFBB
:1005500041EC100B21460A48BDE810403CF0B0B910
:10056000CCB240F04DFF41EC100B21460548BDE8F0
:1005700010403CF0A5B900BF9807FF1FE007FF1F20
:100580006008FF1F0808FF1F084B1B68012B01466E
:1005900003D0032B07D01BB1704705483CF03EB990
:1005A00004483CF03BB904483CF038B99807FF1FB9
:1005B000E007FF1F6008FF1F0808FF1F10B5044673
:1005C000806D00B110BD4FF4807041F081FDA065D9
:1005D000B0B1236D002202703BB101464FF480722E
:1005E000184637F041FEA06D10BD636D002BE9D0B9
:1005F00001464FF48072184635F080FBA06D10BDA7
:100600000148A06510BD00BFE80FFF1F38B5056D9C
:100610006DB10BB1002038BD1146284636F07CFB89
:100620000028F7D02846BDE8384036F00DBD446DAF
:10063000002CEFD0204634F01FF80028EAD02046E6
:10064000BDE8384034F03ABE8A79A2F150031B0667
:1006500020D4F0B54B79046D0D798E784F780978F8
:10066000013385B002F26C72DBB244B103918DE8C4
:10067000E0000221204636F07BFC05B0F0BD406D65
:100680000028FAD003918DE8E000022134F066FDE5
:1006900005B0F0BD0020704710B5036D82B00C4668
:1006A0002BB30DF1060201A9184635F04BFF38B304
:1006B000BDF80430BDF8062053EA020120D0C2F391
:1006C000451C02F01F00D20AC3F343114000A27080
:1006D0005A0A0139207003F01F0302F5EA62012073
:1006E00084F801C023716171A27102B010BD406D28
:1006F00030B10DF1060201A933F058FE0028D7D120
:10070000002002B010BD00BF10B5036D82B00C46D2
:100710002BB30DF1060201A9184635F003FF38B3DB
:10072000BDF80430BDF8062053EA020120D0C2F320
:10073000451C02F01F00D20AC3F343114000A2700F
:100740005A0A0139207003F01F0302F5EA62012002
:1007500084F801C023716171A27102B010BD406DB7
:1007600030B10DF1060201A933F00EFE0028D7D1F9
:10077000002002B010BD00BF70B50C460D1D461A1A
:10078000A0193CF0A3FC04F8010BAC42F8D170BDF9
:1007900010B543EC102B04469DF808103CF090F87F
:1007A0002046BDE810403CF067B800BF10B50023FC
:1007B00004460A223CF078F82046BDE810403CF0A0
:1007C0005BB800BF10B504463CF04EF82046BDE8CB
:1007D00010403CF051B800BF69B170B505460846FD
:1007E0000C4644F0CDF92B680246214628465B684A
:1007F000BDE87040184770470369D3B110B41C6856
:100800000D48E46884420FD1186D18B15DF8044BAF
:1008100036F054BC586D18B15DF8044B34F0C0BDCF
:1008200000205DF8044B7047184623465DF8044BE2
:1008300018470020704700BF290C0000006990B1E4
:100840000368154A1B69934225D1036D63B118787B
:1008500010F0080007D0D8695B69C01A48BF6FF074
:100860000040704718467047436D002BFAD093F84C
:10087000310010F00800F6D0186919685A695B68F1
:10088000401A62EB0303B0F1004F73F10003EAD3A7
:100890006FF0004070471847DD0B0000036923B379
:1008A00010B51968124A8C68944282B014D1186D40
:1008B00048B101220DF1070136F01CF890B19DF806
:1008C000070002B010BD586D0028F8D001220DF1CC
:1008D000070133F0E5FDF1E701220DF107011846AC
:1008E000A047EBE74FF0FF30EBE74FF0FF307047EA
:1008F000C90A0000036973B11A68084952698A423B
:1009000007D1186D08B136F0CBB8586D18B133F077
:100910009BBE184610474FF0FF307047290A000071
:10092000036963B11A68074992698A4208D1186D50
:1009300008B136F017BB586D08B134F0C7BA70472C
:10094000184610472D0B0000036D13B158690021A4
:100950007047436D13B1D3E900017047184619463B
:10096000704700BF036D13B1D86900217047436D14
:1009700013B1D3E90401704718461946704700BF08
:10098000F0B595B00022234F01924FF47A741831DC
:10099000054604A8CDE9122202948DF80C20009798
:1009A00038F058F8129B002B29D05C203CF0C4FD95
:1009B000019BC360029B03619DF80C300375164BCD
:1009C00003600026154B83600446466004A9183076
:1009D00037F0A6FF4FF47A73AB606368104AA760E4
:1009E0000133A6656E602A602E732C6163600D4B27
:1009F000009304A837F0C2FF284615B0F0BD139B42
:100A0000002BD2D1064A6B60AC602B732A602B613D
:100A1000EDE700BF1C0F05006C0F0500D40E0500AC
:100A2000400F0500F80E0500036D13B1184636F0AF
:100A300037B8406D08B133F007BE4FF0FF30704754
:100A4000836C13B1184636F02BB8C06C08B133F084
:100A5000FBBD4FF0FF307047036D33B11B7813F0CF
:100A6000700F14BF012000207047406D30B190F826
:100A7000313013F0500F14BF01200020704700BF29
:100A800010B50446006D80B1037813F0700F00D1EB
:100A900010BD002136F040F9606D0028F8D0BDE8A7
:100AA00010400022002333F0E7BD606D0028EFD036
:100AB00090F8313013F0500FEAD0BDE8104000221A
:100AC000002333F0D9BD00BF036D13B1184635F0D4
:100AD00011BF406D08B133F0E3BC4FF0FF307047F9
:100AE00000B5836C83B063B101220DF10701184694
:100AF00035F000FF01280CD19DF8070003B05DF828
:100B000004FBC06C28B101220DF1070133F0C8FCD1
:100B1000F0E74FF0FF30F1E7836C13B1184636F081
:100B200021BAC06C08B134F0D1B97047036D13B16C
:100B3000184636F017BA406D08B134F0C7B970479F
:100B40008A79A2F150031B0620D4F0B54B79046DCD
:100B50000D798E784F780978013385B002F26C7286
:100B6000DBB244B103918DE8E0000421204636F069
:100B7000FFF905B0F0BD406D0028FAD003918DE873
:100B8000E000042134F0EAFA05B0F0BD002070471F
:100B9000836C53B1187810F008000DD0D8695B69E8
:100BA000C01A48BF6FF000407047C36CA3B193F800
:100BB000310010F0080000D17047186919685A69AF
:100BC0005B68401A62EB0303B0F1004F73F100035E
:100BD000F2D36FF0004070471846EDE7036D53B154
:100BE000187810F008000DD0D8695B69C01A48BFAA
:100BF0006FF000407047436DA3B193F8310010F0DF
:100C0000080000D17047186919685A695B68401A72
:100C100062EB0303B0F1004F73F10003F2D36FF006
:100C2000004070471846EDE7036D13B1184636F0E3
:100C300045BA406D08B134F0B3BB7047836C13B153
:100C4000184636F03BBAC06C08B134F0A9BB704707
:100C500000B5836C83B08DF8071043B101220DF10C
:100C60000701184636F02AFA03B05DF804FBC06CA1
:100C70000028F9D001220DF1070134F091FB03B0F7
:100C80005DF804FB00B5006983B08DF8071060B112
:100C90000368104ADB68934215D1036D43B101220A
:100CA0000DF10701184636F009FA03B05DF804FBB0
:100CB000406D0028F9D001220DF1070134F070FBDE
:100CC00003B05DF804FB01220DF10701984703B062
:100CD0005DF804FB290C000038B50446806D0C4B10
:100CE000236018B141F0FCF90023A365236D04F1E2
:100CF00018054BB1284637F041FE064BA360284645
:100D000037F03CFE204638BD636D002BF2D1F4E78E
:100D10006C0F0500F80E050038B50446806D0E4BCB
:100D2000236018B141F0DCF90023A365236D04F1C1
:100D300018056BB1284637F021FE084BA360284602
:100D400037F01CFE20465C213CF0FAFB204638BD03
:100D5000636D002BEED1F0E76C0F0500F80E050077
:100D6000F0B4846DA36A01261E60626823681A4489
:100D7000036B626000F1300C93B15A69002A08DB02
:100D80009A6A166059681F6825695A69394459601A
:100D9000521B1969114459615CF8043F002BECD1D6
:100DA000436A124A816900251560DB00556803F12A
:100DB000804303F56033294419610D211160DA681D
:100DC000C16E22F080025025DA60DD6019B96268D8
:100DD000E3689A4201D0F0BC7047C36D012280F8ED
:100DE0002820002BF7D0F0BC184700BF008003403C
:100DF00030B4029C11469C4634B1012C1CD0022C0C
:100E00000ED0002030BC7047056DF5B14FF0FF33B8
:100E1000934274EB0C04F4D3284630BC35F07CBF0D
:100E2000026D0AB3D36959184CF10003002BE8D1C5
:100E300030BC104635F070BF026D62B1536959186D
:100E40004CF10003002BDCD1F2E7406D0028D8D034
:100E500030BC33F011BC406D0028D2D0D0E9002363
:100E60008A184CEB0303F3E7406D0028C9D0D0E9A2
:100E700004238A1830BC4CEB030333F0FDBB00BFE6
:100E800038B5044649B108460D4643F079FE23685B
:100E900002465B682946204698472046BDE8384010
:100EA0003BF0EABC826D836F10B504465068D4F8FD
:100EB000AC101B1A002BB8BF5B428B4216DBD4F878
:100EC000B00083420BDBE16FCB1A5168106800FB66
:100ED0000313D360D168536899420FD010BD0B44FF
:100EE0000020E367C4F8B0000B46EEE7002158008D
:100EF000C4F8B010C4F8AC10E067E6E704F10C00E9
:100F00003BF090FB0023206AA3603AF081FD606A09
:100F1000BDE810403AF07CBD08B5374A374BD2EDFA
:100F2000017AD3ED006A9FED366A364BF8EEE66A39
:100F30005B6C86EE267A013BF8EEE77A2DED028BAC
:100F400027EE277A032B53D8DFE803F04C46400204
:100F50002D4B93ED018AB8EEC88A2C4BDFED280AA1
:100F600093ED000A27EE000A3FF0BEF93FF002FAC7
:100F7000274B284993ED007A274B0022F0EE487A60
:100F8000D0EE077A83F8902091ED007A72B6DFED0B
:100F9000236A93ED206AC7EEA65AB8EEC77AD3ED5E
:100FA0001F6AC5EE877A67EE867AF4EEE67AC3EDBD
:100FB0001E7AD3ED227AF1EE10FAD8BFF1EE677AFD
:100FC000C3ED237A62B6BDEC028B08BD144B93EDE2
:100FD000018AB8EEC88AC0E7124B93ED018AB8EED9
:100FE000C88ABAE7104B93ED018AB8EEC88AB4E715
:100FF0009FED0E8AB1E700BF7018FF1FB018FF1FEA
:10100000DB0FC9404813FF1F9417FF1FFC16FF1F7B
:101010003C17FF1F1C17FF1F0015FF1FCDCCCC3C3A
:101020005417FF1FD417FF1F1418FF1F00000000E4
:10103000036A8B4210B5044623D0C3698B4200D0AB
:1010400010BD8369002BFBD072B6204AC369A16929
:1010500000201060DB00506803F1804303F560332B
:10106000014419610D211160DA68502122F08002DB
:10107000DA60D96062B620690368BDE810405B6839
:1010800018470069124A03689B6893421BD1C36AE0
:101090002C3033B10121DA6A50F8043F1160002B83
:1010A000F9D194F82430002BCAD004F108003BF0A9
:1010B000B9FA0023E06963603AF0AAFC206ABDE84F
:1010C00010403AF0A5BC9847EBE700BF0080034012
:1010D000B904000070B50569234B03600446002D78
:1010E00032D06E68013E6E6076BB2B681F4ADB6AA9
:1010F00093422FD1A86D10B140F0F2FFAE652B6D79
:1011000023B305F1180037F039FC2569E5B12B68E8
:10111000174A5B68934224D1A86D164B2B6018B117
:1011200040F0DEFF0023AB652B6D05F11806A3B17F
:10113000304637F023FC104BAB60304637F01EFCD6
:101140005C2128463CF0FCF9204670BD6B6D002BFD
:10115000D7D1DAE728469847D7E76B6D002BE7D160
:10116000E9E728469847EFE7400F0500D104000063
:10117000190D00006C0F0500F80E050070B505692B
:10118000254B03600446002D32D06E68013E6E6030
:1011900076BB2B68214ADB6A934233D1A86D10B12C
:1011A00040F09EFFAE652B6D43B305F1180037F09C
:1011B000E5FB2569E5B12B68194A5B68934228D1A4
:1011C000A86D184B2B6018B140F08AFF0023AB6567
:1011D0002B6D05F11806C3B1304637F0CFFB124B2B
:1011E000AB60304637F0CAFB5C2128463CF0A8F9DA
:1011F000204614213CF0A4F9204670BD6B6D002BF5
:10120000D3D1D6E728469847D3E76B6D002BE3D1BF
:10121000E5E728469847EBE7400F0500D1040000BA
:10122000190D00006C0F0500F80E050070B5066979
:101230007568013D0446756075BB33681F4ADB6AFB
:1012400093422CD1B06D10B140F04AFFB565336DBB
:1012500063B306F1180037F091FB2569E5B12B68FF
:10126000174A5B68934225D1A86D164B2B6018B1C5
:1012700040F036FF0023AB652B6D05F118068BB1EE
:10128000304637F07BFB104BAB60304637F076FBD7
:101290005C2128463CF054F90023236170BD3046A0
:1012A0009847DAE76B6D002BEAD1ECE7736D002B02
:1012B000CFD1D2E728469847EEE700BFD10400001F
:1012C000190D00006C0F0500F80E0500F0B5012B9C
:1012D00095B0054638D0022B40F202200CBF0346E1
:1012E00000230431684637F061FC129B002B34D098
:1012F0005C203CF021F91F4B0026C0E90036019B21
:10130000C3601D4B8360029B036104AF9DF80C30EA
:10131000037504463946183037F002FB174BA360BB
:101320004FF47A73AB606368154AA66501336E604B
:101330002A602E732C616360124B0093384637F09D
:101340001DFB284615B0F0BD44F202230431684667
:1013500037F02CFC129B002BCAD1139B002BC7D15A
:10136000074A6B604FF47A71A9602B732A602B6176
:1013700004AFE1E76C0F0500D40E05001C0F05005B
:10138000400F0500F80E050070B54368044621B310
:101390009A6812F0020216D0204A18689042204A39
:1013A0002ED9B2FBF1F15A68A0EB020C61451AD3B9
:1013B0000A44121A002401209C60D86003201A609D
:1013C0009860196070BD012403209A60DC60144AA3
:1013D000B2FBF1F21A60986070BDABB19A6822F06E
:1013E00002029A6070BD20690268002501249D6098
:1013F0001268DC60032419609C60BDE870401047EF
:10140000B2FBF1F21A6070BD064A1268002AE5D0FC
:101410000221012090476368E0E700BF7FA9030035
:1014200000879303AC1EFF1FD0ED1F7A90ED1E7A4C
:10143000836DF4EE477AF1EE10FA70B55A680446FF
:101440004DD0D0ED236AF5EEC06A77EEA67AF1EEC4
:1014500010FAB4EEE77A3CDDF1EE10FAD8BFF0EE08
:10146000477ABDEEE77AC4ED1F7A17EE105A94F86A
:1014700090200AB1002D37D09A68AA4228D01A6865
:10148000002DACBF01234FF0FF339A4217D0E36A1F
:1014900073B104F12C0101261A6850420132186020
:1014A0000CBF1B6B5B6B1E6051F8043F002BF3D12C
:1014B000636FC3EB03139B0001D0013BFDD185EAB1
:1014C000E571A1EBE571201DFFF75EFFA36D9D6047
:1014D00070BDF1EE10FA58BFF0EE477AC1E7FDEEAD
:1014E000C77A17EE905AC2E704F10C003BF09AF865
:1014F000206AA5603AF08CFA606A3AF089FAA26D27
:10150000E36D956084F89050002BE1D0BDE8704009
:10151000184700BF8368EBB1826D836F5168D0F8C4
:10152000AC2010B55B1A002BB8BF5B4293422DED87
:10153000028B00F104040EDBD0F8B020934236DBBE
:10154000C26F934228DB00212046FFF71DFFBDEC50
:10155000028B10BD7047D0ED2A8AD0E92401F8EE45
:10156000688A07EE903AB8EEE78A40F0B9FB00EEE1
:10157000100AA8EE880AB5EE400AF1EE10FA1ED461
:10158000F1EEC07A2046FDEEE77A17EE901AFFF7EB
:10159000FBFEBDEC028B10BDD0ED2A8AD21A013AB7
:1015A000D0E92601F8EE688A07EE902ADBE7D0F84A
:1015B00088102046FFF7E8FEBDEC028B10BD3EF020
:1015C000B7FEF0EE407ADDE72DE9F041C46A96B04F
:1015D0000546002C66D02368984A1B6B93425CD169
:1015E000236D002B00F0F2802368954FDB6ABB422D
:1015F00040F00C81A06D18B140F072FD0023A3658E
:10160000236D002B00F0FA8004F1180037F0B6F9D2
:10161000EE6A7468013C7460002C40F0E880336826
:10162000DB6ABB4240F00681B06D10B140F058FD5E
:10163000B465336D002B00F0F88006F1180037F028
:101640009DF9EC6A002C00F0D28023687D4A5B682B
:10165000934240F0CA80A06D7B4B236018B140F0EC
:101660003FFD0023A365236D04F11806002B00F055
:10167000D080304637F082F9744FA760304637F09B
:101680007DF95C2120463BF05BFFAA7E0023012A06
:10169000EB620BD144F202230DE02046984700286C
:1016A00040F0A780AA7E694F012AF3D0022A40F2B7
:1016B000022318BF002366492A4602A837F076FAAB
:1016C000149B002B73D05C203BF036FF5E4B002652
:1016D000C0E90036039BC3605E4B8360049B0361DB
:1016E00004469DF81430037506A9183037F018F930
:1016F0006368A66501336360574BA36006A8029731
:1017000037F03CF9EE6A002E4FD07368013B7360EE
:101710000193002B30D132684949D26A8A4272D192
:10172000B06D18B140F0DCFC019BB365336D002B4C
:1017300057D006F1180037F021F9EE6AE6B13368A8
:10174000404A5B6893426DD1B06D3F4B336018B136
:1017500040F0C6FC0023B365336D06F11808002B7A
:101760005CD0404637F00AF9B760404637F006F9DA
:101770005C2130463BF0E4FEEC6284B123682F4AE2
:101780001B6B934207D1236DE3B100230120EB765D
:1017900016B0BDE8F081204698470028F5D1012316
:1017A0000020EB7616B0BDE8F081EC62E6E7159C10
:1017B000002C88D106A8029737F0E0F8EE6A002ED8
:1017C000A3D1ECE7636D002BDFD1E8E7636D002B5D
:1017D0003FF468AF23681A4FDB6ABB423FF40AAF9D
:1017E00014E0736D002BA4D1A7E720469847174F4C
:1017F0004BE7EC6A002C3FF455AFF5E6636D002B28
:101800007FF402AF04E73046904796E720469847BA
:10181000FEE6636D002B7FF42CAF2DE7736D002B7C
:101820009FD1A1E730469847A6E7736D002B7FF460
:1018300004AF06E73046984703E700BF61040000A5
:10184000D1040000190D00006C0F0500F80E050012
:10185000C418FF1FD40E05001C0F050010B5334C33
:1018600033480C213EF0F6FA102120463AF0FCFFF6
:1018700020463BF001F80E212E483EF0EBFA5421B1
:1018800020463AF0F1FF20463AF0F6FF0F212A48B1
:101890003EF0E0FA502120463AF0E6FF20463AF0CA
:1018A000EBFF102125483EF0D5FA4FF48471204615
:1018B0003AF0DAFF20463AF0DFFF0F2120483EF0F1
:1018C000C9FA702120463AF0CFFF20463AF0D4FF03
:1018D0000F211C483EF0BEFA602120463AF0C4FFBA
:1018E00020463AF0C9FF142117483EF0B3FA8C2184
:1018F00020463AF0B9FF20463AF0BEFF13211348C4
:101900003EF0A8FA6C2120463AF0AEFF20463AF0AD
:10191000B3FF10210E483EF09DFA204634213AF0E4
:10192000A3FF2046BDE810403AF0A6BF6008FF1FA5
:10193000F8AC040008AD040018AD040028AD0400A4
:101940003CAD04004CAD04005CAD040074AD04007B
:1019500088AD040007EE901AB8EEE77A07EE900A19
:10196000F8EEE77A10B587EE270A2DED028BDFED52
:10197000276A84B020EE260A3EF038FD244BF7EEAD
:10198000007A1B68B4EEE70AF1EE10FAA3F1030344
:10199000B0EE408A01AC48BFB1EE408A082B10D8A7
:1019A000DFE803F026280F2A2C2E303205001949D3
:1019B00020463BF061F92046FEF7E6FD20463BF06D
:1019C000B3F9B0EE480AFEF797FD134B20461968AD
:1019D0003BF052F92046FEF7D7FD20463BF0A4F934
:1019E000FDEEC87A17EE900A04B0BDEC028B10BD74
:1019F0000A49DDE70A49DBE70A49D9E70A49D7E797
:101A00000A49D5E70A49D3E70A49D1E70000C842A5
:101A10008807FF1F9CAD04008007FF1FB8AD0400BE
:101A2000D4AD0400ECAD040004AE04001CAE040010
:101A300034AE040050AE040010B5092121483EF038
:101A400009FA21483AF018FF2048FE2132F006FA40
:101A5000B0B11F4C1F480123092123603EF0FAF961
:101A600019483AF009FF0C211B483EF0F3F92168B0
:101A700015483AF0F9FEBDE8104013483AF0FCBEB4
:101A800012480A2132F0EAF948B1114C13480A21F0
:101A900021603EF0DFF90C483AF0EEFEE3E70B4838
:101AA000092132F0DBF910B9094C2060DBE7084C62
:101AB0000B48092121603EF0CDF903483AF0DCFEE5
:101AC000D1E700BF68AE04006008FF1FC018FF1F09
:101AD0001417FF1F74AE040098AE040080AE04001B
:101AE0008CAE04002DE9F041064686B00F469046C4
:101AF0003AB1B34BD3F8E040012C00F047814FF0EE
:101B00000008B04C23680193019D23680093009B5B
:101B10005B1B092BF9D9042E00F22482DFE816F0B2
:101B20005E000701A800D8000500A74DA748D5F81A
:101B3000906014213EF08EF9A54806F001013AF0BC
:101B400093FEA3483AF098FE002F00F09E819C4E31
:101B500096F8A0100F2081F001013BF0B7FD96F838
:101B6000A030002B00F0C9810123C5F888309949C5
:101B700003A83BF081F803A8FEF706FD03A83BF09D
:101B8000D3F8954903A83BF077F803A8FEF7FCFCCF
:101B900003A83BF0C9F8914816213EF05BF98C4848
:101BA0003AF06AFE884B8E48D3F8905011213EF0EF
:101BB00051F90F2186483AF057FE85483AF05CFE0D
:101BC00005F00105112187483EF044F92946804877
:101BD0003AF04AFE7E483AF04FFE38E0002F00F01F
:101BE0003881774B93F89C10042081F001013BF081
:101BF0006DFD7D4903A83BF03FF803A8FEF7C4FC48
:101C000003A83BF091F8744903A83BF035F803A80A
:101C1000FEF7BAFC03A83BF087F86B4B71481D69CF
:101C20001121C5F340353EF015F9294668483AF0D0
:101C30001BFE67483AF020FE16216C483EF00AF978
:101C4000634804213AF010FE61483AF015FE112174
:101C500064483EF0FFF85E4829463AF005FE5C48CD
:101C60003AF00AFE002F40F09D8006B0BDE8F081FA
:101C7000002F00F0DD80524B93F89E10162081F06B
:101C800001013BF023FD5A4903A83AF0F5FF03A8F0
:101C9000FEF77AFC03A83BF047F84F4903A83AF057
:101CA000EBFF03A8FEF770FC03A83BF03DF8464BA2
:101CB0005048D3F8905010213EF0CCF816214448FB
:101CC0003AF0D2FD4248C5F340053AF0D5FDBEE7F3
:101CD000002F00F003813A4B93F89F10112081F000
:101CE00001013BF0F3FC444903A83AF0C5FF03A807
:101CF000FEF74AFC03A83BF017F8374903A83AF06F
:101D0000BBFF03A8FEF740FC03A83BF00DF82E4BE9
:101D10003A481D6D11213EF09DF811212C483AF0F2
:101D2000A3FD2B48C5F340053AF0A6FD8FE7002F31
:101D30006ED0234B93F89D100E2081F001013BF0F3
:101D4000C5FC2F4903A83AF097FF03A8FEF71CFC37
:101D500003A83AF0E9FF204903A83AF08DFF03A851
:101D6000FEF712FC03A83AF0DFFF174B2548D3F823
:101D7000D05010213EF06EF80E2115483AF074FD57
:101D80001348C5F340053AF077FD60E710211E487F
:101D90003EF060F821460E483AF066FD0C483AF0F5
:101DA0006BFDAEE62268194B03921968039A23680B
:101DB0000293029B9B1A9942F9D806B0BDE8F081C4
:101DC000A813FF1F5C1FFF1F00F00F4028B0040086
:101DD0006008FF1F40B00400DCAE040060B00400E7
:101DE000C8B0040000AF0400BCAE040014AF04008F
:101DF00080AF0400C0AF0400D4AF040014B00400EE
:101E00002CAF04006CAF0400A8AE04006C07FF1FE9
:101E1000B8F1000FA9D1544BD3F8E82093F89D10E6
:101E2000002A40F09B800E203BF050FC4F4989E790
:101E3000B8F1000F7FF43BAF4B4BD3F8EC2093F895
:101E40009E10002A40F0868016203BF03FFC484957
:101E50001AE7B8F1000F7FF4E0AE434BD3F8E4206B
:101E600093F89C10002A6DD104203BF02FFC4149CF
:101E700003A83AF001FF03A8FEF786FB03A83AF097
:101E800053FF3D4B03A81968BFE6B8F1000F7FF47C
:101E900089AE354BD3F8F42093F8A0108ABB0F20FD
:101EA0003BF014FC354903A83AF0E6FE03A8FEF720
:101EB0006BFB03A83AF038FF314903A83AF0DCFE87
:101EC00003A8FEF761FB03A83AF02EFF16212D4868
:101ED0003DF0C0FF2C483AF0CFFC63E6B8F1000FAC
:101EE0007FF415AF204BD3F8F02093F89F106ABB16
:101EF00011203BF0EBFB2549F6E60123C5F88430C1
:101F000035E681F001010F203BF0E0FB204903A8FA
:101F10003AF0B2FE03A8FEF737FB03A83AF004FF3D
:101F2000174903A83AF0A8FE03A8FEF72DFB03A863
:101F30003AF0FAFE162117483DF08CFF12483AF0AD
:101F40009BFC2FE681F00101042050E681F00101A5
:101F50001120C6E681F00101162092E681F0010110
:101F60000E20ECE6002572E6A813FF1F4CAF04001C
:101F7000A0AF0400E0AE04008007FF1F78B00400AB
:101F8000DCAE040098B004006008FF1FF4AF04004A
:101F900040B00400B0B004002DE9F0472DED028BF5
:101FA00084B00027644EDFF8B4A1DFF8B491019744
:101FB00004460297ADF80C708DF80E7001A842F03F
:101FC000DFFD014601A83DF045FF30463AF054FCE4
:101FD000236820465B6998470021804650463DF0C3
:101FE00039FF30463AF048FC242148463DF032FFA4
:101FF000394630463AF038FC5FFA88F504214F48FC
:102000003DF028FF28463DF0ABFF02214C483DF053
:1020100021FF294630463AF027FC30463AF02CFCA6
:102020007F2D79D018F0800F4CD16B1E0B2B04D86C
:1020300041F21203EB40DB077BD407F110036B4442
:1020400001A803F80C5C42F09BFD014601A83DF09D
:1020500001FF013730463AF00FFC0B2FAED101A83B
:1020600040F032F851EC100B3FF01AFD3FF0C8F988
:1020700002460B463348042143EC182B3DF0EAFEA0
:1020800001A842F07DFD014601A83DF0E3FE2A488B
:102090003AF0F2FB08212C483DF0DCFEB0EE480A95
:1020A000F0EE680A042124483AF00AFC22483AF08B
:1020B000E3FBB0EE480AF0EE680A04B0BDEC028B18
:1020C000BDE8F087FF2DB8D114212048204F1A4ECB
:1020D0003DF0C0FE01A842F053FD014601A83DF0CD
:1020E000B9FE15483AF0C8FB0DE023685B699847D4
:1020F0001C21054638463DF0ADFEE8B23DF030FF0C
:1021000030463AF0B9FB236820461B6998470346DE
:10211000002B2046E9DCA2E70E481B213DF09AFE89
:10212000394630463AF0A0FB30463AF0A5FB00278E
:1021300044E709481921F1E76008FF1F04B10400D2
:102140009CB104007CB1040084B1040028B10400F7
:1021500040B1040060B104000CB10400001305009C
:10216000DCB00400FFFFFFFF012805D0032809D0E1
:1021700028B19FED070B70470748FFF70DBF0748D1
:10218000FFF70ABF0648FFF707BF00BFAFF30080A5
:10219000000000000000F0BFE007FF1F6008FF1F05
:1021A0000808FF1F70B5254C2368012B37D0032B7F
:1021B0003FD0002B38D000252E460E2120483DF080
:1021C00049FE30463DF0CCFE1E483AF055FB3BF050
:1021D000DDFE00280CDD2368012B1DD0032B18D059
:1021E000002BF4D13DF0C8FD3BF0D0FE0028F2DC1E
:1021F0003CF042FF0028EEDC042113483DF02AFEAB
:10220000294610483AF030FB0E483AF035FB284694
:1022100070BD3CF045FFDAE73BF0CCFED7E73BF082
:10222000C9FEC6B23546C8E73DF0A6FDC6B2354682
:10223000C3E73CF035FFC6B23546BEE79807FF1F3F
:1022400090B104006008FF1FA0B1040038B5434DF1
:10225000DFED437AAA6BEB6B95ED107A4148424C67
:1022600002FB03F32DED048B08EE103AB8EE488A1A
:1022700095ED129A28EE078A0D2129EE279AF0EEA5
:10228000408A3DF0E7FD18EE100A3FF0B9F841EC46
:10229000100B022120463AF013FB20463AF0ECFAEC
:1022A000112132483DF0D6FD286C3FF0A9F841ECF1
:1022B000100B022120463AF003FB20463AF0DCFAEC
:1022C0000F212B483DF0C6FDC8EE899A19EE100A81
:1022D0003FF096F841EC100B022120463AF0F0FA5C
:1022E00020463AF0C9FA102122483DF0B3FD18EE1D
:1022F000900A3FF085F841EC100B022120463AF09D
:10230000DFFA20463AF0B8FA07211B483DF0A2FD5B
:1023100019EE900A3FF074F841EC100B02212046B0
:102320003AF0CEFA20463AF0A7FA28EE298A082198
:1023300012483DF08FFD18EE100A3FF061F841ECB5
:10234000100B022120463AF0BBFA20463AF094FAEC
:10235000B0EE480ABDEC048B38BD00BFA813FF1FC8
:10236000DB0FC940A8B104006008FF1FB8B104002A
:10237000CCB10400DCB10400F0B1040084B104006D
:1023800038B5434DDFED437AAA6DEB6D95ED187AC4
:102390004148424C02FB03F32DED048B08EE103A4A
:1023A000B8EE488A95ED1A9A28EE078A0D2129EE93
:1023B000279AF0EE408A3DF04DFD18EE100A3FF0EE
:1023C0001FF841EC100B022120463AF079FA204622
:1023D0003AF052FA132132483DF03CFD286E3FF0AE
:1023E0000FF841EC100B022120463AF069FA204622
:1023F0003AF042FA0F212B483DF02CFDC8EE899AA5
:1024000019EE100A3EF0FCFF41EC100B02212046B1
:102410003AF056FA20463AF02FFA102122483DF0C1
:1024200019FD18EE900A3EF0EBFF41EC100B022173
:1024300020463AF045FA20463AF01EFA07211B489A
:102440003DF008FD19EE900A3EF0DAFF41EC100B6A
:10245000022120463AF034FA20463AF00DFA28EEEE
:10246000298A082112483DF0F5FC18EE100A3EF0CA
:10247000C7FF41EC100B022120463AF021FA20461A
:102480003AF0FAF9B0EE480ABDEC048B38BD00BF53
:10249000A813FF1FDB0FC940A8B104006008FF1F8D
:1024A000F8B10400CCB10400DCB10400F0B10400C8
:1024B00084B104001D4A1E4892ED117AD36B926BD1
:1024C000C0EE077A10B502FB03F30A21194C2DED7B
:1024D000028B08EE103AB8EE488AF0EE408A28EEF9
:1024E000278A3DF0B7FC18EE900A3EF089FF41ECD8
:1024F000100B022120463AF0E3F920463AF0BCF9ED
:102500001A210D483DF0A6FC18EE100A3EF078FFA7
:1025100041EC100B022120463AF0D2F920463AF065
:10252000ABF9B0EE480ABDEC028B10BDA813FF1F3B
:102530000CB204006008FF1F18B204001D4A1E48B8
:1025400092ED197AD36D926DC0EE077A10B502FB49
:1025500003F30A21194C2DED028B08EE103AB8EE68
:10256000488AF0EE408A28EE278A3DF073FC18EE88
:10257000900A3EF045FF41EC100B022120463AF054
:102580009FF920463AF078F91A210D483DF062FC97
:1025900018EE100A3EF034FF41EC100B02212046E9
:1025A0003AF08EF920463AF067F9B0EE480ABDECF1
:1025B000028B10BDA813FF1F0CB204006008FF1FA0
:1025C00034B204000138032809D8DFE800F01323EF
:1025D0000B02254B5B6D002B44D0012B3ED09FEDB1
:1025E000230A7047204B5B6B002B39D0012BF6D1AF
:1025F000FFF760BF1C4A92ED057A1369D268C0EEFE
:10260000077A02FB03F300EE103AB8EE400A20EE20
:10261000270A7047144AD2F8CC3073B992ED0A7A7F
:10262000536A126AC0EE077A02FB03F300EE103A17
:10263000B8EE400A20EE270A704792ED367AD2F8BB
:10264000D430D2F8D020C0EE077A02FB03F300EEBC
:10265000103AB8EE400A20EE270A7047FFF76EBF27
:10266000FFF7F4BDFFF78CBEA813FF1F00000000AA
:1026700038B5204C204D2DED068B94ED009AD5ED0C
:10268000009AB5EEC09AF1EE10FAF5EEC09A48BF86
:10269000B1EE499AF1EE10FA48BFF1EE699A29EECF
:1026A000A90A08EE100AA9EE090A08EE901AB5EE7A
:1026B000400AF1EE10FA18D4B1EEC0AA8AEE290A47
:1026C000F8EEE88AB8EEC88A28EE800A3DF0D6FE19
:1026D000CAEE097A85ED000A28EE270A3DF0CEFE03
:1026E000BDEC068B84ED000A38BD3DF021FEB0EE56
:1026F00040AAE3E7EC16FF1FE816FF1F38B5384B7A
:102700001B68013B0A2B5DD8DFE803F05D294F5CB5
:102710005C060606063C2900324B334D1868334CE4
:10272000FFF722FD51EC100B3FF072F9304A3149AE
:10273000D062034609686B611046502263643AF028
:10274000DFFC2D4B2846196870223AF0D9FC2B4B40
:10275000204619686C22BDE838403AF0D1BC214BC4
:10276000274C1868FFF700FD51EC100B3FF050F9B3
:10277000244903468C22096863612046BDE838403D
:102780003AF0BEBC174B204C1868FFF7EDFC51EC3B
:10279000100B3FF03DF91D490346A362204609682E
:1027A000BDE8384060223AF0ABBC0E4B184C1868BC
:1027B000FFF7DAFC51EC100B3FF02AF915490346FC
:1027C0003422D8E738BD074B134C1868FFF7CCFC10
:1027D00051EC100B3FF01CF910490346CAE700BF4B
:1027E0008807FF1F9807FF1FD812FF1F7C10FF1FCD
:1027F000B014FF1F6807FF1F6007FF1F3807FF1F88
:102800004C12FF1F5C07FF1F4813FF1F6407FF1FC9
:102810003811FF1F5007FF1F6C11FF1F5407FF1FC8
:1028200038B51521A448A54C3DF014FBA4483AF056
:1028300023F80E21A3483DF00DFB2168A0483AF093
:1028400013F89F483AF018F82368013B0A2B07D881
:10285000DFE803F07A133D55060707070727130043
:1028600038BD994C2368013B032B00F28D80DFE8D3
:1028700013F0E800DA007E00CC00944B1868FFF7F4
:1028800073FC51EC100B3FF0C3F8914A936D042B8D
:1028900000F28F80DFE813F0E900E700E500E300D5
:1028A0008C008C4C636C012B00F05E81022B00F0DD
:1028B0006581032B00F06C81042B00F07381864B43
:1028C000844819686022BDE838403AF019BC834C4E
:1028D0002368032B00F03E81042B08D17B4B186842
:1028E000FFF742FC51EC100B3FF092F8E0617C4B9B
:1028F0007A4819683422BDE838403AF001BC794C76
:102900002368013B0D2BABD801A252F823F000BF86
:10291000312B00000D2B0000932A00006F2A0000CD
:102920006128000061280000612800006128000083
:102930006128000061280000312B00000D2B0000F1
:10294000932A00006F2A0000604B674D1868FFF75C
:102950000BFC51EC100B3FF05BF8AB6D013B0446F8
:10296000032B3FF67DAFDFE803F0473E352C574B96
:102970001868FFF7F9FB51EC100B3FF049F85B4A80
:102980005B4BA063106218655A4B4F481968502280
:102990003AF0B6FB584B5548196870223AF0B0FB34
:1029A000564B534819686C22BDE838403AF0A8BB32
:1029B0005062534B464819688C22BDE838403AF0C3
:1029C0009FBB504B6C6219684748BDE838408C2269
:1029D0003AF096BB4B4B2C6219684348BDE838402F
:1029E0008C223AF08DBB474BEC6119683E48BDE83C
:1029F00038408C223AF084BB424BAC6119683A48AB
:102A0000BDE838408C223AF07BBB304B1868FFF7AA
:102A1000ABFB51EC100B3EF0FBFF344A344BE06350
:102A200050625865B0E7294B1868FFF79DFB51ECE1
:102A3000100B3EF0EDFF2D4A2D4B6063D061D86442
:102A4000A2E7224B1868FFF78FFB51EC100B3EF00A
:102A5000DFFF264A264B20639061986494E710625A
:102A6000A7E7D061A5E79061A3E75061A1E7174B05
:102A70001868FFF779FB51EC100B3EF0C9FF224AB2
:102A80000346116823631748BDE8384054223AF0E2
:102A900037BB0E4B1868FFF767FB51EC100B3EF08D
:102AA000B7FF194A0346116863620E48BDE8384013
:102AB00054223AF025BB00BF50B204008807FF1F24
:102AC0006008FF1F68B20400B014FF1F9807FF1FC3
:102AD0004C12FF1F4813FF1F6407FF1F3811FF1F11
:102AE0005007FF1FF811FF1F6C11FF1FD812FF1FA7
:102AF0007C10FF1F6807FF1F6007FF1F3807FF1FBD
:102B00005C07FF1F5407FF1F5807FF1F2A4B186859
:102B1000FFF72AFB51EC100B3EF07AFF274A0346E1
:102B20001168A3612648BDE8384054223AF0E8BA5B
:102B3000214B1868FFF718FB51EC100B3EF068FFB3
:102B40001E4A03461168E3601D48BDE83840542220
:102B50003AF0D6BA184B1868FFF706FB51EC100B89
:102B60003EF056FFA061C2E6134B1868FFF7FCFA6F
:102B700051EC100B3EF04CFFE062A0E60E4B1868E3
:102B8000FFF7F2FA51EC100B3EF042FF206396E69D
:102B9000094B1868FFF7E8FA51EC100B3EF038FFCC
:102BA00060638CE6044B1868FFF7DEFA51EC100BFB
:102BB0003EF02EFFA06382E69807FF1F5807FF1F15
:102BC000F811FF1F564A10B51368516801FB03F353
:102BD00007EE903A2DED028BF8EE677AB0EE408A60
:102BE00092ED020A27EE800A04463DF047FC601E83
:102BF000FDEEC07A042800F29080DFE800F01B3977
:102C00002A480300474B1A6883ED038A012A4DD0F6
:102C1000F8EEE77A87EE887ABCEEC77A424A4148F6
:102C2000116883ED027ABDEC028B1022BDE81040E2
:102C30003AF066BA3D4B1A6883ED038A012A40D008
:102C4000F8EEE77A87EE887ABCEEC77A384A3748DA
:102C5000E6E7384B1A6883ED038A012A47D0F8EE7D
:102C6000E77A87EE887ABCEEC77A334A3148D7E7ED
:102C7000324B1A6883ED038A012A2DD0F8EEE77AE9
:102C800087EE887ABCEEC77A2D4A2C48C8E72D4BD0
:102C90001A6883ED038A012A34D0F8EEE77A87EECA
:102CA000887ABCEEC77A284A2648B9E7DFED276A5A
:102CB00088EE267AF8EEE77A67EE877ABCEEE77A56
:102CC000ACE7DFED226A88EE267AF8EEE77A67EE67
:102CD000877ABCEEE77AB9E7DFED1C6A88EE267AE0
:102CE000F8EEE77A67EE877ABCEEE77ACCE7DFEDBD
:102CF000176A88EE267AF8EEE77A67EE877ABCEEF6
:102D0000E77AB2E7DFED116A88EE267AF8EEE77A25
:102D100067EE877ABCEEE77AC5E7BDEC028B10BDA3
:102D2000A813FF1F2811FF1F4C07FF1FE810FF1FEC
:102D30003C07FF1F0811FF1F4407FF1FF810FF1F6C
:102D40004007FF1F1811FF1F4807FF1F0000B44373
:102D500070B5192186B04248424D3DF07BF842489B
:102D600039F08AFD414B424AD5F80001414900241F
:102D70001C60414B14601C60404A414B14605C6015
:102D8000404A414B54605C60404A414B54605C6037
:102D9000404B414A1C60414B14601C60404A414B0F
:102DA00014601C60404A414B14601C60404A414B17
:102DB00014601C70404A0C60A0F10A031D2B1470B3
:102DC00036D90A213D483DF045F8D5F8001126488E
:102DD00000230A2239F068FD234839F04DFD384AB6
:102DE00013680293029913680193019B5B1A092BE4
:102DF000F9D9344903A839F03FFF03A8FDF7C4FB14
:102E000003A839F091FF304B03A8196839F034FF5B
:102E100003A8FDF7B9FB03A839F086FF2A212B4848
:102E20003DF018F8104806B0BDE8704039F024BDF8
:102E30002146C0B23AF04AFC95F800013AF07CFC19
:102E40000A21064622483DF005F823460A2231466B
:102E5000054839F029FD044839F00EFDB1E700BFFF
:102E600078B20400A813FF1F6008FF1F9016FF1F11
:102E70008C16FF1F8816FF1F8016FF1F8416FF1F6A
:102E80001418FF1FD417FF1F5417FF1F9417FF1F9D
:102E90007018FF1F5818FF1F5418FF1F6018FF1FDE
:102EA0005C18FF1F9C07FF1F6418FF1F5017FF1FB0
:102EB0003407FF1F6816FF1F0417FF1FA0B204008E
:102EC0005C1FFF1FACB204008007FF1FC8B20400E4
:102ED00094B2040008B53BF059F800280ADD234BF2
:102EE0001B68012B0CD0032B38D063B1204B002082
:102EF000187008BD3CF0C0F81C4B1B68012BF2D1C8
:102F00003BF058F801E03CF037FFC0B2184B5328B3
:102F1000187026D1002101220846FEF7E3FD154B6B
:102F20001B68013B032B1ED8DFE803F002070C11DE
:102F3000012200210220FEF7D5FD012200210220FE
:102F4000FEF7D0FD012200210320FEF7CBFD012278
:102F500000210420FEF7C6FD012008BD3CF0A0F8CA
:102F6000D3E7002008BD012008BD00BF9807FF1F60
:102F7000F016FF1F7C10FF1FF8B51D212DED028BF1
:102F8000734C054673483CF065FF734839F074FC98
:102F9000D4F80001A0F10A031D2B40F2B980626849
:102FA00023686E4ED4ED027A96ED037A6C4F02FBE5
:102FB00003F308EE103AB8EE488A6A4A28EE278AE8
:102FC0000023136088EE070A674A1360674A13609C
:102FD000674A1360674A1360674A1360674A07EEDF
:102FE000905A1360664AF8EEE77A1360654A80EEFD
:102FF000270A13603DF042FA15216348BDEEC00A6E
:1030000087ED000A3CF026FF18EE100A3EF0F8F9B2
:1030100041EC100B0221504839F052FC4E4839F077
:103020002BFC2B2159483CF015FFF0683EF0E8F9E5
:1030300041EC100B0221484839F042FC464839F077
:103040001BFC0E2152483CF005FF2946424839F04E
:103050000BFC414839F010FC16214E483CF0FAFEBA
:1030600039683D4839F000FC3B4839F005FC3368CD
:10307000013B032B1CD8DFE803F0023B2D1E96ED2D
:10308000067AD4ED057A87EE270AD4ED047AB8EEF5
:10309000677AD4ED037AF8EE677A20EE070A20EE1D
:1030A000270A3DF0EBF93C4BBDEEC00A83ED000A68
:1030B000BDEC028BF8BD636D96ED060A002B3FD088
:1030C000012BF5D1FFF73AFA334BBDEEC00A83ED81
:1030D000000AEDE7636B96ED060A4BB3012BE7D1CF
:1030E000FFF7E8F92C4BBDEEC00A83ED000ADFE7DD
:1030F000D4F8CC3096ED067A7BB9D4ED0A7A87EE17
:10310000270AD4ED097AB8EE677AD4ED087AC2E7D7
:103110000021C0B23AF0DAFA41E7D4ED367A87EE10
:10312000270AD4ED357AB8EE677AD4ED347AB2E76F
:10313000FFF78CF8184BBDEEC00A83ED000AB7E725
:10314000FFF71EF9144BBDEEC00A83ED000AAFE78E
:10315000A813FF1FF4B204006008FF1F7C10FF1FBC
:103160004017FF1F8816FF1F7C16FF1F8016FF1FCA
:103170003416FF1F2816FF1F2C16FF1F3016FF1FC7
:103180003C16FF1F3816FF1F14B304002CB30400B5
:1031900058B3040068B304000410FF1F70B5102179
:1031A000A848A94C84B03CF055FEA84B197819B931
:1031B0002378002B00F0F980A548A64D39F054FB88
:1031C0000221A5483CF046FE2178A14839F04CFB8D
:1031D0009F4839F051FB01ACA049A14E204639F07F
:1031E0004BFD2046FDF7D0F9204639F09DFD2968BA
:1031F000204639F041FD2046FDF7C6F9204639F05A
:1032000093FD9849204639F037FD2046FDF7BCF97B
:10321000204639F089FD2968934D204639F02CFD70
:103220002046FDF7B1F9204639F07EFDD5E90023AF
:103230008E4C95ED027A8E4902FB03F307EE903A2D
:1032400023688C4AF8EE677A06EE903A67EE877A42
:10325000F8EEE66A126886EEA77A013ADFED867A22
:1032600067EE277AC1ED007A032A23D8DFE802F05F
:10327000815F3E026A6D3368012A00F2DF8007EE4B
:10328000903AEA6DAB6D95ED197AF8EEE77A03FBAB
:1032900002F267EE877A07EE102AB8EE477AC7EE99
:1032A000876A764B012200210420C3ED006AFEF7F5
:1032B00019FC2368724832680021016071485B4242
:1032C0000360714B714852421A60714B1B685B423C
:1032D000036001220846FEF705FCD5F80001A0F1C5
:1032E0000A031D2B40F29B8004B070BD6A6B3368EB
:1032F000012A00F2A08007EE903AEA6BAB6B95EDE5
:10330000117AF8EEE77A03FB02F267EE877A07EEAE
:10331000102AB8EE477AC7EE876A584B012200217F
:103320000320C3ED006AFEF7DDFB2368C2E7D6ED9C
:10333000007AD5F8CC30F8EEE77A002B76D0D5F8C5
:10334000D430D5F8D02095ED367A02FB03F367EE42
:10335000877A07EE103AB8EE477A484BC7EE876A8D
:10336000012200210220C3ED006AFEF7BBFB2368A7
:10337000A0E796ED007AEA682B69D5ED057AB8EEFC
:10338000C77A02FB03F327EE277A07EE903AF8EEAE
:10339000677A3A4BC7EE276A012200211046C3ED37
:1033A000006AFEF79FFB236884E719462848294DE9
:1033B00039F05AFA022128483CF04CFD2178244883
:1033C00001AC39F051FA224839F056FA3149204619
:1033D00039F052FC2046FDF7D7F8204639F0A4FC1E
:1033E0002968204639F048FC2046FDF7CDF82046F4
:1033F00039F09AFC2849204639F03EFC2046FDF77A
:10340000C3F8204639F090FC2968204639F034FC96
:103410002046FDF7B9F8204639F086FCDCE60121AC
:10342000C0B204B0BDE870403AF050B96B6A2A6A85
:1034300095ED0A7A89E7DFED196A6EE7DFED176A25
:103440002FE700BF80B304006816FF1F0417FF1F9B
:103450006008FF1F8007FF1F9CB10400BCB304007D
:103460007C16FF1FD0B30400A813FF1F8816FF1F90
:103470005816FF1F7C10FF1F0000B4436416FF1F87
:103480005017FF1F5418FF1F5818FF1F5C18FF1F0D
:103490008016FF1F94B30400A8B3040000000000CE
:1034A000064B1B68012B03D0032B05D013B17047CB
:1034B0003AF0B6BC3CF054BD3BF09CBD9807FF1FF2
:1034C00030B50E4C0E4D83B001460190204639F0C8
:1034D000A5F9204639F0D0F90A4C0199284639F06F
:1034E0009DF9284639F0C8F90199204639F096F936
:1034F000204603B0BDE8304039F0BEB96008FF1F78
:10350000E007FF1F0808FF1F012804D0032806D08A
:1035100018B1002070473AF04DBD3CF02DBC3BF097
:10352000BFBD00BF2DE9F84F1C215748574F3CF055
:1035300091FC574839F0A0F90E2156483CF08AFC1E
:103540003968534839F090F9514839F095F93B689A
:10355000092B00F097801A2B00F09280032B00F0CB
:103560008880DFF85491DFF83481494EDFF834A1C8
:10357000002516E0002B44D0072140463CF06AFCB1
:1035800000203CF0EDFC304639F076F900243B6831
:10359000092B3AD01A2B59D0032B54D001350D2DBD
:1035A0001FD0D9F80030012B27D0032BE2D13BF0FC
:1035B00077FDC4B2072140463CF04CFC20463CF06D
:1035C000CFFC304639F058F9FF2CE0D103213248C6
:1035D0003CF040FC2E48294639F046F92C4839F099
:1035E0004BF907212D483CF035FC20463CF0B8FC57
:1035F000BDE8F84F264839F03FB93AF0DBFCC4B2D9
:10360000D8E73CF0B9FBC4B2D4E71121244805F84F
:103610000A403CF01FFC234841F0B2FA0146214821
:103620003CF018FC304639F027F91A211E483CF0CE
:1036300011FC00230A220D21304639F035F93046BD
:1036400039F01AF9AAE7194BEC54A7E7DFF864B090
:10365000174805F80B400D213CF0FCFB584641F0A3
:103660008FFA014658463CF0F5FB304639F004F934
:1036700094E70E4B00221A605A609A601A7370E742
:103680000C4BF7E7074BF5E7E4B304008807FF1F8F
:103690006008FF1F68B204000CB4040004B4040006
:1036A00010B40400B416FF1F24B404009416FF1FC6
:1036B00040B40400A416FF1F9807FF1FFFFFFFFF81
:1036C0002DE9F0412DED028B9EB09F499F4C0546A0
:1036D00002A839F0D1FA00239D4A9E4923600AA826
:1036E00035F064FA1C9B002B00F0B4815C2039F0AB
:1036F00023FF0B9BC3600C9B03619DF83430037563
:10370000954B036006460027944B83600DF1380803
:1037100047604146183035F003F97368B7650133E7
:1037200073608F4BB36009964FF47A738D4E069792
:103730008DF82070059607938B4F0A97404635F019
:103740001DF90998002800F03E810368874A1B6B29
:10375000934240F03581036D002B00F08B81844A49
:1037600013680193019913680093009B5B1A632B04
:10377000F9D9002861D00368DFF80C821B69434542
:1037800040F0DD80036D002B00F000811A781107F6
:1037900000F1B680099C002C4FD02368DFF8E4814B
:1037A000DB6A434540F07581A06D18B13EF098FC8E
:1037B0000023A365236D002B00F0668104F118003F
:1037C00035F0DCF8099D6C68013C6C60002C32D14E
:1037D0002B68DB6A434540F07381A86D10B13EF061
:1037E0007FFCAC652B6D002B00F0628105F11800A9
:1037F00035F0C4F8099CF4B123685E4A5B689342D3
:1038000040F07081A06D544B236018B13EF068FC0D
:103810000023A365236D04F11805002B00F05A81E5
:10382000284635F0ABF8A760284635F0A7F85C21AC
:10383000204639F085FE002309934F4B029C4F48E8
:10384000002C08BF1C4613213CF004FB204641F02D
:1038500097F9014620463CF0FDFA494839F00CF84A
:1038600020463EF031FCB0EE408AF0EE608A099CC2
:103870000596002C38D06568013D6560002D33D178
:103880002368404ADB6A934240F01781A06D10B173
:103890003EF026FCA565236D002B00F0F08004F1BE
:1038A000180035F06BF8099CF4B12368314A5B6865
:1038B000934240F01481A06D274B236018B13EF075
:1038C0000FFC0023A365236D04F11805002B00F005
:1038D000FC80284635F052F8A760284635F04EF8AF
:1038E0005C21204639F02CFE02A839F01DFAB0EE1A
:1038F000480AF0EE680A1EB0BDEC028BBDE8F0810C
:10390000D8695B69C01A1BD500230A2205A90AA839
:1039100039F0DAF80AA902A839F04AFA0AA839F007
:1039200003FA2368AB4200F08980099801332360D1
:10393000002882D003681B6943453FF423AF9847B2
:103940000028E1D126E700BF001305005016FF1F35
:103950009416FF1FC418FF1F6C0F0500D40E05003E
:103960001C0F0500400F0500F80E05006104000063
:103970005C1FFF1F190D0000D0170500C0B4040024
:103980006008FF1FD1040000DD0B0000436D002B19
:103990003FF400AF93F8312012077FF5FBAE1A68B1
:1039A0001869801A5A695B6862EB0303B0F1004F33
:1039B00073F10003C4D36FF000400028A4D1E9E6FE
:1039C000984700287FD14C4B4C48012212211A7095
:1039D0003CF040FA4A4838F04FFF0B2149483CF090
:1039E00039FA474838F048FF47490AA839F044F9FE
:1039F0000AA8FCF7C9FD0AA839F096F9434B1B68E1
:103A0000012B49D0032B4FD0002B49D040490AA8A5
:103A100039F032F90AA8FCF7B7FD0AA839F084F9A1
:103A20003C4B0AA8196839F027F90AA8FCF7ACFD45
:103A30000AA839F079F99FED2E8B18E71D21364839
:103A40003CF008FA29462E4838F00EFF2C4838F092
:103A500013FF9FE61D9B002B7FF448AE2F4E06936D
:103A60008DF8203009934FF47A730DF138080596DC
:103A7000079361E6436D002B7FF471AEA3E7636D9E
:103A8000002B7FF40CAF0EE7636D002B7FF496AE36
:103A900098E62046984795E622203AF0C1F9B5E726
:103AA00022203CF05DFAB1E722203BF0A3FAADE71B
:103AB0006B6D002B7FF49AAE9CE620469847F2E6A9
:103AC0002846984796E6099849E6636D002B7FF4EF
:103AD00000AF01E7636D002B7FF4A2AEA3E62046A2
:103AE000984701E720469847A5E600BFAFF300805E
:103AF00000000000000000001510FF1F50B404007B
:103B00006008FF1F64B4040070B404009807FF1F2E
:103B10008CB404008407FF1FA0B40400400F05000C
:103B20002DE9F04FADF29C5DAF49824602A839F015
:103B3000A3F8AE4905A839F09FF840F214520021CD
:103B400021A840F089F90023A94AAA490DA835F017
:103B50002DF81F9B002B00F06F845C2039F0ECFCEB
:103B60000E9BC3600F9B03619DF840300375A24B11
:103B700003600446A14B8360002511AE45603146C9
:103B8000183034F0CDFE6368A565013363609C4B4B
:103B9000A3609C4B0D93304634F0F0FE9A4D4FF0ED
:103BA0000008002C00F040812368984ADB6B9342A8
:103BB0004FF0000240F0C583DFF844B20E924FF49C
:103BC0007A7704F1180130468DF840201F92209238
:103BD000CDF834B00F9734F03DFF1F9B002B00F061
:103BE000A0835C2039F0A8FC0E9BC3600F9B03618F
:103BF0009DF840300375804B036007464FF0000985
:103C00007E4B8360C0F804903146183034F088FE53
:103C10007B68C7F808B001337B604FF47A73C7F84C
:103C20005890CDF824908DF82C9008950C970A9315
:103C3000744B0D93304634F0A1FE0C9F002F00F022
:103C40009E843B68724A5B6B934240F0A883B96DD7
:103C5000002900F0B0830DA839F00EF80C98002868
:103C600000F0F28002686B49136B8B4240F0CD810B
:103C7000036D002B00F04283926B67498A4240F04B
:103C800095831B7813F0700F00F0C781012158480D
:103C90003CF0E0F8614838F0EFFD0C9F002F57D062
:103CA0003B68DFF88091DB6A4B4540F07C83B86D60
:103CB00018B13EF015FA0023BB653B6D002B00F0F8
:103CC0003B8307F1180034F059FEDDF830B0DBF823
:103CD0000470013FCBF80470002F37D1DBF80030BF
:103CE000DB6A4B4540F08283DBF8580018B13EF0A8
:103CF000F7F9CBF85870DBF85030002B00F07083E8
:103D00000BF1180034F03AFE0C9FFFB13B68444AB7
:103D10005B68934240F08483B86D374B3B6018B1C9
:103D20003EF0DEF90023BB653B6D07F11809002B5F
:103D300000F06E83484634F021FE324BBB604846AB
:103D400034F01CFE38465C2139F0FAFB00230C935A
:103D50000DA838F0E9FF0C9F0895002F3FF421AF24
:103D60007B68013B7B600193002B7FF41AAF3A68BC
:103D70002C49D26A8A4240F05083B86D18B13EF0A7
:103D8000AFF9019BBB653B6D002B00F0328307F15F
:103D9000180034F0F3FD0C9F002F3FF402AF3B6896
:103DA0001F4A5B68934240F04383B86D124B3B60FF
:103DB00018B13EF095F90023BB653B6D07F118097A
:103DC000002B00F03083484634F0D8FD0D4BBB602B
:103DD000484634F0D3FD38465C2139F0B1FB002C65
:103DE0007FF4E2AE20E000BF38C80400D4B4040081
:103DF000DCB40400C418FF1F6C0F0500D40E0500CE
:103E00001C0F0500F80E0500400F05008109000099
:103E1000BD05000061040000590A00006008FF1F92
:103E2000190D0000D10400004FF47A7383490994FE
:103E30000DA88DF82C4008950C940A9338F01CFFBF
:103E40000C9800287FF40EAF13217D483CF002F857
:103E50007C4838F011FD0DA838F066FF0C9E0895DF
:103E6000002E39D07568013D7560002D34D133685E
:103E7000754ADB6A934240F01383B06D10B13EF097
:103E80002FF9B565336D002B00F0E28206F11800C2
:103E900034F074FD0C9DFDB12B686C4A5B68934255
:103EA00040F03083A86D6A4B2B6018B13EF018F9D2
:103EB0000023AB652B6D05F11806002B00F0128373
:103EC000304634F05BFD634BAB60304634F056FD5A
:103ED00028465C2139F034FB5F49604D594FDFF8CB
:103EE00094910DA838F0C8FE0DA8FCF74DFB0DA865
:103EF00038F01AFF07EE908AB8EEE70A00268DED3B
:103F0000010AFCF7F9FA29680DA838F0B5FE0DA8EA
:103F1000FCF73AFB0DA838F007FF51490DA838F01F
:103F2000ABFE0DA8FCF730FB0DA838F0FDFE9DEDB3
:103F3000010AFCF7E1FA29680DA838F09DFE0DA8EA
:103F4000FCF722FB0DA838F0EFFE0C2145483BF0B2
:103F500081FF41463B4838F087FC3A4838F08CFCFA
:103F600021AD284640F00CFE014628463BF072FF8A
:103F7000384638F081FC0A2148463BF06BFF013699
:103F8000384638F079FCB04505F10D05E9DA0AEB61
:103F90004A090AEB89090AF1FF3321AADFF8D8B0F0
:103FA000284E019402EB090501279A467C1E032145
:103FB00058463BF04FFF2146304638F055FCA5EB04
:103FC0000908032128483BF045FF404640F0D8FD52
:103FD000014640463BF03EFF0AEB07081321234809
:103FE0003BF038FF4146304638F03EFC304638F072
:103FF00043FC631E052B00F2CA82DFE813F0F900D0
:10400000F700F500F300BD003F00984700283FF49B
:104010001BAF0C98002840F0B98102A90DA838F018
:10402000B3FF0028C0F24181152111483BF012FF77
:10403000044838F021FC0C9F30E600BF0013050057
:10404000E0B404006008FF1FD1040000190D000057
:104050006C0F0500F80E0500F4B404008007FF1F84
:1040600014B504002CB5040030F3040054B504006A
:104070003CB50400A4EF040064B50400B349019CFE
:104080000DA838F0F9FD0DA8FCF77EFA0DA838F060
:104090004BFEAF490DA838F0EFFD0DA8FCF774FA00
:1040A0000DA838F041FE08EB480308EB830021AB74
:1040B0001D1829460DA838F0DFFD0DA8FCF764FA9D
:1040C0000DA838F031FE284640F05AFD014628463A
:1040D0003BF0C0FE9F4838F0CFFB9F4B0DA81968FE
:1040E00038F0CAFD0DA8FCF74FFA0DA838F01CFEF9
:1040F000002C37D06568013D6560002D32D1236802
:10410000964ADB6A934240F0CE81A06D10B13DF03B
:10411000E7FFA565236D002B00F0958104F11800E1
:1041200034F02CFC23688E4A5B68934240F0E781B0
:10413000A06D8C4B236018B13DF0D2FF0023A36526
:10414000236D04F11805002B00F0C781284634F0D8
:1041500015FC854BA360284634F010FC5C212046FA
:1041600039F0EEF905A838F0DFFD02A838F0DCFDE3
:104170000DF29C5DBDE8F08F7C490DA838F07CFD08
:104180000DA8FCF701FA0DA838F0CEFD70490DA876
:1041900038F072FD0DA8FCF7F7F90DA838F0C4FD52
:1041A00029460DA838F068FD0DA8FCF7EDF90DA81B
:1041B00038F0BAFD284640F0E3FC014628463BF0C3
:1041C00049FE304638F058FB634B19680DA838F0AB
:1041D00053FD0DA8FCF7D8F90DA838F0A5FD01375F
:1041E0000D35E3E66249C8E76249C6E76249C4E7BC
:1041F0006249594C0DA838F03FFD0DA8FCF7C4F9F1
:104200000DA838F091FD52490DA838F035FD0DA8E4
:10421000FCF7BAF90DA838F087FD29460DA838F04B
:104220002BFD0DA8FCF7B0F90DA838F07DFD284650
:1042300040F0A6FC014628463BF00CFE304638F024
:104240001BFB21680DA838F017FD0DA8FCF79CF9A1
:104250000DA838F069FD4A490DA838F00DFD0DA8EC
:10426000FCF792F90DA838F05FFD39490DA838F038
:1042700003FD0DA8FCF788F90DA838F055FD294677
:104280000DA838F0F9FC0DA8FCF77EF90DA838F060
:104290004BFD284640F074FC014628463BF0DAFD11
:1042A000304638F0E9FA216890E705A90DA838F002
:1042B0006BFE0028BFF6B8AE0C9F002F00F0E48024
:1042C0003B68304A5B6B934240F0E280D7F85890ED
:1042D000B9F1000F00F0EA80484640F051FC014679
:1042E00048463BF0B7FD1B4838F0C6FAB8F1620FFC
:1042F00040F3B3800C9F08F10108CFE4436D002B1D
:104300003FF4A2AD926B204B9A424FD1436D002BEC
:104310003FF483AE93F8313013F0500F7FF4B6AC16
:104320007BE6209B002B7FF45CAC0A9709938DF809
:104330002C300C9308957BE47B6D002B7FF4C1AC93
:10434000C3E4214608A8984777E400BF14B60400E8
:1043500080B504006008FF1F8407FF1FD104000020
:10436000190D00006C0F0500F80E0500FCB50400E7
:10437000E4B50400CCB50400B4B5040084B5040071
:104380009CB50400BD050000590A000003689A6B43
:104390009B4B9A420AD1036D002BB7D071E438468B
:1043A0009847014657E4384698478EE490470028DE
:1043B0007FF46CAC31E64FF4807001913DF088FEE3
:1043C000B865002800F0DE80019901703B6DABB14B
:1043D00001464FF48072184633F046FFB96D3AE457
:1043E000DBF85430002B7FF48BAC8DE458469847B3
:1043F0008AE47B6D002B7FF4CAACCCE47B6D2BB1DF
:1044000001464FF48072184631F078FCB96D22E411
:104410007B6D002B7FF48EAC8FE438469047BAE476
:104420003846984792E47B6D002B7FF4CCACCDE40A
:1044300038469847FFF7B5BB209C002C7FF48DAB26
:1044400011AEFFF7A6BB636D002B7FF467AE69E684
:10445000736D002B7FF41AAD1CE508EB48030C9F2D
:1044600008EB830321AA02EB0309002F3FD03B682E
:10447000644A5B6B934248D1B96D002957D04846D6
:104480000D223FF02BFE36E7DFF87C91394627E717
:10449000384698478146B9F1000F3FF424AF1BE737
:1044A00030469847F6E4204698473BE64FF4807044
:1044B0003DF00EFE0146B86500285CD080F8009003
:1044C000386D38B34FF4807233F0CEFED7F8589081
:1044D000B9F1000F3FF407AFFEE6636D002B7FF4E8
:1044E00035AE36E66B6D002B7FF4EAACEBE4464963
:1044F00048460D2208F101083FF0F0FD28E420466F
:1045000098472FE628469847E6E4384698470C9F98
:104510000146B4E7786D18B14FF4807231F0EEFBCC
:10452000D7F85890B9F1000F3FF4DDAED4E64FF460
:10453000807001913DF0CCFD0346B865B8B101999A
:104540000170386D38B119464FF4807233F08CFE2B
:10455000B96D0C9F93E7786D38B119464FF48072AE
:1045600031F0CCFBB96D0C9F89E7B96D87E7274B1C
:10457000BB65194683E7254BBB659946ACE62249E6
:10458000FFF769BB214BBB651946FFF764BB2049A8
:104590000DA838F071FB0DA8FBF7F6FF0DA838F059
:1045A000C3FB1C490DA838F067FB0DA8FBF7ECFF17
:1045B0000DA838F0B9FB29460DA838F05DFB0DA811
:1045C000FBF7E2FF0DA838F0AFFB284640F0D8FA21
:1045D000014628463BF03EFC304638F04DF90E4B84
:1045E0000DA8196838F048FB0DA8FBF7CDFF0DA802
:1045F00038F09AFB072F7FF4F2AD019C78E500BFFD
:10460000590A0000BD05000000130500E80FFF1F58
:1046100068B5040080B504008407FF1F2DE9F04F42
:10462000A7B003465149019307A838F025FB50492C
:104630000AA838F021FB682038F080FF0C230360C3
:1046400008234360C3181C46049300F168051F4605
:10465000204600210C3438F00FFBA542F8D11A2176
:1046600044483BF0F7FB444838F006F90023434A3E
:10467000434912A834F09AFA249B002B00F02684B8
:104680005C2038F059FF139BC360149B03619DF8B5
:10469000543003753B4B036006463B4B836000245C
:1046A00000F1180B16A94460584634F039F97368C4
:1046B000DFF8F4A0B46501337360C6F808A0334B8B
:1046C000129316A834F05AF9336831491A6B8A42AA
:1046D00040F08F84326D002A00F064849B6A2D497B
:1046E0008B4240F09384D4692B48DFF8C0800A21C4
:1046F0003BF0B0FB00230A2221461F4838F0D4F8D3
:104700001D4838F0B9F8092124483BF0A3FB019C6F
:104710001948214638F0A8F8174838F0ADF81021AC
:104720001F483BF097FBD8F80010134838F09CF86E
:10473000114838F0A1F81B481021002C40F0A98343
:104740006423C8F800303BF085FBD8F800100A4815
:1047500038F08AF8084838F08FF8062300240297CA
:10476000054D039437469946BAE000BF38C80400A7
:104770002CB6040034B604006008FF1FDCB404004B
:10478000C418FF1F6C0F0500D40E0500F80E0500BD
:10479000610400006509000060B604006CB6040006
:1047A00078B604008CB604001C0F05007007FF1FCC
:1047B0003368744A5B6B934240F02F83B36D002BD8
:1047C00000F040831846009340F0DAF9009B014660
:1047D00018463BF03FFB284638F04EF8119E002E5D
:1047E00000F0CA82336868499A6B8A4240F062825C
:1047F000326D002A00F0CE82127812F0700F00F0B5
:104800006282624811213BF025FB2846013C38F0CA
:1048100033F8119B002B00F0D4801A685C48116BB0
:10482000814240F0C980196D002900F0A782D26A48
:10483000584EB24240F0AB82986D28B100933DF0E3
:104840004FFC009B00229A651A6D002A00F0BF827F
:1048500003F1180034F092F8119A5368013B536049
:104860000093002B38D11168C96AB14240F00E8321
:10487000906D28B105923DF033FC059A009B93653D
:10488000136D002B00F0F68202F1180034F076F878
:10489000119E0EB33368404A5B68934240F05A83DE
:1048A000B06D3E4B336018B13DF01AFC0023B36588
:1048B000336D002B00F0FE8206F1180318460093BA
:1048C00034F05CF8009B364AB260184634F056F873
:1048D00030465C2138F034FE01344C4500F3F1825F
:1048E0003B68304ADB6B934240F0928200224FF4E7
:1048F0007A76594616A8CDE92422CDF848A013921D
:104900008DF85420149634F0A5F8249B002B00F069
:1049100052825C2038F010FE139A204B0360C26074
:10492000214B149A8360026100239DF85420436058
:104930000646027516A9183033F0F2FF0023B3655E
:104940000E938DF840307368C6F808A00133736089
:10495000164B0D934FF47A7311960F93104B1293DD
:1049600016A834F00BF82146284637F07DFF104892
:1049700002213BF06FFA119E002E7FF419AF0D4B10
:10498000314625E7BD050000590A0000A0B6040025
:1049900061040000D1040000190D00006C0F050037
:1049A000F80E050081090000D40E0500400F050037
:1049B000A8B204000013050018468847002840F0FC
:1049C00033820021A7483E46029F3BF043FAA648A7
:1049D00037F052FF0F21A5483BF03CFA2146A24890
:1049E00037F042FF0321A2483BF034FAD8F8001018
:1049F0009D4837F039FF04F1080303219C48C8F8AB
:104A000000303BF027FAD8F80010974837F02CFF19
:104A1000954837F031FF974912A838F02DF912A8C0
:104A2000FBF7B2FD12A838F07FF9934B1B68012BFE
:104A300000F00983032B00F00A83002B00F0FF82B3
:104A4000631E00EE103ADFF86492B8EEC00AFBF77E
:104A500053FDD9F8001012A838F00EF912A8FBF790
:104A600093FD12A838F060F9119C844B0D93002C33
:104A700039D06568013D6560002D34D12368804AD6
:104A8000DB6A934240F00E83A06D10B13DF028FB2D
:104A9000A565236D002B00F0EB8204F1180033F0C4
:104AA0006DFF119CFCB12368764A5B68934240F02D
:104AB000EE82A06D744B236018B13DF011FB002312
:104AC000A365236D04F11805002B00F0EE82284643
:104AD00033F054FF6D4BA360284633F04FFF204660
:104AE0005C2138F02DFDDFF8C8815F4C012505F110
:104AF000FF3A032140463BF0ADF95146204637F0DE
:104B0000B3FE03215A483BF0A5F93946204637F059
:104B100085FEA5F1020A204637F0AEFEBAF1050F78
:104B200000F2D782DFE80AF09C9A98966A03584907
:104B300012A838F0A1F812A8FBF726FD12A838F049
:104B4000F3F8544912A838F097F812A8FBF71CFDA7
:104B500012A838F0E9F8394612A838F0ABF812A8D4
:104B6000FBF712FD12A838F0DFF8D9F8001012A8F0
:104B700038F082F812A8FBF707FD12A838F0D4F835
:104B80000AA838F0D1F807A838F0CEF87468013CCC
:104B90007460002C2FD13368394ADB6A934240F0AD
:104BA0005A82B06D10B13DF09BFAB465336D002BA5
:104BB00000F01A82584633F0E1FE3368314A5B68F0
:104BC000934240F06C82B06D2F4B336018B13DF0D2
:104BD00087FA0023B365336D002B00F05B825846E3
:104BE00033F0CCFE294BB360584633F0C7FE5C214E
:104BF000304638F0A5FC27B0BDE8F08F264912A852
:104C000038F03AF812A8FBF7BFFC12A838F08CF87D
:104C1000204912A838F030F812A8FBF7B5FC12A80A
:104C200038F082F8394612A838F044F812A8FBF799
:104C3000ABFC12A838F078F8D9F8001012A838F0B8
:104C40001BF812A8FBF7A0FC12A838F06DF80C377F
:104C500001354CE71149D2E71149D0E71149CEE7B8
:104C60001149CCE7001305006008FF1FE4B60400FB
:104C700030F30400F4B604009807FF1F400F05004E
:104C8000D1040000190D00006C0F0500F80E05009E
:104C900014B6040080B50400FCB50400E4B50400BB
:104CA000CCB50400B4B5040084B504008407FF1F2C
:104CB00064B504003046904700287FF4A2AD119EF1
:104CC000002E59D033685B6BAA4A93426FD1B16D05
:104CD000002900F0298112A837F0CEFF0E21A64846
:104CE0003BF0B8F812A9284637F098FD284637F06F
:104CF000C3FD1221A1483BF0ADF807A912A838F076
:104D000043F90146284637F0AFFD284637F0B4FD99
:104D100007A912A838F038F90028C0F28B80019B4F
:104D2000A3425CDD0A2196483BF094F821462846D0
:104D300037F09AFD934803213BF08CF8119E002E2A
:104D40004AD033688B4A5B6B934240F09880B36DD6
:104D5000002B00F0D180184600933FF011FF009B1C
:104D6000014618463BF076F8032186483BF072F87E
:104D700012A837F0D9FF4CE58349ACE7596D0029FB
:104D80003FF41FAED26A814EB2423FF455AD184691
:104D9000904761E5726D002A95D092F8312012F0AB
:104DA000500F7FF42EAD5B6B724A93428FD030462A
:104DB000984701468FE7259B002B7FF4AAAD0E9301
:104DC0008DF840301193724B0F960D93C6E55A6DD6
:104DD000002A7FF43DAD3FE56B4B3146C1E7119EA4
:104DE000002E00F0C5803368624A5B6B934240F04E
:104DF0000981B16D002900F00E81039E049B06EB32
:104E0000460003EB800037F0E9FF731C039389E74A
:104E1000002239460DA89847A5E530469847034635
:104E2000002B3FF4D8ACCDE4119B002B3FF454ADE4
:104E30001A68FCE40AA912A838F0A6F80028BFF600
:104E40006EAF6FE74FF4807000933DF041F901467B
:104E5000B065002800F03681009B0370306D00289B
:104E60007BD04FF4807233F0FFF9B36D002B3FF429
:104E7000B2ACA7E4536D002B7FF406AD08E53046D5
:104E800098470346002B3FF46FAF64E7104688470E
:104E9000FEE43AF0DFFFD8F800103E4837F0E4FCBB
:104EA0003C4837F0E9FC019B06337FF557ACDFF84F
:104EB000F09018E6736D002B7FF4FEAC06F118033A
:104EC00001E53E46DFF8D890029F0CE6259B002BBB
:104ED0007FF4D6AB304B129316A833F04FFD0E2162
:104EE0002E483AF0B7FF0AA837F01EFF07A837F0A0
:104EF0001BFF27B0BDE8F08F4FF4807000933DF0AA
:104F0000E7F80146B065002800F0E080009B0370E0
:104F1000306D00285DD04FF4807233F0A5F9B36D89
:104F2000002B3FF421AF16E74FF4807000913DF065
:104F3000CFF8B065002800F0C18000990170336D92
:104F4000002B3CD001464FF48072184633F08CF9A8
:104F5000B16DC0E630469847BEE4706D18B14FF4AD
:104F6000807230F0CBFEB36D002B3FF434AC29E4FB
:104F7000054942E7BD050000B4B60400C4B604000C
:104F8000D8B6040030F3040000130500D10400007B
:104F9000400F05006008FF1FF80E050050B6040022
:104FA0008407FF1F726D42B39B6A604A93422DD102
:104FB000746D002C3FF498AB2469FFF795BB736DBB
:104FC0002BB101464FF48072184630F097FEB16D58
:104FD00081E6706D18B14FF4807230F08FFEB36DC2
:104FE000002B3FF4C1AEB6E6736D002B7FF4E2AD4B
:104FF000E3E53046904700283FD10E214C483AF077
:1050000029FFBDE5304698470146F6E63046984709
:105010000446FFF769BB4FF4807000913DF058F8EB
:10502000B065002846D000990170336DB3B10146D8
:105030004FF48072184633F017F9B16DDDE6222087
:105040003AF08EFFFCE4222038F0EAFEF8E4222059
:1050500039F0D0FFF4E430469847AEE5736D2BB1DC
:1050600001464FF48072184630F048FEB16DC4E638
:10507000636D002B7FF411AD13E533682B4A9B6AF7
:105080009342C3D1326D002A92D0FFF72CBB204649
:10509000984728E5736D002B7FF4A1ADA2E530465B
:1050A0009847A8E520469847FBE4636D002B7FF402
:1050B0000EAD0FE51F4BB36519469EE61D4BB3655C
:1050C000194608E61B4BB365FFF77CBB194BB3656C
:1050D00041E6194912A837F0CFFD12A8FBF754FAA0
:1050E00012A837F021FE154912A837F0C5FD12A805
:1050F000FBF74AFA12A837F017FE394612A837F024
:10510000D9FD12A8FBF740FA12A837F00DFED9F826
:10511000001012A837F0B0FD12A8FBF735FA12A85C
:1051200037F002FE072D7FF492AD29E565090000F6
:1051300050B60400E80FFF1F68B5040080B50400F6
:105140002DE9F0432DED028B974C9849BDB0002618
:1051500005460BA8266037F08FFD31460EA837F0C4
:105160008BFD314611A837F087FD122190483AF0A7
:1051700071FE90483FF004FD01468E483AF06AFE09
:105180008D4837F079FB33468A4A8C4928A833F09A
:105190000DFD3A9B002B00F06C825C2038F0CCF9BE
:1051A000299BC3602A9B03619DF8AC300375844B37
:1051B000036006460027834B83600DF1B00847600B
:1051C0004146183033F0ACFB7368B7650133736048
:1051D0007D4BB36027964FF47A737C4E24978DF8FD
:1051E0009870239625937A4F2897404633F0C6FB54
:1051F0002798002800F030820368764A1B6B9342A0
:1052000040F02782036D002B00F04382724A13683E
:105210000293029913680193019B5B1A132BF9D92E
:1052200048B3DFF8D08103681B69434540F098819B
:10523000036D002B00F0F4811A78110740F194817E
:10524000D8695B69C01A40F18C8100230A2223A926
:1052500028A837F039FC28A90BA837F0A9FD28A801
:1052600037F062FD2368AB4200F07E81279801335E
:1052700023600028D7D100210BA837F05DFE574DE1
:1052800003782B6001220BA928A837F08FFE28A9EC
:105290000EA837F08DFD28A837F046FD0BA9504821
:1052A00037F07EFD2D214F483AF0D4FD2168424869
:1052B00037F0DAFA404837F0DFFA0C214A483AF082
:1052C000C9FD29683C4837F0CFFA3B4837F0D4FA9B
:1052D000122146483AF0BEFD4149374837F09EFA60
:1052E000354837F0C9FA082141483AF0B3FD0EA914
:1052F000314837F093FA304837F0BEFA2B680D3B4F
:105300004D2B00F20482DFE813F0A100020202023A
:10531000020202020202020202020202020202026D
:10532000020202020202020202020202020202025D
:10533000020202020202020202020202020202024D
:10534000020202020202020202020202020202023D
:10535000020202020202020202020202020202022D
:1053600002020202020228040202020202020202F5
:105370000202A100A100A100A100A1009002360438
:105380008D04A1006F027700770002021802A100CD
:10539000A10002020704A100FD020202B1023A02CA
:1053A000A1000202A10000BF5016FF1F001305005C
:1053B00008B70400B416FF1F6008FF1FC418FF1FC2
:1053C0006C0F0500D40E05001C0F0500400F0500F2
:1053D000F80E0500610400005C1FFF1F1817FF1F77
:1053E0004016FF1F2CB704005CB704006CB7040024
:1053F00080B70400DD0B000001210BA837F09CFDF5
:105400000178AF4837F0FCFC02220BA928A837F03E
:10541000CDFD28A90EA837F0CBFC28A837F084FCD6
:105420001B21A8483AF016FDA549A74837F0F6F920
:10543000A54837F021FAA5480C213AF00BFDA24807
:105440000EA937F0EBF9A04837F016FAA04B0E9CE6
:10545000002C08BF1C4620463CF036FE0B219D4820
:10546000B0EE408AF0EE608A3AF0F4FC0EA996485D
:1054700037F0D4F9944837F0FFF90C2196483AF008
:10548000E9FC20463FF07CFB014620463AF0E2FC76
:105490008D4837F0F1F9072190483AF0DBFCB0EE87
:1054A000480AF0EE680A0221874837F009FA864870
:1054B00037F0E2F98A481A213AF0CCFC824837F0FA
:1054C000DBF9279C2396002C38D06568013D656088
:1054D000002D33D12368834ADB6A934240F0148164
:1054E000A06D10B13CF0FCFDA565236D002B00F014
:1054F000D58004F1180033F041FA279CF4B12368F9
:10550000794A5B68934240F0DC83A06D774B23605F
:1055100018B13CF0E5FD0023A365236D04F11805E7
:10552000002B00F0C483284633F028FAA7602846F1
:1055300033F024FA20465C2138F002F811A837F045
:10554000F3FB0EA837F0F0FB0BA837F0EDFBB0EE45
:10555000480AF0EE680A3DB0BDEC028BBDE8F0836E
:10556000984700287FF471AE279D002D3FF483AE4D
:105570002B68DFF87091DB6A4B4540F09980A86D8D
:1055800018B13CF0ADFD0023AB652B6D002B00F096
:105590008A8005F1180033F0F1F9DDF89C80D8F825
:1055A0000450013DC8F80450002D36D1D8F8003021
:1055B000DB6A4B4540F0BC80D8F8580018B13CF08D
:1055C0008FFDC8F85850D8F85030002B00F0968066
:1055D00008F1180033F0D2F9279DF5B12B68424A43
:1055E0005B68934240F07083A86D404B2B6018B10C
:1055F0003CF076FD0023AB652B6D05F11808002B00
:1056000000F05A83404633F0B9F9AF60404633F0BA
:10561000B5F928465C2137F093FF002327932AE64B
:10562000436D002BA0D093F8312012079CD51A6847
:105630001869801A5A695B6862EB0303B0F1004F86
:1056400073F100038DD36FF0004000287FF4FDADAF
:105650008AE7984700286ED1254B264801220F2162
:105660001A703AF0F7FB184837F006F99FED128BE5
:1056700027E73B9B002B7FF490AD1F4E24938DF8C2
:10568000983027934FF47A73239625930DF1B00841
:10569000A9E5436D002B7FF4B9ADDDE7636D002B09
:1056A0007FF427AF29E76B6D002B7FF472AF74E7AF
:1056B0002846984771E700BF000000000000F0BFD7
:1056C0007016FF1F04B804006008FF1F20B8040014
:1056D000D017050090B904009CB90400ACB90400CF
:1056E000B4B90400D1040000190D00006C0F0500CE
:1056F0001510FF1F1CB70400400F0500D8F85430E8
:10570000002B7FF465AF67E720469847F5E66A4CC3
:105710006A4801232E2123703AF09CFB21786848C7
:1057200037F0A2F8664837F0A7F89FED618BC8E61E
:105730004046984750E7279868E501210BA837F0C5
:10574000FBFB01785F4837F05BFB02220BA928A81E
:1057500037F02CFC28A90EA837F02AFB28A837F030
:10576000E3FA092158483AF075FB5649544837F096
:1057700055F8534837F080F8544809215DE6012177
:105780000BA837F0D9FB20AC0178204637F0AEFAF1
:105790004F49204637F0BAFB002800F098820123D9
:1057A0004C482B600D213AF055FB02220BA928A88A
:1057B00037F0FCFB28A90EA837F0FAFA28A837F032
:1057C000B3FA29683E4837F04FF8052142483AF0CD
:1057D00041FB0EA93A4837F021F8394837F04CF828
:1057E000204637F0A1FA31E601210BA837F0A4FBDF
:1057F00001783A4837F004FB02220BA928A837F0B9
:10580000D5FB28A90EA837F0D3FA28A837F08CFAD0
:10581000092133483AF01EFB3249294836F0FEFF91
:10582000274837F029F83048A7E701210BA837F0BF
:1058300083FB01782D4837F0E3FA02220BA928A850
:1058400037F0B4FB28A90EA837F0B2FA28A837F031
:105850006BFA092126483AF0FDFA2449184836F037
:10586000DDFF174837F008F8224886E701210BA82A
:1058700037F062FB0178204837F0C2FA02220BA908
:1058800028A837F093FB28A90EA837F091FA28A88A
:1058900037F04AFA092119483AF0DCFA1649084863
:1058A00036F0BCFF064836F0E7FF154865E700BF55
:1058B00000000000000000001410FF1F60B9040089
:1058C0006008FF1F1C10FF1F30B804003CB8040024
:1058D000BCB8040034B9040058B904002810FF1FF4
:1058E000ECB704006410FF1FF8B704004010FF1F5E
:1058F00098B70400A4B704004C10FF1F1CB90400A3
:1059000028B9040001210BA837F016FB017814A870
:1059100037F0ECF902220BA928A837F047FB28A999
:105920000EA837F045FA28A837F0FEF91422002314
:1059300028A90EA837F00EFB0621A1483AF08AFAF2
:105940000EA9A04836F06AFF9E4836F095FF9E4BA0
:1059500093E803000390ADF8101028A803A93EF0C7
:105960005DFB0022034604460EA917A837F04AFB48
:1059700022460EA91AA837F019FB082193483AF0DD
:1059800069FA1AA98F4836F049FF8E4836F074FF3D
:10599000012300221AA91DA837F034FB08218B48E7
:1059A0003AF058FA1AA9874836F038FF20AC8548F3
:1059B00036F062FF01221AA9204637F0F7FA1021CB
:1059C00083483AF047FA14A97E4836F027FF7D480D
:1059D00036F052FF10217F483AF03CFA17A9794877
:1059E00036F01CFF774836F047FF10217A483AF02E
:1059F00031FA1DA9734836F011FF724836F03CFFAA
:105A0000102176483AF026FA21466E4836F006FF15
:105A10006C4836F031FF724914A837F077FA002845
:105A200000F06A816F4B00221A606D491DA837F0A3
:105A30006DFA002800F057816B4B00221A6000239A
:105A40000A2205A917A837F085FA05A83CF03CFB07
:105A500051EC100B3CF024F8DFF8C481634DC8F81A
:105A6000000000230A2208A9204637F073FA08A88C
:105A70003CF02AFB51EC100B3CF012F8132128608B
:105A80005B483AF0E7F905A83FF07AF8014605A827
:105A90003AF0E0F94B4836F0EFFE162155483AF05F
:105AA000D9F9D8F800003BF0ABFC41EC100B022117
:105AB000444836F005FF434836F0DEFE13214E48D9
:105AC0003AF0C8F908A83FF05BF8014608A83AF098
:105AD000C1F93C4836F0D0FE162148483AF0BAF9F0
:105AE00028683BF08DFC41EC100B0221354836F064
:105AF000E7FE344836F0C0FE204637F015F91DA801
:105B000037F012F91AA837F00FF917A837F00CF987
:105B100014A837F009F999E401210BA837F00CFA21
:105B20000178374837F06CF902220BA928A837F022
:105B30003DFA28A90EA837F03BF928A837F0F4F869
:105B4000092130483AF086F92D491E4836F066FEA4
:105B50001C4836F091FE2C480FE60B212B483AF0FA
:105B600079F9184836F088FE29480EA937F018F957
:105B70009FED118BA5E401210BA837F0DDF9017829
:105B8000244837F03DF902220BA928A837F00EFA75
:105B900028A90EA837F00CF928A837F0C5F8092174
:105BA0001D483AF057F91B49064836F037FE0548BC
:105BB00036F062FE1948E0E5000000000000000039
:105BC000CCB704006008FF1FD0B9040060B804001F
:105BD0006CB8040080B8040094B80400A8B80400AD
:105BE000BCB804002817FF1F3817FF1F7C07FF1FD2
:105BF000C4B80400D8B80400F0B8040004B9040024
:105C00005810FF1F48B8040054B804008CB70400B3
:105C10007010FF1F6410FF1FB0B70400BCB7040072
:105C20007807FF1F0023142228A90EA837F092F945
:105C30005C495D4D5D4C28A83EF082FA3CF044FA88
:105C400051EC100B3BF02CFF5949286000203EF02E
:105C500077FA3CF039FA51EC100B3BF021FF0621AA
:105C6000206054483AF0F6F80EA9534836F0D6FDB5
:105C7000092152483AF0EEF828683BF0C1FB41ECAC
:105C8000100B02214C4836F01BFE09214C483AF01B
:105C9000E1F820683BF0B4FB41EC100B02214648D0
:105CA00036F00EFE444836F0E7FDFFF7CFBB636DDC
:105CB000002B7FF438AC39E46B6D002B7FF4A2AC81
:105CC000A3E42046984739E428469847A5E43D498F
:105CD000204637F01BF9C0B102230D213A482B6052
:105CE0003AF0B8F861E539491DA837F00FF9A0B1CD
:105CF000374B01221A60A2E6344914A837F006F99E
:105D0000A0B1344B01221A608FE63349204637F0A8
:105D1000FDF8A0B103232B6047E530491DA837F0FB
:105D2000F5F8B0B12A4B02221A6088E62B4914A874
:105D300037F0ECF8B0B1274B02221A6075E628491B
:105D4000204637F0E3F800283FF42FAD04232B6002
:105D50002BE521491DA837F0D9F860B11C4B03226F
:105D60001A606CE61C4914A837F0D0F870B1194BD2
:105D700003221A6059E61A491DA837F0C7F800280F
:105D80003FF45DAE124B04221A6058E6144914A881
:105D900037F0BCF800283FF448AE0E4B04221A60DE
:105DA00043E600BFC8B70400E816FF1FEC16FF1F4C
:105DB00010130500CCB704006008FF1FD4B704001F
:105DC000E0B7040044B9040048B90400D4B90400A1
:105DD0003817FF1F2817FF1FC0B80400A0E00400F9
:105DE000DC0C05002DE9F041BA4BC6B01D6804AECD
:105DF0003446AD1B601937F069F904F8010B46AB66
:105E00009C42F7D1B449B54D01A836F035FF01A841
:105E1000FAF7BAFB01A836F087FF2B68012B01F0D7
:105E20005A80032B01F05280002B01F04A80D6EDFE
:105E3000007AAB4CB8EE670AFAF75EFB216801A85E
:105E400036F01AFF01A8FAF79FFB01A836F06CFFA5
:105E5000A44901A836F010FF01A8FAF795FB01A8A4
:105E600036F062FF2B68012B01F02680032B01F036
:105E70001E80002B01F01680D6ED017AB8EE670A7D
:105E8000FAF73AFB216801A836F0F6FE01A8FAF706
:105E90007BFB01A836F048FF934901A836F0ECFEE1
:105EA00001A8FAF771FB01A836F03EFF2B68012B21
:105EB00000F0F387032B00F0EB87002B00F0E38763
:105EC00096ED020AFAF718FB216801A836F0D4FE15
:105ED00001A8FAF759FB01A836F026FF834901A86B
:105EE00036F0CAFE01A8FAF74FFB01A836F01CFFF6
:105EF0002B68012B00F0C287032B00F09187002B49
:105F000000F089877A4B7B4A96F89C1001A80029FB
:105F100014BF1146194636F0AFFE01A8FAF734FB5C
:105F200001A836F001FF216801A836F0A5FE01A8FE
:105F3000FAF72AFB01A836F0F7FE6F4901A836F000
:105F40009BFE01A8FAF720FB01A836F0EDFE2B68B6
:105F5000012B00F05B87032B00F05387002B00F030
:105F60004B87D6ED037AB8EE670AFAF7C5FA2168CF
:105F700001A836F081FE01A8FAF706FB01A836F069
:105F8000D3FE5E4901A836F077FE01A8FAF7FCFAC5
:105F900001A836F0C9FE2B68012B00F02887032BDF
:105FA00000F02087002B00F01887D6ED047AB8EEB9
:105FB000670AFAF7A1FA216801A836F05DFE01A888
:105FC000FAF7E2FA01A836F0AFFE4D4901A836F023
:105FD00053FE01A8FAF7D8FA01A836F0A5FE2B68FF
:105FE000012B00F0F586032B00F0ED86002B00F06E
:105FF000E5867769DFF8208100EE107AFAF77CFAFF
:10600000216801A836F038FE01A8FAF7BDFA01A808
:1060100036F08AFE23213B4839F01CFFD8F81400E3
:106020003BF0EEF941EC100B0821374836F048FC04
:10603000354836F021FC2721344839F00BFF38462B
:106040003BF0DEF941EC100B08212F4836F038FC0C
:106050002D4836F011FC2E4901A836F00DFE01A89E
:10606000FAF792FA01A836F05FFE2B68012B00F0D8
:10607000A086032B00F09886002B00F090861C4B26
:106080001C4A96F89D1001A8002914BF1146194614
:1060900036F0F2FD01A8FAF777FA01A836F044FECF
:1060A000216801A836F0E8FD01A8FAF76DFA01A809
:1060B00036F03AFE174901A836F0DEFD01A8FAF7DE
:1060C00063FA01A836F030FE2B68012B00F06286DF
:1060D00024E000BF6C16FF1FE4B904009807FF1FFF
:1060E0008407FF1FFCB9040014BA04002CBA040092
:1060F000DCB90400D8B9040044BA040054BA04005E
:1061000064BA040074BA04006008FF1F98BA04005F
:10611000C0BA0400D0BA0400A813FF1F032B00F07C
:106120003486002B00F02C86D6ED087AB8EE670A8C
:10613000FAF7E2F9216801A836F09EFD01A8FAF706
:1061400023FA01A836F0F0FDB84901A836F094FD15
:1061500001A8FAF719FA01A836F0E6FD2B68012B21
:1061600000F00986032B00F00186002B00F0F98572
:10617000D6ED097AB8EE670AFAF7BEF9216801A8E8
:1061800036F07AFD01A8FAF7FFF901A836F0CCFD48
:10619000A74901A836F070FD01A8FAF7F5F901A8A2
:1061A00036F0C2FD2B68012B00F0D685032B00F0E2
:1061B000CE85002B00F0C68596ED0A0AFAF79CF909
:1061C000216801A836F058FD01A8FAF7DDF901A809
:1061D00036F0AAFD974901A836F04EFD01A8FAF75E
:1061E000D3F901A836F0A0FD2B68012B00F0A5859E
:1061F000032B00F09D85002B00F095858E4B8F4A78
:1062000096F89E1001A8002914BF1146194636F0D1
:1062100033FD01A8FAF7B8F901A836F085FD216829
:1062200001A836F029FD01A8FAF7AEF901A836F069
:106230007BFD834901A836F01FFD01A8FAF7A4F9F8
:1062400001A836F071FD2B68012B00F06785032B48
:1062500000F05F85002B00F05785D6ED347AB8EE5C
:10626000670AFAF749F9216801A836F005FD01A887
:10627000FAF78AF901A836F057FD724901A836F0FD
:10628000FBFC01A8FAF780F901A836F04DFD2B6858
:10629000012B00F03485032B00F02C85002B00F03F
:1062A0002485D6ED357AB8EE670AFAF725F9216824
:1062B00001A836F0E1FC01A8FAF766F901A836F06A
:1062C00033FD614901A836F0D7FC01A8FAF75CF963
:1062D00001A836F029FD2B68012B00F00185032B66
:1062E00000F0F984002B00F0F18496ED360AFAF7FD
:1062F00003F9216801A836F0BFFC01A8FAF744F9B8
:1063000001A836F011FD514901A836F0B5FC01A8ED
:10631000FAF73AF901A836F007FD2B68012B00F0D7
:10632000D084032B00F0C884002B00F0C084424BC3
:10633000424A96F8DC1001A8002914BF11461946FC
:1063400036F09AFC01A8FAF71FF901A836F0ECFC28
:10635000216801A836F090FC01A8FAF715F901A808
:1063600036F0E2FCD6F8CC30012B00F060843849DE
:10637000384F01A836F080FC01A8FAF705F901A80A
:1063800036F0D2FC396801A836F076FC01A8FAF79D
:10639000FBF801A836F0C8FC2F4901A836F06CFCC8
:1063A00001A8FAF7F1F801A836F0BEFC396801A897
:1063B00036F062FC01A8FAF7E7F801A836F0B4FC61
:1063C000264901A836F058FC01A8FAF7DDF801A823
:1063D00036F0AAFC396801A836F04EFC01A8FAF79D
:1063E000D3F801A836F0A0FC1D4901A836F044FC02
:1063F00001A8FAF7C9F801A836F096FC396801A897
:1064000036F03AFC01A8FAF7BFF801A836F08CFC88
:10641000144901A836F030FC01A8FAF7B5F801A834
:1064200036F082FC2B68012B1EE000BFE0BA0400AE
:10643000F0BA040000BB0400DCB90400D8B90400C1
:1064400010BB040028BB040040BB040058BB040080
:10645000C0BB04008007FF1FD0BB0400E0BB0400EA
:10646000F8BB040010BC040000F0D385032B00F03F
:10647000CB85002B00F0C385D6ED0E7AB8EE670A07
:10648000FAF73AF8216801A836F0F6FB01A8FAF706
:106490007BF801A836F048FCB84901A836F0ECFBBF
:1064A00001A8FAF771F801A836F03EFC2B68012B21
:1064B00000F0A085032B00F09885002B00F090855C
:1064C000D6ED0F7AB8EE670AFAF716F8216801A838
:1064D00036F0D2FB01A8FAF757F801A836F024FCF1
:1064E000A74901A836F0C8FB01A8FAF74DF801A8A2
:1064F00036F01AFC2B68012B00F06D85032B00F0A1
:106500006585002B00F05D8596ED100AF9F7F4FF24
:10651000216801A836F0B0FB01A8FAF735F801A808
:1065200036F002FC974901A836F0A6FB01A8FAF75D
:106530002BF801A836F0F8FB2B68012B00F03C8506
:10654000032B00F03485002B00F02C858E4B8F4AF6
:1065500096F89F1001A8002914BF1146194636F07D
:106560008BFB01A8FAF710F801A836F0DDFB2168D3
:1065700001A836F081FB01A8FAF706F801A836F069
:10658000D3FB736B002B00F0B682814901A836F073
:1065900073FB01A8F9F7F8FF01A836F0C5FB3968CD
:1065A00001A836F069FB01A8F9F7EEFF01A836F063
:1065B000BBFB784901A836F05FFB01A8F9F7E4FFBF
:1065C00001A836F0B1FB396801A836F055FB01A8E7
:1065D000F9F7DAFF01A836F0A7FB6F4901A836F0FA
:1065E0004BFB01A8F9F7D0FF01A836F09DFB2B6803
:1065F000012B00F0D284032B00F0CA84002B00F0A2
:10660000C28496ED110AF9F777FF216801A836F0E8
:1066100033FB01A8F9F7B8FF01A836F085FB5F4905
:1066200001A836F029FB01A8F9F7AEFF01A836F062
:106630007BFB2B68012B00F0A184032B00F09984D5
:10664000002B00F09184D6ED167AB8EE670AF9F7C0
:1066500053FF216801A836F00FFB01A8F9F794FF5A
:1066600001A836F061FB4E4901A836F005FB01A8F0
:10667000F9F78AFF01A836F057FB2B68012B00F0D1
:106680006E84032B00F06684002B00F05E8498ED8E
:10669000170AB8EE400AF9F72FFF216801A836F073
:1066A000EBFA01A8F9F770FF01A836F03DFB3D4970
:1066B00001A836F0E1FA01A8F9F766FF01A836F063
:1066C00033FB2B68012B00F03B84032B00F0338459
:1066D000002B00F02B8496ED180AF9F70DFF2168C6
:1066E00001A836F0C9FA01A8F9F74EFF01A836F063
:1066F0001BFB2D4901A836F0BFFA01A8F9F744FFAA
:1067000001A836F011FB2B68012B00F00A84032B43
:1067100000F00284002B00F0FB831B4B1B4A96F811
:10672000A01001A8002914BF1146194636F0A4FA9A
:1067300001A8F9F729FF01A836F0F6FA216801A8A7
:1067400036F09AFA01A8F9F71FFF01A836F0ECFA23
:10675000736D002B00F05582144901A836F08CFAB5
:1067600001A8F9F711FF01A836F0DEFA396801A88F
:1067700036F082FA01A8F9F707FF19E028BC0400F7
:1067800040BC040058BC0400DCB90400D8B90400C3
:1067900070BC040088BC0400D0BC0400E8BC040049
:1067A00000BD040018BD040030BD040048BD040055
:1067B00001A836F0B9FAB94901A836F05DFA01A886
:1067C000F9F7E2FE01A836F0AFFA396801A836F011
:1067D00053FA01A8F9F7D8FE01A836F0A5FAB04996
:1067E00001A836F049FA01A8F9F7CEFE01A836F063
:1067F0009BFA2B68012B00F08783032B00F080832A
:10680000002B00F0798396ED190AF9F775FE2168DF
:1068100001A836F031FA01A8F9F7B6FE01A836F062
:1068200083FAA04901A836F027FA01A8F9F7ACFECF
:1068300001A836F079FA2B68012B00F05983032B5D
:1068400000F05283002B00F04B83D6ED407AB8EE77
:10685000670AF9F751FE216801A836F00DFA01A880
:10686000F9F792FE01A836F05FFAD6F8E030002B77
:1068700040F0C5818C4901A836F0FEF901A8F9F76E
:1068800083FE01A836F050FA396801A836F0F4F911
:1068900001A8F9F779FE01A836F046FAD6F8E430F7
:1068A000002B40F09681814901A836F0E5F901A856
:1068B000F9F76AFE01A836F037FA396801A836F010
:1068C000DBF901A8F9F760FE01A836F02DFA784946
:1068D00001A836F0D1F901A8F9F756FE01A836F063
:1068E00023FA396801A836F0C7F901A8F9F74CFE78
:1068F00001A836F019FAD6F8E830002B40F05381A1
:106900006C4901A836F0B8F901A8F9F73DFE01A8D5
:1069100036F00AFA396801A836F0AEF901A8F9F79D
:1069200033FE01A836F000FA634901A836F0A4F955
:1069300001A8F9F729FE01A836F0F6F9396801A88F
:1069400036F09AF901A8F9F71FFE01A836F0ECF924
:10695000D6F8EC30002B40F01081584901A836F0F1
:106960008BF901A8F9F710FE01A836F0DDF93968B6
:1069700001A836F081F901A8F9F706FE01A836F062
:10698000D3F94F4901A836F077F901A8F9F7FCFDD2
:1069900001A836F0C9F9396801A836F06DF901A8E7
:1069A000F9F7F2FD01A836F0BFF9D6F8F030002B68
:1069B00040F0CD80434901A836F05EF901A8F9F70F
:1069C000E3FD01A836F0B0F9396801A836F054F9B2
:1069D00001A8F9F7D9FD01A836F0A6F93A4901A8AE
:1069E00036F04AF901A8F9F7CFFD01A836F09CF975
:1069F000396801A836F040F901A8F9F7C5FD01A8EA
:106A000036F092F9D6F8F430002B40F08A802F4906
:106A100001A836F031F901A8F9F7B6FD01A836F062
:106A200083F9396801A836F027F901A8F9F7ACFD18
:106A300001A836F079F9264901A836F01DF901A818
:106A4000F9F7A2FD01A836F06FF9396801A836F010
:106A500013F901A8F9F798FD01A836F065F91D4969
:106A600001A836F009F901A8F9F78EFD01A836F062
:106A70005BF9396801A836F0FFF801A8F9F784FD41
:106A800001A836F051F9144901A836F0F5F801A82B
:106A9000F9F77AFD01A836F047F91FE060BD040060
:106AA000A8BD0400C0BD0400D4BD0400FCBD0400AA
:106AB00010BE04004CBE040060BE04008CBE040086
:106AC000A0BE0400CCBE0400E0BE040014BF04005D
:106AD00028BF04005CBF040074BF0400396801A82B
:106AE00036F0CAF801A8F9F74FFD01A836F01CF9F5
:106AF00046B0BDE8F081CD4901A836F0BDF801A847
:106B0000F9F742FD01A836F00FF9396801A836F00F
:106B1000B3F801A8F9F738FD01A836F005F9C44922
:106B200048E5C44901A836F0A7F801A8F9F72CFDFB
:106B300001A836F0F9F8396801A836F09DF801A8E7
:106B4000F9F722FD01A836F0EFF8BB4974E7BB491D
:106B500001A836F091F801A8F9F716FD01A836F062
:106B6000E3F8396801A836F087F801A8F9F70CFDB9
:106B700001A836F0D9F8B24931E7B24901A836F098
:106B80007BF801A8F9F700FD01A836F0CDF83968C7
:106B900001A836F071F801A8F9F7F6FC01A836F063
:106BA000C3F8A949EEE6A94901A836F065F801A89D
:106BB000F9F7EAFC01A836F0B7F8396801A836F011
:106BC0005BF801A8F9F7E0FC01A836F0ADF8A049A0
:106BD000ABE6A04901A836F04FF801A8F9F7D4FCBC
:106BE00001A836F0A1F8396801A836F045F801A8E7
:106BF000F9F7CAFC01A836F097F8974968E6974973
:106C000039E6974901A836F037F801A8F9F7BCFC36
:106C100001A836F089F8396801A836F02DF801A8E6
:106C2000F9F7B2FC01A836F07FF88E49C4E58E4929
:106C30008E4F01A836F020F801A8F9F7A5FC01A8AD
:106C400036F072F8396801A836F016F801A8F9F79D
:106C50009BFC01A836F068F8854901A836F00CF8CD
:106C600001A8F9F791FC01A836F05EF8396801A88F
:106C700036F002F801A8F9F787FC01A836F054F8BD
:106C80007C4901A835F0F8FF01A8F9F77DFC01A8BF
:106C900036F04AF8396801A835F0EEFF01A8F9F797
:106CA00073FC01A836F040F87349FFF79EBB222021
:106CB00039F056F9FFF73BBB222038F09BF9FFF77C
:106CC00036BB222037F0ACF8FFF731BB222039F079
:106CD00047F9FFF70ABB222038F08CF9FFF705BB14
:106CE000222037F09DF8FFF700BB222039F038F959
:106CF000FFF7D7BA222038F07DF9FFF7D2BA222069
:106D000037F08EF8FFF7CDBA222039F029F9FFF7D6
:106D1000A4BA222038F06EF9FFF79FBA222037F08C
:106D20007FF8FFF79ABA222039F01AF9FFF766BA0E
:106D3000222038F05FF9FFF761BA222037F070F8AF
:106D4000FFF75CBA222039F00BF9FFF735BA2220A1
:106D500038F050F9FFF730BA222037F061F8FFF72A
:106D60002BBA222039F0FCF8FFF702BA222038F0C3
:106D700041F9FFF7FDB9222037F052F8FFF7F8B9D3
:106D8000222039F0EDF8FFF7CFB9222038F032F9A0
:106D9000FFF7CAB9222037F043F8FFF7C5B9222020
:106DA00039F0DEF8FFF76BB9222038F023F9FFF74E
:106DB00066B9222037F034F8FFF761B9222039F0A4
:106DC000CFF8FFF716B9222038F014F9FFF711B900
:106DD000222037F025F8FFF70CB9222039F0C0F84F
:106DE000FFF7E3B8222038F005F9FFF7DEB82220DC
:106DF00037F016F8FFF7D9B8222039F0B1F8FFF7CD
:106E0000B0B8222038F0F6F8FFF7ABB8222037F000
:106E100007F8FFF7A6B8222039F0A2F8FFF772B8FA
:106E2000222038F0E7F8FFF76DB800BFA0BC0400DF
:106E3000B8BC040038BF04004CBF0400F0BE04001E
:106E400004BF0400ACBE0400C0BE04006CBE04005D
:106E500080BE040024BE040038BE0400E8BD040067
:106E600078BD040090BD040070BB04008007FF1FC4
:106E700080BB040090BB0400A8BB0400222036F0B5
:106E8000CFFFFFF73FB8222039F06AF8FFF718B8B4
:106E9000222038F0AFF8FFF713B8222036F0C0FFF9
:106EA000FFF70EB8222039F05BF8FEF7E5BF22208D
:106EB00038F0A0F8FEF7E0BF222036F0B1FFFEF771
:106EC000DBBF222039F04CF8FEF7B1BF222038F0AA
:106ED00091F8FEF7ACBF222036F0A2FFFEF7A7BF65
:106EE000222039F03DF8B0E4222038F083F8ACE4F9
:106EF000222036F095FFA8E4222039F031F882E410
:106F0000222038F077F87EE4222036F089FF7AE4F8
:106F1000222039F025F800E4222038F06BF8FFF742
:106F2000FCBB222036F07CFFFFF7F7BB222039F0B4
:106F300017F8FFF7D0BB222038F05CF8FFF7CBBB87
:106F4000222036F06DFFFFF7C6BB222039F008F88B
:106F5000FFF79DBB222038F04DF8FFF798BB2220A9
:106F600036F05EFFFFF793BB222038F0F9FFFFF702
:106F70006ABB222038F03EF8FFF765BB222036F0CE
:106F80004FFFFFF760BB222038F0EAFFFFF739BB65
:106F9000222038F02FF8FFF734BB222036F040FFD4
:106FA000FFF72FBB222038F0DBFFFFF7CFBA2220FC
:106FB00038F020F8FFF7CABA222036F031FFFFF789
:106FC000C5BA222038F0CCFFFFF79EBA222038F055
:106FD00011F8FFF799BA222036F022FFFFF794BA92
:106FE000222038F0BDFFFFF76BBA222038F002F8FC
:106FF000FFF766BA222036F013FFFFF761BA2220AE
:1070000038F0AEFFFFF738BA222037F0F3FFFFF772
:1070100033BA222036F004FFFFF72EBA70B5B44B16
:10702000C8B01D6806AC2D1B601936F04FF804F887
:10703000010B48AB9C42F7D1AE4A13680293029908
:1070400013680193019B5B1AC72BF9D9AA49AB4E70
:1070500003A835F011FE03A8F9F796FA03A835F056
:1070600063FE3368012B00F00A82032B00F06F826D
:10707000002B00F06882A24CA24DD4ED067AB8EE47
:10708000670AF9F739FA296803A835F0F5FD03A86E
:10709000F9F77AFA03A835F047FE9B4903A835F0C3
:1070A000EBFD03A8F9F770FA03A835F03DFE33684D
:1070B000012B00F04482032B00F03D82002B00F0F6
:1070C0003682D4ED077AB8EE670AF9F715FA29681F
:1070D00003A835F0D1FD03A8F9F756FA03A835F057
:1070E00023FE8A4903A835F0C7FD03A8F9F74CFA37
:1070F00003A835F019FE3368012B00F01482032B2E
:1071000000F00D82002B00F00682D4ED0B7AB8EE71
:10711000670AF9F7F1F9296803A835F0ADFD03A86E
:10712000F9F732FA03A835F0FFFD794903A835F0E5
:10713000A3FD03A8F9F728FA03A835F0F5FD336895
:10714000012B00F0E481032B00F0DD81002B00F027
:10715000D681D4ED0C7AB8EE670AF9F7CDF9296833
:1071600003A835F089FD03A8F9F70EFA03A835F056
:10717000DBFD684903A835F07FFD03A8F9F704FAA1
:1071800003A835F0D1FD3368012B00F0B481032B47
:1071900000F0AD81002B00F0A681D4ED137AB8EE9B
:1071A000670AF9F7A9F9296803A835F065FD03A86E
:1071B000F9F7EAF903A835F0B7FD574903A835F008
:1071C0005BFD03A8F9F7E0F903A835F0ADFD3368DE
:1071D000012B00F08481032B00F07D81002B00F057
:1071E0007681D4ED147AB8EE670AF9F785F9296843
:1071F00003A835F041FD03A8F9F7C6F903A835F057
:1072000093FD464903A835F037FD03A8F9F7BCF90B
:1072100003A835F089FD3368012B00F05481032B5E
:1072200000F04D81002B00F04681D4ED1B7AB8EEC2
:10723000670AF9F761F9296803A835F01DFD03A86D
:10724000F9F7A2F903A835F06FFD0921344838F0A9
:1072500001FE00230A22E16E324835F025FB314859
:1072600035F00AFB304903A835F006FD03A8F9F70D
:107270008BF903A835F058FD3368012B00F0178116
:10728000032B00F01081002B00F00981D4ED1C7A53
:10729000B8EE670AF9F730F9296803A835F0ECFC75
:1072A00003A8F9F771F903A835F03EFD09211F483D
:1072B00038F0D0FD00230A22216F1A4835F0F4FA85
:1072C000184835F0D9FA1A4903A835F0D5FC03A8B7
:1072D000F9F75AF903A835F027FD3368012B00F0C0
:1072E000DA80032B00F0D380002B00F0CC8021E06B
:1072F0006C16FF1F5C1FFF1F88BF04009807FF1F4D
:10730000A813FF1F8407FF1F9CBF0400B0BF040029
:10731000C4BF0400D8BF0400ECBF040000C00400D8
:1073200014C004006008FF1F20C0040034C0040023
:1073300040C00400D4ED3E7AB8EE670AF9F7DCF8F5
:10734000296803A835F098FC03A8F9F71DF903A8EC
:1073500035F0EAFC0D21804838F07CFD0023D4F89C
:10736000C8107E480A2235F09FFA7C4835F084FA2E
:10737000D4F8C830002B6AD079497A4D03A835F08B
:107380007BFC03A8F9F700F903A835F0CDFC2968C8
:1073900003A835F071FC03A8F9F7F6F803A835F057
:1073A000C3FCD4F8FC30002B53D16F4903A835F04F
:1073B00063FC03A8F9F7E8F803A835F0B5FC2968E1
:1073C00003A835F059FC03A8F9F7DEF803A835F057
:1073D000ABFC664903A835F04FFC03A8F9F7D4F8D5
:1073E00003A835F0A1FC296803A835F045FC03A8E3
:1073F000F9F7CAF803A835F097FC5D4903A835F002
:107400003BFC03A8F9F7C0F803A835F08DFC296808
:1074100003A835F031FC03A8F9F7B6F803A835F056
:1074200083FC544903A835F027FC03A8F9F7ACF80E
:1074300003A835F079FC296803A835F01DFC03A8E2
:10744000F9F7A2F803A835F06FFC48B070BD4A49BF
:1074500093E74A4903A835F00FFC03A8F9F794F81D
:1074600003A835F061FC296803A835F005FC03A8E2
:10747000F9F78AF803A835F057FC4149AAE722201A
:1074800036F0CEFCF7E5222038F06AFD52E72220E4
:1074900037F0B0FD4EE7222036F0C2FC4AE722204A
:1074A00038F05EFDF2E6222037F0A4FDEEE6222061
:1074B00036F0B6FCEAE6222038F052FDB5E622208E
:1074C00037F098FDB1E6222036F0AAFCADE6222086
:1074D00038F046FD85E6222037F08CFD81E622203B
:1074E00036F09EFC7DE6222038F03AFD55E622205B
:1074F00037F080FD51E6222036F092FC4DE6222046
:1075000038F02EFD25E6222037F074FD21E62220FA
:1075100036F086FC1DE6222038F022FDF5E522201B
:1075200037F068FDF1E5222036F07AFCEDE5222007
:1075300038F016FDC5E5222037F05CFDC1E52220BC
:1075400036F06EFCBDE5222038F00AFD93E52220DE
:1075500037F050FD8FE500BF54C004006008FF1FE6
:1075600064C004008007FF1F8CC00400A0C004009A
:10757000DCC00400F8C0040078C00400B4C00400FB
:10758000C8C0040070B5BB4BC6B01D6804AE34461D
:10759000AD1B601935F09AFD04F8010B46AB9C4217
:1075A000F7D1B549B54D01A835F066FB01A8F8F74C
:1075B000EBFF01A835F0B8FB2B68012B00F0A08190
:1075C000032B00F01182002B00F00A82D6ED1D7A09
:1075D000AB4CB8EE670AF8F78FFF216801A835F0C9
:1075E0004BFB01A8F8F7D0FF01A835F09DFBA5499A
:1075F00001A835F041FB01A8F8F7C6FF01A835F056
:1076000093FB2B68012B00F0E781032B00F0E08156
:10761000002B00F0D981D6ED1E7AB8EE670AF8F794
:107620006BFF216801A835F027FB01A8F8F7ACFF34
:1076300001A835F079FB944901A835F01DFB01A89C
:10764000F8F7A2FF01A835F06FFB2B68012B00F0C3
:10765000B781032B00F0B081002B00F0A981D6ED9B
:107660001F7AB8EE670AF8F747FF216801A835F0DE
:1076700003FB01A8F8F788FF01A835F055FB834903
:1076800001A835F0F9FA01A8F8F77EFF01A835F056
:107690004BFB2B68012B00F08781032B00F08081CE
:1076A000002B00F07981D6ED207AB8EE670AF8F762
:1076B00023FF216801A835F0DFFA01A8F8F764FF7D
:1076C00001A835F031FB724901A835F0D5FA01A8BF
:1076D000F8F75AFF01A835F027FB2B68012B00F0C3
:1076E0005781032B00F05081002B00F04981D6ED2B
:1076F000217AB8EE670AF8F7FFFE216801A835F095
:10770000BBFA01A8F8F740FF01A835F00DFB61496D
:1077100001A835F0B1FA01A8F8F736FF01A835F055
:1077200003FB2B68012B00F02781032B00F0208145
:10773000002B00F01981D6ED227AB8EE670AF8F72F
:10774000DBFE216801A835F097FA01A8F8F71CFFC5
:1077500001A835F0E9FA504901A835F08DFA01A8E1
:10776000F8F712FF01A835F0DFFA2B68012B00F0C3
:10777000F780032B00F0F080002B00F0E980D6EDBD
:10778000237AB8EE670AF8F7B7FE216801A835F04A
:1077900073FA01A8F8F7F8FE01A835F0C5FA3F49D9
:1077A00001A835F069FA01A8F8F7EEFE01A835F056
:1077B000BBFA2B68012B00F0C780032B00F0C080C0
:1077C000002B00F0B980D6ED247AB8EE670AF8F7FE
:1077D00093FE216801A835F04FFA01A8F8F7D4FE0E
:1077E00001A835F0A1FA2E4901A835F045FA01A803
:1077F000F8F7CAFE01A835F097FA2B68012B00F0C4
:107800009780032B00F09080002B00F08980D6ED4C
:10781000257AB8EE670AF8F76FFE216801A835F0FF
:107820002BFA01A8F8F7B0FE01A835F07DFA1D4942
:1078300001A835F021FA01A8F8F7A6FE01A835F055
:1078400073FA2B68012B67D0032B61D0002B5BD020
:1078500096ED260A144DB8EE400AF8F74DFE216861
:1078600001A835F009FA01A8F8F78EFE01A835F055
:107870005BFA1BE06C16FF1F10C104009807FF1F86
:107880008407FF1F24C1040038C104004CC1040058
:1078900060C1040074C1040088C104009CC10400DC
:1078A000B4C10400CCC104008007FF1F504901A8E7
:1078B00035F0E2F901A8F8F767FE01A835F034FACF
:1078C000296801A835F0D8F901A8F8F75DFE01A8EC
:1078D00035F02AFA474901A835F0CEF901A8F8F7A2
:1078E00053FE01A835F020FA296801A835F0C4F943
:1078F00001A8F8F749FE01A835F016FA46B070BDA8
:10790000222036F08DFA61E6222038F029FB9FE72D
:10791000222037F06FFB9BE7222036F081FA97E7B1
:10792000222038F01DFB72E7222037F063FB6EE760
:10793000222036F075FA6AE7222038F011FB42E780
:10794000222037F057FB3EE7222036F069FA3AE76B
:10795000222038F005FB12E7222037F04BFB0EE720
:10796000222036F05DFA0AE7222038F0F9FAE2E642
:10797000222037F03FFBDEE6222036F051FADAE62D
:10798000222038F0EDFAB2E6222037F033FBAEE6E3
:10799000222036F045FAAAE6222038F0E1FA82E603
:1079A000222037F027FB7EE6222036F039FA7AE6ED
:1079B000222038F0D5FA52E6222037F01BFB4EE6A3
:1079C000222036F02DFA4AE6222038F0C9FA22E6C3
:1079D000222037F00FFB1EE6222036F021FA1AE6AD
:1079E000222038F0BDFAF1E5222037F003FBEDE567
:1079F000E4C1040000C204002DE9F043884B1B6879
:107A0000013BA1B00A2B00F20881DFE813F0F70771
:107A10008D089908D30806011F097F0A950C190ED5
:107A20009F0F21017F49204635F026F92046F8F7BF
:107A3000ABFD204635F078F93368012B06F06487FA
:107A4000032B06F05C87002B06F05487764920460E
:107A500035F012F92046F8F797FD204635F064F925
:107A60002968204635F008F92046F8F78DFD2046B4
:107A700035F05AF96D49204635F0FEF82046F8F702
:107A800083FD204635F050F93368012B06F02D8731
:107A9000032B06F02587002B06F01D87DFF8AC814D
:107AA000D8F80030002B44F086806149204635F03C
:107AB000E3F82046F8F768FD204635F035F92968E7
:107AC000204635F0D9F82046F8F75EFD204635F01F
:107AD0002BF95849204635F0CFF82046F8F754FDE9
:107AE000204635F021F93368012B06F02380032B63
:107AF00006F01B80002B06F0138098ED030AF8F7C0
:107B0000FBFC2968204635F0B7F82046F8F73CFD25
:107B1000204635F009F9D8F80430302B05F0E7801D
:107B200004F2BB87002B05F0E280012B27D14249EC
:107B3000204635F0A1F82046F8F726FD204635F01E
:107B4000F3F83368012B06F0F381032B06F0EB8189
:107B5000002B06F0D4813949204635F08DF82046B7
:107B6000F8F712FD204635F0DFF82968204635F099
:107B700083F82046F8F708FD204635F0D5F830495F
:107B8000204635F079F82046F8F7FEFC204635F01F
:107B9000CBF83368012B05F0CB80032B05F0C380B5
:107BA000002B05F0C8863B6B002B02F000802549B6
:107BB000204635F061F82046F8F7E6FC204635F01F
:107BC000B3F82968204635F057F82046F8F7DCFC72
:107BD000204635F0A9F81C49204635F04DF82046DE
:107BE000F8F7D2FC204635F09FF83368012B05F0FA
:107BF000B186032B05F0A986002B05F0A18697ED31
:107C00000B0AF8F779FC2968204635F035F820464C
:107C1000F8F7BAFC204635F087F821B0BDE8F083CC
:107C20008807FF1F84C2040010D704009CC2040010
:107C3000DCC60400B4C2040004C30400F8C6040097
:107C4000CCC20400E8C20400ECC204002811FF1FEB
:107C5000D24FD3497B6DD34E04AC204603F01008BD
:107C600035F00AF82046F8F78FFC204635F05CF82E
:107C70003368012B05F04C83032B05F04483002B64
:107C800005F03C83C849C94D204634F0F5FF204635
:107C9000F8F77AFC204635F047F82968204634F09A
:107CA000EBFF2046F8F770FC204635F03DF8C04960
:107CB000204634F0E1FF2046F8F766FC204635F018
:107CC00033F83368012B05F01483032B05F00C8384
:107CD000002B05F004833B6C012B0CBFB549B64962
:107CE000204634F0C9FF2046F8F74EFC204635F018
:107CF0001BF82968204634F0BFFF2046F8F744FC03
:107D0000204635F011F8AD49204634F0B5FF204645
:107D1000F8F73AFC204635F007F83368012B05F0F8
:107D2000D982032B05F0D182002B05F0878197EDD6
:107D3000170AF8F7E1FB2968204634F09DFF20463A
:107D4000F8F722FC204634F0EFFF9D49204634F03E
:107D500093FF2046F8F718FC204634F0E5FF33681F
:107D6000012B05F06281032B05F0EB82002B01F063
:107D70006287B8F1000F41F01D879249204634F028
:107D80007BFF2046F8F700FC204634F0CDFF296841
:107D9000204634F071FF2046F8F7F6FB204634F019
:107DA000C3FF8949204634F067FF2046F8F7ECFB13
:107DB000204634F0B9FF3368012B04F0E687032B2B
:107DC00004F0DE87002B04F0D687D7ED0A7AB8EEF0
:107DD000E70AF8F791FB2968204634F04DFF20466A
:107DE000F8F7D2FB204634F09FFF7849204634F064
:107DF00043FF2046F8F7C8FB204634F095FF336870
:107E0000012B04F0B387032B05F09085002B05F0C0
:107E10008885D7ED007AB8EEE70AF8F76DFB296898
:107E2000204634F029FF2046F8F7AEFB204634F018
:107E30007BFF6749204634F01FFF2046F8F7A4FB7C
:107E4000204634F071FF3368012B05F06585032B64
:107E500005F05D85002B05F05585D7ED057AB8EE68
:107E6000E70AF8F749FB2968204634F005FF204669
:107E7000F8F78AFB204634F057FF1521554837F0B4
:107E8000E9FFF96B544834F0EFFC534834F0F4FC4C
:107E90005249204634F0F0FE2046F8F775FB2046A4
:107EA00034F042FF3368012B05F02785032B05F0E2
:107EB0001F85002B05F01785D7ED1E7AB8EEE70A6F
:107EC000F8F71AFB2968204634F0D6FE2046F8F76A
:107ED0005BFB204634F028FF3149204634F0CCFECD
:107EE0002046F8F751FB204634F01EFF3368012B83
:107EF00005F0F484032B05F0EC84002B05F0E484FA
:107F00003749204634F0B8FE2046F8F73DFB2046BE
:107F100034F00AFF2968204634F0AEFE2046F8F718
:107F200033FB204634F000FF2E49204634F0A4FEF7
:107F30002046F8F729FB204634F0F6FE3368012B83
:107F400005F0BD84032B05F0B584002B05F0AD844E
:107F5000D7ED067AB8EEE70AF8F7CEFA2968204698
:107F600034F08AFE2046F8F70FFB204634F0DCFEA2
:107F70001D49204634F080FE2046F8F705FB2046D8
:107F800034F0D2FE3368012B05F08A84032B05F010
:107F90008284002B05F07A8428E000BF4C12FF1F7A
:107FA00004C304009807FF1FF0D104008407FF1FDB
:107FB0009CC204001CC3040020C3040084C204004B
:107FC0006CC20400E4C2040030C2040018C2040001
:107FD00048C2040024C304006008FF1FB4C20400A8
:107FE000D4B904003CC3040054C30400D7ED017AA3
:107FF000B8EEE70AF8F780FA2968204634F03CFE2C
:108000002046F8F7C1FA204634F08EFED4492046C7
:1080100034F032FE2046F8F7B7FA204634F084FEFA
:108020003368012B05F02D84032B05F02584002BEC
:1080300005F01D84D7ED0B7AB8EEE70AF8F75CFA85
:108040002968204634F018FE2046F8F79DFA2046AD
:1080500034F06AFEC349204634F00EFE2046F8F79D
:1080600093FA204634F060FE3368012B05F0FA8362
:10807000032B05F0F283002B05F0EA837B6DD80714
:108080004CBFB949B949204634F0F6FD2046F8F70F
:108090007BFA204634F048FE2968204634F0ECFD97
:1080A0002046F8F771FA204634F03EFEB0492046EB
:1080B00034F0E2FD2046F8F767FA204634F034FE4B
:1080C0003368012B05F0BF83032B05F0B783002B2A
:1080D00005F0AF8397ED180AF8F70EFA29682046E5
:1080E00034F0CAFD2046F8F74FFA204634F01CFE63
:1080F000A049204634F0C0FD2046F8F745FA204656
:1081000034F012FE3368012B05F08E83032B05F04B
:108110008683002B05F07E837B6C012B0CBF964978
:108120009649204634F0A8FD2046F8F72DFA20465F
:1081300034F0FAFD2968204634F09EFD2046F8F719
:1081400023FA204634F0F0FD8D49204634F094FDAA
:108150002046F8F719FA204634F0E6FD3368012B83
:1081600005F05383032B05F04B83002B05F043836D
:10817000D7ED1F7AB8EEE70AF8F7BEF9296820466E
:1081800034F07AFD2046F8F7FFF9204634F0CCFDB4
:108190007C49204634F070FD2046F8F7F5F920467A
:1081A00034F0C2FD3368012B05F02083032B05F06A
:1081B0001883002B05F010837349204634F05CFDD2
:1081C0002046F8F7E1F9204634F0AEFD2968204654
:1081D00034F052FD2046F8F7D7F9204634F0A4FDDC
:1081E0006A49204634F048FD2046F8F7CDF920468C
:1081F00034F09AFD3368012B05F0E982032B05F07A
:10820000E182002B05F0D982D7ED077AB8EEE70AB4
:10821000F8F772F92968204634F02EFD2046F8F769
:10822000B3F9204634F080FD5949204634F024FD4E
:108230002046F8F7A9F9204634F076FD3368012B83
:1082400005F0B682032B05F0AE82002B05F0A68266
:10825000D7ED027AB8EEE70AF8F74EF9296820461A
:1082600034F00AFD2046F8F78FF9204634F05CFD23
:108270004849204634F000FD2046F8F785F92046AD
:1082800034F052FD3368012B05F08382032B05F097
:108290007B82002B05F07382D7ED0C7AB8EEE70AEB
:1082A000F8F72AF92968204634F0E6FC2046F8F76A
:1082B0006BF9204634F038FD3749204634F0DCFCB9
:1082C0002046F8F761F9204634F02EFD3368012B83
:1082D00005F05082032B05F04882002B05F0408208
:1082E0007B6D99074CBF20492049204634F0C4FCDF
:1082F0002046F8F749F9204634F016FD2968204653
:1083000034F0BAFC2046F8F73FF9204634F00CFD73
:108310002249204634F0B0FC2046F8F735F92046D3
:1083200034F002FD3368012B05F01582032B05F0B4
:108330000D82002B05F0058297ED190AF8F7DCF89D
:108340002968204634F098FC2046F8F71DF92046AD
:1083500034F0EAFC1249204634F08EFC204621E03D
:108360006CC3040084C30400E8C20400E4C2040037
:108370009CC30400B4C30400CCC30400D4C30400F1
:10838000DCC30400F4C30400A0E004000CC4040037
:1083900024C404003CC4040054C404006CC404009D
:1083A00084C40400F8F7F0F8204634F0BDFC3368CC
:1083B000012B05F0C181032B05F0B981002B05F0DD
:1083C000B181BB6C012B0CBFD449D549204634F098
:1083D00053FC2046F8F7D8F8204634F0A5FC29686D
:1083E000204634F049FC2046F8F7CEF8204634F019
:1083F0009BFCCC49204634F03FFC2046F8F7C4F8FB
:10840000204634F091FC3368012B05F08681032B64
:1084100005F07E81002B05F07681D7ED207AB8EE4D
:10842000E70AF8F769F82968204634F025FC204669
:10843000F8F7AAF8204634F077FCBB49204634F020
:108440001BFC2046F8F7A0F8204634F06DFC33689A
:10845000012B05F05381032B05F03A81002B05F029
:108460003281B249204634F007FC2046F8F78CF8F8
:10847000204634F059FC2968204634F0FDFB2046A4
:10848000F8F782F8204634F04FFCA949204634F032
:10849000F3FB2046F8F778F8204634F045FC3368C3
:1084A000012B05F00B81032B05F00381002B05F058
:1084B000FB80D7ED087AB8EEE70AF8F71DF82968CF
:1084C000204634F0D9FB2046F8F75EF8204634F019
:1084D0002BFC9849204634F0CFFB2046F8F754F89F
:1084E000204634F021FC3368012B05F0D880032BA3
:1084F00005F0D080002B05F0C880D7ED037AB8EEE8
:10850000E70AF7F7F9FF2968204634F0B5FB204663
:10851000F8F73AF8204634F007FC8749204634F053
:10852000ABFB2046F8F730F8204634F0FDFB33680B
:10853000012B05F0A580032B05F09D80002B05F095
:108540009580D7ED0D7AB8EEE70AF7F7D5FF2968E1
:10855000204634F091FB2046F8F716F8204634F018
:10856000E3FB7649204634F087FB2046F8F70CF809
:10857000204634F0D9FB3368012B05F07280032BC1
:1085800005F06A80002B05F062807B6D5A074CBFB6
:108590006B496C49204634F06FFB2046F7F7F4FF37
:1085A000204634F0C1FB2968204634F065FB2046A4
:1085B000F7F7EAFF204634F0B7FB6349204634F072
:1085C0005BFB2046F7F7E0FF204634F0ADFB336855
:1085D000012B05F03780032B05F02F80002B05F0D1
:1085E000278097ED1A0AF7F787FF2968204634F0AD
:1085F00043FB2046F7F7C8FF204634F095FB53496C
:10860000204634F039FB2046F7F7BEFF204634F011
:108610008BFB3368012B05F00680032B04F0FE87EB
:10862000002B04F0EC87FB6BDFF83C8103F00409BE
:10863000D8F83430002B04F04B82FB6C012B0CBFBC
:1086400036493749204634F017FB2046F7F79CFFA0
:10865000204634F069FB2968204634F00DFB2046A3
:10866000F7F792FF204634F05FFB1221384837F0CD
:10867000F1FB00230A22D8F83410364834F014F9FC
:10868000344834F0F9F81221334837F0E3FB494617
:10869000304834F0E9F82F4834F0EEF82F492046FE
:1086A00034F0EAFA2046F7F76FFF204634F03CFB3F
:1086B0003368012B04F0AD87032B04F0A587002B52
:1086C00004F03185D7ED217AB8EEE70AF7F714FF09
:1086D0002968204634F0D0FA2046F7F755FF2046A7
:1086E00034F022FB1E49204634F0C6FA2046F7F744
:1086F0004BFF204634F018FB3368012B04F00E8545
:10870000032B04F00685002B04F0FE841549204657
:1087100034F0B2FA2046F7F737FF27E0CCC3040065
:10872000D4C304009CC40400B4C404000CE10400DD
:10873000CCC40400E4C40400FCC4040014C5040058
:10874000E8C20400E4C204002CC5040044C50400CF
:108750005CC504006008FF1F70C5040084C50400E8
:108760009CC504005CE10400A813FF1F204634F000
:10877000DBFA2968204634F07FFA2046F7F704FF39
:10878000204634F0D1FA8F49204634F075FA20465D
:10879000F7F7FAFE204634F0C7FA3368012B04F0ED
:1087A000AE84032B04F0A684002B04F09E84D7ED46
:1087B000097AB8EEE70AF7F79FFE2968204634F0F9
:1087C0005BFA2046F7F7E0FE204634F0ADFA7E492A
:1087D000204634F051FA2046F7F7D6FE204634F012
:1087E000A3FA3368012B04F07B84032B04F0738419
:1087F000002B04F06B84D7ED047AB8EEE70AF7F7A4
:108800007BFE2968204634F037FA2046F7F7BCFE95
:10881000204634F089FA6D49204634F02DFA20467E
:10882000F7F7B2FE204634F07FFA3368012B04F0EC
:108830004884032B04F04084002B04F03884D7EDE7
:108840000E7AB8EEE70AF7F757FE2968204634F0AB
:1088500013FA2046F7F798FE204634F065FA5C4993
:10886000204634F009FA2046F7F78EFE204634F011
:108870005BFA3368012B04F01584032B04F00D849C
:10888000002B04F005847B6D1B074CBF51495249F6
:10889000204634F0F1F92046F7F776FE204634F012
:1088A00043FA2968204634F0E7F92046F7F76CFED2
:1088B000204634F039FA1221484837F0CBFA002329
:1088C0000A22D8F85410464833F0EEFF444833F0FB
:1088D000D3FF1221434837F0BDFA4946404833F0F0
:1088E000C3FF3F4833F0C8FF3F49204634F0C4F986
:1088F0002046F7F749FE204634F016FA3368012B7C
:1089000004F05782032B04F04F82002B04F04782BF
:1089100097ED1B0AF7F7F0FD2968204634F0ACF913
:108920002046F7F731FE204634F0FEF92F49204665
:1089300034F0A2F92046F7F727FE204634F0F4F988
:108940003368012B04F02682032B04F0FB82002BFA
:1089500004F0F382D8F85430002B04F0B2803B6D61
:10896000012B0CBF22492349204634F085F92046CB
:10897000F7F70AFE204634F0D7F92968204634F08C
:108980007BF92046F7F700FE204634F0CDF91A496E
:10899000204634F071F92046F7F7F6FD204634F012
:1089A000C3F93368012B04F02586032B04F0CF8133
:1089B000002B04F0C78197ED220AB8EEC00AFFF73A
:1089C00020B900BFB4C50400CCC50400E4C5040050
:1089D000FCC50400E8C20400E4C2040014C604009C
:1089E0006008FF1F70C5040028C6040040C60400CC
:1089F000CCC30400D4C3040058C60400804F814B8C
:108A0000814AB86DD3F80451804B126879691A70A5
:108A100003029BB243EA0263CAB213432A0402F47C
:108A20007F0213437A4A7B4E15707B4A10707B4A53
:108A300004AC11707A4A7B491360204634F01CF96B
:108A40002046F7F7A1FD204634F06EF93368012B7C
:108A500004F07284032B04F06A84002B04F0628417
:108A6000D7ED007A704DB8EEE70AF7F745FD2968B3
:108A7000204634F001F92046F7F786FD204634F011
:108A800053F96A49204634F0F7F82046F7F77CFDA1
:108A9000204634F049F93368012B04F03E84032B5F
:108AA00004F09683002B04F08E83D7ED0A7AB8EE9B
:108AB000E70AF7F721FD2968204634F0DDF8204663
:108AC000F7F762FD204634F02FF95949204634F07B
:108AD000D3F82046F7F758FD204634F025F93368DF
:108AE000012B04F06B83032B04F06383002B04F051
:108AF0001582D7ED057AB8EEE70AF7F7FDFC29688D
:108B0000204634F0B9F82046F7F73EFD204634F011
:108B10000BF9BB6D013B032B06F23883DFE813F042
:108B20005113CA128014DE11424FBB6D042B06F2A2
:108B30002883DFE813F07317D7164D16C315FC14FE
:108B40003D4F3E48152137F085F900230A22396848
:108B50003B4833F0A9FE3A4833F08EFE27213948CE
:108B600037F078F90023796935480A2233F09CFE02
:108B7000334833F081FE3B68032B04F07584042BEB
:108B800004F0E883002B04F01981224E264D04AC3A
:108B90007B68013B042B3EF6F2AF01A252F823F0B2
:108BA000CFBC000045BC0000BDBB000031BB0000D5
:108BB000257A0000244F3B68013B0D2B3FF62DA882
:108BC00001A252F823F000BF4DC60000CBC4000044
:108BD0002DC900006DC300001B7C00001B7C000041
:108BE0001B7C00001B7C00001B7C00001B7C000029
:108BF000EBC100008DC00000ABC70000F1BE00005B
:108C00006C11FF1FA813FF1F7407FF1FBE18FF1F63
:108C1000BD18FF1F9807FF1FBF18FF1FBC18FF1FBD
:108C20002417FF1F18C204008407FF1F30C204006E
:108C300048C204004C12FF1F3811FF1F70C6040009
:108C40006008FF1F88C60400F811FF1F04ACA1498B
:108C5000A14E204634F010F82046F7F795FC204648
:108C600034F062F83368012B04F09C86032B04F087
:108C70009486002B04F08C86DFF88C82974DD8ED1B
:108C80000B7AB8EE670AF7F737FC2968204633F00D
:108C9000F3FF2046F7F778FC204634F045F890497A
:108CA000204633F0E9FF2046F7F76EFC204634F00B
:108CB0003BF83368012B04F06686032B04F05E86D4
:108CC000002B04F05686D8ED017AB8EE670AF7F764
:108CD00013FC2968204633F0CFFF2046F7F754FCF9
:108CE000204634F021F87F49204633F0C5FF204666
:108CF000F7F74AFC204634F017F83368012B04F0EC
:108D00003386032B04F02B86002B04F07582D8EDFC
:108D1000027AB8EE670AF7F7EFFB2968204633F0CE
:108D2000ABFF2046F7F730FC204633F0FDFF6E49DD
:108D3000204633F0A1FF2046F7F726FC204633F00B
:108D4000F3FF3368012B04F05282032B04F04A82B4
:108D5000002B04F04282654F7B6F002B00F03187BF
:108D60006349204633F088FF2046F7F70DFC204684
:108D700033F0DAFF2968204633F07EFF2046F7F70C
:108D800003FC204633F0D0FF5A49204633F074FFED
:108D90002046F7F7F9FB204633F0C6FF3368012B76
:108DA00004F0C681032B04F05381002B04F04B81A7
:108DB00097ED1C0AF7F7A0FB2968204633F05CFF0B
:108DC0002046F7F7E1FB204633F0AEFFD8F84030FD
:108DD000302B03F0218703F25886002B03F01C8709
:108DE000012B27D14449204633F046FF2046F7F7B0
:108DF000CBFB204633F098FF3368012B05F05C80F5
:108E0000032B05F05480002B04F0F2873B492046E9
:108E100033F032FF2046F7F7B7FB204633F084FFEC
:108E20002968204633F028FF2046F7F7ADFB20469F
:108E300033F07AFF3249204633F01EFF2046F7F721
:108E4000A3FB204633F070FF3368012B04F0388217
:108E5000032B04F03082002B04F0288298ED130AD3
:108E6000F7F74AFB2968204633F006FF2046F7F75C
:108E70008BFB204633F058FF2249204633F0FCFE9E
:108E80002046F7F781FB204633F04EFF3368012B75
:108E900004F00782032B04F0C381002B04F0BB8194
:108EA00098ED120AF7F728FB2968204633F0E4FE14
:108EB0002046F7F769FB204633F036FFD8F800303C
:108EC000013B032B3EF6A9AEDFE813F0C60E3C0EC5
:108ED0000D12A40D48C204009807FF1F8407FF1F4E
:108EE00018C2040030C20400CCC204006C11FF1F81
:108EF000E8C20400ECC2040004C30400CCC30400B4
:108F00003CC3040054C30400B014FF1F04ACD74991
:108F1000D74E204633F0B0FE2046F7F735FB20460B
:108F200033F002FF3368012B04F07081032B04F04F
:108F30006881002B04F05983DFF87483CD4DD8EDA0
:108F4000007AB8EE670AF7F7D7FA2968204633F0B7
:108F500093FE2046F7F718FB204633F0E5FEC6499E
:108F6000204633F089FE2046F7F70EFB204633F00B
:108F7000DBFE3368012B04F03383032B04F02B83D7
:108F8000002B04F02383D8ED0A7AB8EE670AF7F7CE
:108F9000B3FA2968204633F06FFE2046F7F7F4FA5B
:108FA000204633F0C1FEB549204633F065FE204629
:108FB000F7F7EAFA204633F0B7FE3368012B04F0E6
:108FC0000083032B04F0F882002B04F0F082D8ED2C
:108FD000057AB8EE670AF7F78FFA2968204633F06A
:108FE0004BFE2046F7F7D0FA204633F09DFEA44909
:108FF000204633F041FE2046F7F7C6FA204633F00C
:1090000093FE3368012B04F0CD82032B04F083859B
:10901000002B04F07B85D8ED177AB8EE670AF7F7D6
:109020006BFA2968204633F027FE2046F7F7ACFAA2
:10903000204633F079FE9349204633F01DFE20464A
:10904000F7F7A2FA204633F06FFE3368012B04F0E5
:109050005885032B04F05085002B04F09E8298ED78
:109060001B0AF7F749FA2968204633F005FE204627
:10907000F7F78AFA204633F057FE8349204633F04B
:10908000FBFD2046F7F780FA204633F04DFE3368AB
:10909000012B04F07D82032B04F07582002B04F079
:1090A0006D8298ED1A0AF7F727FA2968204633F0FF
:1090B000E3FD2046F7F768FA204633F035FE7349A2
:1090C000204633F0D9FD2046F7F75EFA204633F00C
:1090D0002BFE3368012B04F00A85032B04F0028574
:1090E000002B04F0FA84D8ED187AB8EEE70AF7F707
:1090F00003FA2968204633F0BFFD2046F7F744FA0B
:10910000204633F011FE6249204633F0B5FD20467B
:10911000F7F73AFA204633F007FE3368012B04F0E4
:10912000D784032B04F04884002B04F04084594F6B
:109130007B6F002B00F048855749204633F09CFD9B
:109140002046F7F721FA204633F0EEFD2968204645
:1091500033F092FD2046F7F717FA204633F0E4FD8E
:109160004E49204633F088FD2046F7F70DFA204699
:1091700033F0DAFD3368012B03F0DF85032B03F0B6
:10918000CD85002B04F0278497ED1C0AF7F7B4F97E
:109190002968204633F070FD2046F7F7F5F92046A0
:1091A00033F0C2FDD8F85830002B03F0AF84012B08
:1091B00040F0B6803A49204633F05EFD2046F7F78E
:1091C000E3F9204633F0B0FD3368012B04F0068646
:1091D000032B04F0FE85002B04F0F6853149204670
:1091E00033F04AFD2046F7F7CFF9204633F09CFDD7
:1091F0002968204633F040FD2046F7F7C5F92046A0
:1092000033F092FD2849204633F036FD2046F7F72B
:10921000BBF9204633F088FD3368012B04F0CF857D
:10922000032B04F0C785002B04F0BF85D8ED0F7A1F
:10923000B8EE670AF7F760F92968204633F01CFD9D
:109240002046F7F7A1F9204633F06EFD1749204676
:1092500033F012FD2046F7F797F9204633F064FD0E
:109260003368012B04F09C8524E000BF18C2040081
:109270009807FF1F8407FF1F30C2040048C2040084
:1092800084C304009CC30400B4C30400DCC3040012
:10929000CCC204006C11FF1FE8C20400ECC2040041
:1092A00004C3040038C704003CC3040054C30400D2
:1092B000D812FF1F032B04F06E85002B04F0668587
:1092C00098ED120AF7F718F92968204633F0D4FC14
:1092D0002046F7F759F9204633F026FDC9492046C4
:1092E00033F0CAFC2046F7F74FF9204633F01CFD57
:1092F0003368012B04F04585032B04F03D85002BDA
:1093000004F0358598ED110AF7F7F6F8296820463C
:1093100033F0B2FC2046F7F737F9204633F004FD6E
:10932000D8F85430013B032B3EF677ACDFE813F05E
:10933000C20814087C07F20604ACB349B34E2046B9
:1093400033F09AFC2046F7F71FF9204633F0ECFC87
:109350003368012B03F01E86032B03F01686002BC7
:1093600003F00E86DFF8D482A94DD8ED117AB8EE5D
:10937000670AF7F7C1F82968204633F07DFC2046DC
:10938000F7F702F9204633F0CFFCA249204633F02C
:1093900073FC2046F7F7F8F8204633F0C5FC336835
:1093A000012B03F0E885032B03F0E085002B03F08D
:1093B000D885D8ED0C7AB8EE670AF7F79DF82968DA
:1093C000204633F059FC2046F7F7DEF8204633F00C
:1093D000ABFC9149204633F04FFC2046F7F7D4F818
:1093E000204633F0A1FC3368012B03F0B585032B35
:1093F00003F0AD85002B04F06683D8ED167AB8EE45
:10940000670AF7F779F82968204633F035FC2046DB
:10941000F7F7BAF8204633F087FC8049204633F04E
:109420002BFC2046F7F7B0F8204633F07DFC33687C
:10943000012B04F04383032B04F03B83002B04F047
:109440003383D8ED047AB8EE670AF7F755F8296840
:10945000204633F011FC2046F7F796F8204633F00B
:1094600063FC6F49204633F007FC2046F7F78CF881
:10947000204633F059FC3368012B04F01083032B92
:1094800004F00883002B04F0008398ED030AF7F73B
:1094900033F82968204633F0EFFB2046F7F774F8DD
:1094A000204633F041FC5F49204633F0E5FB20467F
:1094B000F7F76AF8204633F037FC3368012B04F0E5
:1094C000DF82032B03F06186002B03F0598698EDB1
:1094D000060AF7F711F82968204633F0CDFB20463D
:1094E000F7F752F8204633F01FFC4F49204633F07F
:1094F000C3FB2046F7F748F8204633F015FC3368E5
:10950000012B03F03886032B03F03086002B03F089
:10951000FB84464F7B6F002B00F05183444920466B
:1095200033F0AAFB2046F7F72FF8204633F0FCFB78
:109530002968204633F0A0FB2046F7F725F820469F
:1095400033F0F2FB3B49204633F096FB2046F7F719
:109550001BF8204633F0E8FB3368012B03F0ED8560
:10956000032B03F0F485002B03F0EC8597ED1C0A28
:10957000F6F7C2FF2968204633F07EFB2046F7F756
:1095800003F8204633F0D0FBD8F81430002B03F05A
:109590005A83012B27D11B49204633F06DFB20460F
:1095A000F6F7F2FF204633F0BFFB3368012B04F0DF
:1095B0002E84032B04F02684002B04F01E841E4905
:1095C000204633F059FB2046F6F7DEFF204633F005
:1095D000ABFB2968204633F04FFB2046F6F7D4FF5B
:1095E000204633F0A1FBD8F80830023B052B02F2ED
:1095F000FF83DFE813F025143B140F146714511494
:10960000D51300BF6CC3040048C204009807FF1FB5
:109610008407FF1F18C2040030C2040004C3040002
:109620003CC3040054C30400CCC204006C11FF1FEF
:10963000E8C20400ECC2040038C704007C10FF1F1D
:1096400004ACB449B44E204633F016FB2046F6F77E
:109650009BFF204633F068FB3368012B03F08185C4
:10966000032B04F00882002B04F00082DFF8D8827C
:10967000AA4DD8ED0C7AB8EE670AF6F73DFF2968D7
:10968000204633F0F9FA2046F6F77EFF204633F005
:109690004BFBA349204633F0EFFA2046F6F774FF60
:1096A000204633F041FB3368012B04F0DA81032BB1
:1096B00004F0D281002B04F0CA81D8ED167AB8EEFE
:1096C000670AF6F719FF2968204633F0D5FA2046D5
:1096D000F6F75AFF204633F027FB9249204633F035
:1096E000CBFA2046F6F750FF204633F01DFB3368D7
:1096F000012B04F0A781032B04F09F81002B04F0C1
:109700009781D8ED117AB8EE670AF6F7F5FE296869
:10971000204633F0B1FA2046F6F736FF204633F004
:1097200003FB8149204633F0A7FA2046F6F72CFFC9
:10973000204633F0F9FA3368012B04F07481032BCF
:1097400004F06C81002B04F06481D8ED077AB8EE48
:10975000670AF6F7D1FE2968204633F08DFA2046D5
:10976000F6F712FF204633F0DFFA7049204633F057
:1097700083FA2046F6F708FF204633F0D5FA33681F
:10978000012B04F04181032B04F03981002B04F0FC
:10979000318198ED080AF6F7AFFE2968204633F0CC
:1097A0006BFA2046F6F7F0FE204633F0BDFA60492A
:1097B000204633F061FA2046F6F7E6FE204633F005
:1097C000B3FA3368012B04F01081032B04F00881F5
:1097D000002B03F01B8498ED0B0AF6F78DFE296829
:1097E000204633F049FA2046F6F7CEFE204633F005
:1097F0009BFA5049204633F03FFA2046F6F7C4FE64
:10980000204633F091FA3368012B03F0FA83032BDF
:1098100003F0F283002B03F0EA834749204633F03C
:109820002BFA2046F6F7B0FE204633F07DFA296881
:10983000204633F021FA2046F9F742FE204633F065
:1098400073FAD8F81430002B03F04981012B00F093
:10985000C9813A49204633F00FFA2046F6F794FEC4
:10986000204633F061FA3368012B03F07584032B33
:1098700004F0AC80002B04F0A480D8F82830002B32
:1098800003F0F881012B00F0A2812968204633F013
:10989000F3F92046F6F778FE204633F045FAD8F87B
:1098A0002430022B03F00C82032B27D124492046BD
:1098B00033F0E2F92046F6F767FE204633F034FA3B
:1098C0003368012B04F03082032B04F02882002B34
:1098D00004F039821B49204633F0CEF92046F6F7D2
:1098E00053FE204633F020FA2968204633F0C4F9AD
:1098F0002046F6F749FE204633F016FAD8F8003035
:10990000013B032B3EF689A9DFE813F07A03DF025F
:109910004802BE0118C204009807FF1F8407FF1FFA
:1099200030C2040048C2040004C304003CC3040065
:1099300054C304009CC30400B416FF1F6CC304008E
:1099400084C30400A0C704007C10FF1F04ACBE4900
:10995000BE4E204633F090F92046F6F715FE20461D
:1099600033F0E2F93368012B03F05A83032B03F041
:109970005283002B03F03683DFF80883B44DD8ED13
:109980000A7AB8EE670AF6F7B7FD2968204633F081
:1099900073F92046F6F7F8FD204633F0C5F9AD49D6
:1099A000204633F069F92046F6F7EEFD204633F005
:1099B000BBF93368012B03F01083032B03F00883FA
:1099C000002B03F00083D8ED007AB8EE670AF6F7B3
:1099D00093FD2968204633F04FF92046F6F7D4FD71
:1099E000204633F0A1F99C49204633F045F9204642
:1099F000F6F7CAFD204633F097F93368012B03F0E0
:109A0000DD82032B03F0D582002B03F0CD82D8ED4D
:109A1000057AB8EE670AF6F76FFD2968204633F03D
:109A20002BF92046F6F7B0FD204633F07DF98B493F
:109A3000204633F021F92046F6F7A6FD204633F004
:109A400073F93368012B03F0AA82032B03F02484FB
:109A5000002B03F01C8498ED0F0AF6F74DFD2968E2
:109A6000204633F009F92046F6F78EFD204633F004
:109A70005BF97B49204633F0FFF82046F6F784FD7A
:109A8000204633F051F93368012B03F0FB83032B9D
:109A900003F0F383002B03F0EB8398ED100AF6F745
:109AA0002BFD2968204633F0E7F82046F6F76CFDD9
:109AB000204633F039F96B49204633F0DDF8204673
:109AC000F6F762FD204633F02FF93368012B03F0DF
:109AD000CA83032B03F0C283002B03F0BA8398EDF3
:109AE000170AF6F709FD2968204633F0C5F8204625
:109AF000F6F74AFD204633F017F95B49204633F06C
:109B0000BBF82046F6F740FD204633F00DF93368E8
:109B1000012B03F02681032B03F01E81002B03F0A1
:109B20008483524F7B6F002B47D05149204633F03E
:109B3000A3F82046F6F728FD204633F0F5F829680B
:109B4000204633F099F82046F6F71EFD204633F004
:109B5000EBF84849204633F08FF82046F6F714FD1D
:109B6000204633F0E1F83368012B03F06D83032BBB
:109B700003F06583002B03F05D8397ED1C0AF6F775
:109B8000BBFC2968204633F077F82046F6F7FCFC4A
:109B9000204633F0C9F8D8F84430013B032B3EF699
:109BA0003CA8DFE813F0EF088B06D1052505324904
:109BB000FDF7FEBF2E49FEF7E1B82F49B6E72E4963
:109BC000ADE42D49FFF7CDB82B49FFF7B6BA2B49C5
:109BD000204633F051F82046F6F7D6FC204633F005
:109BE000A3F852E62649204633F046F82046F6F719
:109BF000CBFC204633F098F83368012B04F05281F7
:109C0000032B04F04A81002B04F042811B492046BB
:109C100033F032F82046F6F7B7FC204633F084F8EC
:109C20002968204633F028F82046F6F7ADFC204698
:109C300033F07AF80DE6222036F092F9B8F1000FF1
:109C40003EF49BA8B6E700BF48C204009807FF1F78
:109C50008407FF1F18C2040030C2040004C30400BC
:109C60003CC3040054C30400CCC204006C11FF1FA9
:109C7000E8C20400ECC20400E4C2040038C70400D7
:109C80006CC304004813FF1FD549204632F0F4FF8F
:109C90002046F6F779FC204633F046F83368012B6E
:109CA00003F0C087032B03F0B887002B03F0B087C5
:109CB000CC49204632F0E0FF2046F6F765FC20460E
:109CC00033F032F82968204632F0D6FF2046F6F706
:109CD0005BFC204633F028F8C349204632F0CCFF25
:109CE0002046F6F751FC204633F01EF83368012B6E
:109CF00003F08987032B03F08187002B03F079871A
:109D0000D8ED107AB8EE670AF6F7F6FB2968204618
:109D100032F0B2FF2046F6F737FC204633F004F865
:109D2000B249204632F0A8FF2046F6F72DFC204627
:109D300032F0FAFF3368012B03F05687032B03F050
:109D40004E87002B03F00A87D8ED1A7AB8EE670A1F
:109D5000F6F7D2FB2968204632F08EFF2046F6F750
:109D600013FC204632F0E0FFA149204632F084FF88
:109D70002046F6F709FC204632F0D6FF3368012B67
:109D800003F0E786032B03F0DF86002B03F0D78672
:109D900098ED150AB8EE400AFDF733BF904920460A
:109DA00032F06AFF2046F6F7EFFB204632F0BCFFA8
:109DB0003368012B03F05E87032B03F05687002BDB
:109DC00003F04E878B49204632F056FF2046F6F7C7
:109DD000DBFB204632F0A8FF2968204632F04CFF1A
:109DE0002046F6F7D1FB204632F09EFF7E49204602
:109DF00032F042FF2046F6F7C7FB204632F094FFD0
:109E00003368012B03F02787032B03F01F87002BF8
:109E100003F01787D8ED0F7AB8EE670AF6F76CFBF8
:109E20002968204632F028FF2046F6F7ADFB204691
:109E300032F07AFF6D49204632F01EFF2046F6F7D9
:109E4000A3FB204632F070FF3368012B03F0F48649
:109E5000032B03F0EC86002B03F02087D8ED197A52
:109E6000B8EE670AF6F748FB2968204632F004FF8F
:109E70002046F6F789FB204632F056FF5C49204623
:109E800032F0FAFE2046F6F77FFB204632F04CFF18
:109E90003368012B03F0FD86032B03F0F586002BBE
:109EA00003F0ED8698ED140AB8EE400AFDF7A9BE5E
:109EB000514B1F680DF17C093F1BE01933F006F987
:109EC00004F8010B4C45F8D101AC4549204632F06D
:109ED000D3FE2046F6F758FB204632F025FF3368C4
:109EE000012B03F01787032B03F00F87002B03F0E0
:109EF00007874249204632F0BFFE2046F6F744FB72
:109F0000204632F011FF2968204632F0B5FE204687
:109F1000F6F73AFB204632F007FF3349204632F08D
:109F2000ABFE2046F6F730FB204632F0FDFE3368EC
:109F3000012B03F0E086032B03F0D886002B03F0FF
:109F4000D086D8ED0E7AB8EE670AF6F7D5FA29680A
:109F5000204632F091FE2046F6F716FB204632F0FE
:109F6000E3FE2249204632F087FE2046F6F70CFB3E
:109F7000204632F0D9FE3368012B03F0AD86032B67
:109F800003F0A586002B03F09D86D8ED187AB8EE75
:109F9000670AF6F7B1FA2968204632F06DFE2046CE
:109FA000F6F7F2FA204632F0BFFE1149204632F0B1
:109FB00063FE2046F6F7E8FA204632F0B5FE336835
:109FC000012B03F07A86032B03F07286002B03F03B
:109FD0006A8698ED130AB8EE400AFDF712BE00BF7C
:109FE0006CC204005CE104009CC20400B4C2040022
:109FF00084C204000CE104003807FF1FA0E0040045
:10A00000CE49204632F038FE2046F6F7BDFA20460B
:10A0100032F08AFE3368012B03F0DC85032B03F05A
:10A02000D485002B03F0CC85C549204632F024FEB0
:10A030002046F6F7A9FA204632F076FE2968204637
:10A0400032F01AFE2046F6F79FFA204632F06CFEF8
:10A05000BC49204632F010FE2046F6F795FA20461D
:10A0600032F062FE3368012B03F0A585032B03F069
:10A070009D85002B03F09585D8ED0D7AB8EE670A23
:10A08000F6F73AFA2968204632F0F6FD2046F6F750
:10A090007BFA204632F048FEAB49204632F0ECFD18
:10A0A0002046F6F771FA204632F03EFE3368012B67
:10A0B00003F07285032B03F06A85002B03F06285A1
:10A0C000D8ED177AB8EE670AF6F716FA296820462F
:10A0D00032F0D2FD2046F6F757FA204632F024FE41
:10A0E0009A49204632F0C8FD2046F6F74DFA204640
:10A0F00032F01AFE3368012B03F03F85032B03F087
:10A100003785002B03F02F8598ED120AB8EE400A30
:10A11000FDF777BD8949204632F0AEFD2046F6F7BF
:10A1200033FA204632F000FE3368012B04F0408001
:10A13000032B04F03880002B04F030808449204643
:10A1400032F09AFD2046F6F71FFA204632F0ECFD79
:10A150002968204632F090FD2046F6F715FA204691
:10A1600032F0E2FD7749204632F086FD2046F6F7D0
:10A170000BFA204632F0D8FD3368012B04F0098039
:10A18000032B04F00180002B03F0F987D8ED047A4B
:10A19000B8EE670AF6F7B0F92968204632F06CFD90
:10A1A0002046F6F7F1F9204632F0BEFD664920461A
:10A1B00032F062FD2046F6F7E7F9204632F0B4FDB2
:10A1C0003368012B03F0D687032B03F0CE87002BD7
:10A1D00004F02E81D8ED0E7AB8EE670AF6F78CF906
:10A1E0002968204632F048FD2046F6F7CDF9204692
:10A1F00032F09AFD5549204632F03EFD2046F6F7F2
:10A20000C3F9204632F090FD3368012B04F00B8136
:10A21000032B04F00381002B04F0FB8098ED090A66
:10A22000B8EE400AFDF7EDBC4449204632F024FD6B
:10A230002046F6F7A9F9204632F076FD3368012B67
:10A2400004F0E280032B04F0DA80002B04F0D280CB
:10A250004049204632F010FD2046F6F795F9204699
:10A2600032F062FD2968204632F006FD2046F6F7FE
:10A270008BF9204632F058FD3249204632F0FCFC82
:10A280002046F6F781F9204632F04EFD3368012B67
:10A2900004F0AB80032B04F0A380002B04F09B8020
:10A2A000D8ED037AB8EE670AF6F726F92968204652
:10A2B00032F0E2FC2046F6F767F9204632F034FD32
:10A2C0002149204632F0D8FC2046F6F75DF92046B9
:10A2D00032F02AFD3368012B04F07880032B04F060
:10A2E0007080002B04F06880D8ED0D7AB8EE670A14
:10A2F000F6F702F92968204632F0BEFC2046F6F750
:10A3000043F9204632F010FD1049204632F0B4FCEB
:10A310002046F6F739F9204632F006FD3368012B66
:10A3200004F04580032B04F03D80002B04F03580C1
:10A3300098ED080AB8EE400AFDF763BC6CC2040051
:10A34000D4B904009CC20400B4C2040084C2040056
:10A350005CE104000CE104009B4B1F683F1BE0190B
:10A3600032F0B4FE04F8010B20AB9C42F7D11D2162
:10A37000964835F06FFD00230A220699944832F082
:10A3800093FA01AC924832F077FA9249204632F0C3
:10A3900073FC2046F6F7F8F8204632F0C5FC336827
:10A3A000012B04F01182032B04F00982002B04F02E
:10A3B00001828949204632F05FFC2046F6F7E4F836
:10A3C000204632F0B1FC2968204632F055FC204688
:10A3D000F6F7DAF8204632F0A7FC19217F4835F06D
:10A3E00039FD00230A22D8F80810794832F05CFAC7
:10A3F0007B49204632F040FC2046F6F7C5F820465F
:10A4000032F092FC3368012B04F0CF81032B04F06F
:10A41000C781002B04F0BF81D8ED027AB8EE670A3D
:10A42000F6F76AF82968204632F026FC2046F6F74F
:10A43000ABF8204632F078FC6A49204632F01CFC2A
:10A440002046F6F7A1F8204632F06EFC3368012B67
:10A4500004F09C81032B04F09481002B04F0EC8029
:10A46000D8ED0C7AB8EE670AF6F746F82968204668
:10A4700032F002FC2046F6F787F8204632F054FC12
:10A480005949204632F0F8FB2046F6F77DF8204681
:10A4900032F04AFC3368012B04F0C980032B04F02E
:10A4A000C180002B04F0B98098ED070AB8EE400A8D
:10A4B000FDF7A7BB4749204632F0DEFB2046F6F702
:10A4C00063F8204632F030FC3368012B03F0388704
:10A4D000032B03F03087002B03F0288743492046E5
:10A4E00032F0CAFB2046F6F74FF8204632F01CFC4B
:10A4F0002968204632F0C0FB2046F6F745F8204692
:10A5000032F012FC3649204632F0B6FB2046F6F710
:10A510003BF8204632F008FC3368012B03F001873A
:10A52000032B03F0F986002B03F0F186D8ED017AB6
:10A53000B8EE670AF5F7E0FF2968204632F09CFB89
:10A540002046F6F721F8204632F0EEFB254920465A
:10A5500032F092FB2046F6F717F8204632F0E4FB83
:10A560003368012B03F0CE86032B03F0C686002B45
:10A5700003F0A685D8ED0B7AB8EE670AF5F7BCFFB5
:10A580002968204632F078FB2046F5F7FDFF20468B
:10A5900032F0CAFB1449204632F06EFB2046F5F734
:10A5A000F3FF204632F0C0FB3368012B03F08385B4
:10A5B000032B03F07B85002B03F0738598ED060ACF
:10A5C000B8EE400AFDF71DBB6007FF1F40C704003F
:10A5D0006008FF1F6CC20400A0E0040060C7040014
:10A5E0009CC20400B4C2040084C20400D4B90400B4
:10A5F000AB49204632F040FB2046F5F7C5FF204628
:10A6000032F092FB3368012B03F0C286032B03F078
:10A61000BA86002B03F0B286A249204632F02CFB0A
:10A620002046F5F7B1FF204632F07EFB2968204630
:10A6300032F022FB2046F5F7A7FF204632F074FBEC
:10A640009949204632F018FB2046F5F79DFF204639
:10A6500032F06AFB3368012B03F08B86032B03F087
:10A660008386002B03F07B86D8ED047AB8EE670A68
:10A67000F5F742FF2968204632F0FEFA2046F5F74A
:10A6800083FF204632F050FB8849204632F0F4FA2E
:10A690002046F5F779FF204632F046FB3368012B60
:10A6A00003F05886032B03F05086002B03F0D4866A
:10A6B000D8ED097AB8EE670AF5F71EFF296820463B
:10A6C00032F0DAFA2046F5F75FFF204632F02CFB35
:10A6D0007749204632F0D0FA2046F5F755FF20465C
:10A6E00032F022FB3368012B03F0B186032B03F019
:10A6F000A986002B03F0A186D8ED0E7AB8EE670A82
:10A70000F5F7FAFE2968204632F0B6FA2046F5F74A
:10A710003BFF204632F008FB6649204632F0ACFA97
:10A720002046F5F731FF204632F0FEFA3368012B60
:10A7300004F07C80032B04F07480002B03F08D85E3
:10A7400098ED160AFDF75DBA5549204632F094FAA5
:10A750002046F5F719FF204632F0E6FA3368012B60
:10A7600003F0C685032B03F0BE85002B03F0B685EE
:10A770005149204632F080FA2046F5F705FF204681
:10A7800032F0D2FA2968204632F076FA2046F5F700
:10A79000FBFE204632F0C8FA4349204632F06CFAFC
:10A7A0002046F5F7F1FE204632F0BEFA3368012B61
:10A7B00003F08F85032B03F08785002B03F07F8543
:10A7C000D8ED037AB8EE670AF5F796FE29682046B9
:10A7D00032F052FA2046F5F7D7FE204632F0A4FABE
:10A7E0003249204632F048FA2046F5F7CDFE2046A1
:10A7F00032F09AFA3368012B03F05C85032B03F0E7
:10A800005485002B03F04C85D8ED087AB8EE670A22
:10A81000F5F772FE2968204632F02EFA2046F5F749
:10A82000B3FE204632F080FA2149204632F024FA65
:10A830002046F5F7A9FE204632F076FA3368012B60
:10A8400003F02985032B03F02185002B03F01985E4
:10A85000D8ED0D7AB8EE670AF5F74EFE2968204666
:10A8600032F00AFA2046F5F78FFE204632F05CFA05
:10A870001049204632F000FA2046F5F785FE2046C2
:10A8800032F052FA3368012B03F0F684032B03F005
:10A89000EE84002B03F0E68498ED150AFDF7B1B9BC
:10A8A0006CC204005CE104009CC20400B4C2040059
:10A8B00084C204006CC304000CE104009A492046E1
:10A8C00032F0DAF92046F5F75FFE204632F02CFA36
:10A8D0003368012B03F0A087032B03F09887002B2C
:10A8E00003F090879149204632F0C6F92046F5F7EB
:10A8F0004BFE204632F018FA2968204632F0BCF9A7
:10A900002046F5F741FE204632F00EFA88492046EF
:10A9100032F0B2F92046F5F737FE204632F004FA5D
:10A920003368012B03F06987032B03F06187002B49
:10A9300003F05987D8ED027AB8EE670AF5F7DCFD27
:10A940002968204632F098F92046F5F71DFE20468A
:10A9500032F0EAF97749204632F08EF92046F5F7D1
:10A9600013FE204632F0E0F93368012B03F03687FE
:10A97000032B03F02E87002B03F00E86D8ED077A09
:10A98000B8EE670AF5F7B8FD2968204632F074F989
:10A990002046F5F7F9FD204632F0C6F96649204613
:10A9A00032F06AF92046F5F7EFFD204632F0BCF9A7
:10A9B0003368012B03F0EB85032B03F0E385002BB9
:10A9C00003F0DB85D8ED0C7AB8EE670AF5F794FD55
:10A9D0002968204632F050F92046F5F7D5FD20468B
:10A9E00032F0A2F95549204632F046F92046F5F7F3
:10A9F000CBFD204632F098F93368012B03F04887ED
:10AA0000032B03F04087002B03F09B8398ED140A7F
:10AA1000FDF7F7B84449204632F02EF92046F5F705
:10AA2000B3FD204632F080F93368012B03F0108427
:10AA3000032B03F00884002B03F0008440492046D8
:10AA400032F01AF92046F5F79FFD204632F06CF9F6
:10AA50002968204632F010F92046F5F795FD20468A
:10AA600032F062F93249204632F006F92046F5F715
:10AA70008BFD204632F058F93368012B03F0D9835F
:10AA8000032B03F0D183002B03F0C983D8ED097A9F
:10AA9000B8EE670AF5F730FD2968204632F0ECF889
:10AAA0002046F5F771FD204632F03EF92149204657
:10AAB00032F0E2F82046F5F767FD204632F034F92F
:10AAC0003368012B03F0A683032B03F09E83002B36
:10AAD00003F09683D8ED0A7AB8EE670AF5F70CFD15
:10AAE0002968204632F0C8F82046F5F74DFD20468B
:10AAF00032F01AF91049204632F0BEF82046F5F738
:10AB000043FD204632F010F93368012B03F07383C4
:10AB1000032B03F06B83002B03F0638398ED0F0A84
:10AB2000B8EE400AFDF76DB86CC20400A0E0040066
:10AB30009CC20400B4C2040084C204006CC30400BC
:10AB40005CE104008949204632F096F82046F5F78A
:10AB50001BFD204632F0E8F83368012B03F00C8629
:10AB6000032B03F00486002B03F0FC85804920466C
:10AB700032F082F82046F5F707FD204632F0D4F88F
:10AB80002968204632F078F82046F5F7FDFC20468B
:10AB900032F0CAF87749204632F06EF82046F5F7D1
:10ABA000F3FC204632F0C0F83368012B03F0D58562
:10ABB000032B03F0CD85002B03F0C585D8ED057A76
:10ABC000B8EE670AF5F798FC2968204632F054F889
:10ABD0002046F5F7D9FC204632F0A6F86649204613
:10ABE00032F04AF82046F5F7CFFC204632F09CF8C8
:10ABF0003368012B03F0A285032B03F09A85002B09
:10AC000003F0EA82D8ED067AB8EE670AF5F774FC2D
:10AC10002968204632F030F82046F5F7B5FC20468A
:10AC200032F082F85549204632F026F82046F5F7F2
:10AC3000ABFC204632F078F83368012B03F0C78272
:10AC4000032B03F0BF82002B03F0B78298ED0D0AAF
:10AC5000B8EE400AFCF7D5BF4449204632F00CF864
:10AC60002046F5F791FC204632F05EF83368012B60
:10AC700003F06282032B03F05A82002B03F052820E
:10AC80003F49204631F0F8FF2046F5F77DFC20468D
:10AC900032F04AF82968204631F0EEFF2046F5F7F9
:10ACA00073FC204632F040F83249204631F0E4FF90
:10ACB0002046F5F769FC204632F036F83368012B60
:10ACC00003F02B82032B03F02382002B03F01B8263
:10ACD000D8ED037AB8EE670AF5F70EFC296820462E
:10ACE00031F0CAFF2046F5F74FFC204632F01CF841
:10ACF0002149204631F0C0FF2046F5F745FC2046AB
:10AD000032F012F83368012B03F0F881032B03F0C3
:10AD1000F081002B03F0E881D8ED047AB8EE670AE1
:10AD2000F5F7EAFB2968204631F0A6FF2046F5F743
:10AD30002BFC204631F0F8FF1049204631F09CFFF3
:10AD40002046F5F721FC204631F0EEFF3368012B59
:10AD500003F0C581032B03F0BD81002B03F0B58107
:10AD600098ED0C0AB8EE400AFCF74BBF6CC2040029
:10AD7000A0E004009CC20400B4C2040084C2040029
:10AD8000D4B90400C149204631F076FF2046F5F7DA
:10AD9000FBFB204631F0C8FF3368012B03F06E85C2
:10ADA000032B03F06685002B03F05E85B84920462F
:10ADB00031F062FF2046F5F7E7FB204631F0B4FFA3
:10ADC0002968204631F058FF2046F5F7DDFB204684
:10ADD00031F0AAFFAF49204631F04EFF2046F5F78B
:10ADE000D3FB204631F0A0FF3368012B03F03785F9
:10ADF000032B03F02F85002B03F02785D8ED0B7A6A
:10AE0000B8EE670AF5F778FB2968204631F034FF81
:10AE10002046F5F7B9FB204631F086FF9E492046D3
:10AE200031F02AFF2046F5F7AFFB204631F07CFFDA
:10AE30003368012B03F00485032B03F0FC84002B03
:10AE400003F05A83D8ED017AB8EE670AF5F754FBA0
:10AE50002968204631F010FF2046F5F795FB204683
:10AE600031F062FF8D49204631F006FF2046F5F7AC
:10AE70008BFB204631F058FF3368012B03F03783FA
:10AE8000032B03F02F83002B03F02783D8ED067AE2
:10AE9000B8EE670AF5F730FB2968204631F0ECFE82
:10AEA0002046F5F771FB204631F03EFF7C492046F5
:10AEB00031F0E2FE2046F5F767FB204631F034FF23
:10AEC0003368012B03F04781032B03F03F81002BF4
:10AED00003F0468198ED130AFCF793BE6B492046B8
:10AEE00031F0CAFE2046F5F74FFB204631F01CFF3B
:10AEF0003368012B03F01884032B03F01084002B1C
:10AF000003F008846749204631F0B6FE2046F5F785
:10AF10003BFB204631F008FF2968204631F0ACFEAB
:10AF20002046F5F731FB204631F0FEFE5949204618
:10AF300031F0A2FE2046F5F727FB204631F0F4FE63
:10AF40003368012B03F0E183032B03F0D983002B3B
:10AF500003F0D183D7ED097AB8EEE70AF5F7CCFA1A
:10AF60002968204631F088FE2046F5F70DFB204683
:10AF700031F0DAFE4849204631F07EFE2046F5F7F2
:10AF800003FB204631F0D0FE3368012B03F0AE8383
:10AF9000032B03F0A683002B03F06283D7ED047A22
:10AFA000B8EEE70AF5F7A8FA2968204631F064FE02
:10AFB0002046F5F7E9FA204631F0B6FE374920463B
:10AFC00031F05AFE2046F5F7DFFA204631F0ACFEAC
:10AFD0003368012B03F03F83032B03F03783002BEF
:10AFE00003F02F83D7ED0E7AB8EEE70AF5F784FA6F
:10AFF0002968204631F040FE2046F5F7C5FA204684
:10B0000031F092FE2849204631F036FE2046F5F711
:10B01000BBFA204631F088FE3368012B02F0C48071
:10B02000032B02F0BC80002B02F0B4807B6F002B5E
:10B0300041F030851D49204631F01EFE2046F5F7CF
:10B04000A3FA204631F070FE2968204631F014FE44
:10B050002046F5F799FA204631F066FE144920465D
:10B0600031F00AFE2046F5F78FFA204631F05CFEFB
:10B070003368012B01F02085032B01F01885002B8C
:10B0800001F0108597ED1C0AFCF7BBBD6CC20400F3
:10B09000D4B9040084C204009CC20400B4C20400F9
:10B0A0006CC304005CE10400CCC20400E4C20400F0
:10B0B000ECC20400D149204631F0DEFD2046F5F710
:10B0C00063FA204631F030FE3368012B03F004832D
:10B0D000032B03F0FC82002B03F0F482C8492046C6
:10B0E00031F0CAFD2046F5F74FFA204631F01CFE3C
:10B0F0002968204631F0C0FD2046F5F745FA204684
:10B1000031F012FEBF49204631F0B6FD2046F5F77A
:10B110003BFA204631F008FE3368012B03F0CD8264
:10B12000032B03F0C582002B03F0BD82D7ED077A15
:10B13000B8EEE70AF5F7E0F92968204631F09CFD02
:10B140002046F5F721FA204631F0EEFDAE492046C3
:10B1500031F092FD2046F5F717FA204631F0E4FD74
:10B160003368012B03F09A82032B03F09282002BA9
:10B1700003F08A82D7ED027AB8EEE70AF5F7BCF958
:10B180002968204631F078FD2046F5F7FDF9204684
:10B1900031F0CAFD9D49204631F06EFD2046F5F79D
:10B1A000F3F9204631F0C0FD3368012B03F06782CC
:10B1B000032B03F05F82002B03F05782D7ED0C7A4C
:10B1C00012E70B21924834F045FEB96D914831F0F9
:10B1D0004BFB904831F050FB8849204631F04CFD44
:10B1E0002046F5F7D1F9204631F09EFD3368012B5A
:10B1F00003F00E82032B03F00682002B03F0FE8186
:10B200008549204631F038FD2046F5F7BDF9204646
:10B2100031F08AFD2968204631F02EFD2046F5F7F1
:10B22000B3F9204631F080FD7649204631F024FD07
:10B230002046F5F7A9F9204631F076FD3368012B59
:10B2400003F0D781032B03F0CF81002B03F0C781DC
:10B25000D7ED067AB8EEE70AF5F74EF929682046E9
:10B2600031F00AFD2046F5F78FF9204631F05CFDFC
:10B270006549204631F000FD2046F5F785F9204666
:10B2800031F052FD3368012B03F0A481032B03F04E
:10B290009C81002B03F09481D7ED017AB8EEE70A88
:10B2A000F5F72AF92968204631F0E6FC2046F5F743
:10B2B0006BF9204631F038FD5449204631F0DCFC72
:10B2C0002046F5F761F9204631F02EFD3368012B59
:10B2D00003F07181032B03F06981002B03F061817E
:10B2E000D7ED0B7A80E64549204631F0C5FC204673
:10B2F000F5F74AF9204631F017FD3368012B03F0CA
:10B300003781032B03F02F81002B03F02781434962
:10B31000204631F0B1FC2046F5F736F9204631F0F1
:10B3200003FD2968204631F0A7FC2046F5F72CF9EB
:10B33000204631F0F9FC3449204631F09DFC20468E
:10B34000F5F722F9204631F0EFFC3368012B03F0CA
:10B350000081032B03F0F880002B03F0F080D8ED80
:10B36000077AB8EE670AF5F7C7F82968204631F082
:10B3700083FC2046F5F708F9204631F0D5FC234937
:10B38000204631F079FC2046F5F7FEF8204631F0F2
:10B39000CBFC3368012B03F0CD80032B03F0C58079
:10B3A000002B03F0BD80D8ED087AB8EE670AF5F7F8
:10B3B000A3F82968204631F05FFC2046F5F7E4F851
:10B3C000204631F0B1FC0F49204631F055FC2046B3
:10B3D000F5F7DAF8204631F0A7FC3368012B03F0CB
:10B3E0009A80032B03F09280002B03F08A8098ED63
:10B3F0000E0AB8EE400AFCF704BC00BF6CC20400A1
:10B40000A0E0040084C204009CC20400B4C2040092
:10B4100060C204006008FF1FD4B904000CE10400FE
:10B420009949204631F028FC2046F5F7ADF8204632
:10B4300031F07AFC3368012B03F04A80032B03F0D0
:10B440004280002B03F03A809049204631F014FCF2
:10B450002046F5F799F8204631F066FC2968204629
:10B4600031F00AFC2046F5F78FF8204631F05CFCFD
:10B470008749204631F000FC2046F5F785F8204644
:10B4800031F052FC3368012B03F01380032B03F0DF
:10B490000B80002B03F00380D7ED087AB8EEE70AA3
:10B4A000F5F72AF82968204631F0E6FB2046F5F743
:10B4B0006BF8204631F038FC7649204631F0DCFB51
:10B4C0002046F5F761F8204631F02EFC3368012B59
:10B4D00002F0E087032B02F0D887002B02F0D08720
:10B4E000D7ED037AB8EEE70AF5F706F829682046A3
:10B4F00031F0C2FB2046F5F747F8204631F014FC46
:10B500006549204631F0B8FB2046F5F73DF8204666
:10B5100031F00AFC3368012B02F0AD87032B02F0F7
:10B52000A587002B02F09D87D7ED0D7A5CE504AC72
:10B530005A495B4E204631F09FFB2046F5F724F830
:10B54000204631F0F1FB3368012B03F03B83032BE2
:10B5500003F03383002B03F0FF815249524D204604
:10B5600031F08AFB2046F5F70FF8204631F0DCFB7E
:10B570002968204631F080FB2046F5F705F8204683
:10B5800031F0D2FB4949204631F076FB2046F4F7F2
:10B59000FBFF204631F0C8FB3368012B03F0D78155
:10B5A000032B03F0CF81002B03F0C781D7ED097A7D
:10B5B000B8EEE70AF4F7A0FF2968204631F05CFBFB
:10B5C0002046F4F7E1FF204631F0AEFB3849204633
:10B5D00031F052FB2046F4F7D7FF204631F0A4FBB0
:10B5E0003368012B03F0A481032B03F09C81002B13
:10B5F00003F09481D7ED047AB8EEE70AF4F77CFF04
:10B600002968204631F038FB2046F4F7BDFF20467C
:10B6100031F08AFB1C49204631F02EFB2046F4F71E
:10B62000B3FF204631F080FB3368012B03F07181BA
:10B63000032B03F09B81002B03F0938197ED0E0AFF
:10B64000B8EEC00AF4F758FF2968204631F014FB21
:10B650002046F4F799FF204631F066FB1549204655
:10B6600031F00AFB2046F4F78FFF204631F05CFBF7
:10B670003368012B01F05C84032B01F05484002B10
:10B6800001F047840C4FD1E46CC204000CE10400CB
:10B6900084C204009CC20400B4C2040048C2040076
:10B6A0009807FF1F5CE104008407FF1F30C20400FD
:10B6B00018C20400CCC204006C11FF1F04ACCE49B8
:10B6C000CE4E204631F0D8FA2046F4F75DFF2046F2
:10B6D00031F02AFB3368012B03F04C82032B03F07B
:10B6E0004482002B03F03C82C549C64D204631F010
:10B6F000C3FA2046F4F748FF204631F015FB2968CD
:10B70000204631F0B9FA2046F4F73EFF204631F0EA
:10B710000BFBBD49204631F0AFFA2046F4F734FF69
:10B72000204631F001FB3368012B03F01482032B18
:10B7300003F00C82002B03F00482D7ED087AB8EEF8
:10B74000E70AF4F7D9FE2968204631F095FA204639
:10B75000F4F71AFF204631F0E7FAAC49204631F001
:10B760008BFA2046F4F710FF204631F0DDFA3368FB
:10B77000012B03F0E181032B03F0D981002B03F0AF
:10B780004581D7ED037AB8EEE70AF4F7B5FE2968EC
:10B79000204631F071FA2046F4F7F6FE204631F0EB
:10B7A000C3FA9B49204631F067FA2046F4F7ECFED5
:10B7B000204631F0B9FA3368012B03F02281032BC4
:10B7C00003F01A81002B03F0128197ED0D0A37E781
:10B7D00004AC8949894E204631F04EFA2046F4F7F0
:10B7E000D3FE204631F0A0FA3368012B03F0FA8033
:10B7F000032B03F0F280002B03F0EA808549814D92
:10B80000204631F039FA2046F4F7BEFE204631F0EA
:10B810008BFA2968204631F02FFA2046F4F7B4FE5F
:10B82000204631F081FA7849204631F025FA204649
:10B83000F4F7AAFE204631F077FA3368012B03F0C3
:10B84000C280032B03F0BA80002B03F0B280D7ED47
:10B85000077AB8EEE70AF4F74FFE2968204631F080
:10B860000BFA2046F4F790FE204631F05DFA674966
:10B87000204631F001FA2046F4F786FE204631F0EA
:10B8800053FA3368012B03F08F80032B03F087807A
:10B89000002B03F07F80D7ED027AB8EEE70AF4F7C9
:10B8A0002BFE2968204631F0E7F92046F4F76CFEBC
:10B8B000204631F039FA5649204631F0DDF920466C
:10B8C000F4F762FE204631F02FFA3368012B03F0C3
:10B8D0005C80032B03F05480002B03F04C8097ED29
:10B8E0000C0AADE604AC4449444E204631F0C4F99C
:10B8F0002046F4F749FE204631F016FA3368012B52
:10B9000003F0FC80032B03F0F480002B03F0EC80A9
:10B9100041493C4D204631F0AFF92046F4F734FE62
:10B92000204631F001FA2968204631F0A5F9204679
:10B93000F4F72AFE204631F0F7F93349204631F07A
:10B940009BF92046F4F720FE204631F0EDF93368EC
:10B95000012B03F0C480032B03F0BC80002B03F009
:10B96000B480D7ED067AB8EEE70AF4F7C5FD29688A
:10B97000204631F081F92046F4F706FE204631F0EA
:10B98000D3F92249204631F077F92046F4F7FCFD3F
:10B99000204631F0C9F93368012B03F09180032B65
:10B9A00003F08980002B03F08180D7ED017AB8EE97
:10B9B000E70AF4F7A1FD2968204631F05DF9204639
:10B9C000F4F7E2FD204631F0AFF91149204631F09D
:10B9D00053F92046F4F7D8FD204631F0A5F9336835
:10B9E000012B03F05E80032B03F05680002B03F045
:10B9F0004E8097ED0B0A23E648C204009807FF1F0C
:10BA00000CE104008407FF1F30C2040018C20400C8
:10BA10006CC20400A0E00400D4B9040004ACCE4918
:10BA2000CE4E204631F028F92046F4F7ADFD2046F1
:10BA300031F07AF93368012B03F02480032B03F0F3
:10BA40001C80002B03F01480C549C64D204631F000
:10BA500013F92046F4F798FD204631F065F929687E
:10BA6000204631F009F92046F4F78EFD204631F0EA
:10BA70005BF9BD49204631F0FFF82046F4F784FD1C
:10BA8000204631F051F93368012B02F0EC87032B8B
:10BA900002F0E487002B02F0DC87D7ED0A7AB8EEDB
:10BAA000E70AF4F729FD2968204631F0E5F8204639
:10BAB000F4F76AFD204631F037F9AC49204631F001
:10BAC000DBF82046F4F760FD204631F02DF93368AD
:10BAD000012B02F0B987032B02F0B187002B02F093
:10BAE000EB86D7ED007AB8EEE70AF4F705FD296892
:10BAF000204631F0C1F82046F4F746FD204631F0EB
:10BB000013F99B49204631F0B7F82046F4F73CFD85
:10BB1000204631F009F93368012B02F0C886032B67
:10BB200002F0C086002B02F0B88697ED050A87E583
:10BB30009049204631F0A0F82046F4F725FD204634
:10BB400031F0F2F83368012B03F05080032B03F03F
:10BB50004880002B03F05E808749204631F08CF846
:10BB60002046F4F711FD204631F0DEF82968204622
:10BB700031F082F82046F4F707FD204631F0D4F882
:10BB80007E49204631F078F82046F4F7FDFC204647
:10BB900031F0CAF83368012B03F03780032B03F030
:10BBA0002F80002B03F02780DFF8E481D8F80030E5
:10BBB000002B3BF47AAF7249FBF778BF6D49204602
:10BBC00031F05AF82046F4F7DFFC204631F0ACF8AB
:10BBD0003368012B02F0EC87032B02F0E487002B83
:10BBE00002F0DC876749204631F046F82046F4F73A
:10BBF000CBFC204631F098F82968204631F03CF81B
:10BC00002046F4F7C1FC204631F08EF85B4920460F
:10BC100031F032F82046F4F7B7FC204631F084F8D2
:10BC20003368012B02F0B587032B02F0AD87002BA0
:10BC300002F0A587DFF85C81D8F80030002BBAD17C
:10BC4000FBF733BF4B49204631F016F82046F4F796
:10BC50009BFC204631F068F83368012B02F0EA863D
:10BC6000032B02F0E286002B02F0DA8646492046DA
:10BC700031F002F82046F4F787FC204631F054F802
:10BC80002968204630F0F8FF2046F4F77DFC204676
:10BC900031F04AF83949204630F0EEFF2046F4F7FB
:10BCA00073FC204631F040F83368012B02F0B38674
:10BCB000032B02F00B86002B02F00386DFF8D880FE
:10BCC000D8F80030002B7FF476AFFBF7EEBE2949A1
:10BCD000204630F0D1FF2046F4F756FC204631F0E4
:10BCE00023F83368012B02F01D87032B02F0158720
:10BCF000002B02F00D872549204630F0BDFF20467D
:10BD0000F4F742FC204631F00FF82968204630F065
:10BD1000B3FF2046F4F738FC204631F005F8174908
:10BD2000204630F0A9FF2046F4F72EFC204630F0E4
:10BD3000FBFF3368012B02F0E686032B02F04C87F1
:10BD4000002B02F04487DFF85480D8F80030002B35
:10BD50007FF431AFFBF7A9BE48C204009807FF1F6C
:10BD6000F0D104008407FF1F6CC2040018C2040055
:10BD700030C2040084C20400CCD104009CC2040080
:10BD8000E8C6040078D7040084ED040070D20400F3
:10BD90001811FF1F0811FF1FF810FF1FE810FF1FE9
:10BDA000AB49204630F068FF2046F4F7EDFB204613
:10BDB00030F0BAFF3368012B02F04A87032B02F000
:10BDC0004287002B02F04987A249204630F054FFF9
:10BDD0002046F4F7D9FB204630F0A6FF296820461C
:10BDE00030F04AFF2046F4F7CFFB204630F09CFFAE
:10BDF000D8F80030013B032B3BF60FAF01A252F8FD
:10BE000023F000BF01A00000B19E00009D9D000036
:10BE1000899C00008E49204630F02EFF2046F4F722
:10BE2000B3FB204630F080FF3368012B02F0FC8624
:10BE3000032B02F0F486002B02F02D878649C4E71D
:10BE40008349204630F018FF2046F4F79DFB20463A
:10BE500030F06AFF3368012B02F02C87032B02F0CD
:10BE60002487002B02F01C877C49AEE778492046E6
:10BE700030F002FF2046F4F787FB204630F054FFF5
:10BE80003368012B02F02087032B02F01887002B68
:10BE900002F0ED86724998E76D49204630F0ECFEDD
:10BEA0002046F4F771FB204630F03EFF3368012B4B
:10BEB00002F0EC86032B02F0E486002B02F0DC8615
:10BEC000684982E76249204630F0D6FE2046F4F702
:10BED0005BFB204630F028FF3368012B02F0AE8672
:10BEE000032B02F0A686002B02F0BC865E496CE7AD
:10BEF00004AC5E495E4E204630F0BEFE2046F4F7AC
:10BF000043FB204630F010FF3368012B02F0A4877A
:10BF1000032B02F09C87002B02F094875549564D65
:10BF2000204630F0A9FE2046F4F72EFB204630F0E4
:10BF3000FBFE2968204630F09FFE2046F4F724FBE4
:10BF4000204630F0F1FE4D49204630F095FE204667
:10BF5000F4F71AFB204630F0E7FE3368012B02F0BD
:10BF60006C87032B02F06487002B02F05C87D7ED0F
:10BF70000A7AB8EE670AF4F7BFFA2968204630F06B
:10BF80007BFE2046F4F700FB204630F0CDFE3C4916
:10BF9000204630F071FE2046F4F7F6FA204630F0E5
:10BFA000C3FE3368012B02F03987032B02F031877F
:10BFB000002B02F02987D7ED0B7AB8EE670AF4F769
:10BFC0009BFA2968204630F057FE2046F4F7DCFA49
:10BFD000204630F0A9FE2B49204630F04DFE204689
:10BFE000F4F7D2FA204630F09FFE3368012B02F0BE
:10BFF0000687032B02F0FE86002B02F0F686D7EDB3
:10C000000C7AB8EE670AF4F777FA2968204630F020
:10C0100033FE2046F4F7B8FA204630F085FE1A4980
:10C02000204630F029FE2046F4F7AEFA204630F0E4
:10C030007BFE3368012B02F05186032B02F0498608
:10C04000002B02F00E8797ED140AFBF7DABD00BF54
:10C0500084C3040090C7040084C704007CC70400A4
:10C0600080C704008CC7040088C7040048C20400CD
:10C070009807FF1F28C704008407FF1F30C2040071
:10C080006CC2040018C2040084C2040004ACAE49AF
:10C09000AE4E204630F0F0FD2046F4F775FA20460B
:10C0A00030F042FE3368012B02F02687032B02F0AA
:10C0B0001E87002B02F01687A549A64D204630F0BA
:10C0C000DBFD2046F4F760FA204630F02DFE2968AB
:10C0D000204630F0D1FD2046F4F756FA204630F0E5
:10C0E00023FE9D49204630F0C7FD2046F4F74CFA68
:10C0F000204630F019FE3368012B02F0EE86032B48
:10C1000002F0E686002B02F0DE86D7ED047AB8EE68
:10C11000670AF4F7F1F92968204630F0ADFD2046B2
:10C12000F4F732FA204630F0FFFD8C49204630F01B
:10C13000A3FD2046F4F728FA204630F0F5FD3368D9
:10C14000012B02F0BB86032B02F0B386002B02F01A
:10C15000AB86D7ED057AB8EE670AF4F7CDF9296812
:10C16000204630F089FD2046F4F70EFA204630F0E4
:10C17000DBFD7B49204630F07FFD2046F4F704FAD2
:10C18000204630F0D1FD3368012B02F08886032B66
:10C1900002F08086002B02F07886D7ED067AB8EEA2
:10C1A000670AF4F7A9F92968204630F065FD2046B2
:10C1B000F4F7EAF9204630F0B7FD6A49204630F03E
:10C1C0005BFD2046F4F7E0F9204630F0ADFD336822
:10C1D000012B02F05586032B02F04D86002B02F056
:10C1E000458697ED120AFBF70CBD04AC5649574E35
:10C1F000204630F041FD2046F4F7C6F9204630F0E5
:10C2000093FD3368012B02F0B787032B02F0AF8751
:10C21000002B02F0A78754494E4D204630F02CFDEC
:10C220002046F4F7B1F9204630F07EFD296820461B
:10C2300030F022FD2046F4F7A7F9204630F074FDD7
:10C240004549204630F018FD2046F4F79DF9204678
:10C2500030F06AFD3368012B02F07F87032B02F078
:10C260007787002B02F06F87D7ED017AB8EE670A67
:10C27000F4F742F92968204630F0FEFC2046F4F736
:10C2800083F9204630F050FD3449204630F0F4FC6C
:10C290002046F4F779F9204630F046FD3368012B4B
:10C2A00002F04C87032B02F04487002B02F03E85FE
:10C2B000D7ED027AB8EE670AF4F71EF9296820462E
:10C2C00030F0DAFC2046F4F75FF9204630F02CFD20
:10C2D0002349204630F0D0FC2046F4F755F920469B
:10C2E00030F022FD3368012B02F01B85032B02F096
:10C2F0001385002B02F00B85D7ED037AB8EE670AA1
:10C30000F4F7FAF82968204630F0B6FC2046F4F736
:10C310003BF9204630F008FD1249204630F0ACFCD5
:10C320002046F4F731F9204630F0FEFC3368012B4B
:10C3300002F08C86032B02F08486002B02F0FB8433
:10C3400097ED110AFBF75DBC48C204009807FF1F78
:10C350000CC704008407FF1F30C204006CC2040035
:10C3600018C2040084C2040004C7040004ACAE492F
:10C37000AE4E204630F080FC2046F4F705F920460A
:10C3800030F0D2FC3368012B02F07E86032B02F0E2
:10C390007686002B02F06E86A549A64D204630F029
:10C3A0006BFC2046F4F7F0F8204630F0BDFC29681D
:10C3B000204630F061FC2046F4F7E6F8204630F0E5
:10C3C000B3FC9D49204630F057FC2046F4F7DCF8DA
:10C3D000204630F0A9FC3368012B02F04686032B7F
:10C3E00002F02A86002B02F02286D7ED0A7AB8EEF8
:10C3F000670AF4F781F82968204630F03DFC2046B2
:10C40000F4F7C2F8204630F08FFC8C49204630F01B
:10C4100033FC2046F4F7B8F8204630F085FC33684A
:10C42000012B02F0FF85032B02F0F785002B02F0B1
:10C43000EF85D7ED0B7AB8EE670AF4F75DF8296857
:10C44000204630F019FC2046F4F79EF8204630F0E4
:10C450006BFC7B49204630F00FFC2046F4F794F843
:10C46000204630F061FC3368012B02F0CC85032BB1
:10C4700002F0C485002B02F0BC85D7ED0C7AB8EE33
:10C48000670AF4F739F82968204630F0F5FB2046B2
:10C49000F4F77AF8204630F047FC6A49204630F03D
:10C4A000EBFB2046F4F770F8204630F03DFC336893
:10C4B000012B02F0D585032B02F0CD85002B02F075
:10C4C000108697ED100AFBF79CBB04AC5649574EFB
:10C4D000204630F0D1FB2046F4F756F8204630F0E5
:10C4E00023FC3368012B02F07F85032B02F0778554
:10C4F000002B02F06F8554494E4D204630F0BCFBB6
:10C500002046F4F741F8204630F00EFC296820461A
:10C5100030F0B2FB2046F4F737F8204630F004FC48
:10C520004549204630F0A8FB2046F4F72DF8204678
:10C5300030F0FAFB3368012B02F04785032B02F041
:10C540003F85002B02F03785D7ED047AB8EE670AF5
:10C55000F3F7D2FF2968204630F08EFB2046F4F72F
:10C5600013F8204630F0E0FB3449204630F084FBDD
:10C570002046F4F709F8204630F0D6FB3368012B4B
:10C5800002F01485032B02F00C85002B02F0CC8501
:10C59000D7ED057AB8EE670AF3F7AEFF29682046B3
:10C5A00030F06AFB2046F3F7EFFF204630F0BCFB8B
:10C5B0002349204630F060FB2046F3F7E5FF204694
:10C5C00030F0B2FB3368012B02F0A985032B02F097
:10C5D000A185002B02F09985D7ED067AB8EE670A9F
:10C5E000F3F78AFF2968204630F046FB2046F3F730
:10C5F000CBFF204630F098FB1249204630F03CFB40
:10C600002046F3F7C1FF204630F08EFB3368012B44
:10C6100002F07685032B02F06E85002B02F0668512
:10C6200097ED0E0AFBF7EDBA48C204009807FF1F0A
:10C6300020C704008407FF1F30C204006CC204003E
:10C6400018C2040084C2040008C7040004ACAE4948
:10C65000AE4E204630F010FB2046F3F795FF204603
:10C6600030F062FB3368012B02F09684032B02F05A
:10C670008E84002B02F08684A549A64D204630F01A
:10C68000FBFA2046F3F780FF204630F04DFB296887
:10C69000204630F0F1FA2046F3F776FF204630F0DE
:10C6A00043FB9D49204630F0E7FA2046F3F76CFF44
:10C6B000204630F039FB3368012B02F05E84032BF7
:10C6C00002F05684002B02F04E84D7ED017AB8EECA
:10C6D000670AF3F711FF2968204630F0CDFA2046AB
:10C6E000F3F752FF204630F01FFB8C49204630F014
:10C6F000C3FA2046F3F748FF204630F015FB3368B5
:10C70000012B02F02B84032B02F02384002B02F078
:10C710001B84D7ED027AB8EE670AF3F7EDFE2968BD
:10C72000204630F0A9FA2046F3F72EFF204630F0DD
:10C73000FBFA7B49204630F09FFA2046F3F724FFAE
:10C74000204630F0F1FA3368012B02F0F883032B16
:10C7500002F0F083002B02F0E883D7ED037AB8EE05
:10C76000670AF3F7C9FE2968204630F085FA2046AB
:10C77000F3F70AFF204630F0D7FA6A49204630F036
:10C780007BFA2046F3F700FF204630F0CDFA3368FD
:10C79000012B02F0C583032B02F0BD83002B02F0B6
:10C7A000B58397ED0D0AFBF72CBA04AC5649574EEA
:10C7B000204630F061FA2046F3F7E6FE204630F0DE
:10C7C000B3FA3368012B02F00183032B02F0F982E4
:10C7D000002B02F0F18254494E4D204630F04CFAC5
:10C7E0002046F3F7D1FE204630F09EFA2968204615
:10C7F00030F042FA2046F3F7C7FE204630F094FAB4
:10C800004549204630F038FA2046F3F7BDFE204671
:10C8100030F08AFA3368012B02F0C982032B02F050
:10C82000C182002B02F0B982D7ED077AB8EE670A11
:10C83000F3F762FE2968204630F01EFA2046F3F72F
:10C84000A3FE204630F070FA3449204630F014FA46
:10C850002046F3F799FE204630F066FA3368012B44
:10C8600002F09682032B02F08E82002B02F0868269
:10C87000D7ED087AB8EE670AF3F73EFE296820463E
:10C8800030F0FAF92046F3F77FFE204630F04CFAFC
:10C890002349204630F0F0F92046F3F775FE204694
:10C8A00030F042FA3368012B02F06382032B02F06E
:10C8B0005B82002B02F05382D7ED097AB8EE670A4B
:10C8C000F3F71AFE2968204630F0D6F92046F3F730
:10C8D0005BFE204630F028FA1249204630F0CCF9B1
:10C8E0002046F3F751FE204630F01EFA3368012B44
:10C8F00002F03082032B02F02882002B02F020820B
:10C9000097ED130AFBF77DB948C204009807FF1F93
:10C9100000C704008407FF1F30C204006CC204007B
:10C9200018C2040084C2040018C7040004ACD34930
:10C93000D34E204630F0A0F92046F3F725FE2046DE
:10C9400030F0F2F93368012B02F0C683032B02F0BA
:10C95000BE83002B02F0B683CA49CB4D204630F08F
:10C960008BF92046F3F710FE204630F0DDF92968F8
:10C97000204630F081F92046F3F706FE204630F0DD
:10C98000D3F9C249204630F077F92046F3F7FCFD91
:10C99000204630F0C9F93368012B02F08E83032B57
:10C9A00002F08683002B02F07E83D7ED077AB8EE83
:10C9B000670AF3F7A1FD2968204630F05DF92046AB
:10C9C000F3F7E2FD204630F0AFF9B149204630F0F0
:10C9D00053F92046F3F7D8FD204630F0A5F9336827
:10C9E000012B02F05B83032B02F05383002B02F038
:10C9F0008981D7ED087AB8EE670AF3F77DFD2968DB
:10CA0000204630F039F92046F3F7BEFD204630F0DD
:10CA10008BF9A049204630F02FF92046F3F7B4FDFA
:10CA2000204630F081F93368012B02F06681032B38
:10CA300002F05E81002B02F05681D7ED097AB8EE44
:10CA4000670AF3F759FD2968204630F015F92046AA
:10CA5000F3F79AFD204630F067F98F49204630F011
:10CA60000BF92046F3F790FD204630F05DF933686E
:10CA7000012B02F0B581032B02F0AD81002B02F0F7
:10CA8000408297ED0F0AFBF7BCB8312B3CF4AAA902
:10CA9000FCF7D0B98149FEF7CEBA312B3BF447A859
:10CAA000FBF76DB8222033F05BFAFEF7EBBA2220D9
:10CAB00032F0A0FAFEF7E6BA222031F0B1F9FEF723
:10CAC000E1BA3B6D012B0CBF75497649FBF74CBFB2
:10CAD000FB6C012B0CBF72497249FBF7B3BD724965
:10CAE000204630F0C9F82046F3F74EFD204630F0DE
:10CAF0001BF93368012B01F0EE81032B01F0E68175
:10CB0000002B01F0DE816949FDF781B868492046B4
:10CB100030F0B2F82046F3F737FD204630F004F944
:10CB20003368012B01F0AF81032B01F0A781002BAB
:10CB300001F09F815D49204630F09EF82046F3F7D2
:10CB400023FD204630F0F0F82968204630F094F8B4
:10CB50002046F3F719FD204630F0E6F85549204607
:10CB600030F08AF82046F3F70FFD204630F0DCF86D
:10CB70003368012B01F07881032B01F07081002BC9
:10CB800001F06881D8ED107AB8EE670AF3F7B4FCCB
:10CB90002968204630F070F82046F3F7F5FC20466F
:10CBA00030F0C2F84449204630F066F82046F3F7EA
:10CBB000EBFC204630F0B8F83368012B01F04581DA
:10CBC000032B01F03D81002B01F0358198ED140A13
:10CBD000F3F792FC2968204630F04EF82046F3F730
:10CBE000D3FC204630F0A0F82F49204630F044F81E
:10CBF0002046F3F7C9FC204630F096F83368012B45
:10CC000001F01481032B01F00C81002B01F0048151
:10CC100098ED130AFCF778BB2549204630F02CF834
:10CC20002046F3F7B1FC204630F07EF83368012B44
:10CC300001F08480032B01F07C80002B01F0D38075
:10CC40001E49FCF7E4B81849204630F015F8204694
:10CC5000F3F79AFC204630F067F83368012B01F0B7
:10CC60008180032B01F07980002B01F071800F4946
:10CC7000FCF7A6BC0D49FCF7ABBF00BF48C20400DF
:10CC80009807FF1F10C704008407FF1F30C204006D
:10CC90006CC2040018C2040084C20400E8C204008C
:10CCA0001CC3040020C304006CC3040030C704008C
:10CCB00004C304003CC3040054C30400D4C30400F0
:10CCC000E64920462FF0D8FF2046F3F75DFC2046CA
:10CCD00030F02AF83368012B01F00C81032B01F0AE
:10CCE0000481002B01F0FC80DD49FCF7F4BDDD4937
:10CCF00020462FF0C1FF2046F3F746FC204630F0D7
:10CD000013F83368012B01F00481032B01F0FC8040
:10CD1000002B01F00381D449FAF71EBF222032F024
:10CD200069F9FCF731BA222032F064F9FAF73BBF17
:10CD3000222031F075F8FAF736BF222031F070F872
:10CD4000FCF722BA222033F00BF9FBF734BE222085
:10CD500032F050F9FBF72FBE222032F04BF9FCF7EE
:10CD6000E0BE222031F05CF8FCF7DBBE222031F07F
:10CD700057F8FBF74EB8222033F0F2F8FBF725B84E
:10CD8000222032F037F9FBF720B8222031F048F8A2
:10CD9000FBF71BB8222031F043F8FBF7DBBD222064
:10CDA00033F0DEF8FBF7B4BD222032F023F9FBF7B5
:10CDB000AFBD222031F034F8FBF7AABD04ACAB497B
:10CDC000AB4E20462FF058FF2046F3F7DDFB204600
:10CDD0002FF0AAFF3368012B01F05E81032B01F0D5
:10CDE0005681002B01F04E81A249A34D20462FF021
:10CDF00043FF2046F3F7C8FB20462FF095FF296834
:10CE000020462FF039FF2046F3F7BEFB20462FF0D7
:10CE10008BFF2A21994833F01DF800230A227969F3
:10CE200097482FF041FD96482FF026FD9549204662
:10CE30002FF022FF2046F3F7A7FB20462FF074FFC8
:10CE40003368012B01F01981032B01F01181002BB4
:10CE500001F00981D7ED057AB8EE670AF3F74CFBCC
:10CE6000296820462FF008FF2046F3F78DFB204667
:10CE70002FF05AFF844920462FF0FEFE2046F3F79C
:10CE800083FB20462FF050FF3368012B01F0E68032
:10CE9000032B01F0DE80002B01F0D680D7ED027A63
:10CEA000B8EE670AF3F728FB296820462FF0E4FE66
:10CEB0002046F3F769FB20462FF036FF73492046E2
:10CEC0002FF0DAFE2046F3F75FFB20462FF02CFF11
:10CED0003368012B01F0B380032B01F0AB80002BF2
:10CEE00001F0A380D7ED087AB8EE670AF3F704FBE8
:10CEF000296820462FF0C0FE2046F3F745FB204668
:10CF00002FF012FFFBF744BE222033F029F8FCF784
:10CF100000BB222033F024F8FEF7B4BB222033F00C
:10CF20001FF8FBF7E6BD222032F064F8FEF7AABB3B
:10CF3000222030F075FFFEF7A5BB222033F010F859
:10CF4000FBF708BD222032F055F8FBF703BD222085
:10CF500032F050F8FCF751BA222030F061FFFCF7B4
:10CF60004CBA222032F0FCFFFCF723BA222032F028
:10CF700041F8FCF71EBA222030F052FFFCF719BA34
:10CF8000222032F0EDFFFCF7EDB9222032F032F82A
:10CF9000FCF7E8B9222030F043FFFCF7E3B9222088
:10CFA00030F03EFFFCF757BD222032F0D9FFFCF7EE
:10CFB0002EBD222032F01EF8FCF729BD222030F0D1
:10CFC0002FFFFCF724BD222032F0CAFFFCF7FBBC88
:10CFD000222032F00FF8FCF7F6BC222030F020FFC0
:10CFE000FCF7F1BC222032F0BBFFFCF7C5BC2220CD
:10CFF00032F0B6FFFCF711BC222031F0FBFFFCF74A
:10D000000CBC222030F00CFFFCF707BC222032F0D1
:10D01000A7FFFCF7E0BB222031F0ECFFFCF7ACBC33
:10D02000222030F0FDFEFCF7A7BC222030F0F8FEF5
:10D03000B8F1000F3AF4A1AEFCF7BCBD222032F0EB
:10D040008FFFFAF774BE222032F08AFFFBF7B0BEE2
:10D05000222031F0CFFFFBF7ABBE00BF84C304003A
:10D0600094C7040004C30400F0C6040048C20400CE
:10D070009807FF1FF0D104008407FF1FB0C604000B
:10D080006008FF1F18C2040030C204006CC2040014
:10D09000222032F065FFFBF7F6BB222031F0AAFF19
:10D0A000FBF7F1BB222030F0BBFEFBF7ECBB2220EC
:10D0B00032F056FFFBF7C3BB222031F09BFFFBF79A
:10D0C000BEBB222030F0ACFEFBF7B9BB222032F011
:10D0D00047FFFBF790BB222031F08CFFFBF78BBBA7
:10D0E000222030F09DFEFBF786BB222032F038FF75
:10D0F000FBF75DBB222031F07DFFFBF758BB222000
:10D1000030F08EFEFBF753BB222032F029FFFBF7F5
:10D11000FDBA222031F06EFFFBF7F8BA222030F082
:10D120007FFEFBF7F3BA222032F01AFFFBF7CABAF0
:10D13000222030F075FEFBF73BBE222030F070FE5F
:10D14000FCF714BA222032F00BFFFCF70FBA2220B2
:10D1500031F050FFFCF70ABA222030F061FEFCF7F4
:10D160008CBB222030F05CFEFCF780BA222031F02C
:10D1700041FFFCF7CEB9222030F052FEFCF7C9B9CE
:10D18000222032F0EDFEFCF7A2B9222031F032FF6E
:10D19000FCF79DB9222032F0E3FEFDF747BF2220C5
:10D1A00031F028FFFDF742BF222030F039FEFDF7B5
:10D1B0003DBF222031F01EFFFBF79BBC222030F048
:10D1C0002FFEFBF796BC222032F0CAFEFBF76DBCA7
:10D1D000222031F00FFFFBF768BC222032F0C0FEA6
:10D1E000FBF7B9BD222031F005FFFBF7B4BD2220CB
:10D1F00030F016FEFBF7AFBD222032F0B1FEFBF798
:10D2000086BD222031F0F6FEFBF796BE222030F0DC
:10D2100007FEFBF791BE222032F0A2FEFBF740BED4
:10D22000222031F0E7FEFBF73BBE222032F098FED1
:10D23000FCF777BC222032F093FEFCF79EBC222044
:10D2400031F0D8FEFCF799BC222030F0E9FDFCF764
:10D2500094BC222032F084FEFCF741BC222031F045
:10D26000C9FEFCF73CBC222030F0DAFDFCF737BCED
:10D27000222032F075FEFCF710BC222031F0BAFEFD
:10D28000FCF70BBC222030F0CBFDFCF706BC2220C3
:10D2900032F066FEFCF7DFBB222031F0ABFEFCF77C
:10D2A000DABB222030F0BCFDFBF7FABD222032F0C1
:10D2B00057FEFBF7D3BD222031F09CFEFBF7CEBD1D
:10D2C000222030F0ADFDFBF7C9BD222031F092FEE7
:10D2D000FAF72DBD222030F0A3FDFAF728BD222059
:10D2E00032F03EFEFAF7F7BC222031F083FEFAF767
:10D2F000F2BC222030F094FDFAF7EDBC222032F08F
:10D300002FFEFAF7BFBC222031F074FEFAF7BABC48
:10D31000222030F085FDFAF7B5BC222030F080FDE8
:10D32000FBF7C3BB222032F01BFEFBF799BB222088
:10D3300031F060FEFBF794BB222030F071FDFBF76B
:10D340008FBB222031F056FEB8F1000F3AF415AD34
:10D35000FCF730BC04ACE149E14E20462FF08CFCD8
:10D360002046F3F711F920462FF0DEFC3368012B3D
:10D3700000F0F285032B00F0EA85002B00F0E28537
:10D38000D849D94D20462FF077FC2046F3F7FCF81A
:10D3900020462FF0C9FC296820462FF06DFC20465E
:10D3A000F3F7F2F820462FF0BFFCD04920462FF0CB
:10D3B00063FC2046F3F7E8F820462FF0B5FC33680D
:10D3C000012B00F0BA85032B00F0EE85002B00F056
:10D3D000E685D7ED077AB8EE670AF3F78DF8296886
:10D3E00020462FF049FC2046F3F7CEF820462FF0D8
:10D3F0009BFCBF4920462FF03FFC2046F3F7C4F8C2
:10D4000020462FF091FC3368012B00F0C385032BDD
:10D4100000F0BB85002B00F0B385D7ED047AB8EEA1
:10D42000670AF3F769F8296820462FF025FC2046A3
:10D43000F3F7AAF820462FF077FCAE4920462FF0EC
:10D440001BFC2046F3F7A0F820462FF06DFC336854
:10D45000012B00F09085032B00F08885002B00F055
:10D460008085D7ED0A7A3FE504AC9C499C4E204666
:10D470002FF002FC2046F3F787F820462FF054FCEB
:10D480003368012B00F0CC85032B00F0C485002B02
:10D4900000F0BC859849944D20462FF0EDFB2046C6
:10D4A000F3F772F820462FF03FFC296820462FF052
:10D4B000E3FB2046F3F768F820462FF035FC8B4954
:10D4C00020462FF0D9FB2046F3F75EF820462FF0D8
:10D4D0002BFC3368012B00F09485032B00F08C8526
:10D4E000002B00F08485D7ED067AB8EE670AF3F7D3
:10D4F00003F8296820462FF0BFFB2046F3F744F8D5
:10D5000020462FF011FC7A4920462FF0B5FB20462B
:10D51000F3F73AF820462FF007FC3368012B00F0B0
:10D520006185032B00F05985002B00F05185D7ED64
:10D53000037AB8EE670AF2F7DFFF296820462FF07A
:10D540009BFB2046F3F720F820462FF0EDFB6949BE
:10D5500020462FF091FB2046F3F716F820462FF0D7
:10D56000E3FB3368012B00F02E85032B00F02685AA
:10D57000002B00F01E85D7ED097AB5E4222032F0A9
:10D58000EFFCFBF78EBD222031F034FDFBF789BDA7
:10D59000222030F045FCFBF784BD222032F0E0FC75
:10D5A000FBF75DBD222030F03BFCFBF734BD2220B1
:10D5B00032F0D6FCFBF70BBD222031F01BFDFBF750
:10D5C00006BD222030F02CFCFBF701BD222032F0FA
:10D5D000C7FCFBF7D8BC222031F00CFDFBF7D3BC15
:10D5E000222030F01DFCFBF7CEBC222032F0B8FC2C
:10D5F000FBF7A2BC222030F013FCFBF7DCB92220A1
:10D6000032F0AEFCFBF70FB8222031F0F3FCFBF751
:10D6100059B8222030F004FCFBF754B8222031F036
:10D62000E9FCFBF700B8222030F0FAFBFAF7FBBF69
:10D63000222032F095FCFAF7D4BF222031F0DAFC38
:10D64000FAF7CFBF222030F0EBFBFAF7CABF222057
:10D6500032F086FCFAF799BF222031F0CBFCFAF7C2
:10D6600094BF222030F0DCFBFAF78FBF222032F08B
:10D6700077FCFAF766BF222031F0BCFCFAF761BFF5
:10D68000222030F0CDFBFAF75CBF222032F068FC9C
:10D69000FAF733BF222031F0ADFCFAF72EBF22207B
:10D6A00030F0BEFBFAF729BF222032F059FCFAF71E
:10D6B00000BF222031F09EFCFAF7FBBE222030F0A2
:10D6C000AFFBFAF7F6BE222032F04AFCFAF7C9BEE9
:10D6D000222031F08FFCFAF7C4BE00BF48C204001C
:10D6E0009807FF1F5CE104008407FF1F18C20400B5
:10D6F00030C204006CC204000CE10400222030F0AF
:10D700008FFBFAF7AEBE222032F02AFCFAF785BE74
:10D71000222031F06FFCFAF780BE222030F080FB2F
:10D72000FAF77BBE222032F01BFCFAF74ABE222019
:10D7300031F060FCFAF745BE222030F071FBFAF7B9
:10D7400040BE222032F00CFCFAF7F6BD222031F068
:10D7500051FCFAF7F1BD222030F062FBFAF7ECBD84
:10D76000222032F0FDFBFAF7BBBD222031F042FC53
:10D77000FAF7B6BD222030F053FBFAF7B1BD2220F4
:10D7800032F0EEFBFAF788BD222031F033FCFAF7D5
:10D7900083BD222030F044FBFAF77EBD222032F018
:10D7A000DFFBFAF755BD222031F024FCFAF750BD1B
:10D7B000222030F035FBFAF74BBD222032F0D0FBAF
:10D7C000FAF722BD222031F015FCFAF71DBD222008
:10D7D00030F026FBFAF718BD222032F0C1FBFAF731
:10D7E000EBBC222031F006FCFAF7E6BC222030F038
:10D7F00017FBFAF7E1BC222032F0B2FBFAF7B8BC13
:10D80000222031F0F7FBFAF7B3BC222030F008FBFE
:10D81000FAF7AEBC222032F0A3FBFAF77DBC22203F
:10D8200031F0E8FBFAF778BC222030F0F9FAFAF789
:10D8300073BC222032F094FBFAF74CBC222031F06A
:10D84000D9FBFAF747BC222030F0EAFAFAF742BCDB
:10D85000222032F085FBFAF711BC222031F0CAFBFE
:10D86000FAF70CBC222030F0DBFAFAF707BC2220D2
:10D8700032F076FBFAF7DEBB222031F0BBFBFAF781
:10D88000D9BB222030F0CCFAFAF7D4BB222032F0F8
:10D8900067FBFAF7ABBB222031F0ACFBFAF7A6BB73
:10D8A000222030F0BDFAFAF7A1BB222032F058FB5B
:10D8B000FAF74EBB222031F09DFBFAF749BB22203C
:10D8C00030F0AEFAFAF744BB222032F049FBFAF707
:10D8D00017BB222031F08EFBFAF712BB222030F06A
:10D8E0009FFAFAF70DBB222032F03AFBFAF7E4BABE
:10D8F000222031F07FFBFAF7DFBA222030F090FAD5
:10D90000FAF7DABA222032F02BFBFAF7A6BA222075
:10D9100031F070FBFAF7A1BA222030F081FAFAF761
:10D920009CBA222032F01CFBFAF773BA222031F0A5
:10D9300061FBFAF76EBA222032F012FBFAF733B924
:10D94000222032F00DFBFAF75AB9222031F052FBB7
:10D95000FAF755B9222030F063FAFAF750B92220CD
:10D9600031F048FBFBF7D3B9222030F059FAFBF72E
:10D97000CEB9222032F0F4FAFBF7A5B9222031F01B
:10D9800039FBFBF7A0B9222030F04AFAFBF79BB92C
:10D99000222032F0E5FAFBF76FB9222031F02AFBA2
:10D9A000FBF76AB9222030F03BFAFBF765B9222079
:10D9B00032F0D6FAFBF7BBBB222031F01BFBFBF7A2
:10D9C000B6BB222032F0CCFAFBF757BF222031F051
:10D9D00011FBFBF752BF222032F0C2FAFBF7D4BB97
:10D9E000222031F007FBFBF7F6BE222030F018FAB8
:10D9F000FBF7F1BE222032F0B3FAFBF7CABE2220B9
:10DA000031F0F8FAFBF7C5BE222030F009FAFBF737
:10DA1000C0BE222032F0A4FAFBF797BE222031F0DC
:10DA2000E9FAFBF792BE222030F0FAF9FBF78DBE3F
:10DA3000222032F095FAFBF764BE222031F0DAFAA8
:10DA4000FBF75FBE222030F0EBF9FBF75ABE222035
:10DA500032F086FAFBF731BE222031F0CBFAFBF729
:10DA60002CBE222030F0DCF9FBF727BE222032F05A
:10DA700077FAFBF7FBBD222031F0BCFAFBF7F6BDCD
:10DA8000222030F0CDF9FBF722BD222032F068FAD7
:10DA9000FBF7FBBC222031F0ADFAFBF7F6BC2220ED
:10DAA00030F0BEF9FBF7F1BC222032F059FAFBF757
:10DAB000C8BC222031F09EFAFBF7C3BC222030F014
:10DAC000AFF9FBF7BEBC222032F04AFAFBF795BC57
:10DAD000222030F0A5F9FBF72ABB222032F040FAD1
:10DAE000FBF701BB222031F085FAFBF7FCBA2220BC
:10DAF00030F096F9FBF7F7BA222031F07BFAFBF70A
:10DB0000AEBA222030F08CF9FBF7A9BA222032F00D
:10DB100027FAFBF780BA222031F06CFAFBF77BBAC8
:10DB2000222032F01DFAF9F7E8BF222031F062FA24
:10DB3000F9F7E3BF222030F073F9F9F7DEBF2220B6
:10DB400032F00EFAFCF724B9222031F053FAFCF738
:10DB50001FB9222030F064F9FCF71AB9222032F004
:10DB6000FFF9FCF7F1B8222032F0FAF9FCF7CCBA51
:10DB7000222031F03FFAFCF7C7BA222030F050F9EA
:10DB8000FCF7C2BA222032F0EBF9FCF799BA222056
:10DB900031F030FAFCF794BA222030F041F9FCF76A
:10DBA0008FBA222032F0DCF9FCF766BA222031F07D
:10DBB00021FAFCF761BA222030F032F9FCF75CBAA6
:10DBC000222032F0CDF9FCF72FBA222031F012FAE0
:10DBD000FCF72ABA222030F023F9FCF725BA2220DC
:10DBE00031F008FAFCF7B0B8222030F019F9FCF750
:10DBF000ABB8222032F0B4F9FCF782B8222031F021
:10DC0000F9F9FCF77DB8222030F00AF9FCF778B872
:10DC1000222032F0A5F9FCF74BB8222031F0EAF9C6
:10DC2000FCF746B8222030F0FBF8FCF741B8222080
:10DC300031F0E0F9FCF712B9222030F0F1F8FCF7EE
:10DC40000DB9222032F08CF9FCF7E4B8222031F033
:10DC5000D1F9FCF7DFB8222030F0E2F8FCF7DAB8AF
:10DC6000222032F07DF9FCF7ADB8222031F0C2F964
:10DC7000FCF7A8B8222030F0D3F8FCF7A3B8222094
:10DC800032F06EF9FCF70EB9222031F0B3F9FCF74F
:10DC900009B9222030F0C4F8FCF704B9222032F090
:10DCA0005FF9FCF7DBB8222032F05AF9FCF791B9A2
:10DCB000222031F09FF9FCF78CB9222030F0B0F827
:10DCC000FCF787B9222032F04BF9FCF75EB922202D
:10DCD00031F090F9FCF759B9222030F0A1F8FCF7A7
:10DCE00054B9222032F03CF9FCF72BB9222031F054
:10DCF00081F9FCF726B9222030F092F8FCF721B91F
:10DD0000222032F02DF9FCF7F4B8222031F072F91C
:10DD1000FCF7EFB8222030F083F8FCF7EAB82220B5
:10DD200031F068F9FBF7D6BD222030F079F8FBF727
:10DD3000D1BD222031F05EF9FEF782BF222030F003
:10DD40006FF8FEF77DBF222032F00AF9FBF7C2BD63
:10DD5000222032F005F9FEF78ABF222031F04AF97D
:10DD6000FEF785BF222030F05BF8FEF780BF22204F
:10DD700032F0F6F8FBF7C6BA222031F03BF9FBF798
:10DD8000C1BA222030F04CF8FBF7BCBA222032F0A6
:10DD9000E7F8FBF795BA222031F02CF9FBF790BA9F
:10DDA000222030F03DF8FBF78BBA222032F0D8F871
:10DDB000FBF73CBA222031F01DF9FBF737BA2220DD
:10DDC00030F02EF8FBF732BA222032F0C9F8FBF718
:10DDD00005BA222031F00EF9FBF700BA222030F00C
:10DDE0001FF8FBF7FBB9222032F0BAF8FEF728BF84
:10DDF000222032F0B5F8FBF709B8222032F0B0F853
:10DE0000FBF7DDBB222031F0F5F8FBF7D8BB222071
:10DE100030F006F8FBF7D3BB222032F0A1F8FEF772
:10DE2000F7BE222031F0E6F8FEF7F2BE22202FF0F6
:10DE3000F7FFFEF7EDBE222032F092F8FEF7C6BEE5
:10DE4000222031F0D7F8FEF7C1BE22202FF0E8FFE4
:10DE5000FEF7BCBE222032F083F8FEF793BE2220EC
:10DE600031F0C8F8FEF78EBE22202FF0D9FFFEF762
:10DE700089BE222032F074F8FEF75CBE222031F019
:10DE8000B9F8FEF757BE22202FF0CAFFFEF752BEA8
:10DE9000222032F065F8FBF7B9BE222031F0AAF853
:10DEA000FBF7B4BE22202FF0BBFFFBF7AFBE222052
:10DEB00031F0A0F8FAF7AABF22202FF0B1FFFAF74D
:10DEC000A5BF222032F04CF8FEF71DBE222031F013
:10DED00091F8FEF718BE22202FF0A2FFFEF713BE26
:10DEE000222032F03DF8FEF7FFBE222031F082F80A
:10DEF000FEF7FABE22202FF093FFFEF7F5BE222098
:10DF000032F02EF8F9F727BE222031F073F8FEF731
:10DF100002BF22202FF084FFFEF7FDBE222032F048
:10DF20001FF8FEF7F8BE222031F064F8F9F713BEAF
:10DF300022202FF075FFF9F70EBE22202FF070FF80
:10DF4000FFF747BA222032F00BF8FFF719BA222068
:10DF500031F050F8FFF714BA22202FF061FFFFF7DD
:10DF60000FBA222031F0FCFFFFF77BBA222031F0FC
:10DF700041F8FFF776BA22202FF052FFFFF771BA6F
:10DF8000222031F0EDFFFFF748BA222031F032F8BD
:10DF9000FFF743BA22202FF043FFFFF73EBA2220BB
:10DFA00031F0DEFFFFF715BA222031F023F8FFF73A
:10DFB00010BA222031F0D4FFFFF7DDBA222031F071
:10DFC00019F8FFF7D8BA22202FF02AFFFFF7D3BAAB
:10DFD000222031F0C5FFFFF7AABA222031F00AF85B
:10DFE000FFF7A5BA22202FF01BFFFFF7A0BA2220CF
:10DFF00031F0B6FFFFF777BA222030F0FBFFFFF7D2
:10E0000072BA22202FF00CFFFFF76DBA222031F0F8
:10E01000A7FFFFF73FBA222030F0ECFFFFF73ABA34
:10E0200022202FF0FDFEFFF735BA222031F098FFB5
:10E03000FEF758BF222030F0DDFFFEF753BF22204D
:10E040002FF0EEFEFEF74EBF222031F089FFFEF7E3
:10E0500025BF222030F0CEFFFEF720BF22202FF078
:10E06000DFFEFEF71BBF222031F07AFFFEF7F2BE83
:10E07000222030F0BFFFFEF7EDBE22202FF0D0FEB1
:10E08000FEF7E8BE222031F06BFFFEF7ADBE222086
:10E0900030F0B0FFFEF7A8BE22202FF0C1FEFEF741
:10E0A000A3BE222031F05CFFFCF788BA222030F0BA
:10E0B000A1FFFCF783BA22202FF0B2FEFCF77EBA54
:10E0C000222031F04DFFFCF755BA222031F048FFF5
:10E0D000FCF746BE222030F08DFFFCF741BE222027
:10E0E0002FF09EFEFCF73CBE222031F039FFFCF7FA
:10E0F00013BE222030F07EFFFCF70EBE22202FF050
:10E100008FFEFCF709BE222031F02AFFFCF7E0BDAC
:10E11000222030F06FFFFCF7DBBD22202FF080FEC5
:10E12000FCF7D6BD222031F01BFFFCF7A9BD222051
:10E1300030F060FFFCF7A4BD22202FF071FEFCF749
:10E140009FBD222031F00CFFFCF760BC222030F094
:10E1500051FFFCF7BFBE22202FF062FEFCF7BABED3
:10E16000222031F0FDFEFCF7B5BE222030F042FF48
:10E17000FCF730B822202FF053FEFCF72BB82220FA
:10E1800031F0EEFEFCF702B8222030F033FFFBF74F
:10E19000FDBF22202FF044FEFBF7F8BF222031F014
:10E1A000DFFEFBF7CBBF222030F024FFFBF7C6BF1A
:10E1B00022202FF035FEFBF7C1BF222031F0D0FE28
:10E1C000FCF744BD222030F015FFFCF73FBD2220B4
:10E1D0002FF026FEFCF73ABD222031F0C1FEFCF7FD
:10E1E00011BD222031F0BCFEFCF798BC222030F09B
:10E1F00001FFFCF793BC22202FF012FEFCF78EBC2F
:10E20000222031F0ADFEFCF765BC222030F0F2FE9A
:10E21000FCF760BC22202FF003FEFCF75BBC222041
:10E2200031F09EFEFCF732BC222030F0E3FEFCF71A
:10E230002DBC22202FF0F4FDFCF728BC222031F069
:10E240008FFEFCF7FBBB222030F0D4FEFCF7F6BBC0
:10E2500022202FF0E5FDFCF7F1BB222031F080FEFB
:10E26000FCF76EBA222031F07BFEFCF715BB2220B2
:10E2700030F0C0FEFCF710BB22202FF0D1FDFCF7E0
:10E280000BBB222031F06CFEFCF7E2BA222030F00A
:10E29000B1FEFCF7DDBA22202FF0C2FDFCF7D8BAA0
:10E2A000222031F05DFEFCF7AFBA222030F0A2FE52
:10E2B000FCF7AABA22202FF0B3FDFCF7A5BA222062
:10E2C00031F04EFEFCF77CBA222030F093FEFCF7D2
:10E2D00077BA22202FF0A4FDFCF772BA222031F089
:10E2E0003FFEFCF745BA222030F084FEFCF740BA2E
:10E2F00022202FF095FDFCF73BBA222030F07AFE69
:10E30000FCF738B922202FF08BFDFCF733B922201F
:10E3100031F026FEFCF70AB9222030F06BFEFCF744
:10E3200005B922202FF07CFDFCF700B9222031F046
:10E3300017FEFCF7D3B8222030F05CFEFCF7CEB815
:10E3400022202FF06DFDFCF7C9B8222030F052FEDC
:10E35000FCF7AEB922202FF063FDFCF7A9B922200B
:10E3600031F0FEFDFCF780B9222030F043FEFCF7CF
:10E370007BB922202FF054FDFCF776B9222031F032
:10E38000EFFDFCF749B9222030F034FEFCF744B928
:10E3900022202FF045FDFCF73FB9222031F0E0FDAF
:10E3A000FBF7C6BF222030F025FEFBF7C1BF2220BD
:10E3B0002FF036FDFBF7BCBF222031F0D1FDFBF77B
:10E3C00093BF222030F016FEFBF78EBF22202FF0E5
:10E3D00027FDFBF789BF222031F0C2FDFBF760BFAC
:10E3E000222030F007FEFBF75BBF22202FF018FD44
:10E3F000FBF756BF222031F0B3FDFBF729BF2220E7
:10E4000030F0F8FDFBF724BF22202FF009FDFBF7C9
:10E410001FBF222031F0A4FDFBF700BF222030F007
:10E42000E9FDFBF7FBBE22202FF0FAFCFBF7F6BE5E
:10E43000222031F095FDFBF7CDBE222031F090FD7A
:10E44000FCF75AB9222030F0D5FDFCF755B922204F
:10E450002FF0E6FCFCF750B9222031F081FDFCF7EB
:10E4600027B9222031F07CFDFDF75EB8222030F084
:10E47000C1FDFDF759B822202FF0D2FCFDF754B8AA
:10E48000222031F06DFDFDF72BB8222030F0B2FDD7
:10E49000FDF726B822202FF0C3FCFDF721B822207B
:10E4A00031F05EFDFCF7F8BF222030F0A3FDFCF751
:10E4B000F3BF22202FF0B4FCFCF7EEBF222031F096
:10E4C0004FFDFCF7C1BF222030F094FDFCF7BCBF2C
:10E4D00022202FF0A5FCFCF7B7BF222031F040FD31
:10E4E000FCF7D4BC222030F085FDFCF7CFBC222005
:10E4F0002FF096FCFCF7CABC222031F031FDFCF76E
:10E50000A1BC222031F02CFDFCF771BF222030F09D
:10E5100071FDFCF76CBF22202FF082FCFCF767BF77
:10E52000222031F01DFDFCF73EBF222030F062FDBD
:10E53000FCF739BF22202FF073FCFCF734BF2220F8
:10E5400031F00EFDFCF70BBF222030F053FDFCF73D
:10E5500006BF22202FF064FCFCF701BF222031F01F
:10E56000FFFCFCF7D4BE222030F044FDFCF7CFBE08
:10E5700022202FF055FCFCF7CABE222031F0F0FC1F
:10E58000FCF720BA222030F035FDFCF71BBA222020
:10E590002FF046FCFCF716BA222031F0E1FCFCF724
:10E5A000EDB9222031F0DCFCFCF79ABE222030F0DD
:10E5B00021FDFCF795BE22202FF032FCFCF790BE27
:10E5C000222031F0CDFCFCF767BE222030F012FD96
:10E5D000FCF762BE22202FF023FCFCF75DBE222058
:10E5E00031F0BEFCFCF734BE222030F003FDFCF716
:10E5F0002FBE22202FF014FCFCF72ABE222031F07F
:10E60000AFFCFCF7FDBD222030F0F4FCFCF7F8BDB8
:10E6100022202FF005FCFCF7F3BD222031F0A0FCF6
:10E62000FBF742BF222030F0E5FCFBF73DBF222084
:10E630002FF0F6FBFBF738BF222031F091FCFBF7FF
:10E640000FBF222031F08CFCFCF7CCBC222030F034
:10E65000D1FCFCF7C7BC22202FF0E2FBFCF7C2BCC8
:10E66000222031F07DFCFCF799BC222031F078FCAF
:10E67000FCF7A4BD222030F0BDFCFCF79FBD22209A
:10E680002FF0CEFBFCF79ABD222031F069FCFCF79D
:10E6900071BD222030F0AEFCFCF76CBD22202FF0C3
:10E6A000BFFBFCF767BD222031F05AFCFCF73EBDF2
:10E6B000222030F09FFCFCF739BD22202FF0B0FB68
:10E6C000FCF734BD222031F04BFCFCF707BD2220C3
:10E6D00030F090FCFCF702BD22202FF0A1FBFCF7EC
:10E6E000FDBC222030F086FCFCF758BC22202FF025
:10E6F00097FBFCF753BC222031F032FCFCF72ABC1C
:10E70000222030F077FCFCF725BC22202FF088FB7C
:10E71000FCF720BC222031F023FCFCF7F3BB2220C5
:10E7200030F068FCFCF7EEBB22202FF079FBFCF701
:10E73000E9BB222030F05EFCFCF764BA22202FF007
:10E740006FFBFCF75FBA222031F00AFCFCF736BA07
:10E75000222030F04FFCFCF731BA22202FF060FB72
:10E76000FCF72CBA222031F0FBFBFCF7FFB922208A
:10E7700030F040FCFCF7FAB922202FF051FBFCF7F7
:10E78000F5B9222030F036FCFBF76ABE22202FF0CC
:10E7900047FBFBF765BE222031F0E2FBFBF73CBEF6
:10E7A000222030F027FCFBF737BE22202FF038FB69
:10E7B000FBF732BE222031F0D3FBFBF7FABD22205B
:10E7C00030F018FCFBF7F5BD22202FF029FBFBF7FA
:10E7D000F0BD222030F00EFCFCF7D0B822202FF044
:10E7E0001FFBFCF7CBB8222031F0BAFBFCF7A2B834
:10E7F000222030F0FFFBFCF79DB822202FF010FB09
:10E80000FCF798B8222031F0ABFBFCF76BB8222064
:10E8100030F0F0FBFCF766B822202FF001FBFCF78C
:10E8200061B8222030F0E6FBFBF78ABF22202FF0F0
:10E83000F7FAFBF785BF222030F0DCFBFCF702BBC8
:10E8400022202FF0EDFAFCF7FDBA222031F088FBF0
:10E85000FCF7D4BA222030F0CDFBFCF7CFBA22204F
:10E860002FF0DEFAFCF7CABA222031F079FBFCF770
:10E870009DBA222030F0BEFBFCF798BA22202FF080
:10E88000CFFAFCF793BA222030F0B4FBFCF7BEB805
:10E8900022202FF0C5FAFCF7B9B8222031F060FB36
:10E8A000FDF743B9222030F0A5FBFDF73EB9222049
:10E8B0002FF0B6FAFDF739B9222031F051FBFDF700
:10E8C00010B9222031F04CFBFDF7F8B9222030F0CE
:10E8D00091FBFDF7F3B9222031F042FBF9F7DEB8E6
:10E8E000222030F087FBF9F7D9B822202FF098FAD0
:10E8F000F9F7D4B8222031F033FBF9F7A7B822207A
:10E9000030F078FBF9F7A2B822202FF089FAF9F756
:10E910009DB822202FF084FAFCF790BE222031F01F
:10E920001FFBFCF767BE222030F064FBFCF762BEE1
:10E9300022202FF075FAFCF75DBE222031F010FB8B
:10E94000FCF734BE222030F055FBFCF72FBE22200E
:10E950002FF066FAFCF72ABE222031F001FBFCF70B
:10E96000FCBD222031F0FCFAFCF768BE222030F01A
:10E9700041FBFCF763BE222031F0F2FAFCF7AFBF97
:10E98000222030F037FBFCF7AABF22202FF048FAF4
:10E99000FCF7A5BF222031F0E3FAFCF77CBF222070
:10E9A00030F028FBFCF777BF22202FF039FAFCF774
:10E9B00072BF222031F0D4FAFCF749BF222030F098
:10E9C00019FBFCF744BF22202FF02AFAFCF73FBFC7
:10E9D000222031F0C5FAFCF711BF222030F00AFBEB
:10E9E000FCF70CBF22202FF01BFAFCF707BF2220F8
:10E9F00031F0B6FAFCF7E9BE222030F0FBFAFCF762
:10EA0000E4BE22202FF00CFAFCF7DFBE222031F00A
:10EA1000A7FAFCF7B6BE22202FF002FAFDF74EB996
:10EA2000222031F09DFAFDF721B9222030F0E2FAE0
:10EA3000FDF71CB922202FF0F3F9FDF717B92220BA
:10EA400030F0D8FAFDF74DB822202FF0E9F9FDF7A4
:10EA500048B8222031F084FAFDF71FB8222030F0A8
:10EA6000C9FAFDF71AB822202FF0DAF9FDF715B828
:10EA7000222031F075FAFCF7E7BF222030F0BAFA15
:10EA8000FCF7E2BF22202FF0CBF9FCF7DDBF2220FC
:10EA900031F066FAFCF7ADBF222030F0ABFAFCF79C
:10EAA000A8BF22202FF0BCF9FCF7A3BF222031F031
:10EAB00057FAFCF77ABF222030F09CFAFCF775BFBA
:10EAC00022202FF0ADF9FCF770BF222031F048FA78
:10EAD000FCF747BF222030F08DFAFCF742BF22201E
:10EAE0002FF09EF9FCF73DBF222031F039FAFCF7F8
:10EAF0000FBF222030F07EFAFCF70ABF22202FF051
:10EB00008FF9FCF705BF22202FF08AF9FDF71BB91A
:10EB1000222031F025FAFDF7EEB8222030F06AFA13
:10EB2000FDF7E9B822202FF07BF9FDF7E4B82220A9
:10EB300030F060FAFCF725BE22202FF071F9FCF7C7
:10EB400020BE222031F00CFAFCF7F7BD222030F075
:10EB500051FAFCF7F2BD22202FF062F9FCF7EDBD6F
:10EB6000222031F0FDF9FCF7BFBD222030F042FA3F
:10EB7000FCF7BABD22202FF053F9FCF7B5BD2220D7
:10EB800031F0EEF9FDF756B8222030F033FAFDF7F8
:10EB900051B822202FF044F9FDF74CB8222031F073
:10EBA000DFF9FDF71FB8222030F024FAFDF71AB87C
:10EBB00022202FF035F9FDF715B8222030F01AFA8F
:10EBC000FCF7CBBC22202FF02BF9FCF7C6BC22208F
:10EBD00031F0C6F9FDF7B7B8222030F00BFAFDF797
:10EBE000B2B8222030F006FAFCF7B6BF22202FF090
:10EBF00017F9FCF7B1BF222031F0B2F9FCF7D4BF0E
:10EC0000222030F0F7F9FCF7CFBF22202FF008F9CF
:10EC1000FCF7CABF222031F0A3F9FCF79DBF2220E8
:10EC200030F0E8F9FDF70AB922202FF0F9F8FDF7E6
:10EC300005B9222030F0DEF9FDF758B922202FF077
:10EC4000EFF8FDF753B9222030F0D4F9FDF7BCB846
:10EC500022202FF0E5F8FDF7B7B8222031F080F937
:10EC6000FDF7B2B8222031F07BF9FDF73FB9222041
:10EC700031F076F9FDF70EB9222031F071F9FDF788
:10EC80001FB9222030F0B6F9FDF71AB922202FF073
:10EC9000C7F8FDF715B9222031F062F9FDF7CEB8BB
:10ECA000222031F05DF9FDF7DFB8222030F0A2F923
:10ECB000FDF7DAB822202FF0B3F8FDF7D5B82220FF
:10ECC00030F098F9FDF7E6B822202FF0A9F8FDF70B
:10ECD000E1B8222030F08EF9FDF7B5B922202FF0EF
:10ECE0009FF8FDF7B0B9222031F03AF9FDF7A5BE43
:10ECF000222030F07FF9FDF7A0BE22202FF090F8FF
:10ED0000FDF79BBE222031F02BF9FDF772BE2220C9
:10ED100031F026F9FDF7F0BA222030F06BF9FDF75B
:10ED2000EBBA22202FF07CF8FDF7E6BA222031F072
:10ED300017F9FDF7BDBA222031F012F9FDF700BB3B
:10ED4000222031F00DF9FDF7DBBD222030F052F921
:10ED5000FDF7D6BD22202FF063F8FDF7D1BD2220AC
:10ED600031F0FEF8FDF7A8BD222030F043F9FDF7A1
:10ED7000A3BD22202FF054F8FDF79EBD222031F0D4
:10ED8000EFF8FDF775BD222030F034F9FDF770BDC6
:10ED900022202FF045F8FDF76BBD222031F0E0F87E
:10EDA000FDF742BD222030F025F9FDF73DBD2220C0
:10EDB0002FF036F8FDF738BD222031F0D1F8FDF7FD
:10EDC0000ABD222030F016F9FDF705BD22202FF0F4
:10EDD00027F8FDF700BD222030F00CF9FDF751BEF9
:10EDE00022202FF01DF8FDF74CBE222031F0B8F89C
:10EDF000FDF705B9222030F0FDF8FDF700B922201B
:10EE00002FF00EF8FDF7FBB8222031F0A9F8FDF73E
:10EE1000D2B8222030F0EEF8FDF7CDB822202EF047
:10EE2000FFFFFDF7C8B8222031F09AF8FDF79FB830
:10EE3000222030F0DFF8FDF79AB822202EF0F0FF04
:10EE4000FDF795B8222031F08BF8FDF767B8222046
:10EE500030F0D0F8FDF762B822202EF0E1FFFDF788
:10EE60005DB8222031F07CF8FDF7EDB8222031F0BA
:10EE700077F8FDF7B6B9222030F0BCF8FDF7B1B94C
:10EE800022202EF0CDFFFDF7ACB9222031F068F83A
:10EE9000FDF783B9222030F0ADF8FDF77EB92220CE
:10EEA0002EF0BEFFFDF779B9222031F059F8FDF7B9
:10EEB00050B9222030F09EF8FDF74BB922202EF0F9
:10EEC000AFFFFDF746B9222031F04AF8FDF71DB932
:10EED000222030F08FF8FDF718B922202EF0A0FF85
:10EEE000FDF713B9222031F03BF8FDF7E5B82220F9
:10EEF00030F080F8FDF7E0B822202EF091FFFDF70A
:10EF0000DBB8222031F02CF8FDF7BBBD222031F018
:10EF100027F8FDF746BC222030F06CF8FDF741BC25
:10EF200022202EF07DFFFDF73CBC222031F018F8A6
:10EF3000FDF713BC222030F05DF8FDF70EBC222057
:10EF40002EF06EFFFDF709BC222031F009F8FDF725
:10EF5000E0BB222030F04EF8FDF7DBBB22202EF084
:10EF60005FFFFDF7D6BB222030F0FAFFFDF7ADBB07
:10EF7000222030F03FF8FDF7A8BB22202EF050FFF2
:10EF8000FDF7A3BB222030F0EBFFFDF775BB22207D
:10EF900030F030F8FDF770BB22202EF041FFFDF776
:10EFA0006BBB222030F026F8FDF7F2BA22202EF0BB
:10EFB00037FFFDF7EDBA222030F0D2FFFDF7C4BADB
:10EFC000222030F017F8FDF7BFBA22202EF028FFDC
:10EFD000FDF7BABA222030F0C3FFFDF78CBA222029
:10EFE00030F008F8FDF787BA22202EF019FFFDF760
:10EFF00082BA222030F0B4FFFDF73FBA22202FF072
:10F00000F9FFFDF73ABA22202EF00AFFFDF735BAD4
:10F01000222030F0A5FFFDF70CBA22202FF0EAFFE6
:10F02000FDF707BA22202EF0FBFEFDF702BA2220E0
:10F0300030F096FFFDF7D9B922202FF0DBFFFDF766
:10F04000D4B922202FF0D6FFFDF77AB922202EF076
:10F05000E7FEFDF775B922202FF0CCFFFDF731BA9E
:10F0600022202EF0DDFEFDF72CBA22202EF0D8FE55
:10F07000FDF7BBB9222030F073FFFDF78DB92220D8
:10F080002FF0B8FFFDF788B922202EF0C9FEFDF75A
:10F0900083B922202FF0AEFFFDF7ABBC22202EF06B
:10F0A000BFFEFDF7A6BC222030F05AFFFDF77DBC65
:10F0B00022202FF09FFFFDF778BC22202EF0B0FE1B
:10F0C000FDF773BC222030F04BFFFDF745BC22203A
:10F0D0002FF090FFFDF740BC22202EF0A1FEFDF79F
:10F0E0003BBC222030F03CFFFDF7EBB9222030F092
:10F0F00037FFFDF795BA22202FF07CFFFDF790BA7D
:10F1000022202EF08DFEFDF78BBA222030F028FF52
:10F11000FDF762BA22202FF06DFFFDF75DBA2220C5
:10F120002EF07EFEFDF758BA222030F019FFFDF7D1
:10F130002FBA22202FF05EFFFDF7BAB822202EF062
:10F140006FFEFDF7B5B8222030F00AFFFDF78CB84E
:10F1500022202FF04FFFFDF787B822202EF060FE0F
:10F16000FDF782B8222030F0FBFEFDF754B82220D4
:10F170002FF040FFFDF74FB822202EF051FEFDF793
:10F180004AB8124E124D04ACFCF768BA1149204639
:10F190002DF072FD2046F1F7F7F920462DF0C4FD61
:10F1A0003368012B06D0032B0BD033B9222030F06B
:10F1B000D7FE02E022202EF033FED7ED167AFBF7C1
:10F1C00013BF22202FF016FFF7E700BF9807FF1F9D
:10F1D0008407FF1F6CC204002DE9F04784B06F491B
:10F1E0006F4DDFF8E0A1DFF8E091DFF8E0816D4FCF
:10F1F0006D4C064601A82DF03FFD01A8F1F7C4F9BA
:10F2000001A82DF091FD07EE906AB8EE670AF1F7BC
:10F2100073F9296801A82DF02FFD01A8F1F7B4F9C1
:10F2200001A82DF081FD614901A82DF025FD01A85F
:10F23000F1F7AAF901A82DF077FD9AF8003000EE59
:10F24000103AB8EE400AF1F757F9296801A82DF0F5
:10F2500013FD01A8F1F798F901A82DF065FD5449B7
:10F2600001A82DF009FD01A8F1F78EF901A82DF0F4
:10F270005BFD99F8003000EE103AB8EE400AF1F765
:10F280003BF9296801A82DF0F7FC01A8F1F77CF9FA
:10F2900001A82DF049FD474901A82DF0EDFC01A87A
:10F2A000F1F772F901A82DF03FFD98F8003000EE5B
:10F2B000103AB8EE400AF1F71FF9296801A82DF0BD
:10F2C000DBFC01A8F1F760F901A82DF02DFD3A490A
:10F2D00001A82DF0D1FC01A8F1F756F901A82DF0F5
:10F2E00023FD3B7800EE103AB8EE400AF1F704F93E
:10F2F000296801A82DF0C0FC01A8F1F745F901A883
:10F300002DF012FD2D4901A82DF0B6FC01A8F1F752
:10F310003BF901A82DF008FD296801A82DF0ACFCEF
:10F3200001A8F1F731F901A82DF0FEFC10212448C5
:10F3300030F090FD314600230A2220462DF0B4FA29
:10F3400020462DF099FA9AF8001000230A22204650
:10F350002DF0AAFA20462DF08FFA99F8001000231C
:10F360000A2220462DF0A0FA20462DF085FA98F8C2
:10F37000001000230A2220462DF096FA20462DF098
:10F380007BFA397800230A2220462DF08DFA204698
:10F3900004B0BDE8F0472DF06FBA00BFA8C7040065
:10F3A0008007FF1FBE18FF1F6008FF1FC0C70400B3
:10F3B000D4C70400E8C70400FCC7040010C8040058
:10F3C0001CC80400BC18FF1FBF18FF1FBD18FF1F7B
:10F3D000F0B5B34B2DED028BD3F884049BB000281D
:10F3E00004F0AE810AAC00250146AE4A0A9501231D
:10F3F000204627F02BFA002844F0B681AA49AB48F2
:10F40000AB4DF1F73DFD0123A64AA54905A8F1F74B
:10F410005DFFA84905A8F1F733FDA74905A8F1F755
:10F420002FFDA64905A8F1F72BFDA4499F48F1F748
:10F4300027FDA34905A8F1F723FDA2499B48F1F751
:10F440001FFDA14905A8F1F71BFD9F499748F1F75A
:10F4500017FD9E4905A8F1F7BFF909219B4830F037
:10F46000F9FCD5F804219A49204634F0E3FB214603
:10F4700005A8F1F705FD8D482146F1F701FD9549F5
:10F4800005A8F1F7FDFC099B6BB11A68D668924A92
:10F49000964244F07481186D002803F0F5838F497B
:10F4A0000E2227F00BFED5F800218949204634F0C2
:10F4B000C1FB214605A8F1F7E3FC894905A8F1F74E
:10F4C000DFFC099B6BB11A68D668834A964244F008
:10F4D000C184186D002803F013848249142227F098
:10F4E000EDFDD5F8E0207A49204634F0A3FB214613
:10F4F00005A8F1F7C5FC7C4905A8F1F76DF9D5F829
:10F50000E4207349204634F095FB214605A8F1F725
:10F51000B7FC764905A8F1F75FF9D5F8E8206C4902
:10F52000204634F087FB214605A8F1F7A9FC704975
:10F5300005A8F1F751F9D5F8EC206549204634F0DB
:10F5400079FB214605A8F1F79BFC099B6BB11A6872
:10F55000D668614A964244F04184186D002803F051
:10F56000C58364490E2227F0A9FDD5F8F02058493B
:10F57000204634F05FFB214605A8F1F781FC099B8A
:10F580006BB11A68D668544A964244F02D84186DBF
:10F59000002803F0C98358490E2227F08FFDD5F8C3
:10F5A000F4204B49204634F045FB214605A8F1F7ED
:10F5B00067FC524905A8F1F763FC514905A8F1F72A
:10F5C0000BF92A684249204634F034FB214605A84D
:10F5D000F1F756FC099B6BB11A68D6683E4A964211
:10F5E00044F02084186D002803F0948345491422C8
:10F5F00027F064FD6A683649204634F01BFB21463B
:10F6000005A8F1F73DFC4049122205A8F1F7F4F8EE
:10F6100095ED028AF7EE000AB0EE480A30F064FE7B
:10F62000B5EE400AF1EE10FA03F0248318EE100A4A
:10F6300031F0E6FE02460B462046344934F0FAFA31
:10F64000214605A8F1F71CFC12212F4830F002FCDE
:10F6500016482146F1F714FC2D4905A8F1F710FCD6
:10F66000099B6BB11A68D6681B4A964244F0B08376
:10F67000186D002803F030832649112227F01EFD63
:10F6800095F89C202449204634F0D4FA214605A858
:10F69000F1F7F6FB214905A8F1F7F2FB40E000BFC6
:10F6A000C018FF1F30C8040040C804006008FF1FD6
:10F6B000A813FF1F58C8040070C804007CC80400C9
:10F6C0008CC8040090C8040094C804009CC80400BE
:10F6D000A8C80400ACC80400290C0000D8C8040065
:10F6E000E8C8040000C9040018C904002CC90400BB
:10F6F0003CC904004CC904005CC904006CC9040086
:10F7000078C904008CC90400A4C90400B8C9040065
:10F71000C0C90400DCC90400F0C90400F4C9040035
:10F72000B24905A8F1F758F8EA68B149204634F023
:10F7300081FA214605A8F1F7A3FBAE4905A8F1F728
:10F740004BF82A69AA49204634F074FA214605A8E4
:10F75000F1F796FB099B6BB11A68D668A64A9642E8
:10F7600044F04883186D002803F0AC82A3491122AD
:10F7700027F0A4FC95ED058AF7EE000AB0EE480AE2
:10F7800030F0B2FDB5EE400AF1EE10FA03F06882F7
:10F7900018EE100A31F034FE02460B462046984916
:10F7A00034F048FA214605A8F1F76AFB099B6BB1D2
:10F7B0001A68D668904A964244F03A83186D002839
:10F7C00003F076828F490B2227F078FC95F89D2074
:10F7D0008D49204634F02EFA214605A8F1F750FB5A
:10F7E0008A4905A8F1F74CFB099B6BB11A68D668EA
:10F7F000814A964244F02283186D002803F04E821D
:10F800008349102227F05AFCD5F8CC2078492046AD
:10F8100034F010FA214605A8F1F732FB099B6BB1D1
:10F820001A68D668744A964244F00E83186D002810
:10F8300003F08E8277490D2227F040FC2A6A6C493A
:10F84000204634F0F7F9214605A8F1F719FB099B8A
:10F850006BB11A68D668684A964244F0D782186D30
:10F86000002803F06B826C490E2227F027FC6A6A9D
:10F870005F49204634F0DEF9214605A8F1F700FB88
:10F88000099B6BB11A68D6685B4A964244F0C48201
:10F89000186D002803F070826049112227F00EFCD9
:10F8A00095ED0A8AF7EE000AB0EE480A30F01CFD2A
:10F8B000B5EE400AF1EE10FA03F0C88118EE100A16
:10F8C00031F09EFD02460B4620464D4934F0B2F918
:10F8D000214605A8F1F7D4FA514905A8F0F77CFFB5
:10F8E00095F89E204849204634F0A4F9214605A801
:10F8F000F1F7C6FA4B4905A8F1F7C2FA099B6BB1BB
:10F900001A68D6683C4A964244F04482186D002832
:10F9100003F028824449102227F0D0FBD5F8D020EC
:10F920003349204634F086F9214605A8F1F7A8FAB4
:10F93000099B6BB11A68D6682F4A964244F06082E0
:10F94000186D002803F05C823849112227F0B6FBBD
:10F95000D5F8D4202649204634F06CF9214605A874
:10F96000F1F78EFA324905A8F0F736FF95ED368AA1
:10F97000F7EE000AB0EE480A30F0B6FCB5EE400AE9
:10F98000F1EE10FA03F0588118EE100A31F038FD4C
:10F9900002460B4620461A4934F04CF9214605A888
:10F9A000F1F76EFA234905A8F0F716FF95F8DC2069
:10F9B0001549204634F03EF9214605A8F1F760FAD2
:10F9C0001D4905A8F1F75CFA099B002B38D01A688D
:10F9D000D668094A964244F0F581186D002803F074
:10F9E000058216490E2227F069FB29E000CA0400AF
:10F9F000A8C8040010CA0400290C000020CA040092
:10FA0000B8C9040034CA0400F0C9040040CA0400A4
:10FA10004CCA040060CA040070CA040080CA040012
:10FA200094CA0400A0CA0400B4CA0400C8CA0400EE
:10FA3000DCCA0400F4CA040004CB040010CB0400A8
:10FA4000AA6BC049204634F0F5F8214605A8F1F725
:10FA500017FA099B6BB11A68D668BB4A964244F004
:10FA60008781186D002803F0B781B8490F2227F06D
:10FA700025FBEA6BB349204634F0DCF8214605A8A3
:10FA8000F1F7FEF9099B6BB11A68D668AE4A964247
:10FA900044F07481186D002803F09481AC490D2264
:10FAA00027F00CFB95ED108AF7EE000AB0EE480A3D
:10FAB00030F01AFCB5EE400AF1EE10FA03F0B28015
:10FAC00018EE100A31F09CFC02460B462046A14974
:10FAD00034F0B0F8214605A8F1F7D2F99E4905A8FF
:10FAE000F0F77AFE95F89F209C49204634F0A2F862
:10FAF000214605A8F1F7C4F9994905A8F0F76CFE6D
:10FB000095ED118AF7EE000AB0EE480A30F0ECFBF2
:10FB1000B5EE400AF1EE10FA03F07A8018EE100A02
:10FB200031F06EFC02460B4620468A4934F082F8DA
:10FB3000214605A8F1F7A4F98A4905A8F0F74CFE7B
:10FB40006A6B8049204634F075F8214605A8F1F724
:10FB500097F9099B6BB11A68D6687B4A964244F0C4
:10FB60001381186D002803F087817F49092227F04F
:10FB7000A5FA95ED128AF7EE000AB0EE480A30F0C9
:10FB8000B3FBB5EE400AF1EE10FA03F0378018EE41
:10FB9000100A31F035FC02460B4620466D4934F020
:10FBA00049F8214605A8F1F76BF9704905A8F1F766
:10FBB00067F9099B6BB11A68D668634A964244F0AC
:10FBC000AD80186D002803F04D8169490E2227F0A1
:10FBD00075FAAA6D5B49204634F02CF8214605A839
:10FBE000F1F74EF9634905A8F0F7F6FDEA6D5549BE
:10FBF000204634F01FF8214605A8F1F741F9099B8A
:10FC00006BB11A68D668504A964244F08D80186DE0
:10FC1000002803F0458158490D2227F04FFA95ED51
:10FC2000188AF7EE000AB0EE480A30F05DFBB5EE38
:10FC3000400AF1EE10FA02F0D78718EE100A31F000
:10FC4000DFFB02460B462046424933F0F3FF2146D4
:10FC500005A8F1F715F9099B6BB11A68D6683A4AFD
:10FC6000964244F07F80186D002803F00F814349CD
:10FC70000C2227F023FA95F8A0203849204633F0CB
:10FC8000D9FF214605A8F1F7FBF83D4905A8F0F793
:10FC9000A3FD95ED198AF7EE000AB0EE480A30F0A0
:10FCA00023FBB5EE400AF1EE10FA02F0938718EE4E
:10FCB000100A31F0A5FB02460B462046254933F0D9
:10FCC000B9FF214605A8F1F7DBF82E4905A8F0F7A2
:10FCD00083FD6A6D1B49204633F0ACFF214605A821
:10FCE000F1F7CEF8284905A8F0F776FD95ED1A8AC8
:10FCF000F7EE000AB0EE480A30F0F6FAB0EE480A25
:10FD0000F7EE000A30F0F0FAB5EE400AF1EE10FA24
:10FD100002F0568718EE100A31F072FB02460B46CD
:10FD200020460C4933F086FF214605A8F1F7A8F8D4
:10FD3000164905A8F1F7A4F8154905A8F1F7A0F8A8
:10FD400028E000BFA8C80400290C000020CB040054
:10FD500030CB0400B8C9040040CB0400F0C9040053
:10FD600050CB040064CB040078CB040084CB0400A7
:10FD700090CB0400A0CB0400B0CB0400C0CB0400A7
:10FD8000D0CB0400E4CB0400F8CB04008CC8040002
:10FD900004CC0400A74905A8F1F772F8A64905A804
:10FDA000F1F76EF8099B6BB11A68D668A34A9642C0
:10FDB00043F0AE87186D002803F04A80A049062260
:10FDC00027F07CF9AA699F49204633F033FF21468A
:10FDD00005A8F1F755F8099B6BB11A68D668974AE0
:10FDE000964243F0A787186D002803F027809649B4
:10FDF000062227F063F9EA699249204633F01AFF98
:10FE0000214605A8F1F73CF89049062205A8F0F72D
:10FE1000F3FCEA6A8B49204633F00CFF214605A823
:10FE2000F1F72EF8099B6BB11A68D668834A96429F
:10FE300043F0B687186D002802F0F6878449062241
:10FE400027F03CF92A6B7F49204633F0F3FE214628
:10FE500005A8F1F715F8099B6BB11A68D668774ABF
:10FE6000964243F0A387186D002802F0D3877949A2
:10FE7000072227F023F9EA6C7249204633F0DAFEB4
:10FE8000214605A8F0F7FCFF099B6BB11A68D668FC
:10FE90006A4A964243F09087186D002803F0648008
:10FEA0006D49072227F00AF92A6D6649204633F08A
:10FEB000C1FE214605A8F0F7E3FF684905A8F0F761
:10FEC0008BFCEA6E5F49204633F0B4FE214605A85C
:10FED000F0F7D6FF099B6BB11A68D668574A96426D
:10FEE00043F00487186D002803F034805C49072232
:10FEF00027F0E4F82A6F5349204633F09BFE214651
:10FF000005A8F0F7BDFF574905A8F0F7B9FF099B11
:10FF10006BB11A68D668494A964243F0ED86186D6F
:10FF2000002803F0358050490C2227F0C7F8D5F897
:10FF3000C8204449204633F07DFE214605A8F0F74D
:10FF40009FFF4A4905A8F0F747FCD5F8F8203D493E
:10FF5000204633F06FFE214605A8F0F791FF444993
:10FF600005A8F0F78DFF099B6BB11A68D668334A74
:10FF7000964243F07F86186D002802F0FF873D49C6
:10FF8000062227F09BF8D5F8FC202E49204633F0B6
:10FF900051FE214605A8F0F773FF264905A8F0F7A2
:10FFA0006FFF354905A8F0F76BFF224905A8F0F768
:10FFB00067FF324905A8F0F763FF314905A8F0F75C
:10FFC0000BFC6A6F1F49204633F034FE214605A81A
:10FFD000F0F756FF099B6BB11A68D668174A96422C
:10FFE00043F07E86186D002802F0FA8725490E221C
:10FFF00027F064F8AA6F1349204633F01BFE214610
:020000021000EC
:1000000005A8F0F73DFF204905A8F0F7E5FBEA6FEA
:100010000C49204633F00EFE214605A8F0F730FFCC
:10002000099B002B3AD01A68D668044A964243F0DE
:1000300039862BE08CC8040010CC0400290C000089
:1000400048CC0400A8C8040050CC040058CC0400DC
:1000500060CC040068CC040070CC040078CC0400B0
:1000600080CC040088CC0400C8CC0400D8CC0400A8
:10007000E0CC04000CCD040014CD040020CD04001D
:1000800058CD04006CCD04007CCD0400186D002810
:1000900002F09C87AF490D2227F010F8D5F8802098
:1000A000AD49204633F0C6FD214605A8F0F7E8FE2D
:1000B000099B6BB11A68D668A84A964243F0C88576
:1000C000186D002802F07887A549102226F0F6FF67
:1000D000D5F88420A049204633F0ACFD214605A880
:1000E000F0F7CEFE9F4905A8F0F776FBD5F88820FB
:1000F0009949204633F09EFD214605A8F0F7C0FE41
:10010000099B6BB11A68D668944A964243F0A6855B
:10011000186D002802F046879349112226F0CEFF81
:10012000D5F88C208C49204633F084FD214605A863
:10013000F0F7A6FE099B6BB11A68D668874A96420B
:1001400043F09285186D002802F0E68687490E225A
:1001500026F0B4FFD5F890207F49854E204633F035
:1001600069FD214605A8F0F78BFE824905A8F0F746
:1001700033FBD5F894207849204633F05BFD2146C7
:1001800005A8F0F77DFE7C4905A8F0F725FBD5F81A
:1001900098207149204633F04DFD214605A8F0F71F
:1001A0006FFE764905A8F0F76BFE754905A8F0F7D4
:1001B00067FE724905A8F0F763FE724905A8F0F7DB
:1001C0005FFE7149072205A8F0F716FBB26D6F4973
:1001D000204633F02FFD214605A8F0F751FE6C496B
:1001E00005A8F0F74DFE099B6BB11A68D5685B4A0C
:1001F000954243F06385186D002802F083866549B7
:10020000112226F05BFF32686049204633F012FD70
:10021000214605A8F0F734FE5F4905A8F0F7DCFA9F
:10022000B26A5A49204633F005FD214605A8F0F789
:1002300027FE5A4905A8F0F7CFFA726953492046BC
:1002400033F0F8FC214605A8F0F71AFE544905A83A
:10025000F0F716FE099B6BB11A68D5683F4A9542C4
:1002600043F03285186D002802F06A864D490B2252
:1002700026F024FF72684549204633F0DBFC214616
:1002800005A8F0F7FDFD484905A8F0F7A5FAF26AC0
:100290003E49204633F0CEFC214605A8F0F7F0FD9C
:1002A000424905A8F0F798FAB2693849204633F078
:1002B000C1FC214605A8F0F7E3FD3D4905A8F0F78C
:1002C000DFFD3C4905A8F0F787FAB2682F492046C0
:1002D00033F0B0FC214605A8F0F7D2FD099B6BB1C5
:1002E0001A68D5681D4A954243F00C85186D0028A0
:1002F00002F01C863049082226F0E0FE326B2349CA
:10030000204633F097FC214605A8F0F7B9FD2B49AC
:1003100005A8F0F761FAF2691C49204633F08AFC1F
:10032000214605A8F0F7ACFD254905A8F0F7A8FD82
:10033000244905A8F0F750FAF2681449204633F032
:1003400079FC214605A8F0F79BFD099B002B49D0BD
:100350003AE000BF90CD0400A8C80400290C0000BA
:10036000A0CD0400B4CD0400C4CD0400D8CD040059
:100370006C11FF1FE8CD0400FCCD04008CC8040004
:100380000CCE040014CE04004CCE040054CE040065
:100390006CC9040058CD04006CCD040058CE040094
:1003A000F4C9040074CE040080CE04008CCE040096
:1003B00040CA0400A0CE0400ACCE0400B8CE0400B5
:1003C00004CB0400CCCE04001A68D568AC4A954230
:1003D00043F06E84186D002802F08A85A94909222D
:1003E00026F06CFE726BA849204633F023FC2146B0
:1003F00005A8F0F745FD099B6BB11A68D568A04ABE
:10040000954243F06784186D002802F067859F4984
:10041000132226F053FE326A9B49204633F00AFC31
:10042000214605A8F0F72CFD994905A8F0F728FD0D
:10043000984905A8F0F7D0F932699349204633F07E
:10044000F9FB214605A8F0F71BFD934905A8F0F735
:10045000C3F9B26B8C49204633F0ECFB214605A86A
:10046000F0F70EFD099B6BB11A68D568844A954276
:1004700043F06684186D002802F026858749132210
:1004800026F01CFE726A8049854D204633F0D2FB6F
:10049000214605A8F0F7F4FC824905A8F0F7F0FC26
:1004A000814905A8F0F7ECFC7E4905A8F0F7E8FCC7
:1004B0007E4905A8F0F7E4FC7D4905A8F0F78CF922
:1004C000AA6D7149204633F0B5FB214605A8F0F727
:1004D000D7FC784905A8F0F7D3FC774905A8F0F7D1
:1004E0007BF96A6D6849204633F0A4FB214605A8D4
:1004F000F0F7C6FC714905A8F0F7C2FC704905A8E1
:10050000F0F76AF92A686F49204633F093FB2146D9
:1005100005A8F0F7B5FC099B6BB11A68D768584A73
:10052000974243F01384186D002802F0C384664993
:100530000E2226F0C3FDAA6A6249204633F07AFBF8
:10054000214605A8F0F79CFC604905A8F0F744F99E
:100550006A695C49204633F06DFB214605A8F0F737
:100560008FFC099B6BB11A68D768454A974243F0E4
:10057000F383186D002802F02D865549172226F0C6
:100580009DFD95ED178AF7EE000AB0EE480A2FF0B0
:10059000ABFEB5EE400AF1EE10FA02F0078318EE5A
:1005A000100A30F02DFF02460B462046494933F031
:1005B00041FB214605A8F0F763FC45494648F0F7A2
:1005C0000BF945482146F0F75BFC44494248F0F7F7
:1005D00003F9A96F4048F0F7F5F8414905A8F0F78D
:1005E000FBF8AA6F3749204633F024FB214605A8C3
:1005F000F0F746FC3B4905A8F0F742FC2B6C012BB9
:100600000CBF3949394905A8F0F73AFC384905A823
:10061000F0F736FC099B6BB11A68D768184A974205
:1006200043F07C82186D002802F0CA8531490B2204
:1006300026F044FD6A682349204633F0FBFA214640
:1006400005A8F0F71DFC099B6BB11A68D7680C4A26
:10065000974243F06982186D002802F0CF85264941
:10066000082226F02BFDEA6A1649204633F0E2FA0A
:10067000214605A8F0F704FC099B002B4CD03DE077
:10068000290C0000DCCE040054CE0400E8CE0400A7
:1006900084CB0400FCCE04000CCF040018CF04006F
:1006A0004C12FF1F8CC804002CCF040038CF04006C
:1006B0004CCE040070CF0400ACCF04006CC9040021
:1006C00058CD0400A8C804006CCD040058CE040026
:1006D000C0CF0400B8C904006008FF1FD8CF0400D1
:1006E00014D0040024D0040038D004004CD00400FE
:1006F000F4C9040074CE040080CE04001A68D768E0
:10070000B34A974243F0D081186D002802F06C85FF
:10071000B049122226F0D2FCAA69AF49204633F034
:1007200089FA214605A8F0F7ABFBAC4905A8F0F71C
:1007300053F895ED188AF7EE000AB0EE480A2FF04C
:10074000D3FDB5EE400AF1EE10FA02F0258218EE64
:10075000100A30F055FE02460B462046A04933F001
:1007600069FA214605A8F0F78BFB9E4905A8F0F72A
:1007700033F8EA6F9849204633F05CFA214605A821
:10078000F0F77EFB984905A8F0F77AFB6B6C012B1C
:100790000CBF9649964905A8F0F772FB954905A844
:1007A000F0F76EFB099B6BB11A68D768884A9742CD
:1007B00043F0AE81186D002802F048858E490B2267
:1007C00026F07CFCAA688449204633F033FA21469F
:1007D00005A8F0F755FB099B6BB11A68D7687C4AEE
:1007E000974243F05980186D002802F0258583490F
:1007F000082226F063FC2A6B7749204633F01AFA68
:10080000214605A8F0F73CFB7D4905A8EFF7E4FF7A
:10081000EA697149204633F00DFA214605A8F0F740
:100820002FFB099B6BB11A68D768694A974243F05E
:100830002981186D002802F0F5847249112226F0F2
:100840003DFC95ED198AF7EE000AB0EE480A2FF04C
:100850004BFDB5EE400AF1EE10FA02F0938118EE6E
:10086000100A30F0CDFD02460B4620465C4933F0BD
:10087000E1F9214605A8F0F703FB099B6BB11A6863
:10088000D768534A974243F00381186D002802F05D
:10089000BF845D49082226F011FCD5F880204E491E
:1008A000204633F0C7F9214605A8F0F7E9FA4E498A
:1008B00005A8F0F7E5FAAB6C012B0CBF534954497E
:1008C00005A8F0F7DDFA534905A8F0F7D9FA099B16
:1008D0006BB11A68D7683E4A974243F0DF80186DC3
:1008E000002802F0EF844C490C2226F0E7FBEA686E
:1008F0003949204633F09EF9214605A8F0F7C0FAA1
:10090000464905A8EFF768FF6A6B3349204633F084
:1009100091F9214605A8F0F7B3FA414905A8EFF788
:100920005BFF2A6A2C49204633F084F9214605A84A
:10093000F0F7A6FA099B6BB11A68D768244A974268
:1009400043F07680186D002802F0B28435491222F7
:1009500026F0B4FB95ED1A8AF7EE000AB0EE480ACD
:100960002FF0C2FCB5EE400AF1EE10FA02F0008161
:1009700018EE100A30F044FD02460B462046184996
:1009800033F058F9214605A8F0F77AFA099B6BB1C4
:100990001A68D7680E4A974243F05080186D0028B5
:1009A00002F0A4842049092226F088FBD5F884208F
:1009B0000949204633F03EF9214605A8F0F760FAD0
:1009C0001A4905A8F0F75CFAEB6C012B30E000BF88
:1009D000290C00008CCE0400A8C8040060D00400DC
:1009E000B8C9040074D0040080D0040094D004007E
:1009F000A4D0040040CA0400A0CE0400ACCE040081
:100A0000B8CE0400B4D00400C8D00400D4D0040090
:100A1000E4D0040004CB0400CCCE0400DCCE0400FF
:100A2000E8CE0400F4D0040008D1040014D104007E
:100A30000CBFAB49AB4905A8F0F722FAAA4905A8B3
:100A4000F0F71EFAA94905A8EFF7C6FE2A69A849DA
:100A5000204633F0EFF8214605A8F0F711FA099B7C
:100A60006BB11A68D768A34A974243F00580186DA6
:100A7000002802F03184A049092226F01FFBAA6B4E
:100A80009B49204633F0D6F8214605A8F0F7F8F93F
:100A9000099B6BB11A68D768964A974242F0C287A1
:100AA000186D002802F0FA839449132226F006FB01
:100AB0006A6A8F49204633F0BDF8214605A8F0F751
:100AC000DFF9099B6BB11A68D7688A4A974242F0EE
:100AD000BB87186D002802F0D7838949122226F0BF
:100AE000EDFA95ED1B8AF7EE000AB0EE480A2FF0FA
:100AF000FBFBB5EE400AF1EE10FA02F02F8018EE83
:100B0000100A30F07DFC02460B4620467D4933F04A
:100B100091F8214605A8F0F7B3F9099B6BB11A6863
:100B2000D768744A974242F0A586186D002802F0F3
:100B3000A1837549092226F0C1FAD5F888206C49AD
:100B4000204633F077F8214605A8F0F799F96F4968
:100B500005A8F0F795F92B6D012B0CBF6C496D4979
:100B600005A8F0F78DF96C4905A8F0F789F96B49EC
:100B700005A8F0F785F9684905A8F0F781F96849F3
:100B800005A8F0F77DF9099B6BB11A68D568594A39
:100B9000954242F07586186D002802F06183614924
:100BA000072226F08BFA604D51492A68204633F01F
:100BB00041F8214605A8F0F763F95C4905A8EFF76D
:100BC0000BFE6A685A49204633F034F8214605A8DE
:100BD000F0F756F9574905A8F0F752F9099B6BB1A0
:100BE0001A68D768434A974242F05086186D002829
:100BF00002F0E0835049172226F060FA2A6B3C4944
:100C0000204633F017F8214605A8F0F739F9099B7B
:100C10006BB11A68D768374A974242F0F186186D6F
:100C2000002802F0BD834549132226F047FA95EDCE
:100C30000B8AF7EE000AB0EE480A2FF055FBB5EE2E
:100C4000400AF1EE10FA01F07F8718EE100A30F03A
:100C5000D7FB02460B4620462A4932F0EBFF2146DD
:100C600005A8F0F70DF9364905A8F0F709F9099B31
:100C70006BB11A68D7681F4A974242F0C786186D51
:100C8000002802F0AB832F49112226F017FAAA6838
:100C90001749204632F0CEFF214605A8F0F7F0F8BC
:100CA000099B6BB11A68D768124A974242F06C866A
:100CB000186D002802F0888323490E2226F0FEF9E1
:100CC0002A6A0B49204632F0B5FF214605A8F0F705
:100CD000D7F81E4905A8EFF77FFD6A6938E000BF25
:100CE0003CD104004CD1040084CB0400FCCE0400B1
:100CF000A8C80400290C00000CCF040018CF040081
:100D00005CD10400B8C9040070D1040014D10400FF
:100D10007CD104008CD104008CC804009CD1040058
:100D2000A4D104004CCE04003811FF1FD0D1040020
:100D300054CE0400DCD10400F8D1040010D2040029
:100D40006CC9040058CD04006CCD040058CE0400DA
:100D5000AF49204632F06EFF214605A8F0F790F823
:100D6000AC4905A8F0F78CF8099B6BB11A68D768F5
:100D7000A94A974242F03E86186D002802F0568339
:100D8000A6490C2226F09AF9EA68A149204632F0D9
:100D900051FF214605A8F0F773F8099B6BB11A685B
:100DA000D7689D4A974242F00786186D002802F0E6
:100DB00033839B49092226F081F96A6A94492046C7
:100DC00032F038FF214605A8F0F75AF8954905A8F2
:100DD000EFF702FDAA698E49204632F02BFF21462B
:100DE00005A8F0F74DF8904905A8F0F749F88F49A4
:100DF00005A8EFF7F1FC2A698549204632F01AFF71
:100E0000214605A8F0F73CF8099B6BB11A68D76832
:100E1000814A974242F0A685186D002802F0F282BE
:100E20008349092226F04AF9AA6A7949204632F014
:100E300001FF214605A8F0F723F8099B6BB11A685A
:100E4000D768754A974242F09385186D002802F0E2
:100E5000CF827849132226F031F9EA696C4920469D
:100E600032F0E8FE214605A8F0F70AF8724905A815
:100E7000F0F706F8714905A8F0F702F8704905A8DF
:100E8000EFF7FEFF099B6BB11A68D568624A95427D
:100E900042F07485186D002802F0648269491522B9
:100EA00026F00CF9684D5A492A68204632F0C2FEF5
:100EB000214605A8EFF7E4FF644905A8EFF7E0FF36
:100EC000634905A8EFF788FC6A685149204632F06B
:100ED000B1FE214605A8EFF7D3FF5D495D48EFF766
:100EE0007BFC69685B48EFF761FC5A482146EFF7E5
:100EF000C7FF099B6BB11A68D768474A974242F00F
:100F00006785186D002802F023825349072226F0D6
:100F1000D5F895ED038AF7EE000AB0EE480A2FF0F7
:100F2000E3F9B5EE400AF1EE10FA01F0038618EE8F
:100F3000100A30F065FA02460B462046474932F067
:100F400079FE214605A8EFF79BFF454D454905A8C9
:100F5000EFF796FF444905A8EFF73EFC2A682C49B5
:100F6000204632F067FE214605A8EFF789FF3F498A
:100F700005A8EFF731FC6A682549204632F05AFE91
:100F8000214605A8EFF77CFF099B6BB11A68D7686B
:100F9000214A974242F02285186D002802F0F6811E
:100FA0003349072226F08AF895ED038AF7EE000A06
:100FB000B0EE480A2FF098F9B5EE400AF1EE10FABB
:100FC00001F0AE8518EE100A30F01AFA02460B4610
:100FD0002046224932F02EFE214605A8EFF750FFA9
:100FE000244D254905A8EFF74BFF244905A8EFF745
:100FF000F3FB2A680649204632F01CFE214605A86C
:10100000EFF73EFF1E4905A8EFF7E6FB6A6839E0F7
:10101000A8C8040024D20400290C0000CCCE04008F
:10102000DCCE0400E8CE04002CD20400FCCE040088
:101030000CCF040018CF040034D204004CD20400BA
:1010400058D2040074D20400E810FF1F8CD20400B0
:10105000A0D204006008FF1FB0D20400B8C9040089
:10106000F810FF1FB8D20400C4D20400DCD2040080
:10107000ECD204000811FF1FF4D2040000D30400D6
:1010800018D30400B549204632F0D4FD214605A806
:10109000EFF7F6FEB24905A8EFF79EFB95ED038A40
:1010A000F7EE000AB0EE480A2FF01EF9B5EE400A3E
:1010B000F1EE10FA01F02A8518EE100A30F0A0F9CE
:1010C00002460B462046A74932F0B4FD214605A84A
:1010D000EFF7D6FEA44905A8EFF7D2FE099B6BB146
:1010E0001A68D568A14A954242F09684186D002886
:1010F00002F042819E49152225F0E0FF9D4D97495F
:101100002A68204632F096FD214605A8EFF7B8FE82
:10111000994905A8EFF760FB6A689049204632F0CC
:1011200089FD214605A8EFF7ABFE099B6BB11A6854
:10113000D7688E4A974242F04584186D002802F025
:10114000FD808E49072225F0B9FF95ED038AF7EE61
:10115000000AB0EE480A2FF0C7F8B5EE400AF1EEEB
:1011600010FA01F0C98418EE100A30F049F902466D
:101170000B4620467B4932F05DFD214605A8EFF77E
:101180007FFE7F4905A8EFF77BFE099B6BB11A68CC
:10119000D568764A954242F02784186D002802F0FF
:1011A000C3807849152225F089FF774D6B492A685D
:1011B000204632F03FFD214605A8EFF761FE099B6E
:1011C0006BB11A68D768694A974242F04384186D38
:1011D000002802F09F806D490E2225F06FFF6A689B
:1011E0005E49204632F026FD214605A8EFF748FE6D
:1011F000674905A8EFF7F0FA95ED038AF7EE000AC4
:10120000B0EE480A2FF070F8B5EE400AF1EE10FA91
:1012100001F0688418EE100A30F0F2F802460B462E
:101220002046504932F006FD214605A8EFF728FE7A
:10123000584905A8EFF724FE574905A8EFF720FE07
:10124000544905A8EFF71CFE099B6BB11A68D568D5
:10125000464A954242F00484186D002802F05080FE
:101260004E49072225F02AFF4D4D3C492A68204669
:1012700032F0E0FC214605A8EFF702FE494905A837
:10128000EFF7FEFD484905A8EFF7A6FA6A6833496B
:10129000204632F0CFFC214605A8EFF7F1FD099B6F
:1012A0006BB11A68D768314A974242F0DF83186DF4
:1012B000002801F0A9863D49082225F0FFFEAA6812
:1012C0002649204632F0B6FC214605A8EFF7D8FDA6
:1012D000099B6BB11A68D768244A974242F0D684BA
:1012E000186D002801F086863149122225F0E6FEAD
:1012F000EA681A49204632F09DFC214605A8EFF71E
:10130000BFFD2C4905A8EFF767FA95ED0D8AF7EEBA
:10131000000AB0EE480A2EF0E7FFB5EE400AF1EE03
:1013200010FA01F0D58318EE100A30F069F8024681
:101330000B4620460B4932F07DFC214605A8EFF70D
:101340009FFD0C211B482EF085FD686B30F058F88E
:101350000B460621024600912EE000BFA8C80400FB
:1013600028D30400B8C9040030D30400290C0000BD
:101370003CD304001811FF1F54D3040064D30400AD
:101380006CD3040078D304002811FF1F90D304000D
:10139000A0D304008CC80400A8D304004CCE0400E1
:1013A000F811FF1FF4C9040074CE040080CE0400BD
:1013B0008CCE0400B0D30400B848EFF7E9F9B74881
:1013C0002146EFF75DFDB64905A8EFF705FA95ED63
:1013D000118AF7EE000AB0EE480A2EF085FFB5EE4E
:1013E000400AF1EE10FA01F0698318EE100A30F0AD
:1013F00007F802460B462046AA4932F01BFC21465C
:1014000005A8EFF73DFDA84905A8EFF739FD099BB1
:101410006BB11A68D768A54A974242F03D84186DAF
:10142000002801F00586A2490B2225F047FE2A6913
:10143000A049204632F0FEFB214605A8EFF720FD2B
:10144000099B6BB11A68D768984A974242F0E283C9
:10145000186D002801F0E2859749082225F02EFE3C
:101460006A699449204632F0E5FB214605A8EFF76A
:1014700007FD099B6BB11A68D7688C4A974242F006
:10148000FF83186D002801F0FB858C49122225F09E
:1014900015FEAA698749204632F0CCFB214605A8F3
:1014A000EFF7EEFC099B6BB11A68D7687F4A974249
:1014B00042F0C883186D002801F0D88580490C22BD
:1014C00025F0FCFD95ED0E8AF7EE000AB0EE480A15
:1014D0002EF00AFFB5EE400AF1EE10FA01F0E482B8
:1014E00018EE100A2FF08CFF02460B4620466D497D
:1014F00032F0A0FB214605A8EFF7C2FC099B6BB1B7
:101500001A68D768694A974242F01A83186D002812
:1015100001F0A2856B490C2225F0D0FD95ED128AD1
:10152000F7EE000AB0EE480A2EF0DEFEB5EE400AF5
:10153000F1EE10FA01F0AE8218EE100A2FF060FF03
:1015400002460B462046574932F074FB214605A857
:10155000EFF796FC5C4905A8EFF792FC5B4905A8FC
:10156000EFF73AF9EA695349204632F063FB214626
:1015700005A8EFF785FC099B6BB11A68D7684B4A41
:10158000974242F0E382186D002801F05B855049D4
:10159000092225F093FD2A6A4649204632F04AFB8B
:1015A000214605A8EFF76CFC099B6BB11A68D76858
:1015B0003E4A974242F0D082186D002801F0E28541
:1015C0004449132225F07AFD6A6A3A49204632F0EE
:1015D00031FB214605A8EFF753FC3F4905A8EFF77B
:1015E000FBF895ED0F8AF7EE000AB0EE480A2EF0F0
:1015F0007BFEB5EE400AF1EE10FA01F0418218EEE2
:10160000100A2FF0FDFE02460B462046254932F017
:1016100011FB214605A8EFF733FC304905A8EFF789
:10162000DBF895ED138AF7EE000AB0EE480A2EF0CB
:101630005BFEB5EE400AF1EE10FA01F0178218EEEB
:10164000100A2FF0DDFE02460B462046154932F007
:10165000F1FA214605A8EFF713FC214905A8EFF799
:101660000FFC204905A8EFF7B7F8AA6A11492046F0
:1016700032F0E0FA214605A8EFF702FC1A4905A866
:10168000EFF7AAF8EA6A0B49204632F0D3FA21466E
:1016900005A8EFF7F5FB099B28E000BF6008FF1FD6
:1016A000C0D30400B8C9040040CA0400290C0000DB
:1016B000A0CE0400A8C80400ACCE0400B8CE04003C
:1016C000D0D30400E0D3040004CB0400CCCE04004B
:1016D000DCCE0400E8CE0400F0D3040004D40400FF
:1016E00084CB0400FCCE04000CCF04006BB11A685C
:1016F000D768B24A974242F0F981186D002801F08C
:101700003785AF49132225F0D9FC2A6BAD49204615
:1017100032F090FA214605A8EFF7B2FBAA4905A8D6
:10172000EFF75AF895ED108AF7EE000AB0EE480A86
:101730002EF0DAFDB5EE400AF1EE10FA01F08C81E0
:1017400018EE100A2FF05CFE02460B4620469F4919
:1017500032F070FA214605A8EFF792FB099B6BB1B6
:101760001A68D768954A974242F0C681186D0028DA
:1017700001F01C859649102225F0A0FC95ED148AF5
:10178000F7EE000AB0EE480A2EF0AEFDB5EE400AC4
:10179000F1EE10FA01F0568118EE100A2FF030FE2B
:1017A00002460B462046894932F044FA214605A8F4
:1017B000EFF766FB874905A8EFF762FB864905A8A6
:1017C000EFF75EFB834905A8EFF75AFB834905A8AD
:1017D000EFF756FB824905A8EFF752FB814905A8B0
:1017E000EFF74EFB099B6BB11A68D568734A9542B7
:1017F00042F0A081186D002801F0CE847A491722AA
:1018000025F05CFC726F6F49204632F013FA2146D6
:1018100005A8EFF735FB099B6BB11A68D568674AD5
:10182000954242F05D81186D002801F097846F4960
:10183000132225F043FC96ED1C8AF7EE000AB0EE69
:10184000480A2EF051FDB5EE400AF1EE10FA01F013
:10185000EF8018EE100A2FF0D3FD02460B4620460B
:101860005A4932F0E7F9214605A8EFF709FB5B4931
:1018700005A8EFF705FB5E4905A8EFF701FB099BFB
:101880006BB119684D4ACD68954242F03B81186DA5
:10189000002801F013845749072225F00FFC564D0C
:1018A00048492A68204632F0C5F9214605A8EFF7D5
:1018B000E7FA524905A8EFF7E3FA099B6BB11A68FA
:1018C000D6683E4A964242F0AB81186D002801F07E
:1018D000EB834B490D2225F0F1FB4A4E3949B26D9D
:1018E000204632F0A7F9214605A8EFF7C9FA464984
:1018F00005A8EFF7C5FA099B6BB11A68D7682F4A9C
:10190000974242F09381186D002801F0C3833F494C
:10191000112225F0D3FB6A682A49204632F08AF961
:10192000214605A8EFF7ACFA099B6BB11A68D76896
:10193000224A974242F08081186D002801F01A86F1
:1019400033490E2225F0BAFBAA681E49204632F020
:1019500071F9214605A8EFF793FA2E4905A8EEF78D
:101960003BFFEA6A1749204632F064F9214605A890
:10197000EFF786FA284905A8EFF782FA274905A864
:10198000EEF72AFFEA680F49204632F053F9214664
:1019900005A8EFF775FA224905A8EEF71DFF2A6999
:1019A0000849204632F046F9214605A8EFF768FAC3
:1019B0001C4905A8EEF710FF36E000BF290C000017
:1019C00018CF0400A8C8040018D40400B8C9040043
:1019D0002CD404008CC8040040D404004CD404006F
:1019E00068D40400A0D40400F8D1040010D204008C
:1019F000C0D404004CCE0400B014FF1FECD404008B
:101A000000D50400D812FF1F6CC9040058CD040093
:101A10006CCD040058CE0400F4C9040074CE040058
:101A200080CE04008CCE04002A6BAF49204632F0F1
:101A300001F9214605A8EFF723FAAC4905A8EFF70D
:101A40001FFAAB4905A8EEF7C7FE6A69A64920460A
:101A500032F0F0F8214605A8EFF712FAA54905A8DB
:101A6000EEF7BAFEAA69A049204632F0E3F8214613
:101A700005A8EFF705FA099B6BB11A68D7689E4A6B
:101A8000974241F08E86186D002801F069859B49C8
:101A9000122225F013FB6A6B9349204632F0CAF8F4
:101AA000214605A8EFF7ECF9954905A8EFF7E8F905
:101AB000944905A8EEF790FEEA698B49204632F07A
:101AC000B9F8214605A8EFF7DBF9099B6BB11A6855
:101AD000D768894A974241F06A86186D002801F05C
:101AE0005D858949092225F0E9FA2A6A7E4920465E
:101AF00032F0A0F8214605A8EFF7C2F9834905A8FE
:101B0000EEF76AFEAA6B7849204632F093F8214638
:101B100005A8EFF7B5F97E4905A8EFF7B1F97D49BA
:101B200005A8EEF759FE6A6A6F49204632F082F83E
:101B3000214605A8EFF7A4F9099B6BB11A68D7688D
:101B40006D4A974241F0C086186D002801F01C854F
:101B50007149092225F0B2FAAA6A6349204632F097
:101B600069F8214605A8EFF78BF96C4905A8EEF74F
:101B700033FEEA6B5C49204632F05CF8214605A84A
:101B8000EFF77EF9664905A8EFF77AF9654905A8E8
:101B9000EFF776F9624905A8EFF772F9624905A8EF
:101BA000EFF76EF9099B6BB11A68D768524A9742F2
:101BB00041F0F185186D002801F018855B49172266
:101BC00025F07CFA6A6C4849204632F033F8214609
:101BD00005A8EFF755F9099B6BB11A68D768464A13
:101BE000974241F08986186D002801F0F58450492C
:101BF0000C2225F063FA95ED138AF7EE000AB0EE99
:101C0000480A2EF071FBB5EE400AF1EE10FA00F032
:101C1000E38618EE100A2FF0F3FB02460B4620462F
:101C2000444932F007F8214605A8EFF729F942495F
:101C300005A8EFF725F9099B6BB11A68D7682E4AFA
:101C4000974241F02F86186D002801F0BB843B4974
:101C50000A2225F033FA2A6C2349204631F0EAFFA4
:101C6000214605A8EFF70CF9099B6BB11A68D768F4
:101C7000214A974241F01C86186D002801F0988493
:101C80002F49092225F01AFA95ED128AF7EE000A7B
:101C9000B0EE480A2EF028FBB5EE400AF1EE10FA3D
:101CA00000F0908618EE100A2FF0AAFB02460B46B1
:101CB0002046204931F0BEFF214605A8EFF7E0F8A5
:101CC000174905A8EFF7DCF81E4905A8EFF7D8F883
:101CD000134905A8EFF7D4F81B4905A8EFF7D0F88A
:101CE000099B002B40D031E0A8C8040040CA040082
:101CF000A0CE0400ACCE0400290C0000B8CE040035
:101D000004CB0400CCCE0400DCCE0400E8CE0400FA
:101D100084CB0400FCCE04000CCF040018CF0400D8
:101D20008CC8040010D5040018D5040038D5040070
:101D300050D50400B8C9040060D5040084D504005F
:101D400070D6040090D5040098D504001A68D568B0
:101D5000BB4A954241F0B285186D002801F0E2833C
:101D6000B849062225F0AAF9F26DB749204631F0AC
:101D700061FF214605A8EFF783F8B44905A8EFF7FE
:101D80007FF8B34905A8EEF727FD326CAE4920462F
:101D900031F050FF214605A8EFF772F8AD4905A8CC
:101DA000EEF71AFD96ED148AF7EE000AB0EE480A37
:101DB0002EF09AFAB5EE400AF1EE10FA00F0F8852E
:101DC00018EE100A2FF01CFB02460B462046A249D3
:101DD00031F030FF214605A8EFF752F89D499F48A2
:101DE000EEF7FAFC306D2FF00BFB0B460621024696
:101DF00000919A48EEF7CCFC98482146EFF740F85E
:101E0000099B6BB11A68D5688D4A954241F080856F
:101E1000186D002801F07C839149162225F04EF9B7
:101E200096ED138AF7EE000AB0EE480A2EF05CFA3F
:101E3000B5EE400AF1EE10FA00F0B08518EE100A87
:101E40002FF0DEFA02460B462046834931F0F2FEBF
:101E5000214605A8EFF714F8824905A8EFF710F816
:101E6000099B6BB11A68D568754A954241F0568551
:101E7000186D002801F06A837B490C2225F01EF9B9
:101E8000F26B7149204631F0D5FE214605A8EEF7E8
:101E9000F7FF099B6BB11A68D568694A954241F012
:101EA0008C84186D002801F047837049182225F0B2
:101EB00005F996ED128AF7EE000AB0EE480A2EF008
:101EC00013FAB5EE400AF1EE10FA00F05D8518EE57
:101ED000100A2FF095FA02460B4620465E4931F073
:101EE000A9FE214605A8EEF7CBFF099B6BB11A6846
:101EF000D568534A954241F00585186D002801F0D8
:101F0000FD825B49142225F0D9F896ED118AF7EE8F
:101F1000000AB0EE480A2EF0E7F9B5EE400AF1EEFD
:101F200010FA00F0278518EE100A2FF069FA024621
:101F30000B462046484931F07DFE214605A8EEF7C4
:101F40009FFF099B6BB11A68D5683D4A954241F0E5
:101F5000EB84186D002801F0C7824649152225F050
:101F6000ADF896ED1B8AF7EE000AB0EE480A2EF0A7
:101F7000BBF9B5EE400AF1EE10FA00F0F18418EE6C
:101F8000100A2FF03DFA02460B462046324931F046
:101F900051FE214605A8EEF773FF374905A8EEF775
:101FA0001BFC96ED1A8AF7EE000AB0EE480A2EF0F6
:101FB0009BF9B5EE400AF1EE10FA00F0C78418EE76
:101FC000100A2FF01DFA02460B462046224931F036
:101FD00031FE214605A8EEF753FF2849284D05A8F4
:101FE000EEF74EFF274905A8EEF7F6FB326E1649CD
:101FF000204631F01FFE214605A8EEF741FF224999
:1020000005A8EEF73DFF214905A8EEF739FF1E4967
:1020100005A8EEF735FF1E4905A8EEF731FF1D496B
:1020200005A8EEF7D9FBAA680749204631F002FE61
:10203000214605A8EEF724FF099B002B3AD02BE0A0
:10204000290C0000C4D50400A8C80400CCD50400A5
:10205000D8D50400E8D50400B8C904006008FF1F03
:1020600000D6040018D6040020D6040030D60400A0
:102070004CD6040064D604007CD6040090D604003C
:102080007C10FF1FBCD604008CC80400C8D6040016
:10209000D4D6040014D704001A68D668BA4A964207
:1020A00041F07884186D002801F0D481B7490F22DF
:1020B00025F004F895ED038AF7EE000AB0EE480A21
:1020C0002EF012F9B5EE400AF1EE10FA00F0348469
:1020D00018EE100A2FF094F902460B462046AC4940
:1020E00031F0A8FD214605A8EEF7CAFEA94905A8CA
:1020F000EEF772FB2A69A849204631F09BFD214684
:1021000005A8EEF7BDFE099B6BB11A68D6689E4A1A
:10211000964241F04584186D002801F091819F4955
:102120000E2224F0CBFF95ED068AF7EE000AB0EE02
:10213000480A2EF0D9F8B5EE400AF1EE10FA00F098
:10214000F28318EE100A2FF05BF902460B46204688
:102150008F4931F06FFD214605A8EEF791FE9049B9
:1021600005A8EEF78DFE8F4905A8EEF789FE8C498C
:1021700005A8EEF785FE099B6BB11A68D668824AFE
:10218000964241F01384186D002801F043827F4984
:102190000F2224F093FF95ED088AF7EE000AB0EEC7
:1021A000480A2EF0A1F8B5EE400AF1EE10FA00F060
:1021B000B18318EE100A2FF023F902460B46204691
:1021C000734931F037FD214605A8EEF759FE7149F4
:1021D00005A8EEF701FBEA696F49204631F02AFDB8
:1021E000214605A8EEF74CFE6C4905A8EEF7F4FA77
:1021F000E86A2FF005F90B4602466549204631F0A2
:1022000019FD214605A8EEF73BFE674905A8EEF744
:1022100037FE099B6BB11A68D6685B4A964241F05B
:102220005F83186D002801F0EB816049112224F0D2
:1022300045FF6D6A07EE905AF7EE000AB8EE670A9E
:102240002EF052F8B5EE400AF1EE10FA14BF5049E4
:1022500051492A46204631F0EDFC214605A8EEF70B
:102260000FFE4F4905A8EEF70BFE514905A8EEF702
:1022700007FE4B4905A8EEF703FE099B6BB11968F1
:10228000414ACD68954241F03183186D002801F034
:10229000D5814849072224F011FF474D3E496A6C19
:1022A000204631F0C7FC214605A8EEF7E9FD434979
:1022B00005A8EEF791FA95ED0F8AF7EE000AB0EE59
:1022C000480A2EF011F8B5EE400AF1EE10FA00F0CF
:1022D000188318EE100A2FF093F802460B4620469A
:1022E0002B4931F0A7FC214605A8EEF7C9FD34497A
:1022F00005A8EEF771FA95ED108AF7EE000AB0EE38
:10230000480A2DF0F1FFB5EE400AF1EE10FA00F0A8
:10231000EF8218EE100A2FF073F802460B462046A3
:102320001B4931F087FC214605A8EEF7A9FD254998
:1023300005A8EEF7A5FD099B6BB11A68D668124A8D
:10234000964241F05282186D002801F06D811E49BD
:10235000132224F0B3FE95ED178AF7EE000AB0EED3
:10236000480A2DF0C1FFB5EE400AF1EE10FA00F078
:10237000B68218EE100A2FF043F802460B462046AC
:10238000034931F057FC21E0290C000024D7040058
:10239000B8C9040034D70400A8C8040044D7040016
:1023A0008CC8040054D7040060D704007CD7040014
:1023B00090D704004CCE04004813FF1F98D70400A8
:1023C000A0D704006CC90400A8D70400214605A8C2
:1023D000EEF756FD099B6BB11A68D668AC4A964277
:1023E00041F07882186D002801F05081A94911222E
:1023F00024F064FE2A68A849204631F01BFC2146DF
:1024000005A8EEF73DFDA54905A8EEF7E5F96A69CF
:10241000A149204631F00EFC214605A8EEF730FD1B
:10242000099B6BB11A68D668994A964241F052836B
:10243000186D002801F020819949182224F03EFEF1
:10244000AA6A9549204631F0F5FB214605A8EEF72A
:1024500017FD944905A8EEF713FD099B6BB11A68A7
:10246000D6688B4A964241F0AE81186D002801F083
:10247000F9808D490B2224F021FE6A6886492046A6
:1024800031F0D8FB214605A8EEF7FAFC099B6BB1A9
:102490001A68D6687E4A964241F09B81186D0028E2
:1024A00001F0D6808149082224F008FEAA697A4901
:1024B000204631F0BFFB214605A8EEF7E1FC099B61
:1024C0006BB11A68D668724A964241F08881186DDD
:1024D000002801F017817649122224F0EFFDEA6A04
:1024E0006D49204631F0A6FB214605A8EEF7C8FC51
:1024F000704905A8EEF770F995ED138AF7EE000A1A
:10250000B0EE480A2DF0F0FEB5EE400AF1EE10FAFA
:1025100000F0DC8118EE100A2EF072FF02460B4626
:102520002046654931F086FB214605A8EEF7A8FC58
:10253000624905A8EEF7A4FC099B6BB11A68D6683E
:10254000534A964241F0FC81186D002801F0D0807A
:102550005B490B2224F0B2FDAA684F49204631F0B6
:1025600069FB214605A8EEF78BFC099B6BB11A6845
:10257000D668474A964241F0E981186D002801F07B
:10258000D5805049082224F099FDEA694249204645
:1025900031F050FB214605A8EEF772FC4A4905A828
:1025A000EEF71AF92A6B3C49204631F043FB2146ED
:1025B00005A8EEF765FC099B6BB11A68D668344A2A
:1025C000964241F0E280186D002801F0A5803F4955
:1025D0000C2224F073FD95ED148AF7EE000AB0EE9C
:1025E000480A2DF081FEB5EE400AF1EE10FA00F037
:1025F000648118EE100A2EF003FF02460B462046B7
:102600002D4931F017FB214605A8EEF739FC30497A
:1026100005A8EEF735FC2F4905A8EEF7DDF8EA68C6
:102620001D49204631F006FB214605A8EEF728FC9F
:10263000099B6BB11A68D668154A964241F07A81B7
:10264000186D002801F04A802349092224F036FD44
:102650002A6A1149204631F0EDFA214605A8EEF725
:102660000FFC1E4905A8EEF7B7F86A6B0A49204629
:1026700031F0E0FA214605A8EEF702FC099B002B99
:1026800036D01A68D668024A964241F0658127E042
:10269000290C000058CD0400A8C804006CCD04002B
:1026A00058CE0400F4C9040074CE040080CE0400A7
:1026B0008CCE0400BCD70400B8C9040040CA040092
:1026C000A0CE0400ACCE0400B8CE0400CCD70400E9
:1026D00004CB0400CCCE0400DCCE0400E8CE040021
:1026E000186D002800F0F087C0490D2224F0E6FCA8
:1026F00095ED158AF7EE000AB0EE480A2DF0F4FDCC
:10270000B5EE400AF1EE10FA00F0CE8018EE100A95
:102710002EF076FE02460B462046B54931F08AFA85
:10272000214605A8EEF7ACFBB24905A8EEF7A8FBD9
:10273000099B6BB11A68D668AF4A964241F0BA81DC
:10274000186D002800F0B687AC490C2224F0B6FCC6
:102750002A69AB49204631F06DFA214605A8EEF70B
:102760008FFBA84905A8EEF737F86A6AA449204606
:1027700031F060FA214605A8EEF782FB099B6BB1A8
:102780001A68D6689C4A964241F09A81186D0028D2
:1027900000F086879C49132224F090FCAA6B98498C
:1027A000204631F047FA214605A8EEF769FB974924
:1027B00005A8EEF711F895ED168AF7EE000AB0EECF
:1027C000480A2DF091FDB5EE400AF1EE10FA62D004
:1027D00018EE100A2EF014FE02460B4620468449DD
:1027E00031F028FA214605A8EEF74AFB884905A8EA
:1027F000EEF746FB099CB4B12368864ADB6A934234
:1028000041F06481A06D18B12FF06AFC0023A3652C
:10281000236D002B00F0AD8704F1180026F0AEF810
:1028200005A8EEF703FD7C497C487D4CEEF728FBBC
:102830007C4902A82AF020FA02A8EDF7A5FE02A81A
:102840002AF072FA216802A82AF016FA02A8EDF717
:102850009BFE02A82AF068FA734902A82AF00CFA33
:1028600002A8EDF791FE02A82AF05EFA216802A8FC
:102870002AF002FA02A8EDF787FE02A82AF054FA1D
:10288000099B6A4A059213B105A8EEF7CFFC1BB06D
:10289000BDEC028BF0BDFDEEC87A594917EE902AC7
:1028A000204631F0C7F99DE7FDEEC87A544917EE8E
:1028B000902A204631F0BEF932E7FDEEC87A504941
:1028C00017EE902A204631F0B5F99CE6FDEEC87A65
:1028D0004B4917EE902A204631F0ACF924E6FDEE84
:1028E000C87A474917EE902A204631F0A3F96DE5E2
:1028F000FDEEC87A424917EE902A204631F09AF947
:1029000011E5FDEEC87A3E4917EE902A204631F0D7
:1029100091F9E8E4FDEEC87A394917EE902A20468D
:1029200031F088F94FE4FDEEC87A354917EE902A68
:10293000204631F07FF90EE4FDEEC87A304917EEFB
:10294000902A204631F076F9FFF7CCBBFDEEC87A2D
:102950002B4917EE902A204631F06CF9FFF739BB6E
:10296000FDEEC87A264917EE902A204631F062F92A
:10297000FFF70FBBFDEEC87A214917EE902A2046DB
:1029800031F058F9FFF7D9BAFDEEC87A1C4917EEB5
:10299000902A204631F04EF9FFF7A3BAFDEEC87A2F
:1029A000174917EE902A204631F044F9FFF750BA44
:1029B000FDEEC87A124917EE902A204631F03AF916
:1029C000FFF708BAFDEEC87A0D4917EE902A2046A7
:1029D00031F030F9FFF770B9FDEEC87A084917EE0B
:1029E000902A204631F026F9FFF71DB9DCD7040004
:1029F000B8C9040084CB0400290C0000FCCE0400FC
:102A0000A8C804000CCF040018CF0400ECD70400C1
:102A1000FCD70400D104000008D804006008FF1FA0
:102A20008007FF1F20D80400CCF20400400F0500EF
:102A3000FDEEC87AD54917EE902A204631F0FAF813
:102A4000FEF711BFFDEEC87AD04917EE902A204656
:102A500031F0F0F8FEF7AABEFDEEC87ACB4917EECA
:102A6000902A204631F0E6F8FEF774BEFDEEC87AF3
:102A7000C64917EE902A204631F0DCF8FEF7E9BD92
:102A8000FDEEC87AC14917EE902A204631F0D2F8FF
:102A9000FEF7BFBDFDEEC87ABC4917EE902A20466E
:102AA00031F0C8F8FEF752BDFDEEC87AB74917EE0F
:102AB000902A204631F0BEF8FEF71CBDFDEEC87A24
:102AC000B24917EE902A204631F0B4F8FEF797BCD1
:102AD000FDEEC87AAD4917EE902A204631F0AAF8EB
:102AE000FEF72BBCFDEEC87AA84917EE902A2046C7
:102AF00031F0A0F8FEF798BBFDEEC87AA34917EEB7
:102B0000902A204631F096F8FEF737BBFDEEC87AE2
:102B10009E4917EE902A204631F08CF8FEF7D6BA7F
:102B2000FDEEC87A994917EE902A204631F082F8D6
:102B3000FEF752BAFDEEC87A944917EE902A204665
:102B400031F078F8FEF7FDB9FDEEC87A8F4917EE3F
:102B5000902A204631F06EF8FEF781B8FDEEC87A73
:102B60008A4917EE902A204631F064F8FDF7D1BF6C
:102B7000FDEEC87A854917EE902A204631F05AF8C2
:102B8000FDF700BFFDEEC87A804917EE902A204677
:102B900031F050F8FDF76DBEFDEEC87A7B4917EEB7
:102BA000902A204631F046F8FDF7DBBDFDEEC87AED
:102BB000764917EE902A204631F03CF8FDF7F9BC33
:102BC000FDEEC87A714917EE902A204631F032F8AE
:102BD000FDF7AAB8FDEEC87A6C4917EE902A204698
:102BE00031F028F8FDF76DB8FDEEC87A674917EEA9
:102BF000902A204631F01EF8FDF729B8FDEEC87A7C
:102C0000624917EE902A204631F014F8FCF7C9BF4C
:102C1000FDEEC87A5D4917EE902A204631F00AF899
:102C2000FCF786BFFDEEC87A584917EE902A204679
:102C300031F000F8FCF74EBFFDEEC87A534917EEAD
:102C4000902A204630F0F6FFFCF7A8BEFDEEC87AC9
:102C50004E4917EE902A204630F0ECFFFCF738BEC4
:102C6000FDEEC87A494917EE902A204630F0E2FF7F
:102C7000FCF798BDFDEEC87A444917EE902A20462D
:102C800030F0D8FFFCF7DCBC586D00283CF40BACEE
:102C90003F490E2222F084FBFCF705BC586D00284A
:102CA0003CF4B2AD3B49102222F07AFBFCF7ACBDFC
:102CB000586D00283CF48AAD37490B2222F070FB96
:102CC000FCF784BD586D00283CF454AD3349112203
:102CD00022F066FBFCF74EBD586D00283CF4D0ACEA
:102CE0002F49112222F05CFBFCF7CABC586D00286A
:102CF0003CF43BAC2B490E2222F052FBFCF735BCD6
:102D0000586D00283CF4EDAB2749142222F048FB13
:102D1000FCF7E7BB586D00283CF46CAC2349142247
:102D200022F03EFBFCF766BC586D00283CF437AC43
:102D30001F490E2222F034FBFCF731BC586D0028ED
:102D40003CF495AD1B490E2222F02AFBFCF78FBD07
:102D5000586D00283CF472AD17490D2222F020FB7B
:102D6000FCF76CBD586D00283CF4D8AD1349102217
:102D700022F016FBFCF7D2BD586D00283CF490AD54
:102D80000F49112222F00CFBFCF78ABDA8C80400F1
:102D9000D8C804004CCA040034CA040020CA040085
:102DA000DCC904004CC9040000C904008CC904003B
:102DB0005CC9040070CA040060CA0400B4CA0400FC
:102DC00080CA0400586D00283CF46CAEC0490D2246
:102DD00022F0E6FAFCF766BE586D00283CF449AED6
:102DE000BC490F2222F0DCFAFCF743BE586D0028E4
:102DF0003CF426AEB8490E2222F0D2FAFCF720BEEF
:102E0000586D00283CF4A4ADB449112222F0C8FA50
:102E1000FCF79EBD586D00283DF42DA8B04907224F
:102E200022F0BEFAFDF727B8586D00283DF40AA835
:102E3000AC49062222F0B4FAFDF704B8586D002818
:102E40003CF4D9AFA849062222F0AAFAFCF7D3BF76
:102E5000586D00283CF4B6AFA449062222F0A0FA2F
:102E6000FCF7B0BF586D00283CF4B3AEA0490E2269
:102E700022F096FAFCF7ADBE586D00283CF479AE0E
:102E80009C49092222F08CFAFCF773BE586D002889
:102E90003CF4F1AE98490C2222F082FAFCF7EBBE2A
:102EA000586D00283CF4BBAE94490D2222F078FA0C
:102EB000FCF7B5BE586D00283DF43DAB90490E229D
:102EC00022F06EFAFDF737BB586D00283DF4DAAA00
:102ED0008C49132222F064FAFDF7D4BA586D002809
:102EE0003DF499AA8849132222F05AFAFDF793BAC1
:102EF000586D00283DF476AA8449092222F050FA40
:102F0000FDF770BA586D00283DF47DA98049112263
:102F100022F046FAFDF777B9586D00283DF41AA95A
:102F20007C490E2222F03CFAFDF714B9586D0028B6
:102F30003DF4E4A97849082222F032FAFDF7DEB91F
:102F4000586D00283DF496A974490B2222F028FA06
:102F5000FDF790B9586D00283CF4CCAF70490722BA
:102F600022F01EFAFCF7C6BF586D00283CF49CAF57
:102F70006C49072222F014FAFCF796BF586D00281E
:102F80003DF401A86849062222F00AFAFCF7FBBFCB
:102F9000586D00283CF4CBAF64490C2222F000FAB3
:102FA000FCF7C5BF586D00283DF4BAA8604911224E
:102FB00022F0F6F9FDF7B4B8586D00283DF488A862
:102FC0005C49102222F0ECF9FDF782B8586D002818
:102FD0003DF464A858490D2222F0E2F9FDF75EB8ED
:102FE000586D00283DF406A845490E2222F0D8F974
:102FF000FDF700B8586D00283EF47AA94F49122217
:1030000022F0CEF9FEF774B9586D00283EF457A9A6
:103010004B49082222F0C4F9FEF751B9586D002837
:103020003EF41EAA3C49082222F0BAF9FEF718BA6B
:10303000586D00283EF4FBA942490B2222F0B0F95A
:10304000FEF7F5B9586D00283EF4A5AA2F490922CC
:1030500022F0A6F9FEF79FBA586D00283EF45EAA4A
:1030600039490C2222F09CF9FEF758BA586D002815
:103070003EF428AA35490C2222F092F9FEF722BA32
:10308000586D00283EF405AA3149122222F088F931
:10309000FEF7FFB9586D00283EF43DAC1C491122E3
:1030A00022F07EF9FEF737BC586D00283EF415ACCF
:1030B00028490D2222F074F9FEF70FBC586D002844
:1030C0003EF4EDAB2449072222F06AF9FEF7E7BB94
:1030D00030CB040020CB040010CB0400C8CA04008D
:1030E00068CC040060CC040050CC040048CC040040
:1030F00090CB040078CB0400C0CB0400B0CB04001C
:103100006CCD040018CF0400E8CE0400DCCE04002F
:1031100058CD0400D8CD0400ACCE040074CE040019
:1031200080CC040070CC04000CCD0400C8CC04009A
:10313000C4CD0400A0CD040090CD04008CCE0400CA
:1031400080CE0400A0CE0400E0D30400D0D304005D
:10315000B8CE040000D504004CCE0400586D002801
:103160003EF469ABC049132222F01AF9FEF763BBA3
:10317000586D00283EF4C9AABC49132222F010F968
:10318000FEF7C3BA586D00283EF41EAAB8491322B0
:1031900022F006F9FEF718BA586D00283EF432AB5B
:1031A000B449172222F0FCF8FEF72CBB586D00281A
:1031B0003EF4E4AAB049102222F0F2F8FEF7DEBA9B
:1031C000586D00283DF436AAAC490B2222F0E8F8ED
:1031D000FDF730BA586D00283DF4D3A9A84917224D
:1031E00022F0DEF8FDF7CDB9586D00283DF494AA21
:1031F000A449122222F0D4F8FDF78EBA586D0028A7
:103200003DF431AAA049082222F0CAF8FDF72BBAF2
:10321000586D00283DF441AB9C49082222F0C0F8CB
:10322000FDF73BBB586D00283DF40BAB98491122CC
:1032300022F0B6F8FDF705BB586D00283DF4DBAA77
:103240009449082222F0ACF8FDF7D5BA586D002851
:103250003DF4B8AA90490B2222F0A2F8FDF7B2BAC9
:10326000586D00283DF49FAC8C49072222F098F855
:10327000FDF799BC586D00283DF45FAC88490922E0
:1032800022F08EF8FDF759BC586D00283DF429ACAA
:103290008449122222F084F8FDF723BC586D0028DF
:1032A0003DF406AC7149132222F07AF8FDF700BC18
:1032B000586D00283DF44EAB7B49122222F070F885
:1032C000FDF748BB586D00283DF411AB77490C223F
:1032D00022F066F8FDF70BBB586D00283DF4CFAB2C
:1032E0007349092222F05CF8FDF7C9BB586D00282C
:1032F0003DF45CAB6F49092222F052F8FDF756BB52
:10330000586D00283DF4B0AF6449072222F048F818
:10331000FDF7AABF586D00283DF461AF66490E2243
:1033200022F03EF8FDF75BBF586D00283DF43DAF3D
:103330006249152222F034F8FDF737BF586D002896
:103340003DF403AF5E49072222F02AF8FDF7FDBEE7
:10335000586D00283DF4DDAD5A49072222F020F8CF
:10336000FDF7D7BD586D00283DF49CAD5649152298
:1033700022F016F8FDF796BD586D00283DF4BEAE5C
:103380005249152222F00CF8FDF7B8BE586D0028FE
:103390003DF40AAE4E49072222F002F8FDF704BEC2
:1033A000586D00283DF443AC2F49132221F0F8FF5B
:1033B000FDF73DBC586D00283DF420AC2D49172287
:1033C00021F0EEFFFDF71ABC586D00283DF478ACF3
:1033D00040490E2221F0E4FFFDF772BC586D002831
:1033E0003DF455AC3C49112221F0DAFFFDF74FBC0A
:1033F000586D00283DF431AD1C49132221F0D0FF57
:10340000FDF72BBD586D00283DF40EAD284909226B
:1034100021F0C6FFFDF708BD586D00283DF4CDAC86
:103420002E49092221F0BCFFFDF7C7BC586D0028CA
:103430003DF4AAAC1D490C2221F0B2FFFDF7A4BC5B
:10344000586D00283EF46FAE25490E2221F0A8FFEA
:10345000FEF769BE586D00283EF42CAE21490F22BC
:1034600021F09EFFFEF726BE10D2040018CF040004
:10347000E8CE0400F8D104002CD4040074CE04007B
:10348000C0CF04008CCE040080CE0400C8D004005D
:10349000B4D00400ACCE0400A0CE04004CCE040096
:1034A00070D104005CD10400F4D00400CCCE040040
:1034B0000CCF040008D1040090D3040078D304009A
:1034C00064D30400B0D2040074D204003CD30400DE
:1034D000ECD204006CCD040058CD0400DCCE040016
:1034E00044D7040024D70400586D00283EF439ADB9
:1034F000C149152221F054FFFEF733BD586D002855
:103500003EF403ADBD49142221F04AFFFEF7FDBC95
:10351000586D00283EF484ACB949162221F040FFD2
:10352000FEF77EBC586D00283EF41EACB54906225D
:1035300021F036FFFEF718BC586D00283EF4B9ACF8
:10354000B149182221F02CFFFEF7B3BC586D0028BA
:103550003EF496ACAD490C2221F022FFFEF790BC60
:10356000586D00283EF497AAA949122221F018FFAD
:10357000FEF791BA586D00283EF4E6A9A5490E223F
:1035800021F00EFFFEF7E0B9586D00283EF4E4AAE2
:10359000A149092221F004FFFEF7DEBA586D002888
:1035A0003EF4A3AA9D49092221F0FAFEFEF79DBA36
:1035B000586D00283EF468AB9949092221F0F0FECD
:1035C000FEF762BB586D00283EF445AB95490A22D0
:1035D00021F0E6FEFEF73FBB586D00283EF40BAB32
:1035E00091490C2221F0DCFEFEF705BB586D002846
:1035F0003EF4E8AA8D49172221F0D2FEFEF7E2BA86
:10360000586D00283EF415AE8949112221F0C8FEFC
:10361000FEF70FBE586D00283EF4BDAD85490F2260
:1036200021F0BEFEFEF7B7BD586D00283EF493AE04
:103630008149132221F0B4FEFEF78DBE586D00289B
:103640003EF42BAE7D49072221F0AAFEFEF725BEEF
:10365000586D00283EF42AAF7949082221F0A0FED7
:10366000FEF724BF586D00283EF407AF75490B22C2
:1036700021F096FEFEF701BF586D00283EF4E0AE43
:103680007149182221F08CFEFEF7DABE586D002831
:103690003EF4B0AE6D49112221F082FEFEF7AABEC3
:1036A000586D00283FF47AA86949132221F078FE6A
:1036B000FFF774B8586D00283FF44AA865490C22FA
:1036C00021F06EFEFFF744B8586D00283FF410A8B3
:1036D00061490D2221F064FEFFF70AB8586D0028F9
:1036E0003EF4B6AF4D49092221F05AFEFEF7B0BFB5
:1036F000586D00283EF430AF58490B2221F050FE9F
:10370000FEF72ABF586D00283EF4E9AE5449122254
:1037100021F046FEFEF7E3BE586D00283EF45BAF95
:1037200050490C2221F03CFEFEF755BF586D002891
:103730003EF42BAF4C49082221F032FEFEF725BFA4
:10374000D3F888140AAC00293BF458AE1690474AC7
:103750000123204621F032FA00283BF44FAE2046E8
:1037600021F090FAFBF74ABE204624F029F9FBF736
:1037700045BE636D002B7FF44FA8FFF751B83C495D
:1037800018460E22B047FBF78EBE364918460C226B
:10379000B047FEF720BF254918461722B847FEF765
:1037A00011BA1B4918461222B847FEF774B91B49D3
:1037B00018460922B847FEF798B913491846182247
:1037C000A847FEF776BB1F4918460B22B047FEF705
:1037D00054BE1B4918460822B047FEF767BE204971
:1037E00018461222B047FEF77ABE13491846132234
:1037F000B047FEF7B0BD00BF64D604004CD604004D
:1038000000D60400C4D5040030D6040020D604003D
:10381000B8CE04006CCD04000CCF0400DCCE040054
:1038200070D6040084D5040050D5040038D50400B7
:103830007CD7040024D70400A8D704004CCE040091
:1038400080CE040074CE040058CE040058CD04008D
:1038500018CF0400FCCE0400DCD70400A0CE040086
:103860008CCE0400CCD70400ACCE040030C80400D9
:10387000D8C80400BB4918460922B847FDF75DB90E
:10388000B94918460722A847FDF78DB9B749184628
:103890001722B847FDF7B2B9B54918460822B8470C
:1038A000FCF7A9BFB34918460A22B847FEF7D3B9B7
:1038B000B14918460922B847FEF7E6B9AF4918469C
:1038C0000622A847FEF750BAAD4918460922B84764
:1038D000FEF742B9AB4918461122B047FEF78ABD40
:1038E000A94918461122B047FEF7A3BC9E490722FA
:1038F0001846A847FEF7D1BCA44918460C22B84781
:10390000FEF779B9A24918461422A847FEF7FDBA76
:10391000A04918461622A847FEF782BA9E491846C3
:103920000C22A847FEF7ACBA9C4918461522A847B6
:10393000FEF717BB9A4918460922B047FEF788BE22
:10394000984918460B22B047FEF706BE884918462C
:103950000822B047FEF719BE934918460D22B0471A
:10396000FEF7C6BE864918460922B847FDF75CBA7D
:103970008E4918461322B847FDF76FBA8C4918468E
:103980001522A847FDF78EBA8A4918460E22B84775
:10399000FDF796B9884918460F22B047FEF78ABB53
:1039A000864918460E22B047FEF7BDBB824918462D
:1039B0000F22B047FEF7EFBB794918460922B847F6
:1039C000FDF7FBB97E4918460722B847FDF7BDBB96
:1039D0007C4918460722B847FDF79BBA7A49184632
:1039E0000722B847FDF7E0BA784918461522A847DC
:1039F000FDF7DBBB764918460C22B847FDF7C4B982
:103A0000744918461322B847FDF711B95D491846A5
:103A10001122B847FDF73BB96F4918461522A84750
:103A2000FDF76CBB614918461322B847FDF740B853
:103A30006A4918461222B847FCF78CBF68491846F5
:103A40000922B847FCF7B2BF664918461222B847A8
:103A5000FDF747B8644918460E22B847FDF7BFBBCB
:103A6000414918460722A847FDF7FEBB5F491846A3
:103A70000822B847FDF723BC414918460922B84738
:103A8000FCF7FDBF5A4918461122B847FCF7D9BECA
:103A9000584918460822B847FCF7FFBE4C4918465B
:103AA0000C22B847FCF723BF534918461222B847E7
:103AB000FCF732BE514918460C22B047FEF748BE0B
:103AC0003A4918461322B047FEF768BE2046984789
:103AD000FEF7A6BE4A4918461822B047FEF7B0BC0A
:103AE0003C4918461322A847FDF7A5BE2F491846A2
:103AF0001322B847FDF709BE424918461022B847BD
:103B0000FDF73CBE184907221846A847FDF7C7BE77
:103B1000244918460B22B847FCF754BE3A491846C8
:103B20000B22B847FCF786BD304918460822B84733
:103B3000FCF799BD0D4918461722A847FDF762BE4C
:103B4000324918460C22B847FDF7E8BC144918461C
:103B50000922B847FDF71FBD2D4918461322B84763
:103B6000FDF732BD70D104004CCE0400F8D1040042
:103B7000ACCE040084D5040070D60400C4D5040083
:103B80000CCF040058CD04007CD7040050D50400AD
:103B90004CD6040000D6040020D6040064D60400ED
:103BA000DCCE0400A0CE0400DCD7040018CF040053
:103BB00074D204006CCD040024D7040044D7040060
:103BC00064D30400B0D20400ECD2040078D3040023
:103BD000CCCE040010D204003CD30400F4D0040086
:103BE00008D104005CD1040090D3040080CE04000E
:103BF000B4D00400C8D004008CCE0400FCCE040075
:103C000058CE04002CD4040074CE0400E0D3040089
:103C1000E8CE0400924918460822B847FDF720BCB8
:103C2000904918460D22B047FDF757BE8E491846F9
:103C30001122B847FDF76FBE8C4918460E22B847CF
:103C4000FDF782BE8A4918460C22B847FDF73ABCF8
:103C5000884918461022B047FCF73ABA86491846F8
:103C60001122B047FCF75CBA844918460E22B047CF
:103C7000FCF770BA824918460622B047FCF783B9B0
:103C8000804918461222B847FDF703BC7E49184602
:103C90001222B847FDF72CBB7C4918460B22B847C7
:103CA000FDF7C5BB7A4918460D22B047FCF7F6B9B7
:103CB000784918460922A847FCF794BB6A49184678
:103CC0001122A847FCF79FBA734918460B22A84750
:103CD000FCF7D0BA714918461322A847FCF79BBBE2
:103CE000624918460E22B047FCF784B96C49184661
:103CF0000722B047FCF7FEB86A4918460C22B047C5
:103D0000FCF715B9564918460822A847FCF7F6BA39
:103D1000654918460622B047FCF754B8634918466F
:103D20000E22B047FBF755BF614918460D22B04738
:103D3000FBF775BF5F4918460622B047FCF75BB832
:103D40005D4918461322A847FCF79CBB4749184613
:103D50000E22B847FCF7EFBB584918461722B84760
:103D6000FCF70FBC564918460C22B047FBF783BF3F
:103D7000544918460F22B047FBF77BBE52491846FC
:103D80000D22B047FBF78EBE504918460922B047B6
:103D9000FBF7EFBE4E4918461022B047FBF7BEBDF9
:103DA0004C4918460622B047FCF74CB84A49184619
:103DB0000722B047FCF75FB8484918460722B047CA
:103DC000FCF772B8464918460E22B047FBF738BEDA
:103DD000444918461122B047FBF752BC42491846E5
:103DE0000E22B047FBF7C1BB404918460E22B04730
:103DF000FBF7D5BB3E4918461122B047FBF7BABCCA
:103E00003C4918461122B047FBF7A2BD3A49184673
:103E10000E22B047FBF72BBD384918461122B04798
:103E2000FBF73EBD364918461422B047FBF7E2BB0C
:103E3000344918460B22B047FBF7C8BC3249184634
:103E40001022B047FBF7E0BC304918460D22B047BE
:103E5000FBF7F4BC2E4918461422B047FBF741BBD0
:103E6000ACCE040000D5040058CD04006CCD040095
:103E7000D0D30400A0CD0400C4CD0400D8CD0400EC
:103E80000CCD0400B8CE04008CCE0400A0CE0400FB
:103E900090CD0400DCCE040074CE0400E8CE040013
:103EA00080CC0400C8CC040048CC040090CB0400B3
:103EB000B0CB040050CC040018CF0400C0CF0400E5
:103EC000C0CB040020CB040030CB040078CB04002E
:103ED000B4CA040060CC040068CC040070CC0400B8
:103EE00010CB0400DCC904004CC904005CC9040008
:103EF00020CA0400C8CA040070CA040080CA0400B2
:103F00008CC9040034CA04004CCA040060CA04000E
:103F100000C904002DE9F0412DED028B0C46A8B03C
:103F20000E2105469E4817461E462BF093FF9D48DE
:103F300030F026FE01469B482BF08CFF9A4828F073
:103F40009BFC002397491A4607A827F097FD07A86E
:103F5000EDF73AFB002800F0418150220DEB020101
:103F600007A827F0E9FE002800F0FF805023009307
:103F700022466B44294607A828F046F8002800F09E
:103F80007F818A4904A828F077FE04A8ECF7FCFAA0
:103F900004A828F0C9FE002E40F0A88114A904A8A6
:103FA00028F06AFE04A8ECF7EFFA04A828F0BCFE9B
:103FB000DFF824827E4904A828F05EFE04A8ECF70E
:103FC000E3FA04A828F0B0FE07EE907AB8EEE70A0C
:103FD000ECF792FA774B04A8196828F04DFE04A874
:103FE000ECF7D2FA04A828F09FFE35B1284630F04D
:103FF000C7FD014628462BF02DFF6B4828F03CFCFE
:1040000034B1204630F0BCFD014620462BF022FFA3
:10401000654828F031FC654805212BF01BFF002E78
:1040200000F0858122202BF09BFF14A830F0A8FD22
:10403000014614A82BF00EFF22202BF091FF012146
:104040005B482BF007FF3946574828F00DFC5648CF
:1040500028F012FC0D2158482BF0FCFE14A830F07B
:104060008FFD014614A82BF0F5FE4F4828F004FC04
:10407000524904A828F000FE04A8ECF785FA04A829
:1040800028F052FED8F80030012B00F05881032BA5
:1040900000F06581002B00F05E81294604A828F01D
:1040A000EBFD474D04A8ECF76FFA04A828F03CFE9E
:1040B000296804A828F0E0FD04A8ECF765FA04A834
:1040C00028F032FE3F4904A828F0D6FD04A8ECF7FA
:1040D0005BFA04A828F028FED8F80030012B00F085
:1040E0004E81032B00F04781002B00F040812146D8
:1040F00004A828F0C1FD04A8ECF746FA04A828F0AB
:1041000013FE296804A828F0B7FD04A8ECF73CFAD0
:1041100004A828F009FE2C4904A828F0ADFD04A845
:10412000ECF732FA04A828F0FFFDD8F80030012B94
:1041300000F01981032B00F00A81002B00F00381AD
:1041400014A904A828F098FD04A8ECF71DFA04A807
:1041500028F0EAFD296804A828F08EFD04A8ECF7F1
:1041600013FA04A828F0E0FDACE0092117489FED00
:10417000188A2BF06FFE07A830F002FD014607A851
:104180002BF068FE13480C212BF064FE07A827F0E3
:10419000A1FCB0EE480A28B0BDEC028BBDE8F0816E
:1041A0002CD80400A416FF1F6008FF1F80D804004D
:1041B00088D804008007FF1F8CD804009CD8040016
:1041C0008407FF1FB0D80400C4D8040064D80400DA
:1041D0000000000070D804009807FF1F09217448F0
:1041E000744C9FED758A2BF035FE744830F0C8FC96
:1041F000014672482BF02EFE0F2171482BF02AFE4B
:10420000704828F039FB704914A828F035FD14A82F
:10421000ECF7BAF914A828F087FD216814A828F053
:104220002BFD14A8ECF7B0F914A828F07DFD674920
:1042300014A828F021FD14A8ECF7A6F914A828F07A
:1042400073FD216814A828F017FD14A8ECF79CF959
:1042500014A828F069FD5E4914A828F00DFD14A8E3
:10426000ECF792F914A828F05FFD216814A828F053
:1042700003FD14A8ECF788F914A828F055FD85E78C
:10428000102154482BF0E6FD4E4828F0F5FA52482C
:1042900004212BF0DFFD35B1284630F071FC0146DA
:1042A00028462BF0D7FD4D4803212BF0D3FD34B128
:1042B000204630F065FC014620462BF0CBFD4148FE
:1042C00028F0DAFA464A13680493049913680393B2
:1042D000039B5B1A632BF9D914A82DF0F5FE51EC62
:1042E000100B2DF0DDFB08EE100A4FE7DFF8F4802D
:1042F000D8F80030012B56D0032B50D0002B4AD0D9
:1043000014A904A828F0B8FC04A8ECF73DF904A807
:1043100028F00AFDD8F80030012B38D0032B32D01A
:10432000002B7FF447AE22202BF01AFE42E614A8A1
:1043300030F026FC014614A82BF08CFD7FE62220ED
:1043400029F06EFDA9E622202BF00AFEF8E62220D5
:104350002AF050FEF4E622202BF002FE9DE62220F9
:104360002AF048FE99E6222029F05AFDE8E62220AC
:104370002BF0F6FDBBE622202AF03CFEB7E6222019
:1043800029F04EFDB3E622202AF034FE12E6222068
:1043900029F046FD0EE622202BF0E2FDB0E72220B8
:1043A0002AF028FEACE7222029F03AFDA8E700BF5A
:1043B0003CD804008007FF1F00000000A416FF1F68
:1043C00048D804006008FF1F58D8040058FC0400B7
:1043D000B8F20400D8D80400ECD80400F4D80400E3
:1043E0005C1FFF1F9807FF1F10B513481349144C9B
:1043F00000234FF4BA72FFF78DFD12490E4884ED89
:10440000030A00234FF4F872FFF784FDBDEEC00AE3
:104410000D49094884ED040A4FF41B720123FFF78C
:1044200079FD0A4B84ED060A20461968BDE8104064
:104430006C2228F065BE00BF08D90400F8D804003B
:104440007C10FF1F14D9040024D904003807FF1F73
:1044500010B50D480D490E4C01234FF41972FFF7AA
:1044600059FD0C49084884ED130A4FF41D720123CD
:10447000FFF750FD084B84ED120A20461968BDE88D
:104480001040502228F03CBE50E6040034D904000D
:10449000B014FF1FE0D904006807FF1F38B52A4D8C
:1044A0002A492B4C284600234FF40B72FFF732FDAC
:1044B000BDEEC00A2846274984ED100A01234FF4B7
:1044C0009A72FFF727FD2846234984ED140A012339
:1044D000E822FFF71FFD2846204984ED130A002338
:1044E0004FF43972FFF716FDBDEEC00A28461C498D
:1044F00084ED0F0A01234FF43A72FFF70BFD2846B3
:10450000184984ED120A01234FF4A272FFF702FD4D
:104510002846154984ED110A01234FF41872FFF75C
:10452000F9FC2846114984ED1A0A4FF43072012330
:10453000FFF7F0FC0E4B84ED1B0A19682046702231
:10454000BDE8384028F0DCBD50D9040040D9040053
:10455000D812FF1F58D9040070D9040088D904006C
:1045600094D90400ACD90400C0D90400D4D9040003
:104570006007FF1F38B53C4D3C493D4C28460023A1
:104580004FF44A72FFF7C6FCBDEEC00A284639490F
:1045900084ED1D0A00234FF44B72FFF7BBFCBDEE08
:1045A000C00A2846344984ED1E0A00234FF44C7299
:1045B000FFF7B0FCBDEEC00A2846304984ED1F0A63
:1045C00000234FF44172FFF7A5FCBDEEC00A284658
:1045D0002B4984ED200A00234FF44472FFF79AFC24
:1045E000BDEEC00A2846274984ED210A00234FF476
:1045F0004572FFF78FFCBDEEC00A2846224984EDC4
:10460000220A00234FF44272FFF784FCBDEEC00A79
:1046100028461E4984ED230A00234FF44372FFF716
:1046200079FCBDEEC00A2846194984ED240A00230E
:104630004FF45672FFF76EFCBDEEC00A28461549CE
:1046400084ED250A4FF457720023FFF763FC124BE9
:10465000BDEEC00A196884ED260A20464FF4847224
:10466000BDE8384028F04CBD00DA0400ECD9040065
:10467000A813FF1F08DA040018DA040028DA04007F
:1046800038DA040048DA040058DA04006CDA04006E
:104690007CDA040090DA04006C16FF1F70B52DED73
:1046A000028B0546A8B0BA480C460E212BF0D2FB6F
:1046B000B84830F065FA0146B6482BF0CBFBB64857
:1046C00028F0DAF80023B3491A4607A827F0D6F9EC
:1046D00007A8ECF779FF002800F0DC8050220DEBF2
:1046E000020107A827F028FB002800F0B98050231A
:1046F000009322466B44294607A827F085FC002832
:1047000000F01A8135B1284630F03AFA01462846C1
:104710002BF0A0FBA04828F0AFF834B1204630F0D1
:104720002FFA014620462BF095FB9B489B4E28F024
:10473000A3F814A830F024FA014614A82BF08AFB41
:10474000954828F099F8964904A828F095FA04A805
:10475000EBF71AFF04A828F0E7FA3368012B00F002
:104760005981032B00F03E81002B00F04781294640
:1047700004A828F081FA8B4D04A8EBF705FF04A8E4
:1047800028F0D2FA296804A828F076FA04A8EBF7F2
:10479000FBFE04A828F0C8FA834904A828F06CFAA4
:1047A00004A8EBF7F1FE04A828F0BEFA3368012B49
:1047B00000F02881032B00F01D81002B00F01681F2
:1047C000214604A828F058FA04A8EBF7DDFE04A857
:1047D00028F0AAFA296804A828F04EFA04A8EBF7F2
:1047E000D3FE04A828F0A0FA704904A828F044FADF
:1047F00004A8EBF7C9FE04A828F096FA3368012B49
:1048000000F00481032B00F0BE80002B00F0B78085
:1048100014A904A828F030FA04A8EBF7B5FE04A800
:1048200028F082FA296804A828F026FA04A8EBF7F1
:10483000ABFE04A828F078FA5D4A13680493049943
:1048400013680393039B5B1A632BF9D914A82DF00B
:104850003BFC51EC100B2DF023F908EE100A10E090
:10486000092154489FED548A2BF0F4FA07A830F040
:1048700087F9014607A82BF0EDFA50480C212BF0E0
:10488000E9FA07A827F026F9B0EE480A28B0BDECEF
:10489000028B70BD09214A484A4C9FED478A2BF094
:1048A000D9FA3C4830F06CF901463A482BF0D2FA7C
:1048B0000F2145482BF0CEFA374827F0DDFF43495A
:1048C00014A828F0D9F914A8EBF75EFE14A828F074
:1048D0002BFA216814A828F0CFF914A8EBF754FE9E
:1048E00014A828F021FA3A4914A828F0C5F914A808
:1048F000EBF74AFE14A828F017FA216814A828F04C
:10490000BBF914A8EBF740FE14A828F00DFA3149C2
:1049100014A828F0B1F914A8EBF736FE14A828F073
:1049200003FA216814A828F0A7F914A8EBF72CFEC5
:1049300014A828F0F9F9A4E7102127482BF08AFAE7
:10494000154827F099FF254804212BF083FA35B14B
:10495000284630F015F9014628462BF07BFA20480E
:1049600003212BF077FA34B1204630F009F90146E3
:1049700020462BF06FFA084827F07EFF5CE72220E4
:104980002BF0EEFA44E722202AF034FB40E700BF88
:104990002CD80400A416FF1F6008FF1F9807FF1FF4
:1049A0009CD804008407FF1FB0D80400C4D80400BA
:1049B0005C1FFF1F64D804000000000070D80400D2
:1049C0003CD804008007FF1F48D8040058D80400D2
:1049D00058FC0400B8F20400D8D80400ECD8040055
:1049E000F4D8040022202AF005FBC0E622202BF098
:1049F000B7FAE5E622202AF0FDFAE1E622202BF0C4
:104A0000AFFAB4E6222029F00BFAD9E6222029F0E9
:104A100007FAFDE6222029F003FAA8E62DE9F04185
:104A2000CC49CD48CD4CDFF8D483CD4FCD4ECE4DC3
:104A30002DED028BFFF732FEFDEEC07ACB49C64862
:104A4000C4ED057A17EE903A88F80030FFF726FE9D
:104A5000FDEEC07AC649C048C4ED167A17EE903A0A
:104A60003B70FFF71BFEBDEEC00A636DB949C1483C
:104A7000337084ED0A0AFFF711FEFDEEC07ABE4ADC
:104A800017EE903A5820C2ED0A7A2B70FAF7A4FB81
:104A9000BA49B148FFF702FEFDEEC07AB849AE4808
:104AA000C4ED067A17EE903A88F80030FFF7F6FD6D
:104AB000FDEEC07AB349A848C4ED077A17EE903AE4
:104AC0003B70FFF7EBFDFDEEC07AAF49A248C4EDA5
:104AD000087A17EE903A3370FFF7E0FDFDEEC07AEA
:104AE0004C2017EE903AC4ED097A2B70FAF774FB5C
:104AF000A649994800234FF46872FFF70BFABDEE00
:104B0000C00AA349944884ED000A00234FF455726B
:104B1000FFF700FABDEEC00A9E498F4884ED010AF6
:104B200000234FF45472FFF7F5F9BDEEC00A9A491D
:104B3000894884ED020A00234FF45872FFF7EAF91E
:104B4000BDEEC00A9549844884ED030A00234FF462
:104B50005172FFF7DFF9BDEEC00A91497E4884ED3E
:104B6000040A00234FF46B72FFF7D4F9BDEEC00ABC
:104B70008C49794884ED0A0A00234FF44072FFF70C
:104B8000C9F9BDEEC00A8849734884ED0B0A0023B9
:104B90004FF46372FFF7BEF9BDEEC00A83496E4859
:104BA00084ED0C0A00234FF46972FFF7B3F9BDEEF0
:104BB000C00A7F49684884ED0D0A00234FF46772EC
:104BC000FFF7A8F9BDEEC00A7A49634884ED0E0AE2
:104BD00001234FF4C272FFF79DF977495E4884EDD7
:104BE000170A01234FF42372FFF794F973495A48C7
:104BF00084ED180A01238C22FFF78CF9704956487E
:104C000084ED190A0123F422FFF784F96D49524813
:104C100084ED1A0A01234FF48072FFF77BF94FF4F9
:104C2000327269494C4884ED1B0A0023FFF772F980
:104C3000B0EE088AB4EE480AF1EE10FA0CBF4FF05D
:104C4000FF3201222264614943484FF4337200234A
:104C5000FFF760F9B4EE480AF1EE10FA0CBF4FF01E
:104C6000FF32012262645A493B484FF434720023F8
:104C7000FFF750F9B4EE480AF1EE10FA0CBF4FF00E
:104C8000FF3201223448A264524900234FF43572A6
:104C9000FFF740F9B4EE480AF1EE10FA0CBF4FF0FE
:104CA000FF30012000234FF43672E0644A492A485D
:104CB000FFF730F9B4EE480AF1EE10FA0CBF4FF0EE
:104CC000FF3301233B21454823652BF0C3F8A16F37
:104CD000434827F0C9FD424827F0CEFD41491E4810
:104CE00000239422FFF716F9BDEEC00A3E491A4888
:104CF00084ED1E0A00232C22FFF70CF9BDEEC00A3A
:104D00003A49154884ED1F0A00233822FFF702F9BB
:104D1000BDEEC00A3649104884ED200A0023542213
:104D2000FFF7F8F8BDEEC00A32490B4884ED210ABE
:104D30006C220023FFF7EEF8BDEC028B2E4BBDEE8C
:104D4000C00A204684ED220A1968BDE8F0418C2291
:104D500028F0D6B9A0DA0400B8DA04004C12FF1F1C
:104D6000BF18FF1FBD18FF1FBE18FF1FC4DA0400C5
:104D7000CCDA040078E604004813FF1FDCDA0400F4
:104D8000F0DA040004DB040018DB0400ECD90400B2
:104D90002CDB040038DB040044DB040050DB04009F
:104DA00008DA04005CDB040064DB04006CDB040054
:104DB00078DB040084DB04009CDB0400B0DB04002F
:104DC000C4DB0400D8DB0400ECDB040000DC0400DE
:104DD0000CDC040018DC040028DC0400D8CF04003C
:104DE0006008FF1F38DC040048DC040050DC0400CD
:104DF00058DC040064DC04005C07FF1FBC18FF1FC4
:104E00002DE9F84FB54CDFF84CB3B54EDFF848A3A9
:104E1000E36AB44FDFF844938BF800302368DFF87F
:104E200040838AF80030B36D89F800303846236C2F
:104E3000AD4988F80030FFF731FCFDEEC07AAB4D8C
:104E4000AB49C4ED0B7A17EE903A3846C6ED057AB9
:104E50008BF80030C5ED117AFFF720FCFDEEC07A2B
:104E6000384617EE903AA349C4ED007AC5ED007AB2
:104E7000C6ED157A8AF80030FFF710FCFCEEC07A18
:104E80009D499E48C6ED167A17EE903AC5ED057A13
:104E9000C5ED0A7A89F80030FFF700FCFDEEC07A14
:104EA000142017EE903AC4ED107A88F80030FAF723
:104EB00093F93846924900234FF46072FFF72AF8BD
:104EC000FDEEC07A4FF46A7238468E49C4ED017A1D
:104ED0000023C5ED0C7AC6ED007AFFF71BF8236BB3
:104EE0008BF80030636B8AF80030FDEEC07AA36B5C
:104EF00089F800303846E36B8349C4ED027AC5ED8A
:104F0000167AC6ED0A7A88F80030FFF7C7FBFDEE87
:104F1000C07A384617EE903A7C498BF80030C4EDE1
:104F20000C7AC5ED127AC6ED067AFFF7B7FBFDEEF7
:104F3000C07A384617EE903A75498AF80030C4EDC9
:104F40000D7AC5ED137AC6ED077AFFF7A7FBFDEEE4
:104F5000C07A7049C4ED0E7A17EE903A384689F857
:104F60000030C5ED147AC6ED087AFFF797FBFDEE29
:104F7000C07A3020C4ED0F7AC5ED157AC6ED097AF6
:104F8000FCEEC07A17EE903A88F80030FAF724F970
:104F90003846614900234FF47972FEF7BBFFFDEEFE
:104FA000C07A38465D49C4ED037A00234FF47C7221
:104FB000C5ED0D7AC6ED017AFEF7ACFFFDEEC07AC5
:104FC00038465749C4ED047A00234FF47072C5ED9A
:104FD000177AC6ED0B7AFEF79DFFFDEEC07A3846D4
:104FE0005049C4ED057A00234FF47572C5ED0E7A71
:104FF000C6ED027AFEF78EFFFDEEC07A38464A49CA
:10500000C4ED067A00234FF44772C5ED187AC6ED59
:105010000C7AFEF77FFFFDEEC07A38464349C4EDB7
:10502000077A00234FF44872C5ED0F7AC6ED037A74
:10503000FEF770FFFDEEC07A38463D49C4ED087AB0
:1050400000234FF47172C5ED197AC6ED0D7AFEF7A3
:1050500061FFFDEEC07A38463649C4ED097A002377
:105060004FF47472C5ED107AC6ED047AFEF752FF64
:10507000FDEEC07A38463049C4ED0A7A0023042296
:10508000C5ED1A7AC6ED0E7AFEF744FF3846BDEE3E
:10509000C00A2A4F2A4987ED1D0A01231822FEF76C
:1050A00039FF284B87ED1C0A196838468C2228F0F6
:1050B00027F8254B20461968502228F021F8234B69
:1050C00030461968702228F01BF8214B28461968D1
:1050D0006C22BDE8F84F28F013B800BFB014FF1FD2
:1050E000D812FF1F70DC0400A0DA04007C10FF1F40
:1050F000C4DA040078DC040088DC040050E6040014
:10510000ECD9040008DA0400DCDA0400F0DA040068
:1051100004DB040018DB04002CDB04005CDB04006F
:1051200038DB040064DB040044DB04006CDB0400B7
:1051300050DB040078DB040094DC04006C11FF1FDA
:10514000ACDC04005407FF1F6807FF1F6007FF1F48
:105150003807FF1FBC18FF1FBF18FF1FBD18FF1F18
:10516000BE18FF1F2DE9F043934CDFF8C092934E19
:10517000DFF8BC82A36A924F9249934889F80030C5
:1051800083B00025636C337088F800503D70FFF7E2
:1051900085FAFDEEC07A8D498B48C4ED0A7A17EE88
:1051A000903A89F80030FFF779FAFDEEC07A642072
:1051B00017EE903AC4ED117A3370FAF70DF884497E
:1051C000814801234FF42172FEF7A4FE81497E48F5
:1051D00084ED0F0A01234FF4E272FEF79BFE7E4935
:1051E000794884ED100A01234FF42E72FEF792FEE7
:1051F0007A49754884ED170A2B464FF44F72FEF733
:1052000089FEBDEEC00A4FF4507275496E4884EDB8
:10521000000A2B46FEF77EFEE36A89F80030236B16
:105220003370BDEEC00A636B6E49674888F8003082
:10523000A36B3B7084ED050AFFF730FAFDEEC07AF0
:1052400069496148C4ED0B7A17EE903A89F800304D
:10525000FFF724FAFDEEC07A64495B48C4ED0C7A8E
:1052600017EE903A3370FFF719FAFDEEC07A6049F5
:105270005548C4ED0D7A17EE903A88F80030FFF7E4
:105280000DFAFDEEC07A342017EE903AC4ED0E7A96
:105290003B70F9F7A1FF57494B482B464FF45C721E
:1052A000FEF738FEBDEEC00A5349474884ED010AB7
:1052B0002B464FF46D72FEF72DFEBDEEC00A4F492E
:1052C000414884ED060A01234FF48A72FEF722FE5C
:1052D0004B4A84ED130A13680193019840F6B731E5
:1052E00013680093009B1B1A8B42F9D94549364835
:1052F00000234FF45B72FEF70DFEBDEEC00A42497B
:10530000314884ED020A00234FF45972FEF702FE81
:10531000BDEEC00A3D492C4884ED070A01234FF435
:105320008E72FEF7F7FD3A49274884ED140A0023F0
:105330004FF44E72FEF7EEFDBDEEC00A354922482D
:1053400084ED030A00234FF44D72FEF7E3FDBDEE3A
:10535000C00A31491C4884ED080A01234FF4027247
:10536000FEF7D8FD2D49184884ED150A00234FF4A7
:105370006172FEF7CFFDBDEEC00A2949124884EDE7
:10538000040A00234FF45372FEF7C4FDBDEEC00AB9
:1053900024490D4884ED090A44220123FEF7BAFD91
:1053A000214B0548196884ED160A602203B0BDE858
:1053B000F04327F0A5BE00BF4813FF1FBF18FF1F13
:1053C000BE18FF1FA0DA040078E60400C4DA040067
:1053D000C0DC0400C8DC0400D0DC0400ECD904000C
:1053E00008DA0400DCDA0400F0DA040004DB04006C
:1053F00018DB04002CDB04005CDB0400E4DC0400AC
:105400005C1FFF1F38DB040064DB0400F0DC0400D9
:1054100044DB04006CDB0400FCDC040050DB040013
:1054200078DB04000CDD04006407FF1FBC18FF1FBD
:10543000BD18FF1F2DE9F0437C4CDFF85492E36860
:10544000DFF850827A4D7B4F89F80030A3697A4E9D
:1054500088F80030636A3B7083B0236B7749337000
:105460002846FFF71BF9FCEEC07A2846CDED017AFD
:105470009DF80430724989F80030E360FFF70EF9B7
:10548000FCEEC07A2846CDED017A9DF804306D49D6
:1054900088F80030A361FFF701F9FCEEC07A6A4991
:1054A000CDED017A9DF80430636228463B70FFF72A
:1054B000F5F8FCEEC07A4FF4AE70CDED017A9DF8B0
:1054C000043023633370F9F787FE28465F49604E46
:1054D00000234FF47272FEF71DFDBCEEC00A284691
:1054E0005C4984ED010A00234FF47772FEF712FD48
:1054F000BCEEC00A2846584984ED020A0123A822BE
:10550000FEF708FD2846554984ED0D0A01234FF4A6
:10551000C672FEF7FFFC2846514984ED110A0023AC
:105520004FF47A72FEF7F6FCBDEEC00A28464D49EC
:1055300084ED040A00234FF47D72FEF7EBFCBDEE10
:10554000C00A2846484984ED050A01234FF4AA728F
:10555000FEF7E0FC2846454984ED0E0A01234FF48E
:105560009E72FEF7D7FC2846414984ED120A0023BB
:105570004FF45E72FEF7CEFCBDEEC00A28463D49F0
:1055800084ED070A00234FF45F72FEF7C3FCBDEE03
:10559000C00A01232846384984ED080A4FF4A67250
:1055A000FEF7B8FC316884ED0F0A2046542227F03C
:1055B000A7FD2846314901234FF4FA72FEF7AAFCF1
:1055C00028462F4984ED130A00234FF45272FEF748
:1055D000A1FCBDEEC00A28462A4984ED0A0A002330
:1055E0004FF45D72FEF796FCBDEEC00A012328461B
:1055F000254984ED0B0A0C22FEF78CFC316884ED02
:10560000100A2046542227F07BFD28461F492422F9
:105610000123FEF77FFC316884ED140A54222046F2
:1056200003B0BDE8F04327F06BBD00BFF811FF1FCA
:1056300044E60400BD18FF1FBE18FF1FDCDA04009B
:10564000F0DA040004DB040018DB04002CDB0400A7
:105650005807FF1F5CDB04001CDD040028DD04008C
:1056600038DB040064DB040034DD040040DD0400AA
:1056700044DB04006CDB04004CDD04005CDD040052
:1056800050DB040078DB04006CDD04007CDD0400EA
:10569000BC18FF1FBF18FF1FF0B5374D3749384CF6
:1056A000384E394F83B02846FEF7F8FFFCEEC07A3B
:1056B000364ACDED017A9DF80430354935486362AC
:1056C0001370FEF7EBFFFCEEC07A334ACDED017AA2
:1056D0009DF8043031493248A3601370FEF7DEFFB5
:1056E000FCEEC07A2F4ACDED017A9DF804302E49A8
:1056F0002E481370F365FEF7D1FFFCEEC07A2C4AFA
:10570000CDED017A9DF804303B604FF4DA701370F0
:10571000F9F762FD2846274901234FF49672FEF7F8
:10572000F9FB2846244984ED0B0A01234FF41F722C
:10573000FEF7F0FB2846214984ED080A00232022C9
:10574000FEF7E8FB1E4BBDEEC00A196884ED070AA0
:105750003846542227F0D4FC1A4B30461968702280
:1057600027F0CEFC184B19686C22204603B0BDE828
:10577000F04027F0C5BC00BF6CE604008CDD0400DF
:105780007C10FF1FD812FF1FF811FF1FBC18FF1F4E
:10579000A0DD040008D90400BF18FF1FACDD040021
:1057A00050D90400BD18FF1FC4DA040044E6040009
:1057B000BE18FF1F24D90400F8D8040014D904002F
:1057C0005807FF1F6007FF1F3807FF1F2DE9F84F1D
:1057D000E04DDFF834A46B69DFF83084DE4CDFF88D
:1057E0003094DE4F8AF800302B68DD4E88F80030A8
:1057F0006B683B702046D9F80031DA493370FEF708
:105800004DFFFDEEC07A204617EE903AD649C5ED21
:10581000057A8AF80030FEF741FFBDEEC00A2B681A
:10582000D24988F80030204685ED010AFEF736FFA0
:10583000FDEEC07ACE49CF48C5ED017A17EE903A19
:105840003B70FEF72BFFFDEEC07A682017EE903A12
:10585000C9ED407A3370F9F7BFFC2046C649DFF83E
:10586000B483DFF8B4B3C54F00234FF46272FEF780
:1058700051FBBDEEC00A2046C14985ED020A002356
:105880004FF46C72FEF746FBBDEEC00A2046BD49E0
:1058900085ED080A00239C22FEF73CFBBDEEC00A02
:1058A0002046B94985ED0C0A0123B422FEF732FBEC
:1058B0002046B64985ED0B0A00234FF46F72FEF7C0
:1058C00029FBBDEEC00A2046B14985ED090A002337
:1058D0004FF44972FEF71EFBBDEEC00A2046AD49EB
:1058E00085ED030A00234FF47672FEF713FBBDEE3D
:1058F000C00A2046A84985ED0A0A00234FF44672E3
:10590000FEF708FBBDEEC00A2046A44985ED040A57
:105910000023C022FEF7FEFABDEEC00A2046A049D1
:1059200088ED000A00234FF40F72FEF7F3FABDEE84
:10593000C00A01234FF4B0729A4988ED010A20464B
:10594000FEF7E8FA012010EE106AEDF73BF90C21A2
:1059500058462AF07FFA30462BF052FD924E41EC29
:10596000100B0221304626F0ABFF304626F084FFB4
:105970001B218E482AF06EFA00230A22D8F808105C
:10598000304626F091FF304626F076FF1B218848EE
:105990002AF060FAD8F80C002BF032FD41EC100B25
:1059A0000221304626F08CFF304626F065FF204667
:1059B00080490023A022FEF7ADFABDEEC00A2046C2
:1059C0007D4987ED000A00234FF43172FEF7A2FAF9
:1059D000BDEEC00A01234FF4B472784987ED010A85
:1059E0002046FEF797FA022010EE10AAEDF7EAF82B
:1059F00058460C212AF02EFA50462BF001FD41ECBE
:105A0000100B0221304626F05BFF304626F034FFB3
:105A10001B216B48DFF804B2DFF804A22AF01AFA5F
:105A200000230A22B968304626F03EFF304626F0B1
:105A300023FF1B2163482AF00DFAF8682BF0E0FCE5
:105A400041EC100B0221304626F03AFF304626F09A
:105A500013FF20465C495D4E00239822FEF75AFA58
:105A6000BDEEC00A20465A498BED000A00234FF4D0
:105A70001472FEF74FFABDEEC00A56498BED010ACB
:105A800001234FF411722046FEF744FA0320EDF78C
:105A900099F82046504900234FF4D672FEF73AFA9F
:105AA000BDEEC00A20464D498AED000A00234FF49E
:105AB0001372FEF72FFABDEEC00A49498AED010ABA
:105AC00001234FF428722046FEF724FA0420EDF754
:105AD00079F82046434900234FF4DC72FEF71AFAA6
:105AE000BDEEC00A2046404986ED000A00234FF46F
:105AF0000672FEF70FFABDEEC00A3C4986ED010AB8
:105B0000204601234FF42A72FEF704FA0520EDF730
:105B100059F8374B28461968342227F0F1FA354BEB
:105B200040461968102227F0EBFA334B38461968C3
:105B3000102227F0E5FA314B58461968102227F059
:105B4000DFFA2F4B50461968102227F0D9FA2D4B57
:105B5000304667E03811FF1F38E60400BD18FF1F0C
:105B6000BE18FF1FA0DA0400C4DA0400B4DD04008C
:105B7000BCDD0400CCDD0400ECD90400F810FF1FEC
:105B800008DA040094DC0400ACDC04006CDB0400E4
:105B900044DB040078DB040050DB0400D8DD0400A3
:105BA000F0DD040000DE04006008FF1F18DE0400C2
:105BB00034DE040050DE040068DE040078DE0400F9
:105BC00080DE04009CDE0400B8DE04002811FF1F04
:105BD000D0DE0400E0DE0400E8DE040000DF0400A4
:105BE00010DF040018DF040030DF040040DF040091
:105BF0005007FF1F3C07FF1F4007FF1F4407FF1F01
:105C00004807FF1F4C07FF1FBC18FF1FBF18FF1FCF
:105C1000A813FF1FE810FF1F08DE04000811FF1F74
:105C20001811FF1F1968102227F06AFA044B484622
:105C300019684FF48472BDE8F84F27F061BA00BFCD
:105C40006C16FF1F2DE9F0437F4B804CDFF8688214
:105C50001B68DFF860927E4E7E4F7F4D88F80030E3
:105C6000A36D62697D497E48337083B0D9F80431F1
:105C70003A702B70FEF712FDFDEEC07A7949C4ED43
:105C8000057AFCEEC07A764817EE903A3B70FEF744
:105C900005FDFDEEC07A7449C4ED167AFCEEC07ABB
:105CA000724817EE903A3370FEF7F8FCFDEEC07ABA
:105CB0000020C9ED417AFCEEC07A17EE903A2B70C5
:105CC000F9F78AFA6A4A13680193019913680093F5
:105CD000009B5B1A0E2BF9D96649614800234FF4EB
:105CE0005A72FEF717F9BDEEC00A4FF464726249AA
:105CF0005B4884ED000A0023FEF70CF9A3693B70B2
:105D0000E3693370BDEEC00A236A2B705B49636A96
:105D1000534888F8003084ED0A0AFEF7BFFCFDEE18
:105D2000C07A57494E48C4ED067A17EE903A3B7058
:105D3000FEF7B4FCFDEEC07A52494948C4ED077A3B
:105D400017EE903A3370FEF7A9FCFDEEC07A4E498B
:105D50004348C4ED087A17EE903A2B70FEF79EFC8C
:105D6000FDEEC07A082017EE903AC4ED097A88F863
:105D70000030F9F731FA4549394800234FF46E7283
:105D8000FEF7C8F8BDEEC00A4149354884ED010A66
:105D900000234FF47372FEF7BDF8BDEEC00A3D4913
:105DA0002F4884ED0B0A00234FF47872FEF7B2F807
:105DB000BDEEC00A38492A4884ED020A00234FF498
:105DC0007B72FEF7A7F8BDEEC00A3449244884ED83
:105DD0000C0A00234FF47E72FEF79CF8BDEEC00A59
:105DE0002F491F4884ED030A00234FF47F72FEF70A
:105DF00091F8BDEEC00A2B49194884ED0D0A002325
:105E00004FF46572FEF786F8BDEEC00A26491448C5
:105E100084ED040A00234FF46672FEF77BF8234BEF
:105E20000A481968BDEEC00A8C2284ED0E0A27F0DC
:105E300067F91F4B1F4819684FF4847203B0BDE81F
:105E4000F04327F05DB900BF7407FF1F6C11FF1FFF
:105E5000BF18FF1FBC18FF1FBD18FF1FA0DA0400EA
:105E600048DF0400C4DA040050DF0400CCDD040085
:105E70005C1FFF1FECD9040008DA0400DCDA040020
:105E8000F0DA040004DB040018DB04002CDB04005F
:105E90005CDB040038DB040064DB040044DB04004A
:105EA0006CDB040050DB040078DB04005407FF1FA8
:105EB0006C16FF1FA813FF1FBE18FF1F2DE9F0432C
:105EC0002DED028BD94DDA49DA4CDB4EDB4FDFF892
:105ED0001084DFF8109485B02846FEF7DFFBB7EE9C
:105EE000008AFCEEC07AB4EEC80A17EE903AF1EEE2
:105EF00010FAACBF012200222846D14984F8A02024
:105F00003370FEF7CBFBB4EEC80AF1EE10FAFCEEEC
:105F1000C07AACBF0123002384F89C3017EE903A7E
:105F20002846C8493B70FEF7B9FBFCEEC07AC6496B
:105F3000C4ED157A17EE903A284688F80030FEF73F
:105F4000ADFBFCEEC07AB4EEC80A17EE903AF1EE63
:105F500010FA89F800304FF4E670ACBF012300233B
:105F600084F89D30F9F738F92846B849FEF796FBD2
:105F7000B4EEC80AF1EE10FAACBF01230023B44915
:105F8000B44884F8DC3089F80030FEF787FBFDEE7A
:105F9000C07AB14AB149C2ED117A17EE903A28465B
:105FA00088F80030FEF77AFBB4EEC80AF1EE10FA7A
:105FB000ACBF01230023AA49AA4884F89E303B7055
:105FC000FEF76CFBFDEEC07AA74A17EE903AB020C0
:105FD000C2ED187A3370F9F7FFF82846A349FEF7A7
:105FE0005DFBFCEEC07AB4EEC80A17EE903AF1EE13
:105FF00010FA89F800309E499E48ACBF0123002367
:1060000084F89F30FEF74AFBFDEEC07A284617EE73
:10601000903A994988F80030C4ED3F7AFEF73EFB8C
:10602000FDEEC07A9549C4ED0D7A17EE903A2846F8
:106030003B70FEF733FBFDEEC07A4FF4D07017EEE5
:10604000903AC4ED387A3370F9F7C6F828468C498F
:106050000023C822FDF75EFFBDEEC00A284689492D
:1060600084ED000A0023F422FDF754FFBDEEC00AC0
:106070002846854984ED010A01234FF48672FDF715
:1060800049FF2846814984ED020A0023C422FDF716
:1060900041FFBDEEC00A28467D4984ED030A002376
:1060A0004FF4EA72FDF736FFBDEEC00A4FF40072FE
:1060B00001232846774984ED040AFDF72BFF764932
:1060C00084ED050A01A826F0D7FD01A8EAF75CFADD
:1060D00001A826F029FE714B01A8196826F0CCFD15
:1060E00001A8EAF751FA002601A826F01DFE334662
:1060F00028466B49C4F8CC604FF40D72FDF70AFFD7
:10610000BDEEC00A33462846664984ED080A4FF4BE
:10611000F272FDF7FFFEBDEEC00A2846624984ED2B
:10612000090A01234FF4F472FDF7F4FE33462846C2
:106130005E4984ED0A0A4FF40E72FDF7EBFEBDEEE8
:10614000C00A334628465A4984ED340ACC22FDF76A
:10615000E1FEBDEEC00A2846564984ED350A01230A
:10616000D822FDF7D7FE33462846534984ED360A38
:106170005C22FDF7CFFEBDEEC00A334628464F49EC
:1061800084ED0E0A4FF40872FDF7C4FEBDEEC00A9E
:1061900028464B4984ED0F0A01234FF40972FDF79D
:1061A000B9FE2846474984ED100A01234FF4CC720A
:1061B000FDF7B0FE2846444984ED110A01234FF44F
:1061C0002C72FDF7A7FE33462846404984ED120A9B
:1061D0006022FDF79FFEBDEEC00A334628463C49CB
:1061E00084ED160A4FF4CA72FDF794FEBDEEC00AA4
:1061F00001234FF4BE722846364984ED170AFDF795
:1062000089FE1F21344884ED180A29F023FE206EF0
:10621000324E2BF0F5F841EC100B0221304626F0FF
:106220004FFB304626F028FB3F215DE0CCDD04002B
:106230005CDF0400A813FF1FBE18FF1FBD18FF1F5F
:1062400068DF04007CDF040090DF04009CDF0400B2
:10625000C4DA040078E604004813FF1FACDF040032
:10626000B8DF040050D90400D812FF1FC4DF0400B7
:10627000D0DF0400D8DF0400E0DF0400F4DF040016
:1062800008E004001CE0040030E0040044E00400E6
:1062900054E0040064E0040078E004008007FF1F7D
:1062A00084E0040094E00400A4E00400B8E00400EA
:1062B000C8E00400DCE00400F0E0040000E10400B9
:1062C00010E1040020E1040034E1040040E1040096
:1062D00050E1040060E1040070E104006008FF1F69
:1062E000BF18FF1FBC18FF1F114829F0B3FD30462F
:1062F00026F0C2FA28460F4901234FF41672FDF723
:1063000009FE28460C4984ED190A4FF42672012330
:10631000FDF700FE094B84ED1A0A19684FF48472E8
:10632000204605B0BDEC028BBDE8F04326F0E8BE88
:1063300090E10400D0E10400E4E104006C16FF1FCA
:106340002DE9F0432DED028B84498548854D864E1D
:10635000DFF86892DFF86882844F854C8DB0FEF7D5
:106360009DF9FDEEC07A83497D48C5ED137A17EE9D
:10637000903A3370FEF792F9FDEEC07A7E49784884
:10638000C5ED147A17EE903A89F80030FEF786F9D9
:10639000FDEEC07A79497248C5ED3E7A17EE903A23
:1063A00088F80030FEF77AF9FDEEC07A4FF41070ED
:1063B00017EE903AC5ED327A3B70F8F70DFF704951
:1063C0006748FEF76BF923680B930B9A23680A93CF
:1063D0000A9B9B1A632BF9D923680993FDEEC07AB7
:1063E000099AC5ED067A23680893089B9B1A632BCC
:1063F000F9D9FCEEC07A6349594817EE903A3370E8
:10640000FEF74CF9FDEEC07A5F495548C5ED077AB5
:1064100017EE903A89F80030FEF740F9FDEEC07AA9
:106420005A494F48C5ED0B7A17EE903A88F800307C
:10643000FEF734F9FDEEC07A4FF4D47017EE903ABF
:10644000C5ED0C7A3B70F8F7C7FE23680793079AEF
:1064500023680693069B9B1A632BF9D94C49404845
:10646000FEF71CF93821B0EE408A4A4829F0F2FCC8
:1064700018EE100A2AF0C4FF41EC100B0221464826
:1064800026F01EFA444826F0F7F923680593059A8A
:1064900023680493049B9B1A632BF9D92368039305
:1064A000FDEEC87A039AC5ED1B7A17EE901A2368A1
:1064B0000293029B9B1A632BF9D923680193019ADB
:1064C000317023680093009B9B1A632BF9D92F210D
:1064D0003248334C29F0BEFC0A2231782E48002382
:1064E00026F0E2F92C4826F0C7F92E491C48FEF7A1
:1064F000D5F8FDEEC07A2C492C48C5ED1C7A17EE74
:10650000903A89F80030FEF7C9F8FDEEC07A2849C4
:106510002648C4ED067A17EE903A88F80030FEF768
:10652000BDF8FDEEC07A4FF4B87017EE903AC4EDA6
:10653000077A3B70F8F750FE1E4B0A4819684FF473
:10654000847226F0DDFD1C4B1968342220460DB004
:10655000BDEC028BBDE8F04326F0D2BDF0E10400B3
:10656000D8DF0400A813FF1FBC18FF1FBE18FF1FB1
:106570005C1FFF1FF8E1040000E2040008E20400D1
:1065800014E204001CE2040024E204002CE20400F3
:1065900034E204003CE204006008FF1F78E20400DB
:1065A0003811FF1FA8E2040004DB040038E60400F1
:1065B00018DB04006C16FF1F5007FF1FBF18FF1FDA
:1065C000BD18FF1FF0B50023A3B035491A4601A836
:1065D00025F054FA0C9C002C73D0236831491A6BB7
:1065E0008A4269D1226D002A00F02582DB6A2E4F93
:1065F000BB4240F05182A06D18B12BF071FD002319
:10660000A365236D002B00F03F8204F1180022F0F7
:10661000B5F90C9D6C68013C6C60002C40F01C824C
:106620002B68DB6ABB4240F05C82A86D10B12BF096
:1066300057FDAC652B6D002B00F04E8205F1180064
:1066400022F09CF90C9C002C00F006822368174A6B
:106650005B68934240F0FE81A06D154B236018B13A
:106660002BF03EFD0023A365236D04F11805002BDC
:1066700000F01882284622F081F90E4EA6602846C6
:1066800022F07CF95C21204626F05AFF9DF81E205E
:106690000023012A0C9319D144F202231BE000BF0E
:1066A000A416FF1F61040000D1040000190D0000B2
:1066B0006C0F0500F80E050020469047002840F0BA
:1066C000CD819DF81E20994E012AE5D0022A40F284
:1066D000022318BF0023964901AA0EA822F066FAE9
:1066E000209B002B00F095815C2026F025FF0F9B5E
:1066F000C360109B03619DF8443003758D4B0360AC
:1067000004468D4B83600025456012A9183022F0A5
:1067100007F96368A56501336360884BA36012A81D
:106720000E9622F02BF90C9D002D00F070816F6801
:10673000013F6F60002F33D12B68814ADB6A93429F
:1067400040F0A781A86D10B12BF0CAFCAF652B6D8E
:10675000002B00F07A8105F1180022F00FF90C9D52
:10676000F5B12B68774A5B68934240F0AD81A86D24
:10677000704B2B6018B12BF0B3FC0023AB652B6D75
:1067800005F11807002B00F09A81384622F0F6F840
:10679000AE60384622F0F2F828465C2126F0D0FEA2
:1067A0000C94002C00F0E7802368674D1B6BAB4214
:1067B00040F0DC80236D002B00F038810023142191
:1067C00062488DF81F3029F045FB614826F054F8E7
:1067D0000E21604829F03EFB5F482EF0D1F90146BA
:1067E0005D4829F037FB5A4826F046F80C9C002CEF
:1067F00056D023681A6BAA4240F03B81226D002AD2
:1068000000F03281DB6A4E4FBB4240F04881A06D00
:1068100018B12BF065FC0023A365236D002B00F05D
:10682000568104F1180022F0A9F80C9D6C68013C17
:106830006C60002C32D12B68DB6ABB4240F0548183
:10684000A86D10B12BF04CFCAC652B6D002B00F04B
:106850002E8105F1180022F091F80C9CF4B1236808
:10686000384A5B68934240F02781A06D314B23602A
:1068700018B12BF035FC0023A365236D04F1180536
:10688000002B00F03481284622F078F8A6602846D4
:1068900022F074F85C21204626F052FE00230C936F
:1068A000FFF70CFBFDF766FEFFF74AFDFFF7CAF99D
:1068B000FEF7B4F8FEF78AFFFEF7BCFDFEF7A0FA7C
:1068C000FDF7C6FDFDF7EAFDFDF78EFDFEF7E4FEE0
:1068D000FEF748FC2149224C0EA826F0CDF90EA85F
:1068E000E9F752FE0EA826F01FFA21680EA826F03E
:1068F000C3F90EA8E9F748FE0EA826F015FA1949C3
:106900000EA826F0B9F90EA8E9F73EFE0EA826F06B
:106910000BFA21680EA826F0AFF90EA8E9F734FEAD
:106920000EA826F001FA104959E000BFF80E050044
:10693000C418FF1F6C0F0500D40E05001C0F0500C6
:10694000D1040000190D000061040000B0E2040051
:106950006008FF1F2CD80400A416FF1FB8F2040023
:106960008007FF1F58FC0400E4E20400204698471B
:1069700000287FF423AF012318215F488DF81F30D2
:1069800029F068FA5D485E4C25F076FF5D490EA857
:1069900026F072F90EA8E9F7F7FD0EA826F0C4F963
:1069A00021680EA826F068F90EA8E9F7EDFD0EA8FB
:1069B00026F0BAF954490EA826F05EF90EA8E9F7B8
:1069C000E3FD0EA826F0B0F921680EA826F054F9D0
:1069D0000EA8E9F7D9FD0EA826F0A6F94B490EA896
:1069E00026F04AF90EA8E9F7CFFD0EA826F09CF98B
:1069F00021680EA826F040F90EA8E9F7C5FD0EA8FB
:106A000026F092F901A825F065F823B0F0BD0C94AA
:106A1000CAE6219C002C7FF467AE12A80E9621F0E6
:106A2000ADFF0C9D002D7FF482AEA4E7636D002BBB
:106A30007FF4C4AE9FE7626D002A3FF442AEDB6A8A
:106A4000334FBB423FF4D7AD26E06B6D002B7FF494
:106A500082AE84E6204698472E4E17E60C9C002C0A
:106A60003FF42FAE2368C1E5626D002A7FF4CAAE01
:106A700016E72046904700283FF412AF0C9C002CEC
:106A80003FF40EAF2368BDE6636D002B7FF4BDAD10
:106A9000BFE52846984762E620469847B9E5204674
:106AA0009847C2E6636D002B7FF4E4ADE5E56B6DBE
:106AB000002B7FF4CEAED0E620469847EEE66B6D15
:106AC000002B7FF462AE63E62846984768E6636D64
:106AD000002B7FF4A6AEA8E66B6D002B7FF4AEAD65
:106AE000B0E528469847ADE528469847B5E6636D7A
:106AF000002B7FF4C8AEC9E6C8E204006008FF1F9F
:106B00008007FF1F58D8040058FC0400B8F20400A6
:106B1000D1040000F80E050030B5CFB0B6490446E8
:106B200030A826F0A9F8B44933A826F0A5F8B3494F
:106B300036A826F0A1F8B24939A826F09DF8B14947
:106B40003CA826F099F8B0493FA826F095F8AF493F
:106B500042A826F091F8AE4945A826F08DF8AD4937
:106B600048A826F089F80122AB4B94421A7000F035
:106B70005D810B2C00F04883023C082C0ED8DFE826
:106B800014F0100315031A030D001F032403290337
:106B90002E030900A14930A826F020F936A933A810
:106BA00026F0FEF833A99E489E4C4BAD25F036FEEC
:106BB0009B4825F061FE33A9284626F07BF828463D
:106BC000E9F7E2FC284626F0AFF848A9284626F067
:106BD00071F82846E9F7D8FC284626F0A5F823687E
:106BE0002D932D9A23682C932C9B9B1A0E2BF9D94D
:106BF00030A9284626F05EF839A9284626F07EF905
:106C0000014633A826F0CCF8284626F08DF839A99D
:106C1000834825F003FE824825F02EFE39A9284638
:106C200026F048F82846E9F7AFFC284626F07CF81D
:106C300048A9284626F03EF82846E9F7A5FC28464C
:106C400026F072F823682B932B9A23682A932A9BA9
:106C50009B1A0E2BF9D93CA933A826F0A1F83CA920
:106C60006F4825F0DBFD6E4825F006FE3CA928465E
:106C700026F020F82846E9F787FC284626F054F845
:106C800048A9284626F016F82846E9F77DFC28464C
:106C900026F04AF823682993299A23682893289B89
:106CA0009B1A092BF9D93FA933A826F079F83FA9F7
:106CB0005B4825F0B3FD5A4825F0DEFD3FA9284684
:106CC00025F0F8FF2846E9F75FFC284626F02CF867
:106CD00048A9284625F0EEFF2846E9F755FC284646
:106CE00026F022F823682793279A23682693269B69
:106CF0009B1A0E2BF9D942A933A826F051F833A9D3
:106D0000474825F08BFD464825F0B6FD42A92846A8
:106D100025F0D0FF2846E9F737FC284626F004F88E
:106D200048A9284625F0C6FF2846E9F72DFC284645
:106D300025F0FAFF23682593259A23682493249B42
:106D40009B1A0E2BF9D945A933A826F029F833A9A7
:106D5000334825F063FD324825F08EFD45A92846CD
:106D600025F0A8FF2846E9F70FFC284625F0DCFFB0
:106D700048A9284625F09EFF2846E9F705FC284645
:106D800025F0D2FF23682F932F9A23682E932E9BF2
:106D90009B1A092BF9D92449284625F06DFF28466E
:106DA000E9F7F2FB284625F0BFFF48A9284625F061
:106DB00081FF2846E9F7E8FB284625F0B5FF48A8FB
:106DC00025F0B2FF45A825F0AFFF42A825F0ACFFA3
:106DD0003FA825F0A9FF3CA825F0A6FF39A825F07B
:106DE000A3FF36A825F0A0FF33A825F09DFF30A80B
:106DF00025F09AFF4FB030BD00130500F0E204000B
:106E000058FC040000E3040070FE040010E30400DA
:106E10005CFE0400DCAE04006816FF1F74E604008C
:106E20006008FF1F5C1FFF1F88E604004BADC649CA
:106E3000C64C284625F020FF2846E9F7A5FB284642
:106E400025F072FF48A9284625F034FF2846E9F7C7
:106E50009BFB284625F068FF23681193119A23684D
:106E60001093109B9B1A092BF9D9B949284625F094
:106E700003FF2846E9F788FB284625F055FF48A977
:106E8000284625F017FF2846E9F77EFB284625F01F
:106E90004BFFB049284625F0EFFE2846E9F774FB82
:106EA000284625F041FF48A9284625F003FF28463B
:106EB000E9F76AFB284625F037FF23680F930F9AFE
:106EC00023680E930E9B9B1A092BF9D9A2492846D9
:106ED00025F0D2FE2846E9F757FB284625F024FF87
:106EE00048A9284625F0E6FE2846E9F74DFB284646
:106EF00025F01AFF9949284625F0BEFE2846E9F7F5
:106F000043FB284625F010FF48A9284625F0D2FE6D
:106F10002846E9F739FB284625F006FF23680D933C
:106F20000D9A23680C930C9B9B1A092BF9D98C4959
:106F3000284625F0A1FE2846E9F726FB284625F03D
:106F4000F3FE48A9284625F0B5FE2846E9F71CFBC4
:106F5000284625F0E9FE8349284625F08DFE28467F
:106F6000E9F712FB284625F0DFFE48A9284625F060
:106F7000A1FE2846E9F708FB284625F0D5FE236840
:106F80000B930B9A23680A930A9B9B1A092BF9D936
:106F90007549284625F070FE2846E9F7F5FA284697
:106FA00025F0C2FE48A9284625F084FE2846E9F7C8
:106FB000EBFA284625F0B8FE6C49284625F05CFE21
:106FC0002846E9F7E1FA284625F0AEFE48A928460A
:106FD00025F070FE2846E9F7D7FA284625F0A4FEEA
:106FE00023680993099A23680893089B9B1A092B25
:106FF000F9D95F49284625F03FFE2846E9F7C4FA4B
:10700000284625F091FE48A9284625F053FE28463B
:10701000E9F7BAFA284625F087FE5649284625F0B2
:107020002BFE2846E9F7B0FA284625F07DFE48A950
:10703000284625F03FFE2846E9F7A6FA284625F01F
:1070400073FE23680793079A23680693069B9B1A8F
:10705000092BF9D94849284625F00EFE2846E9F7BC
:1070600093FA284625F060FE48A9284625F022FE1E
:107070002846E9F789FA284625F056FE3F49284672
:1070800025F0FAFD2846E9F77FFA284625F04CFE60
:1070900048A9284625F00EFE2846E9F775FA284645
:1070A00025F042FE23680593059A23680493049B08
:1070B0009B1A092BF9D93249284625F0DDFD2846CF
:1070C000E9F762FA284625F02FFE48A9284625F060
:1070D000F1FD2846E9F758FA284625F025FE29490A
:1070E000284625F0C9FD2846E9F74EFA284625F03E
:1070F0001BFE48A9284625F0DDFD2846E9F744FA9D
:10710000284625F011FE23680393039A236802930F
:10711000029B9B1A092BF9D91B49284625F0ACFD87
:107120002846E9F731FA284625F0FEFD48A9284609
:1071300025F0C0FD2846E9F727FA284625F0F4FD9A
:1071400023680193019A21E020E304005C1FFF1FE4
:1071500038E304004CE3040064E3040078E3040033
:1071600090E30400A4E30400BCE30400D0E30400C3
:10717000E8E30400FCE3040014E4040028E4040051
:1071800040E4040054E404006CE404002368009329
:10719000009B9B1A092BF9D91349284625F06CFD51
:1071A000E0E5124930A825F019FEF7E4104930A8AF
:1071B00025F014FEF2E40F4930A825F00FFEEDE4AF
:1071C0000D4930A825F00AFEE8E40C4930A825F066
:1071D00005FEE3E40A4930A825F000FEDEE4094993
:1071E00030A825F0FBFDD9E480E4040080E604002B
:1071F00034E6040040E604004CE6040058E60400CF
:1072000060E6040068E604004BADC649C64C28465B
:1072100025F032FD2846E9F7B7F9284625F084FD28
:1072200048A9284625F046FD2846E9F7ADF9284645
:1072300025F07AFD23682393239A23682293229BC7
:107240009B1A092BF9D9B949284625F015FD28467E
:10725000E9F79AF9284625F067FD48A9284625F060
:1072600029FD2846E9F790F9284625F05DFDB0494B
:10727000284625F001FD2846E9F786F9284625F03D
:1072800053FD48A9284625F015FD2846E9F77CF965
:10729000284625F049FD23682193219A23682093ED
:1072A000209B9B1A092BF9D9A249284625F0E4FC1A
:1072B0002846E9F769F9284625F036FD48A9284609
:1072C00025F0F8FC2846E9F75FF9284625F02CFD63
:1072D0009949284625F0D0FC2846E9F755F9284673
:1072E00025F022FD48A9284625F0E4FC2846E9F7C8
:1072F0004BF9284625F018FD23681F931F9A236831
:107300001E931E9B9B1A092BF9D98C49284625F000
:10731000B3FC2846E9F738F9284625F005FD48A9C9
:10732000284625F0C7FC2846E9F72EF9284625F01F
:10733000FBFC8349284625F09FFC2846E9F724F901
:10734000284625F0F1FC48A9284625F0B3FC28463C
:10735000E9F71AF9284625F0E7FC23681D931D9AE2
:1073600023681C931C9B9B1A092BF9D97549284645
:1073700025F082FC2846E9F707F9284625F0D4FCD9
:1073800048A9284625F096FC2846E9F7FDF8284646
:1073900025F0CAFC6C49284625F06EFC2846E9F722
:1073A000F3F8284625F0C0FC48A9284625F082FCC1
:1073B0002846E9F7E9F8284625F0B6FC23681B9330
:1073C0001B9A23681A931A9B9B1A092BF9D95F49B8
:1073D000284625F051FC2846E9F7D6F8284625F03E
:1073E000A3FC48A9284625F065FC2846E9F7CCF817
:1073F000284625F099FC5649284625F03DFC2846AC
:10740000E9F7C2F8284625F08FFC48A9284625F060
:1074100051FC2846E9F7B8F8284625F085FC236892
:107420001993199A23681893189B9B1A092BF9D959
:107430004849284625F020FC2846E9F7A5F82846C3
:1074400025F072FC48A9284625F034FC2846E9F7C7
:107450009BF8284625F068FC3F49284625F00CFC9F
:107460002846E9F791F8284625F05EFC48A9284609
:1074700025F020FC2846E9F787F8284625F054FC3B
:1074800023681793179A23681693169B9B1A092B48
:10749000F9D93249284625F0EFFB2846E9F774F878
:1074A000284625F041FC48A9284625F003FC28463B
:1074B000E9F76AF8284625F037FC2949284625F0DF
:1074C000DBFB2846E9F760F8284625F02DFC48A9A3
:1074D000284625F0EFFB2846E9F756F8284625F020
:1074E00023FC23681593159A23681493149B9B1A05
:1074F000092BF9D91B49284625F0BEFB2846E9F798
:1075000043F8284625F010FC48A9284625F0D2FB70
:107510002846E9F739F8284625F006FC2368139336
:10752000139A21E094E404005C1FFF1FB0E4040000
:10753000C8E40400E4E40400FCE4040018E50400EA
:1075400030E504004CE5040064E5040080E5040037
:1075500098E50400B0E50400C4E50400DCE504009F
:10756000F0E5040008E6040023681293129B9B1ABE
:10757000092BF9D90249284625F07EFBFFF7F2BB1B
:107580001CE6040030B5A1B004460D4608A87849B1
:1075900025F072FB76490BA825F06EFB75490EA805
:1075A00025F06AFB744911A825F066FB734914A8FD
:1075B00025F062FB724917A825F05EFB71491AA8F5
:1075C00025F05AFB0122704B94421A705FD00B2CAD
:1075D00046D0012D00F08380013541D10EA90BA8C2
:1075E00025F0DEFB0BA969481DAC25F017F96748AB
:1075F00025F042F90BA9204625F05CFB2046E8F770
:10760000C3FF204625F090FB1AA9204625F052FB27
:107610002046E8F7B9FF204625F086FB5C4B1A6848
:10762000059205991A680492049A521A092AF9D9FE
:1076300011A90BA825F0B4FB0BA9204625F03AFBB5
:107640002046E8F7A1FF204625F06EFB1AA9204648
:1076500025F030FB2046E8F797FF204625F064FB35
:107660001AA825F061FB17A825F05EFB14A825F0E9
:107670005BFB11A825F058FB0EA825F055FB0BA8C5
:1076800025F052FB08A825F04FFB21B030BD9542F4
:107690004AD00135E4D11DAC3E49204625F0ECFA34
:1076A0002046E8F771FF204625F03EFB1AA9204648
:1076B00025F000FB2046E8F767FF204625F034FB65
:1076C000334B1A68019201991A680092009A521A73
:1076D000092AF9D93049204625F0CEFAB0E71DAC89
:1076E00014A90BA825F05CFB0BA9204625F0E2FAB3
:1076F0002046E8F749FF204625F016FB1AA9204648
:1077000025F0D8FA2046E8F73FFF204625F00CFB8D
:107710001F4B1A68079207991A680692069A521A1E
:10772000092AF9D917A984E71DAC1C49204625F080
:10773000A3FA2046E8F728FF204625F0F5FA1AA913
:10774000204625F0B7FA2046E8F71EFF204625F030
:10775000EBFA0F4B1A68039203991A680292029A85
:10776000521A092AF9D90E49204625F085FA67E709
:107770000013050000E3040070FE040010E30400A1
:107780005CFE0400DCAE04000417FF1F6008FF1F4E
:107790005C1FFF1F4CE3040064E3040078E3040073
:1077A00090E3040090F8903010B50446FBB9826D68
:1077B0000123526880F8903072B6DFED0F6AD0ED89
:1077C000207A90ED1F7A67EEA67AF4EEC77AC0EDC4
:1077D0001E7AD0ED227AF1EE10FAD8BFF1EE677A78
:1077E000C0ED237A62B602E0012026F011F8A3680A
:1077F000002BF9D110BD00BF0000000038B590F893
:107800006430124A0260044600F10C058BB9104B3B
:107810006360284624F006FF0023A360206A24F05A
:10782000F7F8606A24F0F4F8284624F0FBFE2046BE
:1078300038BD284624F0F6FE0023206AA36024F019
:10784000E7F8606A24F0E4F8E1E700BFD40F050030
:10785000C80F050010B5034B03600446FFF7CEFFC9
:10786000204610BD0C10050010B5054B0360044602
:10787000FFF7C4FF2046B82125F062FE204610BD68
:107880000C10050010B5034B03600446FFF7B6FF6C
:10789000204610BDF00F050010B5054B03600446EF
:1078A000FFF7ACFF2046942125F04AFE204610BD8C
:1078B000F00F050010B50446FFF7A0FF2046782121
:1078C00025F03EFE204610BD88422FD02DE9F8431A
:1078D000804689461646051DA94516D02868D8F861
:1078E0000010B0472F462C46043580B1B84555F8F6
:1078F000044C06D0A7EB0802414608F104002CF026
:107900002FFAA945C8F80040E8D1BDE8F88355F83A
:10791000047C03E054F8043C44F8043954F8041C93
:107920003846B0470028F5D12760D5E7704700BF3B
:107930000B1A402B2DE9F0411BDD074640378846E6
:1079400039461646FFF7C0FF474510D03D683C4614
:1079500003E054F8043C44F8043954F8041C284665
:10796000B0470028F5D10437B8452560EED1BDE811
:10797000F081FFF7A9FFBDE8F08100BF2DE9F04FCE
:107980009846531E83B003EBD373B1EB630F0C9E89
:1079900001920F46044645DA4FEA63098A4600E041
:1079A000DA460AF101056FF0404303EB450354F852
:1079B000350054F823104FEA450B04EBC505B047DA
:1079C00018B10BF1FF3B04EB8B05296844F82A1032
:1079D000CB45E5DB019BDA072AD50BF1FF3909EB33
:1079E000D979BB454FEA690908DC16E054F829103B
:1079F00044F82B104F45CB460FDA914654F8290036
:107A00004146B04709F1FF3202EBD272521004EB4B
:107A100089050028EAD104EB8B05C5F8008003B086
:107A2000BDE8F08F019BDB0700EB8105F5D48B46A9
:107A3000019B023B03EBD373BBEB630FCDD10BF187
:107A4000010304EBC3025B0052F8042C2A6003F12B
:107A5000FF3B04EB8B05C0E72DE9F04F8946091A7F
:107A6000402983B040F390800746924698464E46A0
:107A7000002A61D007F1040BCC10786857F8241065
:107A8000C0470AF1FF3A59F8041C002837D057F8CC
:107A90002400C047002845D03B6857F824203A60AE
:107AA00047F82430786839684D465E4602E056F85B
:107AB000040F3968C0470028F9D12C1F21683868A5
:107AC000C0472546043C0028F8D1AE4209D23346CF
:107AD0002968326843F8041B2A60706839681E46BA
:107AE000E8E74946434652463046FFF7B5FFF11BEB
:107AF000402949DDBAF1000F1ED0B146BCE77868D5
:107B0000C047A0B959F8041C57F82400C0473B6887
:107B10000028C2D059F8042C3A6049F8043C78682F
:107B20003968C1E759F8041C7868C04778BBD7E9C1
:107B3000000139607860B7E78C10A51E6D10CDF894
:107B4000008057F82530224629463846FFF716FFB1
:107B500007EB8509013D59F8043DCDF80080224628
:107B600029463846FFF70AFF002DF3D156F8043DA9
:107B70003A683260F41BCDF80080A210002138462C
:107B8000FFF7FCFE042CF1DC03B0BDE8F08F3B688E
:107B9000C0E700BF836833B15E4B1B6813B101219E
:107BA0000220184770472DE9F04100F12C0606EB42
:107BB0008105AE422DED028B0446B0EE408A884628
:107BC0004FEA81070FD0BA10B2FA82F2C2F11F0257
:107BD000520029463046504BFFF73EFF4E4A294699
:107BE0003046FFF7A5FEE06AA0658369002B00F030
:107BF0008980002BB8BF5B420361B8F1010F4FF0E1
:107C00000003836010DD07F128012144B4465CF8CD
:107C1000042F9369002BB8BF5B421361076961456C
:107C2000C7EB43035361F2D1AE426FD004F130038E
:107C30009D42466A07D053F8042B526A964228BFE9
:107C400016469D42F7D10023251D84F8903084F814
:107C50002830284623F0C8FE2062284623F0C4FEC0
:107C6000606223F093FE616904F1080023F01AFEBC
:107C700007EE906A94ED1C7ADFED286AA36DB8EEEA
:107C8000477AF8EE677A002267EE877A87EEA67A5F
:107C9000D3ED067A5B68E267F8EEE77A84ED217A45
:107CA000C4ED207A72B6D4F88430C4F8883062B655
:107CB00072B694ED207AD4ED1F7A28EE070AB4EE5E
:107CC000E70AD4ED227A84ED1E0AF1EE10FAD8BF4D
:107CD000F1EE677AC4ED237A62B6114A236AE1694C
:107CE00000201060DB00506803F1804303F560332F
:107CF00001440D2019611060DA68502122F08002E1
:107D0000DA60D960BDEC028BBDE8F081E36A5E6A9F
:107D100099E700BFAC1EFF1F8504000000247449D2
:107D2000008003402DE9F04F474D2DED048BD5F831
:107D30000031CBB0A3F10A021D2A00907FD9434C39
:107D4000434B226803920021039A1970236802931F
:107D5000029B9B1A092BF9D925AF3E493E4E384666
:107D600024F08AFF3846E8F70FFC384624F0DCFFA1
:107D70003A4B3846196824F07FFF3846E8F704FC90
:107D8000384624F0D1FF364A364837492A9700232F
:107D90001360364A33601360354A03601360354A16
:107DA0000B601360344A27931360344A28938DF88C
:107DB000BC303C933D938DF8F8303F938DF82431DF
:107DC0000123136040932E4B26932E4B2593802343
:107DD0008DF8A43009232B9342F29F4314214FF0D6
:107DE00005082C932848294ECDF8088141F28833A4
:107DF000419328F02FF8264824F03EFD0C21254819
:107E000028F028F8B16D224824F02EFD204824F0F7
:107E100033FD214B214AB16DC2F800800620D5F810
:107E20001C80D5F8189001911860042900F22A8569
:107E3000DFE811F048018C015C0174013800002179
:107E4000D8B225F043FC7AE7A813FF1F5C1FFF1F81
:107E50006816FF1FACB204005017FF1F8007FF1FFA
:107E60006418FF1F5C18FF1F6018FF1F8816FF1F94
:107E70007C16FF1F5418FF1F5818FF1F1810FF1FF4
:107E8000C80F0500F00F0500A4E604004C12FF1F08
:107E90006008FF1FBCE604009C07FF1F3407FF1F9C
:107EA0000AD7233C96ED097A306900995FED047A90
:107EB000D5F87080D5F86C90D6F838B0B8EEC78A8F
:107EC00000FB01FA12201860844628EE278A13204E
:107ED0001060B249DFF8FCE2C1F800C0019BB04974
:107EE000CEF800305FFA88F308601846012109EEE9
:107EF000103A25F0EBFB5FFA89F31846012109EEF1
:107F0000903A25F0E3FBA74BA74A1968126815A819
:107F100023F0D6FB0023169323680593059A236864
:107F20000493049B9B1A042BF9D9514615A823F0FE
:107F300007FC594623F0F8FB0122B06D1146E9F722
:107F4000D1FDB36D002B40F02D83DFF88CB2DBF850
:107F50007420012A40F05E8307EE90AA9BED1C7A04
:107F60009249934A9FED930A934BF8EEE77A0320E8
:107F700067EE877A08601021116027EE800A1722C9
:107F80001A6028F07BFAFDEEC07ADBF80C30DFF8DF
:107F90004CB217EE90AA5345BCBF009A02FB03FAFD
:107FA000012211460320E9F79DFD00235146584662
:107FB000CBF8043023F0C4FB804B996A23F0B4FB68
:107FC00023680793079A23680693069B9B1A042B42
:107FD000F9D93F9B4AA803F10C0200EB820C00EB9D
:107FE0008300002115AA40F8682C40F864BCB7EE65
:107FF000000A4CF8901C38463F910221FFF7CAFD59
:10800000279B002B3CD0DFED6B8ADFF8D4A1DFF893
:10801000D4B125F0BBFF002840F3C081DAF800306E
:10802000012B00F0C581032B00F07B82002B00F0B8
:10803000D48100238BF80030A8F10A031D2B40F2F5
:108040003C81A9F10A031D2B40F26F81D5F8F8009D
:10805000A0F10A031D2B07D8C0B225F06DFBD5F89F
:10806000FC30984240F0638223681193119A236890
:108070001093109B9B1A092BF9D9279B002BC8D171
:108080004F4CB06D002840F04F82169B4D4A136054
:108090005B4202464C490A604C4A002113600122AF
:1080A000E9F720FD2468022C00F0CF820B2C64D16C
:1080B000B36D042B61D8DFE813F0E500CB00B1000D
:1080C00097005B00306896ED057A0099DFED397A0C
:1080D000D6F828B0B8EEC78A00FB01FA0320186072
:1080E0008446022028EE278A1060F2E6B06896EDFA
:1080F000077A0099DFED2F7AD5F83080D5F82C90EB
:10810000D6F830B0B8EEC78A00FB01FA1520186027
:108110008446142028EE278A1060DAE6F06896ED8F
:10812000087A0099DFED237AD5F85080D5F84C9085
:10813000D6F834B0B8EEC78A00FB01FA10201860F8
:108140008446172028EE278A1060C2E696ED067A4C
:108150007068DFED187A0099D6F82CB0B8EEC78AAF
:1081600000FB01FA28EE278A05204FF0060CB0E646
:10817000D5F8E030012B40F06F83D5F80001A0F175
:108180000A031D2B40F20982114B25933846FFF755
:1081900035FB4BB0BDEC048BBDE8F08FA407FF1F8F
:1081A000A007FF1F9C07FF1F3407FF1FCC07FF1FFF
:1081B000AC07FF1F0AD7233CA807FF1FD812FF1FD9
:1081C0008807FF1F8816FF1F7C16FF1F5418FF1F0C
:1081D000F00F0500C807FF1F6C11FF1F5417FF1F8A
:1081E0009807FF1FF016FF1FD5F8E030012BC4D011
:1081F000A54912A824F040FD12A8E8F7C5F912A875
:1082000024F092FDA14912A824F036FD12A8E8F747
:10821000BBF912A824F088FD9D49BEE2D5F8E030F4
:10822000012BAAD09B4912A824F026FD12A8E8F73A
:10823000ABF912A824F078FD944912A824F01CFD93
:1082400012A8E8F7A1F912A824F06EFD9249A4E261
:10825000D5F8E030012B90D0904912A824F00CFD05
:1082600012A8E8F791F912A824F05EFD874912A838
:1082700024F002FD12A8E8F787F912A824F054FDB3
:1082800087498AE2D5F8E030012B3FF476AF854983
:1082900012A824F0F1FC12A8E8F776F912A824F04D
:1082A00043FD7A4912A824F0E7FC12A8E8F76CF91C
:1082B00012A824F039FD7C496FE219EE100A25F06E
:1082C0003BFAD5F8FC3098423FF4BBAE009B012B43
:1082D0007FF4B7AE00238DF8243172B6DFED766AF5
:1082E000DDED457A9DED447A67EEA67AF4EEC77A25
:1082F000CDED437ADDED477AF1EE10FAD8BFF1EE1D
:10830000677ACDED487A62B628A824F08BF9674CDD
:108310002D980023279323F07BFB2E9823F078FBE6
:1083200020680121FFF72EF9ABE619EE900A25F03F
:1083300003FAD5F8FC3098423FF488AE009B013335
:108340007FF484AE00238DF8243172B6DFED5A6AD3
:10835000DDED457A9DED447A67EEA67AF4EEC77AB4
:10836000CDED437ADDED477AF1EE10FAD8BFF1EEAC
:10837000677ACDED487A62B628A824F053F94B4CC1
:108380002D980023279323F043FB2E9823F040FBE6
:1083900020684FF0FF31FFF7F5F872E626F06CFE2B
:1083A00000287FF749AEDAF80030012B7FF43BAEAE
:1083B00025F000FEC3B26E2B8BF8003014D1DAF832
:1083C0000000E9F7D1FE51EC100B29F021FB07EE7C
:1083D000900A7061B8EEE78A1DE027F0CDFCC3B2C9
:1083E0006E2B8BF80030EAD06F2B67D1DAF80000E3
:1083F000E9F7BAFE51EC100B29F00AFBB36D013B13
:10840000032B0AD8DFE803F03830280207EE900A81
:10841000B8EEE78A706228EE288A254B254819684D
:108420008C2224F06DFE00238DF8243172B6DDED30
:10843000457A9DED447A68EE277AF4EEC77ACDED61
:10844000437ADDED477AF1EE10FAD8BFF1EE677AA4
:10845000CDED487A62B6EFE507EE900AB8EEE78A0E
:10846000306228EE288AD8E707EE900AB8EEE78A4D
:10847000F06128EE288AD0E707EE900AB8EEE78A86
:10848000B06128EE288AC8E72CE80400DCAE0400BE
:1084900044E80400FCE7040014E80400CCE704000E
:1084A000E4E704008CE80400A4E804008807FF1F48
:1084B0005C07FF1F4C12FF1F00000000532B7FF4CE
:1084C000BBAD00238DF8243172B65FED056ADDED9A
:1084D000457A9DED447A67EEA67AF4EEC77ACDED43
:1084E000437ADDED477AF1EE10FAD8BFF1EE677A04
:1084F000CDED487A62B623680F930F9A23680E93E6
:108500000E9B9B1A042BF9D93846FFF74BF92368C9
:108510000D930D9A23680C930C9B9B1A632BF9D92E
:10852000AEE526F0BDFD5AE7169A5342B2E520218A
:10853000B44827F08FFCB44824F09EF928A8002402
:1085400024F070F82D98279423F062FA2E9823F0E7
:108550005FFA224621462046E9F7C4FA2246214620
:108560000120E9F7BFFA224621460220E9F7BAFACC
:10857000224621460320E9F7B5FA22462146042087
:10858000E9F7B0FAA14B1868FEF7C6FAD5F8000172
:10859000A0F10A031D2B3FF6F7AD0121C0B225F073
:1085A00095F8F1E53F9B4AA803F10B0200EB83032A
:1085B00015A843F8680C4AAB03EB8203002143F88B
:1085C000901CB7EE000A3F9138460121FFF7E2FA0E
:1085D00023680B930B9A23680A930A9B9B1A042B1C
:1085E000F9D900238DF8243172B6DDED457A9DED81
:1085F000447A68EE277AF4EEC77ACDED437ADDED62
:10860000477AF1EE10FAD8BFF1EE677ACDED487AED
:1086100062B6F5E4DDF8FCC04AAA02EB8C0015AAAC
:1086200040F8682C40F8643CB7EE000A0121384657
:108630003F93FFF7AFFA23680993099A23680893D9
:10864000089B9B1A042BF9D9CBE7714B5A6F012A6F
:1086500000F0CB80B36D042B3FF68FADDFE803F065
:108660008354391E0300D5F8E030012B3FF485AD6B
:10867000684912A824F000FB12A8E7F785FF12A8AA
:1086800024F052FB644912A824F0F6FA12A8E7F786
:108690007BFF12A824F048FB60497EE0D5F8E0306B
:1086A000012B3FF46AAD5E4912A824F0E5FA12A846
:1086B000E7F76AFF12A824F037FB574912A824F005
:1086C000DBFA12A8E7F760FF12A824F02DFB55494A
:1086D00063E0D5F8E030012B3FF44FAD524912A8CA
:1086E00024F0CAFA12A8E7F74FFF12A824F01CFBE7
:1086F000494912A824F0C0FA12A8E7F745FF12A8CA
:1087000024F012FB494948E0D5F8E030012B3FF452
:1087100034AD474912A824F0AFFA12A8E7F734FFA6
:1087200012A824F001FB3C4912A824F0A5FA12A8D3
:10873000E7F72AFF12A824F0F7FA3D4912A824F01F
:108740009BFA12A8E7F720FF12A824F0EDFA3249AD
:1087500012A824F091FA12A8E7F716FF12A824F045
:10876000E3FA344919E0D5F8E030012B3FF405ADC8
:10877000314912A824F080FA12A8E7F705FF12A8E1
:1087800024F0D2FA244912A824F076FA12A8E7F7C6
:10879000FBFE12A824F0C8FA284912A824F06CFAAB
:1087A00012A8E7F7F1FE12A824F0BEFA244912A895
:1087B00024F062FA12A8E7F7E7FE12A824F0B4FA50
:1087C000204912A824F058FA12A8E7F7DDFE12A8F3
:1087D00024F0AAFA1C4912A824F04EFA12A8E7F7CE
:1087E000D3FE12A824F0A0FAC7E400210320E9F781
:1087F00079F9164B164A1C60164B5B685B42136096
:1088000028E700BFCCE604006008FF1F8807FF1FB1
:108810006C11FF1F7CE70400DCAE040090E704004D
:1088200054E7040068E704002CE7040040E7040074
:10883000F0E6040004E70400A4E70400B8E704003D
:1088400080B5040018E7040024E704001810FF1F97
:108850005818FF1F5417FF1F0F4912A824F00CFAD5
:1088600012A8E7F791FE12A824F05EFA0B4912A8AD
:1088700024F002FA12A8E7F787FE12A824F054FAAF
:1088800007498AE74FF0000A9FED068AD346052084
:108890004FF0060CFFF71DBB5CE80400DCAE0400E3
:1088A00074E80400000000002DE9F04F2DED048B6A
:1088B000DFF8B882994C9FED9A8ADFF8B4B2DFF8FE
:1088C000B4A2A1B005460190EAF742FA98ED0F5A1A
:1088D00098ED107AD4ED025AD4ED017AD8F8281028
:1088E000904AD8ED176A9048E769A66985EE076A4D
:1088F00080238DF84C30D8F8003001FB03F38B490E
:108900004FF00009CDF8489094ED007AB8EE477A20
:10891000F8EE677A27EE257A27EE277A07EE903A67
:10892000834BBDEEC77A83ED006AF8EE677A0023C9
:108930000B6082ED007A92ED007A7E4B7E4A67EE04
:10894000887AB8EEC77AFDEEE77A05FB03F327EEE7
:10895000267ACBED007A0493784BDBF80010C3F84D
:108960000090FDEEC77A022303600323744813606E
:1089700017EE905A22F0E4FED8F8141022F0D4FE3C
:10898000C0F8049004996E4822F0FCFE01221146C2
:108990004846E9F7A7F86B49DAF8742002230B6020
:1089A000012A049B029300F0C686D8F84430664A38
:1089B0001360013B032B6FD8DFE813F0CD046E0585
:1089C000040061046149624A636B276DE66C102004
:1089D000086017211160002B00F00187012B10D1D6
:1089E00098ED150AE9F766FDDDED017A4F4BB6EE1D
:1089F000007AF8EEE77A20EE070A67EE807AC3ED98
:108A0000007AD8F83420D8F80C309FED457ADFF89A
:108A10006891DFF868B14F4802FB03F307EE903A24
:108A2000F8EE677A414B67EE877A1921FDEEE77A17
:108A3000C9ED007AD3ED007AFDEEE77ACBED007A4E
:108A400027F008FADBF80010434823F00DFFD9F8AF
:108A50000010424822F074FED8F8201022F064FE84
:108A6000334ADFED3F7A92ED000ADFED3E0A20EE59
:108A7000270A814627F038FC27F07CFC2B4BD3EDEE
:108A8000007A20EE270A0122BDEEC00A114689EDC8
:108A9000010A0320E9F726F8FBB21846012108EE87
:108AA000903A24F013FEF3B21846012109EE103A71
:108AB00024F00CFE00212846E8F74CFF12212A483A
:108AC00027F0C8F9244823F0D7FEDAF87430DFF82D
:108AD000B0A00021012BB7EE000ADAF86830CAF81E
:108AE000681000F0C38503F10B020AEB82020AEB67
:108AF0008303DFF84C90C3F82C905046516001215D
:108B0000FFF748F8D8F84430013B032B4ED8DFE894
:108B100013F0A1036A033900550300BFA813FF1F18
:108B20000AD7233CB018FF1FA007FF1F3C17FF1FE9
:108B3000FC16FF1FE00FCC0CA407FF1FC807FF1F88
:108B40007018FF1F1810FF1FCC07FF1FAC07FF1F77
:108B5000A807FF1F1CE904006008FF1F5417FF1F30
:108B600000000000DB0FC94038E904004813FF1F74
:108B70002017FF1F6C11FF1F1C17FF1F5017FF1F2F
:108B80009415FF1FB548DFF810C3826E02F10B0386
:108B900000EB830300EB820200218166B7EE000A3E
:108BA000C2F82CC059600121FEF7F4FFE8F7B4F9D0
:108BB000129980228DF84C2021B1A94B0B441B1136
:108BC000A8495A54A7F10A030193A74B14931A9387
:108BD00016A9A64B16931CA8E7F764FCA44A9FEDC0
:108BE000A58A9E4F1AA912A823F0AEFC1A9B1CA8B6
:108BF000DB689847149B16A8DB68984713219E48AA
:108C000027F028F929469D4823F02EFE9B4823F0A3
:108C100033FEA6F10A0B002DD9F8046000F3B481ED
:108C200025F0B4F900284FF0010640F3FB81944B86
:108C30001B68012B00F0FD81032B00F0A182002BAB
:108C400000F07D828F4A00231370019B1D2B40F2A0
:108C5000F381BBF11D0F40F23282D4F8F800A0F18D
:108C60000A031D2B07D8C0B224F066FDD4F8FC30EF
:108C7000984240F00F85DFF88482D8F800301493D2
:108C80001499D8F800301193119B5B1A312BF8D945
:108C9000002EC0D1314630460122E8F723FF0122E1
:108CA00010463146E8F71EFF314601220220E8F760
:108CB00019FF314601220320E8F714FF3146012253
:108CC0000420E8F70FFF704B704F5868704BD7EDDA
:108CD000007A59686F4D704B704A5B68704E5268ED
:108CE0003360B8EEE77AD5ED007A6E4B77EEC77A4F
:108CF0001860FDEEE77A6C4B6C48196017EE905ADD
:108D00006B4B28211A6027F0A5F829465B4823F011
:108D1000ABFD5A4823F0B0FD66493268D9F80430FB
:108D2000654E0D60654933605B420B60644B65497D
:108D30003D6052421AA81A60634D23F09DFF1AA8A5
:108D4000E7F722FC1AA823F0EFFF29681AA823F0FE
:108D500093FF1AA8E7F718FC1AA823F0E5FF5B4970
:108D60001AA823F089FF1AA8E7F70EFC1AA823F027
:108D7000DBFF29681AA823F07FFF1AA8E7F704FC95
:108D80001AA823F0D1FF524B1B78002B00F044842B
:108D90001421504827F05EF83168384823F064FD0C
:108DA000364823F069FD12214B4827F053F8396803
:108DB000324823F059FD314823F05EFD0F2147482A
:108DC00027F048F82D4823F057FDD4F8E030012B68
:108DD00000F0028442491AA823F04EFF1AA8E7F7D0
:108DE000D3FB1AA823F0A0FF3E491AA823F044FFA2
:108DF0001AA8E7F7C9FB1AA823F096FF3A491AA860
:108E000023F03AFF1AA8E7F7BFFB1AA823F08CFF5C
:108E100036491AA823F030FF1AA8E7F7B5FB1AA8BD
:108E200023F082FF32491AA823F026FF1AA8E7F799
:108E3000ABFB1AA823F078FF2E491AA823F01CFFD9
:108E40001AA8E7F7A1FB1AA823F06EFF2A491AA86F
:108E500023F012FF1AA8E7F797FB51E00015FF1F58
:108E6000008FFCBF30E400E020100500190F000067
:108E70005FE31600000000004CE904006008FF1FDB
:108E80009807FF1FF016FF1F1418FF1F7C16FF1F07
:108E9000D417FF1F3C17FF1F5417FF1F9417FF1F06
:108EA0008016FF1F9016FF1F8C16FF1FB0E90400ED
:108EB0008416FF1F5818FF1F8816FF1F5418FF1F26
:108EC0005C18FF1FDCE904008007FF1FF0E90400C5
:108ED0000417FF1F2CEA040044EA040058EA0400C7
:108EE00090EA0400DCAE0400A4EA040080B50400AB
:108EF00018E7040024E70400B8EA04005C1FFF1F21
:108F00001AA823F011FFC2491AA823F0B5FE1AA827
:108F1000E7F73AFB1AA823F007FFBE491AA823F087
:108F2000ABFE1AA8E7F730FB1AA823F0FDFEBA49FA
:108F30001AA823F0A1FE1AA8E7F726FB1AA823F027
:108F4000F3FEB6491AA823F097FE1AA8E7F71CFB10
:108F50001AA823F0E9FEB2491AA823F08DFE1AA838
:108F6000E7F712FB1AA823F0DFFED4F80001A0F106
:108F70000A031D2B40F2DA8312A823F053FB21B021
:108F8000BDEC048BBDE8F08FDFF8BC82D8F8003070
:108F900008930899D8F800300793079B5B1A632B56
:108FA000F8D9D9F804102846E8F7D4FC002EB8BF49
:108FB0007642B5423FF734AE12A823F033FB97F860
:108FC0009030CBB9BB6D5B68012387F8903072B6E7
:108FD000D7ED207A97ED1F7A67EE887AF4EEC77A9C
:108FE000C7ED1E7AD7ED227AF1EE10FAD8BFF1EE76
:108FF000677AC7ED237A62B68A48FEF7D3FBD8F8C2
:1090000000300A930A99D8F800300993099B5B1A3B
:10901000B3F5FA7FF7D324F0B9FF00284FF000062C
:109020003FF705AE26F028F87F4B1B68012B7FF435
:1090300003AE24F0BFFF84E018EE900A24F07CFB1E
:10904000D4F8FC3098423FF404AE26217748DFF88C
:10905000F88126F0FFFE764823F00EFC12A823F0DC
:10906000E1FA0026734823F0DDFA386ABE6022F088
:10907000CFFC786A22F0CCFC6F4823F0D3FADAF800
:109080002000CAF8086022F0C3FCDAF8240022F0BD
:10909000BFFC01210A20FEF775FAD8F800300E93C4
:1090A0000E99D8F800300D930D9B5B1AB3F5FA7F3B
:1090B000F7D3BBF11D0F4FF000063FF6CEAD19EE12
:1090C000100A24F039FBD4F8FC3098423FF4C5ADC7
:1090D00026215A48DFF8708126F0BCFE544823F060
:1090E000CBFB12A823F09EFA0026524823F09AFAEE
:1090F000386ABE6022F08CFC786A22F089FC4E4807
:1091000023F090FADAF82000CAF8086022F080FC18
:10911000DAF8240022F07CFC4FF0FF310A20FEF741
:1091200031FAD8F8003010931099D8F800300F9326
:109130000F9B5B1AB3F5FA7FF7D300268DE526F077
:109140001BFEC3B23E4A532B13707FF47EAD12A8B0
:1091500023F068FA97F89030ABB1DFF8EC80314833
:10916000FEF720FBD8F800300C930C99D8F80030AB
:109170000B930B9B5B1AB3F5FA7FF7D3002664E5DC
:1091800025F08EFFDDE7BB6D5B68012387F890302B
:1091900072B6D7ED207A97ED1F7A67EE887AF4EEF3
:1091A000C77AC7ED1E7AD7ED227AF1EE10FAD8BF52
:1091B000F1EE677AC7ED237A62B6CEE72148DFF891
:1091C0008CC0826E02F10B0300EB830300EB820282
:1091D00000218166B7EE000AC2F82CC05960012157
:1091E000FEF7D8FCE2E41748DFF864C0826E02F1B3
:1091F0000B0300EB830300EB820200218166B7EED4
:10920000000AC2F82CC059600121FEF7C3FCCDE46E
:10921000DCAE0400CCEA040080B5040018E70400CA
:1092200024E704009415FF1F9807FF1F60E904005E
:109230006008FF1F0C15FF1FA015FF1F88E9040021
:10924000F016FF1F0015FF1F5C1FFF1F9417FF1F65
:10925000D417FF1FCD48DFF878C3826E02F10B03ED
:1092600000EB830300EB820200218166B7EE000A67
:10927000C2F82CC059600121FEF78CFC96E4C44969
:10928000C44A636D276FE66E1220086013211160D7
:10929000002B00F0AA82012B10D198ED160AE9F7F5
:1092A0004DF9DDED017ABC4BB6EE007AF8EEE77AC7
:1092B00020EE070A67EE807AC3ED007AD8F83820EE
:1092C000D8F810309FEDB57ADFF80893DFF8F4B2E4
:1092D000B34802FB03F307EE903AF8EE677AAE4B21
:1092E00067EE877A1921FDEEE77AC9ED007AD3EDB2
:1092F000007AFDEEE77ACBED007A26F0ABFDDBF8E5
:109300000010A84823F0B0FAD9F80010A64822F0BF
:1093100017FAD8F8241022F007FAA44ADFEDA47A4D
:1093200092ED000ADFEDA30A20EE270A814626F01F
:10933000DBFF27F01FF8984BD3ED007A20EE270AC9
:109340000122BDEEC00A114689ED010A0420E8F7AA
:10935000C9FBFFF7A1BBDDED017AD8ED135A94EDFF
:10936000057A8D4BD8F82C20DFED8C6ADFF86092FF
:10937000DFF860B29048E769A669B8EEE76AC5EE23
:10938000877A062194ED047AB8EE477AF6EE005A11
:1093900067EE877A94ED037AB8EE477A67EE877ABC
:1093A00067EEA57A67EE867AC3ED007AD8F80430C6
:1093B00002FB03F207EE902AF8EE677A744A754BC7
:1093C000116067EEA67A0522FDEEE77A1A60152194
:1093D0000023CBED007AC9F8043026F03BFDD9F824
:1093E0000410704823F040FA6E4823F045FA11212A
:1093F000724826F02FFD684B186828F001F841EC00
:10940000100B0221674823F05BFA664823F034FA18
:1094100018216B4826F01EFD5F4B6248D3ED007AA1
:10942000684BFDEEE77A17EE901AC3ED007A23F051
:109430001BFADBF80010484622F082F9D8F8181021
:1094400022F072F9594ADFED5A7A92ED000ADFED07
:10945000590A20EE270A834626F046FF26F08AFFA7
:109460004D4B5948D3ED007A20EE270A1721BDEE67
:10947000C00A8BED010A26F0EDFCD9F8041049482A
:1094800023F0F2F9474823F0F7F90122114610467C
:10949000E8F728FBFFF700BB3D493E4ADDED017AC6
:1094A000D4F8CC30276BE66AD8ED145A1520086042
:1094B0001421F8EEE76A1160002B00F0818194ED31
:1094C000367AC5EE877A94ED357AB8EE477AB6EEFD
:1094D000006A67EE877A94ED347A2F4BD8F8302003
:1094E000DFF8F090DFF8DCB02D48B8EE477A1921AC
:1094F00067EE877A9FED297A67EE867A67EEA67A1D
:10950000C3ED007AD8F8083002FB03F307EE903A77
:10951000F8EE677A204B67EE877AFDEEE77AC9EDC1
:10952000007AD3ED007AFDEEE77ACBED007A26F0F3
:1095300091FCDBF800101B4823F096F9D9F80010D5
:10954000224822F0FDF8D8F81C1022F0EDF8174A56
:10955000DFED177A92ED000ADFED160A20EE270AFA
:10956000814626F0C1FE26F005FF0B4BD3ED007AB5
:1095700020EE270A0122BDEEC00A114689ED010A3C
:109580000220E8F7AFFAFFF787BA00BF0015FF1F08
:10959000AC07FF1FA807FF1F3C17FF1F0AD7233C7C
:1095A0001CE904006008FF1F9417FF1FFC16FF1F33
:1095B00000000000DB0FC940BCE80400D4E8040050
:1095C000E8E804005017FF1F04E90400D417FF1F48
:1095D0001418FF1F1C17FF1F86491AA823F04CFB05
:1095E0001AA8E6F7D1FF1AA823F09EFB82491AA811
:1095F00023F042FB1AA8E6F7C7FF1AA823F094FB52
:109600007E491AA823F038FB1AA8E6F7BDFF1AA86E
:1096100023F08AFB78499FE479491AA823F02CFBB0
:109620001AA8E6F7B1FF1AA823F07EFB29681AA84A
:1096300023F022FB1AA8E6F7A7FF1AA823F074FB71
:1096400070491AA823F018FB1AA8E6F79DFF1AA87C
:1096500023F06AFB29681AA823F00EFB1AA8E6F784
:1096600093FF1AA823F060FBFFF792BB0AEB83007D
:1096700003F10C02DFF8B891C0F82C9003460AEB16
:10968000820261481863516050460221FEF782FA57
:10969000FFF738BA20215D4E5D4826F0DBFB5D48C0
:1096A000002523F0E9F806F10C0022F0BBFF306A38
:1096B000B56022F0ADF9706A22F0AAF9564822F09E
:1096C000B1FFDAF82000CAF8085022F0A1F9DAF860
:1096D000240022F09DF9514B01262A4629462846AE
:1096E0001E70E8F7FFF92A4629463046E8F7FAF9EE
:1096F0002A4629460220E8F7F5F92A46294603209A
:10970000E8F7F0F92A4629460420E8F7EBF90A20A1
:10971000FDF702FAD4F80001A0F10A031D2B3FF671
:109720002BAC3146C0B223F0D1FF25E40121C0B2F9
:1097300023F0CCFF20E403230B60394B324893ED38
:10974000009A384BDFF8ECC0039203221A604FF006
:10975000100E354BC0F80490CCF800E0DBF8001098
:10976000DAED1C8ADFF8D0904FF0170CC3F800C078
:1097700021F0E6FF2D4B596E21F0D6FFDDED027A88
:10978000F8EEE77A28EE887A67EE897A67EE877ACC
:10979000FDEEE77A17EE901A21F0F4FF039A03200A
:1097A0001146E8F79FF9D9F800300693069AD9F8E0
:1097B00000300593059B9B1A042BF8D9FFF7F5B8E9
:1097C00094ED0A7AC5EE877A94ED097AB8EE477A75
:1097D000B6EE006A67EE877A94ED087A7DE698ED3A
:1097E000150AE8F733FDFFF7FFB898ED160AE8F71A
:1097F000C7FD56E568EA0400DCAE04007CEA04001C
:1098000004EA040018EA04005417FF1F0015FF1FA4
:10981000CCE604006008FF1FA015FF1FB418FF1F4F
:10982000B818FF1FD007FF1FB007FF1F7C10FF1FD6
:109830007018FF1FB407FF1F5C1FFF1F2DE9F04FBB
:109840005B4E2DED088BD6F80031ADF5677D904667
:10985000A3F10A021D2A0390059140F2A3809CAF58
:10986000544B7B60C29380233B748DF814330123E7
:10987000FB66DC930923BB61C79342F29F43FB6104
:10988000C89341F2883300254FF005094A4A3B67E7
:10989000DD934A4CC7F87490C1ABC693CDF878936A
:1098A0003A600321C7E902557F6187F82850FD65BA
:1098B0003D6687F86450BD6687F89050C395C4959F
:1098C0008DF82C53D895D9958DF86853DB954CA815
:1098D000C19202228DF8945321F0F2FE236808937E
:1098E000374B3849C3F80090374B089A1D70062350
:1098F0000B60D6F81C90B369029323680793079B0B
:109900009B1A092BF9D931498CA823F0B5F98CA8F9
:10991000E6F73AFE8CA823F007FA2D4B8CA81968BD
:1099200023F0AAF98CA8E6F72FFE8CA823F0FCF907
:10993000B8F1000F2ADD4FF0000B012505220621AA
:109940005CA821F0BDFE142215216CA821F0B8FE00
:10995000DFF88CA0172210217CA821F0B1FE132281
:1099600012218CA821F0ACFEDAF8582000235D9378
:109970006D937D938D934D93531E032B01F2FD86C2
:10998000DFE813F014013B01780130001149124A5D
:10999000124B00250D600321116002221A604FF066
:1099A000010BCBE7D8B2002123F090FE57E700BFB0
:1099B000A813FF1FC80F0500F00F05005C1FFF1F55
:1099C0003407FF1F9C07FF1F6816FF1FACB204007F
:1099D0008007FF1FC807FF1FA407FF1FA007FF1F67
:1099E0006C11FF1F039BDAF81010974ADAED097A21
:1099F000DAF8388003FB01F112231360934A132332
:109A0000136000238D93336F01938CA8F36E029340
:109A1000B8EEE78A21F094FE414621F085FE2368E6
:109A20001093109A23680F930F9B9B1A042BF9D95C
:109A3000DAF85820844B1868844B1968844B1A60F4
:109A4000844B1860844B19609DF80430012118463E
:109A50000AEE103A23F03AFE9DF80830012118462C
:109A60000AEE903A23F032FE23681293DAF80030BF
:109A70000493DAF82830129ADAF814800BEE103AD0
:109A800023681193119B9B1A042BF9D9049B059A07
:109A900002FB03F949464CA821F052FE1BEE101AB6
:109AA00021F042FEDAF874206C4B0221012A196081
:109AB00000F0FC83002D40F02F8401230593BBF1BF
:109AC000000F41F03F82664BDFED668AD3F89020AD
:109AD0009FED659AD3F8D030DFF894911DB9BBF1B2
:109AE000000F01F09380D6F8F800A0F10A031D2BB7
:109AF00007D8C0B223F020FED6F8FC30984241F0DF
:109B00008B8223682293229A23682193219B9B1A9C
:109B1000042BF9D924F03AFA002840F37A87D9F8CF
:109B20000030012B00F07C87032B40F0E78425F008
:109B3000B7FAC3B24D4A6F2B137000F2E784412B82
:109B400040F2C980423B2D2B00F2C580DFE813F0C4
:109B5000B900C300C300C300C300C300C300C300F7
:109B6000C300C300C300C300C300C300C300C300DD
:109B7000C300D900C300C300C300C300C300C300B7
:109B8000DA012201C300C300C300C300C300C30045
:109B9000C3003603C300C300C300C300C300C30037
:109BA000C3008302E802C3003F026F02039BDAF89E
:109BB0000410254ADAED067ADAF82C8003FB01F16D
:109BC00006231360214A0523136000235D93F36984
:109BD00001935CA8B3690293B8EEE78A21F0B0FD67
:109BE000414621F0A1FD23680A930A9A236809934C
:109BF000099B9B1A042BF9D91AE7039BDAF8081082
:109C0000114ADAED077ADAF8308003FB01F1152307
:109C100013600E4A1423136000236D93336B01937A
:109C20006CA8F36A0293B8EEE78A21F089FD4146F9
:109C300021F07AFD23680C930C9A23680B930B9BFD
:109C40009B1A042BF9D9F3E69C07FF1F3407FF1F6B
:109C5000CC07FF1FAC07FF1FA807FF1F1810FF1F2F
:109C600000F00F40000000000AD7233CF016FF1F51
:109C70009807FF1F039BDAF80C109C4ADAED087A6C
:109C8000DAF8348003FB01F110231360984A17239C
:109C9000136000237D93336D01937CA8F36C0293D2
:109CA000B8EEE78A21F04CFD414621F03DFD2368E6
:109CB0000E930E9A23680D930D9B9B1A042BF9D9D2
:109CC000B6E6E8F76FFA8B4BCAF8580019688A486D
:109CD0008C2223F015FA55B1019B0A3B1D2B40F253
:109CE000C3800125029B0A3B1D2B40F29D86236801
:109CF0004893489A23684793479B9B1A042BF9D9AA
:109D0000ECE616217D4826F0A5F8D6F8E4107C484C
:109D100000230A2222F0C8FD794822F0ADFD00237D
:109D200087F8903072B6D7ED207A97ED1F7A67EEFC
:109D3000A87AF4EEC77AC7ED1E7AD7ED227AF1EE53
:109D400010FAD8BFF1EE677AC7ED237A62B62368BE
:109D50002493249A23682393239B9B1A042BF9D9D9
:109D60003846FDF71FFDDAF87420012A01F0A383BD
:109D7000002101220846E7F7B5FED6F8E030012BB6
:109D800001F07F83D6F8E430002B01F05D824FF0C4
:109D9000000BA0E7DDF80C83B8F1000F9BD1DAF8D7
:109DA0000410DAED067A49425CA8B8EEE78A21F0A1
:109DB000C7FC012211461046E7F794FEDB9BCDF865
:109DC0006C83E6AA02EB83025CA942F8681CE6AA4F
:109DD00002EB8303B7EE000A43F8648C0121C1A8AB
:109DE000FDF7D8FE28EE098A8DF8948372B6DDED72
:109DF000E17A9DEDE07A67EEA87AF4EEC77ACDEDD0
:109E0000DF7ADDEDE37AF1EE10FAD8BFF1EE677A92
:109E1000CDEDE47A62B623682893289A23682793C5
:109E2000279B9B1A042BF9D900238DF8943372B623
:109E3000DDEDE17A9DEDE07A68EE277AF4EEC77AFF
:109E4000CDEDDF7ADDEDE37AF1EE10FAD8BFF1EE79
:109E5000677ACDEDE47A62B64FF0FF330393019B4E
:109E60000A3B1D2B3FF63DAF1AEE100A23F064FCAF
:109E7000D6F8FC3098423FF434AF039B012B7FF4BB
:109E800030AF00238DF8943372B6DDEDE17A9DEDAD
:109E9000E07A67EEA87AF4EEC77ACDEDDF7ADDEDF1
:109EA000E37AF1EE10FAD8BFF1EE677ACDEDE47AFD
:109EB00062B6C4A822F0B6FB0025C998C39521F06C
:109EC000A7FDCA9821F0A4FDD6F8C830002B41F0B8
:109ED000FA80DAF85830013B032B00F26486DFE8A1
:109EE00013F07D0687067306590600BF9C07FF1F07
:109EF0003407FF1F5407FF1F6C11FF1FE0EA040027
:109F00006008FF1FDDF80C83B8F1000F7FF4E3AEAB
:109F1000DAED067ADAF804105CA8B8EEE78A21F0E8
:109F20000FFC012211461046E7F7DCFDDB9BCDF864
:109F30006C83E6AA02EB83025CA942F8681CE6AADD
:109F400002EB8303B7EE000A43F8648C0121C1A839
:109F5000FDF720FE28EE098A8DF8948372B6DDEDB8
:109F6000E17A9DEDE07A67EEA87AF4EEC77ACDED5E
:109F7000DF7ADDEDE37AF1EE10FAD8BFF1EE677A21
:109F8000CDEDE47A62B623682693269A236825935A
:109F9000259B9B1A042BF9D900238DF8943372B6B4
:109FA000DDEDE17A9DEDE07A68EE277AF4EEC77A8E
:109FB000CDEDDF7ADDEDE37AF1EE10FAD8BFF1EE08
:109FC000677ACDEDE47A62B60123039384E6D9F88B
:109FD0000000E8F7C9F851EC100B27F019FDAB4B66
:109FE000CAF81400196880468C22A94823F088F822
:109FF000002387F8903072B607EE908AF8EEE77A81
:10A00000D7ED206A97ED1F7A67EE897A67EEA67A18
:10A01000F4EEC77AC7ED1E7AD7ED227AF1EE10FA88
:10A02000D8BFF1EE677AC7ED237A62B653E6D9F866
:10A030000000E8F799F851EC100B27F0E9FCDAF88A
:10A040005830013B032B00F27B81DFE813F0A101C4
:10A05000AA0198017101D7F80880B8F1000F7FF4C8
:10A060003AAEDAED057A0499F8EEE77A4CA867EE95
:10A07000899A21F065FB012211464046E7F732FD3F
:10A08000DAF87430012B01F05D82BB6EC7F868808E
:10A0900007EB83024CA9D162B7EE000AC2F8308008
:10A0A00001213846FDF776FD002387F8903072B61F
:10A0B000D7ED207A97ED1F7A67EEA87AF4EEC77A8B
:10A0C000C7ED1E7AD7ED227AF1EE10FAD8BFF1EE85
:10A0D000677AC7ED237A62B623683093309A236893
:10A0E0002F932F9B9B1A042BF9D9002387F89030CC
:10A0F00072B6D7ED207A97ED1F7A69EEA77AF4EE63
:10A10000C77AC7ED1E7AD7ED227AF1EE10FAD8BFE2
:10A11000F1EE677AC7ED237A62B64FF0010BDAE50C
:10A12000D7F80880B8F1000F7FF4D5AD049BDAEDC5
:10A13000057AC3F1000BF8EEE77A59464CA867EEB2
:10A14000899A21F0FDFA012211464046E7F7CAFC40
:10A15000DAF87430012B01F0B481BB6EC7F8688067
:10A1600007EB83024CA9D162B7EE000AC2F8308037
:10A1700001213846FDF70EFD002387F8903072B6B6
:10A18000D7ED207A97ED1F7A67EEA87AF4EEC77ABA
:10A19000C7ED1E7AD7ED227AF1EE10FAD8BFF1EEB4
:10A1A000677AC7ED237A62B623683493349A2368BA
:10A1B0003393339B9B1A042BF9D996E7102135482A
:10A1C00025F048FED6F8E810334800230A2222F092
:10A1D0006BFB314822F050FB1021304825F03AFE4D
:10A1E000D6F8EC102C4800230A2222F05DFB2A4806
:10A1F00022F042FB11212A4825F02CFED6F8F0105F
:10A20000254800230A2222F04FFB234822F034FB8A
:10A210001121244825F01EFED6F8F4101E48002314
:10A220000A2222F041FB1C4822F026FB00238DF875
:10A23000943372B6DDEDE17A9DEDE07A67EEA87AAF
:10A24000F4EEC77ACDEDDF7ADDEDE37AF1EE10FAC8
:10A25000D8BFF1EE677ACDEDE47A62B623682A932F
:10A260002A9A23682993299B9B1A042BF9D9C1A800
:10A27000FDF798FADAF85830013B032B00F2B7806B
:10A28000DFE813F0280132011E0198005407FF1F78
:10A290006C11FF1F34EB04006008FF1F48EB040043
:10A2A0005CEB040070EB04000AD7233C9AED1C7AA7
:10A2B0005FED036ACA4ADFF870C3CA49CA4807EEAD
:10A2C000909A27EE267AF8EEE77AD2ED006A67EEEA
:10A2D000A67A032267EE877A1A60FDEEE77A1023EA
:10A2E000CCF8003017230A60036017EE901A0023A1
:10A2F0007CA87D9321F024FA1BEE101A21F014FAA9
:10A3000023681493149A23681393139B9B1A042BAA
:10A31000F9D9002D3FF4D1ABDAF85830013B032BCB
:10A3200001F23182DFE813F06605AA052205C504B3
:10A3300007EE900AB8EEE78ACAF8240028EE098AE8
:10A34000AA4BAB4819688C2222F0DAFE00238DF864
:10A35000943372B6DDEDE17A9DEDE07A68EE277A0E
:10A36000F4EEC77ACDEDDF7ADDEDE37AF1EE10FAA7
:10A37000D8BFF1EE677ACDEDE47A62B6ABE407EED2
:10A38000900AB8EEE78ACAF8200028EE098AD7E7D3
:10A3900007EE900AB8EEE78ACAF8180028EE098A94
:10A3A000CEE707EE900AB8EEE78ACAF81C0028EE5E
:10A3B000098AC5E7012200210420E7F793FB212148
:10A3C0008C488D4D25F046FD8C4822F055FAD6F884
:10A3D000F4308B482B60112125F03CFD296887481B
:10A3E00000230A2222F060FA844822F045FA212153
:10A3F000844825F02FFD0023D6F8E0107F480A227C
:10A4000022F052FA7D4822F037FAD6F8E030012BDC
:10A4100000F0FE87784B1B68002B40F04B860DF553
:10A4200092787949404622F027FC4046E6F7ACF89E
:10A43000404622F079FC7549404622F01DFC40461A
:10A44000E6F7A2F8404622F06FFC7149404622F040
:10A4500013FC4046E6F798F8404622F065FC6D494B
:10A46000404622F009FC4046E6F78EF8404622F0CE
:10A470005BFC6949404622F0FFFB4046E6F784F862
:10A48000404622F051FC6549404622F0F5FB40462B
:10A49000E6F77AF8404622F047FC6148212125F092
:10A4A000D9FC564822F0E8F923682C932C9A2368AB
:10A4B0002B932B9B9B1AB3F57A7FF8D3002516E4D8
:10A4C000012200210320E7F70DFB4B4BD6F8F020CB
:10A4D0001A608CE7012210460021E7F703FB464B88
:10A4E000D6F8E8201A6082E7012200210220E7F76F
:10A4F000F9FA414BD6F8EC201A6078E7002B00F00F
:10A500008183484B00221A70FFF7E5BB03F15B0221
:10A51000D2B22D2A3FF6DFABA53B2D2B3FF6DBABAE
:10A5200001A252F823F000BF79A9010049A8010057
:10A53000D79C0100D79C0100D79C0100D79C01004B
:10A54000AFA70100E1A80100D79C0100D79C010042
:10A55000D79C0100D79C0100D79C0100D79C01002B
:10A56000D79C0100D79C0100D79C0100D79C01001B
:10A57000D79C0100D79C0100D79C0100D79C01000B
:10A58000D79C0100D79C0100D79C0100D79C0100FB
:10A59000D79C0100D79C0100D79C0100D79C0100EB
:10A5A000D79C0100D79C0100C39C0100D79C0100EF
:10A5B000D79C0100D79C0100D79C0100D79C0100CB
:10A5C000D79C0100D79C0100D79C0100D79C0100BB
:10A5D000D79C0100D79C010007A701002DA6010010
:10A5E000B818FF1FD007FF1FB007FF1F5407FF1F3A
:10A5F0006C11FF1F84EB04000017FF1F6008FF1F92
:10A60000A8EB0400BCEB040000EC0400DCAE04008A
:10A6100014EC040080B5040018E7040024E70400EB
:10A6200028EC0400F016FF1FB407FF1FDDF80C83B1
:10A63000B8F1000F7FF44FAB736DDAF81010DAED5C
:10A64000097A012B14BF01234FF0FF3303FB01F103
:10A650008CA8B8EEE78A039321F072F80122114624
:10A660000420E7F73FFADB9BCDF86C83E6AA02EB08
:10A6700083028CA942F8681CE6AA02EB8303B7EEBA
:10A68000000A43F8648C0121C1A8FDF783FA28EE83
:10A69000098A8DF8948372B6DDEDE17A9DEDE07A5A
:10A6A00067EEA87AF4EEC77ACDEDDF7ADDEDE37AD6
:10A6B000F1EE10FAD8BFF1EE677ACDEDE47A62B62A
:10A6C00023684093409A23683F933F9B9B1A042B37
:10A6D000F9D900238DF8943372B6DDEDE17A9DED62
:10A6E000E07A68EE277AF4EEC77ACDEDDF7ADDED19
:10A6F000E37AF1EE10FAD8BFF1EE677ACDEDE47AA5
:10A7000062B6FFF7E9BADDF80C83B8F1000F7FF409
:10A71000E2AA736DDAF81010DAED097A012B14BF92
:10A720004FF0FF33012303FB01F18CA8B8EEE78A59
:10A73000039321F005F8012211460420E7F7D2F92E
:10A74000DB9BCDF86C83E6AA02EB83028CA942F86E
:10A75000681CE6AA02EB8303B7EE000A43F8648C98
:10A760000121C1A8FDF716FA28EE098A8DF8948315
:10A7700072B6DDEDE17A9DEDE07A67EEA87AF4EE4F
:10A78000C77ACDEDDF7ADDEDE37AF1EE10FAD8BFCE
:10A79000F1EE677ACDEDE47A62B623683E933E9A95
:10A7A00023683D933D9B9B1A042BF9D991E7DDF873
:10A7B0000C83B8F1000F7FF48EAADAF80C10DAEDF2
:10A7C000087A49427CA8B8EEE78A20F0B9FF012256
:10A7D00011460320E7F786F9DB9BCDF86C83E6AAE8
:10A7E00002EB83027CA942F8681CE6AA02EB830311
:10A7F000B7EE000A43F8648C0121C1A8FDF7CAF93D
:10A8000028EE098A8DF8948372B6DDEDE17A9DED2C
:10A81000E07A67EEA87AF4EEC77ACDEDDF7ADDED67
:10A82000E37AF1EE10FAD8BFF1EE677ACDEDE47A73
:10A8300062B623683A933A9A23683993399B9B1AF4
:10A84000042BF9D9FFF7F0BADDF80C83B8F1000F4B
:10A850007FF441AADAED077ADAF808106CA8B8EEAE
:10A86000E78A20F06DFF012211460220E7F73AF94E
:10A87000DB9BCDF86C83E6AA02EB83026CA942F85D
:10A88000681CE6AA02EB8303B7EE000A43F8648C67
:10A890000121C1A8FDF77EF928EE098A8DF894837D
:10A8A00072B6DDEDE17A9DEDE07A67EEA87AF4EE1E
:10A8B000C77ACDEDDF7ADDEDE37AF1EE10FAD8BF9D
:10A8C000F1EE677ACDEDE47A62B623683893389A70
:10A8D00023683793379B9B1A042BF9D9FFF75CBB8E
:10A8E000DDF80C83B8F1000F7FF4F5A9DAED087AF2
:10A8F000DAF80C107CA8B8EEE78A20F021FF0122DC
:10A9000011460320E7F7EEF8DB9BCDF86C83E6AA4F
:10A9100002EB83027CA942F8681CE6AA02EB8303DF
:10A92000B7EE000A43F8648C0121C1A8FDF732F9A3
:10A9300028EE098A8DF8948372B6DDEDE17A9DEDFB
:10A94000E07A67EEA87AF4EEC77ACDEDDF7ADDED36
:10A95000E37AF1EE10FAD8BFF1EE677ACDEDE47A42
:10A9600062B623683C933C9A23683B933B9B9B1ABB
:10A97000042BF9D9FFF710BBDDF80C83B8F1000FF9
:10A980007FF4A9A9DAF80810DAED077A49426CA831
:10A99000B8EEE78A20F0D4FE012211460220E7F744
:10A9A000A1F8DB9BCDF86C83E6AA02EB83026CA9CD
:10A9B00042F8681CE6AA02EB8303B7EE000A43F8EC
:10A9C000648C0121C1A8FDF7E5F828EE098A8DF80D
:10A9D000948372B6DDEDE17A9DEDE07A67EEA87AB8
:10A9E000F4EEC77ACDEDDF7ADDEDE37AF1EE10FA21
:10A9F000D8BFF1EE677ACDEDE47A62B6236836937C
:10AA0000369A23683593359B9B1A042BF9D9FFF7A7
:10AA10000BBA24F031FBD9F80030012B7FF484A865
:10AA200023F0C8FAFFF785B81AEE900A22F084FEE8
:10AA3000D6F8FC3098423FF45AA9039B01337FF4C7
:10AA400056A91C21BD4825F005FABD4821F014FF88
:10AA5000D6F8FC10BA4800230A2221F025FFB84896
:10AA600021F00AFF00238DF8943372B6DDEDE17A10
:10AA70009DEDE07A67EEA87AF4EEC77ACDEDDF7A45
:10AA8000DDEDE37AF1EE10FAD8BFF1EE677ACDEDA5
:10AA9000E47A62B6C4A821F0C5FD0025C998C39523
:10AAA00020F0B6FFCA9820F0B3FFD6F8C830002BCC
:10AAB00040F05C830DF59278DAF85830013B032BB7
:10AAC0000CD8DFE803F05D53490201220021042085
:10AAD000E7F708F89B4BD6F8F4201A60D6F8E03078
:10AAE000012B00F0C284974B1B68002B00F0ED8314
:10AAF0009549404622F0C0F84046E5F745FD4046FE
:10AB000022F012F99149404622F0B6F84046E5F7A6
:10AB10003BFD404622F008F923684693469A236895
:10AB20004593459B9B1A092BF9D98949404622F048
:10AB3000A3F84046E5F728FD404622F0F5F88349A2
:10AB4000404622F099F84046E5F71EFD404622F0C7
:10AB5000EBF80025FFF7CBB8012200210320E6F730
:10AB6000C1FF784BD6F8F0201A60B7E70122002128
:10AB70000220E6F7B7FF734BD6F8EC201A60ADE77A
:10AB8000012210460021E6F7ADFF6E4BD6F8E82013
:10AB90001A60A3E7012200210420E6F7A3FF694B16
:10ABA000D6F8F4201A60D6F8E030012B00F04F847C
:10ABB000644B1B68002B00F0EB8301210846FCF777
:10ABC000E1FC0025FFF78EB8012200210320E6F703
:10ABD00089FF5C4BD6F8F0201A60E4E701221046AA
:10ABE0000021E6F77FFF574BD6F8E8201A60DAE736
:10ABF000012200210220E6F775FF524BD6F8EC2027
:10AC00001A60D0E725F0B8F8FEF793BF059B002B3C
:10AC100040F04982DAF85830013B032B00F24382BE
:10AC2000DFE803F03E352C024A4C8D9B2360012265
:10AC300000210420E6F756FF474BDAF874204D98C0
:10AC40001860464B21681960012A00F07C83D6F811
:10AC50000001A0F10A031D2B40F22782404BC19353
:10AC6000C1A81C46FCF7CAFD38463C60FCF7C6FD8F
:10AC70000DF5677DBDEC088BBDE8F08F354C7D9BF5
:10AC80002360012200210320E6F72CFFD4E7314C9A
:10AC90006D9B2360012200210220E6F723FFCBE712
:10ACA0002C4C5D9B2360012200211046E6F71AFF21
:10ACB000C2E7012211460420E6F714FFDB9BE6A958
:10ACC00003F10B0201EB83038CA943F8681CE6AB8C
:10ACD00003EB82034FF00009B7EE000A43F8909CA3
:10ACE0000121C1A8CDF86C93FCF754FF8DF8949323
:10ACF00072B6DFED1C6ADDEDE17A9DEDE07A67EE7C
:10AD0000A67AF4EEC77ACDEDDF7ADDEDE37AF1EEE7
:10AD100010FAD8BFF1EE677ACDEDE47A62B6236817
:10AD20001C931C9A23681B931B9B9B1A092BF9D914
:10AD30009FED0D7ADAED097AE2E000BF70EC0400D5
:10AD40006008FF1F0017FF1F4CE30400DCAE040087
:10AD500064E304007C16FF1F4C17FF1F1010FF1F39
:10AD6000F00F0500000000000AD7233C0122114625
:10AD70000320E6F7B7FEDB9BE6A903F10B0201EB2C
:10AD800083037CA943F8681CE6AB03EB82034FF016
:10AD90000009B7EE000A43F8909C0121C1A8CDF844
:10ADA0006C93FCF7F7FE8DF8949372B65FED136A1F
:10ADB000DDEDE17A9DEDE07A67EEA67AF4EEC77AF2
:10ADC000CDEDDF7ADDEDE37AF1EE10FAD8BFF1EEEA
:10ADD000677ACDEDE47A62B623681A931A9A2368EB
:10ADE0001993199B9B1A092BF9D91FED217ADAEDDA
:10ADF000087A85E0012211461046E6F773FEDB9BD8
:10AE0000E6A903F10B0201EB83035CA943F8681C7C
:10AE1000E6AB03EB82034FF00009B7EE000A43F8FC
:10AE2000909C0121C1A8CDF86C93FCF7B3FE8DF87E
:10AE3000949372B65FED356ADDEDE17A9DEDE07ACF
:10AE400067EEA67AF4EEC77ACDEDDF7ADDEDE37A30
:10AE5000F1EE10FAD8BFF1EE677ACDEDE47A62B682
:10AE600023681693169A23681593159B9B1A092B32
:10AE7000F9D91FED437ADAED067A41E00122114655
:10AE80000220E6F72FFE00238DF8943372B65FEDB3
:10AE90004B6ADDEDE17A9DEDE07A67EEA67AF4EE9D
:10AEA000C77ACDEDDF7ADDEDE37AF1EE10FAD8BFA7
:10AEB000F1EE677ACDEDE47A62B6DB9BE6A803F1AA
:10AEC0000B0200EB83036CA843F8680CE6AB03EBC2
:10AED0008203002143F8901CDB91B7EE000A0121A8
:10AEE000C1A8FCF757FE23681893189A2368179394
:10AEF000179B9B1A092BF9D91FED657ADAED077AB2
:10AF0000F8EEE77A002367EE877A8DF8943372B60D
:10AF1000DDEDE16A9DEDE07A67EEA67AF4EEC77AA0
:10AF2000CDEDDF7ADDEDE37AF1EE10FAD8BFF1EE88
:10AF3000677ACDEDE47A62B600230593BBF1000F8A
:10AF40003EF4C1AD012211460020E6F7CBFD236897
:10AF50001E931E9A23681D931D9B9B1A042BF9D9DF
:10AF6000DAF87420012A00F05581BB6E03F10B0260
:10AF700007EB83034CA8D86207EB82030021B96674
:10AF80005960B7EE000A01213846FCF703FE0023A2
:10AF900087F8903072B65FED8D6AD7ED207A97ED25
:10AFA0001F7A67EEA67AF4EEC77AC7ED1E7AD7ED60
:10AFB000227AF1EE10FAD8BFF1EE677AC7ED237A64
:10AFC00062B623682093209A23681F931F9B9B1AC5
:10AFD000092BF9D9002387F8903072B607EE908AD2
:10AFE0001FED9F7AD7ED206AF8EEE77A67EE877A51
:10AFF00097ED1F7A67EEA67AF4EEC77AC7ED1E7A50
:10B00000D7ED227AF1EE10FAD8BFF1EE677AC7EDEC
:10B01000237A62B6FEF757BD2021CF4824F01AFFED
:10B02000CE4821F029FC9FA8002421F0FBFA386AC1
:10B03000BC6020F0EDFC786A20F0EAFCC4A821F0A6
:10B04000F1FAC998C39420F0E3FCCA9820F0E0FC20
:10B05000C34B01252246214620461D70E6F742FDDE
:10B06000224621462846E6F73DFD2246214602209B
:10B07000E6F738FD224621460320E6F733FD224657
:10B0800021460420E6F72EFD2846FBF745FDD6F8BD
:10B090000001A0F10A031D2B3FF6E0AD2946C0B226
:10B0A00022F014FBDAE5AF4CC6E50121C0B222F074
:10B0B0000DFBD3E52321AC4824F0CCFEA74821F0BA
:10B0C000DBFBFFF7F1B987F8905072B6D7ED207A25
:10B0D00097ED1F7A67EEA87AF4EEC77AC7ED1E7A6D
:10B0E000D7ED227AF1EE10FAD8BFF1EE677AC7ED0C
:10B0F000237A62B623684293429A23684193419B24
:10B100009B1A042BF9D99FA821F08CFA0025386AE4
:10B11000BD6020F07DFC786A20F07AFCDAF87420BB
:10B12000012A00F02583002101220846E6F7DAFC17
:10B13000D6F8E030012B00F00183D6F8E430002B84
:10B1400000F0A182DAF85830013B4FF0000B032BDE
:10B150003FF62EAD01A252F823F000BFDDAB010097
:10B16000F1AB0100C9AB010095AB010087F890502D
:10B1700072B6D7ED207A97ED1F7A67EEA87AF4EED3
:10B18000C77AC7ED1E7AD7ED227AF1EE10FAD8BF52
:10B19000F1EE677AC7ED237A62B623684493449A46
:10B1A00023684393439B9B1A042BF9D99FA821F052
:10B1B00039FA0025386ABD6020F02AFC786A20F050
:10B1C00027FCDAF87420012A00F0588200210122BD
:10B1D0000846E6F787FCD6F8E030012B00F0348211
:10B1E000D6F8E430002B00F0EE81DAF85830013B5D
:10B1F0004FF0000B0DF59278032B3FF674AC01A2D3
:10B2000052F823F081AB01006DAB010059AB010096
:10B21000CBAA010011460320E6F764FCBB6E07EBE6
:10B22000830003F10C0207EB820C4CAA0021C262DE
:10B230007CAA0263B966CCF80410B7EE000A0221BA
:10B240003846FCF7A7FCA2E60DF592784749404640
:10B250009B4621F011FD4046E5F796F9404621F066
:10B2600063FD4349404621F007FD4046E5F78CF970
:10B27000404621F059FD3F49404621F0FDFC404643
:10B28000E5F782F9404621F04FFD3B49404621F069
:10B29000F3FC4046E5F778F9404621F045FD374993
:10B2A000404621F0E9FC4046E5F76EF9404621F0C2
:10B2B0003BFD3349404621F0DFFC4046E5F764F9A9
:10B2C000404621F031FDFEF706BD2E49404621F0F3
:10B2D000D3FC4046E5F758F9404621F025FD2449C6
:10B2E000404621F0C9FC4046E5F74EF9404621F0C2
:10B2F0001BFD2549404621F0BFFC4046E5F744F9D7
:10B30000404621F011FD1C49404621F0B5FC404665
:10B31000E5F73AF9404621F007FD1849404621F08B
:10B32000ABFC4046E5F730F9404621F0FDFC1449FE
:10B33000404621F0A1FC4046E5F726F9404621F0C1
:10B34000F3FCFFF7D5BB00210320E6F7CBFB0F4B47
:10B350007D9A1A607BE400BFCCE604006008FF1F02
:10B36000B418FF1F7C16FF1F4CEC04000CEB04000C
:10B37000DCAE040020EB040080B5040018E70400F4
:10B3800024E7040000EC040014EC04000C17FF1F79
:10B390000DF59278DC49404621F06EFC4046E5F719
:10B3A000F3F8404621F0C0FCD849404621F064FC47
:10B3B0004046E5F7E9F8404621F0B6FCD44940465E
:10B3C00021F05AFC4046E5F7DFF8404621F0ACFC9E
:10B3D000D049404621F050FC4046E5F7D5F84046BC
:10B3E00021F0A2FCCC49404621F046FC4046E5F75E
:10B3F000CBF8404621F098FCC849404621F03CFC7F
:10B400004046E5F7C1F8404621F08EFCFFF7D5BB7A
:10B410000DF59278C249404621F02EFC4046E5F7F2
:10B42000B3F8404621F080FCB849404621F024FCA6
:10B430004046E5F7A9F8404621F076FC1F21B948BF
:10B4400024F008FDB84821F017FAFFF72DB80DF5E4
:10B450009278B349404621F00FFC4046E5F794F856
:10B46000404621F061FCA949C7E7AD49404621F0BB
:10B4700003FC4046E5F788F8404621F055FCA34917
:10B4800056E70DF59278A949404621F0F5FB404674
:10B49000E5F77AF8404621F047FC9C49404621F008
:10B4A000EBFB4046E5F770F8404621F03DFC4FF0DD
:10B4B000000BFEF710BC00210320E6F713FBFEF79C
:10B4C00057BC9B4B9AED1C7AD3ED006ACDF8F48102
:10B4D00007EE90BAF8EEE77A27EE097A67EEA67AD9
:10B4E0007CA867EE677AFDEEE77A17EE901A20F0F7
:10B4F00027F91BEE101A20F017F923683293329ABD
:10B5000023683193319B9B1A042BF9D901221146F0
:10B510000320E6F7E7FABB6E07EB830003F10C02AA
:10B5200007EB820C4CAA0021C2627CAA0263B966B6
:10B53000CCF80410B7EE000A02213846FCF72AFBCB
:10B54000FEF71ABE7A4BDDED047AD3ED006A9AED70
:10B550001C7ACDF8F481F8EEE77A27EE097A67EEE7
:10B56000A67A7CA867EE877AFDEEE77A17EE901A46
:10B5700020F0E6F81BEE101A20F0D6F823682E9380
:10B580002E9A23682D932D9B9B1A042BF9D9012207
:10B5900011460320E6F7A6FABB6E07EB830003F122
:10B5A0000C0207EB820C4CAA0021C2627CAA026347
:10B5B000B966CCF80410B7EE000A02213846FCF751
:10B5C000E9FAFEF771BD0DF592785A4940469B465F
:10B5D00021F052FB4046E4F7D7FF404621F0A4FBA0
:10B5E0004A49404621F048FB4046E4F7CDFF40463B
:10B5F00021F09AFB5049404621F03EFB4046E4F7DB
:10B60000C3FF404621F090FB4249404621F034FB05
:10B610004046E4F7B9FF404621F086FB3E494046EC
:10B6200021F02AFB4046E4F7AFFF404621F07CFBC7
:10B630003A49404621F020FB4046E4F7A5FF40464A
:10B6400021F072FBFFF738BA0DF592783749404682
:10B6500021F012FB4046E4F797FF404621F064FBDF
:10B660002A49404621F008FB4046E4F78DFF40465A
:10B6700021F05AFB4FF0000BFFF71EBA29460320BA
:10B68000E6F730FAA2E50DF592782A4940469B4646
:10B6900021F0F2FA4046E4F777FF404621F044FB00
:10B6A0001A49404621F0E8FA4046E4F76DFF40466B
:10B6B00021F03AFB2049404621F0DEFA4046E4F70B
:10B6C00063FF404621F030FB1249404621F0D4FA96
:10B6D0004046E4F759FF404621F026FB0E4940461C
:10B6E00021F0CAFA4046E4F74FFF404621F01CFB28
:10B6F0000A49404621F0C0FA4046E4F745FF40467B
:10B7000021F012FBFEF7E5BB00EC0400DCAE040008
:10B7100014EC040080B5040018E7040024E70400DA
:10B72000ECEB0400E0EB04006008FF1FF8EA040003
:10B73000B818FF1F0CEB040020EB04000DF5927805
:10B740001349404621F098FA4046E4F71DFF404671
:10B7500021F0EAFA0F49404621F08EFA4046E4F71C
:10B7600013FF404621F0E0FA4FF0000BFEF7B1BBAB
:10B7700029460320E6F7B6F9D5E49FED078ACDF810
:10B780000490FEF757B900230593FEF798B900BF60
:10B79000F8EA0400DCAE0400000000002DE9F04FE0
:10B7A00000F12C052DED028B05EB8106B54285B02D
:10B7B00004468846B0EE408A4FEA81070FD0BA109F
:10B7C000B2FA82F2C2F11F02520031462846A44B5F
:10B7D000FCF742F9A24A31462846FCF7A9F8D4F80A
:10B7E0002CE0C4F858E0B8F1010F40F32281E019D1
:10B7F000DEF810C028302A4652F8041F0B69904228
:10B80000CCEB43034B61F7D1DEF81C30DEF820B0FF
:10B810000193B54200F0068104F130039E4200F02E
:10B820000B81DEF824501A46116810464A6A954288
:10B8300028BF1546021D9642F6D1DEF818901A6808
:10B84000916989EAE97681EAE172A6EBE976A2EBF1
:10B85000E172B2429A46ACBF32468946504503F186
:10B860000403ECD1BCF1000F00F0C38007EE902A76
:10B87000F8EEE77A67EE887AFCEEE77A17EE903A10
:10B88000002B00F0B680DEF81830002BB8BF5B420A
:10B8900007EE903AB8F1000FF8EEE75A40F3D48083
:10B8A00007EE90CAE119B8EEE75ADFED6E6A28316B
:10B8B00004F1280252F8043FD3ED047A9B69F8EEB4
:10B8C000E77A002B87EE857AB8BF5B4207EE903AA5
:10B8D00027EE257AF8EEE77A87EE276AB4EE666AF5
:10B8E000F1EE10FAC8BFF0EE466A8A42E2D1C5EE28
:10B8F000A67A04F1040A4FF0000984F82890504613
:10B900006D00FCEEE77A17EE907A20F06DF8206279
:10B91000504620F069F8606220F038F861690AF159
:10B9200004001FF0BFFFA16D019E4868C968C4F8FC
:10B930008870A1EB0008A7FB0773C4E9206BC4E97A
:10B940002873A067B8F1000FABFB0B010297A6FBB1
:10B95000067BB8BFC8F10008C4E92601C01B2A460F
:10B96000039361EB0B01C4E9247BC4F8A850C4F82D
:10B970007C804B4626F0F2F910EB080041EBE871B1
:10B98000CA0F121841F10001560846EAC176B045C7
:10B9900034D3029BD81B039B2A4663EB0B014B4617
:10B9A00026F0DCF9864236DCC4F8B060C4F8AC603E
:10B9B00001995046E5F7E8FCA268002A47D0236ABF
:10B9C00029490120D0600025E06995600324946036
:10B9D000DB000D604A6803F1804303F560330244E5
:10B9E0000D241A610C60DA68502122F08002DA60BE
:10B9F000D96005B0BDEC028BBDE8F08F0D2021F0C1
:10BA00008FFE192021F004FF0D2021F089FE19205E
:10BA100021F0FEFEF2E7C0EB4606C4F8AC00C4F825
:10BA2000B060C5E7E36A9A695D6A002AB8BF52420E
:10BA300018E7DEF810C0E7E6DEF81820DEF824503C
:10BA4000002AB8BF52420DE7DFED066A4FE7074B09
:10BA50001B68002BB3D0022101209847A268AEE7F3
:10BA6000750400000000000000800340AC1EFF1FB2
:10BA70002DE9F04F2DED048BC5B00B4609EE100AF1
:10BA8000C449009303A8B0EE408AF0EE608A98465D
:10BA900021F0F2F8C04AC14CDFF85093DFF850B300
:10BAA000BF48E569A66900231370BE4AC9F8003093
:10BAB0002F21CBF80030176824F0CCF9BA4820F0D9
:10BAC000DBFE0E21B94824F0C5F918EE100A25F066
:10BAD00097FC41EC100B0221B34820F0F1FEB24874
:10BAE00020F0CAFE0C21B24824F0B4F918EE900AF6
:10BAF00025F086FC41EC100B0221AB4820F0E0FE63
:10BB0000A94820F0B9FE0D21AA4824F0A3F968EE57
:10BB1000288A18EE900A25F073FC41EC100B0221E4
:10BB2000A14820F0CDFEA04820F0A6FE1721A24893
:10BB300024F090F99C4820F09FFE4346002B40F0F3
:10BB40001981984A1368022B00F05A8100F20E8185
:10BB5000012B40F00F81994903A821F03FF9256B93
:10BB6000E66A1523EFB201213846C9F800301423E4
:10BB7000CBF8003021F0AAFD94F82C00012121F02F
:10BB8000A5FD012211460220E5F7ACFF85498B6B2C
:10BB9000CA6CD1F860A002FB03F308EE103A8148AA
:10BBA00087490068874A884B0860D9F800101160FF
:10BBB0003846DBF800201A6001215FFA86F821F090
:10BBC00085FD0121404621F081FD0023CDE9183398
:10BBD000CDE930338DF880302D932E938DF8BC3025
:10BBE0007A4B17937A4B169380238DF8683016ABF7
:10BBF000D9F80010DFED777A1B93092042F29F43BA
:10BC0000B8EEC88A0DF11809CDE91C03DBF8002055
:10BC1000052341F2883C4846CDE932C328EE278A05
:10BC20001FF04EFDB8EEC90ABDEEC88A20EE280A04
:10BC300024F024FC684B5A6F684B0221012AF0EE75
:10BC4000408A19600BD103226548DFF8A8C1654915
:10BC50001A60102303601723CCF800200B6018EE45
:10BC6000101A48461FF06CFD51461FF05DFDFDEEB9
:10BC7000E87ADFF834B1DFF880A117EE901A1FF0F0
:10BC80009BFD309B44A803F10B0200EB83030021D2
:10BC900043F88C9C00EB82030791309143F8B41C6D
:10BCA000B7EE000A012116A8FFF778FDDFF84C91E6
:10BCB00016E0A6F10A031D2B40F2C680D4F8F83036
:10BCC000D8B20A3B1D2B06D821F036FDD4F8FC3043
:10BCD000984240F00182E7F7FDF8002840F04581E6
:10BCE000189BA5F10A02002B00F016811D2AE0D84E
:10BCF000384621F021FDD4F8FC3002469A424FF03C
:10BD000016014846D5D024F0A5F8584620F0B4FDD9
:10BD1000F5EEC08AF1EE10FACBDD19A8002620F06E
:10BD200081FC1E9818961FF073FE1F9801251FF0C6
:10BD30006FFE2D4B2A46314630461D70E5F7D2FE88
:10BD40002A4631462846E5F7CDFE2A4631460220EE
:10BD5000E5F7C8FE2A4631460320E5F7C3FE314623
:10BD60002A460420E5F7BEFE2946ADE0033B012B41
:10BD70007FF6F1AE7B1E032B00F2FD8101A252F88B
:10BD800023F000BF01BE010057BB010057C00100F6
:10BD90000DC00100001305000417FF1FA813FF1FAB
:10BDA00090EC04007C10FF1F6008FF1FC0EC040033
:10BDB000D0EC0400E0EC0400F0EC0400A0E004008F
:10BDC000CC07FF1FAC07FF1FA807FF1FC80F050008
:10BDD0000C1005000AD7233C6C11FF1F1810FF1F21
:10BDE000B407FF1FB007FF1FB418FF1F9C07FF1FFA
:10BDF0003407FF1FD007FF1F88E9040070E9040023
:10BE0000A74903A820F0EAFFE569A6690623EFB277
:10BE100001213846C9F800300523CBF8003021F065
:10BE200055FC207E012121F051FC012211461046D3
:10BE3000E5F758FE9B494B6B8A6CD1F85CA002FB7E
:10BE400003F308EE103AAAE6404621F075FCD4F858
:10BE5000FC3002469A424FF0260150463FF42EAF86
:10BE600023F0F8FF584620F007FDF5EEC08AF1EE0A
:10BE700010FA7FF523AF19A8002620F0D3FB1E98F7
:10BE800018961FF0C5FD1F9801251FF0C1FD864BB8
:10BE90002A46314630461D70E5F724FE2A463146D3
:10BEA0002846E5F71FFE2A4631460220E5F71AFE2E
:10BEB0002A4631460320E5F715FE31462A4604207E
:10BEC000E5F710FE4FF0FF310820FBF75BFBD4F8DD
:10BED0000001A0F10A031D2B40F24781012334E049
:10BEE0000122002110460193E5F7FCFD019B01931F
:10BEF000012200210220E5F7F5FD019B01930122BB
:10BF000000210320E5F7EEFD019B019301220021B2
:10BF10000420E5F7E7FD019B009A4AB16348079CBE
:10BF200002686349224402600A68079802440A6072
:10BF30000F216048009323F08DFF07995E4820F0A1
:10BF400093FC5D4820F098FC009B009316A85B4B87
:10BF50001693FBF753FC03A820F0E6FE009B18465F
:10BF600045B0BDEC048BBDE8F08F0190172154481B
:10BF700023F070FF504820F07FFC189A019B002AA4
:10BF800000F0E8804F4C5048156801930E214F4A4D
:10BF9000B2FBF5F2226023F05DFF2168464820F0F5
:10BFA00063FC454820F068FC2268019BF92A11DDFA
:10BFB000189ADAB116A80193E4F774FF189A019B56
:10BFC000A2B11C46012021F023FC189B002BF9D1C3
:10BFD00023460BE019A820F025FB00221E9818929A
:10BFE0001FF016FD1F981FF013FD019B2D4A1268CC
:10BFF000013A032A90D801A151F822F0E1BE0100D4
:10C00000EFBE0100FDBE01000BBF0100304903A8D7
:10C0100020F0E4FE256FE66E1223EFB201213846D0
:10C02000C9F800301323CBF8003021F04FFB94F80F
:10C030006C00012121F04AFB012211460420E5F7A2
:10C0400051FD18490B6C4A6DD1F868A002FB03F34F
:10C0500008EE103AA3E51F4903A820F0BFFE256DA6
:10C06000E66C1023EFB201213846C9F800301723DF
:10C07000CBF8003021F02AFB94F84C00012121F08C
:10C0800025FB012211460320E5F72CFD0549CB6B6A
:10C090000A6DD1F864A002FB03F308EE103A7EE5C6
:10C0A000D4B904007C10FF1FB418FF1F7C16FF1FBB
:10C0B0002816FF1F60ED04006008FF1F0C1005002C
:10C0C00038ED04005416FF1F50ED04000087930361
:10C0D0005CE104000CE104002D212A4823F0BAFEA3
:10C0E000294820F0C9FB19A8002520F09BFA1E98CA
:10C0F00018951FF08DFC1F981FF08AFC234B01261A
:10C100002A46294628461E70E5F7ECFC2A462946B1
:10C110003046E5F7E7FC2A4629460220E5F7E2FC2F
:10C120002A4629460320E5F7DDFC2A462946042055
:10C13000E5F7D8FC0820FAF7EFFCD4F80001A0F1ED
:10C140000A031D2B3FF6CAAEC0B2314621F0BEFA3B
:10C150003346FAE60E490C68002C3FF413AF022177
:10C160000120A047189A019B0CE7C0B2294621F094
:10C17000ADFA2B46E9E64FF0000A08EE10AAEFB23E
:10C180000DE500BF08ED04006008FF1FB418FF1F95
:10C19000AC1EFF1F2DE9F04FAD4DD5F800012DED80
:10C1A000028BA0F10A031D2BADF5177D40F217811C
:10C1B000A84CA94B226808920021089A197023689C
:10C1C0000793079B9B1A092BF9D968AEA349DFF89F
:10C1D000D892DFF8D8A2DFF8D882304620F04CFDA4
:10C1E0003046E4F7D1F9304620F09EFD9C4B3046B6
:10C1F000196820F041FD3046E4F7C6F9304620F0DA
:10C2000093FD984B69930023CDE96A33CDE98233DE
:10C210008DF8C8317F9380938DF804328020924B43
:10C2200068938DF8B001092342F29F408F4A9049EC
:10C23000126809686D96CDE96E3041F288370520A5
:10C24000CDE9847018A81FF03BFA8A4B8A4F1A6810
:10C250008A4B28A819681FF033FA894B1A68894B52
:10C260000DF1E00B196858461FF02AFAD9F80020A2
:10C27000DAF8001048A81FF023FA3A68D8F800103E
:10C2800058A81FF01DFA002319932993CBF8043006
:10C29000499359937C4B1B68013B032B00F29E850D
:10C2A000DFE803F0613C20027848092123F0D2FD49
:10C2B000DFF800C2DFF800E22F23CCF8003038238B
:10C2C000C8F8003039233B60714B0193714A136801
:10C2D000042B00F28B85DFE813F0CF03C803C00303
:10C2E000B80387006C48092123F0B4FDDFF8C8E1EA
:10C2F000DFF8C0C12E23CEF800302F23CCF8003059
:10C300003623CAF800303723C9F800303823C8F87C
:10C31000003039233B605E4B0193D7E75F4809212A
:10C3200023F098FD5A4BDFF890E101931A462D2334
:10C330001360DFF880C1534A2E23CEF800302F233C
:10C34000CCF80030342313604D4A35231360362374
:10C35000CAF800303723C9F800303823C8F8003055
:10C3600039233B60B2E74B4A4D480292092123F042
:10C3700071FD4C4805902C2101604548DFF838E1FB
:10C38000DFF830C1029A424B01932D2101602E212A
:10C390003A48CEF800102F21CCF80010322101606D
:10C3A0003448136833210160364834210160344831
:10C3B000352101603621CAF800103721C9F8001074
:10C3C0003821C8F8001039213960042B00F2168595
:10C3D000DFE813F0EE04D204F004F504E9040021D0
:10C3E000C0B221F073F9E3E62E4BD5F8941018682B
:10C3F000D5F898800593042800F2C184DFE810F096
:10C4000011030303F702EB020500D5F89430029301
:10C41000019BDEF80070D5F898A0DCF800E01B68FE
:10C42000042B00F2D684DFE813F0C702C002B70283
:10C43000B2020500D5F89430D5F89890042F00F298
:10C44000C384DFE817F094028D0284026C023B0083
:10C45000A813FF1F5C1FFF1F6816FF1FACB204006C
:10C460008007FF1FC80F05000C100500A007FF1F65
:10C47000A407FF1FA807FF1FC007FF1FAC07FF1F70
:10C48000B007FF1FB407FF1F1810FF1F94ED040033
:10C49000D007FF1FC807FF1F88ED04007CED0400D4
:10C4A00070ED0400CC07FF1FB807FF1FBC07FF1F7C
:10C4B000C407FF1FD807FF1FD407FF1FD5F894003C
:10C4C000D5F8987008EE100ABEF1040F0CD8DFE81A
:10C4D0001EF02E0222021C0217020500D5F894005D
:10C4E000D5F8987008EE100A18A8049203931FF06C
:10C4F00027F941461FF018F9CF4909681FF042F9A2
:10C50000029928A81FF01CF951461FF00DF9CB49DC
:10C5100009681FF037F9039B584619461FF010F9B8
:10C5200049461FF001F9C64B19681FF02BF918EEA8
:10C53000101A48A81FF004F939461FF0F5F8C14B4E
:10C5400019681FF01FF9C04958A81FF0F9F8BE4933
:10C550001FF0EAF8BD4B19681FF014F9049A10682F
:10C5600001221146E5F7BEFA059B1868272840F31B
:10C57000E782019B1868272840F3DD82829B96A8FA
:10C5800003F10D0200EB820200EB830018AF40F8CC
:10C590008C7C96A800EB830028AF40F8887C96A896
:10C5A00000EB8303002143F884BCB7EE000A42F895
:10C5B000B41C304682910321FFF7F0F86A9B002BF0
:10C5C00000F0EE83A24FDFF8D492DFF8D4A2D5F8C2
:10C5D000F800A0F10A031D2B07D8C0B221F0ACF877
:10C5E000D5F8FC30984240F0C38221F0CFFC0028FF
:10C5F00040F352823B68012BB84600F05482032B73
:10C6000000F08682002B00F08082002389F8003041
:10C610006A9923681493149A23681393139B9B1AA3
:10C62000092BF9D90029D2D18A4B1B68082B15ACEC
:10C6300000F0E582092B40F0C5808749204620F0B4
:10C640001BFB2046E3F7A0FF204620F06DFB834B49
:10C65000204619681F4620F00FFB2046E3F794FFA1
:10C66000204620F061FB7E49204620F005FB204655
:10C67000E3F78AFF204620F057FB3968204620F078
:10C68000FBFA2046E3F780FF204620F04DFB75497A
:10C69000204620F0F1FA2046E3F776FF204620F00E
:10C6A00043FB3968204620F0E7FA2046E3F76CFFA9
:10C6B000204620F039FB6C4B012218680021E5F779
:10C6C00011FA002101220846E5F70CFAD5F8E0300E
:10C6D000012B77D06549204620F0CEFA2046E3F7BB
:10C6E00053FF204620F020FB6149204620F0C4FA89
:10C6F0002046E3F749FF204620F016FB5D4920461F
:10C7000020F0BAFA2046E3F73FFF204620F00CFB6A
:10C710005949204620F0B0FA2046E3F735FF20467D
:10C7200020F002FB5549204620F0A6FA2046E3F708
:10C730002BFF204620F0F8FA5149204620F09CFAC1
:10C740002046E3F721FF204620F0EEFA4D4920462F
:10C7500020F092FA2046E3F717FF204620F0E4FA93
:10C760004349204620F088FA2046E3F70DFF204693
:10C7700020F0DAFA4449204620F07EFA2046E3F71A
:10C7800003FF204620F0D0FA3B49204620F074FAFF
:10C790002046E3F7F9FE204620F0C6FA3749204646
:10C7A00020F06AFA2046E3F7EFFE204620F0BCFABC
:10C7B0003349204620F060FA2046E3F7E5FE2046A4
:10C7C00020F0B2FA3149204620F056FA2046E3F72D
:10C7D000DBFE204620F0A8FAD8F80030012B00F04C
:10C7E000C782032B00F0C082002B00F0B982284BD7
:10C7F000284F93ED000AB8EEC00AE3F77DFE3968D2
:10C80000204620F039FA2046E3F7BEFE204620F00D
:10C810008BFA2149204620F02FFA2046E3F7B4FE98
:10C82000204620F081FAD8F80030012B00F09482E5
:10C83000032B00F08D8235E03416FF1F2816FF1FF2
:10C840002C16FF1F6018FF1FA08601006418FF1F31
:10C850009807FF1F8807FF1F24EE04008007FF1FB3
:10C860003CEE040054EE04007C10FF1F6CEE04004C
:10C87000DCAE040084EE040080B5040018E7040078
:10C8800024E704009CEE0400B4EE0400CCEE0400A7
:10C890008816FF1F8407FF1FDCEE0400F016FF1F41
:10C8A0005416FF1F002B00F04F82A84B93ED000A97
:10C8B000B8EEC00AE3F720FE3968204620F0DCF924
:10C8C0002046E3F761FE204620F02EFAA04B5A6F77
:10C8D000012A00F06082D5F800019E4A002313600F
:10C8E000A0F10A031D2B40F22A829B4B689330462D
:10C8F000FAF784FF0DF5177DBDEC028BBDE8F08FD4
:10C90000D5F88C30D5F89090EEE5D5F88400D5F8C0
:10C9100088A00290E8E5E96FD5F88080E4E58F4FC4
:10C92000D5F88C30D5F8909008EE107ACCE52068D8
:10C930001290686FDDF848C0AF6F08EE100A2068EB
:10C9400011901198A0EB0C000E28F8D9CCE5834F7C
:10C95000D5F88400D5F888A0029008EE107AB3E5E7
:10C960007E4FE96FD5F8808008EE107AACE520683C
:10C970001090686FDDF840C0AF6F08EE100A2068B5
:10C980000F900F98A0EB0C000E28F8D99CE5D5F875
:10C990008C30D5F8909051E5DFF8C091D5F884300F
:10C9A0000293D5F888A04B4648E5DFF8B091E96FCF
:10C9B000D5F880804B4641E523680E93DDF838C0FA
:10C9C0006B6FD5F8789020680D900D98A0EB0C0057
:10C9D0000E28F8D932E5D5F88C300293019BDEF8A9
:10C9E0000070D5F890A0DCF800E01B6818E5D5F8D9
:10C9F00084300293019BDEF80070D5F888A0DCF843
:10CA000000E01B680CE5019BDFF850A1DEF8007028
:10CA1000E96FDCF800E0D5F880801B68CDF808A04D
:10CA2000FEE423680C930C986B6FD5F878A0029302
:10CA300023680B930B9B1B1A0E2BF9D9019BDEF875
:10CA400000701B68DCF800E0EAE4454BD5F88C1078
:10CA50001868D5F890800593CDE4414BD5F8841043
:10CA60001868D5F888800593C5E43D4BE96F1868D0
:10CA7000D5F880800593BEE4394B05931868236888
:10CA80000A930A9F696FD5F8788023680993099BF8
:10CA9000DB1B0E2BF9D9AEE422F0EEFA3B68012B3A
:10CAA000B8467FF4ACAD21F085FAC3B2532B89F8B8
:10CAB00000307FF4ADAD6A9B002B00F096800E2114
:10CAC00028481A68284BB3FBF2F3CAF8003023F069
:10CAD000C1F9DAF8001025481FF0C6FE23481FF000
:10CAE000CBFEDAF80030F92B15DC6BA81FF09AFDAD
:10CAF000002370986A931EF08BFF71981EF088FFD8
:10CB00006A99144A0023136083E523F035F9CCE7D2
:10CB100022F0C6FAC9E76A990029F2D03046E4F754
:10CB2000C1F96A990029ECD0012020F071FE6A99C0
:10CB30000029F9D1E5E701221146E4F7D3FF1DE50D
:10CB400001221146E4F7CEFF13E500BF7C16FF1F5C
:10CB50006C11FF1F1810FF1F0C100500A0860100AC
:10CB6000CC07FF1F50ED0400008793036008FF1FF0
:10CB70001F21A84823F06EF9A7481FF07DFE6BA87F
:10CB800000241FF04FFD70986A941EF041FF7198C9
:10CB90001EF03EFFA14B01272246214620461F7072
:10CBA000E4F7A0FF224621463846E4F79BFF2246E1
:10CBB00021460220E4F796FF224621460320E4F7AF
:10CBC00091FF224621460420E4F78CFF1520F9F757
:10CBD000A3FFD5F80001A0F10A031D2B3FF685AE97
:10CBE0003946C0B220F072FD7FE68D4A1268002AF5
:10CBF0003FF465AF0221012090476A9B5FE78949B6
:10CC0000204620F039F82046E3F7BEFC204620F00D
:10CC10008BF8854B204619681F4620F02DF82046DA
:10CC2000E3F7B2FC204620F07FF88049204620F050
:10CC300023F82046E3F7A8FC204620F075F8396871
:10CC4000204620F019F82046E3F79EFC204620F00D
:10CC50006BF87749204620F00FF82046E3F794FC64
:10CC6000204620F061F83968204620F005F820467B
:10CC7000E3F78AFC204620F057F86E4B0122186833
:10CC80000021E4F72FFF002101220846E4F72AFFE4
:10CC9000D5F8E030012B3FF495AD674920461FF0F1
:10CCA000EBFF2046E3F770FC204620F03DF8634997
:10CCB00020461FF0E1FF2046E3F766FC204620F007
:10CCC00033F85F4920461FF0D7FF2046E3F75CFCAE
:10CCD000204620F029F85B4920461FF0CDFF204672
:10CCE000E3F752FC204620F01FF8574920461FF07A
:10CCF000C3FF2046E3F748FC204620F015F85349CF
:10CD000020461FF0B9FF2046E3F73EFC204620F006
:10CD10000BF84F4920461FF0AFFF2046E3F734FCE5
:10CD2000204620F001F8454920461FF0A5FF204687
:10CD3000E3F72AFC20461FF0F7FF46491BE50121D7
:10CD4000C0B220F0C3FCD0E5222023F009F9ACE505
:10CD5000222022F04FF9A8E5222021F061F8A4E575
:10CD6000222023F0FDF842E5222022F043F93EE59F
:10CD7000222021F055F83AE5E96FD5F88080019B33
:10CD8000DFF8D4A0DEF800701B68DCF800E0CDF816
:10CD900008A0FFF745BB00210320E4F7A3FE9AE5B6
:10CDA000DFF8C08040E4D5F89410D5F89880E6E725
:10CDB0002C2064E6D5F88410D5F88880DFE7D5F814
:10CDC0008C10D5F89080DAE7234F08EE107AFFF741
:10CDD0007BBBDFF884904B46FFF730BB1F4BDFF87F
:10CDE00088E0DFF888C00193FFF770BA1C4BDFF8CA
:10CDF0006880186805934146FFF7FDBA164F029701
:10CE000008EE107AB946BA46B8463B463946FFF7AF
:10CE10006BBB00BFA0ED04006008FF1FB418FF1F2C
:10CE2000AC1EFF1FA8B304008007FF1F94B30400CB
:10CE3000C0ED04007C10FF1FD4ED0400DCAE040044
:10CE4000E8ED040080B5040018E7040024E70400BE
:10CE5000FCED040010EE0400A0860100D007FF1FC7
:10CE6000CC07FF1F9807FF1FD407FF1FD807FF1F1E
:10CE70002DE9F04F2DED0A8BDFF86893CA49D9F8F8
:10CE80003C30CA4CD9ED117AD4F81C80D4F818B0D3
:10CE9000D9F85860CBB000220293D9F800304A602C
:10CEA000D9F8501003915A1ED9F830100091F8EEBD
:10CEB000678AB0EE40BAF0EE609AF0EE41AAB0EEAA
:10CEC000618A032A00F28D83DFE812F058013F01E6
:10CED00026010400012211460420D4F87080D4F801
:10CEE0006CB0E4F7FFFDD9F84030D9ED157A019325
:10CEF000D9F86830B8EE679A0CEE903AD9F800305D
:10CF000013271225AA4A9FEDABAA1360AA4B1D60F6
:10CF1000AA4B1F605FFA88F3184601210CEE103A05
:10CF200020F0D4FB5FFA8BF3184601210BEE903A08
:10CF300020F0CCFBDDE90001E5F79AFB0122114668
:10CF40000020E4F7CFFD9E4B1D939E4B1C93802346
:10CF50008DF880301CAB3A4621930CAF092042F289
:10CF60009F4341F2883C2946CDE922030025052351
:10CF70003846CDE938C3CDE91E55CDE936558DF893
:10CF80009850339534958DF8D4501EF099FB2BEEC4
:10CF9000290A0D9523F072FA8B4B8C4A8C491D603F
:10CFA000F0EE409A02232AEE880A4FF0030A0B6043
:10CFB000C2F800A023F062FADDED017A29EE0A7AC8
:10CFC000F8EEE77A384667EE877ABDEEC08AFDEE66
:10CFD000E77A17EE901A1EF0B3FB1CEE901A1EF0C3
:10CFE000A3FBFDEEE97A17EE901A1EF0CBFBDDED08
:10CFF000007A7848F8EEE77A68EE8A8A67EEA87ACF
:10D00000FDEEE77A17EE901A1EF09AFB31461EF0FD
:10D010008BFB704B18EE101A18465D601EF0B2FBC9
:10D020006D496E4A4E6F0223012E136000F08C8111
:10D030001946369B674E369503F10C024AA800EB61
:10D04000820200EB8300B7EE000A40F88C6C4AA81D
:10D0500000EB83031CA843F8887C42F8B45CFEF71D
:10D060009DFBDFF884A1DAF8003007930799DAF81E
:10D0700000300693069B5B1AB3F5FA7FF7D31E9B2D
:10D08000002B36D0A8F10A06ABF10A05544FDFF8A1
:10D090005C811CEE10BA1B68B8FBF3F3F92B3B6004
:10D0A00040F2B6811D2E40F2A3801D2D40F2DA80A1
:10D0B000D4F8F800A0F10A031D2B07D8C0B220F065
:10D0C0003BFBD4F8FC30984240F04C82E5F702FF7D
:10D0D000002840F0B781DAF800300B930B99DAF8AA
:10D0E00000300A930A9B5B1A042BF8D91E9B002B75
:10D0F000D1D14FF0000B002101220846E4F7F2FCE9
:10D10000D9F80020013A032A00F2F980DFE812F092
:10D11000D601D001F200CA01012211460320D4F841
:10D120005080D4F84CB0E4F7DDFCD9F83C30D9EDB0
:10D13000147A0193D9F86430B8EE679A0CEE903AFD
:10D140001727D9F800301025DCE60122114602200D
:10D15000D4F83080D4F82CB0E4F7C4FCD9F83830D7
:10D16000D9ED137A0193D9F86030B8EE679A0CEED6
:10D17000903A1427D9F800301525C3E6012211464C
:10D180001046E4F7AFFCD9F83430D9ED127A0193A8
:10D19000D9F85C30B8EE679A0CEE903A0527D9F8CA
:10D1A00000300625AEE600BF5417FF1FA813FF1F6F
:10D1B000CC07FF1F0AD7233CAC07FF1FA807FF1FA0
:10D1C000C80F05000C100500C807FF1FA407FF1FAC
:10D1D000A007FF1F7018FF1F6C11FF1F1810FF1F03
:10D1E0005416FF1F7C10FF1F5C1FFF1F0087930357
:10D1F000584620F0A1FAD4F8FC3098423FF455AFDD
:10D200002221BC4822F026FEBB481FF035FB1FA898
:10D2100000261FF007FA24981E961EF0F9FB2598A9
:10D220004FF0010B1EF0F4FBB44B5A46314630462A
:10D2300083F800B0E4F756FC5A4631465846E4F706
:10D2400051FC5A4631460220E4F74CFC5A4631461E
:10D250000320E4F747FC31465A460420E4F742FC39
:10D2600059463AE01BEE900A20F066FAD4F8FC30FA
:10D2700098423FF41DAF22219E4822F0EBFD9E48CC
:10D280001FF0FAFA1FA800261FF0CCF924981E966A
:10D290001EF0BEFB25984FF0010B1EF0B9FB974B1B
:10D2A0005A463146304683F800B0E4F71BFC5A4634
:10D2B00031465846E4F716FC5A4631460220E4F758
:10D2C00011FC5A4631460320E4F70CFC31465A461D
:10D2D0000420E4F707FC4FF0FF310920FAF752F978
:10D2E000D4F80001A0F10A031D2B40F275814FF024
:10D2F000010B1EE0012200210320E4F7F3FB804E26
:10D30000804B0D9F31685A6F7F4D804B804C814818
:10D31000394431605F6829685E6839442960216852
:10D320003144216001680D9C012A2144016000F014
:10D330000981794B1C931CA8FAF760FA58464BB048
:10D34000BDEC0A8BBDE8F08F744B91ED1C7A5D60EB
:10D35000734BC2F800A0D3ED006A724B724AC3F857
:10D3600000A0F8EEC87A27EE0A7A67EEA67A6F4B2D
:10D370006A4867EE877A1025FDEEE77A156017EEAA
:10D38000901A17221A601EF0FDF9039A029B634857
:10D3900002FB03F307EE903AF8EE677A67EE8A7ABB
:10D3A000FDEEE77A17EE901A1EF0CAF9D9F864106C
:10D3B0005A481EF0B9F95046DFF884A1314632468A
:10D3C000E4F790FBDAF8003005930599DAF80030BD
:10D3D0000493049B5B1A042BF8D9369B4AAA02EBF0
:10D3E000830503F10D0102EB8101484A45F88C2CBD
:10D3F00000204A4A369045F8887C45F8842CB7EEE0
:10D40000000A41F8B40C03211CA8FEF7C7F92AE66C
:10D41000DAF8003009930999DAF800300893089B8C
:10D420005B1AB3F5FA7FF7D31CA8E3F73BFD1E9B0D
:10D43000002B3FF45EAE012020F0EAF91E9B002B8A
:10D44000F9D156E617218346394822F003FD2A48D0
:10D450001FF012FA1E9A002A42D00E213548146895
:10D46000354AB2FBF4F23A6022F0F4FC3968224803
:10D470001FF0FAF920481FF0FFF93A68F92A23DD76
:10D480001E9A002A3FF437AE1CA8E3F70BFD1E9A44
:10D49000002A3FF430AE012020F0BAF91E9B002B89
:10D4A000F9D128E6012200210420E4F71BFB26E73E
:10D4B000012200210220E4F715FB20E701220021D0
:10D4C0001046E4F70FFB1AE71FA81FF0ABF82498EB
:10D4D00000221E921EF09CFA25981EF099FA0AE688
:10D4E00016490C68002CB8D002210120A0471E9AD2
:10D4F000B3E700BFECEE04006008FF1FB418FF1F85
:10D500007C16FF1F6C11FF1F8816FF1F7018FF1F6E
:10D510003416FF1F2816FF1F0C1005005417FF1F9D
:10D52000B818FF1FD007FF1FB407FF1FB007FF1F6A
:10D5300038ED040050ED040000879303AC1EFF1F7C
:10D540005C1FFF1F00210320E4F7CCFA294B2A4877
:10D550005D68026829495C682A4402600A682244BE
:10D560000A60E6E61F21264822F074FC25481FF0D9
:10D5700083F91FA800251FF055F824981E951EF06A
:10D5800047FA25981EF044FA1F4B4FF0010B2A462C
:10D590002946284683F800B0E4F7A4FA2A4629462B
:10D5A0005846E4F79FFA2A4629460220E4F79AFAF9
:10D5B0002A4629460320E4F795FA2A4629460420FC
:10D5C000E4F790FA0920F9F7A7FAD4F80001A0F1DE
:10D5D0000A031D2B3FF68BAE5946C0B220F076F8F9
:10D5E000A7E600229FED099A01920CEE902A0527EA
:10D5F000062587E45417FF1F8016FF1F2C16FF1FF8
:10D60000A0ED04006008FF1FB418FF1F0000000019
:10D610002DE9F04F2B4B2C491B682DED0C8B002274
:10D6200009EE900AD9B04A60042B00F2D985DFE8F0
:10D6300013F08502B502E70219030500234B2449C4
:10D6400093ED157ADFED237A4C6B086FCA6E93ED7C
:10D6500010BA9F6E0090F8EE47AA01926AEEA7AA50
:10D66000002C00F0A585012C40F09085D3ED0B6ACD
:10D6700091ED197ACB6D896DC6EE877A01FB03F3C4
:10D6800000EE103AB8EE400A20EE270ABDEEC08A3E
:10D69000C3B20CEE103AD3B20122114604200BEEB5
:10D6A000903AE4F71FFA4FF0130B12240A4B196853
:10D6B000042900F28285DFE811F00F024B030B030F
:10D6C000D90111002817FF1F5417FF1F7C10FF1FDF
:10D6D000A813FF1F0AD7233C3817FF1FC349C448AC
:10D6E000D1ED197A90ED0B6A8A6DCB6DD1F87090FF
:10D6F0009FEDC07AD1F86CA090ED109A866EC6EEC0
:10D70000276A02FB03F3012211464FF0130812258A
:10D7100007EE903AF8EE677A67EEA67AFDEEE78AB2
:10D72000D0ED157AB8EE67AA04202AEE07AAE4F72E
:10D73000D9F95FFA89F30DEE103AAF4B19685FFA29
:10D740008AF30CEE903AAD4AAD4B1460AD4AC2F884
:10D7500000B0AD4A1160AD4A1560AD4AC2F8008014
:10D76000AC4A1CEE100A12681A6001211FF0AEFFCD
:10D770001BEE900A01211FF0A9FF1DEE100A0121E6
:10D780001FF0A4FF1CEE900A01211FF09FFFA24B87
:10D79000A2482B932A9080232AA88DF8B8302F9086
:10D7A00042F29F43092041F2883C5A462146CDE986
:10D7B0003003002405230AA8CDE946C3CDE92C4453
:10D7C000CDE944448DF8D040419442948DF80C4109
:10D7D0001DF076FF924BB8EEC80AD3ED007AB8EE92
:10D7E000E98A20EE270A20EE080A22F047FEF8EE2A
:10D7F000CB7AFDEEC09A67EEAA7A0AA8FDEEE77A28
:10D800000B9417EE901A1DF09BFF39461DF08CFF0C
:10D8100019EE901A1DF0D0FF424629461AA81DF0B5
:10D820004FFF804BF8EEE87A93ED007A67EE877A47
:10D8300027EE880A22F022FEF8EEC97ABDEEC08AF1
:10D8400067EE8A7A1AA8FDEEE77A1B9417EE901A13
:10D850001DF076FF31461DF067FF18EE101A1DF01F
:10D86000ABFF7149714A4B6F0221012B116040F0EF
:10D870009D83684B6E4D6F4C19686F48032313608E
:10D880002B601023236017230360002940F0A98335
:10D89000F8EEE97A644B9FED578A93ED1C7A674B5B
:10D8A000534CD3ED006A664827EE087A67EEA67AF5
:10D8B000002367EE877A4360FDEEE77A17EE901A51
:10D8C0001DF07AFF226DE36B5D4802FB03F307EE68
:10D8D000903AF8EE677A67EE887AFDEEE77A17EE0F
:10D8E000901A1DF02DFF616E5548564C1DF01CFF1F
:10D8F000012211460320E4F7F5F823680393039A05
:10D9000023680293029B9B1A042BF9D9449B58A8C5
:10D9100003F10D0200EB820200EB83001AAD40F828
:10D920008C5C58A800EB83000AAD40F8885C58A8CE
:10D9300000EB83030021424843F8840C449142F8F1
:10D94000B41CB7EE000A03212AA8FDF727FF2368BD
:10D950000593059A23680493049B9B1AB3F5FA7FF9
:10D96000F8D32C9B002B73D0009A374E374F1F4DA6
:10D97000DDF804B0A2F10A081B68B7FBF3F3F92B3A
:10D98000336040F23583B8F11D0F40F27482ABF181
:10D990000A031D2B40F2B682A9F10A031D2B40F2A7
:10D9A000ED82AAF10A031D2B40F2F682D5F8F800A9
:10D9B000A0F10A031D2B07D8C0B21FF0BDFED5F899
:10D9C000FC30984240F08183E5F784FA002840F06B
:10D9D0004D8323680993099923680893089B5B1A70
:10D9E000042BF9D92C9B002BC6D131E0A813FF1FC3
:10D9F0007C10FF1F0AD7233C3817FF1FA407FF1F07
:10DA0000C807FF1FA007FF1FCC07FF1FAC07FF1FA2
:10DA1000A807FF1F2817FF1FC80F05000C100500DF
:10DA20007807FF1F7C07FF1F6C11FF1F1810FF1FD7
:10DA3000D007FF1FB407FF1FB007FF1FB818FF1F55
:10DA40005417FF1F5C1FFF1F5416FF1F008793030F
:10DA50004FF0000BB94B1A68042A00F2B481DFE8DA
:10DA600012F0FE010402F801F201AD01B449B5481B
:10DA7000D1ED117A90ED0B6A8A6BCB6BD1F8509097
:10DA80009FEDB17AD1F84CA090ED0F9A466EC6EE9C
:10DA9000276A02FB03F3012211464FF017081025F5
:10DAA00007EE903AF8EE677A67EEA67AFDEEE78A1F
:10DAB000D0ED147AB8EE67AA03202AEE07AAE4F79D
:10DAC00011F85FFA89F30DEE103AA04B19685FFA6E
:10DAD0008AF30CEE903A36E69A4A994992ED0B6A2F
:10DAE000D1ED027A9FED987A92ED0C9A966DC6EE82
:10DAF000276AD1E9001301FB03F300204FF002086D
:10DB000007EE903AF8EE677A372367EEA67A1D465D
:10DB1000FDEEE78AD2ED117A0122B8EE67AA11462E
:10DB20002AEE07AA0CEE903AE3F7DCFF874A0DEEE7
:10DB3000105AAA46A9461168032504E6814A80497D
:10DB400092ED0B6AD1ED026A4B6809689FED7E7A0F
:10DB500092ED0CBA976DC6EE267A01FB03F3002016
:10DB60004FF0020B00EE103AD2ED116AB8EE400A07
:10DB70003723F8EE66AA20EE270A01221C4611463A
:10DB80006AEE87AABDEEC08A0BEE903A0CEE104A00
:10DB9000E3F7A8FF01940094032487E56849DFEDCB
:10DBA0006A7ACA680B69D1ED056ACC698D690094FF
:10DBB00002FB03F300EE103A624B019593ED0B6A02
:10DBC00093ED0DBADF6D86EE267A012211461046DE
:10DBD0004FF0050BB8EE400A20EE070A93ED127ADB
:10DBE000F8EE47AABDEEC08A6AEEA7AAE3F77AFF6D
:10DBF000E3B20CEE103AEBB20BEE903A062455E588
:10DC00004F49DFED517A0A6A4B6AD1ED0A6A0C6B13
:10DC1000CD6A009402FB03F300EE103A494B0195E4
:10DC200093ED0B6A93ED0EBA1F6E86EE267A0122F3
:10DC3000114602204FF0140BB8EE400A20EE070AFE
:10DC400093ED137AF8EE47AABDEEC08A6AEEA7AA52
:10DC5000E3F748FFE3B20CEE103AEBB20BEE903A6A
:10DC6000152423E5374A364992ED146ADFED367AFA
:10DC70004C6B086D92ED0FBAD2ED0B6A576ECA6C01
:10DC800091ED117ACB6B0090F8EE46AA896B019268
:10DC90006AEEA7AA002C00F07D82C6EE877A01FB0F
:10DCA00003F300EE103AB8EE400A20EE270ABDEE6C
:10DCB000C08AC3B20CEE103AD3B20122114603203F
:10DCC0000BEE903A4FF0170BE3F70CFF1024EDE446
:10DCD0001B491C48D1ED0A7A90ED0B6A0A6A4B6A1F
:10DCE000D1F830909FED187AD1F82CA090ED0E9AD3
:10DCF000066EC6EE276A02FB03F3012211464FF0BF
:10DD00001408152507EE903AF8EE677A67EEA67AC2
:10DD1000FDEEE78AD0ED137AB8EE67AA02202AEE6C
:10DD200007AAE3F7DFFE5FFA89F30DEE103A074B1F
:10DD300019685FFA8AF30CEE903A04E52817FF1F82
:10DD4000A813FF1F7C10FF1F0AD7233C3817FF1FA3
:10DD5000B949BA48D1ED057A90ED0B6ACA680B69EA
:10DD6000D1F81C909FEDB67AD1F818A090ED0D9ADD
:10DD7000C66DC6EE276A02FB03F3012211464FF07F
:10DD80000508062507EE903AF8EE677A67EEA67A60
:10DD9000FDEEE78AD0ED127AB8EE67AA10462AEEB9
:10DDA00007AAE3F79FFE5FFA89F30DEE103AA54B41
:10DDB00019685FFA8AF30CEE903AC4E4012200215C
:10DDC0000420E3F78FFE9F4B1A68042A09D8DFE886
:10DDD00002F028342E220300012200210420E3F760
:10DDE00081FE994C0B9E21689848994B0B9D5A6F68
:10DDF000314421600168012A2944016000F0A481B6
:10DE0000944B2A932AA8F9F7F9FC584659B0BDEC6F
:10DE10000C8BBDE8F08F012200210320E3F762FEA6
:10DE2000DFE7002101220846E3F75CFED9E7012283
:10DE300000210220E3F756FED3E70122002110461D
:10DE4000E3F750FECDE7012200210320E3F74AFE6D
:10DE5000B9E7012200210220E3F744FEB3E70021E5
:10DE600001220846E3F73EFEADE7012200211046FD
:10DE7000E3F738FEA7E71CEE100A1FF05DFCD5F8AB
:10DE8000FC3098423FF483AD2221734821F0E2FF39
:10DE900072481EF0F1FC2DA800261EF0C3FB32983C
:10DEA0002C961DF0B5FD33984FF0010B1DF0B0FD21
:10DEB0006B4B5A463146304683F800B0E3F712FE0A
:10DEC0005A4631465846E3F70DFE5A46314602207F
:10DED000E3F708FE5A4631460320E3F703FE3146D6
:10DEE0005A460420E3F7FEFD59460920F9F74AFB9C
:10DEF000D5F80001A0F10A031D2B40F220814FF05C
:10DF0000010B7DE71BEE900A1FF016FCD5F8FC30E4
:10DF100098423FF441AD22214F4821F09BFF4F48EA
:10DF20001EF0AAFC2DA800261EF07CFB32982C9631
:10DF30001DF06EFD33984FF0010B1DF069FD484B4D
:10DF40005A463146304683F800B0E3F7CBFD5A46D7
:10DF500031465846E3F7C6FD5A4631460220E3F7FC
:10DF6000C1FD5A4631460320E3F7BCFD31465A460F
:10DF70000420E3F7B7FD4FF0FF31B6E71DEE100ABE
:10DF80001FF0DAFBD5F8FC3098427FF47DAFAAF1A0
:10DF90000A031D2B3FF60AAD1CEE900A1FF0CCFBC6
:10DFA000D5F8FC3098423FF401ADB4E7449B44946B
:10DFB00003F10C0258A800EB820200EB83001AADBB
:10DFC00040F88C5C58A800EB83030AA843F8880C3F
:10DFD000B7EE000A42F8B44C2AA8FDF7DFFB214C4B
:10DFE000B5E4184B1B68002B6BD1F8EEC87A51E4EE
:10DFF00023680793079A23680693069B9B1AB3F539
:10E00000FA7FF8D32D21184821F024FF13481EF081
:10E0100033FC2C9B002B3FF41BAD2AA8E2F742FFF8
:10E020002C9B002B3FF414AD01201FF0F1FB2C9B27
:10E03000002BF9D10CE500BFA813FF1F7C10FF1FB8
:10E040000AD7233C3817FF1F7C16FF1F2816FF1F17
:10E050006C11FF1F0C100500ECEE04006008FF1FA0
:10E06000B418FF1F5C1FFF1F10EF04001721834629
:10E07000654821F0EFFE65481EF0FEFB2C9A002A51
:10E0800000F08C800E2162481468624AB2FBF4F200
:10E09000326021F0DFFE31685C481EF0E5FB5B4832
:10E0A0001EF0EAFB3268F92A5EDC2DA81EF0BAFAEF
:10E0B000329800222C921DF0ABFC33981DF0A8FC86
:10E0C000C8E4DFED557AFFF7E5BB1F21534821F087
:10E0D000C1FE4E481EF0D0FB2DA800241EF0A2FA6F
:10E0E00032982C941DF094FC33981DF091FC4C4B0D
:10E0F0004FF0010B22462146204683F800B0E3F79B
:10E10000F1FC224621465846E3F7ECFC2246214624
:10E110000220E3F7E7FC224621460320E3F7E2FC76
:10E12000224621460420E3F7DDFC0920F8F7F4FC41
:10E13000D5F80001A0F10A031D2B3FF6E0AE5946C9
:10E14000C0B21FF0C3FA5BE600210320E3F7CAFC6C
:10E15000344B35485D68026834495C682A44026083
:10E160000A6822440A604BE62C9A002A3FF472ACFB
:10E170002AA8E2F797FE2C9A002A3FF46BAC012004
:10E180001FF046FB2C9B002BF9D163E49FED288AFE
:10E19000FFF77EBA274B93ED008A8AE526490C6883
:10E1A000002C3FF46FAF02210120A0472C9A69E7B1
:10E1B000224B93ED008AFFF76BBA372300269FEDC1
:10E1C00016AA0CEE903A08EE906A09EE106A0DEE6F
:10E1D000103A9A4699464FF029082825FFF7B3BA16
:10E1E000372300270BEE903ADFED0BAA01930CEEDC
:10E1F000103A08EE107A0BEE107A00934FF0290BCC
:10E200002824FFF753BA00BF38ED04006008FF1F51
:10E2100050ED04000087930300000000A0ED04000F
:10E22000B418FF1F5417FF1F8016FF1F2C16FF1F67
:10E23000000000000817FF1FAC1EFF1F1017FF1F74
:10E240002DE9F04F2DED068B0346D9B03221D04891
:10E25000D04DDFF8A8B308EE903AB0EE609AB0EE79
:10E26000408A21F0F7FDCC481EF006FB0E21CB487A
:10E2700021F0F0FD18EE100A23F0C2F841EC100B6B
:10E280000221C5481EF01CFBC3481EF0F5FA0C2104
:10E29000C34821F0DFFD19EE100A23F0B1F841EC7C
:10E2A000100B0221BC481EF00BFBBB481EF0E4FA29
:10E2B0000D21BC4821F0CEFD28EE098A002418EE7D
:10E2C000100A23F09DF841EC100B0221B2489FED9B
:10E2D000B69A1EF0F5FAB0481EF0CEFA1721B348F0
:10E2E00021F0B8FDAC481EF0C7FA012211462046C5
:10E2F000E3F7F8FBAE4BAF4A1C60AF4B2B92032603
:10E300001E60AE4B8DF8D04002271F60AC4B2A93A5
:10E3100080230DF128088DF8B830092042F29F4380
:10E3200041F2883CCDE93003314605233A460DF1F0
:10E33000A8094046CDE946C3CDE92C44CDE9444483
:10E34000419442948DF80C41CDF8BC901DF0B8F981
:10E35000D5ED117A95ED0C7A9A4BCBF80060F8EE7A
:10E36000677AB8EE477A67EE897A102167EE877A86
:10E370001960FDEEE77A944B17221AA81A6017EE7F
:10E38000906A1DF09DF9F8EEE88A904B28EE888A95
:10E390005C60B0EE480AC8F8044022F06FF88C4B7D
:10E3A000FDEEC07A17EE904AB8EEE70AD3ED007A98
:10E3B000884B20EE270AD3ED1C7A67EE897A20EE8F
:10E3C000270A22F05BF8D5ED147A7648F8EE678AD2
:10E3D000D5ED0F7A68EE898AF8EE677A0D2168EE3E
:10E3E000A78ABDEEC0AA21F035FD18EE100A23F071
:10E3F00007F841EC100B394667481EF061FA664891
:10E400001EF03AFA1421744821F024FD2146624896
:10E410001EF02AFA60481EF02FFAB5EEC08AF1EE1F
:10E4200010FAFDEEE88A0CD51AEE103A5B420AEEBD
:10E43000103A18EE903A5B4208EE903AB1EE488AF4
:10E440007642A96D40461DF06FF9314640461DF0F9
:10E4500077F9214640461DF0AFF922215F4821F0AF
:10E46000F9FC4D481EF008FA0D214E4821F0F2FC4F
:10E4700018EE100A22F0C4FF41EC100B41EC190B0E
:10E48000022145481EF01CFA43481EF0F5F91421FC
:10E49000514821F0DFFC21463F481EF0E5F93E4897
:10E4A0001EF0EAF914214E4821F0D4FCD8F80410EB
:10E4B00039481EF0D9F938481EF0DEF915214948CF
:10E4C00021F0C8FC484B344819681EF0CDF9324899
:10E4D0001EF0D2F91421454821F0BCFC444B2E48D3
:10E4E00019681EF0C1F92C481EF0C6F922213B48DC
:10E4F00021F0B0FC28481EF0BFF9364B3D4A5B6F57
:10E500000226012B166000F043810D212548DFF81B
:10E51000F0A021F09FFCB0EE490AF0EE690A314606
:10E520001D481EF0CDF91C481EF0A6F914212A48FA
:10E5300021F090FC214618481EF096F916481EF06E
:10E540009BF9449B58A803F10B0200EB83030021C5
:10E5500043F88C8C00EB8203449143F8B41CB7EE73
:10E56000000A01214846FDF719F9DAF80020059262
:10E570000599DAF800300493049B5B1AB3F5FA7F2F
:10E58000F7D32C9A002A00F0AA811B4E3AE000BF74
:10E5900040EF04007C10FF1F6008FF1FC0EC040068
:10E5A000D0EC0400E0EC04000AD7233CF0EC0400BB
:10E5B000C807FF1FC80F0500A407FF1FA007FF1F04
:10E5C0000C100500B407FF1FB007FF1F5417FF1FF3
:10E5D000B818FF1F6C11FF1F74EF04008CEF0400CC
:10E5E000B0EF0400C8EF04008816FF1FE0EF04003E
:10E5F0003416FF1F1810FF1F5416FF1FD007FF1FF0
:10E600005C1FFF1FB74DB84CB84F4FF0000B13689D
:10E61000B5FBF3F3F92B336040F2A080D4F8F80097
:10E62000A0F10A031D2B07D8C0B21FF085F8D4F85B
:10E63000FC30984240F009811FF0A8FC002869DDF9
:10E640003B68012B6BD0032B00F08580002B7FD023
:10E65000A74B00221A70DAF800300993099ADAF809
:10E6600000300893089B9B1A042BF8D92C9A002A97
:10E67000CDD1A04CD8F8042023689F4D9F48134467
:10E680002360D8F804202B68222113442B6021F04A
:10E69000E1FB9B481EF0F0F814219A4821F0DAFBC8
:10E6A000D8F8041096481EF0DFF895481EF0E4F8FC
:10E6B0001521954821F0CEFB216891481EF0D4F831
:10E6C0008F481EF0D9F81421904821F0C3FB296827
:10E6D0008B481EF0C9F88A481EF0CEF81B218C48E2
:10E6E00021F0B8FB86481EF0C7F88A4B5A6F012A02
:10E6F00000F0E580884A0023C8F804305360874B57
:10E700002A934846F9F77AF8584659B0BDEC068B7B
:10E71000BDE8F08F20F0B0FC3B68012B93D11FF0D7
:10E7200049FCC3B2724A532B137094D12C9B002B1B
:10E7300078D01B68B5FBF3F3F92B336040F281808E
:10E74000002101220846E3F7CDF94FF0010B82E7E3
:10E7500021F012FBE5E720F0A3FCE2E7DAF8002065
:10E7600007920799DAF800300693069B5B1AB3F517
:10E77000FA7FF7D34846E2F795FB2C9B002B3FF43A
:10E7800078AF01201FF044F82C9B002BF9D170E7E3
:10E79000614BDFF8A0A100215960DAF80010039165
:10E7A000032003991060CBF80000DAF800300293E0
:10E7B000029B5B1A042BF8D91AEE101A56481CF06B
:10E7C000FBFF18EE901A54481CF0BAFF696E5248CD
:10E7D0001CF0AAFF012211460320E3F783F9DAF8BF
:10E7E000002001920199DAF800300093009B5B1A37
:10E7F000042BF8D9449A58AB02F10C0103EB8204C4
:10E8000003EB81010020444B449044F88C8C44F885
:10E81000883CB7EE000A41F8B40C02214846FCF7E8
:10E82000BDFFA2E63E4A1268002A82D002210120E2
:10E8300090472C9B1B68B5FBF3F3F92B33603FF635
:10E840007FAF4846E2F72EFB7AE71F21354821F0DB
:10E8500001FB2B481EF010F82DA800251DF0E2FE4C
:10E8600032982C951DF0D4F833981DF0D1F82E4B2A
:10E870004FF0010B2A462946284683F800B0E3F7FB
:10E8800031F92A4629465846E3F72CF92A46294603
:10E890000220E3F727F92A4629460320E3F722F965
:10E8A0000820F8F739F9D4F80001A0F10A031D2B6C
:10E8B0003FF625AF5946C0B21EF008FF1FE7002102
:10E8C0000320E3F70FF9144C184960680B68184AE5
:10E8D00003440B60136861680B4413600AE79346B6
:10E8E000C7E600BF00879303A813FF1F9807FF1F09
:10E8F000F016FF1F8816FF1F3416FF1FF8EF0400E5
:10E900006008FF1FB0EF0400C8EF0400E0EF040050
:10E910001CF004006C11FF1F5417FF1F0C100500A2
:10E92000AC1EFF1FA0ED0400B418FF1F8016FF1FD0
:10E930002C16FF1F5C1FFF1F2DE9F04FCD4CCE4959
:10E9400023688BB0049300230B70CC49049A0B709E
:10E9500023680393039B9B1A092BF9D9C849DFF855
:10E960003C9307A81EF088F907A8E1F70DFE07A859
:10E970001EF0DAF9C34B07A819681EF07DF907A845
:10E98000E1F702FE07A81EF0CFF9D9F81430012BE9
:10E9900014BF08200420E4F7EFFAD9F81030002B58
:10E9A00000F0C381DFF8F8A24FF00108B34B1B78E9
:10E9B000002B40F02683B04B1B78002B40F02183C6
:10E9C000514607A81EF058F907A8E1F7DDFD07A892
:10E9D0001EF0AAF9AC4B1B68012B00F00E83032B31
:10E9E00000F00783002B00F0008307EE908AB8EE5A
:10E9F000670AE1F781FDA54B07A819681EF03CF9ED
:10EA000007A8E1F7C1FD07A81EF08EF9D9F814B0E8
:10EA1000BBF1000F00F08E81BBF1010F40F070815F
:10EA20009B4F9C4DD7ED007A2868B8EEE70AF0EED0
:10EA3000080AFFF705FC0646E4F74CFA002840F008
:10EA40007481002E40F07181934E2868D6ED007AD3
:10EA5000F0EE000AB8EEE70A40425946FDF708F822
:10EA60000190E4F737FA002840F05F81019B002B0A
:10EA700040F05B812868D7ED007AF7EE000AB8EE27
:10EA8000E70A4042FFF7DCFB0190E4F723FA002895
:10EA900040F04B81019B002B40F04781D6ED007A7E
:10EAA00028685946B8EEE70AF7EE000AFCF7E0FFDF
:10EAB0008346E4F70FFA002840F03781BBF1000FDE
:10EAC00040F033812868D7ED007AF7EE000AB8EEFF
:10EAD000E70A4042FFF7B4FB8346E4F7FBF900285E
:10EAE00040F02381BBF1000F40F01F812868D6ED74
:10EAF000007AF0EE000AB8EEE70A40420121FCF786
:10EB0000B7FF8346E4F7E6F9002840F00E81BBF139
:10EB1000000F40F00A81D7ED007A2868B8EEE70AC6
:10EB2000F0EE080AFFF78CFB8346E4F7D3F90028E0
:10EB300040F0FB80BBF1000F40F0F780D6ED007A8B
:10EB40002868B8EEE70AF1EE000A0121FCF790FF11
:10EB50008346E4F7BFF9002840F0E780BBF1000FDF
:10EB600040F0E3802868D6ED007AF2EE000AB8EEB5
:10EB7000E70A40420121FCF77BFF8346E4F7AAF94C
:10EB8000002840F0D280BBF1000F40F0CE80286812
:10EB9000D7ED007AF0EE080AB8EEE70A4042FFF738
:10EBA0004FFB8346E4F796F9002840F0BE80BBF1A6
:10EBB000000F40F0BA80D6ED007A2868B8EEE70A78
:10EBC000F0EE000A0121FCF753FF8346E4F782F9D7
:10EBD000002840F0AA80BBF1000F40F0A680D7EDDE
:10EBE000007A2868B8EEE70AF7EE000AFFF728FB7C
:10EBF0008346E4F76FF9002840F09780BBF1000FDF
:10EC000040F093802868D6ED007AF7EE000AB8EE5F
:10EC1000E70A40420121FCF72BFF8346E4F75AF94B
:10EC2000002840F08280BBF1000F7ED1D7ED007A42
:10EC30002868B8EEE70AF7EE000AFFF701FB834603
:10EC4000E4F748F9002870D1BBF1000F6DD1D6ED83
:10EC5000007A2868B8EEE70AF0EE000A0121FCF716
:10EC600007FF8346E4F736F900285ED1BBF1000FB9
:10EC70005BD117E05C1FFF1F0417FF1F6816FF1F03
:10EC8000ACB204008007FF1F9807FF1F8407FF1F17
:10EC90004017FF1F9407FF1F0410FF1F7C10FF1F6A
:10ECA00074F0040097ED000A2868B8EEC00AF0EE90
:10ECB000080A4042FFF7C4FA0746E4F70BF9A0BB85
:10ECC0009FBBD6ED007A2868B8EEE70AF1EE000A9D
:10ECD0000121FCF7CDFE0746E4F7FCF828BB27BB73
:10ECE000286896ED000AF2EE000AB8EEC00A40422B
:10ECF0000121FCF7BDFE0546E4F7ECF8A8B9A5B97B
:10ED000023680693069A23680593059B9B1A632B39
:10ED1000F9D94146D9F81000E2F71CFED9F81030B5
:10ED200008F101084345BFF441AE0BB0BDE8F04F18
:10ED3000E4F734BAB84EB94DD6ED007A2868B8EE8B
:10ED4000E70AF0EE080A0121FCF792FE0746E4F715
:10ED5000C1F80028E9D1002FE7D1B14F2868D7EDDD
:10ED6000007AF0EE000AB8EEE70A4042FFF768FAD0
:10ED70008346E4F7AFF80028D7D1BBF1000FD4D118
:10ED80002868D6ED007AF7EE000AB8EEE70A4042AE
:10ED90000121FCF76DFE8346E4F79CF80028C4D1FE
:10EDA000BBF1000FC1D1D7ED007A2868B8EEE70AB1
:10EDB000F7EE000AFFF744FA8346E4F78BF80028E1
:10EDC000B3D1BBF1000FB0D12868D6ED007AF7EED1
:10EDD000000AB8EEE70A40420121FCF749FE8346EB
:10EDE000E4F778F80028A0D1BBF1000F9DD1286886
:10EDF000D7ED007AF0EE000AB8EEE70A4042FFF7DE
:10EE00001FFA8346E4F766F800288ED1BBF1000FA5
:10EE10008BD1D6ED007A2868B8EEE70AF0EE080A42
:10EE20000121FCF725FE8346E4F754F800287FF41F
:10EE30007CAFBBF1000F7FF478AFD7ED007A286884
:10EE4000B8EEE70AF1EE000AFFF7FAF98346E4F7B5
:10EE500041F800287FF469AFBBF1000F7FF465AF84
:10EE60002868D7ED007AF2EE000AB8EEE70A4042D1
:10EE7000FFF7E6F98346E4F72DF800287FF455AF55
:10EE8000BBF1000F7FF451AF2868D6ED007AF0EEA9
:10EE9000080AB8EEE70A40420121FCF7E9FD834683
:10EEA000E4F718F800287FF440AFBBF1000F7FF4BF
:10EEB0003CAFD7ED007A2868B8EEE70AF0EE000A1A
:10EEC000FFF7BEF98346E4F705F800287FF42DAF7D
:10EED000BBF1000F7FF429AFD6ED007A2868B8EEB9
:10EEE000E70AF7EE000A0121FCF7C2FD8346E3F7CB
:10EEF000F1FF00287FF419AFBBF1000F7FF415AFCD
:10EF00002868D7ED007AF7EE000AB8EEE70A40422B
:10EF1000FFF796F98346E3F7DDFF00287FF405AF9E
:10EF2000BBF1000F7FF401AFD6ED007A2868B8EE90
:10EF3000E70AF7EE000A0121FCF79AFD8346E3F7A2
:10EF4000C9FF00287FF4F1AEBBF1000F7FF4EDAEF6
:10EF5000D7ED007A2868B8EEE70AF0EE000AFFF76E
:10EF60006FF98346E3F7B6FF00287FF4DEAEBBF10E
:10EF7000000F7FF4DAAE96ED000A2868B8EEC00AFA
:10EF8000F0EE080A40420121FCF772FD0646E3F765
:10EF9000A1FF00287FF4C9AE002E7FF4C6AED7EDE6
:10EFA000007A2868B8EEE70AF1EE000AFFF748F9A0
:10EFB0000646E3F78FFF00287FF4B7AE002E7FF4FC
:10EFC000B4AE286897ED000AF2EE000AB8EEC00A67
:10EFD0004042FFF735F90546E3F77CFF00287FF450
:10EFE000A4AE002D3FF48CAE9FE6222020F0B8FFA7
:10EFF000FBE422201FF0FEFFF7E422201EF010FFAA
:10F00000F3E43B21074820F025FF07480BB0BDE89B
:10F01000F04F1DF031BC00BF0410FF1F9407FF1F0D
:10F020004017FF1F38F004006008FF1F2DE9F04F64
:10F03000D04DD1492B688BB0049300230B70CF497E
:10F04000049A0B702B680393039B9B1A092BF9D925
:10F05000CB49DFF8488307A81DF00EFE07A8E1F7AB
:10F0600093FA07A81DF060FEC64B07A819681DF0AB
:10F0700003FE07A8E1F788FA07A81DF055FED8F8A7
:10F080001430012B14BF0D200420E3F775FFD8F8CE
:10F090001030002B00F0C682DFF804A34FF0010906
:10F0A000B64B1B78002B40F03885B34B1B78002BF8
:10F0B00040F03385514607A81DF0DEFD07A8E1F7B3
:10F0C00063FA07A81DF030FEAF4B1B68012B00F060
:10F0D0001F85032B00F01785002B00F00F8507EE2E
:10F0E000909AB8EE670AE1F707FAA84B07A81968E3
:10F0F0001DF0C2FD07A8E1F747FA07A81DF014FEAE
:10F10000D8F814B0BBF1000F00F09182BBF1010FF1
:10F1100040F073829E4C9F4E2068D6ED007AF7EE49
:10F12000000AB8EEE70A40425946FCF7A1FC074640
:10F13000E3F7D0FE002840F07582002F40F0728285
:10F14000954F2068D7ED007AF0EE080AB8EEE70A8E
:10F15000FFF776F80190E3F7BDFE002840F06282E9
:10F16000019B002B40F05E822068D6ED007A594664
:10F17000B8EEE70AF0EE000A4042FCF779FC83465D
:10F18000E3F7A8FE002840F04D82BBF1000F40F0ED
:10F1900049822068D7ED007AF7EE000AB8EEE70A58
:10F1A0004042FFF74DF88346E3F794FE002840F015
:10F1B0003982BBF1000F40F03582D6ED007A20682D
:10F1C000B8EEE70AF7EE000A0121FCF751FC83468E
:10F1D000E3F780FE002840F02582BBF1000F40F0ED
:10F1E00021822068D7ED007AF7EE000AB8EEE70A30
:10F1F0004042FFF725F88346E3F76CFE002840F015
:10F200001182BBF1000F40F00D822068D6ED007A2C
:10F21000F0EE080AB8EEE70A40420121FCF728FCAC
:10F220008346E3F757FE002840F0FC81BBF1000F56
:10F2300040F0F881D7ED007A2068B8EEE70AF7EEE3
:10F24000000AFEF7FDFF8346E3F744FE002840F086
:10F25000E981BBF1000F40F0E581D6ED007A20682E
:10F26000B8EEE70AF7EE000A0121FCF701FC83463D
:10F27000E3F730FE002840F0D581BBF1000F40F0ED
:10F28000D181D7ED007A2068B8EEE70AF7EE000AE0
:10F29000FEF7D6FF8346E3F71DFE002840F0C2814B
:10F2A000BBF1000F40F0BE812068D6ED007AF0EE91
:10F2B000000AB8EEE70A40420121FCF7D9FB834679
:10F2C000E3F708FE002840F0AD81BBF1000F40F0ED
:10F2D000A9812068D7ED007AF0EE080AB8EEE70AB7
:10F2E0004042FEF7ADFF8346E3F7F4FD002840F00F
:10F2F0009981BBF1000F40F09581D6ED007A20682E
:10F30000B8EEE70AF1EE080A0121FCF7B1FB8346EB
:10F31000E3F7E0FD002840F08581BBF1000F40F0ED
:10F320008181D7ED007A2068B8EEE70AF1EE000A95
:10F33000FEF786FF8346E3F7CDFD002840F072819B
:10F34000BBF1000F40F06E812068D6ED007AF1EE3F
:10F350000C0AB8EEE70A40420121FCF789FB83461C
:10F36000E3F7B8FD002840F05D81BBF1000F40F0ED
:10F37000598117E05C1FFF1F0417FF1F6816FF1F4E
:10F38000ACB204008007FF1F9807FF1F8407FF1F10
:10F390009407FF1F0410FF1F4017FF1F7C10FF1F63
:10F3A00074F004002068D7ED007AF0EE080AB8EE99
:10F3B000E70A4042FEF744FF8346E3F78BFD00284F
:10F3C00040F03081BBF1000F40F02C812068D6ED79
:10F3D000007AF0EE000AB8EEE70A40420121FCF79D
:10F3E00047FB8346E3F776FD002840F01B81BBF125
:10F3F000000F40F01781D7ED007A2068B8EEE70AD9
:10F40000F7EE000AFEF71CFF8346E3F763FD0028D2
:10F4100040F00881BBF1000F40F00481D6ED007A86
:10F420002068B8EEE70AF7EE000A0121FCF720FB9E
:10F430008346E3F74FFD002840F0F480BBF1000F56
:10F4400040F0F080D7ED007A2068B8EEE70AF7EEDA
:10F45000000AFEF7F5FE8346E3F73CFD002840F086
:10F46000E180BBF1000F40F0DD802068D6ED007A2E
:10F47000F0EE080AB8EEE70A40420121FCF7F8FA7C
:10F480008346E3F727FD002840F0CC80BBF1000F56
:10F4900040F0C8802068D7ED007AF7EE000AB8EE99
:10F4A000E70A4042FEF7CCFE8346E3F713FD00284F
:10F4B00040F0B880BBF1000F40F0B480D6ED007A88
:10F4C0002068B8EEE70AF7EE000A0121FCF7D0FA4F
:10F4D0008346E3F7FFFC002840F0A480BBF1000F57
:10F4E00040F0A0802068D7ED007AF7EE000AB8EE71
:10F4F000E70A4042FEF7A4FE8346E3F7EBFC002850
:10F5000040F09080BBF1000F40F08C802068D6ED79
:10F51000007AF0EE000AB8EEE70A40420121FCF75B
:10F52000A7FA8346E3F7D6FC00287BD1BBF1000F96
:10F5300078D1D7ED007A2068B8EEE70AF0EE080A35
:10F54000FEF77EFE8346E3F7C5FC00286AD1BBF1D7
:10F55000000F67D1D6ED007A2068B8EEE70AF1EE29
:10F56000040A0121FCF784FA8346E3F7B3FC002880
:10F5700058D1BBF1000F55D12068D6ED007AF1EEDD
:10F58000080AB8EEE70A40420121FCF771FA834607
:10F59000E3F7A0FC002845D1BBF1000F42D197ED65
:10F5A000000A2068B8EEC00AF1EE000A4042FEF7F9
:10F5B00047FE0746E3F78EFCA0BB9FBBD6ED007A63
:10F5C0002068B8EEE70AF1EE0C0A0121FCF750FAC8
:10F5D0000746E3F77FFC28BB27BB206896ED000AAF
:10F5E000F1EE0C0AB8EEC00A40420121FCF740FAE5
:10F5F0000446E3F76FFCA8B9A4B92B680693069AF2
:10F600002B680593059B9B1A632BF9D94946D8F8BB
:10F610001000E2F79FF9D8F8103009F101094B45C5
:10F62000BFF43EAD0BB0BDE8F04FE3F7B7BDDF4C24
:10F63000DF4F2068D7ED007AF7EE000AB8EEE70A50
:10F640004042FEF7FDFD0646E3F744FC0028E9D101
:10F65000002EE7D1D74E2068D6ED007AF0EE080AEA
:10F66000B8EEE70A0121FCF703FA8346E3F732FC20
:10F670000028D7D1BBF1000FD4D12068D7ED007A94
:10F68000F0EE000AB8EEE70A4042FEF7D9FD8346E5
:10F69000E3F720FC0028C5D1BBF1000FC2D12068E0
:10F6A000D6ED007AF7EE000AB8EEE70A40420121F3
:10F6B000FCF7DEF98346E3F70DFC0028B2D1BBF17D
:10F6C000000FAFD1D7ED007A2068B8EEE70AF7EE69
:10F6D000000AFEF7B5FD8346E3F7FCFB0028A1D145
:10F6E000BBF1000F9ED12068D6ED007AF7EE000A3C
:10F6F000B8EEE70A40420121FCF7BAF98346E3F786
:10F70000E9FB00288ED1BBF1000F8BD12068D7ED2B
:10F71000007AF0EE080AB8EEE70A4042FEF790FDE4
:10F720008346E3F7D7FB00287FF47CAFBBF1000FE3
:10F730007FF478AFD6ED007A2068B8EEE70AF7EEEE
:10F74000000A0121FCF794F98346E3F7C3FB002884
:10F750007FF468AFBBF1000F7FF464AFD7ED007AA0
:10F760002068B8EEE70AF7EE000AFEF769FD834667
:10F77000E3F7B0FB00287FF455AFBBF1000F7FF437
:10F7800051AFD6ED007A2068B8EEE70AF7EE000A2E
:10F790000121FCF76DF98346E3F79CFB00287FF419
:10F7A00041AFBBF1000F7FF43DAF2068D7ED007A89
:10F7B000F0EE000AB8EEE70A4042FEF741FD83464C
:10F7C000E3F788FB00287FF42DAFBBF1000F7FF437
:10F7D00029AF2068D6ED007AF0EE080AB8EEE70A05
:10F7E00040420121FCF744F98346E3F773FB00280C
:10F7F0007FF418AFBBF1000F7FF414AFD7ED007AA0
:10F800002068B8EEE70AF1EE080AFEF719FD834614
:10F81000E3F760FB00287FF405AFBBF1000F7FF436
:10F8200001AFD6ED007A2068B8EEE70AF1EE000AE3
:10F830000121FCF71DF98346E3F74CFB00287FF418
:10F84000F1AEBBF1000F7FF4EDAE2068D7ED007A8A
:10F85000F1EE0C0AB8EEE70A4042FEF7F1FC8346EF
:10F86000E3F738FB00287FF4DDAEBBF1000F7FF437
:10F87000D9AE2068D6ED007AF0EE080AB8EEE70AB5
:10F8800040420121FCF7F4F88346E3F723FB00280C
:10F890007FF4C8AEBBF1000F7FF4C4AE2068D7ED93
:10F8A000007AF0EE000AB8EEE70A4042FEF7C8FC24
:10F8B0008346E3F70FFB00287FF4B4AEBBF1000FE3
:10F8C0007FF4B0AED6ED007A2068B8EEE70AF7EE26
:10F8D000000A0121FCF7CCF88346E3F7FBFA002885
:10F8E0007FF4A0AEBBF1000F7FF49CAED7ED007AA1
:10F8F0002068B8EEE70AF7EE000AFEF7A1FC83469F
:10F90000E3F7E8FA00287FF48DAEBBF1000F7FF437
:10F9100089AED6ED007A2068B8EEE70AF7EE000A65
:10F920000121FCF7A5F88346E3F7D4FA00287FF419
:10F9300079AEBBF1000F7FF475AE2068D7ED007A89
:10F94000F0EE080AB8EEE70A4042FEF779FC83467B
:10F95000E3F7C0FA00287FF465AEBBF1000F7FF437
:10F9600061AE2068D6ED007AF7EE000AB8EEE70A3D
:10F9700040420121FCF77CF88346E3F7ABFA00280C
:10F980007FF450AEBBF1000F7FF44CAED7ED007AA0
:10F990002068B8EEE70AF7EE000AFEF751FC83464E
:10F9A000E3F798FA00287FF43DAE05E09407FF1FC7
:10F9B0004017FF1F0410FF1FBBF1000F7FF432AE92
:10F9C0002068D6ED007AF7EE000AB8EEE70A40426A
:10F9D0000121FCF74DF88346E3F77CFA00287FF419
:10F9E00021AEBBF1000F7FF41DAE2068D7ED007A89
:10F9F000F0EE000AB8EEE70A4042FEF721FC83462B
:10FA0000E3F768FA00287FF40DAEBBF1000F7FF436
:10FA100009AED6ED007A2068B8EEE70AF0EE080AE3
:10FA20000121FCF725F88346E3F754FA00287FF418
:10FA3000F9ADBBF1000F7FF4F5ADD7ED007A20688A
:10FA4000B8EEE70AF1EE040AFEF7FAFB8346E3F7A5
:10FA500041FA00287FF4E6ADBBF1000F7FF4E2AD80
:10FA60002068D7ED007AF1EE080AB8EEE70A4042C6
:10FA7000FEF7E6FB8346E3F72DFA00287FF4D2ADCC
:10FA8000BBF1000F7FF4CEAD96ED000A2068B8EE12
:10FA9000C00AF1EE000A40420121FBF7E9FF0646E9
:10FAA000E3F718FA00287FF4BDAD002E7FF4BAAD5D
:10FAB000D7ED007A2068B8EEE70AF1EE0C0AFEF7FF
:10FAC000BFFB0646E3F706FA00287FF4ABAD002E35
:10FAD0007FF4A8AD206897ED000AF1EE0C0AB8EEAD
:10FAE000C00A4042FEF7ACFB0446E3F7F3F90028F6
:10FAF0007FF498AD002C3FF480AD93E5222020F0F8
:10FB00002FFAFFF7ECBA22201FF074FAFFF7E7BADA
:10FB100022201EF085F9FFF7E2BA3B21044820F0CD
:10FB200099F904480BB0BDE8F04F1CF0A5BE00BF2A
:10FB300080F004006008FF1F2DE9F04F8B4C8C49CA
:10FB400023688BB0049300230B708A49049A0B70CE
:10FB500023680393039B9B1A092BF9D98649874F86
:10FB600007A81DF089F807A8E0F70EFD07A81DF00B
:10FB7000DBF8834B07A819681DF07EF807A8E0F7AB
:10FB800003FD07A81DF0D0F87B69012B14BF0420EA
:10FB90000320E3F7F1F93B69002B00F0E280DFF886
:10FBA000F0B10126734B1B78002B40F09B81704B0A
:10FBB0001B78002B40F09681594607A81DF05CF891
:10FBC00007A8E0F7E1FC07A81DF0AEF86D4B1B6835
:10FBD000012B00F07B81032B00F08081002B00F0D3
:10FBE000798107EE906AB8EE670AE0F785FC664B0C
:10FBF00007A819681DF040F807A8E0F7C5FC07A89A
:10FC00001DF092F8D7F814A0BAF1000F00F0C680EA
:10FC1000BAF1010F40F09380DFF878915B4DD9ED98
:10FC2000007A2868B8EEE70AF0EE080AFEF708FB4B
:10FC30008046E3F74FF9002840F09380B8F1000FB9
:10FC400040F08F80DFF850812868D8ED007AF0EE20
:10FC5000080AB8EEE70A40425146FBF709FF019057
:10FC6000E3F738F900287CD1019B002B79D1286873
:10FC7000D9ED007AF0EE000AB8EEE70A4042FEF74E
:10FC8000DFFA0190E3F726F900286AD1019B002BE7
:10FC900067D1D8ED007A28685146B8EEE70AF7EE4A
:10FCA000000AFBF7E5FE8246E3F714F9002858D175
:10FCB000BAF1000F55D1D9ED007A2868B8EEE70AFD
:10FCC000F7EE000AFEF7BCFA8246E3F703F90028D4
:10FCD00047D1BAF1000F44D1D8ED007A2868B8EEC8
:10FCE000E70AF7EE000A0121FBF7C2FE8246E3F7BE
:10FCF000F1F8002835D1BAF1000F32D199ED000AA0
:10FD00002868B8EEC00AF0EE000A4042FEF798FA02
:10FD10008146E3F7DFF820BBB9F1000F21D1286855
:10FD200098ED000AF0EE080AB8EEC00A4042012140
:10FD3000FBF79EFE0546E3F7CDF890B98DB9236831
:10FD40000693069A23680593059B9B1A632BF9D9A2
:10FD500031463869E1F7FEFD3B690136B342BFF435
:10FD600021AF0BB0BDE8F04FE3F718BA5C1FFF1FDF
:10FD70000417FF1F6816FF1FACB204007C10FF1FA2
:10FD80008007FF1F9807FF1F8407FF1F9407FF1FAF
:10FD900074F004004017FF1F0410FF1FDFF8648198
:10FDA000554DD8ED007A2868B8EEE70AF0EE080A5B
:10FDB0000121FBF75DFE8146E3F78CF80028D0D1E6
:10FDC000B9F1000FCDD1DFF840912868D9ED007A64
:10FDD000F0EE080AB8EEE70A4042FEF731FA824632
:10FDE000E3F778F80028BCD1BAF1000FB9D1286840
:10FDF000D8ED007AF0EE000AB8EEE70A40420121A1
:10FE0000FBF736FE8246E3F765F80028A9D1BAF180
:10FE1000000FA6D1D9ED007A2868B8EEE70AF7EE10
:10FE2000000AFEF70DFA8246E3F754F8002898D14D
:10FE3000BAF1000F95D1D8ED007A2868B8EEE70A3C
:10FE4000F7EE000A0121FBF713FE8246E3F742F8C2
:10FE5000002886D1BAF1000F83D1D9ED007A286845
:10FE6000B8EEE70AF7EE000AFEF7EAF98246E3F792
:10FE700031F800287FF475AFBAF1000F7FF471AF4D
:10FE800098ED000A2868B8EEC00AF0EE000A404279
:10FE90000121FBF7EDFD8046E3F71CF800287FF415
:10FEA00060AFB8F1000F7FF45CAF286899ED000AED
:10FEB000F0EE080AB8EEC00A4042FEF7C1F9054666
:10FEC000E3F708F800283FF439AF4AE722201DF095
:10FED000A7FF86E6222020F043F882E622201FF0CA
:10FEE00089F87EE63B2105481FF0B4FF04480BB0BB
:10FEF000BDE8F04F1CF0C0BC9407FF1FBCF004002D
:10FF00006008FF1F0410FF1F4017FF1F2DE9F04F6F
:10FF1000CB4CCC4923688BB0049300230B70CA49A7
:10FF2000049A0B7023680393039B9B1A092BF9D93E
:10FF3000C649DFF8349307A81CF09EFE07A8E0F737
:10FF400023FB07A81CF0F0FEC14B07A819681CF0A2
:10FF500093FE07A8E0F718FB07A81CF0E5FED9F808
:10FF60001430012B14BF08200320E3F705F8D9F85B
:10FF70001030002B00F0A181DFF8F0A24FF0010853
:10FF8000B14B1B78002B40F0DE82AE4B1B78002B70
:10FF900040F0D982514607A81CF06EFE07A8E0F792
:10FFA000F3FA07A81CF0C0FEAA4B1B68012B00F057
:10FFB000C682032B00F0BF82002B00F0B88207EE50
:10FFC000908AB8EE670AE0F797FAA34B07A819687A
:10FFD0001CF052FE07A8E0F7D7FA07A81CF0A4FE11
:10FFE000D9F814B0BBF1000F00F06C81BBF1010F28
:10FFF00040F04E81994F9A4DD7ED007A2868B8EEBF
:020000022000DC
:10000000E70AF0EE080AFEF71BF90646E2F762FF80
:10001000002840F05281002E40F04F81914E286818
:10002000D6ED007AF0EE080AB8EEE70A40425946EB
:10003000FBF71EFD0190E2F74DFF002840F03D81E7
:10004000019B002B40F039812868D7ED007AF0EE53
:10005000000AB8EEE70A4042FEF7F2F80190E2F734
:1000600039FF002840F02981019B002B40F02581B9
:10007000D6ED007A28685946B8EEE70AF7EE000A8E
:10008000FBF7F6FC8346E2F725FF002840F01581D8
:10009000BBF1000F40F01181D7ED007A2868B8EE6F
:1000A000E70AF7EE000AFEF7CBF88346E2F712FF05
:1000B000002840F00281BBF1000F40F0FE80D6ED39
:1000C000007A2868B8EEE70AF7EE000A0121FBF78C
:1000D000CFFC8346E2F7FEFE002840F0EE80BBF145
:1000E000000F40F0EA802868D7ED007AF0EE000AB1
:1000F000B8EEE70A4042FEF7A3F88346E2F7EAFECD
:10010000002840F0DA80BBF1000F40F0D68028686C
:10011000D6ED007AF1EE040AB8EEE70A404201217A
:10012000FBF7A6FC8346E2F7D5FE002840F0C58029
:10013000BBF1000F40F0C180D7ED007A2868B8EE1F
:10014000E70AF0EE000AFEF77BF88346E2F7C2FE0C
:10015000002840F0B280BBF1000F40F0AE80D6ED39
:10016000007A2868B8EEE70AF7EE000A0121FBF7EB
:100170007FFC8346E2F7AEFE002840F09E80BBF194
:10018000000F40F09A802868D7ED007AF7EE000A59
:10019000B8EEE70A4042FEF753F88346E2F79AFECC
:1001A000002840F08A80BBF1000F40F08680D6ED39
:1001B000007A2868B8EEE70AF7EE000A0121FBF79B
:1001C00057FC8346E2F786FE002876D1BBF1000F8C
:1001D00073D1D7ED007A2868B8EEE70AF0EE000A8E
:1001E000FEF72EF88346E2F775FE002865D1BBF1D5
:1001F000000F62D12868D6ED007AF0EE080AB8EE5A
:10020000E70A40420121FBF733FC8346E2F762FE36
:10021000002852D1BBF1000F4FD197ED000A28689A
:10022000B8EEC00AF0EE080A4042FEF709F80746A9
:10023000E2F750FE002840D1002F3ED118E000BF69
:100240005C1FFF1F0417FF1F6816FF1FACB20400DE
:100250008007FF1F9807FF1F8407FF1F4017FF1F1E
:100260009407FF1F0410FF1F7C10FF1F74F0040091
:10027000286896ED000AF7EE000AB8EEC00A404280
:100280000121FBF7F5FB0546E2F724FEA8B9A5B965
:1002900023680693069A23680593059B9B1A632B94
:1002A000F9D94146D9F81000E1F754FBD9F81030DC
:1002B00008F101084345BFF463AE0BB0BDE8F04F51
:1002C000E2F76CBFA54EA64DD6ED007A2868B8EED1
:1002D000E70AF0EE080A0121FBF7CAFB0746E2F73E
:1002E000F9FD0028E9D1002FE7D19E4F2868D7ED0E
:1002F000007AF0EE080AB8EEE70A4042FDF7A0FFE8
:100300008346E2F7E7FD0028D7D1BBF1000FD4D137
:100310002868D6ED007AF0EE000AB8EEE70A40420F
:100320000121FBF7A5FB8346E2F7D4FD0028C4D1E9
:10033000BBF1000FC1D1D7ED007A2868B8EEE70A0B
:10034000F7EE000AFDF77CFF8346E2F7C3FD0028C5
:10035000B3D1BBF1000FB0D1D6ED007A2868B8EE6A
:10036000E70AF7EE000A0121FBF782FB8346E2F77A
:10037000B1FD0028A1D1BBF1000F9ED1D7ED007ACD
:100380002868B8EEE70AF7EE000AFDF759FF834642
:10039000E2F7A0FD002890D1BBF1000F8DD12868B5
:1003A000D6ED007AF0EE000AB8EEE70A40420121ED
:1003B000FBF75EFB8346E2F78DFD00287FF47DAFFF
:1003C000BBF1000F7FF479AF2868D7ED007AF1EE2A
:1003D000040AB8EEE70A4042FDF732FF8346E2F72F
:1003E00079FD00287FF469AFBBF1000F7FF465AFA2
:1003F000D6ED007A2868B8EEE70AF0EE000A01218F
:10040000FBF736FB8346E2F765FD00287FF455AF26
:10041000BBF1000F7FF451AFD7ED007A2868B8EE3A
:10042000E70AF7EE000AFDF70BFF8346E2F752FDFD
:1004300000287FF442AFBBF1000F7FF43EAF286885
:10044000D6ED007AF7EE000AB8EEE70A4042012145
:10045000FBF70EFB8346E2F73DFD00287FF42DAF4E
:10046000BBF1000F7FF429AFD7ED007A2868B8EE12
:10047000E70AF7EE000AFDF7E3FE8346E2F72AFDFE
:1004800000287FF41AAFBBF1000F7FF416AFD6ED52
:10049000007A2868B8EEE70AF0EE000A0121FBF7BF
:1004A000E7FA8346E2F716FD00287FF406AFBBF1BA
:1004B000000F7FF402AF2868D7ED007AF0EE080A4B
:1004C000B8EEE70A4042FDF7BBFE8346E2F702FDC5
:1004D00000287FF4F2AEBBF1000F7FF4EEAE96ED94
:1004E000000A2868B8EEC00AF0EE080A404201216E
:1004F000FBF7BEFA0646E2F7EDFC00287FF4DDAE1E
:10050000002E7FF4DAAE286897ED000AF7EE000AB5
:10051000B8EEC00A4042FDF793FE0546E2F7DAFC6A
:1005200000287FF4CAAE002D3FF4B2AEC5E622200B
:100530001FF016FD43E522201EF05CFD3FE5222062
:100540001DF06EFC3BE53B2107481FF083FC07488C
:100550000BB0BDE8F04F1CF08FB900BF0410FF1FB7
:100560009407FF1F4017FF1FF8F004006008FF1FEB
:100570002DE9F04FBE4CBF4923688BB00493002394
:100580000B70BD49049A0B7023680393039B9B1A5D
:10059000092BF9D9B949BA4F07A81CF06DFB07A878
:1005A000DFF7F2FF07A81CF0BFFBB64B07A81968DE
:1005B0001CF062FB07A8DFF7E7FF07A81CF0B4FBFD
:1005C0007B69012B14BF03200220E2F7D5FC3B69B5
:1005D000002B00F0CB80DFF8C4A20125A64B1B78CE
:1005E000002B40F06181A34B1B78002B40F05C8115
:1005F000514607A81CF040FB07A8DFF7C5FF07A876
:100600001CF092FBA04B1B68012B00F02581032BF3
:1006100000F02A81002B00F0238107EE905AB8EEFB
:10062000670ADFF769FF994B07A819681CF024FBDC
:1006300007A8DFF7A9FF07A81CF076FB7B69002B52
:1006400000F09980012B7FD1DFF85482904ED8EDD5
:10065000007A30680193B8EEE70AF0EE000AFDF781
:10066000EFFD8146E2F736FC00287FD1B9F1000F9B
:100670007CD1DFF830B23068DBED007A019BB8EE58
:10068000E70AF0EE000A40421946FBF7F1F981460D
:10069000E2F720FC002869D1B9F1000F66D10821EA
:1006A0007C481FF0D7FB7C481CF0E6F83068D8ED9A
:1006B000007AF7EE000AB8EEE70A4042FDF7C0FD07
:1006C0008146E2F707FC002850D1B9F1000F4DD167
:1006D000019B3068DBED007A1946B8EEE70AF7EEC9
:1006E000000A4042FBF7C4F98146E2F7F3FB002819
:1006F0003CD1B9F1000F39D1082166481FF0AAFB9F
:1007000065481CF0B9F898ED000A3068B8EEC00AE8
:10071000F7EE000A4042FDF793FD8046E2F7DAFB70
:1007200020BBB8F1000F21D130689BED000AF0EE3C
:10073000000AB8EEC00A40420121FBF799F90646CB
:10074000E2F7C8FB90B98EB923680693069A23682E
:100750000593059B9B1A632BF9D929463869E1F764
:10076000F9F83B690135AB42BFF438AF0BB0BDE8D7
:10077000F04FE2F713BDDFF82C91454ED9ED007A2A
:100780003068B8EEE70AF0EE000A0121FBF770F9D5
:100790008046E2F79FFB0028E8D1B8F1000FE5D1D1
:1007A000DFF8FC803068D8ED007AF0EE000AB8EE91
:1007B000E70A4042FDF744FD8346E2F78BFB002841
:1007C000D4D1BBF1000FD1D13068D9ED007AF7EE6A
:1007D000000AB8EEE70A40420121FBF749F98346D7
:1007E000E2F778FB0028C1D1BBF1000FBED1D8EDF4
:1007F000007A3068B8EEE70AF7EE000AFDF720FD50
:100800008346E2F767FB0028B0D1BBF1000FADD102
:1008100099ED000A3068B8EEC00AF7EE000A4042CF
:100820000121FBF725F98146E2F754FB00289DD111
:10083000B9F1000F9AD1306898ED000AF0EE000A85
:10084000B8EEC00A4042FDF7FBFC0646E2F742FB69
:1008500000283FF478AF89E722201DF0E1FADCE6BA
:1008600022201FF07DFBD8E622201EF0C3FBD4E639
:100870005C1FFF1F0417FF1F6816FF1FACB20400A8
:100880007C10FF1F8007FF1F9807FF1F8407FF1FB3
:100890009407FF1F70F104006008FF1F74F004004C
:1008A0004017FF1F0410FF1F3B2104481FF0D2FA1E
:1008B00003480BB0BDE8F04F1BF0DEBF34F104007D
:1008C0006008FF1F2DE9F04FC04CC14923688BB071
:1008D000049300230B70BF49049A0B7023680393A1
:1008E000039B9B1A092BF9D9BB49DFF8089307A88A
:1008F0001CF0C2F907A8DFF747FE07A81CF014FA9E
:10090000B64B07A819681CF0B7F907A8DFF73CFE3B
:1009100007A81CF009FAD9F81430012B14BF0620DF
:100920000220E2F729FBD9F81030002B00F07B8180
:10093000DFF8C4A24FF00108A64B1B78002B40F053
:100940008C82A34B1B78002B40F08782514607A86E
:100950001CF092F907A8DFF717FE07A81CF0E4F9CE
:100960009F4B1B68012B00F06C82032B00F07182FF
:10097000002B00F06A8207EE908AB8EE670ADFF774
:10098000BBFD984B07A819681CF076F907A8DFF79C
:10099000FBFD07A81CF0C8F9D9F814B0BBF1000F93
:1009A00000F04681BBF1010F40F028818E4E8F4D43
:1009B000D6ED007A2868B8EEE70AF7EE000A594645
:1009C000FBF756F80746E2F785FA002840F02B813E
:1009D000002F40F028812868D6ED007AF7EE000A53
:1009E000B8EEE70A40425946FBF742F80746E2F7FD
:1009F00071FA002840F01781002F40F014817C4FDD
:100A00002868D7ED007AF0EE000AB8EEE70A404217
:100A1000FDF716FC0190E2F75DFA002840F0038133
:100A2000019B002B40F0FF802868D6ED007A5946E4
:100A3000B8EEE70AF0EE000A4042FBF719F88346E9
:100A4000E2F748FA002840F0EE80BBF1000F40F0DA
:100A5000EA802868D7ED007AF0EE000AB8EEE70ADF
:100A60004042FDF7EDFB8346E2F734FA002840F000
:100A7000DA80BBF1000F40F0D680D6ED007A28680E
:100A8000B8EEE70AF7EE000A0121FAF7F1FF834614
:100A9000E2F720FA002840F0C680BBF1000F40F0DA
:100AA000C2802868D7ED007AF7EE000AB8EEE70AB0
:100AB0004042FDF7C5FB8346E2F70CFA002840F000
:100AC000B280BBF1000F40F0AE802868D6ED007A0E
:100AD000F0EE080AB8EEE70A40420121FAF7C8FF33
:100AE0008346E2F7F7F9002840F09D80BBF1000F44
:100AF00040F09980D7ED007A2868B8EEE70AF7EE63
:100B0000000AFDF79DFB8346E2F7E4F9002840F078
:100B10008A80BBF1000F40F08680D6ED007A28680D
:100B2000B8EEE70AF7EE000A0121FAF7A1FF8346C3
:100B3000E2F7D0F9002876D1BBF1000F73D1D7EDE1
:100B4000007A2868B8EEE70AF7EE000AFDF778FBAE
:100B50008346E2F7BFF9002865D1BBF1000F62D1EF
:100B60002868D6ED007AF0EE000AB8EEE70A4042B7
:100B70000121FAF77DFF8346E2F7ACF9002852D154
:100B8000BBF1000F4FD197ED000A2868B8EEC00AFC
:100B9000F0EE000A4042FDF753FB0746E2F79AF9F0
:100BA000002840D1002F3ED1286896ED000AF7EECC
:100BB000000AB8EEC00A40420121FAF759FF054683
:100BC000E2F788F978BB75BB18E000BF5C1FFF1F18
:100BD0000417FF1F6816FF1FACB204008007FF1F39
:100BE0009807FF1F8407FF1F0410FF1F9407FF1FB4
:100BF0004017FF1F7C10FF1F74F00400236806934A
:100C0000069A23680593059B9B1A632BF9D94146E5
:100C1000D9F81000E0F79EFED9F8103008F101086D
:100C20004345BFF489AE0BB0BDE8F04FE2F7B6BA6A
:100C30008F4F904DD7ED007A2868B8EEE70AF7EEAF
:100C4000000AFDF7FDFA0646E2F744F90028EAD16A
:100C5000002EE8D12868D7ED007AF7EE000AB8EE4A
:100C6000E70A4042FDF7ECFA0646E2F733F90028BE
:100C7000D9D1002ED7D1804E2868D6ED007AF0EE7B
:100C8000000AB8EEE70A0121FAF7F2FE8346E2F71E
:100C900021F90028C7D1BBF1000FC4D12868D7EDD6
:100CA000007AF0EE000AB8EEE70A4042FDF7C8FA13
:100CB0008346E2F70FF90028B5D1BBF1000FB2D19E
:100CC0002868D6ED007AF7EE000AB8EEE70A40424F
:100CD0000121FAF7CDFE8346E2F7FCF80028A2D105
:100CE000BBF1000F9FD1D7ED007A2868B8EEE70A74
:100CF000F7EE000AFDF7A4FA8346E2F7EBF80028C6
:100D000091D1BBF1000F8ED12868D6ED007AF7EEB5
:100D1000000AB8EEE70A40420121FAF7A9FE83462D
:100D2000E2F7D8F800287FF47EAFBBF1000F7FF424
:100D30007AAF2868D7ED007AF0EE080AB8EEE70A35
:100D40004042FDF77DFA8346E2F7C4F800287FF4BD
:100D50006AAFBBF1000F7FF466AFD6ED007A28686A
:100D6000B8EEE70AF7EE000A0121FAF781FE8346A2
:100D7000E2F7B0F800287FF456AFBBF1000F7FF424
:100D800052AFD7ED007A2868B8EEE70AF7EE000A0E
:100D9000FDF756FA8346E2F79DF800287FF443AF4B
:100DA000BBF1000F7FF43FAFD6ED007A2868B8EEB4
:100DB000E70AF7EE000A0121FAF75AFE8346E2F746
:100DC00089F800287FF42FAFBBF1000F7FF42BAF21
:100DD0002868D7ED007AF0EE000AB8EEE70A404244
:100DE000FDF72EFA8346E2F775F800287FF41BAF73
:100DF000BBF1000F7FF417AF96ED000A2868B8EE3C
:100E0000C00AF0EE000A40420121FAF731FE064620
:100E1000E2F760F800287FF406AF002E7FF403AFFE
:100E2000286897ED000AF7EE000AB8EEC00A4042C3
:100E3000FDF706FA0546E2F74DF800283FF4C3AE89
:100E4000F1E622201CF0ECFF95E522201FF088F847
:100E500091E522201EF0CEF88DE53B2107481EF0DB
:100E6000F9FF07480BB0BDE8F04F1BF005BD00BF10
:100E70004017FF1F9407FF1F0410FF1F7CF10400A1
:100E80006008FF1F2DE9F04F884ED6F80031A3F11E
:100E90000A021D2AADF5017D054640F2C582844C4B
:100EA000844B226804920021049A197023680393EA
:100EB000039B9B1A092BF9D90DF5A4787E49DFF81D
:100EC00020A2013D404601951BF0D6FE4046DFF7CB
:100ED0005BFB40461BF028FF784B404619681BF02F
:100EE000CBFE4046DFF750FB40461BF01DFF0023C2
:100EF000CDE95433CDE96C338DF8703169936A9341
:100F00008DF8AC316E4B53936E4B529380238DF81A
:100F10005831092042F29F43CDE95803052241F29E
:100F20008833062112A86E936F92CDF85C811AF077
:100F3000C7FB1422152122A81AF0C2FB1722102188
:100F400032A81AF0BDFB1322122142A81AF0B8FBF6
:100F50001D215D481EF07EFF5C481BF08DFC1721B3
:100F60005B481EF077FF5B4B584819681BF07CFC10
:100F700056481BF081FC122157481EF06BFFDAF82F
:100F8000001052481BF070FC50481BF075FC0D2DF2
:100F900042D8DFE815F00902BF0197010E004100B9
:100FA000410041004100410041000902BF01970199
:100FB0000E00DAF80030439323680C930C9A2368F0
:100FC0000B930B9B9B1A132BF9D9D6F8941042A8BC
:100FD0001AF0B6FBD6F898101AF0A6FB00211AF00A
:100FE000D1FB012211460420E0F77CFD6C9B80A818
:100FF00003F10B02B7EE000A00EB8303002142A8C5
:1010000043F88C0C80AB03EB8203404643F8B41CDE
:101010006C910121FAF7C2FB549B002B00F0778200
:101020002E4DDFF8C090DFF8C0B0D6F8F800A0F180
:101030000A031D2B07D8C0B21CF07EFBD6F8FC308B
:10104000984240F0F6811CF0A1FF002840F3E280B6
:101050002B68012B2F4600F0E480032B00F01D814C
:10106000002B00F011810023549989F80030236887
:101070000E930E9A23680D930D9B9B1A092BF9D999
:101080000029D2D1019A0D2A38D8DFE812F03302B4
:101090002A022F00210237003700370037003700BF
:1010A000370033022A022F00210200BFA813FF1FBE
:1010B0005C1FFF1F6816FF1FACB204008007FF1FF4
:1010C000C80F05000C100500B8F104006008FF1FF0
:1010D000D8F104005017FF1F44EA04009807FF1FCF
:1010E0007C16FF1FF016FF1F5416FF1F339BCAF814
:1010F0000030012200210320E0F7F4FC9F49A04CBE
:101100000FA81BF0B9FD0FA8DFF73EFA0FA81BF0E0
:101110000BFE21680FA81BF0AFFD0FA8DFF734FA14
:101120000FA81BF001FE95490FA81BF0A5FD0FA805
:10113000DFF72AFA0FA81BF0F7FD21680FA81BF0B4
:101140009BFD0FA8DFF720FA0FA81BF0EDFD8D49DE
:101150000FA81BF091FD0FA8DFF716FA0FA81BF0E0
:10116000E3FD21680FA81BF087FD0FA8DFF70CFA3D
:101170000FA81BF0D9FD84490FA81BF07DFD0FA817
:10118000DFF702FA0FA81BF0CFFD21680FA81BF0B4
:1011900073FD0FA8DFF7F8F90FA81BF0C5FD7B4919
:1011A0000FA81BF069FD0FA8DFF7EEF90FA81BF0E1
:1011B000BBFD3B68012B00F0A681032B00F084816E
:1011C000002B00F07D81DAED007AB8EEE70ADFF758
:1011D00093F96F4B0FA819681BF04EFD0FA8DFF7AE
:1011E000D3F90FA81BF0A0FDD6F80001A0F10A0268
:1011F00000231D2A2393CAF800301393339343939B
:101200005BD9644B52934046F6F7F8FA0DF5017D31
:10121000BDE8F08F1DF030FF2B68012B2F467FF4C7
:101220001CAF1CF0C7FEC3B2532B89F8003032D17B
:10123000549B002B00F03A810E2157481A68574BF7
:10124000B3FBF2F3CBF800301EF004FEDBF8001025
:1012500053481BF009FB52481BF00EFBDBF8003033
:10126000F92B1DDD549900293FF401AF4046DFF70B
:1012700019FE549900293FF4FAAE01201CF0C8FA77
:1012800054990029F9D1F2E61EF076FDC3B2532B32
:1012900089F80030CCD05499E9E61DF001FFC2E78F
:1012A00055A81BF0BFF900235A9854931AF0B0FBCD
:1012B0005B981AF0ADFB5499D9E60121C0B21CF03D
:1012C00005FA9EE7DAF80030339323680A930A9A06
:1012D00023680993099B9B1A132BF9D9D6F88C1014
:1012E00032A81AF02DFAD6F890101AF01DFA002143
:1012F0001AF048FA012211460320E0F7F3FB6C9B39
:1013000080A803F10B02B7EE000A00EB8303002173
:1013100032A875E6DAF80030239323680893089A18
:1013200023680793079B9B1A132BF9D90C211D489F
:101330001EF090FD23991A481BF096FA18481BF0EE
:101340009BFAD6F8841022A81AF0FAF9D6F8881079
:101350001AF0EAF900211AF015FA012211460220CA
:10136000E0F7C0FB6C9B80A803F10B02B7EE000A0C
:1013700000EB8303002122A842E600BF28F204000C
:101380008007FF1F3CF2040050F20400DCEE040072
:101390008407FF1F0C10050050ED04000087930325
:1013A0006008FF1F18F20400DAF800301393236876
:1013B0000693069A23680593059B9B1A132BF9D96C
:1013C0000C2154481EF046FD139953481BF04CFA6B
:1013D00051481BF051FAF16F12A81AF0B1F9D6F882
:1013E00080101AF0A1F900211AF0CCF916214B480F
:1013F0001EF030FD0023D6F8801047480A221BF06B
:1014000053FA45481BF038FA012211461046E0F71E
:1014100069FB6C9B80A803F10B02B7EE000A00EB9E
:101420008303002112A8EBE50021D8B21CF04EF98D
:1014300035E51F213A481EF00DFD37481BF01CFA18
:1014400055A800241BF0EEF85A9854941AF0E0FACC
:101450005B981AF0DDFA334B0125224621462046DF
:101460001D70E0F73FFB224621462846E0F73AFB95
:10147000224621460220E0F735FB22462146032082
:10148000E0F730FB224621460420E0F72BFB152035
:10149000F5F742FBD6F80001A0F10A031D2B3FF639
:1014A000B0AE2946C0B21CF011F9AAE61E4A126875
:1014B000002A3FF4C1AE022101209047549BBBE6B5
:1014C00022201EF04DFD7EE622201DF093FD7AE6DF
:1014D000439BCAF80030012200210420E0F702FB00
:1014E0000CE6239BCAF80030012200210220E0F71D
:1014F000F9FA03E60122139BCAF8003000211046D6
:10150000E0F7F0FAFAE522201CF08AFC5BE6074FD0
:10151000B8E500BFF0F104006008FF1F00F204000E
:10152000A0ED0400B418FF1FAC1EFF1F9807FF1F9B
:101530002DE9F04F2DED028BB7B080228DF83020D1
:1015400009220E92784C099442F29F420F9241F286
:1015500088340522CDE92442744C754A0892002350
:101560000F4608A9CDE90A338DF848301F93209320
:101570008DF8843022932393D4F81C80A6690190BF
:101580000D91451EE1F7E4FB0E216A481EF062FC56
:10159000694B6A4819681BF067F968481BF06CF9D9
:1015A0005FFA88F001211CF091F80121F0B21CF0E3
:1015B0008DF80D2D0FD8DFE815F0EB019502D8025C
:1015C00008030E000E000E000E000E000E00380381
:1015D000810345036303CDF800804FF0000AB04655
:1015E0004FF0000B0A9B002B53D0009B0026A3F169
:1015F0000A09B9F11D0F40F2AD83A8F10A031D2BB2
:1016000040F2FD83D4F8F800A0F10A031D2B07D89F
:10161000C0B21CF091F8D4F8FC30984240F04384FA
:101620001CF0B4FC002840F31784454B1B68012BC9
:1016300000F01984032B00F03384002B00F02D847C
:10164000404A00231370404A1368049304991368B6
:101650000393039B5B1A632BF9D90D2D0AD8DFE89E
:1016600005F05F5C07590909090909095F5C075919
:10167000364B5E6838461FF0B1FE5B4652461FF09F
:1016800017FF20F0C5F93146E0F764F90A9B002BFB
:10169000AFD12F4B1B78002B00F086832D4F05AE6A
:1016A0002D4930461BF0E8FA3046DEF76DFF304634
:1016B0001BF03AFB396830461BF0DEFA3046DEF7A5
:1016C00063FF30461BF030FB244930461BF0D4FA50
:1016D0003046DEF759FF30461BF026FB39683046AE
:1016E0001BF0CAFA3046DEF74FFF30461BF01CFBFA
:1016F0000D2D3BD8DFE815F01501DE00CC00BA0057
:101700003A003A003A003A003A003A001501DE0089
:10171000CC00BA00124B5E68ACE7124B5E68A9E7DA
:10172000114B5E68A6E700BFC80F0500A813FF1F96
:101730000C10050068B204008807FF1F6008FF1F37
:101740009807FF1FF016FF1F5C1FFF1F5417FF1F96
:101750000417FF1F8007FF1F74F2040088F20400C3
:101760009417FF1FD417FF1F1418FF1FBC4DBD4A4D
:1017700028681368BC490344304613601BF07CFAA8
:101780003046DEF701FF30461BF0CEFA39683046AE
:101790001BF072FA3046DEF7F7FE30461BF0C4FA53
:1017A000B24930461BF068FA3046DEF7EDFE3046AF
:1017B0001BF0BAFA396830461BF05EFA3046DEF7A5
:1017C000E3FE30461BF0B0FAD4F8E030012B00F015
:1017D000B783A74930461BF04FFA3046DEF7D4FEF8
:1017E00030461BF0A1FAA34930461BF045FA3046BB
:1017F000DEF7CAFE30461BF097FA9F4930461BF0D1
:101800003BFA3046DEF7C0FE30461BF08DFA9B49AE
:1018100030461BF031FA3046DEF7B6FE30461BF09C
:1018200083FA974930461BF027FA3046DEF7ACFEC4
:1018300030461BF079FA934930461BF01DFA3046CA
:10184000DEF7A2FE30461BF06FFAD4F80001A0F1DB
:101850000A031D2B40F26D838B4B089308A8F5F704
:10186000CDFF37B0BDEC028BBDE8F08F8749884BC8
:101870000A685B687A4D1A440A60864A2B601360D6
:10188000854A0021136004200122E0F72BF96EE75E
:101890008249834B0A685B68714D1A440A607D4A2D
:1018A0002B6013607F4A0021136003200122E0F7C0
:1018B00019F95CE77C4930461BF0DEF93046DEF76B
:1018C00063FE30461BF030FA784B1B68012B00F0AA
:1018D0005B83032B00F06C83002B00F06583744B5B
:1018E0005F4D93ED000ADEF707FE724B3046196834
:1018F0001BF0C2F93046DEF747FE30461BF014FA03
:101900006D496E4B0A685B682B601A440A60614A35
:1019100013606B4A0021136002200122E0F7E2F815
:1019200025E7614930461BF0A7F93046DEF72CFE6B
:1019300030461BF0F9F95D4B1B68012B00F030833A
:10194000032B00F02983002B00F022835D4B444DD4
:1019500093ED000ADEF7D0FD564B304619681BF0B8
:101960008BF93046DEF710FE30461BF0DDF95649A4
:10197000564B0A685B682B601A440A60454A13603C
:10198000534A1360012200211046E0F7ABF8EEE65F
:101990000122504EE369D4F8188000931046114696
:1019A000E0F7A0F8D6ED0D6AD4ED057AE268236978
:1019B000DFF8189186EEA77A02FB03F3464A062168
:1019C0001160052207EE903AF8EE677A434B67EE16
:1019D000877A1A6017EE900A1FF012FDF36872689A
:1019E0009FED3F7A96ED028A02FB03F307EE903AF1
:1019F000F8EE677A8B4667EE877AB8EE488AFDEE96
:101A0000E77A824617EE901A484619F099FEFCEEE6
:101A1000C87A17EE901A19F087FE064638461FF06E
:101A2000DDFC52465B461FF043FD1FF0F1FF01460F
:101A3000304619F0A7FE229B36A803F10B0200EBFB
:101A400083030021229143F88C9C00EB8203B7EEC4
:101A5000000A43F8B41C08A80121F9F79FFEC1E56C
:101A60007C16FF1F2816FF1FB0F20400C4F204000A
:101A7000ECF20400DCAE040000F3040080B50400C6
:101A800018E7040024E704000C1005003016FF1FBF
:101A90009417FF1F5017FF1F8416FF1F2C16FF1FE0
:101AA0005417FF1F8016FF1F9CF204009807FF1FAA
:101AB0005C16FF1F8407FF1F3816FF1FD417FF1F78
:101AC0008C16FF1F6016FF1F3C16FF1F1418FF1F08
:101AD0009016FF1FF811FF1F9C07FF1F3407FF1F01
:101AE0000AD7233C0122236B009311460220D4F82D
:101AF0002C80DFF7F7FFC949C94AD4F8CC3015204C
:101B0000086014211160002B40F02682C54ED4EDF0
:101B10000A7AD6ED0E6A636A226A86EEA77A02FB1B
:101B200003F3DFF8289307EE903AF8EE677A67EE52
:101B3000877A17EE900A1FF063FCB36932699FED54
:101B4000BA7A96ED058A02FB03F307EE903AF8EEB7
:101B5000677AB8EE488A67EE877A82468B46FDEE52
:101B6000E77A484617EE901A4FE70122236D00935B
:101B700011460320D4F84C80AA4EDFF7B3FFA749E3
:101B8000A74A636B96ED0F0A1020086017211160B9
:101B9000002B6CD1E0F75AFB10EE100A1FF030FC5E
:101BA00082468B46736AF2699FED9F7A96ED088AAA
:101BB000DFF89C9202FB03F307EE903AF8EE677AA7
:101BC000B8EE488A67EE877AC9E70122236F00934F
:101BD00011460420D4F86C80924EDFF783FF8F49C2
:101BE0008F4A636D96ED100A122008601321116070
:101BF000002B5AD0E0F7A2FC10EE100A1FF000FCF8
:101C000082468B46336BB26A9FED877A96ED0B8ADC
:101C1000DFF8409202FB03F307EE903AF8EE677AA2
:101C2000B8EE488A67EE877A99E701227D4EE3692C
:101C3000D4F81880009310461146DFF753FFD6ED15
:101C4000116AB1E60122236D009311460320D4F8F6
:101C50004C80744EDFF746FF7049714A636B96ED16
:101C6000130A1020086017211160002B92D0E0F7B2
:101C700021FC10EE100A1FF0C3FB82468B4691E751
:101C80000122236F009311460420D4F86C80654E26
:101C9000DFF728FF6149624A636D96ED140A12204E
:101CA000086013211160002BA4D1E0F769FB10EE4E
:101CB000100A1FF0A5FB82468B46A3E70122236B87
:101CC000009311460220D4F82C80DFF70BFF534914
:101CD000534AD4F8CC301520086014211160002B31
:101CE00040F046814F4ED4ED0A7AD6ED126A636A0F
:101CF000226A86EEA77A02FB03F3DFF8509107EE23
:101D0000903AF8EE677A67EE877A17EE900A1FF03E
:101D100077FB3269B369DFED447AD6ED058A02FBC1
:101D200003F308EE103AB8EE488A012228EE278A1B
:101D300082468B4602201146DFF7D4FEFDEEC87ABC
:101D4000F8EE688A17EE901A484619F0F9FCFCEE96
:101D5000E87A5EE69DF800001BF0EEFCD4F8FC305B
:101D600098423FF44AAC002F7FF747AC2F4826211A
:101D70001EF070F82E481AF07FFD0BA81AF052FCE6
:101D8000002310980A9319F043FE119819F040FEB1
:101D9000284B0122394604201A70F5F7F3FB264B35
:101DA0001B78002B7FF47AAC05AE2449244F3046D3
:101DB0001AF062FF3046DEF7E7FB30461AF0B4FF58
:101DC000396830461AF058FF3046DEF7DDFB304602
:101DD0001AF0AAFF1B4930461AF04EFF3046DEF7D4
:101DE000D3FB30461AF0A0FF396830461AF044FFA2
:101DF0003046DEF7C9FB30461AF096FF50E45FFA32
:101E000088F01BF099FCD4F8FC3098423FF4FAAB10
:101E1000002FBFF6F7AB0C482621A9E79C07FF1F50
:101E20003407FF1FF811FF1F0AD7233C60E90400A5
:101E30006008FF1FB418FF1F0417FF1F3CF20400C7
:101E40008007FF1F28F2040088E90400D417FF1F51
:101E50005417FF1F9417FF1F1DF00EF9564B1B68F8
:101E6000012B7FF4E7AB1CF0A5F8C3B2534A532B08
:101E700013707FF4E8AB0A9B53B108A8DFF712F8A0
:101E80000A9B2BB101201BF0C3FC0A9B002BF9D14C
:101E90004B4A01231370FFF7D6BB1DF06DFFE4E73B
:101EA0001DF0FEF8E1E71F2146481DF0D3FF46482C
:101EB0001AF0E2FC0BA800251AF0B4FB10980A9562
:101EC00019F0A6FD119819F0A3FD3D4B01262A46F5
:101ED000294628461E70DFF705FE2A462946304669
:101EE000DFF700FE2A4629460220DFF7FBFD2A46DF
:101EF00029460320DFF7F6FD0420F4F70DFED4F8A1
:101F00000001A0F10A031D2B3FF6A6AC3146C0B27A
:101F10001BF0DCFB2D480E211DF09CFF2A481AF017
:101F2000ABFC019928481AF09FFC27481AF0A4FC42
:101F300092E4C0B201211BF0C9FB25480F21EBE759
:101F4000244930461AF098FE3046DEF71DFB304635
:101F50001AF0EAFE20496FE4204ED4ED367AD6ED31
:101F60000E6AD4F8D430D4F8D02086EEA77AD6E51D
:101F70001A4ED4ED367AD6ED126AD4F8D430D4F8AD
:101F8000D02086EEA77AB6E622201BF049FFA6E411
:101F900022201DF0E5FFD9E422201DF02BF8D5E426
:101FA00022201BF03DFFD1E422201DF0D9FF96E452
:101FB00022201DF01FF892E49807FF1FF016FF1F64
:101FC000B418FF1FA0ED04006008FF1F64F20400B6
:101FD00014F30400D8F20400DCAE0400F811FF1F73
:101FE0002DE9F04F9D4CD4F80001A0F10A031D2B00
:101FF000ADF5177D40F22D81DFF8D8B2984ADBF8B5
:1020000000100891002008991070DBF80030079349
:10201000079B5B1A092BF8D968AD9249DFF8B89293
:10202000914FDFF8B882DFF8B8A228461AF024FEF4
:102030002846DEF7A9FA28461AF076FE8B4B28468A
:1020400019681AF019FE2846DEF79EFA28461AF09B
:102050006BFE874A874B699280200022CDE96A2275
:10206000CDE982228DF8C8217F9280928DF80422DA
:1020700068938DF8B001092342F29F407E4A7F4960
:10208000126809686D95CDE96E3041F288360520F9
:10209000CDE9846018A819F013FB794B794E1A68C2
:1020A000794B28A8196819F00BFB784B1A68784B04
:1020B00038A8196819F004FB764BD9F80020196884
:1020C00048A819F0FDFA3A68D8F8001058A819F095
:1020D000F7FA714A71481368714A00681168714AC9
:1020E0001990DAF800001268299039936E484991E6
:1020F0000F2159921DF0AEFE31686C481AF0B4FB06
:102100006A481AF0B9FB3268013A032A00F2A18644
:10211000DFE802F0633E2202654B66480493092122
:102120001DF098FE644A049B02922F221A60382206
:10213000624BC8F8002039223A600393604B019348
:102140001A68604B042A00F28C86DFE812F0E7017F
:10215000E101DA01D301CB00584B554A5A480393A9
:10216000092104921DF076FE039B2E221A60049B27
:102170002F221A60474B36221A603722C9F80020F6
:1021800038224D4BC8F8002039223A600293D5E737
:102190004749494B494A04914C480293092103920B
:1021A0001DF058FE029B04992D221A60039B2E22DB
:1021B0001A60374B2F220A6034221A60334B3522C3
:1021C0001A60344B36221A603722C9F800203822B0
:1021D000C8F8002039223A60B0E7394B3C480193F7
:1021E00009211DF037FE344A354B364833490292F7
:1021F0002F4A039104922C211A682F4B01602D2144
:1022000019602E4B05902E211960294B2F21196042
:102210001D4B322119601A4B332119601C4B34219C
:1022200019601A4B352119601A4B36211960372174
:10223000C9F800103821C8F8001039213960042A83
:1022400000F21686DFE812F0F3054505F605FB05FA
:10225000EE050021C0B21BF039FACDE6A813FF1F2E
:102260006816FF1FACB20400C007FF1F8007FF1FE6
:10227000C80F05000C100500A007FF1FA407FF1FD3
:10228000A807FF1F1810FF1FAC07FF1FB007FF1F95
:10229000B407FF1FBC07FF1F5C18FF1F5418FF1F68
:1022A0006018FF1F6418FF1F24F304006008FF1F5D
:1022B000D807FF1F94ED0400D007FF1FD407FF1FAE
:1022C000C807FF1FCC07FF1F88ED04007CED04004A
:1022D00070ED04005C1FFF1FB807FF1FC407FF1F3E
:1022E0005818FF1F18680593D4F89410D4F8983044
:1022F000042800F2F184DFE810F0EE00E000DB00DB
:10230000D6000500D4F89490D4F89870029AD2F8C8
:102310000080039A1068049AD2F800E0B8F1040F24
:1023200008D8DFE808F0AFABA6A10300D4F894907A
:10233000D4F89870042808D8DFE800F087837E7905
:102340000300D4F89490D4F89870BEF1040F66D8C6
:10235000DFE80EF05753674D0300D4F89490D4F89B
:102360009870984618A819F0EBF9414619F0DCF975
:10237000002119F007FA494628A819F0E1F9394671
:1023800019F0D2F9002119F0FDF9794938A819F0AE
:10239000D7F9774919F0C8F9002119F0F3F9744910
:1023A00048A819F0CDF9724919F0BEF9002119F0C9
:1023B000E9F96F4958A819F0C3F96D4919F0B4F952
:1023C000002119F0DFF96B4B6B491A68D1F89010B6
:1023D000002A40F3B680019B1A68013A032A00F2F2
:1023E000B080DFE812F05D0262025802AB00D4F860
:1023F0008C90D4F890709846B4E7E16FD4F8808060
:10240000B0E7DBF8002012921298D4F87490A76F0E
:10241000DBF800201192119A121A0E2AF8D9984668
:10242000A0E7D4F88490D4F8887098469AE7D4F856
:102430008C90D4F8907088E7D4F88490D4F88870A1
:1024400083E7E16FD4F880307FE7DBF8002010925B
:102450001098D4F87490A76FDBF800200F920F9AB1
:10246000121A0E2AF8D970E7D4F88C90D4F890702C
:1024700060E7D4F88490D4F888705BE7E16FD4F813
:10248000803057E7DBF800200E92DDF838C0D4F832
:102490007490A76FDBF800200D920D9AA2EB0C024E
:1024A0000E2AF7D946E7D4F88C90D4F890702DE72F
:1024B000D4F88490D4F8887028E7029A2C4FD2F888
:1024C0000080039AE16F1068049AD4F88030D2F843
:1024D00000E0B94622E7DBF800200C920C98D4F813
:1024E0007490A76FDBF800200B920B9A121A0E2A39
:1024F000F8D90BE718680593D4F88C10D4F890300D
:10250000F6E618680593D4F88410D4F88830EFE61E
:1025100018680593E16FD4F88030E9E618680593F0
:10252000DBF800200A920A9F616FA36FDBF800209E
:102530000992099AD21B0E2AF8D9D9E60E4A04212B
:102540009164DAF80020002A03DD0B4A0421C2F866
:10255000881032680849013AD1F8D010042A4CD8C2
:10256000DFE812F04E0129016B01F2000C0000BF00
:10257000A08601005418FF1F00F00F40019B0122AC
:1025800018681146DFF7AEFA059B0122186811465C
:10259000DFF7A8FA029B012218681146DFF7A2FABA
:1025A000039B012218681146DFF79CFA049B012265
:1025B00018681146DFF796FA829A96AB03EB82070A
:1025C00002F10F0103EB810118AB47F88C3C28ABFB
:1025D00047F8883C38AB47F8843C48AB002047F8C4
:1025E000803C58AB47F87C3CB7EE000A41F8B40C8D
:1025F000829005212846F9F7D1F86A9A002A00F05E
:102600000E84B14FDFF8E092DFF8E0A2D4F8F800D2
:10261000A0F10A031D2B07D8C0B21BF08DF8D4F827
:10262000FC30984240F0AB811BF0B0FC002840F336
:1026300041813B68012BB84600F04381032B00F039
:102640005B81002B00F08881002389F800306A99B3
:10265000DBF800301493149ADBF800301393139BCB
:102660009B1A092BF8D90029D0D1984B1B68012B54
:1026700000F0D081DFF8789215AF954938461AF00E
:10268000FBFA3846DDF780FF38461AF04DFBD8F8E4
:102690000030012B00F0D182032B00F00583002BCA
:1026A00000F0FE828B4BDFF84CA293ED000AB8EEEF
:1026B000C00ADDF721FFDAF8001038461AF0DCFA1C
:1026C0003846DDF761FF38461AF02EFB824938465E
:1026D0001AF0D2FA3846DDF757FF38461AF024FBD5
:1026E000D8F80030012B00F0EB82032B00F0E482DD
:1026F000002B00F0DD82794B93ED000AB8EEC00AA2
:10270000DDF7FAFEDAF8001038461AF0B5FA384666
:10271000DDF73AFF38461AF007FBD9F87420012A92
:1027200000F0D282D4F8000100233360A0F10A0344
:102730001D2B40F26A816A4B68932846F5F75EF8D4
:102740000DF5177DBDE8F08F019B01221868114639
:10275000DFF7C8F9059B012218681146DFF7C2F9B7
:10276000029B012218681146DFF7BCF9039B012286
:1027700018681146DFF7B6F9829A96AB03EB820729
:1027800002F10E0103EB810118AB47F88C3C28AB3A
:1027900047F8883C38AB47F8843C002048AB47F802
:1027A000803CB7EE000A41F8B40C82900421284620
:1027B000F8F7F4FF21E7019B012218681146DFF7C3
:1027C00091F9059B012218681146DFF78BF9829A6F
:1027D00096AB03EB820702F10C0103EB810118AB0E
:1027E00047F88C3C002028AB47F8883CB7EE000A3D
:1027F00041F8B40C829002212846F8F7CFFFFCE69E
:10280000019B012218681146DFF76CF9829A96AB9A
:1028100002F10B0103EB820218AB42F88C3C96AB41
:1028200003EB8102002042F8B40CB7EE000A82905C
:1028300001212846F8F7B2FFDFE6019B0122186864
:102840001146DFF74FF9059B012218681146DFF7A3
:1028500049F9029B012218681146DFF743F9829A71
:1028600096AB03EB820702F10D0103EB810118AB7C
:1028700047F88C3C28AB47F8883C002038AB47F839
:10288000843CB7EE000A41F8B40C8290032128463C
:10289000F8F784FFB1E6134A0421C2F8881050E625
:1028A000104A8021C2F8C8104BE60E4A2021C2F817
:1028B000C81046E61CF0E0FB3B68012BB8467FF4ED
:1028C000BDAE1BF077FB19E09807FF1F8807FF1FBD
:1028D000CCEE04008816FF1FDCEE04007C16FF1F00
:1028E0000C10050000F00F40F016FF1F5416FF1FDC
:1028F0006C11FF1F8407FF1F1CF0D2FBC3B2532BC8
:1029000089F800307FF4A3AE6A9B002B74D00E21AF
:10291000CC481A68CC4BB3FBF2F3CAF800301DF078
:1029200099FADAF80010C94819F09EFFC74819F063
:10293000A3FFDAF80030F92B11DC6BA819F072FE56
:10294000002370986A9319F063F8719819F060F891
:102950006A99002333607BE61DF00EFACEE76A9990
:102960000029F6D02846DEF79DFA6A990029F0D0B2
:1029700001201AF04DFF6A990029F9D1E9E71F21DA
:10298000B3481DF067FAB14819F076FF6BA800262E
:1029900019F048FE70986A9619F03AF8719819F093
:1029A00037F8AC4B01273246314630461F70DFF70F
:1029B00099F8324631463846DFF794F832463146C8
:1029C0000220DFF78FF8324631460320DFF78AF81E
:1029D000324631460420DFF785F81520F4F79CF8DD
:1029E000D4F80001A0F10A031D2B3FF6A4AE39462E
:1029F000C0B21AF06BFE9EE6974A1268002A86D093
:102A00000221012090476A9B81E70121C0B21AF0A0
:102A10005DFE90E6914B1B68022B15AF00F3B5806D
:102A2000002B00F37481DFF874928D4813211DF0A0
:102A300011FAD9F85810854819F016FF834819F093
:102A40001BFFD4F8E030012B00F0528112218548A1
:102A50001DF000FA019B7D48196819F005FF7B48BD
:102A600019F00AFF019B1968002900F091814B1EA3
:102A7000032B44D8012208460021DFF733F87A49B6
:102A800038461AF0F9F83846DDF77EFD38461AF078
:102A90004BF9764938461AF0EFF83846DDF774FD01
:102AA00038461AF041F9724938461AF0E5F83846C6
:102AB000DDF76AFD38461AF037F96E4938461AF0E4
:102AC000DBF83846DDF760FD38461AF02DF96A4923
:102AD00038461AF0D1F83846DDF756FD38461AF078
:102AE00023F9664938461AF0C7F83846DDF74CFD39
:102AF00038461AF019F962480F211DF0ABF9059B11
:102B0000186803287FF4B9AD01220021DEF7EAFF3F
:102B10005C4938461AF0B0F83846DDF735FD3846DE
:102B20001AF002F9514938461AF0A6F83846DDF78E
:102B30002BFD38461AF0F8F8534938461AF09CF83D
:102B40003846DDF721FD38461AF0EEF84949384697
:102B50001AF092F83846DDF717FD38461AF0E4F817
:102B6000454938461AF088F83846DDF70DFD3846F5
:102B70001AF0DAF8414938461AF07EF83846DDF79F
:102B800003FD38461AF0D0F877E5032B7FF44BAFFE
:102B90003E4938461AF070F83846DDF7F5FC3846FD
:102BA0001AF0C2F83A4B384619681AF065F83846F8
:102BB000DDF7EAFC38461AF0B7F8344938461AF01F
:102BC0005BF83846DDF7E0FC38461AF0ADF8304BDC
:102BD000384619681AF050F83846DDF7D5FC384603
:102BE0001AF0A2F82B4938461AF046F83846DDF7B5
:102BF000CBFC38461AF098F8254B384619681AF07D
:102C00003BF83846DDF7C0FC38461AF08DF822490B
:102C100038461AF031F83846DDF7B6FC38461AF077
:102C200083F81B4B384619681AF026F83846DDF74A
:102C3000ABFC38461AF078F8F5E622201BF0F0F8E5
:102C400030E500BF50ED0400008793036008FF1FCC
:102C5000A0ED0400B418FF1FAC1EFF1F3417FF1FA8
:102C600048F304005CF3040000EC0400DCAE040054
:102C700014EC040080B5040018E7040024E7040005
:102C800070F3040054E7040068E7040038E304002C
:102C90008007FF1F34F30400BCE304006C11FF1F26
:102CA00022201DF05DF9FDE422201CF0A3F9F9E4D7
:102CB00022201DF055F91EE522201CF09BF91AE593
:102CC00022201BF0ADF816E500210320DEF70AFFF5
:102CD00028E5E16FD4F88030029A694FD2F800807D
:102CE0000398049A0068D2F800E0B946FFF716BBD3
:102CF000162164481DF0AEF8D4F8E01062480023B5
:102D00000A2219F0D1FD604819F0B6FDB5E45F491B
:102D1000384619F0B1FF3846DDF736FC38461AF070
:102D200003F85B4B3846196819F0A6FF3846DDF703
:102D30002BFC384619F0F8FF5449384619F09CFF2F
:102D40003846DDF721FC384619F0EEFF504B384687
:102D5000196819F091FF3846DDF716FC384619F06E
:102D6000E3FF4C49384619F087FF3846DDF70CFC85
:102D7000384619F0D9FF464B3846196819F07CFFE0
:102D80003846DDF701FC384619F0CEFF42493FE7EF
:102D9000012208460191DEF7A5FED9F874200199B9
:102DA000012A51D03D49384619F066FF3846DDF713
:102DB000EBFB384619F0B8FF3949384619F05CFF8B
:102DC0003846DDF7E1FB384619F0AEFF35493846A5
:102DD00019F052FF3846DDF7D7FB384619F0A4FF4B
:102DE0003149384619F048FF3846DDF7CDFB384603
:102DF00019F09AFF2D49384619F03EFF3846DDF7A5
:102E0000C3FB384619F090FF2949384619F034FFC2
:102E10003846DDF7B9FB384619F086FF6FE6DFF874
:102E2000A08022E4D4F89410D4F8983054E72C20F1
:102E3000FFF776BBD4F88410D4F888304CE7D4F888
:102E40008C10D4F8903047E7029B1868DEF74AFEF2
:102E5000A8E7184B0293184B0393184B0493FFF702
:102E60006DB91A460593064B10681946FFF740BA2C
:102E7000034F3B46B94639469846FFF773BA00BF41
:102E8000A0860100A8F304006008FF1F14E40400FA
:102E90008007FF1F34F30400E8E3040080F304001C
:102EA000DCAE040094F3040080B5040018E70400CD
:102EB00024E70400D007FF1FD407FF1FD807FF1F18
:102EC0009807FF1F3A4B1B68022B70B406D0032BE8
:102ED00033D0012B1FD070BCFFF782B8354836497C
:102EE0000360364809680360354B364C1960364B31
:102EF0002668364D364C1E6036483749374A03231C
:102F00002B6023601024172304600B6070BC002327
:102F10001360FFF765B83149264C274A236000202B
:102F200008602A482549264B1268032404600220C1
:102F3000086070BC1A60FFF753B8294B9B6D013BCA
:102F4000032B0CD8DFE803F0291F0215234A1F4981
:102F50001A4B032410201460172208601A60214ABB
:102F60001449174B12680120086070BC1A60FFF703
:102F700037B81A4A1549114B042412201460132241
:102F800008601A60EBE7154A10490C4B0224152023
:102F90001460142208601A60E1E7104A0B49074BDD
:102FA000012406201460052208601A60D7E700BFDC
:102FB0003417FF1F1810FF1F4C17FF1FA007FF1F1C
:102FC0005418FF1F0C17FF1F5818FF1FA407FF1FDF
:102FD000CC07FF1FAC07FF1FA807FF1FC807FF1F75
:102FE0006C11FF1F1010FF1F2DE9F04F2DED048B0A
:102FF000B9B08346DFF7ACFE4A4B0B9380238DF8C4
:1030000038300923484E109342F29F430024DFF8E2
:103010003CA1119341F2883105230AAA434F0F9234
:10302000CDE926133046424B0A932146CDE90C44A4
:103030008DF85040219422948DF88C40249425944E
:1030400018F072FB2146504618F06EFB21463846B8
:1030500018F06AFB2146304618F072FB21465046B4
:1030600018F06EFB2146384618F06AFB21463046C0
:103070007460CAF804407C6018F084FB2146504616
:1030800018F080FB2146384618F07CFB294B2A4D6E
:103090001C602A4B2C682A4A1C60012313606B6851
:1030A000032C03F1FF332CD0042C1AD04CB1042B89
:1030B00000F26485DFE813F02002230226022902D1
:1030C0004C002049204A0320086002211160042B93
:1030D00000F2A882DFE813F01002130216021902B0
:1030E0003C001849184A1220086013211160042B73
:1030F00000F21A83DFE813F000020302060209025D
:103100002C001049104A1020086017211160042B70
:1031100000F2A683DFE813F0F001F301F601F901F4
:103120001C0000BFC80F05005417FF1F7018FF1FB9
:103130000C1005002C16FF1F3811FF1FC807FF1FBA
:103140001810FF1FA407FF1FA007FF1F9417FF1FE2
:10315000DFF86083D8F80C001EF052F9D8F8003080
:1031600089468046032C00F08083042C00F0E18225
:10317000002C00F05C824FF0000BBA4C08EE10BA45
:1031800009EE10BA0C9B002B47D0DFF82C83DFF838
:103190002C93D8F800300493049AD8F800300393A5
:1031A000039B9B1A632BF8D9D4F8F800A0F10A030B
:1031B0001D2B07D8C0B21AF0BFFAD4F8FC309842E1
:1031C00040F0F3811AF0E2FE002840F3A181D9F823
:1031D0000030012B00F0A381032B00F0E381002BD2
:1031E00000F0B281A04A002313702B68032B00F07B
:1031F000A581042B00F09C81002B00F09381D8F86E
:1032000000300693069AD8F800300593059B9B1A68
:10321000092BF8D90C9B002BBBD108219348DFF870
:10322000A0821CF017FE924819F026FB914907A8CE
:1032300019F022FD07A8DDF7A7F907A819F074FD1A
:10324000D8F8001007A819F017FD07A8DDF79CF9BA
:1032500007A819F069FD884907A819F00DFD07A80E
:10326000DDF792F907A819F05FFDD8F8001007A85C
:1032700019F002FD07A8DDF787F907A819F054FD3A
:103280007E4907A819F0F8FC07A8DDF77DF907A823
:1032900019F04AFDD8F8001007A819F0EDFC07A8AE
:1032A000DDF772F907A819F03FFD754907A819F075
:1032B000E3FC07A8DDF768F907A819F035FDD8F891
:1032C000001007A819F0D8FC07A8DDF75DF907A8DA
:1032D00019F02AFD6B4907A819F0CEFC07A8DDF705
:1032E00053F907A819F020FDD8F8001007A819F025
:1032F000C3FC07A8DDF748F907A819F015FD6249D6
:1033000007A819F0B9FC07A8DDF73EF907A819F0DE
:103310000BFDD8F8001007A819F0AEFC07A8DDF7E0
:1033200033F907A819F000FD584907A819F0A4FCC3
:1033300007A8DDF729F907A819F0F6FCD8F800105E
:1033400007A819F099FC07A8DDF71EF907A819F0DE
:10335000EBFC4F4907A819F08FFC07A8DDF714F91B
:1033600007A819F0E1FCD8F8001007A819F084FCB0
:1033700007A8DDF709F907A819F0D6FC454A7868CF
:10338000136879680B441360434B002118600122D5
:103390000846DEF7A7FB41487268036871680B4472
:1033A00003603F4B00211A6003200122DEF79AFBE5
:1033B0003C4ADAF804101368DAF804000344136096
:1033C000394B0122196004200021DEF78BFB374BBB
:1033D0001B68022B00F0B1822B68032B00F00D83D9
:1033E000042B00F02983002B00F0FE82D4F8E020AB
:1033F000002A00F0F4822E4907A819F03DFC07A826
:10340000DDF7C2F807A819F08FFCD8F8001007A85C
:1034100019F032FC07A8DDF7B7F807A819F084FC0B
:10342000174907A819F028FC07A8DDF7ADF807A889
:1034300019F07AFCD8F8001007A819F01DFC07A8AD
:10344000DDF7A2F807A819F06FFC0C4907A819F0DE
:1034500013FC07A8DDF798F807A819F065FCD8F861
:1034600000102FE0A813FF1FF016FF1F38F4040010
:103470006008FF1F44F4040058F404006CF40400D6
:1034800080F4040094F40400A8F40400B0F20400F2
:10349000C4F204003416FF1F8816FF1F2C16FF1FEE
:1034A0008016FF1F3016FF1F8416FF1F1810FF1F06
:1034B00014F504002811FF1F5C1FFF1F9807FF1F52
:1034C0008007FF1F07A819F0D7FB07A8DDF75CF8F6
:1034D00007A819F029FCD4F80001A0F10A031D2B5C
:1034E00040F27882CC4B0A930AA8F4F787F939B0F6
:1034F000BDEC048BBDE8F08FDFF854832AE6DFF8DB
:10350000548327E6DFF8508324E6DFF8508321E672
:103510001BF0B2FDD9F80030012B7FF45DAE1AF03C
:1035200049FD13E0796819EE100ADEF713FA66E632
:10353000DAF804105846DEF70DFA60E6716818EE06
:10354000100ADEF707FA5AE61CF016FCC3B2B34ABB
:10355000532B13707FF449AE0E21B1481CF07AFC56
:10356000AE4AB048117800230A2219F09DF9AD48FF
:1035700019F082F90C9B53B10AA8DDF793FC0C9B60
:103580002BB101201AF044F90C9B002BF9D1392101
:10359000A5481CF05FFCA34819F06EF9A34B01226B
:1035A0001A7022E61BF07CFDD0E72021A0481CF019
:1035B00051FC9C4819F060F90DA8002519F032F86B
:1035C00012980C9518F024FA139818F021FA974BDA
:1035D00001262A46294628461E70DEF783FA2A4627
:1035E00029463046DEF77EFA2A4629460220DEF7D3
:1035F00079FA2A4629460320DEF774FA2A46294634
:103600000420DEF76FFA0320F3F786FAD4F80001FE
:10361000A0F10A031D2B3FF665AF3146C0B21AF088
:1036200055F85FE700234FF000084FF00009012232
:10363000114600200193DEF755FAD5ED057A9FED8E
:103640007D7A7D4C7D4822686168D4ED026AF8EE8F
:10365000677A01FB02F367EE877A95ED027AB8EE9E
:10366000477A08EE103A67EE877AB8EE488AFCEEA1
:10367000E77A28EE268A17EE901A18F061F8296A80
:103680006E4818F051F8019B012B00F03E82FDEED0
:10369000C87A17EE900A1DF0A1FE42464B461EF076
:1036A00031F88046584689461DF098FE02460B4682
:1036B000404649461DF0FCFE1EF0AAF909EE100A2C
:1036C0005E4819EE101A18F05DF815215C481CF0E0
:1036D000C1FB19EE101A534819F0C6F8514819F0F9
:1036E000CBF81D2157481CF0B5FB4E4819F0C4F823
:1036F0002A6B012A00F0A481249B38A803F10B0156
:1037000000EB8303002243F88C7C00EB810393469B
:10371000B7EE000A43F8B42C01210AA8249208EE5F
:1037200010BAF8F73BF82DE500234FF000084FF0F2
:103730000009414C0193012211460420DEF7D2F921
:10374000E16DA26D94ED180A01FB02F207EE902ADA
:10375000F8EE677A27EE800A1CF090FED5ED077A26
:103760009FED347A3848F8EE677ABDEEC08A67EE8E
:10377000877A95ED047AB8EE477A67EE877AFCEEA1
:10378000E77A17EE901A17F0DBFFA96A2E4817F0B8
:10379000CBFF019B012B18EE100A00F0C9811DF030
:1037A0001DFE42464B461DF0ADFF804658468946F9
:1037B0001DF014FE02460B46404649461DF078FEB9
:1037C0001EF026F9834659461F4817F0DBFF1121EA
:1037D0001E481CF03FFB5946124819F045F81148A5
:1037E00019F04AF8249B38A803F10B0100EB83037E
:1037F000002243F88CAC00EB81039046B7EE000A40
:1038000043F8B42C01210AA808EE102A249209EEEC
:10381000108AF7F7C3FFB5E40C100500F016FF1F80
:10382000ECF304006008FF1FFCF30400B418FF1F52
:10383000CCE604000AD7233CA813FF1F7018FF1F13
:10384000C0F3040018F404009417FF1FD8F3040019
:10385000E810FF1FF810FF1F0811FF1F1811FF1FAE
:1038600000234FF000084FF00009C84C01930122DB
:1038700011460320DEF736F9E16BA26B94ED100AD6
:1038800001FB02F207EE902AF8EE677A27EE800A33
:103890001CF0F4FDD5ED067A9FEDBD7ABD48F8EE3B
:1038A000677ABDEEC08A67EE877A95ED037AB8EE47
:1038B000477A67EE877AFCEEE77A17EE901A17F0F0
:1038C0003FFF696AB34817F02FFF019B012B18EEE9
:1038D000100A00F040811DF081FD42464B461DF06C
:1038E00011FF8046584689461DF078FD02460B467A
:1038F000404649461DF0DCFD1EF08AF808EE100A2D
:10390000A44818EE101A17F03DFF249B38A803F1C5
:103910000B0100EB8303002243F88C6C00EB810366
:103920009346B7EE000A43F8B42C01210AA824926A
:1039300009EE10BAF7F732FF24E47A689649736803
:1039400052420A60954A5B421360D4F8E030002B83
:103950007FF451AD2B68002B41D1914907A819F094
:103960008BF907A8DCF710FE07A819F0DDF98D49DF
:1039700007A819F081F907A8DCF706FE07A819F0D7
:10398000D3F9894907A819F077F907A8DCF7FCFDF6
:1039900007A819F0C9F9854907A819F06DF907A812
:1039A000DCF7F2FD07A819F0BFF9814907A819F063
:1039B00063F907A8DCF7E8FD07A819F0B5F97D4918
:1039C00007A819F059F907A8DCF7DEFD07A819F0D8
:1039D000ABF910E50121C0B219F078FE82E5033B96
:1039E000012B3FF608AD11E07B686B4A5B42136028
:1039F000D4F8E030002BB0D0FDE473685B42664A37
:103A00001360D4F8E030002B7FF4F5AC6A4907A8C6
:103A100019F032F907A8DCF7B7FD07A819F084F907
:103A2000604907A819F028F907A8DCF7ADFD07A839
:103A300019F07AF96149A5E7DAF804305B42DEE76C
:103A4000D5ED067ADFED526A95ED0B7A5C4BDFF827
:103A500080C1DFF88091F8EE677A27EE267A67EE6C
:103A6000A67AD5ED036AF8EE666AB8EEC98A67EE03
:103A7000A67AD3ED006A534B28EE268A032028EE5F
:103A8000078AFCEEE78A4FF0170E18604E4BCCF811
:103A900000E011464FF0100C4FF00208C3F8008010
:103AA000C9F800C04FF0000BDEF71CF8BDEEC88A65
:103AB00018EE901A3748C6F804B017F041FE696A4C
:103AC000344817F031FE18EE101A324817F05AFE3B
:103AD000249BCDF890B003F10C0238A800EB8202D1
:103AE00000EB8300B7EE000A40F88C7C38A800EBAE
:103AF0008303414643F8886C0AA842F8B4BCF7F740
:103B00004DFE08EE10BAFFF73DBB304B0022404699
:103B100049461DF0F7FD804618EE100A89461DF053
:103B20006FFC02460B46404649461DF0C1FCB8E515
:103B30001DF054FC02460B464046494690469946C5
:103B40000022224B1DF0DEFD02460B464046494650
:103B50001DF0AEFC29E61DF041FC02460B46404636
:103B60004946904699460022184B1DF0CBFD02466F
:103B70000B46404649461DF09BFCB2E600234FF041
:103B800000084FF00009FFF7EDBA00BFA813FF1FB0
:103B90000AD7233C5417FF1F5418FF1F5818FF1F44
:103BA000BCF40400DCAE0400D4F4040080B50400CE
:103BB00018E7040024E70400E8F4040000F504001A
:103BC000B818FF1FCC07FF1F1810FF1F008076409A
:103BD000A807FF1FAC07FF1F2DE9F0412DED028B59
:103BE000A34AA44B116886B00024029102991C706C
:103BF000054613680193019B5B1A092BF9D99E496D
:103C00009E4E9F4F03A819F037F803A8DCF7BCFCC1
:103C100003A819F089F8316803A819F02DF803A852
:103C2000DCF7B2FC03A819F07FF800233B70DEF745
:103C3000B9FAFF28044608BF0024DFF773FC2046CA
:103C4000DFF73EFD8F4B5B68013B51EC100B042B03
:103C500056D8DFE813F0DC00E200E800EE000500D3
:103C60001DF01EFF884B08EE100A83ED038A87497A
:103C7000DFF8488203A818F0FFFF03A8DCF784FCF4
:103C800003A819F051F8D8F80030012B00F0EB80B0
:103C9000032B00F0E480002B00F0DD807C4CB0EEC4
:103CA000480ADCF729FC216803A818F0E5FF03A8FF
:103CB000DCF76AFC03A819F037F8744903A818F078
:103CC000DBFF03A8DCF760FC03A819F02DF8D8F897
:103CD0000030012B00F0BB80032B00F0B480002BE0
:103CE00000F0AD80B0EE480ADCF706FC216803A8BE
:103CF00018F0C2FF03A8DCF747FC03A819F014F87A
:103D00003B783BB9284606B0BDEC028BBDE8F041DC
:103D1000FFF76AB95F4903A818F0AEFF03A8DCF704
:103D200033FC03A819F000F8316803A818F0A4FFC9
:103D300003A8DCF729FC03A818F0F6FF564903A8EE
:103D400018F09AFF03A8DCF71FFC03A818F0ECFF9B
:103D5000316803A818F090FF03A8DCF715FC03A84E
:103D600018F0E2FF4D4903A818F086FF03A8DCF71E
:103D70000BFC03A818F0D8FF316803A818F07CFFEB
:103D800003A8DCF701FC03A818F0CEFF444903A800
:103D900018F072FF03A8DCF7F7FB03A818F0C4FFC4
:103DA000316803A818F068FF03A8DCF7EDFB03A84F
:103DB00018F0BAFF3B4903A818F05EFF03A8DCF730
:103DC000E3FB03A818F0B0FF316803A818F054FF14
:103DD00003A8DCF7D9FB03A818F0A6FF324903A813
:103DE00018F04AFF03A8DCF7CFFB03A818F09CFFEC
:103DF000316803A818F040FF03A8DCF7C5FB03A84F
:103E000018F092FF06B0BDEC028BBDE8F0811DF00A
:103E100047FE264B08EE100A27E71DF041FE244B13
:103E200008EE100A21E71DF03BFE224B08EE100AB7
:103E30001BE71DF035FE204B08EE100A15E7222087
:103E40001CF08EF84EE722201BF0D4F84AE722201F
:103E500019F0E6FF46E722201CF082F81EE7222038
:103E60001BF0C8F81AE7222019F0DAFF16E700BFA6
:103E70005C1FFF1F6816FF1FACB204008007FF1F06
:103E80001510FF1F3811FF1F2811FF1F28F5040010
:103E90008407FF1F44F4040058F404006CF4040089
:103EA00080F404003CF5040050F50400E810FF1F06
:103EB000F810FF1F0811FF1F1811FF1F9807FF1FA1
:103EC0002DE9F04F2DED108B1F21ADF5337DC4484A
:103ED000C44CDFF878831BF0BDFFC34818F0CCFC5E
:103EE000DEF736FFC14AC249D8F81CB0D8F818909E
:103EF00000235360BF4A5360BF4A5360BF4A5360B8
:103F0000BF4A5360BF4A13602B220A60BE49E36F69
:103F10002C220A60BD492D220A60BD492E220A606A
:103F2000BC492F22002B0A6040F3A685012305938C
:103F30000D21B9481BF08EFF0121AB4818F094FC0D
:103F4000A94818F099FC636D13F001030B9300F07E
:103F5000E982AC4AB14D1368D8F818A01595013321
:103F60001360A34AD8F81C300A9301211160AC4AAF
:103F70001492D8B20623136005232B6019F0A6FB18
:103F800001215FFA8AF019F0A1FBD4ED186AD8ED8F
:103F9000057AD8F80C20D8F81030656C069586EEB6
:103FA000A77A02FB03F307EE903AF8EE677A67EE22
:103FB000877A17EE900A1DF023FA02460B46284630
:103FC000CDE900231DF00AFADDE900231DF070FAA7
:103FD0006268A369DFED937A02FB03F308EE103AFF
:103FE000B8EEC88AE36A0D9306460F468E4817213D
:103FF00028EE278A1BF02EFFE16F7B4818F034FC77
:10400000794818F039FC059D002D40F00E83059B82
:104010000C93FDEEC87A754817EE901A17F090FBD6
:104020000D9917F081FB3946054630461DF0F0FC2E
:104030000146284617F0A6FB012211461046DDF77F
:1040400051FD636D13F0020540F0938229466948E3
:10405000DFED768A17F074FB294617F065FB2946D9
:1040600017F090FB0122294602200F95DDF73AFD5B
:1040700001239FED597B0E930993636D6C4A18924F
:1040800013F004056B4A1992CDF80090CDF808B0F2
:10409000B0EE47BAF0EE67BA40F05683294656486C
:1040A0009FED629A17F04CFB294617F03DFB29461D
:1040B00017F068FB0122294603201295DDF712FD57
:1040C00001239FED457B16930893636D5A4A209216
:1040D00013F00805594A2192CDF81090CDF80CB094
:1040E000B0EE47CAF0EE67CA00F0D283454A1368C3
:1040F00001331360012B226D0793069201F0678252
:10410000079B022B01F06287079B032B01F0F285CE
:104110004B494C481D9112220A60D8F854303C4952
:104120001C901322026004220A60002B42F0DC8003
:10413000D8F85C20D8F8583098ED180A02FB03F341
:1041400007EE903AF8EE677A27EE800A1CF096F9AF
:1041500094ED1B6ADFED3C6A86EE267AFDEEC07AAE
:10416000F8EEE77A67EE877A9DED067AB8EEC77AC1
:1041700067EE877A17EE900A1DF042F9636A2269AA
:10418000DFED287A059D02FB03F309EE903AF8EE85
:10419000E99AA36B1A9341EC1D0B69EEA79A002DC7
:1041A00002F09E80D4F88830002B02F36282DB0F8D
:1041B0001393FDEEE97A114817EE901A17F0C0FA42
:1041C0001A9917F0B1FA069B0793054651EC1D0B9F
:1041D0003EE000BFAFF300800000000000000000E0
:1041E00064F504004C12FF1F6008FF1F1418FF1F26
:1041F000C807FF1FD417FF1F5417FF1F9417FF1F77
:104200007018FF1F1810FF1FCC07FF1FD007FF1FDC
:10421000D407FF1FD807FF1F84F50400A007FF1F66
:10422000A407FF1F0AD7233C94F5040000000000F8
:10423000AC07FF1FA807FF1FB407FF1FB007FF1F32
:10424000BC07FF1FB807FF1F0000B443A813FF1FE0
:104250001DF0DEFB0146284617F094FA01221146B4
:104260000420DDF73FFC636D13F0100540F034834C
:104270000D9BA1480EEE103A0E9B0FEE103A169BC6
:1042800029460EEE903A17F05BFA294617F04CFAE1
:10429000294617F077FA012229462846DDF722FC45
:1042A000964B1F93964B1E933946012330461B9322
:1042B00017951DF0ADFB0FEE900A51EC1B0B1DF096
:1042C000A7FB0AEE900A51EC1C0B1DF0A1FB0AEEB5
:1042D000100A51EC1D0B1DF09BFB9FED857B8DEDB6
:1042E000107BBDEEC88AFDEEE88ABDEEC99AFDEEF0
:1042F000E99A2C460D90159B1A68149B19680023A7
:10430000CDE98633CDE99E338DF838329B939C936B
:104310008DF874327B4B85937B4B849380238DF88F
:10432000203284AB8993092042F29F4341F2883CBA
:10433000CDE98A03052334A8CDE9A0C317F0C0F95D
:1043400018EE101A34A817F0FBF91EEE101A17F029
:10435000EBF91FEE901A17F015FA199B1A68189BC3
:1043600044A8196817F0ACF918EE901A44A817F091
:10437000E7F91FEE101A17F0D7F91AEE901A17F096
:1043800001FA219B1A68209B54A8196817F098F924
:1043900019EE101A54A817F0D3F91EEE901A17F060
:1043A000C3F91AEE101A17F0EDF91C9B1A681D9B41
:1043B00064A8196817F084F919EE901A64A817F028
:1043C000BFF91A9917F0B0F90D9917F0DBF91E9B98
:1043D0001A681F9B74A8196817F072F9294674A807
:1043E00017F0AEF91B9917F09FF9214617F0CAF99B
:1043F000059B002B40F0278701230B930E21434898
:10440000434C1BF027FD0B99424818F02DFA414808
:1044100018F032FA01230D9323682E932E9A236805
:104420002D932D9B9B1A022BF9D92C213A481BF076
:1044300011FD0D9D3748294618F016FA354818F039
:104440001BFA0F2135481BF005FD0B99314818F078
:104450000BFA304818F010FA012D3BD0394630469F
:104460001DF0D6FA014634A817F0A6F951EC1B0B43
:104470001DF0CEFA014644A817F09EF951EC1C0B32
:104480001DF0C6FA014654A817F096F951EC1D0B21
:104490001DF0BEFA014664A817F08EF9DDE910019F
:1044A0001DF0B6FA014674A817F086F90C9B002B94
:1044B00040F0C1870F9B002B40F0A687129B002B7A
:1044C00040F08B87139B002B40F07087179B002BCD
:1044D00040F02487124B1B68013B042B00F2108331
:1044E000DFE813F0BD03F603D4039503E10200BF38
:1044F00000000000000000007018FF1FC407FF1F2D
:10450000C007FF1FC80F05000C10050098F7040036
:104510005C1FFF1F6008FF1FA8F70400D8F7040006
:104520001810FF1F0B9D45489FED458A294617F03F
:1045300007F9294617F0F8F8294617F023F9012260
:10454000294610460C95DDF7CDFA01230B930D9308
:104550000693636D3B4A149213F002053A4A159292
:10456000CA46CDF828B04FF000064FF000073FF4E0
:104570006DAD364AD4ED196A136801331360012B0F
:10458000A26C099306926BD0D8ED0A7AD8F8202055
:10459000D8F824302E49199186EEA77A02FB03F34E
:1045A0002C4A189207EE903AF8EE677A069B67EE6F
:1045B000877AFDEEE77A17EE905A03FB05F515238F
:1045C0001360254A14230B600223136028461CF055
:1045D00005FFA268E369DFED217A02FB03F308EE31
:1045E000903AD8F83030D8F82C200293F8EEE88AC8
:1045F00041EC1B0BD8B20121236B0E9368EEA78A06
:10460000009219F063F89DF80000012119F05EF89E
:10461000059B002B00F0C887D4F88030002B01F3F5
:104620008282DB0F0F9300F0C1BFE36F002B01F319
:104630008A8241F089860C93EBE400BF1418FF1FB7
:1046400000000000A407FF1FA007FF1F1810FF1F96
:10465000A807FF1FAC07FF1FCC07FF1F0AD7233C8B
:1046600098ED0A7AD8F82020D8F82430C6EE877A58
:1046700002FB03F3149A09EE103AB8EE499A152397
:1046800029EE279ADDED067A1360F8EEE77A159A9F
:104690001423136029EE279AC94A0223136019EEE6
:1046A000100A1CF0ADFEA268E369099DDFEDC57A32
:1046B000D8F82CA002FB03F308EE103AD8F83030FB
:1046C0000A93B8EEC88A06460F46D8B22946236B2D
:1046D0000D9328EE278A18F0F9FF29465FFA8AF031
:1046E00018F0F4FF059D002D41F01382FDEEC87A0D
:1046F000B548DFEDB68A17EE901A17F021F80D993C
:1047000017F012F8FDEEC97A17EE901A17F03AF882
:10471000AF4B1893AF4B19939FEDA77B01230E93DB
:104720000023CDF80090CDF808B00F93B0EE47BA53
:10473000F0EE67BA012211460220DDF7D3F9636D6E
:1047400013F004053FF4AAACA34A136801331360C5
:10475000012BE26C0893069200F09186089B022BD5
:1047600001F0A8849D499E48209110220A60D8F843
:1047700034309C4921901722026003220A60002BEA
:1047800041F08982D8F83C20D8F8383098ED100AEA
:1047900002FB03F307EE903AF8EE677A27EE800A01
:1047A0001BF06CFE94ED1A6ADFED8F6ACDF8109065
:1047B00086EE267AFDEEC07AF8EEE77A67EE877A23
:1047C0009DED067AB8EEC77A67EE877A17EE900A03
:1047D0001CF016FE41EC1C0BCDF80CB0E268236A0D
:1047E000DFED787A814802FB03F309EE103AB8EE68
:1047F000C99A636B1693162129EE279A1BF02AFBA0
:10480000D4F884107A4818F02FF8794818F034F862
:10481000059D002D01F0D683D4F88430002B01F3E0
:104820008385DB0F1293FDEEC97A724817EE901A5A
:1048300016F086FF169916F077FF069B089305463B
:1048400051EC1C0B1DF0E4F80146284616F09AFFC7
:104850000C2169481BF0FEFAB0EE4C0AF0EE6C0A2F
:104860006348022118F02CF8614818F005F801227D
:1048700011460320DDF736F90E2160481BF0EAFAF5
:104880005B4817F0F9FF636D13F008057FF42EAC59
:1048900029465B48DFED4D9A16F052FF294616F087
:1048A00043FF294616F06EFF012229460420139586
:1048B000DDF718F901239FED407B1A930793636D91
:1048C000504A1D9213F010054F4A1C92B0EE47DA81
:1048D000F0EE67DA3FF4CCAC3F4A13680133136063
:1048E000012B226C069200F00987022B01F0D28284
:1048F000032B01F04381D8F8042098ED020A042B21
:10490000D8F8003002FB03F307EE903AF8EE677A2E
:1049100027EE800A01F02B853C4A3D491F92032374
:1049200013603C4A1E9102230B60002313601BF0AE
:10493000A5FDD4ED176A9FED2C7AC6EE877ABDEE01
:10494000C0AAB8EECAAA2AEE27AADDED067AF8EECA
:10495000E77A2AEE27AA1AEE100A1CF051FD6369C5
:104960002268DFED187AA56A02FB03F30AEE903A9B
:10497000059BF8EEEAAACDE910016AEEA7AA002B82
:1049800001F0F184A36F002B01F39F85DB0F1793D8
:104990000D9B21481B950EEE103A0E9BFDEEEA7A18
:1049A0000FEE103A169B17EE901A2C460EEE903A28
:1049B00017EE905A32E000BF000000000000000037
:1049C000C807FF1F0AD7233CD417FF1F00000000B1
:1049D000AC07FF1FA807FF1F1810FF1FB407FF1F1A
:1049E000B007FF1FD007FF1F0000B4435CF60400B0
:1049F0006008FF1F5417FF1F84F6040094F604009C
:104A00009417FF1FBC07FF1FB807FF1FC407FF1F36
:104A1000C007FF1FD807FF1F7018FF1F16F090FE7A
:104A2000214616F081FEFDEECA7A17EE901A17EEB7
:104A3000904A16F0A7FE394630461CF0E9FF0FEE0B
:104A4000900A51EC1B0B1CF0E3FF0AEE900A51ECAC
:104A50001C0B1CF0DDFF0AEE100A51EC1D0B1CF0C4
:104A6000D7FFBDEEC88AFDEEE88ABDEEC99AFDEE1D
:104A7000E99A0D9000F0CFBED4F88030002B3FF7BC
:104A800055AAD4F88430002B3FF750AAD4F88830C8
:104A9000002B3FF74BAAA36F002BD4BF00230123A9
:104AA0000593FFF745BA9E9BB2A803F10F0200EBF6
:104AB000820200EB830034AD40F88C5CB2A800EBBE
:104AC000830044AD40F8885CB2A800EB830054AD8D
:104AD00040F8845CB2A800EB830064AD40F8805CD1
:104AE000B2A800EB8303002174A843F87C0C9E91CC
:104AF00042F8B41CB7EE000A052184A8F6F74EFE72
:104B00000921B0481BF0A6F9AF4817F0B5FE869B07
:104B1000002B63D00A9B0A3B0593059B1D2B40F29B
:104B2000F380AAF10A031D2B40F23A81029B0A3B53
:104B30001D2B40F25781009B0A3B1D2B40F28C81BC
:104B4000039B0A3B1D2B40F29781049B0A3B1D2BC4
:104B500040F2A281ABF10A031D2B40F2AD81A9F115
:104B60000A031D2B40F2B881D8F8F800A0F10A031F
:104B70001D2B0CD8C0B218F0DFFD054698F8F800E0
:104B800018F0DAFDD8F8FC30984240F0A68619F00B
:104B9000FDF9002840F3B5818C4B1B68012B00F018
:104BA000B781032B00F0C881002B00F0B481884A44
:104BB00000231370304639461CF02AFF359D2368C8
:104BC0003093309A23682F932F9B9B1A092BF9D986
:104BD0002946DCF7BFFE869B002B9ED10D9B0B9ACE
:104BE00001339A420D93BFF617ACD8F8E030012B91
:104BF00000F0C680774B1B6831AC042B00F2DB81E0
:104C0000DFE813F068071F070807F1069D019E9B68
:104C1000B2A803F10E0200EB820200EB830034AD78
:104C200040F88C5CB2A800EB830044AD40F8885C8F
:104C3000B2A800EB830054AD40F8845CB2A800EB4E
:104C40008303002164A843F8800C9E9142F8B41CB1
:104C5000B7EE000A042184A8F6F7A0FD50E79E9B5A
:104C6000B2A803F10B0200EB830334A843F88C0CC9
:104C7000B2AB03EB820300219E9143F8B41CB7EE64
:104C8000000A012184A8F6F789FD39E79E9BB2A8A6
:104C900003F10D0200EB820200EB830034AD40F81B
:104CA0008C5CB2A800EB830044AD40F8885CB2A8ED
:104CB00000EB8303002154A843F8840C9E9142F832
:104CC000B41CB7EE000A032184A8F6F767FD17E7C6
:104CD0009E9BB2A803F10C0200EB820200EB830062
:104CE00034AD40F88C5CB2A800EB8303002144A8EB
:104CF00043F8880C9E9142F8B41CB7EE000A0221DA
:104D000084A8F6F74BFDFBE69DF8280018F014FD8B
:104D1000D8F8FC3098423FF404AF069B002B7FF795
:104D200000AF87A8002517F07DFC8C98869516F0BB
:104D30006FFE8D9816F06CFE274B01242A462946FB
:104D400028461C70DCF7CEFE2A4629462046DCF7B2
:104D5000C9FE2A4629460220DCF7C4FE2A46294617
:104D60000320DCF7BFFE2A4629460420DCF7BAFE02
:104D70000B20F1F7D1FED8F8E030012B7FF43AAFE9
:104D8000162116481BF066F8D8F8E0100E480023EC
:104D90000A2217F089FD0C4817F06EFD31ACC6E110
:104DA0005FFA8AF018F0C8FCD8F8FC3098423FF45B
:104DB000BDAE069B002BBFF6B9AE2B2108481BF0F9
:104DC00049F823E0F8F704006008FF1F9807FF1F69
:104DD000F016FF1FC807FF1FB418FF1FA8F3040039
:104DE00004F804009DF8080018F0A6FCD8F8FC3080
:104DF00098423FF4A0AE099B002B7FF79CAE73480E
:104E000028211BF027F8724817F036FD87A80025E7
:104E100017F008FC8C98869516F0FAFD8D9816F020
:104E2000F7FD6C4B01242A46294628461C70DCF706
:104E300059FE2A4629462046DCF754FE2A462946D2
:104E40000220DCF74FFE2A4629460320DCF74AFE03
:104E50000B20F1F761FEC8E69DF8000018F06CFC2D
:104E6000D8F8FC3098423FF46BAE099B002BBFF69C
:104E700067AE59482821C4E79DF80C0018F05CFC87
:104E8000D8F8FC3098423FF460AE089B002B7FF7C7
:104E90005CAE52482821B4E79DF8100018F04CFC95
:104EA000D8F8FC3098423FF455AE089B002BBFF673
:104EB00051AE4B482821A4E75FFA8BF018F03CFC78
:104EC000D8F8FC3098423FF44AAE079B002B7FF79E
:104ED00046AE444828210EE05FFA89F018F02CFC19
:104EE000D8F8FC3098423FF43FAE079B002BBFF64A
:104EF0003BAE3D4828211AF0ADFF354817F0BCFC09
:104F00000FE71AF0B9F8394B1B68012B7FF449AE53
:104F100019F050F801E01AF02FFFC3B2344A532BB6
:104F200013707FF447AE869B13B184A8DBF7BAFFFA
:104F3000284A012313703DE61AF0B2F8EDE72D4937
:104F4000204617F099FE2046DBF71EFB204617F09F
:104F5000EBFE2949204617F08FFE2046DBF714FBB5
:104F6000204617F0E1FE2549204617F085FE204631
:104F7000DBF70AFB204617F0D7FE2149204617F041
:104F80007BFE2046DBF700FB204617F0CDFE1D49D7
:104F9000204617F071FE2046DBF7F6FA204617F0A0
:104FA000C3FE1949204617F067FE2046DBF7ECFAEE
:104FB000204617F0B9FE154B1B68042B64D8DFE8B8
:104FC00013F0FB046300E404CD04270030F8040070
:104FD0006008FF1FB418FF1F5CF8040088F8040085
:104FE000B4F80400E0F804000CF904009807FF1F6F
:104FF000F016FF1F5CF90400DCAE040074F9040035
:1050000080B5040018E7040024E70400CC07FF1F64
:10501000CC49204617F030FE2046DBF7B5FA204693
:1050200017F082FEC849204617F026FE2046DBF71F
:10503000ABFA204617F078FEC449204617F01CFE54
:105040002046DBF7A1FA204617F06EFEC049204645
:1050500017F012FE2046DBF797FA204617F064FEA1
:10506000BC49204617F008FE2046DBF78DFA2046A3
:1050700017F05AFEB849204617F0FEFD2046DBF730
:1050800083FA204617F050FEB44B1B68032B01F047
:105090001181042B01F0BA80002B01F0F580B04B98
:1050A0001B68002B00F00284042B3BD1A54920464D
:1050B00017F0E2FD2046DBF767FA204617F034FED2
:1050C000A149204617F0D8FD2046DBF75DFA2046BF
:1050D00017F02AFE9D49204617F0CEFD2046DBF74B
:1050E00053FA204617F020FE9949204617F0C4FDD8
:1050F0002046DBF749FA204617F016FE9549204670
:1051000017F0BAFD2046DBF73FFA204617F00CFEF9
:105110009149204617F0B0FD2046DBF735FA2046CE
:1051200017F002FE8F4B1B68002B00F08283359E28
:105130008D4F459D55998D4B659A1868759B7642A4
:105140003E608B4E6D4235608A4D494229608A49E6
:105150008A4D52420A608A4A5B4213600021012252
:10516000DCF7C0FC874B012218680021DCF7BAFC91
:105170007A4B012218680021DCF7B4FC784B01223D
:1051800018680021DCF7AEFC764B0122186800217C
:10519000DCF7A8FC7C49204617F06EFD2046DBF7C3
:1051A000F3F9204617F0C0FD2968204617F064FD8A
:1051B0002046DBF7E9F9204617F0B6FD7349204693
:1051C00017F05AFD2046DBF7DFF9204617F0ACFD5B
:1051D0002968204617F050FD2046DBF7D5F9204618
:1051E00017F0A2FD6A49204617F046FD2046DBF77E
:1051F000CBF9204617F098FD2968204617F03CFDB2
:105200002046DBF7C1F9204617F08EFD614AD8F839
:10521000000100235360604A5360604A5360604A53
:105220005360604A5360A0F10A031D2B40F22281B3
:105230005D4B849384A8F2F7E1FA0DF5337DBDEC64
:10524000108BBDE8F08F0B981CF0C8F804460D4693
:1052500022462B46304639461CF054FA2246064672
:105260000F462B4651EC1B0B1CF04CFA02460B462A
:1052700043EC1A2B51EC1C0BB0EE4ABAF0EE6ABAB2
:1052800022462B461CF03EFA02460B4643EC192BF5
:1052900051EC1D0BB0EE49CAF0EE69CA22462B460E
:1052A0001CF030FA224641EC180B2B46DDE91001C8
:1052B000B0EE48DAF0EE68DA1CF024FA04460D4647
:1052C00030463946CDE910451CF0A2FB34AB01460F
:1052D000184616F071FA51EC1A0B1CF099FB44AB0E
:1052E0000146184616F068FA51EC190B1CF090FBB9
:1052F000014654A816F060FA51EC180B1CF088FB1C
:10530000014664A816F058FA294620461CF080FB96
:10531000014674A816F050FAFFF770B8DDE91012D4
:1053200002F1004328912993DDE928011CF070FB6C
:105330009DED287B014674A88DED107B16F03CFA9C
:10534000FFF7C8B85CE80400DCAE040074E80400B1
:1053500080B5040018E7040024E70400D007FF1F0D
:10536000D407FF1FD807FF1F5418FF1FC807FF1FD0
:105370005818FF1F5C18FF1F6018FF1F8007FF1FD2
:105380006418FF1FCC07FF1FDCE5040008E60400DB
:105390008CF904001418FF1FD417FF1F5417FF1FA8
:1053A0009417FF1F7018FF1F0C10050052EC1D1BF7
:1053B00002F100438DED26DA2793DDE926011CF08A
:1053C00027FB9DED267B014664A8B0EE47DAF0EEA0
:1053D00067DA16F0F1F9FFF779B852EC1C1B02F10D
:1053E00000438DED24CA2593DDE924011CF010FB58
:1053F0009DED247B014654A8B0EE47CAF0EE67CA83
:1054000016F0DAF9FFF75EB852EC1B1B02F100430D
:105410008DED22BA2393DDE922011CF0F9FA9DED0E
:10542000227B014644A8B0EE47BAF0EE67BA16F008
:10543000C3F9FFF743B807F100432B932A96DDE940
:105440002A56314628461CF0E3FA014634A816F0E5
:10545000B3F90F219A481AF0FDFC46EC105B0221CB
:10546000984817F02DFA974837462E4617F004FA59
:10547000FFF720B80121C0B218F028F9D8E6149936
:10548000D8F8343010220A60159917220A608E4924
:1054900003220A60002B40F0BB84D8F83C20D8F8E7
:1054A000383098ED100A02FB03F307EE903AF8EE5D
:1054B000677A27EE800A1AF0E1FF94ED1A6ADFEDB1
:1054C000836A86EE267AFDEEC07AF8EEE77A67EE1A
:1054D000877A9DED067AB8EEC77A67EE877A17EE7F
:1054E000900A1BF08DFF236AE268DFED797A059D53
:1054F00002FB03F308EE103AB8EEC88A636B0D9313
:1055000028EE278A06460F463DB1D4F88430002B9A
:1055100001F3E1801CBF059B0C93FDEEC87A6D483A
:105520009FED6D9A17EE901A16F00AF90D9916F084
:10553000FBF86A4B20936A4B21930123054616938F
:105540003946002330461293CDF81090CDF80CB0B8
:105550001CF05EFA0146284616F014F90C21614849
:105560001AF078FC47EC106B0221564817F0A8F9A6
:10557000544817F081F90C215B481AF06BFC18EEC7
:10558000100A1BF03DFF41EC100B02214D4817F0B3
:1055900097F94C4817F070F99FED477BB0EE47CA7A
:1055A000F0EE67CAFFF763B9059B0F93FDEEE87A4B
:1055B0004E4817EE901A16F0C3F80E9916F0B4F88C
:1055C000294616F0DFF8069B0993FFF7B3B8149944
:1055D000D8F8543012220A60159913220A603A4909
:1055E00004220A60002B40F03484D8F85C20D8F8FC
:1055F000583098ED180A02FB03F307EE903AF8EEE4
:10560000677A27EE800A1AF039FF94ED1B6ADFED06
:105610002F6A86EE267AFDEEC07AF8EEE77A67EE1C
:10562000877A9DED067AB8EEC77A67EE877A17EE2D
:10563000900A1BF0E5FE636A2269DFED257A059D7D
:1056400002FB03F308EE103AB8EEC88AA36B0D9381
:1056500028EE278A06460F463DB1D4F88830002B45
:1056600001F317801CBF059B0C93FDEEC87A204800
:10567000DFED199A17EE901A16F062F80D9916F0F0
:1056800053F81C4B1D931C4B1C9301231A930023AE
:1056900005461393304639461CF0BAF901462846B0
:1056A00016F070F89FED047BB0EE47DAF0EE67DAA3
:1056B000FEF7D4BDAFF30080000000000000000042
:1056C000E8F704006008FF1FC807FF1F0000B4438D
:1056D0000AD7233C5417FF1F00000000B407FF1F28
:1056E000B007FF1F1CF604002CF60400D417FF1FA0
:1056F0009417FF1FBC07FF1FB807FF1FD8F804202F
:10570000D8F8003098ED020A02FB03F3149A07EE72
:10571000903A03231360159AF8EE677A0223136018
:10572000D54A002327EE800A13601AF0A7FED4EDB5
:10573000176A9FEDD27AC6EE877ABDEEC0AAB8EEA0
:10574000CAAA2AEE27AADDED067AF8EEE77A2AEE53
:1057500027AA1AEE100A1BF053FE63692268DFEDD8
:10576000C87AA56A02FB03F308EE103A059BB8EE6F
:10577000C88A064628EE278A0F46002B40F0C181D2
:105780000E9BC048BDEEC88A0FEE103A169B18EE6D
:10579000101A0EEE903A15F0D3FF294615F0C4FF0B
:1057A000FDEECA7A002417EE901AF0EE67FA15F0B3
:1057B000E9FF1121B4481AF04DFB47EC106B0221B0
:1057C000B24817F07DF8B14817F056F8B04B1F9368
:1057D000B04B1E9351EC1B0B01231B9317941CF031
:1057E00017F9FDEEE88ABDEEC99AFDEEE99A0AEED8
:1057F000900A0EEE105A254651EC1C0B1CF008F9CD
:105800000AEE100A51EC1D0B1CF002F99FED987B7B
:105810008DED107B0D90012211460020DCF762F91E
:1058200011219D481AF016FB984817F025F8FEF74D
:1058300062BD9A49204617F01FFA2046DAF7A4FE07
:10584000204617F071FA9649204617F015FA2046BF
:10585000DAF79AFE204617F067FA9249204617F0C9
:105860000BFA2046DAF790FE204617F05DFA8E49D3
:10587000204617F001FA2046DAF786FE204617F098
:1058800053FA8A49204617F0F7F92046DAF77CFEEA
:10589000204617F049FA8649204617F0EDF92046D0
:1058A000DAF772FE204617F03FFA40E47B492046C3
:1058B00017F0E2F92046DAF767FE204617F034FACF
:1058C0007749204617F0D8F92046DAF75DFE2046E2
:1058D00017F02AFA7349FFF7FEBB082175481AF042
:1058E000B9FA2946694816F0BFFF684816F0C4FFA8
:1058F00087A8002416F096FE8C98869416F088F8F7
:105900008D9816F085F86C4B0125224621462046DD
:105910001D70DCF7E7F8224621462846DCF7E2F85E
:10592000224621460220DCF7DDF8224621460320EC
:10593000DCF7D8F8224621460420DCF7D3F80B2008
:10594000F1F7EAF8D8F80001A0F10A031D2B3FF6A1
:105950006FAC2946C0B217F0B9FE69E4574920463A
:1059600017F08AF92046DAF70FFE204617F0DCF927
:105970004B49204617F080F92046DAF705FE20460D
:1059800017F0D2F94E49FFF758BB4E49204617F0A1
:1059900073F92046DAF7F8FD204617F0C5F94049BB
:1059A000204617F069F92046DAF7EEFD204617F099
:1059B000BBF94549FFF741BB3849204617F05CF970
:1059C0002046DAF7E1FD204617F0AEF934492046CB
:1059D00017F052F92046DAF7D7FD204617F0A4F960
:1059E0003049FFF72ABB3549204617F045F92046D4
:1059F000DAF7CAFD204617F097F92949204617F033
:105A00003BF92046DAF7C0FD204617F08DF92C4906
:105A1000FFF7AABA2B49204617F02EF92046DAF7ED
:105A2000B3FD204617F080F91D49204617F024F9F0
:105A30002046DAF7A9FD204617F076F92249FFF74C
:105A400093BA2249204617F017F92046DAF79CFD51
:105A5000204617F069F91249204617F00DF9204643
:105A6000DAF792FD204617F05FF91949FFF77CBA83
:105A70000000000000000000C807FF1F0000B44342
:105A80000AD7233C7018FF1FF4F604006008FF1FBC
:105A9000C407FF1FC007FF1F84F704008CE8040041
:105AA000DCAE0400A4E8040080B5040018E704009C
:105AB00024E7040038F90400B418FF1F2CE80400A0
:105AC00044E80400FCE7040014E8040044F904007E
:105AD000E4E70400BC49204617F0CEF82046DAF788
:105AE00053FD204617F020F9B849204617F0C4F8B6
:105AF0002046DAF749FD204617F016F9B449FFF7BA
:105B000033BAA36F002B00F3D4851CBF059B0C9305
:105B100036E6D4F88030002B00F39B851CBF059B34
:105B20000C93FEF7E3BD5A000D21AA480B921AF020
:105B300091F90B99A84816F097FEA74816F09CFE1D
:105B4000059B0F9332E55B001721A4480B931AF0D5
:105B500081F9E16FA04816F087FE9F4816F08CFE91
:105B60000D219F481AF076F90B999B4816F07CFEA0
:105B7000994816F081FE0C95FEF74BBA209A98EDE5
:105B8000020A1360D8F80420D8F8003002FB03F3AF
:105B900007EE903A219AF8EE677A02231360914A51
:105BA000002327EE800A13601AF068FCD4ED176A10
:105BB0009FED8D7AC6EE877ABDEEC0AAB8EECAAA6E
:105BC0002AEE27AADDED067AF8EEE77A2AEE27AA72
:105BD0001AEE100A1BF014FC63692268DFED837A69
:105BE000A56A02FB03F309EE103A059BB8EEC99AC9
:105BF00041EC1C0B29EE279A33B1A36F002B00F365
:105C00009B851CBF059B12930D9B7948BDEEC99ADD
:105C10000EEE103A0E9B19EE101A0FEE103A15F018
:105C20008FFD294615F080FDFDEECA7A002417EE9F
:105C3000901AB0EE67AA15F0A5FD11216D481AF073
:105C400009F9B0EE4C0AF0EE6C0A0221624816F037
:105C500037FE614816F010FE674B1F93674B1E938B
:105C6000069B08933946012330461B9317941BF07B
:105C7000CFFE0FEE900A51EC1B0B1BF0C9FE0EEE8F
:105C8000905ABDEEC88AFDEEE88AFDEEE99A0AEE6A
:105C9000900A2546B6E5D8F85030D8F84C20039342
:105CA0001546D8B20121049217F010FD0121E8B287
:105CB00017F00CFDD4ED1A6AD8ED117AD8F8382017
:105CC000D8F83C3086EEA77A02FB03F307EE903A51
:105CD000F8EE677A67EE877A9DED067AB8EEC77AB6
:105CE00067EE877A17EE900A1BF08AFB41EC1C0BDB
:105CF000FEF774BD2099D8F8543012220A60219919
:105D000013220A60374904220A60002B40F0808485
:105D1000D8F85C20D8F8583098ED180A02FB03F345
:105D200007EE903AF8EE677A27EE800A1AF0A6FBA3
:105D300094ED1B6ADFED2C6A86EE267AFDEEC07AC2
:105D4000F8EEE77A67EE877A9DED067AB8EEC77AC5
:105D500067EE877A17EE900A1BF052FB636A22699E
:105D6000DFED227A059D02FB03F309EE103AB8EE4F
:105D7000C99AA36B169341EC1C0B29EE279A3DB1EF
:105D8000D4F88830002B00F3B6841CBF059B129317
:105D9000FDEEC97A1A48DFED1B9A17EE901A15F03E
:105DA000CFFC169915F0C0FC174A1D92174A1C9299
:105DB000069A08920123002205461A9351EC1C0B07
:105DC0001392079368E400BF8CE80400DCAE040083
:105DD000A4E80400FCF504006008FF1FACF5040013
:105DE000C4F50400D007FF1F0000B4430AD7233CCA
:105DF0007018FF1F50F70400C407FF1FC007FF1FE4
:105E00009417FF1F00000000BC07FF1FB807FF1F0B
:105E1000D8F85030089DD8F84CA00A93D8B229463B
:105E200017F054FC29465FFA8AF017F04FFCD8F8B7
:105E30003C30D8F83820D8ED117AD4ED1A6A02FB3C
:105E400003F386EEA77A07EE903AF8EE677AFFF74B
:105E50003EBBD8F87030079DD8F86CA00A93D8B232
:105E6000294617F033FC29465FFA8AF017F02EFC1A
:105E7000D8F85C30D8F85820D8ED197AD4ED1B6AE0
:105E800002FB03F386EEA77A07EE903AF8EE677A04
:105E9000FFF7C5BB199A98ED020A1360D8F80420E1
:105EA000D8F8003002FB03F307EE903A189AF8EEA8
:105EB000677A03231360C44A002327EE800A136025
:105EC0001AF0DCFA94ED176ADFEDC06A86EE267AE6
:105ED000FDEEC07AF8EEE77A67EE877A9DED067AF6
:105EE000B8EEC77A67EE877AFDEEE77A17EE900A8A
:105EF000F0EE67AA1BF072FA63692268DFEDB47AEC
:105F0000A56A02FB03F30AEE103A059BB8EECAAA93
:105F100041EC1B0B2AEE27AA33B1A36F002B00F331
:105F2000C3821CBF059B0F930D9BAA48FDEECA8A36
:105F30000EEE103A169B18EE901A0EEE903A15F0EF
:105F4000FFFB294615F0F0FB1AEE901A15F01AFC2B
:105F50001121A14819F07EFFB0EE4B0AF0EE6B0A5A
:105F600002219E4816F0ACFC9C4816F085FC1121DD
:105F70009B4819F06FFF1AEE100A1BF041FA41EC32
:105F8000100B0221954816F09BFC944816F074FC07
:105F9000944B1F93944B1E93069B0993002401235B
:105FA000304639461B9317941BF032FD0FEE105A02
:105FB000BDEEC88ABDEEC99AFDEEE99A0FEE900AD1
:105FC000254619E4059B1293FEF72DBC1899D8F8C5
:105FD000543012220A60199913220A607A49042265
:105FE0000A60002B40F0B682D8F85C20D8F8583010
:105FF00098ED180A02FB03F307EE903AF8EE677A81
:1060000027EE800A1AF03AFA94ED1B6ADFED6F6A08
:1060100086EE267AFDEEC07AF8EEE77A67EE877AAA
:106020009DED067AB8EEC77A67EE877AFDEEE77ADD
:1060300017EE900A17EE905A1BF0D0F941EC1B0BAB
:10604000636A2269DFED627A02FB03F308EE903A9D
:10605000A36B0E93F8EEE88A059B68EEA78A3BB126
:10606000D4F88830002B00F300821CBF059B0F93EF
:10607000FDEEE87A5D48DFED5E9A17EE901A15F0B6
:106080005FFB0E9915F050FB294615F07BFB594A32
:106090001D929FED4B7B584A1C92069A0992012350
:1060A00000221A9313920793B0EE47DAF0EE67DA04
:1060B000FEF7D4B81899D8F8343010220A6019992C
:1060C00017220A60404903220A60002B40F07082C8
:1060D000D8F83C20D8F8383098ED100A02FB03F3CA
:1060E00007EE903AF8EE677A27EE800A1AF0C6F9C2
:1060F000D4ED1A6A9FED357AC6EE877AFDEEC09A26
:10610000F8EEE99A69EEA79ADDED067AF8EEE77AFD
:1061100069EEA79AFDEEE99A19EE900A1BF05EF976
:1061200041EC1B0B236AE268DFED297A059D02FB37
:1061300003F308EE903AF8EEE88A636B0E9368EE8C
:10614000A78A3DB1D4F88430002B00F39E811CBF98
:10615000059B0F93FDEEE87A28489FED259A17EEF0
:10616000901A15F0EDFA0E9915F0DEFA19EE901A64
:1061700015F008FB0C21224819F06CFEB0EE4B0A1A
:10618000F0EE6B0A0221154816F09AFB0125134820
:10619000169516F071FB1B4B20939FED097B1A4B54
:1061A0002193069B09930023CDF81090CDF80CB0F5
:1061B00012930895B0EE47CAF0EE67CAFEF757BBD8
:1061C0000000000000000000CC07FF1F0000B443E7
:1061D0000AD7233C7018FF1F18F704006008FF1F40
:1061E0002CF70400C407FF1FC007FF1F9417FF1FF1
:1061F00000000000BC07FF1FB807FF1F5417FF1F58
:106200004CF60400B407FF1FB007FF1FBA49204631
:1062100016F032FD2046DAF7B7F9204616F084FD75
:10622000B649204616F028FD2046DAF7ADF920469B
:1062300016F07AFDB249204616F01EFD2046DAF728
:10624000A3F9204616F070FDAE49204616F014FD65
:106250002046DAF799F9204616F066FDAA4920464D
:1062600016F00AFD2046DAF78FF9204616F05CFD9D
:10627000A649204616F000FD2046DAF785F92046AB
:1062800016F052FDFEF70BBFA149204616F0F4FCB4
:106290002046DAF779F9204616F046FD9749204660
:1062A00016F0EAFC2046DAF76FF9204616F03CFDBE
:1062B0009849C0E79849204616F0DEFC2046DAF7F8
:1062C00063F9204616F030FD8C49204616F0D4FCC8
:1062D0002046DAF759F9204616F026FD8F49AAE73D
:1062E000059B1393FDF765BFD8F870B0D8F86C9094
:1062F00001215FFA8BF017F0E9F901215FFA89F0CB
:1063000017F0E4F9D8F85C30D8F85820D8ED197AAD
:10631000D4ED1B6A02FB03F386EEA77A07EE903AF0
:10632000F8EE677AFDF71EBF5B000D217C480B93EA
:1063300019F090FD0B997B4816F096FA794816F003
:106340009BFA1295FEF76FBA1721774819F082FD74
:10635000E16F744816F088FA724816F08DFA059BC2
:106360000C93FDF756BE059B1793FEF711BB1D9AC4
:10637000032313601C9A022313606C4A00231360EA
:106380001AF07CF8D4ED176A9FED697AC6EE877A29
:10639000BDEEC0AAB8EECAAA2AEE27AADDED067A9B
:1063A000F8EEE77A2AEE27AA1AEE100A1BF028F870
:1063B00063692268DFED5F7AA56A02FB03F309EEE9
:1063C000903A059BF8EEE99A41EC1D0B69EEA79A0D
:1063D00033B1A36F002B00F39E811CBF059B139369
:1063E0000D9B55481A950EEE103A0E9BFDEEE99A5C
:1063F0000FEE103A169B19EE901A0EEE903A15F029
:106400009FF9294615F090F9FDEECA7A002417EE9F
:10641000901ACDED0D7A15F0B5F9484B1F93484B06
:106420001E93069B07933946012330461B9317940E
:106430001BF0EEFA0FEE900A51EC1B0B1BF0E8FA82
:106440000AEE900A51EC1C0B1BF0E2FA9FED287B40
:10645000BDEEC88A8DED107BFDEEE88ABDEEC99ACF
:106460000AEE100A2546FFF7D6B95A000D21354825
:106470000B9219F0EFFC0B992A4816F0F5F9294810
:1064800016F0FAF9059B0F93F2E55B000D212E48FB
:106490000B9319F0DFFC0B99224816F0E5F921481F
:1064A00016F0EAF90F9555E65A0014460E212748D2
:1064B0000B9219F0CFFC21461A4816F0D5F919486D
:1064C00016F0DAF9059B0F932EE55A0014460E21BB
:1064D0001F480B9219F0BEFC2146124816F0C4F971
:1064E000104816F0C9F9059B1793FEF751BA00BF83
:1064F00000000000000000005CE80400DCAE0400C6
:1065000074E8040080B5040018E7040024E70400E0
:106510008CE80400A4E804002CE8040044E804002B
:1065200074F604006008FF1FD4F50400D407FF1FB1
:106530000000B4430AD7233C7018FF1FC407FF1F95
:10654000C007FF1FB4F604003CF6040008F704007F
:1065500074F70400D8F87030D8F86C200293154610
:10656000D8B20121009217F0B1F8E8B2012117F07A
:10657000ADF8D4ED1B6AD8ED197AD8F85820D8F8C0
:106580005C3086EEA77A02FB03F307EE903AF8EE52
:10659000677A069B67EE877AFDEEE77A17EE905AE8
:1065A00003FB05F528461AF019FF41EC1B0B47E5E4
:1065B000D8F85030D8F84C2002931546D8B20121B3
:1065C000009217F083F80121E8B217F07FF8D4EDBC
:1065D0001A6A98ED117AD8F83820D8F83C30C6EE0F
:1065E000877A02FB03F309EE903AF8EE699A69EEB6
:1065F000A79ADDED067AF8EEE77A69EEA79A19EE2A
:10660000900A1AF0FDFEFDEEE99A41EC1B0B89E5BC
:10661000D8F87030D8F86C2003931546D8B2012111
:10662000049217F053F80121E8B217F04FF8D8F8A8
:106630005C30D8F85820D8ED197AD4ED1B6A02FBEB
:1066400003F386EEA77A07EE903AF8EE677AFFF743
:1066500079BB5B000D2141480B9319F0FBFB0B99B3
:106660003F4816F001F93E4816F006F90C95FEF782
:106670003DB85B000E213B480B9319F0EBFB0B99E7
:10668000374816F0F1F8364816F0F6F81395FDF78E
:1066900090BD5B000D2134480B9319F0DBFB0B9987
:1066A0002F4816F0E1F82E4816F0E6F80C95FEF7A4
:1066B000DCBF5A0014460E212C480B9219F0CAFB7D
:1066C0002146274816F0D0F8254816F0D5F8059B46
:1066D0000C93FFF755B85B000D2125480B9319F07B
:1066E000B9FB0B991E4816F0BFF81D4816F0C4F808
:1066F0000C95FEF712BF5B000E211E480B9319F09C
:10670000A9FB0B99164816F0AFF8154816F0B4F827
:106710001295FFF73DBB5A0014460E2116480B9206
:1067200019F098FB21460E4816F09EF80C4816F01A
:10673000A3F8059B139353E65A0014460E210F4805
:106740000B9219F087FB2146054816F08DF8044896
:1067500016F092F8059B1293FFF756BAECF5040079
:106760006008FF1FD4F60400A4F60400E4F6040059
:106770000CF60400C4F6040064F7040040F70400BB
:106780002DE9F04F2DED048B0246CDB00B46B248FB
:10679000DFF834B3192108EE902A08EE103A19F008
:1067A00059FBAE4816F068F8DCF7D2FA1821AC486D
:1067B00019F050FBA94816F05FF8DBF800200692AC
:1067C0000699DBF800300593059B5B1A092BF8D975
:1067D000A449DFF8F882A44CA44FDFF8F4921EA875
:1067E00016F04AFA1EA8D9F7CFFE1EA816F09CFA9A
:1067F0009F4B1EA8196816F03FFA1EA8D9F7C4FED1
:106800001EA816F091FA9B4BD8F80010A66900223A
:106810001A60994B3A601A60984BC9F800201A60C8
:10682000974B1A60974B01391A60E369019303296A
:1068300000F29187DFE811F052018A01CA010400D9
:10684000D8F82420D8F83C109FEDA37AE66E01FB1F
:1068500002F307EE903AF8EE677A236F626D0193C8
:1068600067EE877A1221FDEEE77AD8F82830396092
:106870001321C9F80010CDED027A0393002A00F02D
:106880009586012A40F07C8698ED120ADBF756FEC9
:10689000B8EEC88A28EE008AFDEEC87ACDED007AFF
:1068A000012211460420DBF71DF99DF80430DFF8C2
:1068B00024A21846012109EE103A16F007FFF3B2A0
:1068C0001846012109EE903A16F000FF1EAB239303
:1068D00080206D4B1E938DF88800092342F29F4063
:1068E00041F2883CCDE92430684A39681F9205207E
:1068F0000025CDE93AC0D9F800208DF8A0500EA8A7
:10690000CDE92055CDE93855359536958DF8DC50D3
:1069100014F0D6FE5E4B3F681F605E4FD9F8002032
:106920003A60D8F84420D8ED137A5B49D8F8007063
:106930000D60012A08BF9FED597A594D59482F60C3
:1069400008BFC7EE877A5849D8F8042003250560A8
:1069500002200860D8F82C1001FB02F350460022F8
:10696000CAF8042094ED027ADFED5B6A27EE878A8D
:10697000D4ED007AF8EE677AB8EEE87A28EE278A46
:1069800007EE903AF8EE677A67EEA67AD4ED016AE0
:10699000F8EE666AFDEEE77A28EE268A17EE901A80
:1069A00028EE078A14F0CCFED8F8081014F0BCFECC
:1069B000FDEEC87A504617EE901A17EE907A14F052
:1069C000E1FED8F80020013A032A11D8DFE802F0EE
:1069D000403D3A020299354D00226A60284614F083
:1069E000AFFE039914F0A0FE0099284614F0CAFEE9
:1069F0000B212F4819F02EFA0099184815F034FF92
:106A0000164815F039FF012211460020DBF76AF81D
:106A100001221146D8F80000DBF764F8254B26491F
:106A20005A6F0220012A086000F00E85D8F8002075
:106A3000013A032A00F21881DFE812F09101810186
:106A4000A101FE0002991D4DC6E702991C4DC3E746
:106A500002991C4DC0E700BFA0F904006008FF1FA9
:106A6000BCF90400ACB20400A813FF1F9C07FF1F71
:106A70008007FF1F3416FF1F3C16FF1F3816FF1F2D
:106A80002C16FF1F3016FF1F0C100500C80F050045
:106A9000AC07FF1FA807FF1FC807FF1F0000B44374
:106AA000CC07FF1FA407FF1FA007FF1F9417FF1F9E
:106AB000D8F904006C11FF1F1810FF1F5417FF1F97
:106AC000D417FF1F1418FF1F5C1FFF1FB014FF1FF8
:106AD0003407FF1F7018FF1F0AD7233CD4ED057A37
:106AE00098ED126A2269E1685FED056A86EE277A01
:106AF00001FB02F3D8F80C20D8F8301007EE903ADA
:106B0000F8EE677A01FB02F367EE877A07EE103A38
:106B1000B8EEC88AB8EE477A67EE887A27EE267A0A
:106B200006210122BDEEC77AFDEEE77A3960052124
:106B3000D8F81030C9F80010104611468DED027AD1
:106B40000393CDED007ADAF7CDFFAEE6D8F8142046
:106B5000D8F834105FED206A98ED127AE66A01FBEE
:106B600002F307EE903AF8EE677A236BD4F8CC2064
:106B7000019367EEA67A1521FDEEE77AD8F8183072
:106B800039601421C9F80010CDED027A0393002A70
:106B900040F0E484D4ED0A7A626A216AC7EE276A7B
:106BA00001FB02F307EE903AF8EE677A67EEA67AF9
:106BB000B8EEC88A012268EE277A1146FDEEE77A20
:106BC0000220CDED007ADAF78DFF6EE6D8F81C20B2
:106BD000D8F838101FED407AE66C01FB02F307EE9F
:106BE000903AF8EE677A236D626B019367EE877ACD
:106BF0001021FDEEE77AD8F8203039601721C9F866
:106C00000010CDED027A0393002A00F0C184012A1E
:106C100040F0BA8498ED120ADBF74CFCB8EEC88A53
:106C200028EE008AFDEEC87ACDED007A01221146E9
:106C30000320DAF757FF38E6389A4CAB03EB8205AE
:106C400002F10C0145F88CAC2A46554DB7EE000A0E
:106C5000002003EB810142F8885C41F8B40C3890C5
:106C600002211EA8F4F79AFD209A002A40D0019B29
:106C7000DFF85891A3F10A051D2D40F2DA82A6F142
:106C80000A031D2B40F2FB82D4F8F800A0F10A039E
:106C90001D2B07D8C0B216F04FFDD4F8FC30984237
:106CA00040F03B8317F072F9002840F310833D4B0E
:106CB0001B68012B00F01283032B00F02B83002BA9
:106CC00000F02583384B00221A70DBF800300A935D
:106CD0000A9ADBF800300993099B9B1A632BF8D9B9
:106CE000DAF804103846DAF735FE209B002BC3D1C2
:106CF000D8F800302D4EDFF8CC80DAF804C02C4DE7
:106D0000DFF8BCB02B48DFF8C090C6F800C0D8F858
:106D100004602949224F2E60DBF80450274A0560A1
:106D2000D9F804000860013B79681160032B00F278
:106D30000F85DFE813F02F02DF0160014D00389A64
:106D40004CAB03EB820502F10C0145F88CAC2A46F2
:106D5000B7EE000A1A4D002003EB81017BE7389A59
:106D60004CAB03EB820502F10C0145F88CAC2A46D2
:106D7000B7EE000A134D002003EB81016BE7389A50
:106D80004CAB03EB820502F10C0145F88CAC2A46B2
:106D9000B7EE000A0C4D002003EB81015BE700BF5A
:106DA0009417FF1F9807FF1FF016FF1F8816FF1F7D
:106DB0009016FF1F8C16FF1F8016FF1F8416FF1FE3
:106DC000D417FF1F1418FF1F5417FF1F6008FF1F61
:106DD0007B68B04AB0490BAD5B422846136015F0A2
:106DE0004BFF2846D9F7D0FB284615F09DFFAB4B4B
:106DF000284619681E4615F03FFF2846D9F7C4FB00
:106E0000284615F091FFA649284615F035FF28467B
:106E1000D9F7BAFB284615F087FF3168284615F0E8
:106E20002BFF2846D9F7B0FB284615F07DFF9D497A
:106E3000284615F021FF2846D9F7A6FB284615F06D
:106E400073FF3168284615F017FF2846D9F79CFBD9
:106E5000284615F069FF944B1B78002B00F0D48373
:106E6000012200210420DAF73DFEDAF804308F4ECB
:106E70008F485B421321336018F0ECFF31688D4876
:106E800015F0F2FC8B4815F0F7FC8B4B5A6F012A7A
:106E900000F04A83894B1A68DAF80460D8F80400D5
:106EA000DBF80410D9F804301344844A13607A687C
:106EB000834F3B683344834E3B60336803448248CE
:106EC000336003680B44814903600B6813440B6013
:106ED000002101220846DAF705FED4F8E030012B44
:106EE00000F058827A49284615F0C6FE2846D9F7A0
:106EF0004BFB284615F018FF7649284615F0BCFED6
:106F00002846D9F741FB284615F00EFF724928465E
:106F100015F0B2FE2846D9F737FB284615F004FFD6
:106F20006E49284615F0A8FE2846D9F72DFB2846BD
:106F300015F0FAFE6A49284615F09EFE2846D9F754
:106F400023FB284615F0F0FE6649284615F094FE0E
:106F50002846D9F719FB284615F0E6FE624928466F
:106F600015F08AFE2846D9F70FFB284615F0DCFEFF
:106F70005849284615F080FE2846D9F705FB2846D3
:106F800015F0D2FE5949284615F076FE2846D9F765
:106F9000FBFA284615F0C8FE5049284615F06CFE4D
:106FA0002846D9F7F1FA284615F0BEFE4C49284686
:106FB00015F062FE2846D9F7E7FA284615F0B4FE28
:106FC0004849284615F058FE2846D9F7DDFA2846E4
:106FD00015F0AAFED4F80001A0F10A031D2B40F21F
:106FE000F981434B1E931EA8F0F708FC4DB0BDEC91
:106FF000048BBDE8F08FD9F80430264A26490BAD42
:107000005B422846136015F037FE2846D9F7BCFAD4
:10701000284615F089FE214B284619681E4615F0B2
:107020002BFE2846D9F7B0FA284615F07DFE1C49FC
:10703000284615F021FE2846D9F7A6FA284615F06D
:1070400073FE3168284615F017FE2846D9F79CFADA
:10705000284615F069FE1349284615F00DFE28460E
:10706000D9F792FA284615F05FFE3168284615F0E8
:1070700003FE2846D9F788FA284615F055FE0A4B34
:107080001B78002B00F03B83012200210320DAF75C
:1070900029FDEAE65818FF1FE4F904008007FF1FE6
:1070A000F8F904000CFA04000417FF1F5418FF1F1E
:1070B00020FA04006008FF1F6C11FF1F2C16FF1F31
:1070C0003416FF1F3C16FF1F3816FF1F3016FF1F18
:1070D00070FA0400DCAE040084FA040080B50400F9
:1070E00018E7040024E7040098FA0400ACFA04004E
:1070F0000C100500DBF80430C24AC3490BAD5B42FB
:107100002846136015F0B8FD2846D9F73DFA284601
:1071100015F00AFEBD4B284619681E4615F0ACFD59
:107120002846D9F731FA284615F0FEFDB849284619
:1071300015F0A2FD2846D9F727FA284615F0F4FDE8
:107140003168284615F098FD2846D9F71DFA2846DB
:1071500015F0EAFDAF4B1B78002B00F0A782AE497B
:10716000284615F089FD2846D9F70EFA284615F06D
:10717000DBFDA64B2846196815F07EFD2846D9F799
:1071800003FA284615F0D0FD012200210220DAF78B
:10719000A9FC6AE6D8F804309A4A9B490BAD5B42D9
:1071A0002846136015F068FD2846D9F7EDF9284602
:1071B00015F0BAFD954B284619681E4615F05CFD82
:1071C0002846D9F7E1F9284615F0AEFD9049284642
:1071D00015F052FD2846D9F7D7F9284615F0A4FD39
:1071E0003168284615F048FD2846D9F7CDF92846DC
:1071F00015F09AFD8849284615F03EFD2846D9F736
:10720000C3F9284615F090FD3168284615F034FD85
:107210002846D9F7B9F9284615F086FD7D4B1B782D
:10722000002B00F01A82012200211046DAF75AFCE6
:107230001BE619EE100A16F07FFAD4F8FC309842DB
:107240003FF41DAD2621754818F004FE484615F0A0
:1072500013FB009B002B7FF712AD21A815F0E2F97C
:1072600000232698209314F0D3FB279814F0D0FB2A
:107270006B4B012106201970F0F784F938E519EEFF
:10728000900A16F059FAD4F8FC3098423FF4FCAC5E
:107290002621644818F0DEFD484615F0EDFA009B03
:1072A000002BBFF6F1AC21A815F0BCF900232698FD
:1072B000209314F0ADFB279814F0AAFB584B012241
:1072C0004FF0FF3106201A70F0F75CF910E517F067
:1072D000D3FE554B1B68012B7FF4EEAC16F06AFE13
:1072E000C3B2524A532B13707FF4EFAC209B53B1BF
:1072F0001EA8D9F7D7FD209B2BB1012016F088FAE4
:10730000209B002BF9D1464B01221A70DDE418F0C6
:1073100033FDE5E717F0C4FEE2E71F21444818F00B
:1073200099FD444815F0A8FA21A8002515F07AF92E
:107330002698209514F06CFB279814F069FB384BC5
:1073400001262A46294628461E70DAF7CBFB2A4634
:1073500029463046DAF7C6FB2A4629460220DAF7E4
:10736000C1FB2A4629460320DAF7BCFB2A462946F8
:107370000420DAF7B7FB0620EFF7CEFBD4F80001C4
:10738000A0F10A031D2B3FF62CAE3146C0B216F019
:107390009DF926E62849284615F06EFC2846D9F7BF
:1073A000F3F8284615F0C0FC2449284615F064FC83
:1073B0002846D9F7E9F8284615F0B6FC20492846B2
:1073C00015F05AFC2846D9F7DFF8284615F0ACFC32
:1073D0001A49F6E50121C0B216F078F994F80001D7
:1073E00016F0AAF90A210446164818F033FD0023C6
:1073F0000A2221460F4815F057FA0E4815F03CFABC
:10740000EFE500BF5818FF1FE4F904008007FF1FD5
:10741000F8F904000417FF1F0CFA040060E90400E7
:10742000B418FF1F88E904009807FF1FF016FF1F1C
:10743000A0ED04006008FF1F48FA0400DCAE040061
:107440005CFA040094B2040003200860C54BC649EE
:10745000C64D08604FF0100EC3F800E01146172328
:107460002B60DAF73FFBD8F80420D8F82C10DFEDBA
:10747000C08ADFF82C9301FB02F307EE903AF8EE96
:10748000677A002267EEA87A4846FDEEE77AC9F8E7
:10749000042017EE901A14F053F9D8F8081014F0DD
:1074A00043F9B44AB44BD2ED007A93ED1C7A68EEFE
:1074B000277A27EE287A67EE877AFDEEE77A17EECD
:1074C000901A14F05FF9DBF8002008920899DBF8B5
:1074D00000300793079B5B1A042BF8D9D8F80020DB
:1074E000022A00F08180042A6ED0012A7FF4BCAB0E
:1074F000389A4CAB03EB820502F10D0103EB8101DD
:107500009E4B45F88CACB7EE000A00202A4645F8A1
:10751000883C42F8849C41F8B40C389003211EA8A2
:10752000F4F73CF9FFF7A0BB00210320DAF7DAFA01
:10753000D9F80430924E93485B421321336018F01F
:1075400089FC3168904815F08FF98F4815F094F94F
:107550008E4BD9F804201B681A449DE4D4ED367A8A
:10756000D4F8D420D4F8D010C7EE276A01FB02F378
:1075700007EE903AF8EE677A67EEA67AFFF718BB47
:1075800000230093FFF78CB900230093FFF74EBB55
:1075900098ED120ADAF75AFEB8EEC88A28EE008A89
:1075A000FDEEC87ACDED007AFFF740BB98ED120AE8
:1075B000DAF7E6FEB8EEC88A28EE008AFDEEC87A51
:1075C000CDED007AFFF76CB9389A4CAB03EB82052E
:1075D00002F10D0103EB8101B7EE000A6C4B45F897
:1075E0008CAC00202A4692E7389A4CAB03EB82051C
:1075F00002F10D0103EB8101B7EE000A654B45F87E
:107600008CAC00202A4682E76349284615F034FBFB
:107610002846D8F7B9FF284615F086FB316828467A
:1076200015F02AFB2846D8F7AFFF284615F07CFB5B
:107630005A49284615F020FB2846D8F7A5FF2846CA
:1076400015F072FB3168284615F016FB2846D8F76E
:107650009BFF284615F068FB02E44F49284615F0C9
:107660000BFB2846D8F790FF284615F05DFB3168E4
:10767000284615F001FB2846D8F786FF284615F066
:1076800053FB4649284615F0F7FA2846D8F77CFF01
:10769000284615F049FB3168284615F0EDFA2846D2
:1076A000D8F772FF284615F03FFBBCE53A4928465B
:1076B00015F0E2FA2846D8F767FF284615F034FBA4
:1076C0003168284615F0D8FA2846D8F75DFF2846D5
:1076D00015F02AFB3149284615F0CEFA2846D8F78E
:1076E00053FF284615F020FB3168284615F0C4FAF0
:1076F0002846D8F749FF284615F016FB2FE52649FE
:10770000284615F0B9FA2846D8F73EFF284615F066
:107710000BFB3168284615F0AFFA2846D8F734FF3E
:10772000284615F001FB1D49284615F0A5FA284604
:10773000D8F72AFF284615F0F7FA3168284615F0E1
:107740009BFA2846D8F720FF284615F0EDFA9BE46F
:107750000BADFFF78ABB0023009303930293FFF75F
:10776000A4B800BFB407FF1FD007FF1FB007FF1F5B
:107770000AD7233CB818FF1F6C11FF1F1418FF1FF6
:107780005C18FF1F34FA04006008FF1F2C16FF1F4F
:107790009417FF1FD417FF1F94F40400A8F40400EB
:1077A0005417FF1F2DE9F04F804DD5F800012DED46
:1077B000048BA0F10A031D2BADF5177D40F2618209
:1077C0007B4C7C4B226808920021089A1970236830
:1077D0000793079B9B1A092BF9D968AE7649774F17
:1077E000DFF82C82DFF82C92DFF82CA2DFF82CB225
:1077F000304615F041FA3046D8F7C6FE304615F04F
:1078000093FA6F4B3046196815F036FA3046D8F7C0
:10781000BBFE304615F088FA10216A4818F01AFBB2
:10782000694B6A48196815F01FF8684815F024F884
:107830000F21674818F00EFB664A6448116815F07E
:1078400013F8624815F018F81021634818F002FB8D
:1078500062495E48096815F007F85C4815F00CF8B5
:107860000F215F4818F0F6FA5E480168574814F097
:10787000FBFF564815F000F810215B4818F0EAFAB3
:1078800039685248594F14F0EFFF504814F0F4FF94
:107890000F21574818F0DEFA39684C48554F14F05C
:1078A000E3FF4A4814F0E8FF1021534818F0D2FAD9
:1078B000D8F80010454814F0D7FF444814F0DCFF16
:1078C0000F214E4818F0C6FA3968404814F0CCFF32
:1078D0003E4814F0D1FF1021494818F0BBFAD9F8FE
:1078E00000103A4814F0C0FF384814F0C5FF0F21CB
:1078F000444818F0AFFADAF80010344814F0B4FF36
:10790000324814F0B9FF0023CDE96A33CDE9823360
:107910008DF8C8317F9380938DF804322A4B3A4812
:1079200019686990394B6893802009238DF8B0015C
:1079300042F29F40CDE96E3041F2883C0520254A55
:107940006D96CDE984C00DF1600C6046126813F0AD
:10795000B7FE244821490268096828A813F0B0FE40
:10796000164B224A1968126838A813F0A9FE3A6823
:10797000D8F8001048A813F0A3FEDAF80020D9F8D0
:10798000001058A813F09CFE0023199329933993F3
:1079900049935993DBF80030013B032B02F2E78156
:1079A000DFE813F0460126010E013E00A813FF1F79
:1079B0005C1FFF1F6816FF1FACB20400B407FF1F57
:1079C0008007FF1FC0FA0400A407FF1F6008FF1F05
:1079D000D4FA0400A007FF1FE4FA0400AC07FF1F5D
:1079E000F8FA0400A807FF1F08FB0400B007FF1FF8
:1079F0001CFB0400B807FF1F2CFB040040FB040025
:107A000050FB040064FB0400C80F05000C100500C7
:107A1000BC07FF1FC407FF1FC007FF1F1810FF1F71
:107A2000A24B03931A462F2313603823C9F8003062
:107A30003923CAF800309E4B00939E4B01939E4B16
:107A400002930E219D4818F005FA9D4B9D48196838
:107A500014F00AFF9B4814F00FFF10219A4818F009
:107A6000F9F99A4A9748116814F0FEFE954814F007
:107A700003FF0F21964818F0EDF9964A91481168D6
:107A800014F0F2FE8F4814F0F7FE0E21924818F021
:107A9000E1F9009A8B48116814F0E6FE894814F069
:107AA000EBFE10218D4818F0D5F98D4A85481168F4
:107AB00014F0DAFE834814F0DFFE0F21894818F035
:107AC000C9F9894A7F48116814F0CEFE7D4814F048
:107AD000D3FE0E21854818F0BDF9019A7948116846
:107AE00014F0C2FE774814F0C7FE1021804818F049
:107AF000B1F9804A7348116814F0B6FE714814F069
:107B0000BBFE0F217C4818F0A5F97C4A6D4811682E
:107B100014F0AAFE6B4814F0AFFE0E21784818F05E
:107B200099F9029A6748116814F09EFE654814F0AE
:107B3000A3FE1021734818F08DF9D8F800106148A1
:107B400014F092FE5F4814F097FE0F216E4818F073
:107B500081F939685B4814F087FE5A4814F08CFEAE
:107B60000E216A4818F076F9039A5648116814F005
:107B70007BFE544814F080FE1021654818F06AF925
:107B8000D9F800104F4814F06FFE4E4814F074FE00
:107B90000F21604818F05EF9DAF80010494814F037
:107BA00063FE484814F068FE454B1B68042B02F244
:107BB000C780DFE813F0370333032E0329036B007C
:107BC0003D4A3A4902922E2313602F230B6036233D
:107BD000C8F8003037233B603823C9F80030392318
:107BE000CAF80030324B0093324B0391019328E7DF
:107BF000304A31492D4801922D2313602E233D4AEE
:107C00000B602F230360342313603C4A0291352319
:107C100013603623C8F8003037233B603823C9F897
:107C200000303923CAF80030214B0390009308E755
:107C30001F4A1E4B1F4903932C2313601E480092BA
:107C40002D231A4A0B602E2303602F231360244A2E
:107C5000019132231360244A029033231360254A92
:107C600034231360254A352313603623C8F80030C7
:107C700037233B603823C9F800303923CAF8003075
:107C8000DFE60021C0B215F021FD99E5D5F894108A
:107C9000D5F898A0009B1B68042B02F26080DFE8F7
:107CA00013F0A3029B02920289023B00D807FF1F38
:107CB000CC07FF1FD007FF1FD407FF1F74FB040072
:107CC000C807FF1F6008FF1FC0FA0400A407FF1FBA
:107CD000D4FA0400A007FF1F84FB0400E4FA0400A8
:107CE000AC07FF1FF8FA0400A807FF1F94FB04006D
:107CF00008FB0400B407FF1F1CFB0400B007FF1FB4
:107D0000A4FB04002CFB040040FB0400B4FB0400B3
:107D100050FB040064FB0400D5F8943008EE903A60
:107D2000D5F8983008EE103A019B1B68042B02F23C
:107D30001180DFE813F032022E022902240205002E
:107D4000D5F89420D5F89890029B1B68042B01F27B
:107D5000FC87DFE813F007020302FE01F9010500CA
:107D6000D5F89430D5F8988003980068042801F27B
:107D7000E187DFE810F0D901D301CC01C50105008E
:107D8000D5F89400D5F8987009EE100A18A8059354
:107D9000049213F0D5FC514613F0C6FCAC490968B7
:107DA00013F0F0FC18EE901A28A813F0C9FC18EE96
:107DB000101A13F0B9FCA749096813F0E3FC049A00
:107DC00038A8114613F0BCFC494613F0ADFCA24A9A
:107DD000116813F0D7FC059B48A8194613F0B0FCB6
:107DE000414613F0A1FC9D4B196813F0CBFC19EE32
:107DF000101A58A813F0A4FC394613F095FC984BC0
:107E0000196813F0BFFCDBF80030013B042B51D89C
:107E1000DFE813F0A400F500C10036010500914B26
:107E2000012218681146D9F75DFE009B01221868EF
:107E30001146D9F757FE019B012218681146D9F760
:107E400051FE029B012218681146D9F74BFE039B95
:107E5000012218681146D9F745FE829B96A803F1C6
:107E60000F0200EB820200EB830018AF40F88C7C1D
:107E700096A800EB830028AF40F8887C96A800EB1A
:107E8000830038AF40F8847C96A800EB830048AFAD
:107E900040F8807C96A800EB8303002158A843F8A3
:107EA0007C0CB7EE000A42F8B41C304682910521E2
:107EB000F3F774FC6A9B002B01F07E816A4FDFF8B8
:107EC000B891DFF8B8A1D5F8F800A0F10A031D2B8E
:107ED00007D8C0B215F030FCD5F8FC30984241F01C
:107EE000D58016F053F8002841F380803B68012BC1
:107EF000B84601F08280032B01F08280002B01F054
:107F0000B280002389F800306A9923681493149A88
:107F100023681393139B9B1A092BF9D90029D2D1FB
:107F2000524C53480E2117F095FF2168514814F028
:107F30009BFC504814F0A0FC2368013B0A2B00F284
:107F40003585DFE813F0690405046503330533055F
:107F50003907CD056E06C30221027C01414B012287
:107F600018681146D9F7BEFD829B96A803F10B0253
:107F700000EB830318A843F88C0C96AB03EB820349
:107F8000002143F8B41CB7EE000A8291304601216B
:107F9000F3F704FC8EE7334B012218681146D9F73A
:107FA000A1FD009B012218681146D9F79BFD019B9A
:107FB000012218681146D9F795FD829B96A803F116
:107FC0000D0200EB820200EB830018AF40F88C7CBE
:107FD00096A800EB830028AF40F8887C96A800EBB9
:107FE0008303002138A843F8840CB7EE000A42F856
:107FF000B41C304682910321F3F7D0FB5AE7194BAA
:10800000012218681146D9F76DFD009B01221868FE
:108010001146D9F767FD829B96A803F10C0200EB8D
:10802000820200EB830018AF40F88C7C96A800EB2E
:108030008303002128A843F8880CB7EE000A42F811
:10804000B41C304682910221F3F7A8FB32E700BF4F
:108050005418FF1F5818FF1F5C18FF1F6018FF1FE0
:108060006418FF1FC807FF1F9807FF1F8807FF1F1F
:1080700068B204006008FF1FF016FF1F5416FF1FB0
:10808000B74B012218681146D9F72CFD009B01223D
:1080900018681146D9F726FD019B01221868114680
:1080A000D9F720FD029B012218681146D9F71AFD65
:1080B000829B96A803F10E0200EB820200EB830084
:1080C00018AF40F88C7C96A800EB830028AF40F8EE
:1080D000887C96A800EB830038AF40F8847C96A893
:1080E00000EB8303002148A843F8800CB7EE000A98
:1080F00042F8B41C304682910421F3F74FFBD9E6D5
:10810000D5F88C00D5F8907009EE100A3EE6D5F847
:108110008400D5F8887009EE100A37E6E86FD5F8C4
:10812000807009EE100A31E620681290686FDDF861
:1081300048C0AF6F09EE100A206811901198A0EBAB
:108140000C000E28F8D921E6D5F88C30D5F89080AF
:108150000AE6D5F88430D5F8888005E6EB6FD5F8C7
:10816000808001E623681093109F6B6FD5F87880AC
:1081700020680F900F98C01B0E28F9D9F4E5D5F8A8
:108180008C20D5F89090DFE5D5F88420D5F888903C
:10819000DAE5EA6FD5F88090D6E523680E930E985D
:1081A0006A6FD5F8789023680D930D9B1B1A0E2BE0
:1081B000F9D9C9E5D5F88C3008EE903AD5F8903069
:1081C00008EE103AB0E5D5F8843008EE903AD5F8CC
:1081D000883008EE103AA7E5EB6F08EE903AD5F834
:1081E000803008EE103A9FE523680C936B6F0C9A71
:1081F00008EE903AAB6F08EE103A23680B930B9B96
:108200009B1A0E2BF9D98FE5D5F88C10D5F890A0D4
:1082100040E5D5F88410D5F888A03BE5E96FD5F89E
:1082200080A037E523680A930A9A696FD5F878A089
:1082300023680993099B9B1A0E2BF9D92AE515ACE3
:108240004849204614F018FD2046D8F79DF92046ED
:1082500014F06AFD444B204619681F4614F00CFDCB
:108260002046D8F791F9204614F05EFD3F4920469C
:1082700014F002FD2046D8F787F9204614F054FD8B
:108280003968204614F0F8FC2046D8F77DF92046DE
:1082900014F04AFD3549204614F0EEFC2046D8F78C
:1082A00073F9204614F040FD3968204614F0E4FCD0
:1082B0002046D8F769F9204614F036FD2C492046AF
:1082C00014F0DAFC2046D8F75FF9204614F02CFDB4
:1082D0003968204614F0D0FC2046D8F755F92046DE
:1082E00014F022FD2349204614F0C6FC2046D8F79E
:1082F0004BF9204614F018FD3968204614F0BCFCF8
:108300002046D8F741F9204614F00EFD14211A48F2
:1083100017F0A0FD194B1A48996D14F0A5FA1848EA
:1083200014F0AAFAD5F8E030012B00F050861221A3
:10833000144817F08FFD0A4B114819681F4614F0B6
:1083400093FA0F4814F098FA3B68042B00F2C287A6
:10835000DFE813F0A50B5F0B7F07DD0BC10B00BF40
:10836000C807FF1FB0E504008007FF1FDCE504001D
:1083700008E604008CF90400C4FB04004C12FF1F43
:108380006008FF1F5CF3040015ACD649204614F0CA
:1083900073FC2046D8F7F8F8204614F0C5FCD24B01
:1083A000204619681F4614F067FC2046D8F7ECF801
:1083B000204614F0B9FCCD49204614F05DFC20465F
:1083C000D8F7E2F8204614F0AFFC3968204614F0E4
:1083D00053FC2046D8F7D8F8204614F0A5FCC44931
:1083E000204614F049FC2046D8F7CEF8204614F079
:1083F0009BFC3968204614F03FFC2046D8F7C4F8AF
:10840000204614F091FCBB4B0122586C0021D9F797
:1084100069FB002101220846D9F764FBD5F8E0305A
:10842000012B00F0C482B449204614F025FC2046FC
:10843000D8F7AAF8204614F077FCB049204614F08B
:108440001BFC2046D8F7A0F8204614F06DFCAC4980
:10845000204614F011FC2046D8F796F8204614F078
:1084600063FCA849204614F007FC2046D8F78CF896
:10847000204614F059FCA449204614F0FDFB204688
:10848000D8F782F8204614F04FFCA049204614F09B
:10849000F3FB2046D8F778F8204614F045FC9C49B9
:1084A000204614F0E9FB2046D8F76EF8204614F079
:1084B0003BFC9249204614F0DFFB2046D8F764F8D5
:1084C000204614F031FC934900F016BD15AC9249DA
:1084D000204614F0D1FB2046D8F756F8204614F079
:1084E00023FC814B204619681F4614F0C5FB20462B
:1084F000D8F74AF8204614F017FC8849204614F0B3
:10850000BBFB2046D8F740F8204614F00DFC396834
:10851000204614F0B1FB2046D8F736F8204614F078
:1085200003FC7F49204614F0A7FB2046D8F72CF81F
:10853000204614F0F9FB3968204614F09DFB2046D4
:10854000D8F722F8204614F0EFFB764B012218688A
:108550000021D9F7C7FA002101220846D9F7C2FA4B
:10856000D5F8E030012B00F022826F49204614F04C
:1085700083FB2046D8F708F8204614F0D5FB5F4966
:10858000204614F079FB2046D7F7FEFF204614F072
:10859000CBFB6649204614F06FFB2046D7F7F4FF6B
:1085A000204614F0C1FB5749204614F065FB2046D5
:1085B000D7F7EAFF204614F0B7FB5349204614F0E2
:1085C0005BFB2046D7F7E0FF204614F0ADFB4F4998
:1085D000204614F051FB2046D7F7D6FF204614F072
:1085E000A3FB5349204614F047FB2046D7F7CCFFA6
:1085F000204614F099FB4149204614F03DFB2046EB
:10860000D7F7C2FF204614F08FFB4A4900F074BC34
:1086100015AC4949204614F02FFB2046D7F7B4FF8C
:10862000204614F081FB304B204619681F4614F099
:1086300023FB2046D7F7A8FF204614F075FB3F49DF
:10864000204614F019FB2046D7F79EFF204614F071
:108650006BFB3968204614F00FFB2046D7F794FFD8
:10866000204614F061FB3649204614F005FB2046F5
:10867000D7F78AFF204614F057FB3968204614F0DC
:10868000FBFA2046D7F780FF204614F04DFBD5F8C3
:10869000E030012B00F08B812A4F01223868002145
:1086A000D9F720FA3B68002B01F02783033B012B0D
:1086B00000F27D812449204614F0DEFA2046D7F7E7
:1086C00063FF204614F030FB0C49204614F0D4FA26
:1086D0002046D7F759FF204614F026FB1B4900F02F
:1086E0000BBC00BF18EA04008007FF1F04EA040067
:1086F00028FC04004813FF1F90EA0400DCAE0400CD
:10870000A4EA040080B5040018E7040024E704008C
:10871000B8EA0400CCEA040024EE04003CEE0400B5
:1087200054EE04007C10FF1F6CEE040084EE040085
:108730009CEE0400B4EE040080F4040044F4040051
:1087400014F504003811FF1FE8F4040000F50400DC
:1087500015ACCA49204614F08FFA2046D7F714FF0B
:10876000204614F0E1FAC64B204619681F4614F063
:1087700083FA2046D7F708FF204614F0D5FABF4900
:10878000204614F079FA2046D7F7FEFE204614F072
:10879000CBFA3968204614F06FFA2046D7F7F4FE7A
:1087A000204614F0C1FAB749204614F065FA204675
:1087B000D7F7EAFE204614F0B7FA3968204614F0DD
:1087C0005BFA2046D7F7E0FE204614F0ADFAAE493A
:1087D000204614F051FA2046D7F7D6FE204614F072
:1087E000A3FA3968204614F047FA2046D7F7CCFEA2
:1087F000204614F099FAD5F8E030012B00F0E78319
:10880000A24B1B68042B00F2B380DFE813F09C0935
:108810002F0A130AF709DB099D4B1B68022B15ACC5
:1088200040F39283032B51D19A49204614F024FA45
:108830002046D7F7A9FE204614F076FA904B204642
:1088400019681F4614F018FA2046D7F79DFE2046F7
:1088500014F06AFA8F49204614F00EFA2046D7F732
:1088600093FE204614F060FA3968204614F004FAAA
:108870002046D7F789FE204614F056FA864920464E
:1088800014F0FAF92046D7F77FFE204614F04CFA90
:108890003968204614F0F0F92046D7F775FE2046D7
:1088A00014F042FA7D49204614F0E6F92046D7F745
:1088B0006BFE204614F038FA3968204614F0DCF9D3
:1088C0002046D7F761FE204614F02EFAD5F8E030A6
:1088D000012B00F07C836D4B1968002900F0708437
:1088E0004B1E032B44D8012208460021D9F7FAF881
:1088F0006B49204614F0C0F92046D7F745FE2046C4
:1089000014F012FA6749204614F0B6F92046D7F75A
:108910003BFE204614F008FA6349204614F0ACF9F7
:108920002046D7F731FE204614F0FEF95F49204675
:1089300014F0A2F92046D7F727FE204614F0F4F9E8
:108940005B49204614F098F92046D7F71DFE2046D3
:1089500014F0EAF95749204614F08EF92046D7F76B
:1089600013FE204614F0E0F953480F2117F072FA75
:10897000009B186803281AD101220021D9F7B2F808
:108980004E49204614F078F92046D7F7FDFD2046E1
:1089900014F0CAF94349204614F06EF92046D7F77F
:1089A000F3FD204614F0C0F94549A5E215AC454950
:1089B000204614F061F92046D7F7E6FD204614F072
:1089C000B3F9D8F80030012B00F0ED83032B00F051
:1089D000E683002B00F0DF833B4B3C4F93ED000A16
:1089E000B8EEC00AD7F788FD3968204614F044F97C
:1089F0002046D7F7C9FD204614F096F934492046A1
:108A000014F03AF92046D7F7BFFD204614F08CF950
:108A1000D8F80030012B00F0BA83032B00F0B383A9
:108A2000002B00F0AC832B4B93ED000AB8EEC00A8C
:108A3000D7F762FD3968204614F01EF92046D7F7B3
:108A4000A3FD204614F070F9234B5A6F012A00F061
:108A5000AE83D5F800010023CBF80030A0F10A0363
:108A60001D2B40F287831D4B68933046EEF7C6FE00
:108A70000DF5177DBDEC048BBDE8F08FECFB040019
:108A80008007FF1F00FC040014FC0400C807FF1F40
:108A90003417FF1F38E3040034F30400BCE3040080
:108AA00000EC0400DCAE040014EC040080B504000B
:108AB00018E7040024E7040070F3040054E70400FE
:108AC00068E70400CCEE04008816FF1F8407FF1F30
:108AD000DCEE04007C16FF1F6C11FF1F0C1005005C
:108AE00015ACA049204614F0C7F82046D7F74CFD36
:108AF000204614F019F99C4B204619681F4614F0C3
:108B0000BBF82046D7F740FD204614F00DF99749F1
:108B1000204614F0B1F82046D7F736FD204614F071
:108B200003F93968204614F0A7F82046D7F72CFD42
:108B3000204614F0F9F88E49204614F09DF820469E
:108B4000D7F722FD204614F0EFF83968204614F0DC
:108B500093F82046D7F718FD204614F0E5F8854B2A
:108B60000122586D0021D8F7BDFF002101220846DF
:108B7000D8F7B8FFD5F8E030012B3FF418AF7E49A5
:108B8000204614F079F82046D7F7FEFC204614F072
:108B9000CBF87A49204614F06FF82046D7F7F4FC5A
:108BA000204614F0C1F87649204614F065F82046B6
:108BB000D7F7EAFC204614F0B7F87249204614F0C3
:108BC0005BF82046D7F7E0FC204614F0ADF86E497C
:108BD000204614F051F82046D7F7D6FC204614F072
:108BE000A3F86A49204614F047F82046D7F7CCFC92
:108BF000204614F099F86649204614F03DF82046C6
:108C0000D7F7C2FC204614F08FF85C49204614F0D8
:108C100033F82046D7F7B8FC204614F085F85D49B4
:108C20006AE115AC5C49204614F026F82046D7F7D7
:108C3000ABFC204614F078F84B4B204619681F46D1
:108C400014F01AF82046D7F79FFC204614F06CF871
:108C50005249204614F010F82046D7F795FC2046DC
:108C600014F062F83968204614F006F82046D7F769
:108C70008BFC204614F058F84949204613F0FCFFBD
:108C80002046D7F781FC204614F04EF8396820467C
:108C900013F0F2FF2046D7F777FC204614F044F893
:108CA000404B012218680021D8F71CFF0021012247
:108CB0000846D8F717FFD5F8E030012B3FF477AE20
:108CC0003949204613F0D8FF2046D7F75DFC2046EF
:108CD00014F02AF82949204613F0CEFF2046D7F792
:108CE00053FC204614F020F83049204613F0C4FF0E
:108CF0002046D7F749FC204614F016F821492046B3
:108D000013F0BAFF2046D7F73FFC204614F00CF8CA
:108D10001D49204613F0B0FF2046D7F735FC20460A
:108D200014F002F81949204613F0A6FF2046D7F7A1
:108D30002BFC204613F0F8FF1D49204613F09CFF42
:108D40002046D7F721FC204613F0EEFF0B492046C2
:108D500013F092FF2046D7F717FC204613F0E4FFEC
:108D60001449C9E0C4F204008007FF1FB0F20400F8
:108D700050FC0400D812FF1F64FC0400DCAE0400A9
:108D800078FC040080B5040018E7040024E7040020
:108D90008CFC0400A0FC0400A8B3040094B30400FD
:108DA000C0ED04007C10FF1FD4ED0400E8ED0400CA
:108DB000FCED040010EE040015ACD349204613F07E
:108DC0005BFF2046D7F7E0FB204613F0ADFFCF4B0B
:108DD000204619681F4613F04FFF2046D7F7D4FBF3
:108DE000204613F0A1FFCA49204613F045FF204654
:108DF000D7F7CAFB204613F097FF3968204613F0D7
:108E00003BFF2046D7F7C0FB204613F08DFFC1493A
:108E1000204613F031FF2046D7F7B6FB204613F06B
:108E200083FF3968204613F027FF2046D7F7ACFBB5
:108E3000204613F079FFB84B012218680021D8F7BB
:108E400051FE002101220846D8F74CFED5F8E0304B
:108E5000012B3FF4ACADB149204613F00DFF204685
:108E6000D7F792FB204613F05FFFAD49204613F081
:108E700003FF2046D7F788FB204613F055FFA9498A
:108E8000204613F0F9FE2046D7F77EFB204613F06C
:108E90004BFFA549204613F0EFFE2046D7F774FBA1
:108EA000204613F041FFA149204613F0E5FE20467D
:108EB000D7F76AFB204613F037FF9D49204613F091
:108EC000DBFE2046D7F760FB204613F02DFF9949C3
:108ED000204613F0D1FE2046D7F756FB204613F06C
:108EE00023FF8F49204613F0C7FE2046D7F74CFBDF
:108EF000204613F019FF9049204613F0BDFE20468E
:108F0000D7F742FB204613F00FFF8749204613F0A6
:108F1000B3FE2046D7F738FB204613F005FF834900
:108F2000204613F0A9FE2046D7F72EFB204613F06B
:108F3000FBFE7F49204613F09FFE2046D7F724FB17
:108F4000204613F0F1FE32E5002B7FF7BFAC7B49E2
:108F5000204613F091FE2046D7F716FB204613F06B
:108F6000E3FE6A4B204619681F4613F085FE204633
:108F7000D7F70AFB204613F0D7FE7049204613F0BE
:108F80007BFE2046D7F700FB204613F0CDFE396864
:108F9000204613F071FE2046D7F7F6FA204613F06C
:108FA000C3FE6749204613F067FE2046D7F7ECFA68
:108FB000204613F0B9FE3968204613F05DFE2046C6
:108FC000D7F7E2FA204613F0AFFE5E496BE41621B4
:108FD0005D4816F03FFFD5F8E0105C4800230A22F8
:108FE00013F062FC594813F047FCE0E416F044F833
:108FF0003B68012BB8467EF47EAF14F0DBFF01E046
:1090000016F04EF8C3B2532B89F800307EF47CAFD3
:109010006A9B002B00F0A4800E214D481A684D4B2E
:10902000B3FBF2F3CAF8003016F014FFDAF80010C0
:10903000464813F019FC454813F01EFCDAF80030DE
:10904000F92B13DC6BA813F0EDFA002370986A93E8
:1090500012F0DEFC719812F0DBFC6A990023CBF869
:109060000030FEF752BF16F087FECBE76A99002961
:10907000F4D03046D7F716FF6A990029EED00120C8
:1090800014F0C6FB6A990029F9D1E7E71F2132489D
:1090900016F0E0FE2D4813F0EFFB6BA8002413F050
:1090A000C1FA70986A9412F0B3FC719812F0B0FC97
:1090B0002A4B01272246214620461F70D8F712FD71
:1090C000224621463846D8F70DFD22462146022089
:1090D000D8F708FD224621460320D8F703FD224693
:1090E00021460420D8F7FEFC1520EDF715FDD5F834
:1090F0000001A0F10A031D2B3FF6B5AC3946C0B202
:1091000014F0E4FAAFE400BFA8F404008007FF1FE6
:1091100094F404003CFC0400B014FF1F70FA040037
:10912000DCAE040084FA040080B5040018E70400F3
:1091300024E7040098FA0400ACFA040014E40400E4
:1091400034F30400E8E30400A8F304006008FF1F00
:1091500050ED040000879303A0ED0400B418FF1F36
:10916000AE4A1268002A3FF457AF0221012090470F
:109170006A9B51E70121C0B214F0A8FA73E42220DF
:1091800016F0EEFE4FE4222015F034FF4BE42220CF
:1091900014F046FE47E4222016F0E2FE1CE42220F2
:1091A00015F028FF18E4222014F03AFE14E4002100
:1091B0000320D8F797FC4CE4DFF89082FEF7B0BEAE
:1091C000012208460291D8F78DFC954B02995A6FFF
:1091D000012A00F0A9859349204613F04DFD204651
:1091E000D7F7D2F9204613F09FFD8F49204613F0A0
:1091F00043FD2046D7F7C8F9204613F095FD8B496B
:10920000204613F039FD2046D7F7BEF9204613F06B
:109210008BFD8749204613F02FFD2046D7F7B4F980
:10922000204613F081FD8349204613F025FD20469A
:10923000D7F7AAF9204613F077FD7F49204613F0AF
:109240001BFD2046D7F7A0F9204613F06DFDFFF770
:109250008FBB012200210220D8F744FC7749204629
:1092600013F00AFD2046D7F78FF9204613F05CFD76
:109270006D49204613F000FD2046D7F785F92046BA
:1092800013F052FD6E49204613F0F6FC2046D7F746
:109290007BF9204613F048FD6549204613F0ECFCAD
:1092A0002046D7F771F9204613F03EFD614920466C
:1092B00013F0E2FC2046D7F767F9204613F034FD9F
:1092C0005D49204613F0D8FC2046D7F75DF92046CB
:1092D00013F02AFD009B1B68042B47D8DFE813F02E
:1092E0001D0353033803E702050001220021042077
:1092F000D8F7F8FB5349204613F0BEFC2046D7F7B9
:1093000043F9204613F010FD4749204613F0B4FC02
:109310002046D7F739F9204613F006FD4A49204682
:1093200013F0AAFC2046D7F72FF9204613F0FCFCD7
:109330003F49204613F0A0FC2046D7F725F92046E8
:1093400013F0F2FC3B49204613F096FC2046D7F779
:109350001BF9204613F0E8FC3749204613F08CFC3B
:109360002046D7F711F9204613F0DEFC019B1B685D
:10937000042B47D8DFE813F0B60255023A02010287
:109380000500012200210420D8F7ACFB2D4920461E
:1093900013F072FC2046D7F7F7F8204613F0C4FC10
:1093A0002149204613F068FC2046D7F7EDF8204607
:1093B00013F0BAFC2449204613F05EFC2046D7F790
:1093C000E3F8204613F0B0FC1949204613F054FC92
:1093D0002046D7F7D9F8204613F0A6FC15492046B9
:1093E00013F04AFC2046D7F7CFF8204613F09CFC38
:1093F0001149204613F040FC2046D7F7C5F8204617
:1094000013F092FC029B1B68042B62D8DFE813F078
:1094100039016F0154011E01200000BFAC1EFF1F67
:109420006C11FF1F80F30400DCAE040094F3040011
:1094300080B5040018E7040024E70400FCE70400FA
:1094400014E804005CE8040074E804009807FF1FB7
:10945000012200210420D8F745FBD549204613F00E
:109460000BFC2046D7F790F8204613F05DFCD1495D
:10947000204613F001FC2046D7F786F8204613F06B
:1094800053FCCD49204613F0F7FB2046D7F77CF874
:10949000204613F049FCC949204613F0EDFB204655
:1094A000D7F772F8204613F03FFCC549204613F069
:1094B000E3FB2046D7F768F8204613F035FCC14996
:1094C000204613F0D9FB2046D7F75EF8204613F06C
:1094D0002BFC039B1B68042B3FF669AADFE803F013
:1094E0009B54391E0300012200210420D8F7FAFA08
:1094F000AF49204613F0C0FB2046D7F745F8204679
:1095000013F012FCAB49204613F0B6FB2046D7F708
:109510003BF8204613F008FCA749EDE401220021A6
:109520000320D8F7DFFAA849204613F0A5FB204610
:10953000D7F72AF8204613F0F7FB9E49204613F090
:109540009BFB2046D7F720F8204613F0EDFB9F4900
:10955000D2E4012200210220D8F7C4FA9C49204617
:1095600013F08AFB2046D7F70FF8204613F0DCFBF8
:109570009049204613F080FB2046D7F705F8204697
:1095800013F0D2FB9349B7E4012210460021D8F72B
:10959000A9FA9149204613F06FFB2046D6F7F4FF55
:1095A000204613F0C1FB8349204613F065FB20469B
:1095B000D6F7EAFF204613F0B7FB8849204613F0A0
:1095C0005BFB2046D6F7E0FF204613F0ADFB7B495E
:1095D000204613F051FB2046D6F7D6FF204613F065
:1095E000A3FB7749204613F047FB2046D6F7CCFF74
:1095F000204613F099FB7349204613F03DFB2046AB
:10960000D6F7C2FF204613F08FFB0C21744816F0EA
:1096100021FCFFF7CCB9002101220846D8F762FAF5
:109620007049204613F028FB2046D6F7ADFF2046B0
:1096300013F07AFB5F49204613F01EFB2046D6F755
:10964000A3FF204613F070FB674955E40122002177
:109650000320D8F747FA5C49204613F00DFB20465B
:10966000D6F792FF204613F05FFB5249204613F0D5
:1096700003FB2046D6F788FF204613F055FB5349DD
:1096800000E7002101220846D8F72CFA5549204668
:1096900013F0F2FA2046D6F777FF204613F044FB8A
:1096A0004449204613F0E8FA2046D6F76DFF2046DD
:1096B00013F03AFB4C49E5E6012200210220D8F7DD
:1096C00011FA4349204613F0D7FA2046D6F75CFF3B
:1096D000204613F029FB3749204613F0CDFA2046E7
:1096E000D6F752FF204613F01FFB3A49CAE6012283
:1096F00010460021D8F7F6F93749204613F0BCFA96
:109700002046D6F741FF204613F00EFB294920469C
:1097100013F0B2FA2046D6F737FF204613F004FBC9
:109720002E49204613F0A8FA2046D6F72DFF2046F2
:1097300013F0FAFA2149204613F09EFA2046D6F794
:1097400023FF204613F0F0FA1D49204613F094FA47
:109750002046D6F719FF204613F0E6FA19492046AD
:1097600013F08AFA2046D6F70FFF204613F0DCFAF2
:109770000C211B4816F06EFBABE6012200210320F2
:10978000D8F7B0F91049204613F076FA2046D6F7FC
:10979000FBFE204613F0C8FA0649204613F06CFA87
:1097A0002046D6F7F1FE204613F0BEFA074902E63E
:1097B0005CE80400DCAE040074E8040080B504003A
:1097C00018E7040024E704002CE8040044E804003F
:1097D000FCE7040014E8040044F90400E4E7040092
:1097E000DCFB04008CE80400A4E804000122002152
:1097F0000220D8F777F9E249204613F03DFA2046D7
:10980000D6F7C2FE204613F08FFADE49204613F049
:1098100033FA2046D6F7B8FE204613F085FADA4927
:10982000C9E5012210460021D8F75CF9D749204646
:1098300013F022FA2046D6F7A7FE204613F074FA5A
:10984000D049204613F018FA2046D6F79DFE204650
:1098500013F06AFACE49204613F00EFA2046D6F7E6
:1098600093FE204613F060FACA49204613F004FA2A
:109870002046D6F789FE204613F056FAC649204600
:1098800013F0FAF92046D6F77FFE204613F04CFA83
:10989000C249204613F0F0F92046D6F775FE20465F
:1098A00013F042FA0C21BE4816F0D4FAAAE50122C0
:1098B00000210320D8F716F9BA49204613F0DCF945
:1098C0002046D6F761FE204613F02EFAAD49204619
:1098D00013F0D2F92046D6F757FE204613F024FAAB
:1098E000B1491CE5002101220846D8F7FBF8AF4931
:1098F000204613F0C1F92046D6F746FE204613F065
:1099000013FAA049204613F0B7F92046D6F73CFEDB
:10991000204613F009FAA6494DE500210122084628
:10992000D8F7E0F8A149204613F0A6F92046D6F76B
:109930002BFE204613F0F8F99249204613F09CF9CB
:109940002046D6F721FE204613F0EEF99849E6E4CA
:10995000012200210220D8F7C5F88949204613F0DA
:109960008BF92046D6F710FE204613F0DDF9854925
:10997000204613F081F92046D6F706FE204613F064
:10998000D3F98149CBE4012210460021D8F7AAF887
:109990007E49204613F070F92046D6F7F5FD2046A3
:1099A00013F0C2F97749204613F066F92046D6F73E
:1099B000EBFD204613F0B8F97549204613F05CF929
:1099C0002046D6F7E1FD204613F0AEF97149204656
:1099D00013F052F92046D6F7D7FD204613F0A4F92C
:1099E0006D49204613F048F92046D6F7CDFD2046B4
:1099F00013F09AF96949204613F03EF92046D6F74C
:109A0000C3FD204613F090F90C21654816F022FAA8
:109A1000ACE4012210460021D8F764F85B492046E7
:109A200013F02AF92046D6F7AFFD204613F07CF953
:109A30005449204613F020F92046D6F7A5FD2046CC
:109A400013F072F95249204613F016F92046D6F762
:109A50009BFD204613F068F94E49204613F00CF99F
:109A60002046D6F791FD204613F05EF94A4920467C
:109A700013F002F92046D6F787FD204613F054F97B
:109A80004649204613F0F8F82046D6F77DFD2046DB
:109A900013F04AF90C21424816F0DCF91AE40021CF
:109AA00001220846D8F71EF84049204613F0E4F892
:109AB0002046D6F769FD204613F036F93149204695
:109AC00013F0DAF82046D6F75FFD204613F02CF9A4
:109AD0003749FFF7D8BB012200210420D8F702F84C
:109AE0003449204613F0C8F82046D6F74DFD2046ED
:109AF00013F01AF92349204613F0BEF82046D6F792
:109B000043FD204613F010F92B49FFF7BCBB01229F
:109B100000210320D7F7E6FF2249204613F0ACF8D6
:109B20002046D6F731FD204613F0FEF815492046B1
:109B300013F0A2F82046D6F727FD204613F0F4F8DC
:109B40001949FFF7A0BB002101220846D7F7CAFF39
:109B50001A49204613F090F82046D6F715FD204606
:109B600013F0E2F80749204613F086F82046D6F7AE
:109B70000BFD204613F0D8F81149FFF741BB00BF99
:109B8000FCE70400DCAE040014E8040044F904001F
:109B9000E4E7040080B5040018E7040024E70400AB
:109BA000DCFB04002CE8040044E804008CE804001A
:109BB000A4E804005CE8040074E80400A4E70400DE
:109BC000B8E70400012200210420D7F78BFF6D497C
:109BD000204613F051F82046D6F7D6FC204613F065
:109BE000A3F86949204613F047F82046D6F7CCFC85
:109BF000204613F099F86549FFF702BB01220021C6
:109C00000320D7F76FFF6249204613F035F820464E
:109C1000D6F7BAFC204613F087F85B49204613F0CC
:109C20002BF82046D6F7B0FC204613F07DF85949B2
:109C3000FFF7E6BA012200210220D7F753FF564969
:109C4000204613F019F82046D6F79EFC204613F064
:109C50006BF84D49204613F00FF82046D6F794FCD8
:109C6000204613F061F84D49FFF7CABA01221046A9
:109C70000021D7F737FF4A49204612F0FDFF204662
:109C8000D6F782FC204613F04FF83F49204612F0E9
:109C9000F3FF2046D6F778FC204613F045F84149FB
:109CA000204612F0E9FF2046D6F76EFC204613F05E
:109CB0003BF83D49204612F0DFFF2046D6F764FC12
:109CC000204613F031F83949204612F0D5FF2046DE
:109CD000D6F75AFC204613F027F83549204612F0F3
:109CE000CBFF2046D6F750FC204613F01DF80C2180
:109CF000304816F0AFF8FEF73BBE2F49204612F071
:109D0000BBFF2046D6F740FC204613F00DF81E4955
:109D1000204612F0B1FF2046D6F736FC204613F05D
:109D200003F82649FFF7E8B8019B1868D7F7DAFE71
:109D3000FFF751BA42F2107709EE107AFEF726B813
:109D400042F2107A5146FDF7A5BF42F21078434621
:109D5000FEF70AB842F210794A46FDF7F5BF42F223
:109D6000107308EE103A08EE903AFDF7DDBF144B81
:109D70000093144B0193144B0293144B0393FDF780
:109D800060BE00BF7CE70400DCAE040090E7040086
:109D900054E7040068E704002CE7040040E70400EF
:109DA000F0E6040004E7040080B5040018E70400AE
:109DB00024E70400DCFB0400BCF40400D4F4040039
:109DC000CC07FF1FD007FF1FD407FF1FD807FF1FB7
:109DD0002DE9F04F2DED048BC7B0DFF850B30190A3
:109DE000D8F7B6FFB04A1992B04ADFF8448300238F
:109DF0001360AF4A8DF888301360AE4A2F9313601A
:109E0000AD4A30931360AD4A8DF8C4301360AC4A4C
:109E1000189280228DF8702018AA0921CDE91A33F2
:109E2000CDE932331D92DBF8543042F29F42CDE946
:109E30001E1241F28830D8F81C1002910522CDE99B
:109E40003402D8F8181003915A1E032A01F2108226
:109E5000DFE812F00A02E901C8010400DBF8103063
:109E6000DBF824209FED977A974D984CDBF838600B
:109E7000974802FB03F307EE903AF8EE677A122355
:109E800067EE877A2B60FDEEE77A13232360D8F81C
:109E90007030029317EE901AD8F86C30039311F0DB
:109EA0004FFC314611F040FC002111F06BFCDBF857
:109EB00054302068874C2E682360874B87491E608A
:109EC000874B884A18609DF80830874D9FED878A38
:109ED000022418460C6008EE903A01210323002664
:109EE00013602E6013F0F2FB9DF80C30804D184685
:109EF000012109EE103A13F0E9FBDBF81420DBF83E
:109F000000309FED707A7B4802FB03F307EE903A36
:109F1000F8EE677A67EE877AFDEEE77A17EE901A29
:109F200011F00EFCDBF8281011F0FEFBDBED1B7AC4
:109F3000D8F80420D8F80030D8ED026ADBF85400D5
:109F40009BED1A0A87EE887A02FB03F307EE903A3C
:109F5000F8EE677A684B67EEA67A67EE877ABDEE11
:109F6000E77A83ED007A654BC3ED007AD8F72AFBD8
:109F7000634BDBF85400F0EE407A9BED1A0AC3ED18
:109F8000007AD8F71FFB16215E4885ED000A15F010
:109F900061FF286817F034FA41EC100B21465A484B
:109FA00012F08EFC584812F067FC1C21574815F03F
:109FB00051FFDBF8680017F023FA41EC100B214643
:109FC000514812F07DFC504812F056FCDBF8583036
:109FD000002B00F07483012B00F023834C4B4D4D7C
:109FE0000493D5F800901B680193B2464A4B01993F
:109FF000C3F80090494B0122196000201146D7F7A1
:10A0000071FD474B47495A6F0223012A0B6000F04C
:10A01000D184DBF85430013B032B0AD8DFE813F07E
:10A02000DC00CF0040010400012211460420D7F7D4
:10A0300059FDDBF85C30022B00F0CB80032B00F0E5
:10A040003984012B00F02C84BAF1000F40F38B818E
:10A050000AF101039FED1B8A2B4C069301254F4605
:10A0600029465046D7F776FC12212F4815F0F2FE0C
:10A070002946204612F0F8FB204612F0FDFBDBF8E3
:10A080005C30022B00F0EB83032B00F0B883012B34
:10A0900000F09D83DBF85430013B032B4ED8DFE802
:10A0A00003F084897F4900BFC80F05003416FF1FE5
:10A0B0003C16FF1F3816FF1F2C16FF1F3016FF1F00
:10A0C0000C1005000AD7233C9C07FF1F3407FF1F15
:10A0D0009417FF1FCC07FF1FAC07FF1FA007FF1F30
:10A0E000A807FF1FA407FF1FC807FF1F0000B443F6
:10A0F0008C07FF1F7018FF1F9007FF1F3017FF1FEF
:10A100002C17FF1FB4FC04006008FF1FCCFC0400E8
:10A110000810FF1F4417FF1F4817FF1F0C10FF1FD9
:10A120006C11FF1F1810FF1FECFC0400D812FF1F5A
:10A13000A813FF1FB748019911F03EFBB6483946F6
:10A1400011F03AFB1321B54815F084FEB44B2046BC
:10A15000196812F089FB204612F08EFB1021B148DD
:10A1600015F078FEB04B2046196812F07DFB2046B2
:10A1700012F082FBDBF85C30022B00F03E82AB4B2E
:10A180005B6F012B00F0A483DBF85430013B032B01
:10A1900000F2A580DFE813F0B605A30590058A005C
:10A1A000A348019911F008FBC8E7A248019911F0F2
:10A1B00003FBC3E7A048019911F0FEFABEE70122B4
:10A1C00011460220D7F78EFCDBF85C30022B7FF4BF
:10A1D00035AF4FEA860A37E7012211461046D7F716
:10A1E00081FC26E7DBF80C30DBF820209FED937A2A
:10A1F000934D944CDBF834608D4802FB03F307EE7B
:10A20000903AF8EE677A102367EE877A2B60FDEEBE
:10A21000E77A17232360D8F85030029317EE901A8C
:10A22000D8F84C303AE6DBF80830DBF81C209FED1C
:10A23000837A834D834CDBF830607F4802FB03F365
:10A2400007EE903AF8EE677A152367EE877A2B606F
:10A25000FDEEE77A14232360D8F83030029317EE2E
:10A26000901AD8F82C3019E6DBF80430DBF8182007
:10A270009FED727A724D734CDBF82C606D4802FBD7
:10A2800003F307EE903AF8EE677A062367EE877AD3
:10A290002B60FDEEE77A052317EE901A2360FEE5AA
:10A2A000012211460320D7F71DFCC2E6329B5A4E0D
:10A2B00003F10C0246A800EB820200EB83000021B0
:10A2C000034640F88C6C53483291B7EE000A43F8CD
:10A2D000880C42F8B41C18A80221F1F75FFA1A9B07
:10A2E000002B3BD0029B0595DFF87491039DA3F1F1
:10A2F0000A061D2E3AD9A5F10A031D2B5ED9D8F8FE
:10A30000F800A0F10A031D2B07D8C0B213F014FA0D
:10A31000D8F8FC30984240F0258713F037FE00282B
:10A3200040F3A080484B1B68012B00F0A580032B55
:10A3300000F06081002B00F05A81444B00221A701B
:10A34000434A13680F930F9913680E930E9B5B1A81
:10A35000632BF9D91A9B002BCBD1059D069B0135A8
:10A360009D427FF47DAE3B4B0193A2E018EE900A34
:10A3700013F0E2F9D8F8FC309842BCD025213648D9
:10A3800015F068FD204612F077FA049B1B68002B3D
:10A39000B1DD1BA812F046F9002320981A9311F0A2
:10A3A00037FB219811F034FB2A4B019301211970DE
:10A3B0002A4B07201970EDF7E5F87AE019EE100A3C
:10A3C00013F0BAF9D8F8FC30984298D026214846C4
:10A3D00015F040FD204612F04FFA049B1B68002B3D
:10A3E0008DDA1BA812F01EF9002320981A9311F0A1
:10A3F0000FFB219811F00CFB164B184A01931946DC
:10A4000001230B7007204FF0FF311370EDF7BAF8FE
:10A410004FE000BF9417FF1F7018FF1F48FD040096
:10A420004817FF1F5CFD04000C10FF1F6C11FF1F7D
:10A430005417FF1F1418FF1FD417FF1F0AD7233C00
:10A440009C07FF1F3407FF1F9807FF1FF016FF1F11
:10A450005C1FFF1F0417FF1FC8FD0400B418FF1F77
:10A4600088E9040014F008FE00287FF769AF9E4BCE
:10A470001B68012B7FF45BAF13F09CFDC0B29B4BBC
:10A480005328187000F0A18063287FF459AF1A9BFD
:10A4900053B118A8D6F706FD1A9B2BB1012013F073
:10A4A000B7F91A9B002BF9D1914B01221A70914BED
:10A4B0000193914C23681193119A23681093109B78
:10A4C0009B1A312BF9D98D498D4E086804908D481F
:10A4D0008D4D006805908D488D4B8E4A8E4F0168DA
:10A4E000D6F804900691D5F804A0D3F804E0D2F889
:10A4F00004C0796803918949029208680790049919
:10A500007068874A08447D49126808606868059940
:10A5100008447C490860586806997E4B01447B4892
:10A52000016059687E4B07980A441A607A687D4F2B
:10A5300083187A4AC7F800901360DFF814927A4AB9
:10A54000C9F800A0C2F800E0DFF808A2774A039B30
:10A55000774813601E21CAF800C015F07BFC7168B3
:10A56000744812F081F9734812F086F91D2172487F
:10A5700015F070FC69686F4812F076F96D4812F0BA
:10A580007BF914216D4815F065FC5C496948096840
:10A5900012F06AF9674812F06FF90E21684815F059
:10A5A00059FC58496348096812F05EF9614812F095
:10A5B00063F9DBF85430013B032B00F25786DFE8E8
:10A5C00013F075036F0369035D021A9B002B3FF4C0
:10A5D0006BAF18A8D6F766FC1A9B002B3FF464AF4C
:10A5E000012013F015F91A9B002BF9D15CE715F047
:10A5F000C3FB43E714F054FD40E7DBF86030012B68
:10A600007FF4BDADAA457FF4BAAD30214D4815F0B9
:10A6100021FC5146474812F027F9464812F02CF920
:10A62000A1E6DBED127AD8F80030D8F80420D8ED96
:10A63000026A454DDBF83C6087EE887A02FB03F343
:10A64000DDED017AB8EEE78A07EE903AF8EE677A28
:10A65000DBF85C3067EEA67A022B67EE877A67EE4E
:10A66000887AFDEEE77A17EE909AC5ED007A1CD94C
:10A67000032B1DD19BED110ADBF85400D7F7A2FF85
:10A68000DBED0F7A314BD5F800900493B8EE677A82
:10A690004FEA460AC0EE077A67EE887AFDEEE77A5F
:10A6A000CDED017AC3ED007AA0E4002B40F0618487
:10A6B000264B04931B6801934FEA460A96E4DBF8A5
:10A6C0005C30DBF84060022B48D9032B49D107EE00
:10A6D000906ADBED146AF8EE677A730086EEA77A6B
:10A6E000C7EE087A40E000BF9807FF1FF016FF1F73
:10A6F000B418FF1F0417FF1F5C1FFF1F3416FF1F36
:10A700007018FF1F3C16FF1F1418FF1F3816FF1F7D
:10A71000D417FF1F5417FF1F9417FF1F3016FF1F7A
:10A720002C16FF1F8816FF1F8C16FF1F8416FF1F95
:10A73000F0FD04006008FF1F10FE0400E0EF0400BD
:10A7400030FE040070FD04004417FF1F0810FF1FB7
:10A750009016FF1F8016FF1F00000000002B40F026
:10A7600027845FED037A7300D8F8042098ED027A0D
:10A77000DDED016AAA4D9A46D8F8003002FB03F3DA
:10A7800000EE103AB8EE400AB8EEE68A20EE070A6C
:10A7900020EE270A20EE080A15F070FEF0EE407A4F
:10A7A000FDEEE77A9BED130ADBF85400C5ED007A65
:10A7B000D7F708FF28EE000A9A4BD5F800900493CB
:10A7C000FDEEC07ACDED017AC3ED007A0EE4012DE5
:10A7D00000F05983022D02D0EB0700F11284924B56
:10A7E0001F68DBF85830002B00F00484012B02D1E5
:10A7F0008D4B7F421F608D4B1B6801934AE4012DF6
:10A8000016D015F0010240F0E083DBF85830002B41
:10A8100000F06F84012B00F01B8485480E2115F099
:10A8200019FB0199204612F01FF8204612F024F877
:10A830000F21804815F00EFB3946204612F014F81F
:10A84000204612F019F80C217B4815F003FB019902
:10A85000204612F009F8204612F00EF81AE405F02E
:10A8600003060521754815F0F5FA3146204611F02A
:10A87000FBFF204612F000F8022EDBF8583000F003
:10A88000DA82032E00F07A82012E00F04E82002B35
:10A8900000F0EB83012BCBD1644B1B680193F0E2FA
:10A8A0000B21674815F0D6FA5146664811F0DCFFD7
:10A8B000FFF7CABBDBF85830002B00F06982012B90
:10A8C0007FF4C2AB049B594A1B681360FFF7BCBB03
:10A8D0005D4B5E4993ED1C7A5D4B5E48D3ED006A9B
:10A8E0005D4A5E4EDFF8889107EE907AF8EEE77ADF
:10A8F00027EE087A67EEA67A03230B6067EE877A65
:10A900005749FDEEE77A0B601023036017231360AD
:10A9100017EE901A00233046736010F04DFFD9F8FF
:10A9200000300D930D9AD9F800300C930C9B9B1AB4
:10A93000042BF8D910214B4815F08CFA39462046E3
:10A9400011F092FF204611F097FF0D21464815F0B7
:10A9500081FA0199204611F087FF204611F08CFF03
:10A96000DBF85430022B00F09582042B00F04E826D
:10A97000012B7FF4B4AC329BDFF8F8E046A800EB83
:10A98000830C03F10D02002100EB82026346604656
:10A990004CF88CECDFF8E0C03291B7EE000A40F8DA
:10A9A00088CC43F8846C18A842F8B41C0321F0F753
:10A9B000F5FE94E42A4B274C03201860234B102704
:10A9C0001860254B2760114617241C60D7F78AF8BA
:10A9D000DBF81420DBF800309FED247A1F48244C6C
:10A9E00002FB03F307EE903AF8EE677A002367EE76
:10A9F000877A4360FDEEE77A17EE901A10F0A0FE1A
:10AA0000DBF8281010F090FE23680993099A236858
:10AA10000893089B9B1A042BF9D9FFF7FABA00BFD9
:10AA20004417FF1F0810FF1F4817FF1F0C10FF1FC0
:10AA300028FD040008FD040018FD040000FD0400CA
:10AA4000DCF704006008FF1F6C11FF1FD007FF1F19
:10AA5000B818FF1FB407FF1FB007FF1F5417FF1FD1
:10AA60001810FF1FA4FD0400B8FD04000AD7233C02
:10AA70005C1FFF1F7018FF1F1418FF1FC74BC84D26
:10AA80001B685B422B60C74A3B68526FC64E5B42F5
:10AA9000012A336000F06382C44FC548132115F0CA
:10AAA000D9F93168C34811F0DFFEC24811F0E4FE65
:10AAB0001321C14815F0CEF92968BE4811F0D4FE23
:10AAC000BC4811F0D9FE1321BC4815F0C3F9396810
:10AAD000B84811F0C9FEB74811F0CEFE019B1B78B3
:10AAE000002B00F01182B64E15AD23681393139915
:10AAF00040F2ED2223681293129B5B1A9342F9D91C
:10AB0000B049284612F0B8F82846D5F73DFD28464A
:10AB100012F00AF93168284612F0AEF82846D5F747
:10AB200033FD284612F000F9A749284612F0A4F890
:10AB30002846D5F729FD284612F0F6F83168284650
:10AB400012F09AF82846D5F71FFD284612F0ECF8C7
:10AB5000002108460122D6F7C5FFDBF85400012288
:10AB60000021D6F7BFFFD8F8E030012B00F0A78115
:10AB70009649284612F080F82846D5F705FD284664
:10AB800012F0D2F89249284612F076F82846D5F706
:10AB9000FBFC284612F0C8F88E49284612F06CF8E3
:10ABA0002846D5F7F1FC284612F0BEF88A49284617
:10ABB00012F062F82846D5F7E7FC284612F0B4F800
:10ABC0008649284612F058F82846D5F7DDFC284675
:10ABD00012F0AAF88249284612F04EF82846D5F716
:10ABE000D3FC284612F0A0F87E49284612F044F81B
:10ABF0002846D5F7C9FC284612F096F8744928462D
:10AC000012F03AF82846D5F7BFFC284612F08CF827
:10AC10007549284612F030F82846D5F7B5FC284685
:10AC200012F082F86C49284612F026F82846D5F72B
:10AC3000ABFC284612F078F86849284612F01CF858
:10AC40002846D5F7A1FC284612F06EF8644928463C
:10AC500012F012F82846D5F797FC284612F064F84F
:10AC6000D8F80001A0F10A031D2B40F248812368A7
:10AC70001593159A23681493149B9B1AF92BF9D9F1
:10AC80005A4B189318A8ECF7B9FD47B0BDEC048BEC
:10AC9000BDE8F08FDAF80030414D5B422B60F2E600
:10ACA000534B3F4D1B685B422B60ECE6D9F80030FC
:10ACB0003B4D5B422B60E6E6329B4E4E03F10C02AD
:10ACC00046A800EB820200EB83000021034640F817
:10ACD0008C6CB7EE000A48483291FFF7F8BA329B05
:10ACE000444E03F10C0246A800EB820200EB830005
:10ACF0000021034640F88C6CB7EE000A3F483291C1
:10AD0000FFF7E5BA329B3B4E03F10C0246A800EB7D
:10AD1000820200EB83000021034640F88C6CB7EE02
:10AD2000000A37483291FFF7D2BA002B00F0898031
:10AD3000012B7FF47DAD042D324B40F3EE81DBED32
:10AD40001B7AF5EE407AF1EE10FA00F0E681D3EDD1
:10AD5000007A17EE902A002AF8EEE77A40F379821B
:10AD6000294A92ED007A77EE877AFDEEE77A17EEC0
:10AD7000907AC3ED007A0023019359E5002B00F08F
:10AD80006D81012B7FF454AD1E4B1F687F42F2E7AB
:10AD90001C4A2B681360FFF757B900BF8416FF1FCA
:10ADA0005818FF1F6C11FF1F5418FF1F5C18FF1F5E
:10ADB00020FA04006008FF1F40FE040034FA04007B
:10ADC0008007FF1F54FE040068FE040064FC0400BA
:10ADD000DCAE040078FC040080B5040018E7040031
:10ADE00024E704008CFC0400A0FC04000C10050007
:10ADF0008C16FF1F7018FF1F5417FF1FD417FF1F5B
:10AE00001418FF1F4817FF1F3017FF1F329BDFF872
:10AE100044E346A800EB830C03F10D02002100EB94
:10AE20008202634660464CF88CECB7EE000ADFF80D
:10AE300028C33291B3E5002B3FF47DAF012B7FF4A3
:10AE4000F7AC042DB64B7FF728ADDBED1A7AF5EEA3
:10AE5000407AF1EE10FA3FF420ADD3ED007A17EE10
:10AE6000902A002AF8EEE77A40F3E681AD4A92EDA7
:10AE7000007A77EE877AFDEEE77ACDED017AC3EDC1
:10AE8000007A0027D4E4A84B1F68A54B1B680193E8
:10AE9000FFF700B9329BDFF8BCE246A800EB830C59
:10AEA00003F10D02002100EB8202634660464CF87C
:10AEB0008CECB7EE000ADFF8A4C232916FE59B4933
:10AEC000284611F0D9FE2846D5F75EFB284611F03A
:10AED0002BFF9749284611F0CFFE2846D5F754FBA3
:10AEE000284611F021FF9349284611F0C5FE284657
:10AEF000D5F74AFB284611F017FF8D49A7E6012137
:10AF0000C0B212F0E3FBB2E615AD8B498B4E28467A
:10AF100011F0B2FE2846D5F737FB284611F004FFA2
:10AF20003168284611F0A8FE2846D5F72DFB2846A3
:10AF300011F0FAFE8249284611F09EFE2846D5F708
:10AF400023FB284611F0F0FE3168284611F094FEEC
:10AF50002846D5F719FB284611F0E6FEC5E5002185
:10AF60000320D6F7BFFD029B764F5B685B423B60D8
:10AF700093E59BED110ADBF85400D7F723FBDBF8D0
:10AF80003C30D5F800905B0007EE903AF8EE677A17
:10AF90006D4B049380EE277A4FEA460A27EE087A33
:10AFA000FDEEC77ACDED017AC3ED007AFFF71EB84A
:10AFB000730007EE903ADBED146AF8EE677A86EEDE
:10AFC000A77AC7EE087AFFF7CFBBDBED1A7AF5EE6A
:10AFD000407AF1EE10FA26D1514B1B680193DBED5C
:10AFE0001B7AF5EE407AF1EE10FA6DD14E4B1F68E8
:10AFF000564813E44A4A13685B4201931360FFF713
:10B0000049B8DBED1A7AF5EE407AF1EE10FA47D145
:10B01000DBED1B7A444BF5EE407AF1EE10FA29D1C4
:10B020001F68FFF7DEBB3E4A136807EE903A002B1D
:10B030003C4BF8EEE77A93ED007A40F3D08077EE60
:10B04000877AFDEEE77ACDED017AC2ED007AC6E7A8
:10B05000354B01921F687F42FFF7DFBB1F46304B25
:10B060001B685B420193FFF7E3BB01932E4B1F6804
:10B07000FFF7DEBBD3ED007A17EE902A002AF8EE38
:10B08000E77A40F3CB80324A92ED007A77EE877A06
:10B09000FDEEE77A17EE907AC3ED007AFFF7A1BBD9
:10B0A0001F4BD3ED007A17EE902A002AF8EEE77ACC
:10B0B00040F3A9801B4A92ED007A77EE877AFDEE85
:10B0C000E77AC3ED007AA3E7174A136807EE903AD0
:10B0D000002B1F4BF8EEE77A93ED007A40F389805E
:10B0E00077EE877AFDEEE77A17EE907AC2ED007A76
:10B0F0007EE70B4BDFF868901B685B420193D9F841
:10B1000000300B930B9AD9F800300A930A9B9B1AD4
:10B11000042BF8D90027FFF780BB1F682BE600BF80
:10B120000C10FF1F2C17FF1F4817FF1F7CFE040089
:10B13000DCAE040090FE0400B0F204008007FF1FA4
:10B14000C4F204005C18FF1F0810FF1F38FD040044
:10B150003017FF1F7018FF1F9417FF1FD417FF1F12
:10B160005C1FFF1F2021444814F074FE434811F077
:10B1700083FB1BA8002411F055FA20981A9410F0B4
:10B1800047FC219810F044FC3D4B01252246214606
:10B1900020461D70D6F7A6FC224621462846D6F743
:10B1A000A1FC224621460220D6F79CFC22462146DD
:10B1B0000320D6F797FC224621460420D6F792FCBE
:10B1C0000720EBF7A9FCD8F80001A0F10A031D2B1A
:10B1D0003FF656AD2946C0B212F078FA50E577EE48
:10B1E000C77A284BFDEEE77ACDED017AC3ED007A00
:10B1F000F5E677EEC77A244BFDEEE77A17EE907A04
:10B20000C3ED007AF4E6214B93ED007A1D4B77EE07
:10B21000C77AFDEEE77AC3ED007AF9E61C4B93EDB1
:10B22000007A194B77EEC77AFDEEE77A17EE907A3F
:10B23000C3ED007AFFF7D5BA144B93ED007A114BAA
:10B2400077EEC77AFDEEE77ACDED017AC3ED007AAD
:10B2500017E60F4B93ED007A0B4B77EEC77AFDEEB6
:10B26000E77A17EE907AC3ED007A84E5094D0AE497
:10B27000094D0A4CFEF71DBECCE604006008FF1F16
:10B28000B418FF1F0C10FF1F4817FF1F2C17FF1FBC
:10B290003017FF1F5818FF1F9C07FF1F3407FF1FA1
:10B2A0002DE9F04F2DED0E8BDFF830B3B44ADBF80B
:10B2B000003095B00EEE900A0A9300231370B14A45
:10B2C00013700A9ADBF800300993099B9B1A092B2B
:10B2D000F8D9AD49DFF80893DFF808A3AB4FAC4EBF
:10B2E000AC4DAD4CDFF8008311A811F0C5FC11A8DE
:10B2F000D5F74AF911A811F017FDA84B11A8196844
:10B3000011F0BAFC11A8D5F73FF911A811F00CFD06
:10B310001521A34814F09EFDA24811F0ADFAA24AEF
:10B32000DFF8C8E2A148A24900231360A14ACAF885
:10B3300000301360A04ACEF8003013609F4A3B6093
:10B340001370D9F824203360022A2B6003600B604D
:10B35000237088F80030059340F0708708EE103AAB
:10B36000974D049340F2F5161F463846D9F7E8FE8C
:10B3700051EC100B16F094FB237807EE900A002B8B
:10B3800041F03D8598F80030002B41F081852B6815
:10B39000042B0ADC002B0CDD023B022B02F297850A
:10B3A000DFE813F0D500CB00DD0023F02003452BB0
:10B3B00002D00137B742D8D10397824FD9ED087A2E
:10B3C0003B687A6897ED027A039CB8EEC88A02FB64
:10B3D00003F328EE278A07EE903AF8EE677A67EED5
:10B3E000877AFDEEE77AF8EEE77AC7EE88AAFDEEF7
:10B3F000EAAAD9ED0B6A97ED057AFA683B697248BB
:10B40000C6EE877A02FB03F3222109EE103AB8EE6A
:10B41000499A29EE279A14F01DFDD9F82C0015F051
:10B42000EFFF41EC100B02215E4811F049FA5D4834
:10B4300011F022FA2121654814F00CFD786915F00D
:10B44000DFFF41EC100B0221564811F039FA554844
:10B4500011F012FA1C215E4814F0FCFC00230A22B1
:10B460003969504811F020FA4E4811F005FA1E21B2
:10B47000584814F0EFFC00230A22F968494811F0FB
:10B4800013FA484811F0F8F91E21524814F0E2FC72
:10B4900000230A22F968434811F006FABDEEC99A62
:10B4A000404811F0E9F917214B4814F0D3FC19EE8C
:10B4B000101A3C4811F0D8F93A4811F0DDF9D7F8E4
:10B4C000CC30D9ED0B6A002B53D097ED367AD7F8F4
:10B4D000D430D7F8D020C6EE877A02FB03F309EE0A
:10B4E000903AF8EE699A7B6B69EEA79AFDEEE99ABD
:10B4F000002B00F02987012B40F0AD8699ED0B0A57
:10B50000D6F7D8FFBDEEC0BA7B6D002B00F0A98640
:10B51000012B40F09C8699ED0B0AD7F70FF8FDEE52
:10B52000C0BAD9F80030013B032B02F2D784DFE820
:10B5300013F06700B808B408B008D9F82830002B19
:10B540007FF437AFFDEEE77ACDED047A31E7D9F835
:10B550002830012B7FF42DAFBDEEE78A29E7D9F81B
:10B560002830002B7FF425AFFDEEE77ACDED057A8C
:10B570001FE797ED0A7A7B6A3A6AC6EE877AACE7EC
:10B580000417FF1F6816FF1FACB204003416FF1F1C
:10B590002816FF1F2C16FF1F1510FF1F8007FF1F07
:10B5A000A4FE04006008FF1F8416FF1F6818FF1F19
:10B5B0006C18FF1F8816FF1F7C16FF1FB418FF1F93
:10B5C0001817FF1FA813FF1F44FF040068FF0400A3
:10B5D0008CFF0400ACFF0400CCFF04005C1FFF1FC5
:10B5E0007C10FF1F5017FF1F1410FF1F8016FF1F36
:10B5F0000000000000007A440000B443000026442C
:10B600008DED069AD9F81C30002B00F04281631CA6
:10B610001FED09EA01931FED09DA5FED09DA5FED2D
:10B6200009CA744D744EDFED758A01230293B0EEA2
:10B630004EAABA46724911A811F01EFB11A8D4F700
:10B64000A3FF11A811F070FB2B68012B00F06D8691
:10B65000032B00F07486002B00F06C86DDED027A7F
:10B660009FED68CAB8EE670AD4F746FF316811A8A3
:10B6700011F002FB11A8D4F787FF11A811F054FBB9
:10B680000299D9F81C00D6F765F95F4B1B780024A6
:10B69000002B40F0FD805D4B5D4FC3ED008A2046DE
:10B6A000C7ED008AD9F74CFD51EC100B16F0F8F9F4
:10B6B000182108EE100A574814F0CCFB98F8001037
:10B6C000554811F0D1F8544811F0D6F898F80030E8
:10B6D000002B40F0D986514911A811F0CDFA11A8DC
:10B6E000D4F752FF11A811F01FFB2B68012B00F0BB
:10B6F000C784032B00F0BF84002B00F0CB8407EE3F
:10B70000904AB8EEE70AD4F7F7FE316811A811F0B5
:10B71000B3FA11A8D4F738FF11A811F005FB40497E
:10B7200011A811F0A9FA11A8D4F72EFF11A811F051
:10B73000FBFA2B68012B00F0A884032B00F0968401
:10B74000002B00F08E84374911A811F0B3FA11A82C
:10B75000D4F71AFF11A811F0E7FA316811A811F017
:10B760008BFA11A8D4F710FF11A811F0DDFA2E49B9
:10B7700011A811F081FA11A8D4F706FF11A811F051
:10B78000D3FA2B68012B00F06784032B00F05F8451
:10B79000002B00F05784B0EE480AD4F7ADFE3168B4
:10B7A00011A811F069FA11A8D4F7EEFE11A811F052
:10B7B000BBFA1E4B1B68413B192B5CD8DFE813F02A
:10B7C000AE03E502D5001E038D030103520383017E
:10B7D000730229021002C6015B00C8028502B6028C
:10B7E0005B003800D50053005B00EE005B005201A7
:10B7F0005B0024019807FF1F8407FF1F0000000063
:10B8000074F0040000002C44B418FF1FE816FF1F5A
:10B81000EC16FF1FE4FF04006008FF1F14FF040084
:10B820002CFF04004016FF1F000005001817FF1F23
:10B83000B24911A811F020FA11A8D4F7A5FE11A859
:10B8400011F072FAAE49AF4811F060FB002801F028
:10B85000EB80B5EEC08AF1EE10FA4CBF4FF0FF302E
:10B860000120EDF721F81EEE900AF1F7D1FE78B92C
:10B87000D7F730FB60B9D7F72DFB48B9019B0134EE
:10B880009C4200F03683A04B1B78002B3FF403AFA3
:10B8900057469E4B9E481B78102123B99D4B1B7821
:10B8A000002B00F06F8614F0D5FA984B9A4819785F
:10B8B00010F0DAFF0221994814F0CCFA954B964823
:10B8C000197810F0D1FF944810F0D6FF9449954CA8
:10B8D00011A811F0D1F911A8D4F756FE11A811F052
:10B8E00023FA216811A811F0C7F911A8D4F74CFE6A
:10B8F00011A811F019FA8C4911A811F0BDF911A87D
:10B90000D4F742FE11A811F00FFA216811A811F026
:10B91000B3F911A8D4F738FE11A811F005FA834B3A
:10B920003968D3ED006A7B6897ED027A9FED806AF3
:10B93000D9F8002001FB03F307EE903AF8EE677A9E
:10B94000F8EEE66A67EE877A7A4B86EEA77A013AD6
:10B9500067EE067AC3ED007A032A00F2D483DFE8AB
:10B9600012F0810668065906B703D9F82810002995
:10B9700001F0078001297FF47EAFD9F82430022B33
:10B9800001F07583D9F80030013B032B01F2B2803E
:10B99000DFE813F0C60B9C08970B860B574911A8DC
:10B9A00011F06AF911A8D4F7EFFD11A811F0BCF954
:10B9B0006149624811F0AAFA002800F04B85604BFB
:10B9C0009FED60AAB0EE480ABCEEC88A83ED168AE5
:10B9D000D4F792FD5C4911A811F04EF911A8D4F7E3
:10B9E000D3FD11A811F0A0F9B8EECA0AD4F784FD6E
:10B9F0004C4B11A8196811F03FF911A8D4F7C4FDF8
:10BA000011A811F091F936E7D9F82420D9F80030BF
:10BA100007930127022AC9F8007000F04D87DAED7C
:10BA2000057ADAF80C10DAF8102088EE270A01FB04
:10BA300002F207EE902AF8EE677A27EE800A14F0F9
:10BA40001DFDBDEEC0EAF7EE000AB8EECE0A39469B
:10BA50003846F0F70DF8079BC9F8003000283FF48E
:10BA60000AAF15E7D9F82430D9F8007002229342C2
:10BA7000C9F8002001F03281DAF8CC30002B40F018
:10BA8000BF85DAED0A7ADAF82430DAF8202088EE79
:10BA9000270A02FB03F307EE903AF8EE677A27EEE7
:10BAA000800A14F0EBFCBDEEC0EA0121B8EECE0A2C
:10BAB000F7EE000A0846EFF7DBFFC9F80070002830
:10BAC0003FF4D9AEE4E6D9F82830002B00F08187A6
:10BAD000012B7FF4CDAED9F82430022BD9F80030F9
:10BAE00003F1FF3300F0B086032B01F29980DFE809
:10BAF00013F0950B7C08620B530B00BF80D8040039
:10BB0000380005005810FF1FB418FF1F0417FF1F4F
:10BB100080B304006816FF1F6008FF1F9CB104007B
:10BB2000800005008007FF1F980005008816FF1F92
:10BB30000000B4435816FF1FD41205004C10FF1F1D
:10BB4000D812FF1F3002000088D80400B7498AEDE0
:10BB50001A8A11A811F090F811A8D4F715FD11A8B0
:10BB600011F0E2F82B68012B01F00580032B00F0A7
:10BB7000F287002B01F00E80B0EE480AD4F7BCFC2F
:10BB80002B68012B00F0F287032B00F0FE87002BBF
:10BB900000F0F687A64911A811F06EF811A8D4F7A5
:10BBA000F3FC11A811F0C0F8B0EE6C0AD4F7A4FCB5
:10BBB000A04B11A8196811F05FF811A8D4F7E4FCA4
:10BBC00011A811F0B1F8D9F80030042B01F0BF80B2
:10BBD000D7F780F900287FF45BAE9FED97AA4DE67A
:10BBE0009649974811F092F9002800F03887B5EE91
:10BBF000408AF1EE10FA4FF0000240F056851146EF
:10BC00001046D5F76FFFD7F765F900283FF436AE39
:10BC10003EE686498AED128A11A811F02DF811A886
:10BC2000D4F7B2FC11A811F07FF82B68012B00F0BB
:10BC3000CF87032B00F0C787002B00F0BF87B0EE43
:10BC4000480AD4F759FC2B68012B00F0B287032B6C
:10BC500000F0AA87002B00F0A287754911A811F007
:10BC60000BF811A8D4F790FC11A811F05DF8B0EE14
:10BC70004C0AD4F741FC6F4B11A8196810F0FCFF77
:10BC800011A8D4F781FC11A811F04EF8D9F80030B2
:10BC9000032B01F02D80D7F71DF900287FF4F8ADB4
:10BCA0009FED68AAEAE5D9F82430022BD9F80030D4
:10BCB00003F1FF3300F00B86032B00F20783DFE86C
:10BCC00013F09D05F1028E057F05D9F82430022B73
:10BCD000D9F8003000F02E86022B00F0CE8740F21B
:10BCE0004981033B012B18D8DAF8CC30002B41F006
:10BCF000A081DAED0A7ADAF82430DAF8202088EE2A
:10BD0000270A02FB03F307EE903AF8EE677A27EE74
:10BD1000800A14F0B3FBBDEEC0EAB8EECE0AF7EE2F
:10BD2000000A00210120EFF7A3FEA0E528EE0D8A0E
:10BD3000DBF800300E93FCEEC87A0E9917EE902ACD
:10BD4000DBF800300D930D9B5B1A9A42F8D892E510
:10BD5000364911A810F090FF11A8D4F715FC11A8CE
:10BD600010F0E2FF3849394811F0D0F8002800F00F
:10BD70003183374B9FED37AAB0EE480ABCEEC88A34
:10BD800083ED018AD4F7B8FB24E6D9F82430D9F83A
:10BD900000700322022BC9F8002000F0B585DAF804
:10BDA0003430002B00F01987012B00F08984B8EEA5
:10BDB000CE0A1EEE900AF7EE000A0121EFF758FEB8
:10BDC0007BE62549254811F0A1F8002800F01386EC
:10BDD000234A1368013B0D2B00F2D480DFE813F0F7
:10BDE000C409CA09B209CE00D200D200D200D200E2
:10BDF000D200D200B809BE09D009D609D9F824303A
:10BE0000D9F800700422022BC9F8002000F03E850A
:10BE1000DAF85430002B00F03A87012BC7D1B0EE8E
:10BE2000480AD6F78BFBBDEEC0EAC0E780D8040015
:10BE300088D804008007FF1F98020000BCB80400E7
:10BE40007016FF1FB0020000540005001C10FF1FF9
:10BE50003811FF1F70010000DC0C05004010FF1FAF
:10BE6000F811FF1F8E4911A810F006FF11A8D4F792
:10BE70008BFB11A810F058FF8A498B4811F046F847
:10BE8000002800F08282894B9FED89AAB0EE480A13
:10BE9000BCEEC88A83ED108AD4F72EFB854911A821
:10BEA00010F0EAFE11A8D4F76FFB11A810F03CFFC8
:10BEB000B8EECA0AD4F720FB7F4B196811A810F01E
:10BEC000DBFE11A8D4F760FB11A810F02DFFD7F707
:10BED00001F800283FF4D2ACDAE4D6F7FBFF0028E3
:10BEE0007FF4D6AC7548182113F0B4FF744810F0F5
:10BEF000C3FCDBF800301093109ADBF800300F938E
:10BF00000F9B9B1A632BF8D9029B01331A460293AD
:10BF1000D9F81C309342BFF48DABB9E4D9F828307E
:10BF2000002B00F01D85012B7FF4A2ACD9F8243042
:10BF3000022B00F0928488EE2D0ADAF80420DAF859
:10BF4000003002FB03F307EE903A9AED027AF8EE26
:10BF5000677A67EE877A27EE800A14F08FFABDEED3
:10BF6000C00A1EEE900AB8EEC00AF7EE000AF2F719
:10BF700067F97CE4012B3FF4B7AECEE69FED51AA02
:10BF800082ED108A464911A810F076FE11A8D4F768
:10BF9000FBFA11A810F0C8FE2B68012B00F02687D1
:10BFA000032B00F01E87002B00F01687B0EE480A26
:10BFB000D4F7A2FA2B68012B00F00987032B00F0BD
:10BFC0000187002B00F0F9863A4911A810F054FEC1
:10BFD00011A8D4F7D9FA11A810F0A6FEB8EECA0A33
:10BFE000D4F78AFA344B11A8196810F045FE11A84D
:10BFF000D4F7CAFA11A810F097FEDBF800300C93C2
:10C000000C9ADBF800300B930B9B9B1A132BF8D97F
:10C010002D4911A810F030FE11A8D4F7B5FA11A8D7
:10C0200010F082FE294911A810F026FE11A8D4F7BD
:10C03000ABFA11A810F078FEB0EE480AD4F75CFA1B
:10C0400031683BE7222013F08BFFFFF7A4BB2220CF
:10C0500012F0D0FFFFF79FBB222011F0E1FEFFF7A7
:10C060009ABB222013F07CFFFFF76DBB222012F059
:10C07000C1FFFFF768BB222012F0BCFFFFF73FBBF8
:10C08000222011F0CDFEFFF73ABB222011F0C8FEAE
:10C09000FFF759BB222013F063FFFFF730BB00BF4F
:10C0A00080D80400300005006410FF1FB014FF1F8B
:10C0B000A401000088D804008007FF1F6400050069
:10C0C0006008FF1F0C0000001800050080B5040088
:10C0D0007A6DCA4B012A1B6800F2D58307EE903AAD
:10C0E000FA6DB96D97ED197AF8EEE77A01FB02F275
:10C0F00067EE877A07EE102AB8EE477AC7EE876AAE
:10C10000BF4BC3ED006A002108460122D5F7EAFCC7
:10C11000012210460021D5F7E5FC01220021022072
:10C12000D5F7E0FC012200210320D5F7DBFC01223A
:10C1300000210420D5F7D6FCD7F8E030012B00F021
:10C14000D480B04911A810F097FD11A8D4F71CFABB
:10C1500011A810F0E9FDAC4911A810F08DFD11A84F
:10C16000D4F712FA11A810F0DFFDA84911A810F0B9
:10C1700083FD11A8D4F708FA11A810F0D5FDA44941
:10C1800011A810F079FD11A8D4F7FEF911A810F04C
:10C19000CBFDA04911A810F06FFD11A8D4F7F4F958
:10C1A00011A810F0C1FD9C4911A810F065FD11A85F
:10C1B000D4F7EAF911A810F0B7FD984911A810F0CA
:10C1C0005BFD11A8D4F7E0F911A810F0ADFD8E4980
:10C1D00011A810F051FD11A8D4F7D6F911A810F04C
:10C1E000A3FD8F4911A810F047FD11A8D4F7CCF991
:10C1F00011A810F099FD864911A810F03DFD11A875
:10C20000D4F7C2F911A810F08FFD824911A810F0DF
:10C2100033FD11A8D4F7B8F911A810F085FD7E49B7
:10C2200011A810F029FD11A8D4F7AEF911A810F04B
:10C230007BFD15B0BDEC0E8BBDE8F08F0AEE903A99
:10C24000784F04934FF4FA740393FFF7D2B8DFEDFD
:10C2500076BAFFF766B97B6D9FED73BA002B7FF45A
:10C2600057A9059B002B00F060829DED057AFB6DC0
:10C27000BA6DD9ED087AD7ED186AB8EEC77A02FB25
:10C2800003F327EE277A07EE903AF8EE677A674BCA
:10C2900067EEA67AC7EE87BAFDEEEBBAC3ED00BA39
:10C2A000FFF73FB9DAED057ADAF81030DAF80C204A
:10C2B00088EE270A02FB03F307EE903AF8EE677A5E
:10C2C00027EE800A14F0DAF8BDEEC0EAB8EECE0A26
:10C2D000F7EE000A00214FF0FF30EFF7C9FB0746E9
:10C2E000002F3FF4C5AAFFF7D3BA514911A810F0A7
:10C2F000C3FC11A8D4F748F911A810F015FD424964
:10C3000011A810F0B9FC11A8D4F73EF911A810F04B
:10C310000BFD484911A810F0AFFC11A8D4F734F96F
:10C3200011A810F001FD38497AE7222011F078FDBC
:10C33000FFF794B9222013F013FEFFF78FB92220E4
:10C3400012F058FEFFF78AB9049B002B00F0E5813C
:10C350009DED047AFB6BBA6BD9ED087AD7ED106AC4
:10C36000B8EEC77A02FB03F327EE277A07EE903A7E
:10C37000F8EE677A304B67EEA67A87EE87BABDEEA5
:10C38000CBBA83ED00BAFFF7BFB82C492C4810F0A8
:10C39000BDFD002800F09C812A4B83ED128A2B689A
:10C3A000012B01F04181032B01F04881002B01F0AA
:10C3B0004081B0EE480AD4F79FF82B68012B01F0BA
:10C3C0004981032B01F03F81002B01F04A819FED51
:10C3D0001EAA63E51D491E4810F098FD002800F0D4
:10C3E000DB81B5EEC08AF1EE10FA4CBF4FF0FF30A2
:10C3F0000120F6F7F9FDFFF7EDBA00BF7C16FF1F2D
:10C400006416FF1F6CEE0400DCAE040084EE040032
:10C4100080B5040018E7040024E704009CEE040043
:10C42000B4EE0400A813FF1F000000001017FF1F48
:10C43000B0000500C80005000817FF1FDC0C050050
:10C440006410FF1FB014FF1F7402000058000500A5
:10C450001C10FF1FB949BA4810F058FD002840F0E1
:10C460004F81B849B64810F051FD002801F06A80AC
:10C47000B5EEC08AF1EE10FA4CBF4FF0FF3001204C
:10C48000FDF7A6FCFFF7A6BA1B21AF4813F0E2FCAC
:10C49000AE4810F0F1F9AE4911A810F0EDFB11A86B
:10C4A000D4F772F811A810F03FFC2B68012B574607
:10C4B00000F0E181032B00F0AF81002B00F0B88188
:10C4C000A44911A810F0D8FB11A8D4F75DF811A861
:10C4D00010F02AFC316811A810F0CEFB11A8D4F797
:10C4E00053F811A810F020FC9B4911A810F0C4FBD0
:10C4F00011A8D4F749F811A810F016FC2B68012BED
:10C5000000F0BD81032B00F08F81002B00F08881AB
:10C51000DDED037AB8EEE70AD3F7EEFF316811A834
:10C5200010F0AAFB11A8D4F72FF811A810F0FCFB0B
:10C530008A4911A810F0A0FB11A8D4F725F811A87A
:10C5400010F0F2FB2B68012B00F09181032B00F01F
:10C550007781002B00F07081814911A810F0AAFBAF
:10C5600011A8D4F711F811A810F0DEFB316811A85A
:10C5700010F082FB11A8D4F707F811A810F0D4FB33
:10C58000FFF787B913F066FC764B70481978764C44
:10C5900010F06AF90221754813F05CFC744B6B488B
:10C5A000197810F061F9694810F066F9714911A81D
:10C5B00010F062FB11A8D3F7E7FF11A810F0B4FB4D
:10C5C000216811A810F058FB11A8D3F7DDFF11A8BE
:10C5D00010F0AAFB684911A810F04EFB11A8D3F780
:10C5E000D3FF11A810F0A0FB216811A810F044FBA4
:10C5F00011A8D3F7C9FF11A810F096FBFFF766B991
:10C60000DAED367ADAF8D430DAF8D02088EE270A74
:10C61000FFF73FBA7A6B594B012A1B6800F233814E
:10C6200007EE903AFA6BB96B97ED117AF8EEE77A6C
:10C630005CE5524BD7F8CC20D3ED007AF8EEE77AE0
:10C64000002A40F0B3837B6A3A6A97ED0A7A02FBCC
:10C6500003F367EE877A07EE103AB8EE477AC7EE33
:10C66000876A4DE5454BFA6893ED007A3B69D7ED53
:10C67000057AB8EEC77A02FB03F327EE277A07EEB6
:10C68000903AF8EE677A3E4BC7EE276AC3ED006A30
:10C6900039E5CDED06BAFEF7B5BF8DED06BAFEF76A
:10C6A000B1BFCDED069AFEF7ADBF01211046D5F71B
:10C6B00019FAD6F70FFC00283FF4E0A8FFF7E8B816
:10C6C000B0EE480AD5F7F6FEBDEEC0EAFFF76FBB45
:10C6D0002C492D4810F01AFC002800F00D87B5EE0B
:10C6E000C08AF1EE10FA294B00F11986196C012964
:10C6F00000F01B8601210846FAF742F8FFF7CEBB8F
:10C70000234B9FED24AAB0EE480ABCEEC88A83ED05
:10C71000178AD3F7F1FEFFF75DB999ED0B0AD5F74C
:10C7200095FDBDEEC0BAFEF7EFBE99ED0B0AD5F749
:10C7300027FEFDEEC0BAFEF7F4BE00BF5C000500A8
:10C740004C10FF1FC8B70400F8FE04006008FF1F6C
:10C75000DCFE040008FF040014FF04002CFF0400AA
:10C760004016FF1F0417FF1F8007FF1F9CB1040026
:10C770006816FF1F3CEE040024EE04007C16FF1F29
:10C780006416FF1F340005006410FF1FB014FF1F64
:10C79000D812FF1F34020000BE49BF4810F0B6FB9C
:10C7A000002800F06587BD4B5B68013B042B3FF61A
:10C7B00011A9DFE813F087067A066D066006940675
:10C7C000DAF85430002B00F06885012B7FF47EAD41
:10C7D000B0EE480AD5F7B2FEBDEEC0EA76E5DAF86B
:10C7E0003430002B00F05185012B7FF46FADB0EE9B
:10C7F000480AD5F75FFEBDEEC0EA67E5DAF8CC304F
:10C80000002B40F04384DAED0A7ADAF82430DAF8C3
:10C81000202088EE270A4DE5222012F0EBFB4FE6A0
:10C82000222013F09DFB73E6222012F0E3FB6FE65B
:10C83000222013F095FB43E6222013F091FB8BE6B8
:10C84000222012F0D7FB87E6032B3FF611A8DFE882
:10C8500013F0FF05EE05DD05CC05B8EEEA0A1EEE85
:10C86000900AF0EE480AF1F7EBFCFFF700B822203F
:10C8700011F0D6FA70E6222011F0D2FA20E622203A
:10C8800011F0CEFA44E6DFED866A39E4059B002B11
:10C8900000F09483DAF85410002900F06B86012927
:10C8A00040F0A982B8EEEB0A1EEE900AF0EE480ABC
:10C8B000EFF7DEF8FFF701B9B8EEC90AF0EE480A63
:10C8C00039463846EFF7D4F8079BFFF7C5B8032B76
:10C8D0003EF6CEAFDFE813F00400B7030400040017
:10C8E0000021B8EEE90AF0EE480A4FF0FF30EFF70A
:10C8F000BFF80122074600210220D5F7F3F8002FE8
:10C900003EF4B6AFFEF7C4BF049B002B00F061837A
:10C91000DAF83410002900F03B86012940F06B82E0
:10C92000B8EECB0A1EEE900AF0EE480AEFF7A0F838
:10C93000FFF7C3B8022B00F021830CD8012B7EF443
:10C9400097AFB8EEE90AF0EE480A00210120EFF7B0
:10C950008FF8FEF78CBF033B012B3EF689AFF0E763
:10C96000D9F82430022B00F05286D9F80030013B70
:10C97000032B00F2E580DFE813F0DC03CA00C403F8
:10C98000B503D9F82430022B00F00B8388EE2D0A72
:10C99000DAF80420DAF8003002FB03F307EE903AED
:10C9A0009AED027AF8EE677A67EE877A27EE800AC8
:10C9B00013F064FDBDEEC00A1EEE900AB8EEC00A88
:10C9C000F7EE000AF1F73CFC00283EF454AFFEF706
:10C9D0005FBFD9F82430022BD9F8003003F1FF33C0
:10C9E00000F0D682032B00F27681DFE813F02204F8
:10C9F00058013E042E042B492B4810F087FA0028DA
:10CA00003EF439AF294BB5EEC08AF1EE10FA186842
:10CA100000F1F2850121F4F78BFDD6F75BFA0028CF
:10CA20003EF42CAFFEF734BF2149224810F06EFAD5
:10CA300000287EF418AF20491E4810F067FA00283D
:10CA40007EF411AF1D491B4810F060FA00287EF4F7
:10CA50000AAF1B49174810F059FAFEF704BF1949ED
:10CA6000194810F053FA002800F0C982B5EE408A48
:10CA7000F1EE10FA4FF0000240F0B68211460220AB
:10CA8000D5F730F8D6F726FA00283EF4F7AEFEF7D1
:10CA9000FFBE00BFD41205001C10FF1F3811FF1F7E
:10CAA000000000002C0005004010FF1FF811FF1FC0
:10CAB000580005005810FF1FDC0C0500BCB804002E
:10CAC00044B90400A0E004007016FF1FDAED0A7AF2
:10CAD000DAF82430DAF8202088EE270A02FB03F384
:10CAE00007EE903AF8EE677A27EE800A13F0C6FC5C
:10CAF000BDEEC0EA0121B8EECE0AF7EE000A084604
:10CB0000EEF7B6FF00283EF4B6AEFEF7C1BEDAF887
:10CB1000CC30002B40F0F386DAED0A7ADAF82430D4
:10CB2000DAF8202088EE270A02FB03F307EE903A9A
:10CB3000F8EE677A27EE800A13F0A0FCBDEEC0EA9B
:10CB4000B8EECE0A1EEE900AF7EE000A0121EEF7CB
:10CB50008FFFFEF78CBE222012F04CFAB0EE480A8E
:10CB6000D3F7CAFC2B68012B7FF40EA8222011F00A
:10CB700057F9FFF70FB8222011F052F9FEF7FCBF6A
:10CB8000222013F0EDF9FFF705B8222012F032FA57
:10CB9000FFF700B8222013F0E3F9FEF7EDBF2220E3
:10CBA00013F0DEF9FFF759B8222012F023FAFFF74D
:10CBB00054B8222011F034F9FFF74FB8222013F0B7
:10CBC000CFF9FFF73CB8222012F014FAFFF737B87C
:10CBD000222011F025F9FFF732B8B0EE480AD5F758
:10CBE00035FBBDEEC0EAFFF7E2B8DAF8CC3097EDDE
:10CBF000007A002B40F0BF86DAED0A7ADAF82430AA
:10CC0000DAF8202087EE270A02FB03F307EE903ABA
:10CC1000F8EE677A27EE800A13F030FCBDEEC0EA2A
:10CC2000914BD3ED007A9AED027A87EEAD0A1EEEB3
:10CC3000902A1EEE103A02FB03F30EEE103ADAF8D9
:10CC40000420DAF8003002FB03F307EE903AF8EE26
:10CC5000677A67EE877A27EE800A13F00FFCBDEE45
:10CC6000C00AF7EE001AB8EEC01AF0EE610AB8EE8C
:10CC7000CE0AF0F7FDF8FEF7FABDDAED057ADAF83C
:10CC80001030DAF80C2088EE270AFFF73AB8B0EE39
:10CC9000480AD5F775FBBDEEC0EAFFF788B8DAF8A9
:10CCA000CC30002B40F071866F4BDAED0A7A93EDB1
:10CCB000007ADAF82020DAF8243087EE270A02FB1F
:10CCC00003F307EE903AF8EE677A27EE800A13F046
:10CCD000D5FBBDEEC0EAD7ED007AA4E70121B8EE9E
:10CCE000E90AF0EE480A0846EEF7C2FEFEF7E5BE96
:10CCF0005E4911A80FF0C0FF11A8D3F745FC11A899
:10CD000010F012F82B68012B00F0BA85032B00F00D
:10CD1000B285002B00F0AA85B0EE480AD3F7ECFBF1
:10CD20002B68012B00F09D85032B00F0D185002B93
:10CD300000F0C9854E4B11A819680FF09DFF11A88E
:10CD4000D3F722FC11A80FF0EFFFFEF7A4BF47496D
:10CD500011A80FF091FF11A8D3F716FC11A80FF03E
:10CD6000E3FF2B68012B00F0A985032B00F0A185C0
:10CD7000002B00F09985B0EE480AD3F7BDFB2B6875
:10CD8000012B00F08C85032B00F08485002B00F034
:10CD90007C85374B11A819680FF06EFF11A8D3F7E7
:10CDA000F3FB11A80FF0C0FFFEF712BFD7F8D43085
:10CDB000D7F8D02097ED367A49E4222013F0D0F846
:10CDC000FFF702B9222012F015F9FFF7FDB8222073
:10CDD00011F026F8FFF7F8B8222013F0C1F8FFF79A
:10CDE000E5B8222012F006F9FFF7E0B8222011F092
:10CDF00017F8FFF7DBB8C9F80070FEF73CBD1E213D
:10CE00001C4813F027F81C480FF036FD1B4911A8E9
:10CE10000FF032FF11A8D3F7B7FB11A80FF084FF72
:10CE2000174B1B68012B00F08482032B00F041821A
:10CE3000002B00F03A82134911A80FF01DFF11A832
:10CE4000D3F7A2FB11A80FF06FFF0F4B19680F4F1C
:10CE500011A80FF011FF11A8D3F796FB11A80FF03E
:10CE600063FFFEF716BD00BFE816FF1F3C0005007C
:10CE70008007FF1FBCFE04006008FF1FDCFE0400EB
:10CE80009807FF1FCCFE04008407FF1FA813FF1F95
:10CE90001B21D048039712F0DDFFCF48CF4D0FF094
:10CEA000EBFCCF4911A80FF0E7FE11A8D3F76CFBFC
:10CEB00011A80FF039FF2B68012B00F03E82032BE5
:10CEC00000F00382002B00F0FC81C649C64E11A879
:10CED0000FF0D2FE11A8D3F757FB11A80FF024FFD3
:10CEE000316811A80FF0C8FE11A8D3F74DFB11A8A7
:10CEF0000FF01AFFBD4911A80FF0BEFE11A8D3F71D
:10CF000043FB11A80FF010FF2B68012B00F01982D2
:10CF1000032B00F0D281002B00F0E381DDED037ADA
:10CF2000B8EEE70AD3F7E8FA316811A80FF0A4FECB
:10CF300011A8D3F729FB11A80FF0F6FEAC4911A8F0
:10CF40000FF09AFE11A8D3F71FFB11A80FF0ECFE0B
:10CF50002B68012B00F0F981032B00F0BE81002B20
:10CF600000F0B781A34911A80FF0A4FE11A8D3F7D0
:10CF70000BFB11A80FF0D8FE316868E7B8EEC90ABC
:10CF8000F0EE480A00210120EEF772FDFEF76FBCBB
:10CF9000032B3EF66DACDFE813F015020202EF0141
:10CFA000DC01B8EEEA0A1EEE900AF0EE480AF1F74C
:10CFB00047F900283EF45FACFEF76ABCB8EEEB0A16
:10CFC0001EEE900AF0EE480A0121EEF751FDFEF741
:10CFD00074BDB8EECB0A1EEE900AF0EE480A0121AD
:10CFE000EEF746FDFEF769BD01210220D4F77AFD78
:10CFF000D5F770FF00283EF441ACFEF749BC07901E
:10D000007D497E480FF082FF002800F06E81B5EE6A
:10D01000408AF1EE10FA079A00F066840121084672
:10D02000D4F760FDD5F756FF00283EF427ACFEF795
:10D030002FBCDAED367ADAF8D430DAF8D02088EE80
:10D04000270AFEF75EBE0021B8EEC90AF0EE480AD4
:10D050004FF0FF30EEF70CFD01220746002110468D
:10D06000D4F740FD002F3EF403ACFEF711BCDDED1C
:10D07000067A1EEE900AB8EEE70AF0EE480AEEF7DE
:10D08000F7FC00283EF4F7ABFEF702BCDAED367A87
:10D09000DAF8D430DAF8D02088EE270AFFF70AB998
:10D0A000DAF85430002B00F07D84012B7FF422ADA0
:10D0B000B0EE480AD5F742FA13F0E0F9BDEEC0EA47
:10D0C00018E5DAF83430002B00F0A084012B7FF44F
:10D0D00011ADB0EE480AD5F7EDF913F0CFF9BDEE7A
:10D0E000C0EA07E5DAF85430002B00F06184012B28
:10D0F0007FF426ADB0EE480AD5F720FABDEEC0EABF
:10D100001EE5DAF83430002B00F08684012B7FF422
:10D1100017ADB0EE480AD5F7CDF9BDEEC0EA0FE580
:10D12000DAED057ADAF81030DAF80C2088EE270A02
:10D13000D4E4DAED057ADAF81030DAF80C2088EE6B
:10D14000270AF1E49FED2EAA82ED0F8AFEF71ABF9F
:10D150009FED2CAA82ED118AFEF714BF9FED2AAA3B
:10D1600082ED128AFEF70EBF9FED28AA82ED0D8A8E
:10D17000FEF708BF9FED26AA82ED0E8AFEF702BFDA
:10D180009FED24AA82ED138AFEF7FCBE9FED22AA32
:10D1900082ED148AFEF7F6BEDAF85430002B00F068
:10D1A0005584012B7FF43CAD97ED000AD5F7C6F905
:10D1B000BDEEC0EA34E5DAF83430002B00F04E84DE
:10D1C000012B7FF42DAD97ED000AD5F773F9BDEE75
:10D1D000C0EA25E5F8FE04006008FF1F9807FF1F5E
:10D1E000DCFE040008FF04008407FF1F14FF040096
:10D1F0002CFF04004016FF1FD4B904007016FF1F57
:10D200004C0100008C0100003C010000A80000005F
:10D2100054010000F40100002400000097ED007AA2
:10D22000DAED057ADAF81030DAF80C2087EE270A02
:10D23000EAE4D94BDAED057A93ED007ADAF80C20BE
:10D24000DAF8103087EE270A39E5DAF85430002B87
:10D2500000F0F383012B7FF43EADCF4B93ED000A3A
:10D26000D5F76CF9BDEEC0EA35E5DAF83430002BBD
:10D2700000F0DA83012B7FF42EADC74B93ED000A4B
:10D28000D5F718F9BDEEC0EA25E5B0EE480AD4F7A7
:10D29000DDFFBDEEC0EAFFF719B8B0EE480AD5F7DA
:10D2A0006FF8BDEEC0EAFFF711B8222012F058FE69
:10D2B000C1E5222011F09EFEBDE5222011F09AFE6C
:10D2C0002CE6222012F04CFEFFE5222011F092FE07
:10D2D000FBE5222012F044FE44E6222011F08AFEF3
:10D2E00040E6222012F03CFE18E6AC49AC480FF0B4
:10D2F0000DFE002800F0C583B5EE408AF1EE10FA6D
:10D300004FF0000240F0B28311460320D4F7EAFB4D
:10D31000D5F7E0FD00283EF4B1AAFEF7B9BA186CC3
:10D3200001284FF0FF313FF4E7A94FF0FF30FFF73E
:10D33000E3B9222010F074FD7DE5222010F070FD8D
:10D34000C3E5222010F06CFDE8E5222010F068FD16
:10D3500008E6914BD7ED001AD3ED000AF8EEEE7A0D
:10D36000B8EEEA1A67EEA11A67EEA00AB8EEEB0A69
:10D37000EFF77EFDFEF77BBA874BD7ED001AD3EDB2
:10D38000000AF8EEEE7AB8EEEA1A67EEA11A67EE36
:10D39000A00AB8EECB0AEFF76BFDFEF768BA7E4B3A
:10D3A000D7ED001AD3ED000AF8EEEE7AB8EEEA1ADD
:10D3B00067EEA11A67EEA00AB8EEE90AEFF758FD8A
:10D3C000FEF755BA744BD7ED001AD3ED000AF8EE0C
:10D3D000EE7AB8EEEA1A67EEA11A67EEA00AB8EE86
:10D3E000C90AEFF745FDFEF742BAD7ED000A6A4BCE
:10D3F000F8EEEE7AD3ED001AB8EEEA1A67EEA00A5C
:10D40000B8EEEB0AEFF734FDFEF731BAD7ED000ABC
:10D41000614BF8EEEE7AD3ED001AB8EEEA1A67EE39
:10D42000A00AB8EECB0AEFF723FDFEF720BAD7ED3E
:10D43000000A594BF8EEEE7AD3ED001AB8EEEA1A6C
:10D4400067EEA00AB8EEE90AEFF712FDFEF70FBA91
:10D45000514BD7ED000AD3ED001AF8EEEE7AB8EE94
:10D46000EA1A67EEA11A67EEA00AB8EEC90AEFF74A
:10D47000FFFCFEF7FCB94B4B9FED4BAAB0EE480A00
:10D48000BCEEC88A83ED008AD3F736F8FEF7A2BA5D
:10D49000464B9FED47AAB0EE480ABCEEC88A83ED22
:10D4A000008AD3F729F8FEF795BA424B9FED42AABE
:10D4B000B0EE480ABCEEC88A83ED008AD3F71CF8A8
:10D4C000FEF788BA3D4B9FED3EAAB0EE480ABCEE8F
:10D4D000C88A83ED008AD3F70FF8FEF77BBA394B81
:10D4E0009FED39AAB0EE480ABCEEC88A83ED008AE7
:10D4F000D3F702F8FEF76EBA344935480FF006FD4F
:10D5000000283EF4CBAC334B83ED138A2B68012B00
:10D5100000F03583032B00F02E83002B00F02783CF
:10D52000B0EE480AD2F7E8FF2B68012B00F0188311
:10D53000032B00F00E83002B00F004839FED26AA3E
:10D54000FEF7ACBC254926480FF0E0FC002800F0AF
:10D55000E881244B9A6DB0EE480ABCEEC88A002AD6
:10D5600040F0D78183ED108A9FED1FAAD2F7C4FF48
:10D57000FEF730BA1D4BF0EE480A93ED000A1EEE9E
:10D58000900AB8EEC00A0121EEF772FAFEF795BADA
:10D59000174BF0EE480AF0E7E816FF1FC0B804008A
:10D5A0007016FF1F1811FF1FAC0100000811FF1FAC
:10D5B00098000000F810FF1FA0000000E810FF1FF7
:10D5C000C00000002811FF1FB8010000380005004E
:10D5D0006410FF1FB014FF1F64020000600005000C
:10D5E0004C10FF1FD812FF1F2C0200001017FF1F46
:10D5F0000817FF1F740200004FF0FF31F3F798FF88
:10D60000D5F768FC00283EF439A9FEF741B9DDEDF5
:10D61000067A1EEE900AB8EEE70AF0EE480A0121FB
:10D62000EEF726FAFEF723B9222010F0F9FBFEF7F9
:10D63000C0BE222012F094FCFEF7BBBE222011F0E7
:10D64000D9FCFEF7B6BE222011F0D4FC1FED17AABC
:10D65000FEF724BC222010F0E3FB1FED1AAAFEF710
:10D660001DBC222012F07CFC1FED1EAAFEF716BC8A
:10D67000D349D4480FF04AFC00283EF4ABA9DAF8AD
:10D680000420DAF80030DAED026A02FB03F307EE59
:10D69000103AB8EE477AC8EE2D7ACB4B5A68013A69
:10D6A00027EE267ABDEEC77AB8EEC77AC7EE086ACB
:10D6B00067EE877ABDEEE67A042A3EF68BA9DFE8AC
:10D6C00002F0A77E552C0300C04A136882ED027A4F
:10D6D000012B08BFFCEEE77A2B6808BFC2ED027A87
:10D6E000012B82ED038A00F00C83032B00F00583ED
:10D6F000002B00F0FE82B0EE480AD2F7FDFE2B6848
:10D70000012B00F0EF82032B00F03283002B00F09E
:10D7100028839FEDAFAAFEF75DB9AE4A136882ED8C
:10D72000027A012B08BFFCEEE77A2B6808BFC2ED36
:10D73000027A012B82ED038A00F00F83032B00F0A5
:10D740000883002B00F00183B0EE480AD2F7D4FE24
:10D750002B68012B00F0F282032B00F0BC82002B1F
:10D7600000F0B2829FED9CAAFEF734B99B4A136881
:10D7700082ED027A012B08BFFCEEE77A2B6808BF26
:10D78000C2ED027A012B82ED038A00F03583032B70
:10D7900000F02E83002B00F02783B0EE480AD2F76A
:10D7A000ABFE2B68012B00F01883032B00F00E83D7
:10D7B000002B00F0E4829FED8AAAFEF70BB9894A9C
:10D7C000136882ED027A012B08BFFCEEE77A2B6822
:10D7D00008BFC2ED027A012B82ED038A00F070824D
:10D7E000032B00F06982002B00F0A482B0EE480AFF
:10D7F000D2F782FE2B68012B00F09582032B00F0FC
:10D800008B82002B00F081829FED77AAFEF7E2B8B1
:10D81000764A136882ED027A012B08BFFCEEE77AA4
:10D820002B6808BFC2ED027A012B82ED038A00F05B
:10D83000E481032B00F0DD81002B00F0D681B0EEF7
:10D84000480AD2F759FE2B68012B00F0C781032B41
:10D8500000F0F781002B00F0ED819FED65AAFEF747
:10D86000B9B8222010F0DCFAFFF764BA222012F0D7
:10D8700077FBFFF751BA222011F0BCFBFFF74CBA3F
:10D88000222010F0CDFAFFF747BA222012F068FBF1
:10D89000FFF77FBA222011F0ADFBFFF77ABA222002
:10D8A00010F0BEFAFFF775BA222012F059FBFFF70D
:10D8B00062BA222011F09EFBFFF75DBA222010F021
:10D8C000AFFAFFF758BA222012F04AFBFFF732BA3C
:10D8D000222011F08FFBFFF72DBAB5EE408AF1EE52
:10D8E00010FA40F0E882002211460120D4F7FAF83D
:10D8F000D5F7F0FA00283DF4C1AFFDF7C9BFDAED66
:10D90000367ADAF8D430DAF8D02088EE270AFFF732
:10D910000BB983ED0F8A9FED37AAD2F7EDFDFEF725
:10D9200059B8354935480FF0F1FA002800F0E08089
:10D93000334B9A6D002A40F0BD8083ED148A2B682A
:10D94000012B00F04781032B00F04081002B00F0F9
:10D950006D81B0EE480AD2F7CFFD2B68012B00F0A5
:10D960005E81032B00F05481002B00F04A819FED73
:10D9700025AAFEF72FB8DAED367ADAF8D430DAF8DD
:10D98000D02087EE270AFFF73FB91F4BDAED367A32
:10D9900093ED007ADAF8D020DAF8D43087EE270A4F
:10D9A000FFF78DB9B0EE480AD4F7EAFCFFF780BB69
:10D9B000B0EE480AD4F7E4FCBDEEC0EAFFF7C0B809
:10D9C000DC0C05001C10FF1F3811FF1F2811FF1F62
:10D9D000A80200001811FF1FA00200000811FF1F7D
:10D9E00044020000F810FF1F68010000E810FF1F4C
:10D9F00060010000E4020000BCB804004C10FF1FEE
:10DA0000D812FF1F34010000E816FF1FB0EE480ACD
:10DA1000D4F71CFCFFF75DBBB0EE480AD4F716FC48
:10DA2000BDEEC0EAFFF78CB8D84B93ED000AD4F7EF
:10DA30000DFCBDEEC0EAFFF74EB9D44B93ED000AE2
:10DA4000D4F79EFCBDEEC0EAFFF745B997ED000A9A
:10DA5000D4F796FCBDEEC0EAFFF7E2B897ED000AF6
:10DA6000D4F7F4FBBDEEC0EAFFF7DAB801210320DA
:10DA7000D4F738F8D5F72EFA00283DF4FFAEFDF7BD
:10DA800007BF0790C249C3480FF040FA002800F0D2
:10DA90008580B5EE408AF1EE10FA079A73D0012125
:10DAA0000420D4F71FF8D5F715FA00283DF4E6AEA8
:10DAB000FDF7EEBE83ED128A2B68012B00F0F88093
:10DAC000032B00F0F180002B00F0A181B0EE480A9A
:10DAD000D2F712FD2B68012B00F09281032B00F08E
:10DAE000DC80002B00F0D2809FEDB5AAFDF772BF5D
:10DAF000A949AA480FF00AFA00283DF46BAFA84BD9
:10DB00009A6D002A40F0A48083ED138A2B68012BC4
:10DB100000F0A981032B00F0AE81002B00F0A7815B
:10DB2000B0EE480AD2F7E8FC2B68012B00F0BC816C
:10DB3000032B00F0B281002B00F08E819FEDA2AA92
:10DB4000FDF748BF222012F00BFA9FED96AAFEF7D0
:10DB5000A5B9222011F04EFA9FED92AAFEF79EB9C8
:10DB6000222010F05DF99FED8FAAFEF797B92220D1
:10DB700012F0F6F9D4E4222011F03CFAD0E422208D
:10DB800010F04EF9CCE411460420D3F7ABFFD5F7E3
:10DB9000A1F900283DF472AEFDF77ABE7E497D48BA
:10DBA0000FF0B4F900283DF466AED9F80030013B1F
:10DBB000032B3DF660AE01A252F823F0DBD8020041
:10DBC0006DCA0200F9D202007FDE0200222011F0AD
:10DBD00011FABEE6222010F023F9BAE6222010F056
:10DBE0001FF99FED71AAFDF7F5BE222012F0B8F9DA
:10DBF00025E6222011F0FEF921E6222010F010F98E
:10DC00001DE6222012F0ACF99FED68AAFDF7E2BEF6
:10DC1000222011F0EFF99FED65AAFDF7DBBE22206F
:10DC200010F0FEF89FED61AAFDF7D4BE222012F09D
:10DC300097F98EE6222012F093F99FED5BAAFDF78B
:10DC4000C9BE222011F0D6F99FED57AAFDF7C2BE3A
:10DC500083ED118A2B68012B00F0FA80032B00F072
:10DC6000F380002B00F0EC80B0EE480AD2F744FCC1
:10DC70002B68012B00F0DD80032B00F0D380002BFC
:10DC800000F0C9809FED4FAAFDF7A4BE222012F03C
:10DC900067F99FED4BAAFDF79DBE222011F0AAF96E
:10DCA0009FED47AAFDF796BE222011F0A3F90DE7DC
:10DCB000222010F0B5F809E7222011F09BF995E534
:10DCC000222010F0ADF891E5222012F049F99FEDE5
:10DCD00038AAFDF77FBE222011F08CF99FED34AAFF
:10DCE000FDF778BE222010F09BF89FED32AAFDF7D9
:10DCF00071BE222012F034F9FDE4222011F07AF9ED
:10DD0000F9E4222010F08CF8F5E4222012F028F932
:10DD10009FED29AAFDF75EBE222011F06BF99FED61
:10DD200026AAFDF757BE222010F07AF89FED22AA0E
:10DD3000FDF750BE222012F013F957E5222010F013
:10DD40006FF89FED1BAAFDF745BE222012F008F9DF
:10DD5000FAE4222011F04EF9F6E4222010F060F8E7
:10DD6000F2E4222012F0FCF89FED12AAFDF732BE79
:10DD7000222011F03FF99FED0FAAFDF72BBE2220C4
:10DD800012F0EEF89FED0DAAFDF724BEE816FF1F76
:10DD9000DC0C05007016FF1F44B904004C10FF1F77
:10DDA000D812FF1F6402000060010000340100006F
:10DDB000A0020000A8020000680100004402000068
:10DDC000E802000044010000E8000000222011F0F9
:10DDD00011F91FED06AAFDF7FDBD222010F020F875
:10DDE0001FED0AAAFDF7F6BD222012F0B9F8D4E41F
:10DDF000222011F0FFF8D0E4222010F011F8CCE43A
:10DE0000222010F00DF81FED12AAFDF7E3BD22202D
:10DE100012F0A6F85AE6222012F0A2F81FED17AA77
:10DE2000FDF7D8BD222011F0E5F81FED1AAAFDF785
:10DE3000D1BD22200FF0F4FF1FED1EAAFDF7CABDD1
:10DE4000222012F08DF80FE7222011F0D3F80BE713
:10DE500022200FF0E5FF07E7222012F081F81FEDE6
:10DE600026AAFDF7B7BD22200FF0DAFF58E62220E0
:10DE700012F076F854E6222011F0BCF850E6B5EE28
:10DE8000408AF1EE10FA4FF000023FF47CAE01211F
:10DE90000420D3F727FEFDF7EEBC222011F0AAF8EC
:10DEA0001FED37AAFDF796BD22200FF0B9FF1FED39
:10DEB0003AAAFDF78FBD012100220846D3F712FED2
:10DEC000D5F708F800283DF4D9ACFDF7E1BCD9F846
:10DED0002830002B7DF46DAAFDF73EBB002306938E
:10DEE000FDF790BB2DE9F0412DED028BA4B010F0B1
:10DEF0004DF8002840F33381844B854801220C21E2
:10DF00001A6011F0A7FF10F041F8002840F31A81C1
:10DF10007E4D2B68012B00F01E81032B00F0308119
:10DF2000002B00F0298100237A4E7B4833700A21B0
:10DF300011F090FF794C296879480EF095FC7848EB
:10DF40000EF09AFC23680693069A23680593059BB6
:10DF50009B1A0E2BF9D933782B3BD32B00F2E4809C
:10DF6000DFE813F07310AB0DE2009F0DE200E2005A
:10DF7000E200E200E200E200E200E200E200E20091
:10DF8000E2007A16531634162C16AC16F4113E0E17
:10DF90001C0EF00DE200B70D310E250E500EE00004
:10DFA000710E1414F813DE13BF138E136A139C1230
:10DFB0005D125215E200E214C1148A14161681157E
:10DFC000921506105412E2001512BB0EAF0EE200BD
:10DFD0008E0E8A0EE20060094E0913090209E1085B
:10DFE000C908B808B108A908A5088E087708650807
:10DFF000530834080908E707A407920739070E07F2
:10E00000FC06DD06BB06B70649062706E200E2006D
:10E01000E200E200E200E200E200E200E200E200F0
:10E02000E200E200E200E200E200E200E200E200E0
:10E03000E200E200E200E200E200E200E200E200D0
:10E04000E200E200E200E200E200E200E200E200C0
:10E05000DC0572056E056A0562055B053C051A055F
:10E06000F804D004C904C304E200A20481046004DB
:10E07000E2005504DB02E200A7029C024E040D04FC
:10E080002E02FB0131031303F202EB02620342038F
:10E09000ED03E801A2019301E2004F013F012801D5
:10E0A00012014D102F108711661144113811E00B29
:10E0B000D80BA8119B0B600D3F0D7E0D2F0D4C0B47
:10E0C000090BC60A540A7C0C5A0C130CF10BD00C29
:10E0D000AE0CF20CE200480A080AE709E009C1099F
:10E0E000A2097109D211AF11E200C90FB60F0E10CB
:10E0F0006E0FB3166214E200E2007014D30E2D11FD
:10E10000E2000C11C210A110E2007F109807FF1F5F
:10E11000E0000500F016FF1F000105005C1FFF1F57
:10E120006008FF1FF9F73EFB23680893089A2368ED
:10E130000793079B9B1A632BF9D924B0BDEC028B84
:10E14000BDE8F08110F098FF0028F6DDBB4D2B688C
:10E15000012B7FF4E2AE0FF02DFFC3B2E4E610F026
:10E160008BFF00287FF7CFAEB44BB54803220C21BC
:10E170001A6011F06FFEC6E611F0FEFDC3B2D3E6E1
:10E1800010F08EFFC3B2CFE60A21AE4811F062FE56
:10E190000721AD4811F05EFEAC4AAD48516C00233A
:10E1A0000A220EF081FBAA480EF066FB0120EAF776
:10E1B0007BFBB9E7D3F7F6FFA64D03461B21A64824
:10E1C0006B6511F047FE696DA1480EF04DFBA0484C
:10E1D0000EF052FBA14B8C22196828460EF090FFDE
:10E1E000A2E728689B4DD3F7BFFF51EC100B13F04B
:10E1F00057FC9A4BE86619688C2228460EF080FF7F
:10E2000092E72868964ED3F7AFFF51EC100B13F04E
:10E21000FFFB012805464FF0110118BF4FF0FF35F5
:10E22000904811F017FE294689480EF01DFB8848DA
:10E230000EF022FB0A21834811F00CFE716D844818
:10E2400000230A220EF030FB81480EF015FB12214C
:10E25000854811F0FFFDB16D7D4800230A220EF0C4
:10E2600023FB7B480EF008FB0621804811F0F2FDED
:10E27000F16D774800230A220EF016FB74480EF069
:10E28000FBFA2846FBF7A4FD4EE7D3F78BFF784B4C
:10E290005B68013B042B3FF647AFDFE813F05A1CE5
:10E2A0003D1CEF1BD21B771CD3F77CFF714D724BCB
:10E2B000686319684FF4847228460EF021FF182114
:10E2C0006E4811F0C7FD0023696B61480A220EF009
:10E2D000EBFA5F480EF0D0FA6B6B002B03F002856F
:10E2E0006749684D08A80EF0C7FC08A8D2F74CF99A
:10E2F00008A80EF019FD296808A80EF0BDFC08A8B2
:10E30000D2F742F908A80EF00FFD5F4908A80EF0F9
:10E31000B3FC08A8D2F738F908A80EF005FD296863
:10E3200008A80EF0A9FC08A8D2F72EF908A80EF04C
:10E33000FBFCF9E6D3F736FF464EB36D03280CBF5E
:10E340004FF0FF350125042B02F24387DFE813F07D
:10E350005E1758173C174C1BFD1A2868D3F704FFAB
:10E3600051EC100B13F054FB15210546474811F0F2
:10E3700071FD294636480EF077FA35480EF07CFAE2
:10E38000434B1B68013B0A2B3FF6CEAE01A252F86D
:10E3900023F000BFF71B0300C71B0300231A030071
:10E3A000F719030029E10200550F0300550F030080
:10E3B000550F0300550F0300DF1B0300C71B0300AD
:10E3C000334F3448172111F045FD396820480EF0CD
:10E3D0004BFA1F480EF050FA2868D3F7C5FE51ECEF
:10E3E000100B13F015FB162105462B4811F032FDDA
:10E3F000294617480EF038FA15480EF03DFA3B68EA
:10E40000013B0A2B3FF690AE01A252F823F000BF69
:10E41000D1190300A319030083190300571903003E
:10E4200029E102003D0F03003D0F03003D0F0300F3
:10E430003D0F030033190300A31903009807FF1FC2
:10E44000F000050004030500B40905004813FF1F90
:10E450006008FF1F4C12FF1F980905005C07FF1F93
:10E46000D812FF1F680905007C0905009009050006
:10E470003811FF1FA813FF1F6C16FF1FA40605000D
:10E4800070BC04008007FF1F88BC0400E40705007F
:10E490008807FF1F7007050088070500D3F782FE75
:10E4A000BA4BBB49986009686C2218460EF028FEEA
:10E4B0003AE62868B74ED3F757FE51EC100B13F02D
:10E4C000EFFA0D210546B44811F0C4FC284612F0BD
:10E4D00097FF0B46024643EC182B0221B0EE480A88
:10E4E000F0EE680AAD480EF0EBF9AC480EF0C4F956
:10E4F0003368013B0D2B02F27F85DFE813F09017A4
:10E50000EF19EC19051A7D157D157D157D157D1505
:10E510007D15F5196615F219881B2868A04DD3F7EB
:10E5200023FE51EC100B13F0BBFA9E4B28671968C1
:10E530008C2228460EF0E4FDF6E5D4F7F3FF9A4B63
:10E540004FF0FF321A60EFE52868984DD3F70CFEC4
:10E5500051EC100B13F0A4FA954BA86219684FF414
:10E56000847228460EF0CCFD0B21924811F072FC0B
:10E57000A86A12F045FF41EC100B052187480EF008
:10E580009FF986480EF078F9CEE52868874DD3F7D5
:10E59000EBFD51EC100B13F03BFA854B68621968E8
:10E5A0004FF4847228460EF0ABFD0B21824811F027
:10E5B00051FC696A794800230A220EF075F9774800
:10E5C0000EF05AF9B0E52868784DD3F7CDFD51EC3F
:10E5D000100B13F01DFA764B286219684FF4847201
:10E5E00028460EF08DFD9FE52868744DD3F7BCFDDD
:10E5F00051EC100B13F054FA714BE8641968502277
:10E6000028460EF07DFD0E216E4811F023FCE86CCB
:10E6100012F0F6FE41EC100B022160480EF050F9AA
:10E620005E480EF029F97FE52868674ED3F79CFD18
:10E6300051EC100B13F034FA054600EE105A7068D6
:10E64000D4F7C0FA0B21614811F004FC00230A2220
:10E65000716852480EF028F90B215D4811F0FAFB61
:10E66000284612F0CDFE41EC100B02214B480EF073
:10E6700027F94A480EF000F90E21564811F0EAFB3E
:10E680000A223168454800230EF00EF943480EF087
:10E69000F3F81C21504811F0DDFB504BD86812F004
:10E6A000AFFE41EC100B02213C480EF009F93B484B
:10E6B0000EF0E2F81C214A4811F0CCFB494BD86817
:10E6C00012F09EFE41EC100B022134480EF0F8F8D7
:10E6D00032480EF0D1F81C21434811F0BBFB434BEC
:10E6E000D86812F08DFE41EC100B02212B480EF081
:10E6F000E7F82A480EF0C0F81C213D4811F0AAFBAB
:10E700003C4BD86812F07CFE41EC100B02212348F0
:10E710000EF0D6F821480EF0AFF81C21364811F063
:10E7200099FB364BD86812F06BFE41EC100B0221BE
:10E730001A480EF0C5F819480EF09EF8F4E428685F
:10E740001E4DD3F711FD51EC100B13F0A9F91C4B22
:10E75000A8641968502228460EF0D2FC0B211548F7
:10E7600011F078FBA86C12F04BFE41EC100B052168
:10E770000A480EF0A5F809480EF07EF8D4E4054BDF
:10E7800001211868F2F7D4FECEE400BF7C10FF1F11
:10E790003807FF1FF811FF1F2C0705006008FF1F37
:10E7A0006C11FF1F5407FF1F7007FF1FA813FF1FE7
:10E7B0006C16FF1F04040500BC050500B014FF1F04
:10E7C0006807FF1F2C0905003811FF1F34040500DE
:10E7D000700805007C0805008C080500E810FF1F84
:10E7E000AC080500F810FF1FCC0805000811FF1F3A
:10E7F000EC0805001811FF1F0C0905002811FF1F68
:10E80000B54B4FF0FF311868F2F792FE8CE4D3F766
:10E81000C9FCB24BB249586709688C2218460EF001
:10E820006FFC81E42868AF4DD3F79EFC51EC100BD0
:10E8300013F036F9AC4BA86619684FF48472284679
:10E840000EF05EFC0A21A94811F004FBA86E12F03C
:10E85000D7FD41EC100B0221A5480EF031F8A44879
:10E860000EF00AF860E428689E4DD3F77DFC51EC69
:10E87000100B13F0F5F89C4B082898BF3720196847
:10E88000E8664FF4847228460EF03AFC0F2199484E
:10E8900011F0E0FAA969964800230A220EF004F864
:10E8A00093480DF0E9FF3FE428688E4DD3F75CFCF8
:10E8B00051EC100B13F0D4F88B4B082898BF38207C
:10E8C000196828674FF4847228460EF019FC0F214E
:10E8D000894811F0BFFAE969854800230A220DF042
:10E8E000E3FF83480DF0C8FF1EE401210322084620
:10E8F000EAF7A4FF18E44FF0FF3103220846EAF7D5
:10E900009DFF11E4D3F74EFC764E05461D217B4852
:10E91000C6F8005111F09EFA294675480DF0A4FF83
:10E9200073480DF0A9FF1D21754811F093FAD6F830
:10E9300000116F4800230A220DF0B6FF6C480DF05D
:10E940009BFF694B4FF48472196830460EF0D8FB78
:10E95000FFF7EABB2868634DD3F706FC51EC100BB8
:10E9600013F09EF8604B286619684FF484722846AD
:10E970000EF0C6FB0C21634811F06CFA286E12F001
:10E980003FFD41EC100B022159480DF099FF58480A
:10E990000DF072FFFFF7C8BB2868524DD3F7E4FBB8
:10E9A00051EC100B13F07CF84F4B686619684FF46C
:10E9B000847228460EF0A4FB0B21534811F04AFA4A
:10E9C000686E12F01DFD41EC100B052148480DF05A
:10E9D00077FF47480DF050FFFFF7A6BB2868414D71
:10E9E000D3F7C2FB51EC100B13F012F83E4BE86565
:10E9F00019684FF4847228460EF082FB0B214248BE
:10EA000011F028FAE96D3A4800230A220DF04CFF74
:10EA100037480DF031FFFFF787BB0121022208467E
:10EA2000EAF70CFFFFF780BB4FF0FF3102220846E8
:10EA3000EAF704FFFFF778BBD8F7A4FDFFF774BB34
:10EA4000D8F7ECFAFFF770BBD3F7ACFB254D264B9C
:10EA5000686519684FF4847228460EF051FB18213E
:10EA60002A4811F0F7F90023696D21480A220DF0B8
:10EA70001BFF1F480DF000FF6B6D002B03F064813E
:10EA80002349244D08A80EF0F7F808A8D1F77CFD1B
:10EA900008A80EF049F9296808A80EF0EDF808A8B2
:10EAA000D1F772FD08A80EF03FF91B4908A80EF037
:10EAB000E3F808A8D1F768FD08A80EF035F9296831
:10EAC00008A80EF0D9F808A8D1F75EFD08A80EF046
:10EAD0002BF9FFF729BB00BFF811FF1F6C11FF1FB7
:10EAE0005407FF1FA813FF1F6C16FF1F2007050008
:10EAF0006008FF1F1007050000070500C00605009D
:10EB0000E0060500C805050004040500A40605008C
:10EB100048BD04008007FF1F60BD0400D3F742FB1F
:10EB2000BC4D03461A21BC48C5F8FC3011F092F9DF
:10EB3000D5F8FC10B94800230A220DF0B5FEB748FD
:10EB40000DF09AFEB64B4FF48472196828460EF009
:10EB5000D7FAD5F8FC30002B43F05881B149B24DBB
:10EB600008A80EF089F808A8D1F70EFD08A80EF045
:10EB7000DBF8296808A80EF07FF808A8D1F704FD93
:10EB800008A80EF0D1F8A94908A80EF075F808A851
:10EB9000D1F7FAFC08A80EF0C7F8296808A80EF00B
:10EBA0006BF808A8D1F7F0FC08A80EF0BDF8FFF745
:10EBB000BBBA28689E4DD3F7D7FA51EC100B12F070
:10EBC0006FFF172103469B48EB6511F043F9E86D91
:10EBD00012F016FC41EC100B022190480DF070FE73
:10EBE0008E480DF049FE944B8C22196828460EF091
:10EBF00087FAFFF799BA1321904811F02BF9904B3F
:10EC00008648996D0DF030FE84480DF035FE1221D6
:10EC10008C4811F01FF9864B8048996D0DF024FE49
:10EC20007E480DF029FE1A21874811F013F9874A12
:10EC30007A48516800230A220DF036FE77480DF01D
:10EC40001BFE1321824811F005F9824A73481168AE
:10EC500000230A220DF028FE70480DF00DFE13214E
:10EC60007D4811F0F7F87D4A6C48116800230A22AC
:10EC70000DF01AFE69480DF0FFFD1221784811F0E1
:10EC8000E9F8784A6548516D00230A220DF00CFE20
:10EC900062480DF0F1FD1721734811F0DBF8734A5B
:10ECA0005E48116800230A220DF0FEFD5B480DF05E
:10ECB000E3FD13216E4811F0CDF86E4A5748516CB0
:10ECC00000230A220DF0F0FD54480DF0D5FDFFF7AA
:10ECD0002BBAD8F791FEFFF727BA28684D4DD3F726
:10ECE00043FA51EC100B12F0DBFE4D4B68611968D2
:10ECF0004FF4847228460EF003FA0B215E4811F09F
:10ED0000A9F8686912F07CFB41EC100B052143481F
:10ED10000DF0D6FD41480DF0AFFDFFF705BA2868AC
:10ED20003C4DD3F721FA51EC100B12F071FE3C4B25
:10ED3000286119684FF4847228460EF0E1F90B211E
:10ED40004E4811F087F82969344800230A220DF053
:10ED5000ABFD32480DF090FDFFF7E6B928682D4D68
:10ED6000D3F702FA51EC100B12F052FE2C4BE86074
:10ED700019684FF4847228460EF0C2F9FFF7D4B92F
:10ED80002868244DD3F7F0F951EC100B12F088FEEF
:10ED9000234B28644FF48472196828460EF0B0F9AA
:10EDA000D5ED106A95ED027A354B3648C6EE877A76
:10EDB0000C21C3ED007A11F04DF8286C12F020FB05
:10EDC00041EC100B022115480DF07AFD13480DF0AF
:10EDD00053FDFFF7A9B928680E4DD3F7C5F951ECDB
:10EDE000100B12F015FE0E4BE86319684FF4847295
:10EDF00028460EF085F90B21204811F02BF8E96B1D
:10EE0000064800230A220DF04FFD04480DF034FDA2
:10EE1000FFF78AB9A813FF1F880605006008FF1FC7
:10EE20006C16FF1F8CC004008007FF1FA0C00400E9
:10EE30004C12FF1F700605005C07FF1F48F304001B
:10EE40006C11FF1FD8050500EC0505003811FF1FE8
:10EE500008060500F811FF1F1C060500B014FF1F6F
:10EE600030060500D812FF1F440605007C10FF1F66
:10EE70005C0605004813FF1F04040500BC050500DF
:10EE8000B818FF1FC80505002868C64DD3F76CF9F0
:10EE900051EC100B12F0BCFDC34BA86319684FF482
:10EEA000847228460EF02CF9FFF73EB9D3F77AF9B1
:10EEB000BC4FBD4B0028D4BF00200120196887F843
:10EEC000A0004FF4847208AE38460EF019F9B74925
:10EED00030460DF0D1FE3046D1F756FB30460DF0EE
:10EEE00023FF2B68012B03F07080032B03F0688055
:10EEF000002B03F06F80AE4AAE4B97F8A01030465F
:10EF0000002914BF114619460DF0B6FE3046D1F760
:10EF10003BFB30460DF008FFA74B304619680DF05B
:10EF2000ABFE3046D1F730FB30460DF0FDFEFFF76B
:10EF3000FBB828689B4DD3F717F951EC100B12F072
:10EF4000AFFD994B686419684FF4847228460EF03F
:10EF5000D7F80B21994810F07DFF686C12F050FA39
:10EF600041EC100B052196480DF0AAFC94480DF0D9
:10EF700083FCFFF7D9B828688A4DD3F7F5F851EC30
:10EF8000100B12F08DFD884BA8604FF48472196845
:10EF900028460EF0B5F8D5ED106A95ED027A894B4A
:10EFA0008948C6EE877A0C21C3ED007A10F052FF33
:10EFB000A86812F025FA41EC100B022180480DF0F0
:10EFC0007FFC7F480DF058FCFFF7AEB82868754D00
:10EFD000D3F7CAF851EC100B12F01AFD724B6860AF
:10EFE00019684FF4847228460EF08AF80B2177488E
:10EFF00010F030FF6968724800230A220DF054FCBB
:10F000006F480DF039FCFFF78FB82868654DD3F7CE
:10F01000ABF851EC100B12F0FBFC634BA8651968C0
:10F020004FF4847228460EF06BF8FFF77DB828681D
:10F030005C4DD3F799F851EC100B12F0E9FC5A4BE8
:10F04000286019684FF4847228460EF059F8FFF7CB
:10F050006BB82A215E4810F0FDFE59480DF00CFCFB
:10F060000E215C4810F0F6FE5B4B554819680DF018
:10F07000FBFB53480DF000FCD3F7D2FBFFF754B86D
:10F080002A21564810F0E6FE4D480DF0F5FB0E2102
:10F09000504810F0DFFE504B494819680DF0E4FB72
:10F0A00047480DF0E9FBD3F729FBFFF73DB8F4F72C
:10F0B00007FFFFF739B84FF0FF3100220846EAF7A3
:10F0C000BDFBFFF731B8012100220846EAF7B6FB85
:10F0D000FFF72AB82868424DD3F746F851EC100BD9
:10F0E00012F0DEFC3F4BA86619688C2228460EF011
:10F0F00007F8FFF719B80A213B4810F0ABFE0821CA
:10F100003A4810F0A7FE3A4A2D48516C00230A22D3
:10F110000DF0CAFB2A480DF0AFFB4FF0FF30E9F7C6
:10F12000C3FBFFF701B828682D4DD3F71DF851EC4C
:10F13000100B12F0B5FC2B4B686619688C22284620
:10F140000DF0DEFF20212B4810F084FE686E12F0D7
:10F1500057F941EC100B022119480DF0B1FB18488A
:10F160000DF08AFBFEF7E0BF28681D4DD2F7FCFFCB
:10F1700051EC100B12F094FC1A4B286619688C2283
:10F1800028460DF0BDFFFEF7CFBFD3F70BF81A4BA3
:10F190001A4918660968702218460DF0B1FFFEF78B
:10F1A000C3BF00BFA813FF1F6C16FF1F30BD0400B4
:10F1B000D8B90400DCB904008407FF1F040405006B
:10F1C0006008FF1FB818FF1FC8050500BC05050033
:10F1D0009005050068B204008807FF1F640505005C
:10F1E0004C12FF1F5C07FF1F0403050058050500B4
:10F1F0004813FF1F34050500D812FF1F6007FF1FCB
:10F200001521A44810F026FEA34BA448996D0DF0DB
:10F210002BFBA2480DF030FB4FF0FF30E8F782FDEA
:10F22000FEF782BF14219E4810F014FE9A4B9B48B3
:10F23000996D0DF019FB99480DF01EFB0120E8F7C0
:10F2400071FDFEF771BF2868012802F04C86032883
:10F2500002F00C86002802F08A86D2F785FF0E2184
:10F26000904857EC106B10F0F5FD00218B480DF025
:10F27000FBFA8A480DF000FB0D218B4810F0EAFDE7
:10F280003946304612F0C4FB014684480DF0ECFAD2
:10F2900082480DF0F1FA854B854819684FF4847265
:10F2A0000DF02EFFFEF740BF2868814DD2F75CFFBE
:10F2B00051EC100B12F0ACFB7C4BA86719684FF4B3
:10F2C000847228460DF01CFF08217A4810F0C2FD18
:10F2D000A96F724800230A220DF0E6FA6F480DF07C
:10F2E000CBFAFEF721BF2868714DD2F73DFF51ECF4
:10F2F000100B12F08DFB6D4B686719684FF4847228
:10F3000028460DF0FDFE0B216B4810F0A3FD696F40
:10F31000624800230A220DF0C7FA60480DF0ACFAEB
:10F32000FEF702BF654B0A221A60F8F73BFAFEF7B8
:10F33000FBBE2868624DD2F717FF51EC100B12F09C
:10F34000AFFB604B286219686C2228460DF0D8FE8E
:10F3500010215D4810F07EFD286A12F051F841EC52
:10F36000100B02214D480DF0ABFA4C480DF084FA19
:10F37000FEF7DABE0B2155484D4E10F06BFDD2F76B
:10F3800011FF10210546524810F064FD29464348FC
:10F390000DF06AFA41480DF06FFA052D434B08BF96
:10F3A00000254FF484721968C6F8F05030460DF00D
:10F3B000A7FED6F8F020012A03F0AB80012200213D
:10F3C0000320D2F78FFB434908A80DF055FC08A88D
:10F3D000D1F7DAF808A80DF0A7FC3F4B08A8196888
:10F3E0000DF04AFC08A8D1F7CFF808A80DF09CFC56
:10F3F000FEF79ABE394F7B6C013B032B3EF694AE71
:10F40000DFE813F0870E670E470E270ED2F7CAFE0D
:10F41000274F264B0028D4BF00200120196887F809
:10F420009F004FF4847208AE38460DF069FE2C49F7
:10F4300030460DF021FC3046D1F7A6F830460DF0ED
:10F4400073FC2B68012B02F0A285032B02F09A8536
:10F45000002B02F09285234A234B97F89F103046E9
:10F46000002914BF114619460DF006FC3046D1F7AD
:10F470008BF830460DF058FC1C4B304619680DF0E7
:10F48000FBFB3046D1F780F830460DF04DFCFEF71F
:10F490004BBE00BF1C0505004C12FF1F6008FF1F7C
:10F4A00004050500B80A0500C80A05006C16FF1F10
:10F4B000A813FF1F280105001C0105008807FF1F76
:10F4C0007C10FF1F3807FF1FA4030500980A0500E2
:10F4D000A40A0500CCBE04008007FF1F4813FF1FCD
:10F4E00058BC0400D8B90400DCB904008407FF1F2D
:10F4F000D2F758FEB64FB74B0028D4BF00200120EA
:10F50000196887F89E004FF4847208AE38460DF0F3
:10F51000F7FDB14930460DF0AFFB3046D1F734F876
:10F5200030460DF001FC2B68012B03F01280032BF9
:10F5300003F00A80002B02F02F85A84AA84B97F809
:10F540009E103046002914BF114619460DF094FB59
:10F550003046D1F719F830460DF0E6FBA14B3046A6
:10F5600019680DF089FB3046D1F70EF830460DF0E2
:10F57000DBFBFEF7D9BDD2F715FE954F954B002862
:10F58000D4BF00200120196887F89D004FF48472D1
:10F5900008AE38460DF0B4FD934930460DF06CFBD3
:10F5A0003046D0F7F1FF30460DF0BEFB2B68012B43
:10F5B00002F00185032B02F0F984002B02F0F184A4
:10F5C000864A874B97F89D103046002914BF114694
:10F5D00019460DF051FB3046D0F7D6FF30460DF0FE
:10F5E000A3FB804B304619680DF046FB3046D0F740
:10F5F000CBFF30460DF098FBFEF796BDD2F7D2FD5B
:10F60000734F744B0028D4BF00200120196887F87D
:10F610009C004FF4847238460DF072FD0B21734844
:10F6200010F018FC97F89C1071480DF01DF908AE09
:10F630006F480DF021F96F4930460DF01DFB304643
:10F64000D0F7A2FF30460DF06FFB2B68012B02F0C4
:10F650008984032B02F08184002B02F079845F4AB5
:10F660005F4B97F89C103046002914BF114619468D
:10F670000DF002FB3046D0F787FF30460DF054FB0B
:10F68000584B304619680DF0F7FA3046D0F77CFF3A
:10F6900030460DF049FBFEF747BD0B2156484C4E56
:10F6A00010F0D8FBD2F77EFD0F210546534810F02D
:10F6B000D1FB29464E480DF0D7F84D480DF0DCF847
:10F6C000444BC6F8E8504FF48472196830460DF088
:10F6D00017FDD6F8E820012A02F000870122104623
:10F6E0000021D2F7FFF9464908A80DF0C5FA08A88D
:10F6F000D0F74AFF08A80DF017FB424B08A819687D
:10F700000DF0BAFA08A8D0F73FFF08A80DF00CFBDF
:10F71000FEF70ABD4FF0FF3104220846EAF78EF8E3
:10F72000FEF702BD2868384DD2F71EFD51EC100BD4
:10F7300012F0B6F9354BE8621968342228460DF00C
:10F74000DFFCFEF7F1BC2868214DD2F70DFD51EC2E
:10F75000100B12F05DF91F4B082898BF392019686B
:10F7600028634FF4847228460DF0CAFC0E21284805
:10F7700010F070FB296B1E4800230A220DF094F84C
:10F780001B480DF079F8FEF7CFBC2868104DD2F772
:10F79000EBFC51EC100B12F03BF90E4B082898BF14
:10F7A00039201968E8624FF4847228460DF0A8FCED
:10F7B0000E21184810F04EFBE96A0D4800230A227A
:10F7C0000DF072F80A480DF057F8FEF7ADBC00BF17
:10F7D000A813FF1F6C16FF1F00BB0400D8B904005C
:10F7E000DCB904008407FF1FC0BA0400000A05004A
:10F7F0006008FF1F2CBA0400D8090500E4090500C1
:10F800004CBE04008007FF1F3811FF1F5007FF1F69
:10F810004C0A05003C0A05002868B44DD2F7A4FC48
:10F8200051EC100B12F0F4F8B14B082898BF3920B6
:10F830001968E8614FF4847228460DF061FC0E21CE
:10F84000AC4810F007FBE969AB4800230A220DF031
:10F850002BF8A9480DF010F8FEF766BC2868A34FF6
:10F86000D2F782FC51EC100B12F0FAF80D2103468E
:10F87000A248BB6110F0EEFAB9699F4800230A2242
:10F880000DF012F89C480CF0F7FFBB699748082B65
:10F890009CBF3923BB61964B4FF4847219680DF0FD
:10F8A0002FFC0E21964810F0D5FAB9699248002332
:10F8B0000A220CF0F9FF90480CF0DEFFFEF734BC92
:10F8C00028688A4DD2F750FC51EC100B12F0A0F8CA
:10F8D000874B082898BF3920196828654FF484722F
:10F8E00028460DF00DFC0F21864810F0B3FA296D63
:10F8F000814800230A220CF0D7FF7F480CF0BCFFA0
:10F90000FEF712BC2868794DD2F72EFC51EC100B93
:10F9100012F07EF8764B082898BF39201968E86401
:10F920004FF4847228460DF0EBFB0F21764810F05F
:10F9300091FAE96C704800230A220CF0B5FF6E487A
:10F940000CF09AFFFEF7F0BB0B217048674E10F0E9
:10F9500081FAD2F727FC0F2105466D4810F07AFA9C
:10F96000294665480CF080FF63480CF085FF604B2A
:10F97000C6F8EC504FF48472196830460DF0C0FBA5
:10F98000D6F8EC20012A02F0B183012200210220E6
:10F99000D2F7A8F85F4908A80DF06EF908A8D0F7CB
:10F9A000F3FD08A80DF0C0F95B4B08A819680DF02D
:10F9B00063F908A8D0F7E8FD08A80DF0B5F9FEF73F
:10F9C000B3BBD2F7EFFB554B55495A6F554B086007
:10F9D000012A0CBF022201221A60F3F773FAFEF724
:10F9E000A3BB2868504DD2F7BFFB51EC100B12F0AF
:10F9F00057F84E4B28651968702228460DF080FB99
:10FA00000A214B4810F026FA286D11F0F9FC41EC60
:10FA1000100B022138480CF053FF37480CF02CFF34
:10FA2000FEF782BB2868404DD2F79EFB51EC100BCD
:10FA300011F0EEFF3D4B28641968702228460DF046
:10FA40005FFB08213B4810F005FA296C2A48002387
:10FA50000A220CF029FF28480CF00EFFFEF764BBC9
:10FA60002868314DD2F780FB51EC100B12F018F8DA
:10FA70002E4BE8641968702228460DF041FB0C21DA
:10FA80002D4810F0E7F9E86C11F0BAFC41EC100BCE
:10FA9000022119480CF014FF17480CF0EDFEFEF798
:10FAA00043BBD2F77FFB254B2549186109686C22BF
:10FAB00018460DF025FBFEF737BBD2F773FB1F4B43
:10FAC0001F49986209686C2218460DF019FBFEF771
:10FAD0002BBBD2F767FB144B1449D8650968702219
:10FAE00018460DF00DFBFEF71FBB00BFA813FF1F4C
:10FAF0006C16FF1F2C0A05006008FF1F0C0A05008A
:10FB00001C0A05006C0A05005C0A05007C0A050059
:10FB1000880A05008CBE04008007FF1F6C11FF1FC0
:10FB20008807FF1F3417FF1FD812FF1F6007FF1F32
:10FB3000F4090500BC090500C80905007C10FF1F79
:10FB40003807FF1FD2F72EFBA64E05463321A648E5
:10FB500010F080F93168A5480CF086FEA3480CF03F
:10FB60008BFE0B21A24810F075F929469F480CF036
:10FB70007BFE9E480CF080FE3368013B0A2B01F2AD
:10FB80001782DFE813F0C90D730EB80D6A10150A5D
:10FB9000F309F309F309F3094710730E954B00229B
:10FBA0001A60D3F7BFFCE6F70DFDFEF7BDBAD2F73A
:10FBB000F9FA914B914998640968602218460DF052
:10FBC0009FFAFEF7B1BA8E4B5B68013B042B3EF601
:10FBD000ABAADFE813F00A0CF00BD60BBC0B281015
:10FBE0001421884810F036F980480CF045FE86490B
:10FBF000864B4FF0FF30002208601A60D1F71CFFDF
:10FC0000FEF792BA2868824DD2F7AEFA51EC100B8B
:10FC100011F0FEFE7F4BC5F8F80019684FF48472AE
:10FC200028460DF06DFA08217B4810F013F9D5F83D
:10FC3000F8106E4800230A220CF036FE6B480CF0D8
:10FC40001BFEFEF771BAD2F7ADFA744D744B2864FF
:10FC50001968502228460DF053FA0D21714810F012
:10FC6000F9F8296C614800230A220CF01DFE5F4858
:10FC70000CF002FEFEF758BAD6F7B4F8FEF754BA05
:10FC800028685D4DD2F770FA51EC100B11F008FFA7
:10FC90005A4BE8651968602228460DF031FA19219F
:10FCA000614810F0D7F8E86D11F0AAFB41EC100B99
:10FCB00002214E480CF004FE4C480CF0DDFDFEF72E
:10FCC00033BAD2F76FFA04283EF62EAADFE810F016
:10FCD000CB0BC40BBD0BB60B2E0CD2F763FA0A216B
:10FCE0000546524810F0B6F8294640480CF0BCFDD5
:10FCF0003E480CF0C1FD042D3EF616AADFE815F0D3
:10FD0000810C7A0C730C6C0CBA0BD2F74BFA484D81
:10FD1000484E00280CBF4FF0FF3301230A2143480F
:10FD2000336010F097F800230A2229682F480CF05E
:10FD3000BBFD2E480CF0A0FD0A213F4810F08AF8C8
:10FD400000230A22A96829480CF0AEFD27480CF0D0
:10FD500093FD1421394810F07DF8316823480CF0E8
:10FD600083FD22480CF088FDAB68023B352B00F286
:10FD7000F187DFE813F0701481147D146814ED0727
:10FD80006C14EF07EF07EF07EF07EF07EF07EF0739
:10FD9000EF07EF07EF07EF07EF07EF07EF07EF07B3
:10FDA000EF07EF07EF07EF07EF07EF07EF07EF07A3
:10FDB000EF07EF07EF07EF07EF07EF07EF07EF0793
:10FDC000EF07EF07EF07EF07EF07EF07EF07EF0783
:10FDD000EF07EF07EF07701481147D146814ED0727
:10FDE0006C1400BF8807FF1FD00105006008FF1FCB
:10FDF00004020500F416FF1F4813FF1F6407FF1FCE
:10FE00003811FF1FB80105007007FF1F4C16FF1FB8
:10FE1000A813FF1F6C16FF1F64030500B014FF1F1B
:10FE20006807FF1F70030500E804050004030500D0
:10FE30007C10FF1F9407FF1F800C05008C0C050031
:10FE40000B21BA48BA4E10F005F8D2F7ABF91521DC
:10FE50000546B8480FF0FEFF2946B7480CF004FDF0
:10FE6000B5480CF009FD1521B2480FF0F3FF294603
:10FE7000B1480CF0F9FCB0480CF0FEFCAF4BC6F8F2
:10FE8000E4504FF48472196830460DF039F9D6F811
:10FE9000E420012A02F02D80002101220846D1F73A
:10FEA00021FEA74908A80CF0E7FE08A8D0F76CFBD4
:10FEB00008A80CF039FFA34B08A819680CF0DCFE69
:10FEC00008A8D0F761FB08A80CF02EFFFEF72CB9AC
:10FED0002868974DD2F748F951EC100B11F098FDB6
:10FEE000964BC5F8D00019684FF4847228460DF07F
:10FEF00007F9FEF719B90B2193488D4E0FF0AAFFB1
:10FF0000D2F750F91021054690480FF0A3FF29467B
:10FF100089480CF0A9FC88480CF0AEFC874BC6F869
:10FF2000F4504FF48472196830460DF0E9F8D6F8B1
:10FF3000F420012A02F06381012200210420D1F77C
:10FF4000D1FD834908A80CF097FE08A8D0F71CFB48
:10FF500008A80CF0E9FE7B4B08A819680CF08CFE91
:10FF600008A8D0F711FB08A80CF0DEFEFEF7DCB8FD
:10FF7000784B01219A6D0846E9F760FCFEF7D4B88A
:10FF800028686B4DD2F7F0F851EC100B11F040FDE2
:10FF90006A4BC5F8D40019684FF4847228460DF0F6
:10FFA000AFF80B216C480FF055FFD5F8D41062481C
:10FFB00000230A220CF078FC5F480CF05DFCFEF791
:10FFC000B3B82868654DD2F7CFF851EC100B11F09B
:10FFD0001FFD634BE8631968702228460DF090F806
:10FFE000082160480FF036FFE96B534800230A22CE
:10FFF0000CF05AFC50480CF03FFCFEF795B828680E
:020000023000CC
:10000000564DD2F7B1F851EC100B11F049FD544B9D
:10001000A8661968702228460DF072F8A86E11F0D3
:10002000EFF941EC100B022143480CF049FCA86E9B
:1000300011F0E6F941EC100B05213F480CF040FCB3
:100040003D480CF019FCFEF76FB8D2F7ABF8464B01
:100050004649586109686C2218460DF051F8FEF7C0
:1000600063B82868324DD2F77FF851EC100B11F0CD
:1000700017FD324BA86419684FF4847228460DF0BE
:100080003FF80A213A480FF0E5FEA86C11F0B8F9E4
:1000900041EC100B022128480CF012FC26480CF011
:1000A000EBFBFEF741B828682F4DD2F75DF851EC15
:1000B000100B11F0F5FC2D4BE86019686C222846F6
:1000C0000DF01EF810212B480FF0C4FEE86811F067
:1000D00097F941EC100B022117480CF0F1FB164880
:1000E0000CF0CAFBFEF720B828681F4DD2F73CF889
:1000F00051EC100B11F0D4FC1C4BA86119686C2258
:1001000028460CF0FDFF11211B480FF0A3FEA86943
:1001100011F076F941EC100B022107480CF0D0FBEE
:1001200005480CF0A9FBFDF7FFBF00BF5C0C050004
:10013000A813FF1F680C05006008FF1F6C16FF1F47
:10014000FCBD04008007FF1F3C0C0500480C0500A7
:1001500014BF04006C11FF1FBC050500D812FF1F5F
:100160006007FF1FBC0905007C10FF1F3807FF1F39
:10017000FC0C0500A4030500740405002868AE4DBE
:10018000D1F7F2FF51EC100B11F08AFCAB4BE86594
:100190001968602228460CF0B3FF1921A8480FF017
:1001A00059FEE86D11F02CF941EC100B0221A54825
:1001B0000CF086FBA3480CF05FFBFDF7B5BF1121E7
:1001C000A1480FF047FE9F480CF056FBDFF700F9FF
:1001D000FDF7AABFD1F7E6FF9C4B9D49186309685C
:1001E000342218460CF08CFFFDF79EBFD1F7DAFFE2
:1001F000984A431E10600A2B3DF696AF01A252F8B2
:1002000023F000BF2F14030025E1020025E10200C6
:100210002314030029E1020025E1020025E1020088
:1002200025E10200EF16030025E1020025E10200AE
:100230002868894DD1F798FF51EC100B11F030FC74
:10024000864B68641968702228460CF059FF0B2110
:1002500083480FF0FFFD686C11F0D2F841EC100BF1
:10026000052178480CF02CFB76480CF005FBFDF7D7
:100270005BBF2868784DD1F777FF51EC100B11F078
:100280000FFC764BA8641968702228460CF038FFE2
:100290000C2174480FF0DEFDA86C11F0B1F841ECB0
:1002A000100B022167480CF00BFB66480CF0E4FAD7
:1002B000FDF73ABF012104220846E9F7BFFAFDF72E
:1002C00033BF6949694A634F00230B601360D1F75C
:1002D00069FF0A28386002F0A080162802F03180F9
:1002E000002801F0A78701380A2802F23781DFE8E9
:1002F00010F0F409EA0999098F0935119A069A064E
:100300009A069A06BD0CEA092B68012B01F0DA86E1
:10031000032B01F0D386002B01F09586544F554BEB
:10032000534819684FF484720CF0EAFE08215248D1
:100330000FF090FDD7F88010424800230A220CF0FD
:10034000B3FA40480CF098FAFDF7EEBE2868424D2B
:10035000D1F70AFF51EC100B11F0A2FB3F4BE866FE
:100360001968702228460CF0CBFE1D2143480FF07F
:1003700071FDE86E11F044F841EC100B0521314895
:100380000CF09EFA2F480CF077FAFDF7CDBE3C4DED
:100390003C4819210FF05EFD00230A22696C2948B0
:1003A0000CF082FA27480CF067FAD1F7FBFE0B211C
:1003B000064635480FF04EFD314622480CF054FAFF
:1003C00020480CF059FA192130486E640FF042FDB4
:1003D000696C1C4800230A220CF066FA19480CF0DC
:1003E0004BFA2B4B5022196828460CF089FE192134
:1003F00028480FF02FFD696C124800230A220CF0E8
:1004000053FA10480CF038FAFDF78EBE224B4FF02D
:10041000FF319A6D0846E9F711FAFDF785BE0B4BDF
:100420005B68013B042B3DF67FAEDFE813F0A508C7
:100430009B08A00875082A084813FF1F6407FF1FC0
:10044000E00C05006008FF1FCC0C05003811FF1FF1
:100450005007FF1F8807FF1FD812FF1F6007FF1FED
:1004600004040500C80905007C16FF1F8816FF1F3D
:10047000A813FF1F6C16FF1F280105009801050037
:10048000B014FF1F88040500A4040500B004050093
:100490006807FF1FCC0405006C11FF1FD1F782FE17
:1004A000CA4F03462021CA48C7F8E0300FF0D2FCFB
:1004B0000A22D7F8E010C74800230CF0F5F9C54828
:1004C0000CF0DAF9D7F8E020012A01F0688608AECE
:1004D000C149C24D30460CF0CFFB3046D0F754F83E
:1004E00030460CF021FC296830460CF0C5FB304644
:1004F000D0F74AF830460CF017FCD7F8E420012A70
:1005000001F04686002108460122D1F7EBFAB449F2
:1005100030460CF0B1FB3046D0F736F830460CF0E0
:1005200003FC296830460CF0A7FB3046D0F72CF8C6
:1005300030460CF0F9FBD7F8E820012A01F02186BB
:10054000012200211046D1F7CDFAA64930460CF021
:1005500093FB3046D0F718F830460CF0E5FB2968DD
:1005600030460CF089FB3046D0F70EF830460CF0E0
:10057000DBFBD7F8EC20012A01F0FC8500210122E9
:100580000220D1F7AFFA984930460CF075FB30469F
:10059000CFF7FAFF30460CF0C7FB296830460CF065
:1005A0006BFB3046CFF7F0FF30460CF0BDFBD7F8C1
:1005B000F020012A01F0D785002101220320D1F784
:1005C00091FA8A4930460CF057FB3046CFF7DCFFF2
:1005D00030460CF0A9FB296830460CF04DFB304644
:1005E000CFF7D2FF30460CF09FFBD7F8F420012A5A
:1005F00001F0B285002101220420D1F773FA7C4971
:1006000030460CF039FB3046CFF7BEFF30460CF0D9
:100610008BFB296830460CF02FFB3046CFF7B4FF38
:1006200030460CF081FB734B684819684FF48472B4
:100630000CF066FDFDF778BD2868644DD1F794FD98
:1006400051EC100B11F02CFA6A4BC5F8D800196860
:100650004FF4847228460CF053FD0B2166480FF0CE
:10066000F9FBD5F8D80010F0CBFE41EC100B0521BA
:1006700058480CF025F957480CF0FEF8FDF754BD2A
:100680005E4D5F485F4E0B210FF0E4FB2968514837
:100690000CF0EAF84F480CF0EFF80E215A480FF032
:1006A000D9FB31684B480CF0DFF84A480CF0E4F80D
:1006B0003368092B05D01A2B01F00885032B7DF434
:1006C00033AD132151480FF0C5FB296841480CF0A8
:1006D000CBF840480CF0D0F82868D3F721FAFDF7A2
:1006E00023BD28684A4DD1F73FFD51EC100B11F0A6
:1006F0008FF9102103464748EB610FF0ABFBE96926
:10070000344800230A220CF0CFF832480CF0B4F839
:10071000414B6C22196828460CF0F2FCFDF704BD31
:10072000D1F740FD3A4D034614213C486B620FF06F
:1007300091FB696A274800230A220CF0B5F8254886
:100740000CF09AF8344B6C22196828460CF0D8FC4F
:10075000FDF7EABC324D33480B210FF07BFB002341
:10076000296C1C480A220CF09FF81A480CF084F8F7
:100770002B6C012B01F0A486312B14BF01204FF00C
:10078000FF300121F5F7FCFFFDF7CEBC244D2548D5
:100790000B210FF05FFB296C0E4800230A220CF09E
:1007A00083F80C480CF068F8286C302801F095822A
:1007B00001F28C82002801F09082012841F0BD8274
:1007C0004FF0FF31F5F7DCFFFDF7AEBCA813FF1FBC
:1007D000100405006008FF1FD4BD04008007FF1F40
:1007E000FCBD04004CBE04008CBE0400CCBE040062
:1007F00014BF04006C16FF1F040405004C16FF1FF5
:10080000B80305008807FF1FC4030500D4030500D3
:100810007C10FF1FA40305003807FF1F8C03050091
:10082000B014FF1F80030500D1F7BCFCBE4BBF49CD
:10083000C3F8CC0009684FF4847218460CF060FCD1
:10084000FDF772BCD1F7AEFCB94D03460B21B94898
:100850006B600FF0FFFA6968B74800230A220CF0BA
:1008600023F8B5480CF008F8B44B34221968284630
:100870000CF046FCFDF758BCD1F794FCAA4DAB4BED
:10088000C5F8C80019684FF4847228460CF038FC8B
:100890000D21AB480FF0DEFA0023D5F8C810A648AA
:1008A0000A220CF001F8A4480BF0E6FFD5F8C83096
:1008B00008AE002B01F04582A24930460CF0DCF96D
:1008C0003046CFF761FE30460CF02EFA9E4B304694
:1008D00019680CF0D1F93046CFF756FE30460CF0CF
:1008E00023FAFDF721BC2868984DD1F73DFC51EC67
:1008F000100B11F0D5F8964BE86219686C22284667
:100900000CF0FEFB112193480FF0A4FAE86A10F0F6
:1009100077FD41EC100B022187480BF0D1FF864890
:100920000BF0AAFFFDF700BC28688B4FDFF85C8254
:10093000D1F71AFC51EC100B11F0B2F8874BF863A9
:100940001968602238460CF0DBFBD7ED0F6A97ED93
:10095000107A8349C6EE877A08AE3046C8ED007A31
:100960000CF08AF93046CFF70FFE30460CF0DCF978
:100970002B68012B01F03883032B01F03083002B0F
:1009800001F06F8298ED000ACFF7B6FD754B304647
:1009900019680CF071F93046CFF7F6FD30460CF0CF
:1009A000C3F9032170480FF055FAF86B10F028FDD9
:1009B00041EC100B022160480BF082FF5E480BF007
:1009C0005BFF032169480FF045FA386C10F018FD01
:1009D00041EC100B022158480BF072FF56480BF007
:1009E0004BFF092162480FF035FAD8F8000010F0EB
:1009F00007FD41EC100B02214F480BF061FF4E4800
:100A00000BF03AFFFDF790BB5A4B494F49485A4DFE
:100A100000260B211E700FF01DFA33460A2279685A
:100A200045480BF041FF44480BF026FF092153488D
:100A30000FF010FA112152480FF00CFA3346696892
:100A40003D480A220BF030FF3B480BF015FF7B6856
:100A5000013B042B3DF668ABDFE813F074046E0431
:100A6000E703DE0393052868464DD1F77DFB51EC83
:100A7000100B10F0CDFF444B6866196870222846B1
:100A80000CF03EFBFDF750BB2868334FDFF8FC80CD
:100A9000D1F76AFB51EC100B11F002F82F4B3864C0
:100AA0001968602238460CF02BFBD7ED0F6A97EDE2
:100AB000107A2B49C6EE877A08AE3046C8ED007A28
:100AC0000CF0DAF83046CFF75FFD30460CF02CF929
:100AD0002B68012B01F0FD84032B01F0F584002B22
:100AE00001F0318298ED000ACFF706FD1D4B30462C
:100AF00019680CF0C1F83046CFF746FD30460CF0CF
:100B000013F9032119480FF0A5F9386C10F078FC9F
:100B100041EC100B022108480BF0D2FE06480BF006
:100B2000ABFEFDF701BB00BFA813FF1F6C16FF1F34
:100B30003811FF1F340405006008FF1F5007FF1F16
:100B400054C0040064C004008007FF1F7C10FF1F16
:100B50003807FF1F740405004813FF1F6407FF1FB9
:100B6000540405008407FF1F6CED04008407050092
:100B7000680405001510FF1FE810FF1F1003050093
:100B800040040500D812FF1F6007FF1FF816FF1F63
:100B9000D1F708FBAF4AB049B04D906503460968EC
:100BA000AB62104670226B610CF0AAFAAC4B6C225F
:100BB000196828460CF0A4FAFDF7B6BAD2F7B2FCD1
:100BC0004FF0FF30FAF76CFBFDF7AEBAA54EA64822
:100BD00014210FF03FF9B16DA4480BF045FEA34876
:100BE0000BF04AFE2868D1F7BFFA51EC100B10F059
:100BF0000FFFB26D0346042A3DF696AADFE812F015
:100C00005503440331031E03C7042868D1F7ACFA27
:100C100051EC100B10F0FCFE954A1268013A0346A5
:100C20000A2A3DF681AA01A151F822F0F11203002F
:100C3000CD1203001513030029E1020029E102008F
:100C4000B10E0300B10E0300B10E0300B10E03009C
:100C5000B5150300CD1203002868854ED1F784FA3C
:100C600051EC100B10F0D4FE0D21054681480FF019
:100C7000F1F831687D480BF0F7FD7C480BF0FCFD86
:100C80003368013B0A2B3DF64FAA01A252F823F02C
:100C9000B3180300A11803000F19030029E1020093
:100CA00029E10200F50E0300F50E0300F50E030026
:100CB000F50E030053110300A1180300D2F732FC14
:100CC0000120FAF7EDFAFDF72FBAD1F76BFA6A4F68
:100CD0006A4B0028D4BF00200120196887F8DC0087
:100CE0004FF4847208AE38460CF00AFA6449304674
:100CF0000BF0C2FF3046CFF747FC30460CF014F83B
:100D00002B68012B01F01A81032B01F01281002BBB
:100D100001F00A815B4A5C4B97F8DC1030460029F1
:100D200014BF114619460BF0A7FF3046CFF72CFC35
:100D300030460BF0F9FF554B304619680BF09CFF1D
:100D40003046CFF721FC30460BF0EEFFFDF7ECB953
:100D5000EEF7F2FE484BD3F8E030012B01F0498169
:100D60004B4908A80BF088FF08A8CFF70DFC08A88E
:100D70000BF0DAFF474908A80BF07EFF08A8CFF771
:100D800003FC08A80BF0D0FF434908A80BF074FF40
:100D900008A8CFF7F9FB08A80BF0C6FF3F4908A841
:100DA0000BF06AFF08A8CFF7EFFB08A80BF0BCFF19
:100DB0003B4908A80BF060FF08A8CFF7E5FB08A89F
:100DC0000BF0B2FF374908A80BF056FF08A8CFF781
:100DD000DBFB08A80BF0A8FF334908A80BF04CFF79
:100DE00008A8CFF7D1FB08A80BF09EFF294908A857
:100DF0000BF042FF08A8CFF7C7FB08A80BF094FF41
:100E00002A4908A80BF038FF08A8CFF7BDFB08A8AF
:100E10000BF08AFF214908A80BF02EFF08A8CFF796
:100E2000B3FB08A80BF080FF1D4908A80BF024FFB6
:100E300008A8CFF7A9FB08A80BF076FF194908A866
:100E40000BF01AFF08A8CFF79FFB08A80BF06CFF68
:100E5000FDF76AB9D812FF1F6007FF1F7C10FF1F44
:100E60003807FF1F4C12FF1FC4FB04006008FF1F60
:100E70008807FF1F0C010500A813FF1F6C16FF1F3A
:100E800058BB0400D8B90400DCB904008407FF1F74
:100E9000D4ED0400DCAE0400E8ED040080B50400ED
:100EA00018E7040024E70400FCED040010EE040041
:100EB000B14DB24FB24EB34BA8601968B862B0657D
:100EC000502228460CF01CF9AF4B384619687022A6
:100ED0000CF016F9AD4B6C22196830460CF010F985
:100EE000AB49AC48CFF778FCA968AA48CFF75EFCBD
:100EF000FDF71AB9A04EA34BDFF88082A04F196806
:100F0000756030465022C8F800503D630CF0F8F888
:100F10009D4B4046196870220CF0F2F89B4B6C22F6
:100F2000196838460CF0ECF89B499A48CFF754FC06
:100F300071689848CFF73AFCFDF7F6B88E4B1A68FF
:100F4000013A032A01F25883DFE812F00A0C100C70
:100F5000510B950C884B1A68013A032A01F29E83C3
:100F6000DFE812F0E80BF60B970BA30C824E854BD3
:100F7000DFF80882824F1968356030465022C8F881
:100F800054503D600CF0BCF87F4B4046196870220D
:100F90000CF0B6F87D4B384619686C220CF0B0F8AE
:100FA0007E497C48CFF718FC31687A48CFF7FEFBC2
:100FB0000A217A480EF04EFF294676480BF054FC81
:100FC00074480BF059FCFDF7AFB875497148B5642A
:100FD000CFF702FC31686F48CFF7E8FB6D487149E5
:100FE000CFF7FAFBB06C10F00BFA0B460221024669
:100FF00000916848CFF7CCFB6B4B6C4819685422C2
:101000000CF07EF80D216A480EF024FFB0EE480A7D
:10101000F0EE680A02215F480BF052FC5D480BF0CD
:101020002BFCFDF781B863495A48CFF7D5FB524BEB
:1010300058481968CFF7BAFB11215F480EF00AFF34
:10104000396854480BF010FC52480BF015FCFDF7C2
:101050006BB82868D1F788F851EC100B10F020FD20
:10106000564BB8651968564860220CF049F80C21B7
:1010700054480EF0EFFEB86D10F0C2F941EC100BC1
:10108000022144480BF01CFC42480BF0F5FBFDF735
:101090004BB82868D1F768F851EC100B10F000FD40
:1010A000464B78651968464860220CF029F80C21F7
:1010B00044480EF0CFFE786D10F0A2F941EC100B11
:1010C000022134480BF0FCFB32480BF0D5FBFDF756
:1010D0002BB82868D1F748F851EC100B10F0E0FC61
:1010E000364B38651968364860220CF009F80C2137
:1010F00034480EF0AFFE386D10F082F941EC100B61
:10110000022124480BF0DCFB22480BF0B5FBFDF775
:101110000BB82868D1F728F851EC100B10F0C0FC80
:10112000264BF8641968264860220BF0E9FF0C2171
:1011300024480EF08FFEF86C10F062F941EC100BB1
:10114000022114480BF0BCFB12480BF095FBFCF796
:10115000EBBF1B4E194B35601968602230460BF00F
:10116000CFFF0D490B48CFF737FB31680948CFF760
:101170001DFBFCF7D9BF00BFB014FF1FD812FF1F23
:101180007C10FF1F6807FF1F6007FF1F3807FF1F46
:10119000280105006008FF1F1C010500040305006D
:1011A0003C0705005C0705005807FF1FF811FF1FEB
:1011B0002C0705000C0C0500280C05006407FF1F18
:1011C0004813FF1FC8090500B349B448B564CFF7F9
:1011D00003FBB34BB34819688C220BF091FFB16D40
:1011E000AE480BF041FB0C21AF480EF033FE294610
:1011F000AA480BF039FBA9480BF03EFBFCF794BF63
:10120000AA49A6487564CFF7E7FAE2E7A849A348D8
:101210003564CFF7E1FADCE7A64B5B68012B08D019
:101220000120F1F7E1FEFCF77FBFA34B5B68012BC8
:10123000F6D10120F2F7D0FCFCF776BF9F49974822
:10124000C6F88430CFF7C8FAD6F884109348CFF7A1
:10125000B9FA934B934819688C220BF051FFFCF7B5
:1012600063BF97498D48C6F88030CFF7B5FAD6F8F6
:1012700080108A48CFF7A6FA894B8A4819688C22D1
:101280000BF03EFFFCF750BF8E498448F367CFF761
:10129000A3FAF16F8148CFF795FA814B814819681D
:1012A0008C220BF02DFFFCF73FBF87497B48B367CB
:1012B000CFF792FAB16F7948CFF784FA784B794833
:1012C00019688C220BF01CFFFCF72EBF754D7F496F
:1012D0007248AB62CFF780FAA96A7048CFF772FA0A
:1012E0006F4B8C22196828460BF00AFFFCF71CBFD5
:1012F000774D7849A8628C22284609680BF000FFD8
:1013000072496648CFF768FAA96A6448CFF75AFA73
:10131000FCF70ABF704D71492862342228460968DB
:101320000BF0EEFE69495D48CFF756FA296A5B4833
:10133000CFF73CFAFCF7F8BE694B5B68012B7FF4F2
:101340006FAF76E76B68012B7FF46AAF71E72868AF
:10135000584DD2F7D9F86349C3B250482B60CFF744
:101360003BFA61494D48CFF737FA29684B48CFF728
:101370001DFA5E4B1022196828460BF0C1FEFCF7DF
:10138000D3BE28684C4DD2F7BFF85949C3B2434881
:101390002B60CFF721FA54494048CFF71DFA29684E
:1013A0003E48CFF703FA534B1022196828460BF03A
:1013B000A7FEFCF7B9BE2868494DD2F7A5F84E49FB
:1013C000C3B236482B60CFF707FA47493348CFF707
:1013D00003FA29683148CFF7E9F9484B1022196818
:1013E00028460BF08DFEFCF79FBE2868444DD2F7CF
:1013F0008BF84449C3B229482B60CFF7EDF93A493D
:101400002648CFF7E9F929682448CFF7CFF93E4BB2
:101410001022196828460BF073FEFCF785BE756331
:10142000EAE53A4B1868EFF72DFDFCF77DBE384B27
:1014300003221A60F1F746FDFCF776BE0022114642
:101440000320D0F74FFBFCF76FBE002211460220AD
:10145000D0F748FBFCF768BE002211460120D0F708
:1014600041FBFCF761BE002211461046D0F73AFB63
:10147000FCF75ABE012211460420D0F733FBFCF7DB
:1014800053BE244B5B68012B4AD04FF0FF30F1F77D
:10149000ABFDFCF749BE00BF4C0905006008FF1F0B
:1014A0005C07FF1F4C12FF1F580905004809050083
:1014B0003C0905001811FF1F0811FF1F5CF604000E
:1014C00068010500500105003401050028010500F0
:1014D0006C11FF1F5407FF1F3811FF1F5007FF1F1C
:1014E000F810FF1F4C0305001C0305004807FF1FF1
:1014F000400305004407FF1F340305004007FF1F9A
:10150000E810FF1F100305003C07FF1FF811FF1F25
:101510003417FF1F2811FF1FB04B5B68012BB4D19C
:101520004FF0FF30F2F758FBFCF7FEBD00221146EA
:101530000420D0F7D7FAAA4908A80BF09DFB08A809
:10154000CFF722F808A80BF0EFFBA64B08A8196804
:101550000BF092FB08A8CFF717F808A80BF0E4FBF4
:10156000FCF7E2BDA04B5B68012B8ED1D8E79F4B07
:101570005B68012B89D1D3E79D4B5B68012B84D13C
:10158000CEE79C4B5B68012B7FF44AAE51E69A494B
:101590009A48C6F88830CFF71FF9D6F888109748D0
:1015A000CFF710F9964B974819688C220BF0A8FDDD
:1015B000FCF7BABD944D95496861602228460968D8
:1015C0000BF09EFD92498D48CFF706F969698B486B
:1015D000CFF7ECF8FCF7A8BD012211460320D0F7A5
:1015E00081FAFCF7A1BD012211460220D0F77AFA58
:1015F000FCF79ABD012211461046D0F773FAFCF7AA
:1016000093BD012211460020D0F76CFAFCF78CBD87
:1016100080497A48CFF7E0F87F4B78481968CFF7D0
:10162000C5F809E57D497548CFF7D6F87C4B734876
:101630001968CFF7BBF87B497048CFF7CDF86C4BF2
:10164000D8680FF0DDFE022502460B466B48009578
:10165000CFF79EF874496948CFF7BEF8624BD86857
:101660000FF0CEFE009502460B466448CFF790F887
:101670006E496248CFF7B0F85C4BD8680FF0C0FEF7
:10168000009502460B465D48CFF782F868495B48F3
:10169000CFF7A2F8514BD8680FF0B2FE0095024682
:1016A0000B465648CFF774F862495448CFF794F880
:1016B000504BD8680FF0A4FE009502460B464F48E9
:1016C000CFF766F8B8E45C494C48CFF785F84D4B46
:1016D0004A48996DCFF776F8AEE458494748CFF7B6
:1016E0007BF8574B4548996DCFF76CF8A4E4EAF7BF
:1016F00051FDFCF719BD4A4E524940483560CFF7BD
:101700006BF831683D48CFF751F84F4B34221968D8
:1017100030460BF0F5FC4BE4494E4C4BB5658C2242
:10172000196830460BF0ECFC0F2349493348089305
:10173000CFF752F8B16D3148CFF744F808A94FF40C
:101740001670CFF719F843492C48CFF745F8089998
:101750002A48CFF72BF808A94FF41770CFF70CF8E9
:101760003D492648CFF738F808992448CFF71EF8A6
:1017700008A94FF41870CEF7FFFF38491F48CFF77C
:101780002BF808991D48CFF711F808A94FF41970E4
:10179000CEF7F2FF32491948CFF71EF808991748DB
:1017A000CFF704F808A94FF41A70CEF7E5FF2D49DA
:1017B0001248CFF711F808991048CEF7F7FF08A99B
:1017C0004FF42870CEF7D8FF27490C48CFF704F81C
:1017D00008990A48CEF7EAFFFFF7EABB1811FF1F86
:1017E00028BF04008007FF1FF810FF1F0811FF1F0C
:1017F000E810FF1F2811FF1F800105006008FF1F70
:101800005C07FF1F4C12FF1F4813FF1F6407FF1FD9
:1018100028010500FC0B0500F811FF1F7C080500DE
:101820003811FF1F8C080500AC080500CC08050026
:10183000EC0805000C090500E80B0500D80B0500B5
:101840006C11FF1FF40205005007FF1F5407FF1F14
:10185000100205004C020500640205007C02050030
:1018600094020500AC020500C4020500924E9349A3
:101870009348CEF7B1FFB16D91480AF0F5FF914B57
:10188000B56519688C2230460BF03AFC8E498C48BD
:10189000CEF7A2FFB16D8A48CEF794FFFFF788BB61
:1018A000884B8548196805608C220BF029FCFCF7F1
:1018B0003BBC864E864B356019688C2230460BF057
:1018C0001FFC84497E48CEF787FF31687C48CEF7FD
:1018D00079FFFCF729BCF563FFF78EBBB563FFF713
:1018E0008BBBF564FFF788BB7B4975487564CEF701
:1018F00073FF31687248CEF759FF71487749CEF7C8
:101900006BFF706CFFF76FBB3564FFF775BB744EF0
:10191000744BB5601968342230460BF0F1FB6D4909
:101920006748CEF759FFB1686548CEF73FFFFCF72F
:10193000FBBB6D4F7B6C013B032B00F25086DFE855
:1019400013F00D07B0074D06030768495C4835657D
:10195000CEF742FF3DE4664E3368013B0D2B00F2AB
:101960003586DFE813F08607B9073206B707330676
:10197000330633063306330633068607B9073206C5
:10198000B707574E3368032B00F09987042B00D11B
:101990003561544B5248196834220BF0B1FBFCF707
:1019A000C3BB54494648444ECEF716FF39684448F5
:1019B0000AF05AFF42480AF05FFFB36D013B032B68
:1019C00000F2FB85DFE813F04B074107F005A406A2
:1019D0003E4EB36D013B032B00F25386DFE813F05C
:1019E0005D075F075006B60643493548F564CEF7F4
:1019F000F3FEFFF7EEBB3E4E3368013B0D2B00F2CA
:101A00002F86DFE813F0480750072C068F062D06B7
:101A10002D062D062D062D062D06480750072C06EF
:101A20008F062F4E3368032B00F0E286042B00D183
:101A3000B5622C4B2A48196834220BF061FBFCF785
:101A400073BB31282D4D00F0DE8630280ABF0023FD
:101A500068606B602A4B2948196810220BF050FB14
:101A600028491748CEF7B8FE27491548CEF7B4FEE7
:101A700069681348CEF79AFEFCF756BB3128234D10
:101A800000F0C58630280ABF002368606B60204BD9
:101A90001E48196810220BF033FB1E490848CEF788
:101AA0009BFE19490648CEF797FE69680448CEF7B1
:101AB0007DFEFCF739BB00BF4C12FF1FD8020500AA
:101AC0006008FF1F5C07FF1FE40205006C11FF1F89
:101AD0005407FF1F1C0105003C07050048070500CF
:101AE0003811FF1F5007FF1F4813FF1F540905003F
:101AF000F811FF1FC4070500500905001811FF1F4A
:101B00004807FF1F4C030500400405000811FF1F94
:101B10004407FF1F400305003128A14D00F07B86DC
:101B200030280ABF002368606B609E4B9C48196890
:101B300010220BF0E5FA9C499C48CEF74DFE9C49DB
:101B40009A48CEF749FE69689848CEF72FFEFCF711
:101B5000EBBA3128974D00F0748630280ABF002375
:101B600068606B60944B9348196810220BF0C8FAB8
:101B700092498E48CEF730FE8D498C48CEF72CFE28
:101B800069688A48CEF712FEFCF7CEBA31288C4D30
:101B900000F0CA8530280ABF002368606B60894B5B
:101BA0008748196810220BF0ABFA87497F48CEF7B7
:101BB00013FE7F497D48CEF70FFE69687B48CEF75C
:101BC000F5FDFCF7B1BA814EB36D013B032B00F27A
:101BD0008285DFE813F0B505B705770556067C4F1B
:101BE0007B6C013B032B00F28785DFE813F08D054A
:101BF0008F058405A105774EB36D013B032B00F2E1
:101C0000CB84DFE813F058065A06B8040C06356595
:101C1000FFF7F2B9704B6E481968456460220BF00B
:101C20006FFAFFF7C5B92868654DD1F76DFC6649B5
:101C3000C3B25E482B60CEF7CFFD68495B48CEF754
:101C4000CBFD29685948CEF7B1FD5E4B10221968CB
:101C500028460BF055FAFCF767BA614B61481968E2
:101C6000056054220BF04CFAFFF7A2B95E4DD5ED9A
:101C7000007AF5EE407AF1EE10FA7FF4DDA9544BCC
:101C80005A49D3ED0F6A93ED107AC6EE877A08A809
:101C9000C5ED007A0AF0F0FF08A8CEF775FC08A899
:101CA0000BF042F82220D1F7FBFB95ED000ACEF7AE
:101CB00023FC4F4B08A819680AF0DEFF08A8CEF7EE
:101CC00063FC08A80BF030F8FFF7B6B9312834D11F
:101CD0004FF0FF310120FEF775BD4FF0FF31084690
:101CE000FEF770BD4349444D08A80AF0C5FF08A897
:101CF000CEF74AFC08A80BF017F8296808A80AF0E4
:101D0000BBFF08A8CEF740FC08A80BF00DF83B4934
:101D100008A80AF0B1FF08A8CEF736FC08A80BF017
:101D200003F8296808A80AF0A7FF08A8CEF72CFC3A
:101D300008A80AF0F9FFFCF7F7B901210846FEF7F9
:101D400041BD2F49FEF7B9BD2E492B4D08A80AF019
:101D500093FF08A8CEF718FC08A80AF0E5FF296849
:101D600008A80AF089FF08A8CEF70EFC08A80AF018
:101D7000DBFF254908A80AF07FFF08A8CEF704FC7E
:101D800008A80AF0D1FF296808A80AF075FF08A87A
:101D9000CEF7FAFB08A80AF0C7FFFCF7C5B900BFE9
:101DA000F810FF1F4007FF1F340305006008FF1FE6
:101DB00040040500E810FF1F3C07FF1F100305004B
:101DC0002811FF1F4C07FF1F580305004C12FF1F6F
:101DD0004813FF1F6C11FF1F6407FF1F1C03050042
:101DE0005807FF1FF811FF1FF816FF1F54040500C6
:101DF0008407FF1FA0BC04008007FF1FB8BC0400BD
:101E000078C0040078BD040090BD0400C549C64DEB
:101E100008A80AF031FF08A8CEF7B6FB08A80AF018
:101E200083FF296808A80AF027FF08A8CEF7ACFBB3
:101E300008A80AF079FFBD4908A80AF01DFF08A804
:101E4000CEF7A2FB08A80AF06FFF296808A80AF0DD
:101E500013FF08A8CEF798FB08A80AF065FFFCF767
:101E600063B922200EF07CF8FEF78CBD0DF018F956
:101E700003462868DDB2D0F777F951EC100B0FF06C
:101E8000C7FD0E210646AA480DF0E4FF2946A948E1
:101E90000AF0EAFCA7480AF0EFFC0D21A6480DF075
:101EA000D9FF3146A3480AF0DFFC013DA1480AF002
:101EB000E3FC032D3DF6EFA9DFE805F0110C070266
:101EC0009E4BC3F89460FDF7E6B99C4BC3F88C6059
:101ED000FDF7E1B9994BC3F88460FDF7DCB9974B86
:101EE000DE67FDF7D8B90CF065F803462868DDB267
:101EF000C1E711460020CFF7F5FD914908A80AF087
:101F0000BBFE08A8CEF740FB08A80AF00DFF864BE1
:101F100008A819680AF0B0FE08A8CEF735FB08A893
:101F20000AF002FFFCF700B922200EF019F8FEF7C4
:101F3000F1BE22200DF05EF8FEF7ECBE22200BF081
:101F40006FFFFEF7E7BE22200EF00AF8FEF7CABDCB
:101F500022200EF005F8FDF782BB22200DF04AF892
:101F6000FDF77DBB22200BF05BFFFDF778BB0DF08A
:101F700003FF03462868DDB27DE722200DF0F0FF65
:101F8000FDF769BA22200DF035F8FDF764BA22207A
:101F90000BF046FFFDF75FBA22200DF0E1FFFDF7E1
:101FA000CCBA22200DF0DCFFFDF70ABB22200DF099
:101FB00021F8FDF705BB22200BF032FFFDF700BB37
:101FC00022200DF017F8FCF796BF22200BF028FF17
:101FD000FCF791BF22200DF0C3FFFCF78CBF22203D
:101FE0000DF008F8FEF7CEBC22200BF019FFFEF72B
:101FF000C9BC544908A80AF03FFE08A8CEF7C4FAA5
:1020000008A80AF091FE504908A80AF035FE08A871
:10201000CEF7BAFA08A80AF087FE4C4908A80AF0D9
:102020002BFE08A8CEF7B0FA08A80AF07DFE4649B4
:1020300008A80AF021FE08A8CEF7A6FA08A80AF018
:1020400073FEFCF771B80DF097FEC3B2013B032B92
:102050003EF664A9DFE803F0261A0E022868374F1F
:10206000D0F782F851EC100B0FF0D2FCC7F89800B3
:10207000FEF755B92868314FD0F776F851EC100BC0
:102080000FF0C6FCC7F89000FEF749B928682B4F3F
:10209000D0F76AF851EC100B0FF0BAFCC7F88800C3
:1020A000FEF73DB92868254FD0F75EF851EC100BCC
:1020B0000FF0AEFCC7F88000FEF731B90CF0F0FF6E
:1020C000C3B2C3E70BF076FFC3B2BFE719212048C4
:1020D0000DF0C0FE296817480AF0C6FB15480AF043
:1020E000CBFB0020D2F79AFAFCF71EB8114602206B
:1020F000CFF7F8FC174908A80AF0BEFD08A8CEF7EC
:1021000043FA08A80AF010FE074B08A819680AF05D
:10211000B3FD08A8CEF738FA08A80AF005FEFCF7C8
:1021200003B800BFB4C004008007FF1FC8C004008C
:10213000B80A05006008FF1FC80A0500A813FF1FA2
:1021400024BE0400A40C0500DCAE0400B80C05009D
:10215000E8030500ACBE040011460420CFF7C2FC22
:10216000C149FEF74DBA11460320CFF7BBFCBF496A
:10217000FEF728BA11460220CFF7B4FCBC49FEF79F
:1021800003BA11461046CFF7ADFCBA49FEF7DEB9E7
:1021900011460020CFF7A6FCB749FEF7B9B91146A2
:1021A00000200392CFF79EFC039A11461046CFF70A
:1021B00099FC039A02201146CFF794FC039A03205E
:1021C0001146CFF78FFC039A04201146CFF78AFC03
:1021D000AA4908A80AF050FD08A8CEF7D5F908A822
:1021E0000AF0A2FDA64B08A819680AF045FD08A848
:1021F000CEF7CAF908A80AF097FDFEF714BA1146FF
:102200000420CFF76FFC984908A80AF035FD08A80C
:10221000CEF7BAF908A80AF087FD994B08A8196803
:102220000AF02AFD08A8CEF7AFF908A80AF07CFD4D
:10223000FBF77ABF9349944E914D08A80AF01CFD14
:1022400008A8CEF7A1F908A80AF06EFDD6ED397AF4
:10225000B8EE670ACEF750F9296808A80AF00CFD15
:1022600008A8CEF791F908A80AF05EFD874908A8EA
:102270000AF002FD08A8CEF787F908A80AF054FD75
:10228000D6ED3A7AB8EE670ACEF736F9296808A88B
:102290000AF0F2FC08A8CEF777F908A80AF044FD86
:1022A0007B4908A80AF0E8FC08A8CEF76DF908A851
:1022B0000AF03AFDD6ED3B7AB8EE670ACEF71CF984
:1022C000296808A80AF0D8FC08A8CEF75DF908A884
:1022D0000AF02AFD6F4908A80AF0CEFC08A8CEF73C
:1022E00053F908A80AF020FDD6ED3C7AB8EE670A4B
:1022F000CEF702F9296808A80AF0BEFC08A8CEF7B4
:1023000043F908A80AF010FD634908A80AF0B4FCD4
:1023100008A8CEF739F908A80AF006FD96ED3D0A9F
:10232000B8EE400ACEF7E8F8296808A80AF0A4FC3D
:1023300008A8CEF729F908A80AF0F6FC3868FDF7D6
:10234000D2BF5649504E4E4D08A80AF095FC08A839
:10235000CEF71AF908A80AF0E7FCD6ED397AB8EEFC
:10236000670ACEF7C9F8296808A80AF085FC08A80A
:10237000CEF70AF908A80AF0D7FC494908A80AF0DC
:102380007BFC08A8CEF700F908A80AF0CDFCD6ED32
:102390003A7AB8EE670ACEF7AFF8296808A80AF0CB
:1023A0006BFC08A8CEF7F0F808A80AF0BDFC3D4980
:1023B00008A80AF061FC08A8CEF7E6F808A80AF019
:1023C000B3FCD6ED3B7AB8EE670ACEF795F82968EC
:1023D00008A80AF051FC08A8CEF7D6F808A80AF019
:1023E000A3FC314908A80AF047FC08A8CEF7CCF8AE
:1023F00008A80AF099FCD6ED3C7AB8EE670ACEF749
:102400007BF8296808A80AF037FC08A8CEF7BCF8C2
:1024100008A80AF089FC254977E7254DD5ED007A13
:10242000F5EE407AF1EE10FA7EF406AE214B224929
:10243000D3ED0F6A93ED107AC6EE877A08A8C5ED42
:10244000007A0AF019FC08A8CEF79EF808A80AF04E
:102450006BFC2220D1F724F895ED000ACEF74CF85A
:10246000164B08A8196861E738BF0400F0BE0400E5
:10247000ACBE04006CBE040024BE0400E8BD040031
:102480008007FF1FD80A0500A813FF1FF40A0500E4
:10249000140B0500340B0500540B0500740B0500EC
:1024A000880B05009C0B0500B00B0500C40B050054
:1024B000F816FF1F4813FF1F540405008407FF1F71
:1024C0004FF0FF30FEF75DB922200CF093FDFEF7D0
:1024D00009BB22200BF0A4FCFEF704BB11461046FA
:1024E000CFF700FBA94908A80AF0C6FB08A8CEF759
:1024F0004BF808A80AF018FCA54B08A819680AF0C0
:10250000BBFB08A8CEF740F808A80AF00DFCFBF7C3
:102510000BBE11460320CFF7E5FA9E4908A80AF042
:10252000ABFB08A8CEF730F808A80AF0FDFB984BE3
:1025300008A819680AF0A0FB08A8CEF725F808A893
:102540000AF0F2FBFBF7F0BD22200CF053FDFCF784
:10255000F4BF22200BF064FCFCF7EFBF8E498F48DC
:10256000CEF73AF939688D480AF07EF98B480AF0BF
:1025700083F9FEF761BD8A4988487563CEF72CF967
:10258000B16D8648CEF71EF986498448CEF724F906
:10259000716B8248CEF716F9834B844819688C22F8
:1025A0000AF0AEFDFBF7C0BD81497C48F560CEF76F
:1025B00013F9F1687948CEF705F97E4B7E48196822
:1025C0008C220AF09DFDFBF7AFBDF5617B4B7C488B
:1025D000196854220AF094FDFBF7A6BDFD60794B03
:1025E0007948196860220AF08BFDFBF79DBD774999
:1025F000774ADD61CD60D563764B774D19687748B2
:1026000050220AF07DFD2968704870220AF078FD9A
:10261000734B6F4819686C220AF072FD2E6808AD82
:10262000761BA8190AF052FD05F8010B24AB9D4258
:10263000F7D16C495948CEF7CFF80A995748CEF7E9
:10264000B5F8FBF771BDEEF73DF9FEF783BBEDF78B
:102650005DFCFEF77FBBECF76FF9FEF77BBB3562E5
:10266000564B5748196854220AF04AFDFBF75CBDE7
:10267000EDF77EFFFEF76EBBECF7D8FCFEF76ABB0A
:10268000F560494B494819688C220AF039FDFBF77F
:102690004BBD4E494E4A1D624D6355664D4B4F48EA
:1026A000196850220AF02CFD4B4B484819687022DB
:1026B0000AF026FD4A4B464819686C220AF020FDB4
:1026C000FBF732BD484935487563CEF785F8716B25
:1026D0003248CEF777F8374B374819688C220AF022
:1026E0000FFD41492D48CEF777F8B16A2B48CEF758
:1026F00069F8FBF719BD3D62324B33481968602217
:102700000AF0FEFCFBF710BDBD61F5E7FD61F3E7E4
:10271000274922483561CEF75FF831691F48CEF767
:1027200051F84AE7F5629BE701236B60FFF737BA80
:102730007D62E1E72549264A1D61CD62D565ADE799
:10274000F562C8E73563C6E73D6148E7356198E75C
:102750001E491F4A9D610D6315669FE77D603EE738
:102760001A491B4ADD604D60556345E7174E184A0C
:102770001E490A485D619563B560CEF72DF8B168D2
:10278000064800230A220AF08FF835E76CBE0400E1
:102790008007FF1FF0BE04001C0C05006008FF1F2F
:1027A000FC070500040805005407FF1F6C11FF1FFC
:1027B0001C0105005C07FF1F4C12FF1F5807FF1F7D
:1027C000F811FF1F6407FF1F4813FF1FD812FF1FD8
:1027D0007C10FF1F6807FF1F6007FF1FB014FF1F5B
:1027E0003807FF1F40C704002801050060C7040028
:1027F0003A493B487562CDF7EFFF716A3848CDF72B
:10280000D5FFFFF716B901236B60FFF723B901234A
:102810006B60FFF73CB901236B60FFF786B9314964
:102820002F48B563CDF7D8FFB16D2D48CDF7CAFF5E
:102830002D492B48CDF7D0FFB16B2948CDF7C2FF0A
:10284000AAE601236B60FFF78DB928492448B560DB
:10285000CDF7C2FFB1682248CDF7B4FFADE62349FA
:102860001F487560CDF7B8FF71681D48CDF7AAFF06
:10287000A3E67560AAE61E491E4A5D620D611564F5
:10288000BAE61D491648B563CDF7A6FFB16B1448EB
:10289000CDF798FF1FE7B560E2E67560F1E6B56039
:1028A000EFE6BD609BE67561DAE61149114A9D626B
:1028B0008D639566F2E6F5626EE635636CE60F4968
:1028C0000748F560CDF788FFF1680548CDF76EFF42
:1028D000FFF75FB8B56279E6356177E64C08050029
:1028E0006008FF1FFC070500280805001C01050003
:1028F000D812FF1F7C10FF1F28010500A00705004C
:102900002DE9F84F824E834C834DDFF86082834F70
:102910000AF0A2FB002130460AF0AEF93046804EA4
:10292000224629460EF002FC002130460AF0A4F9A6
:1029300030467C4E224629460EF0F8FB00213046F8
:102940000AF09AF93046784E224629460EF0EEFB00
:10295000002130460AF090F93046744E224629464E
:102960000EF0E4FB002130460AF086F93046704E46
:10297000224629460EF0DAFB314640460AF07CF941
:102980002246294640460EF0D1FBDFF8E4810021C3
:1029900038460AF071F92246294638460EF0C6FB41
:1029A000644F314640460AF067F9224629464046C0
:1029B0000EF0BCFBDFF8BC81314638460AF05CF90A
:1029C0002246294638460EF0B1FB5B4F3146404661
:1029D0000AF052F92246294640460EF0A7FBDFF8DE
:1029E0009881314638460AF047F92246294638464A
:1029F0000EF09CFB514F314640460AF03DF922460D
:102A0000294640460EF092FBDFF870813146384689
:102A10000AF032F92246294638460EF087FB484F25
:102A2000314640460AF028F92246294640460EF033
:102A30007DFB314638460AF01FF9224629463846C2
:102A40000EF074FB022203213E4808F039FE0522F5
:102A500006213D4808F034FE142215213B4808F0B9
:102A60002FFE172210213A4808F02AFE13221221C5
:102A7000384808F025FE3848384B43600025384B6D
:102A8000384985604FF0800B4FF0010A4FF009097B
:102A900042F29F4841F2883705262246C56080F8F9
:102AA00010B080F82850C565056680F864508566CA
:102AB00080F890500360C0F86CA0C0F81890C0F87F
:102AC0001C800767466740610EF030FB2648234BA9
:102AD000436080F810B0224BC0F86CA02246C0F8CA
:102AE0001890C0F81C80076746678560C56080F84D
:102AF0002850C565056680F864508566036080F8D7
:102B0000905018494061BDE8F84F0EF00FBB00BF70
:102B1000C416FF1F3007FF1F29CD03007010FF1FD1
:102B2000DC16FF1FD016FF1FEC0FFF1FF80FFF1F53
:102B3000001305004010FF1F6410FF1F3410FF1F1B
:102B40007016FF1F7018FF1F1418FF1FD417FF1FE8
:102B50005417FF1F9417FF1F0015FF1FC80F050014
:102B6000F00F0500857801009415FF1F4016FF1F28
:102B70004C10FF1F1C10FF1F2810FF1F5810FF1FB5
:102B8000F0B5724C8DB023680393039A23680293C7
:102B9000029B9B1A0E2BF9D96D4D6E480C210BF040
:102BA00049F92E6836B1304611F0EAFF0146304649
:102BB0000BF040F923680193019A23680093009B6E
:102BC0009B1A0E2BF9D96448644E4FF4612109F029
:102BD000B9FA0BF0DBF900287FDC3368012B0DD14B
:102BE0000A215F480DF036F931685E4809F03CFE75
:102BF0005C480DB0BDE8F04009F03EBE2368079385
:102C0000079A23680693069B9B1A0E2BF9D9514805
:102C10000C210BF0CFFD2F6837B1384611F0B0FF13
:102C2000014638460BF0C6FD23680593059A2368D4
:102C30000493049B9B1A0E2BF9D94B484FF4612146
:102C400009F0F8FA0BF062FE002863DC3368042B0D
:102C5000C6DD23680B930B9A23680A930A9B9B1A81
:102C60000E2BF9D93B480C210CF0CEF92F6837B167
:102C7000384611F085FF014638460CF0C5F9236847
:102C80000993099A23680893089B9B1A0E2BF9D97C
:102C900036484FF4612109F085FB0CF0EDF900286E
:102CA0009EDD03230C21324833600DF0D3F83168E8
:102CB0002C4809F0D9FD2B4809F0DEFD2D480721ED
:102CC0000CF0A2F92C68002C8AD0204611F058FF95
:102CD000014620460CF098F982E701230C21264892
:102CE00033600DF0B7F831681E4809F0BDFD1D488E
:102CF00009F0C2FD1F4807210BF09CF82F68002F38
:102D00003FF46BAF384611F03BFF014638460BF0FD
:102D100091F862E702230C21184833600DF09AF80D
:102D20003168104809F0A0FD0E4809F0A5FD1148D2
:102D300007210BF03FFD2F68002F87D0384611F098
:102D40001FFF014638460BF035FD7FE75C1FFF1F74
:102D50008007FF1F080D0500E007FF1F9807FF1FF2
:102D6000000105006008FF1FF407FF1F0808FF1F90
:102D7000400D0500280D0500180D0500300D05005B
:102D80002DE9F04FC14EC24CC24FDFF88C9399B081
:102D900001210D200AF0DEFC356840F2EE280DF02E
:102DA00061F92378002B00F051833B78DB0740F179
:102DB0004D833368D9F800209B1A0E2B40F24683CE
:102DC00033680193019A33680093009B9B1A0E2B82
:102DD000F9D9B14BB1481C68B14F05210DF03AF853
:102DE0000A2200232146AF4809F05EFDAD4809F0F4
:102DF00043FDFFF7C5FE0A21AB480DF02BF8AB4BA6
:102E0000A848196809F030FDA64809F035FDA84B1F
:102E10001D683C46ED1B07F5847860190AF056F9E9
:102E200004F8010B4445F8D1DFF8F092DFF8F0B276
:102E3000D9F800505C46A5EB0B050BF18C08601926
:102E40000AF044F904F8010B4445F8D134219948BB
:102E50000DF000F80023D9F8001092480A2209F07A
:102E600023FD904809F008FD934B1D68934BED1A24
:102E70001C4603F1500860190AF028F904F8010B08
:102E80004445F8D18E4BDFF89CA21C68D046A4EBD9
:102E90000A040AF18C0508EB04000AF017F908F897
:102EA000010BA845F7D1874B1C68874BE41A98465D
:102EB00003F1340508EB04000AF008F908F8010BE7
:102EC000A845F7D1814BDFF860821C6808F1100536
:102ED000A4EB080408EB04000AF0F8F808F8010B6A
:102EE000A845F7D17A4BDFF844821C6808F1100539
:102EF000A4EB080408EB04000AF0E8F808F8010B5A
:102F0000A845F7D1734BDFF828821C6808F110053B
:102F1000A4EB080408EB04000AF0D8F808F8010B49
:102F2000A845F7D16C4BDFF80C821C6808F110053E
:102F3000A4EB080408EB04000AF0C8F808F8010B39
:102F4000A845F7D1654BDFF8F0811C6808F1100542
:102F5000A4EB080408EB04000AF0B8F808F8010B29
:102F6000A845F7D15E4B1C685E4BE41A984603F106
:102F7000540508EB04000AF0A9F808F8010BA8456D
:102F8000F7D1594B1C68594BE41A984603F1600578
:102F900008EB04000AF09AF808F8010BA845F7D1ED
:102FA000534BDFF898911C68C846A4EB090409F15B
:102FB000700508EB04000AF089F808F8010BA84531
:102FC000F7D14C4B1C684C4BE41A984603F16C0546
:102FD00008EB04000AF07AF808F8010BA845F7D1CD
:102FE000132146480CF036FFDBF858102D4809F045
:102FF0003BFC2C4809F040FC122141480CF02AFF10
:10300000DAF85810274809F02FFC264809F034FC5C
:103010001A213C480CF01EFF2B4B224859680A220B
:10302000002309F041FC1F4809F026FC1321364813
:103030000CF010FF2B4B1B4819680A22002309F0E3
:1030400033FC184809F018FC132130480CF002FF3B
:103050001A4B144819680A22002309F025FC11486C
:1030600009F00AFC12212A480CF0F4FE00230A227F
:10307000D9F854100B4809F017FC0A4809F0FCFB7A
:10308000172124480CF0E6FE1B4B59E05C1FFF1F84
:10309000F821FF1F1C22FF1F1422FF1F500D0500E7
:1030A000A813FF1F6008FF1F000105009807FF1FFE
:1030B0006C16FF1F580D05006807FF1FB014FF1F97
:1030C0005C07FF1F5007FF1F3811FF1F3C07FF1F42
:1030D0004007FF1F4407FF1F4807FF1F4C07FF1F44
:1030E0005807FF1FF811FF1F6407FF1F4813FF1F3A
:1030F0006007FF1F3807FF1F7C10FF1F48F3040005
:10310000D8050500EC050500080605001C060500AD
:1031100030060500440605002022FF1F5407FF1F4C
:103120006C11FF1F4C12FF1FE810FF1FF810FF1F4C
:103130000811FF1F1811FF1F2811FF1FD812FF1FB2
:10314000C94819680A22002309F0AEFBC64809F0F5
:1031500093FB1321C5480CF07DFEC54AC248516C53
:1031600000230A2209F0A0FBBF4809F085FB0121DA
:103170000A200AF0EFFA01210A200AF0A7FA012139
:1031800009200AF0E7FA012109200AF09FFACEF798
:1031900053FC012104200AF0DDFA01210E200AF07F
:1031A000D9FA012116200AF0D5FA012111200AF0DE
:1031B000D1FA01210F200AF0CDFA002108460122A0
:1031C000CEF790FC012210460021CEF78BFC0122A5
:1031D00000210220CEF786FC012200210320CEF739
:1031E00081FC012200210420CEF77CFCD7F8E420EA
:1031F000012A00F0578315ACD7F8E820012A00F027
:103200000F83D7F8EC20012A00F0C882D7F8F0200D
:10321000012A00F06F82D7F8F420012A00F02882FA
:10322000202194480CF016FE00230A22D7F8E4105F
:103230008D4809F039FB8C4809F01EFB8E49204669
:1032400009F01AFD2046CDF79FF9204609F06CFDE4
:103250008A4B1B68012B00F00782032B00F00082D1
:10326000002B00F0F981D7ED397A854DB8EE670A69
:10327000CDF742F92968204609F0FEFC2046CDF73B
:1032800083F9204609F050FD1B217E480CF0E2FD39
:1032900000230A22D7F8F410734809F005FB72489E
:1032A00009F0EAFA7849204609F0E6FC2046CDF715
:1032B0006BF9204609F038FD704B1B68012B00F0BC
:1032C000C781032B00F0C081002B00F0B981D7ED3E
:1032D0003D7AB8EE670ACDF70FF92968204609F064
:1032E000CBFC2046CDF750F9204609F01DFDF86EC5
:1032F000A0F10A031D2B40F2DF80386FA0F10A0312
:103300001D2B40F2F280B869A0F10A031D2B40F298
:103310000581F869A0F10A031D2B40F21781F86AB4
:10332000092800F22981386B092800F23C81F86CE9
:10333000092800F24F81386D092800F26281D7F820
:103340000001A0F10A031D2B00F2AE80C0B20121E2
:103350000AF000FA012197F800010AF0B7F997F88E
:1033600000010AF0E9F90A21044648480CF072FD10
:103370003D4800230A22214609F096FA3A4809F00E
:103380007BFA33681393139A33681293129B9B1A38
:10339000092BF9D9D7F8F800A0F10A031D2B40F248
:1033A000448133681593159A33681493149B9B1AC0
:1033B000092BF9D9D7ED106A97ED027A344C3548CC
:1033C000C6EE877A1F21C4ED007A0CF043FDB86881
:1033D0000EF016F841EC100B0521234809F070FAA5
:1033E000214809F049FA1E212B480CF033FD386CB6
:1033F0000EF006F841EC100B05211B4809F060FAAD
:10340000194809F039FA0F2124480CF023FD2068EF
:103410000DF0F6FF41EC100B0521134809F050FAAE
:10342000114809F029FA0E211D480CF013FD0E4831
:1034300009F022FACEF712FA07211A480CF00AFD19
:10344000094819B0BDE8F04F09F016BA3368227880
:103450005B1B32B1B3F5FA6F3FF6B2AC0CF002FE73
:103460009DE44345FAD9ABE46008FF1F5C06050004
:103470004813FF1FE00D0500040E05009807FF1F0D
:103480008407FF1F180E0500340E050094B20400D7
:10349000B818FF1F640E0500840E0500A40E050079
:1034A000B40E0500C40E05001821B3480CF0D2FC80
:1034B000B24809F0E1F964E70221C0B20AF04AF922
:1034C00033680393039A33680293029B9B1A092B78
:1034D000F9D997F86C0097F8FC100AF0F7F8386FF4
:1034E000A0F10A031D2B3FF60EAF0221C0B20AF075
:1034F00031F933680593059A33680493049B9B1A4A
:10350000092BF9D997F8700097F8FC100AF0DEF84B
:10351000B869A0F10A031D2B3FF6FBAE0221C0B231
:103520000AF018F933680793079A33680693069BE5
:103530009B1A092BF9D9387E97F8FC100AF0C6F8C7
:10354000F869A0F10A031D2B3FF6E9AE0221C0B2D3
:103550000AF000F933680993099A33680893089BC5
:103560009B1A092BF9D9387F97F8FC100AF0AEF8AE
:10357000F86A09287FF6D7AE0221C0B20AF0EAF84D
:1035800033680B930B9A33680A930A9B9B1A092B97
:10359000F9D997F82C0097F8FC100AF097F8386BD7
:1035A00009287FF6C4AE0221C0B20AF0D3F833680E
:1035B0000D930D9A33680C930C9B9B1A092BF9D928
:1035C00097F8300097F8FC100AF080F8F86C09289A
:1035D0007FF6B1AE0221C0B20AF0BCF833680F9397
:1035E0000F9A33680E930E9B9B1A092BF9D997F803
:1035F0004C0097F8FC100AF069F8386D09287FF63E
:103600009EAE0221C0B20AF0A5F833681193119A58
:1036100033681093109B9B1A092BF9D997F8FC106B
:1036200097F850000AF052F889E60221C0B20AF079
:1036300091F897F8FC1097F8F8000AF047F8B0E610
:1036400022200CF08DFC42E622200BF0D3FC3EE65B
:1036500022200AF0E5FB3AE622200CF081FC02E68B
:1036600022200BF0C7FCFEE522200AF0D9FBFAE588
:1036700011460420CEF736FA4149424D204609F062
:10368000FBFA2046CCF780FF204609F04DFB296865
:10369000204609F0F1FA2046CCF776FF204609F0E3
:1036A00043FB3949204609F0E7FA2046CCF76CFF86
:1036B000204609F039FB2968204609F0DDFA20464A
:1036C000CCF762FF204609F02FFB3049204609F075
:1036D000D3FA2046CCF758FF204609F025FB29688D
:1036E000204609F0C9FA2046CCF74EFF204609F0E3
:1036F0001BFB95E511460320CEF7F4F92449214D33
:10370000204609F0B9FA2046CCF73EFF204609F0E2
:103710000BFB2968204609F0AFFA2046CCF734FFAE
:10372000204609F001FB1B49204609F0A5FA204676
:10373000CCF72AFF204609F0F7FA2968204609F05D
:103740009BFA2046CCF720FF204609F0EDFA1249FB
:10375000204609F091FA2046CCF716FF204609F0E2
:10376000E3FA2968204609F087FA2046CCF70CFFD7
:10377000204609F0D9FA4EE5480E05006008FF1F03
:10378000D00D05008007FF1F4CBF040040B00400AF
:10379000C00D050004BF0400D4AF04001146022090
:1037A000CEF7A0F96149624D204609F065FA20463E
:1037B000CCF7EAFE204609F0B7FA2968204609F05E
:1037C0005BFA2046CCF7E0FE204609F0ADFA5949F5
:1037D000204609F051FA2046CCF7D6FE204609F0E3
:1037E000A3FA2968204609F047FA2046CCF7CCFE18
:1037F000204609F099FA5049204609F03DFA204642
:10380000CCF7C2FE204609F08FFA2968204609F05D
:1038100033FA2046CCF7B8FE204609F085FAF5E4E5
:1038200011461046CEF75EF94449414D204609F055
:1038300023FA2046CCF7A8FE204609F075FA29683D
:10384000204609F019FA2046CCF79EFE204609F0E2
:103850006BFA3B49204609F00FFA2046CCF794FE5C
:10386000204609F061FA2968204609F005FA204649
:10387000CCF78AFE204609F057FA3249204609F073
:10388000FBF92046CCF780FE204609F04DFA296866
:10389000204609F0F1F92046CCF776FE204609F0E3
:1038A00043FAAEE4114615AC0020CEF71BF92649C9
:1038B0001F4D204609F0E0F92046CCF765FE204672
:1038C00009F032FA2968204609F0D6F92046CCF7EB
:1038D0005BFE204609F028FA1C49204609F0CCF985
:1038E0002046CCF751FE204609F01EFA29682046F2
:1038F00009F0C2F92046CCF747FE204609F014FA39
:103900001349204609F0B8F92046CCF73DFE204681
:1039100009F00AFA2968204609F0AEF92046CCF7EA
:1039200033FE204609F000FA66E400BFB00D050042
:103930008007FF1FC0BE040080AF0400A00D05007B
:1039400080BE04002CAF0400900D050038BE0400BA
:10395000BCAE0400704700BF30B583B005460C46CE
:1039600009F026FE1C4B984204D800232B802380AC
:1039700003B030BD694609F0C9F89DF806309DF8DE
:1039800005109DF80420503B9BB27F2B05D80131D8
:10399000C9B20C2901D81F2A11D900239DF8022091
:1039A0002B80172A9DF801309DF8001003D83B2B7F
:1039B00001D83B2909D90023238003B030BD42EA56
:1039C000411242EA43239BB2E8E75B0143EAC22388
:1039D00043EA51039BB2EFE7FFA5CE1210B5D0F832
:1039E00084448EB00A4644B10023214668460093C1
:1039F00002F02CFF80B90EB010BDD0F8881441B190
:103A0000234668460C9401F0D9F850B900200EB056
:103A100010BD08460EB010BD684603F035F90EB073
:103A200010BD684601F088F90028EFD0E3E700BF39
:103A300070B5D0F884548EB016465DB105F5896531
:103A400000230A4668462946009302F07DFE90B99D
:103A50000EB070BDD0F888040028F9D000F5896454
:103A60000A462B46214668460C9501F03FF848B9B6
:103A700000200EB070BD32462946684603F048F873
:103A80000EB070BD32462146684601F0A7FA002804
:103A9000EED0DDE710B5D0F884448EB00A464CB1C4
:103AA0000020009001232146684602F0CFFE80B935
:103AB0000EB010BDD0F8881441B1012368460C94B3
:103AC00001F07CF850B900200EB010BD08460EB0D1
:103AD00010BD684603F074FF0EB010BD684601F0DB
:103AE000D1F80028EFD0E3E730B5D0F884448FB0A8
:103AF0000A464CB10025012304F58961684600950A
:103B000002F0ACFD0FB030BDD0F888040028F9D029
:103B100000F58961012368460C9401F0CDFA0FB0DD
:103B200030BD00BF10B5D0F884448EB00A463CB119
:103B3000002321466846009302F088FE0EB010BDB7
:103B4000D0F8881431B1234668460C9401F036F859
:103B50000EB010BD08460EB010BD00BFF8B505464A
:103B600090F8CC0408B90146F8BDD5F88434002B90
:103B70004CD0DC69D5F89004013C002854D003688F
:103B8000DB6B9847E0B1D5F8900478B303681B6C01
:103B90009847A8B9D5F8900440B3036801215B6C3D
:103BA0009847074610B3D5F8840458BBD5F8886405
:103BB00033466EB9D5F8900490B900200146D3E79A
:103BC000D5F88404E8B9D5F88834002BF5D0074639
:103BD000184602F009FB06463FB1D5F8900428B11B
:103BE000036800215B6C984700B1A41BD5F88434AE
:103BF000FBB19B794FF40071994089B2A1FB04019C
:103C0000F8BD002704F020FD0646E5E7D5F8883426
:103C1000D5F89004B3B1D3F830440028AFD118469A
:103C200002F0E2FA0646E0E7184604F00DFD06460B
:103C3000DBE7D5F88864002EBFD0D6F83C14A1FB92
:103C40000401F8BD0028B8D01C4698E790F8CC34A1
:103C500063B1D0F8843463B19A79D9694FF40070B4
:103C6000904080B20139A0FB01017047184601461F
:103C70007047D0F888040028F9D0D0F83C14D0F868
:103C80003004A1FB000170472DE9F043D0F89054B7
:103C90008DB04DB198462B680446DB69284698479D
:103CA000B0F5405F064604D8002630460DB0BDE8AA
:103CB000F0834FF400700EF00BFA07460028F3D0A3
:103CC0000DF10409B6F1806F024643462946484685
:103CD0002FD901F069FD064638460EF001FA002E94
:103CE000E2D02B6828461B6A984794F8BC34FF2B17
:103CF00004F1040721D0D4F8C0340293D4F8C434BA
:103D00000393B4F8BC34ADF8043004F5946599E835
:103D10000E00284607F06AF894F8AD34C4F89054C1
:103D2000002BC2D101231A462946384604F0CEFEA4
:103D3000BBE704F059F90646CEE704F2944594F83F
:103D4000C814284605F0CEFCC4F89054284604F068
:103D5000CBFF0028A9D10123D4F890141A46384685
:103D600004F0B4FEA1E700BFF0B5D0F8906485B0D0
:103D70000446E6B190F8CC5495B190F8CD34FE2BC2
:103D80005DD094F8CE043F283CD9336869469B6CDB
:103D9000304698470546284684F8CC5405B0F0BD17
:103DA00090F8CE043F2808D809F0C6FC28B90025B1
:103DB000284684F8CC5405B0F0BD94F8BC34FF2BF1
:103DC00004F1040724D0D4F8C034B4F8BC2401931F
:103DD000D4F8C4340293ADF8002004F594666B4621
:103DE0000ECB304607F002F894F8AD34C4F8906476
:103DF000002BDDD101231A463146384604F066FE19
:103E00000546D5E709F098FC051E18BF0125CFE748
:103E100004F2944694F8C814304605F063FCC4F8E4
:103E20009064304604F060FF0028C1D10123D4F82B
:103E300090141A46384604F049FE0546B8E7336840
:103E400030461B6A9847336830465B6D9847431C81
:103E500097D0051E18BF0125AAE700BFF0B50C4694
:103E6000054685B0284800F0EDF8FE2C85F8CD44D5
:103E700026D03F2C02D9002005B0F0BD0026234BF0
:103E800002938DF804408DF80560039605F594675C
:103E9000C5F8C03404AB13E90E0085F8BC4485F8BE
:103EA000BD64C5F8C464384606F0A0FF95F8AD348B
:103EB000C5F89074F3B1304685F8CC0405B0F0BD78
:103EC00005F294460024FF23214685F8BC3485F88A
:103ED000C844304605F006FCC5F89064304604F04E
:103EE00003FF70B90123D5F890141A46281D04F079
:103EF000EDFDE1E701231A463946281D04F0E6FDF1
:103F0000DAE72046D8E700BF5939030040787D0141
:103F100016481749174A4FF0290C10B4002380F8AF
:103F2000ADC4C0F8A8144FF0FF0C4FF47F41124C01
:103F3000A0F8CC14C0F89424A0F89C340F4A80F860
:103F4000B13480F8C83480F8CEC40460C0F8A0242E
:103F50000B490C4A5DF8044BC0F88434C0F888342F
:103F6000C0F8903480F8B8340DF0E0B8C018FF1FE6
:103F7000032000382C130500381005009C130500A1
:103F8000553903003007FF1F30B50378DC0783B0D5
:103F90001DD504464068E168036804F110020192EF
:103FA0005B6A9847019A0546A8B12378990708D516
:103FB000A3686068E168194403685B6A984750B178
:103FC000237823F001032846237003B030BD012578
:103FD000284603B030BD0025284603B030BD00BFE1
:103FE000F8B543680BB3C3688B4204460E461546CA
:103FF00006D110F8103B05F003052B432370F8BDE4
:10400000FFF7C2FF88B16B0705D504F110073846EA
:10401000E6600023EFE76068036804F110071B699E
:104020003A46314698470028F1D10020F8BD00BF3C
:10403000034B4FF0000C82F800C01B68184700BF0C
:10404000941DFF1F024A034B03491160186070471B
:10405000901DFF1F941DFF1F3140030010B5044643
:10406000808982B018B10023A38102B010BD6368BB
:10407000A1688B42F9D201AA184600F0B7F880B1C6
:10408000019B6060B3F5803F01D298B2EDE7980ADA
:10409000C3F30902A2F51053A0F52150A38180B209
:1040A000E3E74FF6FF70E0E7B1F5807F20D81029F5
:1040B0002DD840234FF0200CB2FBF3F1B1F5806F07
:1040C0001FD210B5B2FBFCF403FB11234FEA910E93
:1040D0000CFB14222EF03F0E013242EA0E02C9B24E
:1040E000D2B2B3FBFCF3DBB203704270817010BD3F
:1040F0003F239C46802910D9B1F5FC7F0FD81B01C6
:10410000DAE7FF21FE230370417081707047202998
:1041100016D880234FF0200CCEE7DB00CCE7B1F5BA
:104120007C7F04D9B1F5FC6F03D89B01C4E75B0128
:10413000C2E7B1F57C6F94BFDB01C3EB0323BBE7A0
:1041400020239C46D6E700BF7F28A2EB010205D8BA
:1041500012B10A4602F8010B10467047B0F5006F25
:104160000FD2012A3FD90A464FEA901C00F03F03C4
:104170006CF03F0002F8020B63F07F034B701046B7
:104180007047B0F5803F14D2022A2CD9C0F38512B3
:104190004FEA103C62F07F0200F03F0060F07F03C6
:1041A0006CF01F0C4A70CA1C81F800C08B7010465E
:1041B0007047032A17D9C0F305324FEA904CC0F379
:1041C000851362F07F0200F03F006CF00F0C63F08B
:1041D0007F0360F07F004A700A1DC87081F800C03C
:1041E0008B70104670470022B6E700BF88423BD272
:1041F00010B4034690F900001C7800282BDA04F074
:10420000E000C02832D004F0F000E02832D004F002
:10421000F800F02824D104F0070404201844884250
:104220001ED8013313F8011B01F0C00CBCF1800F44
:1042300001F03F0141EA841412D18342F2D10F4BC5
:10424000A4F1800199420BD8A4F55843B3F5006F4F
:1042500006D3146001E01460581C5DF8044B7047ED
:1042600000205DF8044B70470020704704F01F04E5
:104270000220D3E704F00F040320CFE77FFF1000F4
:104280007E2843D910B44FF0350C294C002305E0AB
:1042900034F8221081428CBF94461346ACEB0301E4
:1042A000012903EB5102F3D89BB234F8232090424A
:1042B0001BD2204C4FF04B0C002305E034F82210A9
:1042C00081428CBF94461346ACEB0301012903EBFA
:1042D0005102F3D89BB234F82320824204BF04EB8E
:1042E000830460885DF8044B704704EB8304821AF2
:1042F000E3789A42DDDA94F90230012B10D0A3B1B1
:104300009BB2034498B25DF8044B7047A0F161037F
:10431000192B8CBF00230123A0EB431398B27047E5
:1043200002F00102831A98B2DCE74EF2A033E8E70C
:104330008C1105006010050070B500F124038C4657
:104340000546164693E8070084B001AC84E80700F0
:10435000286A4FEA4C12214601F066FE012806D178
:10436000286A3246214601F043FE04B070BD0020A9
:1043700004B070BD10B5044600F0A8FD002384F819
:10438000313084F8333010BD38B513460D46002265
:1043900000F12401006A1C4601F02AFE20B1438985
:1043A0002B8003892380012038BD00BF38B5134618
:1043B0000D46002200F12401006A1C4601F018FE9F
:1043C00020B1C3892B8083892380012038BD00BFA1
:1043D00038B590F831300BB1002038BD04460D4699
:1043E000382219460FF038FD0120402384F831307F
:1043F00084F83300256238BD30B40C78202C03D10A
:1044000011F8014F202CFBD0116091600C783CB367
:10441000224D0CE0A4F1220C5FFA8CFC25FA0CFC76
:104420001CF0010F10D12E2C16D10C78C4B12F2CFA
:1044300025D03C2C01F1010109D8212CEAD804F146
:10444000FF3CBCF11E0F16D8002030BC70475C2C1E
:10445000FAD00AD97C2CF7D091600C78002CE6D1E8
:10446000196030BC114601F0ADBC3E3C012CF3D8C4
:10447000002030BC7047202CD7D09160EDE70C466F
:10448000214614F801CBBCF1200FF9D0BCF12F0F5D
:10449000F6D0196030BC114601F094BC0121000532
:1044A0002DE9F04F90F83330DC0783B005466CD52A
:1044B00058068B46904640F1B480D5E90023D5E9F3
:1044C000041018EB020443F10003A14270EB030354
:1044D000C0F0AD80B8F1000F53D0D5E900324646A8
:1044E000D5F82090D9F838441C40C4F3080A002CB1
:1044F00056D1134376D195F831305A064CBFD9F8CE
:104500003414E969A96199F84534D9F82C240239A1
:1045100099401144B6F5007F4FD3D9F81C228A4246
:104520004BD0B6F5806F64D34FF0010A0AFA03FA54
:10453000AAEB040A730A9A4528BF9A468A424FEAB0
:104540004A240AD30AEB01039A4206D209F5047001
:104550000191FFF719FD0199B8B1D9F81402076864
:104560005346D7F814905A46C84770B12346D5E948
:1045700000125B1842F10002361BC5E90032A34469
:10458000AED1404603B0BDE8F08F95F832304FF021
:10459000FF3043F0020385F8323003B0BDE8F08FFE
:1045A000AA6999F84534D9F82C04911E9940640AF7
:1045B00001442144BAF1000FACD0CAF50074B442F2
:1045C0004FF0000209F5047028BF3446FFF708FDDC
:1045D0000028DAD000EB0A012246584608F02CFEEB
:1045E0002346C4E795F83330A9695B060DD5013140
:1045F00088E7D9F8140203685A461B6998470028CF
:10460000C3D04FF400731C46B1E705F118024846C9
:1046100001F04CFD0028B8DB0CD0A969D5F820903A
:1046200071E795F8313019077FF554AF45E7A1EBF5
:1046300002084FE795F8313013F0500FA5D0A8EBE2
:10464000060840469EE700BFF0B583B001220DF199
:1046500007010446D0E900678569FFF721FF0128BB
:1046600008BF9DF80700A56118BF4FF0FF30C4E9EF
:10467000006703B0F0BD00BF2DE9F84F90F831108E
:10468000D0F818800446002950D01646D0E9002CF6
:104690009C4508BFB2421F4658D056EA07034AD08D
:1046A000080704D5D4E90403B042BB413ED3D4F893
:1046B000209099F845340933751EDBB247F1FF3A73
:1046C000C3F120000AFA00FBDD40A3F1200E2AFA14
:1046D0000EFA45EA0B0545EA0A0594F833A01AF0EC
:1046E000400F2FD112F1FF3A2AFA03F34CF1FF3AAF
:1046F0000AFA00F003432AFA0EFA43EA0A039D423B
:1047000002D352EA0C0C24D14B064CBFD9F83434F6
:10471000E369A36104F118094A4675B1A169206AE9
:1047200001F0C4FC002805F1FF35F5DCC4F8188061
:104730000020BDE8F88F00238361C4E900670120F1
:10474000BDE8F88FE3692B44A361F6E70120BDE8DB
:10475000F88FED1ADEE700BF2DE9F04F064690F81E
:1047600031008FB0002840F0D880174691F83120F2
:1047700012F0500F8B4600F0D08003F00302032AA2
:104780009A4600F0CA80013203F0080142EA0103B0
:104790000293002F00F0CA803A6902F10E08B54A70
:1047A000A2FB0828DBE900214FEAD80808F102083B
:1047B0000A435FFA88F805D0CBF8180000210020E2
:1047C000CBE90001029B002443F0400325460393FC
:1047D000202206A95846FFF763FE00B3202840F0C8
:1047E0009C809DF918209DF81830002AC0F2A18005
:1047F00034B9DBF80020A2F12009DBF8182001927F
:1048000044453CBF0134E4B2002B00F01281202269
:1048100006A958460025FFF743FE0028DED11AF40A
:10482000007F7AD0029B9B0777D5002F75D0444537
:1048300017D2DDF804A0202206A95846FFF730FE63
:10484000631C002861D0202867D12CB9DBF8002038
:10485000DBF818A0A2F12009DCB2A045EBD8CDF816
:1048600004A03822002130469BF833400FF0F4FAC0
:10487000DBF820303362019B7362082386F8313005
:104880003B68C6F82890C4F38014002586F82C40B5
:104890007B60BD81B8F1000F32D008F1FF39DFF83D
:1048A000D8A15FFA89F9AB46012259463046FFF795
:1048B00043FD044688B390F90020002A2DDB202216
:1048C00000210FF0C9FA002D00F0BA80BBF1010FF2
:1048D00000F0D480C1232370A3461E34BB89384620
:1048E0001BB97A68BB689A4205D0FFF7B7FB2BF873
:1048F000020FA345F2D101355FFA85FBD845D3D825
:10490000304600F0E3FA05460CE05846DBF8185054
:1049100000F00CFB002840F09080002586F8315014
:1049200086F8335028460FB0BDE8F08F4FF00308EB
:1049300048E755BB444538BF0024852B7FF448AF7A
:104940002946382230460FF087FA9DF81C209DF842
:10495000193086F8303002F03703D20658BF43F0E2
:10496000080386F83130DBF80030DBF820203262B3
:10497000203BDBF818207262B3629BF83330C3F33C
:10498000801386F82C30012522E7C02B28D0C12BBC
:104990007FF43DAF3A4606A9304601F089F9E8B107
:1049A000BB89DBB9BA687B689A4217D11AF4006FE9
:1049B000B3D11AF4884F6FD196F833309C076BD47B
:1049C0001AF4806FA9D11AF4804FABD0D6E9042332
:1049D0003046FFF751FE0028A4D19EE70546F7E6D2
:1049E000029B86F833309DF819309B0744BF039B28
:1049F00086F833300B9BF361DDE90823C6E9042315
:104A0000DDE90C23C6E90223002FCFD04FF00003CD
:104A10003A69BB819DF81B30396879609A427FF40E
:104A2000F6AEBD8ABDF81C30ED1AB5FA85F56D09F4
:104A3000CEE6002F7FF4F3AE6FE7CBF818500CE70B
:104A40008523237086F8309084F80190DAF80030DE
:104A5000002B45D00DF113020DF1160105A8984762
:104A6000BDF814306381BDF8163023819DF81330F2
:104A7000237540E789888888901DFF1FC023237015
:104A8000029B84F801B063F07F0386F833303B6902
:104A9000E370BB8AA3802EE796F83130D8063FF545
:104AA0003CAF13F001027FF438AF1AF4806F8AD064
:104AB00096F8331089077FF530AF002B3FF42DAF08
:104AC000D6E900310B4304D000200021C6E90001E3
:104AD000B261304600F0F2FB00283FF41EAF21E740
:104AE00045F621236381E381638204E72DE9F043E6
:104AF000044697B0994694F8313001920020149002
:104B0000ADF814006BBB91F8313013F0500F0E4626
:104B100027D013782F2B154627D04FF0000813E02D
:104B2000019D2F78A7B3FFF717FE064634222146D2
:104B300008A8B6B108F080FB204600F0C7F908AE1F
:104B400084F8318084F83380294601AB02AA2046DC
:104B5000FFF752FC0546002302AA31462046002DED
:104B6000DED1002017B0BDE8F08315F8011F2F2912
:104B7000FBD0019599B938222046356A0FF06CF9BF
:104B80000120402384F83130256284F83300E9E7BE
:104B90004B4602AAFFF7E0FD17B0BDE8F0833822CC
:104BA000002108A8366A0FF057F901238DF8533019
:104BB000402310968DF8513008AEAEE719B101F5DB
:104BC0008961FFF793BF0846704700BF90F8313006
:104BD00063B991F8313013F0500F07D00B6813F020
:104BE0001F0C03D113466246FFF7B6BD0020704785
:104BF0008169F8B50446006A01B10131012201F072
:104C000017F90128054632D9012301461A46206AC0
:104C100001F06EF9064650B3A3695BB394F83320F4
:104C2000510612D5591CA94218D022F04002E16960
:104C300084F8332005E0206A01F058FAB8B1A3697E
:104C400039464F1C99423A46F5D3206A4FF0FF325D
:104C5000294601F04BFA50B1A16911B9A56130465E
:104C6000F8BD206A2A4601F041FA0028F6D1002654
:104C70003046F8BD94F8333043F0400384F83330C5
:104C8000ECE700BF90F833309A0736D5C16970B5AC
:104C90000546A1B90024214607E0037803F07F030D
:104CA000037095F830308B4229D301222846FFF754
:104CB00043FB0134E1B20028EFD1002070BD5B0658
:104CC000006A34D5D5E9022490F845340933013A15
:104CD000DBB244F1FF34C3F1200CDA4004FA0CFCDF
:104CE000203B24FA03F342EA0C021A430132002368
:104CF00001F0FEF80028CDD1DFE7002070472C6AD4
:104D0000002385F8313085F833302046FFF73CF931
:104D10000028D2D004F50470FFF736F90028CCD073
:104D2000D4F840040368BDE870401B6A184701F0DE
:104D3000FDF90028AED1C0E790F83130DB0601D490
:104D40000020704710B5002288B000230446FFF70A
:104D500093FC08E020281BD19DF900309DF800202D
:104D6000002B15DB32B1202269462046FFF798FB65
:104D70000028EFD194F83330082243F0020384F87E
:104D8000312084F833302046FFF77CFF08B010BD97
:104D9000002008B010BD00BF2DE9F0414FF0000821
:104DA000494F82B006464446414600223046FFF74E
:104DB000C3FA054630B10078C02867D0C1282BD08F
:104DC000852809D096F8323043F00103002086F898
:104DD000323002B0BDE8F08196F8313003F037038D
:104DE000AB803B6883B10DF103020DF1060101A810
:104DF0009847BDF80630AB812B82BDF80430EB81BB
:104E00006B829DF803306B75326A92F8103243F072
:104E1000010382F8103228780146002202E01F2A9E
:104E20000FD8A95CE30343EA540311FA83F3012A80
:104E30009CB202F10102F2D1852814BF02220422A1
:104E4000EFE796F8303008F101085FFA88F18B42FD
:104E5000ABD2306A012206F1240101F0C9F8002822
:104E6000B0D0356A44802846FFF78EF80028A9D0D4
:104E700005F50470FFF788F80028A3D0D5F84004A2
:104E800003681B6A98470028A3D19BE796F8333044
:104E900013F0400F6B7814BF43F0020303F0FD03DF
:104EA0006B70D6E90401F369326A6B61C5E90201EE
:104EB000D6E90201C5E9060192F8103243F0010378
:104EC00082F810322878A7E7901DFF1F38B590F8B8
:104ED000313043B390F9332090F83330002A044640
:104EE0000CDB056A2846FFF74FF878B994F83230A2
:104EF00043F0010384F83230002038BD03F07F0313
:104F000080F83330BDE83840FFF746BF05F5047040
:104F1000FFF73AF80028E9D0D5F8400403681B6A87
:104F200098470028E2D0012038BD00BF70B590F846
:104F300031305A0605464CD480682B6AD3F83C348D
:104F40001844B0F1806F01D3002070BD2846FFF7F0
:104F50004FFE0028F8D0286AAE6990F84524D0F8B2
:104F60002C34023E96401E4400243119052200F5DF
:104F70000470FFF735F801344FF400720021002867
:104F8000E2D00EF069FF286A90F84524012393408F
:104F90009C42EAD395F831305B0615D495F833304E
:104FA000AA6863F07F0385F83330D0F83C142B698E
:104FB000E8685218AA606A6940F100005B1842F183
:104FC0000002C5E90432E8602846BDE87040FFF7FA
:104FD0007DBF006A01F0AEF9AFE700BF30B504460F
:104FE00090F831009DB0002510F0180F0C951A951F
:104FF00003D00B6A206A984202D000201DB030BD59
:1050000040F601236846FFF771FD0028F5D03422F1
:1050100021460EA808F010F909AA07CA04F12403D2
:1050200083E8070094F833309DF830C084F830C02E
:1050300063F07F03204684F83330FFF747FF0028F2
:10504000DBD0022208230EA815958DF86B208DF871
:105050006930FFF717FED1E738B591F8313013F01A
:10506000500F02D10025284638BD40F602230446E1
:10507000FFF772FB0028F5D0102384F8313020466A
:10508000FFF754FF05460028ECD0A369E361002236
:1050900000232046FFF7F0FA94F83130C12284F85B
:1050A0003320002BDFD0412384F833302046BDE885
:1050B0003840FFF771BE00BFF0B5044697B01F46F9
:1050C00094F8313001920020ADF8140014907BBBAD
:1050D00091F8313013F0500F0D4629D013782F2B53
:1050E000114619D127E0019E3678002E31D0FFF706
:1050F00033FB034602AA294620461BB9C7B1FFF776
:10510000ABFFA8B12146342208A808F095F8204644
:10511000FFF730F9019908AD01AB02AA2046FFF76D
:105120006BF90646002302AA29462046002EDAD152
:10513000002017B0F0BD013101910B782F2BFAD070
:10514000296A08A8FFF744F90028F1D0019908ADB1
:10515000E2E702AAFFF780FF17B0F0BD2DE9F04F9C
:1051600090F8314083B024079DF830709DF834905A
:105170009DF838A09DF83C8057D5A2F2BC7294B23D
:105180007F2C52D85A1E0B2A01934ED87A1E1E2A03
:105190004BD8B9F1170F48D8BAF13B0F45D8B8F141
:1051A0003B0F42D805460E46FFF790FE00283CD044
:1051B000019B47EA431747EA44244FEA580747EA66
:1051C0004A1747EAC9274FF0000A18F00108A4B2AD
:1051D000BFB218BF4FF06408D346514606F001092C
:1051E00000222846FFF7A8F8F8B10178852946D0B3
:1051F00001F14003DBB2012B17D88C46002203E0FB
:105200001F2A16D810F802C04FEACB3343EA5B03DB
:105210001CFA83F3012A1FFA83FB02F10102EFD18A
:10522000852914BF02220422ECE7002003B0BDE868
:10523000F08F95F830300AF1010A5FFA8AF18B425B
:10524000CED2286A012205F1240100F0D1FE002807
:10525000EBD02C6AA0F802B02046FEF795FE00289D
:10526000E3D004F50470FEF78FFE0028DDD0D4F8FB
:10527000400403681B6A03B0BDE8F04F184795F877
:1052800031302A6A03F03703838092F8103243F0FA
:10529000010382F81032B9F1000F01D00782448275
:1052A000B20703D580F81480078144817307017821
:1052B00042BF80F815808781C4819EE790F8333023
:1052C0009A0762D570B5C56982B00446A5B313F0DC
:1052D000400634D0006AA26890F845C4E1680CF139
:1052E000090C5FFA8CFC013A41F1FF31CCF1200E40
:1052F00022FA0CF201FA0EFEACF1200C21FA0CFCA1
:1053000042EA0E02A16942EA0C02013219B3013DE0
:105310006D1A01312A44019172BBD4E9000163F096
:105320007F03C4E90201C4E9040184F83330204654
:10533000FFF7CCFD02B070BD012002B070BD8169E5
:1053400061B90195C161206A294600F0EFFEC8B13C
:1053500094F83330E1E70195E161DDE7006A0196F9
:1053600001AA00F0A3FE00280CDB10D1019D002D46
:10537000E9D194F83330D0E70199002300F0B8FD6B
:105380000028E5D1002002B070BD00207047A1695F
:10539000206A4FF0FF3200F0A9FE0028E6D1F1E7C5
:1053A0002DE9F04790F833309D07044640F1A38083
:1053B00092461A070E4600F19780BAF1000F00F0EE
:1053C000278123685546206AA169D0F8382402EA6B
:1053D0000309C9F30808B9F1000F40F095800029CE
:1053E00000F0D48094F833305B0640F1EC80D4E9CF
:1053F000023290F845C40CF1090C013B5FFA8CFCB9
:1054000042F1FF32CCF1200E23FA0CF302FA0EFE29
:10541000ACF1200C22FA0CFC43EA0E03E26943EAE9
:105420000C031344994280F0D5800131A16190F8BA
:105430004524D0F82C34023991401944B5F5007F49
:10544000C0F08D80B5F5806FC0F0A6800123934039
:10545000A3EB09036A0A934228BF1346D0F81C2223
:105460008A424FEA43290AD303EB010C624506D274
:10547000002280F810224FF0FF32C0F81C22D0F832
:1054800014020268D2F828803246C04798B34B46CF
:10549000D4E900125B182169606942F10002994267
:1054A0009041C4E900324E44A5EB090507D294F8B7
:1054B0003310236161F07F0184F833106261002DA5
:1054C00081D1D4E9020198429141C0F09480524BBD
:1054D0001B68002B00F09A8094F8333063F07F0350
:1054E000504684F833300DE0D0E90423FFF7C4F8C8
:1054F00000287FF462AF94F8323043F001030020BB
:1055000084F83230BDE8F08790F84524D0F82C3488
:1055100002394FEA5929914049441944B8F1000F22
:105520008CD0C8F50079A9454FF0010200F5047050
:1055300028BFA946FEF754FD0028DCD040444A4667
:105540003146C84407F078FEB8F5007F206A9ED146
:1055500000F50470FEF718FD002898D1CBE722680B
:1055600027696369BA42626872EB030312D20122AF
:1055700000F50470FEF734FD0028BCD02A46314601
:10558000404407F059FEA9462B4681E7E16949B33B
:10559000A1614CE70522EBE7D0F81C328B4206D123
:1055A000002380F810324FF0FF33C0F81C32D0F8DF
:1055B0001402036832465B6A984700289BD04FF478
:1055C0000073994664E704F1180200F06FFD0028AB
:1055D00091DB04D12046FFF70BFB00288BD0A1699B
:1055E000206A24E72046FFF703FB002883D0A16947
:1055F000206AE1611BE794F83310A36061F07F0338
:1056000084F83330E2605046BDE8F087504679E7D1
:10561000D4E9003255E700BF901DFF1F69B170B596
:10562000054608460C460FF0ABFA2B6802462146A9
:1056300028465B68BDE87040184770478368C3F32D
:1056400008038BB110B400210269D1540133B3F5C2
:10565000007FF9D1C36802691C680168646A184652
:1056600023465DF8044B18470120704783680269A0
:10567000C3F3080340F2FF1CD154426801EB7201EE
:105680008268416001326345826001D00120704729
:10569000C368016810B41C68646A4A1C026002692D
:1056A000184623465DF8044B184700BF38B5836899
:1056B0000446C3F308030069CAB2C2540D466168C8
:1056C00002EB7102A168626040F2FF120131934265
:1056D000A16005D0290A2046BDE83840FFF7C6BFC3
:1056E000E068216803684A1C5B6A22602269984767
:1056F0000028EFD138BD00BFF8B50025C0E900157E
:1057000006468560A8B2FEF7BBFDA842044607D056
:10571000C1B23046FFF7AAFF00283BD10020F8BDF8
:105720006C1CB4F5803F04D12AE00134B4F5803F0D
:1057300004D0A0B2FEF7A4FDA042F6D0671BB7F5D7
:10574000007F1DD34FF6FF713046FFF7AFFF0028F3
:10575000E4D0B9B23046FFF7A9FF0028DED02546D5
:10576000B5F5803FCED13046BDE8F840FFF766BFC3
:10577000C5F307213046FFF779FF01350028CDD06A
:10578000A542E9B23046EBD2FFF770FF0028EFD117
:105790000020F8BDC4F307213046FFF767FF00285B
:1057A000BCD00135DCE700BF2DE9F04F0F4689B0D2
:1057B000096804901546CA69C7600561384698466D
:1057C0009047B0F5801FC0F0C2800646002301223A
:1057D0000133DBB2202B4FEA420200F0C380964235
:1057E000F6D81C2B00F2BE801A2B4FF0080A00F2EC
:1057F0003B824FF4804301934FF4004303934FF4F3
:10580000807307934FF40053CDF808A00693039BD1
:105810000298019CF31AC34003FA00F94FF4007296
:105820000021284605930EF017FBFF2385F8C431AD
:1058300085F8C531072385F8C231A144FE230194C0
:10584000C5F8C641012485F8BF4185F8C04185F8F7
:10585000C3313B68C5F8CA914AF6552B5B6AA5F877
:10586000FEB12A46002138469847002860D04FF400
:105870000072002128460EF0EFFA019B2B64AB6505
:10588000059BEB6520232B726B72AB72EB232B70A5
:1058900076236B709023AB704523EB7058232B71EC
:1058A00046236B714123AB715423EB7104232B66A8
:1058B0004FF48073A5F868300923069A85F86C3098
:1058C00080236E662A656A65C5F848904FF4C372F6
:1058D00085F86DA085F86E4085F86F30F42105F1EC
:1058E00078000EF0B9FA0026A5F8FEB16A1E00E0B5
:1058F0000134A4F16B03012BFAD9712CF8D0135D9C
:10590000B4F5007F03EB7606F2D13B68DDF8049036
:105910005B6A2A4649463846984748B13B68CDF805
:10592000049049465B6A2A460C313846984780BB4A
:10593000B8F1000F06D0D8F80030B7495B680F22E5
:10594000404698470024204609B0BDE8F08FB8F1E2
:10595000000FF7D0D8F80030B0495B6815224046F8
:105960009847E8E7A3F10B0A4FEA6A0101228A404F
:105970000291CAF3470A079201335B1001229A4051
:10598000069204229A400392022202FA03F3019340
:105990003DE72246002128460EF05EFA4AF65523DE
:1059A000A5F8FE31019B03F1090203F1010A05F29A
:1059B000FF19002393462C4601E014F8013FA1454E
:1059C00003EB7606F9D13B682A465B6A51463846B6
:1059D00098470028ACD03B682A465B6A0AF10C0164
:1059E000384698470028A3D00AF101039B4502D00E
:1059F0009A462B78DFE74FF40072002128469B4639
:105A00000EF02AFA00220AF1030A11462B4601E0A1
:105A100013F8011F9C4201EB7606F9D13B682A4638
:105A20005B6A594638469847002881D03B682A4629
:105A30005B6A0BF10C013846984700283FF478AFB9
:105A40000BF101018A4564D12B1F05F5FE7243F865
:105A5000046F9A42FBD13B682A465B6A38469847F6
:105A600000283FF465AF3B680BF10D015B6A2A46E5
:105A70003846984700283FF45BAFB8F1000F06D0D6
:105A8000D8F8003066495B680C2240469847019A76
:105A9000069BDFF89CB113449946059B4FF40072B6
:105AA000002128469E000EF0D7F92846F82306F27A
:105AB000072600F8013B1322FF214FEA562A0EF079
:105AC000CBF9B60B002402E00134A24524D0B4FB8C
:105AD000F6F306FB13434BB90122B8F1000F05D0D2
:105AE000D8F8003059465B68404698473B6809EB58
:105AF00004015B6A2A463846984700283FF418AFED
:105B0000002CE1D121464FF4007228460EF0A4F992
:105B1000DAE78B46297879E7B8F1000F2BD0D8F86F
:105B2000003040495B68022240469847059C079A2E
:105B30000734E40804F2FF13B2EB532F4FEA532962
:105B4000FFF4F9AE4FF40072002128460EF084F9FC
:105B500007232B70002604E006B92E700136B145EC
:105B600016D9039A3B68B1185B6A2A4638469847AB
:105B70000028F1D1DCE6059C079A0734E40804F21A
:105B8000FF13B2EB532F4FEA5329FFF4DBAED9E7F3
:105B9000B8F1000F77D0D8F8003023495B6816229F
:105BA00040469847039B079A04989918FFF7A4FD6D
:105BB00000283FF4C0AE029A4FF400739340049A59
:105BC00092689A423FF6B7AE18494046FFF726FD65
:105BD000029B4FF0020909FA03F6039B4FF400728F
:105BE000002128461E440EF037F98122032385F850
:105BF00020200499C5F8349082222B7085F840202B
:105C00004A686A646B658B68AB650023013EAC63D0
:105C1000EB654FF0010912E0C012050060120500AB
:105C2000781205009C12050088120500A0120500DC
:105C30006CCF0400079B99451CD209F101093B6810
:105C400006EB09015B6A2A46384698470446002855
:105C50003FF46EAEB9F1010FECD14FF400720021A8
:105C600028460EF0F9F8E8E74FF480720792CDF875
:105C700008A081E6B8F1000F3FF465AE0B4940463D
:105C8000FFF7CCFC5FE6039B079A04989918FFF78F
:105C900033FD00283FF456AE029A4FF40073934050
:105CA000049A92689A4293D94CE600BFB01205005C
:105CB0002DE9F0410C46154601F11E08AB8934F878
:105CC000027F28461BB96A68AB689A420ED0FEF77D
:105CD000C5F9FEF7D5FA06463846FEF7D1FA8642F0
:105CE00009D14445EAD10120BDE8F081B7FA87F037
:105CF0004009BDE8F0810020BDE8F0812DE9F04FBA
:105D000090F8313083B08846002B4FD090F8303077
:105D1000012B074652D9013ADFF8A4B00B464FF0E9
:105D2000020A8E1800240022514638460193FEF7DD
:105D300003FB00283AD00278C12A37D1019B0546DF
:105D400000F11E0935F8020F24B300F5105292B28B
:105D5000B2F5806F2AD20BEA8424C0F309002043F5
:105D600000F5803019463246FEF7EEF90346E8B1F9
:105D700000244D45E6D197F830200AF1010A5FFA78
:105D80008AFA5245CFD2A3EB08009846002388F840
:105D900000300EE000F5205292B2B2F5006F02D34F
:105DA0000028DFD1EFE7B2F5806F05D3002088F837
:105DB000000003B0BDE8F08F0446DAE70020E5E715
:105DC00000FC0F0070B50C460A686260002319469B
:105DD000A38123611E464FF6FF7517E0FEF73EF9DB
:105DE000A84222D0FEF74CFAF30343EA560353FAD3
:105DF00080F399B22269C3F34E0343EAC133000A28
:105E000010FA83F30132A18922619EB22046002953
:105E1000E4D16268A3689A42E0D12069A682013881
:105E2000FE288CBF0020012070BD002070BD00BF87
:105E30002DE9F84F074691468A46002942D0D7F807
:105E40003034A1F10208434542D908F00703012587
:105E50009D40C8F3C80BEDB246464446D7F82C1413
:105E6000002201EB14313846FEF7BAF8E8B10BF125
:105E7000FF3B834400F2FF101BF8011F0AE04A4574
:105E80002BD0A04510D0D7F83054A54214D913F028
:105E9000FF050CD0013429424FEA4503A4EB06026A
:105EA000EDD0A0452646EED10120BDE8F88F58453B
:105EB0004FF00105E0D101E00026344601254FF006
:105EC000000BCBE7D0F82084D7F830344345BCD85A
:105ED0004FF000080125C346BEE7BAF1000F04D118
:105EE000B9F1010F08BFC7F82064B01CBDE8F88FF6
:105EF0002DE9F843154698468A1ED0F830345119DA
:105F000099423AD80646B8F1000F39D1D0F820347A
:105F1000934288BFC0F82024D6F82C7402F00703FF
:105F200001249C4007EB1231C2F3C809E4B20122FC
:105F300030468F18FEF754F8F8B109F1FF3E864459
:105F400000F2FF101EF801CF1CEA040F14BF01225B
:105F5000002242458CEA040C4FEA44040DD0013D76
:105F60008EF800C018D014F0FF04EDD17045A146A2
:105F70004FF00104E6D13946D9E70020BDE8F883A7
:105F8000D0F820049042C7D38142C5D9994228BF96
:105F90000021C6F82014BFE70120BDE8F88300BF48
:105FA000F8B5D0F8303401338B4201D20020F8BD6F
:105FB00007460C4600F50476002506E0D7F8303495
:105FC0000133A34205F10105F0D3D7F824140022D0
:105FD00001EBD4113046FEF703F8A400C4F3080423
:105FE0000028E3D00459631CE8D1681CF8BD00BF49
:105FF00038B50C460B6890F845C4D0F8381465687D
:10600000023B294003FA0CF303EB5123D0F82C1484
:1060100000F504701944FDF7E3FF18B16368C3F39A
:106020000803184438BD00BF2DE9F843D0F83834D0
:106030000C4649680B401144616090F845141344C4
:1060400001F10902D2B2D3402BB380465D1E00F5A8
:10605000047905E02368013D03F1010323601AD3AD
:10606000267A002EF6D1D8F83034276801339F42C3
:106070003246484612D8D8F8241401EBD711FDF760
:10608000AFFFBF00C7F3080740B1C3595A1C09D07E
:10609000013D2360E4D20120BDE8F8834FF0FF30DA
:1060A000BDE8F8833046BDE8F88300BF38B5D0F8C6
:1060B000303401338B4202D24FF0FF3038BD0C46F2
:1060C000D0F82414154601EBD411002200F5047019
:1060D000FDF786FF0028EFD0A400C4F3080403599D
:1060E0005A1C1ABF2B600120002038BD01291BD982
:1060F00038B5D0F8303401338B420C4601D2002041
:1061000038BDD0F82414154601EBD411012200F556
:106110000470FDF765FF03460028F0D0A400C4F327
:10612000080401201D5138BD00207047D0F83034DC
:106130000133994201D9002070472DE9F04F0546FF
:1061400081B00C4600F504790F464FF00008D5F8F1
:106150002414002201EBD4114846FDF741FFE30966
:1061600098B14FEA840BCBF3080B50F80B20511C6D
:1061700016BF16464FF0000A4FF0010A012C04D951
:10618000D5F830240132944203D9002001B0BDE893
:10619000F08FD5F82414012219444846FDF720FF5A
:1061A0000028F2D040F80B80BAF1000F12D0013471
:1061B000B44208D00023E21B39462846FFF798FE78
:1061C0000028E2D03746D5F830340133B342DCD36F
:1061D0003446BCE7621C5346D21B3946284601B000
:1061E000BDE8F04FFFF784BE2DE9F843D0F82C143A
:1061F0000025064600F504782C46002240464F1C38
:10620000FDF7EEFEB0B100F1FF3E04F58059D6F87F
:10621000300405E081B9083484420AD24C4517D0D5
:106220001EF8011FFF29F5D10834844205F1080545
:10623000F4D3401BBDE8F8830822012319424FEA3A
:10624000430C18BF0135013A5FFA8CF3F6D1E2E74F
:106250003946D2E7F8B5044600234FF0FF3004F585
:106260000477C4F840146160E060C4F81412C4F804
:106270001C02154684F84434237084F810321A4600
:1062800019463846FDF7ACFE042D0CD8064650B131
:106290005DB927490522F01C0DF0DAFE18B996F811
:1062A0006C30092B19D00020F8BD6B1E00EB0313D6
:1062B00093F8BE2112F07F02F5D193F8C231002B82
:1062C000F1D000EB05163846D6F8B6512946FDF751
:1062D00087FE06460028DCD1E5E7336D2B44C4F881
:1062E0002434736DC4F82834B36D2B44C4F82C34B3
:1062F000F36DC4F83034336EC4F8343496F86D203E
:1063000084F84524012502F1090305FA03F3C4F8D2
:106310003C34013BC4F83834C4F8200401462A4612
:106320002046FFF785FD402384F844342846F8BD15
:10633000D012050010B50446D0F83414FFF730FE33
:1063400094F845340933DBB2984010BD70B590F92C
:106350000230002B82B004460DDBA56805F1280051
:10636000FDF712FE00283BD1637843F001030020C3
:10637000637002B070BD8068A16901222830FDF70A
:106380002FFE0028F0D0A58805F00F056B0100EB6B
:106390004515C35CE52BE7D02378184A1B0744BF9B
:1063A000E369EB61236A16686B831A0CAA8266B1F3
:1063B0000DF103020DF1060101A8B047BDF804304C
:1063C000BDF806202B836B82EA82A378A56803F0D0
:1063D0007F03A37005F12800FDF7D6FD0028C3D088
:1063E00005F50E70FDF7D0FD0028BDD028680368C4
:1063F0001B6A98470028B7D0BBE700BF901DFF1F5E
:10640000024638B552F8105F04462946806802F00B
:1064100081F850B155B123690135AB42A37818BF5B
:1064200003F0BF0363F07F03A37038BDA37843F08C
:106430004003F7E7F8B5047814F0200404D11A4BB0
:1064400042699A42054602D300273846F8BDFFF755
:10645000D7FF07460028F7D0A8682E6982794169DE
:10646000023E96400E440179A9B1214606E00DF0A6
:10647000F3FCA8680279E1B28A420BD931440522C3
:106480002830FDF7ADFD01344FF4007200210028E3
:10649000EDD1D9E7827969694FF40073934011FA1D
:1064A00083F36B613846F8BD00FE1F0010B504464B
:1064B00080680A462830A169FDF792FD20B1A388C3
:1064C00003F00F0300EB431010BD00BF10B50378BD
:1064D00004462BB1FFF73AFF00232370A37010BDD1
:1064E00000232370A370012010BD00BF38B50378CE
:1064F00004460D4613B1FFF729FF88B1A068A169D2
:1065000000222830FDF76CFD50B1A38803F00F0383
:1065100000EB43112022284606F08EFE012038BDF4
:10652000002038BD30B589B00D4669461446FFF7E6
:10653000DDFF28B1BDF81020BDF80E302A80238081
:1065400009B030BD30B589B00D4669461446FFF735
:10655000CDFF28B1BDF81820BDF816302A80238061
:1065600009B030BD0B7813F0700F01D100207047D7
:10657000F0B540F6022389B00D46044601F072F8EA
:1065800038B101221023A27023702046FFF752FF7A
:1065900010B9002009B0F0BD2378226922626BB1E6
:1065A000636933B1A378002223F020032261626182
:1065B000A3702046FFF7CAFE0028EAD0A068A169B0
:1065C00001222830FDF70CFD0028E2D0A38803F05B
:1065D0000F0300EB43111022CA726846202206F016
:1065E0002BFE0A2220210DF101000DF035FCA068E0
:1065F000216A83790239994043690122194428307C
:10660000FDF7EEFC06460028C3D02E27202269465F
:106610008DF8007006F010FE2B6A8DF801701A0CD0
:10662000ADF81420694606F120002022ADF81A309A
:1066300006F002FEA46804F12800FDF7A5FC00287E
:10664000A7D004F50E70FDF79FFC0028A1D02068AC
:1066500003681B6A09B0BDE8F04018472DE9F04116
:10666000044694B09846237801920020ADF81400B7
:106670000B90002B40D10B7813F0700F0D463BD0E0
:1066800013782F2B16463BD0002728E0019E367842
:10669000002E50D000F0E6FF034602AA294620460D
:1066A0002BB9B8F1000F27D0FFF75CFF20B3A64647
:1066B000BEE80F000DF12C0CACE80F00BEE80F0097
:1066C000ACE80F002378DEF80020CCF8002020464C
:1066D0000BB1FFF73BFE019E2770A7700BAD314653
:1066E00001AB02AA204601F005F9064602AA294696
:1066F00000232046002EC9D1002014B0BDE8F0814F
:106700000136019633782F2BFAD0AD682422002170
:106710000BA80DF0A1FB0D95EB79102B03D0202BCE
:106720000FD00C2BE8D120238DF82C3001238DF8CD
:106730002E300BADA8E702AAFFF714FF14B0BDE896
:10674000F0814023F0E700BF2DE9F041044694B00A
:1067500098462378019200200290ADF83800002B73
:1067600036D10B7813F0700F0E4631D013782F2BE3
:10677000154631D000271EE0019D2D78002D40D018
:1067800000F070FFA6460DF1080C08B3BEE80F003C
:106790006646ACE80F00BEE80F00ACE80F002578B5
:1067A000DEF80030CCF8003020460DB1FFF7CEFD0A
:1067B000019D2770A770294601AB0BAA204601F066
:1067C00099F805460BAA314600232046002DD3D167
:1067D000002014B0BDE8F0810135019529782F29FA
:1067E000FAD0A9B9B568242220460DF035FBA56082
:1067F000EB79102B03D0202B22D00C2BE8D12023B7
:106800001FE043460BAA00F02DFF14B0BDE8F08155
:10681000B6682422002102A80DF01EFB0496F3792D
:10682000102B03D0202B03D00C2BD1D1202300E040
:1068300040238DF8083001238DF80A3002AE99E725
:10684000402301202370A070C3E700BF19B101F5F8
:106850008961FFF779BF0846704700BFCB6870B504
:106860000D46044693B906780EB1184670BD8D6882
:10687000242231460DF0F0FAA560EB79102B19D0E7
:10688000202B11D00C2B15D0304670BD24220021B6
:106890000DF0E2FA012310222270A370A968EA68C1
:1068A0002262A160184670BD402201232270A370AD
:1068B000184670BD2022F8E770B504780CB10020AE
:1068C00070BD05460E46242221460DF0C5FAAE6085
:1068D000F379102B0BD0202B03D00C2B07D02046A4
:1068E00070BD402301242B70AC70204670BD202366
:1068F000F8E700BF2DE9F04F2DED028B8378DF071D
:1069000083B0054640F18D80884601780E07924697
:1069100000F192808C0608D583685A894369C3EBDD
:1069200042139BB29A4528BF9A46BAF1000F00F075
:10693000B0806A69AF6805F11003880608EE103A66
:1069400056464FF00009C2F3080B3DD5396A01EBFA
:106950005221BBF1000F51D1B6F5007F4ED37A6BB7
:1069600091424BD0B6F5806F6FD3287880064FEAFE
:10697000562305D43879A0EB0900834228BF03468B
:1069800091424FEA43240CD8C818824209D207F139
:106990002800CDE90013FDF7F7FADDE90013002820
:1069A0003FD0F86A026857694246B847002838D095
:1069B0006A69361B2244A0446A616AD02978AF68AC
:1069C0008806C2F3080BC1D497F8059009EA52294A
:1069D000BBF1000F37D1B9F1000F34D1002A3ED1FD
:1069E0004A064CBF3A6A2A6A2A61B9797869023A3A
:1069F0008A4048441118BBF1000FADD0CBF50074AC
:106A0000B4424FF0000207F1280028BF3446FDF7DA
:106A1000E7FA30B100EB0B012246404606F00CFCD1
:106A2000C6E76B784FF0FF3043F002036B7003B0A2
:106A3000BDEC028BBDE8F08FC36942699B1A9A4591
:106A400028BF9A4671E72A69CFE7F86A0368424689
:106A50001B6998470028E4D04FF40074A8E70B079F
:106A600005D5AA78540602D52A690132BCE72969FE
:106A700018EE102A384601F099FD0028D1DB02D02B
:106A8000AF682A69B1E72B7813F0700FC9D0AAEB71
:106A9000060A504603B0BDEC028BBDE8F08F00BF84
:106AA00070B582B001220DF10701044646690569FF
:106AB000FFF720FF012808BF9DF80700666118BF97
:106AC0004FF0FF30256102B070BD00BF30B54369A3
:106AD00013F4F07F83B00446C3F3431500D089B9A3
:106AE00001220DF107012046FFF704FF40B2012803
:106AF0000BD163691F336361A068383000EB451028
:106B000003B030BD20334361F6E7002003B030BD51
:106B1000F0B503789BB0002613F0180F0896119675
:106B200006D0836817468A689A4204460D4602D00A
:106B300000201BB0F0BDFFF709FCA646BEE80F0021
:106B40000DF1440CACE80F00BEE80F00ACE80F00FC
:106B5000DEF80030CCF80030A368A16903F128000A
:106B60003246FDF73DFA0028E2D0A18801F00F017E
:106B700000EB41112022684606F05EFB237813F0FB
:106B800008033A46294677D108A8FFF767FD002891
:106B9000CED0109EBDF82430A068A3809DF823308D
:106BA0000E99E3700B9BA16100272830E36001225E
:106BB0008DF820708DF82270FDF712FA0028B7D0FA
:106BC000A38803F00F0300EB431513220DF10D0111
:106BD00005F10D0006F030FB9DF80B30EB724EB363
:106BE000A0688179B31E8B4041693A461944283028
:106BF000FDF7F6F900289BD000F12001202268461D
:106C000006F01AFBA068314601F0F2FC00288FD094
:106C1000A068236A82794169023B93401944283075
:106C20000122FDF7DDF9002882D0202269461044B8
:106C300006F002FB00210222082311A819918DF809
:106C400046208DF8443000F0BBFE00283FF470AFC2
:106C5000A46804F12800FDF797F900283FF468AF15
:106C600004F50E70FDF790F900283FF461AF20683D
:106C700003681B6A98475CE740F6012308A8FFF702
:106C800063FD002886D153E70378DA0601D400209B
:106C9000704730B5436983B0044633B1837800222E
:106CA00023F0200302614261837000230FE06361DF
:106CB000A3686A01383303EB45159B5CEBB1E52B08
:106CC00004D02E2B02D0EB7A1B0722D5636913F474
:106CD000F07FC3F3431503F12003E8D101220DF146
:106CE00007012046FFF706FE40B2012803D1636981
:106CF0001F336361DCE763785BB9A378082243F054
:106D0000020320462270A37003B0BDE8304000F0BB
:106D100057BE002003B030BD2DE9F041037807696C
:106D20000446002B3AD00D464169A94243D0002DBC
:106D300038D018072BD5E269AA422FD3D4F808C05F
:106D4000A2789CF806000930C0B26E1E12F0400F07
:106D500026FA00F632D14A1EC240964201D30029DB
:106D600030D15B064CBFDCF82030236A236104F18C
:106D7000100807E02169A06801F018FC002806F15E
:106D8000FF360BDD4246002EF4D1A2780CE09A06C5
:106D9000D4D5A3685B89B5EB431FF6D927610020E2
:106DA000BDE8F0818278056122F02002A270656161
:106DB0000120BDE8F0810120BDE8F081236A334461
:106DC0002361F1E7B61AD2E72DE9F041884615466E
:106DD0000021242204461F469DF818600DF03CF85F
:106DE000D8F80800D8F82030A58000F1380205F066
:106DF0000F0502EB4512E360A060D17A0D0712D4B3
:106E000001F017012170D37AE67013F0180F08BF54
:106E100041F0080107F0030308BF2170012B33D0B4
:106E2000022B05D0DBB100202070A070BDE8F081FE
:106E300003232178CD06F6D4CE07F4D407F0080159
:106E40000B43A370958A518B41EA0541456BA561BF
:106E50007D0511D509BB63F07F03A3700FE07B05AF
:106E6000E1D407F0080343F00103A370416B938A58
:106E7000A161518B41EA03412162D369E3617E0440
:106E800004D40120BDE8F0810223D2E7E169204665
:106E9000FFF742FF0028F4D1C5E701F0A9FB002865
:106EA000C1D0A378D7E700BF0378002B3FD12DE9ED
:106EB000F0470B7813F0700F84B00C462CD04B6960
:106EC00013F01F0528D106469046A94601220DF170
:106ED0000F0120465F09C3F3431AFFF70BFD40B2D1
:106EE000012819D16369A2681F3302F1380C4FEAF7
:106EF0004A1263611CF802200CEB4A1C62B12E2A74
:106F000008D0E52A06D09CF80B1011F0080010D02C
:106F10000F2905D00025D9E7002004B0BDE8F0878F
:106F20005106D3D59CF80D9002F01F05CEE7002046
:106F3000704775B10CF10A0101E01CF8012FC30183
:106F400043EA500352FA83F36145D8B2F5D148457C
:106F5000E2D100954346BAB221463046FFF734FFEE
:106F6000DBE700BF03780BB1FFF7F0B901207047F2
:106F70002DE9F0470E46017882B009079DF8287088
:106F80009DF82C809DF830909DF834A057D5A2F242
:106F9000BC7294B27F2C52D85A1E0B2A01934ED841
:106FA0007A1E1E2A4BD8B8F1170F48D8B9F13B0FFB
:106FB00045D8BAF13B0F42D80546FFF7C7F900287C
:106FC0003DD0A868A96928300122FDF709F80028FA
:106FD00035D0AA88019B02F00F0247EA431343EA27
:106FE000442300EB42124FEA5A01F7079BB241EAF1
:106FF000491141EAC82148BF5382B40789B208D574
:107000001AF0010A18BF4FF0640A82F80DA013822B
:10701000D181AC68700744BF1383D18204F128008A
:10702000FCF7B2FF58B104F50E70FCF7ADFF30B1BC
:10703000206803681B6A02B0BDE8F04718470020CB
:1070400002B0BDE8F08700BF83789B0727D510B555
:10705000036A82B00446ABB1016911BB01930162BE
:10706000A068194601F0C4FAB0B1A378227861692A
:10707000E16163F07F03A37022B12046FFF766F958
:1070800002B010BD012002B010BD2169A0686FF0F0
:10709000704201F09DFA68B9002002B010BD0020D6
:1070A000704700238068019301AA01F07FFA00284D
:1070B000F2DBEAD1019B002BD7D0D1E72DE9F047D5
:1070C00083789C0705467BD588461907914600F1D1
:1070D000BD806B6913EB090272D2B9F1000F44D085
:1070E0004F464FF4007AA8682969447914EA53247A
:1070F000C3F3080643D1002E73D100297ED0AA78AD
:10710000520603D5EA699A4200F28F8005F1100217
:1071100001F04CFA002853DB00F09180A86829693F
:1071200083790239994043691944B7F5007F4ED3FA
:10713000B7F5806F66D303797A0A1B1B934228BF89
:107140001346426B8A424FEA432402D35E18B2428E
:107150006ED3C06A0268966A4246B04780B36B69D4
:107160003F1B2344A0446B61BDD1EA699A427DD2A2
:10717000AA78EB6162F07F03AB70484625E0827924
:1071800043690239914019442144002ECDD0C6F5FF
:107190000074BC4228BF3C4601222830FCF720FF87
:1071A00070B1304422464146264406F045F8B6F513
:1071B000007FA868D3D12830FCF7E6FE0028CED1A6
:1071C0006B7843F0010300206B70BDE8F0876A69BB
:1071D000EB69BA45544628BF3C469A4207D305227C
:1071E000DBE782794369023991401944CFE7AB78F4
:1071F00013F0200F14BF05220122CEE7296A61B3E4
:1072000029618DE7436B8B4205D1002380F828303C
:107210004FF0FF334363C06A036842465B6A984796
:107220000028CDD04FF4007499E70131296177E748
:10723000002280F828204FF0FF32426389E7284679
:10724000FFF7DEF800287FF469AFB9E7C169FFF7FF
:1072500063FD00287FF43DAFB2E72846FFF7D0F882
:107260000028ADD02969A868296259E7054B1B6839
:107270002BB1AB7863F07F034846AB70A5E7484677
:10728000A3E700BF901DFF1F2DE9F04F8DB084468E
:10729000156801931446984606468946BCE80F00D7
:1072A00003AF0FC7BCE80F000FC7DCF800303B602E
:1072B0004FF0000E43466560A4F80CE0002B3FD071
:1072C0004FF0010AA9EB0A0189B2490103A8FFF7AF
:1072D00023FD50B3002103A8FFF7F8FB074620B3B6
:1072E00000250DE0FCF7BAFE80465846FCF7C8FFC3
:1072F00083464046FCF7C4FF834516D10D2D18D0B8
:10730000EAB23946304600F0C9FEA389834601350A
:107310002046002BE6D16368A2689342E2D1BBFA13
:107320008BF040090DB0BDE8F08F00200DB0BDE836
:10733000F08F019B0AF1010A5FFA8AFA5345C1D224
:107340000120EFE72DE9F04F8DB007461646019179
:107350009A4602F1150402F120050FCF0DF10C0C35
:10736000ACE80F000FCFACE80F003B68CCF8003062
:107370004FF0000914F8012F4FEAC91343EA5903EB
:1073800052FA83F3A5425FFA83F9F3D1336873604D
:107390004FF00008A6F80C80BAF1000F4BD001277F
:1073A000019BD91B89B2490103A8FFF7B5FC00284E
:1073B00052D0002103A8FFF789FB00284CD0059A82
:1073C00092F8283043F0010382F828300F23574504
:1073D000C3724FF000030CBF47F040023A460373FC
:1073E0004FF00003027080F80D90438300F1010B11
:1073F0000124002506E0ABF8000001340135E4B2B9
:107400000BF1020BB08918B97268B3689A4216D0B2
:107410003046FCF723FE042DEBB2ECD90A2B02D840
:10742000ABF80300E9E70D2CABF80500E5D1013717
:10743000FFB2BA45B4D201200DB0BDE8F08FB8F16B
:10744000000F06D008F101085FFA88F84FF6FF70C8
:10745000E1E74FF00108DEE700200DB0BDE8F08F56
:107460002DE9F843054650F8164BAE680B22202153
:107470000CF0F2FC23782E2B14BF0120002003D146
:1074800014F8013F2E2BFBD0721EA24209D91346DD
:1074900002E09C421A4604D01A46013B11782E297C
:1074A000F7D1A6424FF0000E7CD907277146F1466E
:1074B0004FF0080823782E2B25D0222B25D07C2BAB
:1074C00023D0A3F15B0CBCF1020F1ED9A3F12A0C4F
:1074D000BCF1050F51D9A3F13A0CBCF1050F5AD9F3
:1074E000A3F1210CBCF15D0F55D8B9422BD8A3F103
:1074F000610CBCF1190F46D8203B4EEA080EDBB2F6
:107500005FFA8EFE05E0A24231D0B9421BD80020BE
:107510005F2301F1010C294401348B755FFA8CF370
:10752000062B98BF2B751946B442C3D3AB7D202BD5
:1075300010D090B11EEA090F18BF4FF0020E85F867
:1075400015E0BDE8F8830A2F01D0A24218D2AB7D26
:10755000202B02D10020BDE8F8832B7D2B44012095
:107560007E21312268759975DA75BDE8F883541C5F
:107570000A2708214FF01008D6E72D2BB5D0C4E715
:1075800014460020D0E7A3F1410CBCF1190F98BFBD
:1075900049EA0809BDE703F0C003802BB5D10134E7
:1075A0000020C1E7F146C1E72DE9F04FDFF8B0B0A8
:1075B00091F8148083B00F4604464FF0620900250D
:1075C0004FF07E0A01F11606DBF800300193019BB3
:1075D000B8F1030F2B4428BF4FF003089DB208F108
:1075E0000403DBB205F00F02F918013B092ADBB2F4
:1075F00094BF3032373298458A754FEA1515F1D16C
:1076000007EB0803002183F816A02046FFF784FB50
:1076100001212046FFF75AFA03460B22304619464D
:1076200093B193F800C0BCF1000F14D0DB7A1B07B4
:10763000EED40CF065FB0028EAD109F1FF3919F00E
:10764000FF09C1D1484603E06078B0FA80F04009F4
:1076500003B0BDE8F08F012003B0BDE8F08F00BF9C
:107660005C1FFF1F2DE9F04F2DED028B0E468BB0F6
:10767000896803933378059113F0700F029052D00C
:10768000029B1B78002B4ED113699246974A0C330C
:10769000A2FB0323C3F387029AF8153006929807DA
:1076A0004FF0000318BF571C194630461C4607937D
:1076B00014BFFFB20127FFF72FFB0AF1160308EEF4
:1076C000103AA346A146A0460494756900213046AD
:1076D000C5F34F15FFF7FAF910B30378E52B28D05F
:1076E0003BB3BC4238BF00242E2B2CD0C27A0F2AC9
:1076F0002CD012F0080226D1B9F1000F40F0D3804F
:1077000018EE101A0B220CF0FBFA0028DDD19AF8C3
:10771000153013F0010300F0DD8001230493D4E75A
:107720007378002B3CD000200BB0BDEC028BBDE881
:10773000F08F002C08BFA846BC423CBF0134E4B225
:1077400073B3E52BD0D14FF00009BEE7B9F1000FBC
:1077500019D1069A03F01F0B5A45B6D113F0400910
:10776000B3D0437B07939146BBF1010FADD1691CA8
:107770004B4689B252463046FFF786FD002808BFC7
:107780004FF00009A1E70BF1FF3B5FFA8BFB5B4574
:10779000D9D1437B079A9342E6D04FF0000994E792
:1077A000039B9A05BFD503F00303013B012BBAD815
:1077B000002C08BFA846BC4203D31CE0DCB2A742A1
:1077C00019D000213046FFF781F9631C0028F5D15C
:1077D0007378002BA7D1BC420DD2059D05E02B7913
:1077E00004EB0314E4B2A74205D93046FEF722FEAB
:1077F0000028F4D197E7049B002B4DD17B1EDBB210
:1078000008EB0305ADB25246294630460493FFF714
:1078100099FD002887D069013046FFF77DFA0028DE
:1078200081D000213046FFF751F9044600283FF48B
:107830007AAF202200210CF00FFB0B220AF1160177
:10784000204605F0F9FC9AF81520049B02F0180276
:107850002273274A1768002F41D00DF123020DF142
:10786000260109A8B847BDF824202282BDF82620A9
:10787000E281049B9DF823206273059991F82820EA
:1078800042F0010281F8282000930298039B2A46C7
:107890003146FFF799FA47E751463046FFF784FE35
:1078A0000028ABD13FE7BBF1010F7FF43CAF00F103
:1078B0000A04194601E010F8011FD30143EA5203FC
:1078C00051FA83F3A042DAB2F5D1079B93427FF4D9
:1078D0002AAF4B46039A11053FF525AFD4E745F68D
:1078E0002122228222836282C7E700BF4FECC44E6E
:1078F000901DFF1FF0B508460978202983B0144673
:107900001E4603D110F8013F202BFBD020600378E6
:1079100033B32A4D002712E07F2B07F101073DD832
:107920003C2BD9B22CD8212925D92239C9B225FA24
:1079300001F1CA0721D42E2B0DD1037883B12F2B4F
:107940002FD0011D01AAFCF751FCB0B1019BB3F58A
:10795000803FE1D302372761A0600378002BEED18E
:107960002369013BFE2B08D83060204603B0BDE8F8
:10797000F040FFF775BD1F290ED8002003B0F0BD01
:107980005C29FAD004D97C29E5D1002003B0F0BDF0
:107990003E390129F1D9DEE72E2BCED0202BCCD0D9
:1079A000D9E72369013BFE2BE7D80346184613F8B5
:1079B000012B202AFAD02F2AF8D0D5E70121000583
:1079C000F0B583788BB0002201929A0724D5016A22
:1079D000054619B1806800F00BFEE8B10121284688
:1079E000FEF764FDC0B1421E00F10A0C002412F83B
:1079F000011FE30143EA540351FA83F39445DCB2D7
:107A0000F5D1E5270770AE6800232B70AB7006F147
:107A10002800FCF7B9FA10B900200BB0F0BD06F54C
:107A20000E70FCF7B1FA0028F6D0306803681B6AC4
:107A300098470028F0D0EB78002BEED0294601A81B
:107A4000FEF70CFF0028E7D0EB78002BE4D00126EE
:107A500021E001A8FFF73AF8731CF1B25FFA83FC4A
:107A60009EB20028D8D0C37A0F2BD5D1027802F06D
:107A70001F038B42D0D1437BA342CDD10770A968AD
:107A800091F8283043F0010381F8283053060DD4D3
:107A9000EB786345C0D3A988891B89B2490101A845
:107AA000FFF73AF900210028D3D1B5E7AC6804F11B
:107AB0002800FCF769FA0028AED004F50E70FCF738
:107AC00063FA0028A8D0206803681B6A9847A4E7D7
:107AD0002DE9F843DDF82090A2B105460C46984602
:107AE000571801E0BC420DD02B68204649465E6A1B
:107AF000C0472146024628460134B0470028F1D14C
:107B0000BDE8F8830120BDE8F88300BF486810B5E0
:107B10000C4630B10B894A8901339BB29A420B81E2
:107B200001D9206810BD036803495B6801229847AA
:107B300000232068238110BD6CCF04002DE9F04F95
:107B4000054687B0406A8846924600214FF400728D
:107B50000CF082F9286A28B103683B495B680C2263
:107B60009847286AEE696B6A03933368DFF8E4C0CC
:107B7000DF6AE96804904FEA5A124FF0000967453E
:107B8000ADF81620ADF8149001F101040AF1FF32AE
:107B900026D16AB301EB0A07DFF8BCA00AE0214650
:107BA000039A30460134D84700283ED0A7421ED061
:107BB00033680498D3F824B00028F0D0BDF814300E
:107BC000BDF8162001339BB29A42ADF81430E6D8C6
:107BD000036851465B6801229847ADF81490DEE7D0
:107BE00003AB00932146194B3046B847E8B1286AE9
:107BF00020B1036816495B68022298476B6AB8F1A6
:107C0000100F4FF0F8021A700CBF04200C20012353
:107C1000FF216A6AD15401339842FAD1E8696A6A4D
:107C20000368E9685B6A984718B9002007B0BDE8A7
:107C3000F08FAB68E869E9686A6A194403685B6AAF
:107C4000984707B0BDE8F08F781205000D7B030060
:107C50009C120500D17A03006CCF040070B5446A11
:107C60004FF4007605463246002120460CF0F4F829
:107C70007623EB22637090232270A37008222021C8
:107C8000E01C0CF0E9F8A4F80B6095F82B30637356
:107C90000222F823298D227463752B69E361AA6996
:107CA00022624AF65523E181A4F8FE3170BD00BF7F
:107CB00070B504464FF400720021406A0CF0CCF815
:107CC000656A2269216805F2BF10FCF7EDF9A36926
:107CD000226921681A4405F2C310013AFCF7E4F95D
:107CE00094F82A3085F8C231E06922690368C5F842
:107CF000C621A169626A5B6AC5F8CA114AF65521B4
:107D0000A5F8FE11BDE870400021184770B546691E
:107D100090F82BE0456A4FF4807304464360A6F563
:107D20008072B2FBFEF202F20110000AA060400075
:107D300000F1A10C9C450DD98033F21AB2FBFEF282
:107D400002F20111090A480000F1A10C6345F3D3C6
:107D5000A1606360A3EB0C0303F180012161A2F633
:107D6000F571B1F5704F4CD2213002FB0E0081331A
:107D7000B0F5803FE36034BF0423062384F82A3043
:107D80000123A06123852046FFF792FF08B9002058
:107D900070BD2046FFF762FFA1681F4BE9824FF4D8
:107DA0000072A5F811202921802285F8242085F869
:107DB00026100B22C5F82730202105F12B000CF0EE
:107DC0004BF84622412385F8362085F83730542178
:107DD0003122362385F8381085F8392085F83A3075
:107DE000E069626A036821695B6A98470028CED01F
:107DF0006268E36820461021BDE87040D21AFFF7A0
:107E00009DBE206A0028C2D0036804495B68132223
:107E10009847002070BD00BF87D61200D812050019
:107E2000F8B5466990F82BC0456A4FF400530361DA
:107E3000A6F58041B1FBFCF101F181034FF48042D2
:107E4000DB0942F2090E0446426083600EEB4300F8
:107E5000904240F2BB8002F50052B11AB1FBFCF136
:107E600001F18103DB090EEB430082424FEA430735
:107E7000F1D3A36062604FF6F473994240F29B80A5
:107E800001FB0C2CA2F50052D21B92B202F500535A
:107E900022854F4AE360ACF50053944594BF4FF000
:107EA0000B0C4FF00C0CA36184F82AC02046FFF79E
:107EB000FFFE08B90020F8BD2046FFF7CFFEA168FD
:107EC000444A454B696202202A6380212922E862E4
:107ED00085F8401085F8422020210B22C5F8433058
:107EE00005F147000BF0B8FF4622412385F85220E8
:107EF00085F8533054213322322385F8541085F805
:107F0000552085F85630E069626A036821695B6A2A
:107F100098470028CED0E06921690368626A5B6AED
:107F2000063198470028C5D04FF400720021606ADE
:107F30000BF092FFE069294BC5F8FC312169036819
:107F4000626A5B6A023198470028B3D0E069216910
:107F50000368626A5B6A083198470028AAD0204A01
:107F6000E0692A6002F1FF5202F500524FF0FF3340
:107F70002032C5F8E421C5F8E831C5F8EC312169B3
:107F80000368626A5B6A01319847002892D0E06911
:107F900021690368626A5B6A07319847002889D0C3
:107FA000A26894F82B30204603EB42022021BDE862
:107FB000F840FFF7C3BD206A00283FF47BAF036899
:107FC00008495B68132298470020F8BD5F0052E71C
:107FD0000004FB000100060087D61200000055AA2D
:107FE00052526141D812050038B504460868C56987
:107FF0002362E16162620846A84700F2FF73DB0A70
:10800000062B6061236024D9102B13D80223B0F50E
:10801000800F84F82B3020462ED2FFF777FE0546DE
:10802000206A05B320B1036819495B680D2298479F
:10803000284638BD202B23D9402B23D9802B23D988
:10804000B3F5806F22D9B3F5004F8CBF8023402356
:10805000DDE7206A20B103680E495B681422984767
:108060000025284638BD0028FAD003680A495B6815
:108070000F229847284638BDFFF7D2FE0546CFE7C6
:108080000423C4E70823C2E71023C0E72023BEE788
:1080900004130500EC12050014130500042A04D88B
:1080A00001EB4202B2F8010070470A2A03D801EB43
:1080B0004202908870470C2A9ABF01EB4201C8889F
:1080C00000207047F8B504780D467CB114F06004C8
:1080D000164607D0012A09D92F2200230A704B70B7
:1080E0000120F8BD2146FEF7E1F910B90020287003
:1080F000F8BD0346A446082711E0027B174203D0CF
:108100000EF1200E5FFA8EFE611CB142EED20CF130
:10811000010CBCF10C0F05F804E0CCB210D0BCF19E
:10812000080F11D013F801EBAEF14102192AE4D97E
:10813000BEF1200FE8D10CF1010CBCF10C0FEED117
:1081400000232B552046F8BD1A78202AF8D0102796
:108150004FF02E0ED8E700BF2DE9F04F8BB003781B
:10816000002488460194002B55D0C3780646002B86
:1081700057D0014601A89146FEF770FB00284AD06F
:10818000F078002843D009F1FF39C144C3464FF0CD
:10819000010AB188A1EB0A0189B2490101A8FEF7E1
:1081A000BBFDC0B3002101A8FEF790FC98B3C27AD2
:1081B0000F2A30D102785FFA8AF102F01F028A4258
:1081C00029D1471C0025042DEAB23ED838886CBB63
:1081D00000F5205292B2B2F5006F3DD3A0B15946DE
:1081E0004A46FBF7B1FF8346A8B1002401350D2DA7
:1081F00007F10207E7D10AF1010AF1785FFA8AF282
:1082000091421FFA8AFAC4D2ABEB0800D846002389
:1082100088F8003002E0002088F800000BB0BDE8CC
:10822000F08FFFF74FFF0BB0BDE8F08F00F5105255
:1082300092B2B2F5806FEED20A4BC0F3090003EAA6
:108240008424204300F58030C9E70A2A94BFB7F898
:108250000300B7F80500BAE7B2F5806FDBD2044639
:10826000C4E700BF00FC0F00FFF776BF2DE9F8431D
:10827000DDE90898BBB105460C4616465F1802E0DA
:10828000C847BC420FD02B6821461B69324628469E
:10829000984703464246204631460134002BEFD131
:1082A0001846BDE8F88301231846BDE8F88300BFEF
:1082B00010B41468B4F5807FA44628BF4FF4807CC6
:1082C00001EB4C00814207D231F8023B13B95368ED
:1082D000013353608842F7D8A4EB0C0414605DF8B6
:1082E000044B704710B41468802CA44628BF4FF08C
:1082F000800C01EB8C00814207D251F8043B13B98A
:108300005368013353608842F7D8A4EB0C0414601F
:108310005DF8044B704700BF2DE9F843C379202B6B
:1083200004460D46174653D0102B2AD00C2B4BD1A8
:10833000027A8369C1F34E0111FA85F1A2F10202BA
:108340008EB2B2FA82F2C1F3462101EB0308520960
:1083500000F50E79520041464846FBF741FE98B3BE
:10836000C6F30806731CB3F5007F865D1ED0184463
:108370000378EA0746EA03234CBF1B09C3F30B0348
:108380003AE0027A8369A2F10202B2FA82F2C1F300
:10839000072152095200194400F50E70FBF720FE28
:1083A00090B16D0005F4FF75435B25E0227AA2F1E0
:1083B0000202B2FA82F2520908F101014846520063
:1083C000FBF70EFE0028D3D14FF0FF30BDE8F88355
:1083D000027A8169A2F10202B2FA82F252095200D3
:1083E00001EBD51100F50E70FBF7FAFD0028EBD07C
:1083F000AD0005F4FE754359E2699A4226BF3B6021
:1084000001200020BDE8F8832DE9F843C379202B33
:1084100005460C46164648D0102B2DD00C2B41D1CA
:10842000C1F34E01836911FA84F11FFA81F8C1F397
:108430004621CF18037A00F50E79022B14BF0122D2
:10844000032239464846FBF7CBFD58B314F001042C
:10845000C8F308033FD0C25C02F00F0242EA0612E2
:10846000C2540133B3F5007F3AD0C6F30712184463
:1084700002700120BDE8F883027A8369022AC1F301
:108480000721194400F50E7014BF01220322FBF7E7
:10849000A7FD034630B1640004F4FF7401201E53AD
:1084A000BDE8F8830020BDE8F883037A8169022BD8
:1084B00014BF0122032201EBD41100F50E70FBF76B
:1084C0008FFD03460028EDD0A40004F4FE740120C3
:1084D0001E51BDE8F883C6540133B3F5007F14D1B3
:1084E0002B7A022B14BF01220322791C4846FBF78A
:1084F00077FD0028D6D0C6F30712002CB8D1037838
:1085000023F00F0343EA1212B2E7C6F3071218442E
:10851000F5E700BF2DE9F041C4688C4282B0054602
:108520000E4690462EBF01270C460027EB6901340A
:10853000A34201AA284605D29FBBEC6801273C4410
:10854000A3422ED3A64221462BD0012C29D9FFF7D6
:10855000E3FE002825DBE9D0019B002BE6D107B123
:10856000EC60EB69A3421CD36FF0704221462846B1
:10857000FFF74AFF0746A0B13EB96B6A002B01DB4B
:10858000013B6B62C8F800400CE0012E09D0EB699A
:108590009E4206D8314622462846FFF735FF00287E
:1085A000EBD10027384602B0BDE8F08101290CD993
:1085B00010B4C4698C4203D35DF8044BFFF7ACBE22
:1085C0004FF0FF305DF8044B70474FF0FF307047BD
:1085D00001290BD910B4C4698C4203D35DF8044B54
:1085E000FFF712BF00205DF8044B70470020704772
:1085F00070B5054682B00C461DE0EB699C421FD861
:10860000FFF78AFE0646002E21464FF0000228465C
:1086100016DBEB699C4213D8FFF7F6FE80B16B6A5C
:10862000002BA4BF01336B62EB68621EA34288BFBC
:10863000EA60019C2EB1012C214601AA2846DCD813
:10864000002002B070BD00BF2DE9F0470646406A29
:10865000002884B01CDAF2790C2A1CD1F7697B1C43
:10866000022B98BF002013D902240025214602AA1C
:108670003046FFF751FE002804F1010306DB57D115
:10868000A7425CD0F26993421C46EFD94FF0FF300D
:1086900004B0BDE8F087F36996F838123469013305
:1086A0000020CDE90230CB0700F1848000214FF09B
:1086B000FF33202A86F83812C6F8443206F51277BE
:1086C00041D0D6F800804B4BD8F80020D6F818A03F
:1086D00095699D4277D1002C00F081800AEB040956
:1086E000136951463A46404698470028CED0029931
:1086F000B1F5807F8E4628BF4FF4807E07EB4E0C8D
:10870000BC450BD9039D3B46002233F8024B0CB904
:10871000013502469C45F8D802B103950AF1010AD9
:10872000A1EB0E01D145029159D0D8F80020D7E72E
:10873000029A002AA4D1A74205F10105A2D1284638
:1087400004B0BDE8F087D6F800A02A4BDAF8002084
:10875000D6F8189095699D4246D1002C3FD009EB80
:108760000408136949463A465046984700288DD078
:10877000DDF808C0BCF1800FE64628BF4FF0800E40
:1087800007EB8E02BA420BD9039D3B46002153F8FA
:10879000044B0CB9013501469A42F8D801B1039552
:1087A00009F10109ACEB0E03C845029317D0DAF8C2
:1087B0000020D6E706F50E70FBF7E6FB00283FF435
:1087C00065AFF27972E723460B4C3A465146404674
:1087D000009402AC0194A84700283FF457AF0398D7
:1087E000706204B0BDE8F08723463A46034C494620
:1087F0005046EDE76D820300B1820300E58203007D
:1088000070B504460023012015464FF0FF32216069
:10881000E371E06004F12806E162C4F83C1284F8D8
:10882000283084F838326263C4F84422CDB1042D74
:1088300001D9002070BD19461A463046FBF7D0FB1F
:1088400005F18055013D00F5DF73290103EB0515A6
:108850000028EED02A79002AEBD05B5C5B06E8D1D9
:10886000AD68002229463046FBF7BAFB0028E0D06D
:10887000B0F80B30B3F5007FDBD1037C2372013BF2
:10888000012BD6D8467B2671731E0022012E637100
:10889000A2710ED0012213465B00DBB29E4202F1B0
:1088A000010105D0CAB2092AF6D10823A371C0E795
:1088B000A271C68A26610EB9466A2661C189B0F8DE
:1088C000113063812944A16190F810C05B0106FB5F
:1088D0000C1103F2FF1301EB53232162B0F81310C4
:1088E000636101B9016AED1A6B18D3405A1CE26149
:1088F0004FF0FF32626240F6F47293420CD94FF6A9
:10890000F47293420AD9C36A23622023E371266377
:10891000C4F84062012070BD0C23F7E71023F5E78F
:10892000F8B58F6B00260D4604468663C6639FB17B
:108930000146242000F0C8F806808670AD6BA06365
:1089400084460FCDACE80F000FCDACE80F002B68CC
:10895000CCF800302046F8BDCB6B002BFAD0014696
:10896000382000F0B1F880F831704786E96BE06399
:10897000342204F061FC2046F8BD00BF10B5044667
:10898000806B10B1FDF7A2FD30B9E06B10B1FBF7C1
:10899000F1FC20B9002010BD0023A36310BD00230B
:1089A000E36310BD002952D02DE9F0410446806BED
:1089B00017461E460D4610B1FDF788FDA0BBE06BC3
:1089C00010B1FBF7D7FCB8BBD5F88084B8F1000F25
:1089D00011D02146242000F077F833460026068087
:1089E0008670D5F88014A0633A46FDF72FFF58BB78
:1089F000A063BDE8F081D5F8843493B121463820D6
:108A000000F062F880F83180A0F83280D5F8841444
:108A1000E06333463A46FCF7D1F8A8B9E063BDE815
:108A2000F0810020BDE8F081D5F880840023A363A5
:108A3000B8F1000FCDD1DEE7D5F880840023E363E1
:108A4000B8F1000FC5D1D6E70120BDE8F0810020C4
:108A5000704700BFF8B50446806B0D46164610B14E
:108A6000FDF734FD38BBE06B10B1FBF783FC38BB7E
:108A7000AF6B77B12146242000F026F80021018059
:108A80008170A063A96B3246FEF70EFA88B9A06325
:108A9000F8BDE86B0028FBD02146382000F014F820
:108AA00080F831704786E063E96B3246FCF78EF858
:108AB00020B10120F8BD0023A363D9E7E063F8BD2E
:108AC0000023E363D4E700BF084670472DE9F04177
:108AD00000260446C0F88814C0F8806401464FF4AC
:108AE000906098461746FFF7EFFF80F8446480F8DF
:108AF0007964A0F87A64D4F88814C4F884044246EF
:108B00000546FDF7A7FB98BB00262146C4F8846400
:108B100040F26C40FFF7D8FF0223C671A0F848640A
:108B200080F84A640372D4F88814C4F8800442467A
:108B30000546FFF765FE30B9194B00201860C4F8F0
:108B40008004BDE8F08105F589663046FDF7BEFC7E
:108B500029463046FDF7B0FE0028EDD0114B1A68CB
:108B6000AAB91D600E4BAFB11C600120BDE8F081B9
:108B700005F589663046FBF7FDFB29463046FBF7D5
:108B800027FC0028C0D0084B1A68002AE9D0044B03
:108B9000002FE9D11A68002AE6D00120BDE8F08153
:108BA000A01DFF1F9C1DFF1F981DFF1F70B50446D1
:108BB000002060602073A064E0642046044D4FF400
:108BC0007A76A66040F8105BFFF7ECFE204670BD99
:108BD0001C0F0500002070470020704700207047E0
:108BE000704700BF054B064900229A63186B086066
:108BF0000448096819630270704700BF00100B40F9
:108C0000E81DFF1FE41DFF1F034B586A80F08070B2
:108C1000C0F30060704700BF00100B40014B187894
:108C2000704700BFE41DFF1F2B4B4FF47A7202FB0D
:108C300000F0984230B547D8284C082101239C46C3
:108C40005B001A01B4FBF2F2824201D90139F6D17C
:108C5000224AB2FBF3F282423AD94FEA0C2E1F4C61
:108C60004FEA430C012200E08C46B4FBFCF1814248
:108C7000154603EB0C0102F1010222D9102AF3D1AF
:108C80004EF0F0011648174A4FF47A7303FB0CFCC0
:108C9000124BB3FBFCF30360D36A23F00803D362E7
:108CA000D36A23F47F2323F47F630B4343F46023CD
:108CB000D362536A1B07FCD5D36A43F00803D3621F
:108CC00030BD4EEA0511DDE74FF0000E0123C6E787
:108CD0004FEA0C219C46D5E74FA9AB000095BA0A94
:108CE000A81DFF1F00100B40014B1878704700BFF4
:108CF000DC07FF1F014B1868704700BFE81DFF1F0E
:108D000008B508461022024904F096FA012008BD71
:108D1000B81DFF1F08B508461022024904F08CFA5E
:108D2000012008BDC81DFF1F024B1B680B600120FE
:108D3000704700BFD81DFF1F704700BF10B50C2142
:108D4000044604F0FDFB204610BD00BF044B1B7819
:108D500023B1044B18780230C0B27047012070472D
:108D6000AC1DFF1FB41DFF1F184B1A7812F0C00274
:108D70000FD0402A01D000207047587ADA79197A4A
:108D8000013002F03F0300EB034000EB01208002C2
:108D900070475A7A93F806C0D879597910B502F01D
:108DA00003029C7A93F808E00CF0030C5300800057
:108DB00043EAD41340EA8C2001F00F0240EA9E10EF
:108DC0001344073B0130984010BD00BFC81DFF1F72
:108DD0002DE9F04104F0FAFC174E184DDFF87480CD
:108DE000074604E004F0F2FCC01B40451BD8346B7E
:108DF0002C40F7D0124A134B00211170326B1A60CD
:108E00001A6832631A68104B1A4209D00F49104B86
:108E10001F2040F27A2208701A600020BDE8F0811D
:108E20000120BDE8F081064A064B1470326B1A60CF
:108E30001B683363EAE700BF00100B4002007F119C
:108E4000B51DFF1FE81DFF1F00007F11DC07FF1F7E
:108E5000B01DFF1F40420F002DE9F843264C237838
:108E60000E46002B37D1254B5A6AD2052AD5234D01
:108E7000DFF89480AB6A43F48033AB6204F0A6FC65
:108E8000074604E004F0A2FCC01B404529D86B6AE9
:108E900013F48069F6D0194806F13C0C06F50F76FC
:108EA000436A5B05FCD5ACF1400353F8042F026222
:108EB0009C45FAD10CF1400CB445F1D10120207051
:108EC000BDE8F8839A6A22F480329A629A6A42F480
:108ED00000329A62CBE7FFF77BFF0028C3D1BDE8E1
:108EE000F8830749074B21204FF47E7208701A60FF
:108EF0004846BDE8F88300BFB51DFF1F00100B40BA
:108F0000DC07FF1FB01DFF1F40420F002DE9F0419D
:108F10000746884604F05AFC174D184E044604E0F4
:108F200004F054FC031BB34222D86B6AD907F7D470
:108F3000C5F80880EF6004F049FC0F4D104E0F4F4C
:108F4000044604E004F042FC001BB84210D82B6B2E
:108F50003342F7D00B4B2A6B1A601A682A631A68DF
:108F6000D20705D51B6813F4702F01D1012000E052
:108F70000020BDE8F08100BF00100B4040420F0010
:108F800001000F00E81DFF1F10B5154B84B00C4603
:108F90001968FFF7BBFF08B3124B1A6900925969B1
:108FA000019199690291DB69039304F10F0E00238B
:108FB00001E05CF8102C03F0030C4FEACC0C0133F9
:108FC00022FA0CF223F0030C0CF110010F2B0EF817
:108FD000012D0DEB010CECD10023E37304B010BDA7
:108FE000DC1DFF1F00100B4008B5044B0448196836
:108FF000FFF78CFF08B1034B186908BDDC1DFF1F8C
:1090000000001A0D00100B4008B5074B07481968FF
:10901000FFF77CFF30B1064B186980F48070C0F315
:10902000002008BD012008BDDC1DFF1F00001A0D37
:1090300000100B402DE9F047DFF8C4A0274BCAF819
:109040000030894604F0C2FB254E264DDFF8B4807F
:10905000254F044606E004F0B9FB001BB84228D8AF
:1090600007F000F831682846FFF750FF0028F2D0DB
:10907000D8F81030DB05EED50023CAF80030D8F858
:1090800028301A4A1A4923F48033C8F82830137854
:10909000C8F80410CBB117484946FFF737FF30B97D
:1090A0001549164B0E2440F257420C701A60BDE869
:1090B000F087114A114B0A210020117040F24B42F7
:1090C000CAF800001A60BDE8F0874FEA492909484C
:1090D0004946FFF71BFF0028E9D1E1E709900300AB
:1090E000DC1DFF1F00001A0D40420F00B41DFF1FC2
:1090F0000002FFFF22003A19DC07FF1FB01DFF1F0F
:10910000E01DFF1F00100B402DE9F041254C2648C3
:10911000A36A23F480330021A362FFF7F7FE05461C
:1091200048B92249224B092040F23D2208701A60BA
:109130002846BDE8F081DFF884801E4BC8F8003077
:1091400004F044FB636A0646D80118D41A4F04E0C1
:1091500006F088FF636AD90111D404F037FB831B42
:10916000BB42F5D9114A124B0A21002511704FF468
:109170001072C8F800501A602846BDE8F081094B0B
:109180000022C8F800205A6A9207D1D5586B9A6A13
:10919000D96A22F4803241F08061D96258639A62C0
:1091A000C6E700BF00100B400000DB0CDC07FF1F10
:1091B000B01DFF1F098C030040420F00E01DFF1F80
:1091C00070B5017A11F0010105D0214B1B6853B332
:1091D000BDE8704018471F4B1C78E4B11E4D1F4A74
:1091E0002E6B3240002A2FD06A68120C1204C2B9CA
:1091F00041721970AB6A1A4823F48033AB62FFF7EF
:1092000085FE08BB1749184B092040F2D33208707D
:109210001A60214605E0104B596A81F08071C1F354
:109220000061084670BD114B19780029F9D0104B28
:1092300010481968FFF76AFE30B1074B196981F4CD
:109240008071C1F30021ECE70121084670BD00BF29
:10925000E01DFF1FB51DFF1F00100B4002007F1116
:109260000000DB0CDC07FF1FB01DFF1FA41DFF1F4C
:10927000DC1DFF1F00001A0D2DE9F04782468946CC
:1092800004F0A4FA354E364DDFF80081354F044620
:1092900004E004F09BFA031BBB4227D83168284640
:1092A000FFF734FE0028F4D0D8F81030DA05F0D5F6
:1092B0002D4D2E4E2E4A01232B7000202D4B306059
:1092C0005146C8F800902C48C8F80420C8F8383037
:1092D000FFF71CFE0446A0B92849294B042040F2A0
:1092E0009F1208701A602046BDE8F0872349244B7E
:1092F0000A204FF4CC7208701A6000242046BDE8A2
:10930000F087DFF88C901F4BC9F8003004F05EFA4C
:109310002B780746BBB1DFF84C8003E006F0A2FED5
:109320002B7883B104F052FAC31B4345F6D90023CE
:10933000C9F800301149124B25204FF4D172087042
:109340001A600024DAE7336800229B07C9F800207E
:10935000F0D532680C4B1A42D0D0EBE7DC1DFF1F72
:1093600000001A0D40420F00E41DFF1FE81DFF1F03
:109370004000010002007F1111003A06DC07FF1FC8
:10938000B01DFF1F1D8C030000007F1100100B405B
:10939000E01DFF1F2DE9F041324CA37A13F040008D
:1093A000154612D1E27A03F03F035B006C1C43EADE
:1093B000D2130C43234208D02B492C4B272440F2D4
:1093C00002320C701A60BDE8F081294B1B780BB992
:1093D00049026D022748FFF799FD40B92249234B06
:1093E0000F2440F20A320C701A60BDE8F081224866
:1093F0002946FFF78BFD40B91B491C4B102440F256
:109400000D320C701A60BDE8F0811C480021FFF796
:109410007DFD38B91449154B11244FF444720C707A
:109420001A60E2E704F0D2F9154E164DDFF85C80C1
:10943000154F044631682846FFF768FD18B1D8F883
:109440001030DB05D1D404F0C1F9001BB842F1D9CA
:109450000549064B282040F2133208701A6000209C
:10946000C3E700BFC81DFF1FDC07FF1FB01DFF1FA4
:10947000B41DFF1F00001A2000001A2100001B2647
:10948000DC1DFF1F00001A0D40420F0000100B40B2
:109490002DE9F04F83B00190900701D11D465BB9D3
:1094A0003E493F4B252040F2F51208701A60002417
:1094B000204603B0BDE8F08F14463A4A3A4B136099
:1094C0000E4604F083F9DFF8FC90DFF8FC80DFF84B
:1094D000FCB0DFF8FCA0074606E004F077F9C01BFB
:1094E00050452BD806F0BEFDD9F800104046FFF7D6
:1094F0000DFD0028F1D0DBF81030DA05EDD5294953
:109500002A4F2B482D0400220A6045F40073294994
:10951000294D4FF0010C87F800C02A60CBF80040BD
:10952000CBF804300B78CBF8380093B10198314672
:10953000FFF7ECFC044670B90024B9E7174A184B52
:1095400018480A21002411704FF4FC7204601A605C
:10955000AEE77602EAE7134A184B136004F036F9D7
:109560003B7806467BB1DFF8688003E006F07AFDC1
:109570003B7843B104F02AF9801B4045F6D9094BEA
:1095800000241C6094E72B68064900229B070A60B0
:10959000D2D52A680A4B1A428AD0CDE7DC07FF1FD2
:1095A000B01DFF1FE01DFF1F09900300E41DFF1FFA
:1095B00002007F11B41DFF1FE81DFF1F1D8C03005B
:1095C00000007F11DC1DFF1F00001A0D00100B4072
:1095D00040420F00F8B50646007AC0070C46154613
:1095E0001F4613D483B10F4401E0BC420CD0336852
:1095F0002A4621461B6930469847013405F5007517
:109600000028F2D10020F8BD0120F8BD900712D04B
:10961000002BF9D00F4401E0BC42F5D033682A4654
:1096200021461B6930469847013405F5007500282E
:10963000F2D10020E7E70648FFF72AFF0028E3D130
:109640000449054B0C2440F2A1320C701A60F8BD9D
:1096500037003A12DC07FF1FB01DFF1FF8B50646A2
:10966000007AC0070C4615461F4613D483B10F4439
:1096700001E0BC420CD033682A4621465B6A304682
:109680009847013405F500750028F2D10020F8BD97
:109690000120F8BD900712D0002BF9D00F4401E053
:1096A000BC42F5D033682A4621465B6A304698476B
:1096B000013405F500750028F2D10020E7E70648DF
:1096C000FFF7E6FE0028E3D10449054B0E2440F2E3
:1096D0003D420C701A60F8BD27003A19DC07FF1FE5
:1096E000B01DFF1F2DE9F04FA24C01720023A249CB
:1096F000DFF8DC82A14FA24E4372237088F800305D
:109700003B703370D1F800389E4A9F4D43F0406360
:10971000C1F80038136B43F4003313639B4B40F2E2
:1097200003121A605A609A60DA601A615A61EB6A31
:1097300043F0807343F4004391B0EB62EB6AD901CC
:10974000FCD44FF4C870FFF76FFA904B904940F289
:1097500043424FF488601A605A609860DA60512082
:109760001A615A6169638B4903F01AFF8A4A4FF004
:10977000E023602182F851104FF40032C3F8082131
:10978000EB6A43F00063EB627F4BD96A11F0006132
:10979000FBD10846FFF7BAFB054648B97F4B0121CC
:1097A00040F28E2221701A60284611B0BDE8F08F79
:1097B000DFF8209203254FF4D5714846FFF7A6FB4A
:1097C000002846D1013DF6D13278754B002A14BFEE
:1097D0009A464FF4401A03F0F9FF724EDFF8F8B1E1
:1097E000DFF8F891054600213046FFF78FFB50B9AE
:1097F0006A4B002517214FF42A72284621701A60FF
:1098000011B0BDE8F08F51465846FFF77FFB0028A6
:10981000EED003F0DBFF401B48455B4BE8D81A69EC
:10982000002AE0DA604A196911601B695F485A0032
:1098300048BF01234FF0000148BF3B70FFF766FBB4
:109840000546C0B9554B022140F2B12221701A6081
:10985000AAE74D4B1B69B3F5D57F07D04F4B0621C7
:109860004FF4257221701A6000259DE70123DFF86F
:1098700030A13370AFE74E480021FFF747FB0546A4
:1098800030B9464B03214FF42D7221701A608BE7DB
:109890003D4E484F3369484948481B0C1B043B6008
:1098A000FFF772FB054630B93C4B072140F2B92265
:1098B00021701A6078E742494248FFF765FB054688
:1098C00030B9364B08214FF42F7221701A606BE7C4
:1098D00039683D48FFF71AFB054630B92F4B052183
:1098E00040F2BF2221701A605EE739682D48FFF709
:1098F0000DFB38B9294B142140F2C32221701A60A4
:10990000002551E731480221FFF700FB05460028FA
:10991000F0D0B36A23F00603B362B36A43F00203E4
:10992000B3624FF01013736469466FF07F40FFF726
:10993000A3FC18B19DF80D309B0751D446F2A81036
:10994000124C40F2031323606360A360E360236161
:109950006361FFF769F940F243434FF48862236083
:109960006360A2600122E3602361636188F80020E4
:109970001AE700BFDC07FF1F00D00040B41DFF1F27
:10998000AC1DFF1F0080044000100B4000D00440BD
:109990000B007F11E58B030000E400E0B01DFF1F0A
:1099A0000000304000001A37D81DFF1F00000902D8
:1099B00000001A03DC1DFF1FC81DFF1F000009095E
:1099C000B81DFF1F0000090A00001B0700001A064F
:1099D000A41DFF1F00001A080000022940420F00CA
:1099E0000A4E0B4894F8009037686946FFF744FC2C
:1099F0009DF8103018B103F00F03012B03D084F849
:109A0000009037609AE74CF2503099E7B01DFF1F85
:109A1000F1FFFF80374B5A6A92052DE9F0410E465F
:109A20000DD49A6A22F480329A6272B69A6A42F42B
:109A300000329A629A6A42F480329A6262B603F005
:109A4000C5FE2C4FDFF8C480054604E003F0BEFEDF
:109A5000431B434537D87C6A14F40064F6D025488C
:109A600006F13C0C06F50F76436A1B05FCD5ACF1FC
:109A70004003026A43F8042F9C45FAD10CF1400CD4
:109A80006645F1D103F0A2FE1A4F1B4DDFF87C8032
:109A9000064604E003F09AFE831B43451DD83C6B49
:109AA0002C40F7D0154A3B6B136013683B63136877
:109AB00013F002031BD01268114B1A420CBF012095
:109AC0000020BDE8F0810F490F4B1A2040F25632BA
:109AD00008701A602046BDE8F0810A490A4B1D2033
:109AE00040F2613208701A602046BDE8F0811846E5
:109AF000BDE8F08100100B4002007F11E81DFF1F40
:109B000000007F11DC07FF1FB01DFF1F40420F0048
:109B10002DE9F047DFF8C4A0274BCAF8003089468A
:109B200003F054FE254E264DDFF8B480254F044641
:109B300006E003F04BFE001BB84228D806F092FA6C
:109B400031682846FFF7E2F90028F2D0D8F8103043
:109B5000DB05EED50023CAF80030D8F828301A4AC1
:109B60001A4943F48033C8F828301378C8F8041031
:109B7000CBB117484946FFF7C9F930B91549164B1B
:109B80000C2440F2BD320C701A60BDE8F087114A17
:109B9000114B0A210020117040F2B132CAF80000C6
:109BA0001A60BDE8F0874FEA492909484946FFF79E
:109BB000ADF90028E9D1E1E709900300DC1DFF1FA2
:109BC00000001A0D40420F00B41DFF1F0002FFFFEE
:109BD00032003A12DC07FF1FB01DFF1FE01DFF1F00
:109BE00000100B402DE9F04100221D4C4272A36A87
:109BF0001C4823F480330D46A3621146FFF786F913
:109C000040B91949194B092440F2D3320C701A603B
:109C1000BDE8F081002DFBD0154F164B3B6003F0E3
:109C2000D5FD636ADA01064616D4DFF84C8004E0FD
:109C300006F018FA636ADB010ED403F0C7FD801B3F
:109C40004045F5D9084A094B0A210020117040F21D
:109C5000D73238601A60DBE700233B602846D7E73D
:109C600000100B400000DB0CDC07FF1FB01DFF1FC6
:109C7000E01DFF1F098C030040420F000A4B1B78B8
:109C800010B504461BB9637A43B9012010BDFFF734
:109C90009FF80028FAD0637A002BF6D020460121E5
:109CA000BDE81040FFF79EBFB51DFF1F2DE9F04333
:109CB000047A14F00104ADF5017D0E4617461DD05F
:109CC000930713D1444801233A463146FFF7E0FB9E
:109CD000044630B94149424B0D2040F21142087010
:109CE0001A6020460DF5017DBDE8F08311466846F7
:109CF0004FF4007203F0A0FA6F46E3E7DFF8E88064
:109D000098F8003005461BB1FFF762F80028E8D04C
:109D1000344B5B681B0C1B04002B36D12B68DFF81F
:109D2000CC901B6A4B4551D198F800300BBB6B7A35
:109D30002BBB98F80020002A35D1002B3FD12B688F
:109D400031461B6E284698470028CAD002236E6011
:109D50006B722B683946DB6D284698470028C0D0C7
:109D60006B680446013320466B600DF5017DBDE84C
:109D7000F083FFF72DF80028B3D06B7A53B101219F
:109D80002846FFF72FFF0028ABD06B7A022B12D0AA
:109D9000DFF858902A68126A4A45CAD02846904788
:109DA00000289ED0CBE7FFF713F8002899D06B7AF4
:109DB000002BC4D003E06A68B242E9D1C9E70121AF
:109DC0002846FFF70FFF00288BD0B8E728469847B2
:109DD000002886D0D9E700BF01003A18DC07FF1F32
:109DE000B01DFF1F00100B40B51DFF1F7D9C030021
:109DF0002DE9F0410446007A10F00105ADF5007D33
:109E0000164613D0930750D0444801236A46FFF703
:109E10003FFB00284ED04FF400726946304603F0F5
:109E20000BFA28460DF5007DBDE8F081DFF80081D2
:109E300098F800300F46002B49D1637A012B4DD0A2
:109E400022683749126A8A425ED198F80020002AB7
:109E500048D1002B4DD139462046FFF759FE88B333
:109E600001236760637231462046FFF7D3FD064643
:109E700040B32C4B5B681B0C1B048BB92368284A2E
:109E80001B6A934245D198F8003013B1FEF7A0FF4A
:109E9000C0B1637A23B101212046FFF7A3FE88B148
:109EA00063680133354663600CE01C480123FFF70B
:109EB000EFFA38B91C491D4B0B204FF45D72087046
:109EC0001A60002528460DF5007DBDE8F081FEF7FB
:109ED0007FFF0028F6D0637A012BB1D16268BA42C5
:109EE000AED1C0E7FEF774FF0028EBD0637A002BF9
:109EF000B1D001212046FFF775FE0028ABD12846DE
:109F00000DF5007DBDE8F081204690470028F6D091
:109F1000A1E7204698470028D4D0C1E711003A11A4
:109F20007D9C030000100B40DC07FF1FB01DFF1FCE
:109F3000B51DFF1F4FF0FF30704700BF407B7047DB
:109F4000007C7047407C704701207047007E70475E
:109F5000704700BF043000F0F7BF00BF10B51C21F0
:109F6000044603F0EDFA204610BD00BF2DE9F04194
:109F7000C37B012B35D0867B04464EB1043000F004
:109F8000E7FFB0F1FF0518BF01252846BDE8F081C5
:109F9000071D384600F044FF207B314600F03EFFAD
:109FA0004FF00108FF21384600F0F2FF84F80E80E0
:109FB000384600F0CDFFA37BB0F1FF0518BF0125A7
:109FC000002BE2D0207B414600F028FFFF213846DD
:109FD00000F0DEFF384600F097FFA6732846BDE884
:109FE000F08100252846BDE8F08100BF2DE9F04151
:109FF000264F82B03B680193019D05F5167580469A
:10A00000ADB2061D05E03B680093009BEB1A1B04F4
:10A0100013D4304600F09CFFFF280446F3D1FD2105
:10A02000304600F0B5FF98F80E30FBB9002388F8F1
:10A030000F30012002B0BDE8F08198F80E001E2319
:10A0400088F80D300028F5D098F80C00012100F0B8
:10A05000E5FEFF21304600F09BFF304600F054FF44
:10A06000002088F80E0002B0BDE8F08198F80C00DE
:10A07000012100F0D3FE2146304600F089FF304632
:10A0800000F042FF002388F80E30CFE75C1FFF1F6F
:10A090002DE9F043234F83B03B680093009D05F505
:10A0A0009675044688469146ADB2061D05E03B68AC
:10A0B0000193019BEB1A1B040ED4304600F048FFBD
:10A0C000FF282074F3D0FE281BD01823A07B6373D5
:10A0D00038B903B0BDE8F083A07B1D23637300286B
:10A0E000F7D0207B012100F099FEFF21304600F0DF
:10A0F0004FFF304600F008FF0020A07303B0BDE81A
:10A10000F0834A464146304600F030FF207438B9AB
:10A11000304600F01DFF304600F01AFF0120D8E75E
:10A120002523D3E75C1FFF1FF0B5002783B0C7735B
:10A130003A460C21044600F059F8A67BA8B91EB98E
:10A140000126304603B0F0BD05460121207B00F01A
:10A1500065FE201DFF21019000F01AFF019800F01C
:10A16000D3FE3046A57303B0F0BD09236373002E00
:10A17000E7D0207B251D012100F050FEFF2128465D
:10A1800000F006FF284600F0BFFE3E463046A773AB
:10A1900003B0F0BDC27B022A03D0012A04D0012003
:10A1A000704703685B6E1847FFF7BEBF38B503689A
:10A1B0000D461A6A0C498A4204460CD1C27B022A17
:10A1C00004D0012A0BD02576012038BD5B6E98475C
:10A1D0000028F8D138BD90470028FBD0F3E7FFF7FF
:10A1E000A3FF0028F6D0EEE795A103002DE9F0418A
:10A1F000036884B00F46019236491A6A8A420646BD
:10A2000062D1C27B022A45D0012A5FD0B47B002CE8
:10A210004BD0351D0C2F15D0DFF8BC80D8F800309E
:10A220000393039C04F59674A4B206E0D8F80030BA
:10A230000293029BE31A1B0434D4284600F088FEE4
:10A24000FF28F3D147F04001284600F0A1FE0DF1B0
:10A25000040802AC14F8011D284600F099FEA04540
:10A26000F8D1002F0CBF95218721284600F090FEE1
:10A27000284600F06DFE0A24284600F069FE013CE5
:10A2800010F0800F3074A4B201D0002CF4D104B0CF
:10A29000BDE8F0815B6E98470028B7D1FF2004B07D
:10A2A000BDE8F081002FCDD0F8E7351D284600F03D
:10A2B000B7FD307B214600F0B1FDFF21284600F0BC
:10A2C00067FE0123B373A5E79047E5E7FFF72CFF8F
:10A2D000E2E700BF95A103005C1FFF1F2DE9F047D7
:10A2E00088B001AC84E80E00054600269DF8040005
:10A2F0002873AE736E736E74904600F08BFD287BEE
:10A30000012100F08BFD754AAA6094E8070005ABB7
:10A3100083E807002F1D0ECB384600F0C9FDAC7B4B
:10A32000EE73002C67D0287B012100F077FD0A2412
:10A33000FF21384600F02CFE611E11F0FF04F7D11A
:10A340002146287B00F06AFD0A2400221146284697
:10A35000FFF74CFF0128064604F1FF330AD013F043
:10A36000FF04F2D10123A87B6B73002851D108B000
:10A37000BDE8F0874FF4D57208212846FFF736FF75
:10A38000420756D56E742B68DFF860A19B6D53456C
:10A3900073D1687CDFF85891D9F800300493049E9B
:10A3A000A0F10204B4FA84F4640906F5FA66A4077D
:10A3B000B6B206E0D9F800300593059BF31A1B04EA
:10A3C00059D4372100222846FFF710FF22462921C1
:10A3D0002846FFF70BFF0028ECD12B689B6D5345F7
:10A3E00075D1687C022859D0AB7B002B48D13C4901
:10A3F0003C4800222FE0384600F012FD287B214621
:10A4000000F00CFDFF21384600F0C2FD0123AB73C4
:10A4100089E7287B012100F001FDFF21384600F08B
:10A42000B7FD384600F070FD0020A87308B0BDE805
:10A43000F08702236B740424384600F089FD631E04
:10A4400013F0FF042874F7D1AA289CD006238AE7CA
:10A450000132172A40D031F8023BB0FBF3F34345F9
:10A46000F6D8214B53F82230012043F06053AB6003
:10A4700008B0BDE8F087172375E72846984789E7B5
:10A48000287B012100F0CAFCFF21384600F080FD46
:10A49000384600F039FD0023AB73A8E700223A21CB
:10A4A0002846FFF7A3FEA8B9384600F051FD00F09A
:10A4B000C000C02804BF03236B74384600F048FD79
:10A4C000384600F045FD384600F042FD8CE728464E
:10A4D000984787E7122346E71622C2E7065001385D
:10A4E000041405000087930334140500459F0300FE
:10A4F0005C1FFF1FF8B500220D463A210646FFF704
:10A5000075FEE0B9371D2C1D384600F021FD04F81A
:10A51000010DA542F8D1B47B14B901242046F8BD41
:10A52000307B012100F07AFCFF21384600F030FD3D
:10A53000384600F0E9FC0023B3732046F8BDB47B35
:10A5400012237373002CE9D0341D307B012100F0FD
:10A5500065FCFF21204600F01BFD2046002400F092
:10A56000D3FCB4732046F8BD70B5164682B0002205
:10A570000446FFF73BFEA8B11B236373A07B08B919
:10A5800002B070BD207B251D012100F047FCFF219A
:10A59000284600F0FDFC284600F0B6FC0020A07321
:10A5A00002B070BD0546102231462046FFF770FD0F
:10A5B0000028E3D0A67B002EE2D0207B012100F012
:10A5C0002DFC201DFF21019000F0E2FC019800F01D
:10A5D0009BFC3046A57302B070BD00BF00B5036898
:10A5E000244ADB6C934285B00FD16A460921FFF7FC
:10A5F000BBFF38B19DF8003013F0C00308D0402BEA
:10A6000027D0002005B05DF804FB69469847F0E7C5
:10A610009DF809309DF80A209DF806109DF8070066
:10A620009DF808C003F003035B0043EAD2139DF8D2
:10A63000052001F00301800040EA812002F00F02B2
:10A6400040EA9C101344073B0130984005B05DF888
:10A6500004FB9DF809009DF807309DF8082003F0E1
:10A660003F03013000EB034000EB0220800205B005
:10A670005DF804FB0DAA030030B50368164D9B6D11
:10A68000AB4283B004460A4621D1407C032818BF60
:10A69000520212212046FFF7A9FD18B90120E073EC
:10A6A00003B030BDA07B0C2363730028F8D0207B5F
:10A6B000251D012100F0B2FBFF21284600F068FCB7
:10A6C000284600F021FC0020A07303B030BD0191AA
:10A6D0009847019ADAE700BF459F0300F8B50646A0
:10A6E000C07B01280D4614461F4602D173698B4278
:10A6F00005D029463046FFF7BFFF80B175610025C0
:10A7000017B90EE0AF420CD021464FF4007230462C
:10A71000FFF7BEFC013504F500740028F2D10020DB
:10A72000F8BD7369307E3B4473610028F8D1304630
:10A73000BDE8F840FFF7F8BC2DE9F84F9B46C37B16
:10A74000DDF82890DDF82C80012B06460C461546D6
:10A7500002D143698B4205D021463046FFF78CFF7A
:10A76000B0B1746104EB0B0ABBF1000F03D112E02E
:10A77000C847A2450FD04FF4007229463046FFF774
:10A7800087FC07464246204629460134002FEFD178
:10A790000020BDE8F88F7369307E5B447361002848
:10A7A000F7D13046BDE8F84FFFF7BEBC03682DE98E
:10A7B000F0415F69164B9F421FD1C37B012B0446BA
:10A7C0000D46164602D14369994205D029462046D6
:10A7D000FFF752FF70B165614FF4007231462046B9
:10A7E000FFF756FC30B16369207E0133636148B1E5
:10A7F000BDE8F0810020BDE8F081BC460123BDE842
:10A80000F04160472046BDE8F041FFF78DBC00BF36
:10A81000DDA6030030B50368164D9B6DAB4283B0D7
:10A8200004460A4622D1407C032818BF520219214F
:10A830002046FFF7DBFC20B90223E373012003B0BD
:10A8400030BDA07B0E2363730028F8D0207B251D2C
:10A85000012100F0E3FAFF21284600F099FB284689
:10A8600000F052FB0020A07303B030BD0191984767
:10A87000019AD9E7459F03002DE9F0430368174685
:10A88000DB6C434A934287B005460E4646D102AA86
:10A890000921FFF769FE0446C4B19DF812305A063B
:10A8A0001AD56B7C032B18BF760232464FF020017D
:10A8B000284618BF7F02FFF799FC28B93A462121A4
:10A8C0002846FFF793FC68B326236B73AC7B9CB9D7
:10A8D000204607B0BDE8F0839DF8132003F03F0346
:10A8E0005B0043EAD2137A1C32431342D9D0AC7BCB
:10A8F00027236B73002CEBD02C1D287B012100F04B
:10A900008DFAFF21204600F043FB204600F0FCFAC0
:10A9100000242046AC7307B0BDE8F08302A9984735
:10A920000446B9E7024626212846FFF75FFC0028C7
:10A93000CAD1DFF86080D8F800300193019F07F595
:10A940001C57103705F10409BFB206E0D8F80030F3
:10A950000093009BFB1A1B0417D4484600F0F8FA3A
:10A96000FF280646F2D1AB7B002BB1D0287B01211A
:10A970001C4600F053FA3146484600F009FB4846B1
:10A9800000F0C2FA0023AB73A2E728236B739DE7A4
:10A990000DAA03005C1FFF1F70B5002282B00E4697
:10A9A0000A210446FFF722FCA8B11B236373A07B96
:10A9B00008B902B070BD207B251D012100F02EFAE0
:10A9C000FF21284600F0E4FA284600F09DFA002016
:10A9D000A07302B070BD0546102231462046FFF735
:10A9E00057FB0028E3D0A67B002EE2D0207B01217C
:10A9F00000F014FA201DFF21019000F0C9FA01981F
:10AA000000F082FA3046A57302B070BD70B5002226
:10AA100082B00E4609210446FFF7E8FBA8B11B23CC
:10AA20006373A07B08B902B070BD207B251D012196
:10AA300000F0F4F9FF21284600F0AAFA284600F0B9
:10AA400063FA0020A07302B070BD054610223146A3
:10AA50002046FFF71DFB0028E3D0A67B002EE2D0A6
:10AA6000207B012100F0DAF9201DFF21019000F088
:10AA70008FFA019800F048FA3046A57302B070BD15
:10AA800070B5061D15460446304600F081FA4FF4B5
:10AA900000722946304600F087FAFF21304600F068
:10AAA00077FAFF21304600F073FA304600F050FA92
:10AAB00000F01F03052B207404D0A07B20236373B8
:10AAC00010B970BD012070BD207B012100F0A6F9F6
:10AAD000FF21304600F05CFA304600F015FA002005
:10AAE000A07370BD2DE9F0411A4D82B02B6801931F
:10AAF000019C04F5167407468846A4B2061D05E0BD
:10AB00002B680093009BE31A1B040DD4304600F021
:10AB10001FFAFF28F4D14246FC213846FFF7B0FF68
:10AB200020B102B0BDE8F08124237B73B87B0028FC
:10AB3000F7D0387B012100F071F9FF21304600F099
:10AB400027FA304600F0E0F90020B87302B0BDE803
:10AB5000F08100BF5C1FFF1F70B5036816469B6D38
:10AB6000214A934282B004460D463AD1407C0328E4
:10AB700018BF6D022A4618212046FFF737FB05460D
:10AB8000A8B10D236373A07B08B902B070BD207B10
:10AB9000251D012100F042F9FF21284600F0F8F9B7
:10ABA000284600F0B1F90020A07302B070BD324613
:10ABB000FE212046FFF764FF0028E4D0A67B002E8C
:10ABC000E3D0207B012100F029F9201DFF21019015
:10ABD00000F0DEF9019800F097F93046A57302B055
:10ABE00070BD9847C3E700BF459F030010B4047EC3
:10ABF00034B10468A46A0123A4465DF8044B60479D
:10AC00005DF8044BFFF7A8BF2DE9F04F0746C07B66
:10AC1000022883B00C4690469A465CD03B68214699
:10AC20001B6E3846984700283BD07C61BAF1000F74
:10AC300027D0DFF8B0B02A4D4FF000093E1D3B6829
:10AC4000DB6D5B4531D12B680193019C04F51674D3
:10AC5000A4B205E02B680093009BE31A1B041CD4EC
:10AC6000304600F075F9FF28F4D14246FC21384601
:10AC7000FFF706FF98B109F10109CA4508F5007808
:10AC8000DDD17B69387E53447B6158B93B685B6E8C
:10AC9000384603B0BDE8F04F184724237B73BB7BD5
:10ACA0004BB9002003B0BDE8F08F414638469847C5
:10ACB0000028E0D1F5E7387B012100F0AFF8FF2153
:10ACC000304600F065F9304600F01EF90020B873F8
:10ACD00003B0BDE8F08F7B698B429FD1A6E700BF30
:10ACE0005C1FFF1FE5AA03002DE9F04F87B08046E7
:10ACF0000193C37BDDF840B00392022B0F466CD06A
:10AD0000D8F8003039461B6E40469847002848D096
:10AD1000C8F81470039B6BB3039BDFF8CCA0314DD4
:10AD2000FB18029308F10406019B594638469847E0
:10AD3000D8F80030DB6D5345814636D12B6805933A
:10AD4000059C04F51674A4B205E02B680493049BDB
:10AD5000E31A1B041FD4304600F0FAF8FF28F4D1A0
:10AD60004A46FC214046FFF78BFEB8B1029B0137F3
:10AD7000BB42D9D1D8F81430039A98F8180013447C
:10AD8000C8F8143070B9D8F800305B6E404607B090
:10AD9000BDE8F04F1847242388F80D3098F80E309E
:10ADA0004BB9002007B0BDE8F08F014640469847F8
:10ADB0000028DBD1F5E798F80C00012100F02EF80F
:10ADC000FF21304600F0E4F8304600F09DF8002006
:10ADD00088F80E0007B0BDE8F08F43698B428FD131
:10ADE00098E700BF5C1FFF1FE5AA030010B584B001
:10ADF0000DF1040C8CE80E009CE80E000446FFF7F1
:10AE00006DFA20B19DF8053003F00103237604B0FC
:10AE100010BD00BF012102F09DBC00BF02F056BC76
:10AE200030B403684268D97A29B372B6D97ACD07AB
:10AE300008D54FF0E024DD68D4F880012840D861BF
:10AE4000C4F880018C0708D54FF0E0241D69D4F8C0
:10AE5000840128401862C4F88401480708D54FF0DF
:10AE6000E0245D69D4F8880128405862C4F888015C
:10AE700009070ED462B61B68D968914207D00A4C04
:10AE80000A491C6042F08040DA601861196030BCE9
:10AE900070474FF0E0209C69D0F88C1121409962F6
:10AEA000C0F88C11E6E700BF01403F0000003F8082
:10AEB00010B584B004AC04E90E00044633B1184662
:10AEC000236004B0BDE8104000F0B0B99DF8043034
:10AED0003E2B06D00A48206004B0BDE8104000F0C8
:10AEE000A5B9084820603B2100F05CFA20683D21AC
:10AEF00000F006FA20683C2100F0A6FA2068E0E79E
:10AF0000EC1DFF1F2C1EFF1F0268D37ADBB1D9078F
:10AF100004D54FF0E021D069C1F80001980704D5AD
:10AF20004FF0E021106AC1F80401590704D54FF031
:10AF3000E021506AC1F808011B0704D54FF0E02357
:10AF4000926AC3F80C217047006800F0AFB900BFE7
:10AF5000026812684FF00041FF23D1625363D36A45
:10AF6000002BFCDA906BC0B2704700BF30B50C46C6
:10AF700083B00546FF212046019208F06DFF286846
:10AF8000019B2246214600F0BBFA002003B030BDF1
:10AF900003681A684FF00043D3625163D36A002BF1
:10AFA000FCDA936B704700BF30B5531EB3F5007FDA
:10AFB000ADF5017D1446054613D37AB10368481EEA
:10AFC000196882184FF0004410F8013FCC624B63BF
:10AFD000CB6A002BFCDA90428B6BF5D10DF5017D2D
:10AFE00030BD684602F028F96A46286823461146B3
:10AFF00000F086FA0DF5017D30BD00BF90F81CC051
:10B000004160BCF1020FC26001D18368184701F0B2
:10B010001BB800BF2DE9F0410468E56815F0807F9A
:10B02000764D256048D1DD0700F1C98090F82C608D
:10B030001F4646EA0626002F00F0B08031B10E7898
:10B040004D7846EA052676BA0231B6B2456895F8DB
:10B0500008C0022F0CF1FF3C4FEA0C3C0CBF46F03D
:10B06000805546F010451FFA8CFC6563023F09E0ED
:10B0700012B10EF8014B7246013B05F4704565456F
:10B0800016D90468E56A15F0F00FF6D013F0010F39
:10B09000A46B9646ECD1C4F307281AB10EF8028BC4
:10B0A0005470724605F470456545A3F10203E8D873
:10B0B000002F73D00468C1E7DD075BD490F82C70D3
:10B0C0001E46BFB2002E42D021B14D7811F8027B4E
:10B0D00047EA0527456895F808C0022E0CF1FF3CA9
:10B0E0004FEA0C3C0CBF47F0805547F010451FFA63
:10B0F0008CFC6563023E09E012B10EF8014B72460A
:10B10000013B05F47045654516D90468E56A15F0FC
:10B11000F00FF6D013F0010FA46B9646ECD12AB1D4
:10B120000EF8024BC4F307245470724605F47045C0
:10B130006545A3F10203E8D84EB10468C4E72AB11B
:10B1400004F8021BC1F3072151702246023B7BB178
:10B150000168CC6A14F0F00FF9D0DD07896B144652
:10B16000EDD512B104F8011B2246013B002BEFD1B3
:10B17000BDE8F08179B311F8015B012B18BF45F0F0
:10B180000045656390F82C705E1E9AE7C1F30725B1
:10B190001AB104F8025B51702246023B002BE7D043
:10B1A0000168CC6A14F0F00FF8D0DE07896B144602
:10B1B000ECD512B104F8011B2246013BEEE799B130
:10B1C00011F8015B012B18BF45F00045656390F84D
:10B1D0002C605F1E2DE790F82C70012B1ABF47F0F2
:10B1E000004565636763CFE790F82C60012B1ABFB9
:10B1F00046F0004565636663EBE700BF00041F800F
:10B2000010B400248460C460046144618461C4613A
:10B210000462446284628485046344638463C46317
:10B22000C0E900125DF8044B704700BF436810B4DA
:10B230001C685A682168114302682160164C17493E
:10B240001460D160164C174914611160417A164A96
:10B250005C180C3194F82CC053F8214002EBCC015F
:10B2600049680C60017A5C1803EB810194F818C0FE
:10B27000CC6902EBCC0149680C60817A5DF8044B23
:10B28000581803EB810390F84000596C02EBC002A0
:10B2900053681960704700BF01401F00011000385B
:10B2A0000110007800001F80E417050010B4426808
:10B2B00090F809C0104B944400219CF82CC003EB7B
:10B2C000CC0CDCF80440216090F808C094449CF851
:10B2D00018C003EBCC0CDCF804402160847A0068D1
:10B2E0002244064C92F8402003EBC2035B681960CD
:10B2F00004605DF8044B7047E417050001401F002F
:10B3000030B5254B4468A34210D0437A234493F8C8
:10B310002CE08E4509D004F12B02002312F801CF56
:10B320008C4519D00133042BF8D130BD0B292CD01A
:10B33000072907D1194A137823F0030343F00103C7
:10B340001370E2E71C29E0D1144A137823F00303B9
:10B3500043F002031370D8E7226811686268114253
:10B3600011D00F4A02EBCE0E0025DEF804100D605E
:10B37000E11891F82C1002EBC10203F10C015568A1
:10B3800054F821202A60437230BD044A137823F018
:10B3900003031370B9E700BF90140500591FFF1F86
:10B3A000E417050030B5254B4468A34210D0037A5A
:10B3B000234493F818E08E4509D004F117020023C6
:10B3C00012F801CF8C4519D00133042BF8D130BDD0
:10B3D0000C292CD0082907D1194A137823F00C0323
:10B3E00043F004031370E2E72729E0D1144A1378ED
:10B3F00023F00C0343F008031370D8E722681168A8
:10B400006268114211D00F4901EBCE0E04EB030C20
:10B41000DEF80420002515609CF818C004EB8302B8
:10B4200001EBCC01D4694A681460037230BD044A50
:10B43000137823F00C031370B9E700BF90140500D4
:10B44000591FFF1FE41705002A4A43689A4230B487
:10B4500013D0827A1A4492F840208A420BD093F893
:10B4600040C08C4525D093F841C08C453BD093F823
:10B4700042C08C453AD030BC70470D2913D00E29FC
:10B4800007D11D4C227822F0300242F010022270C7
:10B49000DFE71B29DDD1184C227822F0300242F080
:10B4A00020022270D5E7144C227822F0300222705C
:10B4B000CFE700218C461C6825685C68254210D0C7
:10B4C0000E4C04EBC20200255268156003EB0C021F
:10B4D00003EB8C0392F8402004EBC2045A6C6368BF
:10B4E0001A608172C7E701218C46E4E702218C468D
:10B4F000E1E700BF90140500591FFF1FE417050086
:10B500000BB1FFF787BD704770B4826B4B4B12795C
:10B51000DA77426B12791A77826B12791A77026B9B
:10B520002AB34368DB689A4244D9446B816BD21AD0
:10B53000236802631D6800F12C04A5424FF001024C
:10B540005AD00468E56815F0804F1D682AD12D781F
:10B550001E6845F0004501361E606563374B09796A
:10B56000D97612B1426B1279DA7670BC70470168F5
:10B57000334CC36B0A63CC62CC6824F08044CC604B
:10B580001C68304924684FF0030C8C4280F82DC0B1
:10B590003AD1197F5A600229DA603AD170BC9A68B0
:10B5A000184610472D881E6845F0004502361E607B
:10B5B0006563D3E7436B1B68DC8B260402F1FF3124
:10B5C00033D4C1F30E01D983DC8B816BA4B2DC824E
:10B5D0000C68E58B2D0420D4C2F30E05E583E58BC2
:10B5E000ADB2E5821D680024013A046300F12C0429
:10B5F00018BF0122A542A4D10368DC6890F82C4052
:10B6000044F000445C63A9E718461146234670BC29
:10B61000184770BC184600F017BDE58BC2F308064A
:10B6200005F47E453543E583D9E7DC8BC1F308019A
:10B6300004F47E442143D983C6E700BF0080004064
:10B6400000000FFFFDAF030008B50248FFF75CFFE5
:10B6500008BD00BFEC1DFF1F08B50248FFF754FFEF
:10B6600008BD00BF2C1EFF1F08B50248FFF74CFFA6
:10B6700008BD00BF6C1EFF1F08B5084A08490948ED
:10B68000FFF7BEFD084A09490948FFF7B9FD094A15
:10B6900009490A48FFF7B4FD08BD00BF9014050032
:10B6A00000C00240EC1DFF1F2415050000D0024021
:10B6B0002C1EFF1FB815050000C00A406C1EFF1F9E
:10B6C000184B70B553F83160044600206060A163E8
:10B6D000C8B206F58071E16206F18001A16253F8FB
:10B6E0003230E26303F18002226303F58072626309
:10B6F00040F6C412012562624FF448716422A161D0
:10B700002262E261C6F800512946C3F880502560E4
:10B7100002F020F894F83C00294602F01BF820467D
:10B7200070BD00BFE4170500034A044B914298BF67
:10B730000B464362704700BF1FA1070020A107000E
:10B74000002910B40CDB0D4C026BA1424FF0010339
:10B75000A8BF214603605DF8044B13608161704708
:10B76000074B426B4FF0FF3499420460B8BF194653
:10B77000012414605DF8044B81617047E09304007C
:10B78000206CFBFF4368C91A10B40ED4026B01236E
:10B790000360136042685DF8044B81EAE173A3EB38
:10B7A000E1731144C16003617047436B4FF0FF3494
:10B7B000012204601A60EDE7002910B40EDB026B71
:10B7C00001230360136043685DF8044B81EAE17272
:10B7D000A2EBE1720B44C36002617047436B4FF010
:10B7E000FF34012204601A60EDE700BF704700BF1C
:10B7F000024B186803681B68184700BFB01EFF1F84
:10B80000024B586803681B68184700BFB01EFF1F33
:10B81000024B986803681B68184700BFB01EFF1FE3
:10B82000024BD86803681B68184700BFB01EFF1F93
:10B83000426808B55AB1154B13441B113033DBB2C3
:10B84000303B032B03D8DFE803F01115190D104B23
:10B850001B6800220260ABB10121084698474FF0F7
:10B86000FF3008BD0B4B0360032008BD0A4B03608B
:10B87000002008BD094B0360012008BD084B036090
:10B88000022008BD4FF0FF3008BD00BF008FFCBF95
:10B89000AC1EFF1F30710340007103401071034064
:10B8A00020710340F0B58DB02F4B304A0093071D37
:10B8B00004460E4608A802A906930292C4F7F2FDB8
:10B8C0002B4A06A9384600F03FFE069B0546DB687A
:10B8D00008A89847009B02A8DB6898475DB9254BEC
:10B8E0001B682BB103210120984703200DB0F0BD48
:10B8F00003200DB0F0BD2046FFF79AFF1E4B616894
:10B9000043F820602022227221B11C4B0B441B11F2
:10B910001B495A541B4B53F82030029302A91A4B6F
:10B92000009308A80693C4F7BDFD114A06A938463E
:10B9300000F00AFE069B08A8DB689847009B02A857
:10B94000DB689847236833B19A68002022F002022E
:10B950009A600DB0F0BD074A1268002AF4D00221A7
:10B96000012090472368EFE720100500EDB70300A2
:10B9700000879303AC1EFF1FB01EFF1F008FFCBF8C
:10B9800030E400E05C1605004C16050010B4144CC1
:10B9900022780ABB134B4FF6FF711A601020996092
:10B9A000D30003F1804303F560330132D96821F0FD
:10B9B0008001D960D968082A21F04001D960D86097
:10B9C000EED1084B4FF0E0220D2018604FF480615B
:10B9D0000123C2F8041123705DF8044B704700BFC7
:10B9E000C01EFF1F00800340074A002352F8041FB7
:10B9F00021B10133082BF9D118467047034A42F8A8
:10BA000023001846704700BFC01EFF1FC41EFF1F43
:10BA1000072812D810B472B6C30003F1804303F5AF
:10BA200060330649DA68002422F04002DA6041F807
:10BA3000204062B65DF8044B70477047C41EFF1F7C
:10BA400070B50D4D0024E30003F1804303F560332E
:10BA5000DA6802F0C002C02A09D155F82400DA6879
:10BA6000066822F040023668DA602146B0470134A9
:10BA7000082CE8D170BD00BFC41EFF1F2DE9F041A6
:10BA80001F46134BC36100254FF47A73056280F89B
:10BA90002850C5624362044608460E46904609F0A7
:10BAA0006FF81A2807D9257084F81A8084F8307046
:10BAB0002046BDE8F081421C3146204601F0BCFB27
:10BAC00084F81A8084F830702046BDE8F08100BF09
:10BAD000400F050070B5C56A234BC3610446002DB5
:10BAE00032D06E68013E6E6076BB2B681F4ADB6AFF
:10BAF00093422FD1A86D10B106F0F2FAAE652B6D0E
:10BB000023B305F11800FCF739FFE56AE5B12B68AE
:10BB1000174A5B68934224D1A86D164B2B6018B16D
:10BB200006F0DEFA0023AB652B6D05F11806A3B114
:10BB30003046FCF723FF104BAB603046FCF71EFF8E
:10BB40005C21284601F0FCFC204670BD6B6D002B8B
:10BB5000D7D1DAE728469847D7E76B6D002BE7D1B6
:10BB6000E9E728469847EFE7400F0500D1040000B9
:10BB7000190D00006C0F0500F80E05002DE9F041CD
:10BB80000446006984B000285ED01F4603680E4654
:10BB9000904665491A6B8A4254D1026D002A60D0E2
:10BBA000B8F1020F4AD93A681D6A604B9D424FD1E5
:10BBB000036D002B5CD011461846FBF7ADF800284A
:10BBC0004BD02369002B6DD01A689568584A95426E
:10BBD00040F08880186D00286AD042463146FAF756
:10BBE00089FE0346002B5DD008F1FF38B4460022E1
:10BBF00001E042450DD29CF800E0BEF10A0F654617
:10BC00000CF1010C5DD0BEF10D0F69D001329A42EA
:10BC1000EFD12069002838D00268464912698A426B
:10BC20002ED1026D002A63D0117808072DD5D06976
:10BC30005269801A27D5002306F80830032004B083
:10BC4000BDE8F081904720BB022004B0BDE8F08140
:10BC500000230093A8470028B3D1042004B0BDE816
:10BC6000F081426D002AEFD0B8F1020F9BD8E5E7D2
:10BC7000406D0028F1D0F8F7FFFC0028A1D1ECE7D7
:10BC800003939047039B0028D5D10022F25407204C
:10BC9000D5E7B8F1020FD1D920693A680028DCD085
:10BCA000036881E700230720337004B0BDE8F0810A
:10BCB000586D002834D042463146F8F7F1FB034670
:10BCC00090E70D210020531C2870F45C8C4208BFC3
:10BCD0001A463B68013313443B6004B0BDE8F08171
:10BCE0000A21EFE7184642463146A847034679E75E
:10BCF000426D002AC9D092F831100907C5D51168E4
:10BD00001069401A5169526861EB0202B0F1004FAC
:10BD100072F10002B7D36FF0004000288BD1B4E776
:10BD20004FF0FF3360E700BF61040000F10D000039
:10BD3000C90A0000DD0B0000F0B583B00023074600
:10BD40000D461446019300F11C0601AB224629461C
:10BD50003046FFF713FF0028F7D0072806BF002062
:10BD600001230023F876184603B0F0BD90B170B5FA
:10BD7000054608F005FF441E2C190AD2002602E0F1
:10BD8000AC42667005D314F8010907F067FE00287D
:10BD9000F6D170BD704700BF2DE9F84314468046C8
:10BDA0001A468946089B21461C30FFF7E7FE0746E6
:10BDB00008B1072818D1002C41D0264614F8015BA1
:10BDC000284607F04BFE0028F7D13B2D03D0232D4A
:10BDD00001D05B2D0DD0072F09BF0523002088F867
:10BDE0001B300120BDE8F88388F81B000120BDE866
:10BDF000F883013635460136287807F02FFE0446D1
:10BE00000028F7D15D21284608F0A2F80028E2D0EA
:10BE100004702846FFF7AAFF98F8303049462846B4
:10BE200043B908F06BF80028D5D1002388F81B30FF
:10BE30000120D7E708F078FC0028CCD1F5E723787B
:10BE4000FFDE00BF2DE9F84307461AB11C46137800
:10BE500016462BB90623FB7601242046BDE8F8835D
:10BE60000A9B089A88461C302146FFF787FE8146C8
:10BE700008B1072833D1002C41D023461C78204636
:10BE80001D4607F0EBFD6B1C0028F7D13B2C1FD0A3
:10BE9000232C1DD0B8F1000F01D05B2CDAD03D214E
:10BEA000284608F055F8804690B1002303702846D4
:10BEB000FFF75CFF97F8304031462846A4B108F000
:10BEC00033FC28B9099A08F101031360F876C4E736
:10BED000B9F1070FBED000242046BDE8F883012445
:10BEE000F8762046BDE8F88308F008F80028EFD17E
:10BEF000099A08F101031360FC760124ADE7237869
:10BF0000FFDE00BF2DE9F041054688B0C06A0F9FF3
:10BF10001E4600230793D0B1036890461B6B394A35
:10BF200093420FD1036D002B4BD03C79012C4ED0A6
:10BF3000022C1DD094B10823EB760124204608B0D2
:10BF4000BDE8F0810591984705990028EDD10223BD
:10BF5000EB760124204608B0BDE8F08100290CBF33
:10BF60000223012320463B713C6008B0BDE8F0810C
:10BF700007AB01930E9B0093029733464246284637
:10BF8000FFF760FF044600282FD0EB7E002BD4D1B2
:10BF9000079D002D31D02F4615F8010B07F05EFDEF
:10BFA0000028F8D138460797FFF7E0FE3B782BB121
:10BFB00006F8013B17F8013F002BF9D1002333703D
:10BFC000C8E7436D002BC2D03C79012CB0D189B1B8
:10BFD0000E9B009732462846FFF7DEFE28B1EC7E26
:10BFE000002CAAD102233B71B4E70024204608B0FC
:10BFF000BDE8F0810523EB76ACE72846FFF7B6FEF7
:10C000002B78FFDE610400002DE9F04385B01D466A
:10C01000DDF83080002304460F46164602938DF863
:10C020000C300DF10809CDE900892B46324639461E
:10C030002046FFF767FF0028F5D0E07EB0FA80F0D9
:10C04000400905B0BDE8F083EFF3108272B6437F7C
:10C050005BB9017F012930B40BD0032913D0012330
:10C06000437702B962B630BC70470AB962B670470E
:10C070007047124C2168B1B1114943610B6883616B
:10C0800008605861EBE70F4D0F492C688CB1436194
:10C090000B68836158614FF0E0234FF080540860D3
:10C0A000C3F8044DDBE7064B4161816120601860F5
:10C0B000D5E7446184612860EDE700BFE41EFF1FFF
:10C0C000F41EFF1FEC1EFF1FE81EFF1F70B5EFF3ED
:10C0D000108272B60C4C206880B10C4E002543696A
:10C0E000236073B19D6102B962B683684577984752
:10C0F000EFF3108272B620680028F0D102B962B660
:10C1000070BD3360EFE700BFEC1EFF1FE81EFF1F8E
:10C11000FFF7DCBF024A136801331360704700BFAA
:10C120005C1FFF1F0368C9B21B6818470368C9B2C8
:10C130001B6818470368C9B21B6818470368C9B26F
:10C140001B681847084B10B503EB51030446B3FBBB
:10C15000F1F001F021FC054B1B7803B110BD204626
:10C16000BDE8104003F0F6BF002A75155D08FF1FFB
:10C1700008B5084601F054FE012008BD08B5084680
:10C1800001F04EFE012008BD38B508460D4608F006
:10C19000F7FC04460146284601F04CFE204638BD17
:10C1A00010B508461446114601F044FE204610BD65
:10C1B0000846114602F06CB80846114602F04CB829
:10C1C00001F064BF08B5084601F000FE003818BF52
:10C1D000012008BD08B5084601F0D6FD003818BF9B
:10C1E000012008BD0846114601F04CBD084601F08B
:10C1F00093BD00BF084601F029BD00BF01F0AABCF5
:10C2000010B50648144600EB5100B0FBF1F001F008
:10C21000C3FB2046BDE8104001F03EBC002A751566
:10C2200001F00EBF01F0C6BE01F0B0BE01F08ABE43
:10C2300001F094BE084B10B503EB51030446B3FB69
:10C24000F1F002F035F8054B1B7803B110BD204624
:10C25000BDE8104003F07EBF002A75155E08FF1F81
:10C2600008B5084602F02AFA012008BD08B50846BC
:10C2700002F024FA012008BD38B508460D4608F042
:10C280007FFC04460146284602F094FA204638BD59
:10C2900010B508461446114602F08CFA204610BD2F
:10C2A0000846114602F0B4BC0846114602F094BCA0
:10C2B00002F0ACBB08B5084602F0D6F9003818BF4A
:10C2C000012008BD08B5084602F0ACF9003818BFD7
:10C2D000012008BD0846114602F034B9084602F0B4
:10C2E00073B900BF084602F011B900BF02F0AAB846
:10C2F00010B50648144600EB5100B0FBF1F001F018
:10C30000D7FF2046BDE8104002F03EB8002A751560
:10C3100002F056BB02F00EBB02F0F8BA02F0D2BA3D
:10C3200002F0DCBA0368064A1B68934205D110B5D7
:10C33000C8B202F0C3F9012010BDC9B2184700BF4E
:10C340006DC203000368064A1B68934205D110B50D
:10C35000C8B202F0B3F9012010BDC9B2184700BF3E
:10C360006DC203000368064A1B68934205D110B5ED
:10C37000C8B202F0A3F9012010BDC9B2184700BF2E
:10C380006DC203000368064A1B68934205D110B5CD
:10C39000C8B202F093F9012010BDC9B2184700BF1E
:10C3A0006DC20300084B10B503EB51030446B3FB09
:10C3B000F1F002F0B3FC054B1B7803B110BD204631
:10C3C000BDE8104003F0C6BE000E27075F08FF1F40
:10C3D00008B5084602F00EFE012008BD08B5084663
:10C3E00002F008FE012008BD38B508460D4608F0E9
:10C3F000C7FB04460146284602F006FE204638BD2B
:10C4000010B508461446114602F0FEFD204610BD48
:10C410000846114602F072BF0846114602F052BFAC
:10C4200002F0AABE08B5084602F0C4FD003818BFE5
:10C43000012008BD08B5084602F09AFD003818BF73
:10C44000012008BD0846114602F062BD084602F010
:10C450008DBD00BF084602F03FBD00BF02F008BD21
:10C4600010B50648144600EB5100B0FBF1F002F0A5
:10C4700055FC2046BDE8104002F09CBC000E27078A
:10C4800002F054BE02F00CBE02F0F6BD02F0D0BDC8
:10C4900002F0DABD0368064A1B68934205D110B565
:10C4A000C8B202F0A7FD012010BDC9B2184700BFF5
:10C4B000DDC303000368064A1B68934205D110B52B
:10C4C000C8B202F097FD012010BDC9B2184700BFE5
:10C4D000DDC303000368064A1B68934205D110B50B
:10C4E000C8B202F087FD012010BDC9B2184700BFD5
:10C4F000DDC303000368064A1B68934205D110B5EB
:10C50000C8B202F077FD012010BDC9B2184700BFC4
:10C51000DDC30300704700BF704700BF704700BF16
:10C52000704700BF704700BF38B5064CA4F16005E6
:10C5300054F8083C2046DB68183C9847AC42F7D1D9
:10C5400038BD00BF481FFF1F2DE9F041036888B0C8
:10C5500004461746002B3DD000229A600122DA6083
:10C56000294DDFF8BC801D442D1151F8083B029382
:10C5700005EB4506F60004A85B68984758F80630B6
:10C5800006F108004044DB6801909847029B1F4A6F
:10C59000029204A9019848F806309B689847029BCC
:10C5A00004A8DB689847236819491F6003229A6032
:10C5B00005F13002531103F13823207968544033D8
:10C5C00001209B0002F01F0200FA02F21A6008B07C
:10C5D000BDE8F0810F4AD36B43F40003D36300BF7F
:10C5E0000D4B01221A6003F580730C4A03609868B2
:10C5F0000028B5D0103393422360F8D1002020608A
:10C6000008B0BDE8F08100BF008FFCBFA81705008F
:10C6100030E400E0008004400070034040710340BB
:10C62000F81EFF1F0368002B3DD02DE9F0431E4C80
:10C63000DFF884801D4A1C44241104F13006731174
:10C6400004EB4404E40003F1382389B060339F0015
:10C650004FF0010958F80430029206F01F06054613
:10C66000134A049209FA06F604F108004044DB6814
:10C670003E6001909847029B0E4A0292019848F84A
:10C68000043004A99B689847029B04A8DB6898477C
:10C690002A6800239360C2F80C90C7F800612B60F1
:10C6A00009B0BDE8F0837047008FFCBF2010050083
:10C6B00015C50300A8170500F81EFF1F0448054A0A
:10C6C00050F8083B01211B68C2F80C11184700BF45
:10C6D000F81EFF1F007003400448054A83690121CA
:10C6E0001B68C2F81C112030184700BFF81EFF1F3E
:10C6F000007003400448054A036B01211B68C2F81F
:10C700002C113830184700BFF81EFF1F007003407F
:10C710000448054A836C01211B68C2F83C11503063
:10C72000184700BFF81EFF1F00700340094B0A485E
:10C730000A4A0B4910B40B4C1C6098609C6118624B
:10C740001C6398639C6418655DF8044B002004F03A
:10C75000EDBC00BFF81EFF1F15C503003007FF1F0B
:10C7600029C5030020100500F8B50C4671B182B14F
:10C7700006468F180025336814F8011B1B683046E5
:10C780009847BC420544F6D12846F8BD0D462846D8
:10C79000F8BD1546F8E700BF70B5012A8AB008BF9A
:10C7A0000A22A1B34FF0210E02E05FFA86FE29466D
:10C7B000B1FBF2F502FB15145FFA84FC092C0CF1B5
:10C7C000300498BF5FFA84FC0EF1280488BF0CF196
:10C7D000370C6C4488BF5FFA8CFC91420EF1FF3637
:10C7E00004F824CCE1D24BB10EF1FF3E5FFA8EFE8D
:10C7F0000EF128036B442D2203F8242C036801A9B1
:10C800005B68CEF12202714498470AB070BD3022B5
:10C810008DF825204FF0210EE5E700BF2DE9F0410E
:10C820008C688AB0DCB10025884606462F462B4628
:10C83000212201A9404600F08DFB3368202C2246BE
:10C840005B6828BF202201A930461544A41A9847E6
:10C850000744002CEBD138460AB0BDE8F0812746EA
:10C8600038460AB0BDE8F0810029BABF49422D23FD
:10C8700000230A22FFF790BF00B5036883B040F69B
:10C880000D22ADF804205B68022201A9984703B08D
:10C890005DF804FB034B022888BF034618461B685B
:10C8A0005B6818476008FF1F32B9036800B51B6852
:10C8B0005DF804EBC9B21847FFF76EBFFFFFFFFF3B
:10C8C0002DE9F04F55EC104B87B006460F4610EEA1
:10C8D000102A10EE100A2B46294605F083F800288E
:10C8E00040F0AA8025F000495F4B4FF0FF32204610
:10C8F000494605F077F848B95B4B204649464FF06A
:10C90000FF3205F051F8002800F08D80574B4FF0B2
:10C9100060422046294605F05BF800287AD1544B46
:10C920004FF060422046294605F034F8002871D1C6
:10C93000002200232046294605F02CF8002875D156
:10C940008246002F7BD00FF21819D9E90089494996
:10C950004FF0000B00204B460BF1010B424604F058
:10C96000A7FD5FFA8BF3BB42F5D302460B46204688
:10C97000294604F0E7FB0F2F28BF0F270D4604467A
:10C98000019705F06DF8074604F018FD02460B46C6
:10C990002046294604F0D4FB53460A2204460D469D
:10C9A00030463946FFF7F8FE019FDFF8D8902E2376
:10C9B0008DF808300DF109027B1E824652FA83FB86
:10C9C00002AF4FF0000842464B462046294604F08D
:10C9D0006FFD0D46044605F043F8C0B200F1300388
:10C9E00007F8013F04F0FAFC02460B4620462946B0
:10C9F00004F0A6FBBB4504460D46E4D1019A33681A
:10CA000001325B68D2B202A930469847504607B05F
:10CA1000BDE8F08F336818495B680322304607B0E1
:10CA2000BDE8F04F184733681449F5E705F10043B6
:10CA30001D464FF0010A84E733681149ECE70D4BBE
:10CA400000222046294604F07DFB05F009F85346F4
:10CA500001460A22304607B0BDE8F04FFFF79CBE02
:10CA6000000000A09999B93FFFFFEF7FFFFFEF4162
:10CA7000FFFFEFC10000E03FC0170500BC17050035
:10CA8000B81705000000244070B50E4D82B02B6829
:10CA90000093009E044608E003F0E4FA2B6801933B
:10CAA000019BA2689B1B934207D2236820465B69C7
:10CAB00098470028F0DB02B070BD4FF0FF3002B0A5
:10CAC00070BD00BF5C1FFF1F2DE9F0410F46002124
:10CAD000064690461D46002400F0CEF805E012D030
:10CAE000E04510D000F0FAF90134AC42384600D3EA
:10CAF0004DB9FFF7C9FFB0F1000C5FFA8CF1304679
:10CB0000EDDA01233B733046BDE8F081524A2DE94E
:10CB1000F043A2FB00435B09A2FB0342C3EB0314F7
:10CB20005209A0EB84004D4C0870C2EB0215A4FB27
:10CB3000024EA3EB85034FEA1E1E4B70484B494E35
:10CB4000494FDFF82C810EF10400A3FB00430EEBEC
:10CB50004E04A2EBC4028A70C21A03EB52039B0874
:10CB6000C3EBC303C31A0020CB70024640F26D1919
:10CB70000DE0B7EBB40F48D3B8EB341F34BF4C46CD
:10CB80004FF4B7742244964500F101000FD35FFAC9
:10CB900080FC0CF2B27313F0030506FB03F4E8D03B
:10CBA00040F26D142244964500F10100EFD22F4E61
:10CBB0000CF1460CA6FB030681F806C0770995B375
:10CBC0006420F60900FB17374FF4C87000FB1636D7
:10CBD00040F26D10AEEB020E70440122DFF894E0DB
:10CBE00000230AE013F80E40844211D80C2AA0EB6F
:10CBF00004000ED001320133D2B2012B5FFA83FC64
:10CC0000F0D15DB9DFB11D2409E04FF4B774B9E785
:10CC1000624601304A710871BDE8F0831C24A042CD
:10CC200017D3001BE6E7642000FB1737F6094FF423
:10CC3000C87000FB16363FB14FF4B770CAE7002E3C
:10CC400014BF1C241D24EAE7002EC1D14FF4B77095
:10CC5000C0E70122DDE700BF89888888ABAAAAAABD
:10CC600025499224295C8FC2285C8F021F85EB51D5
:10CC70000AD7A300C4170500F8B5002604460660CD
:10CC80004660866029B108460D4607F079FF0746E1
:10CC900008B92046F8BD013005F01AFA0028F8D08E
:10CCA000C4E900070670A760294607F0A7FE2046E2
:10CCB000F8BD00BFF8B588424FF000050446056096
:10CCC0004560856002D08E680F680EB92046F8BDB9
:10CCD000701C05F0FDF90028F8D0C4E900060570C5
:10CCE000A660394607F08AFE2046F8BD30B500251B
:10CCF00083B004460560856002208DF804108DF82D
:10CD0000055005F0E5F950B1012220606260057020
:10CD1000A26001A907F072FE204603B030BD60603A
:10CD2000204603B030BD00BF10B50446006805F0D2
:10CD3000D7F9204610BD00BFF8B50446154632B9F4
:10CD4000036803B11A700023A3602046F8BD43684E
:10CD50009A420E461CD90068511C05F085FC074616
:10CD600060B1A368206065600BB903702768A56097
:10CD70003146384607F042FE2046F8BD206810B123
:10CD800005F0AEF9276000236360A3602046F8BD7C
:10CD90000768A5603146384607F030FEECE700BF73
:10CDA000814203D08A680968FFF7C6BF704700BF99
:10CDB000884238B505460ED000680C4608B105F02B
:10CDC0008FF9D4E90012A068A8600023C5E9001219
:10CDD00023606360A360284638BD00BF38B50546B0
:10CDE0000C4649B1084607F0CBFE214602462846CC
:10CDF000FFF7A2FF284638BDA960284638BD00BF0E
:10CE000030B5436883B0002204468DF804108DF8D5
:10CE100005204BB105680123A36001A9284607F04E
:10CE2000EDFD204603B030BD0068022105F01CFC7A
:10CE3000054640B1A368206001226260002BEAD160
:10CE400003702568E7E7206810B105F049F925600F
:10CE5000002320466360A36003B030BD2DE9F84392
:10CE600004460068A36888420D46164609D8C218D1
:10CE7000914206D20F1A4FF0010936B92046BDE89B
:10CE8000F8834FF00009002EF8D0626803EB060823
:10CE900090450CD908F1010105F0E6FB0028EDD022
:10CEA000A368C4E9000813B903702068A368B9F146
:10CEB000000F08D12946184407F0A0FDC4F80880E7
:10CEC0002046BDE8F8833246C119184400F0B4F991
:10CED0002368002203F80820F0E700BF10B582B0F5
:10CEE00000238DF80410012201A904468DF80530B5
:10CEF000FFF7B4FF204602B010BD00BF10B58A682E
:10CF000009680446FFF7AAFF204610BD826808B5ED
:10CF10000B463AB161B1006807F006FCB0FA80F048
:10CF2000400908BD31B11878B0FA80F0400908BD59
:10CF30000368F8E7012008BD83688B4203D90068C5
:10CF400008B108447047024800230370704700BFCF
:10CF5000581FFF1FBAB138B50C4621B185689D42F4
:10CF600002D800230B7038BDED1A02F1FF3C0168B6
:10CF7000654528BF654619442A46204607F0AEF8A5
:10CF80000023635538BD7047836843B110B504680A
:10CF90000968204607F06EFA20B1001B10BD4FF063
:10CFA000FF3070474FF0FF3010BD00BF2DE9F0415A
:10CFB0008F6897420E46054602D213463A461F46F0
:10CFC0000023AB60B0682B6090426B6014D3874243
:10CFD00028BF0746316811F80780CB5533689C1885
:10CFE0000DD0204607F0CCFD214602462846FFF72B
:10CFF000A3FE336803F807802846BDE8F081AC60E3
:10D00000F8E700BF9A422DE9F04105460E4602D9E5
:10D0100011461A460B460021A960B768296097425D
:10D02000696014D39F4228BF1F46336813F80780F6
:10D03000D95533689C180DD0204607F0A1FD214634
:10D0400002462846FFF778FE336803F80780284633
:10D05000BDE8F081AC60F8E730B5194B0FCB85B077
:10D060006C4684E80F00174B5A7891071BD51A7845
:10D07000144D12F0700218BF1A7000F031FA8021BE
:10D080000023E97112222B710523EA72AB7272B68A
:10D0900044F001042846A04762B600F037FA2B7826
:10D0A00013F0700309D1084B064901E0013B02D09F
:10D0B0004A78D207FAD505B030BD2B7005B030BD27
:10D0C000D417050000000240410D0300B0F5805F59
:10D0D00011D210B5094B5B78DB07044604D504F187
:10D0E000A0542078C0B210BD04F1A054FFF7B4FFE3
:10D0F0002078C0B210BD0020704700BF0000024081
:10D10000B1F5805F80F08C802DE9F843454B5B786A
:10D110000446D8070F4690460D4623D5B8F5805FE4
:10D12000464628BF4FF48056BB19B3F5805F16D230
:10D13000B8F1000F11D03B4F15F0030329D0022B9B
:10D1400013D005F1A05814F8019B98F800304B4516
:10D1500039D1013E0135002EEED1BDE8F883C7F587
:10D160008056E8E7FFF778FFD8E7012EE9D0A04620
:10D1700005F1A05918F8023B6178B9F8002043EA9C
:10D180000124A2422ED1023E02354446002ED3D1C4
:10D19000E3E7032EE9D9A046607818F8043BA178AC
:10D1A000E27805F1A05943EA002444EA0144D9F8A1
:10D1B000003044EA0264A34223D1043E04354446CD
:10D1C000002EB9D1C9E700F08BF93B7813F070035A
:10D1D00018BF3B7088F800907B78DB07FCD500F027
:10D1E00095F9B6E700F07CF93B7813F0700318BFAF
:10D1F0003B70A9F800407B78DA07FCD500F086F98F
:10D20000C1E700F06DF93B7813F0700318BF3B7075
:10D21000C9F800407B78D907FCD500F077F9CCE756
:10D22000704700BF0000024008B5F5F7A9FDF0F710
:10D2300059FE02F017FFFAE701B441EA000313F0C8
:10D2400003036FD1403A41D351F8043B40F8043B0B
:10D2500051F8043B40F8043B51F8043B40F8043BD0
:10D2600051F8043B40F8043B51F8043B40F8043BC0
:10D2700051F8043B40F8043B51F8043B40F8043BB0
:10D2800051F8043B40F8043B51F8043B40F8043BA0
:10D2900051F8043B40F8043B51F8043B40F8043B90
:10D2A00051F8043B40F8043B51F8043B40F8043B80
:10D2B00051F8043B40F8043B51F8043B40F8043B70
:10D2C00051F8043B40F8043B403ABDD2303211D310
:10D2D00051F8043B40F8043B51F8043B40F8043B50
:10D2E00051F8043B40F8043B51F8043B40F8043B40
:10D2F000103AEDD20C3205D351F8043B40F8043B10
:10D30000043AF9D204320AD0D2071CBF11F8013B0B
:10D3100000F8013B03D30B7803704B78437001BCDA
:10D32000704700BF0C2A4AD310F0030311D0C3F199
:10D330000403D21ADB071CBF11F8013B00F8013BC4
:10D3400007D311F8013B00F8013B11F8013B00F84D
:10D35000013B11F003033FF475AF30B4043AC91A2E
:10D36000C3F1040C51F8044B022B19D0032B0BD042
:10D37000240A51F8043B1D0644EA050440F8044B16
:10D380001C46043AF4D216E0240E51F8043B1D0268
:10D3900044EA050440F8044B1C46043AF4D20AE07F
:10D3A000240C51F8043B1D0444EA050440F8044BE6
:10D3B0001C46043AF4D20432B1EB0C0130BC043AFE
:10D3C000A0D3013A11F8013B00F8013BF9D20B78E8
:10D3D00003704B7843708B78837001BC704700BF3B
:10D3E00008B50F4C636B58030DD4636B59050FD40C
:10D3F000636B1A0511D4636BDB04F3D501F0CEFE29
:10D40000636B5803F1D502F04BF8636B5905EFD508
:10D4100000F060FE636B1A05EDD501F01BFBEAE737
:10D420000080044008B5FFF7DBFF00BF014B10226E
:10D430001A80704700200540704700BF0B490A68FA
:10D4400048B108B5EC461318ACF50050834204D23D
:10D450000B60104608BD1046704707F02BF90C23EF
:10D460004FF0FF320360104608BD00BF1C08FF1FCD
:10D47000002070474FF0FF30704700BF4FF400535B
:10D480004B600020704700BF012070474FF0FF3015
:10D49000704700BFFEE700BFFEE7FFFFEFF3138317
:10D4A000CBB9EFF31080A0B9EFF3058343B94FF484
:10D4B0008070EFF311835BB1984228BF1846704724
:10D4C0000F2BF6D9054AD05CEFF31183002BF3D173
:10D4D0007047184670474FF0FF307047F0E300E0A8
:10D4E000074BDA78802A01D00020704705490648AA
:10D4F000486400225A70DA78802AFCD001207047F4
:10D5000000E007400080044000002822074BDA7842
:10D51000012A01D00020704760225A70DA78802AF0
:10D52000FCD1034B034A5A640120704700E00740D6
:10D53000008004400000060204F0CABD04F0C8BD2B
:10D5400004F0CEBD01F1FF3C70B56546002401E05A
:10D5500070460134B0FBF2FE02FB1E03092B03F1FF
:10D5600030068ABF3733F3B2DBB2904205F8013F91
:10D57000EED2631C0022CA54C8187CB162461CF863
:10D58000015F10F801ED8CF800E0A1EB0C03023212
:10D59000013B521A23449A420570EFDB084670BDE6
:10D5A000024B103043F82010704700BF0002FF1FED
:10D5B000014B1868704700BF00D00340034B0022A6
:10D5C00010215A615A6018605961704700D00340B9
:10D5D000704700BF4FF0E02C2DE9F0414FF000689C
:10D5E000CCF804814FF08058CCF804814FF00058FB
:10D5F000CCF804812F4A3049304C314D314E4FF038
:10D600008048CCF80481282300204EF6FF7E0927AD
:10D610004FF00048CCF804814860C1F808E0CB60C6
:10D620004B61CB614B62CB624B63CB634B64D3608A
:10D630005361D3615362D3625363D36353640F6006
:10D640006860C5F808E0EB606B612F606060C4F84B
:10D6500008E0E360636127605060C2F808E0D360CF
:10D6600053611760F16A41F40071F162716802F56B
:10D67000803241F00071716047F6FF7408215060FC
:10D6800082B09460D3605361116002F08BFDFFF7AC
:10D690009FFF0D4C23680093009B132BFAD902F0D7
:10D6A000B9FA23680193019BB3F5967FF9D302B0D1
:10D6B000BDE8F08100900B400080034000800B40EB
:10D6C00000900340008004405C1FFF1F3F2818D8D3
:10D6D00010B4124B53F8302092F8804234B1012339
:10D6E00081B982F800315DF8044B704703EBC00349
:10D6F0005B681A6859B142F003025DF8044B1A6086
:10D700007047704782F880305DF8044B704722F014
:10D7100002025DF8044B1A60704700BFE417050071
:10D720003F2805D8034B53F83030012283F880217D
:10D73000704700BFE41705003F2806D8044B53F894
:10D74000303093F80002C0B270470020704700BF2D
:10D75000E41705003F2820D81B4A02EBC00301292B
:10D760005B680FD004291DD052F83000002280F8E9
:10D77000802299B1022922D003290DD14FF4817260
:10D780001A60704752F830004FF4A27280F880128D
:10D790001A601A6822F020021A6070474FF48072F3
:10D7A0001A60704752F830104FF4A272012081F8CD
:10D7B00080021A601A6842F020021A60704740F234
:10D7C00003121A60704700BFE417050072B60E49D5
:10D7D0004FF0E02293690868D2F8042D62B6520136
:10D7E00002D5322B88BF0130C3F52F33074A03F22D
:10D7F0001F334FF47A719B08A2FB032301FB00F057
:10D8000000EB9300704700BF5C1FFF1F176CC11631
:10D810002DE9F843044672B6214F4FF0E022936998
:10D820003D68D2F8042D62B6520102D5322B88BF72
:10D8300001350CB9BDE8F883DFF86890DFF868803F
:10D84000A9EB03039B08A8FB03234FF47A7202FBA6
:10D8500005F505EB93054FF0E02672B6B1693A681D
:10D86000D6F804CD62B6A9EB01039B08A8FB03031D
:10D870001CF0806FC5EB93034FF47A7002D032290D
:10D8800088BF013200FB0233B3F57A7F04D3013C39
:10D89000D0D005F57A75E0E702F0E4FBDDE700BFE4
:10D8A0005C1FFF1F1FBF0200176CC1162DE9F84F48
:10D8B000314B1B6807460BB101221A70DFF8D0907C
:10D8C000DFF8D08099F80040D8F800302B4D0134B3
:10D8D0009C422B782AD303F0FF0A002B3ED15446FA
:10D8E000274EDFF8A8B005E033791B0623D42B7848
:10D8F000A3420AD1FFF7D2FD4028F5DDFF28F6DD6F
:10D9000002F0B0FB2B78A342F4D03F2C29D91D4B59
:10D91000403C1B68FFB21F551B4A194B0121117077
:10D92000BC2289F800A0DA70BDE8F88F9C425FFA4B
:10D9300084FAD5D0E9E72B78D8F800105A1C8A422F
:10D94000DBB203D23F2A10D8D1B201E000210A464F
:10D950001BF80230DBB2F3712970C8E74FF0000A00
:10D9600054460A4BFFB21F55D6E7D1B2054A3F3B9A
:10D970001268D35CDBB2EEE7B01FFF1F0020FF1F71
:10D9800000A00640FC1FFF1FB41FFF1FB81FFF1F92
:10D99000F81FFF1F2C08FF1F324A3349536B70B426
:10D9A00043F48063314D5363314E324C327800235F
:10D9B0002B700B70304923700B703049152A0B7097
:10D9C0002ED01B2A48D0002A41D02D4B1B78052B86
:10D9D0002ED01A2B36D0012B2FD02028294B2A4CA1
:10D9E00038BF2020C0F3443C83F800C0C0F3471C7C
:10D9F00000F01F0083F801C00422987202209A7080
:10DA0000D87488205A754FF0E021187440223C20C9
:10DA1000D870E2774FF0004370BCC1F80031704716
:10DA20001A4B40F213329A61154B1B78052BD0D15B
:10DA3000164B4FF45172DA61CFE7154B4FF4517228
:10DA40005A64CAE7134B4FF451729A63C5E7104BFF
:10DA500040F213321A64B8E70E4B40F21332DA6325
:10DA6000B3E700BF00800440AC1FFF1FA41FFF1FCF
:10DA7000AD1FFF1FF81FFF1F0020FF1FB41FFF1F58
:10DA80003008FF1F00A0064000E400E000C0044092
:10DA900000A0044000900440294B9B7800F0030252
:10DAA00003F0EC031343410700F00F02244948BF81
:10DAB00043F01003042A8B7003D18B7943F04003A9
:10DAC0008B711F4B5B79C20603F0EF031C4A48BF02
:10DAD00043F0100353719379194A03F0EF0310F0E8
:10DAE000200C18BF43F010039371C30506D553787B
:10DAF0001178DBB241F020011170537010F4007006
:10DB000017D00F490F488B780F4A43F0A0038B7052
:10DB100003780E4902EBC30240F24633506840F2EC
:10DB20004732BCF1000F08BF1346094A03600A6080
:10DB30007047064B064A1968914208BF1860704743
:10DB400000A006403008FF1FE4170500B01FFF1FAC
:10DB5000D400D442324B5B6B5B0531D510B5314CF0
:10DB6000237823B102F07EFA2378002BFAD12E4AD3
:10DB70002E4B4FF0E0204FF000440021C0F88041D0
:10DB8000D1701B78152B3CD01B2B1FD04BB3284BCF
:10DB90001B7803F07F03052B3DD01A2B2CD0012BD3
:10DBA0000FD0244B204A244C2448196892F804C012
:10DBB000D27900232370037009B101230B7010BDCB
:10DBC00070471F4B40F203125A64EAE71D4B40F2C4
:10DBD0000312DA63164B1B7803F07F03052BDCD1AD
:10DBE00019E0174B40F203121A64114B1B7803F033
:10DBF0007F03052BD1D10EE0124B40F203129A6342
:10DC0000CFE7114B40F203129A61094B1B7803F0E6
:10DC10007F03052BC1D10C4B40F20312DA61C0E740
:10DC200000800440B41FFF1F00A00640AD1FFF1F6F
:10DC30003008FF1F601FFF1FA41FFF1FAC1FFF1F27
:10DC400000A004400090044000C004400A4A38B5D7
:10DC50000546137803F0FF04002BFAD10121284672
:10DC6000FFF778FD21462846FFF730FD034A044BB5
:10DC700052F835201A6038BDB41FFF1FE4170500A5
:10DC8000B01FFF1F09B140F080001E4A1378834285
:10DC90001CD010B41C4C646B640513D503F07F03D7
:10DCA000052B2BD01A2B25D0012B1FD0002900F0DB
:10DCB0007F0314BF60214421052B12D01A2B0BD0F7
:10DCC000012B04D010705DF8044B704770470F4B68
:10DCD00041F440715964F5E70D4B41F4407199638B
:10DCE000F0E70C4B41F44071D961EBE7074B00249E
:10DCF0005C64DBE7064B00249C63D7E7054B0024FC
:10DD0000DC61D3E73008FF1F0080044000A004401E
:10DD10000090044000C00440164A137883420ED09D
:10DD20001549496B490509D5152B1FD01B2B19D057
:10DD3000ABB115280ED01B2807D008B11070704762
:10DD40000E4B40F213311964F8E70D4B40F21331DA
:10DD5000D963F3E70B4B40F213319961EEE70749C2
:10DD60000B64E6E7064B0021D963E2E7054B00218F
:10DD70009961DEE7AD1FFF1F0080044000A0044052
:10DD80000090044000C004400D4B5B6B13F48063B3
:10DD900013D03F2803D90B4B0020186070470A4B63
:10DDA00010B5084C53F8303023600121FFF7D2FC46
:10DDB000236800221A70012010BD1846704700BF6A
:10DDC00000800440601FFF1FE4170500104B5B6BD1
:10DDD00013F4806312D012280BD0142810D10D4BED
:10DDE00040F202325A610C4A537B012003435373C1
:10DDF00070470A4B40F20232DA60F4E71846704787
:10DE0000054A537B03F0FE0300205373704700BFA5
:10DE10000080044000C0044000A0064000A0044070
:10DE2000034B5B6B5B0501D5FFF740BD704700BF3F
:10DE3000008004402DE9F84F394B5B6B5A053CD507
:10DE4000384B1B680BB101221A704718B84231D207
:10DE5000354EDFF8EC80354CDFF8E09000F1010A38
:10DE600013E003F0FF0B53B34FF0000B5D46304A55
:10DE70001AF8013C535552462E490123BA420B7001
:10DE80000AF1010A86F800B014D23578D8F80030CB
:10DE90000135AB422378E4D9AB425FFA85FB0FD062
:10DEA0003F2DE4D9244B1AF8012C1B68403D5A55EC
:10DEB0005246E1E7214BBC22DA70BDE8F88F5D469F
:10DEC0006FF0430389F8033006E099F804301B062D
:10DED0000BD42378AB42E3D1FFF7E0FA4028F4DD1E
:10DEE000FF28F6DD02F0BEF8F3E72378D8F800103B
:10DEF0005A1C9142DBB203D93F2A0AD8D1B201E0C1
:10DF000000210A460A4B9B5CDBB289F8073021707E
:10DF1000DFE7D1B2084A3F3B1268D35CDBB2F4E7DB
:10DF200000800440B01FFF1FF81FFF1F0020FF1FCD
:10DF3000B81FFF1FB41FFF1FFC1FFF1F00A00640DC
:10DF40002C08FF1F10B5044C237823B102F08AF887
:10DF50002378002BFAD110BDB41FFF1F084A094BCC
:10DF600011781A789142C8B2D3B202D2013B181A82
:10DF70007047054A1268013A1344181A704700BFE7
:10DF8000F81FFF1F0020FF1F2C08FF1F064A074B2A
:10DF900011781A789142D0B23CBF054A1268CBB2D0
:10DFA00038BF9B18181A7047A41FFF1FAC1FFF1F14
:10DFB0002808FF1F1B4B1C491A780B789A422ED059
:10DFC00010B55FFA82FE194AD8B21268431C9A4211
:10DFD00019D93F2B1BD85FFA83FC1548C05CC0B22F
:10DFE00081F800C01349096861B19E453CBF724485
:10DFF000D31A114A126828BFAEEB03039A4201D329
:10E0000000230B7010BD4FF0000C6346E5E70B4C8E
:10E010003F382468205C5FFA83FCC0B2E0E74FF031
:10E02000FF307047A41FFF1FAC1FFF1F2808FF1FF2
:10E03000641FFF1F601FFF1F2408FF1FA81FFF1F73
:10E040000D4A0E4B11781B789942DAB211D00C4967
:10E050000968531C994207D93F2B06D9094B3F3A0F
:10E060001B68985CC0B270470023074AD05CC0B2FE
:10E0700070474FF0FF307047A41FFF1FAC1FFF1FFA
:10E080002808FF1FA81FFF1F641FFF1F0C4B5B6B9F
:10E090005B0514D50B4B0C48DA78402102F0CB021B
:10E0A000DA705974DA78094942F03402DA70084AB1
:10E0B00003781268DBB20B700AB10023137070474B
:10E0C0000080044000A00640AC1FFF1FA41FFF1FDC
:10E0D000601FFF1F2DE9F041504C237913F0300FE2
:10E0E00047D072B6A37D03F0FF01002B58D062B673
:10E0F000DFF85C814A4898F800304A4A057816688B
:10E10000494F5FFA83FC494BEDB2D3F800E008E0D9
:10E110001DB14FF0000C07F80C304A1E12F0FF0141
:10E1200012D0E3790CF101029642DBB2F0D99542AC
:10E13000ACF13F00F1D03F2A6DD994464A1E12F04F
:10E14000FF010EF80030ECD15FFA8CF388F8003054
:10E15000374B196869B1AC453CBF721B02EB0C032D
:10E16000344A126828BFACEB05039A429CBF0123D6
:10E170000B702A48C3781E06DDB216D46A060DD588
:10E18000264B1B795B0609D52B4B2C491B680022BB
:10E190000A7003B11A70214B3C22DA70BDE8F0819D
:10E1A0004023E279637462B6E3E703791C06E5D5A0
:10E1B000234B244ADFF89CE01C7816689EF8003058
:10E1C000214A224FD2F800C0E4B2DBB207E0037963
:10E1D0000023FA5CD2B2C271027D072A11D8A34291
:10E1E00003F101010ED08E42F1D93F290279A3F14A
:10E1F0003F0301D80B46ECE71CF803200B46D2B2D4
:10E20000E9E7DCB2054B8EF800401A79110644BFED
:10E210007C22DA70B2E794467DE700BF00A006409A
:10E22000AC1FFF1F2808FF1F641FFF1FA81FFF1F31
:10E23000601FFF1F2008FF1FB01FFF1FB41FFF1F1D
:10E24000F81FFF1F2C08FF1FFC1FFF1FB81FFF1F19
:10E25000A41FFF1F0020FF1F094B10B4186068B1F6
:10E2600001F14004074B084801F11A021A60074BFC
:10E27000046028315DF8044B196070474024F1E7D1
:10E28000A81FFF1F2408FF1F2808FF1F2008FF1FCB
:10E29000054B186018B1054B403119607047034BAE
:10E2A00040211960704700BFFC1FFF1F2C08FF1F93
:10E2B000294A2A49536B70B443F40063284D5363D1
:10E2C000284E294C327800232B700B70274923707D
:10E2D0000B702749092A0B7031D03B2A03D1254BFB
:10E2E00040F213325A60244B1B780A2B2FD03A2B62
:10E2F00003D1204B4FF451721A6020281F4B38BFB6
:10E300002020C0F344341C70C0F3471400F01F00F9
:10E310005C70042198721A4C997002224FF0880C9C
:10E320003C20DA74597583F810C04FF0E021D870A2
:10E33000402384F8213070BCC1F804217047114B90
:10E3400040F21332DA600C4B1B780A2BCFD10D4B05
:10E350004FF451721A61D0E7008004405020FF1F33
:10E360004820FF1F4008FF1F8420FF1F8C20FF1F35
:10E370005820FF1F00D004404808FF1F00B006408F
:10E3800000E400E000B00440294B9B7800F0030259
:10E3900003F0EC031343410700F00F02244948BF88
:10E3A00043F01003042A8B7003D18B7943F04003B0
:10E3B0008B711F4B5B79C20603F0EF031C4A48BF09
:10E3C00043F0100353719379194A03F0EF0310F0EF
:10E3D000200C18BF43F010039371C30506D5537882
:10E3E0001178DBB241F020011170537010F400700D
:10E3F00017D00F490F488B780F4A43F0A0038B705A
:10E4000003780E4902EBC30240F24633506840F2F3
:10E410004732BCF1000F08BF1346094A03600A6087
:10E420007047064B064A1968914208BF186070474A
:10E4300000B006404808FF1FE41705005420FF1FE6
:10E44000D400D642274B5B6B1B0549D510B5264C33
:10E45000237823B101F006FE2378002BFAD123495B
:10E46000234B4FF0E02002240022C0F88441CA7000
:10E470001B78092B29D03B2B1AD01E4B1B7803F09D
:10E480007F030A2B1CD03A2B0ED01B4B174A1B4C78
:10E490001B48196892F804C0D279002323700370D6
:10E4A00009B101230B7010BD164B00221A60ECE776
:10E4B000144B5A600F4B1B7803F07F030A2BE2D1F9
:10E4C000114B40F203121A61DFE70F4B40F20312C7
:10E4D000DA60084B1B7803F07F030A2BD3D1EFE7F8
:10E4E000704700BF008004405820FF1F00B0064066
:10E4F0004008FF1F4808FF1F0420FF1F4820FF1F80
:10E500005020FF1F00D0044000B004400A4A38B534
:10E510000546137803F0FF04002BFAD101212846A9
:10E52000FFF718F921462846FFF7D0F8034A044BB5
:10E5300052F835201A6038BD5820FF1FE417050037
:10E540005420FF1F09B140F080001B4A137883421A
:10E5500018D010B4194C646B24050FD503F07F0359
:10E560000A2B24D03A2B16D0002900F07F0314BFC9
:10E57000602144210A2B12D03A2B04D010705DF890
:10E58000044B704770470E4B41F440711960107096
:10E590005DF8044B70470A4B00241C60E4E7094B0C
:10E5A00041F44071196110705DF8044B7047054BE0
:10E5B00000241C61D8E700BF4808FF1F008004400A
:10E5C00000D0044000B00440124B1A7882420CD0B4
:10E5D0001149496B090507D5092A16D03B2A0AD0EB
:10E5E00009280DD03B2801D0187070470B4A40F223
:10E5F00013315160F8E7094A002109285160F1D12F
:10E60000074A40F21331D160EEE7054A0021D1609C
:10E61000E6E700BF4008FF1F0080044000D0044030
:10E6200000B004400D4B5B6B13F4006313D03F2824
:10E6300003D90B4B0020186070470A4B10B5084CEB
:10E6400053F8303023600121FFF784F8236800225B
:10E650001A70012010BD1846704700BF00800440AA
:10E660000420FF1FE4170500104B5B6B13F40063DD
:10E6700012D017280BD03C2810D10D4B40F202329B
:10E680009A600C4A537B01200343537370470A4B33
:10E6900040F202329A60F4E718467047054A537B0D
:10E6A00003F0FE0300205373704700BF0080044056
:10E6B00000D0044000B0064000B004402DE9F84FFF
:10E6C000334B5B6B1A053AD5324B1B6806460BB1D0
:10E6D00001221A70DFF8D490DFF8D48099F8004056
:10E6E000D8F800302C4D0134A3422B7829D99C4214
:10E6F0005FFA84FA14D1294FDFF8ACB005E03B791A
:10E700001B0623D42B78A3420AD1FEF7C7FE40286C
:10E71000F5DDFF28F6DD01F0A5FC2B78A342F4D04F
:10E72000272C29D91E4B283C1B68F6B21E551D4AC2
:10E730001A4B01211170BC2289F800A0DA70BDE8E3
:10E74000F88F03F0FF0AA3B95446D4E72B78D8F822
:10E7500000105A1C9142DBB208D9272A10D8D1B236
:10E760001BF80230DBB2FB712970CBE700210A46AF
:10E77000F6E74FF0000A54460B4BF6B21E55D6E7AB
:10E78000D1B2074A273B1268D35CDBB2EBE700BF8C
:10E79000008004405420FF1F8C20FF1F00B0064063
:10E7A0008820FF1F5820FF1F5C20FF1F8420FF1FB1
:10E7B0004408FF1F2DE9F84F394B5B6B1A053CD518
:10E7C000384B1B680BB101221A704718B84231D27E
:10E7D000354EDFF8EC80354CDFF8E09000F1010AAF
:10E7E00013E003F0FF0B53B34FF0000B5D46304ACC
:10E7F0001AF8013C535552462E490123BA420B7078
:10E800000AF1010A86F800B014D23578D8F8003041
:10E810000135AB422378E4D9AB425FFA85FB0FD0D8
:10E82000272DE4D9244B1AF8012C1B68283D5A5592
:10E830005246E1E7214BBC22DA70BDE8F88F5D4615
:10E840006FF0430389F8033006E099F804301B06A3
:10E850000BD42378AB42E3D1FEF720FE4028F4DD51
:10E86000FF28F6DD01F0FEFBF3E72378D8F800106F
:10E870005A1C9142DBB203D9272A0AD8D1B201E04F
:10E8800000210A460A4B9B5CDBB289F807302170F5
:10E89000DFE7D1B2084A273B1268D35CDBB2F4E76A
:10E8A000008004405420FF1F8420FF1F8C20FF1F86
:10E8B0005C20FF1F5820FF1F8820FF1F00B006406C
:10E8C0004408FF1F10B5044C237823B101F0CAFBA4
:10E8D0002378002BFAD110BD5820FF1F084A094B9E
:10E8E00011781A789142C8B2D3B202D2013B181AF9
:10E8F0007047054A1268013A1344181A704700BF5E
:10E900008420FF1F8C20FF1F4408FF1F064A074B6F
:10E9100011781A789142D0B23CBF054A1268CBB246
:10E9200038BF9B18181A70474820FF1F5020FF1F40
:10E930003C08FF1F1B4B1C491A780B789A422ED0BB
:10E9400010B55FFA82FE194AD8B21268431C9A4287
:10E9500019D93F2B1BD85FFA83FC1548C05CC0B2A5
:10E9600081F800C01349096861B19E453CBF7244FB
:10E97000D31A114A126828BFAEEB03039A4201D39F
:10E9800000230B7010BD4FF0000C6346E5E70B4C05
:10E990003F382468205C5FFA83FCC0B2E0E74FF0A8
:10E9A000FF3070474820FF1F5020FF1F3C08FF1F0B
:10E9B0000820FF1F0420FF1F3808FF1F4C20FF1FE7
:10E9C0000D4A0E4B11781B789942DAB211D00C49DE
:10E9D0000968531C994207D93F2B06D9094B3F3A86
:10E9E0001B68985CC0B270470023074AD05CC0B275
:10E9F00070474FF0FF3070474820FF1F5020FF1F27
:10EA00003C08FF1F4C20FF1F0820FF1F0C4B5B6BB7
:10EA10001B0514D50B4B0C48DA78402102F0CB02D1
:10EA2000DA705974DA78094942F03402DA70084A27
:10EA300003781268DBB20B700AB1002313707047C1
:10EA40000080044000B006405020FF1F4820FF1FF8
:10EA50000420FF1F2DE9F041504C237913F0300FB3
:10EA600047D072B6A37D03F0FF01002B58D062B6E9
:10EA7000DFF85C814A4898F800304A4A0578166801
:10EA8000494F5FFA83FC494BEDB2D3F800E008E050
:10EA90001DB14FF0000C07F80C304A1E12F0FF01B8
:10EAA00012D0E3790CF101029642DBB2F0D9954223
:10EAB000ACF13F00F1D03F2A6DD994464A1E12F0C6
:10EAC000FF010EF80030ECD15FFA8CF388F80030CB
:10EAD000374B196869B1AC453CBF721B02EB0C03A4
:10EAE000344A126828BFACEB05039A429CBF01234D
:10EAF0000B702A48C3781E06DDB216D46A060DD5FF
:10EB0000264B1B795B0609D52B4B2C491B68002231
:10EB10000A7003B11A70214B3C22DA70BDE8F08113
:10EB20004023E279637462B6E3E703791C06E5D516
:10EB3000234B244ADFF89CE01C7816689EF80030CE
:10EB4000214A224FD2F800C0E4B2DBB207E00379D9
:10EB50000023FA5CD2B2C271027D072A11D8A34207
:10EB600003F101010ED08E42F1D927290279A3F1D8
:10EB7000270301D80B46ECE71CF803200B46D2B262
:10EB8000E9E7DCB2054B8EF800401A79110644BF64
:10EB90007C22DA70B2E794467DE700BF00B0064001
:10EBA0005020FF1F3C08FF1F0820FF1F4C20FF1FA5
:10EBB0000420FF1F3408FF1F5420FF1F5820FF1F91
:10EBC0008420FF1F4408FF1F8820FF1F5C20FF1FB9
:10EBD0004820FF1F8C20FF1F094B10B4186068B13C
:10EBE00001F14004074B084801F11A021A60074B73
:10EBF000046028315DF8044B196070474024F1E748
:10EC00004C20FF1F3808FF1F3C08FF1F3408FF1F60
:10EC1000054B186018B1054B283119607047034B3C
:10EC200028211960704700BF8820FF1F4408FF1F7C
:10EC30002DE9F84F314B1B6807460BB101221A70C2
:10EC4000DFF8D090DFF8D08099F80040D8F8003095
:10EC50002B4D01349C422B782AD303F0FF0A002B62
:10EC60003ED15446274EDFF8A8B005E033791B06A5
:10EC700023D42B78A3420AD1FEF710FC4028F5DDFF
:10EC8000FF28F6DD01F0EEF92B78A342F4D0272C13
:10EC900029D91D4B283C1B68FFB21F551B4A194B35
:10ECA00001211170AC2289F800A0DA70BDE8F88F5C
:10ECB0009C425FFA84FAD5D0E9E72B78D8F80010A7
:10ECC0005A1C8A42DBB203D2272A10D8D1B201E003
:10ECD00000210A461BF80230DBB2F3712970C8E745
:10ECE0004FF0000A54460A4BFFB21F55D6E7D1B287
:10ECF000054A273B1268D35CDBB2EEE7E020FF1F3A
:10ED00001821FF1F00C006401421FF1FE420FF1F31
:10ED1000E820FF1F1021FF1F5808FF1F1D4A1E4932
:10ED2000536B2DE9F04343F480531C4DDFF87C8096
:10ED3000DFF87C901A4F1B4E5363002388F8003095
:10ED4000202889F800303B7033702B7040F2133567
:10ED50008D6002F5103238BF20204FF45175CD6020
:10ED6000C0F344311170C0F3471E0F4C82F801E02C
:10ED700000F01F002C2190724FF0E02C9370137460
:10ED8000D1704022082384F82320CCF80431BDE858
:10ED9000F08300BF0080044000C00440E420FF1F57
:10EDA0001021FF1F1821FF1F00E400E0D420FF1FE7
:10EDB000DC20FF1F294B9B7800F0030203F0EC03DB
:10EDC0001343410700F00F02244948BF43F01003EA
:10EDD000042A8B7003D18B7943F040038B711F4B56
:10EDE0005B79C20603F0EF031C4A48BF43F01003EF
:10EDF00053719379194A03F0EF0310F0200C18BFF8
:10EE000043F010039371C30506D553781178DBB234
:10EE100041F020011170537010F4007017D00F49A9
:10EE20000F488B780F4A43F0A0038B7003780E498C
:10EE300002EBC30240F24633506840F24732BCF165
:10EE4000000F08BF1346094A03600A607047064B6B
:10EE5000064A1968914208BF1860704700C0064012
:10EE60005C08FF1FE4170500E020FF1FD400D84214
:10EE700038B5124B5B6BDB041FD5114C237823B1E3
:10EE800001F0F0F82378002BFAD10E4A0E494FF02A
:10EE9000E024002340F203100825C4F88451D37005
:10EEA0008860C86009490A4C0A4809681579D2790E
:10EEB0002370037009B101230B7038BD008004403A
:10EEC000E420FF1F00C0064000C004409020FF1F48
:10EED000D420FF1FDC20FF1F0A4A38B505461378EF
:10EEE00003F0FF04002BFAD101212846FEF732FC83
:10EEF00021462846FEF7EAFB034A044B52F8352028
:10EF00001A6038BDE420FF1FE4170500E020FF1F52
:10EF100009B140F08000124A1378834217D010B430
:10EF2000104C646BE4040ED503F07F03082B02D170
:10EF30000D4B0024DC60002900F07F0314BF60212A
:10EF40004421082B04D010705DF8044B70477047C3
:10EF5000054B41F44071D96010705DF8044B704767
:10EF60005C08FF1F0080044000C00440704700BFE1
:10EF70000D4B5B6B13F4805313D03F2803D90B4B1D
:10EF80000020186070470A4B10B5084C53F8303019
:10EF900023600121FEF7DEFB236800221A700120A6
:10EFA00010BD1846704700BF008004409020FF1F2E
:10EFB000E41705000C4B5B6B13F4805312D00E2842
:10EFC00009D10A4B0A4A40F202315960537B0120B1
:10EFD000034353737047064A537B03F0FE0300203C
:10EFE00053737047184670470080044000C00440C7
:10EFF00000C00640034B5B6BDB0401D5FFF718BE76
:10F00000704700BF0080044079B170B5074E0446D8
:10F010004518736BDB0404F1010403D514F8010CEB
:10F02000FFF706FEAC42F4D170BD7047008004408B
:10F0300010B5044C237823B101F014F82378002B89
:10F04000FAD110BDE420FF1F084A094B11781A7845
:10F050009142C8B2D3B202D2013B181A7047054A96
:10F060001268013A1344181A704700BF1021FF1F9D
:10F070001821FF1F5808FF1F064A074B11781A78FE
:10F080009142D0B23CBF054A1268CBB238BF9B1840
:10F09000181A7047D420FF1FDC20FF1F5408FF1FE1
:10F0A0001B4B1C491A780B789A422ED010B55FFA88
:10F0B00082FE194AD8B21268431C9A4219D93F2BD2
:10F0C0001BD85FFA83FC1548C05CC0B281F800C051
:10F0D0001349096861B19E453CBF7244D31A114A75
:10F0E000126828BFAEEB03039A4201D300230B70D2
:10F0F00010BD4FF0000C6346E5E70B4C3F38246829
:10F10000205C5FFA83FCC0B2E0E74FF0FF3070474D
:10F11000D420FF1FDC20FF1F5408FF1F9420FF1F77
:10F120009020FF1F5008FF1FD820FF1F0D4A0E4BD5
:10F1300011781B789942DAB211D00C490968531C36
:10F14000994207D93F2B06D9094B3F3A1B68985C77
:10F15000C0B270470023074AD05CC0B270474FF07E
:10F16000FF307047D420FF1FDC20FF1F5408FF1F13
:10F17000D820FF1F9420FF1F054B064A1B78064925
:10F180001268DBB20B700AB100231370704700BF26
:10F19000DC20FF1F9020FF1FD420FF1F30B43A4B0C
:10F1A0001A79950624D5394D3949DB792A780C68C6
:10F1B000D8B2531C9C42D2B231D8364B1A7802F0E6
:10F1C000FF0322B1002213463349C8542A70334941
:10F1D000096869B1324A10789842C2B28ABFA21A4D
:10F1E0009B1A9B182F4A12689A429CBF01230B70EE
:10F1F000254AD3781C06D9B21ED44A060DD5224B17
:10F200001B795B0609D5284B28491B6800220A7028
:10F2100003B11A701C4B2C22DA7030BC70471D49A8
:10F2200009789942D3D03F2B2CD921493F3A09681C
:10F230008854DAB22A70CAE713791806DDD51D4B57
:10F2400017481D7803789D42DCB208D01A4A12682C
:10F25000631C9A4206D9272B0DD8DAB204E06C233E
:10F26000D370CAE700221346144CE35CDBB2064CB1
:10F27000E3710270C1E7124A273C1568DAB22B5DD0
:10F28000DBB2F4E7DAB29FE700C00640D420FF1FEC
:10F290005408FF1FDC20FF1F9420FF1F9020FF1F3A
:10F2A0001821FF1F4C08FF1FE020FF1FE420FF1F55
:10F2B000D820FF1F1021FF1F5808FF1FE820FF1F45
:10F2C0001421FF1F094B10B4186068B101F140040C
:10F2D000074B084801F11A021A60074B04602831F5
:10F2E0005DF8044B196070474024F1E7D820FF1FF8
:10F2F0005008FF1F5408FF1F4C08FF1F054B1860E4
:10F3000018B1054B283119607047034B282119604B
:10F31000704700BF1421FF1F5808FF1F704700BF30
:10F32000704700BF704700BF431E032B16D872B64C
:10F330000B4951F8230078B130B40A4CB0F800C042
:10F3400034F81320456841F82350A2EB0C0224F84E
:10F35000132062B630BC704762B670470020704719
:10F36000AC21FF1FFC21FF1F013803280BD872B608
:10F37000074B53F8203043B100205B680130002B6D
:10F38000FBD162B67047002070471846F9E700BF0E
:10F39000D421FF1F10B472B61A4A1B4C042312F872
:10F3A000011B090743F0010C05D554F8331069B16E
:10F3B00054F83C10C9B10433142BF0D162B6134B8E
:10F3C00000221A705DF8044B00F0AEBC0F4904EB4C
:10F3D000C302083050600A780D4844F83300013AFF
:10F3E0000A7062B65DF8044B7047084A094904EB9D
:10F3F000CC0308305860137844F83C10013B13707C
:10F4000062B6EFE7601A05000000FF1F0422FF1F2D
:10F4100088004000C8004000421E032A0ED81C4B42
:10F42000400140F0100010B4034472B6194CA05CC7
:10F4300003281DD8DFE800F01416031970470520D3
:10F44000A05413F0080F088814BFC822882208317E
:10F4500042EA004259601A6062B65DF8044B704798
:10F460000320EDE708330220EAE708330420E7E74A
:10F47000094B53F8220038B1084B53F82200416081
:10F4800043F8221062B6E8E743F82210034BF7E78F
:10F490000000FF1FF421FF1FD421FF1FE421FF1FE5
:10F4A0002DE9F04FDFF80CA3DFF80CB385B03DE099
:10F4B000B04D9E0805EBC607013A796813F00803C2
:10F4C000D4B2A1F1080040F0B88055F836204FEAD8
:10F4D000124C120C21F808CC00F0A78021F8063C51
:10F4E00041F8043CA44B53F82420002A00F0018288
:10F4F000A24B53F82420506043F82400A04B33F86B
:10F500001420944423F814C000F0EEFB002800F00F
:10F51000E98117F0080F9B4B00F1080018BF5B460C
:10F52000786045F8363008238AF880309AF88030C1
:10F530005907DCB21BD5944B1B78ABB193490A78C1
:10F5400002F0FF032AB1013BDBB20B70002B00F08D
:10F5500046838F490A7802F0FF032AB1013BDBB2F0
:10F560000B70002B00F0EB8104238AF8803014F03C
:10F57000080200F0CC819AF89020D3B2120997D1FA
:10F58000DFF8F0919B0809EBC30459F83300646875
:10F59000C0F3830009287CD00FD80138012808D88F
:10F5A0007C4A158842F22100854200F0FB8149F82F
:10F5B00033B001238AF89430B5E70D28F9D1D4E9A6
:10F5C0000007754D49F833B0724E744CC9F81020DD
:10F5D00083B240F2816CC9F818202A6063454FF06D
:10F5E0000102C6E90007227000F2FF80B3F5D06F78
:10F5F00080F0CB82B3F5817F00F0268240F2DE807E
:10F6000040F2023293427BD107F07F07042F00F2D1
:10F610000881020C40F00581614911F8273043F060
:10F62000020301F82730134670E017F0080F554B1E
:10F6300018BF5B4645F8363075E700F075FB594951
:10F64000594A51F82430002B00F05781586841F88E
:10F650002400115D03F108007860032905D8DFE874
:10F6600001F0120F1502042111551A8817F0080F26
:10F6700014BFC823882343EA024345F8363052E7D3
:10F6800002211155F1E703211155EEE7052111552E
:10F69000EBE7414D2A683AB34449404C0F8844484F
:10F6A00094F800E00678402F3B4628BF4023BEF187
:10F6B000000F8EF0010E84F800E046F0020486F0A0
:10F6C0000106067009EBC400426014BFC820882000
:10F6D00040EA03401A44FB1A9BB249F834000B80FD
:10F6E000002B00F036812A602A4B1A88B2F5A06FF1
:10F6F0007FF45FAF9A788AF8982000225A7058E712
:10F70000B3F5A06F40F08D8000221346B6F806C016
:10F710002748944528BF944667460278402F28BF63
:10F72000402742F0020E3E0409EBCE0846F0C80620
:10F73000C8F8043049F83E6000263B442670BCEB14
:10F74000070782F00106067040F01181BCF13F0FFF
:10F750004FF0010509D946F00206027009EBC60216
:10F7600025705360882349F8363001238AF8943095
:10F770001FE700BF0000FF1FAC21FF1FBC21FF1FC0
:10F78000FC21FF1F88004000F821FF1FF921FF1F07
:10F790002422FF1FCC21FF1FA021FF1F9D21FF1F3F
:10F7A000C0200740D421FF1FF421FF1F9E21FF1F0F
:10F7B0009C21FF1F00200740C8004000802B00F064
:10F7C0008B81822B2DD107F07F07042F29D8A74AE0
:10F7D00000231380A64B13F827309F0740F1FC81CC
:10F7E00001231370A14B022290E742F2210C6345E2
:10F7F000BBD01DD942F2212293420DD1BFB2002FBE
:10F8000082D19C4B1A689C4B1A609C4BC0F30740FA
:10F8100000221870134679E742F2213293423FF4F6
:10F8200073AF0F238AF8C03001238AF89430C0E602
:10F83000B3F5086F00F04A81B3F5106FF1D1904B2A
:10F84000C0F307400425187059F835301A0606D45D
:10F850000135142D0CD059F835301A06F8D509EBBE
:10F86000C50301355868083800F05EFA142DF2D14E
:10F87000844A854B0292854A0192854E854ADFF87B
:10F8800048820394009200251C4656F8047B2FB151
:10F8900038467F6800F048FA002FF9D1009BD8F86D
:10F8A000007043F8045B46F8045C00932FB13846BF
:10F8B0007F6800F039FA002FF9D1029B48F8045B09
:10F8C00043F8045B0293019B23F8025B01932378C6
:10F8D000023B032B00F20981DFE813F03F01040132
:10F8E0003F0104016C4A45F8360013780133137068
:10F8F00019E643F82400674BFEE5115D022926D086
:10F900007FF611AE03291DD1012313550BE6E00745
:10F910006ED4210621D4A20708D5604B93F8882025
:10F920000221D2B283F8882083F88010E30603D541
:10F930005A4B102283F8802005B0BDE8F08F00F00C
:10F940006DFB11E617F0080F14BF032302231355B4
:10F95000E9E53F2F98BF0022C5E6504B80220D21DC
:10F9600083F8C01083F88020A207DFD5D5E746F0E2
:10F9700002060270402F09EBC6003A4628BF40221B
:10F9800043601004134440F088000121BA1A49F87A
:10F990003600217055D02B60414B1A8001238AF824
:10F9A000943006E692885AB93E4AE51D14F8011BC8
:10F9B00002F8011FAC42F9D13B4A1268862A3CD0BA
:10F9C0003A4C3B4825780278002D85F001052570DA
:10F9D00042F0020482F00102027009EBC4024FF00F
:10F9E0000000506014BFC822882249F83420DEE5A8
:10F9F0002A4B2F482F49304C022583F8945002702F
:10FA00002E480C602E4D48608C600D24CD60FF2088
:10FA10000A618A6183F8C04001219F2483F888002D
:10FA200083F8800083F8982083F88C0083F8844062
:10FA300083F8941005B0BDE8F08F224A0F201070B3
:10FA4000BEE73F2FA7D890E607F07F07042F3FF6C9
:10FA5000E8AE000C7FF4E5AE054A12F8273023F03B
:10FA6000020302F82730002213464FE6A421FF1FAD
:10FA7000C02007405C1FFF1F2022FF1F1C22FF1F0A
:10FA8000F821FF1FE421FF1FF421FF1FFC21FF1FAE
:10FA9000AC21FF1FBC21FF1F0422FF1F00200740D5
:10FAA0009E21FF1F1322FF1F1422FF1F9D21FF1FF6
:10FAB0009C21FF1F0000FF1F880040001C21FF1F2A
:10FAC0005C21FF1FF921FF1FD421FF1F484B49492B
:10FAD0001B780B700B4619E6464A00231380454BF2
:10FAE000022213E64FF001032370434BB34204F1AB
:10FAF00001047FF4CAAE414E039CDFF81481404FED
:10FB000000233370042518F8013B3E4AAB541B0711
:10FB100025D445F0020145F0030204350023142DDD
:10FB200049F8313049F83230EDD1374F25783A78FD
:10FB300042F0020009EBC00C85F00106CCF804305D
:10FB4000002D4DD1882382F0010226703A7049F8C9
:10FB5000303001238AF894302BE52570C5E700F09A
:10FB6000C3F8002832D009EBC5030830586049F8C3
:10FB7000357000F0B9F808B345F0010309EBC30292
:10FB80000830506049F833B0C3E7204A5368002B6F
:10FB90003FF447AE000CBFB204E013690C32002BF7
:10FBA0003FF43FAE11888142F7D15188B942F4D178
:10FBB000000A03280CBF1A781289A7E533780133AD
:10FBC000337045F0010349F83300A2E7337849F870
:10FBD000350001333370CCE7064B022296E500BEB8
:10FBE0002670C82382F001063E7049F83030BCE52B
:10FBF000F821FF1FA421FF1FBC21FF1F0422FF1FAC
:10FC000088004000C02007409C21FF1F0C1A0500FF
:10FC1000601A050010B500F02BFB0023234A19469B
:10FC200042F8331002EBC3000133142B4160F7D1CB
:10FC30001F48204C436B43F480234363D4F80038BF
:10FC400000F5283000F5807043F04073C4F80038A8
:10FC5000032480F84440184BA02480F84040C2F3AD
:10FC6000072483F89C40C2F30744120E83F8B04087
:10FC70004FF0FF0C83F8B420012283F880C00F4CB2
:10FC800083F888C083F810C083F8942001704FF087
:10FC9000E02183F884204FF0700C4FF40012102301
:10FCA00084F835C0C1F80421037210BD0000FF1FA5
:10FCB0000080044000D000400020074000E400E045
:10FCC00000F0ACB800F07CB800F056B800F090B886
:10FCD00000F078B900F052B90846114600F0BAB801
:10FCE000084600F03DB900BF72B60D490B68B3FA83
:10FCF00083F00B2810DC4FF00042C24023EA0203DD
:10FD00000B6062B6074A00EBC000C10002EBC00006
:10FD1000002353504360704762B60020704700BF15
:10FD20007008FF1FD003FF1F0E4BC31AB3F5587F97
:10FD300010D20D4A127872B972B60C4A0C49A2FB65
:10FD4000032308684FF000421B0922FA03F3034320
:10FD50000B6062B67047074A1278002AECD0FFF7B2
:10FD600019BB00BFD003FF1F0422FF1F398EE338E9
:10FD70007008FF1FF821FF1F38B50F4C206878B1BD
:10FD800043880288C11801339A420D7A02D9438010
:10FD9000284638BDFFF7C8FF00232360284638BD3A
:10FDA000064B1B782BB10320FFF7BEFA206000281A
:10FDB000E6D14FF0FF35EBE70822FF1FF821FF1FC8
:10FDC00010B5094C206818B143881844007A10BD5A
:10FDD000064B1B782BB10320FFF7A6FA2060002802
:10FDE000F2D14FF0FF3010BD0822FF1FF821FF1F96
:10FDF000084B094A1B6810B594881BB11A885B88A8
:10FE0000D31A1C440CB1204610BD00F02BF920463B
:10FE100010BD00BF0822FF1FFC21FF1F0B4B1B78EA
:10FE20009BB110B50A4C206848B1FFF77DFF002355
:10FE300003202360FFF778FA30B1FFF775FF032046
:10FE4000FFF772FA0028F8D110BD7047F821FF1FA4
:10FE50000822FF1F2DE9F04FDFF8F89083B0012250
:10FE600089F80020019179B3374FDFF8EC80019DCC
:10FE7000364EDFF8E8A083463868A8B3B0F802E051
:10FE8000CEF1400CAC4528BFAC460EEB0C04002272
:10FE9000A4B23270A5EB0C05448000F10802BCF15D
:10FEA000000F0AD00EF1FF3E7244DC441BF8014BF8
:10FEB00002F8014FDC45F9D144883F2C0BD80522CC
:10FEC0008AF80020002DD7D10198002389F800304E
:10FED00003B0BDE8F08F4022028001460420FFF706
:10FEE0009BFA00223A60EAE798F800201AB3184C0F
:10FEF00008E0013C18D03278B2B900F0B3F898F8B5
:10FF00000020C2B10420FFF72FFA0728F1D84FF0E4
:10FF1000010389F80030FFF7E7FE38600028ADD113
:10FF2000013C89F80000E6D101234FF0FF30337027
:10FF300003B0BDE8F08F00234FF0FF3089F80030A8
:10FF400003B0BDE8F08F00BF1022FF1F0C22FF1F7F
:10FF5000214801000D22FF1FF821FF1F2422FF1F4F
:10FF600000B583B0034601210DF107008DF807307D
:10FF7000FFF770FF03B05DF804FB00BF38B50E4D0E
:10FF80000E4C28680123237028B140880023C0F15B
:10FF90004000237038BD0A4B1B7813B90020207035
:10FFA00038BD0420FFF7E0F90728F7D8FFF79CFEDB
:10FFB00028600028E9D1F1E71022FF1F0D22FF1F62
:10FFC000F821FF1FF8B5114B1B788BB1104E114D66
:10FFD000346801272F7064B10F4B00271F706388AE
:10FFE000238021460420FFF717FA376000232B7087
:10FFF000F8BDFFF779FE084B014620B104201C70C4
:020000024000BC
:10000000FFF70AFAF2E71F70F0E700BFF821FF1FC1
:100010001022FF1F0D22FF1F2422FF1F38B50E4B99
:100020001B7853B90D4C216841B103F0FF054B8893
:100030000B800420FFF7F0F9256038BDFFF754FE70
:10004000014620B1BDE838400420FFF7E5B9044B74
:1000500001221A7038BD00BF0D22FF1F1022FF1FA2
:100060002422FF1F2DE9F843324E337863B1324F1B
:100070003A784AB90122D9073A7043D49A0726D46C
:1000800000225B073A7001D4BDE8F8832B4B1A6855
:10009000002AF9D0EFF30582002AF5D1EFF310859D
:1000A00072B6186800283AD0254C2178002936D13C
:1000B00042691A6001232370002A37D0916105B983
:1000C00062B600258368457798472570DCE7DFF83E
:1000D0007C8098F80020002AD2D00025DFF87090AC
:1000E0002B4659F82340236820461B690135984761
:1000F00008B12369984798F80020EBB29A42F0D8EB
:100100003378BDE7FFF774FE68B90E4B1B780BB967
:100110003378B3E7337803F0FE033370AEE7002D96
:10012000B2D162B6B0E700F0A1F8EEE7064B1A6074
:10013000C5E700BF7408FF1F2522FF1FE41EFF1F35
:10014000F01EFF1F6C160500F41EFF1F4022FF1F4C
:100150002822FF1F70B4104E104D3478D4B1621EA7
:10016000D2B2291D2B4601EB820101E08B4205D062
:1001700053F8042B8242F9D170BC7047631CDBB288
:10018000074A3370137845F8240043F002031370D4
:1001900070BC70470123F3E74022FF1F2822FF1F96
:1001A0007408FF1F2A4B2B4A6020E12118705970F8
:1001B00013782948082B34D00A2B20D00C2B274B3E
:1001C0000CBF35215D2112228160C2609960DA6026
:1001D000234B21491B78214ACBB101230B621362C7
:1001E000204B1D491B781D4A012B13D9042B1BD80A
:1001F00084234B6253621C4B01221A707047174BC9
:10020000392113228160C2609960DA60E0E70B62F5
:100210001362E5E780234B625362134B01221A708D
:1002200070470E4B2121ECE7082B06D885234B6243
:1002300053620D4B01221A707047102B94BF862316
:1002400087234B625362084B01221A70704700BF2C
:10025000004007407508FF1F00B0034000B00B408E
:100260004122FF1F7608FF1F4222FF1F704700BF79
:1002700010B584B072B6FDF733F9174A17495160CB
:10028000702080231070137013781B06FCD5D4687F
:10029000FDF73CF962B6124B9C423CBF04EB840470
:1002A000640020460F4C01A90A22FDF74BF901A971
:1002B0002046002311F8012B01333AB10A2B20F814
:1002C000022FF7D11623237004B010BD5B00DBB200
:1002D000237004B010BD00BF0000024000000741C1
:1002E000809698000409FF1F08B52DED028BF0EEF3
:1002F000408AB0EE608A00F0B1F9F4EE488AF1EE7F
:1003000010FA06D6DFED098AB4EE688AF1EE10FA2B
:1003100002D0BDEC028B08BD04F0CCF988EEA80A2F
:10032000BDEC028B2123036008BD00BF000000006C
:1003300008B52DED028BB0EE408A00F053F8B4EE14
:10034000488AF1EE10FA06D6DFED098AB4EEE88AA3
:10035000F1EE10FA02D4BDEC028B08BD04F0AAF94C
:1003600088EEA80ABDEC028B2123036008BD00BF04
:100370000000000010EE103A184A23F000439342A8
:100380001BDDB3F1FF4F02DB30EE400A704700B5D2
:1003900083B0684600F0F2F900F003000128DDEDBB
:1003A000010A9DED000A0CD0022812D070B1012084
:1003B00000F00CF903B05DF804FBDFED090A00F072
:1003C00083B800F003F9B1EE400AF3E700F07CF8DF
:1003D000F0E700F079F8B1EE400AEBE7D80F493FBB
:1003E00000000000B1EEC00A704700BF10EE102AF6
:1003F000C2F3C7537F3B162B22F000412ADC002BAF
:1004000010EE100A18DB1A4919410A4221D0DFED1B
:10041000197A70EE277AF5EEC07AF1EE10FA18DD4F
:10042000002A04DA4FF4000242FA03F3184420EAE7
:10043000010300EE103A7047DFED0E7A70EE277A76
:10044000F5EEC07AF1EE10FA03DD002A08DB9FED2D
:100450000A0A7047B1F1FF4FFBD330EE000A704734
:10046000FFEE007A002918BFB0EE670A704700BFA0
:10047000FFFF7F00CAF249710000000010EE103A41
:10048000C3F3C7527F3A162A10EE101A15DC002A61
:100490000CDB0C481041034205D04FF4800313419C
:1004A0000B4423EA000300EE103A7047013203F0D8
:1004B0000043F8D143F07E53F5E7802AF3D130EEC4
:1004C000000A7047FFFF7F0010EE103A23F0004350
:1004D000B3F1485F2CDAFDEEC07A17EE903A002BAC
:1004E00060D020EE007ADFED317A9FED315ADFEDFA
:1004F000315A9FED316ADFED316AA7EE275ADFED01
:10050000307AE7EE055AA7EE256AE7EE067AE7EEBF
:10051000276A67EE266A60EEC00AF6EE007AE7EE1A
:10052000260AB7EE000AD7EE270A30EE600A7047B7
:1005300020EE007ADFED1D7A9FED1D5ADFED1D5A8A
:100540009FED1D6ADFED1D6A1E4AA7EE275A9342F2
:10055000DFED1B7AE5EE075AA5EE876AE6EE077A2D
:10056000E7EE876A66EE876AD5DD174A934214DCA8
:1005700003F17F4307EE903AB7EE006A36EE676A02
:1005800060EEC00AF6EE005AD7EE257AE7EE260AAC
:1005900077EEE07A36EE670A7047B6EE076AF5EE58
:1005A000027AEDE7B7EE000A704700BF4ED747ADBD
:1005B000F6740F317CF293B4010DD037ABAA2A3D0B
:1005C000610BB6BA9999993E0000483F10EE103A77
:1005D00023F00043B3F1485F04DAFDEEC07A17EE72
:1005E000903A5BB360EE007A9FED157ADFED155A15
:1005F0009FED156ADFED156AE7EE875A9FED147AD5
:10060000A5EEA76A20EE275AE6EE276AA6EEA77A9D
:1006100030B9DFED106AE7EE876AA6EE850A70470B
:1006200027EE457AF6EE006AA0EEA67ADFED0A6ABA
:10063000D7EE270AE5EE260A30EE600A704700BFC3
:10064000D3C92E2F342FD7B21BEF3836010D50B936
:100650008988083CABAA2ABEABAA2A3E30B583B033
:10066000CDED010A019D35F0004041D010EE10EAB9
:100670002EF00041B1F1FF4F3ADAB0F1FF4F37DC15
:1006800081423BDB0EF000443AD01EF0FF4F56D1C2
:100690000B02002B6FF07D0204DD5B00002B02F1EA
:1006A000FF32FADC15F0FF4F58D103026FF07D0CDA
:1006B00003D45B000CF1FF3CFBD512F17E0F47DB4E
:1006C000CEF3160E4EF400031CF17E0F3ADBC5F399
:1006D000160141F40000B2EB0C0204D117E00FD078
:1006E0004B00013A13D0191A0029F8DA5B00F8E739
:1006F000DDED017A60EE277A87EEA70A03B030BD00
:100700001D4B03EB547393ED000A03B030BD181A70
:1007100058BF03461BB9F3E75B000CF1FF3CB3F590
:10072000000FF9DB1CF17E0F1DDBA3F500030CF1BC
:100730007F0C234343EACC5300EE103ADEE7CA15A0
:100740007F3AAFE76FF07D01A1EB0C018840C2E773
:100750006FF07D039B1A01FA03F3B5E74FEAE05C03
:10076000ACF17F0CA9E76FF07D02A2EB0C02134104
:10077000234300EE103AC1E7641A050070B510EE8D
:10078000103A884A23F00044944286B0054670DD52
:10079000854A944210EE106A22DC002BDFED837A4A
:1007A000834A24F00F04B0EE407A40F3E280944292
:1007B00070EE677A09BFDFED7F6A9FED7F7A9FED6C
:1007C0007F7A77EEE67A012077EEC76A77EEE67AEF
:1007D000C5ED006A77EEC77AC5ED017A06B070BD47
:1007E000774A944254DDB4F1FF4F49DAE215863A74
:1007F000A4EBC25307EE903ABDEEE77ADFED716AE3
:10080000B8EEC77A77EEC77A8DED037A67EEA67AEF
:10081000BDEEE77AB8EEC77A77EEC77A8DED047A47
:1008200067EEA67AF5EE407AF1EE10FACDED057A94
:1008300040F08E80B5EE407AF1EE10FA14BF02233C
:100840000123614901910221009103A8294600F08A
:10085000CDF8002EC2DA95ED007AD5ED017AB1EE31
:10086000477AF1EE677A85ED007AC5ED017A40426C
:10087000B4E7002285ED000A4260002006B070BD9A
:1008800070EE407A0020C5ED017AC5ED007AA5E74B
:1008900000F0A4F89FED4D7A9FED446AF6EE007AE1
:1008A000E0EE077A9FED447AFDEEE77A17EE900AC4
:1008B000F8EEE76A1F28A6EEC60A66EE877AB1EE62
:1008C000666A1EDC424A411E24F0FF0352F82120D2
:1008D000934216D030EE677A85ED007A30EE470A03
:1008E000002E30EE670A85ED010ABFF677AFB1EE54
:1008F000477AB1EE400A85ED007A85ED010A404263
:100900006CE730EE677AE21517EE103AC3F3C7537F
:10091000C3EBD453082BDFDD9FED267A9FED275ADA
:10092000F0EE405AE6EE075A70EE657AE6EE077A88
:10093000D6EE857A35EEE77A17EE103AC3F3C75351
:10094000D21A192A06DCB0EE650A85ED007AC5E7F1
:10095000032376E79FED1F7A9FED1F5AB0EE650ADD
:10096000A6EE070A75EEC07AE6EE077AD6EE857A2D
:10097000B0E7944270EE277A09BFDFED0E6A9FED73
:100980000E7A9FED0E7A77EEA67A4FF0FF3077EE73
:10099000876A77EEE67AC5ED006A77EE877AC5ED6D
:1009A000017A1BE7D80F493FE3CB1640800FC93FC0
:1009B000D00FC93F004435374344353708A3852E4F
:1009C000800F494300008043EC1A050084F9223F60
:1009D0006C1A050000A3852E32318D2410EE103ADA
:1009E00023F0004300EE103A704700BF2DE9F04FAE
:1009F0002DED048BDBB01C4603930691A04B689948
:100A0000089253F82150111D824604F1FF38C0F2BC
:100A10009882D31E48BF131DDB1002930133DB0005
:100A20000793DDE907239B1A0593029B15EB080149
:100A3000A3EB080316D401319FED927A699819440B
:100A40001EAA002BA4BF50F8234007EE904A03F1E2
:100A50000103ACBFF8EEE77AF0EE477A8B42E2ECA6
:100A6000017AEED1002DC0F2DB82039B1EAA02EBBD
:100A7000830446AE4FEA830C4046EF180AEB83012D
:100A8000B8F1000FDFED7F7A09DB22465346F3EC25
:100A9000016A32ED017A8B42E6EE877AF7D10130B6
:100AA000B842E6EC017A04F10404E9D10AAF07EB9D
:100AB0008503043B9FED759ADFED738A05980493D7
:100AC0000AEB0C0407EB850946AE00955AAB03EB25
:100AD0008503002D13ED140A4FEA850B16DD06EB96
:100AE00085033A4660EE097AB0EE407AFDEEE77A89
:100AF00073ED016AF8EEE77AB342A7EEE87A37EED3
:100B0000A60ABDEEC77AA2EC017AEBD1019000F003
:100B100099FAB0EE408AB4EE000A28EE000AFFF718
:100B200065FCF2EE007AA0EE678A01980028FDEEDF
:100B3000C89AF8EEE97A38EE678A76DD05F1FF3E6D
:100B4000C0F1080357F82E2042FA03FC0CFA03F315
:100B5000D31AC0F1070119EE902A47F82E300B4145
:100B60006244002B09EE902A67DCB5EE408AF1EE74
:100B700010FA40F0BE80009A05F1FF3B5A450EDCAA
:100B80004FEA850C07EB850200219E4652F8043D92
:100B90004A4541EA0301F9D1002940F0F180009B68
:100BA000013B57F82330002B40F0E680049B4FF0C8
:100BB000010C53F8042D0CF1010C002AF9D06B1C28
:100BC000AC449E460299039A01EB030B0BF1804B58
:100BD00069992A440BF1FF3B06EB83051EAB01EB41
:100BE0008B0B03EB8201DBED017A9FED267AF8EEA9
:100BF000E77AB8F1000F0BF1040BC1ED007A0A4659
:100C000001F1040109DB534601E072ED017AF3ECD6
:100C1000016AA342A6EEA77AF7D10EF1010EE645CE
:100C2000A5EC017ADFDD654650E740F09B806B1E46
:100C300057F82330DB11002B97DD19EE902A002D99
:100C400002F1010209EE902A40F3918139680029EE
:100C50007ED1012D26D03A464FF0010C52F8041FE8
:100C6000002979D00CF10102C1F58071954247F855
:100C70002C1016DD57F82210BB4407EB82020AE065
:100C8000301E050000000000000080430000803B93
:100C90000000C93F1168C1F1FF0142F8041B5A4529
:100CA000F8D1012100280CDD012800F04181022843
:100CB00007D105F1FF3C57F82C2002F03F0247F81E
:100CC0002C20022B7FF451AFB7EE000A30EE488A99
:100CD00000293FF44AAF0993019000F0B3F938EED0
:100CE000408A099B0198B5EE408AF1EE10FA3FF474
:100CF00042AF9846DDE90732B0EE480A981A0195EE
:100D0000009D00F09FF91FED207A019BB4EEC70A09
:100D1000F1EE10FAC0F255815FED247A059A60EE8B
:100D2000277A0832FDEEE77A0592F8EEE77A03F1CA
:100D3000010BA7EEC70AFDEEE77ABDEEC00A10EE82
:100D4000102A47F8232017EE903A47F82B302BE073
:100D500001224FF0000C87E70CF1010CAC457FF449
:100D60007DAF9FE7F6EE007AB4EEE78AF1EE10FA77
:100D700080F2EC800023F8E66B1C9E469C4621E73F
:100D8000059B009DA3F1080257F82B300592F04611
:100D900053B9ACF104033B4453F8041D0BF1FF3B82
:100DA000083A0029F8D005920598B7EE000A00F03D
:100DB00049F9BBF1000FC0F229810BF1010646AAE7
:100DC0001FED4E7A4FEA860C07EB860302EB860294
:100DD00073ED017AF8EEE77ABB4267EE807A20EE97
:100DE000070A62ED017AF3D1ACF1040346AA002DA3
:100DF0001FED596A02EB03044FF0000022DB8F491C
:100E0000DFED8F7AB0EE467A2246002303E0984267
:100E100008DBB1EC017AF2EC016A01339D42E6EEA7
:100E2000877AF4DA5AAB03EB8003584543ED287A0E
:100E30004FEA800100F10102A4F1040405D0002D65
:100E40001046DCDADFED7E7AECE7689A022A1DDCD8
:100E5000002A00F38E8010D132ABDFED797A9C440A
:100E60003CED017A634577EE877AF9D143460BB1C1
:100E7000F1EE677A069BC3ED007A19EE903A03F023
:100E800007005BB0BDEC048BBDE8F08F689A032AC5
:100E9000F3D1BBF1000F00F0CB8032A813ED287A1C
:100EA00000EB8B020BF1804372ED017AF0EE476AA2
:100EB00037EE277A904277EEC77A82ED007A77EEA6
:100EC000A67AC2ED017AEFD1BBF1010F40F3B080F9
:100ED00001F5B4720DEB020111ED287A9A0033A9E5
:100EE00000EB830373ED017AF0EE476A37EE277A61
:100EF000994277EEC77A83ED007A77EEA67AC3ED52
:100F0000017AEFD1131DDFED4E7A0344083033ED43
:100F1000017A984277EE877AF9D14346002B58D16F
:100F20000699329A339B0A604B60C1ED027AA4E7BE
:100F300005F1FF3C57F82C2002F07F0247F82C20E7
:100F4000BFE608230793002302936AE519EE903A5F
:100F5000002D03F1010309EE903AC8BF02233FF7C9
:100F600075AEF7EE007A37EEC88A0223FDE5002160
:100F700098E632ABDFED327A03EB860636ED017A86
:100F8000B34277EE877AF9D143469DED327A93BB2F
:100F9000069BBBF1000FC3ED007A77EE677A0CDD9C
:100FA00033AA0123B2EC017A01339B4577EE877AAD
:100FB000F8DA43460BB1F1EE677A069BC3ED017A8E
:100FC0005BE7BDEEC00A9B4610EE102A47F82320CF
:100FD000EAE6DDED326A9DED337A069BF1EE666A54
:100FE000B1EE477AF1EE677AC3ED006A83ED017ADC
:100FF000C3ED027A41E7069BF1EE676ABBF1000F91
:1010000077EE677AC3ED006ACADCD4E7689B022BEF
:101010000ADC002B0FDC7FF430AFDFED097A25E727
:10102000039B4FEA830C41E5689B032B7FF425AFBC
:10103000DFED037A71E7DFED027AA5E7081E050010
:101040000000000010EE103A33F0004110EE102ABC
:1010500028D0B1F1FF4F22D213F0FF4F23D1DFEDA3
:101060002C7A2C4A60EE277A904217EE903A34DBC5
:101070004CF2503CC3F3C751604517EE902AA1F1E2
:10108000190116DDDFED247ADFED246A002BB0EEC6
:10109000677AB8BFF0EE667A27EE870A704730EEBF
:1010A000000A704770474CF2503C60454FEAD151FE
:1010B000E8DC0144FE29E5DC002915DC11F1160FFE
:1010C00019DB193122F0FF4242EAC15207EE902AA1
:1010D0009FED130A27EE800A7047DFED127A07EEC4
:1010E000103A27EE270A704722F0FF4242EAC15326
:1010F00000EE103A7047DFED0B7ADFED0B6A002B44
:10110000B0EE677AB8BFF0EE667A27EE870A7047CE
:101110000000004CB03CFFFFCAF24971CAF249F12D
:10112000000000336042A20D6042A28D03460846D3
:10113000194602F08DBC00BF81F0004102E000BF03
:1011400083F0004330B54FEA41044FEA430594EA87
:10115000050F08BF90EA020F1FBF54EA000C55EAC2
:10116000020C7FEA645C7FEA655C00F0E2804FEA93
:101170005454D4EB5555B8BF6D420CDD2C4480EA75
:10118000020281EA030382EA000083EA010180EAA5
:10119000020281EA0303362D88BF30BD11F0004FF3
:1011A0004FEA01314FF4801C4CEA113102D0404229
:1011B00061EB410113F0004F4FEA03334CEA133364
:1011C00002D0524263EB430394EA050F00F0A7807C
:1011D000A4F10104D5F1200E0DDB02FA0EFC22FA77
:1011E00005F2801841F1000103FA0EF2801843FA6B
:1011F00005F359410EE0A5F120050EF1200E012A5C
:1012000003FA0EFC28BF4CF0020C43FA05F3C01899
:1012100051EBE37101F0004507D54FF0000EDCF112
:10122000000C7EEB00006EEB0101B1F5801F1BD3BB
:10123000B1F5001F0CD349085FEA30004FEA3C0CBF
:1012400004F101044FEA445212F5800F80F09A80B5
:10125000BCF1004F08BF5FEA500C50F1000041EBB9
:10126000045141EA050130BD5FEA4C0C404141EBBD
:101270000101013C28BFB1F5801FE9D291F0000FB8
:1012800004BF01460020B1FA81F308BF2033A3F167
:101290000B03B3F120020CDA0C3208DD02F1140C5E
:1012A000C2F10C0201FA0CF021FA02F10CE002F199
:1012B0001402D8BFC2F1200C01FA02F120FA0CFC92
:1012C000DCBF41EA0C019040E41AA2BF01EB0451DB
:1012D000294330BD6FEA04041F3C1CDA0C340EDCD9
:1012E00004F11404C4F1200220FA04F001FA02F31C
:1012F00040EA030021FA04F345EA030130BDC4F1DA
:101300000C04C4F1200220FA02F001FA04F340EACE
:101310000300294630BD21FA04F0294630BD94F07F
:10132000000F83F4801306BF81F480110134013D66
:101330004EE77FEA645C18BF7FEA655C29D094EAD7
:10134000050F08BF90EA020F05D054EA000C04BF55
:101350001946104630BD91EA030F1EBF0021002040
:1013600030BD5FEA545C05D14000494128BF41F0DF
:10137000004130BD14F580043CBF01F5801130BD43
:1013800001F0004545F0FE4141F470014FF00000CE
:1013900030BD7FEA645C1ABF194610467FEA655C7F
:1013A0001CBF0B46024650EA013406BF52EA033521
:1013B00091EA030F41F4002130BD00BF90F0000F0F
:1013C00004BF0021704730B54FF4806404F132044B
:1013D0004FF000054FF0000150E700BF90F0000F04
:1013E00004BF0021704730B54FF4806404F132042B
:1013F00010F0004548BF40424FF000013EE700BFFB
:1014000042004FEAE2014FEA31014FEA02701FBF8A
:1014100012F07F4393F07F4F81F06051704732F0BC
:101420007F4208BF704793F07F4F04BF41F4002113
:10143000704730B54FF4607401F0004521F0004171
:101440001CE700BF50EA010208BF704730B54FF0FB
:1014500000050AE050EA010208BF704730B511F0FC
:10146000004502D5404261EB41014FF4806404F134
:1014700032045FEA915C3FF4D8AE4FF003025FEABA
:10148000DC0C18BF03325FEADC0C18BF033202EB3E
:10149000DC02C2F1200300FA03FC20FA02F001FA98
:1014A00003FE40EA0E0021FA02F11444BDE600BF3B
:1014B00070B54FF0FF0C4CF4E06C1CEA11541DBFEA
:1014C0001CEA135594EA0C0F95EA0C0F00F0DEF8B5
:1014D0002C4481EA030621EA4C5123EA4C5350EA9A
:1014E000013518BF52EA033541F4801143F48013EB
:1014F00038D0A0FB02CE4FF00005E1FB02E506F07C
:101500000042E0FB03E54FF00006E1FB03569CF0D0
:10151000000F18BF4EF0010EA4F1FF04B6F5007FD6
:1015200064F5407404D25FEA4E0E6D4146EB060648
:1015300042EAC62141EA55514FEAC52040EA5E50D1
:101540004FEACE2EB4F1FD0C88BFBCF5E06F1ED87B
:10155000BEF1004F08BF5FEA500E50F1000041EBB2
:10156000045170BD06F0004646EA010140EA02005F
:1015700081EA0301B4EB5C04C2BFD4EB0C0541EA81
:10158000045170BD41F480114FF0000E013C00F396
:10159000AB8014F1360FDEBF002001F0004170BDBA
:1015A000C4F10004203C35DA0C341BDC04F11404D3
:1015B000C4F1200500FA05F320FA04F001FA05F25F
:1015C00040EA020001F0004221F0004110EBD3702C
:1015D00021FA04F642EB06015EEA430E08BF20EA58
:1015E000D37070BDC4F10C04C4F1200500FA04F3FB
:1015F00020FA05F001FA04F240EA020001F000418D
:1016000010EBD37041F100015EEA430E08BF20EAFF
:10161000D37070BDC4F1200500FA05F24EEA020E47
:1016200020FA04F301FA05F243EA020321FA04F076
:1016300001F0004121FA04F220EA020000EBD3702D
:101640005EEA430E08BF20EAD37070BD94F0000F2D
:101650000FD101F00046400041EB010111F4801F61
:1016600008BF013CF7D041EA060195F0000F18BF12
:10167000704703F00046520043EB030313F4801F4E
:1016800008BF013DF7D043EA0603704794EA0C0F08
:101690000CEA135518BF95EA0C0F0CD050EA41061E
:1016A00018BF52EA4306D1D181EA030101F000419B
:1016B0004FF0000070BD50EA410606BF10461946C3
:1016C00052EA430619D094EA0C0F02D150EA0136CF
:1016D00013D195EA0C0F05D152EA03361CBF104610
:1016E00019460AD181EA030101F0004141F0FE41AF
:1016F00041F470014FF0000070BD41F0FE4141F433
:10170000780170BD70B54FF0FF0C4CF4E06C1CEA32
:1017100011541DBF1CEA135594EA0C0F95EA0C0FE7
:1017200000F0A7F8A4EB050481EA030E52EA0335A2
:101730004FEA013100F088804FEA03334FF08055C3
:1017400045EA131343EA12634FEA022245EA1115F0
:1017500045EA10654FEA00260EF000419D4208BFA1
:10176000964244F1FD0404F5407402D25B084FEA4E
:101770003202B61A65EB03055B084FEA32024FF4FA
:1017800080104FF4002CB6EB020E75EB030E22BF57
:10179000B61A754640EA0C005B084FEA3202B6EB17
:1017A000020E75EB030E22BFB61A754640EA5C00C6
:1017B0005B084FEA3202B6EB020E75EB030E22BF56
:1017C000B61A754640EA9C005B084FEA3202B6EB57
:1017D000020E75EB030E22BFB61A754640EADC0016
:1017E00055EA060E18D04FEA051545EA16754FEA78
:1017F00006164FEAC30343EA52734FEAC2025FEA96
:101800001C1CC0D111F4801F0BD141EA00014FF024
:1018100000004FF0004CB6E711F4801F04BF0143F5
:101820000020B4F1FD0C88BFBCF5E06F3FF6AFAE11
:10183000B5EB030C04BFB6EB020C5FEA500C50F1A1
:10184000000041EB045170BD0EF0004E4EEA113124
:1018500014EB5C04C2BFD4EB0C0541EA045170BD2B
:1018600041F480114FF0000E013C90E645EA060E6F
:101870008DE60CEA135594EA0C0F08BF95EA0C0F9D
:101880003FF43BAF94EA0C0F0AD150EA01347FF4E5
:1018900034AF95EA0C0F7FF425AF104619462CE7BC
:1018A00095EA0C0F06D152EA03353FF4FDAE10461F
:1018B000194622E750EA410618BF52EA43067FF470
:1018C000C5AE50EA41047FF40DAF52EA43057FF400
:1018D000EBAE12E74FF0FF3C06E000BF4FF0010C0B
:1018E00002E000BF4FF0010C4DF804CD4FEA410C6F
:1018F0007FEA6C5C4FEA430C18BF7FEA6C5C1BD03C
:1019000001B050EA410C0CBF52EA430C91EA030FBC
:1019100002BF90EA020F0020704710F1000F91EA19
:10192000030F58BF994208BF90422CBFD8176FEAE7
:10193000E37040F0010070474FEA410C7FEA6C5CB5
:1019400002D150EA013C07D14FEA430C7FEA6C5CBC
:10195000D6D152EA033CD3D05DF8040B704700BFE8
:101960008446104662468C461946634600E000BF36
:1019700001B5FFF7B7FF002848BF10F1000F01BD08
:101980004DF808EDFFF7F4FF0CBF012000205DF8D3
:1019900008FB00BF4DF808EDFFF7EAFF34BF012058
:1019A00000205DF808FB00BF4DF808EDFFF7E0FFF1
:1019B00094BF012000205DF808FB00BF4DF808ED42
:1019C000FFF7CEFF94BF012000205DF808FB00BFA9
:1019D0004DF808EDFFF7C4FF34BF012000205DF88B
:1019E00008FB00BF4FEA410C7FEA6C5C02D150EA71
:1019F000013C0AD14FEA430C7FEA6C5C02D152EA07
:101A0000033C02D14FF0000070474FF001007047D7
:101A10004FEA410212F5001215D211D56FF4787316
:101A2000B3EB625212D94FEAC12343F0004343EAB9
:101A3000505311F0004F23FA02F018BF4042704794
:101A40004FF00000704750EA013005D111F000401E
:101A500008BF6FF0004070474FF00000704700BFB4
:101A60004A0011D212F5001211D20DD56FF478731D
:101A7000B3EB62520ED44FEAC12343F0004343EA72
:101A8000505323FA02F070474FF00000704750EABD
:101A9000013002D14FF0FF3070474FF00000704727
:101AA0004FEA4102B2F1E04324BFB3F5001CDCF180
:101AB000FE5C0DD901F0004C4FEAC0024CEA5070B8
:101AC000B2F1004F40EB830008BF20F001007047E7
:101AD00011F0804F21D113F13872BCBF01F00040EA
:101AE000704741F480114FEA5252C2F11802C2F11C
:101AF000200C10FA0CF320FA02F018BF40F001009D
:101B00004FEAC1234FEAD32303FA0CFC40EA0C004E
:101B100023FA02F34FEA4303CCE77FEA625307D18B
:101B200050EA01331EBF4FF0FE4040F440007047C2
:101B300001F0004040F0FE4040F40000704700BF5C
:101B400080F0004002E000BF81F0004142001FBF72
:101B50005FEA410392EA030F7FEA226C7FEA236C7B
:101B60006AD04FEA1262D2EB1363C1BFD218414070
:101B700048404140B8BF5B42192B88BF704710F006
:101B8000004F40F4000020F07F4018BF404211F0A9
:101B9000004F41F4000121F07F4118BF494292EA11
:101BA000030F3FD0A2F1010241FA03FC10EB0C003D
:101BB000C3F1200301FA03F100F0004302D54942CA
:101BC00060EB4000B0F5000F13D3B0F1807F06D377
:101BD00040084FEA310102F10102FE2A51D2B1F16F
:101BE000004F40EBC25008BF20F0010040EA030064
:101BF0007047490040EB0000013A28BFB0F5000FE4
:101C0000EDD2B0FA80FCACF1080CB2EB0C0200FA99
:101C10000CF0AABF00EBC25052421843BCBFD040E8
:101C20001843704792F0000F81F4000106BF80F462
:101C300000000132013BB5E74FEA41037FEA226C25
:101C400018BF7FEA236C21D092EA030F04D092F0F0
:101C5000000F08BF0846704790EA010F1CBF002024
:101C6000704712F07F4F04D1400028BF40F0004081
:101C7000704712F100723CBF00F50000704700F0A1
:101C8000004343F0FE4040F4000070477FEA2262C8
:101C900016BF08467FEA23630146420206BF5FEA99
:101CA000412390EA010F40F4800070474FF0000399
:101CB00004E000BF10F0004348BF40425FEA000C60
:101CC00008BF704743F0964301464FF000001CE008
:101CD00050EA010208BF70474FF000030AE000BF5E
:101CE00050EA010208BF704711F0004302D540429C
:101CF00061EB41015FEA010C02BF8446014600200E
:101D000043F0B64308BFA3F18053A3F50003BCFA28
:101D10008CF2083AA3EBC25310DB01FA02FC6344D5
:101D200000FA02FCC2F12002BCF1004F20FA02F2DC
:101D300043EB020008BF20F00100704702F12002CF
:101D400001FA02FCC2F1200250EA4C0021FA02F230
:101D500043EB020008BF20EADC7070477BB972B920
:101D60000029BEBF00204FF0004106E008BF002858
:101D70001CBF6FF000414FF0FF3000F0A3B9ADF190
:101D8000080C6DE904CE002909DB002B1ADB00F0FA
:101D900035F8DDF804E0DDE9022304B07047404285
:101DA00061EB4101002B1BDB00F028F8DDF804E0BB
:101DB000DDE9022304B0404261EB4101524263EB92
:101DC00043037047524263EB430300F017F8DDF81A
:101DD00004E0DDE9022304B0404261EB41017047B9
:101DE000524263EB430300F009F8DDF804E0DDE95B
:101DF000022304B0524263EB430370472DE9F047DE
:101E0000089E0D4604460F46002B4AD18A4294464E
:101E100065D9B2FA82F343B102FA03FCC3F120029E
:101E20009F4020FA02F217439C404FEA1C4E1FFAD3
:101E30008CF5B7FBFEF1220C0EFB117742EA07424C
:101E400001FB05F090420AD91CEB020201F1FF37B9
:101E500080F01C81904240F2198102396244121ACA
:101E6000A4B2B2FBFEF00EFB102244EA024400FBD7
:101E700005F5A5420AD91CEB040400F1FF3280F0FD
:101E80000781A54240F204816444023840EA0140DF
:101E9000641B00211EB1DC400023C6E90043BDE8FD
:101EA000F0878B4208D9002E00F0ED800021C6E9B2
:101EB00000050846BDE8F087B3FA83F1002949D14F
:101EC000AB4202D3824200F2F880841A65EB03022F
:101ED00001201746002EE2D0C6E90047DFE702B92D
:101EE000FFDEB2FA82F3002B40F090808A1A4FEAAC
:101EF0001C471FFA8CFE0121B2FBF7F507FB1520EA
:101F0000220C42EA00420EFB05F0904208D91CEB7D
:101F1000020205F1FF3802D2904200F2CB80454622
:101F2000121AA4B2B2FBF7F007FB102244EA0244F3
:101F30000EFB00FEA64508D91CEB040400F1FF329D
:101F400002D2A64500F2BB801046A4EB0E0440EA84
:101F500005409FE7C1F120078B4022FA07FC4CEABD
:101F6000030C05FA01F420FA07F3FD404FEA1C497F
:101F70002343B5FBF9F81FFA8CFE09FB18551C0C1E
:101F800044EA054408FB0EF5A54202FA01F200FA04
:101F900001F00BD91CEB040408F1FF3A80F08880B3
:101FA000A54240F28580A8F102086444641B9DB2FA
:101FB000B4FBF9F309FB134445EA044403FB0EFEAA
:101FC000A64508D91CEB040403F1FF356CD2A645E5
:101FD0006AD9023B644443EA0843A3FB0295A4EB9D
:101FE0000E04AC42C846AE4656D353D056B1B0EB01
:101FF000080264EB0E0404FA07F7CA40CC4017430A
:10200000C6E9007418460021BDE8F087C3F120013D
:1020100002FA03FC20FA01F225FA01F19D402A435D
:102020004FEA1C471FFA8CFEB1FBF7F007FB1015B7
:10203000110C41EA054100FB0EF58D4204FA03F450
:1020400008D91CEB010100F1FF382FD28D422DD9A8
:1020500002386144491B92B2B1FBF7F507FB151139
:1020600042EA014205FB0EF1914208D91CEB020243
:1020700005F1FF3816D2914214D9023D6244521A3A
:1020800045EA004138E73146304608E73946E6E69A
:102090001046FBE64845A9D2B9EB020865EB0C0EE9
:1020A000013BA3E74546EAE72B4694E74046D1E7E4
:1020B000D0467BE7023D624432E708460AE76444C3
:1020C000023842E7704700BF002101F0B1BC00BFF9
:1020D000024B0146186800F00BB800BFC80FFF1F85
:1020E000024B0146186802F067BE00BFC80FFF1F11
:1020F0002DE9F04F01F10B06162E83B0044624D8CB
:10210000102900F2BA8000F0A3FA1026182202204B
:10211000B54F3A44A2F1080153688B4200F0BA80EF
:102120005A68D96822F003021A449D68E9608D60FC
:10213000516841F001012046516003F1080500F0AB
:102140008DFA284603B0BDE8F08F36F0070600F19F
:102150009480B14200F2918000F07AFAB6F5FC7FEB
:10216000C0F09A81730A00F08F80042B00F26F8117
:10217000B30903F1390003F1380CC3009A4F3B4413
:10218000A3F108055B689D4206D10CE0002980F2AE
:102190002781DB689D4206D05A6822F00302911B1A
:1021A0000F29F3DD60463D69DFF850C265457CD0FC
:1021B0006A6822F00302931B0F2B00F37B81002B34
:1021C000C7E904CC80F26C81B2F5007F80F01A81FF
:1021D000D308796801334FEA521E012202FA0EF247
:1021E0000A4357F833E0C5F808E007EBC3010839A4
:1021F000E9607A6047F83350CEF80C508310012123
:102200009940914257D8114206D120F0030049006D
:10221000114200F10400FAD007EBC0094D46864692
:10222000D5F80C80454508D11DE1002B80F22481B2
:10223000D8F80C80454500F01681D8F8042022F02B
:102240000302931B0F2BF0DD2046D8E9025408EB64
:10225000060146F00106C8F80460EC60A56043F092
:102260000104C7E90411C1E902CC4C6048F802300E
:1022700000F0F4F908F1080502E00C2323600025C2
:10228000284603B0BDE8F08F4FF4007340204FF0B4
:102290003F0C73E7D3689A4208BF02307FF440AF27
:1022A0003D69DFF858C1654582D17A688310012104
:1022B00099409142A7D9BD686B6823F003094E4548
:1022C00003D8A9EB06030F2B7ADCDFF834B1474BB8
:1022D000DBF800201B680132334405EB090A00F0EB
:1022E000338103F580530F3323F47F6828F00F0800
:1022F0004146204602F0B6F9411C024600F0F38048
:10230000824500F2EE803A4B196841441960084654
:1023100000F04E81DBF80010019301311BBFA2EBEE
:102320000A010918CBF80020196012F0070B00F021
:102330001781CBF108010A44CBF580519044083154
:10234000A1EB0801C1F30B0A51462046009202F0AE
:1023500089F9421CDDE9002300F04F81801A00EB6F
:102360000A081968BA6048F001005144BD42506043
:10237000196000F02981B9F10F0F40F227816868D8
:10238000A9F10C0C2CF0070C00F0010040EA0C0045
:1023900068604FF0050E05EB0C00BCF10F0FC0E9B3
:1023A00001EE00F2328150681546124B1A688A42DB
:1023B00038BF1960104B1A688A4238BF196094E020
:1023C000AA1943F0010346F001066E602046BA6088
:1023D000536000F043F90835284603B0BDE8F08F9C
:1023E000D9681A44A1E600BF1C09FF1F7422FF1F11
:1023F0004422FF1F6C22FF1F7022FF1F2409FF1FB2
:10240000240DFF1FB2F5206F4FEA522363D3142B24
:1024100000F2B78003F15C01C9005B3307EB010EEA
:102420007958AEF1080E8E4500F091804B6823F08C
:102430000303934202D989688E45F7D1D1F80CE0A5
:102440007A68C5E9021ECEF80850CD60D6E6142B96
:1024500059D9542B00F29D80330B03F16F0003F127
:102460006E0CC3008AE60EF1010E1EF0030F05F19B
:1024700008057FF4D5AE51E0424445465368D8F88C
:102480000C1043F00103536055F8083F2046D96013
:102490008B6000F0E3F8F3E6F00806F1080237E697
:1024A0002A442046536843F001035360083500F086
:1024B000D5F8E5E6A919204646F0010643F00104E7
:1024C0006E60C7E90411C1E902CC4C60AB5000F06A
:1024D000C5F80835D4E6930903F13901C90038334A
:1024E0009CE7BD425FD0BD68686820F003084645A0
:1024F000A8EB060302D80F2B3FF762AF204600F08F
:10250000ADF80025BCE603F15C0003F15B0CC300F1
:1025100034E659F808394B4540F0968010F0030F27
:1025200000F1FF30F5D17B6823EA01037B604900AD
:1025300099423FF6C0AE19B9BDE649000EF1040E4E
:102540001942FAD0704667E603F11008D0E69A10F7
:102550004FF001087B6808FA02F21A437A6070E7CC
:1025600002EB08014942C1F30B0A51462046009292
:1025700002F078F8431CDDE900237FF4EFAEDA4681
:10258000EFE6542B25D8130B03F16F01C9006E330E
:1025900044E7B3F5AA7F25D8F30B03F1780003F1E4
:1025A000770CC300EAE5294B186840441860B1E68F
:1025B000CAF30B0CBCF1000F7FF4ACAEBD68C8448D
:1025C00048F001006860F0E61546EEE6012353602E
:1025D00094E7B3F5AA7F23D8D30B03F17801C900A0
:1025E00077331BE740F25452934223D8B30C03F1E4
:1025F0007D0003F17C0CC300C0E5ABF1080BD844AF
:10260000A8EB02084FF0000AABE605F108012046EE
:10261000009302F0D1FBBD68009B68681968C4E6AE
:1026200040F254518B420BD8930C03F17D01C90049
:102630007C33F3E64FF47E737F204FF07E0C9DE5F4
:102640004FF47E717E23E9E67B6870E74422FF1F2A
:10265000014802F05DB800BFBC23FF1F014802F033
:1026600059B800BFBC23FF1F10B4044C03460A46F0
:1026700020685DF8044B194600F002B8C80FFF1F30
:102680002DE9F84F1746002900F098800C4607F115
:102690000B058046FFF7DCFF162D54F8041C5BD8B1
:1026A00010252A46AF425CD821F003069642A4F1D9
:1026B000080962DABC4BD3F808C009EB0600844570
:1026C00000F09780D0F804C02CF0010303445B684D
:1026D000DB0768D42CF0030C06EB0C03934247DABB
:1026E000CB0710D454F8083CA9EB030ADAF80430FD
:1026F00023F003018C44B444944580F21181731893
:10270000934280F2E88039464046FFF7F1FC0746E5
:10271000E0B154F8043C23F001034B44A0F108025B
:10272000934200F0D280321F242A00F2F580132A4F
:1027300000F2AC8003462246116819605168596066
:1027400092689A602146404602F036FB4046FFF709
:1027500085FF3846BDE8F88F25F00705002D2A468D
:10276000A0DA0C23C8F8003000273846BDE8F88FFF
:102770001E46D0E90223D3609A60731B0F2B22D828
:10278000D9F8043003F0010333434E44C9F8043050
:10279000736843F00103736040462746FFF75EFF0E
:1027A0003846BDE8F88FC907ADD454F8083CA9EB0A
:1027B000030ADAF8041021F00301A0E7BDE8F84F9E
:1027C0001146FFF795BCD9F8042009EB050102F08A
:1027D00001024E4443F001032A43C9F804204B6030
:1027E000736843F0010308317360404602F0E4FA75
:1027F000D2E7DCF8040020F0030B06EB0B0C05F12C
:10280000100084454DDAC9073FF57DAF54F8081C28
:10281000A9EB010ADAF8041021F003018B44B34458
:1028200058453FF76CAF5746DAF80C1057F8080FC9
:10283000321F242AC160886000F2DB80132A40F234
:10284000D6802168CAF808106168CAF80C101B2AE3
:1028500000F2DF8008340AF110022168116061681B
:102860005160A16891600AEB0501ABEB050242F0F3
:10287000010299604A60DAF8043003F001032B4347
:102880004046CAF80430FFF7E9FE6EE723680360AC
:10289000636843601B2A68D804F1080200F108034A
:1028A0004AE709EB05029A60ACEB050343F001032C
:1028B000536054F8043C03F001032B43404644F8B2
:1028C000043CFFF7CBFE27464FE750F8043C23F0CB
:1028D00003031E4451E75746DAF80C1057F8080F67
:1028E000321F242AC16088604CD8132A48D9216835
:1028F000CAF808106168CAF80C101B2A56D80834A8
:102900000AF110021E462368136063685360A368CF
:102910009360D1463C4630E7214601F021FA11E7A9
:10292000D0E902135746CB60996057F8081FDAF8D0
:102930000C30CB60321F242A99602DD8132A29D954
:102940002368CAF808306368CAF80C301B2A42D8DA
:1029500008340AF1100322681A6062685A60A2689B
:102960009A606646D1463C4607E7A3688360E36801
:10297000C360242A26D004F1100200F11003DBE624
:102980003A46BFE7214638461E46D14601F0E8F9EF
:102990003C46F2E63B46DEE7214638466646D146EF
:1029A00001F0DEF93C46E8E61C09FF1FA168CAF801
:1029B0001010E168CAF81410242A20D010340AF14B
:1029C00018029FE7236903616169416104F11802FC
:1029D00000F11803B0E6A368CAF81030E368CAF83B
:1029E0001430242A21D010340AF11803B3E73A46F0
:1029F00033E72146384601F0B3F9164B33E7226935
:102A0000CAF818206269CAF81C2018340AF120029A
:102A100078E7A168CAF81010E168CAF81410242AEF
:102A20000DD010340AF1180217E72369CAF81830DC
:102A30006369CAF81C3018340AF120038BE7226955
:102A4000CAF818206269CAF81C2018340AF120025A
:102A500003E700BF1C09FF1F2DE9F04F2DED048B8C
:102A60009FB08846002192461A9100220021CDE9AC
:102A700004128346414619910F4611F8012B2D2A65
:102A80005ED801A050F822F0232C0400412B040052
:102A9000412B0400412B0400412B0400412B040076
:102AA000412B0400412B0400412B0400772A040031
:102AB000772A0400772A0400772A0400772A040082
:102AC000412B0400412B0400412B0400412B040046
:102AD000412B0400412B0400412B0400412B040036
:102AE000412B0400412B0400412B0400412B040026
:102AF000412B0400412B0400412B0400412B040016
:102B0000412B0400412B0400772A0400412B0400D0
:102B1000412B0400412B0400412B0400412B0400F5
:102B2000412B0400412B0400412B0400412B0400E5
:102B3000412B040019330400412B04000533040029
:102B400000210891302A7CD0002307932F2A1446B5
:102B500040F24B854FF0000938464E464D4612E094
:102B60000130082D1990C8BF09EB89090478C6BF48
:102B700002EB4902A2F13009A3F130062F2C05F136
:102B8000010522466EDD06EB8603392C02EB43037A
:102B9000E6DDA949012201F05BFA002834D1199B36
:102BA0001A46013319935478002D40F0CC85302C0F
:102BB00040F0A885C3F101029818013319931C78DD
:102BC000302CF9D0A4F13103082B00F24E83431CC2
:102BD000199F0C930023A4F1300E01253C460A9363
:102BE00006EB86060EEB46060020631C19936478FC
:102BF000A4F13001092900F2F88201308E46002943
:102C000040F0CF84199CF0E70020652C0A950C90C9
:102C1000864601D0452C32D1002D7AD1079B034343
:102C200076D19FED838BBAF1000F01D0CAF80080F6
:102C3000B0EE480AF0EE680A1FB0BDEC048BBDE8A8
:102C4000F08F7A7802F0DF02582A00F08A84013788
:102C500019973A78302AFAD0002A00F0DE80012352
:102C6000079373E77449012201F0F2F9002800F09C
:102C7000D7800A954FF0000ECDF830E07046002363
:102C80000D93002D00F091800A9A1346002A08BF88
:102C90002B4630460A93FEF791FB02460B46CDE9E0
:102CA0000423DDE90C23102DA3EB02032C46A8BF5F
:102CB0001024092D099314DD604B03EBC40353E981
:102CC0001223FEF7F5FB0246484690468946FEF77A
:102CD00075FB02460B4640464946FEF733FACDE9FE
:102CE00004010F2D00F3B080099B002B00F05684E7
:102CF000099B40F39483162B40F31085099AC5F184
:102D00002503934280F24085099B2C1B1C44A1E0C3
:102D10000025DDF8648008F10103199398F801405B
:102D20002B2C00F09F822D2C00F02F820023099382
:102D3000A4F13003092B00F22382302C05D1199B1A
:102D4000013319931C78302CFAD0A4F13103082BED
:102D500095D8199A0D92531C1993A4F13001547807
:102D60002F2C09DC00F050BC013319939CF8014072
:102D70002F2CA2F1300106DD01EB8102392C9C469B
:102D800004EB4202F0DD0D9A9B1A082B40F33C84C1
:102D900044F61F630D93099B002B3FF472AF0D9B0C
:102DA0005B420D93002D7FF46FAF079B034334D13B
:102DB000BEF1000F7FF435AF692C00F0408400F3C2
:102DC0004783492C00F03B844E2C7FF42AAF1C49EA
:102DD00019A802F013FC00283FF423AF199B1B78BD
:102DE000282B00F08585174801F03AFFB0EE408AA5
:102DF000F0EE608ABAF1000F02D0199BCAF80030D9
:102E0000089B002B3FF414AF18EE901A18EE102A0E
:102E100001F1004343EC182B0AE79FED058BE9E72E
:102E2000199B0A955A1C19925C780C90E0E600BF39
:102E300000000000000000006CCF0400E821050045
:102E4000481E050000130500099B2C1B1C44002C88
:102E500040F3268314F00F000AD0BF4901EBC001F4
:102E6000DDE90423D1E90001FEF722FBCDE90401ED
:102E700034F00F0340F07D82002307930A9A0096F6
:102E80002B463946584602F045FD1290002800F0C6
:102E90006283DDE90C315B1A0999CDF84CA0002959
:102EA000A8BF002300270C9321EAE173B846BA4675
:102EB0000F9307467968584602F0AAFC814600281D
:102EC00000F02D813A699DED048B0232920007F1EA
:102ED0000C010C30FAF7B0F9B0EE480AF0EE680ACF
:102EE0001CAA1BA9584603F0D1F81A90002800F03C
:102EF00005810121584602F0B5FD8046002800F00A
:102F00000E811B9B002BC0F2FD800C9A0F9D9E181A
:102F1000079A1C9C9B1A2344904A013B9342C4F19C
:102F2000360480F2B080D21A1F2AA4EB020400F308
:102F30001F81012393400A9300230E93079B25448E
:102F40003444A6421D443346A8BF2346AB42A8BF23
:102F50002B46002B02DDE41AED1AF61A0C9B002B0F
:102F600000F3AC80002C00F3C080099B002B00F321
:102F7000E080002D00F3CA80002E08DD4146324675
:102F8000584602F0ABFE8046002800F0C8801A992F
:102F90004A46584602F03CFF8246002800F0BF80B7
:102FA0000023C268C36041460D9202F00FFF002863
:102FB000C0F2728400F0FF834146504603F0D0F81F
:102FC00055EC104B10EE100A00224FF080432946BA
:102FD000FEF7EAFC00285BD00D9B002B00F0E080A0
:102FE000059B0E935E4B5E4D0022CDE90A23002423
:102FF0000E9A5C4E5C4B16409E4200F0FC80079B94
:103000008BB1B6F1D46F0ED84FA3D3E9002320467D
:103010002946FEF7C9FC002840F093810B9B03F181
:10302000D6639B1B0B93DDE90A01B0EE480AF0EE74
:10303000680ACDE9040102F095FFDDE9040153ECD3
:10304000102BFEF735FA53EC182BFEF77BF8CDE981
:1030500004010A91079B2BB9424B0A9A13409E42E6
:1030600000F00C811A99584602F0F8FB4946584680
:1030700002F0F4FB4146584602F0F0FB5146584638
:1030800002F0ECFB16E700230E9301230A9355E7A9
:10309000364B204629460022FEF70AFA0D9B0446CD
:1030A0000D46002B79D101F1004310901193059B3F
:1030B0000E93DDE91023CDE90A2399E741461A462C
:1030C000584602F0ABFD804648B301461A9A58466E
:1030D00002F0F6FC18B30D901A99584602F0BEFBA8
:1030E0000D9B1A93002C7FF740AF1A992246584641
:1030F00002F0F4FD1A9000287FF437AF5746DDF850
:103100004CA010E00F9A0C9ED51A01E749462A46BA
:10311000584602F0E3FD814600287FF42DAF574664
:10312000DDF84CA01A9822239FED098BCBF80030D4
:10313000D3E049460F9A584602F070FD81460028B8
:103140007FF417AFEBE700BF0000C0FFFFFFDF41D8
:10315000000000000000F07FE821050002FCFFFFF6
:103160000000F03F0000F07F0000E07F0000E03F43
:10317000C14AD31A012202FA03F30E930A92DDE642
:103180000023CDF864800D937BE50123099308F1BA
:103190000203199398F80240CAE5CDE9104586E785
:1031A000DDE90412002940F0BA80C2F313030E9245
:1031B000002B40F0BA80B14B002220462946FEF792
:1031C000E9FB002840F0B882AD4B2046294600229A
:1031D000FEF76EF901F1004304460D461690179371
:1031E000DDE91623CDE90A2302E7652C4FF0010E35
:1031F0003FF48FAD0EE5A2F1547305939DED047B72
:10320000DDE90A01B0EE470AF0EE670AB0EE479A30
:10321000F0EE679ACDE9040102F0A4FEDDE90401B5
:1032200053EC102BFEF744F953EC192BFDF78AFFF2
:10323000DFF860C2934B01EA0C0C9C45CDE9040118
:103240007AD918EE902A03F154739A4204D118EEF9
:10325000103A01333FF463AF8B4A4FF0FF33CDE9AF
:103260000432FFE60023099391E7652C00F0E98022
:10327000452C00F0E6804FF0010E96E520462946E9
:1032800007F004FDFEF7E6F80B4602462946204605
:10329000FDF756FF0D9C049D44EA050C0A9CC4F3FF
:1032A00013065CEA060304460D4600F0AF806CA3EB
:1032B000D3E90023FEF76EFB48B96BA3D3E90023E3
:1032C00020462946FEF784FB00283FF4CBAE9DED57
:1032D000048B57461A98DDF84CA00146584602F078
:1032E000BDFA4946584602F0B9FA4146584602F03E
:1032F000B5FA1299584602F0B1FA3946584602F02A
:10330000ADFA77E501220892791C19917A78002AA2
:103310003FF487AC0F4615E400220892F4E7DDE99C
:103320000412012900F078810E92584B534D00226F
:10333000CDE90A2300245BE601F154730A93059357
:1033400088E629462046FEF78BFB012838BF01207E
:10335000FEF734F80D9B04460D46002B40F06C81BF
:1033600001F1004314901593DDE91423CDE90A23FC
:1033700054E6B3F59A7F00F3EE801C11102B444BFA
:10338000079340F3C9829846DDE904234FF0000C0F
:10339000E14614F0010F104619464FEA640409F1A2
:1033A000010907D0D8E90023FEF782F84FF0010C9D
:1033B00002460B46012C08F10808EAD1BCF1000FC7
:1033C00001D0CDE90423079B03EBC901059BA3F1C1
:1033D00054730593DDE90423D1E90001FEF768F891
:1033E0002C4BCDE904010B400A462B498B4200F2DD
:1033F000B280A1F580118B4240F22D82224A4FF01B
:10340000FF33CDE904320023079337E518A3D3E94E
:103410000023FEF7BFFA00283FF424AE57E7163327
:10342000FFF612ADDDE90C329A1A1C4B03EBC20316
:10343000DDE90401D3E90023FEF764F941EC180B40
:10344000D8E400230A930C934FF0010EFFF7E6BB7C
:103450006E2C3FF4BCACFFF7E4BB00BFAFF30080C1
:103460009535A094FFFFDF3F35E5AF350000E03F25
:103470009535A094FFFFCF3FE2FBFFFF0000F03F38
:103480000000E03FFFFF9F7CFFFFEF7F0000F0BFE9
:10349000C02105000000F07F0000A07CE8210500AD
:1034A0003FF4EAAC644214F00F020AD0AE4B03EBD7
:1034B000C203DDE90401D3E90023FEF723F9CDE9D6
:1034C000040124113FF4D8AC1F2C3EDC14F010038F
:1034D00018BF6A230793DDE90423DFF8A8824FF0C1
:1034E000000C14F0010F1046194607D0D8E900234C
:1034F000FDF7DEFF4FF0010C02460B46641008F1A9
:103500000808EED1BCF1000F01D0CDE90423079BE0
:1035100093B1DDE90401C1F30A52C2F16B03002B40
:103520000ADD1F2B40F341820020342B049040F32E
:103530005A824FF05C730593DDE9040100220023F9
:10354000FEF71EFA00283FF499AC22239FED808BF2
:10355000CBF800304EE422239FED7F8BCBF8003078
:1035600048E40293089B01931AAB00937F4A1BAB7C
:1035700019A9584601F078FD10F00F0504463FF4F4
:103580004CAC062D7BD19FED728B0137BAF1000F49
:103590003FF44EABCAF80070FFF74ABB9DED048BB9
:1035A00028E40C9B199C03440C93012805F10103AA
:1035B0001A4615D0284400F1FF3C03E046009C4524
:1035C0000DD001332A46082A1D4606EB8600F5D9A0
:1035D000102BDCBF09EB89094FEA4909EFE70232FA
:1035E000082D42DC1546FFF7FBBA61490122384637
:1035F00000F02EFD002800F0888000231D460A936D
:1036000099461E46FFF736BB44F61F639942A8BF92
:1036100019460D91FFF7BFBBDDE904120E92002A97
:103620007FF483AE5746DDF84CA01A9822239FED15
:10363000488BCBF8003050E6CDE9144594E64D496F
:1036400019A801F0DBFF00283FF4EBAA199B4A49B7
:10365000013B19A8199301F0D1FF10B9199B01334F
:1036600019939FED3D8BFFF7C5BB102ADCBF09EB1B
:10367000890901EB490915460020FFF7B6BA1A9AE5
:103680003AB135211CA802F099FD1A99584602F06A
:10369000E5F8013D1B9B042D00F2BC81DFE805F03D
:1036A000032D2A1F03001C9A049203F233421D9B30
:1036B00023F4801343EA02530593E10502D543F056
:1036C000004305932D4A1A409DED048B002A7FF498
:1036D00091AB00F0EFFF22230360FFF78BBB4FF0AD
:1036E000FF336FF00040CDE90430E3057FF556AFBE
:1036F000059BE4E7214B0593F7E71C9B04931D9B77
:103700000593DAE70020FFF75DBA199B1A460133EB
:103710001993547806468146FFF749BA0998124929
:1037200001EBC001DDE90423D1E90001FDF7C0FE92
:1037300041EC180BFFF75EBB9FED097B104D8DED43
:10374000167B00244CE50A950C90FFF751BA00BF98
:103750000000000000000000000000000000F07FFA
:10376000000000000000E0BFE82105004C1E05003D
:103770006CCF04003C1E0500401E05000000F07FD9
:103780000000E03F781E0500A34CC5F10F0504EBD7
:10379000C501DDE90423D1E90001FDF789FE099B9C
:1037A0005D1B04EBC504D4E90023FDF781FE41EC69
:1037B000180BFFF71FBB0D9B5746DDF84CA0002BE5
:1037C00050D0DDE90445954BC5F3130199422A46D3
:1037D00000F0CC800E9B002B00F08380DDE904120A
:1037E0001342144623D0B0EE480AF0EE680A0D9B4F
:1037F000002B00F0948002F0B5FB079B51EC100BFE
:103800006BB1C4F30A53C3F16B03002B07DD1C0536
:1038100004F17F53002203F54013FDF749FE0246F1
:103820000B4651EC180BFDF78DFC41EC180B079B78
:103830007BB151EC180B7A4B0022FDF739FE41ECBD
:10384000180B784B18EE902A134013B92223CBF8AB
:1038500000301A9841E502F1547305930023079351
:10386000FFF70CBBDDE90412C2F313030B4314464C
:10387000B0D1079B002B40F0BE806A4B2340A3F5DC
:1038800080136FEA13536FEA035305934FF0FF332E
:1038900004939DED048BCAE7DDE904010D9B03430E
:1038A0005746DDF84CA0C2D1C1F313030C46002BE0
:1038B000BDD121F000431B0D1B05B3F1D66FB6D966
:1038C0007B6913B93B69012BB1DD394601225846AA
:1038D00002F004FA4146074602F078FA0028A6DD15
:1038E000C7E7DDE904010A9B0342A0D00C467AE752
:1038F0004D4919A81CAA01F09DFE05287FF473AA62
:103900001D9B43F0FF4343F4E00305931C9B04938A
:103910009DED048BFFF76EBA4FF0000953E502F0FE
:1039200021FB079B51EC100B002B49D0C4F30A5329
:10393000C3F16B03002B07DD1C0504F17F530D9AC7
:1039400003F54013FDF7B4FD02460B4651EC180B8E
:10395000FDF7F6FB02460B4643EC182B0022002332
:10396000FEF70EF800283FF464AF5EE6079B04996B
:103970001BB32C4B2B40B3F1D46F1ED81B0DC3F1DE
:103980006B034FF0FF3000FA03F399427FF422AF4C
:10399000264B9A423AD0234B134003F580130593EC
:1039A000002304939DED048B41E74FF0FF3202FAB0
:1039B00003F3049A1A400492BEE54FF0FF33E4E7A4
:1039C0000B4610EE102A51EC180BFDF7B9FB02461E
:1039D0000B4643EC182B00220023FDF7D1FF0028F3
:1039E0003FF437AF21E6C2F14B024FF0FF33934073
:1039F0000B400593A0E50B4B2340B3F1D66F3FF787
:103A00003EAFB3F15C7F3FF714AF0EE60131C2D198
:103A1000FFF788BB002350E6E8210500FFFF0F00F9
:103A2000000050390000F07F601E0500FFFFEF7FAF
:103A300010B4054C054B84460A4620685DF8044BDB
:103A40006146FFF709B800BFC80FFF1F380DFF1F01
:103A500013460A460146022001F00AB9024B1844F7
:103A6000407800F008007047A01E0500024A034994
:103A7000034800F0BBB800BF2C0DFF1F797E040087
:103A8000A80EFF1F0C4B4168994210B5044601D0A7
:103A900004F0F2F9A168094B994202D0204604F0E3
:103AA000EBF9E168064B994204D02046BDE810408E
:103AB00004F0E2B910BD00BF7822FF1FE022FF1F13
:103AC0004823FF1F2DE9F8432A4C2B4B2B48DFF8E6
:103AD000C090DFF8C0802A4F186000250423082218
:103AE000294604F15C00274E6566C4E90253C4E927
:103AF0000055C4E90455A56100F0AEF9224B636797
:103B00000822294604F1C400C4E90749C4E9098729
:103B1000C4E91A55C4E91E55C4F8CC502567C4F849
:103B20008050E66200F098F9184BC4F8DC30294662
:103B300004F16803082204F59670C4F88430C4E9DF
:103B40002298C4E92476C4E93455C4E93855C4F848
:103B50003451C4F8D850C4F8E85000F07DF904F1AD
:103B6000D003C4E93C98C4E93E76C4F8EC30BDE823
:103B7000F88300BF7822FF1FB023FF1F6D3A0400B7
:103B8000D93C0400F93C04000900010012000200C5
:103B9000753C0400993C040010B504460A4800F046
:103BA000B7FD636B23B9094B094A1B68626323B1F4
:103BB000BDE81040044800F0ADBDFFF783FFBDE84D
:103BC0001040014800F0A6BDC023FF1FB023FF1F17
:103BD000853A0400014800F09BBD00BFC023FF1FD1
:103BE000014800F097BD00BFC023FF1F2DE9F84337
:103BF00080460F4616464FF00009D6E90154013DB4
:103C000011D4A389012B05F1FF3508D9B4F90E3081
:103C10000133214603D04046B84749EA00096B1CEE
:103C200004F16804EDD13668002EE6D14846BDE8BF
:103C3000F88300BF0EB410B59DB06FF000411FAB0C
:103C4000CDE906010491094953F8042B0290084C70
:103C50000868019302A9059402F01EFB029B002252
:103C60001A701DB0BDE8104003B07047C80FFF1FA9
:103C70000802FFFF10B50C46B1F90E1000F0DCFC95
:103C8000002803DB236D0344236510BDA38923F4BF
:103C90008053A38110BD00BF2DE9F0410C46B1F95E
:103CA0000C101F46CB05054616460BD421F4805157
:103CB000A1813B46B4F90E1032462846BDE8F041DA
:103CC00000F0E2BCB4F90E100223002200F09EFCCA
:103CD000B4F90C10EAE700BF10B50C46B1F90E10AC
:103CE00000F094FCA389421C0EBF23F4805343F4DC
:103CF00080532065A38110BDB1F90E1000F074BC93
:103D0000032A70B514D940EA01039B0722D1044667
:103D10000B46194620460E680568B54204F10404B6
:103D200003F1040316D1043A032A20461946F0D8B9
:103D3000541E9AB1421E013901E0C3180CD012F88A
:103D400001EF11F801CFE645A4EB0203F5D0AEEB8D
:103D50000C0070BD541EEDE7184670BD104670BDD6
:103D600088420DD98B1883420AD900EB020CBAB1F4
:103D7000624613F801CD02F801CD9942F9D170479E
:103D80000F2A0ED8034602F1FF3C4AB10CF1010C98
:103D9000013B8C4411F8012B03F8012F6145F9D147
:103DA000704740EA01039B0750D1A2F1100370B5A0
:103DB00001F1200C23F00F0501F1100E00F11004A9
:103DC000AC441B095EF8105C44F8105C5EF80C5CB7
:103DD00044F80C5C5EF8085C44F8085C5EF8045C2F
:103DE00044F8045C0EF1100EE64504F11004E9D12C
:103DF000013312F00C0F01EB031102F00F0400EB82
:103E0000031327D0043C24F003064FEA940C1E440D
:103E10001C1F8E465EF8045B44F8045FB442F9D17F
:103E20000CF1010402F0030203EB840301EB8401B3
:103E300002F1FF3C4AB10CF1010C013B8C4411F83A
:103E4000012B03F8012F6145F9D170BD02F1FF3C50
:103E500003469BE72246EBE7830730B548D0541E64
:103E6000002A3FD0CAB2034601E0013C3AD303F82E
:103E7000012B9D07F9D1032C2DD9CDB245EA05259B
:103E80000F2C45EA054536D9A4F1100222F00F0C9B
:103E900003F1200EE6444FEA121C03F1100242E93E
:103EA000045542E9025510327245F8D10CF1010275
:103EB00014F00C0F03EB021204F00F0C13D0ACF152
:103EC000040323F003030433134442F8045B9342D6
:103ED000FBD10CF003042CB1C9B21C4403F8011B44
:103EE0009C42FBD130BD64461346002CF4D1F9E767
:103EF00003461446BFE71A46A446E0E730B4134D24
:103F000010F8014B2B5D03F00303012B11F8013B6B
:103F100015F803C00CF0030C224608BF04F1200280
:103F2000BCF1010F1C4606D0D21A0AD1002BE7D1F2
:103F3000204630BC70472033D41AE1D0204630BC34
:103F400070471446204630BC704700BFA11E0500D4
:103F500011F0FF01034644D0820732D110B5046846
:103F600041EA012E4EEA0E4E8EEA0402A2F101331E
:103F700023EA0203A4F1013222EA0402134313F0FC
:103F8000803F0FD150F8044F84EA0E0CA4F10133A6
:103F9000ACF1013223EA040322EA0C02134313F0CA
:103FA000803FEFD0037823B936E010F8013F002BB3
:103FB00032D09942F9D110BD8A4211D09A071846E1
:103FC000CCD0184613F8012B002AF5D110467047C3
:103FD0009907184607D0184601330278002AF7D10E
:103FE00070478207F7D10268A2F1013323EA020386
:103FF00013F0803F08D150F8042FA2F1013323EAD7
:10400000020313F0803FF6D00378002BE8D010F8BD
:10401000013F002BFBD17047184610BD30B4047827
:104020009CB10D7884465DB10A462B4602E012F839
:10403000013F2BB1A342FAD1ACEB000030BC70477A
:104040001CF8014F002CEED1F6E72046F6E700BF42
:10405000002A3ED040EA01039B0730B584462FD1A9
:10406000032A2DD90B4608E0043A8446194625D088
:104070001EF0803F22D1032A22D90468194653F842
:10408000045BA4F1013EAC4284462EEA040E00F12A
:104090000400E9D09CF800000C78A0421BD1E64651
:1040A00068B11EF8010F11F8014FA2EB0E03A042F8
:1040B00003F1FF330FD11CEB0303F1D1002030BD1E
:1040C0009CF800000C78844205D1012AF6D0E6461F
:1040D000E6E710467047001B30BD00BF40EA010311
:1040E0009B0730B501D1032A0FD8844601F1FF3E6A
:1040F00007E01EF8011F03F8011B541EC1B19C46C6
:1041000022466346002AF4D130BD0B468446194648
:1041100053F8045BA5F1013424EA050414F0803F50
:10412000E4D1043A032A4CF8045B1946EFD8DDE7E2
:104130009444002CE8D003F8011B6345FBD130BD4B
:10414000024A12680123503200F002B8C80FFF1F64
:10415000F0B4074610B33E468C4616F8010B01E05A
:10416000A04216D01CF8014B002CF9D1D8B116F89A
:10417000015B0C4601E0002BF9D014F8013B9D4295
:10418000F9D14DB1002306F8013C16603846F0BC69
:1041900070475BB13746DEE72E46F6E71768002F1B
:1041A000D9D13846F3E7F0BC106070471660384646
:1041B0003B70ECE701292DE9F0415BD94FF0010894
:1041C000C64600244FF0FF35434608E0A3EB050840
:1041D0001C464FF0010E04EB0E038B4210D200EB95
:1041E0000E0CC75C1CF80560B742EFD332D04FF01D
:1041F00001082546C646444404EB0E038B42EED329
:104200000127C2F80080BE4600244FF0FF363B462F
:1042100007E09F1B1C464FF0010E04EB0E038B4280
:1042200010D200EB060C10F803801CF80EC0E0451D
:10423000EFD817D001272646BE463C4404EB0E03B8
:104240008B42EED30136681C864201D3176030469C
:10425000BDE8F081C6450ABF74440EF1010E4FF06F
:10426000010EB8E7BE450ABF74440EF1010E4FF0CF
:10427000010ED2E701270026E8E700BF2DE9F04F45
:104280009246ADF21C4D05AA81460F46504619468E
:104290001D46FFF78FFF134683460DF2144243F885
:1042A000045F9342FBD1002D00F0DF806C1E06AE50
:1042B0000AF1FF320AEB0400009612F8011FAB1A54
:1042C000013B5344824246F82130F6D105995A46C3
:1042D00051445046FFF714FD00286FD10BF1FF3316
:1042E0000393CBF1010380460646019309EB060ECA
:1042F000009A1EF8043052F82330DBB1B8F1000FF9
:1043000003D0059A9A4200D9AB1A1E444FF0000818
:104310007B1B9E42EAD909EB070045F4006103F0DC
:10432000D1FE07447B1B9E42E0D900200DF21C4DBC
:10433000BDE8F08FC3455B4638BF4346A34210D269
:10434000591EF21851444A4402E00133A34208D2F4
:1043500012F8010B11F801CF8445F6D0019A1644EA
:10436000D3E7C345039B7ED906EB0B024A440AEB15
:104370000B01029602E0434515D0034612F8010DE9
:1043800011F8016D864203F1010C03F1FF30F2D008
:10439000029E634608F1010898450AD8059B1E4411
:1043A000A5EB0308B4E7434608F101089845029ECF
:1043B000F4D970460DF21C4DBDE8F08FA5EB0B0350
:1043C0005B4538BF5B46013305930BF1FF33019327
:1043D000CBF101030026029345F4006809EB0601C6
:1043E000009A0B5D52F823306BB11E447B1BB34225
:1043F000F4D209EB0700414603F064FE07447B1B3F
:10440000B342EBD291E7A34514D2019B0BEB06021A
:104410000AEB030C4A445B4602E00133A34209D293
:1044200012F8010B1CF801EF8645F6D0029A1644EB
:104430001E44DBE7BBF1000F10D00BEB0600484435
:104440000AEB0B0201E0534508D012F801ED10F819
:1044500001CDE6451346F6D0059BC6E708460DF2AA
:104460001C4DBDE8F08F5B4694E706AB4FF0FF3480
:1044700000932BE72DE9F0410D46097890B00446F2
:10448000002954D06A78002A00F08380AB78002B92
:1044900051D0E8782E68002800F082802B79002B1C
:1044A00057D0284600F06CFB064640F400712046C9
:1044B00003F008FE86425BD8FE2E00F28680801B49
:1044C00027184022711C6846FFF7C6FC7EB16A1EA1
:1044D0005FFA86FC901912F8013F03F03F03403366
:1044E0006B44A91A6144824203F8401CF3D1013C99
:1044F000A35D03F03F0340336B4413F8403C1C447E
:10450000A74203D239E04444A74236D314F806C088
:104510000CF03F0C0CF140030DEB030C204632462F
:1045200029461CF8408CFFF7EBFB0028EBD1204616
:1045300010B0BDE8F081007842EA014200E00C468C
:1045400040EA0343611C98B19A426078F7D1013C7C
:10455000EDE7227862B131BA01E099421ED042EA19
:104560000323204614F8012F002AF6D1994215D0D2
:104570000024204610B0BDE8F081BB5DB819002BC7
:10458000F6D04FF4006103F09DFD0744BC42AED964
:10459000EEE710B0BDE8F041FFF7DABCC41EC6E795
:1045A000120442EA016242EA03232178024600E053
:1045B0002C4641EA0200651C02020029D8D0B3EB68
:1045C000002F6178F4D1023CB1E7014633462A4618
:1045D000204610B0BDE8F041FFF750BE014B93F804
:1045E00028017047380DFF1F38B5074D00220446DB
:1045F00008462A60F8F73EFF431C00D038BD2B6800
:10460000002BFBD0236038BDB423FF1F38B50C4608
:10461000084D8446114620461A4600232B60644606
:10462000F8F734FF431C00D038BD2B68002BFBD0BB
:10463000236038BDB423FF1F38B50C46084D8446AF
:10464000114620461A4600232B606446F8F710FFF7
:10465000431C00D038BD2B68002BFBD0236038BD35
:10466000B423FF1F38B5074D0022044608462A60D0
:10467000F8F7E4FE431C00D038BD2B68002BFBD0BC
:10468000236038BDB423FF1F38B50C46084D84465F
:10469000114620461A4600232B606446F8F7FAF8C4
:1046A000431C00D038BD2B68002BFBD0236038BDE5
:1046B000B423FF1F014B1868704700BFC80FFF1FCE
:1046C00070B50D4E0D4D761BB61006D0002455F872
:1046D000043B01349847A642F9D1094E094D761B97
:1046E0000DF07EFEB61006D0002455F8043B0134D0
:1046F0009847A642F9D170BDEC230500EC230500D4
:1047000004240500EC230500704700BF704700BF7C
:10471000704700BF704700BFFFFFFFFFFFFFFFFFB5
:10472000A2EB0300704700BF02780B78012A28BF74
:104730009A42F5D16DE9044540EA0104CDE90267EA
:104740006FF0000C4FEA447212B380EA010414F0D7
:10475000070F6AD100F0070420F0070004F00305FA
:1047600021F007014FEAC505F0E8042314F0040F17
:10477000F1E804670CFA05F462EA040266EA04064A
:104780000AD063EA0403624667EA0407664603E068
:10479000F0E80423F1E8046782FA4CF582EA0604A3
:1047A000A4FA8CF46CBB83FA4CF583EA0705A5FAEE
:1047B0008CF595B950E9022351E9026782FA4CF56C
:1047C00082EA0604A4FA8CF483FA4CF583EA07051E
:1047D000A5FA8CF52543DBD09CB92DBAB5FA85F442
:1047E00024F0070427FA04F1DDE9026723FA04F351
:1047F00003F0FF0001F0FF01FDE80445A0EB01001C
:10480000704724BAB4FA84F424F0070426FA04F1B9
:10481000DDE9026722FA04F202F0FF0001F0FF0175
:10482000FDE80445A0EB0100704714F0030F3CD1F4
:1048300010F0030428D150F8082B51F8083B82FAF5
:104840004CF582EA0305A5FA8CF55DB950F8042C05
:1048500051F8043C82FA4CF582EA0305A5FA8CF57E
:10486000002DE8D02DBAB5FA85F424F0070423FA18
:1048700004F122FA04F202F0FF0001F0FF01FDE86A
:104880000445A0EB010070474FEAC40420F0030088
:1048900050F8082B21F0030151F8083B0CFA04F4FE
:1048A00062EA040263EA0403C9E710F003041AD0C1
:1048B000A1EB040120F00300E40750F8042B06D01C
:1048C0000FD28B785FFAA2F4E41A06D12BB1CB7821
:1048D0005FFAB2F4E41A00D11BB920465DF8104B20
:1048E000704701F1040150F8042BCC0721F00301BB
:1048F00051F8043B48D824D222F07F4482FA4CF588
:1049000094EA1325A5FA8CF50AD165B951F8043B50
:1049100084EA0204B4EB036F0ED150F8042BEBE7EA
:104920004FEA132355E035F07F454DD10878FDE877
:104930000445C0F1000070474FEA126203F0FF0324
:1049400047E002EA1C4482FA4CF594EA1345A5FAC2
:104950008CF50AD165B951F8043B84EA0204B4EB42
:10496000034F0CD150F8042BEBE74FEA134330E030
:1049700015EA1C4528D10B884FEA124229E04FEA7C
:10498000124203EA1C4324E002F0FF0482FA4CF5D1
:1049900094EA1365A5FA8CF50AD165B951F8043B80
:1049A00084EA0204B4EB032F09D150F8042BEBE79F
:1049B0004FEA13630DE015F0FF0F05D10B684FEAC6
:1049C000122223F07F4304E04FF00000FDE804458D
:1049D000704712BA1BBA82FA4CF482EA0304A4FAB2
:1049E0008CF5B5FA85F402FA04F203FA04F34FEAFF
:1049F0001260FDE80445A0EB1360704780EA0102F5
:104A0000844612F0030F4FD111F0030F32D14DF84D
:104A1000044D11F0040F51F8043B0BD0A3F1013207
:104A20009A4312F0803F04BF4CF8043B51F8043B1A
:104A300016D100BF51F8044BA3F101329A4312F092
:104A4000803FA4F101320BD14CF8043BA24312F099
:104A5000803F04BF51F8043B4CF8044BEAD0234696
:104A60000CF8013B13F0FF0F4FEA3323F8D15DF848
:104A7000044B704711F0010F06D011F8012B0CF810
:104A8000012B002A08BF704711F0020FBFD031F888
:104A9000022B12F0FF0F16BF2CF8022B8CF800200F
:104AA00012F47F4FB3D1704711F8012B0CF8012B92
:104AB000002AF9D1704700BFFFFFFFFFFFFFFFFF94
:104AC00001F0FF01102A2BDB10F0070F08D010F8BF
:104AD000013B013A8B422DD010F0070F42B3F6D1C3
:104AE000F0B441EA012141EA014122F007047FF0DC
:104AF00000070023F0E80256083C85EA010586EA33
:104B0000010685FA47F5A3FA87F586FA47F6A5FA6E
:104B100087F68EB9EED1F0BC01F0FF0102F007027A
:104B200032B110F8013B013A83EA010313B1F8D125
:104B30000020704701387047002D06BF3546033806
:104B4000073815F0010F07D1013015F4807F02BF3F
:104B5000013015F4C03F0130F0BC0138704700BF90
:104B6000FFFFFFFFFFFFFFFFFFFFFFFFFFFFFFFF55
:104B7000FFFFFFFFFFFFFFFFFFFFFFFFFFFFFFFF45
:104B800090F800F06DE9024520F007016FF0000C8D
:104B900010F0070491F820F040F049804FF0000435
:104BA0006FF00700D1E9002391F840F000F1080010
:104BB00082FA4CF2A4FA8CF283FA4CF3A2FA8CF348
:104BC0004BBBD1E9022382FA4CF200F10800A4FAAF
:104BD0008CF283FA4CF3A2FA8CF3E3B9D1E9042303
:104BE00082FA4CF200F10800A4FA8CF283FA4CF33A
:104BF000A2FA8CF37BB9D1E9062301F1200182FAF4
:104C00004CF200F10800A4FA8CF283FA4CF3A2FAF9
:104C10008CF3002BC6D0002A04BF04301A4612BA07
:104C2000B2FA82F2FDE8024500EBD2007047D1E90A
:104C3000002304F00305C4F100004FEAC50514F099
:104C4000040F91F840F00CFA05F562EA05021CBF6A
:104C500063EA050362464FF00004A9E7FFFFFFFF88
:104C60009FED010B704700BF000000000000F87FBF
:104C70002DE9F047DFF87CA00646DAF800009846F8
:104C80000F469146FFF744FD184B1C6824B3656836
:104C90001F2D24DC5EB96B1C0235DAF8000063605E
:104CA00044F82570FFF736FD0020BDE8F08704EBDF
:104CB00085010123C1F88890D4F88821AB401A43BC
:104CC000022EC4F88821C1F80881E4D1D4F88C21DF
:104CD0001A43C4F88C21DEE7054C1C60D7E7DAF8EC
:104CE0000000FFF717FD4FF0FF30DEE75425FF1FF0
:104CF000C423FF1FCC0FFF1F024B13B1024800F06B
:104D000005B8704700000000F18004000023014650
:104D10001A461846FFF7ACBFF8B5244F0C460646B6
:104D2000FDF796FCBB685D68C4F57E610F3125F028
:104D300003054B1923F47F6323F00F03A3F580547D
:104D4000B4F5805F07DB00213046FFF78BFCBB68C2
:104D50002B44984204D03046FDF780FC0020F8BD7B
:104D600061423046FFF77EFC01300DD0104ABB682F
:104D70002D1B45F001055D60136830461B1B136059
:104D8000FDF76CFC0120F8BD00213046FFF76AFCFE
:104D9000BA68831A0F2BDEDD43F001035360054B25
:104DA00003491B68C01A0860D5E700BF1C09FF1F34
:104DB0004422FF1F240DFF1F002961D0F8B50C46C7
:104DC0000646FDF745FC54F8042C7B4FA4F108057A
:104DD00022F0010105EB010CB868DCF804306045F5
:104DE00023F0030300F08B80D207CCF8043032D4D8
:104DF00054F8082CAD1A1144AA6807F10800824241
:104E00006AD00CEB0304D4F804E0EC68D4601EF024
:104E1000010FA26000F0978041F001036B60CCF8B5
:104E20000010B1F5007F35D27868CB08012249091E
:104E300001338A40024357F833107A6007EBC3020C
:104E4000083AC5E9021247F83350CD603046BDE854
:104E5000F840FDF703BC0CEB03025268D00710D4F6
:104E6000194407F10800DCF80830834273D0DCF8FD
:104E70000C20DA60936041F001036B606950D0E769
:104E8000704741F00103B1F5007F44F8043CCCF8D1
:104E90000010C9D3B1F5206F4FEA512348D28B09D6
:104EA00003F1390003F13802C300F818FB58083841
:104EB000984259D05A6822F003028A4202D99B686C
:104EC0009842F7D1D868C5E902308560DD60304688
:104ED000BDE8F840FDF7C2BB0CEB03025268D207F5
:104EE00063D40B44DCE90212CA60916043F0010212
:104EF0006A603046EB50BDE8F840FDF7AFBB0B44AD
:104F0000D10707D454F8082CAD1A1344D5E902127E
:104F1000CA60916043F001026A60284ABD6012686D
:104F20009A4293D8264B30461968FFF7F5FE8DE775
:104F3000142B0AD9542B1FD80B0B03F16F0003F16C
:104F40006E02C300B1E719448DE703F15C0003F181
:104F50005B02C300A9E741F00103C7E90455C5E9B5
:104F600002006B60695071E779689210012404FABD
:104F700002F20A437A60A6E7B3F5AA7F06D8CB0B04
:104F800003F1780003F17702C3008EE740F2545238
:104F9000934206D88B0C03F17D0003F17C02C30021
:104FA00083E74FF47E737E227FE741F001036B605D
:104FB000CCF800104AE700BF1C09FF1F280DFF1F97
:104FC0007422FF1F2DE9F0410469B4EB611F2FDD4E
:104FD00000F1140E4E1111F01F0C0EEB84050EEBB8
:104FE00086032BD05EF8261004339D4221FA0CF183
:104FF000CCF1200818D977461A6802FA08F20A4359
:1050000047F8042B53F8041B9D4221FA0CF1F3D806
:10501000A31B9B00053B9B0801330EEB83044EF85A
:105020002310C9B1043417E0416174460029F9D155
:105030000023036100234361BDE8F0819D4288BFE6
:1050400000F11002F4D953F8041B42F8041F9D42EA
:10505000F9D8A41B0EEB8404A4EB0E039B1074453B
:105060000361E7D0BDE8F0812DE9F04F2DED028B13
:105070000C688B46A17885B0302908EE100A92465C
:10508000029340F0CE816FF00100001BE21C8318F8
:10509000144612F8011B3029F9D0DFF8008318F804
:1050A0000120002A00F0E5802278002718F802206D
:1050B0003D4626462AB116F8012F18F80220002A8C
:1050C000F9D1B549019301223046FEF7C1FF019B9A
:1050D000814600284DD0002D4ED13278A94602F0ED
:1050E000DF02502A354650D0CBF80060002F69D13E
:1050F0002B1B013B072B394604DD5B10072B01F10D
:105100000101FADC18EE100A00F082FB8346002849
:1051100000F0668200F11406AC42019680F0D28164
:105120000027CDF80C909C49A1463C460CE0202F6E
:1051300019D0384604372A7818F8022002F00F02F6
:10514000824014434D4547D015F8012D2E2AEED14B
:105150004D45ECD301222846FEF77AFF8E49002800
:10516000F0D0202FE5D1002046F8044B0427044658
:10517000E1E7002D00F04281327802F0DF02AD1B42
:10518000502A4FEA85093546AED16A782B2A00F0BD
:1051900025812D2A00F0A5806E1C002018F8021031
:1051A0004A1E182A00F29B80727818F802201039E3
:1051B0000136002A5AD100B149428944CBF8006037
:1051C000002F95D0002B14BF00250625284605B0DA
:1051D000BDEC028BBDE8F08FDDF80C90234646F85D
:1051E000043B1846019BF61AB610CBF8106000F08D
:1051F000E9FB7601DAF80040301AA04275DCC0F213
:10520000EF800027DAF808304B45C0F25181DAF818
:1052100004304B454ADDA3EB09094C4500F382807D
:10522000DAF80C20022A00F06581032A00F081815F
:10523000012A00F06F8118EE100A594600F00EFBAB
:105240005025109A00232846136005B0BDEC028B50
:10525000BDE8F08F01EB810102EB4102A2F11001E8
:1052600016F8012F18F80220002AA4D0192AF1DD1F
:10527000A1E74949019301222046FEF7E9FE019B7F
:1052800000286DD1617818F80120651C002A69D0CA
:1052900030292C4605D114F8013F302BFBD018F8EB
:1052A0000320B2FA82F77F09012302E7012557B1F3
:1052B000DAF80C30022B5DD0032B5FD0012B00F00D
:1052C000848045F01005109BC3F800B0029B28466F
:1052D000C3F8009005B0BDEC028BBDE8F08F2E4600
:1052E00002E70120AA78AE1C58E7061B3146584653
:1052F00000F092FF074678B1721E53110199012701
:1053000051F8231002F01F0307FA03F30B4203D0F6
:10531000BA4200F3E280022731465846B144FFF713
:1053200051FE6FE709F1FF35002F40F0CE80002DD0
:1053300040F0CD806B11019A05F01F0552F8232033
:105340000123AB4013424946584618BF47F00207B5
:10535000A4EB0904FFF736FE0225DAF80490A6E76D
:105360002178254601F0DF01502900F0BF80CBF8FD
:10537000005027E7119BC3F101031193119B002BF0
:105380009FD0DBF81070DDF80480BA00434601922C
:1053900008EB8700002107E06CCF040060200500C7
:1053A000984243F8041C3FD91E4653F8042BB2F12F
:1053B000FF3FF5D00132022D326000F0BF8014F0C3
:1053C0001F0440F0E78021257DE7BA077FF579AF1C
:1053D000019B1B681F43FB07D3D472E7002081E7C2
:1053E000221A594618EE100AA9EB020900F076FCC1
:1053F00000F1140383460193002703E7727818F83D
:105400000200711C002800F0A0800D4611F8012F49
:1054100018F802000028F8D1751B4FEA85090E46DE
:105420005DE60234002338E6DBF808309F4280F264
:105430008E803B460BEB830201210133022DCBF81A
:10544000103051617AD09F42B9DA002B40F39B8033
:10545000DBF8142008EB83030BF1180083424FEABA
:10546000520240F2B1804446016842EAC17244F8F7
:10547000042B50F8042B83424FEA5202F4D8A3EBDA
:105480000B03193B9B08013348F8232008EB8303E7
:10549000002A40F09D80A3EB080292104345CBF810
:1054A000102073D0DAF8083009F101094B458ADA87
:1054B00018EE100A594600F0D1F9109A0023136033
:1054C000A32583E6019E002389E6012732E72946CA
:1054D000584600F0A1FE07462CE7B11E584600F0E2
:1054E0009BFE00283FF417AF032715E74FF0000994
:1054F00001274AE6119A002A7FF49DAE02990B60BB
:10550000019B0122CBF810201A60109B6225C3F882
:1055100000B05BE64C457FF48EAE012CEED0611EF0
:10552000584600F079FE00283FF485AEDAF80430E2
:10553000E4E7119A002A3FF47EAEDFE7DAF80030A4
:10554000013BA34234D02225BDE60E46C7E5DBF879
:10555000041018EE100A013100F05AF90646C8B3DB
:10556000DBF8103002339A000BF10C010C30F7F726
:1055700063FE594618EE100A00F070F906F114089F
:105580003369B34656E70023CBF810300023CBF83D
:10559000143087E7019B4344C4F1200453F8040C02
:1055A00000F010FAA042BFF60EAFDBF810304CE767
:1055B000631104F01F0458F823200123A340134271
:1055C0000CBF222521257EE6C8F8002043466AB19B
:1055D000043360E7074B08483246842102F0D2FDCD
:1055E000044B05485A46E42102F0CCFDCBF81020CC
:1055F000CCE700BFE81F0500FC1F050010B40468DD
:1056000009E014F8013FA3F1410CBCF1190F98BF58
:105610002033934209D111F8012B002AF1D1013432
:10562000046001205DF8044B704700205DF8044BD6
:10563000704700BF2DE9F04F096885B04B1111F09C
:105640001F01029002EB8303039140F08F801D1F26
:105650000193029B01991C68002341F8043C617886
:105660000134002900F09880DFF87491A846AC4618
:105670009A461E460EE0202900F28C80564506DD33
:10568000C44501D2072B5BDD624551D3082314F8D2
:10569000011FA1B119F801000028ECD00133082B3B
:1056A00006F101063ADCDCF80010090100F00F00F9
:1056B0000843CCF8000014F8011F0029EAD1002E9D
:1056C0006AD0C44501D2072B74DD624552D2111F46
:1056D000634653F8040B41F8040FAB42F9D9A5EB2C
:1056E0000C0323F00303691C04330CF1010C614526
:1056F00038BF04231344002143F8041BAB42FBD9F9
:10570000019B53F8043C2BB9AA4249D055F8043DFB
:10571000002BF9D0052005B0BDE8F08F6245B6D268
:1057200000234CF8043C1946ACF1040C0123BDE7FE
:105730000023ACF104084CF8043CB246C446A6E78A
:10574000C3F10801DCF800308900C1F1200E604689
:105750009B46476807FA0EF343EA0B0327FA01FB5F
:10576000036040F804BF4045F3D38DE7191D019154
:105770001D466EE7039B002BC2D0039B0198C3F12B
:1057800020014FF0FF33CB4050F8041C0B4040F891
:10579000043CB8E7292909D0042005B0BDE8F08F02
:1057A000012305202B6005B0BDE8F08F029901347C
:1057B0000C6084E7DCF80010C3F108039B00C3F120
:1057C000200764460846666806FA07F1014326FA90
:1057D00003F0216044F8040F4445F4D375E700BF9B
:1057E0006020050082B049B15AB16BB113780B60EB
:1057F0001278101E18BF012002B0704701A9002ABC
:10580000F3D1104602B070476FF00100F4E700BF1B
:10581000436C70B505460C464BB153F8240080B17B
:10582000026843F824200023C0E9033370BD21221D
:10583000042102F0C7FC034668640028EDD1002073
:1058400070BD012101FA04F6721D9200284602F093
:10585000B9FC0028F3D0C0E90146E4E731B1436C5C
:105860004A6853F82200086043F82210704700BFCE
:105870002DE9F0410E6980460F461D4601F1140ED8
:105880000020DEF800108CB202FB0453090C4FEA32
:10589000134C02FB01CC01309CB204EB0C44864259
:1058A0004EF8044B4FEA1C45EBDC3DB1BB68B342FC
:1058B00007DD07EB860301365D613E613846BDE8D2
:1058C000F081796840460131FFF7A2FF0446B0B18C
:1058D0003A69023207F10C0192000C30F7F7ACFC88
:1058E000D8F844307A6853F82210396043F82270AF
:1058F000274607EB860301365D613E61DEE7034B19
:1059000003482246BA2102F03DFC00BFE81F050013
:10591000602105002DE9F8431746274A1E46083343
:105920000C46092E82FB03124FEAE3730546C3EBD4
:10593000620339DD4FF0010C00214FEA4C0C634546
:1059400001F10101F9DC2846FFF762FF014668B367
:10595000089B4361092F4FF00103036112DC0A34F5
:105960000927BE420BDDF21BA61814F8013B0A22E0
:10597000303B2846FFF77CFFA6420146F5D108469A
:10598000BDE8F88304F10909C8463C4418F8013B16
:105990000A22303B2846FFF76BFFA0450146F5D1B0
:1059A000A7F108044C44DCE70021CCE70A46034B8E
:1059B0000348D32102F0E6FB398EE338E81F0500E7
:1059C00060210500030C1B04D3B90004102310F060
:1059D0007F4F04BF0002083310F0704F04BF000176
:1059E000043310F0404F04BF80000233002805DB71
:1059F00010F0804F03F1010308BF202318467047C1
:105A00000023E4E7036813F0070208D0D9071FD486
:105A10009A0722D55B08036001221046704799B2AD
:105A200009B91B0C1022D9B209B908321B0A19078F
:105A300004BF1B090432990704BF9B080232D9072F
:105A400003D45B0802F1010205D0036010467047E1
:105A50000022104670472022DFE79B0802220360E5
:105A60001046704738B5436C04460D464BB1586834
:105A7000B0B102685A6000220123C0E90435C26057
:105A800038BD2122042102F09DFB034660640028FA
:105A9000EDD1094B0948002240F2451102F072FB9A
:105AA0001C220121204602F08DFB0028F1D00122AA
:105AB0000223C0E90123DEE7E81F0500602105009D
:105AC0002DE9F04F0E691569AE4285B0884614463F
:105AD00005DB2A46234635460C4616469846A368FB
:105AE0006168AF19BB42B8BF0131FFF791FE019069
:105AF000002800F08780019B03F1140909EB870A55
:105B0000D14505D24B46002243F8042B9A45FBD8D9
:105B100008F1140808EB860B04F11403D8451A4663
:105B200003EB85055FD22B1B153B23F003030433E6
:105B30001534A54238BF0423CDE902A7AC461F4661
:105B4000924605E0090C29D1C34509F1040948D959
:105B500058F8041B8DB2002DF4D056464C46002355
:105B600056F8041B22681FFA81FE90B2090C05FB4F
:105B70000E00120C034405FB012202EB13429BB200
:105B800043EA0243B44544F8043B4FEA1243E7D8E2
:105B900049F8073058F8041C090CD5D0D9F8003062
:105BA00050461A464C4600260588120C01FB052279
:105BB00016449BB243EA064344F8043B50F8045BA6
:105BC00022682D0C93B201FB053303EB1643844589
:105BD0004FEA1346E8D8C34549F8073009F10409EC
:105BE000B6D8DDE902A7002F02DC05E0013F03D0B3
:105BF0005AF8043D002BF9D0019B18461F6105B0EF
:105C0000BDE8F08F034B0448019A4FF4B17102F0E4
:105C1000B9FA00BFE81F05006021050012F0030378
:105C20002DE9F0411446064632D10D46A41020D08D
:105C3000D6F84080B8F1000F33D0E3074FF00007EB
:105C400007D4641015D0D8F80000A8B18046E30747
:105C5000F7D5424629463046FFF732FFB5B16968AD
:105C6000736C641053F821202A6043F821500546D4
:105C7000E9D12846BDE8F081424641463046FFF76B
:105C80001FFFC8F8000007608046E0E70546D8E738
:105C9000013B0F4A52F823200023FFF7E9FD054698
:105CA000C4E701213046FFF7B3FD804640B1012330
:105CB00040F27122C0E90432002330640360BCE783
:105CC000044B0548424640F2451102F05BFA00BF22
:105CD000B0220500E81F0500602105002DE9F0470E
:105CE0000D4614462F69AB68496807EB62177E1CA6
:105CF0009E4280464FEA621904DD5B009E4201F13C
:105D00000101FADC4046FFF783FD8446002852D0AB
:105D1000B9F1000F00F114020EDD09F105014FEA9F
:105D2000810E134600EB8101002043F8040B8B42E7
:105D3000FBD1AEF114031A44296905F1140314F0E0
:105D40001F0E03EB81012ED0CEF1200910464FF03B
:105D5000000A1C6804FA0EF444EA0A0440F8044BF2
:105D600053F8044B994224FA09FAF2D84B1B153B1D
:105D700023F00303043305F11500814238BF0423E7
:105D8000BAF1000F18BF374642F803A0D8F84430E4
:105D90006A68CCF8107053F822102960604643F806
:105DA0002250BDE8F087043A53F8040B42F8040F80
:105DB0009942F9D8EAE7034B034862464FF4EF7182
:105DC00002F0E0F9E81F0500602105000B69844638
:105DD0000069C01A16D10CF1140C14310CEB8302BB
:105DE00010B401EB830301E0944508D252F8044D4E
:105DF00053F8041D8C42F7D005D24FF0FF305DF808
:105E0000044B7047704701205DF8044B704700BF9A
:105E10002DE9F84F0F691369FF1A002F0E469046BF
:105E20007FD101F11405143202EB830205EB8303E9
:105E300001E09D4278D253F8041D52F8044DA1426E
:105E4000F7D069D37168FFF7E3FC8146002877D06B
:105E50003569D8F81020C76008F1140E06F1140057
:105E600009F1140A06F110010EEB820200EB85071E
:105E700056464FF0000C5EF8044B51F804BFA3B235
:105E80001CFA8BFCACEB03034FEA144CCCEB1B4C21
:105E90000CEB234C9BB243EA0C43724546F8043B9F
:105EA0004FEA2C4CE7D8A2EB0801153908F1150888
:105EB000424521F0030404F1040438BF04242044C3
:105EC00021F0030238BF002287425244544418D9BB
:105ED0002646014651F8043B1CFA83FC4FEA2C424B
:105EE00002EB13421FFA8CFC4CEA02438F4246F845
:105EF000043B4FEA224CEDD8013F3F1A27F003073D
:105F0000E21923B952F8043D013D002BFAD0C9F83B
:105F100010504846BDE8F88F33460127464698465C
:105F200090E7F9DB00278DE70021FFF771FC814640
:105F300068B101220023C9E904234846BDE8F88F6F
:105F4000064B07484A4640F2452102F01BF9034B35
:105F500003484A4640F2372102F014F9E81F0500D1
:105F60006021050082B08DED000B164B019A1340A5
:105F7000A3F15073002B06DD00221946104641ECB8
:105F8000100B02B070475B42B3F1A07F4FEA23527F
:105F900009DA4FF40023134100221946104641EC60
:105FA000100B02B07047A2F114031E2BDABF4FF0A2
:105FB0000042DA40012200231946104641EC100B42
:105FC00002B070470000F07FF8B5046900F11406D4
:105FD00006EB8404271F54F8045C2846FFF7F2FC04
:105FE000C0F120030A280B601BDDBE420BD20B3828
:105FF00054F8081C2ED145F07F5343F440130A4651
:1060000043EC102BF8BDB0F10B01F4D005FA01F10F
:1060100041F07F53002143F440130A4643EC102B18
:10602000F8BDC0F10B0C25FA0CF1BE4241F07F53D4
:1060300038BF54F8081C00F1150034BF21FA0CF1E8
:10604000002105FA00F0014343F440130A4643ECF3
:10605000102BF8BDC0F1200C854021FA0CF345EA65
:106060000307A4F10805AE4201FA00F13CBF54F861
:106070000C0C20FA0CF047F07F5338BF014343F477
:1060800040130A4643EC102BF8BD00BF2DE9F04346
:10609000884683B0012157EC106B1546FFF7B8FB1B
:1060A0000446002851D0C7F30A59C7F31303B9F1C6
:1060B000000F01D043F48013002E019318D101A8E2
:1060C000FFF7A0FC019A6261012200F12003226126
:1060D000B9F1000F25D0A9F2334909EB030220469C
:1060E000C3F13503C8F800202B6003B0BDE8F0838E
:1060F00068460096FFF786FC034610B3DDE9000210
:10610000C3F1200102FA01F10143DA406161019219
:10611000002AA26114BF022201222261B9F1000FFC
:10612000D9D1A3F23243C8F8003004EB82031869D6
:10613000FFF748FCC0EB421320462B6003B0BDE8DC
:10614000F083009A6261019AE2E7034B034822461A
:1061500040F20F3102F016F8E81F0500602105003B
:106160002DE9F04383B00E4669460746FFF72CFF42
:1061700001A9304655EC104BFFF726FF33693A6909
:10618000D21ADDE900315B1A03EB4213002B51EC0C
:10619000100B0DDD05EB03594D4602460B4620461C
:1061A0002946FBF7AFFA41EC100B03B0BDE8F083D2
:1061B000C3EB033301EB03573946EEE701394911CD
:1061C00001F1010C116902F1140303EB81018B420F
:1061D00000EB8C0C17D210B5A0F1040E53F8044B51
:1061E0004EF8044F9942F9D88A1AA2F1150323F008
:1061F000030304331844844504D9002340F8043BC6
:106200008445FBD810BD844505D9002340F8043BE4
:106210008445FBD87047704703694A11934200F1E7
:10622000140009DA00EB830302E053F8042DC2B92D
:106230008342FAD80020704710DD11F01F010DD005
:1062400010B450F8224000EB820324FA01F28A4095
:1062500094420CD001205DF8044B704700EB8203A0
:10626000E6E70120704753F8042D002AF2D183425B
:10627000F9D800205DF8044B704700BF49B1FF2AF0
:1062800002D80A70012070478A2303604FF0FF3064
:1062900070470846704700BF2DE9F04F2DED068B83
:1062A000D3B00C460AEE101A90460893824601F0CD
:1062B0001BFF036813931846FEF762FC0822119037
:1062C000002122A8FDF7C8FDA3891F0603D5236975
:1062D000002B00F052879FED847B0023CDE927330C
:1062E000CDE91433CDE916338DED0E7B29AA0D933C
:1062F00026929146129304934446A0467C4BD3F8D1
:10630000E450FEF76BF9034622A8009042461EA90E
:106310005046A847002800F0B080C0F2A6801E9A20
:10632000252A034601D09844E8E7B8EB040706465F
:1063300040F0A78000234FF0FF328DF86F309B466E
:10634000069308F1010898F8003003922B252026C7
:1063500008F10108A3F120025A2A00F2CB80DFE8FD
:1063600012F0F302C900C900EE02C900C900C90059
:106370006A00C900C90014029002C9001F02D402B9
:10638000C900CF025B005B005B005B005B005B0051
:106390005B005B005B00C900C900C900C900C900FF
:1063A000C900C9004C01C900950129024C014C01EA
:1063B0004C01C900C900C900C9002402C900C900B4
:1063C000A202C900C900C900BD01C900B502C900C7
:1063D000C900EF06C900C900C900C900C900C90049
:1063E000C900C9004C01C9009501EE014C014C01E6
:1063F0004C018302EE017F00C9009502C9006B02C7
:10640000EC063E027F00C900BD017C00C606C90043
:10641000C900CA06C9007C00A3F13002002118F8A7
:10642000013B01EB810102EB4101A3F13002092A9A
:10643000F5D906918EE7504601F056FE4368169353
:106440001846FEF79DFB17900746504601F04CFE9C
:1064500083681493002F40F0D08598F8003077E7D8
:1064600098F800304BF0200B72E70822002122A898
:10647000FDF7F2FC0123984440E7B8EB0407064619
:1064800011D0289B3B442893279B0133072BC9E954
:10649000004727931CDC09F10809049B3B44049343
:1064A000002E7FF447AF289B002B41F019821AEE93
:1064B000103AB3F90C3013F0400F049B18BF4FF0A3
:1064C000FF330493049853B0BDEC068BBDE8F08F06
:1064D0001AEE101A26AA504602F02AFF0028E6D12A
:1064E0000DF1A409D9E700BF000000000000000082
:1064F000380DFF1F0A93002BD5D000228DF8E43011
:1065000001238DF86F2002930792059303920C925A
:1065100010920B9239AC1BF0020302D002990231A7
:1065200002911BF08401099105D1069902980F1A76
:10653000002F00F38783289E82B10122C9F804202E
:10654000279A013201360DF16F01072A289627920A
:10655000C9F8001000F3BF8309F1080983B1279B34
:106560001CAA01330236C9F80020072B4FF00202A3
:1065700028962793C9F8042000F3C28309F108097B
:10658000099B802B00F08682039B059A9F1A002F9F
:1065900000F3C0821BF4807F40F02282059BC9F883
:1065A00004301E44279BC9F800400133072B28966E
:1065B000279300F33B8309F108091BF0040F05D072
:1065C000069B029A9C1A002C00F3A783049B069A50
:1065D00002998A42ACBF9B185B180493002E40F0CE
:1065E000CD8200232793079B1BB107995046FEF7E6
:1065F000E3FB0DF1A40944467FE60A93089B0733A9
:1066000023F00703B3EC027B8DED0E7BDDE90E5624
:10661000089326F0004309EE903A09EE105AB44B65
:1066200051EC190B4FF0FF32FBF7DCF9002840F07A
:106630000285AF4B51EC190B4FF0FF32FBF7B4F969
:10664000002840F0F8840022002328463146FBF75A
:10665000A1F9002841F05C809DF86F20A54CA64B65
:106660002BF0800B0A994729C8BF1C460023032141
:1066700007930291059103930C9310930B93002AB7
:106680003FF449AF029B0133029344E7432B0A9343
:1066900003D01BF0100F00F05785089E0822002140
:1066A00024A839ACFDF7D8FB24AB56F8042B2146BF
:1066B000504602F0F7FD03460133059001F02383B5
:1066C000059B089623EAE373029300228DF86F205E
:1066D000079203920C9210920B921CE7089F0A9368
:1066E00057F8044B00238DF86F30002C00F05285D2
:1066F0000A9B532B00F0DE861BF010030B9340F037
:10670000D986039B5D1C01F0E3800B991A46204655
:10671000FEF7D6F90790002801F03B83079B089706
:10672000191B05910B9B039321EAE1710C931093C4
:10673000079373239DF86F2002910A939FE71BF044
:10674000200F0A93089B3CD0073323F007031A4617
:1067500011465B6851F8082B08911946002BC0F2CE
:106760000784039B013300F0A78252EA01032BF058
:10677000800540F0A282039B002B40F0A382AB4631
:1067800000230393059352AC00E1089B53F8042BBC
:106790000692002A80F21484069A089352420692C6
:1067A00098F800304BF0040BD2E598F800304BF02D
:1067B000080BCDE54BF0100B1BF0200F0A93089B44
:1067C000C2D11BF0100F40F006841BF0400F00F008
:1067D000FE8333F9042B0893D1170B46BEE7089BC1
:1067E00053F8042B089347F63003ADF87030782047
:1067F000424B12934BF00205002102230A90002025
:10680000039C8DF86F00601C00F0A98052EA010023
:1068100025F0800B40F0A280002C40F0A186002BD8
:10682000AED115F00103059300F0CF8330238DF82E
:1068300047310DF24714A9E01BF0200F40F0F08320
:106840001BF0100F40F092861BF0400F40F097872E
:106850001BF4007F00F08A86089B049953F8042BF0
:1068600008931170444648E598F80030682B03BF40
:1068700098F801304BF4007B08F101084BF0400B15
:1068800066E598F800308DF86F5061E598F80030B3
:106890006C2B03BF98F801304BF0200B08F1010876
:1068A0004BF0100B54E50A934BF0100B1BF020013A
:1068B00000F05083089B073323F00703596853F80F
:1068C000082B08932BF48065002398E70A934BF07C
:1068D000100515F0200100F02E83089B073323F0EC
:1068E0000703596853F8082B0893012387E700BF73
:1068F000FFFFEF7FBC220500BC170500C422050086
:1069000098F800304BF0800B22E5414611F8013B2E
:106910002A2B01F07782A3F13002092A884698BF1A
:10692000002101F28C8118F8013B01EB810102EB9F
:106930004101A3F13002092AF5D903910AE598F83B
:1069400000304BF0010B03E59DF86F30002B7FF416
:1069500084AD98F800308DF86F60F9E45D46012B46
:1069600000F0AB81022B52AC1FD1129802F00F0342
:106970001209C35C04F8013D42EA0172090952EAB6
:106980000103F3D152AB1B1BAB460593059903984A
:106990009DF86F2081424FF00003B8BF0146079376
:1069A00002910C9310930B9369E602F00703D2084F
:1069B00042EA4172C908303352EA0106204604F81F
:1069C000013DF2D1E907DDD5302BDBD03023023891
:1069D00004F8013C52AB1B1AAB4605930446D5E7BD
:1069E0000A9B652B40F3DC80DDE90E0100220023C9
:1069F000FAF7C6FF002800F0C8810123C9F8043067
:106A0000279BBC4AC9F8002001330136072B289682
:106A1000279300F3418509F108091D9B0D9A9342C4
:106A200080F2C982119B139A1E44C9E90023279B57
:106A300028960133072B279300F3928309F1080965
:106A40000D9B5C1E002C7FF7B8AD102C279BAA4D28
:106A500040F35E85324610271AEE106A05E009F110
:106A60000809103C102C40F3528501331032072BDB
:106A7000C9E90057CDE92732F1DD26AA3146504653
:106A800002F056FC002840F08280DDE927320DF14B
:106A9000A409E6E7069B029A9F1A002F7FF774ADC0
:106AA000102F279B944D22DD32461AEE106A04E027
:106AB000103F102F09F1080918DD013310321021A1
:106AC000072BCDE92732C9F80050C9F80410EFDDD3
:106AD00026AA314650460DF1A40902F029FC0028EF
:106AE00055D1103F102FDDE92732E6DC1646013381
:106AF0003E44072BCDE92736C9F80050C9F8047089
:106B000000F32085039B059A9F1A002F09F10809BD
:106B10007FF740AD102F279B774D21DD32461AEECF
:106B2000106A04E0103F102F09F1080917DD013346
:106B300010321021072BCDE92732C9F80050C9F8CF
:106B40000410EFDD26AA3146504602F0F1FBF0B901
:106B5000103F102FDDE927320DF1A409E7DC1646BE
:106B600001333E44072BCDE92736C9F80050C9F858
:106B7000047000F3D28109F108090BE51AEE101A2E
:106B800026AA504602F0D4FB00283FF42AAD079B0A
:106B9000002B3FF48CAC07995046FEF70DF986E4C4
:106BA0000D9B012B40F36F81279FC9F80040012303
:106BB0001F440136072FC9F804302896279700F3A1
:106BC000DE8109F10809119B139A01371E44072F32
:106BD000C9E90023CDE9277600F3DF8109F108092F
:106BE000DDE90E0100220023FAF7CAFE002840F07A
:106BF00069810D9B0137013B01341E44072FC9F801
:106C000000402797C9F80430289600F34D8109F118
:106C10000809159BC9F8043001371E44072F20AB23
:106C2000CDE92776C9F800307FF7C5AC1AEE101A07
:106C300026AA504602F07CFB0028A8D1289E0DF120
:106C4000A409BAE4102FDDE927212C4D24DD189387
:106C5000199410261AEE104A0B4604E0103F102F2C
:106C600009F1080915DD01321033072AC9E9005678
:106C7000CDE92723F2DD26AA214650460DF1A409CD
:106C800002F056FB002882D1103F102FDDE92723A8
:106C9000E9DC1946DDE9183401327E18072ACDE90E
:106CA0002726C9F80050C9F8047000F3A3839DF8A3
:106CB0006F2009F108093FE45D460A2A71F10003DB
:106CC00080F03483303201238DF84721AB460593A1
:106CD0000DF247145AE61AEE101A26AA50461893D7
:106CE00002F026FB00287FF452AF289E189B0DF17E
:106CF000A40933E4B8D6040004230500F4220500F7
:106D00001AEE101A26AA504602F012FB00287FF451
:106D10003EAF289E0DF1A40932E4102C279BBE4DF6
:106D20001FDD1AEE10BA102704E0103C102C09F1F8
:106D3000080916DD01331036072BC9E90057CDE9E4
:106D40002736F2DD26AA594650460DF1A40902F075
:106D5000EFFA00287FF41BAF103C102CDDE927363A
:106D6000E8DC01332644072BC9E90054CDE9273676
:106D70007FF72CAC1AEE101A26AA504602F0D8FA69
:106D800000287FF404AF289E20E41D99002940F3D9
:106D900043830B9D0D9B9D42A8BF1D46002D0BDD1F
:106DA000279B01332E44072BC9E9004528962793DA
:106DB00000F3FC8609F108090B9F002DA8BF7F1B7B
:106DC000002F00F3F8810B9B1BF4806F2344059385
:106DD00040F018821D9B0D9A934203DB1BF0010FBC
:106DE00000F0BC84119A13991644C9E90012279A3D
:106DF00028960132072A279200F3E68609F108094E
:106E00000D9AA518D41A059BED1AA542A8BF2546D0
:106E1000002D0DDDC9F80030279BC9F8045001335F
:106E20002E44072B2896279300F3F88609F10809CA
:106E3000002DA8BF641B002C7FF7BFAB102C279B35
:106E4000764D40F36583324610271AEE106A05E04E
:106E500009F10809103C102C40F35983013310321A
:106E6000072BC9E90057CDE92732F1DD26AA3146C3
:106E7000504602F05DFA00287FF489AEDDE9273242
:106E80000DF1A409E6E71BF0010F7FF48DAE279FFB
:106E9000C9F8004001231F440136072FC9F8043008
:106EA000289627977FF7B3AE1AEE101A26AA5046F7
:106EB00002F03EFA00287FF46AAEDDE927760DF194
:106EC000A409A6E60D9B5C1E002C7FF7A2AE102C39
:106ED000524D40F35683CDF80C8010231AEE108AE1
:106EE00005E009F10809103C102C40F348830137F4
:106EF0001036072FC9E90053CDE92776F1DD26AA20
:106F00004146504602F014FA00287FF440AEDDE915
:106F100027760DF1A4091023E5E71AEE101A26AA28
:106F2000504602F005FA00287FF431AE289E0DF19C
:106F3000A409FFF72FBB15F0100358D115F040023C
:106F400000F06E83089850F8042B0890194692B20E
:106F5000012354E41BF0100344D11BF0400200F065
:106F60006E83089850F8042B0890194692B2A9E451
:106F7000524261EB41015D462D20012340E41AEEAF
:106F8000101A26AA504602F0D3F900287FF4FFAD6C
:106F9000DDE927760DF1A40915E61AEE101A26AAE6
:106FA000504602F0C5F900287FF4F1ADDDE92776FF
:106FB0000DF1A40914E61BF0010F3FF4FEAA31E520
:106FC000089398F80030FFF7C3B952ACDEE41BF425
:106FD000007F40F0CD8353F8042B0893D1170B4664
:106FE000FFF7BCBB089B53F8042B08936AE4089B8B
:106FF00053F8042B0893012301E4149B002B3FF466
:107000002CAA149B1B78002B3FF427AA98F8003079
:107010004BF4806BFFF79CB9F422050004230500B4
:10702000089B049853F8041B0893C217C1E9000297
:107030004446FFF762B9DDE90E0102460B46FAF756
:10704000D1FC002840F0B2860A9B612B00F06685D7
:10705000412B00F0C885039B01330A9B23F02003DA
:10706000029300F06684472B04D1039B002B08BFDA
:1070700001230393DDE90E014BF480720029CDF862
:1070800024B04FF000039346C0F2848541EC180B06
:10709000189307930A9B413B252B00F27983DFE885
:1070A00013F053047703770377034C0450047703FA
:1070B0007703770377037703770377037703770300
:1070C00077037703770377037703770377037703F0
:1070D00077037703770377037703770377037703E0
:1070E000770377037703770377034C0450040A93FD
:1070F0005D46FFF7EEBB0A93B94B12931BF02001DC
:1071000000F0FF80089B073323F00703596853F80A
:10711000082B08931BF0010F0AD052EA010307D095
:107120000A9B8DF8713030234BF0020B8DF87030D4
:107130002BF480650223FFF762BB0A93FFF7B6BB0F
:107140000A93A84B1293D9E7089B012153F8042B0B
:1071500002918DF8E4200893059139ACFFF7B5BA98
:107160001AEE101A26AA504602F0E2F800287FF420
:107170000EAD289E0DF1A40962E440215046FAF7B5
:10718000B7FF20602061002800F062864023636121
:10719000FFF7A1B8039B0794062B214628BF0623BF
:1071A000039422460293904C089705930C911091FA
:1071B0000B91FFF764BA102F279B8C4D40F34E8242
:1071C00032461AEE106A05E009F10809103F102F47
:1071D00040F34382013310321021072BCDE92732CF
:1071E000C9F80050C9F80410EEDD26AA3146504611
:1071F00002F09EF800287FF4CAACDDE927320DF1D9
:10720000A409E3E70D9B059DCDF814B0DDF840B06F
:10721000CDF82480E31803934A46149FDDF85C8080
:107220000C9B0A941AEE109AB446BBF1000F30D0B2
:1072300093BB013F0BF1FF3B169BC2E90038279B34
:107240000133C444072BCDF8A0C0279362DC083279
:10725000039B38785B1B8342A8BF0346002B1E4666
:107260000CDD279801309C440728C2E90053CDF873
:10727000A0C0279000F3598138780832002EACBFA7
:10728000841B0446002C0BDC05440C9BBBF1000F57
:10729000CED1002B00F0D4830C9B013B0C93CBE7A9
:1072A000102C27981FDD1026634604E0103C102C9C
:1072B00002F1080216DD01304C4910330728C2E9FB
:1072C0000016CDE92703F1DD26AA4946504602F013
:1072D0002FF800287FF45BAC103C102CDDE927036D
:1072E00029AAE8DC9C460130404B5460A44407289E
:1072F000CDE9270C136000F3FA833878083205448F
:10730000C3E71BF0100300F0BC80089B53F8042B6C
:107310000893FFE626AA4946504602F009F80028DD
:107320007FF435ACDDF8A0C029AA91E705F48060B0
:107330000026CDF8088005952D4BDDF850800AEE2B
:1073400090AA52AC4FF0CC3BB446054605E00A2A61
:1073500071F1000134D352463946501840F1000013
:10736000A3FB006727F0030606EB9706801B161A9F
:1073700061F1000E0BFB06F703FB0E77A6FB03A6DD
:1073800037440AF0010E0526AEFB066E30184FEAB0
:107390005A0A303004F8010C4AEAC77A0CF1010CA1
:1073A000013C7F08002DD2D098F800008445CED152
:1073B000BCF1FF0FCBD00A2A71F1000180F05D8192
:1073C000059DCDF8508052AB1B1BDDF80880CDF831
:1073D00034C01AEE90AAAB460593FFF7D7BA00BFA8
:1073E000C4220500D8220500EC2205000423050074
:1073F000CDCCCCCC1AEE101A26AA5046189301F028
:1074000097FF00287FF4C3AB9DF86F20289E189B40
:107410000DF1A409FFF790B80123C9F80430279BA8
:10742000BE4AC9F8002001330136072B289627935E
:1074300000F37A8109F10809002940F0AE800D9A25
:107440000BF0010313433FF4B8A8119B13999A1949
:10745000C9E90013279B28920133072B279300F3D8
:10746000598209F108090D99C9F8004001338E18B5
:10747000072BCDE92736C9F804107FF79CA8FFF742
:10748000D5BB1BF0400200F0BE80089850F8042BDA
:107490000890194692B23DE61AEE101A26AA5046F6
:1074A00001F046FF00287FF472AB289E0DF1A4097D
:1074B000FFF7B3BA24AE0822002130461F94FCF730
:1074C000CBFC039B5A1C00F0E8800025CDF8088017
:1074D000CDF81CB0A8469B460CE039A9504601F0F7
:1074E000E1FE431C404400F00E84584508DC00F0E7
:1074F0001A8480461F9A525933460435002AECD12B
:10750000CDF81480DDF81CB0DDF80880D2E0164616
:1075100001332644072BC9F80050C9F80440CDE9CF
:1075200027367FF748A8FFF781BB26AA4946504671
:1075300001F0FEFE00287FF42AAB3878DDF8A0C009
:1075400029AA9BE61AEE101A26AA504601F0F0FE70
:1075500000287FF41CAB289E0DF1A409FFF714B896
:10756000012B5D467FF4FEA9FFF7ACBB089B049995
:1075700053F8042B444611600893FEF7BEBEDDF8B5
:107580000C80C9F8005001372644072FCDE9277633
:10759000C9F804407FF73BAB86E4119B13989A1916
:1075A000C9E90003279B28920133072B279300F397
:1075B000B18109F108090029BFF655AF4F421031DA
:1075C000574D80F26A831AEE101A102605E009F171
:1075D0000809103F102F40F3608301331032072B4E
:1075E000C9E90056CDE92732F1DD26AA50460391BC
:1075F00001F09EFE00287FF4CAAADDE92732039934
:107600000DF1A409E5E7089B1BF400711ABF1146B0
:1076100053F8042B53F8042B089318BFD2B279E522
:10762000089B15F400711ABF114653F8042B53F848
:10763000042B089318BFD2B20123FFF7E0B8089BD0
:107640001BF400711ABF114653F8042B53F8042B96
:10765000089318BFD2B2FFF735B9164601333E443E
:10766000072BCDE92736C9F80050C9F8047000F39C
:10767000438109F10809FFF7A6BB179B1699E41A85
:107680001A462046FCF72AFD98F80120254B0AB13E
:1076900008F101084FF0000C5DE600231946009642
:1076A0001FAA504601F024FE03460133059000F066
:1076B0002A831F94059B002B44D0632B40F3188131
:1076C000591C5046FAF714FD0446002800F01B83AD
:1076D0000790082200213046FCF7BEFB059D00966E
:1076E0002B461FAA2146504601F002FE854240F07B
:1076F000BB83059908970023635421EAE1719DF843
:107700006F20039302910C9310930B93FEF7B7BF76
:107710002D228DF86F20FEF7A1BF00BFB8D6040060
:1077200004230500CDCCCCCC1AEE101A26AA504664
:1077300001F0FEFD00287FF42AAA1D99289E0DF174
:10774000A40979E6059B9DF86F200897CDE90233DF
:107750000C9310930B930793FEF791BF0D9A059925
:10776000A5186D1AD41AA542A8BF2546FFF760BB1D
:1077700013F9042B0893D1170B46FEF7EFBF089BB4
:10778000049953F8042B089311804446FEF7B5BDC5
:10779000039E022124AB01931FAB009332461DAB25
:1077A0005046B0EE480AF0EE680A00F0DDFD029B9C
:1077B000472B044600F09581462B00EB060505D1CA
:1077C0000378302B00F00E831D9E354451EC180BCE
:1077D00000220023FAF7D4F8002800F076812B4627
:1077E0001B1B0D93029B472B00F03B81029B462BFA
:1077F00000F0FB811D9B0B930B9B029A013B412ADE
:107800001D9300F02D829DF828200021002BB8BF89
:107810000B9B8DF88020BABFC3F101032D222B22D0
:10782000092B8DF8812040F320820DF19705B74E8A
:107830002A46104686FB0321DA17C2EBA10202EBAF
:107840008201A3EB4101303100F8011C1946632984
:10785000134600F1FF32ECDC3033D9B2831E9D4277
:1078600002F8011C40F2CB8213460DF1820201E0C6
:1078700013F8011B02F8011B9D42F9D10DF1990388
:107880000DF182021B1A134420AA9B1A15930D9B1B
:10789000159A012B1A44059240F33E82059B119ADA
:1078A00013440593099B059A23F4806343F4807B7A
:1078B00022EAE27200230C93029210930B93189B1E
:1078C000002B40F0DC809DF86F200393FEF7D7BEBD
:1078D00020460897FDF754F901460590FEF722BFB0
:1078E0001AEE101A26AA504601F022FDFEF7DFBD5F
:1078F0000023079339ACECE61AEE101A26AA50467C
:1079000001F016FD00287FF442A9289E0DF1A4097C
:10791000FFF759BA1AEE101A26AA504601F008FDD0
:1079200000287FF434A9DDE927321D990DF1A4095F
:1079300041E606230393FFF79DBB039B02215E1CD8
:1079400028E7039E032125E71DA8B0EE480AF0EEC4
:10795000680A00F0E1FB00224FF07F5351EC100B5E
:10796000F9F7A6FD0022002306460F46FAF708F8AD
:1079700008B101231D93664B0593039BCDF82C8022
:10798000013B0AEE90AACDE90C9BDDF814A01094FF
:107990002546984606E00022002308F1FF38F9F753
:1079A000EFFFE8B95B4B002230463946F9F780FD1E
:1079B0000F460646FAF72CF80446F9F70FFD0B467A
:1079C000024639463046F9F7BBFB1AF80430B8F1E5
:1079D000FF3FAB46C14605F8013B06460F46DAD1EC
:1079E0004D4BDDF82C80CDF82C90002230463946E6
:1079F000DDF83090CDF830B01AEE90AADDF834B052
:107A00000D94109CF9F7E4FF002840F06081424B90
:107A1000304639460022F9F7B3FF18B10D9BDE0757
:107A200000F155810B9B002B07DB0B9B01332B4493
:107A3000302205F8012BAB42FBD12B1B0D93D1E675
:107A40000A9C0D9BDDF814B0DDF824801497E31830
:107A50009D4291462A4628BF1A4666460592FFF780
:107A6000B9B91D9B0B93DD1C02DB039A93420DDD1C
:107A70000A9B023B0A9323F020030293BCE62D22CB
:107A800000238DF86F200393FEF7FCBD0B9B0D9A2E
:107A90009342C0F2D880099B13F0010F0B9B00F0BA
:107AA0004081119A13440593099B590503D50B9BFB
:107AB000002B00F33F81059B23EAE37302936723C6
:107AC0000A9300230C931093F9E6249BAB42BFF476
:107AD00087AE30215A1C24921970249B9D42F9D8FC
:107AE0007EE6099BDB0700F1B980249B78E626AA95
:107AF0004946504601F01CFC00287FF448A838781D
:107B0000DDF8A0C029AA0544FFF7BFBB676666661B
:107B1000D8220500000030400000E03F78238DF8B7
:107B2000713030238DF870304BF002030993039BC2
:107B3000632B00F3A9800023079339ACDDE90E1213
:107B40000A9B002A23F020034BF4817B029322DB63
:107B5000002342EC181B18930A9B612B7FF49AAA0E
:107B6000B0EE480AF0EE680A1DA800F0D5FA00222F
:107B70004FF07F5351EC100BF9F79AFC00220023D1
:107B800006460F46F9F7FCFE08B101231D93AD4BE5
:107B90000593F2E60793DDE90E2303F1004308EEB7
:107BA000903A2D2308EE102A1893D5E71AEE101AF2
:107BB00026AA504601F0BCFB00287EF4E8AF289EC0
:107BC0000DF1A409FFF7F8B81AEE101A26AA5046CC
:107BD00001F0AEFB00287EF4DAAF1D9B289E0DF16C
:107BE000A409FFF70DB9582399E71D9A099B0B9239
:107BF000002A03F0010340F3118103990B4340F085
:107C0000C1800B9B059366230A93099B5A0500F1DB
:107C10009380059B23EAE373029352E71AEE101A4E
:107C200026AA504601F084FB00287EF4B0AF1D9CCC
:107C30000D9B289E1C1B0DF1A409FFF7F9B800222B
:107C40000392FEF787BB0D9B119A9A180B9B059226
:107C5000002B40F3BD8067230A93D6E7A519B5E54D
:107C60000A9A0F32D2B20121D0E5002940F0AD804E
:107C700030228DF882200DF18302303302F8013B6F
:107C800020ABD31A159302E6591C5046FAF730FA86
:107C90000446002837D0079050E701333A44072BB9
:107CA000CDE92732C9F80050C9F804707FF7D9AB85
:107CB0001AEE101A26AA504601F03AFB00287EF46C
:107CC00066AFDDE927320DF1A409FFF7CCBB0C9BB1
:107CD000059A2493D17B15F8013C8B422A4609D1A1
:107CE000302002F8010C249A531E249312F8013C10
:107CF0009942F6D0392B0BBF059B01339B7ADBB23F
:107D000002F8013C99E61AEE102AB2F90C3043F061
:107D100040039381FEF7CFBB099BD8077FF5C2AD27
:107D2000BCE50593C0E6039BDDF80880DDF81CB0D8
:107D30000593BFE467230A9314990B78FF2B00F097
:107D40008F8000250B9A284603E001300131FF2B7C
:107D500008D0934206DAD21A4B78002BF5D10B7873
:107D60000135F4E70B92149110900C950C9A109B2E
:107D700017991344059A01FB0323059323EAE37340
:107D800002939CE5119BD5182944662305910A931B
:107D90003BE7039B0293059373239DF86F2008979D
:107DA00003900C9010900A93FEF769BC0F9B264C31
:107DB000002BB4BF2D229DF86F20244BB8BF8DF847
:107DC0006F202BF0800BFEF74DBC0DF1820254E7C3
:107DD000C3F101031A4422EAE27302936723059276
:107DE0000A936EE651EC180B00220023F9F7C8FD48
:107DF00000287FF4E9ACC6F101061D96E5E40223F4
:107E0000159344E5089A98F80130884652F8041B07
:107E1000089241EAE1710391FEF79ABA039A13437B
:107E200005D10123662202930A92059349E6119B2C
:107E30005D1C2A4422EAE2730293662305920A93A8
:107E40003FE600BFC4220500C0220500B8170500A8
:107E50000C23CAF800304FF0FF330493FEF732BB17
:107E600000230C93109381E71AEE102A938943F0B4
:107E700040039381FEF78BBE70B500294BD00646B8
:107E80000C4610B1436B002B48D0636ED80734D535
:107E9000B4F90C30002B3ED02146304600F050F8AB
:107EA000E36A054633B1E169304698470028B8BF18
:107EB0004FF0FF35A3891A063CD4216B41B104F180
:107EC0004003994202D03046FCF776FF002323633B
:107ED000616C21B13046FCF76FFF00236364FBF750
:107EE00079FE636E0022DB07A2811FD5A06DFCF72F
:107EF0000DFCFBF775FE284670BDA3899905CBD410
:107F0000A06DFCF705FCB4F90C30002BC4D1656EF4
:107F100015F0010505D00025284670BDFBF73CFE95
:107F2000B3E7A06DFCF7F6FB284670BDA06DFCF72B
:107F3000F1FBDBE721693046FCF73EFFBDE700BF00
:107F4000B1F90C202DE9F0410C461107804647D4C9
:107F5000636842F40062002BA2815EDDA56A002DF9
:107F600058D00023D8F80060C8F8003093B212F45B
:107F7000805256D10123E1694046A847431C67D08F
:107F8000A389A56A5F0705D56368C01A236B0BB187
:107F9000E36BC01AE169024600234046A847411C32
:107FA00041D1D8F80030002B3DD01D2B01D0162B2D
:107FB00056D1A3892269226023F400630021616005
:107FC000A381216BC8F8006021B304F140039942FA
:107FD00002D04046FCF7F0FE00202063BDE8F081AF
:107FE0002669BEB193B2256826609A070CBF636903
:107FF0000023AD1BA3600BE02B463246E169676AA4
:108000004046B847B0F1000CA5EB0C05664417DDFF
:10801000002DF1DC0020BDE8F081E36B002B9DDC3E
:10802000F8E7206DAEE7B4F90C302269226023F442
:108030000063A3810022DB046260C2D52065C0E733
:10804000A38943F040034FF0FF30A381BDE8F081E6
:10805000D8F80030002B93D01D2B06D0162B04D05F
:10806000A38943F04003A381D5E7C8F80060D1E7B6
:1080700038B50C46054608B1436B03B3B4F90C00A0
:1080800088B1636EDB0701D481050FD528462146F0
:10809000FFF756FF636EDA07054602D4A3899B05F6
:1080A00008D5284638BD0546284638BDA06DFCF7E2
:1080B0002FFBEBE7A06DFCF72DFB284638BDFBF747
:1080C0006BFDDBE771B1034600EB010C01E063459A
:1080D00006D01A46013311780029F8D1101A7047DA
:1080E000181A70470846704700487047280EFF1F4F
:1080F00038B5074D074C2C1BA41005D0013C55F892
:10810000043D9847002CF9D1BDE838400AF07AB90F
:10811000000000000000000053EC102B70B5164E5C
:1081200023F000410025B1420446056021DC10EE39
:10813000106A0E431DD0114E1E40184666B91946EE
:10814000002210EE100A0E4BF9F7B2F96FF0350568
:108150000246084621F0004120F0FF40091520F4B6
:10816000E000A1F2FE3140F07F53294443F40013B4
:10817000216043EC102B70BDFFFFEF7F0000F07F0C
:108180000000504300B50B4C25681446EE681A46B3
:1081900085B003460D464CB107490095CDE9011461
:1081A0003046064901F0B0F8F5F776F904490C4677
:1081B000F3E700BFC80FFF1F1423050024230500A9
:1081C0000013050038B5A1FB02148CBBF9F790FF32
:1081D0000546E0B150F8042C22F00302043A242AA8
:1081E00017D8132A1AD91B2AC0E900441DD9242AFA
:1081F00014BF00F1100200F118024FF00003C0E9B3
:10820000024404BF04614461C2E90033936028461C
:1082100038BD2146FBF720FE284638BD0246002324
:10822000C2E900339360284638BD00F10802F6E742
:10823000FCF740FA0C2300250360E8E72DE9F04F36
:1082400003690C69A34283B0C0F28780013C01F14D
:108250001405A30000F11408009355F8243058F8D1
:108260002420013381469A4208EB840005EB840701
:108270000190B2FBF3F63BD34FF0000CAE46404604
:10828000E24663465EF804BB02681FFA8BFC06FBFD
:108290000C334FEA134C4FEA1B4B06FB0BCC9BB243
:1082A000AAEB03031FFA8CFA13FA82F3CAEB124209
:1082B00002EB23429BB243EA0243774540F8043B7A
:1082C0004FEA224A4FEA1C43DCD2009B58F80330A5
:1082D00073B9019B043B984504D307E0984504F12A
:1082E000FF3403D253F80429002AF7D0C9F810400C
:1082F0004846FDF76BFD00282BDB01364146002385
:1083000055F8040BD1F800C082B29A1A030C12FA85
:108310008CF2C3EB1C4303EB224392B242EA0342CA
:10832000AF4241F8042B4FEA2343E9D258F8242006
:1083300008EB84036AB9043B984504D307E09845E9
:1083400004F1FF3403D253F80429002AF7D0C9F806
:108350001040304603B0BDE8F08F002003B0BDE808
:10836000F08F00BFFFFFFFFF2DE9F04F2DED068BD3
:1083700095B08DED020B0191816B249D099259EC12
:10838000108B0446069341B1C26B4A6001239340AF
:108390008B60FDF763FA0023A363B9F1000AB4BF51
:1083A000012300232B607C4BBCBF2AF0004ACDF890
:1083B0000CA033EA0A0300F0B3809DED027B00229B
:1083C00051EC170BB0EE479AF0EE679A0023F9F7DD
:1083D000D7FA074688B1069A01231360259B002B24
:1083E00000F0CE836D4B259A1360013B00930098FB
:1083F00015B0BDEC068BBDE8F08F12AA13A920467C
:10840000B0EE490AF0EE690AFDF740FEB0EE498A87
:10841000F0EE698A5FEA1A56054640F09980DDE978
:1084200012763E4406F23243202B40F3C283C3F15E
:1084300040030AFA03FA06F2124328FA03F04AEA62
:108440000000F8F7BBFF0123013E0D93A1F1F87185
:10845000534B0022F8F774FE49A3D3E90023F9F740
:1084600027F849A3D3E90023F8F76CFE804630468D
:108470008946F8F7B3FF46A3D3E90023F9F718F8C4
:1084800002460B4640464946F8F75CFE8046894660
:10849000F9F7BEFA00228346002340464946F9F721
:1084A00079FA002840F05F83BBF1160F00F24E838B
:1084B0003C4B03EBCB03D3E9002351EC190BF9F749
:1084C00069FA002874D00023BF1B0C937B1E0BF1AC
:1084D000FF3B049300F1418300230893BBF1000F9D
:1084E0006DDA089BCDF814B0A3EB0B030893CBF126
:1084F00000030B93019B092B4FF0000B68D8052B51
:1085000040F35583043B01930026019B023B032B60
:1085100000F2A486DFE813F0660463045B043E0403
:10852000069ACAF3130A42F20F735AEA080A136052
:108530001DD1259B002B00F0A0861B4B0093083318
:10854000259A0098136015B0BDEC068BBDE8F08F3E
:1085500018EE903AC3F3130351EC190B43F07F511B
:108560000D97A6F2FF36129F41F4401170E7259B4C
:10857000002B40F0F0830D4B009338E7AFF3008001
:1085800061436F63A787D23FB3C8608B288AC63F19
:10859000FB799F501344D33F0000F07FB9D604000D
:1085A0000000F83FE8210500542305006023050082
:1085B000BF1B7B1E049300F19B840C900890049BCE
:1085C0005B44CDE9043B00230B93019B092B96D917
:1085D000002301264FF0FF3201930A960792099378
:1085E000079B0F930021E1632046FDF711F90090EE
:1085F000002800F03B86009BA363079B0E2B00F234
:108600001E81002E00F01B810599002940F3728421
:10861000D04B01F00F0203EBC2034FEA2118C9054A
:10862000D3E9006740F12E84CB4B51EC190BD3E911
:108630000823F9F767F841EC180B08F00F084FF022
:10864000030AB8F1000F13D0DFF80C9318F0010FF4
:1086500009D030463946D9E90023F8F729FF0AF155
:10866000010A06460F465FEA680809F10809EDD1DC
:1086700051EC180B32463B46F9F744F841EC1A0B23
:108680000C9B5BB157EC1A6BB44B1AEE100A00222C
:108690003946F9F77FF9002840F04E855046F8F743
:1086A0009DFE53EC1A2BF8F703FFAD4B0022F8F7B1
:1086B00049FD079B8046A1F15079002B00F0A58071
:1086C000059B1093079B0E930A9B002B00F0BC8424
:1086D0000E9AA04BA349DDF800A003EBC20353E9B7
:1086E00002230020F9F70EF842464B46F8F728FD22
:1086F00059EC1A8B41EC180B49461AEE100AF9F79F
:1087000087F90746F8F76AFE02460B461AEE100A8A
:108710004946F8F715FD303706460AF8017B0F4643
:10872000324651EC180B3B46F9F752F9002840F05D
:108730004F854FF000080AEE105ACDF844B0554668
:108740005BEC18AB08EE104A44462BE00E9B01345C
:108750009C4280F24D85844B504659460022F8F7E2
:10876000A7FE814B002282468B4630463946F8F7F9
:108770009FFE89468046F9F74BF90746F8F72EFE2B
:1087800002460B4640464946F8F7DAFC303705F812
:10879000017B52465B4606460F46F9F7FBF8002878
:1087A00040F0118532463B466C490020F8F7C8FC82
:1087B00052465B46F9F7EEF80028C7D0109B009AA6
:1087C0000593AA4618EE104A1AEE105A02E05245D6
:1087D00000F0E384D1461AF8013D392BF7D001337C
:1087E000DBB28AF80030059B0133059398E15046CF
:1087F000F8F7F4FD53EC1A2BF8F75AFE584B002209
:10880000F8F7A0FC8046A1F15079584B002251ECBA
:108810001A0BF8F795FC42464B4606460F46F9F709
:10882000D7F88246002840F0C88430463946424690
:1088300009F10043F9F7AEF8002840F05783139B85
:10884000002BC0F29580059A0E2A00F39180414BCF
:1088500003EBC203D3E90089099B002B1BDA079BBA
:10886000002B18DC40F04083404B00224046494634
:10887000F8F71EFE02460B4651EC190BF9F794F877
:10888000DDF81CA05646002800F0C482099BDDF8E4
:108890000080DF43C6E242464B4651EC190BF8F725
:1088A00031FFF9F7B5F806468346F8F797FD4246DB
:1088B0004B46F8F7FDFD0B46024651EC190BF8F755
:1088C0003FFCDDF800A0334630330AF8013B079B3C
:1088D000012B00F071834FF0010B08EE105A08EEE7
:1088E000904A1D465446DA461DE042464B46304605
:1088F0003946F8F707FFF9F78BF88346F8F76EFD6E
:1089000042464B46F8F7D4FD0AF1010A0B460246EF
:1089100039463046F8F714FC0BF13003AA4504F849
:10892000013B00F04483104B0022F8F7C1FD002208
:10893000002306460F46F9F723F80028D5D0A246B3
:1089400018EE105A18EE904A059B01330593D14654
:10895000E6E000BFE8210500C02105000000F03F6F
:1089600000001C400000E03F0000244000001440D4
:108970000A9A002A00F00C81019A012A40F39D8294
:10898000079B03F1FF380B9B434580F260820B9BF2
:10899000CDF82C80A8EB03039B444FF00008079B05
:1089A000002BC0F23B83049A1A440492089A17469B
:1089B0001A44089201212046FDF754F8064667B193
:1089C000049A002A09DD0899BA421346A8BF3B461B
:1089D000C91AFF1AD31A089104930B9B63B10A9B1F
:1089E000002B00F0BF82B8F1000F00F333820B9B25
:1089F000B3EB080240F0228301212046FDF732F854
:108A0000BBF1000F824600F3D980019B012B40F39C
:108A1000A9814FF000080120BBF1000F40F0DA807F
:108A2000049B184410F01F0000F09A81C0F120034D
:108A3000042B00F3B28040F02D82089B002B05DD53
:108A400029461A462046FDF749F90546049B002BA6
:108A500005DD51461A462046FDF740F982460C9B3B
:108A6000002B40F05D81079B002B40F344810A9B63
:108A7000002B40F0C780059B01330593DDF8008093
:108A8000DDF81C90012707E0294600230A22204632
:108A9000FCF7EEFE0137054651462846FFF7CEFBB0
:108AA000B94500F1300008F8010BEDDC079A002A07
:108AB000C8BF9346009AD8BF4FF0010B03469344BA
:108AC00000272946012220460193FDF707F9514668
:108AD0000546FDF77BF9002840F3E4811BF8013CD3
:108AE000009A0BF1FF3B04E05A4500F0F6811BF8B9
:108AF000013D392B0BF10109F6D001338BF8003021
:108B000051462046FCF7AAFE56B12FB1B74203D01A
:108B100039462046FCF7A2FE31462046FCF79EFE71
:108B200029462046FCF79AFE002389F80030DDE94B
:108B300005231A60259B002B3FF459AC0098C3F81D
:108B4000009015B0BDEC068BBDE8F08F0123BF1B74
:108B50000C937B1E04937FF5BFACC7F10103089310
:108B600000230493BAE45846F8F738FC42464B46D3
:108B7000F8F706FF00287FF497AC0BF1FF3B93E476
:108B8000BD4B0093009815B0BDEC068BBDE8F08F8F
:108B9000DDF82C80089F0A9E11E7C0F11C00089B9D
:108BA00003440893049B03440744049345E70126C8
:108BB000ABE4C3F1200308FA03F042E401465A464D
:108BC0002046FDF72BF8019B012B824640F3BE8126
:108BD0004FF00008DAF810300AEB83031869FCF74D
:108BE000F1FEC0F120001BE7314600230A22204697
:108BF000FCF73EFE0F9B002B064640F31983CDF891
:108C000014900793002F00F31B81B8F1000F40F080
:108C1000EE81B046029B009F079903F001027B1E84
:108C20001944019B0A92134308910993514628461F
:108C3000FFF704FB314683462846FDF7C7F8424656
:108C4000514681462046FDF7E3F8C26801460BF124
:108C50003003002A42D1049028460793FDF7B6F866
:108C6000049902902046FCF7F9FD029A079B1AB975
:108C70000999002900F0C482B9F1000FC0F279818E
:108C8000019949EA01090A9951EA090900F071813B
:108C9000002A00F3C781089A3B7007F10109974247
:108CA000CB4600F0C581294600230A222046FCF766
:108CB000DFFD4645054631464FF000034FF00A02FE
:108CC000204612D0FCF7D4FD4146064600230A2276
:108CD0002046FCF7CDFD4F468046A7E7204602938D
:108CE000FCF7BCFD029B0122C6E7FCF7C1FD4F4625
:108CF000064680469AE7019B022B7ADC0A9B002BF2
:108D000080D1059B5146013328460593FFF796FA1B
:108D1000DDF800B000F130030BF8013B0027D0E68E
:108D200051462846FDF752F80028BFF69CAE29466A
:108D300000230A222046FCF79BFD059B03F1FF3927
:108D40000A9B0546002B7FF44FAF0F9B002B40F38F
:108D50005E82079392E6494B00930333FFF7F0BB23
:108D60001C201CE7DDE9021200297FF452AEC2F399
:108D70001303002B7FF44DAE414B1340002B00F04A
:108D80002082089B01330893049B013304934FF026
:108D9000010840E601230A93099B059A13440F93A7
:108DA0000133012B1F460793B8BF01270021172F5E
:108DB000E1637FF719AC012204235B0003F1140087
:108DC000B842114602F10102F7D9E1630CE4012334
:108DD0000A93099F002F60DD0F970797E6E70023AE
:108DE0000A93D9E700230A93F3E70F9B0793CDF883
:108DF0001490079B002B7FF449AD51460522204675
:108E0000FCF736FD014682462846FCF7DFFF0028C6
:108E10007FF73CAD009B059F3122984603F8012B5C
:108E20000137009351462046FCF718FD7B1CDDF806
:108E300000900593CDF80080002E7FF46DAE6FE6B4
:108E400031463A462046FCF749FF0646DDE6A3EBED
:108E50000808A4E5314642462046FCF7DFFE2A46D4
:108E6000014606462046FCF72BFE294605462046CD
:108E7000FCF7F4FCBBE500BFB8D604006023050096
:108E80000000F07F4FF0020AB0EE498AF0EE698AE6
:108E9000FFF7D7BBC0F13C0081E60123099307939C
:108EA000FFF79EBB03D1019BDB073FF517AED94609
:108EB0001BF8013D302BFAD022E60D9A002A00F073
:108EC000378103F23343049ADDF82C801A4404926C
:108ED000089A17461A4408926CE5059B009A0133DC
:108EE0000593312313700BE64FF0000A5646CDE48C
:108EF0000C9032E600F04981059AC84B564206F0C4
:108F00000F0203EBC203D3E9002351EC190BF8F76E
:108F1000CFFA361141EC1A0B00F09581C04F0023B7
:108F20004FF0020AF20706D5D7E90023F8F7C0FA96
:108F30000AF1010A0123761007F10807F2D1002B8C
:108F40003FF49EAB41EC1A0BFFF79ABB029B002B40
:108F50007FF43EAEDDE90212C2F31303002B3FF4AF
:108F60000BAF35E629460B9A2046FCF757FE05461F
:108F700042E5002A12DD2946012220460193FCF732
:108F8000ADFE51460546FCF721FF0028019B40F34A
:108F90002981392B00F007810BF13103B94609F81B
:108FA000013B059B0133374605934646A8E5A2469B
:108FB00018EE105A18EE904A02460B46F8F7C2F81F
:108FC00042464B4606460F46F8F702FD60B9424658
:108FD0004B4630463946F8F7D3FC00283FF4B4AC92
:108FE0005FEACB717FF5B0AC009AFFF7F3BB716815
:108FF0002046FCF70DFC0746002800F02881336965
:1090000002339A0006F10C010C30F4F715F93946D9
:1090100001222046FCF762FE8046FBE5DDE90723DE
:109020009F1AC7E4392B00F0BE80B9460133B6E77A
:10903000059A013237460592464642E529462046C2
:10904000FCF7ECFD0546D7E40E98744901EBC0012E
:1090500042464B4651E90201F8F72AFA5AEC1A9BAC
:1090600041EC180B51461AEE100AF8F7D1FC0746EE
:10907000F8F7B4F902460B461AEE100A5146F8F713
:109080005FF806460E98DDF800803037012808F8B2
:10909000017B0F4600F0D5800E9B009ACDF838B0CA
:1090A00013449B46C2465F4B002230463946F8F7D0
:1090B000FFF989468046F8F7ABFC0746F8F78EF9CA
:1090C000303702460B4640464946F8F739F80AF869
:1090D000017BD34506460F46E5D1DA46DDF838B0C8
:1090E000514B59EC188B002218EE100A4946F8F73C
:1090F00029F832463B46F8F74DFC00286DD118EEB2
:10910000102A4B4648490020F8F71AF832463B46E9
:10911000F8F75EFC00283FF492ABD1460AF1FF3A23
:1091200019F8013C302BF8D0109B01330593F7E47C
:10913000129BC3F13603C6E6079B002B3FF457ABE7
:109140000F9B002B7FF77BAB059A0E93013A354BB3
:1091500010921AEE100A39460022F8F7A9F90246D1
:1091600016460F460AF10100F8F738F932463B4639
:10917000F8F79EF92D4B0022F7F7E4FF47EC1A6B46
:109180008046A1F15079FFF79FBA4FF0020AB0EE86
:1091900049AAF0EE69AAFFF773BA059B013305935C
:1091A0003123FFF71EBB059BBB46013305933923D3
:1091B00037460BF8013B464692E44FF0000A56460C
:1091C00028E6984627E4AA4618EE104A1AEE105AE6
:1091D000109B01330593D146A2E4109B009A05939E
:1091E000FFF7F8BA7FF4DAAEDA077FF5D7AED0E64C
:1091F000DDF844B01AEE105A18EE104AFFF71FBB04
:10920000392BD0D0B9F1000F3FF7C6AEC6E6019BAF
:10921000022B3FF7EAADCDF8149072E5E821050086
:10922000C0210500000024400000E03F00001C4079
:10923000019B022B3FF7D9AD0F9BCDF814900793FC
:10924000E0E4C2464CE74FF0020AFFF719BA124BAE
:1092500012483A4640F2EF21FEF794FF0026E663FB
:1092600031462046FCF7D4FA009050B90A4B0B481F
:10927000002240F2AF11FEF785FF094B0093FFF784
:10928000B6B8009BA3634FF0FF330F9307930123FE
:1092900009960A93FFF7D3BAE81F05006423050077
:1092A0005423050070B5054684B05BB11C4669B116
:1092B0000E4B2846D3F8E0602346B047431C0FD03E
:1092C00004B070BD00F582740029F1D1074A23462D
:1092D000D2F8E06028460A4601A9B047431CEFD106
:1092E00000228A2322602B6004B070BD380DFF1F5E
:1092F00010B582B0049CCDE900344FF0FF3301F08B
:10930000C7FB02B010BD00BF0EB410B583B005ABF3
:10931000064C53F8042B01930146206800F0C4F872
:1093200003B0BDE8104003B0704700BFC80FFF1F77
:109330002DE9F04F9368176883B09246002B70D0E8
:1093400081468A6808680C46083743E0A38913F40D
:10935000906F2ED0D4E90416A0EB010806EB460668
:1093600006EBD67608F1010076102844B04232466A
:1093700084BF064632465B0537D511464846F8F7A6
:10938000B7FE019000283AD042462169F3F754FF16
:10939000A289019B22F4906242F08002A281A6EB96
:1093A000080203EB08006661A260236120602E467C
:1093B000A84642465946FAF7D3FCDAF80830A268C4
:1093C0002068921B40445B1BA2602060CAF80830F2
:1093D0003BB3083757E902B5002DFAD0AA4216462A
:1093E0009046B3D92E46A846E3E74846F9F748F930
:1093F00003460028D3D121694846FBF7DDFCA38949
:109400000C2243F04003C9F800204FF0FF30A38145
:1094100000220023CAF80820CAF8043003B0BDE8CF
:10942000F08F00200023CAF8043003B0BDE8F08FAD
:109430002DE9F84F4B6E9C0490462DD59368126829
:1094400043B38B46064602F1080959E9025A5FEA1E
:109450009A0715D0043D002401E0A7420ED055F82C
:10946000041F5A46304601F05BFA431C04F1010424
:10947000F3D10023C8E90133BDE8F88FD8F80830EC
:109480002AF0030AA3EB0A03C8F8083009F1080917
:10949000002BDAD10020ECE701F00CF80023C8E93A
:1094A0000133BDE8F88F00BF2DE9F04F2DED028BA1
:1094B000C5B00DF1500A834608EE101A1646002179
:1094C000082250461C460793FAF7C6FCBBF1000F72
:1094D00004D0DBF83430002B00F0A08618EE102A00
:1094E000536EDB0740F11385B2F90C108AB2950474
:1094F0000BD418EE103A41F4005199815B6E8AB298
:1095000018EE101A23F400534B66100740F1058142
:1095100018EE103A1B69002B00F0FF8002F01A03CE
:109520000A2B00F00A810023CDE91933CDE90D3370
:109530001BAA0C93189291460B930593B046444690
:10954000A84BD3F8E450FBF749F82246034612A98A
:10955000CDF800A05846A847002800F04581C0F289
:109560003981129A252A034601D01C44E8E7B4EB5E
:109570000806054640F03C81002361788DF84330B1
:1095800004F1010806934FF0FF371E462B2408F123
:109590000108A1F120035A2B00F27881DFE813F0D3
:1095A000B50276017601B0027601760176016A0095
:1095B000760176017D028D0276018802970276019E
:1095C00092025B005B005B005B005B005B005B008A
:1095D0005B005B007601760176017601760176010B
:1095E0007601760176015C028400760176017601CF
:1095F0007601760176017601760176017601E80042
:1096000076017601760133027601DA02760176017F
:109610008B05760176017601760176017601760179
:109620007601760176015C0286007601760176018C
:10963000CD0286007F007601C0027601FD02EA00BD
:10964000ED027F00760133027C0069057601760128
:109650006B0576017C00A1F13003002218F8011B94
:1096600002EB820203EB4202A1F13003092BF5D990
:1096700006928EE75846FEF737FD43680D9318466D
:10968000FBF77EFA0E9005465846FEF72DFD8368DF
:109690000B93002D40F0D68498F8001077E798F8E7
:1096A000001046F0200672E746F01006B40640F1BE
:1096B0008E81079B073323F007031A46596852F837
:1096C000083B07920A460029C0F27084791C00F01A
:1096D000A28526F08001039153EA020100F03F8445
:1096E0000A2B72F1000180F0418530338DF80F3183
:1096F000039E012304930DF20F14049BBB42B8BFD9
:109700003B460393002308939DF84330002B00F061
:10971000CB80039B01330393C6E018EE101A584622
:1097200018EE105A01F040F8002840F05286AA893D
:1097300002F01A030A2B7FF4F6AE18EE101AB1F9F4
:109740000E30002BFFF6EFAE4B6EDB0702D4970511
:1097500040F1128618EE101A23463246584600F0A1
:1097600069FE0590059845B0BDEC028BBDE8F08F11
:1097700046F0100616F0200200F03681079B0733F2
:1097800023F0070319465A6851F8083B079126F45D
:1097900080610391002100208DF84300781C00F0C7
:1097A0001082039820F0800653EA020040F00882FD
:1097B000002F40F03885002940F0D583039B13F03B
:1097C0000103049300F0118430238DF80F310DF262
:1097D0000F1492E7082200215046FAF73DFB0123BF
:1097E0001C44ADE6380DFF1FB4EB080605461BD040
:1097F000199B1A9A01333244072BC9E900861A9241
:1098000019931CDD002A00F0A68318EE101A18AA7E
:109810005846FFF70DFE20BB0DF16C09059B334444
:109820000593002D7FF4A8AE1A9B002B40F0C18554
:1098300018EE103A0022B3F90C30199215E009F134
:109840000809EBE718EE101A18AA5846FFF7F0FDC2
:10985000002800F0A680089B1BB108995846FBF72A
:10986000ABFA18EE103AB3F90C3018EE102A526E1B
:1098700012F0010F9AB200F0A080500600F1B285FC
:10988000059845B0BDEC028BBDE8F08F0029CBD028
:1098900000238DF843300123CDE903338DF8AC105C
:1098A0002BAC002308931F4616F00203099302D045
:1098B000039B0233039316F084030A9305D1069B9E
:1098C000039A9D1A002D00F37B82DDE91903411CE8
:1098D0009DF8432082B101220133C9F804200729F1
:1098E0000DF14302CDE91913C9F8002000F34A82B3
:1098F000084609F108090131099AE2B111AA0233B7
:10990000C9F8002007294FF00202CDE91913C9F860
:10991000042040F35082002B00F0438318EE101A0D
:1099200018AA5846FFF784FD002894D1DDE91903F1
:109930000DF16C09411C0A9A802A00F08481049A76
:10994000BD1A002D00F3D781049AC9F800401344D2
:109950000729CDE91913C9F8042040F36E81002BC3
:1099600000F0758218EE101A18AA5846FFF760FD2D
:1099700000287FF470AF1A9B0DF16C09750705D5AF
:10998000069A0399541A002C00F36B82DDE9052135
:1099900003988142ACBF521812180592002B7FF435
:1099A00051AF089900231993002900F049815846C6
:1099B000FBF702FA0DF16C09C1E59C053FF55DAFBF
:1099C00018EE104AA06DFAF7A5FEA28955E7F00639
:1099D000079A00F11F83710640F1198332F9043BA5
:1099E0000792DA1711466EE616F01003079940F059
:1099F000098316F0400000F001831A4651F8043B39
:109A000007919BB2C3E6079B1A4600238DF84330AB
:109A1000134653F8044B0393002C00F0128453298F
:109A200000F0658316F0100540F061837B1C00F0A8
:109A3000B3843A4629462046FBF742F808900028AE
:109A400000F09F84031B039A049323EAE3732F46D9
:109A500007920393089557E6432902D0F50640F193
:109A60002D83079D0822002116A82BACFAF7F4F9E4
:109A700016AB55F8042B21465846FFF713FC034656
:109A80000133049000F0B384049B079523EAE37349
:109A9000039300238DF8433003E7079B53F8042B0F
:109AA0000692002A80F29C82069A5242CDE9062351
:109AB00098F8001046F0040669E598F800108DF853
:109AC000434064E598F8001046F080065FE54246A2
:109AD00012F8011B2A2900F09684A1F13003092B0A
:109AE00090464FF000073FF654AD18F8011B07EB06
:109AF000870703EB4707A1F13003092BF5D948E5A8
:109B000098F8001046F0010641E59DF84330002B1F
:109B10007FF4C2AD202398F800108DF8433036E56D
:109B200098F800106C2903BF98F8011046F0200641
:109B300008F1010846F0100629E598F80010682998
:109B400003BF98F8011046F4007608F1010846F0CA
:109B500040061CE546F010030393039B13F020021C
:109B600000F00682079B073323F0070319465A6863
:109B700051F8083B079101210DE6079A46F00203D0
:109B8000039352F8043B079247F63002ADF84420A5
:109B9000B84A0C9202210022FDE5B70600F1488286
:109BA000F50600F14683740600F1D583B00540F157
:109BB0004083079B059953F8042B07931170BEE46B
:109BC000039601293FF48CAD022944AC11D10C98C5
:109BD00003F00F011B09415C04F8011D43EA027305
:109BE000120953EA0201F3D1039E44AB1B1B0493F9
:109BF00083E503F00701DB0843EA4273D208303102
:109C000053EA0205204604F8011DF2D1039EF30732
:109C1000EBD53029E8D03023023804F8013C44ABBE
:109C20001B1A039E0493044667E5049B1B940122C0
:109C30001C931A9319920DF16C0909F108099DE61C
:109C40000DF16C097BE4069A039D551B002D7FF7EF
:109C500076AE102D40F3BB83099418EE104A07E04E
:109C600000F1020C09F108091046103D102D1EDD0F
:109C70008149C9F80010421C10331021072ACDE990
:109C80001923C9F80410EBDD18AA002B74D0214663
:109C900058460DF16C09FFF7CBFB00287FF4DBADD4
:109CA000DDE91903103D102D00F1010CE0DC099CE9
:109CB000714AC9F804502B44BCF1070FCDE919C310
:109CC000C9F8002040F39481002B00F01F8318EEA8
:109CD000101A18AA5846FFF7ABFB00287FF4BBAD5B
:109CE000049ADDE91903BD1A002D00F101010DF1FF
:109CF0006C097FF729AE102D29DD0994102718EE85
:109D0000104A07E000F1020C09F108091046103D65
:109D1000102D1ADD421C58491033072AC9E90017D3
:109D2000CDE91923EEDD18AA03B3214658460DF1FB
:109D30006C09FFF77DFB00287FF48DADDDE9190389
:109D4000103D102D00F1010CE4DC099C61464A4AEB
:109D5000C9F804502B440729CDE91913C9F800208C
:109D600000F3E78009F108090131EDE54FF0010C3E
:109D700018460DF16C09CAE74FF0010C18460DF1B9
:109D80006C0972E7002B00F0048118EE101A18AA73
:109D90005846FFF74DFB00287FF45DADDDE9190360
:109DA0000DF16C09411CA7E5022311AA1C931B921B
:109DB00001210DF16C09084609F10809411CBAE5B9
:109DC000102D40F3E582DDE919130F94084618EED3
:109DD000104A07E000F1020C09F108091046103D95
:109DE000102D1DDD2549C9F80010421C103310212B
:109DF000072ACDE91923C9F80410EBDD18AA03B32B
:109E0000214658460DF16C09FFF712FB00287FF43C
:109E100022ADDDE91903103D102D00F1010CE1DC4C
:109E20000F9C6046154AC9F804502B440728CDE919
:109E30001903C9F8002000F3C18009F10809411C89
:109E400046E518464FF0010C0DF16C09C7E776079F
:109E5000199353D5069A0399541A002C4EDD0DF12F
:109E60006C09102C40F3B082199918EE106A102575
:109E70000DE000BFC4220500D0230500C02305006B
:109E8000881C09F108091146103C102C1ADD4A1CE7
:109E9000B3481033072AC9E90005CDE91923EFDDDE
:109EA00018AA33B331465846FFF7C2FA00287FF4A8
:109EB000D2ACDDE91913103C102C01F101000DF1B9
:109EC0006C09E4DCA64AC9F8044023440728CDE91C
:109ED0001903C9F800207FF759AD7BB118EE101AAD
:109EE00018AA5846FFF7A4FA00287FF4B4AC1A9BCE
:109EF0004CE5012019460DF16C09C5E7DDE9053295
:109F000003998A42ACBF9B185B18059349E5B2F9E7
:109F10000C108F0518EE103A8AB23FF5E8AA18EE39
:109F2000105A986DFAF7F4FBB5F90C108AB2FFF7E6
:109F3000DEBA002B3FF479AE18EE101A18AA584674
:109F4000FFF776FA00287FF486AC19991A9B013145
:109F50000DF16C09F8E419920DF16C095EE4002F23
:109F60007FF4C3AB039E0027049744ACFFF7C5BB47
:109F7000039B13F0100354D1039A12F0400000F039
:109F80006B8107991A4651F8043B07919BB2012156
:109F900001E4099A002A64D1184601210DF16C09E7
:109FA000C9E4012118460DF16C09C4E45B4262EB7F
:109FB000420203962D200121FFF7EEBB002B00F09B
:109FC000888018EE101A18AA5846FFF731FA0028B0
:109FD0007FF441ACDDE919030DF16C09411C77E414
:109FE00098F800100793FFF7D2BA44ACFFF785BB8F
:109FF00009F108090CF101016046A0E416F40072B1
:10A0000040F0978151F8043B0791FFF7C0BBB305BF
:10A0100000F1888152F8043B0792DA171146FFF7E6
:10A0200052BB079951F8043B07910121FFF7B3BBDD
:10A03000079B059853F8041B0793C217C1E9000258
:10A04000FFF77DBA0B9B002B3FF426AB0B9B1B78D5
:10A05000002B3FF421AB98F8001046F48066FFF720
:10A0600096BA022311AA1C931B9201200DF16C09D0
:10A07000A2E6039671E53B4B0C9316F0200259D0F3
:10A08000079B073323F0070318465A6850F8083B2C
:10A090000790F40709D553EA020006D08DF8451061
:10A0A000302146F002068DF8441026F480610391B9
:10A0B0000221FFF770BB2C4B0C93DEE7079B0121BD
:10A0C00053F8042B03918DF8AC20079304912BAC2B
:10A0D000DFE49DF84320002A40F03281099A002AEB
:10A0E0007FF462AE184601210DF16C0927E40021CE
:10A0F000082216A81394F9F7AFFE791C00F0BC8073
:10A10000002507942C460CE02BA95846FFF7CAF807
:10A11000421C204400F06B81B84208DC00F07081E2
:10A120000446139A525916AB0435002AECD1049414
:10A13000079CAFE016F0100307980CD116F040040E
:10A1400005D01A4650F8043B07909BB2A1E716F4DD
:10A15000007240F0E18050F8043B079099E700BF9F
:10A16000C0230500C4220500D822050003990497E6
:10A1700044AC9E4608EE90BA01F480664FF0000CA5
:10A18000234606E0BEF10A0F72F1000239D3A6465B
:10A190002A46A6491EEB020040F100000F46A1FB33
:10A1A000001424F0030101EB9401401ABEEB0001FE
:10A1B0004FF0CC3562F1000405FB01F507FB0455B7
:10A1C000A1FB07410D44052704F00101A1FB071B7A
:10A1D00009186408303103F8011C44EAC5740CF115
:10A1E000010C013B6D08002ECCD00B99097861451C
:10A1F000C8D1BCF1FF0FC5D0BEF10A0F72F1000249
:10A200006CD21C4644AB1B1B049F039E049318EEA8
:10A2100090BAFFF772BA0396FFF762BA5846F9F799
:10A22000BBFCFFF75BB9012903967FF4CDACFFF7C8
:10A230005CBA079B059953F8042B11600793FFF74D
:10A240007EB9062F3B46039A794C079228BF062316
:10A2500004930393FFF725BB039B079913F4007244
:10A2600014BF51F8043B51F8043B07911CBF024650
:10A27000DBB20121FFF78FBA16AB0093002319461A
:10A2800013AA5846FFF734F803460133049000F050
:10A29000AE801394049B002B30D0632B63DC00232F
:10A2A00008932BAC0822002116A8F9F7D5FD049DD0
:10A2B00016AB009313AA2B4621465846FFF718F811
:10A2C000854240F0AB80039B049A07930023A3547C
:10A2D0001F4622EAE2730393FFF716BA0E9A0D990E
:10A2E0009B1A18460893F9F7F9FE0B99089B4A78D0
:10A2F0000AB101310B914FF0000C48E7039B079323
:10A30000049B03931F460893FFF7FEB901211846EB
:10A310000DF16C09FFF713BB50F8043B0790224680
:10A32000DBB2B6E612F9043B0792DA171146FFF7E3
:10A33000CAB951F8043B07910246DBB2FFF727BACE
:10A3400001231C9301210DF143031B930DF16C09B3
:10A350000B46FFF7CDBA079B059953F8042B0793DB
:10A360001180FFF7ECB8591C5846F7F7C1FE0446B8
:10A3700000283CD0089095E7886DFAF7CBF9FFF7F5
:10A38000E9B9039B0793CDE90377089FFFF7BCB9B1
:10A3900019981A9B013045E5039B07932046FAF76D
:10A3A000EFFB20EAE0732F46049003930895FFF734
:10A3B000ABB918EE101A18AA5846FFF739F800285A
:10A3C0003FF436AAFFF74DBA199801307AE58C466A
:10A3D0006EE46B6ED90705D4AB899A0502D4A86DDB
:10A3E000FAF798F94FF0FF330593FFF749BA18EEE3
:10A3F000102AB2F90C3043F040039381FFF735BACD
:10A40000079C049746E7079B98F8011053F8047BD4
:10A410000793904647EAE777FFF7B9B818EE102A96
:10A42000938943F040039381FFF715BACDCCCCCC90
:10A43000EC22050070B50C468989ADF58E6D21F0D2
:10A440000201ADF81410616E1B91E189ADF8161090
:10A45000E1690991616A0B911CA9029106914FF47F
:10A46000806106460491079118A80021CDE90032C9
:10A470000891FAF749F9DDE9003202A93046FFF701
:10A4800013F8051E07DB02A93046FDF7F1FD002891
:10A4900018BF4FF0FF35BDF814305B0603D5A38914
:10A4A00043F04003A3811898FAF730F928460DF5D8
:10A4B0008E6D70BD9368002B00F085802DE9F04F04
:10A4C000B1F90C300C461907804683B0174698B294
:10A4D00025D523691BB310F002033D682DD04FF042
:10A4E000000ADFF8C0B25646B9465E4533465246CA
:10A4F00028BF5B464046002E52D0E169676AB847E4
:10A50000002856DDD9F808301B1A8244361AC9F8DB
:10A510000830002BE9D1002003B0BDE8F08F2146C0
:10A52000404600F041F9002840F03881B4F90C3081
:10A530003D6898B210F00203D1D110F0010944D166
:10A540004E46009746B38205D4F808B040F18580A6
:10A55000B3455A4600F2B48010F4906F40F0C180C9
:10A56000206801924946F9F7FBFBA368019AA3EB27
:10A570000B012368A1601344B24623600026009AB1
:10A580009368A3EB0A03D1449360002BC3D0B4F9C2
:10A590000C0080B2002ED6D1D5E900960835D1E75F
:10A5A000D5E900A60835A0E721464046FDF760FD45
:10A5B00088B3B4F90C3043F040034FF0FF30A3816F
:10A5C00003B0BDE8F08F002070471E46BA4699469A
:10A5D000184600951F4666B3002832D04A46D4E993
:10A5E00004132068A568B24228BF3246884204D9C5
:10A5F00005EB030B5A4500F3A780934264DCE16945
:10A60000656A3A464046A847B0F1000BD1DDB9EB88
:10A610000B09C9D00120DAF80830A3EB0B035F4423
:10A62000A6EB0B06CAF80830002B3FF474AF002EDF
:10A63000D2D1009A5668134608320092002EF8D004
:10A640001F6832460A213846FAF73AFA002800F025
:10A650009C800130A0EB0709C0E72068236998427D
:10A6600016D86269B24213D86FF00043B34228BFD4
:10A670003346E16993FBF2F3676A02FB03F340465A
:10A680004A46B847B0F1000A93DDA6EB0A0676E722
:10A69000B345DA4628BFB24652464946F9F760FB51
:10A6A000A3682268A3EB0A035244A3602260002B34
:10A6B000EBD121464046FDF7DBFC0028E5D078E7EA
:10A6C0002068B34632464CE739460192F9F748FB19
:10A6D000019AA3689B1AA3602368134423609346DE
:10A6E00095E723682169A3EB010B636903EB430A38
:10A6F0000AEBDA7A0BF101034FEA6A0A3344534555
:10A70000524684BF9A46524643052CD511464046D0
:10A71000F7F7EEFC00283BD05A4621690190F2F78A
:10A720008BFDA289019B22F4906242F08002A281FB
:10A7300003EB0B002361AAEB0B03C4F814A0A36086
:10A740002060B34632460CE739465A46F9F708FB13
:10A7500023685B44236021464046FDF789FC0028BE
:10A760003FF455AF25E74046F7F78AFF0346002838
:10A77000DED121694046FAF71FFBB4F90C300C22F8
:10A7800023F08003C8F8002015E7721C914626E7E5
:10A790000C22B4F90C30C8F800200CE74FF0FF3061
:10A7A000BAE600BF00FCFF7F38B5314B1B68054699
:10A7B0000C4613B15A6B002A4ED0B4F90C3018076E
:10A7C0009AB21CD5216929B312F0010007D00020EC
:10A7D000A06060694042A06139B1002038BD950792
:10A7E00058BF6069A0600029F7D1120658BF08461B
:10A7F000F4D543F04003A3814FF0FF3038BDD106BC
:10A800002ED5520714D4216943F00803A3819AB2CC
:10A810000029D9D102F42070B0F5007FD4D02146B0
:10A82000284600F047F9B4F90C3021699AB2CBE719
:10A83000216B51B104F14002914204D02846FAF74D
:10A84000BBFAB4F90C300022226321690022C4E96A
:10A85000001223F02403D7E71846F9F79DF9ACE777
:10A86000092243F040032A604FF0FF30A38138BD36
:10A87000C80FFF1F2DE9F04782B082468846144674
:10A88000F9F7ACFE012803D108F1FF33FE2B36D9CE
:10A890000DF10409424604F15C0349465046FEF7B7
:10A8A00001FD421C064632D020B39DF804C00025AD
:10A8B00009E023685A1C226083F800C00135B542C4
:10A8C00018D219F801CFA368013B002BA360F0DA7E
:10A8D000A769BB4261462246504602DBBCF10A0F23
:10A8E000E7D100F053F9431CE8D10646304602B0E8
:10A8F000BDE8F0874646304602B0BDE8F0875FFA13
:10A9000088FC8DF804C006460DF10409CFE7A38941
:10A91000304643F04003A38102B0BDE8F08700BF9A
:10A9200030B5536E13F0010FB2F90C30144683B0FA
:10A9300005469AB201D198051CD5900406D4626EE2
:10A9400043F4005342F40052A38162662246284633
:10A95000FFF790FF636EDA07054602D4A3899B05D3
:10A9600002D5284603B030BDA06DF9F7D3FE2846C6
:10A9700003B030BDA06D0191F9F7CAFEB4F90C30F7
:10A9800001999AB2D9E700BF2DE9F04F8BB0DDE90C
:10A99000158A149F0391814605921E46B8F1000F57
:10A9A0005CD0039B002B5ED0059B1D68002F6AD0F6
:10A9B000741E4EB3039B0493043D002601950BE0E7
:10A9C000039B2BBB019B1A68002A3AD0BC455CD282
:10A9D000013C631C664617D0D8F800300293019BF7
:10A9E000DAF8E05053F8042F019307A9434648468C
:10A9F000D8F804B0A847421C3AD000EB060CBC457E
:10AA0000DED9029BC8E9003B30460BB0BDE8F08FB1
:10AA100000280EDD049B019D18445A1E07A900F171
:10AA2000FF3E11F8013B02F8013F7245F9D1019553
:10AA30000490059B1A6804321A60019B1A68002A68
:10AA4000C4D1039B0BB1059B1A600CF1FF360022A9
:10AA50003046C8F800200BB0BDE8F08F039B00F52E
:10AA60008678002BA0D1059B4FF0FF371D689FE72C
:10AA700006468A2100223046C9F80010C8F8002096
:10AA80000BB0BDE8F08F3E46BEE76646BCE700BFB0
:10AA900010B584B0054C06980090079801900448C2
:10AAA00000680294FFF770FF04B010BD380DFF1F5F
:10AAB000C80FFF1F2DE9F0418B890C46990796B00E
:10AAC00008D504F143030122C4E90432236016B01F
:10AAD000BDE8F081B4F90E100029064625DB6A4670
:10AAE00000F0ACF800281FDB019D05F47045A5F5CA
:10AAF0000055B5FA85F54FF480686D094FF400678D
:10AB000041463046F7F7F4FAE0B1B4F90C30C4F836
:10AB1000148043F0800320602061A38135BB3B4358
:10AB2000A38116B0BDE8F081A38913F0800519D088
:10AB30004FF040080025414630462F46F7F7D8FA37
:10AB40000028E2D1B4F90C309A05C0D423F00303F5
:10AB500004F1430243F002030121C4E90421A3816B
:10AB60002260B4E74FF480682F46C9E7B4F90E10AD
:10AB7000304600F079F810B9B4F90C30CFE7A3896A
:10AB800023F0030343F001031BB2C8E7F8B50D46F9
:10AB90001446064610B1436B002B4CD0B4F90C2080
:10ABA000A369A360170790B21BD52369CBB1EDB29F
:10ABB00081042F4622D522686169D31A994229DD82
:10ABC0000133A1680139A160511C216015706269CF
:10ABD0009A4227D0A389DB0701D50A2D22D0384617
:10ABE000F8BD21463046FFF7DFFD08BBB4F90C2065
:10ABF000236990B2EDB281042F46DCD442F40052B6
:10AC0000A281626E616922F4005262662268D31AE0
:10AC10009942D5DC21463046FDF72AFA40B9226830
:10AC20000123CEE721463046FDF722FA0028D6D090
:10AC30004FF0FF37D3E7F8F7AFFFAFE770B50C463B
:10AC4000084D03460026204611461C462E60F2F7AA
:10AC500015FC431C00D070BD2B68002BFBD023607B
:10AC600070BD00BFB423FF1F38B5074D0022044656
:10AC700008462A60F2F708FC431C00D038BD2B6858
:10AC8000002BFBD0236038BDB423FF1F38B5002252
:10AC9000002304460D46F6F77DFE28B920462946D6
:10ACA000BDE8384000F00AB8204605F1004100F048
:10ACB00005F8404261EB410138BD00BFD0B50C4BF7
:10ACC000002206460F46F6F7F3FBF6F7C9FE0446E8
:10ACD000F6F774FB074B0022F6F7EAFB02460B4639
:10ACE00030463946F6F72CFAF6F7BAFE2146D0BDC3
:10ACF0000000F03D0000F041636F6E666967496EC9
:10AD00006465783A00000000636F6E6669675061A1
:10AD100067654D6F763A0000636F6E6669675061D4
:10AD2000676553796E633A00636F6E666967506159
:10AD3000676553657475703A00000000636F6E6656
:10AD4000696750616765526563693A00636F6E6653
:10AD5000696750616765526F73653A00636F6E662D
:10AD60006967506167654D61696E4D756C74693ACC
:10AD700000000000636F6E66696750616765477227
:10AD800065656B4B65793A00636F6E666967506104
:10AD90006765496E6465783A00FFFFFF706167651B
:10ADA0004D756C74692E6A50726F67726573732E7D
:10ADB00076616C3D0000000070616765496E6465F6
:10ADC000782E6A50726F67726573732E76616C3D70
:10ADD00000000000706167654D6F76652E6A5072E5
:10ADE0006F67726573732E76616C3D007061676585
:10ADF00053796E632E6A50726F67726573732E7625
:10AE0000616C3D00706167655265632E6A50726FB8
:10AE100067726573732E76616C3D000070616765C3
:10AE200047726B2E6A50726F67726573732E76610C
:10AE30006C3D00007061676550726F6772616D2EC6
:10AE40006A50726F67726573732E76616C3D000095
:10AE500070616765526F73652E6A50726F677265B5
:10AE600073732E76616C3D0053442E2E62656769C4
:10AE70006E0000006D6963726F53442D3100000055
:10AE80006D6963726F53442D313000006D696372D8
:10AE90006F53442D390000006D6963726F53445F36
:10AEA00049643A2000FFFFFF69676E6F726544696D
:10AEB0007361626C653A2020000000007061676574
:10AEC00053706C6173682E76615370456E61626C6D
:10AED00065642E76616C3D3100000000FFFFFF00CD
:10AEE0007061676553706C6173682E76615370454D
:10AEF0006E61626C65642E76616C3D30000000000E
:10AF000063757272656E7450696E53746174653ADC
:10AF1000200000005370696E646C6520656E61628C
:10AF20006C652070696E20233A20000070616765AF
:10AF300053706C6173682E766141786973456E61F8
:10AF4000626C65645A2E76616C3D31007061676594
:10AF500053706C6173682E766141786973456E61D8
:10AF6000626C65645A2E76616C3D30005A20656EC5
:10AF700061626C652070696E20233A200000000039
:10AF80007061676553706C6173682E766141786992
:10AF900073456E61626C6564582E76616C3D31005C
:10AFA0007061676553706C6173682E766141786972
:10AFB00073456E61626C6564582E76616C3D30003D
:10AFC0005820656E61626C652070696E20233A209E
:10AFD000000000007061676553706C6173682E76C5
:10AFE00041786973456E61626C65644D332E76619C
:10AFF0006C3D31007061676553706C6173682E76CB
:10B0000041786973456E61626C65644D332E76617B
:10B010006C3D30004D3320656E61626C6520706957
:10B020006E20233A200000004D342E637572726545
:10B030006E7450696E53746174653A2000000000AC
:10B040007061676553706C6173682E7641786973BF
:10B05000456E61626C65644D342E76616C3D3100E5
:10B06000312E7641786973456E61626C65644D344A
:10B070002E76616C3D3100007061676553706C61C4
:10B0800073682E7641786973456E61626C65644DB4
:10B09000342E76616C3D3000322E764178697345EE
:10B0A0006E61626C65644D342E76616C3D300000DB
:10B0B000332E7641786973456E61626C65644D34F8
:10B0C0002E76616C3D3100004D3420656E61626CFE
:10B0D000652070696E20233A2000FFFF496E70756D
:10B0E00074436861723A2D2D2D2D2D2D2D2D2D2D72
:10B0F0006162632D2D2D2D2D2D2D2D2D2D2D2D20EE
:10B1000000000000203A2020000000004469736322
:10B1100061726420626F67757320342D2D2D2D2D83
:10B120002D2D2D2D2D0000003E3E3E3E3E3E3E3E4E
:10B130003E3E3E3E3E3E3E3235353A200000000067
:10B140003E3E3E3E3E3E3E3E3E3E3E3E3E3E3E64F9
:10B15000697363617264436861723A2000000000A1
:10B160004469736361726420626F67757320313262
:10B17000372D2D2D2D2D2D2D2D2D2D00496E3A20C5
:10B180000000000072657456616C3A2000FFFFFFFA
:10B19000312E696E7075744865783A202020000061
:10B1A000496E743A00FFFFFF7374657073506572E7
:10B1B0003336303A2000000067656172526174696D
:10B1C0006F5F41786973423A2000000063697263DF
:10B1D000756D666572656E63653A20006C696E65B3
:10B1E000617244697374616E63653A200000000007
:10B1F000616E676C653A20006765617252617469BF
:10B200006F5F41786973204D343A2000646973742C
:10B21000616E63653A20000044697374616E636512
:10B22000546F53746570735F4D334C696E65617212
:10B230003A2000FF44697374616E6365546F537400
:10B240006570735F4D344C696E6561723A2000FF22
:10B25000456E7465722047657441786973537065F3
:10B260006564202D200000007061676543616C6C8F
:10B27000657249643A2000FF456E7465722042652C
:10B2800067696E4D6574686F6453657474696E6741
:10B290007300000061757853746174653A20000092
:10B2A00041757850696E20233A200000706167650F
:10B2B00053706C6173682E76614553746F702E768F
:10B2C000616C3D30000000002E2E2E2E2E2E2E2ED4
:10B2D0002E2E2E2E2E2E2E2E2E2E2E456E642042FB
:10B2E0006567696E4D6574686F6453657474696EE3
:10B2F000677300FF456E74657220477265656B4B1E
:10B3000065795061747465726E5F496E69746961C4
:10B310006C0000007265766F6C7574696F6E735F98
:10B320005370696E646C653A20000000636F6E664E
:10B330006967477265656B4B65792E636F756E74CF
:10B340005061747465726E5065723336305F50614F
:10B35000747465726E3A20007365676D656E744330
:10B360006F756E743A2000007370696E646C65537B
:10B37000686F72744C656753746570733A2000FF90
:10B380006C696D69745472696767657265643A20A7
:10B39000000000007061676547726B2E7661302E89
:10B3A00076616C3D300000007061676547726B2EFE
:10B3B0006274312E76616C3D30000000706167650B
:10B3C00047726B2E6274332E76616C3D3000000044
:10B3D0007061676547726B2E6274322E76616C3DC8
:10B3E0003000FFFF456E7465722047657446696CD6
:10B3F000656E616D6546726F6D53657269616C2033
:10B4000000000000696E7075743A2000693A2000EF
:10B4100066696C654E616D6550726F6772616D3AF9
:10B420002000000073697A656F662866696C654E56
:10B43000616D6550726F6772616D293A202000005E
:10B4400066696C654E616D65496E693A2000FFFF63
:10B4500046696C65206E6F7420666F756E642D3062
:10B46000312E00004578697420496E6465782E009D
:10B4700070616765496E6465782E7446696C654EC7
:10B48000616D652E7478743D0000000046696C653E
:10B49000206E6F7420666F756E642D303200000070
:10B4A0003D3D2D2D2D2D2D2D2D2D2D2D2D2D3D4C7D
:10B4B000696E654E756D626572203A20200000004D
:10B4C0005E5E5E5E6E657753697A65436861722081
:10B4D0003A2020002E746674000000002F00000047
:10B4E0002A2A206E6F206D6F72652066696C657305
:10B4F000202A2A007061676546696C654C6973741F
:10B500002E766146696C65436F756E742E76616C3C
:10B510003D0000007061676546696C654C69737435
:10B520002E6E322E76616C3D0000000046696C651F
:10B5300020436F756E743A200000000046696C6508
:10B54000206973202E696E69206F72202E746674D4
:10B55000200000002020202066696C65496E64652B
:10B5600078202B206A3A20007061676546696C6517
:10B570004C6973742E7432312E7478743D0000005F
:10B58000220000007061676546696C654C697374E0
:10B590002E7432322E7478743D000000706167653D
:10B5A00046696C654C6973742E7431332E747874EB
:10B5B0003D0000007061676546696C654C69737495
:10B5C0002E7432332E7478743D000000706167650C
:10B5D00046696C654C6973742E7432342E747874B9
:10B5E0003D0000007061676546696C654C69737465
:10B5F0002E7432352E7478743D00000070616765DA
:10B6000046696C654C6973742E7432362E74787486
:10B610003D0000007061676546696C654C69737434
:10B620002E7432372E7478743D00FFFF2E494E4938
:10B6300000000000456E74657220476574496E69AC
:10B6400046696C654C69737446726F6D53440000B3
:10B6500043617264206E6F7420666F756E640000C3
:10B660004469722053697A653A20000066696C6506
:10B67000496E646578000000312C206C617374465B
:10B68000696C65496E64657800000000322E206C9C
:10B6900061737446696C65496E64657800000000EA
:10B6A000656E7472792E69734469726563746F7222
:10B6B0007900000066696C6546756C6C4E616D655D
:10B6C0003A200000202020496E6465784F66202EC5
:10B6D000696E693A2020000069436F756E74657267
:10B6E0003A2000004E6F204D6F72652046696C65F0
:10B6F000733A20007061676553706C6173682E74D3
:10B7000031332E7478743D0066696C654E616D65E9
:10B7100050726F6772616D3A2020000046696C6557
:10B72000206E6F7420666F756E642E002A2A2A2A96
:10B730002A2A2A2A2A2A2A2A2A2A2A2A2A2A2A2A69
:10B740002A2A2A2A2A2A2A2A2A2A2A2A2A2A312E4E
:10B750004C696E65232B313A20000000312E6D6F4D
:10B760007665547970653A2000000000312E6375CB
:10B770007272656E74436F6D6D616E643A20000085
:10B78000312E6E5374723A20000000004D6F7665C2
:10B790005479706520353900706167652037303A1B
:10B7A000200000006E5374722037303A20000000F1
:10B7B000706167652037313A200000006E53747263
:10B7C0002037313A20000000560000006E5374729A
:10B7D0003A2000002020206856616C3A20000000CA
:10B7E0002020207656616C3A200000007061676569
:10B7F0002037343A200000006E5374722037343AF8
:10B8000020000000656E61626C652F64697361627F
:10B810006C6520737465707065722049443A20002D
:10B820006E5374722076616C75653A2000000000DA
:10B83000706167652037383A200000006E537472DB
:10B840002037383A20000000706167652038323AAE
:10B85000200000006E5374722038323A200000003D
:10B860006E65775374723A20000000007072696D43
:10B8700061727949643A20202020202000000000D5
:10B8800073697A655072696D6172793A202020205F
:10B89000000000007365636F6E6461727949643AF9
:10B8A000202020200000000073697A655365636FD3
:10B8B0006E646172793A202000000000530000009D
:10B8C000420000006368617253697A655072696D65
:10B8D0006172793A202020006D756C7469706C6912
:10B8E00065725F5072696D6172793A2020200000A4
:10B8F0006368617253697A655365636F6E646172E0
:10B90000793A20006D756C7469706C6965725F536B
:10B9100065636F6E646172793A20000070616765DB
:10B920002038363A200000006E5374722038363AC0
:10B9300020000000636F756E745479706520533A6F
:10B940002000000041000000636F756E7454797030
:10B950006520413A2000000020202D20200000001A
:10B960003D3D3D3D3D3D3D3D3D3D3D3D3D3D3D3D07
:10B970003D3D3D3D3D3D3D3D3D3D3D3D3D3D3D3DF7
:10B9800042616420436F6D6D616E64323A20000045
:10B9900061746F66286E537472293A006E6577532E
:10B9A000697A65436861723A0000000072657456F6
:10B9B000616C3A0045786974204765744772656523
:10B9C0006B4B65794461746146726F6D534400003E
:10B9D000424453585A00FFFF4C6F7700486967682C
:10B9E00000000000706167655370696E646C652EBD
:10B9F0007434322E7478743D000000007061676505
:10BA00005370696E646C652E7434332E7478743D93
:10BA100000000000706167655370696E646C652E8C
:10BA20007434342E7478743D0000000070616765D2
:10BA30005370696E646C652E7434352E7478743D61
:10BA400000000000706167655A2E7434362E7478D9
:10BA5000743D0000706167655A2E7434372E747817
:10BA6000743D0000706167655A2E7434382E747806
:10BA7000743D0000636F6E66696753657475702E60
:10BA800064697374616E63655065725265765F4177
:10BA90007869735A3A202000656550726F6D506165
:10BAA000676553657475702E64697374616E636540
:10BAB0005065725265765F417869735A3A2020006A
:10BAC000706167655A2E7434392E7478743D0000A5
:10BAD00070616765582E7436302E7478743D00009E
:10BAE00070616765582E7436312E7478743D00008D
:10BAF00070616765582E7436322E7478743D00007C
:10BB000070616765582E7436332E7478743D00006A
:10BB100070616765416C7465726E617465582E74EE
:10BB200036302E7478743D0070616765416C7465C1
:10BB3000726E617465582E7436312E7478743D00BF
:10BB400070616765416C7465726E617465582E74BE
:10BB500036322E7478743D0070616765416C74658F
:10BB6000726E617465582E7436332E7478743D008D
:10BB700070616765582E63322E76616C3D3000002F
:10BB800070616765582E63332E76616C3D3100001D
:10BB900070616765416C7465726E617465582E637F
:10BBA000322E76616C3D300070616765416C746562
:10BBB000726E617465582E63332E76616C3D310070
:10BBC00070616765582E63322E76616C3D310000DE
:10BBD00070616765582E63332E76616C3D300000CE
:10BBE00070616765416C7465726E617465582E632F
:10BBF000322E76616C3D310070616765416C746511
:10BC0000726E617465582E63332E76616C3D300020
:10BC1000706167654D6F746F725F332E7435362EA9
:10BC20007478743D00000000706167654D6F746F3B
:10BC3000725F332E7435372E7478743D0000000027
:10BC4000706167654D6F746F725F332E7435382E77
:10BC50007478743D00000000706167654D6F746F0B
:10BC6000725F332E7435392E7478743D00000000F5
:10BC7000706167654D6F746F725F332E63302E761F
:10BC8000616C3D3000000000706167654D6F746F3E
:10BC9000725F332E63312E76616C3D3100000000FF
:10BCA000706167654D6F746F725F332E63302E76EF
:10BCB000616C3D3100000000706167654D6F746F0D
:10BCC000725F332E63312E76616C3D3000000000D0
:10BCD000706167654D6F746F725F332E7436342EEA
:10BCE0007478743D00000000706167654D6F746F7B
:10BCF000725F342E7435362E7478743D0000000067
:10BD0000706167654D6F746F725F342E7435372EB6
:10BD10007478743D00000000706167654D6F746F4A
:10BD2000725F342E7435382E7478743D0000000034
:10BD3000706167654D6F746F725F342E7435392E84
:10BD40007478743D00000000706167654D6F746F1A
:10BD5000725F342E63302E76616C3D30000000003F
:10BD6000706167654D6F746F725F342E63312E762C
:10BD7000616C3D3100000000706167654D6F746F4C
:10BD8000725F342E63302E76616C3D31000000000E
:10BD9000706167654D6F746F725F342E63312E76FC
:10BDA000616C3D3000000000706167654D6F746F1D
:10BDB000725F342E7436342E7478743D00000000A7
:10BDC000706167654D6F72652E74382E7478743D9E
:10BDD00000000000706167654D6F72652E63312E43
:10BDE00076616C3D30000000706167654D6F726573
:10BDF0002E63312E76616C3D310000007061676505
:10BE00004D6F72652E63332E76616C3D30000000FD
:10BE1000676B5370696E646C65456E61626C653DFD
:10BE200030000000706167654D6F72652E63332EC0
:10BE300076616C3D31000000676B5370696E646C15
:10BE400065456E61626C653D31000000706167653B
:10BE50004D6F72652E63352E76616C3D30000000AB
:10BE6000676B5A456E61626C653D30007061676555
:10BE70004D6F72652E63352E76616C3D310000008A
:10BE8000676B5A456E61626C653D31007061676534
:10BE90004D6F72652E63372E76616C3D3000000069
:10BEA000676B58456E61626C653D30007061676517
:10BEB0004D6F72652E63372E76616C3D3100000048
:10BEC000676B58456E61626C653D310070616765F6
:10BED0004D6F72652E63392E76616C3D3000000027
:10BEE000676B4D33456E61626C653D30000000004C
:10BEF000706167654D6F72652E63392E76616C3D9A
:10BF000031000000676B4D33456E61626C653D31F9
:10BF100000000000706167654D6F72652E633131FE
:10BF20002E76616C3D300000676B4D34456E61626A
:10BF30006C653D3000000000706167654D6F726593
:10BF40002E6331312E76616C3D310000676B4D34CC
:10BF5000456E61626C653D3100000000706167658F
:10BF600053657475702E6274312E62636F3D323387
:10BF7000393634007061676553657475702E62746C
:10BF8000312E76616C3D3000706167654C696D697A
:10BF900074732E74302E7478743D00007061676580
:10BFA0004C696D6974732E74312E7478743D000081
:10BFB000706167654C696D6974732E74322E747884
:10BFC000743D0000706167654C696D6974732E740F
:10BFD000332E7478743D0000706167654C696D693B
:10BFE00074732E74342E7478743D0000706167652C
:10BFF0004C696D6974732E74352E7478743D00002D
:10C00000706167654C696D6974732E74372E74782E
:10C01000743D00004D34204D696E3A202000000030
:10C02000706167654C696D6974732E74362E74780F
:10C03000743D00004D34204D61783A20200000000E
:10C04000706167654C696D6974732E7431332E7439
:10C0500078743D0053746F705370696E646C653A08
:10C0600020000000706167654C696D6974732E6310
:10C07000312E76616C3D3100706167654C696D6988
:10C0800074732E63312E76616C3D3000706167658C
:10C090004C696D6974732E63322E76616C3D31008C
:10C0A000706167654C696D6974732E63332E7661B8
:10C0B0006C3D3000706167654C696D6974732E6307
:10C0C000322E76616C3D3000706167654C696D6938
:10C0D00074732E63332E76616C3D31007061676539
:10C0E0004C696D6974732E6274312E62636F3D32D8
:10C0F0003339363400000000706167654C696D6942
:10C1000074732E6274312E76616C3D3000FFFFFF38
:10C110007061676552657475726E732E74302E741B
:10C1200078743D007061676552657475726E732E28
:10C1300074312E7478743D00706167655265747552
:10C14000726E732E74322E7478743D007061676560
:10C1500052657475726E732E74332E7478743D004C
:10C160007061676552657475726E732E74372E74C4
:10C1700078743D007061676552657475726E732ED8
:10C1800074382E7478743D007061676552657475FB
:10C19000726E732E74392E7478743D007061676509
:10C1A00052657475726E732E7431302E7478743DCE
:10C1B000000000007061676552657475726E732EC1
:10C1C0007431352E7478743D00000000706167652D
:10C1D00052657475726E732E7431362E7478743D98
:10C1E000000000007061676552657475726E732E91
:10C1F0006274312E62636F3D323339363400000091
:10C200007061676552657475726E732E6274312E3B
:10C2100076616C3D3000FFFF7061676545455052A7
:10C220004F4D2E743330312E7478743D0000000071
:10C2300070616765454550524F4D2E743330322E34
:10C240007478743D00000000706167654545505288
:10C250004F4D2E743330302E7478743D0000000042
:10C260006178697349643D5A3A20200070616765BE
:10C27000454550524F4D2E743330332E7478743DF3
:10C280000000000070616765454550524F4D2E74A7
:10C290003330342E7478743D00000000706167659F
:10C2A000454550524F4D2E743330352E7478743DC1
:10C2B0000000000070616765454550524F4D2E7477
:10C2C0003331362E7478743D00000000706167656C
:10C2D000454550524F4D2E743331332E7478743D92
:10C2E000000000004E6F00005965730070616765C3
:10C2F000454550524F4D2E743331342E7478743D71
:10C300000000000070616765454550524F4D2E7426
:10C310003330362E7478743D00000000435700001F
:10C3200043435700636F6E6669674D756C74692E81
:10C33000646972656374696F6E000000706167659F
:10C34000454550524F4D2E743330372E7478743D1E
:10C350000000000070616765454550524F4D2E74D6
:10C360003330382E7478743D0000000070616765CA
:10C37000454550524F4D2E743330392E7478743DEC
:10C380000000000070616765454550524F4D2E74A6
:10C390003331302E7478743D0000000070616765A1
:10C3A000454550524F4D2E743331312E7478743DC3
:10C3B0000000000070616765454550524F4D2E7476
:10C3C0003331322E7478743D000000005269676882
:10C3D000740000004C6566740000000070616765C1
:10C3E000454550524F4D2E743331372E7478743D7D
:10C3F0000000000070616765454550524F4D2E7436
:10C400003530362E7478743D000000007061676529
:10C41000454550524F4D2E743530372E7478743D4B
:10C420000000000070616765454550524F4D2E7405
:10C430003530382E7478743D0000000070616765F7
:10C44000454550524F4D2E743530392E7478743D19
:10C450000000000070616765454550524F4D2E74D5
:10C460003531302E7478743D0000000070616765CE
:10C47000454550524F4D2E743531312E7478743DF0
:10C480000000000070616765454550524F4D2E74A5
:10C490003531322E7478743D00000000706167659C
:10C4A000454550524F4D2E743531372E7478743DBA
:10C4B0000000000070616765454550524F4D2E7475
:10C4C0003730362E7478743D000000007061676567
:10C4D000454550524F4D2E743730372E7478743D89
:10C4E0000000000070616765454550524F4D2E7445
:10C4F0003730382E7478743D000000007061676535
:10C50000454550524F4D2E743730392E7478743D56
:10C510000000000070616765454550524F4D2E7414
:10C520003731302E7478743D00000000706167650B
:10C53000454550524F4D2E743731312E7478743D2D
:10C540000000000070616765454550524F4D2E74E4
:10C550003731322E7478743D0000000052616469F6
:10C56000616C2F4C696E656172204D333A2000007A
:10C570002020646972416E64436865636B65643A48
:10C580002020000070616765454550524F4D2E7464
:10C590003731372E7478743D000000007061676594
:10C5A000454550524F4D2E743930362E7478743DB7
:10C5B0000000000070616765454550524F4D2E7474
:10C5C0003930372E7478743D000000007061676563
:10C5D000454550524F4D2E743930382E7478743D85
:10C5E0000000000070616765454550524F4D2E7444
:10C5F0003930392E7478743D000000007061676531
:10C60000454550524F4D2E743931302E7478743D5B
:10C610000000000052616469616C2F4C696E6561B5
:10C6200072204D343A2000007061676545455052D4
:10C630004F4D2E743931312E7478743D0000000056
:10C6400070616765454550524F4D2E743931322E19
:10C650007478743D00000000706167654545505274
:10C660004F4D2E743931372E7478743D0000000020
:10C67000454550524F4D20496E6465782061786978
:10C680007349643A20000000636F6E666967496E03
:10C690006465785F4D61696E2E7370656564506581
:10C6A0007263656E745F5370696E646C653A2000E6
:10C6B000636F6E666967496E6465785F4D61696E28
:10C6C0002E737065656450657263656E745F537038
:10C6D000696E646C652020323A20000044697669F6
:10C6E00073696F6E7300000044656772656573005F
:10C6F000466978656400000046696C6500000000CA
:10C700005A2D31005A2D3200582D3100582D32004B
:10C710004D332D31000000004D332D32000000005C
:10C720004D342D31000000004D342D32000000004A
:10C7300052616469616C0000417869616C000000BD
:10C74000656550726F6D526563506167652E6D61EE
:10C75000785370645F417869735F583A2000000035
:10C76000636F6E6669675265632E6D61785370649E
:10C770005F417869735F583A20000000346100001F
:10C780003462000032610000326200003361000058
:10C79000336200005365676D656E747300000000BE
:10C7A00041637475616C00FF70616765496E692E45
:10C7B00076454550524F4D2E76616C3D000000008D
:10C7C00070616765496E692E7630302E76616C3DFA
:10C7D0000000000070616765496E692E7630382E62
:10C7E00076616C3D0000000070616765496E692EDE
:10C7F0007631362E76616C3D000000007061676511
:10C80000496E692E7632342E76616C3D0000000050
:10C81000636C69636B206D302C30000053656E646F
:10C820005061636B6564446174613A2000FFFFFFEF
:10C8300053657474696E67732E696E690000000039
:10C84000456E7465722057726974655365747469B6
:10C850006E6773546F5344003B20526F73652045DD
:10C860006E67696E6520496E692066696C650000B7
:10C870003B2056332E312E32000000005B50726593
:10C88000666572656E6365735D0000003B000000C5
:10C890005B3B5D003B204D6F7265000056656E642A
:10C8A0006F7249643D000000256C75003B204175A6
:10C8B00078696C6C6172795F50696E206D75737404
:10C8C0002062652067726561746572207468616EAC
:10C8D0002032342E00000000417578696C6C617262
:10C8E000795F50696E3D00003B20303D44697361C3
:10C8F000626C65642C20313D456E61626C6564003C
:10C900004B6565705374657070657273456E6162D6
:10C910006C65643D000000004B6565705370696E86
:10C92000646C65456E61626C65643D004B65657065
:10C930005A456E61626C65643D0000004B65657030
:10C9400058456E61626C65643D0000004B65657022
:10C950004D33456E61626C65643D00004B656570EA
:10C960004D34456E61626C65643D00003B20537040
:10C97000696E646C650000004D6963726F73746565
:10C9800070735F5370696E646C653D0053746570BD
:10C99000735065723336305F5370696E646C653DF9
:10C9A0000000000047656172526174696F5F5370E7
:10C9B000696E646C653D0000252E35660000000040
:10C9C0003B20506F6C61726974793A204C6F773DEF
:10C9D000312C20486967683D30000000506F6C6161
:10C9E000726974795F5370696E646C653D00000014
:10C9F000256400003B205A20417869730000000044
:10CA00004D6963726F73746570735F5A3D00000007
:10CA100053746570735065723336305F5A3D000051
:10CA200044697374616E63655065723336305F5A62
:10CA30003D000000506F6C61726974795F5A3D006F
:10CA40003B2058204178697300000000586F724104
:10CA50006C745853656C65637465643D0000000038
:10CA60004D6963726F73746570735F583D000000A9
:10CA700053746570735065723336305F583D0000F3
:10CA800044697374616E63655065723336305F5804
:10CA90003D000000506F6C61726974795F583D0011
:10CAA0003B20416C7465726E61746520582041783A
:10CAB000697300004D6963726F73746570735F41D1
:10CAC0006C74583D000000005374657073506572BB
:10CAD0003336305F416C74583D0000004469737414
:10CAE000616E63655065723336305F416C74583DDA
:10CAF00000000000506F6C61726974795F416C7462
:10CB0000583D00003B204D33204178697300000000
:10CB10004D6963726F73746570735F4D333D0000D0
:10CB200053746570735065723336305F4D333D001A
:10CB300047656172526174696F5F4D333D0000005B
:10CB4000506F6C61726974795F4D333D0000000075
:10CB500044697374616E63655065723336305F4D3E
:10CB6000333D000052616469616C4F724C696E65BF
:10CB7000616C5F4D333D00004D33526164697573E4
:10CB80003D0000003B204D342041786973000000D7
:10CB90004D6963726F73746570735F4D343D00004F
:10CBA00053746570735065723336305F4D343D0099
:10CBB00047656172526174696F5F4D343D000000DA
:10CBC000506F6C61726974795F4D343D00000000F4
:10CBD00044697374616E63655065723336305F4DBE
:10CBE000343D000052616469616C4F724C696E653E
:10CBF000616C5F4D343D00004D3452616469757362
:10CC00003D0000005B4C696D6974735D00000000BD
:10CC10003B204C696D697420537769746368657350
:10CC2000616E642053746F702070696E73206D752F
:10CC30007374206265206772656174657220746820
:10CC4000616E2032342E00004D696E5F5A3D000047
:10CC50004D61785F5A3D00004D696E5F583D0000A0
:10CC60004D61785F583D00004D696E5F4D333D006A
:10CC70004D61785F4D333D004D696E5F4D343D0031
:10CC80004D61785F4D343D003B2053746F702073CD
:10CC900070696E646C65207768656E206C696D697B
:10CCA0007420686974203D20312E204C65617665C2
:10CCB000207370696E646C652072756E6E696E6744
:10CCC000203D20300000000053746F705370696E77
:10CCD000646C653D000000006553746F703D00009A
:10CCE0003B204E6F726D616C6C7920436C6F736585
:10CCF00064203D20302C204E6F726D616C6C792069
:10CD00004F70656E203D2031000000004E432D4ED7
:10CD10004F3D00005B52657475726E735D000000DC
:10CD20003B20416C6C2073706565647320616E6498
:10CD300020616363656C6C65726174696F6E7320EA
:10CD400061726520696E20737465707320706572FE
:10CD5000207365636F6E64004D6178537065656420
:10CD60005F5370696E646C653D00000041636365EC
:10CD70006C5F5370696E646C653D00004D61785363
:10CD8000706565645F417869735F5A3D000000001B
:10CD9000416363656C5F417869735F5A3D000000D1
:10CDA0004D617853706565645F417869735F583D84
:10CDB00000000000416363656C5F417869735F58F0
:10CDC0003D0000004D617853706565645F4178698E
:10CDD000735F4D333D000000416363656C5F4178D4
:10CDE00069735F4D333D00004D6178537065656434
:10CDF0005F417869735F4D343D00000041636365B6
:10CE00006C5F417869735F4D343D00005B4D616933
:10CE10006E5D00003B204178697320496473203ABD
:10CE2000205370696E646C65203D20302C205A20A0
:10CE30003D20312C2058203D20322C204D33203DE8
:10CE400020332C204D34203D20340000417869737C
:10CE500049643D00256C64005370656564506572DB
:10CE600063656E746167655F5370696E646C653D80
:10CE7000000000004D617853706565645F5A3D00A5
:10CE8000416363656C5F5A3D000000005370656547
:10CE90006450657263656E746167655F5A3D00003A
:10CEA0004D617853706565645F583D00416363650B
:10CEB0006C5F583D000000005370656564506572FA
:10CEC00063656E746167655F583D00004D6178531E
:10CED000706565645F4D333D00000000416363652C
:10CEE0006C5F4D333D0000005370656564506572A2
:10CEF00063656E746167655F4D333D004D617853C6
:10CF0000706565645F4D343D0000000041636365FA
:10CF10006C5F4D343D000000537065656450657270
:10CF200063656E746167655F4D343D005B4D756C84
:10CF3000746953796E635D003B53657474696E6701
:10CF40007320617265207368617265642062657424
:10CF50007765656E204F6E6520616E64204D756C3F
:10CF6000746953796E632070616765732E000000E9
:10CF70003B436865636B6564206178657320414E4F
:10CF800044656420746F67657468657220616E64BF
:10CF90002073746F72656420696E206F6E652076F1
:10CFA00061726961626C652E000000004368656310
:10CFB0006B65645F417865734944733D0000000010
:10CFC00054617267657444697374616E63655F531D
:10CFD00070696E646C653D002D2D2D2D2D2D2D2D30
:10CFE0002D2D2D2D2D2D2D2D2D2D2D2D2D2D2D2D71
:10CFF0002D2D2D2D2D2D2D2D2D2D636F6E666967F9
:10D000004D756C74692E77617665735F5370696EC8
:10D01000646C650057617665735F5370696E646C0C
:10D02000653D00003B204357203D20322C204343E8
:10D0300057203D2033000000446972656374696FB6
:10D040006E5F5370696E646C653D32004469726551
:10D050006374696F6E5F5370696E646C653D330015
:10D0600054617267657444697374616E63655F5A75
:10D070003D00000057617665735F5A3D0000000077
:10D080003B2052696768743D322C204C6566743DC4
:10D0900033000000446972656374696F6E5F5A3DC6
:10D0A00032000000446972656374696F6E5F5A3DB7
:10D0B0003300000054617267657444697374616E73
:10D0C00063655F583D00000057617665735F583DAA
:10D0D00000000000446972656374696F6E5F583DBB
:10D0E00032000000446972656374696F6E5F583D79
:10D0F0003300000054617267657444697374616E33
:10D1000063655F4D333D000057617665735F4D3356
:10D110003D0000003B20526967687420616E642006
:10D120004357203D20322C204C65667420616E648C
:10D1300020434357203D20330000000044697265BE
:10D140006374696F6E5F4D333D32000044697265F0
:10D150006374696F6E5F4D333D33000054617267D5
:10D16000657444697374616E63655F4D343D00009E
:10D1700057617665735F4D343D0000004469726508
:10D180006374696F6E5F4D343D32000044697265AF
:10D190006374696F6E5F4D343D3300005B496E64AC
:10D1A00065785D003B204178697320496473203ABB
:10D1B000205370696E646C65203D20302C20204D1A
:10D1C00033203D20332C204D34203D2034000000FE
:10D1D000496E64657849643D000000003B20537946
:10D1E0006E6368726F6E697A65204D33616E64207C
:10D1F0005370696E646C650053796E6368726F5F1B
:10D200004D335F616E645F5370696E646C653D00A1
:10D2100053796E6368726F5F50657263656E746197
:10D2200067653D003B204D33000000003B204D343E
:10D23000000000003B202D2D2D2D2D2D2D2D2D2DD1
:10D240002D2D2D2D2D2D202D000000003B20496E71
:10D2500064657820310000003B2044697669736979
:10D260006F6E3A30202044656772656573203A20FE
:10D27000310000004469766973696F6E734F7244C0
:10D280006567726565735F313D0000003B2046694C
:10D290007865643A30202046696C65203A20310078
:10D2A00046697865644F7246696C655F313D000080
:10D2B00053697A655F313D003B20496E6465782093
:10D2C000320000004469766973696F6E734F72446F
:10D2D0006567726565735F323D0000004669786579
:10D2E000644F7246696C655F323D000053697A6530
:10D2F0005F323D003B20496E6465782033000000BA
:10D300004469766973696F6E734F724465677265BD
:10D3100065735F333D00000046697865644F72466F
:10D32000696C655F333D000053697A655F333D008A
:10D330003B20496E646578203400000044697669BA
:10D3400073696F6E734F72446567726565735F349E
:10D350003D00000046697865644F7246696C655F00
:10D36000343D000053697A655F343D003B20496ECF
:10D3700064657820350000004469766973696F6ED2
:10D38000734F72446567726565735F353D000000D9
:10D3900046697865644F7246696C655F353D00008B
:10D3A00053697A655F353D005B4D6F76655D0000C2
:10D3B00044697374616E63655F5A313D000000001B
:10D3C00044697374616E63655F5A323D000000000A
:10D3D00044697374616E63655F58313D00000000FD
:10D3E00044697374616E63655F58323D00000000EC
:10D3F00044697374616E63655F4D33202D20313D48
:10D400000000000044697374616E63655F4D3320F2
:10D410002D20323D0000000044697374616E636525
:10D420005F4D34202D20313D0000000044697374AD
:10D43000616E63655F4D34202D20323D0000000099
:10D440005B5368617265645D000000003B205365BA
:10D450007474696E677320736861726564206265B5
:10D46000747765656E0000003B204D61696E2C206D
:10D4700053796E632C2052656369702C20526F7350
:10D48000652C20477265656B204B65792C20616E99
:10D49000642050726F6772616D2070616765730000
:10D4A0003B2053796E6368726F6E697A65204D33E5
:10D4B00020616E64205370696E646C65000000002A
:10D4C0003B2053796E632C2052656369702C204792
:10D4D0007265656B204B65792C20616E64205072FB
:10D4E0006F6772616D207061676573003B205261E8
:10D4F0006469616C3D302C20417869616C3D31007C
:10D5000052616469616C5F417869616C3D00000043
:10D510005B53796E635D00003B205265766F6C75DE
:10D5200074696F6E73203D20302C204465677265EE
:10D530006573203D203100005265766F6C7574690B
:10D540006F6E735F6F725F446567726565733D00F0
:10D550005265766F6C7574696F6E733D00000000E4
:10D560003B2048656C69782054797065203A204CDE
:10D57000656674203D20302C205269676874203D18
:10D580002031000048656C6978547970653D000071
:10D590005B52656369705D003B205374796C652054
:10D5A000313D457175616C20416E676C652C203290
:10D5B0003D5371756172652C20333D536177746FF3
:10D5C0006F7468005374796C653D00003B205261B4
:10D5D0006469616C0000000052616469616C5F57AE
:10D5E000617665733D00000052616469616C5F5350
:10D5F00070696E646C655F446567726565733D0054
:10D6000052616469616C5F417869735F416D706CF0
:10D6100069747564653D00003B20417869616C0068
:10D62000417869616C5F57617665733D0000000069
:10D63000417869616C5F5370696E646C655F416DC0
:10D64000706C69747564653D000000004178696123
:10D650006C5F417869735F44697374616E63653DA3
:10D6600000000000526574726F5370696E646C65DF
:10D6700044697374616E63653D00000052657472A5
:10D680006F4178697344697374616E63653D00002E
:10D690003B204E6F204C617374205365676D656E3F
:10D6A00074203A204E6F6E65203D20312C2053654A
:10D6B000676D656E74203D20300000004E6F4C6138
:10D6C00073744C65673D00005B477265656B4B6525
:10D6D000795D00003B205061747465726E547970FE
:10D6E000653A203461203A20322C203462203A20DE
:10D6F000332C203361203A20362C203362203A200C
:10D70000372C203261203A20342C203262203A20FB
:10D71000350000005061747465726E547970653D17
:10D72000000000005061747465726E73506572334E
:10D7300036303D005061747465726E436F756E745F
:10D740003D0000005365676D656E744C656E6774CF
:10D75000683D00005B50726F6772616D5D00000094
:10D760003B205365676D656E74733A20322020410B
:10D77000637475616C203A20330000005365676D57
:10D78000656E74734F7241637475616C3D00000087
:10D790005B526F73655D0000526F73655F6E3D0095
:10D7A000526F73655F643D005370696E646C6552BF
:10D7B00065766F6C7574696F6E733D00416D706C4A
:10D7C00069747564655F5A3D00000000416D706CBE
:10D7D00069747564655F583D00000000416D706CB0
:10D7E00069747564655F4D333D000000416D706C78
:10D7F00069747564655F4D343D0000003B456E649F
:10D8000020696E690000000053657474696E677367
:10D810002E696E6920436F6D706C6574652E000013
:10D820007669732074332C3100FFFFFF696E695FE6
:10D8300046696C654E616D653A200000496E69204D
:10D8400066696C652000000020646F6573206E6F50
:10D8500074206578697374007669732074312C3193
:10D8600000000000696E692066696C652000000098
:10D87000206E6F742076616C69643A2000000000AD
:10D880007765706F200000002C00000062756666EE
:10D8900065722D546578743A2000000070616765E8
:10D8A000496E692E7431312E7478743D0000000089
:10D8B00070616765496E692E7431322E7478743DDB
:10D8C0000000000070616765496E692E7431332E67
:10D8D0007478743D000000002D2D2D2D2D2D2D2D43
:10D8E0002D2D2D2D2D2D2D2D000000004261643A8F
:10D8F00000000000202D20005061747465726E736A
:10D900005065723336300000477265656B4B657940
:10D91000000000005061747465726E436F756E7420
:10D92000000000005365676D656E744C656E67742A
:10D930006800FFFF5265766F6C7574696F6E7300D7
:10D9400052616469616C5F57617665730000000025
:10D95000526563697000000052616469616C5F53D5
:10D9600070696E646C655F4465677265657300001D
:10D9700052616469616C5F417869735F416D706C7D
:10D980006974756465000000417869616C5F576176
:10D9900076657300417869616C5F5370696E646C81
:10D9A000655F416D706C697475646500417869618B
:10D9B0006C5F417869735F44697374616E6365007D
:10D9C000526574726F4178697344697374616E63F0
:10D9D00065000000526574726F5370696E646C6507
:10D9E00044697374616E636500FFFFFF4D61785396
:10D9F000706565645F5370696E646C65000000005B
:10DA000052657475726E7300416363656C5F537029
:10DA1000696E646C650000004D61785370656564E3
:10DA20005F417869735F5A00416363656C5F417859
:10DA300069735F5A000000004D617853706565643A
:10DA40005F417869735F5800416363656C5F41783B
:10DA500069735F58000000004D617853706565641C
:10DA60005F417869735F4D33000000004163636577
:10DA70006C5F417869735F4D330000004D617853EE
:10DA8000706565645F417869735F4D340000000024
:10DA9000416363656C5F417869735F4D3400FFFFDC
:10DAA000537065656450657263656E746167655F28
:10DAB0005370696E646C65004D756C746953796E52
:10DAC000630000004178697349640000436865633E
:10DAD0006B65645F41786573494473005370656595
:10DAE0006450657263656E746167655F5A0000001B
:10DAF000537065656450657263656E746167655FD8
:10DB000058000000537065656450657263656E74FB
:10DB10006167655F4D3300005370656564506572E1
:10DB200063656E746167655F4D3400004D617853C5
:10DB3000706565645F5A00004D6178537065656477
:10DB40005F5800004D617853706565645F4D330028
:10DB50004D617853706565645F4D34004163636562
:10DB60006C5F5A00416363656C5F58004163636595
:10DB70006C5F4D3300000000416363656C5F4D34A2
:10DB80000000000054617267657444697374616ECB
:10DB900063655F5370696E646C6500005461726701
:10DBA000657444697374616E63655F5A00000000B8
:10DBB00054617267657444697374616E63655F581C
:10DBC0000000000054617267657444697374616E8B
:10DBD00063655F4D3300000054617267657444698A
:10DBE0007374616E63655F4D340000004469726553
:10DBF0006374696F6E5F5370696E646C65000000DA
:10DC0000446972656374696F6E5F5A004469726536
:10DC10006374696F6E5F5800446972656374696FFD
:10DC20006E5F4D3300000000446972656374696F74
:10DC30006E5F4D340000000057617665735F53706E
:10DC4000696E646C6500000057617665735F5A0009
:10DC500057617665735F580057617665735F4D3322
:10DC60000000000057617665735F4D3400FFFFFFD1
:10DC7000536861726564000052616469616C5F4160
:10DC80007869616C0000000048656C6978547970AF
:10DC90006500000053796E6368726F5F4D335F619A
:10DCA0006E645F5370696E646C65000053796E63D7
:10DCB00068726F5F50657263656E7461676500FFBF
:10DCC000526F73655F6E0000526F73655F64000092
:10DCD0005370696E646C655265766F6C7574696FAC
:10DCE0006E730000416D706C69747564655F5A00F5
:10DCF000416D706C69747564655F5800416D706C3E
:10DD000069747564655F4D3300000000416D706C8F
:10DD100069747564655F4D3400FFFFFF4469737477
:10DD2000616E63655F5A310044697374616E636547
:10DD30005F5A320044697374616E63655F583100E5
:10DD400044697374616E63655F583200446973742B
:10DD5000616E63655F4D332D31000000446973745B
:10DD6000616E63655F4D332D32000000446973744A
:10DD7000616E63655F4D342D31000000446973743A
:10DD8000616E63655F4D342D3200FFFF5365676D33
:10DD9000656E74734F7241637475616C00000000AE
:10DDA0005061747465726E54797065005374796C47
:10DDB0006500FFFF496E64657849640041757869C4
:10DDC0006C6C6172795F50696E000000507265661C
:10DDD0006572656E636573004469766973696F6E19
:10DDE000734F72446567726565735F3100000000B0
:10DDF00046697865644F7246696C655F3100000062
:10DE000053697A655F31000072657475726E566190
:10DE10006C3A202000000000636F6E666967496EEF
:10DE20006465785F312E73697A65496E53746570E5
:10DE3000733A2000636F6E666967496E6465785F48
:10DE4000312E73697A65496E556E6974733A200094
:10DE50004469766973696F6E734F72446567726562
:10DE600065735F320000000046697865644F724652
:10DE7000696C655F3200000053697A655F320000AB
:10DE8000636F6E666967496E6465785F322E736989
:10DE90007A65496E53746570733A2000636F6E66DD
:10DEA0006967496E6465785F322E73697A65496E79
:10DEB000556E6974733A20004469766973696F6EB0
:10DEC000734F72446567726565735F3300000000CD
:10DED00046697865644F7246696C655F330000007F
:10DEE00053697A655F3300004469766973696F6EC0
:10DEF000734F72446567726565735F34000000009C
:10DF000046697865644F7246696C655F340000004D
:10DF100053697A655F3400004469766973696F6E8E
:10DF2000734F72446567726565735F35000000006A
:10DF300046697865644F7246696C655F350000001C
:10DF400053697A655F3500FF4D61696E000000001E
:10DF500056656E646F72496400FFFFFF506F6C611D
:10DF6000726974795F4D3400506F6C6172697479B5
:10DF70005F5370696E646C650000000052616469F3
:10DF8000616C4F724C696E65616C5F4D34000000CE
:10DF9000506F6C61726974795F5A0000506F6C61E8
:10DFA000726974795F416C7458000000506F6C6145
:10DFB000726974795F5800004E6F4C6173744C65E0
:10DFC00067000000506F6C61726974795F4D3300B7
:10DFD0004E432D4E4F0000004C696D697473000074
:10DFE00052616469616C4F724C696E65616C5F4D22
:10DFF000330000004B656570537465707065727313
:10E00000456E61626C6564004D6963726F7374651F
:10E0100070735F5370696E646C6500005374657053
:10E02000735065723336305F5370696E646C65008F
:10E0300047656172526174696F5F5370696E646C99
:10E04000650000004D6963726F73746570735F5A89
:10E050000000000053746570735065723336305F92
:10E060005A00000044697374616E636550657233D1
:10E0700036305F5A000000007765706F20302C3119
:10E08000383800004D6963726F73746570735F5840
:10E090000000000053746570735065723336305F52
:10E0A0005800000044697374616E63655065723393
:10E0B00036305F58000000004D6963726F737465FD
:10E0C00070735F416C74580053746570735065725F
:10E0D0003336305F416C745800000000446973743B
:10E0E000616E63655065723336305F416C74580001
:10E0F0004D6963726F73746570735F4D3300000018
:10E1000053746570735065723336305F4D33000061
:10E1100047656172526174696F5F4D3300000000A2
:10E1200044697374616E63655065723336305F4D58
:10E13000330000004D3352616469757300000000C4
:10E140004D6963726F73746570735F4D34000000C6
:10E1500053746570735065723336305F4D34000010
:10E1600047656172526174696F5F4D340000000051
:10E17000636F6E66696753657475702E676561724B
:10E18000526174696F5F417869734D343A202000A1
:10E190006C6B6A7364613B6C6A6173646C3B666B45
:10E1A0006A73613B6C646B666A613B736C6A66613F
:10E1B0006C733B6B6A666C613B736B6A666C3B733A
:10E1C000616B6A66617364663B6C6B736A6466005C
:10E1D00044697374616E63655065723336305F4DA8
:10E1E000340000004D3452616469757300FFFFFF15
:10E1F0004D696E5F4D3300004D61785F4D33000017
:10E200006553746F7000000053746F705370696EC3
:10E21000646C65004D696E5F5A0000004D61785F67
:10E220005A0000004D696E5F580000004D61785F34
:10E23000580000004D696E5F4D3400002D2D2D2DCE
:10E240002D2D2D2D2D52657475726E56616C2D2DF0
:10E250002D2D2D2D2D2D2D2D2D2D2D2D2D2D2D2DEE
:10E260002D2D2D2D2D2D2D2D2D2D2D2D2D4D696E41
:10E270005F4D343A000000002D2D2D2D2D2D2D2D1C
:10E280002D2D2D2D2D2D2D2D2D2D2D2D2D2D2D2DBE
:10E290002D2D2D2D2D2D2D2D2D2D2D2D2D2D2D2DAE
:10E2A00076616C7565303A004D61785F4D3400FFE2
:10E2B000496E692066696C6520666F756E642E2EE6
:10E2C0002E2E2E2E000000004E6F20436172642E11
:10E2D0002E2E2E2E2E2E2E2E2E2E2E2E2E2E2E2E5E
:10E2E000000000007669732067302C3100FFFFFFCB
:10E2F0006274302E62636F3D353537313500000072
:10E300006274322E62636F3D35353731350000005F
:10E310006274332E62636F3D35353731350000004E
:10E32000706167654D61696E2E6274342E62636F31
:10E330003D35353731350000706167654D61696E77
:10E340002E6274342E76616C3D300000706167651A
:10E350004D61696E2E6274352E62636F3D353537BF
:10E3600031350000706167654D61696E2E627435EC
:10E370002E76616C3D300000706167654D61696E9D
:10E380002E6274362E62636F3D35353731350000AD
:10E39000706167654D61696E2E6274362E76616CB0
:10E3A0003D300000706167654D61696E2E627437A3
:10E3B0002E62636F3D35353731350000706167651A
:10E3C0004D61696E2E6274372E76616C3D300000AF
:10E3D000706167654D61696E2E6274302E62636F85
:10E3E0003D35353731350000706167654D61696EC7
:10E3F0002E6274302E76616C3D300000706167656E
:10E400004D61696E2E6274312E62636F3D35353712
:10E4100031350000706167654D61696E2E6274313F
:10E420002E76616C3D300000706167654D61696EEC
:10E430002E6274322E62636F3D3535373135000000
:10E44000706167654D61696E2E6274322E76616C03
:10E450003D300000706167654D61696E2E627433F6
:10E460002E62636F3D353537313500007061676569
:10E470004D61696E2E6274332E76616C3D30000002
:10E48000706167654D61696E2E7661322E76616CC2
:10E490003D313000706167654D756C74692E627432
:10E4A000313030312E62636F3D3535373135000004
:10E4B000706167654D756C74692E627431303031EE
:10E4C0002E76616C3D300000706167654D756C742F
:10E4D000692E6274313030322E62636F3D353537CC
:10E4E00031350000706167654D756C74692E62741A
:10E4F000313030322E76616C3D30000070616765DE
:10E500004D756C74692E6274313030332E62636FD6
:10E510003D35353731350000706167654D756C7478
:10E52000692E6274313030332E76616C3D300000DC
:10E53000706167654D756C74692E6274313030346A
:10E540002E62636F3D353537313500007061676588
:10E550004D756C74692E6274313030342E76616C76
:10E560003D300000706167654D756C74692E627492
:10E57000313030302E62636F3D3535373135000034
:10E58000706167654D756C74692E6274313030301E
:10E590002E76616C3D300000706167654D756C745E
:10E5A000692E6274302E62636F3D35353731350028
:10E5B000706167654D756C74692E6274302E76617A
:10E5C0006C3D3000706167654D756C74692E6274C6
:10E5D000312E62636F3D35353731350070616765C7
:10E5E0004D756C74692E6274312E76616C3D30000D
:10E5F000706167654D756C74692E6274322E62634A
:10E600006F3D353537313500706167654D756C7418
:10E61000692E6274322E76616C3D300070616765E0
:10E620004D756C74692E7661302E76616C3D31309B
:10E630000000000070616765496E64657800000045
:10E64000706167654D6F76650000000070616765F9
:10E6500053796E6300000000706167655265630066
:10E660007061676547726B007061676550726F67B4
:10E6700072616D0070616765526F73650000000024
:10E68000706167654F6E65007061676553706C619E
:10E6900073682E76614553746F702E76616C3D31D0
:10E6A00000FFFFFF456E7465722052756E4F6E65F8
:10E6B000537465707065722E0000000031302E6159
:10E6C00078697349643A202000000000202020204F
:10E6D000202020202020202020202020202020203A
:10E6E0002020202020204553746F7020000000005F
:10E6F000706167654F6E652E62743330312E7661BE
:10E700006C3D3000706167654F6E652E627433300A
:10E71000312E7478743D000044697361626C6564E5
:10E720000000000022FFFFFF00000000706167652D
:10E730004F6E652E62743330322E76616C3D300040
:10E74000706167654F6E652E62743330322E747857
:10E75000743D0000706167654F6E652E62743330E2
:10E76000332E76616C3D3000706167654F6E652EAB
:10E7700062743330332E7478743D000070616765C5
:10E780004F6E652E62743330342E76616C3D3000EE
:10E79000706167654F6E652E62743330342E747805
:10E7A000743D0000706167654F6E652E6274333092
:10E7B000302E76616C3D3000706167654F6E652E5E
:10E7C00062743330302E7478743D00007061676578
:10E7D0004D756C74692E6274313330312E76616CF4
:10E7E0003D310000706167654D756C74692E62740F
:10E7F000313330312E7478743D00000070616765EC
:10E800004D756C74692E6274313330322E76616CC2
:10E810003D300000706167654D756C74692E6274DF
:10E82000313330322E7478743D00000070616765BA
:10E830004D756C74692E6274313330332E76616C91
:10E840003D300000706167654D756C74692E6274AF
:10E85000313330332E7478743D0000007061676589
:10E860004D756C74692E6274313330342E76616C60
:10E870003D300000706167654D756C74692E62747F
:10E88000313330342E7478743D0000007061676558
:10E890004D756C74692E6274313330302E76616C34
:10E8A0003D300000706167654D756C74692E62744F
:10E8B000313330302E7478743D00FFFF5A20496E9A
:10E8C000697469616C20706F736974696F6E3A2046
:10E8D000200000005A204D617820706F73697469C0
:10E8E0006F6E3A20200000007374617274506F7371
:10E8F0006974696F6E4162735F417869733A202071
:10E90000000000005A20496E697469616C20706FC4
:10E91000736974696F6E5F323A2020007265747596
:10E92000726E506F736974696F6E4162735F417884
:10E9300069733A20200000005370696E646C652092
:10E940004D6F7665204173796E6300007370696E58
:10E95000646C654D6178526F746174696F6E3A00D2
:10E9600020202020202020202020202020202020A7
:10E97000202020202020202020206C696D697450E8
:10E98000696E5F4D6178000020202020202020202B
:10E990002020202020202020202020202020202077
:10E9A00020206C696D697450696E5F4D696E00005E
:10E9B000736C6964655374657073416D706C6974D0
:10E9C000756465202D20656E64506F736974696F7E
:10E9D0006E5F417869733A200000000070616765DE
:10E9E000526F73652E6274332E76616C3D30000079
:10E9F00070616765526F73652E6274322E76616C3A
:10EA00003D30000070616765526F73652E7661302E
:10EA10002E76616C3D30000070616765526F7365E2
:10EA20002E6274312E76616C3D300000656E64504C
:10EA30006F736974696F6E5F5370696E646C653A69
:10EA400000000000656E64506F736974696F6E5FDB
:10EA5000417869733A2000002D2D2D2D2D2D2D2D5F
:10EA60002D2D2D2D2D2D2D0070616765526F736535
:10EA70002E627431302E76616C3D310070616765B5
:10EA8000526F73652E627431312E76616C3D3100A8
:10EA900070616765526F73652E627431302E7661D6
:10EAA0006C3D300070616765526F73652E62743122
:10EAB000302E7478743D000070616765526F736525
:10EAC0002E627431312E76616C3D30007061676565
:10EAD000526F73652E627431312E7478743D00FF6D
:10EAE0004B65657020456E61626C65642D5370697D
:10EAF0006E646C653A200000706167654D61696EF7
:10EB00002E627431302E76616C3D31007061676524
:10EB10004D61696E2E627431302E76616C3D30002D
:10EB2000706167654D61696E2E627431302E747844
:10EB3000743D00004B65657020456E61626C6564D4
:10EB40002D5A3A20000000004B65657020456E612B
:10EB5000626C65642D583A20000000004B656570BA
:10EB600020456E61626C65642D4D333A20000000D3
:10EB70004B65657020456E61626C65642D4D343A5D
:10EB800020000000536574456E61626C652849443D
:10EB90005F415849535F342C2066616C73652C20AB
:10EBA00074727565290000006B6565704D6F746F38
:10EBB00072456E61626C65643A000000636F6E6658
:10EBC000696753657475702E6B65657053746570F5
:10EBD00070657273456E61626C65643A2000000076
:10EBE00031312E2E2E2E2E2E2E2E2E2E706167655A
:10EBF0004D61696E2E627431312E76616C3D31004B
:10EC0000706167654D61696E2E627431312E766177
:10EC10006C3D3000706167654D61696E2E627431C4
:10EC2000312E7478743D000031322E2E2E2E2E2E71
:10EC30002E2E2E2E2E2E706167654D61696E2E620E
:10EC40007431312E76616C3D3000000031332E2E50
:10EC50002E2E2E2E2E2E2E2E2E2E2E2E2E6B656529
:10EC6000704D6F746F72456E61626C65643D31000A
:10EC70004C696D69745F4D696E202D2043435720A8
:10EC80002D20547269707065643A202000FFFFFFE8
:10EC9000456E74657220477265656B4B65795F4D93
:10ECA0006F76655F417869732E2E2E2E2E2E2E2EB6
:10ECB0002E2E2E2E2E2E2E2E2E2E2E2E2E2E2E00A2
:10ECC0007365676D656E7453746570733A200000E8
:10ECD0006D756C7469706C6965723A200000000093
:10ECE00054617267657453746570733A2000000054
:10ECF0003D3D3D3D3D3D3D3D3D3D3D3D3D3D3D3D44
:10ED00003D3D3D3D3D3D3D002020477265656B4BDF
:10ED100065795F4D6F7665202020202020202020FF
:10ED200020202020202020202020202020202045BE
:10ED300053746F702000000053746F7047726565E4
:10ED40006B4B6579282920697320747275653A00C8
:10ED500063757272656E7453706565643A20000065
:10ED60004178697320706F736974696F6E3A20001F
:10ED700020202043617365203100000020202043C3
:10ED800061736520320000002020204361736520FC
:10ED90003300000020202043617365203400000010
:10EDA0002020202020202020202020202020202063
:10EDB000202020202020202020204553746F700028
:10EDC0007061676547726B2E6274302E76616C3DA0
:10EDD000300000007061676547726B2E62743130DD
:10EDE0002E76616C3D3000007061676547726B2E56
:10EDF000627431302E7478743D0000007061676574
:10EE000047726B2E627431312E76616C3D3000009A
:10EE10007061676547726B2E627431312E7478743D
:10EE20003D0000007061676550726F6772616D2E02
:10EE30006274312E76616C3D300000007061676550
:10EE400050726F6772616D2E7661302E76616C3D07
:10EE5000300000007061676550726F6772616D2EDF
:10EE60006274302E76616C3D300000007061676521
:10EE700050726F6772616D2E627431302E76616CE4
:10EE80003D3000007061676550726F6772616D2E72
:10EE9000627431302E7478743D00000070616765D3
:10EEA00050726F6772616D2E627431312E76616CB3
:10EEB0003D3000007061676550726F6772616D2E42
:10EEC000627431312E7478743D00000070616765A2
:10EED00042452E74312E7478743D00007061676570
:10EEE00042452E74322E7478743D00FF202020207D
:10EEF0002020202020202020202020202020202012
:10EF00002020202020206C696D697450696E00FFFC
:10EF10003E3E3E3E3E3E3E3E3E3E3E3E3E3E3E3E11
:10EF20004D696E53706565642053746F703C3C3C52
:10EF30003C3C3C3C3C3C3C3C3C3C3C3C2000FFFFE3
:10EF4000456E74657220477265656B4B65795F4DE0
:10EF50006F76655F5370696E646C652E2E2E2E2E53
:10EF60002E2E2E2E2E2E2E2E2E2E2E2E2E2E2E2EC1
:10EF70002E2E00007461726765745374657073524D
:10EF80006F756E6465643A20000000002D302D2DF1
:10EF90002D2D2D2D2D2D2D2D2D2D2D2D2D2D2D2DA1
:10EFA0002D2D2D2D2D2D2D2D2D2D2D2D2D2D0000EB
:10EFB000737465707065725F3120706F7369746906
:10EFC0006F6E3A2000000000656E64506F736974C4
:10EFD000696F6E5F5370696E646C653A2000000063
:10EFE00063756D756C61746976655F5370696E6485
:10EFF0006C653A20000000002D312D2D2D2D2D2D7A
:10F000002D2D2D2D2D2D2D2D2D2D2D2D2D2D2D2D30
:10F010002D2D2D2D2D2D2D2D2D2D00005E5E5E5EB6
:10F020005E5E5E5E5E5E5E5E5E5E5E5E5E5E5E5E00
:10F030005E5E5E5E5E5E5E00477265656B4B657927
:10F04000203461206553746F70206F72206C696D7D
:10F050006974207472696767657265642E2E2E2E3E
:10F060002E2E2E2E2E2E2E2E2E2E2E2E2E2E2E2EC0
:10F070002E2E2E00743230302E7478743D00FFFF37
:10F08000477265656B4B6579203462206553746FF8
:10F0900070206F72206C696D697420747269676783
:10F0A000657265642E2E2E2E2E2E2E2E2E2E2E2E98
:10F0B0002E2E2E2E2E2E2E2E2E2E2E0047726565D3
:10F0C0006B4B6579203361206553746F70206F72CC
:10F0D000206C696D69742074726967676572656414
:10F0E0002E2E2E2E2E2E2E2E2E2E2E2E2E2E2E2E40
:10F0F0002E2E2E2E2E2E2E00477265656B4B6579B7
:10F10000203362206553746F70206F72206C696DBC
:10F110006974207472696767657265642E2E2E2E7D
:10F120002E2E2E2E2E2E2E2E2E2E2E2E2E2E2E2EFF
:10F130002E2E2E00477265656B4B6579203261205B
:10F140006553746F70206F72206C696D69742074E0
:10F1500072696767657265642E2E2E2E2E2E2E2EF6
:10F160002E2E2E2E2E2E2E2E2E2E2E2E2E2E2E00ED
:10F170004449525F4343572000FFFFFF47726565D4
:10F180006B4B6579203262206553746F70206F720B
:10F19000206C696D69742074726967676572656453
:10F1A0002E2E2E2E2E2E2E2E2E2E2E2E2E2E2E2E7F
:10F1B0002E2E2E2E2E2E2E00426567696E20526551
:10F1C0007475726E546F5374617274506F73697496
:10F1D000696F6E28290000007374617274506F7338
:10F1E0006974696F6E4162735F417869733A200098
:10F1F0005A20706F736974696F6E3A2000000000C6
:10F200006D61785370645F52657475726E5F41789A
:10F2100069735F5A3A2000005820706F73697469EF
:10F220006F6E3A2000000000706167654D6F766573
:10F230002E6274312E76616C3D300000706167651E
:10F240004D6F76652E7661302E76616C3D30000014
:10F25000706167654D6F76652E6274302E76616CD5
:10F260003D3000FF4D6F746F7250696E3A204869EF
:10F2700067680000706167654D6F76652E62743255
:10F280002E76616C3D300000706167654D6F76656C
:10F290002E6274332E76616C3D30000070616765BC
:10F2A0004D6F76652E74362E7478743D0000000024
:10F2B000706167655265632E7661302E76616C3DB4
:10F2C00030000000706167655265632E6274312EF4
:10F2D00076616C3D30000000706167654D6F76654A
:10F2E0002E627431312E76616C3D3100706167653C
:10F2F0004D6F76652E627431312E76616C3D300033
:10F30000706167654D6F76652E627431312E747849
:10F31000743D00004D6F746F7250696E3A204869F9
:10F3200067682000636865636B6564436F756E741E
:10F33000203A2000706167654D61696E2E766130FC
:10F340002E76616C3D300000636F6E6669674D61BB
:10F35000696E2E6178697349643A20007374657030
:10F3600070657231206178697349643A2020000029
:10F3700044697361626C6520417869733A202000AA
:10F38000706167654F6E652E627431302E76616CE8
:10F390003D300000706167654F6E652E62743130DC
:10F3A0002E7478743D0000006B6565705374657051
:10F3B00070657273456E61626C65643A202000FF6F
:10F3C0007374657073546F4D6F76655F5370696EBB
:10F3D000646C653A200000007374657073546F4D5F
:10F3E0006F76655F4D343A2020000000696E636FD0
:10F3F0006D696E67427974653A2000002D2D2D2DC0
:10F400002D2D2D2D2D2D2D2D2D2D2D2D2D53746F7D
:10F41000707065642D2D2D2D2D2D2D2D2D2D2D2D27
:10F420002D2D2D2D2D2D2D2D2D2D2D2D2D2D2D2D0C
:10F430002D2D2D2D2D000000456E64206C6F6F70FA
:10F440000000000070616765496E6465782E766122
:10F45000302E76616C3D300070616765496E646581
:10F46000782E6274332E76616C3D30007061676572
:10F47000496E6465782E6274322E76616C3D300080
:10F4800070616765496E6465782E6274312E7661AD
:10F490006C3D30007061676553796E632E76613024
:10F4A0002E76616C3D3000007061676553796E6344
:10F4B0002E6274312E76616C3D300000706167659C
:10F4C000496E6465782E627431302E76616C3D3001
:10F4D0000000000070616765496E6465782E627493
:10F4E00031302E7478743D0070616765496E6465D3
:10F4F000782E627431312E76616C3D300000000050
:10F5000070616765496E6465782E627431312E745E
:10F5100078743D0070616765496E6465782E627429
:10F52000302E76616C3D300070616765496E6465B0
:10F53000782E74372E7478743D0000007061676512
:10F5400053796E632E62362E70636F3D300000007B
:10F550007061676553796E632E62352E70636F3DFF
:10F560003000FFFF456E746572204D756C74695FE5
:10F5700053696D756C74616E656F757354617267F4
:10F5800065747300312E77617665436F756E743ADA
:10F5900020000000312E636F6E6669674D756C74D4
:10F5A000692E77617665735F5A3A2000322E636F59
:10F5B0006E6669674D756C74692E77617665735FE9
:10F5C0005A3A2000322E77617665436F756E743A31
:10F5D00020000000332E636F6E6669674D756C7492
:10F5E000692E77617665735F5A3A2000332E776112
:10F5F0007665436F756E743A20000000342E776193
:10F600007665436F756E743A20000000352E776181
:10F610007665436F756E743A20000000312D4D33CE
:10F620002073746570733A2000000000312D4D3353
:10F630002073706565643A2000000000362E776103
:10F640007665436F756E743A20000000322D4D339D
:10F650002073746570733A2000000000636F6E665B
:10F6600069674D756C74692E77617665735F4D338C
:10F670003A200000372E77617665436F756E743AD5
:10F6800020000000332D4D332073746570733A20D1
:10F6900000000000312D4D3320656E61626C6564A1
:10F6A0003F200000382E77617665436F756E743A9F
:10F6B00020000000392E77617665436F756E743ACD
:10F6C0002000000031302E77617665436F756E74CF
:10F6D0003A20000031312E77617665436F756E7484
:10F6E0003A20000031322E77617665436F756E7473
:10F6F0003A200000312D5370696E646C652073747C
:10F700006570733A2000000031332E7761766543CF
:10F710006F756E743A200000322D5370696E646C00
:10F72000652073746570733A20000000322D5370A9
:10F73000696E646C652073706565643A2000000032
:10F7400031342E77617665436F756E743A20000010
:10F75000332D5370696E646C652073746570733AF1
:10F760002000000031352E77617665436F756E7429
:10F770003A20000031362E77617665436F756E74DE
:10F780003A2000005370696E646C6520656E61629A
:10F790006C65643F2000000031372E776176654349
:10F7A0006F756E743A2000002D2D2D2D2D2D2D2DD1
:10F7B0002D2D2D2D2D2D2D2D2D2D2D2D2D2D2D2D79
:10F7C0002D2D2D2D2D2D2D2D2D2D2D2D2D2D2D2D69
:10F7D00020693A200000000031382E2077617665DC
:10F7E000436F756E743A20007374657073546F4D77
:10F7F0006F76655F313A20006D6F76654173796E83
:10F800006300000020202020202020202020202015
:10F8100020202020202020202020202020206C6953
:10F820006D697450696E5F4D696E5F313A202000DA
:10F8300020202020202020202020202020202020C8
:10F84000202020202020202020206C696D69745009
:10F85000696E5F4D61785F3200000000202020203B
:10F860002020202020202020202020202020202098
:10F870002020202020206C696D697450696E5F4DD6
:10F88000696E5F3200000000202020202020202010
:10F890002020202020202020202020202020202068
:10F8A00020206C696D697450696E5F4D61785F33BB
:10F8B00000000000202020202020202020202020C8
:10F8C00020202020202020202020202020206C69A3
:10F8D0006D697450696E5F4D696E5F3300000000A2
:10F8E0002020202020202020202020202020202018
:10F8F000202020202020202020206C696D69745059
:10F90000696E5F4D61785F34000000002020202088
:10F9100020202020202020202020202020202020E7
:10F920002020202020206C696D697450696E5F4D25
:10F93000696E5F34000000004553746F703A2020F8
:10F9400000000000706167654D756C74692E62740B
:10F95000313330312E76616C3D3000007061676567
:10F960004D756C74692E6274313430342E76616C4E
:10F970003D300000706167654D756C74692E62746E
:10F98000313430342E7478743D0000007061676546
:10F990004D756C74692E7661302E76616C3D300049
:10F9A0002043616C6C20426567696E4D6574686FB9
:10F9B0006453657474696E677300000020456E645B
:10F9C00020426567696E4D6574686F645365747431
:10F9D000696E677300000000417869735374657045
:10F9E000733A20007061676553796E632E627433D9
:10F9F0002E70636F3D3000007061676553796E63F0
:10FA00002E6274332E76616C3D3000007061676544
:10FA100053796E632E6274322E76616C3D30000035
:10FA200073746570706572506F736974696F6E5F1F
:10FA3000313A200073746570706572506F73697429
:10FA4000696F6E5F333A20007061676553796E634A
:10FA50002E627431302E76616C3D310070616765C5
:10FA600053796E632E627431312E76616C3D3100B4
:10FA70007061676553796E632E627431302E7661E2
:10FA80006C3D30007061676553796E632E6274312E
:10FA9000302E7478743D00007061676553796E6331
:10FAA0002E627431312E76616C3D30007061676575
:10FAB00053796E632E627431312E7478743D00FF79
:10FAC00073746570706572315F737465703A20206D
:10FAD0000000000073746570706572315F64697254
:10FAE0003A20200073746570706572325F737465BC
:10FAF000703A2020000000007374657070657232E7
:10FB00005F6469723A2020007374657070657233A7
:10FB10005F737465703A2020000000007374657094
:10FB2000706572335F6469723A2020007374657087
:10FB3000706572345F737465703A202000000000B5
:10FB400073746570706572345F6469723A20200066
:10FB500073746570706572355F737465703A2020D8
:10FB60000000000073746570706572355F646972BF
:10FB70003A2020007374657070657249645F313A91
:10FB8000202000007374657070657249645F323ABA
:10FB9000202000007374657070657249645F333AA9
:10FBA000202000007374657070657249645F343A98
:10FBB000202000007374657070657249645F353A87
:10FBC00020200000636F6E6669674D756C74692E46
:10FBD0006178697349643A200000000044697361E8
:10FBE000626C65205A3A2020000000007061676551
:10FBF0004F6E652E6274312E76616C3D30000000D0
:10FC0000706167654F6E652E7661302E76616C3D52
:10FC100030000000706167654F6E652E6274302E93
:10FC200076616C3D3000000070616765526F7365EE
:10FC30002E6274302E76616C3D3000007061676515
:10FC400053796E632E6274302E76616C3D30000005
:10FC5000706167655265632E6274302E76616C3D0B
:10FC600030000000706167655265632E6274313048
:10FC70002E76616C3D300000706167655265632EC1
:10FC8000627431302E7478743D00000070616765D5
:10FC90005265632E627431312E76616C3D30000006
:10FCA000706167655265632E627431312E747874A9
:10FCB0003D00FFFF726574726F417869734368613C
:10FCC0006E676553746570733A200000636F6E66EB
:10FCD00069675265632E726574726F5F41786973EC
:10FCE0004368616E67653A20000000002E2E2E2EBC
:10FCF0002E2E2E2E2E2E2E2E2E2E2E2E693A000039
:10FD00006C65673A2000000073746570735F537010
:10FD1000696E646C653A200073746570735F417836
:10FD200069733A2000000000302E207374657073F0
:10FD30005F417869733A0000322E207374657073E6
:10FD40005F417869733A00007370696E646C655343
:10FD5000746570735F4E6578743A200061786973DA
:10FD600053746570735F4E6578743A20000000002C
:10FD7000456E64204C6F6F702D2D2D2D2D2D2D2D4A
:10FD80002D2D2D2D2D2D2D2D2D2D2D2D2D2D2D2DA3
:10FD90002D2D2D2D2D2D2D2D2D2D2D2D2D2D3A2093
:10FDA000000000003E3E73746570735F5370696EAF
:10FDB000646C653A000000003E3E73746570735FCA
:10FDC000417869733A000000202020202020202064
:10FDD0002020202020202020202020202020202023
:10FDE000206C696D697450696E5F4D617800000028
:10FDF000737465707065725370696E646C652E679C
:10FE00006574506F736974696F6E28293A20000019
:10FE100073746570706572417869735F5A2E676597
:10FE200074506F736974696F6E28293A200000005E
:10FE300063756D756C61746976655F5A3A20000070
:10FE400073746570706572506F736974696F6E5FFB
:10FE5000323A2000706167655265632E6274332EFA
:10FE600076616C3D30000000706167655265632EFD
:10FE70006274322E76616C3D3000000070616765FF
:10FE80005265632E627431302E76616C3D31000014
:10FE9000706167655265632E627431312E76616CD4
:10FEA0003D3100FF456E7465722050726F6772615C
:10FEB0006D46726F6D46696C650000004578697427
:10FEC00020477265656B204B65793A2046696C6501
:10FED000206E6F7420666F756E64000070616765D8
:10FEE00050726F6772616D2E7446696C654E616DFC
:10FEF000652E7478743D00004578697420477265FA
:10FF0000656B204B65793A2042616420436F6D6DCB
:10FF1000616E64007061676550726F6772616D2E0B
:10FF20007432322E7478743D000000007061676591
:10FF300050726F6772616D2E7432312E7478743D19
:10FF400000000000636F6E666967477265656B4B02
:10FF500065792E7365676D656E744C656E67746840
:10FF60005F46696C653A0000636F6E66696753654A
:10FF70007475702E64697374616E63655065725236
:10FF800065765F417869735A3A000000636F6E6668
:10FF9000696753657475702E73746570733336308A
:10FFA0005F417869735F5A3A00000000636F6E66C4
:10FFB000696753657475702E6D6963726F737465CC
:10FFC00070735F417869735F5A3A000073686F72AB
:10FFD000745365676D656E745374657073417869A9
:10FFE000735A3A003E3E3E3E3E626164436F6D6D21
:10FFF000616E642056616C75653A20200000000037
:020000025000AC
:100000007061676550726F6772616D2E7431352E45
:100010007478743D00000000706167654D6F76650F
:100020002E7431302E7478743D00000046000000BC
:100030004800000047000000520000007061676542
:1000400050726F6772616D2E7434302E7478743D07
:10005000000000004A0000004E0000004B000000BD
:100060005700000045786974496E6E6572466F727C
:100070004C6F6F703E3E3E3E3E3E3E3E00000000F6
:100080007061676550726F6772616D2E6274332E96
:1000900076616C3D300000007061676550726F677B
:1000A00072616D2E6274322E76616C3D30000000FC
:1000B0007061676550726F6772616D2E6274313066
:1000C0002E76616C3D3100007061676550726F671C
:1000D00072616D2E627431312E76616C3D3100FF9C
:1000E000312E73657269616C49643A20000000002A
:1000F000332E73657269616C49643A200000000018
:1001000073657269616C49643A20000070616765CB
:1001100043616C6C657249643A0000004D6178532C
:10012000706565643A202000416363656C3A202065
:1001300000000000636F6E6669674D756C74692E10
:1001400077617665735F5370696E646C653A200001
:10015000636F6E6669674D756C74692E776176653D
:10016000735F5A3A20000000636F6E6669674D75D1
:100170006C74692E77617665735F583A20000000D1
:10018000636F6E6669674D756C74692E776176650D
:10019000735F4D343A200000636F6E666967526585
:1001A000632E726574726F5F5370696E646C654321
:1001B00068616E6765000000526573746172742037
:1001C0006D6963726F534420706F72740000000099
:1001D000202020202020202020202020202020201F
:1001E00020202031323334202020202020202020C5
:1001F000202020207061676543616C6C65724964E2
:100200003A202000312E6178697349643A20200039
:1002100020202020202020202020202020203536B3
:1002200037202020202020202020202020202020B7
:1002300020202020636F6E6669674D61696E2E61B4
:1002400078697349643A2020000000006D6178539A
:1002500070645F5370696E646C652D2D3630303A72
:10026000202000006D61785370645F417869735F8E
:100270005A2D2D3630343A20200000006D6178531D
:1002800070645F417869735F582D2D3630383A209D
:10029000200000006D61785370645F417869735F7E
:1002A0004D332D2D3631323A202000006D617853C8
:1002B00070645F417869735F4D342D2D3631363A65
:1002C000202000006D7956616C2D2D4178697349AD
:1002D000643A202000000000322E6178697349647E
:1002E0003A202000202020332E6178697349643A37
:1002F00020200000496E6465782061786973496444
:100300003A202000417869732049443A20200000B7
:10031000496E646578313A2020000000204465670A
:10032000726565206F72204469766973696F6E3AF1
:1003300020200000496E646578323A2020000000D9
:10034000496E646578333A2020000000496E646588
:1003500078343A2020000000496E646578353A20F0
:10036000200000006553746F703A202000000000E8
:1003700048656C697820547970653A202000000047
:1003800068656C6978547970653A20005365676DCB
:10039000656E74206F722041637475616C3A202021
:1003A000000000005061747465726E20436F756EBA
:1003B000743A20200000000043616C6C5F37383ACB
:1003C000202020005061676543616C6C6572496450
:1003D0003A20000047657446696C654C6973745F28
:1003E00053445F37383A2000476574496E6946695F
:1003F0006C654C69737446726F6D53445F37383A5D
:100400002000000044697374616E63653A20200027
:10041000636F6E66696753657475702E6B65657082
:100420005374657070657273456E61626C65643A91
:1004300000000000496E6465782049443A2020009D
:100440002046696C65206F722046697865643A20A1
:100450002000000070616765526F73652E74313043
:10046000332E7478743D00006B466163746F723A8A
:10047000200000005365676D656E74204C656E67E3
:1004800074683A2020000000312E5265766F6C753A
:1004900074696F6E734F72446567726565733A2055
:1004A00020000000612E6E657756616C3A202000B6
:1004B000322E5265766F6C7574696F6E734F72442D
:1004C0006567726565733A2020000000332E52651F
:1004D000766F6C7574696F6E734F72446567726581
:1004E00065733A20200000005370696E646C6520CB
:1004F0005265766F6C7574696F6E732D6139373A1A
:1005000020000000636173652031303020435720A4
:100510006178697349643A20000000006361736583
:100520002031303120434357206178697349643A60
:1005300020000000322E636F6E6669674D756C7423
:10054000692E74617267657444697374616E636562
:100550005F583A20000000002020204343573A20F3
:1005600000000000456E7465722063617365203180
:1005700031303A203E3E3E3E3E3E3E3E3E3E3E3ED8
:100580003E3E3E3E3E3E3E3E3E3E3E3E3E3E000007
:10059000456E7465722063617365203131313A2094
:1005A0003E3E3E3E3E3E3E3E3E3E3E3E3E3E3E3E6B
:1005B0003E3E3E3E3E3E3E3E3E3E00005374657033
:1005C000732F3336303A20004765617220526174D0
:1005D000696F3A2000000000636F6E6669674F6EB6
:1005E000652E6178697349643A200000636F6E6616
:1005F0006967496E6465785F4D61696E2E696E64E6
:10060000657849643A200000636F6E6669674D6FD4
:1006100076652E6178697349643A2000636F6E666F
:10062000696753796E632E6178697349643A200073
:10063000636F6E6669675265632E6178697349649A
:100640003A200000636F6E666967477265656B4BA1
:1006500065792E6178697349643A2000636F6E662C
:100660006967526F73652E6178697349643A200037
:1006700074617267657444697374616E63655F5316
:1006800070696E646C653A00636F6E666967536586
:100690007475702E6C696D69745F4E436F724E4F46
:1006A000203A000072616469616C4F724C696E653A
:1006B00061725F417869735F4D343A200000000039
:1006C0006E756556616C75653A20202020202020CB
:1006D000202020202020202020202020200000007A
:1006E000636F6E66696753657475702E6375747495
:1006F00065724D6F746F7250696E3A202000000071
:100700004C696D6974204D6178204D343A20200089
:100710004C696D6974204D696E204D343A2020007B
:100720007261646975734D343A2000006E657744D8
:10073000697374616E63653A2000000041786973E3
:1007400049643A200000000064697374616E636557
:100750005F4D6F76655A323A200000006469737409
:10076000616E63655F4D6F766558323A2000000018
:1007700063617365203138352D7061676543616C45
:100780006C657249643A20006361736520313835C5
:100790002D6D61785370645F617869733A20000051
:1007A000636F6E666967496E6465785F4D61696EF7
:1007B0002E6D61785370645F417869735F4D333A91
:1007C00020000000706167654D756C74692D636F62
:1007D0006E6669674D756C74692E617869734964DA
:1007E0003A20000063617365203138362D61636300
:1007F000656C5F617869733A200000006178697305
:1008000049643A002E2E2E2E2E2E2E2E2E2E2E2ED9
:100810002E2E2E2E2E2E2E2E616363656C5F417858
:1008200069735F4D333A00002E2E2E2E2E2E2E2E63
:100830002E2E2E2E2E2E2E2E2E2E2E2E6163636504
:100840006C5F417869735F4D343A0000636F6E6688
:100850006967496E6465785F4D61696E2E61636397
:10086000656C5F417869735F4D333A20000000008A
:1008700020202053697A653A20202000496E646563
:1008800078204178697349643A200000636F6E668E
:100890006967496E6465785F312E73697A65496E60
:1008A000556E6974733A202000000000636F6E6615
:1008B0006967496E6465785F322E73697A65496E3F
:1008C000556E6974733A202000000000636F6E66F5
:1008D0006967496E6465785F332E73697A65496E1E
:1008E000556E6974733A202000000000636F6E66D5
:1008F0006967496E6465785F342E73697A65496EFD
:10090000556E6974733A202000000000636F6E66B4
:100910006967496E6465785F352E73697A65496EDB
:10092000556E6974733A2020000000005265766F9E
:100930006C7574696F6E733A202000005370696E95
:10094000646C6520000000005A2000005820000060
:100950004D3320004D342000206469726563746952
:100960006F6E3A200000000057617665204469727E
:10097000656374696F6E3A202000000052616469FB
:10098000616C206F7220417869616C3A2020000010
:100990005374796C653A0000636F6E6669674D75D4
:1009A0006C74692E6D756C74694178657349447314
:1009B0003A20200020202043573A200057617665D6
:1009C000733A202000000000416D706C69747564FA
:1009D000653A202000000000436173652032313108
:1009E0002D2D2D005A206E65774553657474696E00
:1009F000673A2000446567726565733A20200000FD
:100A0000506F6C61726974793A2020004C696D698D
:100A100074205A204D696E3A200000004C696D69BF
:100A200074204D696E205A3A202000004C696D698F
:100A300074204D6178205A3A202000004C696D697D
:100A400074204D696E20583A202000004C696D6971
:100A500074204D617820583A202000004C696D695F
:100A600074204D696E204D333A2020004C696D6929
:100A700074204D6178204D333A2020004361736526
:100A8000203232362D2D2D0058206E657745536566
:100A90007474696E673A200043617365203232399D
:100AA0002D2D2D004D33206E657745536574746987
:100AB0006E673A200000000072657475726E4178AE
:100AC000697349643A20000041786973204D617868
:100AD0005370643A200000007061676553706C6168
:100AE00073682E76615370456E61626C65642E7614
:100AF000616C3D007061676553706C6173682E7640
:100B00006141786973456E61626C65645A2E7661E5
:100B10006C3D00007061676553706C6173682E7680
:100B20006141786973456E61626C6564582E7661C7
:100B30006C3D00007061676553706C6173682E7660
:100B40006141786973456E61626C65644D332E76E0
:100B5000616C3D007061676553706C6173682E76DF
:100B60006141786973456E61626C65644D342E76BF
:100B7000616C3D00706167654D6F72652E63332E49
:100B800076616C3D00000000706167654D6F7265B5
:100B90002E63352E76616C3D000000007061676544
:100BA0004D6F72652E63372E76616C3D000000003C
:100BB000706167654D6F72652E63392E76616C3D8D
:100BC00000000000706167654D6F72652E63313102
:100BD0002E76616C3D0000004D61696E20417869A0
:100BE0007349643A200000004F6E652F4D756C7498
:100BF00069204178697349643A2000004D6F766539
:100C0000204178697349643A20000000536861729A
:100C10006564204178697349643A200050616765D2
:100C200049643A2000000000506167652043616C10
:100C30006C65722049443A202000000043617365CE
:100C4000203233382D2D2D004D34206E65774553DD
:100C5000657474696E673A20000000004361736533
:100C6000203234312D2D2D005370696E646C652057
:100C70006E65774553657474696E673A20000000AD
:100C80005061747465726E3A20200000526576657A
:100C900072736520446972656374696F6E3A2020CF
:100CA000000000007061676547726B2E627431301E
:100CB0002E76616C3D3100007061676547726B2E66
:100CC000627431312E76616C3D3100005772697467
:100CD0006553657474696E6773546F534400000004
:100CE0005370696E646C65205265766F6C757469BB
:100CF0006F6E732D3235303A2000000072616469E6
:100D000075734D333A2000FF62617564733D353170
:100D10003230303000000000312D73657269616C33
:100D200049643A2000000000626B636D643D30004E
:100D3000322D73657269616C49643A2000000000CD
:100D4000332D73657269616C49643A2000FFFFFFBF
:100D5000426175643A0000002020202020202020DD
:100D60002020202020202020202020202020202083
:100D70002020202020202020656550726F6D416466
:100D800064726573735F4D61696E3A200000000004
:100D9000706167654D6F72652E63333D31000000F1
:100DA000706167654D6F72652E63353D31000000DF
:100DB000706167654D6F72652E63373D31000000CD
:100DC000706167654D6F72652E63393D31000000BB
:100DD000706167654D6F72652E6331313D31000082
:100DE000636F6E66696753657475702E6B656570A9
:100DF0005370696E646C65456E61626C65643A201F
:100E0000000000007061676553706C6173682E7438
:100E1000322E7478743D0000636F6E6669675365A7
:100E20007475702E6B6565704D34456E61626C65CE
:100E3000643A20007061676553706C6173682E744A
:100E4000332E7478743D0000617578696C6C617242
:100E50007950696E206E6F7420656E61626C656496
:100E600000000000636F6E66696753657475702ECD
:100E700067656172526174696F5F5370696E646C0B
:100E8000653A2000636F6E66696753657475702EEE
:100E900067656172526174696F5F417869734D3340
:100EA0003A20000073796E6368726F5F52617469F3
:100EB0006F3A2000496E697469616C697A65642EC5
:100EC0002E2E000076332E312E326A0000000000F4
:100ED0000000000095D4030069C703005904000016
:100EE0005D04000095D4030095D4030095D403005D
:100EF0000000000000000000510C00003D0C00004C
:100F000059040000190B0000910B0000E10A0000D9
:100F1000410A00000000000000000000510C000029
:100F20003D0C000059040000190B0000910B00005B
:100F3000E10A0000410A000000000000000000007B
:100F4000850C0000F9070000590400002109000089
:100F50003D0800009D080000F5080000D5100000C5
:100F60007D1100000000000000000000D90C00000E
:100F7000190D0000C90A0000290C0000DD0B00005B
:100F8000290A00002D0B00000D060000F10D0000E5
:100F90004909000065090000D10400006104000057
:100FA000BD050000590A000081090000810A000007
:100FB000090700009906000049060000410B0000E7
:100FC00000000000000000003110000000000000E0
:100FD00000000000610D000095D40300B90400007A
:100FE0000000000000000000000000000000000001
:100FF000610D000029140000B9040000857801008B
:10100000997801000000000000000000610D000060
:1010100015150000B9040000557801006978010039
:10102000A1040000A5040000AD040000B504000008
:101030000000000000000000CD120000253B03006E
:10104000E93A0300313A0300953A0300DD39030021
:101050005D3B03004D3C0300893C0300693D0300F8
:10106000FF00780180014302880187018C018B0118
:10107000920191019501F601990198019A013D02B1
:101080009E012002A801A701AD01AC01B001AF0192
:10109000B901B801BD01BC01BF01F701C601C4011E
:1010A000C901C701CC01CA01DD018E01F301F101C3
:1010B000F501F4013A02652C3C023B023E02662C2B
:1010C0004202410253028101540286015602890103
:1010D00057028A0159028F015B029001600293015D
:1010E0006302940168029701690296016B02622C07
:1010F0006F029C0172029D0175029F017D02642CAA
:101100008002A6018302A9018802AE01890244027D
:101110008A02B1018B02B2018C0245029202B70130
:101120007B03FD037C03FE037D03FF03AC03860307
:10113000C203A303CC038C03CD038E03CE038F0322
:10114000F203F903F803F703FB03FA03CF04C00427
:101150007D1D632C511F591F531F5B1F551F5D1FA2
:10116000571F5F1F781FF81F791FF91FB31FBC1F80
:10117000CC1FC31FE51FEC1FFC1FF31F4E213221A4
:1011800084218321612C602C762C752C6100E01A5F
:10119000E000E017F800E00700010130320101062D
:1011A000390101104A01012E790101068201010471
:1011B000A0010106B3010104CD010110DE010112FD
:1011C000F8010128220201124602010AAD03DB03E5
:1011D000B103E011C303E009D80301183004E02093
:1011E0005004B010600401228A040136C104010ECB
:1011F000D00401446105D026001E0196A01E015AAC
:10120000001F0808101F0806201F0808301F0808C4
:10121000401F0806601F0808701F4A02721F56040C
:10122000761F64027A1F70027C1F7E02801F0808EE
:10123000901F0808A01F0808B01F0802D01F08024E
:10124000E01F08027021F010D024E61A302CD02FB5
:10125000672C0106802C0164002D002641FFE01A56
:1012600044657669636520697320746F6F20736DC0
:10127000616C6C0D0A00000057726974696E67201A
:10128000464154200000000057726974696E67205F
:10129000757063617365207461626C650D0A00008E
:1012A00057726974696E6720726F6F740D0A00005F
:1012B000466F726D617420646F6E650D0A000000E8
:1012C000466F726D6174206661696C65640D0A0019
:1012D000455846415400FFFF42616420636C7573BA
:1012E00074657220636F756E740D0A0043617264D9
:1012F00020697320746F6F20736D616C6C2E0D0A02
:1013000000000000466F726D617420446F6E650DC1
:101310000A000000466F726D6174204661696C6559
:10132000640D0A000000000000000000398D030079
:101330003D8D0300E18B0300C1910300F19D03008B
:10134000D59503006D820300698D03007D9C030029
:10135000AD9C03005D960300D17A030095930300D2
:10136000E98C0300F58C0300D58B0300D98B0300B7
:10137000DD8B0300018D0300158D0300298D030013
:10138000E98F03004D8D0300598E03003590030053
:10139000099103000000000000000000519F0300BD
:1013A0005D9F0300559F03006D9F0300ADA70300E1
:1013B000DDA6030039A70300DDA5030095A1030006
:1013C000EDAB030009AC0300E9AC030079A803000E
:1013D0003D9F0300419F0300499F03004D9F030071
:1013E000ADA1030099A903000DAA0300F5A4030011
:1013F000359F0300459F0300E5AA030015A80300DD
:10140000ED9F030002000300040005000600080031
:101410000A000C00100014001800200028003800FA
:10142000400060008000C0000001800100028002D6
:101430000003FFFF000000800000018000000000AA
:101440000000028000000100011000000000020006
:101450000110010003200000010002000320010030
:1014600004300000032002000320030005400000B8
:101470000540010006500000065001000760000012
:10148000076001000870000007600200087001009A
:101490003C80044000100000041A0000FF7F0000A0
:1014A0000F0E000049B603000C0827FF00020000E1
:1014B0000002000000020000000000000B071CFFFB
:1014C0000002000000020000000200000000000016
:1014D0000D0E1B00000200000002000000020000D0
:1014E0000A020906141715160F1A2D000002000033
:1014F00000020000000200000002000000020000E4
:1015000000020000000200000002000000020000D3
:1015100000020000000300000101020204040808A8
:10152000100120003C80044000200000011B00004E
:10153000FF7F00001110000059B6030001053D3B7C
:101540000002000000070000000200000007000089
:1015500000153D3B000200000007000000070000EE
:101560000002000020143C00000200000007000000
:1015700000020000061F3A3E3FFFFFFFFFFFFF0093
:10158000000700000002000000020000000200004E
:101590000002000000000000000000000000000049
:1015A0000000000000000000000000000101020136
:1015B0000400000000000000308004400010000023
:1015C00001410000FF7F00002726000069B60300EC
:1015D0002D33FFFF000200000002000000000000A9
:1015E000000000002C34FFFF000200000002000099
:1015F00000000000000000002E35FF000002000087
:1016000000020000000000002B3637FFFFFFFFFF45
:10161000FFFFFF00000200000002000000020000C7
:1016200000000000000000000000000000000000BA
:1016300000000000000000000000000000000000AA
:10164000010201000000000000000000A1040000F1
:10165000A5040000AD040000B5040000F1B70300CC
:1016600001B8030011B8030021B8030000FFFFFF19
:1016700000000000000000007DC10300A1C10300C4
:1016800031C203002DC2030029C2030025C203009A
:1016900021C2030045C1030001C20300FDC10300D4
:1016A000F5C10300EDC10300E5C10300D5C103008E
:1016B000C5C10300C1C10300B9C10300B1C103002A
:1016C00025C103002DC1030035C103003DC1030046
:1016D00089C1030071C10300000000000000000088
:1016E0006DC2030091C2030021C303001DC30300A8
:1016F00019C3030015C3030011C3030035C203005F
:10170000F1C20300EDC20300E5C20300DDC2030025
:10171000D5C20300C5C20300B5C20300B1C20300B5
:10172000A9C20300A1C2030045C3030065C30300AF
:1017300085C3030025C3030079C2030061C203000F
:101740000000000000000000DDC3030001C403002E
:1017500091C403008DC4030089C4030085C4030041
:1017600081C40300A5C3030061C403005DC403007A
:1017700055C403004DC4030045C4030035C4030031
:1017800025C4030021C4030019C4030011C40300CD
:10179000B5C40300D5C40300F5C4030095C4030019
:1017A000E9C30300D1C3030019C503001DC503002D
:1017B00021C5030025C503006E616E00696E6600D9
:1017C0006F7666001F1C1F1E1F1E1F1F1E1F1E1F61
:1017D00000FFFFFF6FF07F030370037813F0800FAB
:1017E000FBD070474008FE4340A004404408FE433D
:1017F00044A004400018FE4300C004403000FE43F3
:10180000309004403400FE43349004401C18FE43E2
:101810001CC004401018FE4310C004400818FE43CA
:1018200008C004400C18FE430CC004400C10FE43DA
:101830000CB004401010FE4310B004401810FE43DA
:1018400018B004401C10FE431CB004401410FE43AA
:1018500014B004400418FE4304C004400010FE43CA
:1018600000B004400008FE4300A004400408FE430A
:1018700004A004400C08FE430CA004400808FE43EA
:1018800008A004401418FE4314C004401818FE4376
:1018900018C004400410FE4304B004400810FE4386
:1018A00008B004406820FE4368D004401400FE43A2
:1018B000149004403800FE43389004403C00FE433E
:1018C0003C9004404000FE43409004404808FE43E2
:1018D00048A004404C08FE434CA004402808FE43A6
:1018E00028A004402C08FE432CA004406020FE43A6
:1018F00060D004406420FE4364D004402010FE43C6
:1019000020B004402410FE4324B004402810FE43BD
:1019100028B004402C10FE432CB004404400FE4389
:10192000449004407000FE43709004407400FE43F5
:10193000749004406800FE43689004405008FE43E1
:1019400050A004405808FE4358A004405C08FE43E1
:101950005CA004405408FE4354A004402018FE43F9
:1019600020C004402418FE4324C004401008FE4355
:1019700010A004401408FE4314A004403818FE438D
:1019800038C004403418FE4334C004403018FE43CD
:1019900030C004403C18FE433CC004402C18FE43B9
:1019A0002CC004402820FE4328D004402C20FE43B5
:1019B0002CD004400020FE4300D004400420FE430D
:1019C00004D004400820FE4308D004400C20FE430D
:1019D0000CD004401020FE4310D004401420FE43DD
:1019E00014D004400000000000000000E1FC0300EF
:1019F000D9FC0300D5FC0300D1FC0300CDFC03009F
:101A0000C9FC0300C5FC0300C1FC03000001000089
:101A1000BC08FF1F12000000000200007808FF1F32
:101A20004300000000030000D008FF1F000000007A
:101A300001030904D408FF1F000000000203090489
:101A4000EC08FF1F00000000030309040409FF1F46
:101A50000000000000000000000000000000000086
:101A6000001519150000000000000080000FC93F9C
:101A7000000F494000CB9640000FC9400053FB4087
:101A800000CB164100ED2F41000F4941003162416A
:101A900000537B41003A8A4100CB9641005CA34150
:101AA00000EDAF41007EBC41000FC94100A0D5410F
:101AB0000031E24100C2EE410053FB4100F203421B
:101AC000003A0A420083104200CB164200141D4225
:101AD000005C234200A5294200ED2F420036364229
:101AE000007E3C4200C74242000F4942A200000073
:101AF000F9000000830000006E0000004E000000AE
:101B0000440000001500000029000000FC00000057
:101B10002700000057000000D1000000F500000081
:101B200034000000DD000000C0000000DB00000009
:101B30006200000095000000990000003C000000D9
:101B4000430000009000000041000000FE00000083
:101B50005100000063000000AB000000DE00000048
:101B6000BB000000C500000061000000B7000000DD
:101B7000240000006E0000003A0000004200000057
:101B80004D000000D2000000E00000000600000050
:101B9000490000002E000000EA00000009000000DB
:101BA000D1000000920000001C000000FE000000B8
:101BB0001D000000EB0000001C000000B100000050
:101BC00029000000A70000003E000000E80000001F
:101BD0008200000035000000F50000002E0000002B
:101BE000BB0000004400000084000000E900000089
:101BF0009C0000007000000026000000B4000000FF
:101C00005F0000007E00000041000000390000007D
:101C100091000000D60000003900000083000000A1
:101C20005300000039000000F40000009C00000098
:101C3000840000005F0000008B000000BD00000079
:101C4000F9000000280000003B0000001F00000019
:101C5000F800000097000000FF000000DE00000018
:101C600005000000980000000F000000EF000000D9
:101C70002F000000110000008B0000005A0000003F
:101C80000A0000006D0000001F0000006D00000051
:101C9000360000007E000000CF000000270000009A
:101CA000CB00000009000000B70000004F0000005A
:101CB000460000003F000000660000009E0000009B
:101CC0005F000000EA0000002D0000007500000029
:101CD00027000000BA000000C7000000EB00000071
:101CE000E5000000F10000007B0000003D00000066
:101CF0000700000039000000F70000008A00000023
:101D00005200000092000000EA0000006B0000009A
:101D1000FB0000005F000000B10000001F00000099
:101D20008D0000005D00000008000000560000006B
:101D3000030000003000000046000000FC0000002E
:101D40007B0000006B000000AB000000F000000012
:101D5000CF000000BC000000200000009A0000003E
:101D6000F4000000360000001D000000A900000083
:101D7000E300000091000000610000005E00000030
:101D8000E60000001B0000000800000065000000E5
:101D900099000000850000005F00000014000000B2
:101DA000A000000068000000400000008D0000005E
:101DB000FF000000D8000000800000004D0000007F
:101DC0007300000027000000310000000600000042
:101DD000060000001500000056000000CA000000C8
:101DE00073000000A8000000C900000060000000AF
:101DF000E20000007B000000C00000008C0000003A
:101E00006B0000000000C93F0000F0390000DA3725
:101E10000000A2330000842E0000502B0000C227D7
:101E20000000D0220000C41F0000C61B00004417A1
:101E30000400000007000000090000006E660000BA
:101E4000696E697479000000616E00FF3500000062
:101E5000CEFBFFFFCB0300000100000000000000EC
:101E600034000000CEFBFFFFCB03000001000000A8
:101E700000000000FFFFFFFFBC89D897B2D29C3C56
:101E800033A7A8D523F649393DA7F444FD0FA53261
:101E90009D978CCF08BA5B25436FAC642806681108
:101EA000002020202020202020202828282828202A
:101EB0002020202020202020202020202020202022
:101EC000208810101010101010101010101010108A
:101ED000100404040404040404040410101010107A
:101EE0001010414141414141010101010101010144
:101EF0000101010101010101010101011010101096
:101F00001010424242424242020202020202020215
:101F10000202020202020202020202021010101069
:101F20002000000000000000000000000000000091
:101F300000000000000000000000000000000000A1
:101F40000000000000000000000000000000000091
:101F50000000000000000000000000000000000081
:101F60000000000000000000000000000000000071
:101F70000000000000000000000000000000000061
:101F80000000000000000000000000000000000051
:101F90000000000000000000000000000000000041
:101FA00000FFFFFF4C435F434F4C4C415445000042
:101FB0004C435F4354595045000000004C435F4D73
:101FC0004F4E4554415259004C435F4E554D45527A
:101FD000494300004C435F54494D45004C435F4D1D
:101FE000455353414745530042616C6C6F63207306
:101FF0007563636565646564000000002F64617447
:10200000612F6A656E6B696E732F776F726B737079
:102010006163652F474E552D746F6F6C63686169FE
:102020006E2F61726D2D31312F7372632F6E657754
:102030006C69622D63796777696E2F6E65776C695D
:10204000622F6C6962632F7374646C69622F6764BA
:10205000746F612D6765746865782E6300FFFFFFFC
:102060000000000000000000000000000000000070
:102070000000000000000000000000000000000060
:102080000000000000000000000000000000000050
:102090001011121314151617181900000000000073
:1020A000001A1B1C1D1E1F00000000000000000085
:1020B0000000000000000000000000000000000020
:1020C000001A1B1C1D1E1F00000000000000000065
:1020D0000000000000000000000000000000000000
:1020E00000000000000000000000000000000000F0
:1020F00000000000000000000000000000000000E0
:1021000000000000000000000000000000000000CF
:1021100000000000000000000000000000000000BF
:1021200000000000000000000000000000000000AF
:10213000000000000000000000000000000000009F
:10214000000000000000000000000000000000008F
:10215000000000000000000000000000000000007F
:102160002F646174612F6A656E6B696E732F776F70
:10217000726B73706163652F474E552D746F6F6C72
:10218000636861696E2F61726D2D31312F737263D7
:102190002F6E65776C69622D63796777696E2F6E34
:1021A00065776C69622F6C6962632F7374646C6904
:1021B000622F6D707265632E6300FFFFFFFFFFFFEC
:1021C0000080E03779C34143176E05B5B5B8934633
:1021D000F5F93FE9034F384D321D30F94877825AFF
:1021E0003CBF737FDD4F1575000000000000F03F1D
:1021F00000000000000024400000000000005940E2
:102200000000000000408F40000000000088C34034
:1022100000000000006AF8400000000080842E41A9
:1022200000000000D01263410000000084D79741F5
:102230000000000065CDCD41000000205FA00242FB
:10224000000000E876483742000000A2941A6D4270
:10225000000040E59C30A2420000901EC4BCD64263
:1022600000003426F56B0C430080E03779C341430E
:1022700000A0D8855734764300C84E676DC1AB4384
:10228000003D9160E458E143408CB5781DAF1544A2
:1022900050EFE2D6E41A4B4492D54D06CFF080447D
:1022A000F64AE1C7022DB544B49DD9794378EA4492
:1022B00005000000190000007D000000494E4600A6
:1022C0004E414E0030313233343536373839616261
:1022D00063646566000000003031323334353637D0
:1022E000383941424344454600000000286E756C71
:1022F0006C2900FF202020202020202020202020CA
:10230000202020203030303030303030303030300D
:10231000303030302C2066756E6374696F6E3A20F1
:1023200000000000617373657274696F6E2022256E
:102330007322206661696C65643A2066696C652069
:10234000222573222C206C696E6520256425732557
:10235000730A00FF496E66696E69747900000000B7
:102360004E614E002F646174612F6A656E6B696EF9
:10237000732F776F726B73706163652F474E552DA6
:10238000746F6F6C636861696E2F61726D2D31318E
:102390002F7372632F6E65776C69622D637967772F
:1023A000696E2F6E65776C69622F6C6962632F733B
:1023B00074646C69622F64746F612E6300FFFFFFA9
:1023C000202020202020202020202020202020200D
:1023D00030303030303030303030303030303030FD
:1023E000F8B500BFF8BC08BC9E467047F94C040025
:1023F0003504000001290300113F030079B60300F2
:042400002DC70300E1
:04240400F8B500BF68
:0824080024EDFE7F010000003D
:102410000000000002000000E2040000DC050000F3
:102420000E0600004006000072060000A406000030
:102430007805000058020000F40100008403000049
:10244000EE0200004C0400002C0100002C010000F2
:10245000FFFFFFFF050000000000803F0000803FFD
:10246000DCAE040024E70400140000000000803FFC
:10247000010000000100000009000000030000004E
:102480003100000030000000330000003200000086
:102490003500000034000000370000003600000066
:1024A00039000000380000002B0000002C00000064
:1024B0002D0000002E0000002F0000002900000069
:1024C0007816050000000000E8030000000000008E
:1024D0001DF30300E016050000000000E803000003
:1024E0000000000021F30300481705000000000071
:1024F000E80300000000000025F303005825FF1F3B
:10250000280000001A000000400000004000000009
:1025100001000000280000001A0000004000000038
:1025200009000000280000000A0000002800000048
:102530001A0000004000000028000000080101010E
:10254000EC19050000000000E80300000000000096
:10255000FFFFFFFF010A040009024300020100C05F
:1025600032090400000102020100052400100105E7
:102570002401010104240206052406000107058246
:102580000310004009040100020A000000070503CF
:102590000240000007058402400000001201100103
:1025A00002000040C016830477020102030100000C
:1025B0000403090418035400650065006E007300ED
:1025C00079006400750069006E006F001603550005
:1025D0005300420020005300650072006900610052
:1025E0006C0000000C030000000000000000000070
:1025F00000000000000000000000000000000000DB
:10260000000000001C09FF1F1C09FF1F2409FF1FF9
:102610002409FF1F2C09FF1F2C09FF1F3409FF1F6E
:102620003409FF1F3C09FF1F3C09FF1F4409FF1F1E
:102630004409FF1F4C09FF1F4C09FF1F5409FF1FCE
:102640005409FF1F5C09FF1F5C09FF1F6409FF1F7E
:102650006409FF1F6C09FF1F6C09FF1F7409FF1F2E
:102660007409FF1F7C09FF1F7C09FF1F8409FF1FDE
:102670008409FF1F8C09FF1F8C09FF1F9409FF1F8E
:102680009409FF1F9C09FF1F9C09FF1FA409FF1F3E
:10269000A409FF1FAC09FF1FAC09FF1FB409FF1FEE
:1026A000B409FF1FBC09FF1FBC09FF1FC409FF1F9E
:1026B000C409FF1FCC09FF1FCC09FF1FD409FF1F4E
:1026C000D409FF1FDC09FF1FDC09FF1FE409FF1FFE
:1026D000E409FF1FEC09FF1FEC09FF1FF409FF1FAE
:1026E000F409FF1FFC09FF1FFC09FF1F040AFF1F5D
:1026F000040AFF1F0C0AFF1F0C0AFF1F140AFF1F0A
:10270000140AFF1F1C0AFF1F1C0AFF1F240AFF1FB9
:10271000240AFF1F2C0AFF1F2C0AFF1F340AFF1F69
:10272000340AFF1F3C0AFF1F3C0AFF1F440AFF1F19
:10273000440AFF1F4C0AFF1F4C0AFF1F540AFF1FC9
:10274000540AFF1F5C0AFF1F5C0AFF1F640AFF1F79
:10275000640AFF1F6C0AFF1F6C0AFF1F740AFF1F29
:10276000740AFF1F7C0AFF1F7C0AFF1F840AFF1FD9
:10277000840AFF1F8C0AFF1F8C0AFF1F940AFF1F89
:10278000940AFF1F9C0AFF1F9C0AFF1FA40AFF1F39
:10279000A40AFF1FAC0AFF1FAC0AFF1FB40AFF1FE9
:1027A000B40AFF1FBC0AFF1FBC0AFF1FC40AFF1F99
:1027B000C40AFF1FCC0AFF1FCC0AFF1FD40AFF1F49
:1027C000D40AFF1FDC0AFF1FDC0AFF1FE40AFF1FF9
:1027D000E40AFF1FEC0AFF1FEC0AFF1FF40AFF1FA9
:1027E000F40AFF1FFC0AFF1FFC0AFF1F040BFF1F58
:1027F000040BFF1F0C0BFF1F0C0BFF1F140BFF1F05
:10280000140BFF1F1C0BFF1F1C0BFF1F240BFF1FB4
:10281000240BFF1F2C0BFF1F2C0BFF1F340BFF1F64
:10282000340BFF1F3C0BFF1F3C0BFF1F440BFF1F14
:10283000440BFF1F4C0BFF1F4C0BFF1F540BFF1FC4
:10284000540BFF1F5C0BFF1F5C0BFF1F640BFF1F74
:10285000640BFF1F6C0BFF1F6C0BFF1F740BFF1F24
:10286000740BFF1F7C0BFF1F7C0BFF1F840BFF1FD4
:10287000840BFF1F8C0BFF1F8C0BFF1F940BFF1F84
:10288000940BFF1F9C0BFF1F9C0BFF1FA40BFF1F34
:10289000A40BFF1FAC0BFF1FAC0BFF1FB40BFF1FE4
:1028A000B40BFF1FBC0BFF1FBC0BFF1FC40BFF1F94
:1028B000C40BFF1FCC0BFF1FCC0BFF1FD40BFF1F44
:1028C000D40BFF1FDC0BFF1FDC0BFF1FE40BFF1FF4
:1028D000E40BFF1FEC0BFF1FEC0BFF1FF40BFF1FA4
:1028E000F40BFF1FFC0BFF1FFC0BFF1F040CFF1F53
:1028F000040CFF1F0C0CFF1F0C0CFF1F140CFF1F00
:10290000140CFF1F1C0CFF1F1C0CFF1F240CFF1FAF
:10291000240CFF1F2C0CFF1F2C0CFF1F340CFF1F5F
:10292000340CFF1F3C0CFF1F3C0CFF1F440CFF1F0F
:10293000440CFF1F4C0CFF1F4C0CFF1F540CFF1FBF
:10294000540CFF1F5C0CFF1F5C0CFF1F640CFF1F6F
:10295000640CFF1F6C0CFF1F6C0CFF1F740CFF1F1F
:10296000740CFF1F7C0CFF1F7C0CFF1F840CFF1FCF
:10297000840CFF1F8C0CFF1F8C0CFF1F940CFF1F7F
:10298000940CFF1F9C0CFF1F9C0CFF1FA40CFF1F2F
:10299000A40CFF1FAC0CFF1FAC0CFF1FB40CFF1FDF
:1029A000B40CFF1FBC0CFF1FBC0CFF1FC40CFF1F8F
:1029B000C40CFF1FCC0CFF1FCC0CFF1FD40CFF1F3F
:1029C000D40CFF1FDC0CFF1FDC0CFF1FE40CFF1FEF
:1029D000E40CFF1FEC0CFF1FEC0CFF1FF40CFF1F9F
:1029E000F40CFF1FFC0CFF1FFC0CFF1F040DFF1F4E
:1029F000040DFF1F0C0DFF1F0C0DFF1F140DFF1FFB
:102A0000140DFF1FFFFFFFFF000002000000000089
:102A1000030000007822FF1F4300000000000000B8
:102A200000000000000000000000000000000000A6
:102A30000000000000000000430000000000000053
:102A40000000000000000000000000000000000086
:102A50000000000000000000430000000000000033
:102A60000000000000000000000000000000000066
:102A70000000000000000000430000000000000013
:102A80000000000000000000000000000000000046
:102A900000000000000000004300000000000000F3
:102AA0000000000000000000000000000000000026
:102AB00000000000000000004300000000000000D3
:102AC0000000000000000000000000000000000006
:102AD00000000000000000004300000000000000B3
:102AE00000000000000000000000000000000000E6
:102AF00000000000000000007D620400E5570400B3
:102B000000000000A01E05006CCF040000130500AB
:102B10000013050000130500001305000013050055
:102B20000013050000130500001305000013050045
:102B3000FFFFFFFFFFFFFFFFFFFFFFFFFFFF0000A3
:102B4000010041534349490000000000000000001B
:102B50000000000000000000000000000000000075
:102B600000004153434949000000000000000000FC
:102B70000000000000000000000000000000000055
:102B80000000000000000000000000007822FF1F8D
:102B9000E022FF1F4823FF1F00000000000000008C
:102BA0000000000000000000000000000000000025
:102BB0000000000000000000000000000000000015
:102BC0000000000000000000000000000000000005
:102BD00000000000000000000000000000000000F5
:102BE00000000000000000000000000000000000E5
:102BF00000000000000000000000000000000000D5
:102C000000000000000000000000000000000000C4
:102C100000000000000000000000000000000000B4
:102C200001000000000000000E33CDAB34126DE651
:102C3000ECDE05000B0000000000000000000000BA
:102C40000000000000000000000000000000000084
:102C50000000000000000000000000000000000074
:102C60000000000000000000000000000000000064
:102C70000000000000000000000000000000000054
:102C80000000000000000000000000000000000044
:102C90000000000000000000000000000000000034
:102CA0000000000000000000A80EFF1FB823FF1F57
:00000001FF
