:1000000000000320D1010000F5D30300B1D30300A9
:10001000B1D30300B1D30300B1D30300B1D30300C4
:10002000B1D30300B1D30300B1D30300F5D3030070
:10003000F5D30300B1D30300E1C00300E5C0030022
:10004000F5D30300F5D30300F5D30300F5D3030084
:10005000F5D30300F5D30300F5D30300F5D3030074
:10006000F5D30300F5D30300F5D30300F5D3030064
:10007000F5D30300F5D30300F5D30300F5D3030054
:10008000F5D30300F5D30300F5D30300F5D3030044
:10009000F5D30300F5D30300F5D30300F5D3030034
:1000A000F5D30300F5D30300F5D30300F5D3030024
:1000B000F5D30300F5D30300F5D30300A5E0030057
:1000C000F5D3030025EA0300F5D303006DF1030027
:1000D000F5D30300F5D30300F5D30300F5D30300F4
:1000E000F5D30300F5D3030011BA0300F5D30300E1
:1000F000F5D30300F5D30300F5D30300F5D30300D4
:100100008DC60300A9C60300C5C60300E1C60300EF
:10011000F5D3030071F40300F5D30300F5D3030016
:10012000F5D30300F5D30300F5D30300F5D30300A3
:10013000F5D30300F5D30300F5D30300F5D3030093
:10014000F5D30300F5D30300F5D30300F5D3030083
:10015000F5D30300F5D30300F5D30300F5D3030073
:10016000F5D30300F5D30300F5D30300F5D3030063
:10017000F5D30300F5D30300F5D30300F5D3030053
:10018000F5D30300F5D30300F5D30300F5D3030043
:10019000F5D30300F5D30300F5D30300F5D3030033
:1001A000F5D30300F5D30300F5D30300F5D3030023
:1001B000F5D30300F5D30300F5D30300F5D3030013
:1001C000F5D30300F5D30300F5D30300F5D3030003
:1001D0005F4B4CF2205210B5DA814DF62812DA81CD
:1001E00000BF00BF3DF00AF95A4B4FF030621A636E
:1001F000594A9A63594ADA634FF0E0234FF4700288
:10020000C3F8882D03F5E823554A1A60554B9A78B0
:10021000110703D59A7842F008029A70524B53485E
:10022000AA221A70524BDA1C121AC11E22F00302C3
:10023000994288BF00224F493CF0E6FF4E4B4F48A1
:10024000DA1C121AC11E22F00302994288BF002252
:10025000002143F0E9FD4A494A484FF4E8723CF076
:10026000D3FF494B494A802103F8011B9342FBD13C
:100270004FF0E023434AC3F8082D454B8A221A70F9
:10028000A3F5805324225A70A0221A709A799207FB
:10029000FCD59A79D406FCD43E4A937903F00C033A
:1002A000082BFAD1304B60225A70DA78802AFCD1C0
:1002B000384B01221A715D225A719A799006FCD549
:1002C0009A795106FCD5234A33495164002191643F
:1002D000202119702F498B7903F00C030C2BFAD1D4
:1002E0002E4B53602E4A136913F4807303D153616C
:1002F0004FF4A85313614FF0E0232A4A5A610022B9
:100300009A6107221A61284AC3F8202D62B63DF08F
:1003100049F9234B5B69DA0705D524483DF036F9E6
:10032000234B244ADA61244B1B785B0609D5204C09
:10033000204BE2699A4204D11C483DF027F9002382
:10034000E3613DF061F844F0A3F93CF055FFFEE7AE
:100350000020054000800440823F04000100002B83
:100360000300008500D0074000E007403007FF1F72
:10037000D00FFF1FB82305005825FF1FD00FFF1F08
:10038000000000000002FF1F00E400E064E400E061
:10039000005006400040064000000602C010070062
:1003A00000D003401FBF020000002020B7291F68B3
:1003B00000E00340A5C3945A00F00740FFFFFFFF91
:1003C000FFFFFFFFFFFFFFFFFFFFFFFFFFFFFFFF3D
:1003D000FFFFFFFFFFFFFFFFFFFFFFFFFFFFFFFF2D
:1003E000FFFFFFFFFFFFFFFFFFFFFFFFFFFFFFFF1D
:1003F000FFFFFFFFFFFFFFFFFFFFFFFFFFFFFFFF0D
:10040000FFFFFFFFFFFFFFFFFFFFFFFFDEF9FFFF23
:100410000548064B1B1AD90F01EBA301491002D066
:10042000034B03B118477047D00FFF1FD00FFF1FBA
:100430000000000008B5054B1BB105490548AFF3A6
:100440000080BDE80840FFF7E3BF00BF00000000E8
:10045000D00FFF1FB023050000207047704700BF7A
:10046000036D0BB101207047406D003818BF0120AB
:10047000704700BF00690B699842D4BF002001207B
:10048000704700BF80698B690028B8BF4042002BCD
:10049000B8BF5B429842D4BF00200120704700BF24
:1004A000036818470B680360704700BF0B68036060
:1004B000704700BF704700BFC36A00F12C0233B120
:1004C0000120D96A52F8043F0860002BF9D1704727
:1004D00010B50446806D18B141F0EAFD0023A36514
:1004E000236D2BB104F11800BDE8104038F02EBA8E
:1004F000636D002BF6D110BD10B510EE100A00216F
:10050000F2EE046AF0EE407ABDEEE77AB8EEC77A12
:10051000B4EE677AF1EE10FA04D00131062967EEE5
:10052000A67AF1D1144B1B68012B03D0032B17D0F3
:100530005BB110BDCCB240F04BFF41EC100B21463B
:100540000E48BDE810403CF0A3B9CCB240F040FFEB
:1005500041EC100B21460A48BDE810403CF098B928
:10056000CCB240F035FF41EC100B21460548BDE808
:1005700010403CF08DB900BF9807FF1FE007FF1F38
:100580006008FF1F0808FF1F084B1B68012B01466E
:1005900003D0032B07D01BB1704705483CF026B9A8
:1005A00004483CF023B904483CF020B99807FF1FE9
:1005B000E007FF1F6008FF1F0808FF1F10B5044673
:1005C000806D00B110BD4FF4807041F069FDA065F1
:1005D000B0B1236D002202703BB101464FF480722E
:1005E000184637F029FEA06D10BD636D002BE9D0D1
:1005F00001464FF48072184635F068FBA06D10BDBF
:100600000148A06510BD00BFE80FFF1F38B5056D9C
:100610006DB10BB1002038BD1146284636F064FBA1
:100620000028F7D02846BDE8384036F0F5BC446DC8
:10063000002CEFD0204634F007F80028EAD02046FE
:10064000BDE8384034F022BE8A79A2F150031B067F
:1006500020D4F0B54B79046D0D798E784F780978F8
:10066000013385B002F26C72DBB244B103918DE8C4
:10067000E0000421204636F063FC05B0F0BD406D7B
:100680000028FAD003918DE8E000042134F04EFDFB
:1006900005B0F0BD0020704710B5036D82B00C4668
:1006A0002BB30DF1060201A9184635F033FF38B31C
:1006B000BDF80430BDF8062053EA020120D0C2F391
:1006C000451C02F01F00D20AC3F343114000A27080
:1006D0005A0A0139207003F01F0302F5EA62012073
:1006E00084F801C023716171A27102B010BD406D28
:1006F00030B10DF1060201A933F040FE0028D7D138
:10070000002002B010BD00BF10B5036D82B00C46D2
:100710002BB30DF1060201A9184635F0EBFE38B3F4
:10072000BDF80430BDF8062053EA020120D0C2F320
:10073000451C02F01F00D20AC3F343114000A2700F
:100740005A0A0139207003F01F0302F5EA62012002
:1007500084F801C023716171A27102B010BD406DB7
:1007600030B10DF1060201A933F0F6FD0028D7D112
:10077000002002B010BD00BF70B50C460D1D461A1A
:10078000A0193CF08BFC04F8010BAC42F8D170BD11
:1007900010B543EC102B04469DF808103CF078F897
:1007A0002046BDE810403CF04FB800BF10B5002314
:1007B00004460A223CF060F82046BDE810403CF0B8
:1007C00043B800BF10B504463CF036F82046BDE8FB
:1007D00010403CF039B800BF69B170B50546084615
:1007E0000C4644F0ADF92B680246214628465B686A
:1007F000BDE87040184770470369D3B110B41C6856
:100800000D48E46884420FD1186D18B15DF8044BAF
:1008100036F03CBC586D18B15DF8044B34F0A8BDFF
:1008200000205DF8044B7047184623465DF8044BE2
:1008300018470020704700BF290C0000006990B1E4
:100840000368154A1B69934225D1036D63B118787B
:1008500010F0080007D0D8695B69C01A48BF6FF074
:100860000040704718467047436D002BFAD093F84C
:10087000310010F00800F6D0186919685A695B68F1
:10088000401A62EB0303B0F1004F73F10003EAD3A7
:100890006FF0004070471847DD0B0000036973B12B
:1008A0001A68084952698A4207D1186D08B136F0B2
:1008B000DFB8586D18B133F0AFBE184610474FF08F
:1008C000FF307047410A0000036963B11A680749A5
:1008D00092698A4208D1186D08B136F02BBB586D69
:1008E00008B134F0DBBA704718461047190B000006
:1008F000036923B310B51968124A8C68944282B018
:1009000014D1186D48B101220DF1070135F0DAFF5D
:1009100090B19DF8070002B010BD586D0028F8D0C6
:1009200001220DF1070133F0A3FDF1E701220DF1E2
:1009300007011846A047EBE74FF0FF30EBE74FF019
:10094000FF307047C90A0000036D13B158690021D8
:100950007047436D13B1D3E900017047184619463B
:10096000704700BF036D13B1D86900217047436D14
:1009700013B1D3E90401704718461946704700BF08
:10098000F0B595B00022234F01924FF47A741831DC
:10099000054604A8CDE9122202948DF80C20009798
:1009A00038F040F8129B002B29D05C203CF0ACFDC5
:1009B000019BC360029B03619DF80C300375164BCD
:1009C00003600026154B83600446466004A9183076
:1009D00037F08EFF4FF47A73AB606368104AA760FC
:1009E0000133A6656E602A602E732C6163600D4B27
:1009F000009304A837F0AAFF284615B0F0BD139B5A
:100A0000002BD2D1064A6B60AC602B732A602B613D
:100A1000EDE700BFC40E0500140F05007C0E0500B5
:100A2000E80E0500A00E0500836C13B1184636F0E1
:100A30001FB8C06C08B133F0EFBD4FF0FF30704706
:100A4000036D13B1184636F013B8406D08B133F09A
:100A5000E3BD4FF0FF307047036D33B11B7813F0E7
:100A6000700F14BF012000207047406D30B190F826
:100A7000313013F0500F14BF01200020704700BF29
:100A800010B50446006D80B1037813F0700F00D1EB
:100A900010BD002136F028F9606D0028F8D0BDE8BF
:100AA00010400022002333F0CFBD606D0028EFD04E
:100AB00090F8313013F0500FEAD0BDE8104000221A
:100AC000002333F0C1BD00BF036D13B1184635F0EC
:100AD000F9BE406D08B133F0CBBC4FF0FF3070472A
:100AE00000B5836C83B063B101220DF10701184694
:100AF00035F0E8FE01280CD19DF8070003B05DF841
:100B000004FBC06C28B101220DF1070133F0B0FCE9
:100B1000F0E74FF0FF30F1E7036D13B1184636F000
:100B200009BA406D08B134F0B9B97047836C13B19C
:100B3000184636F0FFB9C06C08B134F0AFB9704751
:100B40008A79A2F150031B0620D4F0B54B79046DCD
:100B50000D798E784F780978013385B002F26C7286
:100B6000DBB244B103918DE8E0000221204636F06B
:100B7000E7F905B0F0BD406D0028FAD003918DE88B
:100B8000E000022134F0D2FA05B0F0BD0020704739
:100B9000836C53B1187810F008000DD0D8695B69E8
:100BA000C01A48BF6FF000407047C36CA3B193F800
:100BB000310010F0080000D17047186919685A69AF
:100BC0005B68401A62EB0303B0F1004F73F100035E
:100BD000F2D36FF0004070471846EDE7036D53B154
:100BE000187810F008000DD0D8695B69C01A48BFAA
:100BF0006FF000407047436DA3B193F8310010F0DF
:100C0000080000D17047186919685A695B68401A72
:100C100062EB0303B0F1004F73F10003F2D36FF006
:100C2000004070471846EDE7036D13B1184636F0E3
:100C30002DBA406D08B134F09BBB7047836C13B183
:100C4000184636F023BAC06C08B134F091BB704737
:100C500000B5836C83B08DF8071043B101220DF10C
:100C60000701184636F012FA03B05DF804FBC06CB9
:100C70000028F9D001220DF1070134F079FB03B00F
:100C80005DF804FB00B5006983B08DF8071060B112
:100C90000368104ADB68934215D1036D43B101220A
:100CA0000DF10701184636F0F1F903B05DF804FBC9
:100CB000406D0028F9D001220DF1070134F058FBF6
:100CC00003B05DF804FB01220DF10701984703B062
:100CD0005DF804FB290C000038B50446806D0C4B10
:100CE000236018B141F0E4F90023A365236D04F1FA
:100CF00018054BB1284637F029FE064BA36028465D
:100D000037F024FE204638BD636D002BF2D1F4E7A6
:100D1000140F0500A00E050038B50446806D0E4B7B
:100D2000236018B141F0C4F90023A365236D04F1D9
:100D300018056BB1284637F009FE084BA36028461A
:100D400037F004FE20465C213CF0E2FB204638BD33
:100D5000636D002BEED1F0E7140F0500A00E050027
:100D6000F0B4846DA36A01261E60626823681A4489
:100D7000036B626000F1300C93B15A69002A08DB02
:100D80009A6A166059681F6825695A69394459601A
:100D9000521B1969114459615CF8043F002BECD1D6
:100DA000436A124A816900251560DB00556803F12A
:100DB000804303F56033294419610D211160DA681D
:100DC000C16E22F080025025DA60DD6019B96268D8
:100DD000E3689A4201D0F0BC7047C36D012280F8ED
:100DE0002820002BF7D0F0BC184700BF008003403C
:100DF00030B4029C11469C4634B1012C1CD0022C0C
:100E00000ED0002030BC7047056DF5B14FF0FF33B8
:100E1000934274EB0C04F4D3284630BC35F064BF25
:100E2000026D0AB3D36959184CF10003002BE8D1C5
:100E300030BC104635F058BF026D62B15369591885
:100E40004CF10003002BDCD1F2E7406D0028D8D034
:100E500030BC33F0F9BB406D0028D2D0D0E900237C
:100E60008A184CEB0303F3E7406D0028C9D0D0E9A2
:100E700004238A1830BC4CEB030333F0E5BB00BFFE
:100E800038B5044649B108460D4643F059FE23687B
:100E900002465B682946204698472046BDE8384010
:100EA0003BF0D2BC826D836F10B504465068D4F815
:100EB000AC101B1A002BB8BF5B428B4216DBD4F878
:100EC000B00083420BDBE16FCB1A5168106800FB66
:100ED0000313D360D168536899420FD010BD0B44FF
:100EE0000020E367C4F8B0000B46EEE7002158008D
:100EF000C4F8B010C4F8AC10E067E6E704F10C00E9
:100F00003BF078FB0023206AA3603AF069FD606A39
:100F1000BDE810403AF064BD08B5374A374BD2ED12
:100F2000017AD3ED006A9FED366A364BF8EEE66A39
:100F30005B6C86EE267A013BF8EEE77A2DED028BAC
:100F400027EE277A032B53D8DFE803F04C46400204
:100F50002D4B93ED018AB8EEC88A2C4BDFED280AA1
:100F600093ED000A27EE000A3FF0A6F93FF0EAF9F8
:100F7000274B284993ED007A274B0022F0EE487A60
:100F8000D0EE077A83F8902091ED007A72B6DFED0B
:100F9000236A93ED206AC7EEA65AB8EEC77AD3ED5E
:100FA0001F6AC5EE877A67EE867AF4EEE67AC3EDBD
:100FB0001E7AD3ED227AF1EE10FAD8BFF1EE677AFD
:100FC000C3ED237A62B6BDEC028B08BD144B93EDE2
:100FD000018AB8EEC88AC0E7124B93ED018AB8EED9
:100FE000C88ABAE7104B93ED018AB8EEC88AB4E715
:100FF0009FED0E8AB1E700BF6C18FF1FAC18FF1FF2
:10100000DB0FC9404813FF1F9017FF1FFC16FF1F7F
:101010003817FF1F1817FF1F0015FF1FCDCCCC3C42
:101020005017FF1FD017FF1F1018FF1F00000000F0
:10103000036A8B4210B5044623D0C3698B4200D0AB
:1010400010BD8369002BFBD072B6204AC369A16929
:1010500000201060DB00506803F1804303F560332B
:10106000014419610D211160DA68502122F08002DB
:10107000DA60D96062B620690368BDE810405B6839
:1010800018470069124A03689B6893421BD1C36AE0
:101090002C3033B10121DA6A50F8043F1160002B83
:1010A000F9D194F82430002BCAD004F108003BF0A9
:1010B000A1FA0023E06963603AF092FC206ABDE87F
:1010C00010403AF08DBC9847EBE700BF008003402A
:1010D000B904000070B50569234B03600446002D78
:1010E00032D06E68013E6E6076BB2B681F4ADB6AA9
:1010F00093422FD1A86D10B140F0DAFFAE652B6D91
:1011000023B305F1180037F021FC2569E5B12B6800
:10111000174A5B68934224D1A86D164B2B6018B117
:1011200040F0C6FF0023AB652B6D05F11806A3B197
:10113000304637F00BFC104BAB60304637F006FC06
:101140005C2128463CF0E4F9204670BD6B6D002B15
:10115000D7D1DAE728469847D7E76B6D002BE7D160
:10116000E9E728469847EFE7E80E0500D1040000BC
:10117000190D0000140F0500A00E050070B50569DB
:10118000254B03600446002D32D06E68013E6E6030
:1011900076BB2B68214ADB6A934233D1A86D10B12C
:1011A00040F086FFAE652B6D43B305F1180037F0B4
:1011B000CDFB2569E5B12B68194A5B68934228D1BC
:1011C000A86D184B2B6018B140F072FF0023AB657F
:1011D0002B6D05F11806C3B1304637F0B7FB124B43
:1011E000AB60304637F0B2FB5C2128463CF090F90A
:1011F000204614213CF08CF9204670BD6B6D002B0D
:10120000D3D1D6E728469847D3E76B6D002BE3D1BF
:10121000E5E728469847EBE7E80E0500D104000013
:10122000190D0000140F0500A00E050070B5066929
:101230007568013D0446756075BB33681F4ADB6AFB
:1012400093422CD1B06D10B140F032FFB565336DD3
:1012500063B306F1180037F079FB2569E5B12B6817
:10126000174A5B68934225D1A86D164B2B6018B1C5
:1012700040F01EFF0023AB652B6D05F118068BB106
:10128000304637F063FB104BAB60304637F05EFB07
:101290005C2128463CF03CF90023236170BD3046B8
:1012A0009847DAE76B6D002BEAD1ECE7736D002B02
:1012B000CFD1D2E728469847EEE700BFD10400001F
:1012C000190D0000140F0500A00E0500F0B5012B4C
:1012D00095B0054638D0022B40F202200CBF0346E1
:1012E00000230431684637F049FC129B002B34D0B0
:1012F0005C203CF009F91F4B0026C0E90036019B39
:10130000C3601D4B8360029B036104AF9DF80C30EA
:10131000037504463946183037F0EAFA174BA360D4
:101320004FF47A73AB606368154AA66501336E604B
:101330002A602E732C616360124B0093384637F09D
:1013400005FB284615B0F0BD44F20223043168467F
:1013500037F014FC129B002BCAD1139B002BC7D172
:10136000074A6B604FF47A71A9602B732A602B6176
:1013700004AFE1E7140F05007C0E0500C40E050064
:10138000E80E0500A00E050070B54368044621B3C1
:101390009A6812F0020216D0204A18689042204A39
:1013A0002ED9B2FBF1F15A68A0EB020C61451AD3B9
:1013B0000A44121A002401209C60D86003201A609D
:1013C0009860196070BD012403209A60DC60144AA3
:1013D000B2FBF1F21A60986070BDABB19A6822F06E
:1013E00002029A6070BD20690268002501249D6098
:1013F0001268DC60032419609C60BDE870401047EF
:10140000B2FBF1F21A6070BD064A1268002AE5D0FC
:101410000221012090476368E0E700BF7FA9030035
:1014200000879303A81EFF1FD0ED1F7A90ED1E7A50
:10143000836DF4EE477AF1EE10FA70B55A680446FF
:101440004DD0D0ED236AF5EEC06A77EEA67AF1EEC4
:1014500010FAB4EEE77A3CDDF1EE10FAD8BFF0EE08
:10146000477ABDEEE77AC4ED1F7A17EE105A94F86A
:1014700090200AB1002D37D09A68AA4228D01A6865
:10148000002DACBF01234FF0FF339A4217D0E36A1F
:1014900073B104F12C0101261A6850420132186020
:1014A0000CBF1B6B5B6B1E6051F8043F002BF3D12C
:1014B000636FC3EB03139B0001D0013BFDD185EAB1
:1014C000E571A1EBE571201DFFF75EFFA36D9D6047
:1014D00070BDF1EE10FA58BFF0EE477AC1E7FDEEAD
:1014E000C77A17EE905AC2E704F10C003BF082F87D
:1014F000206AA5603AF074FA606A3AF071FAA26D57
:10150000E36D956084F89050002BE1D0BDE8704009
:10151000184700BF8368EBB1826D836F5168D0F8C4
:10152000AC2010B55B1A002BB8BF5B4293422DED87
:10153000028B00F104040EDBD0F8B020934236DBBE
:10154000C26F934228DB00212046FFF71DFFBDEC50
:10155000028B10BD7047D0ED2A8AD0E92401F8EE45
:10156000688A07EE903AB8EEE78A40F0A1FB00EEF9
:10157000100AA8EE880AB5EE400AF1EE10FA1ED461
:10158000F1EEC07A2046FDEEE77A17EE901AFFF7EB
:10159000FBFEBDEC028B10BDD0ED2A8AD21A013AB7
:1015A000D0E92601F8EE688A07EE902ADBE7D0F84A
:1015B00088102046FFF7E8FEBDEC028B10BD3EF020
:1015C0009FFEF0EE407ADDE72DE9F041C46A96B067
:1015D0000546002C66D02368984A1B6B93425CD169
:1015E000236D002B00F0F2802368954FDB6ABB422D
:1015F00040F00C81A06D18B140F05AFD0023A365A6
:10160000236D002B00F0FA8004F1180037F09EF9EA
:10161000EE6A7468013C7460002C40F0E880336826
:10162000DB6ABB4240F00681B06D10B140F040FD76
:10163000B465336D002B00F0F88006F1180037F028
:1016400085F9EC6A002C00F0D28023687D4A5B6843
:10165000934240F0CA80A06D7B4B236018B140F0EC
:1016600027FD0023A365236D04F11806002B00F06D
:10167000D080304637F06AF9744FA760304637F0B3
:1016800065F95C2120463BF043FFAA7E0023012A36
:10169000EB620BD144F202230DE02046984700286C
:1016A00040F0A780AA7E694F012AF3D0022A40F2B7
:1016B000022318BF002366492A4602A837F05EFAC3
:1016C000149B002B73D05C203BF01EFF5E4B00266A
:1016D000C0E90036039BC3605E4B8360049B0361DB
:1016E00004469DF81430037506A9183037F000F948
:1016F0006368A66501336360574BA36006A8029731
:1017000037F024F9EE6A002E4FD07368013B736006
:101710000193002B30D132684949D26A8A4272D192
:10172000B06D18B140F0C4FC019BB365336D002B64
:1017300057D006F1180037F009F9EE6AE6B13368C0
:10174000404A5B6893426DD1B06D3F4B336018B136
:1017500040F0AEFC0023B365336D06F11808002B92
:101760005CD0404637F0F2F8B760404637F0EEF80C
:101770005C2130463BF0CCFEEC6284B123682F4AFA
:101780001B6B934207D1236DE3B100230120EB765D
:1017900016B0BDE8F081204698470028F5D1012316
:1017A0000020EB7616B0BDE8F081EC62E6E7159C10
:1017B000002C88D106A8029737F0C8F8EE6A002EF0
:1017C000A3D1ECE7636D002BDFD1E8E7636D002B5D
:1017D0003FF468AF23681A4FDB6ABB423FF40AAF9D
:1017E00014E0736D002BA4D1A7E720469847174F4C
:1017F0004BE7EC6A002C3FF455AFF5E6636D002B28
:101800007FF402AF04E73046904796E720469847BA
:10181000FEE6636D002B7FF42CAF2DE7736D002B7C
:101820009FD1A1E730469847A6E7736D002B7FF460
:1018300004AF06E73046984703E700BF61040000A5
:10184000D1040000190D0000140F0500A00E0500C2
:10185000C018FF1F7C0E0500C40E050010B5334CE8
:1018600033480C213EF0DEFA102120463AF0E4FF26
:1018700020463AF0E9FF0E212E483EF0D3FA5421DB
:1018800020463AF0D9FF20463AF0DEFF0F212A48E1
:101890003EF0C8FA502120463AF0CEFF20463AF0FA
:1018A000D3FF102125483EF0BDFA4FF48471204645
:1018B0003AF0C2FF20463AF0C7FF0F2120483EF021
:1018C000B1FA702120463AF0B7FF20463AF0BCFF4B
:1018D0000F211C483EF0A6FA602120463AF0ACFFEA
:1018E00020463AF0B1FF142117483EF09BFA8C21B4
:1018F00020463AF0A1FF20463AF0A6FF13211348F4
:101900003EF090FA6C2120463AF096FF20463AF0DD
:101910009BFF10210E483EF085FA204634213AF014
:101920008BFF2046BDE810403AF08EBF6008FF1FD5
:10193000B8AC0400C8AC0400D8AC0400E8AC0400A7
:10194000FCAC04000CAD04001CAD040034AD04007C
:1019500048AD040007EE901AB8EEE77A07EE900A59
:10196000F8EEE77A10B587EE270A2DED028BDFED52
:10197000276A84B020EE260A3EF020FD244BF7EEC5
:10198000007A1B68B4EEE70AF1EE10FAA3F1030344
:10199000B0EE408A01AC48BFB1EE408A082B10D8A7
:1019A000DFE803F026280F2A2C2E303205001949D3
:1019B00020463BF049F92046FEF7E6FD20463BF085
:1019C0009BF9B0EE480AFEF797FD134B20461968C5
:1019D0003BF03AF92046FEF7D7FD20463BF08CF964
:1019E000FDEEC87A17EE900A04B0BDEC028B10BD74
:1019F0000A49DDE70A49DBE70A49D9E70A49D7E797
:101A00000A49D5E70A49D3E70A49D1E70000C842A5
:101A10008807FF1F5CAD04008007FF1F78AD04003E
:101A200094AD0400ACAD0400C4AD0400DCAD040012
:101A3000F4AD040010AE04002DE9F041064686B076
:101A40000F4690463AB1B34BD3F8E040012C00F07A
:101A500047814FF00008B04C23680193019D236833
:101A60000093009B5B1B092BF9D9042E00F2248202
:101A7000DFE816F05E000701A800D8000500A74DBA
:101A8000A748D5F8906014213EF0CCF9A54806F09F
:101A900001013AF0D1FEA3483AF0D6FE002F00F043
:101AA0009E819C4E96F8A0100F2081F001013BF022
:101AB000F5FD96F8A030002B00F0C9810123C5F890
:101AC0008830994903A83BF0BFF803A8FEF75CFDF6
:101AD00003A83BF011F9954903A83BF0B5F803A81A
:101AE000FEF752FD03A83BF007F9914816213EF09E
:101AF00099F98C483AF0A8FE884B8E48D3F890505C
:101B000011213EF08FF90F2186483AF095FE854865
:101B10003AF09AFE05F00105112187483EF082F95E
:101B2000294680483AF088FE7E483AF08DFE38E03B
:101B3000002F00F03881774B93F89C10042081F03F
:101B400001013BF0ABFD7D4903A83BF07DF803A804
:101B5000FEF71AFD03A83BF0CFF8744903A83BF049
:101B600073F803A8FEF710FD03A83BF0C5F86B4B14
:101B700071481D691121C5F340353EF053F92946DE
:101B800068483AF059FE67483AF05EFE16216C4804
:101B90003EF048F9634804213AF04EFE61483AF0BD
:101BA00053FE112164483EF03DF95E4829463AF063
:101BB00043FE5C483AF048FE002F40F09D8006B09E
:101BC000BDE8F081002F00F0DD80524B93F89E10AD
:101BD000162081F001013BF061FD5A4903A83BF05A
:101BE00033F803A8FEF7D0FC03A83BF085F84F4973
:101BF00003A83BF029F803A8FEF7C6FC03A83BF0B6
:101C00007BF8464B5048D3F8905010213EF00AF92B
:101C1000162144483AF010FE4248C5F340053AF018
:101C200013FEBEE7002F00F003813A4B93F89F109C
:101C3000112081F001013BF031FD444903A83BF044
:101C400003F803A8FEF7A0FC03A83BF055F83749BA
:101C500003A83AF0F9FF03A8FEF796FC03A83BF0AF
:101C60004BF82E4B3A481D6D11213EF0DBF8112147
:101C70002C483AF0E1FD2B48C5F340053AF0E4FD6D
:101C80008FE7002F6ED0234B93F89D100E2081F02C
:101C900001013BF003FD2F4903A83AF0D5FF03A84B
:101CA000FEF772FC03A83BF027F8204903A83AF09E
:101CB000CBFF03A8FEF768FC03A83BF01DF8174B09
:101CC0002548D3F8D05010213EF0ACF80E2115482D
:101CD0003AF0B2FD1348C5F340053AF0B5FD60E7B0
:101CE00010211E483EF09EF821460E483AF0A4FD11
:101CF0000C483AF0A9FDAEE62268194B0392196828
:101D0000039A23680293029B9B1A9942F9D806B062
:101D1000BDE8F081A813FF1F5C1FFF1F00F00F40FC
:101D2000A8AF04006008FF1FC0AF04005CAE040051
:101D3000E0AF040048B0040080AE04003CAE0400F4
:101D400094AE040000AF040040AF040054AF0400A0
:101D500094AF0400ACAE0400ECAE040028AE040066
:101D60006C07FF1FB8F1000FA9D1544BD3F8E8203E
:101D700093F89D10002A40F09B800E203BF08EFCD3
:101D80004F4989E7B8F1000F7FF43BAF4B4BD3F8D5
:101D9000EC2093F89E10002A40F0868016203BF03D
:101DA0007DFC48491AE7B8F1000F7FF4E0AE434BE1
:101DB000D3F8E42093F89C10002A6DD104203BF066
:101DC0006DFC414903A83AF03FFF03A8FEF7DCFB96
:101DD00003A83AF091FF3D4B03A81968BFE6B8F19C
:101DE000000F7FF489AE354BD3F8F42093F8A010A0
:101DF0008ABB0F203BF052FC354903A83AF024FF80
:101E000003A8FEF7C1FB03A83AF076FF314903A807
:101E10003AF01AFF03A8FEF7B7FB03A83AF06CFFED
:101E200016212D483DF0FEFF2C483AF00DFD63E6EB
:101E3000B8F1000F7FF415AF204BD3F8F02093F8E2
:101E40009F106ABB11203BF029FC2549F6E60123CF
:101E5000C5F8843035E681F001010F203BF01EFC0F
:101E6000204903A83AF0F0FE03A8FEF78DFB03A873
:101E70003AF042FF174903A83AF0E6FE03A8FEF73E
:101E800083FB03A83AF038FF162117483DF0CAFF3C
:101E900012483AF0D9FC2FE681F00101042050E607
:101EA00081F001011120C6E681F00101162092E6C1
:101EB00081F001010E20ECE6002572E6A813FF1F59
:101EC000CCAE040020AF040060AE04008007FF1F0A
:101ED000F8AF04005CAE040018B004006008FF1FF7
:101EE00074AF0400C0AF040030B004002DE9F04727
:101EF0002DED028B84B00027644EDFF8B4A1DFF82B
:101F0000B491019704460297ADF80C708DF80E70ED
:101F100001A842F015FE014601A83DF083FF3046BE
:101F20003AF092FC236820465B699847002180467E
:101F300050463DF077FF30463AF086FC2421484673
:101F40003DF070FF394630463AF076FC5FFA88F58E
:101F500004214F483DF066FF28463DF0E9FF02218D
:101F60004C483DF05FFF294630463AF065FC30466C
:101F70003AF06AFC7F2D79D018F0800F4CD16B1E9F
:101F80000B2B04D841F21203EB40DB077BD407F1A3
:101F900010036B4401A803F80C5C42F0D1FD01462C
:101FA00001A83DF03FFF013730463AF04DFC0B2FC2
:101FB000AED101A840F070F851EC100B3FF058FD85
:101FC0003FF006FA02460B463348042143EC182B37
:101FD0003DF028FF01A842F0B3FD014601A83DF005
:101FE00021FF2A483AF030FC08212C483DF01AFF26
:101FF000B0EE480AF0EE680A042124483AF048FCA2
:1020000022483AF021FCB0EE480AF0EE680A04B02B
:10201000BDEC028BBDE8F087FF2DB8D1142120481C
:10202000204F1A4E3DF0FEFE01A842F089FD014608
:1020300001A83DF0F7FE15483AF006FC0DE02368D4
:102040005B6998471C21054638463DF0EBFEE8B237
:102050003DF06EFF30463AF0F7FB236820461B69DF
:1020600098470346002B2046E9DCA2E70E481B21D7
:102070003DF0D8FE394630463AF0DEFB30463AF0C5
:10208000E3FB002744E709481921F1E76008FF1F37
:1020900084B004001CB10400FCB0040004B10400CE
:1020A000A8B00400C0B00400E0B004008CB004008C
:1020B000A81205005CB00400012805D0032809D04F
:1020C00028B19FED070B70470748FFF70FBF074880
:1020D000FFF70CBF0648FFF709BF00BFAFF3008052
:1020E000000000000000F0BFE007FF1F6008FF1FB6
:1020F0000808FF1F70B5254C2368012B37D0032B30
:102100003FD0002B38D000252E460E2120483DF030
:1021100089FE30463DF00CFF1E483AF095FB3BF03F
:102120001DFF00280CDD2368012B1DD0032B18D0C8
:10213000002BF4D13DF008FE3BF010FF0028F2DC4C
:102140003CF082FF0028EEDC042113483DF06AFEDB
:10215000294610483AF070FB0E483AF075FB2846C5
:1021600070BD3CF085FFDAE73BF00CFFD7E73BF0B2
:1021700009FFC6B23546C8E73DF0E6FDC6B23546B2
:10218000C3E73CF075FFC6B23546BEE79807FF1FB0
:1021900010B104006008FF1F20B1040038B5434DA2
:1021A000DFED437AAA6BEB6B95ED107A4148424C18
:1021B00002FB03F32DED048B08EE103AB8EE488ACB
:1021C00095ED129A28EE078A0D2129EE279AF0EE56
:1021D000408A3DF027FE18EE100A3FF0F9F841EC76
:1021E000100B022120463AF053FB20463AF02CFB1C
:1021F000112132483DF016FE286C3FF0E9F841EC21
:10220000100B022120463AF043FB20463AF01CFB1B
:102210000F212B483DF006FEC8EE899A19EE100AF0
:102220003FF0D6F841EC100B022120463AF030FB8B
:1022300020463AF009FB102122483DF0F3FD18EE4C
:10224000900A3FF0C5F841EC100B022120463AF00D
:102250001FFB20463AF0F8FA07211B483DF0E2FD4B
:1022600019EE900A3FF0B4F841EC100B0221204621
:102270003AF00EFB20463AF0E7FA28EE298A0821C8
:1022800012483DF0CFFD18EE100A3FF0A1F841ECE6
:10229000100B022120463AF0FBFA20463AF0D4FA1D
:1022A000B0EE480ABDEC048B38BD00BFA813FF1F79
:1022B000DB0FC94028B104006008FF1F38B10400DB
:1022C0004CB104005CB1040070B1040004B104001E
:1022D00038B5434DDFED437AAA6DEB6D95ED187A75
:1022E0004148424C02FB03F32DED048B08EE103AFB
:1022F000B8EE488A95ED1A9A28EE078A0D2129EE44
:10230000279AF0EE408A3DF08DFD18EE100A3FF05E
:102310005FF841EC100B022120463AF0B9FA204652
:102320003AF092FA132132483DF07CFD286E3FF0DE
:102330004FF841EC100B022120463AF0A9FA204652
:102340003AF082FA0F212B483DF06CFDC8EE899AD5
:1023500019EE100A3FF03CF841EC100B0221204628
:102360003AF096FA20463AF06FFA102122483DF0F2
:1023700059FD18EE900A3FF02BF841EC100B0221AA
:1023800020463AF085FA20463AF05EFA07211B48CB
:102390003DF048FD19EE900A3FF01AF841EC100BA1
:1023A000022120463AF074FA20463AF04DFA28EE1F
:1023B000298A082112483DF035FD18EE100A3FF039
:1023C00007F841EC100B022120463AF061FA204652
:1023D0003AF03AFAB0EE480ABDEC048B38BD00BFC3
:1023E000A813FF1FDB0FC94028B104006008FF1FBE
:1023F00078B104004CB104005CB1040070B1040079
:1024000004B104001D4A1E4892ED117AD36B926B01
:10241000C0EE077A10B502FB03F30A21194C2DED2B
:10242000028B08EE103AB8EE488AF0EE408A28EEA9
:10243000278A3DF0F7FC18EE900A3EF0C9FF41EC08
:10244000100B022120463AF023FA20463AF0FCF91C
:102450001A210D483DF0E6FC18EE100A3EF0B8FFD8
:1024600041EC100B022120463AF012FA20463AF0D5
:10247000EBF9B0EE480ABDEC028B10BDA813FF1FAC
:102480008CB104006008FF1F98B104001D4A1E486B
:1024900092ED197AD36D926DC0EE077A10B502FBFA
:1024A00003F30A21194C2DED028B08EE103AB8EE19
:1024B000488AF0EE408A28EE278A3DF0B3FC18EEF9
:1024C000900A3EF085FF41EC100B022120463AF0C5
:1024D000DFF920463AF0B8F91A210D483DF0A2FC88
:1024E00018EE100A3EF074FF41EC100B022120465A
:1024F0003AF0CEF920463AF0A7F9B0EE480ABDEC22
:10250000028B10BDA813FF1F8CB104006008FF1FD1
:10251000B4B104000138032809D8DFE800F0132320
:102520000B02254B5B6D002B44D0012B3ED09FED61
:10253000230A7047204B5B6B002B39D0012BF6D15F
:10254000FFF760BF1C4A92ED057A1369D268C0EEAE
:10255000077A02FB03F300EE103AB8EE400A20EED1
:10256000270A7047144AD2F8CC3073B992ED0A7A30
:10257000536A126AC0EE077A02FB03F300EE103AC8
:10258000B8EE400A20EE270A704792ED367AD2F86C
:10259000D430D2F8D020C0EE077A02FB03F300EE6D
:1025A000103AB8EE400A20EE270A7047FFF76EBFD8
:1025B000FFF7F4BDFFF78CBEA813FF1F000000005B
:1025C00038B5204C204D2DED068B94ED009AD5EDBD
:1025D000009AB5EEC09AF1EE10FAF5EEC09A48BF37
:1025E000B1EE499AF1EE10FA48BFF1EE699A29EE80
:1025F000A90A08EE100AA9EE090A08EE901AB5EE2B
:10260000400AF1EE10FA18D4B1EEC0AA8AEE290AF7
:10261000F8EEE88AB8EEC88A28EE800A3DF016FF88
:10262000CAEE097A85ED000A28EE270A3DF00EFF72
:10263000BDEC068B84ED000A38BD3DF061FEB0EEC6
:1026400040AAE3E7EC16FF1FE816FF1F38B5384B2A
:102650001B68013B0A2B5DD8DFE803F05D294F5C66
:102660005C060606063C2900324B334D1868334C95
:10267000FFF722FD51EC100B3FF0B2F9304A31491F
:10268000D062034609686B611046502263643AF0D9
:102690001FFD2D4B2846196870223AF019FD2B4B6F
:1026A000204619686C22BDE838403AF011BD214B34
:1026B000274C1868FFF700FD51EC100B3FF090F924
:1026C000244903468C22096863612046BDE83840EE
:1026D0003AF0FEBC174B204C1868FFF7EDFC51ECAC
:1026E000100B3FF07DF91D490346A362204609689F
:1026F000BDE8384060223AF0EBBC0E4B184C18682D
:10270000FFF7DAFC51EC100B3FF06AF9154903466C
:102710003422D8E738BD074B134C1868FFF7CCFCC0
:1027200051EC100B3FF05CF910490346CAE700BFBB
:102730008807FF1F9807FF1FD812FF1F7C10FF1F7D
:10274000B014FF1F6807FF1F6007FF1F3807FF1F38
:102750004C12FF1F5C07FF1F4813FF1F6407FF1F7A
:102760003811FF1F5007FF1F6C11FF1F5407FF1F79
:1027700038B51521A448A54C3DF054FBA4483AF0C7
:1027800063F80E21A3483DF04DFB2168A0483AF0C4
:1027900053F89F483AF058F82368013B0A2B07D8B2
:1027A000DFE803F07A133D550607070707271300F4
:1027B00038BD994C2368013B032B00F28D80DFE884
:1027C00013F0E800DA007E00CC00944B1868FFF7A5
:1027D00073FC51EC100B3FF003F9914A936D042BFD
:1027E00000F28F80DFE813F0E900E700E500E30086
:1027F0008C008C4C636C012B00F05E81022B00F08E
:102800006581032B00F06C81042B00F07381864BF3
:10281000844819686022BDE838403AF059BC834CBE
:102820002368032B00F03E81042B08D17B4B1868F2
:10283000FFF742FC51EC100B3FF0D2F8E0617C4B0B
:102840007A4819683422BDE838403AF041BC794CE6
:102850002368013B0D2BABD801A252F823F000BF37
:10286000812A00005D2A0000E3290000BF29000042
:10287000B1270000B1270000B1270000B1270000F8
:10288000B1270000B1270000812A00005D2A000066
:10289000E3290000BF290000604B674D1868FFF76F
:1028A0000BFC51EC100B3FF09BF8AB6D013B044669
:1028B000032B3FF67DAFDFE803F0473E352C574B47
:1028C0001868FFF7F9FB51EC100B3FF089F85B4AF1
:1028D0005B4BA063106218655A4B4F481968502231
:1028E0003AF0F6FB584B5548196870223AF0F0FB65
:1028F000564B534819686C22BDE838403AF0E8BBA3
:102900005062534B464819688C22BDE838403AF073
:10291000DFBB504B6C6219684748BDE838408C22D9
:102920003AF0D6BB4B4B2C6219684348BDE838409F
:102930008C223AF0CDBB474BEC6119683E48BDE8AC
:1029400038408C223AF0C4BB424BAC6119683A481B
:10295000BDE838408C223AF0BBBB304B1868FFF71B
:10296000ABFB51EC100B3FF03BF8344A344BE063C7
:1029700050625865B0E7294B1868FFF79DFB51EC92
:10298000100B3FF02DF82D4A2D4B6063D061D864B9
:10299000A2E7224B1868FFF78FFB51EC100B3FF0BA
:1029A0001FF8264A264B20639061986494E71062D2
:1029B000A7E7D061A5E79061A3E75061A1E7174BB6
:1029C0001868FFF779FB51EC100B3FF009F8224A29
:1029D0000346116823631748BDE8384054223AF093
:1029E00077BB0E4B1868FFF767FB51EC100B3EF0FE
:1029F000F7FF194A0346116863620E48BDE8384084
:102A000054223AF065BB00BFD0B104008807FF1F15
:102A10006008FF1FE8B10400B014FF1F9807FF1FF4
:102A20004C12FF1F4813FF1F6407FF1F3811FF1FC1
:102A30005007FF1FF811FF1F6C11FF1FD812FF1F57
:102A40007C10FF1F6807FF1F6007FF1F3807FF1F6D
:102A50005C07FF1F5407FF1F5807FF1F2A4B18680A
:102A6000FFF72AFB51EC100B3EF0BAFF274A034652
:102A70001168A3612648BDE8384054223AF028BBCB
:102A8000214B1868FFF718FB51EC100B3EF0A8FF24
:102A90001E4A03461168E3601D48BDE838405422D1
:102AA0003AF016BB184B1868FFF706FB51EC100BF9
:102AB0003EF096FFA061C2E6134B1868FFF7FCFAE0
:102AC00051EC100B3EF08CFFE062A0E60E4B186854
:102AD000FFF7F2FA51EC100B3EF082FF206396E60E
:102AE000094B1868FFF7E8FA51EC100B3EF078FF3D
:102AF00060638CE6044B1868FFF7DEFA51EC100BAC
:102B00003EF06EFFA06382E69807FF1F5807FF1F85
:102B1000F811FF1F564A10B51368516801FB03F303
:102B200007EE903A2DED028BF8EE677AB0EE408A10
:102B300092ED020A27EE800A04463DF087FC601EF3
:102B4000FDEEC07A042800F29080DFE800F01B3927
:102B50002A480300474B1A6883ED038A012A4DD0A7
:102B6000F8EEE77A87EE887ABCEEC77A424A4148A7
:102B7000116883ED027ABDEC028B1022BDE8104093
:102B80003AF0A6BA3D4B1A6883ED038A012A40D079
:102B9000F8EEE77A87EE887ABCEEC77A384A37488B
:102BA000E6E7384B1A6883ED038A012A47D0F8EE2E
:102BB000E77A87EE887ABCEEC77A334A3148D7E79E
:102BC000324B1A6883ED038A012A2DD0F8EEE77A9A
:102BD00087EE887ABCEEC77A2D4A2C48C8E72D4B81
:102BE0001A6883ED038A012A34D0F8EEE77A87EE7B
:102BF000887ABCEEC77A284A2648B9E7DFED276A0B
:102C000088EE267AF8EEE77A67EE877ABCEEE77A06
:102C1000ACE7DFED226A88EE267AF8EEE77A67EE17
:102C2000877ABCEEE77AB9E7DFED1C6A88EE267A90
:102C3000F8EEE77A67EE877ABCEEE77ACCE7DFED6D
:102C4000176A88EE267AF8EEE77A67EE877ABCEEA6
:102C5000E77AB2E7DFED116A88EE267AF8EEE77AD6
:102C600067EE877ABCEEE77AC5E7BDEC028B10BD54
:102C7000A813FF1F2811FF1F4C07FF1FE810FF1F9D
:102C80003C07FF1F0811FF1F4407FF1FF810FF1F1D
:102C90004007FF1F1811FF1F4807FF1F0000B44324
:102CA00070B5192186B04248424D3DF0BBF842480C
:102CB00039F0CAFD414B424AD5F800014149002490
:102CC0001C60414B14601C60404A414B14605C60C6
:102CD000404A414B54605C60404A414B54605C60E8
:102CE000404B414A1C60414B14601C60404A414BC0
:102CF00014601C60404A414B14601C60404A414BC8
:102D000014601C70404A0C60A0F10A031D2B147063
:102D100036D90A213D483DF085F8D5F800112648FE
:102D200000230A2239F0A8FD234839F08DFD384AE6
:102D300013680293029913680193019B5B1A092B94
:102D4000F9D9344903A839F07FFF03A8FDF71CFC2B
:102D500003A839F0D1FF304B03A8196839F074FF8C
:102D600003A8FDF711FC03A839F0C6FF2A212B4860
:102D70003DF058F8104806B0BDE8704039F064BD29
:102D80002146C0B23AF08AFC95F800013AF0BCFC4A
:102D90000A21064622483DF045F823460A223146DC
:102DA000054839F069FD044839F04EFDB1E700BF30
:102DB000F8B10400A813FF1F6008FF1F9016FF1F43
:102DC0008C16FF1F8816FF1F8016FF1F8416FF1F1B
:102DD0001018FF1FD017FF1F5017FF1F9017FF1F5E
:102DE0006C18FF1F5418FF1F5018FF1F5C18FF1F9F
:102DF0005818FF1F9C07FF1F6018FF1F4C17FF1F6D
:102E00003407FF1F6816FF1F0417FF1F20B20400BE
:102E10005C1FFF1F2CB204008007FF1F48B2040094
:102E200014B2040008B53BF099F800280ADD234BE2
:102E30001B68012B0CD0032B38D063B1204B002032
:102E4000187008BD3CF000F91C4B1B68012BF2D137
:102E50003BF098F801E03CF077FFC0B2184B5328E4
:102E6000187026D1002101220846FEF7E5FD154B1A
:102E70001B68013B032B1ED8DFE803F002070C118F
:102E8000012200210220FEF7D7FD012200210220AD
:102E9000FEF7D2FD012200210320FEF7CDFD012225
:102EA00000210420FEF7C8FD012008BD3CF0E0F839
:102EB000D3E7002008BD012008BD00BF9807FF1F11
:102EC000F016FF1F7C10FF1FF8B51D212DED028BA2
:102ED000734C054673483CF0A5FF734839F0B4FCC9
:102EE000D4F80001A0F10A031D2B40F2B9806268FA
:102EF00023686E4ED4ED027A96ED037A6C4F02FB96
:102F000003F308EE103AB8EE488A6A4A28EE278A98
:102F10000023136088EE070A674A1360674A13604C
:102F2000674A1360674A1360674A1360674A07EE8F
:102F3000905A1360664AF8EEE77A1360654A80EEAD
:102F4000270A13603DF082FA15216348BDEEC00ADE
:102F500087ED000A3CF066FF18EE100A3EF038FAE2
:102F600041EC100B0221504839F092FC4E4839F0E8
:102F70006BFC2B2159483CF055FFF0683EF028FAD5
:102F800041EC100B0221484839F082FC464839F0E8
:102F90005BFC0E2152483CF045FF2946424839F07F
:102FA0004BFC414839F050FC16214E483CF03AFFAA
:102FB00039683D4839F040FC3B4839F045FC3368FE
:102FC000013B032B1CD8DFE803F0023B2D1E96EDDE
:102FD000067AD4ED057A87EE270AD4ED047AB8EEA6
:102FE000677AD4ED037AF8EE677A20EE070A20EECE
:102FF000270A3DF02BFA3C4BBDEEC00A83ED000AD8
:10300000BDEC028BF8BD636D96ED060A002B3FD038
:10301000012BF5D1FFF73AFA334BBDEEC00A83ED31
:10302000000AEDE7636B96ED060A4BB3012BE7D17F
:10303000FFF7E8F92C4BBDEEC00A83ED000ADFE78D
:10304000D4F8CC3096ED067A7BB9D4ED0A7A87EEC7
:10305000270AD4ED097AB8EE677AD4ED087AC2E788
:103060000021C0B23AF01AFB41E7D4ED367A87EE80
:10307000270AD4ED357AB8EE677AD4ED347AB2E720
:10308000FFF78CF8184BBDEEC00A83ED000AB7E7D6
:10309000FFF71EF9144BBDEEC00A83ED000AAFE73F
:1030A000A813FF1F74B204006008FF1F7C10FF1FED
:1030B0003C17FF1F8816FF1F7C16FF1F8016FF1F7F
:1030C0003416FF1F2816FF1F2C16FF1F3016FF1F78
:1030D0003C16FF1F3816FF1F94B20400ACB2040068
:1030E000D8B20400E8B204000410FF1F70B510212C
:1030F000A848A94C84B03CF095FEA84B197819B9A2
:103100002378002B00F0F980A548A64D39F094FBF8
:103110000221A5483CF086FE2178A14839F08CFBBD
:103120009F4839F091FB01ACA049A14E204639F0EF
:103130008BFD2046FDF728FA204639F0DDFD296891
:10314000204639F081FD2046FDF71EFA204639F071
:10315000D3FD9849204639F077FD2046FDF714FA53
:10316000204639F0C9FD2968934D204639F06CFDA1
:103170002046FDF709FA204639F0BEFDD5E90023C7
:103180008E4C95ED027A8E4902FB03F307EE903ADE
:1031900023688C4AF8EE677A06EE903A67EE877AF3
:1031A000F8EEE66A126886EEA77A013ADFED867AD3
:1031B00067EE277AC1ED007A032A23D8DFE802F010
:1031C000815F3E026A6D3368012A00F2DF8007EEFC
:1031D000903AEA6DAB6D95ED197AF8EEE77A03FB5C
:1031E00002F267EE877A07EE102AB8EE477AC7EE4A
:1031F000876A764B012200210420C3ED006AFEF7A6
:103200001BFC2368724832680021016071485B42F0
:103210000360714B714852421A60714B1B685B42EC
:10322000036001220846FEF707FCD5F80001A0F173
:103230000A031D2B40F29B8004B070BD6A6B33689B
:10324000012A00F2A08007EE903AEA6BAB6B95ED95
:10325000117AF8EEE77A03FB02F267EE877A07EE5F
:10326000102AB8EE477AC7EE876A584B0122002130
:103270000320C3ED006AFEF7DFFB2368C2E7D6ED4B
:10328000007AD5F8CC30F8EEE77A002B76D0D5F876
:10329000D430D5F8D02095ED367A02FB03F367EEF3
:1032A000877A07EE103AB8EE477A484BC7EE876A3E
:1032B000012200210220C3ED006AFEF7BDFB236856
:1032C000A0E796ED007AEA682B69D5ED057AB8EEAD
:1032D000C77A02FB03F327EE277A07EE903AF8EE5F
:1032E000677A3A4BC7EE276A012200211046C3EDE8
:1032F000006AFEF7A1FB236884E719462848294D98
:1033000039F09AFA022128483CF08CFD21782448B3
:1033100001AC39F091FA224839F096FA3149204649
:1033200039F092FC2046FDF72FF9204639F0E4FCF5
:103330002968204639F088FC2046FDF725F920460B
:1033400039F0DAFC2849204639F07EFC2046FDF7AA
:103350001BF9204639F0D0FC2968204639F074FC6E
:103360002046FDF711F9204639F0C6FCDCE60121C4
:10337000C0B204B0BDE870403AF090B96B6A2A6AF6
:1033800095ED0A7A89E7DFED196A6EE7DFED176AD6
:103390002FE700BF00B304006816FF1F0417FF1FCC
:1033A0006008FF1F8007FF1F1CB104003CB304002E
:1033B0007C16FF1F50B30400A813FF1F8816FF1FC1
:1033C0005816FF1F7C10FF1F0000B4436416FF1F38
:1033D0004C17FF1F5018FF1F5418FF1F5818FF1FCE
:1033E0008016FF1F14B3040028B30400000000007F
:1033F000064B1B68012B03D0032B05D013B170477C
:103400003AF0F6BC3CF094BD3BF0DCBD9807FF1FE2
:1034100030B50E4C0E4D83B001460190204639F078
:10342000E5F9204639F010FA0A4C0199284639F09E
:10343000DDF9284639F008FA0199204639F0D6F925
:10344000204603B0BDE8304039F0FEB96008FF1FE8
:10345000E007FF1F0808FF1F012804D0032806D03B
:1034600018B1002070473AF08DBD3CF06DBC3BF0C8
:10347000FFBD00BF2DE9F84F1C215748574F3CF0C6
:10348000D1FC574839F0E0F90E2156483CF0CAFC0F
:103490003968534839F0D0F9514839F0D5F93B68CB
:1034A000092B00F097801A2B00F09280032B00F07C
:1034B0008880DFF85491DFF83481494EDFF834A179
:1034C000002516E0002B44D0072140463CF0AAFC22
:1034D00000203CF02DFD304639F0B6F900243B6861
:1034E000092B3AD01A2B59D0032B54D001350D2D6E
:1034F0001FD0D9F80030012B27D0032BE2D13BF0AD
:10350000B7FDC4B2072140463CF08CFC20463CF09D
:103510000FFD304639F098F9FF2CE0D103213248F5
:103520003CF080FC2E48294639F086F92C4839F0C9
:103530008BF907212D483CF075FC20463CF0F8FC47
:10354000BDE8F84F264839F07FB93AF01BFDC4B208
:10355000D8E73CF0F9FBC4B2D4E71121244805F8C0
:103560000A403CF05FFC234841F0EAFA014621485A
:103570003CF058FC304639F067F91A211E483CF0FF
:1035800051FC00230A220D21304639F075F93046EE
:1035900039F05AF9AAE7194BEC54A7E7DFF864B001
:1035A000174805F80B400D213CF03CFC584641F013
:1035B000C7FA014658463CF035FC304639F044F92C
:1035C00094E70E4B00221A605A609A601A7370E7F3
:1035D0000C4BF7E7074BF5E764B304008807FF1FC0
:1035E0006008FF1FE8B104008CB3040084B304003A
:1035F00090B30400B416FF1FA4B304009416FF1F79
:10360000C0B30400A416FF1F9807FF1FFFFFFFFFB2
:103610002DE9F0412DED028B9EB09F499F4C054650
:1036200002A839F011FB00239D4A9E4923600AA895
:1036300035F0A4FA1C9B002B00F0B4815C2039F01B
:1036400063FF0B9BC3600C9B03619DF834300375D3
:10365000954B036006460027944B83600DF13808B4
:1036600047604146183035F043F97368B765013358
:1036700073608F4BB36009964FF47A738D4E069743
:103680008DF82070059607938B4F0A97404635F0CA
:103690005DF90998002800F03E810368874A1B6B9A
:1036A000934240F03581036D002B00F08B81844AFA
:1036B00013680193019913680093009B5B1A632BB5
:1036C000F9D9002861D00368DFF80C821B694345F3
:1036D00040F0DD80036D002B00F000811A781107A7
:1036E00000F1B680099C002C4FD02368DFF8E481FC
:1036F000DB6A434540F07581A06D18B13EF0D8FCFF
:103700000023A365236D002B00F0668104F11800EF
:1037100035F01CF9099D6C68013C6C60002C32D1BD
:103720002B68DB6A434540F07381A86D10B13EF011
:10373000BFFCAC652B6D002B00F0628105F1180019
:1037400035F004F9099CF4B123685E4A5B68934242
:1037500040F07081A06D544B236018B13EF0A8FC7E
:103760000023A365236D04F11805002B00F05A8196
:10377000284635F0EBF8A760284635F0E7F85C21DD
:10378000204639F0C5FE002309934F4B029C4F4859
:10379000002C08BF1C4613213CF044FB204641F09E
:1037A000CFF9014620463CF03DFB494839F04CF842
:1037B00020463EF071FCB0EE408AF0EE608A099C33
:1037C0000596002C38D06568013D6560002D33D129
:1037D0002368404ADB6A934240F01781A06D10B124
:1037E0003EF066FCA565236D002B00F0F08004F12F
:1037F000180035F0ABF8099CF4B12368314A5B68D6
:10380000934240F01481A06D274B236018B13EF025
:103810004FFC0023A365236D04F11805002B00F075
:10382000FC80284635F092F8A760284635F08EF8DF
:103830005C21204639F06CFE02A839F05DFAB0EE4A
:10384000480AF0EE680A1EB0BDEC028BBDE8F081BC
:10385000D8695B69C01A1BD500230A2205A90AA8EA
:1038600039F01AF90AA902A839F08AFA0AA839F037
:1038700043FA2368AB4200F0898009980133236042
:10388000002882D003681B6943453FF423AF984763
:103890000028E1D126E700BFA81205005016FF1F3F
:1038A0009416FF1FC018FF1F140F05007C0E0500A3
:1038B000C40E0500E80E0500A00E0500610400001E
:1038C0005C1FFF1F190D00007817050040B40400AD
:1038D0006008FF1FD1040000DD0B0000436D002BCA
:1038E0003FF400AF93F8312012077FF5FBAE1A6862
:1038F0001869801A5A695B6862EB0303B0F1004FE4
:1039000073F10003C4D36FF000400028A4D1E9E6AE
:10391000984700287FD14C4B4C48012212211A7045
:103920003CF080FA4A4838F08FFF0B2149483CF0C0
:1039300079FA474838F088FF47490AA839F084F9EE
:103940000AA8FCF721FE0AA839F0D6F9434B1B68F8
:10395000012B49D0032B4FD0002B49D040490AA856
:1039600039F072F90AA8FCF70FFE0AA839F0C4F979
:103970003C4B0AA8196839F067F90AA8FCF704FE5D
:103980000AA839F0B9F99FED2E8B18E71D213648AA
:103990003CF048FA29462E4838F04EFF2C4838F0C3
:1039A00053FF9FE61D9B002B7FF448AE2F4E0693DE
:1039B0008DF8203009934FF47A730DF1380805968D
:1039C000079361E6436D002B7FF471AEA3E7636D4F
:1039D000002B7FF40CAF0EE7636D002B7FF496AEE7
:1039E00098E62046984795E622203AF001FAB5E796
:1039F00022203CF09DFAB1E722203BF0E3FAADE74C
:103A00006B6D002B7FF49AAE9CE620469847F2E659
:103A10002846984796E6099849E6636D002B7FF49F
:103A200000AF01E7636D002B7FF4A2AEA3E6204652
:103A3000984701E720469847A5E600BFAFF300800E
:103A400000000000000000001510FF1FD0B30400AC
:103A50006008FF1FE4B30400F0B304009807FF1FE1
:103A60000CB404008407FF1F20B40400E80E050016
:103A70002DE9F04FADF29C5DAF49824602A839F0C6
:103A8000E3F8AE4905A839F0DFF840F214520021FE
:103A900021A840F0C9F90023A94AAA490DA835F088
:103AA0006DF81F9B002B00F06F845C2039F02CFD1B
:103AB0000E9BC3600F9B03619DF840300375A24BC2
:103AC00003600446A14B8360002511AE456031467A
:103AD000183034F00DFF6368A565013363609C4BBB
:103AE000A3609C4B0D93304634F030FF9A4D4FF05D
:103AF0000008002C00F040812368984ADB6B934259
:103B00004FF0000240F0C583DFF844B20E924FF44C
:103B10007A7704F1180130468DF840201F922092E8
:103B2000CDF834B00F9734F07DFF1F9B002B00F0D1
:103B3000A0835C2039F0E8FC0E9BC3600F9B0361FF
:103B40009DF840300375804B036007464FF0000935
:103B50007E4B8360C0F804903146183034F0C8FEC4
:103B60007B68C7F808B001337B604FF47A73C7F8FD
:103B70005890CDF824908DF82C9008950C970A93C6
:103B8000744B0D93304634F0E1FE0C9F002F00F093
:103B90009E843B68724A5B6B934240F0A883B96D88
:103BA000002900F0B0830DA839F04EF80C980028D9
:103BB00000F0F28002686B49136B8B4240F0CD81BC
:103BC000036D002B00F04283926B67498A4240F0FC
:103BD00095831B7813F0700F00F0C78101215848BE
:103BE0003CF020F9614838F02FFE0C9F002F57D091
:103BF0003B68DFF88091DB6A4B4540F07C83B86D11
:103C000018B13EF055FA0023BB653B6D002B00F068
:103C10003B8307F1180034F099FEDDF830B0DBF893
:103C20000470013FCBF80470002F37D1DBF800306F
:103C3000DB6A4B4540F08283DBF8580018B13EF058
:103C400037FACBF85870DBF85030002B00F0708357
:103C50000BF1180034F07AFE0C9FFFB13B68444A28
:103C60005B68934240F08483B86D374B3B6018B17A
:103C70003EF01EFA0023BB653B6D07F11809002BCF
:103C800000F06E83484634F061FE324BBB6048461C
:103C900034F05CFE38465C2139F03AFC00230C938A
:103CA0000DA839F029F80C9F0895002F3FF421AF9B
:103CB0007B68013B7B600193002B7FF41AAF3A686D
:103CC0002C49D26A8A4240F05083B86D18B13EF058
:103CD000EFF9019BBB653B6D002B00F0328307F1D0
:103CE000180034F033FE0C9F002F3FF402AF3B6806
:103CF0001F4A5B68934240F04383B86D124B3B60B0
:103D000018B13EF0D5F90023BB653B6D07F11809EA
:103D1000002B00F03083484634F018FE0D4BBB609A
:103D2000484634F013FE38465C2139F0F1FB002C94
:103D30007FF4E2AE20E000BFB8C7040054B4040032
:103D40005CB40400C018FF1F140F05007C0E0500B2
:103D5000C40E0500A00E0500E80E05008109000054
:103D6000BD05000061040000590A00006008FF1F43
:103D7000190D0000D10400004FF47A7383490994AF
:103D80000DA88DF82C4008950C940A9338F05CFF30
:103D90000C9800287FF40EAF13217D483CF042F8C8
:103DA0007C4838F051FD0DA838F0A6FF0C9E089510
:103DB000002E39D07568013D7560002D34D133680F
:103DC000754ADB6A934240F01383B06D10B13EF048
:103DD0006FF9B565336D002B00F0E28206F1180033
:103DE00034F0B4FD0C9DFDB12B686C4A5B689342C6
:103DF00040F03083A86D6A4B2B6018B13EF058F943
:103E00000023AB652B6D05F11806002B00F0128323
:103E1000304634F09BFD634BAB60304634F096FD8A
:103E200028465C2139F074FB5F49604D594FDFF83B
:103E300094910DA838F008FF0DA8FCF7A5FB0DA87C
:103E400038F05AFF07EE908AB8EEE70A00268DEDAB
:103E5000010AFCF751FB29680DA838F0F5FE0DA802
:103E6000FCF792FB0DA838F047FF51490DA838F038
:103E7000EBFE0DA8FCF788FB0DA838F03DFF9DED8B
:103E8000010AFCF739FB29680DA838F0DDFE0DA802
:103E9000FCF77AFB0DA838F02FFF0C2145483BF0CA
:103EA000C1FF41463B4838F0C7FC3A4838F0CCFCEB
:103EB00021AD284640F044FE014628463BF0B2FFC3
:103EC000384638F0C1FC0A2148463BF0ABFF0136CA
:103ED000384638F0B9FCB04505F10D05E9DA0AEBD2
:103EE0004A090AEB89090AF1FF3321AADFF8D8B0A1
:103EF000284E019402EB090501279A467C1E0321F6
:103F000058463BF08FFF2146304638F095FCA5EB34
:103F10000908032128483BF085FF404640F010FE89
:103F2000014640463BF07EFF0AEB07081321234879
:103F30003BF078FF4146304638F07EFC304638F0A2
:103F400083FC631E052B00F2CA82DFE813F0F90040
:103F5000F700F500F300BD003F00984700283FF44C
:103F60001BAF0C98002840F0B98102A90DA838F0C9
:103F7000F3FF0028C0F24181152111483BF052FFA8
:103F8000044838F061FC0C9F30E600BFA812050021
:103F900060B404006008FF1FD1040000190D000088
:103FA000140F0500A00E050074B404008007FF1F65
:103FB00094B40400ACB40400B0F20400D4B404001F
:103FC000BCB4040024EF0400E4B40400B349019C31
:103FD0000DA838F039FE0DA8FCF7D6FA0DA838F078
:103FE0008BFEAF490DA838F02FFE0DA8FCF7CCFAD8
:103FF0000DA838F081FE08EB480308EB830021ABE5
:104000001D1829460DA838F01FFE0DA8FCF7BCFAB4
:104010000DA838F071FE284640F092FD0146284672
:104020003BF000FF9F4838F00FFC9F4B0DA819682C
:1040300038F00AFE0DA8FCF7A7FA0DA838F05CFED0
:10404000002C37D06568013D6560002D32D12368B2
:10405000964ADB6A934240F0CE81A06D10B13EF0EB
:1040600027F8A565236D002B00F0958104F1180059
:1040700034F06CFC23688E4A5B68934240F0E78121
:10408000A06D8C4B236018B13EF012F80023A3659D
:10409000236D04F11805002B00F0C781284634F089
:1040A00055FC854BA360284634F050FC5C2120462B
:1040B00039F02EFA05A838F01FFE02A838F01CFED1
:1040C0000DF29C5DBDE8F08F7C490DA838F0BCFD79
:1040D0000DA8FCF759FA0DA838F00EFE70490DA88E
:1040E00038F0B2FD0DA8FCF74FFA0DA838F004FE29
:1040F00029460DA838F0A8FD0DA8FCF745FA0DA833
:1041000038F0FAFD284640F01BFD014628463BF0FA
:1041100089FE304638F098FB634B19680DA838F0DB
:1041200093FD0DA8FCF730FA0DA838F0E5FD013736
:104130000D35E3E66249C8E76249C6E76249C4E76C
:104140006249594C0DA838F07FFD0DA8FCF71CFA08
:104150000DA838F0D1FD52490DA838F075FD0DA815
:10416000FCF712FA0DA838F0C7FD29460DA838F063
:104170006BFD0DA8FCF708FA0DA838F0BDFD284628
:1041800040F0DEFC014628463BF04CFE304638F05D
:104190005BFB21680DA838F057FD0DA8FCF7F4F97A
:1041A0000DA838F0A9FD4A490DA838F04DFD0DA81D
:1041B000FCF7EAF90DA838F09FFD39490DA838F051
:1041C00043FD0DA8FCF7E0F90DA838F095FD294650
:1041D0000DA838F039FD0DA8FCF7D6F90DA838F078
:1041E0008BFD284640F0ACFC014628463BF01AFE09
:1041F000304638F029FB216890E705A90DA838F072
:10420000ABFE0028BFF6B8AE0C9F002F00F0E48094
:104210003B68304A5B6B934240F0E280D7F858909D
:10422000B9F1000F00F0EA80484640F089FC0146F1
:1042300048463BF0F7FD1B4838F006FBB8F1620F2B
:1042400040F3B3800C9F08F10108CFE4436D002BCD
:104250003FF4A2AD926B204B9A424FD1436D002B9D
:104260003FF483AE93F8313013F0500F7FF4B6ACC7
:104270007BE6209B002B7FF45CAC0A9709938DF8BA
:104280002C300C9308957BE47B6D002B7FF4C1AC44
:10429000C3E4214608A8984777E400BF94B504001A
:1042A00000B504006008FF1F8407FF1FD104000051
:1042B000190D0000140F0500A00E05007CB50400C8
:1042C00064B504004CB5040034B5040004B5040022
:1042D0001CB50400BD050000590A000003689A6B74
:1042E0009B4B9A420AD1036D002BB7D071E438463C
:1042F0009847014657E4384698478EE4904700288F
:104300007FF46CAC31E64FF4807001913DF0C8FE53
:10431000B865002800F0DE80019901703B6DABB1FB
:1043200001464FF48072184633F086FFB96D3AE4C7
:10433000DBF85430002B7FF48BAC8DE45846984763
:104340008AE47B6D002B7FF4CAACCCE47B6D2BB18F
:1043500001464FF48072184631F0B8FCB96D22E482
:104360007B6D002B7FF48EAC8FE438469047BAE427
:104370003846984792E47B6D002B7FF4CCACCDE4BB
:1043800038469847FFF7B5BB209C002C7FF48DABD7
:1043900011AEFFF7A6BB636D002B7FF467AE69E635
:1043A000736D002B7FF41AAD1CE508EB48030C9FDE
:1043B00008EB830321AA02EB0309002F3FD03B68DF
:1043C000644A5B6B934248D1B96D002957D0484687
:1043D0000D223FF06BFE36E7DFF87C91394627E788
:1043E000384698478146B9F1000F3FF424AF1BE7E8
:1043F00030469847F6E4204698473BE64FF48070F5
:104400003DF04EFE0146B86500285CD080F8009073
:10441000386D38B34FF4807233F00EFFD7F85890F0
:10442000B9F1000F3FF407AFFEE6636D002B7FF498
:1044300035AE36E66B6D002B7FF4EAACEBE4464913
:1044400048460D2208F101083FF030FE28E42046DE
:1044500098472FE628469847E6E4384698470C9F49
:104460000146B4E7786D18B14FF4807231F02EFC3C
:10447000D7F85890B9F1000F3FF4DDAED4E64FF411
:10448000807001913DF00CFE0346B865B8B101990A
:104490000170386D38B119464FF4807233F0CCFE9C
:1044A000B96D0C9F93E7786D38B119464FF480725F
:1044B00031F00CFCB96D0C9F89E7B96D87E7274B8C
:1044C000BB65194683E7254BBB659946ACE6224997
:1044D000FFF769BB214BBB651946FFF764BB204959
:1044E0000DA838F0B1FB0DA8FCF74EF80DA838F078
:1044F00003FC1C490DA838F0A7FB0DA8FCF744F8F5
:104500000DA838F0F9FB29460DA838F09DFB0DA841
:10451000FCF73AF80DA838F0EFFB284640F010FB06
:10452000014628463BF07EFC304638F08DF90E4BB4
:104530000DA8196838F088FB0DA8FCF725F80DA820
:1045400038F0DAFB072F7FF4F2AD019C78E500BF6D
:10455000590A0000BD050000A8120500E80FFF1F62
:10456000E8B4040000B504008407FF1F2DE9F04FF4
:10457000A7B003465149019307A838F065FB50499D
:104580000AA838F061FB682038F0C0FF0C230360F4
:1045900008234360C3181C46049300F168051F46B6
:1045A000204600210C3438F04FFBA542F8D11A21E7
:1045B00044483BF037FC444838F046F90023434A6E
:1045C000434912A834F0DAFA249B002B00F0268429
:1045D0005C2038F099FF139BC360149B03619DF826
:1045E000543003753B4B036006463B4B836000240D
:1045F00000F1180B16A94460584634F079F9736835
:10460000DFF8F4A0B46501337360C6F808A0334B3B
:10461000129316A834F09AF9336831491A6B8A421A
:1046200040F08F84326D002A00F064849B6A2D492B
:104630008B4240F09384D4692B48DFF8C0800A2174
:104640003BF0F0FB00230A2221461F4838F014F902
:104650001D4838F0F9F8092124483BF0E3FB019CA0
:104660001948214638F0E8F8174838F0EDF81021DD
:104670001F483BF0D7FBD8F80010134838F0DCF89F
:10468000114838F0E1F81B481021002C40F0A983B4
:104690006423C8F800303BF0C5FBD8F800100A4886
:1046A00038F0CAF8084838F0CFF8062300240297FB
:1046B000054D039437469946BAE000BFB8C70400D9
:1046C000ACB50400B4B504006008FF1F5CB404007E
:1046D000C018FF1F140F05007C0E0500A00E05007A
:1046E0006104000065090000E0B50400ECB50400B9
:1046F000F8B504000CB60400C40E05007007FF1FD7
:104700003368744A5B6B934240F02F83B36D002B88
:1047100000F040831846009340F012FA009B0146D7
:1047200018463BF07FFB284638F08EF8119E002E8D
:1047300000F0CA82336868499A6B8A4240F062820C
:10474000326D002A00F0CE82127812F0700F00F065
:104750006282624811213BF065FB2846013C38F03B
:1047600073F8119B002B00F0D4801A685C48116B21
:10477000814240F0C980196D002900F0A782D26AF9
:10478000584EB24240F0AB82986D28B100933DF094
:104790008FFC009B00229A651A6D002A00F0BF82F0
:1047A00003F1180034F0D2F8119A5368013B5360BA
:1047B0000093002B38D11168C96AB14240F00E83D2
:1047C000906D28B105923DF073FC059A009B9365AE
:1047D000136D002B00F0F68202F1180034F0B6F8E9
:1047E000119E0EB33368404A5B68934240F05A838F
:1047F000B06D3E4B336018B13DF05AFC0023B365F9
:10480000336D002B00F0FE8206F11803184600936A
:1048100034F09CF8009B364AB260184634F096F8A3
:1048200030465C2138F074FE01344C4500F3F182CF
:104830003B68304ADB6B934240F0928200224FF497
:104840007A76594616A8CDE92422CDF848A01392CD
:104850008DF85420149634F0E5F8249B002B00F0DA
:1048600052825C2038F050FE139A204B0360C260E5
:10487000214B149A8360026100239DF85420436009
:104880000646027516A9183034F032F80023B365D5
:104890000E938DF840307368C6F808A0013373603A
:1048A000164B0D934FF47A7311960F93104B12938E
:1048B00016A834F04BF82146284637F0BDFF1048C3
:1048C00002213BF0AFFA119E002E7FF419AF0D4B81
:1048D000314625E7BD050000590A000020B6040056
:1048E00061040000D1040000190D0000140F050040
:1048F000A00E0500810900007C0E0500E80E0500F1
:1049000028B20400A812050018468847002840F085
:1049100033820021A7483E46029F3BF083FAA64817
:1049200037F092FF0F21A5483BF07CFA2146A248C0
:1049300037F082FF0321A2483BF074FAD8F8001048
:104940009D4837F079FF04F1080303219C48C8F81B
:1049500000303BF067FAD8F80010974837F06CFF4A
:10496000954837F071FF974912A838F06DF912A8F1
:10497000FBF70AFE12A838F0BFF9934B1B68012B16
:1049800000F00983032B00F00A83002B00F0FF8264
:10499000631E00EE103ADFF86492B8EEC00AFBF72F
:1049A000ABFDD9F8001012A838F04EF912A8FBF7A9
:1049B000EBFD12A838F0A0F9119C844B0D93002C4C
:1049C00039D06568013D6560002D34D12368804A87
:1049D000DB6A934240F00E83A06D10B13DF068FB9E
:1049E000A565236D002B00F0EB8204F1180033F075
:1049F000ADFF119CFCB12368764A5B68934240F09E
:104A0000EE82A06D744B236018B13DF051FB002382
:104A1000A365236D04F11805002B00F0EE822846F3
:104A200033F094FF6D4BA360284633F08FFF204690
:104A30005C2138F06DFDDFF8C8815F4C012505F180
:104A4000FF3A032140463BF0EDF95146204637F04E
:104A5000F3FE03215A483BF0E5F93946204637F08A
:104A6000C5FEA5F1020A204637F0EEFEBAF1050FA9
:104A700000F2D782DFE80AF09C9A98966A035849B8
:104A800012A838F0E1F812A8FBF77EFD12A838F062
:104A900033F9544912A838F0D7F812A8FBF774FD7F
:104AA00012A838F029F9394612A838F0EBF812A804
:104AB000FBF76AFD12A838F01FF9D9F8001012A808
:104AC00038F0C2F812A8FBF75FFD12A838F014F90D
:104AD0000AA838F011F907A838F00EF97468013CFB
:104AE0007460002C2FD13368394ADB6A934240F05E
:104AF0005A82B06D10B13DF0DBFAB465336D002B16
:104B000000F01A82584633F021FF3368314A5B685F
:104B1000934240F06C82B06D2F4B336018B13DF082
:104B2000C7FA0023B365336D002B00F05B82584653
:104B300033F00CFF294BB360584633F007FF5C217C
:104B4000304638F0E5FC27B0BDE8F08F264912A8C2
:104B500038F07AF812A8FBF717FD12A838F0CCF855
:104B6000204912A838F070F812A8FBF70DFD12A822
:104B700038F0C2F8394612A838F084F812A8FBF7CA
:104B800003FD12A838F0B8F8D9F8001012A838F0D0
:104B90005BF812A8FBF7F8FC12A838F0ADF80C3758
:104BA00001354CE71149D2E71149D0E71149CEE769
:104BB0001149CCE7A81205006008FF1F64B6040085
:104BC000B0F2040074B604009807FF1FE80E050059
:104BD000D1040000190D0000140F0500A00E0500FF
:104BE00094B5040000B504007CB5040064B504006D
:104BF0004CB5040034B5040004B504008407FF1F5D
:104C0000E4B404003046904700287FF4A2AD119E22
:104C1000002E59D033685B6BAA4A93426FD1B16DB5
:104C2000002900F0298112A838F00EF80E21A648BC
:104C30003BF0F8F812A9284637F0D8FD284637F09F
:104C400003FE1221A1483BF0EDF807A912A838F0A5
:104C500083F90146284637F0EFFD284637F0F4FD8A
:104C600007A912A838F078F90028C0F28B80019BC0
:104C7000A3425CDD0A2196483BF0D4F82146284641
:104C800037F0DAFD934803213BF0CCF8119E002E5B
:104C90004AD033688B4A5B6B934240F09880B36D87
:104CA000002B00F0D180184600933FF049FF009B95
:104CB000014618463BF0B6F8032186483BF0B2F8AF
:104CC00012A838F019F84CE58349ACE7596D002972
:104CD0003FF41FAED26A814EB2423FF455AD184642
:104CE000904761E5726D002A95D092F8312012F05C
:104CF000500F7FF42EAD5B6B724A93428FD03046DB
:104D0000984701468FE7259B002B7FF4AAAD0E93B1
:104D10008DF840301193724B0F960D93C6E55A6D86
:104D2000002A7FF43DAD3FE56B4B3146C1E7119E54
:104D3000002E00F0C5803368624A5B6B934240F0FE
:104D40000981B16D002900F00E81039E049B06EBE2
:104D5000460003EB800038F029F8731C039389E7C1
:104D6000002239460DA89847A5E5304698470346E6
:104D7000002B3FF4D8ACCDE4119B002B3FF454AD95
:104D80001A68FCE40AA912A838F0E6F80028BFF671
:104D90006EAF6FE74FF4807000933DF081F90146EC
:104DA000B065002800F03681009B0370306D00284C
:104DB0007BD04FF4807233F03FFAB36D002B3FF499
:104DC000B2ACA7E4536D002B7FF406AD08E5304686
:104DD00098470346002B3FF46FAF64E710468847BF
:104DE000FEE43BF01FF8D8F800103E4837F024FDF1
:104DF0003C4837F029FD019B06337FF557ACDFF8BF
:104E0000F09018E6736D002B7FF4FEAC06F11803EA
:104E100001E53E46DFF8D890029F0CE6259B002B6B
:104E20007FF4D6AB304B129316A833F08FFD0E21D2
:104E30002E483AF0F7FF0AA837F05EFF07A837F0D0
:104E40005BFF27B0BDE8F08F4FF4807000933DF01A
:104E500027F90146B065002800F0E080009B037050
:104E6000306D00285DD04FF4807233F0E5F9B36DFA
:104E7000002B3FF421AF16E74FF4807000913DF016
:104E80000FF9B065002800F0C18000990170336D02
:104E9000002B3CD001464FF48072184633F0CCF919
:104EA000B16DC0E630469847BEE4706D18B14FF45E
:104EB000807230F00BFFB36D002B3FF434AC29E46B
:104EC000054942E7BD05000034B6040044B60400BD
:104ED00058B60400B0F20400A8120500D104000086
:104EE000E80E05006008FF1FA00E0500D0B5040005
:104EF0008407FF1F726D42B39B6A604A93422DD1B3
:104F0000746D002C3FF498AB2469FFF795BB736D6B
:104F10002BB101464FF48072184630F0D7FEB16DC8
:104F200081E6706D18B14FF4807230F0CFFEB36D32
:104F3000002B3FF4C1AEB6E6736D002B7FF4E2ADFB
:104F4000E3E53046904700283FD10E214C483AF027
:104F500069FFBDE5304698470146F6E6304698477A
:104F60000446FFF769BB4FF4807000913DF098F85C
:104F7000B065002846D000990170336DB3B1014689
:104F80004FF48072184633F057F9B16DDDE62220F8
:104F90003AF0CEFFFCE4222038F02AFFF8E4222089
:104FA0003AF010F8F4E430469847AEE5736D2BB153
:104FB00001464FF48072184630F088FEB16DC4E6A9
:104FC000636D002B7FF411AD13E533682B4A9B6AA8
:104FD0009342C3D1326D002A92D0FFF72CBB2046FA
:104FE000984728E5736D002B7FF4A1ADA2E530460C
:104FF0009847A8E520469847FBE4636D002B7FF4B3
:105000000EAD0FE51F4BB36519469EE61D4BB3650C
:10501000194608E61B4BB365FFF77CBB194BB3651C
:1050200041E6194912A837F00FFE12A8FBF7ACFAB7
:1050300012A837F061FE154912A837F005FE12A834
:10504000FBF7A2FA12A837F057FE394612A837F03C
:1050500019FE12A8FBF798FA12A837F04DFED9F8FE
:10506000001012A837F0F0FD12A8FBF78DFA12A875
:1050700037F042FE072D7FF492AD29E56509000067
:10508000D0B50400E80FFF1FE8B4040000B5040029
:105090002DE9F0432DED028B974C9849BDB00026C9
:1050A00005460BA8266037F0CFFD31460EA837F035
:1050B000CBFD314611A837F0C7FD122190483AF0D8
:1050C000B1FE90483FF03CFD01468E483AF0AAFE02
:1050D0008D4837F0B9FB33468A4A8C4928A833F00B
:1050E0004DFD3A9B002B00F06C825C2038F00CFAEE
:1050F000299BC3602A9B03619DF8AC300375844BE8
:10510000036006460027834B83600DF1B0084760BB
:105110004146183033F0ECFB7368B76501337360B8
:105120007D4BB36027964FF47A737C4E24978DF8AD
:105130009870239625937A4F2897404633F006FCC3
:105140002798002800F030820368764A1B6B934250
:1051500040F02782036D002B00F04382724A1368EF
:105160000293029913680193019B5B1A132BF9D9DF
:1051700048B3DFF8D08103681B69434540F098814C
:10518000036D002B00F0F4811A78110740F194812F
:10519000D8695B69C01A40F18C8100230A2223A9D7
:1051A00028A837F079FC28A90BA837F0E9FD28A832
:1051B00037F0A2FD2368AB4200F07E8127980133CF
:1051C00023600028D7D100210BA837F09DFE574D52
:1051D00003782B6001220BA928A837F0CFFE28A95D
:1051E0000EA837F0CDFD28A837F086FD0BA9504852
:1051F00037F0BEFD2D214F483AF014FE2168424899
:1052000037F01AFB404837F01FFB0C214A483AF0B0
:1052100009FE29683C4837F00FFB3B4837F014FB88
:10522000122146483AF0FEFD4149374837F0DEFA90
:10523000354837F009FB082141483AF0F3FD0EA943
:10524000314837F0D3FA304837F0FEFA2B680D3B7F
:105250004D2B00F20482DFE813F0A10002020202EB
:10526000020202020202020202020202020202021E
:10527000020202020202020202020202020202020E
:1052800002020202020202020202020202020202FE
:1052900002020202020202020202020202020202EE
:1052A00002020202020202020202020202020202DE
:1052B00002020202020228040202020202020202A6
:1052C0000202A100A100A100A100A10090023604E9
:1052D0008D04A1006F027700770002021802A1007E
:1052E000A10002020704A100FD020202B1023A027B
:1052F000A1000202A10000BF5016FF1FA812050066
:1053000088B60400B416FF1F6008FF1FC018FF1FF7
:10531000140F05007C0E0500C40E0500E80E050004
:10532000A00E0500610400005C1FFF1F1417FF1F83
:105330004016FF1FACB60400DCB60400ECB6040057
:1053400000B70400DD0B000001210BA837F0DCFDE5
:105350000178AF4837F03CFD02220BA928A837F0AE
:105360000DFE28A90EA837F00BFD28A837F0C4FCC5
:105370001B21A8483AF056FDA549A74837F036FA50
:10538000A54837F061FAA5480C213AF04BFDA24838
:105390000EA937F02BFAA04837F056FAA04B0E9C16
:1053A000002C08BF1C4620463CF076FE0B219D4891
:1053B000B0EE408AF0EE608A3AF034FD0EA99648CD
:1053C00037F014FA944837F03FFA0C2196483AF037
:1053D00029FD20463FF0B4FB014620463AF022FD6D
:1053E0008D4837F031FA072190483AF01BFDB0EEB6
:1053F000480AF0EE680A0221874837F049FA8648E1
:1054000037F022FA8A481A213AF00CFD824837F028
:105410001BFA279C2396002C38D06568013D6560F7
:10542000002D33D12368834ADB6A934240F0148114
:10543000A06D10B13CF03CFEA565236D002B00F083
:10544000D58004F1180033F081FA279CF4B1236869
:10545000794A5B68934240F0DC83A06D774B236010
:1054600018B13CF025FE0023A365236D04F1180557
:10547000002B00F0C483284633F068FAA760284662
:1054800033F064FA20465C2138F042F811A837F076
:1054900033FC0EA837F030FC0BA837F02DFCB0EE33
:1054A000480AF0EE680A3DB0BDEC028BBDE8F0831F
:1054B000984700287FF471AE279D002D3FF483AEFE
:1054C0002B68DFF87091DB6A4B4540F09980A86D3E
:1054D00018B13CF0EDFD0023AB652B6D002B00F007
:1054E0008A8005F1180033F031FADDF89C80D8F895
:1054F0000450013DC8F80450002D36D1D8F80030D2
:10550000DB6A4B4540F0BC80D8F8580018B13CF03D
:10551000CFFDC8F85850D8F85030002B00F09680D6
:1055200008F1180033F012FA279DF5B12B68424AB2
:105530005B68934240F07083A86D404B2B6018B1BC
:105540003CF0B6FD0023AB652B6D05F11808002B70
:1055500000F05A83404633F0F9F9AF60404633F02B
:10556000F5F928465C2137F0D3FF002327932AE67C
:10557000436D002BA0D093F8312012079CD51A68F8
:105580001869801A5A695B6862EB0303B0F1004F37
:1055900073F100038DD36FF0004000287FF4FDAD60
:1055A0008AE7984700286ED1254B264801220F2113
:1055B0001A703AF037FC184837F046F99FED128B15
:1055C00027E73B9B002B7FF490AD1F4E24938DF873
:1055D000983027934FF47A73239625930DF1B008F2
:1055E000A9E5436D002B7FF4B9ADDDE7636D002BBA
:1055F0007FF427AF29E76B6D002B7FF472AF74E760
:105600002846984771E700BF000000000000F0BF87
:105610007016FF1F84B704006008FF1FA0B70400C6
:105620007817050010B904001CB904002CB9040057
:1056300034B90400D1040000190D0000140F050056
:105640001510FF1F9CB60400E80E0500D8F8543072
:10565000002B7FF465AF67E720469847F5E66A4C74
:105660006A4801232E2123703AF0DCFB2178684838
:1056700037F0E2F8664837F0E7F89FED618BC8E64F
:105680004046984750E7279868E501210BA837F076
:105690003BFC01785F4837F09BFB02220BA928A84E
:1056A00037F06CFC28A90EA837F06AFB28A837F061
:1056B00023FB092158483AF0B5FB5649544837F0C6
:1056C00095F8534837F0C0F8544809215DE60121A8
:1056D0000BA837F019FC20AC0178204637F0EEFA21
:1056E0004F49204637F0FAFB002800F0988201234A
:1056F0004C482B600D213AF095FB02220BA928A8FB
:1057000037F03CFC28A90EA837F03AFB28A837F060
:10571000F3FA29683E4837F08FF8052142483AF0FD
:1057200081FB0EA93A4837F061F8394837F08CF818
:10573000204637F0E1FA31E601210BA837F0E4FB0F
:1057400001783A4837F044FB02220BA928A837F029
:1057500015FC28A90EA837F013FB28A837F0CCFABF
:10576000092133483AF05EFB3249294837F03EF8C8
:10577000274837F069F83048A7E701210BA837F030
:10578000C3FB01782D4837F023FB02220BA928A880
:1057900037F0F4FB28A90EA837F0F2FA28A837F062
:1057A000ABFA092126483AF03DFB2449184837F066
:1057B0001DF8174837F048F8224886E701210BA862
:1057C00037F0A2FB0178204837F002FB02220BA938
:1057D00028A837F0D3FB28A90EA837F0D1FA28A8BB
:1057E00037F08AFA092119483AF01CFB1649084893
:1057F00036F0FCFF064837F027F8154865E700BF8C
:1058000000000000000000001410FF1FE0B80400BA
:105810006008FF1F1C10FF1FB0B70400BCB70400D6
:105820003CB80400B4B80400D8B804002810FF1F26
:105830006CB704006410FF1F78B704004010FF1F0E
:1058400018B7040024B704004C10FF1F9CB80400D4
:10585000A8B8040001210BA837F056FB017814A862
:1058600037F02CFA02220BA928A837F087FB28A9C9
:105870000EA837F085FA28A837F03EFA1422002344
:1058800028A90EA837F04EFB0621A1483AF0CAFA23
:105890000EA9A04836F0AAFF9E4836F0D5FF9E4BD1
:1058A00093E803000390ADF8101028A803A93EF078
:1058B0009DFB0022034604460EA917A837F08AFB79
:1058C00022460EA91AA837F059FB082193483AF04E
:1058D000A9FA1AA98F4836F089FF8E4836F0B4FF2E
:1058E000012300221AA91DA837F074FB08218B4858
:1058F0003AF098FA1AA9874836F078FF20AC854824
:1059000036F0A2FF01221AA9204637F037FB1021FA
:1059100083483AF087FA14A97E4836F067FF7D483D
:1059200036F092FF10217F483AF07CFA17A97948A7
:1059300036F05CFF774836F087FF10217A483AF05E
:1059400071FA1DA9734836F051FF724836F07CFF9A
:10595000102176483AF066FA21466E4836F046FF46
:105960006C4836F071FF724914A837F0B7FA002876
:1059700000F06A816F4B00221A606D491DA837F054
:10598000ADFA002800F057816B4B00221A6000230B
:105990000A2205A917A837F0C5FA05A83CF07CFB38
:1059A00051EC100B3CF064F8DFF8C481634DC8F88B
:1059B000000000230A2208A9204637F0B3FA08A8FD
:1059C0003CF06AFB51EC100B3CF052F813212860BC
:1059D0005B483AF027FA05A83FF0B2F8014605A85F
:1059E0003AF020FA4B4836F02FFF162155483AF08E
:1059F00019FAD8F800003BF0EBFC41EC100B022147
:105A0000444836F045FF434836F01EFF13214E4808
:105A10003AF008FA08A83FF093F8014608A83AF0CF
:105A200001FA3C4836F010FF162148483AF0FAF9DE
:105A300028683BF0CDFC41EC100B0221354836F0D4
:105A400027FF344836F000FF204637F055F91DA8EF
:105A500037F052F91AA837F04FF917A837F04CF978
:105A600014A837F049F999E401210BA837F04CFA52
:105A70000178374837F0ACF902220BA928A837F093
:105A80007DFA28A90EA837F07BF928A837F034F959
:105A9000092130483AF0C6F92D491E4836F0A6FED5
:105AA0001C4836F0D1FE2C480FE60B212B483AF06B
:105AB000B9F9184836F0C8FE29480EA937F058F948
:105AC0009FED118BA5E401210BA837F01DFA017899
:105AD000244837F07DF902220BA928A837F04EFAA6
:105AE00028A90EA837F04CF928A837F005F90921A4
:105AF0001D483AF097F91B49064836F077FE0548ED
:105B000036F0A2FE1948E0E50000000000000000A9
:105B10004CB704006008FF1F50B90400E0B7040050
:105B2000ECB7040000B8040014B8040028B804005E
:105B30003CB804002417FF1F3417FF1F7C07FF1F0A
:105B400044B8040058B8040070B8040084B80400D5
:105B50005810FF1FC8B70400D4B704000CB70400E6
:105B60007010FF1F6410FF1F30B704003CB7040023
:105B70007807FF1F0023142228A90EA837F0D2F9B6
:105B80005C495D4D5D4C28A83EF0C2FA3CF084FAB9
:105B900051EC100B3BF06CFF5949286000203EF09F
:105BA000B7FA3CF079FA51EC100B3BF061FF06219B
:105BB000206054483AF036F90EA9534836F016FEE4
:105BC000092152483AF02EF928683BF001FC41ECDB
:105BD000100B02214C4836F05BFE09214C483AF08C
:105BE00021F920683BF0F4FB41EC100B0221464800
:105BF00036F04EFE444836F027FEFFF7CFBB636D0C
:105C0000002B7FF438AC39E46B6D002B7FF4A2AC31
:105C1000A3E42046984739E428469847A5E43D493F
:105C2000204637F05BF9C0B102230D213A482B60C2
:105C30003AF0F8F861E539491DA837F04FF9A0B1FD
:105C4000374B01221A60A2E6344914A837F046F90E
:105C5000A0B1344B01221A608FE63349204637F059
:105C60003DF9A0B103232B6047E530491DA837F06B
:105C700035F9B0B12A4B02221A6088E62B4914A8E4
:105C800037F02CF9B0B1274B02221A6075E628498B
:105C9000204637F023F900283FF42FAD04232B6072
:105CA0002BE521491DA837F019F960B11C4B0322DF
:105CB0001A606CE61C4914A837F010F970B1194B42
:105CC00003221A6059E61A491DA837F007F900287F
:105CD0003FF45DAE124B04221A6058E6144914A832
:105CE00037F0FCF800283FF448AE0E4B04221A604F
:105CF00043E600BF48B70400E816FF1FEC16FF1F7D
:105D0000B81205004CB704006008FF1F54B7040028
:105D100060B70400C4B80400C8B8040054B9040053
:105D20003417FF1F2417FF1F40B8040020E00400B1
:105D3000840C05002DE9F041BA4BC6B01D6804AED5
:105D40003446AD1B601937F0A9F904F8010B46ABD6
:105D50009C42F7D1B449B54D01A836F075FF01A8B2
:105D6000FAF712FC01A836F0C7FF2B68012B01F0EF
:105D70005A80032B01F05280002B01F04A80D6EDAF
:105D8000007AAB4CB8EE670AFAF7B6FB216801A8B7
:105D900036F05AFF01A8FAF7F7FB01A836F0ACFF7E
:105DA000A44901A836F050FF01A8FAF7EDFB01A8BD
:105DB00036F0A2FF2B68012B01F02680032B01F0A7
:105DC0001E80002B01F01680D6ED017AB8EE670A2E
:105DD000FAF792FB216801A836F036FF01A8FAF71E
:105DE000D3FB01A836F088FF934901A836F02CFFB9
:105DF00001A8FAF7C9FB01A836F07EFF2B68012B3A
:105E000000F0F387032B00F0EB87002B00F0E38713
:105E100096ED020AFAF770FB216801A836F014FF2C
:105E200001A8FAF7B1FB01A836F066FF834901A883
:105E300036F00AFF01A8FAF7A7FB01A836F05CFFCD
:105E40002B68012B00F0C287032B00F09187002BF9
:105E500000F089877A4B7B4A96F89C1001A80029AC
:105E600014BF1146194636F0EFFE01A8FAF78CFB75
:105E700001A836F041FF216801A836F0E5FE01A82F
:105E8000FAF782FB01A836F037FF6F4901A836F018
:105E9000DBFE01A8FAF778FB01A836F02DFF2B688E
:105EA000012B00F05B87032B00F05387002B00F0E1
:105EB0004B87D6ED037AB8EE670AFAF71DFB216827
:105EC00001A836F0C1FE01A8FAF75EFB01A836F082
:105ED00013FF5E4901A836F0B7FE01A8FAF754FB9C
:105EE00001A836F009FF2B68012B00F02887032B4F
:105EF00000F02087002B00F01887D6ED047AB8EE6A
:105F0000670AFAF7F9FA216801A836F09DFE01A8A0
:105F1000FAF73AFB01A836F0EFFE4D4901A836F03A
:105F200093FE01A8FAF730FB01A836F0E5FE2B68D6
:105F3000012B00F0F586032B00F0ED86002B00F01E
:105F4000E5867769DFF8208100EE107AFAF7D4FA57
:105F5000216801A836F078FE01A8FAF715FB01A820
:105F600036F0CAFE23213B4839F05CFFD8F8140014
:105F70003BF02EFA41EC100B0821374836F088FC34
:105F8000354836F061FC2721344839F04BFF38465C
:105F90003BF01EFA41EC100B08212F4836F078FC3C
:105FA0002D4836F051FC2E4901A836F04DFE01A8CF
:105FB000FAF7EAFA01A836F09FFE2B68012B00F0F1
:105FC000A086032B00F09886002B00F090861C4BD7
:105FD0001C4A96F89D1001A8002914BF11461946C5
:105FE00036F032FE01A8FAF7CFFA01A836F084FEA7
:105FF000216801A836F028FE01A8FAF7C5FA01A821
:1060000036F07AFE174901A836F01EFE01A8FAF70D
:10601000BBFA01A836F070FE2B68012B00F06286F7
:1060200024E000BF6C16FF1F64B904009807FF1F2F
:106030008407FF1F7CB9040094B90400ACB90400C4
:106040005CB9040058B90400C4B90400D4B9040010
:10605000E4B90400F4B904006008FF1F18BA040092
:1060600040BA040050BA0400A813FF1F032B00F02D
:106070003486002B00F02C86D6ED087AB8EE670A3D
:10608000FAF73AFA216801A836F0DEFD01A8FAF71E
:106090007BFA01A836F030FEB84901A836F0D4FDED
:1060A00001A8FAF771FA01A836F026FE2B68012B39
:1060B00000F00986032B00F00186002B00F0F98523
:1060C000D6ED097AB8EE670AFAF716FA216801A840
:1060D00036F0BAFD01A8FAF757FA01A836F00CFE1F
:1060E000A74901A836F0B0FD01A8FAF74DFA01A8BA
:1060F00036F002FE2B68012B00F0D685032B00F052
:10610000CE85002B00F0C68596ED0A0AFAF7F4F961
:10611000216801A836F098FD01A8FAF735FA01A820
:1061200036F0EAFD974901A836F08EFD01A8FAF78E
:106130002BFA01A836F0E0FD2B68012B00F0A585B5
:10614000032B00F09D85002B00F095858E4B8F4A28
:1061500096F89E1001A8002914BF1146194636F082
:1061600073FD01A8FAF710FA01A836F0C5FD216801
:1061700001A836F069FD01A8FAF706FA01A836F081
:10618000BBFD834901A836F05FFD01A8FAF7FCF9D1
:1061900001A836F0B1FD2B68012B00F06785032BB9
:1061A00000F05F85002B00F05785D6ED347AB8EE0D
:1061B000670AFAF7A1F9216801A836F045FD01A8A0
:1061C000FAF7E2F901A836F097FD724901A836F016
:1061D0003BFD01A8FAF7D8F901A836F08DFD2B6830
:1061E000012B00F03485032B00F02C85002B00F0F0
:1061F0002485D6ED357AB8EE670AFAF77DF921687D
:1062000001A836F021FD01A8FAF7BEF901A836F081
:1062100073FD614901A836F017FD01A8FAF7B4F93A
:1062200001A836F069FD2B68012B00F00185032BD6
:1062300000F0F984002B00F0F18496ED360AFAF7AD
:106240005BF9216801A836F0FFFC01A8FAF79CF978
:1062500001A836F051FD514901A836F0F5FC01A81E
:10626000FAF792F901A836F047FD2B68012B00F0F0
:10627000D084032B00F0C884002B00F0C084424B74
:10628000424A96F8DC1001A8002914BF11461946AD
:1062900036F0DAFC01A8FAF777F901A836F02CFD00
:1062A000216801A836F0D0FC01A8FAF76DF901A821
:1062B00036F022FDD6F8CC30012B00F0608438494E
:1062C000384F01A836F0C0FC01A8FAF75DF901A823
:1062D00036F012FD396801A836F0B6FC01A8FAF7CD
:1062E00053F901A836F008FD2F4901A836F0ACFC9F
:1062F00001A8FAF749F901A836F0FEFC396801A8AF
:1063000036F0A2FC01A8FAF73FF901A836F0F4FC38
:10631000264901A836F098FC01A8FAF735F901A83A
:1063200036F0EAFC396801A836F08EFC01A8FAF7CD
:106330002BF901A836F0E0FC1D4901A836F084FCD9
:1063400001A8FAF721F901A836F0D6FC396801A8AE
:1063500036F07AFC01A8FAF717F901A836F0CCFC60
:10636000144901A836F070FC01A8FAF70DF901A84C
:1063700036F0C2FC2B68012B1EE000BF60BA04009F
:1063800070BA040080BA04005CB9040058B9040073
:1063900090BA0400A8BA0400C0BA0400D8BA040035
:1063A00040BB04008007FF1F50BB040060BB04001B
:1063B00078BB040090BB040000F0D385032B00F0F1
:1063C000CB85002B00F0C385D6ED0E7AB8EE670AB8
:1063D000FAF792F8216801A836F036FC01A8FAF71E
:1063E000D3F801A836F088FCB84901A836F02CFC97
:1063F00001A8FAF7C9F801A836F07EFC2B68012B3A
:1064000000F0A085032B00F09885002B00F090850C
:10641000D6ED0F7AB8EE670AFAF76EF8216801A890
:1064200036F012FC01A8FAF7AFF801A836F064FCC8
:10643000A74901A836F008FC01A8FAF7A5F801A8B9
:1064400036F05AFC2B68012B00F06D85032B00F011
:106450006585002B00F05D8596ED100AFAF74CF883
:10646000216801A836F0F0FB01A8FAF78DF801A821
:1064700036F042FC974901A836F0E6FB01A8FAF78E
:1064800083F801A836F038FC2B68012B00F03C851E
:10649000032B00F03485002B00F02C858E4B8F4AA7
:1064A00096F89F1001A8002914BF1146194636F02E
:1064B000CBFB01A8FAF768F801A836F01DFC2168AB
:1064C00001A836F0C1FB01A8FAF75EF801A836F082
:1064D00013FC736B002B00F0B682814901A836F0E3
:1064E000B3FB01A8FAF750F801A836F005FC3968AB
:1064F00001A836F0A9FB01A8FAF746F801A836F082
:10650000FBFB784901A836F09FFB01A8FAF73CF89D
:1065100001A836F0F1FB396801A836F095FB01A817
:10652000FAF732F801A836F0E7FB6F4901A836F018
:106530008BFB01A8FAF728F801A836F0DDFB2B68E1
:10654000012B00F0D284032B00F0CA84002B00F052
:10655000C28496ED110AF9F7CFFF216801A836F041
:1065600073FB01A8FAF710F801A836F0C5FB5F49E4
:1065700001A836F069FB01A8FAF706F801A836F081
:10658000BBFB2B68012B00F0A184032B00F0998446
:10659000002B00F09184D6ED167AB8EE670AF9F771
:1065A000ABFF216801A836F04FFB01A8F9F7ECFF1B
:1065B00001A836F0A1FB4E4901A836F045FB01A821
:1065C000F9F7E2FF01A836F097FB2B68012B00F0EA
:1065D0006E84032B00F06684002B00F05E8498ED3F
:1065E000170AB8EE400AF9F787FF216801A836F0CC
:1065F0002BFB01A8F9F7C8FF01A836F07DFB3D4948
:1066000001A836F021FB01A8F9F7BEFF01A836F07A
:1066100073FB2B68012B00F03B84032B00F03384C9
:10662000002B00F02B8496ED180AF9F765FF21681E
:1066300001A836F009FB01A8F9F7A6FF01A836F07A
:106640005BFB2D4901A836F0FFFA01A8F9F79CFF82
:1066500001A836F051FB2B68012B00F00A84032BB4
:1066600000F00284002B00F0FB831B4B1B4A96F8C2
:10667000A01001A8002914BF1146194636F0E4FA0B
:1066800001A8F9F781FF01A836F036FB216801A8BF
:1066900036F0DAFA01A8F9F777FF01A836F02CFBFB
:1066A000736D002B00F05582144901A836F0CCFA26
:1066B00001A8F9F769FF01A836F01EFB396801A8A7
:1066C00036F0C2FA01A8F9F75FFF19E0A8BB040091
:1066D000C0BB0400D8BB04005CB9040058B9040076
:1066E000F0BB040008BC040050BC040068BC0400FB
:1066F00080BC040098BC0400B0BC0400C8BC04000A
:1067000001A836F0F9FAB94901A836F09DFA01A8B6
:10671000F9F73AFF01A836F0EFFA396801A836F028
:1067200093FA01A8F9F730FF01A836F0E5FAB0496D
:1067300001A836F089FA01A8F9F726FF01A836F07A
:10674000DBFA2B68012B00F08783032B00F080839A
:10675000002B00F0798396ED190AF9F7CDFE216838
:1067600001A836F071FA01A8F9F70EFF01A836F07A
:10677000C3FAA04901A836F067FA01A8F9F704FFA7
:1067800001A836F0B9FA2B68012B00F05983032BCE
:1067900000F05283002B00F04B83D6ED407AB8EE28
:1067A000670AF9F7A9FE216801A836F04DFA01A899
:1067B000F9F7EAFE01A836F09FFAD6F8E030002B90
:1067C00040F0C5818C4901A836F03EFA01A8F9F7DE
:1067D000DBFE01A836F090FA396801A836F034FAE9
:1067E00001A8F9F7D1FE01A836F086FAD6F8E43010
:1067F000002B40F09681814901A836F025FA01A8C6
:10680000F9F7C2FE01A836F077FA396801A836F028
:106810001BFA01A8F9F7B8FE01A836F06DFA78491D
:1068200001A836F011FA01A8F9F7AEFE01A836F07A
:1068300063FA396801A836F007FA01A8F9F7A4FE4F
:1068400001A836F059FAD6F8E830002B40F0538111
:106850006C4901A836F0F8F901A8F9F795FE01A8EE
:1068600036F04AFA396801A836F0EEF901A8F9F7CE
:106870008BFE01A836F040FA634901A836F0E4F92E
:1068800001A8F9F781FE01A836F036FA396801A8A7
:1068900036F0DAF901A8F9F777FE01A836F02CFAFC
:1068A000D6F8EC30002B40F01081584901A836F0A2
:1068B000CBF901A8F9F768FE01A836F01DFA39688E
:1068C00001A836F0C1F901A8F9F75EFE01A836F07B
:1068D00013FA4F4901A836F0B7F901A8F9F754FEA9
:1068E00001A836F009FA396801A836F0ADF901A817
:1068F000F9F74AFE01A836F0FFF9D6F8F030002B80
:1069000040F0CD80434901A836F09EF901A8F9F77F
:106910003BFE01A836F0F0F9396801A836F094F989
:1069200001A8F9F731FE01A836F0E6F93A4901A8C5
:1069300036F08AF901A8F9F727FE01A836F0DCF94C
:10694000396801A836F080F901A8F9F71DFE01A801
:1069500036F0D2F9D6F8F430002B40F08A802F4977
:1069600001A836F071F901A8F9F70EFE01A836F07A
:10697000C3F9396801A836F067F901A8F9F704FEF0
:1069800001A836F0B9F9264901A836F05DF901A849
:10699000F9F7FAFD01A836F0AFF9396801A836F029
:1069A00053F901A8F9F7F0FD01A836F0A5F91D4942
:1069B00001A836F049F901A8F9F7E6FD01A836F07B
:1069C0009BF9396801A836F03FF901A8F9F7DCFD19
:1069D00001A836F091F9144901A836F035F901A85B
:1069E000F9F7D2FD01A836F087F91FE0E0BC0400FA
:1069F00028BD040040BD040054BD04007CBD04005B
:106A000090BD0400CCBD0400E0BD04000CBE040039
:106A100020BE04004CBE040060BE040094BE04000E
:106A2000A8BE0400DCBE0400F4BE0400396801A85E
:106A300036F00AF901A8F9F7A7FD01A836F05CF9CC
:106A400046B0BDE8F081CD4901A836F0FDF801A8B7
:106A5000F9F79AFD01A836F04FF9396801A836F028
:106A6000F3F801A8F9F790FD01A836F045F9C449FB
:106A700048E5C44901A836F0E7F801A8F9F784FD14
:106A800001A836F039F9396801A836F0DDF801A817
:106A9000F9F77AFD01A836F02FF9BB4974E7BB4935
:106AA00001A836F0D1F801A8F9F76EFD01A836F07B
:106AB00023F9396801A836F0C7F801A8F9F764FD91
:106AC00001A836F019F9B24931E7B24901A836F008
:106AD000BBF801A8F9F758FD01A836F00DF939689F
:106AE00001A836F0B1F801A8F9F74EFD01A836F07B
:106AF00003F9A949EEE6A94901A836F0A5F801A8CD
:106B0000F9F742FD01A836F0F7F8396801A836F028
:106B10009BF801A8F9F738FD01A836F0EDF8A04977
:106B2000ABE6A04901A836F08FF801A8F9F72CFDD3
:106B300001A836F0E1F8396801A836F085F801A817
:106B4000F9F722FD01A836F0D7F8974968E697498A
:106B500039E6974901A836F077F801A8F9F714FD4E
:106B600001A836F0C9F8396801A836F06DF801A817
:106B7000F9F70AFD01A836F0BFF88E49C4E58E4941
:106B80008E4F01A836F060F801A8F9F7FDFC01A8C6
:106B900036F0B2F8396801A836F056F801A8F9F7CE
:106BA000F3FC01A836F0A8F8854901A836F04CF8A6
:106BB00001A8F9F7E9FC01A836F09EF8396801A8A8
:106BC00036F042F801A8F9F7DFFC01A836F094F896
:106BD0007C4901A836F038F801A8F9F7D5FC01A8DE
:106BE00036F08AF8396801A836F02EF801A8F9F7CE
:106BF000CBFC01A836F080F87349FFF79EBB22203A
:106C000039F096F9FFF73BBB222038F0DBF9FFF7AC
:106C100036BB222037F0ECF8FFF731BB222039F0E9
:106C200087F9FFF70ABB222038F0CCF9FFF705BB44
:106C3000222037F0DDF8FFF700BB222039F078F989
:106C4000FFF7D7BA222038F0BDF9FFF7D2BA2220D9
:106C500037F0CEF8FFF7CDBA222039F069F9FFF707
:106C6000A4BA222038F0AEF9FFF79FBA222037F0FD
:106C7000BFF8FFF79ABA222039F05AF9FFF766BA3F
:106C8000222038F09FF9FFF761BA222037F0B0F8E0
:106C9000FFF75CBA222039F04BF9FFF735BA222012
:106CA00038F090F9FFF730BA222037F0A1F8FFF75B
:106CB0002BBA222039F03CF9FFF702BA222038F033
:106CC00081F9FFF7FDB9222037F092F8FFF7F8B904
:106CD000222039F02DF9FFF7CFB9222038F072F9D0
:106CE000FFF7CAB9222037F083F8FFF7C5B9222091
:106CF00039F01EF9FFF76BB9222038F063F9FFF77E
:106D000066B9222037F074F8FFF761B9222039F014
:106D10000FF9FFF716B9222038F054F9FFF711B92F
:106D2000222037F065F8FFF70CB9222039F000F97E
:106D3000FFF7E3B8222038F045F9FFF7DEB822204C
:106D400037F056F8FFF7D9B8222039F0F1F8FFF7FD
:106D5000B0B8222038F036F9FFF7ABB8222037F070
:106D600047F8FFF7A6B8222039F0E2F8FFF772B82B
:106D7000222038F027F9FFF76DB800BF20BC0400CF
:106D800038BC0400B8BE0400CCBE040070BE0400D1
:106D900084BE04002CBE040040BE0400ECBD040010
:106DA00000BE0400A4BD0400B8BD040068BD04001A
:106DB000F8BC040010BD0400F0BA04008007FF1FF7
:106DC00000BB040010BB040028BB0400222037F0E5
:106DD0000FF8FFF73FB8222039F0AAF8FFF718B8EC
:106DE000222038F0EFF8FFF713B8222037F000F830
:106DF000FFF70EB8222039F09BF8FEF7E5BF2220FE
:106E000038F0E0F8FEF7E0BF222036F0F1FFFEF7A1
:106E1000DBBF222039F08CF8FEF7B1BF222038F01A
:106E2000D1F8FEF7ACBF222036F0E2FFFEF7A7BF95
:106E3000222039F07DF8B0E4222038F0C3F8ACE429
:106E4000222036F0D5FFA8E4222039F071F882E440
:106E5000222038F0B7F87EE4222036F0C9FF7AE429
:106E6000222039F065F800E4222038F0ABF8FFF773
:106E7000FCBB222036F0BCFFFFF7F7BB222039F025
:106E800057F8FFF7D0BB222038F09CF8FFF7CBBBB8
:106E9000222036F0ADFFFFF7C6BB222039F048F8BC
:106EA000FFF79DBB222038F08DF8FFF798BB22201A
:106EB00036F09EFFFFF793BB222039F039F8FFF739
:106EC0006ABB222038F07EF8FFF765BB222036F03F
:106ED0008FFFFFF760BB222039F02AF8FFF739BB9C
:106EE000222038F06FF8FFF734BB222036F080FF05
:106EF000FFF72FBB222039F01BF8FFF7CFBA222073
:106F000038F060F8FFF7CABA222036F071FFFFF7B9
:106F1000C5BA222039F00CF8FFF79EBA222038F0CB
:106F200051F8FFF799BA222036F062FFFFF794BAC2
:106F3000222038F0FDFFFFF76BBA222038F042F82C
:106F4000FFF766BA222036F053FFFFF761BA22201E
:106F500038F0EEFFFFF738BA222038F033F8FFF7A9
:106F600033BA222036F044FFFFF72EBA70B5B44B87
:106F7000C8B01D6806AC2D1B601936F08FF804F8F8
:106F8000010B48AB9C42F7D1AE4A136802930299B9
:106F900013680193019B5B1AC72BF9D9AA49AB4E21
:106FA00003A835F051FE03A8F9F7EEFA03A835F06F
:106FB000A3FE3368012B00F00A82032B00F06F82DE
:106FC000002B00F06882A24CA24DD4ED067AB8EEF8
:106FD000670AF9F791FA296803A835F035FE03A886
:106FE000F9F7D2FA03A835F087FE9B4903A835F0DC
:106FF0002BFE03A8F9F7C8FA03A835F07DFE336825
:10700000012B00F04482032B00F03D82002B00F0A6
:107010003682D4ED077AB8EE670AF9F76DFA296877
:1070200003A835F011FE03A8F9F7AEFA03A835F06E
:1070300063FE8A4903A835F007FE03A8F9F7A4FA0E
:1070400003A835F059FE3368012B00F01482032B9E
:1070500000F00D82002B00F00682D4ED0B7AB8EE22
:10706000670AF9F749FA296803A835F0EDFD03A886
:10707000F9F78AFA03A835F03FFE794903A835F0FD
:10708000E3FD03A8F9F780FA03A835F035FE33686D
:10709000012B00F0E481032B00F0DD81002B00F0D8
:1070A000D681D4ED0C7AB8EE670AF9F725FA29688B
:1070B00003A835F0C9FD03A8F9F766FA03A835F06F
:1070C0001BFE684903A835F0BFFD03A8F9F75CFA79
:1070D00003A835F011FE3368012B00F0B481032BB7
:1070E00000F0AD81002B00F0A681D4ED137AB8EE4C
:1070F000670AF9F701FA296803A835F0A5FD03A886
:10710000F9F742FA03A835F0F7FD574903A835F01F
:107110009BFD03A8F9F738FA03A835F0EDFD3368B5
:10712000012B00F08481032B00F07D81002B00F007
:107130007681D4ED147AB8EE670AF9F7DDF929689B
:1071400003A835F081FD03A8F9F71EFA03A835F06E
:10715000D3FD464903A835F077FD03A8F9F714FAE3
:1071600003A835F0C9FD3368012B00F05481032BCF
:1071700000F04D81002B00F04681D4ED1B7AB8EE73
:10718000670AF9F7B9F9296803A835F05DFD03A886
:10719000F9F7FAF903A835F0AFFD0921344838F0C2
:1071A00041FE00230A22E16E324835F065FB31488A
:1071B00035F04AFB304903A835F046FD03A8F9F73E
:1071C000E3F903A835F098FD3368012B00F017812F
:1071D000032B00F01081002B00F00981D4ED1C7A04
:1071E000B8EE670AF9F788F9296803A835F02CFD8D
:1071F00003A8F9F7C9F903A835F07EFD09211F4856
:1072000038F010FE00230A22216F1A4835F034FBB3
:10721000184835F019FB1A4903A835F015FD03A8E5
:10722000F9F7B2F903A835F067FD3368012B00F0D8
:10723000DA80032B00F0D380002B00F0CC8021E01B
:107240006C16FF1F5C1FFF1F08BF04009807FF1F7D
:10725000A813FF1F8407FF1F1CBF040030BF0400DA
:1072600044BF040058BF04006CBF040080BF04008A
:1072700094BF04006008FF1FA0BF0400B4BF040057
:10728000C0BF0400D4ED3E7AB8EE670AF9F734F9CE
:10729000296803A835F0D8FC03A8F9F775F903A805
:1072A00035F02AFD0D21804838F0BCFD0023D4F8CC
:1072B000C8107E480A2235F0DFFA7C4835F0C4FA5F
:1072C000D4F8C830002B6AD079497A4D03A835F03C
:1072D000BBFC03A8F9F758F903A835F00DFD2968A0
:1072E00003A835F0B1FC03A8F9F74EF903A835F06F
:1072F00003FDD4F8FC30002B53D16F4903A835F0BF
:10730000A3FC03A8F9F740F903A835F0F5FC2968B8
:1073100003A835F099FC03A8F9F736F903A835F06E
:10732000EBFC664903A835F08FFC03A8F9F72CF9AC
:1073300003A835F0E1FC296803A835F085FC03A813
:10734000F9F722F903A835F0D7FC5D4903A835F019
:107350007BFC03A8F9F718F903A835F0CDFC2968E0
:1073600003A835F071FC03A8F9F70EF903A835F06E
:10737000C3FC544903A835F067FC03A8F9F704F9E6
:1073800003A835F0B9FC296803A835F05DFC03A813
:10739000F9F7FAF803A835F0AFFC48B070BD4A49D8
:1073A00093E74A4903A835F04FFC03A8F9F7ECF836
:1073B00003A835F0A1FC296803A835F045FC03A813
:1073C000F9F7E2F803A835F097FC4149AAE7222033
:1073D00036F00EFDF7E5222038F0AAFD52E7222014
:1073E00037F0F0FD4EE7222036F002FD4AE722207A
:1073F00038F09EFDF2E6222037F0E4FDEEE6222092
:1074000036F0F6FCEAE6222038F092FDB5E62220BE
:1074100037F0D8FDB1E6222036F0EAFCADE62220B6
:1074200038F086FD85E6222037F0CCFD81E622206B
:1074300036F0DEFC7DE6222038F07AFD55E622208B
:1074400037F0C0FD51E6222036F0D2FC4DE6222076
:1074500038F06EFD25E6222037F0B4FD21E622202B
:1074600036F0C6FC1DE6222038F062FDF5E522204C
:1074700037F0A8FDF1E5222036F0BAFCEDE5222038
:1074800038F056FDC5E5222037F09CFDC1E52220ED
:1074900036F0AEFCBDE5222038F04AFD93E522200F
:1074A00037F090FD8FE500BFD4BF04006008FF1FD8
:1074B000E4BF04008007FF1F0CC0040020C00400CC
:1074C0005CC0040078C00400F8BF040034C00400AD
:1074D00048C0040070B5BB4BC6B01D6804AE34464E
:1074E000AD1B601935F0DAFD04F8010B46AB9C4288
:1074F000F7D1B549B54D01A835F0A6FB01A8F9F7BC
:1075000043F801A835F0F8FB2B68012B00F0A081AF
:10751000032B00F01182002B00F00A82D6ED1D7AB9
:10752000AB4CB8EE670AF8F7E7FF216801A835F021
:107530008BFB01A8F9F728F801A835F0DDFBA54978
:1075400001A835F081FB01A8F9F71EF801A835F074
:10755000D3FB2B68012B00F0E781032B00F0E081C7
:10756000002B00F0D981D6ED1E7AB8EE670AF8F745
:10757000C3FF216801A835F067FB01A8F9F704F8FB
:1075800001A835F0B9FB944901A835F05DFB01A8CD
:10759000F8F7FAFF01A835F0AFFB2B68012B00F0DC
:1075A000B781032B00F0B081002B00F0A981D6ED4C
:1075B0001F7AB8EE670AF8F79FFF216801A835F037
:1075C00043FB01A8F8F7E0FF01A835F095FB8349DC
:1075D00001A835F039FB01A8F8F7D6FF01A835F06E
:1075E0008BFB2B68012B00F08781032B00F080813F
:1075F000002B00F07981D6ED207AB8EE670AF8F713
:107600007BFF216801A835F01FFB01A8F8F7BCFF3C
:1076100001A835F071FB724901A835F015FB01A8EE
:10762000F8F7B2FF01A835F067FB2B68012B00F0DB
:107630005781032B00F05081002B00F04981D6EDDB
:10764000217AB8EE670AF8F757FF216801A835F0EC
:10765000FBFA01A8F8F798FF01A835F04DFB614946
:1076600001A835F0F1FA01A8F8F78EFF01A835F06E
:1076700043FB2B68012B00F02781032B00F02081B6
:10768000002B00F01981D6ED227AB8EE670AF8F7E0
:1076900033FF216801A835F0D7FA01A8F8F774FF85
:1076A00001A835F029FB504901A835F0CDFA01A811
:1076B000F8F76AFF01A835F01FFB2B68012B00F0DB
:1076C000F780032B00F0F080002B00F0E980D6ED6E
:1076D000237AB8EE670AF8F70FFF216801A835F0A2
:1076E000B3FA01A8F8F750FF01A835F005FB3F49B0
:1076F00001A835F0A9FA01A8F8F746FF01A835F06E
:10770000FBFA2B68012B00F0C780032B00F0C08030
:10771000002B00F0B980D6ED247AB8EE670AF8F7AE
:10772000EBFE216801A835F08FFA01A8F8F72CFFCD
:1077300001A835F0E1FA2E4901A835F085FA01A833
:10774000F8F722FF01A835F0D7FA2B68012B00F0DB
:107750009780032B00F09080002B00F08980D6EDFD
:10776000257AB8EE670AF8F7C7FE216801A835F058
:107770006BFA01A8F8F708FF01A835F0BDFA1D491A
:1077800001A835F061FA01A8F8F7FEFE01A835F06E
:10779000B3FA2B68012B67D0032B61D0002B5BD091
:1077A00096ED260A144DB8EE400AF8F7A5FE2168BA
:1077B00001A835F049FA01A8F8F7E6FE01A835F06E
:1077C0009BFA1BE06C16FF1F90C004009807FF1F78
:1077D0008407FF1FA4C00400B8C00400CCC004008C
:1077E000E0C00400F4C0040008C104001CC104008F
:1077F00034C104004CC104008007FF1F504901A898
:1078000035F022FA01A8F8F7BFFE01A835F074FAA6
:10781000296801A835F018FA01A8F8F7B5FE01A803
:1078200035F06AFA474901A835F00EFA01A8F8F7D1
:10783000ABFE01A835F060FA296801A835F004FA1A
:1078400001A8F8F7A1FE01A835F056FA46B070BDC0
:10785000222036F0CDFA61E6222038F069FB9FE75E
:10786000222037F0AFFB9BE7222036F0C1FA97E7E2
:10787000222038F05DFB72E7222037F0A3FB6EE791
:10788000222036F0B5FA6AE7222038F051FB42E7B1
:10789000222037F097FB3EE7222036F0A9FA3AE79C
:1078A000222038F045FB12E7222037F08BFB0EE751
:1078B000222036F09DFA0AE7222038F039FBE2E672
:1078C000222037F07FFBDEE6222036F091FADAE65E
:1078D000222038F02DFBB2E6222037F073FBAEE613
:1078E000222036F085FAAAE6222038F021FB82E633
:1078F000222037F067FB7EE6222036F079FA7AE61E
:10790000222038F015FB52E6222037F05BFB4EE6D2
:10791000222036F06DFA4AE6222038F009FB22E6F2
:10792000222037F04FFB1EE6222036F061FA1AE6DD
:10793000222038F0FDFAF1E5222037F043FBEDE597
:1079400064C1040080C104002DE9F043884B1B682A
:10795000013BA1B00A2B00F20881DFE813F0F70722
:107960008D089908D30806011F097F0A950C190E86
:107970009F0F21017F49204635F066F92046F8F730
:1079800003FE204635F0B8F93368012B06F0648712
:10799000032B06F05C87002B06F0548776492046BF
:1079A00035F052F92046F8F7EFFD204635F0A4F9FE
:1079B0002968204635F048F92046F8F7E5FD2046CD
:1079C00035F09AF96D49204635F03EF92046F8F732
:1079D000DBFD204635F090F93368012B06F02D874A
:1079E000032B06F02587002B06F01D87DFF8AC81FE
:1079F000D8F80030002B44F086806149204635F0ED
:107A000023F92046F8F7C0FD204635F075F92968BE
:107A1000204635F019F92046F8F7B6FD204635F036
:107A20006BF95849204635F00FF92046F8F7ACFDC0
:107A3000204635F061F93368012B06F02380032BD3
:107A400006F01B80002B06F0138098ED030AF8F770
:107A500053FD2968204635F0F7F82046F8F794FDE5
:107A6000204635F049F9D8F80430302B05F0E7808E
:107A700004F2BB87002B05F0E280012B27D142499D
:107A8000204635F0E1F82046F8F77EFD204635F037
:107A900033F93368012B06F0F381032B06F0EB81F9
:107AA000002B06F0D4813949204635F0CDF8204628
:107AB000F8F76AFD204635F01FF92968204635F0B1
:107AC000C3F82046F8F760FD204635F015F9304937
:107AD000204635F0B9F82046F8F756FD204635F037
:107AE0000BF93368012B05F0CB80032B05F0C38025
:107AF000002B05F0C8863B6B002B02F00080254967
:107B0000204635F0A1F82046F8F73EFD204635F036
:107B1000F3F82968204635F097F82046F8F734FD49
:107B2000204635F0E9F81C49204635F08DF820460E
:107B3000F8F72AFD204635F0DFF83368012B05F011
:107B4000B186032B05F0A986002B05F0A18697EDE1
:107B50000B0AF8F7D1FC2968204635F075F8204665
:107B6000F8F712FD204635F0C7F821B0BDE8F083E4
:107B70008807FF1F04C2040090D604001CC2040042
:107B80005CC6040034C2040084C2040078C6040049
:107B90004CC2040068C204006CC204002811FF1F1C
:107BA000D24FD3497B6DD34E04AC204603F010086E
:107BB00035F04AF82046F8F7E7FC204635F09CF807
:107BC0003368012B05F04C83032B05F04483002B15
:107BD00005F03C83C849C94D204635F035F82046AC
:107BE000F8F7D2FC204635F087F82968204635F0B2
:107BF0002BF82046F8F7C8FC204635F07DF8C04940
:107C0000204635F021F82046F8F7BEFC204635F036
:107C100073F83368012B05F01483032B05F00C83F4
:107C2000002B05F004833B6C012B0CBFB549B64912
:107C3000204635F009F82046F8F7A6FC204635F036
:107C40005BF82968204634F0FFFF2046F8F79CFCDB
:107C5000204635F051F8AD49204634F0F5FF204676
:107C6000F8F792FC204635F047F83368012B05F011
:107C7000D982032B05F0D182002B05F0878197ED87
:107C8000170AF8F739FC2968204634F0DDFF204652
:107C9000F8F77AFC204635F02FF89D49204634F05D
:107CA000D3FF2046F8F770FC204635F025F83368FE
:107CB000012B05F06281032B05F0EB82002B01F014
:107CC0006287B8F1000F41F01D879249204634F0D9
:107CD000BBFF2046F8F758FC204635F00DF8296820
:107CE000204634F0B1FF2046F8F74EFC204635F030
:107CF00003F88949204634F0A7FF2046F8F744FCF2
:107D0000204634F0F9FF3368012B04F0E687032B9B
:107D100004F0DE87002B04F0D687D7ED0A7AB8EEA0
:107D2000E70AF8F7E9FB2968204634F08DFF204682
:107D3000F8F72AFC204634F0DFFF7849204634F07B
:107D400083FF2046F8F720FC204634F0D5FF336847
:107D5000012B04F0B387032B05F09085002B05F071
:107D60008885D7ED007AB8EEE70AF8F7C5FB2968F1
:107D7000204634F069FF2046F8F706FC204634F030
:107D8000BBFF6749204634F05FFF2046F8F7FCFB55
:107D9000204634F0B1FF3368012B05F06585032BD5
:107DA00005F05D85002B05F05585D7ED057AB8EE19
:107DB000E70AF8F7A1FB2968204634F045FF204682
:107DC000F8F7E2FB204634F097FF1521554838F0CC
:107DD00029F8F96B544834F02FFD534834F034FD42
:107DE0005249204634F030FF2046F8F7CDFB2046BC
:107DF00034F082FF3368012B05F02785032B05F053
:107E00001F85002B05F01785D7ED1E7AB8EEE70A1F
:107E1000F8F772FB2968204634F016FF2046F8F781
:107E2000B3FB204634F068FF3149204634F00CFFA4
:107E30002046F8F7A9FB204634F05EFF3368012B9B
:107E400005F0F484032B05F0EC84002B05F0E484AA
:107E50003749204634F0F8FE2046F8F795FB2046D7
:107E600034F04AFF2968204634F0EEFE2046F8F749
:107E70008BFB204634F040FF2E49204634F0E4FED0
:107E80002046F8F781FB204634F036FF3368012B9B
:107E900005F0BD84032B05F0B584002B05F0AD84FF
:107EA000D7ED067AB8EEE70AF8F726FB29682046F0
:107EB00034F0CAFE2046F8F767FB204634F01CFF7A
:107EC0001D49204634F0C0FE2046F8F75DFB2046F1
:107ED00034F012FF3368012B05F08A84032B05F080
:107EE0008284002B05F07A8428E000BF4C12FF1F2B
:107EF00084C204009807FF1F70D104008407FF1F8D
:107F00001CC204009CC20400A0C2040004C20400FD
:107F1000ECC1040064C20400B0C1040098C10400B4
:107F2000C8C10400A4C204006008FF1F34C20400DA
:107F300054B90400BCC20400D4C20400D7ED017AD5
:107F4000B8EEE70AF8F7D8FA2968204634F07CFE44
:107F50002046F8F719FB204634F0CEFED4492046DF
:107F600034F072FE2046F8F70FFB204634F0C4FED2
:107F70003368012B05F02D84032B05F02584002B9D
:107F800005F01D84D7ED0B7AB8EEE70AF8F7B4FADE
:107F90002968204634F058FE2046F8F7F5FA2046C6
:107FA00034F0AAFEC349204634F04EFE2046F8F7CE
:107FB000EBFA204634F0A0FE3368012B05F0FA837B
:107FC000032B05F0F283002B05F0EA837B6DD807C5
:107FD0004CBFB949B949204634F036FE2046F8F77F
:107FE000D3FA204634F088FE2968204634F02CFE6F
:107FF0002046F8F7C9FA204634F07EFEB049204604
:1080000034F022FE2046F8F7BFFA204634F074FE22
:108010003368012B05F0BF83032B05F0B783002BDA
:1080200005F0AF8397ED180AF8F766FA296820463D
:1080300034F00AFE2046F8F7A7FA204634F05CFE3A
:10804000A049204634F000FE2046F8F79DFA20466D
:1080500034F052FE3368012B05F08E83032B05F0BC
:108060008683002B05F07E837B6C012B0CBF964929
:108070009649204634F0E8FD2046F8F785FA204678
:1080800034F03AFE2968204634F0DEFD2046F8F749
:108090007BFA204634F030FE8D49204634F0D4FD82
:1080A0002046F8F771FA204634F026FE3368012B9B
:1080B00005F05383032B05F04B83002B05F043831E
:1080C000D7ED1F7AB8EEE70AF8F716FA29682046C6
:1080D00034F0BAFD2046F8F757FA204634F00CFE8B
:1080E0007C49204634F0B0FD2046F8F74DFA204692
:1080F00034F002FE3368012B05F02083032B05F0DA
:108100001883002B05F010837349204634F09CFD42
:108110002046F8F739FA204634F0EEFD296820466B
:1081200034F092FD2046F8F72FFA204634F0E4FDB3
:108130006A49204634F088FD2046F8F725FA2046A3
:1081400034F0DAFD3368012B05F0E982032B05F0EA
:10815000E182002B05F0D982D7ED077AB8EEE70A65
:10816000F8F7CAF92968204634F06EFD2046F8F782
:108170000BFA204634F0C0FD5949204634F064FD26
:108180002046F8F701FA204634F0B6FD3368012B9B
:1081900005F0B682032B05F0AE82002B05F0A68217
:1081A000D7ED027AB8EEE70AF8F7A6F92968204673
:1081B00034F04AFD2046F8F7E7F9204634F09CFDFC
:1081C0004849204634F040FD2046F8F7DDF92046C6
:1081D00034F092FD3368012B05F08382032B05F008
:1081E0007B82002B05F07382D7ED0C7AB8EEE70A9C
:1081F000F8F782F92968204634F026FD2046F8F782
:10820000C3F9204634F078FD3749204634F01CFD90
:108210002046F8F7B9F9204634F06EFD3368012B9B
:1082200005F05082032B05F04882002B05F04082B8
:108230007B6D99074CBF20492049204634F004FD4E
:108240002046F8F7A1F9204634F056FD296820466B
:1082500034F0FAFC2046F8F797F9204634F04CFD4C
:108260002249204634F0F0FC2046F8F78DF92046EC
:1082700034F042FD3368012B05F01582032B05F025
:108280000D82002B05F0058297ED190AF8F734F9F5
:108290002968204634F0D8FC2046F8F775F92046C6
:1082A00034F02AFD1249204634F0CEFC204621E06D
:1082B000ECC2040004C3040068C2040064C20400E9
:1082C0001CC3040034C304004CC3040054C30400A2
:1082D0005CC3040074C3040020E004008CC30400E9
:1082E000A4C30400BCC30400D4C30400ECC3040052
:1082F00004C40400F8F748F9204634F0FDFC336864
:10830000012B05F0C181032B05F0B981002B05F08D
:10831000B181BB6C012B0CBFD449D549204634F048
:1083200093FC2046F8F730F9204634F0E5FC296844
:10833000204634F089FC2046F8F726F9204634F030
:10834000DBFCCC49204634F07FFC2046F8F71CF9D2
:10835000204634F0D1FC3368012B05F08681032BD5
:1083600005F07E81002B05F07681D7ED207AB8EEFE
:10837000E70AF8F7C1F82968204634F065FC204682
:10838000F8F702F9204634F0B7FCBB49204634F038
:108390005BFC2046F8F7F8F8204634F0ADFC336873
:1083A000012B05F05381032B05F03A81002B05F0DA
:1083B0003281B249204634F047FC2046F8F7E4F811
:1083C000204634F099FC2968204634F03DFC2046D4
:1083D000F8F7DAF8204634F08FFCA949204634F04B
:1083E00033FC2046F8F7D0F8204634F085FC33689B
:1083F000012B05F00B81032B05F00381002B05F009
:10840000FB80D7ED087AB8EEE70AF8F775F8296827
:10841000204634F019FC2046F8F7B6F8204634F030
:108420006BFC9849204634F00FFC2046F8F7ACF876
:10843000204634F061FC3368012B05F0D880032B13
:1084400005F0D080002B05F0C880D7ED037AB8EE98
:10845000E70AF8F751F82968204634F0F5FB204682
:10846000F8F792F8204634F047FC8749204634F06C
:10847000EBFB2046F8F788F8204634F03DFC3368E3
:10848000012B05F0A580032B05F09D80002B05F046
:108490009580D7ED0D7AB8EEE70AF8F72DF8296840
:1084A000204634F0D1FB2046F8F76EF8204634F031
:1084B00023FC7649204634F0C7FB2046F8F764F8E1
:1084C000204634F019FC3368012B05F07280032B31
:1084D00005F06A80002B05F062807B6D5A074CBF67
:1084E0006B496C49204634F0AFFB2046F8F74CF856
:1084F000204634F001FC2968204634F0A5FB2046D4
:10850000F8F742F8204634F0F7FB6349204634F090
:108510009BFB2046F8F738F8204634F0EDFB336833
:10852000012B05F03780032B05F02F80002B05F081
:10853000278097ED1A0AF7F7DFFF2968204634F005
:1085400083FB2046F8F720F8204634F0D5FB53494A
:10855000204634F079FB2046F8F716F8204634F030
:10856000CBFB3368012B05F00680032B04F0FE875C
:10857000002B04F0EC87FB6BDFF83C8103F004096F
:10858000D8F83430002B04F04B82FB6C012B0CBF6D
:1085900036493749204634F057FB2046F7F7F4FFB9
:1085A000204634F0A9FB2968204634F04DFB2046D4
:1085B000F7F7EAFF204634F09FFB1221384837F0E6
:1085C00031FC00230A22D8F83410364834F054F92C
:1085D000344834F039F91221334837F023FC494646
:1085E000304834F029F92F4834F02EF92F4920462D
:1085F00034F02AFB2046F7F7C7FF204634F07CFB17
:108600003368012B04F0AD87032B04F0A587002B02
:1086100004F03185D7ED217AB8EEE70AF7F76CFF61
:108620002968204634F010FB2046F7F7ADFF2046BE
:1086300034F062FB1E49204634F006FB2046F7F773
:10864000A3FF204634F058FB3368012B04F00E855D
:10865000032B04F00685002B04F0FE841549204608
:1086600034F0F2FA2046F7F78FFF27E04CC30400FE
:1086700054C304001CC4040034C404008CE004008F
:108680004CC4040064C404007CC4040094C404000A
:1086900068C2040064C20400ACC40400C4C4040082
:1086A000DCC404006008FF1FF0C4040004C504001B
:1086B0001CC50400DCE00400A813FF1F204634F0B2
:1086C0001BFB2968204634F0BFFA2046F7F75CFF11
:1086D000204634F011FB8F49204634F0B5FA20468D
:1086E000F7F752FF204634F007FB3368012B04F004
:1086F000AE84032B04F0A684002B04F09E84D7EDF7
:10870000097AB8EEE70AF7F7F7FE2968204634F051
:108710009BFA2046F7F738FF204634F0EDFA7E4901
:10872000204634F091FA2046F7F72EFF204634F029
:10873000E3FA3368012B04F07B84032B04F0738489
:10874000002B04F06B84D7ED047AB8EEE70AF7F754
:10875000D3FE2968204634F077FA2046F7F714FF55
:10876000204634F0C9FA6D49204634F06DFA2046AF
:10877000F7F70AFF204634F0BFFA3368012B04F004
:108780004884032B04F04084002B04F03884D7ED98
:108790000E7AB8EEE70AF7F7AFFE2968204634F004
:1087A00053FA2046F7F7F0FE204634F0A5FA5C496C
:1087B000204634F049FA2046F7F7E6FE204634F02A
:1087C0009BFA3368012B04F01584032B04F00D840D
:1087D000002B04F005847B6D1B074CBF51495249A7
:1087E000204634F031FA2046F7F7CEFE204634F02A
:1087F00083FA2968204634F027FA2046F7F7C4FEAA
:10880000204634F079FA1221484837F00BFB002358
:108810000A22D8F85410464834F02EF8444834F070
:1088200013F81221434837F0FDFA4946404834F026
:1088300003F83F4834F008F83F49204634F004FA82
:108840002046F7F7A1FE204634F056FA3368012B94
:1088500004F05782032B04F04F82002B04F0478270
:1088600097ED1B0AF7F748FE2968204634F0ECF92B
:108870002046F7F789FE204634F03EFA2F4920467D
:1088800034F0E2F92046F7F77FFE204634F034FA60
:108890003368012B04F02682032B04F0FB82002BAB
:1088A00004F0F382D8F85430002B04F0B2803B6D12
:1088B000012B0CBF22492349204634F0C5F920463C
:1088C000F7F762FE204634F017FA2968204634F0A4
:1088D000BBF92046F7F758FE204634F00DFA1A4946
:1088E000204634F0B1F92046F7F74EFE204634F02A
:1088F00003FA3368012B04F02586032B04F0CF81A3
:10890000002B04F0C78197ED220AB8EEC00AFFF7EA
:1089100020B900BF34C504004CC5040064C5040080
:108920007CC5040068C2040064C2040094C504004D
:108930006008FF1FF0C40400A8C50400C0C50400FF
:108940004CC3040054C30400D8C50400804F814BBD
:10895000814AB86DD3F80451804B126879691A7056
:1089600003029BB243EA0263CAB213432A0402F42D
:108970007F0213437A4A7B4E15707B4A10707B4A04
:1089800004AC11707A4A7B491360204634F05CF9DC
:108990002046F7F7F9FD204634F0AEF93368012B95
:1089A00004F07284032B04F06A84002B04F06284C8
:1089B000D7ED007A704DB8EEE70AF7F79DFD29680C
:1089C000204634F041F92046F7F7DEFD204634F02A
:1089D00093F96A49204634F037F92046F7F7D4FD79
:1089E000204634F089F93368012B04F03E84032BD0
:1089F00004F09683002B04F08E83D7ED0A7AB8EE4C
:108A0000E70AF7F779FD2968204634F01DF920467A
:108A1000F7F7BAFD204634F06FF95949204634F093
:108A200013F92046F7F7B0FD204634F065F93368B6
:108A3000012B04F06B83032B04F06383002B04F001
:108A40001582D7ED057AB8EEE70AF7F755FD2968E4
:108A5000204634F0F9F82046F7F796FD204634F02A
:108A60004BF9BB6D013B032B06F23883DFE813F0B3
:108A70005113CA128014DE11424FBB6D042B06F253
:108A80002883DFE813F07317D7164D16C315FC14AF
:108A90003D4F3E48152137F0C5F900230A223968B9
:108AA0003B4833F0E9FE3A4833F0CEFE27213948FF
:108AB00037F0B8F90023796935480A2233F0DCFE33
:108AC000334833F0C1FE3B68032B04F07584042B5C
:108AD00004F0E883002B04F01981224E264D04ACEB
:108AE0007B68013B042B3EF6F2AF01A252F823F063
:108AF0001FBC000095BB00000DBB000081BA000048
:108B000075790000244F3B68013B0D2B3FF62DA8E3
:108B100001A252F823F000BF9DC500001BC4000055
:108B20007DC80000BDC200006B7B00006B7B0000B5
:108B30006B7B00006B7B00006B7B00006B7B00009D
:108B40003BC10000DDBF0000FBC6000041BE0000CD
:108B50006C11FF1FA813FF1F7407FF1FBA18FF1F18
:108B6000B918FF1F9807FF1FBB18FF1FB818FF1F7A
:108B70002017FF1F98C104008407FF1FB0C1040025
:108B8000C8C104004C12FF1F3811FF1FF0C50400BC
:108B90006008FF1F08C60400F811FF1F04ACA149BC
:108BA000A14E204634F050F82046F7F7EDFC204661
:108BB00034F0A2F83368012B04F09C86032B04F0F8
:108BC0009486002B04F08C86DFF88C82974DD8EDCC
:108BD0000B7AB8EE670AF7F78FFC2968204634F065
:108BE00033F82046F7F7D0FC204634F085F890495A
:108BF000204634F029F82046F7F7C6FC204634F02A
:108C00007BF83368012B04F06686032B04F05E8644
:108C1000002B04F05686D8ED017AB8EE670AF7F714
:108C20006BFC2968204634F00FF82046F7F7ACFCBF
:108C3000204634F061F87F49204634F005F820469C
:108C4000F7F7A2FC204634F057F83368012B04F004
:108C50003386032B04F02B86002B04F07582D8EDAD
:108C6000027AB8EE670AF7F747FC2968204633F026
:108C7000EBFF2046F7F788FC204634F03DF86E49BC
:108C8000204633F0E1FF2046F7F77EFC204634F023
:108C900033F83368012B04F05282032B04F04A822C
:108CA000002B04F04282654F7B6F002B00F0318770
:108CB0006349204633F0C8FF2046F7F765FC20469D
:108CC00034F01AF82968204633F0BEFF2046F7F743
:108CD0005BFC204634F010F85A49204633F0B4FFCC
:108CE0002046F7F751FC204634F006F83368012B94
:108CF00004F0C681032B04F05381002B04F04B8158
:108D000097ED1C0AF7F7F8FB2968204633F09CFF23
:108D10002046F7F739FC204633F0EEFFD8F8403014
:108D2000302B03F0218703F25886002B03F01C87B9
:108D3000012B27D14449204633F086FF2046F7F720
:108D400023FC204633F0D8FF3368012B05F05C800C
:108D5000032B05F05480002B04F0F2873B4920469A
:108D600033F072FF2046F7F70FFC204633F0C4FFC4
:108D70002968204633F068FF2046F7F705FC2046B7
:108D800033F0BAFF3249204633F05EFF2046F7F752
:108D9000FBFB204633F0B0FF3368012B04F0388230
:108DA000032B04F03082002B04F0288298ED130A84
:108DB000F7F7A2FB2968204633F046FF2046F7F775
:108DC000E3FB204633F098FF2249204633F03CFF76
:108DD0002046F7F7D9FB204633F08EFF3368012B8E
:108DE00004F00782032B04F0C381002B04F0BB8145
:108DF00098ED120AF7F780FB2968204633F024FF2C
:108E00002046F7F7C1FB204633F076FFD8F8003054
:108E1000013B032B3EF6A9AEDFE813F0C60E3C0E75
:108E20000D12A40DC8C104009807FF1F8407FF1F7F
:108E300098C10400B0C104004CC204006C11FF1FB3
:108E400068C204006CC2040084C204004CC3040065
:108E5000BCC20400D4C20400B014FF1F04ACD74944
:108E6000D74E204633F0F0FE2046F7F78DFB204624
:108E700033F042FF3368012B04F07081032B04F0C0
:108E80006881002B04F05983DFF87483CD4DD8ED51
:108E9000007AB8EE670AF7F72FFB2968204633F00F
:108EA000D3FE2046F7F770FB204633F025FFC64976
:108EB000204633F0C9FE2046F7F766FB204633F024
:108EC0001BFF3368012B04F03383032B04F02B8347
:108ED000002B04F02383D8ED0A7AB8EE670AF7F77F
:108EE0000BFB2968204633F0AFFE2046F7F74CFB1A
:108EF000204633F001FFB549204633F0A5FE204659
:108F0000F7F742FB204633F0F7FE3368012B04F0FD
:108F10000083032B04F0F882002B04F0F082D8EDDC
:108F2000057AB8EE670AF7F7E7FA2968204633F0C2
:108F30008BFE2046F7F728FB204633F0DDFEA449E0
:108F4000204633F081FE2046F7F71EFB204633F023
:108F5000D3FE3368012B04F0CD82032B04F083850C
:108F6000002B04F07B85D8ED177AB8EE670AF7F787
:108F7000C3FA2968204633F067FE2046F7F704FB62
:108F8000204633F0B9FE9349204633F05DFE20467B
:108F9000F7F7FAFA204633F0AFFE3368012B04F0FE
:108FA0005885032B04F05085002B04F09E8298ED29
:108FB0001B0AF7F7A1FA2968204633F045FE204640
:108FC000F7F7E2FA204633F097FE8349204633F064
:108FD0003BFE2046F7F7D8FA204633F08DFE336883
:108FE000012B04F07D82032B04F07582002B04F02A
:108FF0006D8298ED1A0AF7F77FFA2968204633F058
:1090000023FE2046F7F7C0FA204633F075FE734979
:10901000204633F019FE2046F7F7B6FA204633F023
:109020006BFE3368012B04F00A85032B04F00285E4
:10903000002B04F0FA84D8ED187AB8EEE70AF7F7B7
:109040005BFA2968204633F0FFFD2046F7F79CFACB
:10905000204633F051FE6249204633F0F5FD2046AC
:10906000F7F792FA204633F047FE3368012B04F0FD
:10907000D784032B04F04884002B04F04084594F1C
:109080007B6F002B00F048855749204633F0DCFD0C
:109090002046F7F779FA204633F02EFE296820465D
:1090A00033F0D2FD2046F7F76FFA204633F024FE66
:1090B0004E49204633F0C8FD2046F7F765FA2046B2
:1090C00033F01AFE3368012B03F0DF85032B03F026
:1090D000CD85002B04F0278497ED1C0AF7F70CFAD6
:1090E0002968204633F0B0FD2046F7F74DFA2046B8
:1090F00033F002FED8F85830002B03F0AF84012B78
:1091000040F0B6803A49204633F09EFD2046F7F7FE
:109110003BFA204633F0F0FD3368012B04F006865D
:10912000032B04F0FE85002B04F0F6853149204620
:1091300033F08AFD2046F7F727FA204633F0DCFDAE
:109140002968204633F080FD2046F7F71DFA2046B7
:1091500033F0D2FD2849204633F076FD2046F7F75C
:1091600013FA204633F0C8FD3368012B04F0CF8595
:10917000032B04F0C785002B04F0BF85D8ED0F7AD0
:10918000B8EE670AF7F7B8F92968204633F05CFDB6
:109190002046F7F7F9F9204633F0AEFD174920468F
:1091A00033F052FD2046F7F7EFF9204633F0A4FDE7
:1091B0003368012B04F09C8524E000BF98C10400B3
:1091C0009807FF1F8407FF1FB0C10400C8C1040037
:1091D00004C304001CC3040034C304005CC30400C3
:1091E0004CC204006C11FF1F68C204006CC2040072
:1091F00084C20400B8C60400BCC20400D4C2040087
:10920000D812FF1F032B04F06E85002B04F0668537
:1092100098ED120AF7F770F92968204633F014FD2B
:109220002046F7F7B1F9204633F066FDC9492046DC
:1092300033F00AFD2046F7F7A7F9204633F05CFD2E
:109240003368012B04F04585032B04F03D85002B8A
:1092500004F0358598ED110AF7F74EF92968204694
:1092600033F0F2FC2046F7F78FF9204633F044FD47
:10927000D8F85430013B032B3EF677ACDFE813F00F
:10928000C20814087C07F20604ACB349B34E20466A
:1092900033F0DAFC2046F7F777F9204633F02CFD5F
:1092A0003368012B03F01E86032B03F01686002B78
:1092B00003F00E86DFF8D482A94DD8ED117AB8EE0E
:1092C000670AF7F719F92968204633F0BDFC2046F4
:1092D000F7F75AF9204633F00FFDA249204633F044
:1092E000B3FC2046F7F750F9204633F005FD33680C
:1092F000012B03F0E885032B03F0E085002B03F03E
:10930000D885D8ED0C7AB8EE670AF7F7F5F8296832
:10931000204633F099FC2046F7F736F9204633F023
:10932000EBFC9149204633F08FFC2046F7F72CF9EF
:10933000204633F0E1FC3368012B03F0B585032BA5
:1093400003F0AD85002B04F06683D8ED167AB8EEF5
:10935000670AF7F7D1F82968204633F075FC2046F4
:10936000F7F712F9204633F0C7FC8049204633F066
:109370006BFC2046F7F708F9204633F0BDFC336854
:10938000012B04F04383032B04F03B83002B04F0F8
:109390003383D8ED047AB8EE670AF7F7ADF8296899
:1093A000204633F051FC2046F7F7EEF8204633F024
:1093B000A3FC6F49204633F047FC2046F7F7E4F85A
:1093C000204633F099FC3368012B04F01083032B03
:1093D00004F00883002B04F0008398ED030AF7F7EC
:1093E0008BF82968204633F02FFC2046F7F7CCF89D
:1093F000204633F081FC5F49204633F025FC2046AF
:10940000F7F7C2F8204633F077FC3368012B04F0FD
:10941000DF82032B03F06186002B03F0598698ED61
:10942000060AF7F769F82968204633F00DFC204654
:10943000F7F7AAF8204633F05FFC4F49204633F097
:1094400003FC2046F7F7A0F8204633F055FC3368BC
:10945000012B03F03886032B03F03086002B03F03A
:10946000FB84464F7B6F002B00F05183444920461C
:1094700033F0EAFB2046F7F787F8204633F03CFC50
:109480002968204633F0E0FB2046F7F77DF82046B8
:1094900033F032FC3B49204633F0D6FB2046F7F749
:1094A00073F8204633F028FC3368012B03F0ED8578
:1094B000032B03F0F485002B03F0EC8597ED1C0AD9
:1094C000F7F71AF82968204633F0BEFB2046F7F775
:1094D0005BF8204633F010FCD8F81430002B03F072
:1094E0005A83012B27D11B49204633F0ADFB204680
:1094F000F7F74AF8204633F0FFFB3368012B04F0FE
:109500002E84032B04F02684002B04F01E841E49B5
:10951000204633F099FB2046F7F736F8204633F023
:10952000EBFB2968204633F08FFB2046F7F72CF839
:10953000204633F0E1FBD8F80830023B052B02F25D
:10954000FF83DFE813F025143B140F146714511444
:10955000D51300BFECC20400C8C104009807FF1F68
:109560008407FF1F98C10400B0C1040084C2040036
:10957000BCC20400D4C204004CC204006C11FF1F22
:1095800068C204006CC20400B8C604007C10FF1F4F
:1095900004ACB449B44E204633F056FB2046F6F7EF
:1095A000F3FF204633F0A8FB3368012B03F08185DD
:1095B000032B04F00882002B04F00082DFF8D8822D
:1095C000AA4DD8ED0C7AB8EE670AF6F795FF296830
:1095D000204633F039FB2046F6F7D6FF204633F01D
:1095E0008BFBA349204633F02FFB2046F6F7CCFF38
:1095F000204633F081FB3368012B04F0DA81032B22
:1096000004F0D281002B04F0CA81D8ED167AB8EEAE
:10961000670AF6F771FF2968204633F015FB2046EC
:10962000F6F7B2FF204633F067FB9249204633F04D
:109630000BFB2046F6F7A8FF204633F05DFB3368AE
:10964000012B04F0A781032B04F09F81002B04F071
:109650009781D8ED117AB8EE670AF6F74DFF2968C1
:10966000204633F0F1FA2046F6F78EFF204633F01D
:1096700043FB8149204633F0E7FA2046F6F784FFA2
:10968000204633F039FB3368012B04F07481032B3F
:1096900004F06C81002B04F06481D8ED077AB8EEF9
:1096A000670AF6F729FF2968204633F0CDFA2046ED
:1096B000F6F76AFF204633F01FFB7049204633F06F
:1096C000C3FA2046F6F760FF204633F015FB3368F7
:1096D000012B04F04181032B04F03981002B04F0AD
:1096E000318198ED080AF6F707FF2968204633F024
:1096F000ABFA2046F6F748FF204633F0FDFA604902
:10970000204633F0A1FA2046F6F73EFF204633F01C
:10971000F3FA3368012B04F01081032B04F0088165
:10972000002B03F01B8498ED0B0AF6F7E5FE296881
:10973000204633F089FA2046F6F726FF204633F01C
:10974000DBFA5049204633F07FFA2046F6F71CFF3B
:10975000204633F0D1FA3368012B03F0FA83032B50
:1097600003F0F283002B03F0EA834749204633F0ED
:109770006BFA2046F6F708FF204633F0BDFA296859
:10978000204633F061FA2046F9F742FE204633F0D6
:10979000B3FAD8F81430002B03F04981012B00F004
:1097A000C9813A49204633F04FFA2046F6F7ECFEDD
:1097B000204633F0A1FA3368012B03F07584032BA4
:1097C00004F0AC80002B04F0A480D8F82830002BE3
:1097D00003F0F881012B00F0A2812968204633F0C4
:1097E00033FA2046F6F7D0FE204633F085FAD8F853
:1097F0002430022B03F00C82032B27D1244920466E
:1098000033F022FA2046F6F7BFFE204633F074FA12
:109810003368012B04F03082032B04F02882002BE4
:1098200004F039821B49204633F00EFA2046F6F741
:10983000ABFE204633F060FA2968204633F004FA84
:109840002046F6F7A1FE204633F056FAD8F800304D
:10985000013B032B3EF689A9DFE813F07A03DF0210
:109860004802BE0198C104009807FF1F8407FF1F2C
:10987000B0C10400C8C1040084C20400BCC204001A
:10988000D4C204001CC30400B416FF1FECC20400C1
:1098900004C3040020C704007C10FF1F04ACBE49B1
:1098A000BE4E204633F0D0F92046F6F76DFE204636
:1098B00033F022FA3368012B03F05A83032B03F0B1
:1098C0005283002B03F03683DFF80883B44DD8EDC4
:1098D0000A7AB8EE670AF6F70FFE2968204633F0D9
:1098E000B3F92046F6F750FE204633F005FAAD49AD
:1098F000204633F0A9F92046F6F746FE204633F01D
:10990000FBF93368012B03F01083032B03F008836A
:10991000002B03F00083D8ED007AB8EE670AF6F763
:10992000EBFD2968204633F08FF92046F6F72CFE30
:10993000204633F0E1F99C49204633F085F9204672
:10994000F6F722FE204633F0D7F93368012B03F0F7
:10995000DD82032B03F0D582002B03F0CD82D8EDFE
:10996000057AB8EE670AF6F7C7FD2968204633F096
:109970006BF92046F6F708FE204633F0BDF98B4917
:10998000204633F061F92046F6F7FEFD204633F01D
:10999000B3F93368012B03F0AA82032B03F024846C
:1099A000002B03F01C8498ED0F0AF6F7A5FD29683B
:1099B000204633F049F92046F6F7E6FD204633F01D
:1099C0009BF97B49204633F03FF92046F6F7DCFD52
:1099D000204633F091F93368012B03F0FB83032B0E
:1099E00003F0F383002B03F0EB8398ED100AF6F7F6
:1099F00083FD2968204633F027F92046F6F7C4FD99
:109A0000204633F079F96B49204633F01DF92046A2
:109A1000F6F7BAFD204633F06FF93368012B03F0F7
:109A2000CA83032B03F0C283002B03F0BA8398EDA3
:109A3000170AF6F761FD2968204633F005F920463C
:109A4000F6F7A2FD204633F057F95B49204633F084
:109A5000FBF82046F6F798FD204633F04DF93368C1
:109A6000012B03F02681032B03F01E81002B03F052
:109A70008483524F7B6F002B47D05149204633F0EF
:109A8000E3F82046F6F780FD204633F035F92968E3
:109A9000204633F0D9F82046F6F776FD204633F01D
:109AA0002BF94849204633F0CFF82046F6F76CFDF5
:109AB000204633F021F93368012B03F06D83032B2B
:109AC00003F06583002B03F05D8397ED1C0AF6F726
:109AD00013FD2968204633F0B7F82046F6F754FD09
:109AE000204633F009F9D8F84430013B032B3EF609
:109AF0003CA8DFE813F0EF088B06D10525053249B5
:109B0000FDF7FEBF2E49FEF7E1B82F49B6E72E4913
:109B1000ADE42D49FFF7CDB82B49FFF7B6BA2B4975
:109B2000204633F091F82046F6F72EFD204633F01C
:109B3000E3F852E62649204633F086F82046F6F749
:109B400023FD204633F0D8F83368012B04F052810E
:109B5000032B04F04A81002B04F042811B4920466C
:109B600033F072F82046F6F70FFD204633F0C4F8C4
:109B70002968204633F068F82046F6F705FD2046B0
:109B800033F0BAF80DE6222036F0D2F9B8F1000F22
:109B90003EF49BA8B6E700BFC8C104009807FF1FAA
:109BA0008407FF1F98C10400B0C1040084C20400F0
:109BB000BCC20400D4C204004CC204006C11FF1FDC
:109BC00068C204006CC2040064C20400B8C6040089
:109BD000ECC204004813FF1FD549204633F034F887
:109BE0002046F6F7D1FC204633F086F83368012B87
:109BF00003F0C087032B03F0B887002B03F0B08776
:109C0000CC49204633F020F82046F6F7BDFC20462C
:109C100033F072F82968204633F016F82046F6F73C
:109C2000B3FC204633F068F8C349204633F00CF803
:109C30002046F6F7A9FC204633F05EF83368012B86
:109C400003F08987032B03F08187002B03F07987CA
:109C5000D8ED107AB8EE670AF6F74EFC2968204670
:109C600032F0F2FF2046F6F78FFC204633F044F83E
:109C7000B249204632F0E8FF2046F6F785FC204640
:109C800033F03AF83368012B03F05687032B03F0C7
:109C90004E87002B03F00A87D8ED1A7AB8EE670AD0
:109CA000F6F72AFC2968204632F0CEFF2046F6F768
:109CB0006BFC204633F020F8A149204632F0C4FF67
:109CC0002046F6F761FC204633F016F83368012B86
:109CD00003F0E786032B03F0DF86002B03F0D78623
:109CE00098ED150AB8EE400AFDF733BF90492046BB
:109CF00032F0AAFF2046F6F747FC204632F0FCFF80
:109D00003368012B03F05E87032B03F05687002B8B
:109D100003F04E878B49204632F096FF2046F6F737
:109D200033FC204632F0E8FF2968204632F08CFFF1
:109D30002046F6F729FC204632F0DEFF7E49204619
:109D400032F082FF2046F6F71FFC204632F0D4FFA7
:109D50003368012B03F02787032B03F01F87002BA9
:109D600003F01787D8ED0F7AB8EE670AF6F7C4FB51
:109D70002968204632F068FF2046F6F705FC2046A9
:109D800032F0BAFF6D49204632F05EFF2046F6F70A
:109D9000FBFB204632F0B0FF3368012B03F0F48662
:109DA000032B03F0EC86002B03F02087D8ED197A03
:109DB000B8EE670AF6F7A0FB2968204632F044FFA8
:109DC0002046F6F7E1FB204632F096FF5C4920463C
:109DD00032F03AFF2046F6F7D7FB204632F08CFFF0
:109DE0003368012B03F0FD86032B03F0F586002B6F
:109DF00003F0ED8698ED140AB8EE400AFDF7A9BE0F
:109E0000514B1F680DF17C093F1BE01933F046F9F7
:109E100004F8010B4C45F8D101AC4549204632F01D
:109E200013FF2046F6F7B0FB204632F065FF33689B
:109E3000012B03F01787032B03F00F87002B03F090
:109E400007874249204632F0FFFE2046F6F79CFB8A
:109E5000204632F051FF2968204632F0F5FE2046B8
:109E6000F6F792FB204632F047FF3349204632F0A6
:109E7000EBFE2046F6F788FB204632F03DFF3368C4
:109E8000012B03F0E086032B03F0D886002B03F0B0
:109E9000D086D8ED0E7AB8EE670AF6F72DFB296862
:109EA000204632F0D1FE2046F6F76EFB204632F017
:109EB00023FF2249204632F0C7FE2046F6F764FB16
:109EC000204632F019FF3368012B03F0AD86032BD7
:109ED00003F0A586002B03F09D86D8ED187AB8EE26
:109EE000670AF6F709FB2968204632F0ADFE2046E6
:109EF000F6F74AFB204632F0FFFE1149204632F0C9
:109F0000A3FE2046F6F740FB204632F0F5FE33680C
:109F1000012B03F07A86032B03F07286002B03F0EB
:109F20006A8698ED130AB8EE400AFDF712BE00BF2C
:109F3000ECC10400DCE004001CC2040034C20400D4
:109F400004C204008CE004003807FF1F20E0040076
:109F5000CE49204632F078FE2046F6F715FB204623
:109F600032F0CAFE3368012B03F0DC85032B03F0CB
:109F7000D485002B03F0CC85C549204632F064FE21
:109F80002046F6F701FB204632F0B6FE296820464F
:109F900032F05AFE2046F6F7F7FA204632F0ACFED1
:109FA000BC49204632F050FE2046F6F7EDFA204636
:109FB00032F0A2FE3368012B03F0A585032B03F0DA
:109FC0009D85002B03F09585D8ED0D7AB8EE670AD4
:109FD000F6F792FA2968204632F036FE2046F6F768
:109FE000D3FA204632F088FEAB49204632F02CFEF0
:109FF0002046F6F7C9FA204632F07EFE3368012B80
:10A0000003F07285032B03F06A85002B03F0628551
:10A01000D8ED177AB8EE670AF6F76EFA2968204687
:10A0200032F012FE2046F6F7AFFA204632F064FE18
:10A030009A49204632F008FE2046F6F7A5FA204657
:10A0400032F05AFE3368012B03F03F85032B03F0F7
:10A050003785002B03F02F8598ED120AB8EE400AE1
:10A06000FDF777BD8949204632F0EEFD2046F6F730
:10A070008BFA204632F040FE3368012B04F040801A
:10A08000032B04F03880002B04F0308084492046F4
:10A0900032F0DAFD2046F6F777FA204632F02CFE51
:10A0A0002968204632F0D0FD2046F6F76DFA2046AA
:10A0B00032F022FE7749204632F0C6FD2046F6F700
:10A0C00063FA204632F018FE3368012B04F0098051
:10A0D000032B04F00180002B03F0F987D8ED047AFC
:10A0E000B8EE670AF6F708FA2968204632F0ACFDA8
:10A0F0002046F6F749FA204632F0FEFD6649204632
:10A1000032F0A2FD2046F6F73FFA204632F0F4FD89
:10A110003368012B03F0D687032B03F0CE87002B87
:10A1200004F02E81D8ED0E7AB8EE670AF6F7E4F95E
:10A130002968204632F088FD2046F6F725FA2046A9
:10A1400032F0DAFD5549204632F07EFD2046F6F722
:10A150001BFA204632F0D0FD3368012B04F00B814E
:10A16000032B04F00381002B04F0FB8098ED090A17
:10A17000B8EE400AFDF7EDBC4449204632F064FDDC
:10A180002046F6F701FA204632F0B6FD3368012B7F
:10A1900004F0E280032B04F0DA80002B04F0D2807C
:10A1A0004049204632F050FD2046F6F7EDF92046B2
:10A1B00032F0A2FD2968204632F046FD2046F6F72F
:10A1C000E3F9204632F098FD3249204632F03CFD5A
:10A1D0002046F6F7D9F9204632F08EFD3368012B80
:10A1E00004F0AB80032B04F0A380002B04F09B80D1
:10A1F000D8ED037AB8EE670AF6F77EF929682046AB
:10A2000032F022FD2046F6F7BFF9204632F074FD09
:10A210002149204632F018FD2046F6F7B5F92046D0
:10A2200032F06AFD3368012B04F07880032B04F0D0
:10A230007080002B04F06880D8ED0D7AB8EE670AC4
:10A24000F6F75AF92968204632F0FEFC2046F6F768
:10A250009BF9204632F050FD1049204632F0F4FCC4
:10A260002046F6F791F9204632F046FD3368012B7F
:10A2700004F04580032B04F03D80002B04F0358072
:10A2800098ED080AB8EE400AFDF763BCECC1040083
:10A2900054B904001CC2040034C2040004C2040007
:10A2A000DCE004008CE004009B4B1F683F1BE019BE
:10A2B00032F0F4FE04F8010B20AB9C42F7D11D21D3
:10A2C000964835F0AFFD00230A220699944832F0F3
:10A2D000D3FA01AC924832F0B7FA9249204632F0F4
:10A2E000B3FC2046F6F750F9204632F005FD3368FE
:10A2F000012B04F01182032B04F00982002B04F0DF
:10A3000001828949204632F09FFC2046F6F73CF94D
:10A31000204632F0F1FC2968204632F095FC2046B8
:10A32000F6F732F9204632F0E7FC19217F4835F084
:10A3300079FD00230A22D8F80810794832F09CFAF7
:10A340007B49204632F080FC2046F6F71DF9204676
:10A3500032F0D2FC3368012B04F0CF81032B04F0E0
:10A36000C781002B04F0BF81D8ED027AB8EE670AEE
:10A37000F6F7C2F82968204632F066FC2046F6F768
:10A3800003F9204632F0B8FC6A49204632F05CFC02
:10A390002046F6F7F9F8204632F0AEFC3368012B80
:10A3A00004F09C81032B04F09481002B04F0EC80DA
:10A3B000D8ED0C7AB8EE670AF6F79EF829682046C1
:10A3C00032F042FC2046F6F7DFF8204632F094FCEB
:10A3D0005949204632F038FC2046F6F7D5F8204699
:10A3E00032F08AFC3368012B04F0C980032B04F09F
:10A3F000C180002B04F0B98098ED070AB8EE400A3E
:10A40000FDF7A7BB4749204632F01EFC2046F6F771
:10A41000BBF8204632F070FC3368012B03F038871C
:10A42000032B03F03087002B03F028874349204695
:10A4300032F00AFC2046F6F7A7F8204632F05CFC22
:10A440002968204632F000FC2046F6F79DF82046A9
:10A4500032F052FC3649204632F0F6FB2046F6F741
:10A4600093F8204632F048FC3368012B03F0018753
:10A47000032B03F0F986002B03F0F186D8ED017A67
:10A48000B8EE670AF6F738F82968204632F0DCFBA8
:10A490002046F6F779F8204632F02EFC2549204672
:10A4A00032F0D2FB2046F6F76FF8204632F024FC5B
:10A4B0003368012B03F0CE86032B03F0C686002BF6
:10A4C00003F0A685D8ED0B7AB8EE670AF6F714F814
:10A4D0002968204632F0B8FB2046F6F755F82046AA
:10A4E00032F00AFC1449204632F0AEFB2046F6F763
:10A4F0004BF8204632F000FC3368012B03F08385D3
:10A50000032B03F07B85002B03F0738598ED060A7F
:10A51000B8EE400AFDF71DBB6007FF1FC0C6040070
:10A520006008FF1FECC1040020E00400E0C6040046
:10A530001CC2040034C2040004C2040054B9040064
:10A54000AB49204632F080FB2046F6F71DF8204646
:10A5500032F0D2FB3368012B03F0C286032B03F0E9
:10A56000BA86002B03F0B286A249204632F06CFB7B
:10A570002046F6F709F8204632F0BEFB296820464F
:10A5800032F062FB2046F5F7FFFF204632F0B4FBC5
:10A590009949204632F058FB2046F5F7F5FF204652
:10A5A00032F0AAFB3368012B03F08B86032B03F0F8
:10A5B0008386002B03F07B86D8ED047AB8EE670A19
:10A5C000F5F79AFF2968204632F03EFB2046F5F762
:10A5D000DBFF204632F090FB8849204632F034FB06
:10A5E0002046F5F7D1FF204632F086FB3368012B79
:10A5F00003F05886032B03F05086002B03F0D4861B
:10A60000D8ED097AB8EE670AF5F776FF2968204693
:10A6100032F01AFB2046F5F7B7FF204632F06CFB0C
:10A620007749204632F010FB2046F5F7ADFF204673
:10A6300032F062FB3368012B03F0B186032B03F089
:10A64000A986002B03F0A186D8ED0E7AB8EE670A32
:10A65000F5F752FF2968204632F0F6FA2046F5F762
:10A6600093FF204632F048FB6649204632F0ECFA70
:10A670002046F5F789FF204632F03EFB3368012B78
:10A6800004F07C80032B04F07480002B03F08D8594
:10A6900098ED160AFDF75DBA5549204632F0D4FA16
:10A6A0002046F5F771FF204632F026FB3368012B78
:10A6B00003F0C685032B03F0BE85002B03F0B6859F
:10A6C0005149204632F0C0FA2046F5F75DFF20469A
:10A6D00032F012FB2968204632F0B6FA2046F5F730
:10A6E00053FF204632F008FB4349204632F0ACFAD3
:10A6F0002046F5F749FF204632F0FEFA3368012B79
:10A7000003F08F85032B03F08785002B03F07F85F3
:10A71000D8ED037AB8EE670AF5F7EEFE2968204611
:10A7200032F092FA2046F5F72FFF204632F0E4FA95
:10A730003249204632F088FA2046F5F725FF2046B8
:10A7400032F0DAFA3368012B03F05C85032B03F057
:10A750005485002B03F04C85D8ED087AB8EE670AD3
:10A76000F5F7CAFE2968204632F06EFA2046F5F762
:10A770000BFF204632F0C0FA2149204632F064FA3D
:10A780002046F5F701FF204632F0B6FA3368012B78
:10A7900003F02985032B03F02185002B03F0198595
:10A7A000D8ED0D7AB8EE670AF5F7A6FE29682046BF
:10A7B00032F04AFA2046F5F7E7FE204632F09CFADE
:10A7C0001049204632F040FA2046F5F7DDFE2046DB
:10A7D00032F092FA3368012B03F0F684032B03F076
:10A7E000EE84002B03F0E68498ED150AFDF7B1B96D
:10A7F000ECC10400DCE004001CC2040034C204000C
:10A8000004C20400ECC204008CE004009A49204613
:10A8100032F01AFA2046F5F7B7FE204632F06CFA0D
:10A820003368012B03F0A087032B03F09887002BDC
:10A8300003F090879149204632F006FA2046F5F75A
:10A84000A3FE204632F058FA2968204632F0FCF97F
:10A850002046F5F799FE204632F04EFA8849204608
:10A8600032F0F2F92046F5F78FFE204632F044FA36
:10A870003368012B03F06987032B03F06187002BFA
:10A8800003F05987D8ED027AB8EE670AF5F734FE7F
:10A890002968204632F0D8F92046F5F775FE2046A3
:10A8A00032F02AFA7749204632F0CEF92046F5F701
:10A8B0006BFE204632F020FA3368012B03F0368716
:10A8C000032B03F02E87002B03F00E86D8ED077ABA
:10A8D000B8EE670AF5F710FE2968204632F0B4F9A1
:10A8E0002046F5F751FE204632F006FA664920462A
:10A8F00032F0AAF92046F5F747FE204632F0FCF97F
:10A900003368012B03F0EB85032B03F0E385002B69
:10A9100003F0DB85D8ED0C7AB8EE670AF5F7ECFDAD
:10A920002968204632F090F92046F5F72DFE2046A2
:10A9300032F0E2F95549204632F086F92046F5F723
:10A9400023FE204632F0D8F93368012B03F0488704
:10A95000032B03F04087002B03F09B8398ED140A30
:10A96000FDF7F7B84449204632F06EF92046F5F776
:10A970000BFE204632F0C0F93368012B03F010843F
:10A98000032B03F00884002B03F000844049204689
:10A9900032F05AF92046F5F7F7FD204632F0ACF9CF
:10A9A0002968204632F050F92046F5F7EDFD2046A3
:10A9B00032F0A2F93249204632F046F92046F5F746
:10A9C000E3FD204632F098F93368012B03F0D98378
:10A9D000032B03F0D183002B03F0C983D8ED097A50
:10A9E000B8EE670AF5F788FD2968204632F02CF9A1
:10A9F0002046F5F7C9FD204632F07EF92149204670
:10AA000032F022F92046F5F7BFFD204632F074F906
:10AA10003368012B03F0A683032B03F09E83002BE6
:10AA200003F09683D8ED0A7AB8EE670AF5F764FD6D
:10AA30002968204632F008F92046F5F7A5FD2046A2
:10AA400032F05AF91049204632F0FEF82046F5F768
:10AA50009BFD204632F050F93368012B03F07383DD
:10AA6000032B03F06B83002B03F0638398ED0F0A35
:10AA7000B8EE400AFDF76DB8ECC1040020E0040018
:10AA80001CC2040034C2040004C20400ECC204006E
:10AA9000DCE004008949204632F0D6F82046F5F77C
:10AAA00073FD204632F028F93368012B03F00C8641
:10AAB000032B03F00486002B03F0FC85804920461D
:10AAC00032F0C2F82046F5F75FFD204632F014F967
:10AAD0002968204632F0B8F82046F5F755FD2046A3
:10AAE00032F00AF97749204632F0AEF82046F5F701
:10AAF0004BFD204632F000F93368012B03F0D58579
:10AB0000032B03F0CD85002B03F0C585D8ED057A26
:10AB1000B8EE670AF5F7F0FC2968204632F094F8A1
:10AB20002046F5F731FD204632F0E6F8664920462A
:10AB300032F08AF82046F5F727FD204632F0DCF89F
:10AB40003368012B03F0A285032B03F09A85002BB9
:10AB500003F0EA82D8ED067AB8EE670AF5F7CCFC86
:10AB60002968204632F070F82046F5F70DFD2046A2
:10AB700032F0C2F85549204632F066F82046F5F723
:10AB800003FD204632F0B8F83368012B03F0C7828A
:10AB9000032B03F0BF82002B03F0B78298ED0D0A60
:10ABA000B8EE400AFCF7D5BF4449204632F04CF8D5
:10ABB0002046F5F7E9FC204632F09EF83368012B79
:10ABC00003F06282032B03F05A82002B03F05282BF
:10ABD0003F49204632F038F82046F5F7D5FC2046AC
:10ABE00032F08AF82968204632F02EF82046F5F730
:10ABF000CBFC204632F080F83249204632F024F86F
:10AC00002046F5F7C1FC204632F076F83368012B78
:10AC100003F02B82032B03F02382002B03F01B8213
:10AC2000D8ED037AB8EE670AF5F766FC2968204686
:10AC300032F00AF82046F5F7A7FC204632F05CF81F
:10AC40002149204632F000F82046F5F79DFC2046C9
:10AC500032F052F83368012B03F0F881032B03F034
:10AC6000F081002B03F0E881D8ED047AB8EE670A92
:10AC7000F5F742FC2968204631F0E6FF2046F5F75B
:10AC800083FC204632F038F81049204631F0DCFFD2
:10AC90002046F5F779FC204632F02EF83368012B78
:10ACA00003F0C581032B03F0BD81002B03F0B581B8
:10ACB00098ED0C0AB8EE400AFCF74BBFECC104005B
:10ACC00020E004001CC2040034C2040004C20400DA
:10ACD00054B90400C149204631F0B6FF2046F5F7CB
:10ACE00053FC204632F008F83368012B03F06E85E0
:10ACF000032B03F06685002B03F05E85B8492046E0
:10AD000031F0A2FF2046F5F73FFC204631F0F4FF7A
:10AD10002968204631F098FF2046F5F735FC20469B
:10AD200031F0EAFFAF49204631F08EFF2046F5F7BB
:10AD30002BFC204631F0E0FF3368012B03F0378510
:10AD4000032B03F02F85002B03F02785D8ED0B7A1A
:10AD5000B8EE670AF5F7D0FB2968204631F074FF9A
:10AD60002046F5F711FC204631F0C6FF9E492046EB
:10AD700031F06AFF2046F5F707FC204631F0BCFFB2
:10AD80003368012B03F00485032B03F0FC84002BB4
:10AD900003F05A83D8ED017AB8EE670AF5F7ACFBF9
:10ADA0002968204631F050FF2046F5F7EDFB20469C
:10ADB00031F0A2FF8D49204631F046FF2046F5F7DD
:10ADC000E3FB204631F098FF3368012B03F0378313
:10ADD000032B03F02F83002B03F02783D8ED067A93
:10ADE000B8EE670AF5F788FB2968204631F02CFF9A
:10ADF0002046F5F7C9FB204631F07EFF7C4920460E
:10AE000031F022FF2046F5F7BFFB204631F074FFFA
:10AE10003368012B03F04781032B03F03F81002BA4
:10AE200003F0468198ED130AFCF793BE6B49204668
:10AE300031F00AFF2046F5F7A7FB204631F05CFF12
:10AE40003368012B03F01884032B03F01084002BCC
:10AE500003F008846749204631F0F6FE2046F5F7F6
:10AE600093FB204631F048FF2968204631F0ECFE84
:10AE70002046F5F789FB204631F03EFF5949204630
:10AE800031F0E2FE2046F5F77FFB204631F034FF3B
:10AE90003368012B03F0E183032B03F0D983002BEC
:10AEA00003F0D183D7ED097AB8EEE70AF5F724FB72
:10AEB0002968204631F0C8FE2046F5F765FB20469C
:10AEC00031F01AFF4849204631F0BEFE2046F5F722
:10AED0005BFB204631F010FF3368012B03F0AE839B
:10AEE000032B03F0A683002B03F06283D7ED047AD3
:10AEF000B8EEE70AF5F700FB2968204631F0A4FE1A
:10AF00002046F5F741FB204631F0F6FE3749204652
:10AF100031F09AFE2046F5F737FB204631F0ECFE83
:10AF20003368012B03F03F83032B03F03783002B9F
:10AF300003F02F83D7ED0E7AB8EEE70AF5F7DCFAC7
:10AF40002968204631F080FE2046F5F71DFB20469B
:10AF500031F0D2FE2849204631F076FE2046F5F742
:10AF600013FB204631F0C8FE3368012B02F0C48089
:10AF7000032B02F0BC80002B02F0B4807B6F002B0F
:10AF800041F030851D49204631F05EFE2046F5F740
:10AF9000FBFA204631F0B0FE2968204631F054FE1D
:10AFA0002046F5F7F1FA204631F0A6FE1449204676
:10AFB00031F04AFE2046F5F7E7FA204631F09CFED4
:10AFC0003368012B01F02085032B01F01885002B3D
:10AFD00001F0108597ED1C0AFCF7BBBDECC1040025
:10AFE00054B9040004C204001CC2040034C20400AA
:10AFF000ECC20400DCE004004CC2040064C20400A3
:10B000006CC20400D149204631F01EFE2046F5F7FF
:10B01000BBFA204631F070FE3368012B03F0048345
:10B02000032B03F0FC82002B03F0F482C849204676
:10B0300031F00AFE2046F5F7A7FA204631F05CFE13
:10B040002968204631F000FE2046F5F79DFA20469B
:10B0500031F052FEBF49204631F0F6FD2046F5F7AB
:10B0600093FA204631F048FE3368012B03F0CD827D
:10B07000032B03F0C582002B03F0BD82D7ED077AC6
:10B08000B8EEE70AF5F738FA2968204631F0DCFD1A
:10B090002046F5F779FA204631F02EFEAE492046DB
:10B0A00031F0D2FD2046F5F76FFA204631F024FE4C
:10B0B0003368012B03F09A82032B03F09282002B5A
:10B0C00003F08A82D7ED027AB8EEE70AF5F714FAB0
:10B0D0002968204631F0B8FD2046F5F755FA20469C
:10B0E00031F00AFE9D49204631F0AEFD2046F5F7CD
:10B0F0004BFA204631F000FE3368012B03F06782E3
:10B10000032B03F05F82002B03F05782D7ED0C7AFC
:10B1100012E70B21924834F085FEB96D914831F069
:10B120008BFB904831F090FB8849204631F08CFD34
:10B130002046F5F729FA204631F0DEFD3368012B71
:10B1400003F00E82032B03F00682002B03F0FE8136
:10B150008549204631F078FD2046F5F715FA20465E
:10B1600031F0CAFD2968204631F06EFD2046F5F722
:10B170000BFA204631F0C0FD7649204631F064FDDF
:10B180002046F5F701FA204631F0B6FD3368012B71
:10B1900003F0D781032B03F0CF81002B03F0C7818D
:10B1A000D7ED067AB8EEE70AF5F7A6F92968204642
:10B1B00031F04AFD2046F5F7E7F9204631F09CFDD5
:10B1C0006549204631F040FD2046F5F7DDF920467F
:10B1D00031F092FD3368012B03F0A481032B03F0BF
:10B1E0009C81002B03F09481D7ED017AB8EEE70A39
:10B1F000F5F782F92968204631F026FD2046F5F75B
:10B20000C3F9204631F078FD5449204631F01CFD49
:10B210002046F5F7B9F9204631F06EFD3368012B71
:10B2200003F07181032B03F06981002B03F061812E
:10B23000D7ED0B7A80E64549204631F005FD2046E2
:10B24000F5F7A2F9204631F057FD3368012B03F0E2
:10B250003781032B03F02F81002B03F02781434913
:10B26000204631F0F1FC2046F5F78EF9204631F00A
:10B2700043FD2968204631F0E7FC2046F5F784F9C4
:10B28000204631F039FD3449204631F0DDFC2046BE
:10B29000F5F77AF9204631F02FFD3368012B03F0E2
:10B2A0000081032B03F0F880002B03F0F080D8ED31
:10B2B000077AB8EE670AF5F71FF92968204631F0DA
:10B2C000C3FC2046F5F760F9204631F015FD23490F
:10B2D000204631F0B9FC2046F5F756F9204631F00A
:10B2E0000BFD3368012B03F0CD80032B03F0C580E9
:10B2F000002B03F0BD80D8ED087AB8EE670AF5F7A9
:10B30000FBF82968204631F09FFC2046F5F73CF910
:10B31000204631F0F1FC0F49204631F095FC2046E3
:10B32000F5F732F9204631F0E7FC3368012B03F0E2
:10B330009A80032B03F09280002B03F08A8098ED13
:10B340000E0AB8EE400AFCF704BC00BFECC10400D2
:10B3500020E0040004C204001CC2040034C2040043
:10B36000E0C104006008FF1F54B904008CE0040031
:10B370009949204631F068FC2046F5F705F920464A
:10B3800031F0BAFC3368012B03F04A80032B03F041
:10B390004280002B03F03A809049204631F054FC63
:10B3A0002046F5F7F1F8204631F0A6FC2968204642
:10B3B00031F04AFC2046F5F7E7F8204631F09CFCD6
:10B3C0008749204631F040FC2046F5F7DDF820465D
:10B3D00031F092FC3368012B03F01380032B03F050
:10B3E0000B80002B03F00380D7ED087AB8EEE70A54
:10B3F000F5F782F82968204631F026FC2046F5F75B
:10B40000C3F8204631F078FC7649204631F01CFC28
:10B410002046F5F7B9F8204631F06EFC3368012B71
:10B4200002F0E087032B02F0D887002B02F0D087D0
:10B43000D7ED037AB8EEE70AF5F75EF829682046FB
:10B4400031F002FC2046F5F79FF8204631F054FC1D
:10B450006549204631F0F8FB2046F5F795F820467F
:10B4600031F04AFC3368012B02F0AD87032B02F068
:10B47000A587002B02F09D87D7ED0D7A5CE504AC23
:10B480005A495B4E204631F0DFFB2046F5F77CF849
:10B49000204631F031FC3368012B03F03B83032B52
:10B4A00003F03383002B03F0FF815249524D2046B5
:10B4B00031F0CAFB2046F5F767F8204631F01CFC56
:10B4C0002968204631F0C0FB2046F5F75DF820469C
:10B4D00031F012FC4949204631F0B6FB2046F5F721
:10B4E00053F8204631F008FC3368012B03F0D78174
:10B4F000032B03F0CF81002B03F0C781D7ED097A2E
:10B50000B8EEE70AF4F7F8FF2968204631F09CFB13
:10B510002046F5F739F8204631F0EEFB3849204651
:10B5200031F092FB2046F5F72FF8204631F0E4FB8E
:10B530003368012B03F0A481032B03F09C81002BC3
:10B5400003F09481D7ED047AB8EEE70AF4F7D4FF5C
:10B550002968204631F078FB2046F5F715F820469B
:10B5600031F0CAFB1C49204631F06EFB2046F5F74E
:10B570000BF8204631F0C0FB3368012B03F07181DA
:10B58000032B03F09B81002B03F0938197ED0E0AB0
:10B59000B8EEC00AF4F7B0FF2968204631F054FB3A
:10B5A0002046F4F7F1FF204631F0A6FB154920466E
:10B5B00031F04AFB2046F4F7E7FF204631F09CFBD0
:10B5C0003368012B01F05C84032B01F05484002BC1
:10B5D00001F047840C4FD1E4ECC104008CE004007E
:10B5E00004C204001CC2040034C20400C8C1040028
:10B5F0009807FF1FDCE004008407FF1FB0C10400B0
:10B6000098C104004CC204006C11FF1F04ACCE4969
:10B61000CE4E204631F018FB2046F4F7B5FF204609
:10B6200031F06AFB3368012B03F04C82032B03F0EB
:10B630004482002B03F03C82C549C64D204631F0C0
:10B6400003FB2046F4F7A0FF204631F055FB2968A4
:10B65000204631F0F9FA2046F4F796FF204631F003
:10B660004BFBBD49204631F0EFFA2046F4F78CFF42
:10B67000204631F041FB3368012B03F01482032B89
:10B6800003F00C82002B03F00482D7ED087AB8EEA9
:10B69000E70AF4F731FF2968204631F0D5FA204651
:10B6A000F4F772FF204631F027FBAC49204631F019
:10B6B000CBFA2046F4F768FF204631F01DFB3368D3
:10B6C000012B03F0E181032B03F0D981002B03F060
:10B6D0004581D7ED037AB8EEE70AF4F70DFF296844
:10B6E000204631F0B1FA2046F4F74EFF204631F003
:10B6F00003FB9B49204631F0A7FA2046F4F744FFAC
:10B70000204631F0F9FA3368012B03F02281032B34
:10B7100003F01A81002B03F0128197ED0D0A37E731
:10B7200004AC8949894E204631F08EFA2046F4F760
:10B730002BFF204631F0E0FA3368012B03F0FA804A
:10B74000032B03F0F280002B03F0EA808549814D42
:10B75000204631F079FA2046F4F716FF204631F002
:10B76000CBFA2968204631F06FFA2046F4F70CFF37
:10B77000204631F0C1FA7849204631F065FA20467A
:10B78000F4F702FF204631F0B7FA3368012B03F0DB
:10B79000C280032B03F0BA80002B03F0B280D7EDF8
:10B7A000077AB8EEE70AF4F7A7FE2968204631F0D9
:10B7B0004BFA2046F4F7E8FE204631F09DFA67493F
:10B7C000204631F041FA2046F4F7DEFE204631F003
:10B7D00093FA3368012B03F08F80032B03F08780EB
:10B7E000002B03F07F80D7ED027AB8EEE70AF4F77A
:10B7F00083FE2968204631F027FA2046F4F7C4FE7C
:10B80000204631F079FA5649204631F01DFA20469B
:10B81000F4F7BAFE204631F06FFA3368012B03F0DB
:10B820005C80032B03F05480002B03F04C8097EDD9
:10B830000C0AADE604AC4449444E204631F004FA0B
:10B840002046F4F7A1FE204631F056FA3368012B6A
:10B8500003F0FC80032B03F0F480002B03F0EC805A
:10B8600041493C4D204631F0EFF92046F4F78CFE7B
:10B87000204631F041FA2968204631F0E5F92046AA
:10B88000F4F782FE204631F037FA3349204631F092
:10B89000DBF92046F4F778FE204631F02DFA3368C4
:10B8A000012B03F0C480032B03F0BC80002B03F0BA
:10B8B000B480D7ED067AB8EEE70AF4F71DFE2968E2
:10B8C000204631F0C1F92046F4F75EFE204631F003
:10B8D00013FA2249204631F0B7F92046F4F754FE16
:10B8E000204631F009FA3368012B03F09180032BD5
:10B8F00003F08980002B03F08180D7ED017AB8EE48
:10B90000E70AF4F7F9FD2968204631F09DF9204651
:10B91000F4F73AFE204631F0EFF91149204631F0B4
:10B9200093F92046F4F730FE204631F0E5F933680C
:10B93000012B03F05E80032B03F05680002B03F0F5
:10B940004E8097ED0B0A23E6C8C104009807FF1F3D
:10B950008CE004008407FF1FB0C1040098C10400FC
:10B96000ECC1040020E0040054B9040004ACCE494A
:10B97000CE4E204631F068F92046F4F705FE204609
:10B9800031F0BAF93368012B03F02480032B03F064
:10B990001C80002B03F01480C549C64D204631F0B1
:10B9A00053F92046F4F7F0FD204631F0A5F9296857
:10B9B000204631F049F92046F4F7E6FD204631F003
:10B9C0009BF9BD49204631F03FF92046F4F7DCFDF4
:10B9D000204631F091F93368012B02F0EC87032BFC
:10B9E00002F0E487002B02F0DC87D7ED0A7AB8EE8C
:10B9F000E70AF4F781FD2968204631F025F9204651
:10BA0000F4F7C2FD204631F077F9AC49204631F019
:10BA10001BF92046F4F7B8FD204631F06DF9336884
:10BA2000012B02F0B987032B02F0B187002B02F043
:10BA3000EB86D7ED007AB8EEE70AF4F75DFD2968EA
:10BA4000204631F001F92046F4F79EFD204631F002
:10BA500053F99B49204631F0F7F82046F4F794FD5E
:10BA6000204631F049F93368012B02F0C886032BD8
:10BA700002F0C086002B02F0B88697ED050A87E534
:10BA80009049204631F0E0F82046F4F77DFD20464D
:10BA900031F032F93368012B03F05080032B03F0AF
:10BAA0004880002B03F05E808749204631F0CCF8B7
:10BAB0002046F4F769FD204631F01EF9296820463A
:10BAC00031F0C2F82046F4F75FFD204631F014F95A
:10BAD0007E49204631F0B8F82046F4F755FD20465F
:10BAE00031F00AF93368012B03F03780032B03F0A0
:10BAF0002F80002B03F02780DFF8E481D8F8003096
:10BB0000002B3BF47AAF7249FBF778BF6D492046B2
:10BB100031F09AF82046F4F737FD204631F0ECF882
:10BB20003368012B02F0EC87032B02F0E487002B33
:10BB300002F0DC876749204631F086F82046F4F7AA
:10BB400023FD204631F0D8F82968204631F07CF8F2
:10BB50002046F4F719FD204631F0CEF85B49204627
:10BB600031F072F82046F4F70FFD204631F0C4F8AA
:10BB70003368012B02F0B587032B02F0AD87002B51
:10BB800002F0A587DFF85C81D8F80030002BBAD12D
:10BB9000FBF733BF4B49204631F056F82046F4F707
:10BBA000F3FC204631F0A8F83368012B02F0EA8656
:10BBB000032B02F0E286002B02F0DA86464920468B
:10BBC00031F042F82046F4F7DFFC204631F094F8DB
:10BBD0002968204631F038F82046F4F7D5FC204695
:10BBE00031F08AF83949204631F02EF82046F4F732
:10BBF000CBFC204631F080F83368012B02F0B3868D
:10BC0000032B02F00B86002B02F00386DFF8D880AE
:10BC1000D8F80030002B7FF476AFFBF7EEBE294951
:10BC2000204631F011F82046F4F7AEFC204631F002
:10BC300063F83368012B02F01D87032B02F0158790
:10BC4000002B02F00D872549204630F0FDFF2046ED
:10BC5000F4F79AFC204631F04FF82968204630F07E
:10BC6000F3FF2046F4F790FC204631F045F81749E1
:10BC7000204630F0E9FF2046F4F786FC204631F0FC
:10BC80003BF83368012B02F0E686032B02F04C8769
:10BC9000002B02F04487DFF85480D8F80030002BE6
:10BCA0007FF431AFFBF7A9BEC8C104009807FF1F9E
:10BCB00070D104008407FF1FECC1040098C1040088
:10BCC000B0C1040004C204004CD104001CC2040032
:10BCD00068C60400F8D6040004ED0400F0D10400A6
:10BCE0001811FF1F0811FF1FF810FF1FE810FF1F9A
:10BCF000AB49204630F0A8FF2046F4F745FC20462B
:10BD000030F0FAFF3368012B02F04A87032B02F070
:10BD10004287002B02F04987A249204630F094FF69
:10BD20002046F4F731FC204630F0E6FF2968204633
:10BD300030F08AFF2046F4F727FC204630F0DCFF85
:10BD4000D8F80030013B032B3BF60FAF01A252F8AD
:10BD500023F000BF519F0000019E0000ED9C0000F9
:10BD6000D99B00008E49204630F06EFF2046F4F744
:10BD70000BFC204630F0C0FF3368012B02F0FC863C
:10BD8000032B02F0F486002B02F02D878649C4E7CE
:10BD90008349204630F058FF2046F4F7F5FB204653
:10BDA00030F0AAFF3368012B02F02C87032B02F03E
:10BDB0002487002B02F01C877C49AEE77849204697
:10BDC00030F042FF2046F4F7DFFB204630F094FFCE
:10BDD0003368012B02F02087032B02F01887002B19
:10BDE00002F0ED86724998E76D49204630F02CFF4D
:10BDF0002046F4F7C9FB204630F07EFF3368012B64
:10BE000002F0EC86032B02F0E486002B02F0DC86C5
:10BE1000684982E76249204630F016FF2046F4F771
:10BE2000B3FB204630F068FF3368012B02F0AE868A
:10BE3000032B02F0A686002B02F0BC865E496CE75D
:10BE400004AC5E495E4E204630F0FEFE2046F4F71C
:10BE50009BFB204630F050FF3368012B02F0A48793
:10BE6000032B02F09C87002B02F094875549564D16
:10BE7000204630F0E9FE2046F4F786FB204630F0FD
:10BE80003BFF2968204630F0DFFE2046F4F77CFBBC
:10BE9000204630F031FF4D49204630F0D5FE204697
:10BEA000F4F772FB204630F027FF3368012B02F0D5
:10BEB0006C87032B02F06487002B02F05C87D7EDC0
:10BEC0000A7AB8EE670AF4F717FB2968204630F0C3
:10BED000BBFE2046F4F758FB204630F00DFF3C49EE
:10BEE000204630F0B1FE2046F4F74EFB204630F0FD
:10BEF00003FF3368012B02F03987032B02F03187EF
:10BF0000002B02F02987D7ED0B7AB8EE670AF4F719
:10BF1000F3FA2968204630F097FE2046F4F734FB08
:10BF2000204630F0E9FE2B49204630F08DFE2046B9
:10BF3000F4F72AFB204630F0DFFE3368012B02F0D5
:10BF40000687032B02F0FE86002B02F0F686D7ED63
:10BF50000C7AB8EE670AF4F7CFFA2968204630F079
:10BF600073FE2046F4F710FB204630F0C5FE1A4958
:10BF7000204630F069FE2046F4F706FB204630F0FC
:10BF8000BBFE3368012B02F05186032B02F0498679
:10BF9000002B02F00E8797ED140AFBF7DABD00BF05
:10BFA00004C3040010C7040004C70400FCC6040056
:10BFB00000C704000CC7040008C70400C8C104007F
:10BFC0009807FF1FA8C604008407FF1FB0C1040024
:10BFD000ECC1040098C1040004C2040004ACAE49E2
:10BFE000AE4E204630F030FE2046F4F7CDFA204623
:10BFF00030F082FE3368012B02F02687032B02F01B
:10C000001E87002B02F01687A549A64D204630F06A
:10C010001BFE2046F4F7B8FA204630F06DFE296882
:10C02000204630F011FE2046F4F7AEFA204630F0FC
:10C0300063FE9D49204630F007FE2046F4F7A4FA3F
:10C04000204630F059FE3368012B02F0EE86032BB8
:10C0500002F0E686002B02F0DE86D7ED047AB8EE19
:10C06000670AF4F749FA2968204630F0EDFD2046CA
:10C07000F4F78AFA204630F03FFE8C49204630F033
:10C08000E3FD2046F4F780FA204630F035FE3368B1
:10C09000012B02F0BB86032B02F0B386002B02F0CB
:10C0A000AB86D7ED057AB8EE670AF4F725FA29686A
:10C0B000204630F0C9FD2046F4F766FA204630F0FD
:10C0C0001BFE7B49204630F0BFFD2046F4F75CFAAA
:10C0D000204630F011FE3368012B02F08886032BD6
:10C0E00002F08086002B02F07886D7ED067AB8EE53
:10C0F000670AF4F701FA2968204630F0A5FD2046CA
:10C10000F4F742FA204630F0F7FD6A49204630F055
:10C110009BFD2046F4F738FA204630F0EDFD3368F9
:10C12000012B02F05586032B02F04D86002B02F006
:10C13000458697ED120AFBF70CBD04AC5649574EE5
:10C14000204630F081FD2046F4F71EFA204630F0FC
:10C15000D3FD3368012B02F0B787032B02F0AF87C2
:10C16000002B02F0A78754494E4D204630F06CFD5D
:10C170002046F4F709FA204630F0BEFD2968204633
:10C1800030F062FD2046F4F7FFF9204630F0B4FDB0
:10C190004549204630F058FD2046F4F7F5F9204691
:10C1A00030F0AAFD3368012B02F07F87032B02F0E9
:10C1B0007787002B02F06F87D7ED017AB8EE670A18
:10C1C000F4F79AF92968204630F03EFD2046F4F74E
:10C1D000DBF9204630F090FD3449204630F034FD44
:10C1E0002046F4F7D1F9204630F086FD3368012B64
:10C1F00002F04C87032B02F04487002B02F03E85AF
:10C20000D7ED027AB8EE670AF4F776F92968204686
:10C2100030F01AFD2046F4F7B7F9204630F06CFDF7
:10C220002349204630F010FD2046F4F7ADF92046B2
:10C2300030F062FD3368012B02F01B85032B02F006
:10C240001385002B02F00B85D7ED037AB8EE670A51
:10C25000F4F752F92968204630F0F6FC2046F4F74E
:10C2600093F9204630F048FD1249204630F0ECFCAE
:10C270002046F4F789F9204630F03EFD3368012B63
:10C2800002F08C86032B02F08486002B02F0FB84E4
:10C2900097ED110AFBF75DBCC8C104009807FF1FAA
:10C2A0008CC604008407FF1FB0C10400ECC1040069
:10C2B00098C1040004C2040084C6040004ACAE4962
:10C2C000AE4E204630F0C0FC2046F4F75DF9204623
:10C2D00030F012FD3368012B02F07E86032B02F052
:10C2E0007686002B02F06E86A549A64D204630F0DA
:10C2F000ABFC2046F4F748F9204630F0FDFC2968F5
:10C30000204630F0A1FC2046F4F73EF9204630F0FC
:10C31000F3FC9D49204630F097FC2046F4F734F9B1
:10C32000204630F0E9FC3368012B02F04686032BEF
:10C3300002F02A86002B02F02286D7ED0A7AB8EEA8
:10C34000670AF4F7D9F82968204630F07DFC2046CA
:10C35000F4F71AF9204630F0CFFC8C49204630F033
:10C3600073FC2046F4F710F9204630F0C5FC336822
:10C37000012B02F0FF85032B02F0F785002B02F062
:10C38000EF85D7ED0B7AB8EE670AF4F7B5F82968B0
:10C39000204630F059FC2046F4F7F6F8204630F0FD
:10C3A000ABFC7B49204630F04FFC2046F4F7ECF81C
:10C3B000204630F0A1FC3368012B02F0CC85032B22
:10C3C00002F0C485002B02F0BC85D7ED0C7AB8EEE4
:10C3D000670AF4F791F82968204630F035FC2046CA
:10C3E000F4F7D2F8204630F087FC6A49204630F056
:10C3F0002BFC2046F4F7C8F8204630F07DFC33686B
:10C40000012B02F0D585032B02F0CD85002B02F025
:10C41000108697ED100AFBF79CBB04AC5649574EAB
:10C42000204630F011FC2046F4F7AEF8204630F0FC
:10C4300063FC3368012B02F07F85032B02F07785C4
:10C44000002B02F06F8554494E4D204630F0FCFB26
:10C450002046F4F799F8204630F04EFC2968204633
:10C4600030F0F2FB2046F4F78FF8204630F044FC21
:10C470004549204630F0E8FB2046F4F785F8204691
:10C4800030F03AFC3368012B02F04785032B02F0B1
:10C490003F85002B02F03785D7ED047AB8EE670AA6
:10C4A000F4F72AF82968204630F0CEFB2046F4F74E
:10C4B0006BF8204630F020FC3449204630F0C4FBB5
:10C4C0002046F4F761F8204630F016FC3368012B63
:10C4D00002F01485032B02F00C85002B02F0CC85B2
:10C4E000D7ED057AB8EE670AF4F706F82968204612
:10C4F00030F0AAFB2046F4F747F8204630F0FCFB6A
:10C500002349204630F0A0FB2046F4F73DF82046B2
:10C5100030F0F2FB3368012B02F0A985032B02F007
:10C52000A185002B02F09985D7ED067AB8EE670A4F
:10C53000F3F7E2FF2968204630F086FB2046F4F747
:10C5400023F8204630F0D8FB1249204630F07CFB1F
:10C550002046F4F719F8204630F0CEFB3368012B63
:10C5600002F07685032B02F06E85002B02F06685C3
:10C5700097ED0E0AFBF7EDBAC8C104009807FF1F3C
:10C58000A0C604008407FF1FB0C10400ECC1040072
:10C5900098C1040004C2040088C6040004ACAE497B
:10C5A000AE4E204630F050FB2046F3F7EDFF20461C
:10C5B00030F0A2FB3368012B02F09684032B02F0CB
:10C5C0008E84002B02F08684A549A64D204630F0CB
:10C5D0003BFB2046F3F7D8FF204630F08DFB29685F
:10C5E000204630F031FB2046F3F7CEFF204630F0F6
:10C5F00083FB9D49204630F027FB2046F3F7C4FF1C
:10C60000204630F079FB3368012B02F05E84032B67
:10C6100002F05684002B02F04E84D7ED017AB8EE7A
:10C62000670AF3F769FF2968204630F00DFB2046C2
:10C63000F3F7AAFF204630F05FFB8C49204630F02C
:10C6400003FB2046F3F7A0FF204630F055FB33688C
:10C65000012B02F02B84032B02F02384002B02F029
:10C660001B84D7ED027AB8EE670AF3F745FF296815
:10C67000204630F0E9FA2046F3F786FF204630F0F6
:10C680003BFB7B49204630F0DFFA2046F3F77CFF86
:10C69000204630F031FB3368012B02F0F883032B86
:10C6A00002F0F083002B02F0E883D7ED037AB8EEB6
:10C6B000670AF3F721FF2968204630F0C5FA2046C3
:10C6C000F3F762FF204630F017FB6A49204630F04E
:10C6D000BBFA2046F3F758FF204630F00DFB3368D5
:10C6E000012B02F0C583032B02F0BD83002B02F067
:10C6F000B58397ED0D0AFBF72CBA04AC5649574E9B
:10C70000204630F0A1FA2046F3F73EFF204630F0F5
:10C71000F3FA3368012B02F00183032B02F0F98254
:10C72000002B02F0F18254494E4D204630F08CFA35
:10C730002046F3F729FF204630F0DEFA296820462C
:10C7400030F082FA2046F3F71FFF204630F0D4FA8B
:10C750004549204630F078FA2046F3F715FF204689
:10C7600030F0CAFA3368012B02F0C982032B02F0C1
:10C77000C182002B02F0B982D7ED077AB8EE670AC2
:10C78000F3F7BAFE2968204630F05EFA2046F3F748
:10C79000FBFE204630F0B0FA3449204630F054FA1F
:10C7A0002046F3F7F1FE204630F0A6FA3368012B5D
:10C7B00002F09682032B02F08E82002B02F086821A
:10C7C000D7ED087AB8EE670AF3F796FE2968204697
:10C7D00030F03AFA2046F3F7D7FE204630F08CFAD4
:10C7E0002349204630F030FA2046F3F7CDFE2046AC
:10C7F00030F082FA3368012B02F06382032B02F0DF
:10C800005B82002B02F05382D7ED097AB8EE670AFB
:10C81000F3F772FE2968204630F016FA2046F3F747
:10C82000B3FE204630F068FA1249204630F00CFA88
:10C830002046F3F7A9FE204630F05EFA3368012B5C
:10C8400002F03082032B02F02882002B02F02082BB
:10C8500097ED130AFBF77DB9C8C104009807FF1FC5
:10C8600080C604008407FF1FB0C10400ECC10400AF
:10C8700098C1040004C2040098C6040004ACD34963
:10C88000D34E204630F0E0F92046F3F77DFE2046F7
:10C8900030F032FA3368012B02F0C683032B02F02A
:10C8A000BE83002B02F0B683CA49CB4D204630F040
:10C8B000CBF92046F3F768FE204630F01DFA2968D0
:10C8C000204630F0C1F92046F3F75EFE204630F0F6
:10C8D00013FAC249204630F0B7F92046F3F754FE68
:10C8E000204630F009FA3368012B02F08E83032BC7
:10C8F00002F08683002B02F07E83D7ED077AB8EE34
:10C90000670AF3F7F9FD2968204630F09DF92046C3
:10C91000F3F73AFE204630F0EFF9B149204630F007
:10C9200093F92046F3F730FE204630F0E5F93368FE
:10C93000012B02F05B83032B02F05383002B02F0E8
:10C940008981D7ED087AB8EE670AF3F7D5FD296833
:10C95000204630F079F92046F3F716FE204630F0F5
:10C96000CBF9A049204630F06FF92046F3F70CFED2
:10C97000204630F0C1F93368012B02F06681032BA9
:10C9800002F05E81002B02F05681D7ED097AB8EEF5
:10C99000670AF3F7B1FD2968204630F055F92046C3
:10C9A000F3F7F2FD204630F0A7F98F49204630F02A
:10C9B0004BF92046F3F7E8FD204630F09DF9336847
:10C9C000012B02F0B581032B02F0AD81002B02F0A8
:10C9D000408297ED0F0AFBF7BCB8312B3CF4AAA9B3
:10C9E000FCF7D0B98149FEF7CEBA312B3BF447A80A
:10C9F000FBF76DB8222033F09BFAFEF7EBBA22204A
:10CA000032F0E0FAFEF7E6BA222031F0F1F9FEF753
:10CA1000E1BA3B6D012B0CBF75497649FBF74CBF62
:10CA2000FB6C012B0CBF72497249FBF7B3BD724915
:10CA3000204630F009F92046F3F7A6FD204630F0F5
:10CA40005BF93368012B01F0EE81032B01F0E681E5
:10CA5000002B01F0DE816949FDF781B86849204665
:10CA600030F0F2F82046F3F78FFD204630F044F91D
:10CA70003368012B01F0AF81032B01F0A781002B5C
:10CA800001F09F815D49204630F0DEF82046F3F743
:10CA90007BFD204630F030F92968204630F0D4F88C
:10CAA0002046F3F771FD204630F026F9554920461F
:10CAB00030F0CAF82046F3F767FD204630F01CF945
:10CAC0003368012B01F07881032B01F07081002B7A
:10CAD00001F06881D8ED107AB8EE670AF3F70CFD23
:10CAE0002968204630F0B0F82046F3F74DFD204687
:10CAF00030F002F94449204630F0A6F82046F3F71A
:10CB000043FD204630F0F8F83368012B01F04581F1
:10CB1000032B01F03D81002B01F0358198ED140AC3
:10CB2000F3F7EAFC2968204630F08EF82046F3F748
:10CB30002BFD204630F0E0F82F49204630F084F8F5
:10CB40002046F3F721FD204630F0D6F83368012B5C
:10CB500001F01481032B01F00C81002B01F0048102
:10CB600098ED130AFCF778BB2549204630F06CF8A5
:10CB70002046F3F709FD204630F0BEF83368012B5C
:10CB800001F08480032B01F07C80002B01F0D38026
:10CB90001E49FCF7E4B81849204630F055F8204605
:10CBA000F3F7F2FC204630F0A7F83368012B01F0D0
:10CBB0008180032B01F07980002B01F071800F49F7
:10CBC000FCF7A6BC0D49FCF7ABBF00BFC8C1040011
:10CBD0009807FF1F90C604008407FF1FB0C1040020
:10CBE000ECC1040098C1040004C2040068C204003F
:10CBF0009CC20400A0C20400ECC20400B0C6040041
:10CC000084C20400BCC20400D4C2040054C30400A3
:10CC1000E649204630F018F82046F3F7B5FC2046E8
:10CC200030F06AF83368012B01F00C81032B01F01E
:10CC30000481002B01F0FC80DD49FCF7F4BDDD49E7
:10CC4000204630F001F82046F3F79EFC204630F0F5
:10CC500053F83368012B01F00481032B01F0FC80B1
:10CC6000002B01F00381D449FAF71EBF222032F0D5
:10CC7000A9F9FCF731BA222032F0A4F9FAF73BBF48
:10CC8000222031F0B5F8FAF736BF222031F0B0F8A3
:10CC9000FCF722BA222033F04BF9FBF734BE2220F6
:10CCA00032F090F9FBF72FBE222032F08BF9FCF71F
:10CCB000E0BE222031F09CF8FCF7DBBE222031F0F0
:10CCC00097F8FBF74EB8222033F032F9FBF725B87E
:10CCD000222032F077F9FBF720B8222031F088F8D3
:10CCE000FBF71BB8222031F083F8FBF7DBBD2220D5
:10CCF00033F01EF9FBF7B4BD222032F063F9FBF7E5
:10CD0000AFBD222031F074F8FBF7AABD04ACAB49EB
:10CD1000AB4E20462FF098FF2046F3F735FC204617
:10CD20002FF0EAFF3368012B01F05E81032B01F045
:10CD30005681002B01F04E81A249A34D20462FF0D1
:10CD400083FF2046F3F720FC20462FF0D5FF29680B
:10CD500020462FF079FF2046F3F716FC20462FF0EF
:10CD6000CBFF2A21994833F05DF800230A22796924
:10CD700097482FF081FD96482FF066FD9549204693
:10CD80002FF062FF2046F3F7FFFB20462FF0B4FFA1
:10CD90003368012B01F01981032B01F01181002B65
:10CDA00001F00981D7ED057AB8EE670AF3F7A4FB25
:10CDB000296820462FF048FF2046F3F7E5FB204680
:10CDC0002FF09AFF844920462FF03EFF2046F3F7CC
:10CDD000DBFB20462FF090FF3368012B01F0E6804B
:10CDE000032B01F0DE80002B01F0D680D7ED027A14
:10CDF000B8EE670AF3F780FB296820462FF024FF7E
:10CE00002046F3F7C1FB20462FF076FF73492046FA
:10CE10002FF01AFF2046F3F7B7FB20462FF06CFFE8
:10CE20003368012B01F0B380032B01F0AB80002BA2
:10CE300001F0A380D7ED087AB8EE670AF3F75CFB40
:10CE4000296820462FF000FF2046F3F79DFB20467F
:10CE50002FF052FFFBF744BE222033F069F8FCF7B5
:10CE600000BB222033F064F8FEF7B4BB222033F07D
:10CE70005FF8FBF7E6BD222032F0A4F8FEF7AABB6C
:10CE8000222030F0B5FFFEF7A5BB222033F050F88A
:10CE9000FBF708BD222032F095F8FBF703BD2220F6
:10CEA00032F090F8FCF751BA222030F0A1FFFCF7E5
:10CEB0004CBA222033F03CF8FCF723BA222032F09F
:10CEC00081F8FCF71EBA222030F092FFFCF719BA65
:10CED000222033F02DF8FCF7EDB9222032F072F861
:10CEE000FCF7E8B9222030F083FFFCF7E3B92220F9
:10CEF00030F07EFFFCF757BD222033F019F8FCF725
:10CF00002EBD222032F05EF8FCF729BD222030F041
:10CF10006FFFFCF724BD222033F00AF8FCF7FBBCBE
:10CF2000222032F04FF8FCF7F6BC222030F060FFF0
:10CF3000FCF7F1BC222032F0FBFFFCF7C5BC22203D
:10CF400032F0F6FFFCF711BC222032F03BF8FCF780
:10CF50000CBC222030F04CFFFCF707BC222032F042
:10CF6000E7FFFCF7E0BB222032F02CF8FCF7ACBC6A
:10CF7000222030F03DFFFCF7A7BC222030F038FF24
:10CF8000B8F1000F3AF4A1AEFCF7BCBD222032F09C
:10CF9000CFFFFAF774BE222032F0CAFFFBF7B0BE13
:10CFA000222032F00FF8FBF7ABBE00BF04C3040031
:10CFB00014C7040084C2040070C60400C8C1040081
:10CFC0009807FF1F70D104008407FF1F30C60400BC
:10CFD0006008FF1F98C10400B0C10400ECC1040048
:10CFE000222032F0A5FFFBF7F6BB222031F0EAFF4A
:10CFF000FBF7F1BB222030F0FBFEFBF7ECBB22205D
:10D0000032F096FFFBF7C3BB222031F0DBFFFBF7CA
:10D01000BEBB222030F0ECFEFBF7B9BB222032F081
:10D0200087FFFBF790BB222031F0CCFFFBF78BBBD7
:10D03000222030F0DDFEFBF786BB222032F078FFA5
:10D04000FBF75DBB222031F0BDFFFBF758BB222070
:10D0500030F0CEFEFBF753BB222032F069FFFBF726
:10D06000FDBA222031F0AEFFFBF7F8BA222030F0F3
:10D07000BFFEFBF7F3BA222032F05AFFFBF7CABA21
:10D08000222030F0B5FEFBF73BBE222030F0B0FE90
:10D09000FCF714BA222032F04BFFFCF70FBA222023
:10D0A00031F090FFFCF70ABA222030F0A1FEFCF725
:10D0B0008CBB222030F09CFEFCF780BA222031F09D
:10D0C00081FFFCF7CEB9222030F092FEFCF7C9B9FF
:10D0D000222032F02DFFFCF7A2B9222031F072FF9E
:10D0E000FCF79DB9222032F023FFFDF747BF222035
:10D0F00031F068FFFDF742BF222030F079FEFDF7E6
:10D100003DBF222031F05EFFFBF79BBC222030F0B8
:10D110006FFEFBF796BC222032F00AFFFBF76DBCD6
:10D12000222031F04FFFFBF768BC222032F000FFD5
:10D13000FBF7B9BD222031F045FFFBF7B4BD22203B
:10D1400030F056FEFBF7AFBD222032F0F1FEFBF7C8
:10D1500086BD222031F036FFFBF796BE222030F04C
:10D1600047FEFBF791BE222032F0E2FEFBF740BE05
:10D17000222031F027FFFBF73BBE222032F0D8FE01
:10D18000FCF777BC222032F0D3FEFCF79EBC2220B5
:10D1900031F018FFFCF799BC222030F029FEFCF793
:10D1A00094BC222032F0C4FEFCF741BC222031F0B6
:10D1B00009FFFCF73CBC222030F01AFEFCF737BC1C
:10D1C000222032F0B5FEFCF710BC222031F0FAFE2E
:10D1D000FCF70BBC222030F00BFEFCF706BC222033
:10D1E00032F0A6FEFCF7DFBB222031F0EBFEFCF7AD
:10D1F000DABB222030F0FCFDFBF7FABD222032F032
:10D2000097FEFBF7D3BD222031F0DCFEFBF7CEBD4D
:10D21000222030F0EDFDFBF7C9BD222031F0D2FE17
:10D22000FAF72DBD222030F0E3FDFAF728BD2220C9
:10D2300032F07EFEFAF7F7BC222031F0C3FEFAF797
:10D24000F2BC222030F0D4FDFAF7EDBC222032F0FF
:10D250006FFEFAF7BFBC222031F0B4FEFAF7BABC79
:10D26000222030F0C5FDFAF7B5BC222030F0C0FD19
:10D27000FBF7C3BB222032F05BFEFBF799BB2220F9
:10D2800031F0A0FEFBF794BB222030F0B1FDFBF79C
:10D290008FBB222031F096FEB8F1000F3AF415ADA5
:10D2A000FCF730BC04ACE149E14E20462FF0CCFC49
:10D2B0002046F3F769F920462FF01EFD3368012B55
:10D2C00000F0F285032B00F0EA85002B00F0E285E8
:10D2D000D849D94D20462FF0B7FC2046F3F754F932
:10D2E00020462FF009FD296820462FF0ADFC20468E
:10D2F000F3F74AF920462FF0FFFCD04920462FF0E3
:10D30000A3FC2046F3F740F920462FF0F5FC3368E4
:10D31000012B00F0BA85032B00F0EE85002B00F006
:10D32000E685D7ED077AB8EE670AF3F7E5F82968DE
:10D3300020462FF089FC2046F3F726F920462FF0EF
:10D34000DBFCBF4920462FF07FFC2046F3F71CF999
:10D3500020462FF0D1FC3368012B00F0C385032B4E
:10D3600000F0BB85002B00F0B385D7ED047AB8EE52
:10D37000670AF3F7C1F8296820462FF065FC2046BC
:10D38000F3F702F920462FF0B7FCAE4920462FF004
:10D390005BFC2046F3F7F8F820462FF0ADFC33682D
:10D3A000012B00F09085032B00F08885002B00F006
:10D3B0008085D7ED0A7A3FE504AC9C499C4E204617
:10D3C0002FF042FC2046F3F7DFF820462FF094FCC4
:10D3D0003368012B00F0CC85032B00F0C485002BB3
:10D3E00000F0BC859849944D20462FF02DFC204636
:10D3F000F3F7CAF820462FF07FFC296820462FF06B
:10D4000023FC2046F3F7C0F820462FF075FC8B492B
:10D4100020462FF019FC2046F3F7B6F820462FF0EF
:10D420006BFC3368012B00F09485032B00F08C8596
:10D43000002B00F08485D7ED067AB8EE670AF3F783
:10D440005BF8296820462FF0FFFB2046F3F79CF895
:10D4500020462FF051FC7A4920462FF0F5FB20465C
:10D46000F3F792F820462FF047FC3368012B00F0C9
:10D470006185032B00F05985002B00F05185D7ED15
:10D48000037AB8EE670AF3F737F8296820462FF0D9
:10D49000DBFB2046F3F778F820462FF02DFC694996
:10D4A00020462FF0D1FB2046F3F76EF820462FF0F0
:10D4B00023FC3368012B00F02E85032B00F026851A
:10D4C000002B00F01E85D7ED097AB5E4222032F05A
:10D4D0002FFDFBF78EBD222031F074FDFBF789BDD7
:10D4E000222030F085FCFBF784BD222032F020FDA5
:10D4F000FBF75DBD222030F07BFCFBF734BD222022
:10D5000032F016FDFBF70BBD222031F05BFDFBF77F
:10D5100006BD222030F06CFCFBF701BD222032F06A
:10D5200007FDFBF7D8BC222031F04CFDFBF7D3BC44
:10D53000222030F05DFCFBF7CEBC222032F0F8FC5C
:10D54000FBF7A2BC222030F053FCFBF7DCB9222011
:10D5500032F0EEFCFBF70FB8222031F033FDFBF781
:10D5600059B8222030F044FCFBF754B8222031F0A7
:10D5700029FDFBF700B8222030F03AFCFAF7FBBF98
:10D58000222032F0D5FCFAF7D4BF222031F01AFD68
:10D59000FAF7CFBF222030F02BFCFAF7CABF2220C7
:10D5A00032F0C6FCFAF799BF222031F00BFDFAF7F2
:10D5B00094BF222030F01CFCFAF78FBF222032F0FB
:10D5C000B7FCFAF766BF222031F0FCFCFAF761BF26
:10D5D000222030F00DFCFAF75CBF222032F0A8FCCC
:10D5E000FAF733BF222031F0EDFCFAF72EBF2220EC
:10D5F00030F0FEFBFAF729BF222032F099FCFAF74F
:10D6000000BF222031F0DEFCFAF7FBBE222030F012
:10D61000EFFBFAF7F6BE222032F08AFCFAF7C9BE19
:10D62000222031F0CFFCFAF7C4BE00BFC8C104000D
:10D630009807FF1FDCE004008407FF1F98C1040067
:10D64000B0C10400ECC104008CE00400222030F0E2
:10D65000CFFBFAF7AEBE222032F06AFCFAF785BEA5
:10D66000222031F0AFFCFAF780BE222030F0C0FB60
:10D67000FAF77BBE222032F05BFCFAF74ABE22208A
:10D6800031F0A0FCFAF745BE222030F0B1FBFAF7EA
:10D6900040BE222032F04CFCFAF7F6BD222031F0D9
:10D6A00091FCFAF7F1BD222030F0A2FBFAF7ECBDB5
:10D6B000222032F03DFCFAF7BBBD222031F082FC83
:10D6C000FAF7B6BD222030F093FBFAF7B1BD222065
:10D6D00032F02EFCFAF788BD222031F073FCFAF705
:10D6E00083BD222030F084FBFAF77EBD222032F089
:10D6F0001FFCFAF755BD222031F064FCFAF750BD4B
:10D70000222030F075FBFAF74BBD222032F010FCDE
:10D71000FAF722BD222031F055FCFAF71DBD222078
:10D7200030F066FBFAF718BD222032F001FCFAF760
:10D73000EBBC222031F046FCFAF7E6BC222030F0A8
:10D7400057FBFAF7E1BC222032F0F2FBFAF7B8BC43
:10D75000222031F037FCFAF7B3BC222030F048FB2E
:10D76000FAF7AEBC222032F0E3FBFAF77DBC2220B0
:10D7700031F028FCFAF778BC222030F039FBFAF7B8
:10D7800073BC222032F0D4FBFAF74CBC222031F0DB
:10D7900019FCFAF747BC222030F02AFBFAF742BC0A
:10D7A000222032F0C5FBFAF711BC222031F00AFC2E
:10D7B000FAF70CBC222030F01BFBFAF707BC222042
:10D7C00032F0B6FBFAF7DEBB222031F0FBFBFAF7B2
:10D7D000D9BB222030F00CFBFAF7D4BB222032F068
:10D7E000A7FBFAF7ABBB222031F0ECFBFAF7A6BBA4
:10D7F000222030F0FDFAFAF7A1BB222032F098FB8C
:10D80000FAF74EBB222031F0DDFBFAF749BB2220AC
:10D8100030F0EEFAFAF744BB222032F089FBFAF737
:10D8200017BB222031F0CEFBFAF712BB222030F0DA
:10D83000DFFAFAF70DBB222032F07AFBFAF7E4BAEE
:10D84000222031F0BFFBFAF7DFBA222030F0D0FA05
:10D85000FAF7DABA222032F06BFBFAF7A6BA2220E6
:10D8600031F0B0FBFAF7A1BA222030F0C1FAFAF792
:10D870009CBA222032F05CFBFAF773BA222031F016
:10D88000A1FBFAF76EBA222032F052FBFAF733B955
:10D89000222032F04DFBFAF75AB9222031F092FBE8
:10D8A000FAF755B9222030F0A3FAFAF750B922203E
:10D8B00031F088FBFBF7D3B9222030F099FAFBF75F
:10D8C000CEB9222032F034FBFBF7A5B9222031F08B
:10D8D00079FBFBF7A0B9222030F08AFAFBF79BB95D
:10D8E000222032F025FBFBF76FB9222031F06AFBD2
:10D8F000FBF76AB9222030F07BFAFBF765B92220EA
:10D9000032F016FBFBF7BBBB222031F05BFBFBF7D1
:10D91000B6BB222032F00CFBFBF757BF222031F0C0
:10D9200051FBFBF752BF222032F002FBFBF7D4BBC6
:10D93000222031F047FBFBF7F6BE222030F058FAE8
:10D94000FBF7F1BE222032F0F3FAFBF7CABE222029
:10D9500031F038FBFBF7C5BE222030F049FAFBF767
:10D96000C0BE222032F0E4FAFBF797BE222031F04D
:10D9700029FBFBF792BE222030F03AFAFBF78DBE6E
:10D98000222032F0D5FAFBF764BE222031F01AFBD8
:10D99000FBF75FBE222030F02BFAFBF75ABE2220A5
:10D9A00032F0C6FAFBF731BE222031F00BFBFBF759
:10D9B0002CBE222030F01CFAFBF727BE222032F0CA
:10D9C000B7FAFBF7FBBD222031F0FCFAFBF7F6BDFE
:10D9D000222030F00DFAFBF722BD222032F0A8FA07
:10D9E000FBF7FBBC222031F0EDFAFBF7F6BC22205E
:10D9F00030F0FEF9FBF7F1BC222032F099FAFBF788
:10DA0000C8BC222031F0DEFAFBF7C3BC222030F084
:10DA1000EFF9FBF7BEBC222032F08AFAFBF795BC87
:10DA2000222030F0E5F9FBF72ABB222032F080FA01
:10DA3000FBF701BB222031F0C5FAFBF7FCBA22202C
:10DA400030F0D6F9FBF7F7BA222031F0BBFAFBF73A
:10DA5000AEBA222030F0CCF9FBF7A9BA222032F07E
:10DA600067FAFBF780BA222031F0ACFAFBF77BBAF9
:10DA7000222032F05DFAF9F7E8BF222031F0A2FA55
:10DA8000F9F7E3BF222030F0B3F9F9F7DEBF222027
:10DA900032F04EFAFCF724B9222031F093FAFCF769
:10DAA0001FB9222030F0A4F9FCF71AB9222032F075
:10DAB0003FFAFCF7F1B8222032F03AFAFCF7CCBA80
:10DAC000222031F07FFAFCF7C7BA222030F090F91B
:10DAD000FCF7C2BA222032F02BFAFCF799BA2220C6
:10DAE00031F070FAFCF794BA222030F081F9FCF79B
:10DAF0008FBA222032F01CFAFCF766BA222031F0ED
:10DB000061FAFCF761BA222030F072F9FCF75CBAD6
:10DB1000222032F00DFAFCF72FBA222031F052FA0F
:10DB2000FCF72ABA222030F063F9FCF725BA22204C
:10DB300031F048FAFCF7B0B8222030F059F9FCF780
:10DB4000ABB8222032F0F4F9FCF782B8222031F091
:10DB500039FAFCF77DB8222030F04AF9FCF778B8A2
:10DB6000222032F0E5F9FCF74BB8222031F02AFAF6
:10DB7000FCF746B8222030F03BF9FCF741B82220F0
:10DB800031F020FAFCF712B9222030F031F9FCF71D
:10DB90000DB9222032F0CCF9FCF7E4B8222031F0A4
:10DBA00011FAFCF7DFB8222030F022F9FCF7DAB8DE
:10DBB000222032F0BDF9FCF7ADB8222031F002FA94
:10DBC000FCF7A8B8222030F013F9FCF7A3B8222004
:10DBD00032F0AEF9FCF70EB9222031F0F3F9FCF780
:10DBE00009B9222030F004F9FCF704B9222032F000
:10DBF0009FF9FCF7DBB8222032F09AF9FCF791B9D3
:10DC0000222031F0DFF9FCF78CB9222030F0F0F857
:10DC1000FCF787B9222032F08BF9FCF75EB922209D
:10DC200031F0D0F9FCF759B9222030F0E1F8FCF7D7
:10DC300054B9222032F07CF9FCF72BB9222031F0C4
:10DC4000C1F9FCF726B9222030F0D2F8FCF721B94F
:10DC5000222032F06DF9FCF7F4B8222031F0B2F94D
:10DC6000FCF7EFB8222030F0C3F8FCF7EAB8222026
:10DC700031F0A8F9FBF7D6BD222030F0B9F8FBF758
:10DC8000D1BD222031F09EF9FEF782BF222030F074
:10DC9000AFF8FEF77DBF222032F04AF9FBF7C2BD94
:10DCA000222032F045F9FEF78ABF222031F08AF9AE
:10DCB000FEF785BF222030F09BF8FEF780BF2220C0
:10DCC00032F036F9FBF7C6BA222031F07BF9FBF7C8
:10DCD000C1BA222030F08CF8FBF7BCBA222032F017
:10DCE00027F9FBF795BA222031F06CF9FBF790BACF
:10DCF000222030F07DF8FBF78BBA222032F018F9A1
:10DD0000FBF73CBA222031F05DF9FBF737BA22204D
:10DD100030F06EF8FBF732BA222032F009F9FBF747
:10DD200005BA222031F04EF9FBF700BA222030F07C
:10DD30005FF8FBF7FBB9222032F0FAF8FEF728BFB4
:10DD4000222032F0F5F8FBF709B8222032F0F0F883
:10DD5000FBF7DDBB222031F035F9FBF7D8BB2220E1
:10DD600030F046F8FBF7D3BB222032F0E1F8FEF7A3
:10DD7000F7BE222031F026F9FEF7F2BE222030F065
:10DD800037F8FEF7EDBE222032F0D2F8FEF7C6BE1D
:10DD9000222031F017F9FEF7C1BE222030F028F81A
:10DDA000FEF7BCBE222032F0C3F8FEF793BE22205D
:10DDB00031F008F9FEF78EBE222030F019F8FEF798
:10DDC00089BE222032F0B4F8FEF75CBE222031F08A
:10DDD000F9F8FEF757BE222030F00AF8FEF752BEDF
:10DDE000222032F0A5F8FBF7B9BE222031F0EAF884
:10DDF000FBF7B4BE22202FF0FBFFFBF7AFBE2220C3
:10DE000031F0E0F8FAF7AABF22202FF0F1FFFAF77D
:10DE1000A5BF222032F08CF8FEF71DBE222031F083
:10DE2000D1F8FEF718BE22202FF0E2FFFEF713BE56
:10DE3000222032F07DF8FEF7FFBE222031F0C2F83A
:10DE4000FEF7FABE22202FF0D3FFFEF7F5BE222008
:10DE500032F06EF8F9F727BE222031F0B3F8FEF762
:10DE600002BF22202FF0C4FFFEF7FDBE222032F0B9
:10DE70005FF8FEF7F8BE222031F0A4F8F9F713BEE0
:10DE800022202FF0B5FFF9F70EBE22202FF0B0FFB1
:10DE9000FFF747BA222032F04BF8FFF719BA2220D9
:10DEA00031F090F8FFF714BA22202FF0A1FFFFF70E
:10DEB0000FBA222032F03CF8FFF77BBA222031F073
:10DEC00081F8FFF776BA22202FF092FFFFF771BAA0
:10DED000222032F02DF8FFF748BA222031F072F8F4
:10DEE000FFF743BA22202FF083FFFFF73EBA22202C
:10DEF00032F01EF8FFF715BA222031F063F8FFF771
:10DF000010BA222032F014F8FFF7DDBA222031F0E7
:10DF100059F8FFF7D8BA22202FF06AFFFFF7D3BADB
:10DF2000222032F005F8FFF7AABA222031F04AF891
:10DF3000FFF7A5BA22202FF05BFFFFF7A0BA22203F
:10DF400031F0F6FFFFF777BA222031F03BF8FFF708
:10DF500072BA22202FF04CFFFFF76DBA222031F069
:10DF6000E7FFFFF73FBA222031F02CF8FFF73ABA6B
:10DF700022202FF03DFFFFF735BA222031F0D8FFE5
:10DF8000FEF758BF222031F01DF8FEF753BF2220C4
:10DF90002FF02EFFFEF74EBF222031F0C9FFFEF713
:10DFA00025BF222031F00EF8FEF720BF22202FF0EF
:10DFB0001FFFFEF71BBF222031F0BAFFFEF7F2BEB3
:10DFC000222030F0FFFFFEF7EDBE22202FF010FFE1
:10DFD000FEF7E8BE222031F0ABFFFEF7ADBE2220F7
:10DFE00030F0F0FFFEF7A8BE22202FF001FFFEF771
:10DFF000A3BE222031F09CFFFCF788BA222030F02B
:10E00000E1FFFCF783BA22202FF0F2FEFCF77EBA84
:10E01000222031F08DFFFCF755BA222031F088FF25
:10E02000FCF746BE222030F0CDFFFCF741BE222097
:10E030002FF0DEFEFCF73CBE222031F079FFFCF72A
:10E0400013BE222030F0BEFFFCF70EBE22202FF0C0
:10E05000CFFEFCF709BE222031F06AFFFCF7E0BDDD
:10E06000222030F0AFFFFCF7DBBD22202FF0C0FEF6
:10E07000FCF7D6BD222031F05BFFFCF7A9BD2220C2
:10E0800030F0A0FFFCF7A4BD22202FF0B1FEFCF77A
:10E090009FBD222031F04CFFFCF760BC222030F005
:10E0A00091FFFCF7BFBE22202FF0A2FEFCF7BABE04
:10E0B000222031F03DFFFCF7B5BE222030F082FF78
:10E0C000FCF730B822202FF093FEFCF72BB822206B
:10E0D00031F02EFFFCF702B8222030F073FFFBF77F
:10E0E000FDBF22202FF084FEFBF7F8BF222031F085
:10E0F0001FFFFBF7CBBF222030F064FFFBF7C6BF4A
:10E1000022202FF075FEFBF7C1BF222031F010FF57
:10E11000FCF744BD222030F055FFFCF73FBD222024
:10E120002FF066FEFCF73ABD222031F001FFFCF72C
:10E1300011BD222031F0FCFEFCF798BC222030F00B
:10E1400041FFFCF793BC22202FF052FEFCF78EBC5F
:10E15000222031F0EDFEFCF765BC222030F032FFCA
:10E16000FCF760BC22202FF043FEFCF75BBC2220B2
:10E1700031F0DEFEFCF732BC222030F023FFFCF74A
:10E180002DBC22202FF034FEFCF728BC222031F0D9
:10E19000CFFEFCF7FBBB222030F014FFFCF7F6BBF0
:10E1A00022202FF025FEFCF7F1BB222031F0C0FE2B
:10E1B000FCF76EBA222031F0BBFEFCF715BB222023
:10E1C00030F000FFFCF710BB22202FF011FEFCF70F
:10E1D0000BBB222031F0ACFEFCF7E2BA222030F07B
:10E1E000F1FEFCF7DDBA22202FF002FEFCF7D8BAD0
:10E1F000222031F09DFEFCF7AFBA222030F0E2FE83
:10E20000FCF7AABA22202FF0F3FDFCF7A5BA2220D2
:10E2100031F08EFEFCF77CBA222030F0D3FEFCF702
:10E2200077BA22202FF0E4FDFCF772BA222031F0F9
:10E230007FFEFCF745BA222030F0C4FEFCF740BA5E
:10E2400022202FF0D5FDFCF73BBA222030F0BAFE99
:10E25000FCF738B922202FF0CBFDFCF733B9222090
:10E2600031F066FEFCF70AB9222030F0ABFEFCF775
:10E2700005B922202FF0BCFDFCF700B9222031F0B7
:10E2800057FEFCF7D3B8222030F09CFEFCF7CEB846
:10E2900022202FF0ADFDFCF7C9B8222030F092FE0D
:10E2A000FCF7AEB922202FF0A3FDFCF7A9B922207C
:10E2B00031F03EFEFCF780B9222030F083FEFCF7FF
:10E2C0007BB922202FF094FDFCF776B9222031F0A3
:10E2D0002FFEFCF749B9222030F074FEFCF744B958
:10E2E00022202FF085FDFCF73FB9222031F020FEDF
:10E2F000FBF7C6BF222030F065FEFBF7C1BF22202E
:10E300002FF076FDFBF7BCBF222031F011FEFBF7AA
:10E3100093BF222030F056FEFBF78EBF22202FF055
:10E3200067FDFBF789BF222031F002FEFBF760BFDB
:10E33000222030F047FEFBF75BBF22202FF058FD74
:10E34000FBF756BF222031F0F3FDFBF729BF222057
:10E3500030F038FEFBF724BF22202FF049FDFBF7F9
:10E360001FBF222031F0E4FDFBF700BF222030F078
:10E3700029FEFBF7FBBE22202FF03AFDFBF7F6BE8D
:10E38000222031F0D5FDFBF7CDBE222031F0D0FDAB
:10E39000FCF75AB9222030F015FEFCF755B92220BF
:10E3A0002FF026FDFCF750B9222031F0C1FDFCF71B
:10E3B00027B9222031F0BCFDFDF75EB8222030F0F5
:10E3C00001FEFDF759B822202FF012FDFDF754B8D9
:10E3D000222031F0ADFDFDF72BB8222030F0F2FD08
:10E3E000FDF726B822202FF003FDFDF721B82220EB
:10E3F00031F09EFDFCF7F8BF222030F0E3FDFCF782
:10E40000F3BF22202FF0F4FCFCF7EEBF222031F006
:10E410008FFDFCF7C1BF222030F0D4FDFCF7BCBF5C
:10E4200022202FF0E5FCFCF7B7BF222031F080FD61
:10E43000FCF7D4BC222030F0C5FDFCF7CFBC222075
:10E440002FF0D6FCFCF7CABC222031F071FDFCF79E
:10E45000A1BC222031F06CFDFCF771BF222030F00E
:10E46000B1FDFCF76CBF22202FF0C2FCFCF767BFA8
:10E47000222031F05DFDFCF73EBF222030F0A2FDEE
:10E48000FCF739BF22202FF0B3FCFCF734BF222069
:10E4900031F04EFDFCF70BBF222030F093FDFCF76E
:10E4A00006BF22202FF0A4FCFCF701BF222031F090
:10E4B0003FFDFCF7D4BE222030F084FDFCF7CFBE38
:10E4C00022202FF095FCFCF7CABE222031F030FD4F
:10E4D000FCF720BA222030F075FDFCF71BBA222091
:10E4E0002FF086FCFCF716BA222031F021FDFCF754
:10E4F000EDB9222031F01CFDFCF79ABE222030F04D
:10E5000061FDFCF795BE22202FF072FCFCF790BE57
:10E51000222031F00DFDFCF767BE222030F052FDC5
:10E52000FCF762BE22202FF063FCFCF75DBE2220C8
:10E5300031F0FEFCFCF734BE222030F043FDFCF746
:10E540002FBE22202FF054FCFCF72ABE222031F0EF
:10E55000EFFCFCF7FDBD222030F034FDFCF7F8BDE8
:10E5600022202FF045FCFCF7F3BD222031F0E0FC27
:10E57000FBF742BF222030F025FDFBF73DBF2220F4
:10E580002FF036FCFBF738BF222031F0D1FCFBF72F
:10E590000FBF222031F0CCFCFCF7CCBC222030F0A5
:10E5A00011FDFCF7C7BC22202FF022FCFCF7C2BCF7
:10E5B000222031F0BDFCFCF799BC222031F0B8FCE0
:10E5C000FCF7A4BD222030F0FDFCFCF79FBD22200B
:10E5D0002FF00EFCFCF79ABD222031F0A9FCFCF7CD
:10E5E00071BD222030F0EEFCFCF76CBD22202FF034
:10E5F000FFFBFCF767BD222031F09AFCFCF73EBD23
:10E60000222030F0DFFCFCF739BD22202FF0F0FB98
:10E61000FCF734BD222031F08BFCFCF707BD222033
:10E6200030F0D0FCFCF702BD22202FF0E1FBFCF71C
:10E63000FDBC222030F0C6FCFCF758BC22202FF095
:10E64000D7FBFCF753BC222031F072FCFCF72ABC4C
:10E65000222030F0B7FCFCF725BC22202FF0C8FBAD
:10E66000FCF720BC222031F063FCFCF7F3BB222036
:10E6700030F0A8FCFCF7EEBB22202FF0B9FBFCF732
:10E68000E9BB222030F09EFCFCF764BA22202FF078
:10E69000AFFBFCF75FBA222031F04AFCFCF736BA38
:10E6A000222030F08FFCFCF731BA22202FF0A0FBA3
:10E6B000FCF72CBA222031F03BFCFCF7FFB92220FA
:10E6C00030F080FCFCF7FAB922202FF091FBFCF728
:10E6D000F5B9222030F076FCFBF76ABE22202FF03D
:10E6E00087FBFBF765BE222031F022FCFBF73CBE26
:10E6F000222030F067FCFBF737BE22202FF078FB9A
:10E70000FBF732BE222031F013FCFBF7FABD2220CA
:10E7100030F058FCFBF7F5BD22202FF069FBFBF72A
:10E72000F0BD222030F04EFCFCF7D0B822202FF0B4
:10E730005FFBFCF7CBB8222031F0FAFBFCF7A2B864
:10E74000222030F03FFCFCF79DB822202FF050FB38
:10E75000FCF798B8222031F0EBFBFCF76BB82220D5
:10E7600030F030FCFCF766B822202FF041FBFCF7BC
:10E7700061B8222030F026FCFBF78ABF22202FF060
:10E7800037FBFBF785BF222030F01CFCFCF702BBF7
:10E7900022202FF02DFBFCF7FDBA222031F0C8FB20
:10E7A000FCF7D4BA222030F00DFCFCF7CFBA2220BF
:10E7B0002FF01EFBFCF7CABA222031F0B9FBFCF7A0
:10E7C0009DBA222030F0FEFBFCF798BA22202FF0F1
:10E7D0000FFBFCF793BA222030F0F4FBFCF7BEB835
:10E7E00022202FF005FBFCF7B9B8222031F0A0FB66
:10E7F000FDF743B9222030F0E5FBFDF73EB92220BA
:10E800002FF0F6FAFDF739B9222031F091FBFDF730
:10E8100010B9222031F08CFBFDF7F8B9222030F03E
:10E82000D1FBFDF7F3B9222031F082FBF9F7DEB816
:10E83000222030F0C7FBF9F7D9B822202FF0D8FA00
:10E84000F9F7D4B8222031F073FBF9F7A7B82220EA
:10E8500030F0B8FBF9F7A2B822202FF0C9FAF9F787
:10E860009DB822202FF0C4FAFCF790BE222031F090
:10E870005FFBFCF767BE222030F0A4FBFCF762BE12
:10E8800022202FF0B5FAFCF75DBE222031F050FBBC
:10E89000FCF734BE222030F095FBFCF72FBE22207F
:10E8A0002FF0A6FAFCF72ABE222031F041FBFCF73C
:10E8B000FCBD222031F03CFBFCF768BE222030F08A
:10E8C00081FBFCF763BE222031F032FBFCF7AFBFC7
:10E8D000222030F077FBFCF7AABF22202FF088FA25
:10E8E000FCF7A5BF222031F023FBFCF77CBF2220E0
:10E8F00030F068FBFCF777BF22202FF079FAFCF7A5
:10E9000072BF222031F014FBFCF749BF222030F007
:10E9100059FBFCF744BF22202FF06AFAFCF73FBFF7
:10E92000222031F005FBFCF711BF222030F04AFB1A
:10E93000FCF70CBF22202FF05BFAFCF707BF222068
:10E9400031F0F6FAFCF7E9BE222030F03BFBFCF791
:10E95000E4BE22202FF04CFAFCF7DFBE222031F07B
:10E96000E7FAFCF7B6BE22202FF042FAFDF74EB9C7
:10E97000222031F0DDFAFDF721B9222030F022FB10
:10E98000FDF71CB922202FF033FAFDF717B922202A
:10E9900030F018FBFDF74DB822202FF029FAFDF7D3
:10E9A00048B8222031F0C4FAFDF71FB8222030F019
:10E9B00009FBFDF71AB822202FF01AFAFDF715B857
:10E9C000222031F0B5FAFCF7E7BF222030F0FAFA46
:10E9D000FCF7E2BF22202FF00BFAFCF7DDBF22206C
:10E9E00031F0A6FAFCF7ADBF222030F0EBFAFCF7CD
:10E9F000A8BF22202FF0FCF9FCF7A3BF222031F0A2
:10EA000097FAFCF77ABF222030F0DCFAFCF775BFEA
:10EA100022202FF0EDF9FCF770BF222031F088FAA8
:10EA2000FCF747BF222030F0CDFAFCF742BF22208E
:10EA30002FF0DEF9FCF73DBF222031F079FAFCF728
:10EA40000FBF222030F0BEFAFCF70ABF22202FF0C1
:10EA5000CFF9FCF705BF22202FF0CAF9FDF71BB94B
:10EA6000222031F065FAFDF7EEB8222030F0AAFA44
:10EA7000FDF7E9B822202FF0BBF9FDF7E4B822201A
:10EA800030F0A0FAFCF725BE22202FF0B1F9FCF7F8
:10EA900020BE222031F04CFAFCF7F7BD222030F0E6
:10EAA00091FAFCF7F2BD22202FF0A2F9FCF7EDBDA0
:10EAB000222031F03DFAFCF7BFBD222030F082FA6F
:10EAC000FCF7BABD22202FF093F9FCF7B5BD222048
:10EAD00031F02EFAFDF756B8222030F073FAFDF728
:10EAE00051B822202FF084F9FDF74CB8222031F0E4
:10EAF0001FFAFDF71FB8222030F064FAFDF71AB8AC
:10EB000022202FF075F9FDF715B8222030F05AFABF
:10EB1000FCF7CBBC22202FF06BF9FCF7C6BC2220FF
:10EB200031F006FAFDF7B7B8222030F04BFAFDF7C6
:10EB3000B2B8222030F046FAFCF7B6BF22202FF000
:10EB400057F9FCF7B1BF222031F0F2F9FCF7D4BF3E
:10EB5000222030F037FAFCF7CFBF22202FF048F9FF
:10EB6000FCF7CABF222031F0E3F9FCF79DBF222059
:10EB700030F028FAFDF70AB922202FF039F9FDF715
:10EB800005B9222030F01EFAFDF758B922202FF0E7
:10EB90002FF9FDF753B9222030F014FAFDF7BCB875
:10EBA00022202FF025F9FDF7B7B8222031F0C0F967
:10EBB000FDF7B2B8222031F0BBF9FDF73FB92220B2
:10EBC00031F0B6F9FDF70EB9222031F0B1F9FDF7B9
:10EBD0001FB9222030F0F6F9FDF71AB922202FF0E4
:10EBE00007F9FDF715B9222031F0A2F9FDF7CEB8EB
:10EBF000222031F09DF9FDF7DFB8222030F0E2F954
:10EC0000FDF7DAB822202FF0F3F8FDF7D5B822206F
:10EC100030F0D8F9FDF7E6B822202FF0E9F8FDF73B
:10EC2000E1B8222030F0CEF9FDF7B5B922202FF05F
:10EC3000DFF8FDF7B0B9222031F07AF9FDF7A5BE73
:10EC4000222030F0BFF9FDF7A0BE22202FF0D0F82F
:10EC5000FDF79BBE222031F06BF9FDF772BE22203A
:10EC600031F066F9FDF7F0BA222030F0ABF9FDF78C
:10EC7000EBBA22202FF0BCF8FDF7E6BA222031F0E3
:10EC800057F9FDF7BDBA222031F052F9FDF700BB6C
:10EC9000222031F04DF9FDF7DBBD222030F092F952
:10ECA000FDF7D6BD22202FF0A3F8FDF7D1BD22201D
:10ECB00031F03EF9FDF7A8BD222030F083F9FDF7D1
:10ECC000A3BD22202FF094F8FDF79EBD222031F045
:10ECD0002FF9FDF775BD222030F074F9FDF770BDF6
:10ECE00022202FF085F8FDF76BBD222031F020F9AE
:10ECF000FDF742BD222030F065F9FDF73DBD222031
:10ED00002FF076F8FDF738BD222031F011F9FDF72C
:10ED10000ABD222030F056F9FDF705BD22202FF064
:10ED200067F8FDF700BD222030F04CF9FDF751BE29
:10ED300022202FF05DF8FDF74CBE222031F0F8F8CC
:10ED4000FDF705B9222030F03DF9FDF700B922208A
:10ED50002FF04EF8FDF7FBB8222031F0E9F8FDF76F
:10ED6000D2B8222030F02EF9FDF7CDB822202FF0B6
:10ED70003FF8FDF7C8B8222031F0DAF8FDF79FB868
:10ED8000222030F01FF9FDF79AB822202FF030F83A
:10ED9000FDF795B8222031F0CBF8FDF767B82220B7
:10EDA00030F010F9FDF762B822202FF021F8FDF7BE
:10EDB0005DB8222031F0BCF8FDF7EDB8222031F02B
:10EDC000B7F8FDF7B6B9222030F0FCF8FDF7B1B97D
:10EDD00022202FF00DF8FDF7ACB9222031F0A8F871
:10EDE000FDF783B9222030F0EDF8FDF77EB922203F
:10EDF0002EF0FEFFFDF779B9222031F099F8FDF7EA
:10EE000050B9222030F0DEF8FDF74BB922202EF069
:10EE1000EFFFFDF746B9222031F08AF8FDF71DB962
:10EE2000222030F0CFF8FDF718B922202EF0E0FFB5
:10EE3000FDF713B9222031F07BF8FDF7E5B8222069
:10EE400030F0C0F8FDF7E0B822202EF0D1FFFDF73A
:10EE5000DBB8222031F06CF8FDF7BBBD222031F089
:10EE600067F8FDF746BC222030F0ACF8FDF741BC56
:10EE700022202EF0BDFFFDF73CBC222031F058F8D7
:10EE8000FDF713BC222030F09DF8FDF70EBC2220C8
:10EE90002EF0AEFFFDF709BC222031F049F8FDF756
:10EEA000E0BB222030F08EF8FDF7DBBB22202EF0F5
:10EEB0009FFFFDF7D6BB222031F03AF8FDF7ADBB3E
:10EEC000222030F07FF8FDF7A8BB22202EF090FF23
:10EED000FDF7A3BB222031F02BF8FDF775BB2220F4
:10EEE00030F070F8FDF770BB22202EF081FFFDF7A7
:10EEF0006BBB222030F066F8FDF7F2BA22202EF02C
:10EF000077FFFDF7EDBA222031F012F8FDF7C4BA11
:10EF1000222030F057F8FDF7BFBA22202EF068FF0C
:10EF2000FDF7BABA222031F003F8FDF78CBA22209F
:10EF300030F048F8FDF787BA22202EF059FFFDF790
:10EF400082BA222030F0F4FFFDF73FBA222030F0E1
:10EF500039F8FDF73ABA22202EF04AFFFDF735BA0C
:10EF6000222030F0E5FFFDF70CBA222030F02AF81D
:10EF7000FDF707BA22202EF03BFFFDF702BA222050
:10EF800030F0D6FFFDF7D9B9222030F01BF8FDF79D
:10EF9000D4B9222030F016F8FDF77AB922202EF0ED
:10EFA00027FFFDF775B9222030F00CF8FDF731BAD4
:10EFB00022202EF01DFFFDF72CBA22202EF018FF84
:10EFC000FDF7BBB9222030F0B3FFFDF78DB9222049
:10EFD0002FF0F8FFFDF788B922202EF009FFFDF78A
:10EFE00083B922202FF0EEFFFDF7ABBC22202EF0DC
:10EFF000FFFEFDF7A6BC222030F09AFFFDF77DBC96
:10F0000022202FF0DFFFFDF778BC22202EF0F0FE4B
:10F01000FDF773BC222030F08BFFFDF745BC2220AA
:10F020002FF0D0FFFDF740BC22202EF0E1FEFDF7CF
:10F030003BBC222030F07CFFFDF7EBB9222030F002
:10F0400077FFFDF795BA22202FF0BCFFFDF790BAAD
:10F0500022202EF0CDFEFDF78BBA222030F068FF83
:10F06000FDF762BA22202FF0ADFFFDF75DBA222036
:10F070002EF0BEFEFDF758BA222030F059FFFDF702
:10F080002FBA22202FF09EFFFDF7BAB822202EF0D3
:10F09000AFFEFDF7B5B8222030F04AFFFDF78CB87F
:10F0A00022202FF08FFFFDF787B822202EF0A0FE40
:10F0B000FDF782B8222030F03BFFFDF754B8222044
:10F0C0002FF080FFFDF74FB822202EF091FEFDF7C4
:10F0D0004AB8124E124D04ACFCF768BA11492046EA
:10F0E0002DF0B2FD2046F1F74FFA20462DF004FE38
:10F0F0003368012B06D0032B0BD033B9222030F01C
:10F1000017FF02E022202EF073FED7ED167AFBF7F0
:10F1100013BF22202FF056FFF7E700BF9807FF1F0D
:10F120008407FF1FECC104002DE9F04784B06F494C
:10F130006F4DDFF8E0A1DFF8E091DFF8E0816D4F7F
:10F140006D4C064601A82DF07FFD01A8F1F71CFAD1
:10F1500001A82DF0D1FD07EE906AB8EE670AF1F72D
:10F16000CBF9296801A82DF06FFD01A8F1F70CFA81
:10F1700001A82DF0C1FD614901A82DF065FD01A890
:10F18000F1F702FA01A82DF0B7FD9AF8003000EE71
:10F19000103AB8EE400AF1F7AFF9296801A82DF04E
:10F1A00053FD01A8F1F7F0F901A82DF0A5FD544990
:10F1B00001A82DF049FD01A8F1F7E6F901A82DF00D
:10F1C0009BFD99F8003000EE103AB8EE400AF1F7D6
:10F1D00093F9296801A82DF037FD01A8F1F7D4F9BA
:10F1E00001A82DF089FD474901A82DF02DFD01A8AA
:10F1F000F1F7CAF901A82DF07FFD98F8003000EE74
:10F20000103AB8EE400AF1F777F9296801A82DF015
:10F210001BFD01A8F1F7B8F901A82DF06DFD3A49E1
:10F2200001A82DF011FD01A8F1F7AEF901A82DF00C
:10F2300063FD3B7800EE103AB8EE400AF1F75CF956
:10F24000296801A82DF000FD01A8F1F79DF901A89A
:10F250002DF052FD2D4901A82DF0F6FC01A8F1F783
:10F2600093F901A82DF048FD296801A82DF0ECFCC8
:10F2700001A8F1F789F901A82DF03EFD10212448DD
:10F2800030F0D0FD314600230A2220462DF0F4FA5A
:10F2900020462DF0D9FA9AF8001000230A222046C1
:10F2A0002DF0EAFA20462DF0CFFA99F8001000234D
:10F2B0000A2220462DF0E0FA20462DF0C5FA98F8F3
:10F2C000001000230A2220462DF0D6FA20462DF009
:10F2D000BBFA397800230A2220462DF0CDFA2046C9
:10F2E00004B0BDE8F0472DF0AFBA00BF28C7040056
:10F2F0008007FF1FBA18FF1F6008FF1F40C70400E8
:10F3000054C7040068C704007CC7040090C7040009
:10F310009CC70400B818FF1FBB18FF1FB918FF1FB8
:10F32000F0B5B34B2DED028BD3F884049BB00028CD
:10F3300004F0BA810AAC00250146AE4A0A950123C1
:10F34000204627F06BFA002844F0C281AA49AB4856
:10F35000AB4DF1F795FD0123A64AA54905A8F1F7A4
:10F36000B5FFA84905A8F1F78BFDA74905A8F1F756
:10F3700087FDA64905A8F1F783FDA4499F48F1F749
:10F380007FFDA34905A8F1F77BFDA2499B48F1F752
:10F3900077FDA14905A8F1F773FD9F499748F1F75B
:10F3A0006FFD9E4905A8F1F717FA9C499348F1F7BC
:10F3B00013FAD5F804219A49204634F023FC21465B
:10F3C00005A8F1F75DFD8D482146F1F759FD9549F6
:10F3D00005A8F1F755FD099B6BB11A68D668924AEA
:10F3E000964244F08081186D002803F0F7838F491E
:10F3F0000E2227F04BFED5F800218949204634F033
:10F4000001FC214605A8F1F73BFD894905A8F1F764
:10F4100037FD884905A8F1F7DFF9D5F8E0208049E4
:10F42000204634F0EFFB214605A8F1F729FD099BA2
:10F430006BB11A68D6687C4A964244F0C384186D52
:10F44000002803F007847C49132227F01FFED5F81B
:10F45000E4207349204634F0D5FB214605A8F1F796
:10F460000FFD099B6BB11A68D6686F4A964244F04B
:10F470006D84186D002803F0E38370490D2227F096
:10F4800005FED5F8E8206649204634F0BBFB21464E
:10F4900005A8F1F7F5FC6A4905A8F1F79DF9D5F83B
:10F4A000EC205F49204634F0ADFB214605A8F1F77A
:10F4B000E7FC644905A8F1F78FF9D5F8F020584921
:10F4C000204634F09FFB214605A8F1F7D9FC5E49A0
:10F4D00005A8F1F781F9D5F8F4205149204634F018
:10F4E00091FB214605A8F1F7CBFC584905A8F1F797
:10F4F000C7FC099B6BB11A68D6684B4A964244F028
:10F500002B84186D002803F0B9835149132227F08A
:10F51000BDFD2A684249204634F074FB214605A807
:10F52000F1F7AEFC099B6BB11A68D6683E4A964269
:10F5300044F03084186D002803F096834549142266
:10F5400027F0A4FD6A683649204634F05BFB21466B
:10F5500005A8F1F795FC404905A8F1F73DF995EDAF
:10F56000028AF7EE000AB0EE480A30F0A5FEB5EECA
:10F57000400AF1EE10FA03F0278318EE100A31F07A
:10F5800027FF02460B462046344934F03BFB214618
:10F5900005A8F1F775FC12212F4830F043FC1748FD
:10F5A0002146F1F76DFC2E4905A8F1F769FC2D49BC
:10F5B00005A8F1F711F995F89C202B49204634F065
:10F5C00021FB214605A8F1F75BFC284905A8F1F7C6
:10F5D00057FC099B002B4FD01A68D668124A9642F6
:10F5E00044F0AE83186D002803F0208340E000BF94
:10F5F000BC18FF1FB0C70400C0C704006008FF1F8D
:10F60000A813FF1FD8C70400F0C70400FCC70400FC
:10F610000CC8040010C8040014C804001CC804006E
:10F6200028C804002CC80400290C000058C8040095
:10F6300068C8040080C8040098C80400ACC804006E
:10F64000BCC80400CCC80400DCC80400ECC804003A
:10F65000F8C804000CC9040024C9040038C9040017
:10F6600040C904005CC9040070C9040074C90400E6
:10F67000B8490D2227F00AFDEA68B749204634F060
:10F68000C1FA214605A8F1F7FBFB099B6BB11A688B
:10F69000D668B24A964244F06583186D002803F09C
:10F6A000BB82AF490E2227F0F1FC2A69AA49204605
:10F6B00034F0A8FA214605A8F1F7E2FBA94905A80C
:10F6C000F1F78AF895ED058AF7EE000AB0EE480AE0
:10F6D00030F0F2FDB5EE400AF1EE10FA03F06A8266
:10F6E00018EE100A31F074FE02460B4620469E4981
:10F6F00034F088FA214605A8F1F7C2FB099B6BB1EB
:10F700001A68D668954A964244F04A83186D0028D4
:10F7100003F0788295490B2227F0B8FC95F89D20DC
:10F720009349204634F06EFA214605A8F1F7A8FB6C
:10F73000904905A8F1F7A4FB8F4905A8F1F74CF80B
:10F74000D5F8CC208449204634F05CFA214605A83F
:10F75000F1F796FB099B6BB11A68D6687F4A96420F
:10F7600044F02483186D002803F0428283490D225F
:10F7700027F08CFC2A6A7849204634F043FA214667
:10F7800005A8F1F77DFB7E4905A8F1F725F86A6A1F
:10F790007149204634F036FA214605A8F1F770FB8E
:10F7A000784905A8F1F718F895ED0A8AF7EE000AEE
:10F7B000B0EE480A30F080FDB5EE400AF1EE10FAE6
:10F7C00003F0EE8118EE100A31F002FE02460B46FD
:10F7D0002046654934F016FA214605A8F1F750FB9A
:10F7E000099B6BB11A68D6685C4A964244F0E48281
:10F7F000186D002803F0568263490B2227F046FC5F
:10F8000095F89E205A49204634F0FCF9214605A877
:10F81000F1F736FB5D4905A8F1F732FB099B6BB1A7
:10F820001A68D6684D4A964244F0A882186D00289E
:10F8300003F02E825649102227F028FCD5F8D0205C
:10F840004549204634F0DEF9214605A8F1F718FBBA
:10F85000099B6BB11A68D668404A964244F094827C
:10F86000186D002803F032824A49112227F00EFC5D
:10F87000D5F8D4203849204634F0C4F9214605A8EB
:10F88000F1F7FEFA099B6BB11A68D668334A9642C3
:10F8900044F03882186D002803F00E823E4914228D
:10F8A00027F0F4FB95ED368AF7EE000AB0EE480A31
:10F8B00030F002FDB5EE400AF1EE10FA03F0668179
:10F8C00018EE100A31F084FD02460B462046264908
:10F8D00034F098F9214605A8F1F7D2FA2F4905A886
:10F8E000F0F77AFF95F8DC202149204634F08AF9B8
:10F8F000214605A8F1F7C4FA294905A8F1F7C0FA8D
:10F90000284905A8F0F768FFAA6B1349204634F090
:10F9100079F9214605A8F1F7B3FA234905A8F0F7CC
:10F920005BFFEA6B0C49204634F06CF9214605A8D0
:10F93000F1F7A6FA1D4905A8F0F74EFF95ED108ADC
:10F94000F7EE000AB0EE480A30F0B6FCB5EE400A19
:10F950002EE000BF80C9040028C80400290C000064
:10F9600090C90400A0C9040038C90400B4C9040047
:10F9700070C90400C0C90400CCC90400E0C9040077
:10F98000F0C9040000CA040014CA040020CA04001C
:10F9900034CA040048CA04005CCA040074CA0400E3
:10F9A00084CA040090CA0400A0CA0400B0CA0400BB
:10F9B000F1EE10FA03F0E08018EE100A31F008FDC5
:10F9C00002460B462046BA4934F01CF9214605A8E8
:10F9D000F1F756FAB74905A8F0F7FEFE95F89F2013
:10F9E000B549204634F00EF9214605A8F1F748FA4A
:10F9F000B24905A8F0F7F0FE95ED118AF7EE000A7E
:10FA0000B0EE480A30F058FCB5EE400AF1EE10FABC
:10FA100003F0A88018EE100A31F0DAFC02460B461B
:10FA20002046A34934F0EEF8214605A8F1F728FA5C
:10FA3000099B6BB11A68D668A14A964244F0988136
:10FA4000186D002803F06A819E49122227F01EFBE0
:10FA50006A6B9D49204634F0D5F8214605A8F1F798
:10FA60000FFA099B6BB11A68D668954A964244F022
:10FA70006181186D002803F047819449092227F01D
:10FA800005FB95ED128AF7EE000AB0EE480A30F059
:10FA900013FCB5EE400AF1EE10FA03F0598018EEAF
:10FAA000100A31F095FC02460B462046804934F09E
:10FAB000A9F8214605A8F1F7E3F9854905A8F1F76A
:10FAC000DFF9099B6BB11A68D6687D4A964244F00B
:10FAD0000781186D002803F00D817E490E2227F062
:10FAE000D5FAAA6D7849204634F08CF8214605A84D
:10FAF000F1F7C6F9099B6BB11A68D668704A96424D
:10FB000044F0F480186D002803F0EA8072490F2257
:10FB100027F0BCFAEA6D6C49204634F073F82146B0
:10FB200005A8F1F7ADF9099B6BB11A68D668644A6C
:10FB3000964244F0E180186D002803F04F81674938
:10FB40000D2227F0A3FA95ED188AF7EE000AB0EE21
:10FB5000480A30F0B1FBB5EE400AF1EE10FA02F0BF
:10FB6000ED8718EE100A31F033FC02460B462046B2
:10FB70004F4934F047F8214605A8F1F781F9584973
:10FB800005A8F0F729FE95F8A0204B49204634F04F
:10FB900039F8214605A8F1F773F9099B6BB11A688A
:10FBA000D668474A964244F07180186D002803F0E9
:10FBB0000B814C49122227F069FA95ED198AF7EE6C
:10FBC000000AB0EE480A30F077FBB5EE400AF1EEDD
:10FBD00010FA02F0A98718EE100A31F0F9FB02467C
:10FBE0000B462046324934F00DF8214605A8F1F7BE
:10FBF00047F93D4905A8F0F7EFFD6A6D3249204607
:10FC000034F000F8214605A8F1F73AF9374905A87C
:10FC1000F0F7E2FD95ED1A8AF7EE000AB0EE480A19
:10FC200030F04AFBB0EE480AF7EE000A30F044FB31
:10FC3000B5EE400AF1EE10FA02F06C8718EE100AE9
:10FC400031F0C6FB02460B462046194933F0DAFF75
:10FC5000214605A8F1F714F9254905A8F1F710F98F
:10FC6000244905A8F1F70CF9214905A8F1F708F98D
:10FC7000214905A8F1F704F9099B6BB11A68D66808
:10FC80000F4A964244F00880186D002803F0BA80AD
:10FC90001A49062227F0FAF9AA690B49204633F0DF
:10FCA000B1FF214605A8F1F7EBF8099B28E000BF5A
:10FCB00038C90400C0CA040070C90400D0CA0400D6
:10FCC000290C0000E4CA040028C80400F8CA040093
:10FCD00004CB040010CB040020CB040030CB040084
:10FCE00040CB040050CB040064CB040078CB04006C
:10FCF0000CC8040084CB040090CB0400C8CB0400E3
:10FD00006BB11A68D668A84A964243F0E387186D2B
:10FD1000002803F06D80A549062227F0B7F9EA69AB
:10FD2000A349204633F06EFF214605A8F1F7A8F855
:10FD3000099B6BB11A68D6689B4A964243F0A0872C
:10FD4000186D002803F036809A49062227F09EF9A4
:10FD5000EA6A9749204633F055FF214605A8F1F796
:10FD60008FF8099B6BB11A68D6688F4A964243F0A8
:10FD70009987186D002803F013808F49062227F019
:10FD800085F92A6B8A49204633F03CFF214605A8B5
:10FD9000F1F776F8099B6BB11A68D668824A9642E9
:10FDA00043F0B687186D002802F0F08783490722D8
:10FDB00027F06CF9EA6C7E49204633F023FF214698
:10FDC00005A8F1F75DF8099B6BB11A68D668764A09
:10FDD000964243F0A387186D002802F0CD8778493A
:10FDE000072227F053F92A6D7149204633F00AFFA4
:10FDF000214605A8F1F744F8099B6BB11A68D6684B
:10FE0000694A964243F09087186D002803F05E809F
:10FE10006C49072227F03AF9EA6E6549204633F02B
:10FE2000F1FE214605A8F1F72BF8674905A8F0F780
:10FE3000D3FC2A6F5E49204633F0E4FE214605A834
:10FE4000F1F71EF8614905A8F1F71AF8099B6BB1A3
:10FE50001A68D668544A964243F00087186D002805
:10FE600003F02A805A490C2227F010F9D5F8C8204F
:10FE70004F49204633F0C6FE214605A8F1F700F8A9
:10FE8000544905A8F0F7A8FCD5F8F82048492046C1
:10FE900033F0B8FE214605A8F0F7F2FF4E4905A859
:10FEA000F0F7EEFF099B6BB11A68D6683E4A96429E
:10FEB00043F0DA86186D002803F01C8047490622BB
:10FEC00027F0E4F8D5F8FC203949204633F09AFEB3
:10FED000214605A8F0F7D4FF414905A8F0F7D0FF67
:10FEE000404905A8F0F7CCFF3D4905A8F0F7C8FF49
:10FEF0003D4905A8F0F7C4FF099B6BB11A68D668A5
:10FF0000294A964243F06E86186D002802F0E88771
:10FF10003649112227F0BAF86A6F2549204633F096
:10FF200071FE214605A8F0F7ABFF099B6BB11A687B
:10FF3000D6681D4A964243F08B86186D002803F060
:10FF400001802B490E2227F0A1F8AA6F18492046FC
:10FF500033F058FE214605A8F0F792FF099B6BB1DC
:10FF60001A68D668104A964243F05486186D0028E5
:10FF700002F0DE871F49102227F088F8EA6F0C494B
:10FF8000204633F03FFE214605A8F0F779FF1A49D5
:10FF900005A8F0F721FCD5F880200549204633F06C
:10FFA00031FE214605A829E0290C0000D0CB040031
:10FFB00028C80400D8CB0400E0CB0400E8CB040040
:10FFC000F0CB0400F8CB040000CC040008CC040003
:10FFD00048CC040058CC040060CC04008CCC040055
:10FFE0000CC8040094CC0400A0CC0400D8CC0400BD
:10FFF000ECCC0400FCCC040010CD0400F0F740FF72
:020000021000EC
:10000000A94905A8F0F7E8FBD5F88420A7492046C0
:1000100033F0F8FD214605A8F0F732FFA44905A802
:10002000F0F7DAFBD5F88820A049204633F0EAFD46
:10003000214605A8F0F724FF9E4905A8F0F7CCFB60
:10004000D5F88C209949204633F0DCFD214605A8DF
:10005000F0F716FF984905A8F0F7BEFBD5F89020F9
:100060009249204633F0CEFD214605A8F0F708FF5F
:10007000099B6BB11A68D668904A964243F0428554
:10008000186D002802F04A878D49112226F0FEFFE4
:10009000D5F894208549204633F0B4FD214605A8C3
:1000A000F0F7EEFE874905A8F0F796FBD5F8982003
:1000B0007E49204633F0A6FD214605A8F0F7E0FE74
:1000C000814905A8F0F7DCFE804905A8F0F7D8FEC5
:1000D0007D4905A8F0F7D4FE7D4905A8F0F7D0FECC
:1000E000099B6BB11968754ACD68954243F010853C
:1000F000186D002802F008877649072226F0C6FF0F
:10010000754E7649B26D204633F07CFD214605A838
:10011000F0F7B6FE724905A8F0F7B2FE099B6BB185
:100120001A68D568654A954243F05685186D0028CF
:1001300002F0A4866B49112226F0A8FF32686749B5
:10014000204633F05FFD214605A8F0F799FE099B94
:100150006BB11A68D568594A954243F06785186DA6
:10016000002802F0818660490E2226F08FFFB26AD5
:100170005A49204633F046FD214605A8F0F780FE97
:10018000099B6BB11A68D5684C4A954243F0548577
:10019000186D002802F086865449182226F076FF52
:1001A00072694E49204633F02DFD214605A8F0F72F
:1001B00067FE4F4905A8F0F763FE099B6BB11A680B
:1001C000D5683E4A954243F05585186D002802F0E7
:1001D0005F8648490B2226F059FF72683F49204646
:1001E00033F010FD214605A8F0F74AFE099B6BB1DC
:1001F0001A68D568314A954243F01285186D002877
:1002000002F028863C49082226F040FFF26A334972
:10021000204633F0F7FC214605A8F0F731FE099B94
:100220006BB11A68D568254A954243F00B85186D65
:10023000002802F005863149122226F027FFB26914
:100240002649204633F0DEFC214605A8F0F718FECB
:100250002B4905A8F0F714FE099B6BB11A68D56805
:10026000164A954243F02485186D002802F0DE8579
:1002700024490B2226F00AFFB2681849204633F0C1
:10028000C1FC214605A8F0F7FBFD099B002B3FD0E0
:100290001A68D568094A954243F01085186D002800
:1002A00002F0BA8530E000BF20CD040028C8040069
:1002B00034CD040044CD040058CD0400290C0000C6
:1002C00068CD04007CCD04000CC804008CCD040073
:1002D00094CD0400CCCD04006C11FF1FD4CD0400DC
:1002E000ECC80400D8CC0400ECCC0400D8CD040049
:1002F00074C90400F4CD040000CE04000CCE040048
:10030000C0C9040020CE0400B149082226F0BEFE78
:10031000326BB049204633F075FC214605A8F0F752
:10032000AFFDAD4905A8F0F757FAF269A949204693
:1003300033F068FC214605A8F0F7A2FDA74905A8FF
:10034000F0F79EFDA64905A8F0F746FAF268A14924
:10035000204633F057FC214605A8F0F791FDA1494E
:1003600005A8F0F739FA726B9A49204633F04AFC37
:10037000214605A8F0F784FD9B4905A8F0F72CFA63
:10038000326A9449204633F03DFC214605A8F0F737
:1003900077FD964905A8F0F773FD954905A8F0F794
:1003A0001BFA32698B49204633F02CFC214605A804
:1003B000F0F766FD099B6BB11A68D5688D4A9542C6
:1003C00043F08284186D002802F0B0868A49092221
:1003D00026F05CFEB26B7F49884D204633F012FC5C
:1003E000214605A8F0F74CFD854905A8F0F7F4F97A
:1003F000726A7849204633F005FC214605A8F0F7DB
:100400003FFD804905A8F0F73BFD7F4905A8F0F7BF
:1004100037FD7C4905A8F0F733FD7C4905A8F0F7C6
:100420002FFD7B4905A8F0F7D7F9AA6D6949204649
:1004300033F0E8FB214605A8F0F722FD754905A831
:10044000F0F71EFD744905A8F0F7C6F96A6D614919
:10045000204633F0D7FB214605A8F0F711FD6F4980
:1004600005A8F0F70DFD6E4905A8F0F7B5F92A6863
:100470006C49204633F0C6FB214605A8F0F700FD85
:10048000694905A8F0F7A8F9AA6A6649204633F039
:10049000B9FB214605A8F0F7F3FC099B6BB11A687C
:1004A000D768544A974243F0EB82186D002802F057
:1004B00033865E49182226F0E9FD6A6959492046CB
:1004C00033F0A0FB214605A8F0F7DAFC099B6BB1DD
:1004D0001A68D768474A974243F0D882186D0028B7
:1004E00002F038865249172226F0D0FD95ED178A82
:1004F000F7EE000AB0EE480A2FF0DEFEB5EE400A35
:10050000F1EE10FA02F0FC8218EE100A30F060FFF3
:1005100002460B462046474933F074FB214605A8A6
:10052000F0F7AEFC42494448F0F756F942482146FC
:10053000F0F7A6FC41494048F0F74EF9A96F3E4854
:10054000F0F740F93E4905A8F0F746F9AA6F35499A
:10055000204633F057FB214605A8F0F791FC3949B6
:1005600005A8F0F78DFC2B6C012B0CBF36493749E1
:1005700005A8F0F785FC364905A8F0F781FC354958
:1005800005A8F0F729F96A682649204633F03AFBB6
:10059000214605A8F0F774FC099B6BB11A68D7686F
:1005A000144A974243F03282186D002802F0C88541
:1005B0002949082226F06AFDEA6A1A49204633F0E2
:1005C00021FB214605A8F0F75BFC099B46E000BF34
:1005D0002CCE0400D4CD040038CE040084CA04001C
:1005E0004CCE04005CCE040068CE040004CB0400B2
:1005F0007CCE0400290C00008CCE04004C12FF1F9E
:1006000098CE04000CC80400ACCE0400B8CE0400A0
:10061000CCCD0400F0CE04002CCF0400ECC80400C4
:10062000D8CC040028C80400ECCC0400D8CD0400C9
:1006300040CF040038C904006008FF1F58CF0400F1
:1006400094CF0400A4CF0400B8CF0400CCCF0400A2
:1006500074C90400F4CD040000CE04006BB11A6824
:10066000D768B24A974243F00582186D002802F01D
:100670009985AF49122226F009FDAA69AD492046A5
:1006800033F0C0FA214605A8F0F7FAFB099B6BB1DD
:100690001A68D768A54A974243F07380186D0028FE
:1006A00002F07685A449112226F0F0FC95ED188A17
:1006B000F7EE000AB0EE480A2FF0FEFDB5EE400A54
:1006C000F1EE10FA02F0128218EE100A30F080FEFD
:1006D00002460B462046994933F094FA214605A874
:1006E000F0F7CEFB964905A8F0F776F8EA6F914946
:1006F000204633F087FA214605A8F0F7C1FB91495F
:1007000005A8F0F7BDFB6B6C012B0CBF8E498F4920
:1007100005A8F0F7B5FB8E4905A8F0F7B1FB099BDA
:100720006BB11A68D768814A974243F05D81186DB2
:10073000002802F0238587490B2226F0A7FCAA682F
:100740007C49204633F05EFA214605A8F0F798FB75
:10075000099B6BB11A68D768744A974243F04A8183
:10076000186D002802F000857B49082226F08EFCD7
:100770002A6B7049204633F045FA214605A8F0F768
:100780007FFB764905A8F0F727F8EA696949204612
:1007900033F038FA214605A8F0F772FB704905A836
:1007A000F0F71AF895ED198AF7EE000AB0EE480A4C
:1007B0002FF082FDB5EE400AF1EE10FA02F08C81C6
:1007C00018EE100A30F004FE02460B4620465B4944
:1007D00033F018FA214605A8F0F752FB099B6BB1DC
:1007E0001A68D768514A974243F00A81186D002869
:1007F00002F014855B49082226F048FCD5F88020D9
:100800004C49204633F0FEF9214605A8F0F738FBA5
:100810004C4905A8F0F734FBAB6C012B0CBF5249D7
:10082000524905A8F0F72CFB514905A8F0F728FB21
:10083000099B6BB11A68D7683C4A974243F0AA807B
:10084000186D002802F0E0844A490C2226F01EFCB4
:10085000EA683849204633F0D5F9214605A8F0F773
:100860000FFB099B6BB11A68D768304A974243F077
:100870009780186D002802F0E5843F49092226F090
:1008800005FC6A6B2B49204633F0BCF9214605A8CC
:10089000F0F7F6FA394905A8EFF79EFF2A6A2549CD
:1008A000204633F0AFF9214605A8F0F7E9FA099B95
:1008B0006BB11A68D7681D4A974243F08F80186D54
:1008C000002802F0B5842E49122226F0DFFB95EDB8
:1008D0001A8AF7EE000AB0EE480A2FF0EDFCB5EEEA
:1008E000400AF1EE10FA02F0ED8018EE100A30F036
:1008F0006FFD02460B462046104933F083F921462E
:1009000005A8F0F7BDFA099B002B3DD01A68D768FF
:10091000064A974243F03880186D002802F06A8436
:100920001849092226F0B2FB2EE000BF290C000076
:100930000CCE040028C80400E0CF040038C904002D
:10094000F4CF040000D0040014D0040024D004002C
:10095000C0C9040020CE04002CCE040038CE040010
:1009600034D0040048D0040054D0040064D0040003
:1009700084CA04004CCE04005CCE040068CE04009F
:1009800074D0040088D00400D5F88420AD492046F6
:1009900033F038F9214605A8F0F772FAAA4905A8FC
:1009A000F0F76EFAEB6C012B0CBFA849A84905A81B
:1009B000F0F766FAA74905A8F0F762FA099B6BB150
:1009C0001A68D768A44A974242F0F087186D002849
:1009D00002F00684A1490C2226F058FB2A699949A5
:1009E000204633F00FF9214605A8F0F749FA9C4953
:1009F00005A8EFF7F1FEAA6B9249204633F002F901
:100A0000214605A8F0F73CFA964905A8EFF7E4FE61
:100A10006A6A8C49204633F0F5F8214605A8F0F7BC
:100A20002FFA099B6BB11A68D7688B4A974242F03C
:100A30009686186D002802F0C9838B49122226F091
:100A400025FB95ED1B8AF7EE000AB0EE480A2FF061
:100A500033FCB5EE400AF1EE10FA02F0298018EEF0
:100A6000100A30F0B5FC02460B4620467F4933F0B1
:100A7000C9F8214605A8F0F703FA099B6BB11A687B
:100A8000D768754A974242F07086186D002802F0C8
:100A900093837749092226F0F9FAD5F88820694925
:100AA000204633F0AFF8214605A8F0F7E9F966498A
:100AB00005A8F0F7E5F92B6D6E4D012B0CBF6E49C3
:100AC0006E4905A8F0F7DCF96D4905A8F0F7D8F9EB
:100AD0006C4905A8F0F7D4F9694905A8F0F7D0F9F1
:100AE000694905A8F0F7CCF9684905A8EFF774FE45
:100AF0002A685449204633F085F8214605A8F0F7C6
:100B0000BFF9099B6BB11A68D768534A974242F004
:100B10003286186D002802F0F9835D49082226F01C
:100B2000B5FA6A685B49204633F06CF8214605A89F
:100B3000F0F7A6F9584905A8F0F7A2F9099B6BB19F
:100B40001A68D768444A974242F00C87186D00280B
:100B500002F0D2835149172226F098FA2A6B3949BC
:100B6000204633F04FF8214605A8F0F789F94C49A3
:100B700005A8EFF731FE95ED0B8AF7EE000AB0EE0F
:100B8000480A2FF099FBB5EE400AF1EE10FA01F099
:100B9000858718EE100A30F01BFC02460B462046F3
:100BA000324933F02FF8214605A8F0F769F93D499D
:100BB00005A8F0F765F9099B6BB11A68D768264A52
:100BC000974242F0D586186D002802F0B38336496B
:100BD000112226F05BFAAA681A49204633F012F86F
:100BE000214605A8F0F74CF9099B6BB11A68D76844
:100BF000194A974242F07A86186D002802F09083D5
:100C00002A490E2226F042FA2A6A0E49204632F07C
:100C1000F9FF214605A8F0F733F9099B6BB11A6873
:100C2000D7680D4A974242F09786186D002802F067
:100C3000A9831F49182226F029FA6A69014920462A
:100C400038E000BF28C8040094D00400BCD00400E1
:100C5000CCD0040004CB0400290C00007CCE04009E
:100C60008CCE040098CE0400DCD0040038C9040007
:100C7000F0D004003811FF1FFCD004000CD1040098
:100C80000CC804001CD1040024D10400CCCD040005
:100C900050D10400D4CD04005CD1040078D104000C
:100CA00090D10400ECC80400D8CC0400ECCC0400C3
:100CB000D8CD040032F0A6FF214605A8F0F7E0F8F1
:100CC000AE4905A8F0F7DCF8AD4905A8EFF784FDBB
:100CD000EA68AC49204632F095FF214605A8F0F7B6
:100CE000CFF8099B6BB11A68D768A74A974242F0C0
:100CF0001586186D002802F03B83A449092226F0CE
:100D0000C5F96A6A9F49204632F07CFF214605A852
:100D1000F0F7B6F89E49132205A8EFF76DFDAA6912
:100D20009849204632F06EFF214605A8F0F7A8F852
:100D3000984905A8F0F7A4F8974905A8EFF74CFDE6
:100D40002A699049204632F05DFF214605A8F0F758
:100D500097F8099B6BB11A68D7688B4A974242F0A3
:100D6000B385186D002802F0F9828C49092226F01B
:100D70008DF9AA6A8349204632F044FF214605A82E
:100D8000F0F77EF8864905A8EFF726FDEA697D4968
:100D9000844D204632F036FF214605A8F0F770F862
:100DA000814905A8F0F76CF8804905A8F0F768F8C4
:100DB0007F4905A8F0F764F87E4905A8EFF70CFD18
:100DC0002A687049204632F01DFF214605A8F0F739
:100DD00057F8794905A8F0F753F8099B6BB11A68E1
:100DE000D768694A974242F07585186D002802F06D
:100DF000AB8272490E2226F049F96A6861492046A1
:100E000032F000FF214605A8F0F73AF80E216B48B2
:100E10002FF008F869686A48EFF7C8FC684821466F
:100E2000F0F72EF8099B6BB11A68D768564A9742BB
:100E300042F05685186D002802F040826149072271
:100E400026F024F995ED038AF7EE000AB0EE480A81
:100E50002FF032FAB5EE400AF1EE10FA01F01486E6
:100E600018EE100A30F0B4FA02460B4620465649F6
:100E700032F0C8FE214605A8F0F702F8534905A84C
:100E8000EFF7FEFF099B6BB11A68D5683E4A9542A1
:100E900042F05085186D002802F006824C49152258
:100EA00026F0F4F84B4D37492A68204632F0AAFE66
:100EB000214605A8EFF7E4FF099B6BB11A68D768D4
:100EC000314A974242F03C85186D002802F00A82B0
:100ED00041490E2226F0DAF86A682A49204632F0A3
:100EE00091FE214605A8EFF7CBFF099B6BB11A686D
:100EF000D768254A974242F04185186D002802F0D4
:100F0000E7813649072226F0C1F895ED038AF7EE0E
:100F1000000AB0EE480A2FF0CFF9B5EE400AF1EE24
:100F200010FA01F0A78518EE100A30F051FA0246C7
:100F30000B462046244932F065FE214605A8EFF70E
:100F40009FFF274D274905A8EFF79AFF264905A8D7
:100F5000EFF742FC2A680B49204632F053FE214647
:100F600005A8EFF78DFF099B002B47D01A68D768BB
:100F7000054A974242F0D88438E000BFA4D104006B
:100F80004CCE040028C80400290C00005CCE0400EC
:100F900068CE0400ACD104007CCE04008CCE0400EA
:100FA00098CE0400E810FF1FB4D10400CCD1040097
:100FB000D8D10400F4D104000CD2040020D20400E3
:100FC0006008FF1F30D2040038C9040038D2040082
:100FD00044D20400F810FF1F5CD204006CD204005D
:100FE0000811FF1F74D2040080D20400186D00287D
:100FF00002F05081B6490E2226F048F86A68B549D9
:10100000204632F0FFFD214605A8EFF739FF099B86
:101010006BB11A68D768B04A974242F09784186D4E
:10102000002802F02D81AD49072226F02FF895ED1A
:10103000038AF7EE000AB0EE480A2FF03DF9B5EE4C
:10104000400AF1EE10FA01F00B8518EE100A30F0AC
:10105000BFF902460B462046A14932F0D3FD214696
:1010600005A8EFF70DFF9F4D9F4905A8EFF708FF73
:101070009E4905A8EFF7B0FB2A689649204632F052
:10108000C1FD214605A8EFF7FBFE099B6BB11A686D
:10109000D768914A974242F08F84186D002802F079
:1010A000E58093490E2225F0F1FF6A6889492046C0
:1010B00032F0A8FD214605A8EFF7E2FE099B6BB1CF
:1010C0001A68D768844A974242F07C84186D0028D9
:1010D00002F0C2808749072225F0D8FF95ED038AE8
:1010E000F7EE000AB0EE480A2FF0E6F8B5EE400A37
:1010F000F1EE10FA01F0AA8418EE100A30F068F947
:1011000002460B462046764932F07CFD214605A872
:10111000EFF7B6FE784D794905A8EFF7B1FE7849AB
:1011200005A8EFF759FB2A686A49204632F06AFDA4
:10113000214605A8EFF7A4FE724905A8EFF74CFB7E
:101140006A686449204632F05DFD214605A8EFF744
:1011500097FE099B6BB11A68D7685F4A974242F0C5
:101160003784186D002801F001876749072225F0B0
:101170008DFF95ED038AF7EE000AB0EE480A2FF0D6
:101180009BF8B5EE400AF1EE10FA01F0558418EE26
:10119000100A30F01DF902460B462046504932F045
:1011A00031FD214605A8EFF76BFE5849584D05A8BB
:1011B000EFF766FE574905A8EFF762FE534905A809
:1011C000EFF75EFE544905A8EFF706FB2A68414990
:1011D000204632F017FD214605A8EFF751FE4F4992
:1011E00005A8EFF74DFE099B6BB11A68D7683A4A1C
:1011F000974242F00385186D002801F0AD864849FA
:101200000B2225F043FF6A683249204632F0FAFC8F
:10121000214605A8EFF734FE424905A8EFF7DCFAAE
:10122000AA682C49204632F0EDFC214605A8EFF7CC
:1012300027FE3D4905A8EFF7CFFAEA682549204681
:1012400032F0E0FC214605A8EFF71AFE099B6BB1CE
:101250001A68D768204A974242F0D684186D002851
:1012600001F0988631490C2225F010FF95ED0D8A8A
:10127000F7EE000AB0EE480A2FF01EF8B5EE400A6D
:10128000F1EE10FA01F0CE8318EE100A30F0A0F85B
:1012900002460B462046124932F0B4FC214605A80E
:1012A000EFF7EEFD0C2121482EF0BCFD686B30F00D
:1012B0008FF80B460621024600911D48EFF768FAA9
:1012C0001B482146EFF7DCFD099B002B40D031E0A5
:1012D00098D2040028C80400290C0000A8D20400F9
:1012E00038C904001811FF1FB0D20400BCD204009A
:1012F000D4D20400E4D204002811FF1FECD2040071
:10130000F8D2040010D3040020D304000CC8040059
:10131000F811FF1F28D30400CCCD040074C90400C9
:10132000F4CD040000CE04000CCE040030D3040041
:101330006008FF1F1A68D768B74A974242F0C48313
:10134000186D002801F01C86B4490C2225F09EFE81
:1013500095ED118AF7EE000AB0EE480A2EF0ACFFC8
:10136000B5EE400AF1EE10FA01F0528318EE100AC1
:1013700030F02EF802460B462046A94932F042FCD6
:10138000214605A8EFF77CFDA64905A8EFF778FDF3
:10139000099B6BB11A68D7689F4A974242F028842C
:1013A000186D002801F01E869F490B2225F06EFE65
:1013B0002A699E49204632F025FC214605A8EFF710
:1013C0005FFD099B6BB11A68D768934A974242F058
:1013D0009383186D002801F0FB859549082225F0BC
:1013E00055FE6A699149204632F00CFC214605A859
:1013F000EFF746FD8F49122205A8EFF7FDF9AA691C
:101400008A49204632F0FEFB214605A8EFF738FD59
:10141000894905A8EFF7E0F995ED0E8AF7EE000A85
:10142000B0EE480A2EF048FFB5EE400AF1EE10FA91
:1014300001F0E48218EE100A2FF0CAFF02460B46B4
:101440002046774932F0DEFB214605A8EFF718FD6C
:10145000099B6BB11A68D7686F4A974242F02283A2
:10146000186D002801F0AA8574490C2225F00EFEA3
:1014700095ED128AF7EE000AB0EE480A2EF01CFF36
:10148000B5EE400AF1EE10FA01F0AE8218EE100A45
:101490002FF09EFF02460B462046614932F0B2FB18
:1014A000214605A8EFF7ECFC654905A8EFF7E8FC35
:1014B000099B6BB11A68D768574A974242F0F88285
:1014C000186D002801F070855E490C2225F0DEFDC4
:1014D000EA695649204632F095FB214605A8EFF708
:1014E000CFFC594905A8EFF777F92A6A4F492046FA
:1014F00032F088FB214605A8EFF7C2FC099B6BB1CF
:101500001A68D768444A974242F0D882186D00287A
:1015100001F0A4854D49132225F0B8FD6A6A4349BC
:10152000204632F06FFB214605A8EFF7A9FC099B86
:101530006BB11A68D768384A974242F08982186DB1
:10154000002801F081854249102225F09FFD95ED8C
:101550000F8AF7EE000AB0EE480A2EF0ADFEB5EEA7
:10156000400AF1EE10FA01F0358218EE100A2FF061
:101570002FFF02460B462046294932F043FB214605
:1015800005A8EFF77DFC099B6BB11A68D768224A62
:10159000974242F06382186D002801F0B3852D490F
:1015A000102225F073FD95ED138AF7EE000AB0EED8
:1015B000480A2EF081FEB5EE400AF1EE10FA01F075
:1015C000DF8118EE100A2FF003FF02460B4620467B
:1015D000134932F017FB214605A8EFF751FC1E49CD
:1015E00005A8EFF74DFC099B6BB11A68D7680A4A4A
:1015F000974242F05182186D002801F03985174951
:101600000C2225F043FDAA6A0849204632F0FAFA76
:10161000214605A824E000BF290C000040D30400A7
:1016200038C90400C0C9040020CE040028C8040042
:101630002CCE040038CE040050D3040060D3040044
:1016400084CA04004CCE04005CCE040068CE0400C2
:1016500070D3040084D3040004CB04007CCE0400C7
:10166000EFF70EFCB54905A8EFF7B6F8EA6AB449FA
:10167000204632F0C7FA214605A8EFF701FCB14930
:1016800005A8EFF7A9F82A6BAD49204632F0BAFA5F
:10169000214605A8EFF7F4FBAB4905A8EFF79CF846
:1016A00095ED108AF7EE000AB0EE480A2EF004FE1F
:1016B000B5EE400AF1EE10FA01F0588118EE100A6A
:1016C0002FF086FE02460B462046A04932F09AFAD9
:1016D000214605A8EFF7D4FB099B6BB11A68D768C0
:1016E0009B4A974242F0AE81186D002801F0A28417
:1016F0009849102225F0CAFC95ED148AF7EE000AED
:10170000B0EE480A2EF0D8FDB5EE400AF1EE10FA20
:1017100001F0228118EE100A2FF05AFE02460B4605
:1017200020468A4932F06EFA214605A8EFF7A8FB59
:10173000894905A8EFF7A4FB884905A8EFF7A0FBA6
:10174000854905A8EFF79CFB854905A8EFF798FBAD
:10175000844905A8EFF794FB834905A8EFF790FBB0
:10176000824905A8EFF738F8726F7549204632F0C4
:1017700049FA214605A8EFF783FB099B6BB11A686C
:10178000D568734A954242F06F81186D002801F0C8
:1017900047847749132225F079FC96ED1C8AF7EEF1
:1017A000000AB0EE480A2EF087FDB5EE400AF1EED1
:1017B00010FA01F0C78018EE100A2FF009FE024659
:1017C0000B462046614932F01DFA214605A8EFF785
:1017D00057FB634905A8EFF753FB664905A8EFF7E8
:1017E0004FFB099B6BB11968594ACD68954242F08D
:1017F0007181186D002801F009845F49072225F0E6
:1018000045FC5E4D4E492A685D4E204632F0FAF99D
:10181000214605A8EFF734FB5A4905A8EFF730FB3E
:10182000594905A8EEF7D8FFB26D4549204632F078
:10183000E9F9214605A8EFF723FB544905A8EFF77E
:101840001FFB099B6BB11A68D768414A974242F067
:101850004781186D002801F0CF834D49112225F0F2
:1018600015FC6A683649204632F0CCF9214605A8B5
:10187000EFF706FB474905A8EEF7AEFFAA68304927
:10188000204632F0BFF9214605A8EFF7F9FA4249A0
:1018900005A8EEF7A1FFEA6A2949204632F0B2F91D
:1018A000214605A8EFF7ECFA3C4905A8EFF7E8FA5E
:1018B000099B6BB11A68D768254A974242F0168196
:1018C000186D002801F00A8635490B2225F0DEFB51
:1018D000EA681B49204632F095F9214605A8EFF742
:1018E000CFFA304905A8EEF777FF2A691449204658
:1018F00032F088F9214605A8EFF7C2FA2A4905A86F
:10190000EEF76AFF2A6B0E49204632F07BF921463A
:1019100005A8EFF7B5FA254905A8EFF7B1FA24496C
:1019200005A8EEF759FF6A690549204632F06AF9C1
:10193000214605A8EFF7A4FA3CE000BF8CCE0400D6
:1019400028C8040098CE040098D3040038C90400C5
:10195000290C0000ACD304000CC80400C0D3040060
:10196000CCD30400E8D3040020D4040078D10400D0
:1019700090D1040040D40400CCCD0400B014FF1F6B
:10198000D812FF1F6CD4040080D40400ECC80400FB
:10199000D8CC0400ECCC0400D8CD040074C90400F9
:1019A000F4CD040000CE04000CCE0400C0C9040035
:1019B00020CE0400099B6BB11A68D768AD4A9742E4
:1019C00041F0A386186D002801F07E85AA490822FF
:1019D00025F05CFBAA69A949204632F013F921469B
:1019E00005A8EFF74DFAA64905A8EEF7F5FE6A6BD4
:1019F000A249204632F006F9214605A8EFF740FA41
:101A0000A04905A8EFF73CFA099B6BB11A68D768A3
:101A1000984A974241F07F86186D002801F0728540
:101A200099490C2225F032FBEA699449204632F0AC
:101A3000E9F8214605A8EFF723FA099B6BB11A686C
:101A4000D7688C4A974241F0F186186D002801F062
:101A50004F858E49092225F019FB2A6A87492046BD
:101A600032F0D0F8214605A8EFF70AFA884905A810
:101A7000EEF7B2FEAA6B8149204632F0C3F8214648
:101A800005A8EFF7FDF9834905A8EFF7F9F9099BD8
:101A90006BB11A68D768774A974241F03086186D63
:101AA000002801F057857C490C2225F0EFFA6A6A7C
:101AB0007249204632F0A6F8214605A8EFF7E0F972
:101AC000099B6BB11A68D7686A4A974241F0C6868B
:101AD000186D002801F034857049092225F0D6FAE6
:101AE000AA6A6649204632F08DF8214605A8EFF72C
:101AF000C7F9099B6BB11A68D7685E4A974241F0F3
:101B00004686186D002801F011856549132225F0DD
:101B1000BDFAEA6B5949204632F074F8214605A80F
:101B2000EFF7AEF95F4905A8EFF7AAF95E4905A8F6
:101B3000EFF7A6F95B4905A8EFF7A2F95B4905A8FD
:101B4000EFF79EF9099B6BB11A68D768494A97422B
:101B500041F02386186D002801F0DE8454491722D5
:101B600025F094FA6A6C4549204632F04BF821463C
:101B700005A8EFF785F9099B6BB11A68D7683D4A4C
:101B8000974241F01086186D002801F037844949CA
:101B90000C2225F07BFA95ED138AF7EE000AB0EEE1
:101BA000480A2EF089FBB5EE400AF1EE10FA00F07B
:101BB000BF8618EE100A2FF00BFC02460B4620469B
:101BC0003D4932F01FF8214605A8EFF759F93B4986
:101BD00005A8EFF755F9099B6BB11A68D768254A34
:101BE000974241F04786186D002801F0FD83344983
:101BF0000A2225F04BFA2A6C2049204632F002F8DE
:101C0000214605A8EFF73CF9099B6BB11A68D76824
:101C1000184A974241F03486186D002801F04A8432
:101C20002849092225F032FA95ED128AF7EE000ACA
:101C3000B0EE480A2EF040FBB5EE400AF1EE10FA85
:101C400000F06C8618EE100A2FF0C2FB02460B461D
:101C50002046194931F0D6FF214605A8EFF710F9C3
:101C6000104905A8EFF70CF9174905A8EFF708F98F
:101C70002CE000BF290C00002CCE040028C8040072
:101C800038CE040084CA04004CCE04005CCE0400AC
:101C900068CE040004CB04007CCE04008CCE04008B
:101CA00098CE04000CC8040090D4040098D404001A
:101CB000B8D40400D0D4040038C90400E0D404002F
:101CC00004D50400F0D5040010D50400BC4905A8D3
:101CD000EFF7D6F8BB4905A8EFF7D2F8099B6BB12F
:101CE0001A68D568B84A954241F01B85186D0028DE
:101CF00001F0D683B549062225F0C8F9F26DB44942
:101D0000204631F07FFF214605A8EFF7B9F8B14929
:101D100005A8EFF7B5F8099B6BB11A68D568AA4A10
:101D2000954241F0A185186D002801F05383AA491E
:101D30000D2225F0ABF9326CA549204631F062FF47
:101D4000214605A8EFF79CF8A449172205A8EEF74D
:101D500053FD96ED148AF7EE000AB0EE480A2EF015
:101D6000ABFAB5EE400AF1EE10FA00F0CD8518EEB0
:101D7000100A2FF02DFB02460B462046984931F001
:101D800041FF214605A8EFF77BF894499548EEF707
:101D900023FD306D2FF01CFB0B46062102460091FF
:101DA0009048EEF7F5FC8F482146EFF769F8099B5C
:101DB0006BB11A68D568844A954241F06785186D01
:101DC000002801F0FD828849162225F05FF996ED82
:101DD000138AF7EE000AB0EE480A2EF06DFAB5EE5F
:101DE000400AF1EE10FA00F0858518EE100A2FF087
:101DF000EFFA02460B462046794931F003FF2146AF
:101E000005A8EFF73DF8794905A8EFF739F87849C3
:101E100005A8EEF7E1FCF26B6D49204631F0F2FEC9
:101E2000214605A8EFF72CF8724905A8EEF7D4FC77
:101E300096ED128AF7EE000AB0EE480A2EF03CFA50
:101E4000B5EE400AF1EE10FA00F04A8518EE100ADD
:101E50002FF0BEFA02460B462046614931F0D2FE11
:101E6000214605A8EFF70CF8634905A8EEF7B4FC86
:101E700096ED118AF7EE000AB0EE480A2EF01CFA31
:101E8000B5EE400AF1EE10FA00F0208518EE100AC7
:101E90002FF09EFA02460B462046514931F0B2FE21
:101EA000214605A8EEF7ECFF544905A8EEF794FC8F
:101EB00096ED1B8AF7EE000AB0EE480A2EF0FCF908
:101EC000B5EE400AF1EE10FA00F0F68418EE100AB2
:101ED0002FF07EFA02460B462046414931F092FE31
:101EE000214605A8EEF7CCFF099B6BB11A68D568AF
:101EF000354A954241F00085186D002801F0568260
:101F00003F49122225F0C2F896ED1A8AF7EE000A30
:101F1000B0EE480A2EF0D0F9B5EE400AF1EE10FA14
:101F200000F0C08418EE100A2FF052FA02460B4659
:101F300020462B4931F066FE214605A8EEF7A0FFAA
:101F4000304905A8EEF79CFF099B6BB11A68D5686C
:101F50001D4A954241F0D684186D002801F01C827C
:101F600029490A2225F092F8326E1949204631F0AB
:101F700049FE214605A8EEF783FF114905A8EEF7B3
:101F80007FFF224905A8EEF77BFF0D4905A8EEF774
:101F900077FF1F4905A8EEF773FF099B002B3BD085
:101FA0001968094ACD68954241F0B284186D00283D
:101FB00001F0E48217490C2225F068F82CE000BFFC
:101FC0000CC8040018D50400290C000044D50400F6
:101FD00028C804004CD5040058D5040068D5040076
:101FE00038C904006008FF1F80D5040098D504009C
:101FF000A0D50400B0D50400CCD50400E4D504007D
:10200000FCD5040010D604003CD6040048D60400D9
:1020100054D6040094D60400B94DBA49AA682046A3
:1020200031F0F0FD214605A8EEF72AFF099B6BB1C0
:102030001A68D668B44A964241F00484186D0028A4
:1020400001F09282B1490F2225F020F895ED038A24
:10205000F7EE000AB0EE480A2EF02EF9B5EE400A6F
:10206000F1EE10FA00F0148418EE100A2FF0B0F917
:1020700002460B462046A64931F0C4FD214605A87C
:10208000EEF7FEFE099B6BB11A68D6689E4A96422F
:1020900041F0DE83186D002801F084829D490D22F5
:1020A00024F0F4FF2A699749204631F0ABFD214620
:1020B00005A8EEF7E5FE984905A8EEF78DFB95ED2E
:1020C000068AF7EE000AB0EE480A2EF0F5F8B5EEF3
:1020D000400AF1EE10FA00F0D28318EE100A2FF049
:1020E00077F902460B462046894931F08BFD21469F
:1020F00005A8EEF7C5FE894905A8EEF7C1FE884997
:1021000005A8EEF7BDFE854905A8EEF7B9FE7F49A3
:1021100005A8EEF761FB95ED088AF7EE000AB0EE30
:10212000480A2EF0C9F8B5EE400AF1EE10FA00F0B8
:102130009D8318EE100A2FF04BF902460B462046FD
:10214000734931F05FFD214605A8EEF799FE71490C
:1021500005A8EEF741FBEA696A49204631F052FDD5
:10216000214605A8EEF78CFE099B6BB11A68D6686C
:10217000654A964241F0ED82186D002801F0088210
:1021800065490E2224F082FFE86A2FF021F90B4600
:1021900002465F49204631F035FD214605A8EEF79D
:1021A0006FFE604905A8EEF76BFE099B6BB11A68DC
:1021B000D668554A964241F03F83186D002801F0D9
:1021C00019825949112224F061FF6D6A07EE905A75
:1021D000F7EE000AB8EE670A2EF06EF8B5EE400A88
:1021E000F1EE10FA14BF4A4946492A46204631F01A
:1021F00009FD214605A8EEF743FE484905A8EEF77C
:102200003FFE4A4905A8EEF73BFE444905A8EEF714
:1022100037FE099B6BB119683B4ACD68954241F086
:102220000B84186D002801F0DB814149072224F05E
:102230002DFF404D33496A6C204631F0E3FC2146C6
:1022400005A8EEF71DFE099B6BB11A68D6682E4AE9
:10225000964241F06C82186D002801F0B781364932
:10226000072224F013FF95ED0F8AF7EE000AB0EE77
:10227000480A2EF021F8B5EE400AF1EE10FA00F00F
:10228000EC8218EE100A2FF0A3F802460B46204607
:102290001F4931F0B7FC214605A8EEF7F1FD099B77
:1022A0006BB11A68D668184A964241F04682186D9A
:1022B000002801F081812149072224F0E7FE95EDF5
:1022C000108AF7EE000AB0EE480A2DF0F5FFB5EEE1
:1022D000400AF1EE10FA00F0B78218EE100A2FF063
:1022E00077F802460B462046094931F08BFC21461F
:1022F00005A8EEF7C5FD124905A8EEF7C1FD21E0DE
:102300007C10FF1F28C80400290C0000A4D604007C
:1023100038C90400B4D60400C4D604000CC80400B4
:10232000D4D60400E0D60400FCD6040010D7040084
:10233000CCCD04004813FF1F18D7040020D7040099
:10234000ECC80400099B6BB11A68D668B54A96427E
:1023500041F0F981186D002801F08881B2491322FB
:1023600024F094FE95ED178AF7EE000AB0EE480AC5
:102370002DF0A2FFB5EE400AF1EE10FA00F05B82FC
:1023800018EE100A2FF024F802460B462046A74903
:1023900031F038FC214605A8EEF772FD099B6BB1C0
:1023A0001A68D6689F4A964241F07C82186D0028D0
:1023B00001F052819E49112224F068FE2A689D494D
:1023C000204631F01FFC214605A8EEF759FD9A4939
:1023D00005A8EEF701FA6A699649204631F012FC29
:1023E000214605A8EEF74CFD944905A8EEF7F4F94F
:1023F000AA6A9049204631F005FC214605A8EEF76F
:102400003FFD8F4905A8EEF73BFD099B6BB11A68AC
:10241000D668844A964241F04B82186D002801F03C
:10242000398188490B2224F031FE6A6881492046AF
:1024300031F0E8FB214605A8EEF722FD099B6BB1C0
:102440001A68D668774A964241F05381186D002881
:1024500001F016817C49082224F018FEAA6975490A
:10246000204631F0CFFB214605A8EEF709FD099B78
:102470006BB11A68D6686B4A964241F00D82186DAE
:10248000002801F0DF807149122224F0FFFDEA6A82
:102490006849204631F0B6FB214605A8EEF7F0FC6E
:1024A0006B4905A8EEF798F995ED138AF7EE000A47
:1024B000B0EE480A2DF000FFB5EE400AF1EE10FA3A
:1024C00000F0B08118EE100A2EF082FF02460B4693
:1024D0002046564931F096FB214605A8EEF7D0FC80
:1024E0005C4905A8EEF7CCFC5B4905A8EEF774F94A
:1024F000AA685049204631F085FB214605A8EEF731
:10250000BFFC099B6BB11A68D668464A964241F0F7
:10251000D581186D002801F08B805049082224F0E5
:10252000B5FDEA694349204631F06CFB214605A818
:10253000EEF7A6FC4A4905A8EEF74EF92A6B3D498D
:10254000204631F05FFB214605A8EEF799FC099B78
:102550006BB11A68D668334A964241F05D82186DB5
:10256000002801F05B803F490C2224F08FFD95ED9F
:10257000148AF7EE000AB0EE480A2DF09DFEB5EE83
:10258000400AF1EE10FA00F0448118EE100A2EF025
:102590001FFF02460B462046244931F033FB2146FB
:1025A00005A8EEF76DFC304905A8EEF769FC2F4948
:1025B00005A8EEF711F9EA681E49204631F022FB22
:1025C000214605A8EEF75CFC294905A8EEF704F9B9
:1025D0002A6A1849204631F015FB214605A8EEF776
:1025E0004FFC244905A8EEF7F7F86A6B114920461D
:1025F00031F008FB214605A8EEF742FC1E4905A86C
:10260000EEF7EAF895ED158AF7EE000AB0EE480A03
:102610002DF052FEB5EE400AF1EE10FA00F0F08017
:102620002CE000BF290C000028D7040038C90400A2
:10263000D8CC040028C80400ECCC0400D8CD040099
:1026400074C90400F4CD040000CE04000CCE0400D4
:102650003CD70400C0C9040020CE04002CCE0400E6
:1026600038CE04004CD7040084CA04004CCE0400C9
:102670005CCE040068CE04005CD7040018EE100A9B
:102680002EF0A6FE02460B462046C24931F0BAFAA9
:10269000214605A8EEF7F4FBBF4905A8EEF7F0FBCD
:1026A000BE4905A8EEF798F82A69BD49204631F0E1
:1026B000A9FA214605A8EEF7E3FB099B6BB11A685E
:1026C000D668B84A964241F0AD81186D002800F0F6
:1026D0009B87B549092224F0D9FC6A6AB049204693
:1026E00031F090FA214605A8EEF7CAFBAF4905A8DC
:1026F000EEF772F8AA6BAA49204631F083FA214618
:1027000005A8EEF7BDFBAA4905A8EEF765F895ED1B
:10271000168AF7EE000AB0EE480A2DF0CDFDB5EEB0
:10272000400AF1EE10FA62D018EE100A2EF050FEB8
:1027300002460B462046974931F064FA214605A827
:10274000EEF79EFB9B4905A8EEF79AFB099CB4B1F6
:102750002368994ADB6A934241F06A81A06D18B1FF
:102760002FF0A6FC0023A365236D002B00F0B58796
:1027700004F1180026F0EAF805A8EEF757FD8F4996
:102780008F48904CEEF77CFB8F4902A82AF05CFA48
:1027900002A8EDF7F9FE02A82AF0AEFA216802A815
:1027A0002AF052FA02A8EDF7EFFE02A82AF0A4FAE6
:1027B000864902A82AF048FA02A8EDF7E5FE02A829
:1027C0002AF09AFA216802A82AF03EFA02A8EDF748
:1027D000DBFE02A82AF090FA099B7D4A059213B10C
:1027E00005A8EEF723FD1BB0BDEC028BF0BDFDEE9E
:1027F000C87A6B4917EE902A204631F003FA9DE71C
:10280000FDEEC87A664917EE902A204631F0FAF9B3
:102810003EE7FDEEC87A624917EE902A204631F075
:10282000F1F9BCE6FDEEC87A5D4917EE902A204624
:1028300031F0E8F950E6FDEEC87A594917EE902AD2
:10284000204631F0DFF9A5E5FDEEC87A544917EED0
:10285000902A204631F0D6F949E5FDEEC87A504974
:1028600017EE902A204631F0CDF914E5FDEEC87A36
:102870004B4917EE902A204631F0C4F963E4FDEE8F
:10288000C87A474917EE902A204631F0BBF92EE46A
:10289000FDEEC87A424917EE902A204631F0B2F98F
:1028A000FFF7ECBBFDEEC87A3D4917EE902A2046B3
:1028B00031F0A8F9FFF740BBFDEEC87A384917EEB2
:1028C000902A204631F09EF9FFF70ABBFDEEC87A48
:1028D000334917EE902A204631F094F9FFF7E0BA19
:1028E000FDEEC87A2E4917EE902A204631F08AF97B
:1028F000FFF7B6BAFDEEC87A294917EE902A2046AE
:1029000031F080F9FFF77BBAFDEEC87A244917EE63
:10291000902A204631F076F9FFF733BAFDEEC87AF7
:102920001F4917EE902A204631F06CF9FFF794B951
:10293000FDEEC87A1A4917EE902A204631F062F966
:10294000FFF741B9FDEEC87A154917EE902A2046E7
:1029500031F058F9FEF739BFFDEEC87A104917EE8D
:10296000902A204631F04EF9FEF7DEBEFDEEC87A21
:102970000B4917EE902A204631F044F9FEF7A8BE25
:10298000FDEEC87A064917EE902A204631F03AF952
:10299000FEF721BE38C9040004CB04007CCE04003D
:1029A00028C80400290C00008CCE040098CE040036
:1029B0006CD704007CD70400D104000088D7040041
:1029C0006008FF1F8007FF1FA0D704004CF204001F
:1029D000E80E0500FDEEC87AD54917EE902A20468C
:1029E00031F010F9FEF7CBBDFDEEC87AD04917EEF5
:1029F000902A204631F006F9FEF752BDFDEEC87A66
:102A0000CB4917EE902A204631F0FCF8FEF71CBDAA
:102A1000FDEEC87AC64917EE902A204631F0F2F84A
:102A2000FEF7AEBCFDEEC87AC14917EE902A2046EB
:102A300031F0E8F8FEF732BCFDEEC87ABC4917EE7B
:102A4000902A204631F0DEF8FEF7ABBBFDEEC87AE7
:102A5000B74917EE902A204631F0D4F8FEF756BB5E
:102A6000FDEEC87AB24917EE902A204631F0CAF836
:102A7000FEF7F5BAFDEEC87AAD4917EE902A20466A
:102A800031F0C0F8FEF759BAFDEEC87AA84917EE42
:102A9000902A204631F0B6F8FEF7ECB9FDEEC87A80
:102AA000A34917EE902A204631F0ACF8FEF77BB828
:102AB000FDEEC87A9E4917EE902A204631F0A2F822
:102AC000FDF7D7BFFDEEC87A994917EE902A204648
:102AD00031F098F8FDF713BFFDEEC87A944917EE70
:102AE000902A204631F08EF8FDF774BEFDEEC87ACC
:102AF0008F4917EE902A204631F084F8FDF7EEBD9D
:102B0000FDEEC87A8A4917EE902A204631F07AF80D
:102B1000FDF704BDFDEEC87A854917EE902A2046E0
:102B200031F070F8FDF794B8FDEEC87A804917EEE1
:102B3000902A204631F066F8FDF757B8FDEEC87AC6
:102B40007B4917EE902A204631F05CF8FDF713B868
:102B5000FDEEC87A764917EE902A204631F052F8F9
:102B6000FCF7A7BFFDEEC87A714917EE902A204600
:102B700031F048F8FCF758BFFDEEC87A6C4917EE03
:102B8000902A204631F03EF8FCF720BFFDEEC87ACF
:102B9000674917EE902A204631F034F8FCF79ABEC8
:102BA000FDEEC87A624917EE902A204631F02AF8E5
:102BB000FCF712BEFDEEC87A5D4917EE902A20465A
:102BC00031F020F8FCF796BDFDEEC87A584917EEB3
:102BD000902A204631F016F8FCF7D9BC586D002831
:102BE0003CF409AC53490E2222F0C2FBFCF703BCB3
:102BF000586D00283CF4BEAD4F490D2222F0B8FBC1
:102C0000FCF7B8BD586D00283CF488AD4B490B2249
:102C100022F0AEFBFCF782BD586D00283CF445ADB8
:102C200047490E2222F0A4FBFCF73FBD586D002857
:102C30003CF422AD43490D2222F09AFBFCF71CBD67
:102C4000586D00283CF41DAC3F490D2222F090FB4A
:102C5000FCF717BC586D00283CF4F9AB3B49132234
:102C600022F086FBFCF7F3BB586D00283CF46AACFD
:102C70003749142222F07CFBFCF764BC586D002815
:102C80003CF447AC3349132222F072FBFCF741BC01
:102C9000586D00283CF4D2AD2F49102222F068FB79
:102CA000FCF7CCBD586D00283CF4AAAD2B490B2293
:102CB00022F05EFBFCF7A4BD586D00283CF4F2AD99
:102CC0002749142222F054FBFCF7ECBD586D002874
:102CD0003CF4CEAD2349112222F04AFBFCF7C8BDDB
:102CE000586D00283CF416AF1F490F2222F040FB1C
:102CF000FCF710BF586D00283CF4F3AE1B490E22C0
:102D000022F036FBFCF7EDBE586D00283CF4B9AE5E
:102D10001749092222F02CFBFCF7B3BE586D00289E
:102D20003CF496AE1349122222F022FBFCF790BE2F
:102D300028C8040058C80400E0C90400B4C904004D
:102D400090C9040080C90400ACC8040098C80400FD
:102D50000CC90400F8C8040034CA040014CA0400F2
:102D60005CCA040048CA040020CB040010CB040055
:102D7000F8CA0400E4CA0400586D00283DF433A8E2
:102D8000C049072222F0F4FAFDF72DB8586D00284B
:102D90003DF410A8BC49072222F0EAFAFDF70AB870
:102DA000586D00283CF4EDAFB849062222F0E0FA55
:102DB000FCF7E7BF586D00283CF4CAAFB4490622BF
:102DC00022F0D6FAFCF7C4BF586D00283CF4F5AEEB
:102DD000B049122222F0CCFAFCF7EFBE586D002861
:102DE0003CF4B1AEAC490D2222F0C2FAFCF7ABBE06
:102DF000586D00283CF493AFA849062222F0B8FA97
:102E0000FCF78DBF586D00283CF446AFA44906225C
:102E100022F0AEFAFCF740BF586D00283DF478AAC6
:102E2000A049082222F0A4FAFDF772BA586D0028D2
:102E30003DF422AA9C490B2222F09AFAFDF71CBA13
:102E4000586D00283DF4FBA99849122222F090FA0F
:102E5000FDF7F5B9586D00283DF4D8A9944908222A
:102E600022F086FAFDF7D2B9586D00283DF47FA90B
:102E700090490E2222F07CFAFDF779B9586D0028AE
:102E80003DF45CA98C49112222F072FAFDF756B983
:102E9000586D00283DF4A1A988490B2222F068FA58
:102EA000FDF79BB9586D00283DF47AA98449182292
:102EB00022F05EFAFDF774B9586D00283CF4D6AFE5
:102EC00080490C2222F054FAFCF7D0BF586D00283C
:102ED0003CF4A2AF7C49072222F04AFAFCF79CBFDF
:102EE000586D00283DF418A87349112222F040FAC9
:102EF000FDF712B8586D00283CF4E4AF7349062280
:102F000022F036FAFCF7DEBF586D00283DF4F8A831
:102F10006F49072222F02CFAFDF7F2B8586D00280D
:102F20003DF4B6A86B49112222F022FAFDF7B0B8A1
:102F3000586D00283DF422A86749102222F018FAA3
:102F4000FDF71CB8586D00283CF4FFAF59490E221C
:102F500022F00EFAFCF7F9BF586D00283EF453A991
:102F600056490B2222F004FAFEF74DB9586D00289D
:102F70003EF4FFA85949072222F0FAF9FEF7F9B802
:102F8000586D00283EF4E4A955490C2222F0F0F9CE
:102F9000FEF7DEB9586D00283EF468A951490C22AD
:102FA00022F0E6F9FEF762B9586D00283EF490AAC7
:102FB0004D490C2222F0DCF9FEF78ABA586D002840
:102FC0003EF456AA49490C2222F0D2F9FEF750BA33
:102FD000586D00283EF405AA3249082222F0C8F9AB
:102FE000FEF7FFB9586D00283EF4E2A92E490B22E6
:102FF00022F0BEF9FEF7DCB9586D00283EF431AC82
:103000002D49112222F0B4F9FEF72BBC586D00288F
:103010003EF4F7AB2E49072222F0AAF9FEF7F1BBE6
:10302000586D00283EF4B9AB3149132222F0A0F9C3
:10303000FEF7B3BB586D00283EF45EAB2D4910225D
:1030400022F096F9FEF758BB586D00283EF47FAA8F
:103050002949102222F08CF9FEF779BA586D002820
:103060003EF45CAA2549132222F082F9FEF756BAF3
:10307000586D00283EF4C7AA21490C2222F078F9A5
:10308000FEF7C1BAF0CB0400E8CB0400E0CB0400AB
:10309000D8CB040050CB040030CB0400D0CB0400CC
:1030A000C8CB04002CCE040020CE04000CCE0400BB
:1030B00000CE0400ECCC0400D8CC0400F4CD040015
:1030C000D8CD040048CC0400F8CB04008CCC04001C
:1030D000CCCD040068CD0400FCCC040020D3040057
:1030E00040D3040030D304004CCE040060D304006D
:1030F00090D10400ACD3040070D3040068CE040067
:103100007CCE0400586D00283EF44DAAC049102220
:1031100022F02EF9FEF747BA586D00283DF4CDA9EC
:10312000BC49182222F024F9FDF7C7B9586D0028D0
:103130003DF450A9B849092222F01AF9FDF74AB91D
:10314000586D00283DF438AAB449082222F010F93D
:10315000FDF732BA586D00283DF4C8A9B0491722CE
:1031600022F006F9FDF7C2B9586D00283DF400AB16
:10317000AC49082222F0FCF8FDF7FABA586D002895
:103180003DF4DDAAA8490B2222F0F2F8FDF7D7BAE8
:10319000586D00283DF48AAAA449112222F0E8F8CB
:1031A000FDF784BA586D00283DF467AAA0491222A1
:1031B00022F0DEF8FDF761BA586D00283DF46DACE1
:1031C0009C49092222F0D4F8FDF767BC586D00280D
:1031D0003DF437AC9849122222F0CAF8FDF731BC11
:1031E000586D00283DF4FAAB94490C2222F0C0F847
:1031F000FDF7F4BB586D00283DF4C6AB9049092299
:1032000022F0B6F8FDF7C0BB586D00283DF420ABA6
:103210008C490C2222F0ACF8FDF71ABB586D00283F
:103220003DF4ECAA8849082222F0A2F8FDF7E6BA9C
:10323000586D00283DF44BAB8449122222F098F8D7
:10324000FDF745BB586D00283DF41BAB80490922B2
:1032500022F08EF8FDF715BB586D00283DF43EAF07
:103260007C49072222F084F8FDF738BF586D00280A
:103270003DF41BAF78490E2222F07AF8FDF715BF16
:10328000586D00283DF4D3AE7449072222F070F83F
:10329000FDF7CDBE586D00283DF4B0AE70490E224A
:1032A00022F066F8FDF7AABE586D00283DF4FAAD8D
:1032B0006C49152222F05CF8FDF7F4BD586D00282A
:1032C0003DF4C0AD6849072222F052F8FDF7BABDBF
:1032D000586D00283DF419AE6449072222F048F8E1
:1032E000FDF713BE586D00283DF4F6AD60490E227F
:1032F00022F03EF8FDF7F0BD586D00283DF42EACED
:103300005C49172222F034F8FDF728BC586D0028DC
:103310003DF407AC5849082222F02AF8FDF701BC19
:10332000586D00283DF470AC54490E2222F020F86C
:10333000FDF76ABC586D00283DF44DAC5049112290
:1033400022F016F8FDF747BC586D00283DF455AD46
:103350004C490E2222F00CF8FDF74FBD586D0028A5
:103360003DF407AD2C49092222F002F8FDF701BD1A
:10337000586D00283DF4C5AC3549092221F0F8FF0D
:10338000FDF7BFBC586D00283DF457AC2149182209
:1033900021F0EEFFFDF751BC586D00283EF4E4AD7E
:1033A00039490A2221F0E4FFFEF7DEBD586D0028FE
:1033B0003EF4AAAD3549122221F0DAFFFEF7A4BD92
:1033C000586D00283EF403AD3149162221F0D0FF9C
:1033D000FEF7FDBC586D00283EF4ADAC2D490D2222
:1033E00021F0C6FFFEF7A7BC586D00283EF403ACE1
:1033F00029490A2221F0BCFFFEF7FDBB586D0028C9
:103400003EF4C9AB25490C2221F0B2FFFEF7C3BB45
:1034100084D30400D8CD04008CCE040000CE040078
:1034200040CF04002CCE040020CE0400E0CF0400E6
:103430000CCE0400F0D00400DCD004007CCE0400EC
:1034400088D004004CCE040048D0040074D004009E
:103450005CCE0400E4D20400D4D20400A8D204005C
:1034600098D2040044D2040030D204006CD204008C
:103470005CD2040078D1040050D10400ECCC0400EC
:10348000D8CC040020D204003CD60400FCD50400B3
:1034900080D5040058D5040004D50400D0D404001D
:1034A000586D00283EF42AACC249062221F060FF84
:1034B000FEF724BC586D00283EF4B6ABBE49092285
:1034C00021F056FFFEF7B0BB586D00283EF482AAEB
:1034D000BA49082221F04CFFFEF77CBA586D00284B
:1034E0003EF4F6A9B6490B2221F042FFFEF7F0B9EF
:1034F000586D00283EF4B1AAB249092221F038FFE4
:10350000FEF7ABBA586D00283EF48EAAAE490C22E5
:1035100021F02EFFFEF788BA586D00283EF422AB4A
:10352000AA49172221F024FFFEF71CBB586D002882
:103530003EF4EFAAA649132221F01AFFFEF7E9BADA
:10354000586D00283EF4CCAAA249092221F010FFB0
:10355000FEF7C6BA586D00283EF4A9AA9E490C226F
:1035600021F006FFFEF7A3BA586D00283EF46EADB9
:103570009A490F2221F0FCFEFEF768BD586D002825
:103580003EF44AAD96490C2221F0F2FEFEF744BD0E
:10359000586D00283EF4F8AD92490E2221F0E8FE65
:1035A000FEF7F2BD586D00283EF47CAD8E490D2229
:1035B00021F0DEFEFEF776BD586D00283EF47FAEAA
:1035C0008A49072221F0D4FEFEF779BE586D002803
:1035D0003EF449AE8649072221F0CAFEFEF743BEFB
:1035E000586D00283EF425AE8249072221F0C0FE26
:1035F000FEF71FBE586D00283EF4E7AD7E4911224C
:1036000021F0B6FEFEF7E1BD586D00283FF465A835
:103610007049092221F0ACFEFFF75FB8586D002811
:103620003EF4A5AF75490C2221F0A2FEFEF79FBF24
:10363000586D00283EF475AF6049082221F098FECD
:10364000FEF76FBF586D00283EF421AF6C4912227F
:1036500021F08EFEFEF71BBF586D00283EF4AEAE83
:103660006849112221F084FEFEF7A8BE586D00289B
:103670003EF478AE6449132221F07AFEFEF772BE62
:10368000586D00283EF4EAAE6049082221F070FE31
:10369000FEF7E4BE586D00283EF4C7AE48490B2241
:1036A00021F066FEFEF7C1BED3F888140AAC0029EB
:1036B0003BF44CAE1690564A0123204621F066FAA0
:1036C00000283BF443AE204621F0C4FAFBF73EBE8F
:1036D000204624F05DF9FBF739BE636D002B7FF4C3
:1036E00047A8FFF749B84B4918460E22B047FBF7E9
:1036F00082BE464918460822B047FEF7AFBE36499B
:1037000018460C22B847FEF7D2B92C4918460822B1
:10371000B847FEF75FB92C4918460C22B847FEF7A8
:1037200083B9244918460622A847FEF7E7BA30496C
:1037300018460722B047FEF796BD2C4918460722C7
:10374000B047FEF7BCBD304918461322B047FEF71C
:1037500009BE244918460E22B047FEF715BD2E4972
:1037600018461222B847FDF76CB92C4918460922B1
:10377000B847FDF792B92A4918460822B847FDF71D
:10378000D0B9284918461122B847FCF78FBF104915
:1037900018461322B847FEF7BCB90C491846172241
:1037A000B847FEF7DFB9204918460C22B847FEF7A4
:1037B000F2B900BF44D50400F0D504002CCE0400BB
:1037C000F4CD04005CCE04004CCE0400B8D4040058
:1037D00098CE04008CCE04007CCE0400A4D6040055
:1037E00094D60400C4D60400B4D6040020D7040044
:1037F00018D70400CCCD0400FCD604004CD704003C
:103800000CCE0400D8CC040028D7040000CE04005D
:10381000B0C7040058C80400DCD00400F0D0040095
:1038200050D10400E0CF0400D0D40400BB491846B6
:103830000922B847FEF711B9B94918461122B04715
:10384000FEF7C3BCB74918460F22B047FEF7FEBBD0
:10385000B54918460D22B047FEF724BCB3491846B7
:103860000922B847FEF73CB9B14918460D22A847CE
:10387000FEF761BAAF4918460A22B847FEF7BBB94E
:10388000AD4918460922B847FEF7CEB9AB491846EC
:103890001622A847FEF79BBAA94918461222B0473C
:1038A000FEF7F5BDA74918461122B047FEF786BDC1
:1038B000A54918460B22B047FEF7B7BDA3491846E5
:1038C0000822B047FEF72DBE984918460922B8478E
:1038D000FDF74FBA9E4918460E22B847FDF78DBA3C
:1038E0009C4918460722B847FDF7ACBA9A491846D2
:1038F0000E22B847FDF788B9984918461222A84702
:10390000FEF702BB964918460A22A847FEF72CBBD1
:1039100094490C221846A847FEF77EBB7F491846FB
:103920000922B847FDF7EDB98F4918460E22B8476E
:10393000FDF764BB8D4918461522A847FDF7B2BABA
:103940008B4918460E22B847FDF7C6BA8949184672
:103950000722B847FDF76BBB874918461822B847BE
:10396000FDF76BB9854918461722B847FDF7F6B839
:10397000744918461122B847FDF72DB980491846F9
:103980000722B847FDF7C1BA7E4918460922B84751
:10399000FCF7FABF7C4918460C22B847FCF758BF21
:1039A0005E4918460922B847FCF76BBF77491846AD
:1039B0000C22B847FDF712B8754918460E22B847D1
:1039C000FDF773BB734918460722B847FDF786BB5E
:1039D000714918460722B847FDF7CBBB6F49184617
:1039E0001222B847FCF773BF6D4918460B22B8473F
:1039F000FCF7A5BE554918460822B847FCF7B8BEE3
:103A0000684918460822B847FCF7F8BE66491846C8
:103A10000822B847FCF7D0BD644918460C22B047CD
:103A2000FEF7A5BD414918460922B047FEF755BE2D
:103A300020469847FEF7A0BE5D4907221846A847D2
:103A4000FEF7F7BB5B4918461022B847FDF754BE96
:103A5000594918461022B847FDF779BD574918460D
:103A60001022B847FDF79FBD554918461322A847B5
:103A7000FDF793BE324918461222B847FCF7FDBD48
:103A80003D4918461822B847FCF717BD4D4918465E
:103A90001722B847FCF72ABD3C4918460C22B84704
:103AA000FDF7B1BD484918460C22B847FDF7E0BC08
:103AB000354918460C22B847FDF70ABD4349184658
:103AC0001322B847FDF72ABD414918460C22B847D2
:103AD000FDF73EBC364907221846A847FDF791BEC0
:103AE000184918461122B847FDF7BBBE16491846BB
:103AF0000B22B847FDF7ECBE144918460822B84718
:103B0000FDF76FBC334918461122B047FCF7C0BA25
:103B1000274907221846A847FCF7F2BA5CCE0400F2
:103B2000FCD60400A4D60400B4D604008CCE040055
:103B300058D5040004D50400F0D5040080D5040055
:103B40000CCE0400D8CC0400F4CD04002CCE04002C
:103B500020D2040030D20400ECCC0400FCD50400D8
:103B60003CD6040094D6040098D2040044D2040049
:103B70005CD20400A8D20400D8CD040078D104009F
:103B80006CD2040088D004004CCE04007CCE04002B
:103B9000D4D20400E4D2040020D3040074D0040082
:103BA00020CE040048D0040000CE04004CD704000E
:103BB000CCCD0400ACD3040070D3040084D3040043
:103BC00090D1040040CF040060D3040068CE04000C
:103BD00040D3040068CD04007D4918461122A8474F
:103BE000FCF7ACBA7A4918461122B047FCF794B9F1
:103BF000784918460B22B847FDF7DABB76491846D4
:103C00000B22B847FDF7FFBA744918460C22B84793
:103C1000FDF72CBB724918461022B047FCF7AEB92D
:103C2000704918460822A847FCF7F0BA6E491846B2
:103C30000E22A847FCF79BBA6C4918461822A847E1
:103C4000FCF7AEBA6A4918461222A847FCF7F7BA41
:103C5000654918460E22B047FCF777B96549184602
:103C60000C22B047FCF702B9634918460622B04758
:103C7000FCF728B9584918460B22A847FCF7ADBAFB
:103C80005E4918460622B047FCF762B85C49184600
:103C90001222B047FBF791BF5A4918460622B04797
:103CA000FBF7FABF584918460622B047FCF769B837
:103CB000484918460B22A847FCF7DEBA5349184674
:103CC0000822A847FCF724BB514918460922A847F7
:103CD000FCF780BB4F4918460622B047FCF71FB8D7
:103CE0004D4918460E22B047FBF7FBBE4B4918461C
:103CF0000F22B047FBF70EBF494918460D22B047C7
:103D0000FBF721BF474918461422B047FBF7CABD4D
:103D1000454918460722B047FCF74CB843491846B6
:103D20000722B047FCF75FB8414918460722B04761
:103D3000FCF772B83F4918460922B047FBF7A1BE0D
:103D40003D4918460D22B047FBF796BC3B49184643
:103D50000D22B047FBF795BB394918461322B047EF
:103D6000FBF7D7BB374918460E22B047FBF79DBC7F
:103D7000354918461222B047FBF76ABE3349184648
:103D80001022B047FBF75ABD314918461122B047FF
:103D9000FBF76EBD2F4918461422B047FBF7D2BB84
:103DA0002D4918460B22B047FBF7B8BC2B491846E3
:103DB0000D22B047FBF7DEBC294918460B22B0475D
:103DC000FBF71EBD274918461322B047FBF73FBB40
:103DD000D8CC040020CE0400F4CD040030D304007D
:103DE000FCCC040000CE0400ECCC0400D8CD0400D0
:103DF0000CCE040048CC04008CCC0400D8CB0400CA
:103E000050CB0400C8CB0400E0CB04002CCE04004F
:103E10008CCE0400D0CB040010CB040020CB0400D7
:103E200030CB04005CCA0400E8CB0400F0CB0400F3
:103E3000F8CB0400F8CA040080C90400ACC8040030
:103E4000F8C8040090C90400E4CA040034CA04009D
:103E500048CA04000CC90400B4C90400E0C9040045
:103E600014CA040098C804002DE9F0412DED028B1E
:103E70000C46A8B00E2105469E4817461E462BF05C
:103E8000D1FF9D4830F05CFE01469B482BF0CAFFF5
:103E90009A4828F0D9FC002397491A4607A827F02A
:103EA000D5FD07A8EDF790FB002800F041815022D6
:103EB0000DEB020107A827F027FF002800F0FF8084
:103EC0005023009322466B44294607A828F084F823
:103ED000002800F07F818A4904A828F0B5FE04A8D4
:103EE000ECF752FB04A828F007FF002E40F0A88151
:103EF00014A904A828F0A8FE04A8ECF745FB04A820
:103F000028F0FAFEDFF824827E4904A828F09CFEFF
:103F100004A8ECF739FB04A828F0EEFE07EE907A2F
:103F2000B8EEE70AECF7E8FA774B04A8196828F02E
:103F30008BFE04A8ECF728FB04A828F0DDFE35B1C1
:103F4000284630F0FDFD014628462BF06BFF6B48FC
:103F500028F07AFC34B1204630F0F2FD01462046CC
:103F60002BF060FF654828F06FFC654805212BF0B9
:103F700059FF002E00F0858122202BF0D9FF14A8D4
:103F800030F0DEFD014614A82BF04CFF22202BF070
:103F9000CFFF01215B482BF045FF3946574828F0F9
:103FA0004BFC564828F050FC0D2158482BF03AFFA6
:103FB00014A830F0C5FD014614A82BF033FF4F487C
:103FC00028F042FC524904A828F03EFE04A8ECF771
:103FD000DBFA04A828F090FED8F80030012B00F09E
:103FE0005881032B00F06581002B00F05E8129468B
:103FF00004A828F029FE474D04A8ECF7C5FA04A848
:1040000028F07AFE296804A828F01EFE04A8ECF720
:10401000BBFA04A828F070FE3F4904A828F014FE5B
:1040200004A8ECF7B1FA04A828F066FED8F800302E
:10403000012B00F04E81032B00F04781002B00F094
:104040004081214604A828F0FFFD04A8ECF79CFA63
:1040500004A828F051FE296804A828F0F5FD04A85A
:10406000ECF792FA04A828F047FE2C4904A828F09F
:10407000EBFD04A8ECF788FA04A828F03DFED8F878
:104080000030012B00F01981032B00F00A81002B76
:1040900000F0038114A904A828F0D6FD04A8ECF7C9
:1040A00073FA04A828F028FE296804A828F0CCFD9B
:1040B00004A8ECF769FA04A828F01EFEACE0092178
:1040C00017489FED188A2BF0ADFE07A830F038FD99
:1040D000014607A82BF0A6FE13480C212BF0A2FEE8
:1040E00007A827F0DFFCB0EE480A28B0BDEC028B31
:1040F000BDE8F081ACD70400A416FF1F6008FF1FC5
:1041000000D8040008D804008007FF1F0CD8040062
:104110001CD804008407FF1F30D8040044D80400D2
:10412000E4D7040000000000F0D704009807FF1F48
:1041300009217448744C9FED758A2BF073FE744806
:1041400030F0FEFC014672482BF06CFE0F217148E6
:104150002BF068FE704828F077FB704914A828F00F
:1041600073FD14A8ECF710FA14A828F0C5FD216817
:1041700014A828F069FD14A8ECF706FA14A828F092
:10418000BBFD674914A828F05FFD14A8ECF7FCF903
:1041900014A828F0B1FD216814A828F055FD14A832
:1041A000ECF7F2F914A828F0A7FD5E4914A828F04E
:1041B0004BFD14A8ECF7E8F914A828F09DFD216840
:1041C00014A828F041FD14A8ECF7DEF914A828F093
:1041D00093FD85E7102154482BF024FE4E4828F02B
:1041E00033FB524804212BF01DFE35B1284630F038
:1041F000A7FC014628462BF015FE4D4803212BF065
:1042000011FE34B1204630F09BFC014620462BF0D5
:1042100009FE414828F018FB464A136804930499A4
:1042200013680393039B5B1A632BF9D914A82DF031
:1042300033FF51EC100B2DF01BFC08EE100A4FE77A
:10424000DFF8F480D8F80030012B56D0032B50D083
:10425000002B4AD014A904A828F0F6FC04A8ECF717
:1042600093F904A828F048FDD8F80030012B38D085
:10427000032B32D0002B7FF447AE22202BF058FEC8
:1042800042E614A830F05CFC014614A82BF0CAFDED
:104290007FE6222029F0ACFDA9E622202BF048FE83
:1042A000F8E622202AF08EFEF4E622202BF040FED3
:1042B0009DE622202AF086FE99E6222029F098FD2C
:1042C000E8E622202BF034FEBBE622202AF07AFE1C
:1042D000B7E6222029F08CFDB3E622202AF072FEF8
:1042E00012E6222029F084FD0EE622202BF020FE8B
:1042F000B0E722202AF066FEACE7222029F078FD04
:10430000A8E700BFBCD704008007FF1F0000000023
:10431000A416FF1FC8D704006008FF1FD8D70400E9
:10432000D8FB040038F2040058D804006CD804000C
:1043300074D804005C1FFF1F9807FF1F10B51348B7
:104340001349144C00234FF4BA72FFF78DFD124944
:104350000E4884ED030A00234FF4F872FFF784FD42
:10436000BDEEC00A0D49094884ED040A4FF41B72E2
:104370000123FFF779FD0A4B84ED060A20461968F0
:10438000BDE810406C2228F0A3BE00BF88D804000E
:1043900078D804007C10FF1F94D80400A4D804002F
:1043A0003807FF1F10B50D480D490E4C01234FF47F
:1043B0001972FFF759FD0C49084884ED130A4FF4B0
:1043C0001D720123FFF750FD084B84ED120A2046B1
:1043D0001968BDE81040502228F07ABED0E50400EC
:1043E000B4D80400B014FF1F60D904006807FF1F91
:1043F00038B52A4D2A492B4C284600234FF40B721E
:10440000FFF732FDBDEEC00A2846274984ED100AA9
:1044100001234FF49A72FFF727FD2846234984EDC4
:10442000140A0123E822FFF71FFD2846204984EDE6
:10443000130A00234FF43972FFF716FDBDEEC00AD0
:1044400028461C4984ED0F0A01234FF43A72FFF706
:104450000BFD2846184984ED120A01234FF4A2727D
:10446000FFF702FD2846154984ED110A01234FF498
:104470001872FFF7F9FC2846114984ED1A0A4FF427
:1044800030720123FFF7F0FC0E4B84ED1B0A196814
:1044900020467022BDE8384028F01ABED0D804006B
:1044A000C0D80400D812FF1FD8D80400F0D80400E8
:1044B00008D9040014D904002CD9040040D9040000
:1044C00054D904006007FF1F38B53C4D3C493D4CB2
:1044D000284600234FF44A72FFF7C6FCBDEEC00A1F
:1044E0002846394984ED1D0A00234FF44B72FFF72B
:1044F000BBFCBDEEC00A2846344984ED1E0A0023E9
:104500004FF44C72FFF7B0FCBDEEC00A28463049AC
:1045100084ED1F0A00234FF44172FFF7A5FCBDEEA6
:10452000C00A28462B4984ED200A00234FF4447228
:10453000FFF79AFCBDEEC00A2846274984ED210A00
:1045400000234FF44572FFF78FFCBDEEC00A2846EA
:10455000224984ED220A00234FF44272FFF784FCC3
:10456000BDEEC00A28461E4984ED230A00234FF4FD
:104570004372FFF779FCBDEEC00A2846194984ED65
:10458000240A00234FF45672FFF76EFCBDEEC00AFA
:104590002846154984ED250A4FF457720023FFF78A
:1045A00063FC124BBDEEC00A196884ED260A204652
:1045B0004FF48472BDE8384028F08ABD80D90400E9
:1045C0006CD90400A813FF1F88D9040098D90400EF
:1045D000A8D90400B8D90400C8D90400D8D9040067
:1045E000ECD90400FCD9040010DA04006C16FF1F9B
:1045F00070B52DED028B0546A8B0BA480C460E21C9
:104600002BF010FCB84830F09BFA0146B6482BF06E
:1046100009FCB64828F018F90023B3491A4607A840
:1046200027F014FA07A8ECF7CFFF002800F0DC8091
:1046300050220DEB020107A827F066FB002800F0CE
:10464000B9805023009322466B44294607A827F0DF
:10465000C3FC002800F01A8135B1284630F070FA0A
:10466000014628462BF0DEFBA04828F0EDF834B1D7
:10467000204630F065FA014620462BF0D3FB9B48DC
:104680009B4E28F0E1F814A830F05AFA014614A81D
:104690002BF0C8FB954828F0D7F8964904A828F0D5
:1046A000D3FA04A8EBF770FF04A828F025FB3368C1
:1046B000012B00F05981032B00F03E81002B00F00C
:1046C0004781294604A828F0BFFA8B4D04A8EBF7D0
:1046D0005BFF04A828F010FB296804A828F0B4FAAE
:1046E00004A8EBF751FF04A828F006FB834904A8AF
:1046F00028F0AAFA04A8EBF747FF04A828F0FCFA70
:104700003368012B00F02881032B00F01D81002B62
:1047100000F01681214604A828F096FA04A8EBF7C9
:1047200033FF04A828F0E8FA296804A828F08CFAD6
:1047300004A8EBF729FF04A828F0DEFA704904A8C2
:1047400028F082FA04A8EBF71FFF04A828F0D4FA97
:104750003368012B00F00481032B00F0BE80002B96
:1047600000F0B78014A904A828F06EFA04A8EBF7AB
:104770000BFF04A828F0C0FA296804A828F064FAFE
:1047800004A8EBF701FF04A828F0B6FA5D4A136805
:104790000493049913680393039B5B1A632BF9D961
:1047A00014A82DF079FC51EC100B2DF061F908EEF6
:1047B000100A10E0092154489FED548A2BF032FB77
:1047C00007A830F0BDF9014607A82BF02BFB504895
:1047D0000C212BF027FB07A827F064F9B0EE480A5C
:1047E00028B0BDEC028B70BD09214A484A4C9FEDB0
:1047F000478A2BF017FB3C4830F0A2F901463A48B3
:104800002BF010FB0F2145482BF00CFB374828F00C
:104810001BF8434914A828F017FA14A8EBF7B4FEC4
:1048200014A828F069FA216814A828F00DFA14A831
:10483000EBF7AAFE14A828F05FFA3A4914A828F06A
:1048400003FA14A8EBF7A0FE14A828F055FA216883
:1048500014A828F0F9F914A8EBF796FE14A828F08C
:104860004BFA314914A828F0EFF914A8EBF78CFEA5
:1048700014A828F041FA216814A828F0E5F914A832
:10488000EBF782FE14A828F037FAA4E71021274896
:104890002BF0C8FA154827F0D7FF254804212BF044
:1048A000C1FA35B1284630F04BF9014628462BF0C5
:1048B000B9FA204803212BF0B5FA34B1204630F084
:1048C0003FF9014620462BF0ADFA084827F0BCFF1F
:1048D0005CE722202BF02CFB44E722202AF072FB1D
:1048E00040E700BFACD70400A416FF1F6008FF1FFD
:1048F0009807FF1F1CD804008407FF1F30D804004E
:1049000044D804005C1FFF1FE4D70400000000002F
:10491000F0D70400BCD704008007FF1FC8D70400ED
:10492000D8D70400D8FB040038F2040058D804009B
:104930006CD8040074D8040022202AF043FBC0E69F
:1049400022202BF0F5FAE5E622202AF03BFBE1E6F7
:1049500022202BF0EDFAB4E6222029F049FAD9E61C
:10496000222029F045FAFDE6222029F041FAA8E6A6
:104970002DE9F041CC49CD48CD4CDFF8D483CD4F63
:10498000CD4ECE4D2DED028BFFF732FEFDEEC07AFF
:10499000CB49C648C4ED057A17EE903A88F8003046
:1049A000FFF726FEFDEEC07AC649C048C4ED167A70
:1049B00017EE903A3B70FFF71BFEBDEEC00A636D29
:1049C000B949C148337084ED0A0AFFF711FEFDEEC4
:1049D000C07ABE4A17EE903A5820C2ED0A7A2B7080
:1049E000FAF7A2FBBA49B148FFF702FEFDEEC07A22
:1049F000B849AE48C4ED067A17EE903A88F8003010
:104A0000FFF7F6FDFDEEC07AB349A848C4ED077A7A
:104A100017EE903A3B70FFF7EBFDFDEEC07AAF4921
:104A2000A248C4ED087A17EE903A3370FFF7E0FD24
:104A3000FDEEC07A4C2017EE903AC4ED097A2B7047
:104A4000FAF772FBA649994800234FF46872FFF702
:104A50000BFABDEEC00AA349944884ED000A002376
:104A60004FF45572FFF700FABDEEC00A9E498F4819
:104A700084ED010A00234FF45472FFF7F5F9BDEEFF
:104A8000C00A9A49894884ED020A00234FF45872FB
:104A9000FFF7EAF9BDEEC00A9549844884ED030AA0
:104AA00000234FF45172FFF7DFF9BDEEC00A9149C0
:104AB0007E4884ED040A00234FF46B72FFF7D4F9AB
:104AC000BDEEC00A8C49794884ED0A0A00234FF4F0
:104AD0004072FFF7C9F9BDEEC00A8849734884EDFA
:104AE0000B0A00234FF46372FFF7BEF9BDEEC00A54
:104AF00083496E4884ED0C0A00234FF46972FFF776
:104B0000B3F9BDEEC00A7F49684884ED0D0A002361
:104B10004FF46772FFF7A8F9BDEEC00A7A496348FF
:104B200084ED0E0A01234FF4C272FFF79DF9774915
:104B30005E4884ED170A01234FF42372FFF794F9BE
:104B400073495A4884ED180A01238C22FFF78CF927
:104B50007049564884ED190A0123F422FFF784F9BD
:104B60006D49524884ED1A0A01234FF48072FFF711
:104B70007BF94FF4327269494C4884ED1B0A0023DB
:104B8000FFF772F9B0EE088AB4EE480AF1EE10FAB7
:104B90000CBF4FF0FF3201222264614943484FF4B9
:104BA00033720023FFF760F9B4EE480AF1EE10FA11
:104BB0000CBF4FF0FF32012262645A493B484FF468
:104BC00034720023FFF750F9B4EE480AF1EE10FA00
:104BD0000CBF4FF0FF3201223448A2645249002337
:104BE0004FF43572FFF740F9B4EE480AF1EE10FACF
:104BF0000CBF4FF0FF30012000234FF43672E06409
:104C00004A492A48FFF730F9B4EE480AF1EE10FAA3
:104C10000CBF4FF0FF3301233B21454823652BF0A8
:104C200001F9A16F434827F007FE424827F00CFE28
:104C300041491E4800239422FFF716F9BDEEC00A31
:104C40003E491A4884ED1E0A00232C22FFF70CF976
:104C5000BDEEC00A3A49154884ED1F0A00233822E8
:104C6000FFF702F9BDEEC00A3649104884ED200A6C
:104C700000235422FFF7F8F8BDEEC00A32490B4872
:104C800084ED210A6C220023FFF7EEF8BDEC028BC5
:104C90002E4BBDEEC00A204684ED220A1968BDE8FD
:104CA000F0418C2228F014BA20DA040038DA04002B
:104CB0004C12FF1FBB18FF1FB918FF1FBA18FF1FA8
:104CC00044DA04004CDA0400F8E504004813FF1F3E
:104CD0005CDA040070DA040084DA040098DA040074
:104CE0006CD90400ACDA0400B8DA0400C4DA0400B9
:104CF000D0DA040088D90400DCDA0400E4DA040025
:104D0000ECDA0400F8DA040004DB04001CDB040025
:104D100030DB040044DB040058DB04006CDB0400DF
:104D200080DB04008CDB040098DB0400A8DB0400BB
:104D300058CF04006008FF1FB8DB0400C8DB040084
:104D4000D0DB0400D8DB0400E4DB04005C07FF1FB9
:104D5000B818FF1F2DE9F84FB54CDFF84CB3B54E2E
:104D6000DFF848A3E36AB44FDFF844938BF80030D0
:104D70002368DFF840838AF80030B36D89F800308B
:104D80003846236CAD4988F80030FFF731FCFDEE62
:104D9000C07AAB4DAB49C4ED0B7A17EE903A38466A
:104DA000C6ED057A8BF80030C5ED117AFFF720FCCF
:104DB000FDEEC07A384617EE903AA349C4ED007A6A
:104DC000C5ED007AC6ED157A8AF80030FFF710FCC1
:104DD000FCEEC07A9D499E48C6ED167A17EE903AD1
:104DE000C5ED057AC5ED0A7A89F80030FFF700FCB9
:104DF000FDEEC07A142017EE903AC4ED107A88F8D0
:104E00000030FAF791F93846924900234FF4607266
:104E1000FFF72AF8FDEEC07A4FF46A7238468E49E1
:104E2000C4ED017A0023C5ED0C7AC6ED007AFFF7D8
:104E30001BF8236B8BF80030636B8AF80030FDEEB3
:104E4000C07AA36B89F800303846E36B8349C4ED20
:104E5000027AC5ED167AC6ED0A7A88F80030FFF7B7
:104E6000C7FBFDEEC07A384617EE903A7C498BF8C6
:104E70000030C4ED0C7AC5ED127AC6ED067AFFF764
:104E8000B7FBFDEEC07A384617EE903A75498AF8BE
:104E90000030C4ED0D7AC5ED137AC6ED077AFFF741
:104EA000A7FBFDEEC07A7049C4ED0E7A17EE903A7A
:104EB000384689F80030C5ED147AC6ED087AFFF758
:104EC00097FBFDEEC07A3020C4ED0F7AC5ED157A60
:104ED000C6ED097AFCEEC07A17EE903A88F80030F9
:104EE000FAF722F93846614900234FF47972FEF748
:104EF000BBFFFDEEC07A38465D49C4ED037A00235E
:104F00004FF47C72C5ED0D7AC6ED017AFEF7ACFF69
:104F1000FDEEC07A38465749C4ED047A00234FF4B9
:104F20007072C5ED177AC6ED0B7AFEF79DFFFDEEA8
:104F3000C07A38465049C4ED057A00234FF47572A3
:104F4000C5ED0E7AC6ED027AFEF78EFFFDEEC07A51
:104F500038464A49C4ED067A00234FF44772C5ED3E
:104F6000187AC6ED0C7AFEF77FFFFDEEC07A384660
:104F70004349C4ED077A00234FF44872C5ED0F7A18
:104F8000C6ED037AFEF770FFFDEEC07A38463D4964
:104F9000C4ED087A00234FF47172C5ED197AC6ED9D
:104FA0000D7AFEF761FFFDEEC07A38463649C4ED52
:104FB000097A00234FF47472C5ED107AC6ED047AB5
:104FC000FEF752FFFDEEC07A38463049C4ED0A7A4A
:104FD00000230422C5ED1A7AC6ED0E7AFEF744FFCF
:104FE0003846BDEEC00A2A4F2A4987ED1D0A012323
:104FF0001822FEF739FF284B87ED1C0A196838463E
:105000008C2228F065F8254B20461968502228F09C
:105010005FF8234B30461968702228F059F8214B6D
:10502000284619686C22BDE8F84F28F051B800BF37
:10503000B014FF1FD812FF1FF0DB040020DA0400B9
:105040007C10FF1F44DA0400F8DB040008DC0400D5
:10505000D0E504006CD9040088D904005CDA0400AF
:1050600070DA040084DA040098DA0400ACDA040090
:10507000DCDA0400B8DA0400E4DA0400C4DA04007C
:10508000ECDA0400D0DA0400F8DA040014DC0400DE
:105090006C11FF1F2CDC04005407FF1F6807FF1F63
:1050A0006007FF1F3807FF1FB818FF1FBB18FF1F3F
:1050B000B918FF1FBA18FF1F2DE9F043934CDFF812
:1050C000C092934EDFF8BC82A36A924F92499348F4
:1050D00089F8003083B00025636C337088F8005085
:1050E0003D70FFF785FAFDEEC07A8D498B48C4ED1F
:1050F0000A7A17EE903A89F80030FFF779FAFDEE58
:10510000C07A642017EE903AC4ED117A3370FAF742
:105110000BF88449814801234FF42172FEF7A4FE65
:1051200081497E4884ED0F0A01234FF4E272FEF7B5
:105130009BFE7E49794884ED100A01234FF42E72BC
:10514000FEF792FE7A49754884ED170A2B464FF414
:105150004F72FEF789FEBDEEC00A4FF450727549DA
:105160006E4884ED000A2B46FEF77EFEE36A89F85E
:105170000030236B3370BDEEC00A636B6E49674825
:1051800088F80030A36B3B7084ED050AFFF730FA16
:10519000FDEEC07A69496148C4ED0B7A17EE903A8A
:1051A00089F80030FFF724FAFDEEC07A64495B48C5
:1051B000C4ED0C7A17EE903A3370FFF719FAFDEE52
:1051C000C07A60495548C4ED0D7A17EE903A88F8D8
:1051D0000030FFF70DFAFDEEC07A342017EE903A5A
:1051E000C4ED0E7A3B70F9F79FFF57494B482B46A9
:1051F0004FF45C72FEF738FEBDEEC00A53494748D3
:1052000084ED010A2B464FF46D72FEF72DFEBDEEC4
:10521000C00A4F49414884ED060A01234FF48A72BF
:10522000FEF722FE4B4A84ED130A1368019301989E
:1052300040F6B73113680093009B1B1A8B42F9D9D3
:105240004549364800234FF45B72FEF70DFEBDEE74
:10525000C00A4249314884ED020A00234FF45972D2
:10526000FEF702FEBDEEC00A3D492C4884ED070A58
:1052700001234FF48E72FEF7F7FD3A49274884ED7B
:10528000140A00234FF44E72FEF7EEFDBDEEC00A85
:105290003549224884ED030A00234FF44D72FEF78E
:1052A000E3FDBDEEC00A31491C4884ED080A012324
:1052B0004FF40272FEF7D8FD2D49184884ED150A07
:1052C00000234FF46172FEF7CFFDBDEEC00A2949FD
:1052D000124884ED040A00234FF45372FEF7C4FD14
:1052E000BDEEC00A24490D4884ED090A4422012379
:1052F000FEF7BAFD214B0548196884ED160A6022B5
:1053000003B0BDE8F04327F0E3BE00BF4813FF1F22
:10531000BB18FF1FBA18FF1F20DA0400F8E50400CD
:1053200044DA040040DC040048DC040050DC0400E3
:105330006CD9040088D904005CDA040070DA040037
:1053400084DA040098DA0400ACDA0400DCDA040041
:1053500064DC04005C1FFF1FB8DA0400E4DA040018
:1053600070DC0400C4DA0400ECDA04007CDC040025
:10537000D0DA0400F8DA04008CDC04006407FF1FB4
:10538000B818FF1FB918FF1F2DE9F0437C4CDFF858
:105390005492E368DFF850827A4D7B4F89F80030F1
:1053A000A3697A4E88F80030636A3B7083B0236B40
:1053B000774933702846FFF71BF9FCEEC07A284680
:1053C000CDED017A9DF80430724989F80030E36030
:1053D000FFF70EF9FCEEC07A2846CDED017A9DF874
:1053E00004306D4988F80030A361FFF701F9FCEE45
:1053F000C07A6A49CDED017A9DF80430636228468F
:105400003B70FFF7F5F8FCEEC07A4FF4AE70CDEDCF
:10541000017A9DF8043023633370F9F785FE28463E
:105420005F49604E00234FF47272FEF71DFDBCEE23
:10543000C00A28465C4984ED010A00234FF47772C4
:10544000FEF712FDBCEEC00A2846584984ED020A58
:105450000123A822FEF708FD2846554984ED0D0AD0
:1054600001234FF4C672FEF7FFFC2846514984ED34
:10547000110A00234FF47A72FEF7F6FCBDEEC00A63
:1054800028464D4984ED040A00234FF47D72FEF74F
:10549000EBFCBDEEC00A2846484984ED050A01230D
:1054A0004FF4AA72FEF7E0FC2846454984ED0E0A47
:1054B00001234FF49E72FEF7D7FC2846414984ED44
:1054C000120A00234FF45E72FEF7CEFCBDEEC00A56
:1054D00028463D4984ED070A00234FF45F72FEF72A
:1054E000C3FCBDEEC00A01232846384984ED080AF2
:1054F0004FF4A672FEF7B8FC316884ED0F0A20461F
:10550000542227F0E5FD2846314901234FF4FA7271
:10551000FEF7AAFC28462F4984ED130A00234FF416
:105520005272FEF7A1FCBDEEC00A28462A4984ED5E
:105530000A0A00234FF45D72FEF796FCBDEEC00A26
:1055400001232846254984ED0B0A0C22FEF78CFC2A
:10555000316884ED100A2046542227F0B9FD284610
:105560001F4924220123FEF77FFC316884ED140AD1
:105570005422204603B0BDE8F04327F0A9BD00BF88
:10558000F811FF1FC4E50400B918FF1FBA18FF1F68
:105590005CDA040070DA040084DA040098DA0400AB
:1055A000ACDA04005807FF1FDCDA04009CDC0400BE
:1055B000A8DC0400B8DA0400E4DA0400B4DC040077
:1055C000C0DC0400C4DA0400ECDA0400CCDC040023
:1055D000DCDC0400D0DA0400F8DA0400ECDC0400BF
:1055E000FCDC0400B818FF1FBB18FF1FF0B5374DD7
:1055F0003749384C384E394F83B02846FEF7F8FF0C
:10560000FCEEC07A364ACDED017A9DF8043035497A
:10561000354863621370FEF7EBFFFCEEC07A334A45
:10562000CDED017A9DF8043031493248A360137002
:10563000FEF7DEFFFCEEC07A2F4ACDED017A9DF831
:1056400004302E492E481370F365FEF7D1FFFCEEAF
:10565000C07A2C4ACDED017A9DF804303B604FF4BE
:10566000DA701370F9F760FD2846274901234FF4DB
:105670009672FEF7F9FB2846244984ED0B0A0123B4
:105680004FF41F72FEF7F0FB2846214984ED080A0B
:1056900000232022FEF7E8FB1E4BBDEEC00A19686E
:1056A00084ED070A3846542227F012FD1A4B304683
:1056B0001968702227F00CFD184B19686C222046DF
:1056C00003B0BDE8F04027F003BD00BFECE50400E7
:1056D0000CDD04007C10FF1FD812FF1FF811FF1F04
:1056E000B818FF1F20DD040088D80400BB18FF1F76
:1056F0002CDD0400D0D80400B918FF1F44DA0400E0
:10570000C4E50400BA18FF1FA4D8040078D8040028
:1057100094D804005807FF1F6007FF1F3807FF1FBA
:105720002DE9F84FE04DDFF834A46B69DFF83084E1
:10573000DE4CDFF83094DE4F8AF800302B68DD4E07
:1057400088F800306B683B702046D9F80031DA49A0
:105750003370FEF74DFFFDEEC07A204617EE903A0B
:10576000D649C5ED057A8AF80030FEF741FFBDEE57
:10577000C00A2B68D24988F80030204685ED010A1E
:10578000FEF736FFFDEEC07ACE49CF48C5ED017A6F
:1057900017EE903A3B70FEF72BFFFDEEC07A6820C3
:1057A00017EE903AC9ED407A3370F9F7BDFC204608
:1057B000C649DFF8B483DFF8B4B3C54F00234FF414
:1057C0006272FEF751FBBDEEC00A2046C14985ED6D
:1057D000020A00234FF46C72FEF746FBBDEEC00ACE
:1057E0002046BD4985ED080A00239C22FEF73CFBBC
:1057F000BDEEC00A2046B94985ED0C0A0123B4224A
:10580000FEF732FB2046B64985ED0B0A00234FF424
:105810006F72FEF729FBBDEEC00A2046B14985ED47
:10582000090A00234FF44972FEF71EFBBDEEC00AC1
:105830002046AD4985ED030A00234FF47672FEF74A
:1058400013FBBDEEC00A2046A84985ED0A0A0023D5
:105850004FF44672FEF708FBBDEEC00A2046A4498D
:1058600085ED040A0023C022FEF7FEFABDEEC00A51
:105870002046A04988ED000A00234FF40F72FEF77E
:10588000F3FABDEEC00A01234FF4B0729A4988EDD5
:10589000010A2046FEF7E8FA012010EE106AEDF743
:1058A00039F90C2158462AF0BDFA30462BF090FD0C
:1058B000924E41EC100B0221304626F0E9FF3046B3
:1058C00026F0C2FF1B218E482AF0ACFA00230A22E0
:1058D000D8F80810304626F0CFFF304626F0B4FF47
:1058E0001B2188482AF09EFAD8F80C002BF070FD96
:1058F00041EC100B0221304626F0CAFF304626F05C
:10590000A3FF204680490023A022FEF7ADFABDEE9A
:10591000C00A20467D4987ED000A00234FF431720A
:10592000FEF7A2FABDEEC00A01234FF4B472784923
:1059300087ED010A2046FEF797FA022010EE10AA22
:10594000EDF7E8F858460C212AF06CFA50462BF097
:105950003FFD41EC100B0221304626F099FF304606
:1059600026F072FF1B216B48DFF804B2DFF804A2B7
:105970002AF058FA00230A22B968304626F07CFF44
:10598000304626F061FF1B2163482AF04BFAF86885
:105990002BF01EFD41EC100B0221304626F078FF63
:1059A000304626F051FF20465C495D4E0023982288
:1059B000FEF75AFABDEEC00A20465A498BED000A9E
:1059C00000234FF41472FEF74FFABDEEC00A564999
:1059D0008BED010A01234FF411722046FEF744FAC1
:1059E0000320EDF797F82046504900234FF4D67274
:1059F000FEF73AFABDEEC00A20464D498AED000A8C
:105A000000234FF41372FEF72FFABDEEC00A494986
:105A10008AED010A01234FF428722046FEF724FA8A
:105A20000420EDF777F82046434900234FF4DC7259
:105A3000FEF71AFABDEEC00A2046404986ED000A7C
:105A400000234FF40672FEF70FFABDEEC00A3C4980
:105A500086ED010A204601234FF42A72FEF704FA6C
:105A60000520EDF757F8374B28461968342227F000
:105A70002FFB354B40461968102227F029FB334B8A
:105A800038461968102227F023FB314B5846196815
:105A9000102227F01DFB2F4B50461968102227F0CB
:105AA00017FB2D4B304667E03811FF1FB8E50400A7
:105AB000B918FF1FBA18FF1F20DA040044DA0400E7
:105AC00034DD04003CDD04004CDD04006CD904002E
:105AD000F810FF1F88D9040014DC04002CDC04003B
:105AE000ECDA0400C4DA0400F8DA0400D0DA0400C6
:105AF00058DD040070DD040080DD04006008FF1F35
:105B000098DD0400B4DD0400D0DD0400E8DD04000D
:105B1000F8DD040000DE04001CDE040038DE0400B2
:105B20002811FF1F50DE040060DE040068DE040060
:105B300080DE040090DE040098DE0400B0DE040085
:105B4000C0DE04005007FF1F3C07FF1F4007FF1F78
:105B50004407FF1F4807FF1F4C07FF1FB818FF1F10
:105B6000BB18FF1FA813FF1FE810FF1F88DD0400EC
:105B70000811FF1F1811FF1F1968102227F0A8FA3B
:105B8000044B484619684FF48472BDE8F84F27F07B
:105B90009FBA00BF6C16FF1F2DE9F0437F4B804C6E
:105BA000DFF868821B68DFF860927E4E7E4F7F4D83
:105BB00088F80030A36D62697D497E48337083B0F8
:105BC000D9F804313A702B70FEF712FDFDEEC07A61
:105BD0007949C4ED057AFCEEC07A764817EE903A22
:105BE0003B70FEF705FDFDEEC07A7449C4ED167AF0
:105BF000FCEEC07A724817EE903A3370FEF7F8FC6C
:105C0000FDEEC07A0020C9ED417AFCEEC07A17EEB5
:105C1000903A2B70F9F788FA6A4A13680193019950
:105C200013680093009B5B1A0E2BF9D966496148F3
:105C300000234FF45A72FEF717F9BDEEC00A4FF475
:105C4000647262495B4884ED000A0023FEF70CF998
:105C5000A3693B70E3693370BDEEC00A236A2B7001
:105C60005B49636A534888F8003084ED0A0AFEF7FE
:105C7000BFFCFDEEC07A57494E48C4ED067A17EED8
:105C8000903A3B70FEF7B4FCFDEEC07A52494948A9
:105C9000C4ED077A17EE903A3370FEF7A9FCFDEEDB
:105CA000C07A4E494348C4ED087A17EE903A2B70FB
:105CB000FEF79EFCFDEEC07A082017EE903AC4ED88
:105CC000097A88F80030F9F72FFA45493948002356
:105CD0004FF46E72FEF7C8F8BDEEC00A4149354870
:105CE00084ED010A00234FF47372FEF7BDF8BDEE98
:105CF000C00A3D492F4884ED0B0A00234FF4787207
:105D0000FEF7B2F8BDEEC00A38492A4884ED020A0F
:105D100000234FF47B72FEF7A7F8BDEEC00A3449AA
:105D2000244884ED0C0A00234FF47E72FEF79CF8A1
:105D3000BDEEC00A2F491F4884ED030A00234FF42B
:105D40007F72FEF791F8BDEEC00A2B49194884ED29
:105D50000D0A00234FF46572FEF786F8BDEEC00A07
:105D60002649144884ED040A00234FF46672FEF7B6
:105D70007BF8234B0A481968BDEEC00A8C2284EDDB
:105D80000E0A27F0A5F91F4B1F4819684FF48472BB
:105D900003B0BDE8F04327F09BB900BF7407FF1FB5
:105DA0006C11FF1FBB18FF1FB818FF1FB918FF1F8A
:105DB00020DA0400C8DE040044DA0400D0DE040067
:105DC0004CDD04005C1FFF1F6CD9040088D904005F
:105DD0005CDA040070DA040084DA040098DA040063
:105DE000ACDA0400DCDA0400B8DA0400E4DA040017
:105DF000C4DA0400ECDA0400D0DA0400F8DA0400B3
:105E00005407FF1F6C16FF1FA813FF1FBA18FF1FB0
:105E10002DE9F0432DED028BD94DDA49DA4CDB4EFA
:105E2000DB4FDFF81084DFF8109485B02846FEF7CA
:105E3000DFFBB7EE008AFCEEC07AB4EEC80A17EEBC
:105E4000903AF1EE10FAACBF012200222846D14967
:105E500084F8A0203370FEF7CBFBB4EEC80AF1EE55
:105E600010FAFCEEC07AACBF0123002384F89C300A
:105E700017EE903A2846C8493B70FEF7B9FBFCEE96
:105E8000C07AC649C4ED157A17EE903A284688F8CC
:105E90000030FEF7ADFBFCEEC07AB4EEC80A17EE98
:105EA000903AF1EE10FA89F800304FF4E670ACBF8A
:105EB0000123002384F89D30F9F736F92846B849C4
:105EC000FEF796FBB4EEC80AF1EE10FAACBF012360
:105ED0000023B449B44884F8DC3089F80030FEF778
:105EE00087FBFDEEC07AB14AB149C2ED117A17EED7
:105EF000903A284688F80030FEF77AFBB4EEC80ADC
:105F0000F1EE10FAACBF01230023AA49AA4884F895
:105F10009E303B70FEF76CFBFDEEC07AA74A17EE91
:105F2000903AB020C2ED187A3370F9F7FDF82846A0
:105F3000A349FEF75DFBFCEEC07AB4EEC80A17EE8B
:105F4000903AF1EE10FA89F800309E499E48ACBFB5
:105F50000123002384F89F30FEF74AFBFDEEC07A50
:105F6000284617EE903A994988F80030C4ED3F7AF8
:105F7000FEF73EFBFDEEC07A9549C4ED0D7A17EEB3
:105F8000903A28463B70FEF733FBFDEEC07A4FF4A3
:105F9000D07017EE903AC4ED387A3370F9F7C4F840
:105FA00028468C490023C822FDF75EFFBDEEC00ADB
:105FB0002846894984ED000A0023F422FDF754FFA6
:105FC000BDEEC00A2846854984ED010A01234FF43D
:105FD0008672FDF749FF2846814984ED020A0023B5
:105FE000C422FDF741FFBDEEC00A28467D4984ED7D
:105FF000030A00234FF4EA72FDF736FFBDEEC00A34
:106000004FF4007201232846774984ED040AFDF716
:106010002BFF764984ED050A01A826F015FE01A89C
:10602000EAF7B2FA01A826F067FE714B01A81968D9
:1060300026F00AFE01A8EAF7A7FA002601A826F032
:106040005BFE334628466B49C4F8CC604FF40D72B2
:10605000FDF70AFFBDEEC00A33462846664984EDC7
:10606000080A4FF4F272FDF7FFFEBDEEC00A2846A3
:10607000624984ED090A01234FF4F472FDF7F4FE3E
:10608000334628465E4984ED0A0A4FF40E72FDF746
:10609000EBFEBDEEC00A334628465A4984ED340A69
:1060A000CC22FDF7E1FEBDEEC00A2846564984ED3C
:1060B000350A0123D822FDF7D7FE33462846534937
:1060C00084ED360A5C22FDF7CFFEBDEEC00A3346F2
:1060D00028464F4984ED0E0A4FF40872FDF7C4FEBE
:1060E000BDEEC00A28464B4984ED0F0A01234FF448
:1060F0000972FDF7B9FE2846474984ED100A0123CD
:106100004FF4CC72FDF7B0FE2846444984ED110AE5
:1061100001234FF42C72FDF7A7FE33462846404971
:1061200084ED120A6022FDF79FFEBDEEC00A3346E1
:1061300028463C4984ED160A4FF4CA72FDF794FED6
:10614000BDEEC00A01234FF4BE722846364984EDE5
:10615000170AFDF789FE1F21344884ED180A29F03B
:1061600061FE206E324E2BF033F941EC100B022110
:10617000304626F08DFB304626F066FB3F215DE081
:106180004CDD0400DCDE0400A813FF1FBA18FF1F5B
:10619000B918FF1FE8DE0400FCDE040010DF040075
:1061A0001CDF040044DA0400F8E504004813FF1F74
:1061B0002CDF040038DF0400D0D80400D812FF1F01
:1061C00044DF040050DF040058DF040060DF0400F7
:1061D00074DF040088DF04009CDF0400B0DF0400EB
:1061E000C4DF0400D4DF0400E4DF0400F8DF0400AF
:1061F0008007FF1F04E0040014E0040024E0040012
:1062000038E0040048E004005CE0040070E00400B2
:1062100080E0040090E00400A0E00400B4E004008A
:10622000C0E00400D0E00400E0E00400F0E004007E
:106230006008FF1FBB18FF1FB818FF1F114829F087
:10624000F1FD304626F000FB28460F4901234FF4AC
:106250001672FDF709FE28460C4984ED190A4FF421
:1062600026720123FDF700FE094B84ED1A0A196816
:106270004FF48472204605B0BDEC028BBDE8F043BC
:1062800026F026BF10E1040050E1040064E10400A0
:106290006C16FF1F2DE9F0432DED028B84498548D4
:1062A000854D864EDFF86892DFF86882844F854C12
:1062B0008DB0FEF79DF9FDEEC07A83497D48C5EDAE
:1062C000137A17EE903A3370FEF792F9FDEEC07A2A
:1062D0007E497848C5ED147A17EE903A89F8003077
:1062E000FEF786F9FDEEC07A79497248C5ED3E7A2F
:1062F00017EE903A88F80030FEF77AF9FDEEC07A92
:106300004FF4107017EE903AC5ED327A3B70F8F703
:106310000BFF70496748FEF76BF923680B930B9AE4
:1063200023680A930A9B9B1A632BF9D92368099364
:10633000FDEEC07A099AC5ED067A23680893089B9A
:106340009B1A632BF9D9FCEEC07A6349594817EEC2
:10635000903A3370FEF74CF9FDEEC07A5F4955482C
:10636000C5ED077A17EE903A89F80030FEF740F94C
:10637000FDEEC07A5A494F48C5ED0B7A17EE903AB8
:1063800088F80030FEF734F9FDEEC07A4FF4D4708F
:1063900017EE903AC5ED0C7A3B70F8F7C5FE23680E
:1063A0000793079A23680693069B9B1A632BF9D9D8
:1063B0004C494048FEF71CF93821B0EE408A4A4863
:1063C00029F030FD18EE100A2BF002F841EC100B0A
:1063D0000221464826F05CFA444826F035FA236844
:1063E0000593059A23680493049B9B1A632BF9D9A0
:1063F00023680393FDEEC87A039AC5ED1B7A17EE66
:10640000901A23680293029B9B1A632BF9D9236885
:106410000193019A317023680093009B9B1A632BB0
:10642000F9D92F213248334C29F0FCFC0A2231786B
:106430002E48002326F020FA2C4826F005FA2E4993
:106440001C48FEF7D5F8FDEEC07A2C492C48C5ED66
:106450001C7A17EE903A89F80030FEF7C9F8FDEE85
:10646000C07A28492648C4ED067A17EE903A88F893
:106470000030FEF7BDF8FDEEC07A4FF4B87017EEAD
:10648000903AC4ED077A3B70F8F74EFE1E4B0A486F
:1064900019684FF4847226F01BFE1C4B19683422D5
:1064A00020460DB0BDEC028BBDE8F04326F010BED7
:1064B00070E1040058DF0400A813FF1FB818FF1F85
:1064C000BA18FF1F5C1FFF1F78E1040080E1040081
:1064D00088E1040094E104009CE10400A4E10400CC
:1064E000ACE10400B4E10400BCE104006008FF1F5B
:1064F000F8E104003811FF1F28E2040084DA0400E8
:10650000B8E5040098DA04006C16FF1F5007FF1F5F
:10651000BB18FF1FB918FF1FF0B50023A3B0354902
:106520001A4601A825F092FA0C9C002C73D023681F
:1065300031491A6B8A4269D1226D002A00F0258206
:10654000DB6A2E4FBB4240F05182A06D18B12BF098
:10655000AFFD0023A365236D002B00F03F8204F103
:10656000180022F0F3F90C9D6C68013C6C60002C63
:1065700040F01C822B68DB6ABB4240F05C82A86D55
:1065800010B12BF095FDAC652B6D002B00F04E8209
:1065900005F1180022F0DAF90C9C002C00F00682BC
:1065A0002368174A5B68934240F0FE81A06D154B4B
:1065B000236018B12BF07CFD0023A365236D04F14B
:1065C0001805002B00F01882284622F0BFF90E4E65
:1065D000A660284622F0BAF95C21204626F098FFF2
:1065E0009DF81E200023012A0C9319D144F20223A6
:1065F0001BE000BFA416FF1F61040000D1040000CF
:10660000190D0000140F0500A00E0500204690474C
:10661000002840F0CD819DF81E20994E012AE5D03A
:10662000022A40F2022318BF0023964901AA0EA8AD
:1066300022F0A4FA209B002B00F095815C2026F02C
:1066400063FF0F9BC360109B03619DF8443003758B
:106650008D4B036004468D4B83600025456012A975
:10666000183022F045F96368A56501336360884BF3
:10667000A36012A80E9622F069F90C9D002D00F07F
:1066800070816F68013F6F60002F33D12B68814AA2
:10669000DB6A934240F0A781A86D10B12BF008FD92
:1066A000AF652B6D002B00F07A8105F1180022F008
:1066B0004DF90C9DF5B12B68774A5B68934240F029
:1066C000AD81A86D704B2B6018B12BF0F1FC00234D
:1066D000AB652B6D05F11807002B00F09A81384649
:1066E00022F034F9AE60384622F030F928465C21B9
:1066F00026F00EFF0C94002C00F0E7802368674D15
:106700001B6BAB4240F0DC80236D002B00F0388126
:106710000023142162488DF81F3029F083FB614863
:1067200026F092F80E21604829F07CFB5F482EF09D
:1067300007FA01465D4829F075FB5A4826F084F8AF
:106740000C9C002C56D023681A6BAA4240F03B8167
:10675000226D002A00F03281DB6A4E4FBB4240F0CE
:106760004881A06D18B12BF0A3FC0023A365236D15
:10677000002B00F0568104F1180022F0E7F80C9D80
:106780006C68013C6C60002C32D12B68DB6ABB4228
:1067900040F05481A86D10B12BF08AFCAC652B6DD4
:1067A000002B00F02E8105F1180022F0CFF80C9C90
:1067B000F4B12368384A5B68934240F02781A06DAA
:1067C000314B236018B12BF073FC0023A365236DBC
:1067D00004F11805002B00F03481284622F0B6F8A9
:1067E000A660284622F0B2F85C21204626F090FEF2
:1067F00000230C93FFF70CFBFDF766FEFFF74AFD45
:10680000FFF7CAF9FEF7B4F8FEF78AFFFEF7BCFD02
:10681000FEF7A0FAFDF7C6FDFDF7EAFDFDF78EFDD8
:10682000FEF7E4FEFEF748FC2149224C0EA826F0B4
:106830000BFA0EA8E9F7A8FE0EA826F05DFA21686B
:106840000EA826F001FA0EA8E9F79EFE0EA826F083
:1068500053FA19490EA826F0F7F90EA8E9F794FEA5
:106860000EA826F049FA21680EA826F0EDF90EA828
:10687000E9F78AFE0EA826F03FFA104959E000BF5A
:10688000A00E0500C018FF1F140F05007C0E0500A8
:10689000C40E0500D1040000190D000061040000C1
:1068A00030E204006008FF1FACD70400A416FF1FED
:1068B00038F204008007FF1FD8FB040064E20400E4
:1068C0002046984700287FF423AF012318215F4812
:1068D0008DF81F3029F0A6FA5D485E4C25F0B4FF14
:1068E0005D490EA826F0B0F90EA8E9F74DFE0EA8F6
:1068F00026F002FA21680EA826F0A6F90EA8E9F7FC
:1069000043FE0EA826F0F8F954490EA826F09CF98B
:106910000EA8E9F739FE0EA826F0EEF921680EA8B8
:1069200026F092F90EA8E9F72FFE0EA826F0E4F95A
:106930004B490EA826F088F90EA8E9F725FE0EA807
:1069400026F0DAF921680EA826F07EF90EA8E9F7FC
:106950001BFE0EA826F0D0F901A825F0A3F823B05D
:10696000F0BD0C94CAE6219C002C7FF467AE12A8FF
:106970000E9621F0EBFF0C9D002D7FF482AEA4E774
:10698000636D002B7FF4C4AE9FE7626D002A3FF475
:1069900042AEDB6A334FBB423FF4D7AD26E06B6DAE
:1069A000002B7FF482AE84E6204698472E4E17E6F1
:1069B0000C9C002C3FF42FAE2368C1E5626D002AC9
:1069C0007FF4CAAE16E72046904700283FF412AF86
:1069D0000C9C002C3FF40EAF2368BDE6636D002BCA
:1069E0007FF4BDADBFE52846984762E6204698474C
:1069F000B9E520469847C2E6636D002B7FF4E4AD0D
:106A0000E5E56B6D002B7FF4CEAED0E620469847CF
:106A1000EEE66B6D002B7FF462AE63E62846984786
:106A200068E6636D002B7FF4A6AEA8E66B6D002BC5
:106A30007FF4AEADB0E528469847ADE528469847C7
:106A4000B5E6636D002B7FF4C8AEC9E648E20400EA
:106A50006008FF1F8007FF1FD8D70400D8FB040081
:106A600038F20400D1040000A00E050030B5CFB00C
:106A7000B649044630A826F0E7F8B44933A826F012
:106A8000E3F8B34936A826F0DFF8B24939A826F072
:106A9000DBF8B1493CA826F0D7F8B0493FA826F06A
:106AA000D3F8AF4942A826F0CFF8AE4945A826F062
:106AB000CBF8AD4948A826F0C7F80122AB4B944269
:106AC0001A7000F05D810B2C00F04883023C082C0A
:106AD0000ED8DFE814F0100315031A030D001F038E
:106AE000240329032E030900A14930A826F05EF9EA
:106AF00036A933A826F03CF933A99E489E4C4BADED
:106B000025F074FE9B4825F09FFE33A9284626F009
:106B1000B9F82846E9F738FD284626F0EDF848A9E7
:106B2000284626F0AFF82846E9F72EFD284626F03D
:106B3000E3F823682D932D9A23682C932C9B9B1AA2
:106B40000E2BF9D930A9284626F09CF839A92846F9
:106B500026F0BCF9014633A826F00AF9284626F0AB
:106B6000CBF839A9834825F041FE824825F06CFE18
:106B700039A9284626F086F82846E9F705FD284673
:106B800026F0BAF848A9284626F07CF82846E9F706
:106B9000FBFC284626F0B0F823682B932B9A236839
:106BA0002A932A9B9B1A0E2BF9D93CA933A826F0CD
:106BB000DFF83CA96F4825F019FE6E4825F044FE29
:106BC0003CA9284626F05EF82846E9F7DDFC284671
:106BD00026F092F848A9284626F054F82846E9F706
:106BE000D3FC284626F088F823682993299A23683D
:106BF0002893289B9B1A092BF9D93FA933A826F083
:106C0000B7F83FA95B4825F0F1FD5A4825F01CFE76
:106C10003FA9284626F036F82846E9F7B5FC28466D
:106C200026F06AF848A9284626F02CF82846E9F705
:106C3000ABFC284626F060F823682793279A236840
:106C40002693269B9B1A0E2BF9D942A933A826F02E
:106C50008FF833A9474825F0C9FD464825F0F4FDD3
:106C600042A9284626F00EF82846E9F78DFC28466A
:106C700026F042F848A9284626F004F82846E9F705
:106C800083FC284626F038F823682593259A236844
:106C90002493249B9B1A0E2BF9D945A933A826F0DF
:106CA00067F833A9334825F0A1FD324825F0CCFD23
:106CB00045A9284625F0E6FF2846E9F765FC284661
:106CC00026F01AF848A9284625F0DCFF2846E9F7FF
:106CD0005BFC284626F010F823682F932F9A236830
:106CE0002E932E9B9B1A092BF9D92449284625F06F
:106CF000ABFF2846E9F748FC284625F0FDFF48A9E8
:106D0000284625F0BFFF2846E9F73EFC284625F037
:106D1000F3FF48A825F0F0FF45A825F0EDFF42A8B5
:106D200025F0EAFF3FA825F0E7FF3CA825F0E4FFA7
:106D300039A825F0E1FF36A825F0DEFF33A825F0BD
:106D4000DBFF30A825F0D8FF4FB030BDA8120500FA
:106D500070E20400D8FB040080E20400F0FD0400AF
:106D600090E20400DCFD04005CAE04006816FF1F26
:106D7000F4E504006008FF1F5C1FFF1F08E6040025
:106D80004BADC649C64C284625F05EFF2846E9F7BC
:106D9000FBFB284625F0B0FF48A9284625F072FFE6
:106DA0002846E9F7F1FB284625F0A6FF2368119352
:106DB000119A23681093109B9B1A092BF9D9B94992
:106DC000284625F041FF2846E9F7DEFB284625F056
:106DD00093FF48A9284625F055FF2846E9F7D4FB3C
:106DE000284625F089FFB049284625F02DFF284682
:106DF000E9F7CAFB284625F07FFF48A9284625F079
:106E000041FF2846E9F7C0FB284625F075FF2368B7
:106E10000F930F9A23680E930E9B9B1A092BF9D997
:106E2000A249284625F010FF2846E9F7ADFB284681
:106E300025F062FF48A9284625F024FF2846E9F7F7
:106E4000A3FB284625F058FF9949284625F0FCFE6B
:106E50002846E9F799FB284625F04EFF48A9284621
:106E600025F010FF2846E9F78FFB284625F044FF60
:106E700023680D930D9A23680C930C9B9B1A092B86
:106E8000F9D98C49284625F0DFFE2846E9F77CFB36
:106E9000284625F031FF48A9284625F0F3FE28466C
:106EA000E9F772FB284625F027FF8349284625F09D
:106EB000CBFE2846E9F768FB284625F01DFF48A9C8
:106EC000284625F0DFFE2846E9F75EFB284625F038
:106ED00013FF23680B930B9A23680A930A9B9B1A50
:106EE000092BF9D97549284625F0AEFE2846E9F761
:106EF0004BFB284625F000FF48A9284625F0C2FE96
:106F00002846E9F741FB284625F0F6FE6C4928465D
:106F100025F09AFE2846E9F737FB284625F0ECFED7
:106F200048A9284625F0AEFE2846E9F72DFB28465D
:106F300025F0E2FE23680993099A23680893089BC9
:106F40009B1A092BF9D95F49284625F07DFE284672
:106F5000E9F71AFB284625F0CFFE48A9284625F078
:106F600091FE2846E9F710FB284625F0C5FE564954
:106F7000284625F069FE2846E9F706FB284625F055
:106F8000BBFE48A9284625F07DFE2846E9F7FCFA15
:106F9000284625F0B1FE23680793079A23680693D5
:106FA000069B9B1A092BF9D94849284625F04CFE27
:106FB0002846E9F7E9FA284625F09EFE48A9284622
:106FC00025F060FE2846E9F7DFFA284625F094FE12
:106FD0003F49284625F038FE2846E9F7D5FA2846E5
:106FE00025F08AFE48A9284625F04CFE2846E9F7F8
:106FF000CBFA284625F080FE23680593059A23687E
:107000000493049B9B1A092BF9D93249284625F091
:107010001BFE2846E9F7B8FA284625F06DFE48A978
:10702000284625F02FFE2846E9F7AEFA284625F037
:1070300063FE2949284625F007FE2846E9F7A4FA09
:10704000284625F059FE48A9284625F01BFE28466B
:10705000E9F79AFA284625F04FFE23680393039A2E
:1070600023680293029B9B1A092BF9D91B492846D6
:1070700025F0EAFD2846E9F787FA284625F03CFE88
:1070800048A9284625F0FEFD2846E9F77DFA28465E
:1070900025F032FE23680193019A21E0A0E204006A
:1070A0005C1FFF1FB8E20400CCE20400E4E204002D
:1070B000F8E2040010E3040024E304003CE30400CD
:1070C00050E3040068E304007CE3040094E304005C
:1070D000A8E30400C0E30400D4E30400ECE30400EC
:1070E00023680093009B9B1A092BF9D91349284662
:1070F00025F0AAFDE0E5124930A825F057FEF7E497
:10710000104930A825F052FEF2E40F4930A825F0CE
:107110004DFEEDE40D4930A825F048FEE8E40C49A9
:1071200030A825F043FEE3E40A4930A825F03EFEEE
:10713000DEE4094930A825F039FED9E400E4040072
:1071400000E60400B4E50400C0E50400CCE504005A
:10715000D8E50400E0E50400E8E504004BADC649CD
:10716000C64C284625F070FD2846E9F70DFA28465A
:1071700025F0C2FD48A9284625F084FD2846E9F7F8
:1071800003FA284625F0B8FD23682393239A236841
:107190002293229B9B1A092BF9D9B949284625F03D
:1071A00053FD2846E9F7F0F9284625F0A5FD48A942
:1071B000284625F067FD2846E9F7E6F9284625F038
:1071C0009BFDB049284625F03FFD2846E9F7DCF94C
:1071D000284625F091FD48A9284625F053FD28466C
:1071E000E9F7D2F9284625F087FD23682193219AF3
:1071F00023682093209B9B1A092BF9D9A249284682
:1072000025F022FD2846E9F7BFF9284625F074FD50
:1072100048A9284625F036FD2846E9F7B5F928465D
:1072200025F06AFD9949284625F00EFD2846E9F724
:10723000ABF9284625F060FD48A9284625F022FD37
:107240002846E9F7A1F9284625F056FD23681F9343
:107250001F9A23681E931E9B9B1A092BF9D98C49F0
:10726000284625F0F1FC2846E9F78EF9284625F056
:1072700043FD48A9284625F005FD2846E9F784F98D
:10728000284625F039FD8349284625F0DDFC2846AF
:10729000E9F77AF9284625F02FFD48A9284625F078
:1072A000F1FC2846E9F770F9284625F025FD23680A
:1072B0001D931D9A23681C931C9B9B1A092BF9D9BB
:1072C0007549284625F0C0FC2846E9F75DF92846AF
:1072D00025F012FD48A9284625F0D4FC2846E9F7F8
:1072E00053F9284625F008FD6C49284625F0ACFCEA
:1072F0002846E9F749F9284625F0FEFC48A9284622
:1073000025F0C0FC2846E9F73FF9284625F0F4FCB3
:1073100023681B931B9A23681A931A9B9B1A092BA9
:10732000F9D95F49284625F08FFC2846E9F72CF962
:10733000284625F0E1FC48A9284625F0A3FC28466C
:10734000E9F722F9284625F0D7FC5649284625F0CA
:107350007BFC2846E9F718F9284625F0CDFC48A91A
:10736000284625F08FFC2846E9F70EF9284625F037
:10737000C3FC23681993199A23681893189B9B1AC6
:10738000092BF9D94849284625F05EFC2846E9F73B
:10739000FBF8284625F0B0FC48A9284625F072FCE9
:1073A0002846E9F7F1F8284625F0A6FC3F4928468B
:1073B00025F04AFC2846E9F7E7F8284625F09CFC2A
:1073C00048A9284625F05EFC2846E9F7DDF828465E
:1073D00025F092FC23681793179A23681693169B3F
:1073E0009B1A092BF9D93249284625F02DFC28464D
:1073F000E9F7CAF8284625F07FFC48A9284625F079
:1074000041FC2846E9F7C0F8284625F075FC2949D3
:10741000284625F019FC2846E9F7B6F8284625F055
:107420006BFC48A9284625F02DFC2846E9F7ACF866
:10743000284625F061FC23681593159A2368149358
:10744000149B9B1A092BF9D91B49284625F0FCFBF4
:107450002846E9F799F8284625F04EFC48A9284621
:1074600025F010FC2846E9F78FF8284625F044FC63
:1074700023681393139A21E014E404005C1FFF1F98
:1074800030E4040048E4040064E404007CE4040004
:1074900098E40400B0E40400CCE40400E4E4040054
:1074A00000E5040018E5040030E5040044E50400AC
:1074B0005CE5040070E5040088E50400236812938D
:1074C000129B9B1A092BF9D90249284625F0BCFBCF
:1074D000FFF7F2BB9CE5040030B5A1B004460D46B1
:1074E00008A8784925F0B0FB76490BA825F0ACFB3D
:1074F00075490EA825F0A8FB744911A825F0A4FB36
:10750000734914A825F0A0FB724917A825F09CFB2D
:1075100071491AA825F098FB0122704B94421A7009
:107520005FD00B2C46D0012D00F08380013541D176
:107530000EA90BA825F01CFC0BA969481DAC25F071
:1075400055F9674825F080F90BA9204625F09AFBEC
:107550002046E9F719F8204625F0CEFB1AA9204667
:1075600025F090FB2046E9F70FF8204625F0C4FBF4
:107570005C4B1A68059205991A680492049A521A8B
:10758000092AF9D911A90BA825F0F2FB0BA920466D
:1075900025F078FB2046E8F7F7FF204625F0ACFB06
:1075A0001AA9204625F06EFB2046E8F7EDFF20469D
:1075B00025F0A2FB1AA825F09FFB17A825F09CFB3D
:1075C00014A825F099FB11A825F096FB0EA825F02C
:1075D00093FB0BA825F090FB08A825F08DFB21B0AC
:1075E00030BD95424AD00135E4D11DAC3E4920461C
:1075F00025F02AFB2046E8F7C7FF204625F07CFB54
:107600001AA9204625F03EFB2046E8F7BDFF20469C
:1076100025F072FB334B1A68019201991A680092A7
:10762000009A521A092AF9D93049204625F00CFB54
:10763000B0E71DAC14A90BA825F09AFB0BA92046B6
:1076400025F020FB2046E8F79FFF204625F054FB5D
:107650001AA9204625F016FB2046E8F795FF20469C
:1076600025F04AFB1F4B1A68079207991A68069281
:10767000069A521A092AF9D917A984E71DAC1C49A0
:10768000204625F0E1FA2046E8F77EFF204625F067
:1076900033FB1AA9204625F0F5FA2046E8F774FFD7
:1076A000204625F029FB0F4B1A68039203991A68AC
:1076B0000292029A521A092AF9D90E49204625F057
:1076C000C3FA67E7A812050080E20400F0FD040099
:1076D00090E20400DCFD04005CAE04000417FF1F10
:1076E0006008FF1F5C1FFF1FCCE20400E4E20400FF
:1076F000F8E2040010E3040090F8903010B504465E
:10770000FBB9826D0123526880F8903072B6DFEDCC
:107710000F6AD0ED207A90ED1F7A67EEA67AF4EE2C
:10772000C77AC0ED1E7AD0ED227AF1EE10FAD8BFFA
:10773000F1EE677AC0ED237A62B602E0012026F00E
:107740004FF8A368002BF9D110BD00BF0000000066
:1077500038B590F86430124A0260044600F10C0516
:107760008BB9104B6360284624F044FF0023A360CC
:10777000206A24F035F9606A24F032F9284624F0B2
:1077800039FF204638BD284624F034FF0023206A04
:10779000A36024F025F9606A24F022F9E1E700BF34
:1077A0007C0F0500700F050010B5034B0360044605
:1077B000FFF7CEFF204610BDB40F050010B5054BF6
:1077C00003600446FFF7C4FF2046B82125F0A0FE61
:1077D000204610BDB40F050010B5034B03600446EE
:1077E000FFF7B6FF204610BD980F050010B5054BFA
:1077F00003600446FFF7ACFF2046942125F088FE85
:10780000204610BD980F050010B50446FFF7A0FFF5
:107810002046782125F07CFE204610BD88422FD0DE
:107820002DE9F843804689461646051DA94516D020
:107830002868D8F80010B0472F462C46043580B190
:10784000B84555F8044C06D0A7EB0802414608F1AC
:1078500004002CF06DFAA945C8F80040E8D1BDE855
:10786000F88355F8047C03E054F8043C44F80439E8
:1078700054F8041C3846B0470028F5D12760D5E7F6
:10788000704700BF0B1A402B2DE9F0411BDD074666
:107890004037884639461646FFF7C0FF474510D0A7
:1078A0003D683C4603E054F8043C44F8043954F87D
:1078B000041C2846B0470028F5D10437B845256098
:1078C000EED1BDE8F081FFF7A9FFBDE8F08100BF70
:1078D0002DE9F04F9846531E83B003EBD373B1EB01
:1078E000630F0C9E01920F46044645DA4FEA630986
:1078F0008A4600E0DA460AF101056FF0404303EBE7
:10790000450354F8350054F823104FEA450B04EBB7
:10791000C505B04718B10BF1FF3B04EB8B05296897
:1079200044F82A10CB45E5DB019BDA072AD50BF199
:10793000FF3909EBD979BB454FEA690908DC16E044
:1079400054F8291044F82B104F45CB460FDA9146D6
:1079500054F829004146B04709F1FF3202EBD272D8
:10796000521004EB89050028EAD104EB8B05C5F819
:10797000008003B0BDE8F08F019BDB0700EB8105C1
:10798000F5D48B46019B023B03EBD373BBEB630F38
:10799000CDD10BF1010304EBC3025B0052F8042CC0
:1079A0002A6003F1FF3B04EB8B05C0E72DE9F04FA4
:1079B0008946091A402983B040F3908007469246D1
:1079C00098464E46002A61D007F1040BCC10786827
:1079D00057F82410C0470AF1FF3A59F8041C002850
:1079E00037D057F82400C047002845D03B6857F8E7
:1079F00024203A6047F82430786839684D465E465E
:107A000002E056F8040F3968C0470028F9D12C1F4E
:107A100021683868C0472546043C0028F8D1AE42AA
:107A200009D233462968326843F8041B2A6070681B
:107A300039681E46E8E74946434652463046FFF756
:107A4000B5FFF11B402949DDBAF1000F1ED0B14648
:107A5000BCE77868C047A0B959F8041C57F824005F
:107A6000C0473B680028C2D059F8042C3A6049F856
:107A7000043C78683968C1E759F8041C7868C04745
:107A800078BBD7E9000139607860B7E78C10A51E94
:107A90006D10CDF8008057F825302246294638462B
:107AA000FFF716FF07EB8509013D59F8043DCDF8B6
:107AB0000080224629463846FFF70AFF002DF3D101
:107AC00056F8043D3A683260F41BCDF80080A210ED
:107AD00000213846FFF7FCFE042CF1DC03B0BDE8C2
:107AE000F08F3B68C0E700BF836833B15E4B1B6813
:107AF00013B101210220184770472DE9F04100F130
:107B00002C0606EB8105AE422DED028B0446B0EE4D
:107B1000408A88464FEA81070FD0BA10B2FA82F243
:107B2000C2F11F02520029463046504BFFF73EFF7C
:107B30004E4A29463046FFF7A5FEE06AA0658369F4
:107B4000002B00F08980002BB8BF5B420361B8F1C5
:107B5000010F4FF00003836010DD07F1280121447D
:107B6000B4465CF8042F9369002BB8BF5B421361E5
:107B700007696145C7EB43035361F2D1AE426FD051
:107B800004F130039D42466A07D053F8042B526A31
:107B9000964228BF16469D42F7D10023251D84F842
:107BA000903084F82830284623F006FF20622846CB
:107BB00023F002FF606223F0D1FE616904F1080046
:107BC00023F058FE07EE906A94ED1C7ADFED286AE8
:107BD000A36DB8EE477AF8EE677A002267EE877AEF
:107BE00087EEA67AD3ED067A5B68E267F8EEE77A6D
:107BF00084ED217AC4ED207A72B6D4F88430C4F8CA
:107C0000883062B672B694ED207AD4ED1F7A28EEF1
:107C1000070AB4EEE70AD4ED227A84ED1E0AF1EEEB
:107C200010FAD8BFF1EE677AC4ED237A62B6114A32
:107C3000236AE16900201060DB00506803F1804393
:107C400003F5603301440D2019611060DA6850219A
:107C500022F08002DA60D960BDEC028BBDE8F081D1
:107C6000E36A5E6A99E700BFA81EFF1F8504000053
:107C700000247449008003402DE9F04F474D2DED5D
:107C8000048BD5F80031CBB0A3F10A021D2A009075
:107C90007FD9434C434B226803920021039A197009
:107CA00023680293029B9B1A092BF9D925AF3E4901
:107CB0003E4E384624F0C8FF3846E8F765FC3846A3
:107CC00025F01AF83A4B3846196824F0BDFF3846BB
:107CD000E8F75AFC384625F00FF8364A3648374957
:107CE0002A9700231360364A33601360354A0360D5
:107CF0001360354A0B601360344A27931360344A8B
:107D000028938DF8BC303C933D938DF8F8303F9329
:107D10008DF824310123136040932E4B26932E4B74
:107D2000259380238DF8A43009232B9342F29F439F
:107D300014214FF005082C932848294ECDF80881CE
:107D400041F28833419328F06DF8264824F07CFDF9
:107D50000C21254828F066F8B16D224824F06CFD0E
:107D6000204824F071FD214B214AB16DC2F80080FA
:107D70000620D5F81C80D5F81890019118600429C8
:107D800000F22A85DFE811F048018C015C017401E2
:107D900038000021D8B225F081FC7AE7A813FF1F34
:107DA0005C1FFF1F6816FF1F2CB204004C17FF1F3B
:107DB0008007FF1F6018FF1F5818FF1F5C18FF1F68
:107DC0008816FF1F7C16FF1F5018FF1F5418FF1F37
:107DD0001810FF1F700F0500980F050024E604001F
:107DE0004C12FF1F6008FF1F3CE604009C07FF1FAA
:107DF0003407FF1F0AD7233C96ED097A30690099B2
:107E00005FED047AD5F87080D5F86C90D6F838B06C
:107E1000B8EEC78A00FB01FA12201860844628EEEB
:107E2000278A13201060B249DFF8FCE2C1F800C0D5
:107E3000019BB049CEF800305FFA88F3086018461D
:107E4000012109EE103A25F029FC5FFA89F3184662
:107E5000012109EE903A25F021FCA74BA74A1968A9
:107E6000126815A823F014FC0023169323680593C9
:107E7000059A23680493049B9B1A042BF9D9514655
:107E800015A823F045FC594623F036FC0122B06DBD
:107E90001146E9F7D1FDB36D002B40F02D83DFF8DB
:107EA0008CB2DBF87420012A40F05E8307EE90AAC2
:107EB0009BED1C7A9249934A9FED930A934BF8EEFF
:107EC000E77A032067EE877A08601021116027EEB9
:107ED000800A17221A6028F0B9FAFDEEC07ADBF8A2
:107EE0000C30DFF84CB217EE90AA5345BCBF009A95
:107EF00002FB03FA012211460320E9F79DFD00234E
:107F000051465846CBF8043023F002FC804B996A66
:107F100023F0F2FB23680793079A23680693069BD6
:107F20009B1A042BF9D93F9B4AA803F10C0200EBE2
:107F3000820C00EB8300002115AA40F8682C40F861
:107F400064BCB7EE000A4CF8901C38463F91022101
:107F5000FFF7CAFD279B002B3CD0DFED6B8ADFF8D3
:107F6000D4A1DFF8D4B125F0F9FF002840F3C08197
:107F7000DAF80030012B00F0C581032B00F07B8282
:107F8000002B00F0D48100238BF80030A8F10A0305
:107F90001D2B40F23C81A9F10A031D2B40F26F8199
:107FA000D5F8F800A0F10A031D2B07D8C0B225F0C0
:107FB000ABFBD5F8FC30984240F063822368119304
:107FC000119A23681093109B9B1A092BF9D9279BB0
:107FD000002BC8D14F4CB06D002840F04F82169B4B
:107FE0004D4A13605B4202464C490A604C4A0021EC
:107FF00013600122E9F720FD2468022C00F0CF82F3
:108000000B2C64D1B36D042B61D8DFE813F0E500CD
:10801000CB00B10097005B00306896ED057A0099BF
:10802000DFED397AD6F828B0B8EEC78A00FB01FA3E
:10803000032018608446022028EE278A1060F2E6AA
:10804000B06896ED077A0099DFED2F7AD5F8308089
:10805000D5F82C90D6F830B0B8EEC78A00FB01FAFC
:10806000152018608446142028EE278A1060DAE66E
:10807000F06896ED087A0099DFED237AD5F8508004
:10808000D5F84C90D6F834B0B8EEC78A00FB01FAA8
:10809000102018608446172028EE278A1060C2E658
:1080A00096ED067A7068DFED187A0099D6F82CB054
:1080B000B8EEC78A00FB01FA28EE278A05204FF0A8
:1080C000060CB0E6D5F8E030012B40F06F83D5F810
:1080D0000001A0F10A031D2B40F20982114B2593E8
:1080E0003846FFF735FB4BB0BDEC048BBDE8F08F95
:1080F000A407FF1FA007FF1F9C07FF1F3407FF1FD8
:10810000CC07FF1FAC07FF1F0AD7233CA807FF1FA0
:10811000D812FF1F8807FF1F8816FF1F7C16FF1F3E
:108120005018FF1F980F0500C807FF1F6C11FF1F95
:108130005017FF1F9807FF1FF016FF1FD5F8E030FC
:10814000012BC4D0A54912A824F07EFD12A8E8F79F
:108150001BFA12A824F0D0FDA14912A824F074FD46
:1081600012A8E8F711FA12A824F0C6FD9D49BEE254
:10817000D5F8E030012BAAD09B4912A824F064FD69
:1081800012A8E8F701FA12A824F0B6FD944912A843
:1081900024F05AFD12A8E8F7F7F912A824F0ACFD74
:1081A0009249A4E2D5F8E030012B90D0904912A872
:1081B00024F04AFD12A8E8F7E7F912A824F09CFD84
:1081C000874912A824F040FD12A8E8F7DDF912A8AB
:1081D00024F092FD87498AE2D5F8E030012B3FF484
:1081E00076AF854912A824F02FFD12A8E8F7CCF944
:1081F00012A824F081FD7A4912A824F025FD12A8C6
:10820000E8F7C2F912A824F077FD7C496FE219EE75
:10821000100A25F079FAD5F8FC3098423FF4BBAE4D
:10822000009B012B7FF4B7AE00238DF8243172B68A
:10823000DFED766ADDED457A9DED447A67EEA67A4C
:10824000F4EEC77ACDED437ADDED477AF1EE10FA20
:10825000D8BFF1EE677ACDED487A62B628A824F04F
:10826000C9F9674C2D980023279323F0B9FB2E986A
:1082700023F0B6FB20680121FFF72EF9ABE619EEDB
:10828000900A25F041FAD5F8FC3098423FF488AEC8
:10829000009B01337FF484AE00238DF8243172B645
:1082A000DFED5A6ADDED457A9DED447A67EEA67AF8
:1082B000F4EEC77ACDED437ADDED477AF1EE10FAB0
:1082C000D8BFF1EE677ACDED487A62B628A824F0DF
:1082D00091F94B4C2D980023279323F081FB2E9886
:1082E00023F07EFB20684FF0FF31FFF7F5F872E6D0
:1082F00026F0AAFE00287FF749AEDAF80030012BFD
:108300007FF43BAE25F03EFEC3B26E2B8BF80030FF
:1083100014D1DAF80000E9F7CFFE51EC100B29F088
:108320005FFB07EE900A7061B8EEE78A1DE027F068
:108330000BFDC3B26E2B8BF80030EAD06F2B67D1E8
:10834000DAF80000E9F7B8FE51EC100B29F048FB11
:10835000B36D013B032B0AD8DFE803F03830280265
:1083600007EE900AB8EEE78A706228EE288A254B5D
:10837000254819688C2224F0ABFE00238DF82431A7
:1083800072B6DDED457A9DED447A68EE277AF4EE1B
:10839000C77ACDED437ADDED477AF1EE10FAD8BF1A
:1083A000F1EE677ACDED487A62B6EFE507EE900A16
:1083B000B8EEE78A306228EE288AD8E707EE900AFE
:1083C000B8EEE78AF06128EE288AD0E707EE900A37
:1083D000B8EEE78AB06128EE288AC8E7ACE7040067
:1083E0005CAE0400C4E704007CE7040094E70400EA
:1083F0004CE7040064E704000CE8040024E80400EF
:108400008807FF1F5C07FF1F4C12FF1F00000000C2
:10841000532B7FF4BBAD00238DF8243172B65FED92
:10842000056ADDED457A9DED447A67EEA67AF4EEB5
:10843000C77ACDED437ADDED477AF1EE10FAD8BF79
:10844000F1EE677ACDED487A62B623680F930F9A02
:1084500023680E930E9B9B1A042BF9D93846FFF71D
:108460004BF923680D930D9A23680C930C9B9B1A70
:10847000632BF9D9AEE526F0FBFD5AE7169A534275
:10848000B2E52021B44827F0CDFCB44824F0DCF953
:1084900028A8002424F0AEF82D98279423F0A0FA01
:1084A0002E9823F09DFA224621462046E9F7C4FA89
:1084B000224621460120E9F7BFFA22462146022042
:1084C000E9F7BAFA224621460320E9F7B5FA22462F
:1084D00021460420E9F7B0FAA14B1868FEF7C6FA66
:1084E000D5F80001A0F10A031D2B3FF6F7AD0121DD
:1084F000C0B225F0D3F8F1E53F9B4AA803F10B0287
:1085000000EB830315A843F8680C4AAB03EB820326
:10851000002143F8901CB7EE000A3F913846012134
:10852000FFF7E2FA23680B930B9A23680A930A9BDE
:108530009B1A042BF9D900238DF8243172B6DDED96
:10854000457A9DED447A68EE277AF4EEC77ACDED50
:10855000437ADDED477AF1EE10FAD8BFF1EE677A93
:10856000CDED487A62B6F5E4DDF8FCC04AAA02EB2C
:108570008C0015AA40F8682C40F8643CB7EE000A5D
:10858000012138463F93FFF7AFFA23680993099A10
:1085900023680893089B9B1A042BF9D9CBE7714BEE
:1085A0005A6F012A00F0CB80B36D042B3FF68FADDC
:1085B000DFE803F08354391E0300D5F8E030012BC7
:1085C0003FF485AD684912A824F03EFB12A8E7F7F6
:1085D000DBFF12A824F090FB644912A824F034FBBE
:1085E00012A8E7F7D1FF12A824F086FB60497EE0CD
:1085F000D5F8E030012B3FF46AAD5E4912A824F0B3
:1086000023FB12A8E7F7C0FF12A824F075FB574917
:1086100012A824F019FB12A8E7F7B6FF12A824F05D
:108620006BFB554963E0D5F8E030012B3FF44FADCB
:10863000524912A824F008FB12A8E7F7A5FF12A8D8
:1086400024F05AFB494912A824F0FEFA12A8E7F7D1
:108650009BFF12A824F050FB494948E0D5F8E030D0
:10866000012B3FF434AD474912A824F0EDFA12A8CB
:10867000E7F78AFF12A824F03FFB3C4912A824F038
:10868000E3FA12A8E7F780FF12A824F035FB3D4972
:1086900012A824F0D9FA12A8E7F776FF12A824F05E
:1086A0002BFB324912A824F0CFFA12A8E7F76CFF8F
:1086B00012A824F021FB344919E0D5F8E030012B51
:1086C0003FF405AD314912A824F0BEFA12A8E7F72D
:1086D0005BFF12A824F010FB244912A824F0B4FA7E
:1086E00012A8E7F751FF12A824F006FB284912A8A8
:1086F00024F0AAFA12A8E7F747FF12A824F0FCFA20
:10870000244912A824F0A0FA12A8E7F73DFF12A806
:1087100024F0F2FA204912A824F096FA12A8E7F7FA
:1087200033FF12A824F0E8FA1C4912A824F08CFAAE
:1087300012A8E7F729FF12A824F0DEFAC7E4002107
:108740000320E9F779F9164B164A1C60164B5B6853
:108750005B42136028E700BF4CE604006008FF1F7F
:108760008807FF1F6C11FF1FFCE604005CAE0400CD
:1087700010E70400D4E60400E8E60400ACE60400D8
:10878000C0E6040070E6040084E6040024E7040068
:1087900038E7040000B5040098E60400A4E60400ED
:1087A0001810FF1F5418FF1F5017FF1F0F4912A862
:1087B00024F04AFA12A8E7F7E7FE12A824F09CFA80
:1087C0000B4912A824F040FA12A8E7F7DDFE12A820
:1087D00024F092FA07498AE74FF0000A9FED068AD3
:1087E000D34605204FF0060CFFF71DBBDCE7040065
:1087F0005CAE0400F4E70400000000002DE9F04F37
:108800002DED048BDFF8B882994C9FED9A8ADFF842
:10881000B4B2DFF8B4A2A1B005460190EAF740FA7D
:1088200098ED0F5A98ED107AD4ED025AD4ED017AF2
:10883000D8F82810904AD8ED176A9048E769A669D9
:1088400085EE076A80238DF84C30D8F8003001FBA4
:1088500003F38B494FF00009CDF8489094ED007A6E
:10886000B8EE477AF8EE677A27EE257A27EE277A70
:1088700007EE903A834BBDEEC77A83ED006AF8EEBF
:10888000677A00230B6082ED007A92ED007A7E4BCE
:108890007E4A67EE887AB8EEC77AFDEEE77A05FB86
:1088A00003F327EE267ACBED007A0493784BDBF8BE
:1088B0000010C3F80090FDEEC77A02230360032383
:1088C0007448136017EE905A22F022FFD8F8141063
:1088D00022F012FFC0F8049004996E4822F03AFF8B
:1088E000012211464846E9F7A7F86B49DAF87420E7
:1088F00002230B60012A049B029300F0C686D8F87D
:108900004430664A1360013B032B6FD8DFE813F055
:10891000CD046E05040061046149624A636B276DF2
:10892000E66C1020086017211160002B00F0018711
:10893000012B10D198ED150AE9F764FDDDED017A00
:108940004F4BB6EE007AF8EEE77A20EE070A67EEB4
:10895000807AC3ED007AD8F83420D8F80C309FED37
:10896000457ADFF86891DFF868B14F4802FB03F3FE
:1089700007EE903AF8EE677A414B67EE877A192155
:10898000FDEEE77AC9ED007AD3ED007AFDEEE77AE5
:10899000CBED007A27F046FADBF80010434823F0CD
:1089A0004BFFD9F80010424822F0B2FED8F8201050
:1089B00022F0A2FE334ADFED3F7A92ED000ADFEDAE
:1089C0003E0A20EE270A814627F076FC27F0BAFC03
:1089D0002B4BD3ED007A20EE270A0122BDEEC00A10
:1089E000114689ED010A0320E9F726F8FBB2184683
:1089F000012108EE903A24F051FEF3B2184601210D
:108A000009EE103A24F04AFE00212846E8F7A2FFBA
:108A100012212A4827F006FA244823F015FFDAF835
:108A20007430DFF8B0A00021012BB7EE000ADAF8AD
:108A30006830CAF8681000F0C38503F10B020AEB36
:108A400082020AEB8303DFF84C90C3F82C90504667
:108A500051600121FFF748F8D8F84430013B032B5F
:108A60004ED8DFE813F0A1036A033900550300BFB5
:108A7000A813FF1F0AD7233CAC18FF1FA007FF1F36
:108A80003817FF1FFC16FF1FE00FCC0CA407FF1FB9
:108A9000C807FF1F6C18FF1F1810FF1FCC07FF1F10
:108AA000AC07FF1FA807FF1F9CE804006008FF1F1A
:108AB0005017FF1F00000000DB0FC940B8E804009A
:108AC0004813FF1F1C17FF1F6C11FF1F1817FF1FF4
:108AD0004C17FF1F9415FF1FB548DFF810C3826EB7
:108AE00002F10B0300EB830300EB8202002181669D
:108AF000B7EE000AC2F82CC059600121FEF7F4FF5E
:108B0000E8F70AFA129980228DF84C2021B1A94B7E
:108B10000B441B11A8495A54A7F10A030193A74B10
:108B200014931A9316A9A64B16931CA8E7F7BAFC40
:108B3000A44A9FEDA58A9E4F1AA912A823F0ECFC27
:108B40001A9B1CA8DB689847149B16A8DB689847FB
:108B500013219E4827F066F929469D4823F06CFEB4
:108B60009B4823F071FEA6F10A0B002DD9F8046092
:108B700000F3B48125F0F2F900284FF0010640F32C
:108B8000FB81944B1B68012B00F0FD81032B00F04F
:108B9000A182002B00F07D828F4A00231370019B7D
:108BA0001D2B40F2F381BBF11D0F40F23282D4F84D
:108BB000F800A0F10A031D2B07D8C0B224F0A4FDD1
:108BC000D4F8FC30984240F00F85DFF88482D8F862
:108BD000003014931499D8F800301193119B5B1A4C
:108BE000312BF8D9002EC0D1314630460122E8F7AA
:108BF00023FF012210463146E8F71EFF31460122CD
:108C00000220E8F719FF314601220320E8F714FF9C
:108C1000314601220420E8F70FFF704B704F58686F
:108C2000704BD7ED007A59686F4D704B704A5B6896
:108C3000704E52683360B8EEE77AD5ED007A6E4B2D
:108C400077EEC77A1860FDEEE77A6C4B6C481960D6
:108C500017EE905A6B4B28211A6027F0E3F829464B
:108C60005B4823F0E9FD5A4823F0EEFD664932687F
:108C7000D9F80430654E0D60654933605B420B6086
:108C8000644B65493D6052421AA81A60634D23F057
:108C9000DBFF1AA8E7F778FC1AA824F02DF829685A
:108CA0001AA823F0D1FF1AA8E7F76EFC1AA824F03F
:108CB00023F85B491AA823F0C7FF1AA8E7F764FC5A
:108CC0001AA824F019F829681AA823F0BDFF1AA8D9
:108CD000E7F75AFC1AA824F00FF8524B1B78002B28
:108CE00000F044841421504827F09CF8316838483B
:108CF00023F0A2FD364823F0A7FD12214B4827F0B0
:108D000091F83968324823F097FD314823F09CFDF3
:108D10000F21474827F086F82D4823F095FDD4F819
:108D2000E030012B00F0028442491AA823F08CFFA6
:108D30001AA8E7F729FC1AA823F0DEFF3E491AA873
:108D400023F082FF1AA8E7F71FFC1AA823F0D4FF2C
:108D50003A491AA823F078FF1AA8E7F715FC1AA8D1
:108D600023F0CAFF36491AA823F06EFF1AA8E7F7C6
:108D70000BFC1AA823F0C0FF32491AA823F064FFA5
:108D80001AA8E7F701FC1AA823F0B6FF2E491AA883
:108D900023F05AFF1AA8E7F7F7FB1AA823F0ACFF55
:108DA0002A491AA823F050FF1AA8E7F7EDFB51E073
:108DB0000015FF1F008FFCBF30E400E0C80F050066
:108DC000190F00005FE3160000000000CCE804006B
:108DD0006008FF1F9807FF1FF016FF1F1018FF1FE6
:108DE0007C16FF1FD017FF1F3817FF1F5017FF1FDC
:108DF0009017FF1F8016FF1F9016FF1F8C16FF1F76
:108E000030E904008416FF1F5418FF1F8816FF1F47
:108E10005018FF1F5818FF1F5CE904008007FF1F50
:108E200070E904000417FF1FACE90400C4E9040062
:108E3000D8E9040010EA04005CAE040024EA04004F
:108E400000B5040098E60400A4E6040038EA040033
:108E50005C1FFF1F1AA823F04FFFC2491AA823F076
:108E6000F3FE1AA8E7F790FB1AA823F045FFBE49C6
:108E70001AA823F0E9FE1AA8E7F786FB1AA823F040
:108E80003BFFBA491AA823F0DFFE1AA8E7F77CFBDC
:108E90001AA823F031FFB6491AA823F0D5FE1AA864
:108EA000E7F772FB1AA823F027FFB2491AA823F0AC
:108EB000CBFE1AA8E7F768FB1AA823F01DFFD4F829
:108EC0000001A0F10A031D2B40F2DA8312A823F05F
:108ED00091FB21B0BDEC048BBDE8F08FDFF8BC82C4
:108EE000D8F8003008930899D8F800300793079B0A
:108EF0005B1A632BF8D9D9F804102846E8F72AFD45
:108F0000002EB8BF7642B5423FF734AE12A823F028
:108F100071FB97F89030CBB9BB6D5B68012387F884
:108F2000903072B6D7ED207A97ED1F7A67EE887A87
:108F3000F4EEC77AC7ED1E7AD7ED227AF1EE10FA79
:108F4000D8BFF1EE677AC7ED237A62B68A48FEF79A
:108F5000D3FBD8F800300A930A99D8F80030099367
:108F6000099B5B1AB3F5FA7FF7D324F0F7FF0028CB
:108F70004FF000063FF705AE26F066F87F4B1B6802
:108F8000012B7FF403AE24F0FDFF84E018EE900A7D
:108F900024F0BAFBD4F8FC3098423FF404AE26210A
:108FA0007748DFF8F88126F03DFF764823F04CFC47
:108FB00012A823F01FFB0026734823F01BFB386A1E
:108FC000BE6022F00DFD786A22F00AFD6F4823F0A2
:108FD00011FBDAF82000CAF8086022F001FDDAF887
:108FE000240022F0FDFC01210A20FEF775FAD8F8D2
:108FF00000300E930E99D8F800300D930D9B5B1A3C
:10900000B3F5FA7FF7D3BBF11D0F4FF000063FF623
:10901000CEAD19EE100A24F077FBD4F8FC3098425C
:109020003FF4C5AD26215A48DFF8708126F0FAFEDC
:10903000544823F009FC12A823F0DCFA0026524819
:1090400023F0D8FA386ABE6022F0CAFC786A22F0AF
:10905000C7FC4E4823F0CEFADAF82000CAF80860C0
:1090600022F0BEFCDAF8240022F0BAFC4FF0FF3107
:109070000A20FEF731FAD8F8003010931099D8F88A
:1090800000300F930F9B5B1AB3F5FA7FF7D30026DE
:109090008DE526F059FEC3B23E4A532B13707FF480
:1090A0007EAD12A823F0A6FA97F89030ABB1DFF8A6
:1090B000EC803148FEF720FBD8F800300C930C9977
:1090C000D8F800300B930B9B5B1AB3F5FA7FF7D3FC
:1090D000002664E525F0CCFFDDE7BB6D5B6801236E
:1090E00087F8903072B6D7ED207A97ED1F7A67EE49
:1090F000887AF4EEC77AC7ED1E7AD7ED227AF1EEC0
:1091000010FAD8BFF1EE677AC7ED237A62B6CEE7E0
:109110002148DFF88CC0826E02F10B0300EB830361
:1091200000EB820200218166B7EE000AC2F82CC073
:1091300059600121FEF7D8FCE2E41748DFF864C06B
:10914000826E02F10B0300EB830300EB820200212D
:109150008166B7EE000AC2F82CC059600121FEF703
:10916000C3FCCDE45CAE04004CEA040000B504008E
:1091700098E60400A4E604009415FF1F9807FF1F5B
:10918000E0E804006008FF1F0C15FF1FA015FF1F7B
:1091900008E90400F016FF1F0015FF1F5C1FFF1FEA
:1091A0009017FF1FD017FF1FCD48DFF878C3826EDE
:1091B00002F10B0300EB830300EB820200218166C6
:1091C000B7EE000AC2F82CC059600121FEF78CFCF2
:1091D00096E4C449C44A636D276FE66E12200860A6
:1091E00013211160002B00F0AA82012B10D198ED01
:1091F000160AE9F74BF9DDED017ABC4BB6EE007AC1
:10920000F8EEE77A20EE070A67EE807AC3ED007A7F
:10921000D8F83820D8F810309FEDB57ADFF80893E9
:10922000DFF8F4B2B34802FB03F307EE903AF8EE2E
:10923000677AAE4B67EE877A1921FDEEE77AC9EDC2
:10924000007AD3ED007AFDEEE77ACBED007A26F0D6
:10925000E9FDDBF80010A84823F0EEFAD9F8001079
:10926000A64822F055FAD8F8241022F045FAA44A6C
:10927000DFEDA47A92ED000ADFEDA30A20EE270AC3
:10928000814627F019F827F05DF8984BD3ED007A66
:1092900020EE270A0122BDEEC00A114689ED010A1F
:1092A0000420E8F7C9FBFFF7A1BBDDED017AD8ED9B
:1092B000135A94ED057A8D4BD8F82C20DFED8C6A8B
:1092C000DFF86092DFF860B29048E769A669B8EE0F
:1092D000E76AC5EE877A062194ED047AB8EE477AFC
:1092E000F6EE005A67EE877A94ED037AB8EE477A85
:1092F00067EE877A67EEA57A67EE867AC3ED007A25
:10930000D8F8043002FB03F207EE902AF8EE677AF1
:10931000744A754B116067EEA67A0522FDEEE77A76
:109320001A6015210023CBED007AC9F8043026F02D
:1093300079FDD9F80410704823F07EFA6E4823F0C6
:1093400083FA1121724826F06DFD684B186828F0E9
:109350003FF841EC100B0221674823F099FA664868
:1093600023F072FA18216B4826F05CFD5F4B6248CF
:10937000D3ED007A684BFDEEE77A17EE901AC3ED55
:10938000007A23F059FADBF80010484622F0C0F9C1
:10939000D8F8181022F0B0F9594ADFED5A7A92ED58
:1093A000000ADFED590A20EE270A834626F084FFE3
:1093B00026F0C8FF4D4B5948D3ED007A20EE270A1E
:1093C0001721BDEEC00A8BED010A26F02BFDD9F85E
:1093D0000410494823F030FA474823F035FA0122B7
:1093E00011461046E8F728FBFFF700BB3D493E4A0F
:1093F000DDED017AD4F8CC30276BE66AD8ED145A4B
:10940000152008601421F8EEE76A1160002B00F0C7
:10941000818194ED367AC5EE877A94ED357AB8EE8F
:10942000477AB6EE006A67EE877A94ED347A2F4B6E
:10943000D8F83020DFF8F090DFF8DCB02D48B8EE37
:10944000477A192167EE877A9FED297A67EE867A47
:1094500067EEA67AC3ED007AD8F8083002FB03F372
:1094600007EE903AF8EE677A204B67EE877AFDEECA
:10947000E77AC9ED007AD3ED007AFDEEE77ACBED1D
:10948000007A26F0CFFCDBF800101B4823F0D4F95B
:10949000D9F80010224822F03BF9D8F81C1022F02D
:1094A0002BF9174ADFED177A92ED000ADFED160A65
:1094B00020EE270A814626F0FFFE26F043FF0B4BE5
:1094C000D3ED007A20EE270A0122BDEEC00A114634
:1094D00089ED010A0220E8F7AFFAFFF787BA00BF6B
:1094E0000015FF1FAC07FF1FA807FF1F3817FF1F3E
:1094F0000AD7233C9CE804006008FF1F9017FF1F59
:10950000FC16FF1F00000000DB0FC9403CE8040010
:1095100054E8040068E804004C17FF1F84E80400C6
:10952000D017FF1F1018FF1F1817FF1F86491AA812
:1095300023F08AFB1AA8E7F727F81AA823F0DCFB28
:1095400082491AA823F080FB1AA8E7F71DF81AA889
:1095500023F0D2FB7E491AA823F076FB1AA8E7F77E
:1095600013F81AA823F0C8FB78499FE479491AA890
:1095700023F06AFB1AA8E7F707F81AA823F0BCFB48
:1095800029681AA823F060FB1AA8E6F7FDFF1AA8BD
:1095900023F0B2FB70491AA823F056FB1AA8E6F78D
:1095A000F3FF1AA823F0A8FB29681AA823F04CFBA4
:1095B0001AA8E6F7E9FF1AA823F09EFBFFF792BB73
:1095C0000AEB830003F10C02DFF8B891C0F82C908D
:1095D00003460AEB8202614818635160504602213B
:1095E000FEF782FAFFF738BA20215D4E5D4826F07B
:1095F00019FC5D48002523F027F906F10C0022F044
:10960000F9FF306AB56022F0EBF9706A22F0E8F9F0
:10961000564822F0EFFFDAF82000CAF8085022F08E
:10962000DFF9DAF8240022F0DBF9514B01262A4653
:10963000294628461E70E8F7FFF92A462946304693
:10964000E8F7FAF92A4629460220E8F7F5F92A460A
:1096500029460320E8F7F0F92A4629460420E8F7CE
:10966000EBF90A20FDF702FAD4F80001A0F10A0391
:109670001D2B3FF62BAC3146C0B224F00FF825E489
:109680000121C0B224F00AF820E403230B60394B17
:10969000324893ED009A384BDFF8ECC00392032276
:1096A0001A604FF0100E354BC0F80490CCF800E073
:1096B000DBF80010DAED1C8ADFF8D0904FF0170CC1
:1096C000C3F800C022F024F82D4B596E22F014F894
:1096D000DDED027AF8EEE77A28EE887A67EE897A8D
:1096E00067EE877AFDEEE77A17EE901A22F032F8ED
:1096F000039A03201146E8F79FF9D9F80030069342
:10970000069AD9F800300593059B9B1A042BF8D9CB
:10971000FFF7F5B894ED0A7AC5EE877A94ED097AE9
:10972000B8EE477AB6EE006A67EE877A94ED087A6B
:109730007DE698ED150AE8F731FDFFF7FFB898EDE3
:10974000160AE8F7C5FD56E5E8E904005CAE04003A
:10975000FCE9040084E9040098E904005017FF1FA5
:109760000015FF1F4CE604006008FF1FA015FF1F37
:10977000B018FF1FB418FF1FD007FF1FB007FF1F4F
:109780007C10FF1F6C18FF1FB407FF1F5C1FFF1F1B
:109790002DE9F04F5B4E2DED088BD6F80031ADF57D
:1097A000677D9046A3F10A021D2A0390059140F2BD
:1097B000A3809CAF544B7B60C29380233B748DF895
:1097C00014330123FB66DC930923BB61C79342F288
:1097D0009F43FB61C89341F2883300254FF0050990
:1097E0004A4A3B67DD934A4CC7F87490C1ABC693B5
:1097F000CDF878933A600321C7E902557F6187F875
:109800002850FD653D6687F86450BD6687F8905026
:10981000C395C4958DF82C53D895D9958DF8685378
:10982000DB954CA8C19202228DF8945321F030FFB1
:1098300023680893374B3849C3F80090374B089A90
:109840001D7006230B60D6F81C90B3690293236841
:109850000793079B9B1A092BF9D931498CA823F050
:10986000F3F98CA8E6F790FE8CA823F045FA2D4B6F
:109870008CA8196823F0E8F98CA8E6F785FE8CA877
:1098800023F03AFAB8F1000F2ADD4FF0000B012562
:10989000052206215CA821F0FBFE142215216CA8EC
:1098A00021F0F6FEDFF88CA0172210217CA821F011
:1098B000EFFE132212218CA821F0EAFEDAF85820DC
:1098C00000235D936D937D938D934D93531E032BD6
:1098D00001F2FD86DFE813F014013B01780130004E
:1098E0001149124A124B00250D600321116002221A
:1098F0001A604FF0010BCBE7D8B2002123F0CEFE67
:1099000057E700BFA813FF1F700F0500980F050051
:109910005C1FFF1F3407FF1F9C07FF1F6816FF1FF8
:109920002CB204008007FF1FC807FF1FA407FF1FFA
:10993000A007FF1F6C11FF1F039BDAF81010974A56
:10994000DAED097ADAF8388003FB01F112231360AB
:10995000934A1323136000238D93336F01938CA8D4
:10996000F36E0293B8EEE78A21F0D2FE414621F071
:10997000C3FE23681093109A23680F930F9B9B1AC2
:10998000042BF9D9DAF85820844B1868844B1968ED
:10999000844B1A60844B1860844B19609DF8043026
:1099A000012118460AEE103A23F078FE9DF808309F
:1099B000012118460AEE903A23F070FE23681293B4
:1099C000DAF800300493DAF82830129ADAF81480C2
:1099D0000BEE103A23681193119B9B1A042BF9D9B3
:1099E000049B059A02FB03F949464CA821F090FE1E
:1099F0001BEE101A21F080FEDAF874206C4B022165
:109A0000012A196000F0FC83002D40F02F8401230F
:109A10000593BBF1000F41F03F82664BDFED668A94
:109A2000D3F890209FED659AD3F8D030DFF8949169
:109A30001DB9BBF1000F01F09380D6F8F800A0F13A
:109A40000A031D2B07D8C0B223F05EFED6F8FC3007
:109A5000984241F08B8223682293229A23682193B3
:109A6000219B9B1A042BF9D924F078FA002840F3A3
:109A70007A87D9F80030012B00F07C87032B40F067
:109A8000E78425F0F5FAC3B24D4A6F2B137000F24C
:109A9000E784412B40F2C980423B2D2B00F2C58068
:109AA000DFE813F0B900C300C300C300C300C30064
:109AB000C300C300C300C300C300C300C300C3008E
:109AC000C300C300C300D900C300C300C300C30068
:109AD000C300C300DA012201C300C300C300C300F6
:109AE000C300C300C3003603C300C300C300C300E8
:109AF000C300C300C3008302E802C3003F026F0239
:109B0000039BDAF80410254ADAED067ADAF82C809D
:109B100003FB01F106231360214A05231360002390
:109B20005D93F36901935CA8B3690293B8EEE78A89
:109B300021F0EEFD414621F0DFFD23680A930A9AE9
:109B400023680993099B9B1A042BF9D91AE7039BF5
:109B5000DAF80810114ADAED077ADAF8308003FBF8
:109B600001F1152313600E4A1423136000236D9333
:109B7000336B01936CA8F36A0293B8EEE78A21F085
:109B8000C7FD414621F0B8FD23680C930C9A236869
:109B90000B930B9B9B1A042BF9D9F3E69C07FF1F31
:109BA0003407FF1FCC07FF1FAC07FF1FA807FF1FCD
:109BB0001810FF1F00F00F40000000000AD7233CE0
:109BC000F016FF1F9807FF1F039BDAF80C109C4A42
:109BD000DAED087ADAF8348003FB01F11023136020
:109BE000984A1723136000237D93336D01937CA85B
:109BF000F36C0293B8EEE78A21F08AFD414621F02A
:109C00007BFD23680E930E9A23680D930D9B9B1A80
:109C1000042BF9D9B6E6E8F76DFA8B4BCAF8580071
:109C200019688A488C2223F053FA55B1019B0A3BEC
:109C30001D2B40F2C3800125029B0A3B1D2B40F2E5
:109C40009D8623684893489A23684793479B9B1AAD
:109C5000042BF9D9ECE616217D4826F0E3F8D6F876
:109C6000E4107C4800230A2222F006FE794822F004
:109C7000EBFD002387F8903072B6D7ED207A97ED90
:109C80001F7A67EEA87AF4EEC77AC7ED1E7AD7ED91
:109C9000227AF1EE10FAD8BFF1EE677AC7ED237A97
:109CA00062B623682493249A23682393239B9B1AE8
:109CB000042BF9D93846FDF71FFDDAF87420012A84
:109CC00001F0A383002101220846E7F7B5FED6F88C
:109CD000E030012B01F07F83D6F8E430002B01F057
:109CE0005D824FF0000BA0E7DDF80C83B8F1000FA8
:109CF0009BD1DAF80410DAED067A49425CA8B8EE96
:109D0000E78A21F005FD012211461046E7F794FE8F
:109D1000DB9BCDF86C83E6AA02EB83025CA942F8D8
:109D2000681CE6AA02EB8303B7EE000A43F8648CD2
:109D30000121C1A8FDF7D8FE28EE098A8DF8948389
:109D400072B6DDEDE17A9DEDE07A67EEA87AF4EE89
:109D5000C77ACDEDDF7ADDEDE37AF1EE10FAD8BF08
:109D6000F1EE677ACDEDE47A62B623682893289AFB
:109D700023682793279B9B1A042BF9D900238DF87E
:109D8000943372B6DDEDE17A9DEDE07A68EE277AE4
:109D9000F4EEC77ACDEDDF7ADDEDE37AF1EE10FA7D
:109DA000D8BFF1EE677ACDEDE47A62B64FF0FF33BB
:109DB0000393019B0A3B1D2B3FF63DAF1AEE100AA1
:109DC00023F0A2FCD6F8FC3098423FF434AF039B5A
:109DD000012B7FF430AF00238DF8943372B6DDEDA4
:109DE000E17A9DEDE07A67EEA87AF4EEC77ACDEDE0
:109DF000DF7ADDEDE37AF1EE10FAD8BFF1EE677AA3
:109E0000CDEDE47A62B6C4A822F0F4FB0025C9982F
:109E1000C39521F0E5FDCA9821F0E2FDD6F8C830DF
:109E2000002B41F0FA80DAF85830013B032B00F2A6
:109E30006486DFE813F07D0687067306590600BFC7
:109E40009C07FF1F3407FF1F5407FF1F6C11FF1FE4
:109E500060EA04006008FF1FDDF80C83B8F1000F12
:109E60007FF4E3AEDAED067ADAF804105CA8B8EE17
:109E7000E78A21F04DFC012211461046E7F7DCFD90
:109E8000DB9BCDF86C83E6AA02EB83025CA942F867
:109E9000681CE6AA02EB8303B7EE000A43F8648C61
:109EA0000121C1A8FDF720FE28EE098A8DF89483D0
:109EB00072B6DDEDE17A9DEDE07A67EEA87AF4EE18
:109EC000C77ACDEDDF7ADDEDE37AF1EE10FAD8BF97
:109ED000F1EE677ACDEDE47A62B623682693269A8E
:109EE00023682593259B9B1A042BF9D900238DF811
:109EF000943372B6DDEDE17A9DEDE07A68EE277A73
:109F0000F4EEC77ACDEDDF7ADDEDE37AF1EE10FA0B
:109F1000D8BFF1EE677ACDEDE47A62B60123039300
:109F200084E6D9F80000E8F7C7F851EC100B27F0E9
:109F300057FDAB4BCAF81400196880468C22A9481B
:109F400023F0C6F8002387F8903072B607EE908AA7
:109F5000F8EEE77AD7ED206A97ED1F7A67EE897AF7
:109F600067EEA67AF4EEC77AC7ED1E7AD7ED227AAD
:109F7000F1EE10FAD8BFF1EE677AC7ED237A62B638
:109F800053E6D9F80000E8F797F851EC100B27F0EA
:109F900027FDDAF85830013B032B00F27B81DFE824
:109FA00013F0A101AA0198017101D7F80880B8F156
:109FB000000F7FF43AAEDAED057A0499F8EEE77A0D
:109FC0004CA867EE899A21F0A3FB01221146404676
:109FD000E7F732FDDAF87430012B01F05D82BB6ED9
:109FE000C7F8688007EB83024CA9D162B7EE000A7C
:109FF000C2F8308001213846FDF776FD002387F84E
:10A00000903072B6D7ED207A97ED1F7A67EEA87A76
:10A01000F4EEC77AC7ED1E7AD7ED227AF1EE10FA88
:10A02000D8BFF1EE677AC7ED237A62B62368309322
:10A03000309A23682F932F9B9B1A042BF9D9002366
:10A0400087F8903072B6D7ED207A97ED1F7A69EED7
:10A05000A77AF4EEC77AC7ED1E7AD7ED227AF1EE31
:10A0600010FAD8BFF1EE677AC7ED237A62B64FF0E7
:10A07000010BDAE5D7F80880B8F1000F7FF4D5AD11
:10A08000049BDAED057AC3F1000BF8EEE77A594646
:10A090004CA867EE899A21F03BFB0122114640460D
:10A0A000E7F7CAFCDAF87430012B01F0B481BB6E1B
:10A0B000C7F8688007EB83024CA9D162B7EE000AAB
:10A0C000C2F8308001213846FDF70EFD002387F8E5
:10A0D000903072B6D7ED207A97ED1F7A67EEA87AA6
:10A0E000F4EEC77AC7ED1E7AD7ED227AF1EE10FAB8
:10A0F000D8BFF1EE677AC7ED237A62B6236834934E
:10A10000349A23683393339B9B1A042BF9D996E72F
:10A110001021354825F086FED6F8E8103348002394
:10A120000A2222F0A9FB314822F08EFB1021304890
:10A1300025F078FED6F8EC102C4800230A2222F0F5
:10A140009BFB2A4822F080FB11212A4825F06AFE59
:10A15000D6F8F010254800230A2222F08DFB234870
:10A1600022F072FB1121244825F05CFED6F8F41091
:10A170001E4800230A2222F07FFB1C4822F064FBC9
:10A1800000238DF8943372B6DDEDE17A9DEDE07A2F
:10A1900067EEA87AF4EEC77ACDEDDF7ADDEDE37AEB
:10A1A000F1EE10FAD8BFF1EE677ACDEDE47A62B63F
:10A1B00023682A932A9A23682993299B9B1A042BA4
:10A1C000F9D9C1A8FDF798FADAF85830013B032B0A
:10A1D00000F2B780DFE813F0280132011E01980079
:10A1E0005407FF1F6C11FF1FB4EA04006008FF1F33
:10A1F000C8EA0400DCEA0400F0EA04000AD7233CC1
:10A200009AED1C7A5FED036ACA4ADFF870C3CA4947
:10A21000CA4807EE909A27EE267AF8EEE77AD2ED52
:10A22000006A67EEA67A032267EE877A1A60FDEE6F
:10A23000E77A1023CCF8003017230A60036017EE8A
:10A24000901A00237CA87D9321F062FA1BEE101A6D
:10A2500021F052FA23681493149A23681393139BE2
:10A260009B1A042BF9D9002D3FF4D1ABDAF8583002
:10A27000013B032B01F23182DFE813F06605AA05EA
:10A280002205C50407EE900AB8EEE78ACAF8240052
:10A2900028EE098AAA4BAB4819688C2222F018FFD5
:10A2A00000238DF8943372B6DDEDE17A9DEDE07A0E
:10A2B00068EE277AF4EEC77ACDEDDF7ADDEDE37A4A
:10A2C000F1EE10FAD8BFF1EE677ACDEDE47A62B61E
:10A2D000ABE407EE900AB8EEE78ACAF8200028EE51
:10A2E000098AD7E707EE900AB8EEE78ACAF818009D
:10A2F00028EE098ACEE707EE900AB8EEE78ACAF898
:10A300001C0028EE098AC5E7012200210420E7F796
:10A3100093FB21218C488D4D25F084FD8C4822F043
:10A3200093FAD6F8F4308B482B60112125F07AFD92
:10A330002968874800230A2222F09EFA844822F0E6
:10A3400083FA2121844825F06DFD0023D6F8E01022
:10A350007F480A2222F090FA7D4822F075FAD6F85A
:10A36000E030012B00F0FE87784B1B68002B40F09B
:10A370004B860DF592787949404622F065FC4046BF
:10A38000E6F702F9404622F0B7FC7549404622F054
:10A390005BFC4046E6F7F8F8404622F0ADFC714918
:10A3A000404622F051FC4046E6F7EEF8404622F0E7
:10A3B000A3FC6D49404622F047FC4046E6F7E4F82E
:10A3C000404622F099FC6949404622F03DFC404657
:10A3D000E6F7DAF8404622F08FFC6549404622F065
:10A3E00033FC4046E6F7D0F8404622F085FC614851
:10A3F000212125F017FD564822F026FA23682C93D8
:10A400002C9A23682B932B9B9B1AB3F57A7FF8D356
:10A41000002516E4012200210320E7F70DFB4B4B3A
:10A42000D6F8F0201A608CE7012210460021E7F7E9
:10A4300003FB464BD6F8E8201A6082E70122002190
:10A440000220E7F7F9FA414BD6F8EC201A6078E7DA
:10A45000002B00F08183484B00221A70FFF7E5BB08
:10A4600003F15B02D2B22D2A3FF6DFABA53B2D2BC9
:10A470003FF6DBAB01A252F823F000BFCDA80100EC
:10A480009DA701002B9C01002B9C01002B9C01002F
:10A490002B9C010003A7010035A801002B9C0100A3
:10A4A0002B9C01002B9C01002B9C01002B9C01008C
:10A4B0002B9C01002B9C01002B9C01002B9C01007C
:10A4C0002B9C01002B9C01002B9C01002B9C01006C
:10A4D0002B9C01002B9C01002B9C01002B9C01005C
:10A4E0002B9C01002B9C01002B9C01002B9C01004C
:10A4F0002B9C01002B9C01002B9C0100179C010050
:10A500002B9C01002B9C01002B9C01002B9C01002B
:10A510002B9C01002B9C01002B9C01002B9C01001B
:10A520002B9C01002B9C01002B9C01005BA60100D1
:10A5300081A50100B418FF1FD007FF1FB007FF1F40
:10A540005407FF1F6C11FF1F04EB04000017FF1FCF
:10A550006008FF1F28EB04003CEB040080EB0400C4
:10A560005CAE040094EB040000B5040098E604001F
:10A57000A4E60400A8EB0400F016FF1FB407FF1FB9
:10A58000DDF80C83B8F1000F7FF44FAB736DDAF890
:10A590001010DAED097A012B14BF01234FF0FF33BD
:10A5A00003FB01F18CA8B8EEE78A039321F0B0F821
:10A5B000012211460420E7F73FFADB9BCDF86C83BC
:10A5C000E6AA02EB83028CA942F8681CE6AA02EB19
:10A5D0008303B7EE000A43F8648C0121C1A8FDF79C
:10A5E00083FA28EE098A8DF8948372B6DDEDE17A5C
:10A5F0009DEDE07A67EEA87AF4EEC77ACDEDDF7ACA
:10A60000DDEDE37AF1EE10FAD8BFF1EE677ACDED29
:10A61000E47A62B623684093409A23683F933F9B55
:10A620009B1A042BF9D900238DF8943372B6DDED13
:10A63000E17A9DEDE07A68EE277AF4EEC77ACDED07
:10A64000DF7ADDEDE37AF1EE10FAD8BFF1EE677A4A
:10A65000CDEDE47A62B6FFF7E9BADDF80C83B8F124
:10A66000000F7FF4E2AA736DDAF81010DAED097AC0
:10A67000012B14BF4FF0FF33012303FB01F18CA822
:10A68000B8EEE78A039321F043F801221146042033
:10A69000E7F7D2F9DB9BCDF86C83E6AA02EB8302E5
:10A6A0008CA942F8681CE6AA02EB8303B7EE000A05
:10A6B00043F8648C0121C1A8FDF716FA28EE098A37
:10A6C0008DF8948372B6DDEDE17A9DEDE07A67EE68
:10A6D000A87AF4EEC77ACDEDDF7ADDEDE37AF1EE1C
:10A6E00010FAD8BFF1EE677ACDEDE47A62B623684E
:10A6F0003E933E9A23683D933D9B9B1A042BF9D9C8
:10A7000091E7DDF80C83B8F1000F7FF48EAADAF838
:10A710000C10DAED087A49427CA8B8EEE78A20F0FE
:10A72000F7FF012211460320E7F786F9DB9BCDF8FE
:10A730006C83E6AA02EB83027CA942F8681CE6AAB5
:10A7400002EB8303B7EE000A43F8648C0121C1A831
:10A75000FDF7CAF928EE098A8DF8948372B6DDED0B
:10A76000E17A9DEDE07A67EEA87AF4EEC77ACDED56
:10A77000DF7ADDEDE37AF1EE10FAD8BFF1EE677A19
:10A78000CDEDE47A62B623683A933A9A2368399316
:10A79000399B9B1A042BF9D9FFF7F0BADDF80C832B
:10A7A000B8F1000F7FF441AADAED077ADAF8081061
:10A7B0006CA8B8EEE78A20F0ABFF01221146022018
:10A7C000E7F73AF9DB9BCDF86C83E6AA02EB83024C
:10A7D0006CA942F8681CE6AA02EB8303B7EE000AF4
:10A7E00043F8648C0121C1A8FDF77EF928EE098A9F
:10A7F0008DF8948372B6DDEDE17A9DEDE07A67EE37
:10A80000A87AF4EEC77ACDEDDF7ADDEDE37AF1EEEA
:10A8100010FAD8BFF1EE677ACDEDE47A62B623681C
:10A820003893389A23683793379B9B1A042BF9D9AE
:10A83000FFF75CBBDDF80C83B8F1000F7FF4F5A9DE
:10A84000DAED087ADAF80C107CA8B8EEE78A20F086
:10A850005FFF012211460320E7F7EEF8DB9BCDF8FE
:10A860006C83E6AA02EB83027CA942F8681CE6AA84
:10A8700002EB8303B7EE000A43F8648C0121C1A800
:10A88000FDF732F928EE098A8DF8948372B6DDED72
:10A89000E17A9DEDE07A67EEA87AF4EEC77ACDED25
:10A8A000DF7ADDEDE37AF1EE10FAD8BFF1EE677AE8
:10A8B000CDEDE47A62B623683C933C9A23683B93DF
:10A8C0003B9B9B1A042BF9D9FFF710BBDDF80C83D7
:10A8D000B8F1000F7FF4A9A9DAF80810DAED077AC9
:10A8E00049426CA8B8EEE78A20F012FF0122114617
:10A8F0000220E7F7A1F8DB9BCDF86C83E6AA02EB18
:10A9000083026CA942F8681CE6AA02EB8303B7EE47
:10A91000000A43F8648C0121C1A8FDF7E5F828EE90
:10A92000098A8DF8948372B6DDEDE17A9DEDE07AC7
:10A9300067EEA87AF4EEC77ACDEDDF7ADDEDE37A43
:10A94000F1EE10FAD8BFF1EE677ACDEDE47A62B697
:10A9500023683693369A23683593359B9B1A042BCC
:10A96000F9D9FFF70BBA24F06FFBD9F80030012BAF
:10A970007FF484A823F006FBFFF785B81AEE900A4F
:10A9800022F0C2FED6F8FC3098423FF45AA9039B4D
:10A9900001337FF456A91C21BD4825F043FABD4878
:10A9A00021F052FFD6F8FC10BA4800230A2221F009
:10A9B00063FFB84821F048FF00238DF8943372B646
:10A9C000DDEDE17A9DEDE07A67EEA87AF4EEC77AE4
:10A9D000CDEDDF7ADDEDE37AF1EE10FAD8BFF1EEDE
:10A9E000677ACDEDE47A62B6C4A821F003FE0025B3
:10A9F000C998C39520F0F4FFCA9820F0F1FFD6F86B
:10AA0000C830002B40F05C830DF59278DAF85830AE
:10AA1000013B032B0CD8DFE803F05D534902012210
:10AA200000210420E7F708F89B4BD6F8F4201A60C1
:10AA3000D6F8E030012B00F0C284974B1B68002B46
:10AA400000F0ED839549404622F0FEF84046E5F7D8
:10AA50009BFD404622F050F99149404622F0F4F81F
:10AA60004046E5F791FD404622F046F923684693BB
:10AA7000469A23684593459B9B1A092BF9D9894926
:10AA8000404622F0E1F84046E5F77EFD404622F0E0
:10AA900033F98349404622F0D7F84046E5F774FD84
:10AAA000404622F029F90025FFF7CBB8012200210A
:10AAB0000320E6F7C1FF784BD6F8F0201A60B7E71D
:10AAC000012200210220E6F7B7FF734BD6F8EC20F5
:10AAD0001A60ADE7012210460021E6F7ADFF6E4B8C
:10AAE000D6F8E8201A60A3E7012200210420E6F747
:10AAF000A3FF694BD6F8F4201A60D6F8E030012B9A
:10AB000000F04F84644B1B68002B00F0EB830121A5
:10AB10000846FCF7E1FC0025FFF78EB80122002172
:10AB20000320E6F789FF5C4BD6F8F0201A60E4E7D3
:10AB3000012210460021E6F77FFF574BD6F8E820A8
:10AB40001A60DAE7012200210220E6F775FF524B76
:10AB5000D6F8EC201A60D0E725F0F6F8FEF793BFA0
:10AB6000059B002B40F04982DAF85830013B032B5B
:10AB700000F24382DFE803F03E352C024A4C8D9B05
:10AB80002360012200210420E6F756FF474BDAF844
:10AB900074204D981860464B21681960012A00F016
:10ABA0007C83D6F80001A0F10A031D2B40F2278216
:10ABB000404BC193C1A81C46FCF7CAFD38463C6017
:10ABC000FCF7C6FD0DF5677DBDEC088BBDE8F08F89
:10ABD000354C7D9B2360012200210320E6F72CFFEA
:10ABE000D4E7314C6D9B2360012200210220E6F75F
:10ABF00023FFCBE72C4C5D9B2360012200211046F4
:10AC0000E6F71AFFC2E7012211460420E6F714FF17
:10AC1000DB9BE6A903F10B0201EB83038CA943F84C
:10AC2000681CE6AB03EB82034FF00009B7EE000AA5
:10AC300043F8909C0121C1A8CDF86C93FCF754FF18
:10AC40008DF8949372B6DFED1C6ADDEDE17A9DED2F
:10AC5000E07A67EEA67AF4EEC77ACDEDDF7ADDED25
:10AC6000E37AF1EE10FAD8BFF1EE677ACDEDE47A2F
:10AC700062B623681C931C9A23681B931B9B9B1A28
:10AC8000092BF9D99FED0D7ADAED097AE2E000BFE0
:10AC9000F0EB04006008FF1F0017FF1FCCE2040068
:10ACA0005CAE0400E4E204007C16FF1F4817FF1F9F
:10ACB0001010FF1F980F0500000000000AD7233C6A
:10ACC000012211460320E6F7B7FEDB9BE6A903F15C
:10ACD0000B0201EB83037CA943F8681CE6AB03EB92
:10ACE00082034FF00009B7EE000A43F8909C01215F
:10ACF000C1A8CDF86C93FCF7F7FE8DF8949372B66B
:10AD00005FED136ADDEDE17A9DEDE07A67EEA67AFC
:10AD1000F4EEC77ACDEDDF7ADDEDE37AF1EE10FAED
:10AD2000D8BFF1EE677ACDEDE47A62B623681A9364
:10AD30001A9A23681993199B9B1A092BF9D91FEDAD
:10AD4000217ADAED087A85E0012211461046E6F70D
:10AD500073FEDB9BE6A903F10B0201EB83035CA905
:10AD600043F8681CE6AB03EB82034FF00009B7EE33
:10AD7000000A43F8909C0121C1A8CDF86C93FCF720
:10AD8000B3FE8DF8949372B65FED356ADDEDE17A2E
:10AD90009DEDE07A67EEA67AF4EEC77ACDEDDF7A24
:10ADA000DDEDE37AF1EE10FAD8BFF1EE677ACDED82
:10ADB000E47A62B623681693169A23681593159B56
:10ADC0009B1A092BF9D91FED437ADAED067A41E097
:10ADD000012211460220E6F72FFE00238DF894335E
:10ADE00072B65FED4B6ADDEDE17A9DEDE07A67EEDC
:10ADF000A67AF4EEC77ACDEDDF7ADDEDE37AF1EEF7
:10AE000010FAD8BFF1EE677ACDEDE47A62B6DB9B3B
:10AE1000E6A803F10B0200EB83036CA843F8680C6F
:10AE2000E6AB03EB8203002143F8901CDB91B7EE05
:10AE3000000A0121C1A8FCF757FE23681893189A4D
:10AE400023681793179B9B1A092BF9D91FED657A75
:10AE5000DAED077AF8EEE77A002367EE877A8DF865
:10AE6000943372B6DDEDE16A9DEDE07A67EEA67A85
:10AE7000F4EEC77ACDEDDF7ADDEDE37AF1EE10FA8C
:10AE8000D8BFF1EE677ACDEDE47A62B60023059380
:10AE9000BBF1000F3EF4C1AD012211460020E6F7E0
:10AEA000CBFD23681E931E9A23681D931D9B9B1A3E
:10AEB000042BF9D9DAF87420012A00F05581BB6E11
:10AEC00003F10B0207EB83034CA8D86207EB820364
:10AED0000021B9665960B7EE000A01213846FCF737
:10AEE00003FE002387F8903072B65FED8D6AD7EDD0
:10AEF000207A97ED1F7A67EEA67AF4EEC77AC7ED4F
:10AF00001E7AD7ED227AF1EE10FAD8BFF1EE677A09
:10AF1000C7ED237A62B623682093209A23681F9393
:10AF20001F9B9B1A092BF9D9002387F8903072B622
:10AF300007EE908A1FED9F7AD7ED206AF8EEE77A48
:10AF400067EE877A97ED1F7A67EEA67AF4EEC77AF6
:10AF5000C7ED1E7AD7ED227AF1EE10FAD8BFF1EEE6
:10AF6000677AC7ED237A62B6FEF757BD2021CF4836
:10AF700024F058FFCE4821F067FC9FA8002421F060
:10AF800039FB386ABC6020F02BFD786A20F028FD80
:10AF9000C4A821F02FFBC998C39420F021FDCA98C2
:10AFA00020F01EFDC34B01252246214620461D7080
:10AFB000E6F742FD224621462846E6F73DFD2246B9
:10AFC00021460220E6F738FD224621460320E6F717
:10AFD00033FD224621460420E6F72EFD2846FBF7E6
:10AFE00045FDD6F80001A0F10A031D2B3FF6E0ADA8
:10AFF0002946C0B222F052FBDAE5AF4CC6E501218A
:10B00000C0B222F04BFBD3E52321AC4824F00AFF69
:10B01000A74821F019FCFFF7F1B987F8905072B6F4
:10B02000D7ED207A97ED1F7A67EEA87AF4EEC77A0B
:10B03000C7ED1E7AD7ED227AF1EE10FAD8BFF1EE05
:10B04000677AC7ED237A62B623684293429A2368EF
:10B050004193419B9B1A042BF9D99FA821F0CAFA6E
:10B060000025386ABD6020F0BBFC786A20F0B8FC8F
:10B07000DAF87420012A00F0258300210122084615
:10B08000E6F7DAFCD6F8E030012B00F00183D6F8C1
:10B09000E430002B00F0A182DAF85830013B4FF089
:10B0A000000B032B3FF62EAD01A252F823F000BF98
:10B0B00031AB010045AB01001DAB0100E9AA010065
:10B0C00087F8905072B6D7ED207A97ED1F7A67EE29
:10B0D000A87AF4EEC77AC7ED1E7AD7ED227AF1EEA0
:10B0E00010FAD8BFF1EE677AC7ED237A62B623680B
:10B0F0004493449A23684393439B9B1A042BF9D9A6
:10B100009FA821F077FA0025386ABD6020F068FC1E
:10B11000786A20F065FCDAF87420012A00F0588281
:10B12000002101220846E6F787FCD6F8E030012B23
:10B1300000F03482D6F8E430002B00F0EE81DAF82B
:10B140005830013B4FF0000B0DF59278032B3FF682
:10B1500074AC01A252F823F0D5AA0100C1AA0100E3
:10B16000ADAA01001FAA010011460320E6F764FC06
:10B17000BB6E07EB830003F10C0207EB820C4CAAB9
:10B180000021C2627CAA0263B966CCF80410B7EE53
:10B19000000A02213846FCF7A7FCA2E60DF59278DA
:10B1A000474940469B4621F04FFD4046E5F7ECF904
:10B1B000404621F0A1FD4349404621F045FD40466F
:10B1C000E5F7E2F9404621F097FD3F49404621F07E
:10B1D0003BFD4046E5F7D8F9404621F08DFD3B495F
:10B1E000404621F031FD4046E5F7CEF9404621F0DA
:10B1F00083FD3749404621F027FD4046E5F7C4F975
:10B20000404621F079FD3349404621F01DFD40467E
:10B21000E5F7BAF9404621F06FFDFEF706BD2E496D
:10B22000404621F011FD4046E5F7AEF9404621F0D9
:10B2300063FD2449404621F007FD4046E5F7A4F9A7
:10B24000404621F059FD2549404621F0FDFC40468D
:10B25000E5F79AF9404621F04FFD1C49404621F0A0
:10B26000F3FC4046E5F790F9404621F045FD1849CA
:10B27000404621F0E9FC4046E5F786F9404621F0DA
:10B280003BFD1449404621F0DFFC4046E5F77CF9E0
:10B29000404621F031FDFFF7D5BB00210320E6F742
:10B2A000CBFB0F4B7D9A1A607BE400BF4CE6040099
:10B2B0006008FF1FB018FF1F7C16FF1FCCEB0400B7
:10B2C0008CEA04005CAE0400A0EA040000B50400AF
:10B2D00098E60400A4E6040080EB040094EB04006C
:10B2E0000C17FF1F0DF59278DC49404621F0ACFCAD
:10B2F0004046E5F749F9404621F0FEFCD849404672
:10B3000021F0A2FC4046E5F73FF9404621F0F4FC6D
:10B31000D449404621F098FC4046E5F735F94046CF
:10B3200021F0EAFCD049404621F08EFC4046E5F78A
:10B330002BF9404621F0E0FCCC49404621F084FC4A
:10B340004046E5F721F9404621F0D6FCC849404681
:10B3500021F07AFC4046E5F717F9404621F0CCFC95
:10B36000FFF7D5BB0DF59278C249404621F06CFC41
:10B370004046E5F709F9404621F0BEFCB849404691
:10B3800021F062FC4046E5F7FFF8404621F0B4FCAE
:10B390001F21B94824F046FDB84821F055FAFFF7BF
:10B3A0002DB80DF59278B349404621F04DFC40464A
:10B3B000E5F7EAF8404621F09FFCA949C7E7AD4907
:10B3C000404621F041FC4046E5F7DEF8404621F0DA
:10B3D00093FCA34956E70DF59278A949404621F020
:10B3E00033FC4046E5F7D0F8404621F085FC9C4907
:10B3F000404621F029FC4046E5F7C6F8404621F0DA
:10B400007BFC4FF0000BFEF710BC00210320E6F799
:10B4100013FBFEF757BC9B4B9AED1C7AD3ED006AE9
:10B42000CDF8F48107EE90BAF8EEE77A27EE097AC4
:10B4300067EEA67A7CA867EE677AFDEEE77A17EEEC
:10B44000901A20F065F91BEE101A20F055F92368C8
:10B450003293329A23683193319B9B1A042BF9D98A
:10B46000012211460320E6F7E7FABB6E07EB8300E3
:10B4700003F10C0207EB820C4CAA0021C2627CAAE9
:10B480000263B966CCF80410B7EE000A0221384610
:10B49000FCF72AFBFEF71ABE7A4BDDED047AD3EDFA
:10B4A000006A9AED1C7ACDF8F481F8EEE77A27EE7F
:10B4B000097A67EEA67A7CA867EE877AFDEEE77ACE
:10B4C00017EE901A20F024F91BEE101A20F014F950
:10B4D00023682E932E9A23682D932D9B9B1A042B61
:10B4E000F9D9012211460320E6F7A6FABB6E07EB55
:10B4F000830003F10C0207EB820C4CAA0021C2620C
:10B500007CAA0263B966CCF80410B7EE000A0221E7
:10B510003846FCF7E9FAFEF771BD0DF592785A4905
:10B5200040469B4621F090FB4046E5F72DF840460B
:10B5300021F0E2FB4A49404621F086FB4046E5F710
:10B5400023F8404621F0D8FB5049404621F07CFBCF
:10B550004046E5F719F8404621F0CEFB4249404607
:10B5600021F072FB4046E5F70FF8404621F0C4FB9E
:10B570003E49404621F068FB4046E5F705F8404665
:10B5800021F0BAFB3A49404621F05EFB4046E4F721
:10B59000FBFF404621F0B0FBFFF738BA0DF592787B
:10B5A0003749404621F050FB4046E4F7EDFF404666
:10B5B00021F0A2FB2A49404621F046FB4046E4F731
:10B5C000E3FF404621F098FB4FF0000BFFF71EBA57
:10B5D00029460320E6F730FAA2E50DF592782A49CC
:10B5E00040469B4621F030FB4046E4F7CDFF404605
:10B5F00021F082FB1A49404621F026FB4046E4F741
:10B60000C3FF404621F078FB2049404621F01CFB57
:10B610004046E4F7B9FF404621F06EFB1249404630
:10B6200021F012FB4046E4F7AFFF404621F064FBF7
:10B630000E49404621F008FB4046E4F7A5FF40468E
:10B6400021F05AFB0A49404621F0FEFA4046E4F751
:10B650009BFF404621F050FBFEF7E5BB80EB04006A
:10B660005CAE040094EB040000B5040098E604000E
:10B67000A4E604006CEB040060EB04006008FF1F0C
:10B6800078EA0400B418FF1F8CEA0400A0EA040062
:10B690000DF592781349404621F0D6FA4046E4F77A
:10B6A00073FF404621F028FB0F49404621F0CCFAB9
:10B6B0004046E4F769FF404621F01EFB4FF0000BC7
:10B6C000FEF7B1BB29460320E6F7B6F9D5E49FEDB6
:10B6D000078ACDF80490FEF757B900230593FEF7CB
:10B6E00098B900BF78EA04005CAE040000000000D6
:10B6F0002DE9F04F00F12C052DED028B05EB8106B5
:10B70000B54285B004468846B0EE408A4FEA8107CC
:10B710000FD0BA10B2FA82F2C2F11F0252003146C3
:10B720002846A44BFCF742F9A24A31462846FCF7CA
:10B73000A9F8D4F82CE0C4F858E0B8F1010F40F3B0
:10B740002281E019DEF810C028302A4652F8041F82
:10B750000B699042CCEB43034B61F7D1DEF81C3010
:10B76000DEF820B00193B54200F0068104F1300309
:10B770009E4200F00B81DEF824501A4611681046F4
:10B780004A6A954228BF1546021D9642F6D1DEF858
:10B7900018901A68916989EAE97681EAE172A6EB64
:10B7A000E976A2EBE172B2429A46ACBF32468946D4
:10B7B000504503F10403ECD1BCF1000F00F0C3804D
:10B7C00007EE902AF8EEE77A67EE887AFCEEE77AE1
:10B7D00017EE903A002B00F0B680DEF81830002B00
:10B7E000B8BF5B4207EE903AB8F1000FF8EEE75AA7
:10B7F00040F3D48007EE90CAE119B8EEE75ADFEDC6
:10B800006E6A283104F1280252F8043FD3ED047A1D
:10B810009B69F8EEE77A002B87EE857AB8BF5B422A
:10B8200007EE903A27EE257AF8EEE77A87EE276A58
:10B83000B4EE666AF1EE10FAC8BFF0EE466A8A42CC
:10B84000E2D1C5EEA67A04F1040A4FF0000984F8AB
:10B85000289050466D00FCEEE77A17EE907A20F0C3
:10B86000ABF82062504620F0A7F8606220F076F82E
:10B8700061690AF104001FF0FDFFA16D019E486897
:10B88000C968C4F88870A1EB0008A7FB0773C4E976
:10B89000206BC4E92873A067B8F1000FABFB0B0164
:10B8A0000297A6FB067BB8BFC8F10008C4E92601D1
:10B8B000C01B2A46039361EB0B01C4E9247BC4F847
:10B8C000A850C4F87C804B4626F030FA10EB0800F4
:10B8D00041EBE871CA0F121841F10001560846EA1F
:10B8E000C176B04534D3029BD81B039B2A4663EB39
:10B8F0000B014B4626F01AFA864236DCC4F8B060DB
:10B90000C4F8AC6001995046E5F73EFDA268002AF4
:10B9100047D0236A29490120D0600025E06995605D
:10B9200003249460DB000D604A6803F1804303F553
:10B93000603302440D241A610C60DA68502122F051
:10B940008002DA60D96005B0BDEC028BBDE8F08FF3
:10B950000D2021F0CDFE192021F042FF0D2021F015
:10B96000C7FE192021F03CFFF2E7C0EB4606C4F801
:10B97000AC00C4F8B060C5E7E36A9A695D6A002A62
:10B98000B8BF524218E7DEF810C0E7E6DEF818202C
:10B99000DEF82450002AB8BF52420DE7DFED066AF8
:10B9A0004FE7074B1B68002BB3D0022101209847BB
:10B9B000A268AEE7750400000000000000800340AC
:10B9C000A81EFF1F2DE9F04F2DED048BC5B00B46CF
:10B9D00009EE100AC449009303A8B0EE408AF0EEC5
:10B9E000608A984621F030F9C04AC14CDFF8509384
:10B9F000DFF850B3BF48E569A66900231370BE4A5B
:10BA0000C9F800302F21CBF80030176824F00AFA6B
:10BA1000BA4820F019FF0E21B94824F003FA18EEB5
:10BA2000100A25F0D5FC41EC100B0221B34820F0A0
:10BA30002FFFB24820F008FF0C21B24824F0F2F9A1
:10BA400018EE900A25F0C4FC41EC100B0221AB4823
:10BA500020F01EFFA94820F0F7FE0D21AA4824F08F
:10BA6000E1F968EE288A18EE900A25F0B1FC41EC65
:10BA7000100B0221A14820F00BFFA04820F0E4FEAB
:10BA80001721A24824F0CEF99C4820F0DDFE434661
:10BA9000002B40F01981984A1368022B00F05A815C
:10BAA00000F20E81012B40F00F81994903A821F08B
:10BAB0007DF9256BE66A1523EFB201213846C9F8F6
:10BAC00000301423CBF8003021F0E8FD94F82C006E
:10BAD000012121F0E3FD012211460220E5F7ACFF30
:10BAE00085498B6BCA6CD1F860A002FB03F308EEAA
:10BAF000103A814887490068874A884B0860D9F81E
:10BB0000001011603846DBF800201A6001215FFA4E
:10BB100086F821F0C3FD0121404621F0BFFD00233E
:10BB2000CDE91833CDE930338DF880302D932E9345
:10BB30008DF8BC307A4B17937A4B169380238DF88F
:10BB4000683016ABD9F80010DFED777A1B93092027
:10BB500042F29F43B8EEC88A0DF11809CDE91C03E3
:10BB6000DBF80020052341F2883C4846CDE932C38A
:10BB700028EE278A1FF08CFDB8EEC90ABDEEC88AF0
:10BB800020EE280A24F062FC684B5A6F684B0221B1
:10BB9000012AF0EE408A19600BD103226548DFF8D4
:10BBA000A8C165491A60102303601723CCF8002050
:10BBB0000B6018EE101A48461FF0AAFD51461FF000
:10BBC0009BFDFDEEE87ADFF834B1DFF880A117EED7
:10BBD000901A1FF0D9FD309B44A803F10B0200EB33
:10BBE0008303002143F88C9C00EB82030791309182
:10BBF00043F8B41CB7EE000A012116A8FFF778FD40
:10BC0000DFF84C9116E0A6F10A031D2B40F2C68026
:10BC1000D4F8F830D8B20A3B1D2B06D821F074FDB9
:10BC2000D4F8FC30984240F00182E7F7FBF8002896
:10BC300040F04581189BA5F10A02002B00F0168107
:10BC40001D2AE0D8384621F05FFDD4F8FC300246CA
:10BC50009A424FF016014846D5D024F0E3F85846F2
:10BC600020F0F2FDF5EEC08AF1EE10FACBDD19A856
:10BC7000002620F0BFFC1E9818961FF0B1FE1F98FA
:10BC800001251FF0ADFE2D4B2A46314630461D7072
:10BC9000E5F7D2FE2A4631462846E5F7CDFE2A468C
:10BCA00031460220E5F7C8FE2A4631460320E5F773
:10BCB000C3FE31462A460420E5F7BEFE2946ADE024
:10BCC000033B012B7FF6F1AE7B1E032B00F2FD81BF
:10BCD00001A252F823F000BF55BD0100ABBA01002C
:10BCE000ABBF010061BF0100A81205000417FF1FD0
:10BCF000A813FF1F10EC04007C10FF1F6008FF1F3B
:10BD000040EC040050EC040060EC040070EC040013
:10BD100020E00400CC07FF1FAC07FF1FA807FF1F90
:10BD2000700F0500B40F05000AD7233C6C11FF1FEC
:10BD30001810FF1FB407FF1FB007FF1FB018FF1F29
:10BD40009C07FF1F3407FF1FD007FF1F08E90400EF
:10BD5000F0E80400A74903A821F028F8E569A669DE
:10BD60000623EFB201213846C9F800300523CBF88D
:10BD7000003021F093FC207E012121F08FFC012274
:10BD800011461046E5F758FE9B494B6B8A6CD1F87B
:10BD90005CA002FB03F308EE103AAAE6404621F04D
:10BDA000B3FCD4F8FC3002469A424FF026015046CC
:10BDB0003FF42EAF24F036F8584620F045FDF5EE5E
:10BDC000C08AF1EE10FA7FF523AF19A8002620F003
:10BDD00011FC1E9818961FF003FE1F9801251FF0F6
:10BDE000FFFD864B2A46314630461D70E5F724FE9E
:10BDF0002A4631462846E5F71FFE2A4631460220EC
:10BE0000E5F71AFE2A4631460320E5F715FE3146CE
:10BE10002A460420E5F710FE4FF0FF310820FBF71B
:10BE20005BFBD4F80001A0F10A031D2B40F247810F
:10BE3000012334E00122002110460193E5F7FCFDC7
:10BE4000019B0193012200210220E5F7F5FD019BF2
:10BE50000193012200210320E5F7EEFD019B0193F0
:10BE6000012200210420E5F7E7FD019B009A4AB179
:10BE70006348079C02686349224402600A68079885
:10BE800002440A600F216048009323F0CBFF07991A
:10BE90005E4820F0D1FC5D4820F0D6FC009B00936A
:10BEA00016A85B4B1693FBF753FC03A820F024FF66
:10BEB000009B184645B0BDEC048BBDE8F08F0190A7
:10BEC0001721544823F0AEFF504820F0BDFC189ACB
:10BED000019B002A00F0E8804F4C50481568019300
:10BEE0000E214F4AB2FBF5F2226023F09BFF21683E
:10BEF000464820F0A1FC454820F0A6FC2268019BA2
:10BF0000F92A11DD189ADAB116A80193E4F7CAFFED
:10BF1000189A019BA2B11C46012021F061FC189BDC
:10BF2000002BF9D123460BE019A820F063FB002277
:10BF30001E9818921FF054FD1F981FF051FD019B91
:10BF40002D4A1268013A032A90D801A151F822F033
:10BF500035BE010043BE010051BE01005FBE0100BD
:10BF6000304903A820F022FF256FE66E1223EFB2BE
:10BF700001213846C9F800301323CBF8003021F0F6
:10BF80008DFB94F86C00012121F088FB0122114601
:10BF90000420E5F751FD18490B6C4A6DD1F868A0F3
:10BFA00002FB03F308EE103AA3E51F4903A820F0B3
:10BFB000FDFE256DE66C1023EFB201213846C9F86D
:10BFC00000301723CBF8003021F068FB94F84C00C8
:10BFD000012121F063FB012211460320E5F72CFD2E
:10BFE0000549CB6B0A6DD1F864A002FB03F308EEA0
:10BFF000103A7EE554B904007C10FF1FB018FF1FF3
:10C000007C16FF1F2816FF1FE0EC04006008FF1FCE
:10C01000B40F0500B8EC04005416FF1FD0EC040068
:10C0200000879303DCE004008CE004002D212A4803
:10C0300023F0F8FE294820F007FC19A8002520F07D
:10C04000D9FA1E9818951FF0CBFC1F981FF0C8FC5A
:10C05000234B01262A46294628461E70E5F7ECFCAC
:10C060002A4629463046E5F7E7FC2A4629460220BB
:10C07000E5F7E2FC2A4629460320E5F7DDFC2A46DF
:10C0800029460420E5F7D8FC0820FAF7EFFCD4F89D
:10C090000001A0F10A031D2B3FF6CAAEC0B2314623
:10C0A00021F0FCFA3346FAE60E490C68002C3FF406
:10C0B00013AF02210120A047189A019B0CE7C0B2E0
:10C0C000294621F0EBFA2B46E9E64FF0000A08EE8C
:10C0D00010AAEFB20DE500BF88EC04006008FF1F56
:10C0E000B018FF1FA81EFF1F2DE9F04FAD4DD5F86A
:10C0F00000012DED028BA0F10A031D2BADF5177D7C
:10C1000040F21781A84CA94B226808920021089A96
:10C11000197023680793079B9B1A092BF9D968AEFE
:10C12000A349DFF8D892DFF8D8A2DFF8D8823046EA
:10C1300020F08AFD3046E4F727FA304620F0DCFD97
:10C140009C4B3046196820F07FFD3046E4F71CFA1E
:10C15000304620F0D1FD984B69930023CDE96A3336
:10C16000CDE982338DF8C8317F9380938DF8043206
:10C170008020924B68938DF8B001092342F29F40D2
:10C180008F4A9049126809686D96CDE96E3041F288
:10C1900088370520CDE9847018A81FF079FA8A4BFA
:10C1A0008A4F1A688A4B28A819681FF071FA894BC0
:10C1B0001A68894B0DF1E00B196858461FF068FAB0
:10C1C000D9F80020DAF8001048A81FF061FA3A68A0
:10C1D000D8F8001058A81FF05BFA00231993299390
:10C1E000CBF80430499359937C4B1B68013B032BDC
:10C1F00000F29E85DFE803F0613C200278480921C7
:10C2000023F010FEDFF800C2DFF800E22F23CCF8A5
:10C2100000303823C8F8003039233B60714B01935C
:10C22000714A1368042B00F28B85DFE813F0CF030B
:10C23000C803C003B80387006C48092123F0F2FD4E
:10C24000DFF8C8E1DFF8C0C12E23CEF800302F237D
:10C25000CCF800303623CAF800303723C9F8003054
:10C260003823C8F8003039233B605E4B0193D7E791
:10C270005F48092123F0D6FD5A4BDFF890E1019386
:10C280001A462D231360DFF880C1534A2E23CEF8BF
:10C2900000302F23CCF80030342313604D4A35236F
:10C2A00013603623CAF800303723C9F8003038232A
:10C2B000C8F8003039233B60B2E74B4A4D48029240
:10C2C000092123F0AFFD4C4805902C210160454821
:10C2D000DFF838E1DFF830C1029A424B01932D219B
:10C2E00001602E213A48CEF800102F21CCF8001022
:10C2F000322101603448136833210160364834210B
:10C3000001603448352101603621CAF80010372118
:10C31000C9F800103821C8F8001039213960042B01
:10C3200000F21685DFE813F0EE04D204F004F50401
:10C33000E9040021C0B221F0B1F9E3E62E4BD5F8B3
:10C3400094101868D5F898800593042800F2C184E9
:10C35000DFE810F011030303F702EB020500D5F844
:10C3600094300293019BDEF80070D5F898A0DCF8B9
:10C3700000E01B68042B00F2D684DFE813F0C7024C
:10C38000C002B702B2020500D5F89430D5F89890F3
:10C39000042F00F2C384DFE817F094028D028402B8
:10C3A0006C023B00A813FF1F5C1FFF1F6816FF1FD6
:10C3B0002CB204008007FF1F700F0500B40F0500AA
:10C3C000A007FF1FA407FF1FA807FF1FC007FF1F2D
:10C3D000AC07FF1FB007FF1FB407FF1F1810FF1F98
:10C3E00014ED0400D007FF1FC807FF1F08ED04006D
:10C3F000FCEC0400F0EC0400CC07FF1FB807FF1FA3
:10C40000BC07FF1FC407FF1FD807FF1FD407FF1F6C
:10C41000D5F89400D5F8987008EE100ABEF1040F14
:10C420000CD8DFE81EF02E0222021C0217020500C3
:10C43000D5F89400D5F8987008EE100A18A8049260
:10C4400003931FF065F941461FF056F9CF4909687B
:10C450001FF080F9029928A81FF05AF951461FF0E1
:10C460004BF9CB4909681FF075F9039B58461946EB
:10C470001FF04EF949461FF03FF9C64B19681FF0EF
:10C4800069F918EE101A48A81FF042F939461FF052
:10C4900033F9C14B19681FF05DF9C04958A81FF066
:10C4A00037F9BE491FF028F9BD4B19681FF052F942
:10C4B000049A106801221146E5F7BEFA059B186838
:10C4C000272840F3E782019B1868272840F3DD8284
:10C4D000829B96A803F10D0200EB820200EB830021
:10C4E00018AF40F88C7C96A800EB830028AF40F88A
:10C4F000887C96A800EB8303002143F884BCB7EE48
:10C50000000A42F8B41C304682910321FFF7F0F88C
:10C510006A9B002B00F0EE83A24FDFF8D492DFF885
:10C52000D4A2D5F8F800A0F10A031D2B07D8C0B299
:10C5300021F0EAF8D5F8FC30984240F0C38221F0AF
:10C540000DFD002840F352823B68012BB84600F0F5
:10C550005482032B00F08682002B00F0808200239F
:10C5600089F800306A9923681493149A2368139306
:10C57000139B9B1A092BF9D90029D2D18A4B1B682E
:10C58000082B15AC00F0E582092B40F0C5808749E7
:10C59000204620F059FB2046E3F7F6FF204620F026
:10C5A000ABFB834B204619681F4620F04DFB20460D
:10C5B000E3F7EAFF204620F09FFB7E49204620F06B
:10C5C00043FB2046E3F7E0FF204620F095FB396867
:10C5D000204620F039FB2046E3F7D6FF204620F026
:10C5E0008BFB7549204620F02FFB2046E3F7CCFF5C
:10C5F000204620F081FB3968204620F025FB2046AC
:10C60000E3F7C2FF204620F077FB6C4B012218684D
:10C610000021E5F711FA002101220846E5F70CFA9E
:10C62000D5F8E030012B77D06549204620F00CFB8F
:10C630002046E3F7A9FF204620F05EFB6149204633
:10C6400020F002FB2046E3F79FFF204620F054FB3A
:10C650005D49204620F0F8FA2046E3F795FF204692
:10C6600020F04AFB5949204620F0EEFA2046E3F735
:10C670008BFF204620F040FB5549204620F0E4FA8D
:10C680002046E3F781FF204620F036FB5149204643
:10C6900020F0DAFA2046E3F777FF204620F02CFB63
:10C6A0004D49204620F0D0FA2046E3F76DFF2046A2
:10C6B00020F022FB4349204620F0C6FA2046E3F74B
:10C6C00063FF204620F018FB4449204620F0BCFAC6
:10C6D0002046E3F759FF204620F00EFB3B49204659
:10C6E00020F0B2FA2046E3F74FFF204620F004FB8B
:10C6F0003749204620F0A8FA2046E3F745FF2046B8
:10C7000020F0FAFA3349204620F09EFA2046E3F75B
:10C710003BFF204620F0F0FA3149204620F094FA01
:10C720002046E3F731FF204620F0E6FAD8F8003043
:10C73000012B00F0C782032B00F0C082002B00F019
:10C74000B982284B284F93ED000AB8EEC00AE3F7F0
:10C75000D3FE3968204620F077FA2046E3F714FF2D
:10C76000204620F0C9FA2149204620F06DFA2046E3
:10C77000E3F70AFF204620F0BFFAD8F80030012B7B
:10C7800000F09482032B00F08D8235E03416FF1FF9
:10C790002816FF1F2C16FF1F5C18FF1FA086010024
:10C7A0006018FF1F9807FF1F8807FF1FA4ED0400F4
:10C7B0008007FF1FBCED0400D4ED04007C10FF1FB8
:10C7C000ECED04005CAE040004EE040000B50400CF
:10C7D00098E60400A4E604001CEE040034EE040015
:10C7E0004CEE04008816FF1F8407FF1F5CEE040058
:10C7F000F016FF1F5416FF1F002B00F04F82A84BAE
:10C8000093ED000AB8EEC00AE3F776FE39682046D9
:10C8100020F01AFA2046E3F7B7FE204620F06CFA23
:10C82000A04B5A6F012A00F06082D5F800019E4AA1
:10C8300000231360A0F10A031D2B40F22A829B4BB8
:10C8400068933046FAF784FF0DF5177DBDEC028B37
:10C85000BDE8F08FD5F88C30D5F89090EEE5D5F89E
:10C860008400D5F888A00290E8E5E96FD5F88080CB
:10C87000E4E58F4FD5F88C30D5F8909008EE107A1B
:10C88000CCE520681290686FDDF848C0AF6F08EE05
:10C89000100A206811901198A0EB0C000E28F8D90E
:10C8A000CCE5834FD5F88400D5F888A0029008EE37
:10C8B000107AB3E57E4FE96FD5F8808008EE107AE4
:10C8C000ACE520681090686FDDF840C0AF6F08EEEF
:10C8D000100A20680F900F98A0EB0C000E28F8D9D2
:10C8E0009CE5D5F88C30D5F8909051E5DFF8C091F3
:10C8F000D5F884300293D5F888A04B4648E5DFF898
:10C90000B091E96FD5F880804B4641E523680E93DE
:10C91000DDF838C06B6FD5F8789020680D900D98D1
:10C92000A0EB0C000E28F8D932E5D5F88C30029334
:10C93000019BDEF80070D5F890A0DCF800E01B68E1
:10C9400018E5D5F884300293019BDEF80070D5F825
:10C9500088A0DCF800E01B680CE5019BDFF850A123
:10C96000DEF80070E96FDCF800E0D5F880801B6825
:10C97000CDF808A0FEE423680C930C986B6FD5F8F3
:10C9800078A0029323680B930B9B1B1A0E2BF9D9EB
:10C99000019BDEF800701B68DCF800E0EAE4454B20
:10C9A000D5F88C101868D5F890800593CDE4414BEC
:10C9B000D5F884101868D5F888800593C5E43D4BF8
:10C9C000E96F1868D5F880800593BEE4394B05936C
:10C9D000186823680A930A9F696FD5F878802368DE
:10C9E0000993099BDB1B0E2BF9D9AEE422F02CFB3B
:10C9F0003B68012BB8467FF4ACAD21F0C3FAC3B25B
:10CA0000532B89F800307FF4ADAD6A9B002B00F00A
:10CA100096800E2128481A68284BB3FBF2F3CAF817
:10CA2000003023F0FFF9DAF8001025481FF004FF6A
:10CA300023481FF009FFDAF80030F92B15DC6BA84A
:10CA40001FF0D8FD002370986A931EF0C9FF7198FB
:10CA50001EF0C6FF6A99144A0023136083E523F091
:10CA600073F9CCE722F004FBC9E76A990029F2D0F8
:10CA70003046E4F717FA6A990029ECD0012020F03B
:10CA8000AFFE6A990029F9D1E5E701221146E4F7E2
:10CA9000D3FF1DE501221146E4F7CEFF13E500BFE9
:10CAA0007C16FF1F6C11FF1F1810FF1FB40F05002D
:10CAB000A0860100CC07FF1FD0EC04000087930381
:10CAC0006008FF1F1F21A84823F0ACF9A7481FF0FA
:10CAD000BBFE6BA800241FF08DFD70986A941EF0B9
:10CAE0007FFF71981EF07CFFA14B01272246214653
:10CAF00020461F70E4F7A0FF224621463846E4F79F
:10CB00009BFF224621460220E4F796FF224621465B
:10CB10000320E4F791FF224621460420E4F78CFF2E
:10CB20001520F9F7A3FFD5F80001A0F10A031D2B8A
:10CB30003FF685AE3946C0B220F0B0FD7FE68D4AA3
:10CB40001268002A3FF465AF0221012090476A9BDA
:10CB50005FE78949204620F077F82046E3F714FD87
:10CB6000204620F0C9F8854B204619681F4620F062
:10CB70006BF82046E3F708FD204620F0BDF8804919
:10CB8000204620F061F82046E3F7FEFC204620F026
:10CB9000B3F83968204620F057F82046E3F7F4FC54
:10CBA000204620F0A9F87749204620F04DF820468D
:10CBB000E3F7EAFC204620F09FF83968204620F091
:10CBC00043F82046E3F7E0FC204620F095F86E4B52
:10CBD000012218680021E4F72FFF002101220846F6
:10CBE000E4F72AFFD5F8E030012B3FF495AD674913
:10CBF000204620F029F82046E3F7C6FC204620F026
:10CC00007BF86349204620F01FF82046E3F7BCFC80
:10CC1000204620F071F85F49204620F015F82046A4
:10CC2000E3F7B2FC204620F067F85B49204620F08D
:10CC30000BF82046E3F7A8FC204620F05DF85749A2
:10CC4000204620F001F82046E3F79EFC204620F025
:10CC500053F8534920461FF0F7FF2046E3F794FCB2
:10CC6000204620F049F84F4920461FF0EDFF2046AE
:10CC7000E3F78AFC204620F03FF8454920461FF0A4
:10CC8000E3FF2046E3F780FC204620F035F84649D4
:10CC90001BE50121C0B220F001FDD0E5222023F0E8
:10CCA00047F9ACE5222022F08DF9A8E5222021F0F9
:10CCB0009FF8A4E5222023F03BF942E5222022F050
:10CCC00081F93EE5222021F093F83AE5E96FD5F8A5
:10CCD0008080019BDFF8D4A0DEF800701B68DCF8D0
:10CCE00000E0CDF808A0FFF745BB00210320E4F7E2
:10CCF000A3FE9AE5DFF8C08040E4D5F89410D5F89B
:10CD00009880E6E72C2064E6D5F88410D5F8888072
:10CD1000DFE7D5F88C10D5F89080DAE7234F08EEDE
:10CD2000107AFFF77BBBDFF884904B46FFF730BBF0
:10CD30001F4BDFF888E0DFF888C00193FFF770BA77
:10CD40001C4BDFF86880186805934146FFF7FDBA71
:10CD5000164F029708EE107AB946BA46B8463B46D7
:10CD60003946FFF76BBB00BF20ED04006008FF1FD2
:10CD7000B018FF1FA81EFF1F28B304008007FF1F65
:10CD800014B3040040ED04007C10FF1F54ED0400B8
:10CD90005CAE040068ED040000B5040098E60400F1
:10CDA000A4E604007CED040090ED0400A0860100E0
:10CDB000D007FF1FCC07FF1F9807FF1FD407FF1FD7
:10CDC000D807FF1F2DE9F04F2DED0A8BDFF8689390
:10CDD000CA49D9F83C30CA4CD9ED117AD4F81C8034
:10CDE000D4F818B0D9F85860CBB000220293D9F823
:10CDF00000304A60D9F8501003915A1ED9F830100B
:10CE00000091F8EE678AB0EE40BAF0EE609AF0EE6C
:10CE100041AAB0EE618A032A00F28D83DFE812F0A6
:10CE200058013F0126010400012211460420D4F8D4
:10CE30007080D4F86CB0E4F7FFFDD9F84030D9ED3C
:10CE4000157A0193D9F86830B8EE679A0CEE903AEB
:10CE5000D9F8003013271225AA4A9FEDABAA136018
:10CE6000AA4B1D60AA4B1F605FFA88F31846012188
:10CE70000CEE103A20F012FC5FFA8BF318460121F9
:10CE80000BEE903A20F00AFCDDE90001E5F798FB93
:10CE9000012211460020E4F7CFFD9E4B1D939E4BCF
:10CEA0001C9380238DF880301CAB3A4621930CAF45
:10CEB000092042F29F4341F2883C2946CDE92203F2
:10CEC000002505233846CDE938C3CDE91E55CDE907
:10CED00036558DF89850339534958DF8D4501EF012
:10CEE000D7FB2BEE290A0D9523F0B0FA8B4B8C4A19
:10CEF0008C491D60F0EE409A02232AEE880A4FF01A
:10CF0000030A0B60C2F800A023F0A0FADDED017A5D
:10CF100029EE0A7AF8EEE77A384667EE877ABDEEB0
:10CF2000C08AFDEEE77A17EE901A1EF0F1FB1CEEB8
:10CF3000901A1EF0E1FBFDEEE97A17EE901A1EF052
:10CF400009FCDDED007A7848F8EEE77A68EE8A8A27
:10CF500067EEA87AFDEEE77A17EE901A1EF0D8FB7E
:10CF600031461EF0C9FB704B18EE101A18465D6072
:10CF70001EF0F0FB6D496E4A4E6F0223012E1360C6
:10CF800000F08C811946369B674E369503F10C02F2
:10CF90004AA800EB820200EB8300B7EE000A40F8DB
:10CFA0008C6C4AA800EB83031CA843F8887C42F8E9
:10CFB000B45CFEF79DFBDFF884A1DAF8003007933C
:10CFC0000799DAF800300693069B5B1AB3F5FA7FEF
:10CFD000F7D31E9B002B36D0A8F10A06ABF10A0549
:10CFE000544FDFF85C811CEE10BA1B68B8FBF3F3FA
:10CFF000F92B3B6040F2B6811D2E40F2A3801D2D1F
:10D0000040F2DA80D4F8F800A0F10A031D2B07D80B
:10D01000C0B220F079FBD4F8FC30984240F04C824A
:10D02000E5F700FF002840F0B781DAF800300B93F5
:10D030000B99DAF800300A930A9B5B1A042BF8D993
:10D040001E9B002BD1D14FF0000B0021012208467E
:10D05000E4F7F2FCD9F80020013A032A00F2F98043
:10D06000DFE812F0D601D001F200CA010122114618
:10D070000320D4F85080D4F84CB0E4F7DDFCD9F8A4
:10D080003C30D9ED147A0193D9F86430B8EE679A40
:10D090000CEE903A1727D9F800301025DCE6012273
:10D0A00011460220D4F83080D4F82CB0E4F7C4FC48
:10D0B000D9F83830D9ED137A0193D9F86030B8EE49
:10D0C000679A0CEE903A1427D9F800301525C3E67C
:10D0D000012211461046E4F7AFFCD9F83430D9EDFF
:10D0E000127A0193D9F85C30B8EE679A0CEE903A58
:10D0F0000527D9F800300625AEE600BF5017FF1F00
:10D10000A813FF1FCC07FF1F0AD7233CAC07FF1F44
:10D11000A807FF1F700F0500B40F0500C807FF1F09
:10D12000A407FF1FA007FF1F6C18FF1F6C11FF1F34
:10D130001810FF1F5416FF1F7C10FF1F5C1FFF1FDE
:10D1400000879303584620F0DFFAD4F8FC30984269
:10D150003FF455AF2221BC4822F064FEBB481FF0CB
:10D1600073FB1FA800261FF045FA24981E961EF098
:10D1700037FC25984FF0010B1EF032FCB44B5A4699
:10D180003146304683F800B0E4F756FC5A46314643
:10D190005846E4F751FC5A4631460220E4F74CFC6D
:10D1A0005A4631460320E4F747FC31465A460420EC
:10D1B000E4F742FC59463AE01BEE900A20F0A4FA4C
:10D1C000D4F8FC3098423FF41DAF22219E4822F053
:10D1D00029FE9E481FF038FB1FA800261FF00AFA00
:10D1E00024981E961EF0FCFB25984FF0010B1EF0B4
:10D1F000F7FB974B5A463146304683F800B0E4F7C8
:10D200001BFC5A4631465846E4F716FC5A4631464E
:10D210000220E4F711FC5A4631460320E4F70CFCE7
:10D2200031465A460420E4F707FC4FF0FF3109204D
:10D23000FAF752F9D4F80001A0F10A031D2B40F2CD
:10D2400075814FF0010B1EE0012200210320E4F75D
:10D25000F3FB804E804B0D9F31685A6F7F4D804BA2
:10D26000804C8148394431605F6829685E68394480
:10D27000296021683144216001680D9C012A214404
:10D28000016000F00981794B1C931CA8FAF760FA41
:10D2900058464BB0BDEC0A8BBDE8F08F744B91ED56
:10D2A0001C7A5D60734BC2F800A0D3ED006A724B2C
:10D2B000724AC3F800A0F8EEC87A27EE0A7A67EE41
:10D2C000A67A6F4B6A4867EE877A1025FDEEE77AFB
:10D2D000156017EE901A17221A601EF03BFA039A97
:10D2E000029B634802FB03F307EE903AF8EE677A7D
:10D2F00067EE8A7AFDEEE77A17EE901A1EF008FACA
:10D30000D9F864105A481EF0F7F95046DFF884A1A6
:10D3100031463246E4F790FBDAF800300593059980
:10D32000DAF800300493049B5B1A042BF8D9369B7F
:10D330004AAA02EB830503F10D0102EB8101484A81
:10D3400045F88C2C00204A4A369045F8887C45F8F0
:10D35000842CB7EE000A41F8B40C03211CA8FEF798
:10D36000C7F92AE6DAF8003009930999DAF80030AB
:10D370000893089B5B1AB3F5FA7FF7D31CA8E3F771
:10D3800091FD1E9B002B3FF45EAE012020F028FA99
:10D390001E9B002BF9D156E617218346394822F00F
:10D3A00041FD2A481FF050FA1E9A002A42D00E2151
:10D3B00035481468354AB2FBF4F23A6022F032FD87
:10D3C000396822481FF038FA20481FF03DFA3A68C1
:10D3D000F92A23DD1E9A002A3FF437AE1CA8E3F792
:10D3E00061FD1E9A002A3FF430AE012020F0F8F9CA
:10D3F0001E9B002BF9D128E6012200210420E4F72E
:10D400001BFB26E7012200210220E4F715FB20E7A1
:10D41000012200211046E4F70FFB1AE71FA81FF0B6
:10D42000E9F8249800221E921EF0DAFA25981EF0E0
:10D43000D7FA0AE616490C68002CB8D00221012060
:10D44000A0471E9AB3E700BF6CEE04006008FF1F00
:10D45000B018FF1F7C16FF1F6C11FF1F8816FF1FDF
:10D460006C18FF1F3416FF1F2816FF1FB40F05008E
:10D470005017FF1FB418FF1FD007FF1FB407FF1F6F
:10D48000B007FF1FB8EC0400D0EC04000087930342
:10D49000A81EFF1F5C1FFF1F00210320E4F7CCFA2A
:10D4A000294B2A485D68026829495C682A44026061
:10D4B0000A6822440A60E6E61F21264822F0B2FCF0
:10D4C00025481FF0C1F91FA800251FF093F82498E4
:10D4D0001E951EF085FA25981EF082FA1F4B4FF01C
:10D4E000010B2A462946284683F800B0E4F7A4FA3F
:10D4F0002A4629465846E4F79FFA2A46294602203A
:10D50000E4F79AFA2A4629460320E4F795FA2A46D0
:10D5100029460420E4F790FA0920F9F7A7FAD4F88D
:10D520000001A0F10A031D2B3FF68BAE5946C0B295
:10D5300020F0B4F8A7E600229FED099A01920CEEC4
:10D54000902A0527062587E45017FF1F8016FF1F26
:10D550002C16FF1F20ED04006008FF1FB018FF1FEE
:10D56000000000002DE9F04F2B4B2C491B682DEDDE
:10D570000C8B002209EE900AD9B04A60042B00F20D
:10D58000D985DFE813F08502B502E702190305002B
:10D59000234B244993ED157ADFED237A4C6B086F0A
:10D5A000CA6E93ED10BA9F6E0090F8EE47AA0192F2
:10D5B0006AEEA7AA002C00F0A585012C40F090850A
:10D5C000D3ED0B6A91ED197ACB6D896DC6EE877A32
:10D5D00001FB03F300EE103AB8EE400A20EE270AF2
:10D5E000BDEEC08AC3B20CEE103AD3B2012211468E
:10D5F00004200BEE903AE4F71FFA4FF0130B1224BD
:10D600000A4B1968042900F28285DFE811F00F0245
:10D610004B030B03D90111002417FF1F5017FF1FE5
:10D620007C10FF1FA813FF1F0AD7233C3417FF1FCE
:10D63000C349C448D1ED197A90ED0B6A8A6DCB6D60
:10D64000D1F870909FEDC07AD1F86CA090ED109A4F
:10D65000866EC6EE276A02FB03F3012211464FF0E5
:10D660001308122507EE903AF8EE677A67EEA67A6D
:10D67000FDEEE78AD0ED157AB8EE67AA04202AEE0F
:10D6800007AAE4F7D9F95FFA89F30DEE103AAF4B28
:10D6900019685FFA8AF30CEE903AAD4AAD4B14600C
:10D6A000AD4AC2F800B0AD4A1160AD4A1560AD4A4E
:10D6B000C2F80080AC4A1CEE100A12681A60012100
:10D6C0001FF0ECFF1BEE900A01211FF0E7FF1DEE9B
:10D6D000100A01211FF0E2FF1CEE900A01211FF049
:10D6E000DDFFA24BA2482B932A9080232AA88DF815
:10D6F000B8302F9042F29F43092041F2883C5A46AD
:10D700002146CDE93003002405230AA8CDE946C30C
:10D71000CDE92C44CDE944448DF8D0404194429465
:10D720008DF80C411DF0B4FF924BB8EEC80AD3ED52
:10D73000007AB8EEE98A20EE270A20EE080A22F0E5
:10D7400085FEF8EECB7AFDEEC09A67EEAA7A0AA8BB
:10D75000FDEEE77A0B9417EE901A1DF0D9FF3946CB
:10D760001DF0CAFF19EE901A1EF00EF84246294627
:10D770001AA81DF08DFF804BF8EEE87A93ED007A41
:10D7800067EE877A27EE880A22F060FEF8EEC97A03
:10D79000BDEEC08A67EE8A7A1AA8FDEEE77A1B947E
:10D7A00017EE901A1DF0B4FF31461DF0A5FF18EEDC
:10D7B000101A1DF0E9FF7149714A4B6F0221012BCC
:10D7C000116040F09D83684B6E4D6F4C19686F4837
:10D7D000032313602B6010232360172303600029A9
:10D7E00040F0A983F8EEE97A644B9FED578A93EDF8
:10D7F0001C7A674B534CD3ED006A664827EE087AD3
:10D8000067EEA67A002367EE877A4360FDEEE77A3B
:10D8100017EE901A1DF0B8FF226DE36B5D4802FB16
:10D8200003F307EE903AF8EE677A67EE887AFDEE3A
:10D83000E77A17EE901A1DF06BFF616E5548564C53
:10D840001DF05AFF012211460320E4F7F5F8236882
:10D850000393039A23680293029B9B1A042BF9D922
:10D86000449B58A803F10D0200EB820200EB8300F9
:10D870001AAD40F88C5C58A800EB83000AAD40F864
:10D88000885C58A800EB83030021424843F8840CCD
:10D89000449142F8B41CB7EE000A03212AA8FDF710
:10D8A00027FF23680593059A23680493049B9B1A1A
:10D8B000B3F5FA7FF8D32C9B002B73D0009A374E28
:10D8C000374F1F4DDDF804B0A2F10A081B68B7FB03
:10D8D000F3F3F92B336040F23583B8F11D0F40F2BA
:10D8E0007482ABF10A031D2B40F2B682A9F10A0340
:10D8F0001D2B40F2ED82AAF10A031D2B40F2F682A5
:10D90000D5F8F800A0F10A031D2B07D8C0B21FF00C
:10D91000FBFED5F8FC30984240F08183E5F782FAAF
:10D92000002840F04D8323680993099923680893E0
:10D93000089B5B1A042BF9D92C9B002BC6D131E034
:10D94000A813FF1F7C10FF1F0AD7233C3417FF1FAB
:10D95000A407FF1FC807FF1FA007FF1FCC07FF1F5B
:10D96000AC07FF1FA807FF1F2417FF1F700F05003C
:10D97000B40F05007807FF1F7C07FF1F6C11FF1F06
:10D980001810FF1FD007FF1FB407FF1FB007FF1FAE
:10D99000B418FF1F5017FF1F5C1FFF1F5416FF1FF7
:10D9A000008793034FF0000BB94B1A68042A00F26A
:10D9B000B481DFE812F0FE010402F801F201AD01CA
:10D9C000B449B548D1ED117A90ED0B6A8A6BCB6BF7
:10D9D000D1F850909FEDB17AD1F84CA090ED0F9A0C
:10D9E000466EC6EE276A02FB03F3012211464FF092
:10D9F0001708102507EE903AF8EE677A67EEA67AD8
:10DA0000FDEEE78AD0ED147AB8EE67AA03202AEE7D
:10DA100007AAE4F711F85FFA89F30DEE103AA04B6C
:10DA200019685FFA8AF30CEE903A36E69A4A9949F9
:10DA300092ED0B6AD1ED027A9FED987A92ED0C9AF5
:10DA4000966DC6EE276AD1E9001301FB03F30020AF
:10DA50004FF0020807EE903AF8EE677A372367EE48
:10DA6000A67A1D46FDEEE78AD2ED117A0122B8EEC4
:10DA700067AA11462AEE07AA0CEE903AE3F7DCFFFC
:10DA8000874A0DEE105AAA46A9461168032504E6F6
:10DA9000814A804992ED0B6AD1ED026A4B680968B0
:10DAA0009FED7E7A92ED0CBA976DC6EE267A01FB59
:10DAB00003F300204FF0020B00EE103AD2ED116A92
:10DAC000B8EE400A3723F8EE66AA20EE270A0122B4
:10DAD0001C4611466AEE87AABDEEC08A0BEE903A4C
:10DAE0000CEE104AE3F7A8FF01940094032487E5A5
:10DAF0006849DFED6A7ACA680B69D1ED056ACC69BD
:10DB00008D69009402FB03F300EE103A624B01951D
:10DB100093ED0B6A93ED0DBADF6D86EE267A012246
:10DB2000114610464FF0050BB8EE400A20EE070AEA
:10DB300093ED127AF8EE47AABDEEC08A6AEEA7AA64
:10DB4000E3F77AFFE3B20CEE103AEBB20BEE903A49
:10DB5000062455E54F49DFED517A0A6A4B6AD1ED4B
:10DB60000A6A0C6BCD6A009402FB03F300EE103AD4
:10DB7000494B019593ED0B6A93ED0EBA1F6E86EE3D
:10DB8000267A0122114602204FF0140BB8EE400A0B
:10DB900020EE070A93ED137AF8EE47AABDEEC08A8D
:10DBA0006AEEA7AAE3F748FFE3B20CEE103AEBB235
:10DBB0000BEE903A152423E5374A364992ED146A64
:10DBC000DFED367A4C6B086D92ED0FBAD2ED0B6A31
:10DBD000576ECA6C91ED117ACB6B0090F8EE46AAA5
:10DBE000896B01926AEEA7AA002C00F07D82C6EE36
:10DBF000877A01FB03F300EE103AB8EE400A20EEFC
:10DC0000270ABDEEC08AC3B20CEE103AD3B201228D
:10DC1000114603200BEE903A4FF0170BE3F70CFF81
:10DC20001024EDE41B491C48D1ED0A7A90ED0B6AF3
:10DC30000A6A4B6AD1F830909FED187AD1F82CA07F
:10DC400090ED0E9A066EC6EE276A02FB03F30122E0
:10DC500011464FF01408152507EE903AF8EE677A52
:10DC600067EEA67AFDEEE78AD0ED137AB8EE67AAE2
:10DC700002202AEE07AAE3F7DFFE5FFA89F30DEE32
:10DC8000103A074B19685FFA8AF30CEE903A04E5F4
:10DC90002417FF1FA813FF1F7C10FF1F0AD7233C68
:10DCA0003417FF1FB949BA48D1ED057A90ED0B6AD8
:10DCB000CA680B69D1F81C909FEDB67AD1F818A00C
:10DCC00090ED0D9AC66DC6EE276A02FB03F30122A2
:10DCD00011464FF00508062507EE903AF8EE677AF0
:10DCE00067EEA67AFDEEE78AD0ED127AB8EE67AA63
:10DCF00010462AEE07AAE3F79FFE5FFA89F30DEEBE
:10DD0000103AA54B19685FFA8AF30CEE903AC4E416
:10DD1000012200210420E3F78FFE9F4B1A68042A9A
:10DD200009D8DFE802F028342E2203000122002166
:10DD30000420E3F781FE994C0B9E21689848994B8B
:10DD40000B9D5A6F314421600168012A294401600A
:10DD500000F0A481944B2A932AA8F9F7F9FC5846BD
:10DD600059B0BDEC0C8BBDE8F08F012200210320DF
:10DD7000E3F762FEDFE7002101220846E3F75CFEDD
:10DD8000D9E7012200210220E3F756FED3E7012262
:10DD900000211046E3F750FECDE7012200210320C9
:10DDA000E3F74AFEB9E7012200210220E3F744FE2F
:10DDB000B3E7002101220846E3F73EFEADE701226A
:10DDC00000211046E3F738FEA7E71CEE100A1FF00B
:10DDD0009BFCD5F8FC3098423FF483AD2221734878
:10DDE00022F020F872481EF02FFD2DA800261EF00C
:10DDF00001FC32982C961DF0F3FD33984FF0010B87
:10DE00001DF0EEFD6B4B5A463146304683F800B0AC
:10DE1000E3F712FE5A4631465846E3F70DFE5A46DE
:10DE200031460220E3F708FE5A4631460320E3F765
:10DE300003FE31465A460420E3F7FEFD5946092009
:10DE4000F9F74AFBD5F80001A0F10A031D2B40F2B7
:10DE500020814FF0010B7DE71BEE900A1FF054FC70
:10DE6000D5F8FC3098423FF441AD22214F4821F0D3
:10DE7000D9FF4F481EF0E8FC2DA800261EF0BAFB83
:10DE800032982C961DF0ACFD33984FF0010B1DF02D
:10DE9000A7FD484B5A463146304683F800B0E3F7B9
:10DEA000CBFD5A4631465846E3F7C6FD5A46314641
:10DEB0000220E3F7C1FD5A4631460320E3F7BCFDDB
:10DEC00031465A460420E3F7B7FD4FF0FF31B6E77D
:10DED0001DEE100A1FF018FCD5F8FC3098427FF4B4
:10DEE0007DAFAAF10A031D2B3FF60AAD1CEE900A86
:10DEF0001FF00AFCD5F8FC3098423FF401ADB4E7BE
:10DF0000449B449403F10C0258A800EB820200EBFE
:10DF100083001AAD40F88C5C58A800EB83030AA874
:10DF200043F8880CB7EE000A42F8B44C2AA8FDF773
:10DF3000DFFB214CB5E4184B1B68002B6BD1F8EECE
:10DF4000C87A51E423680793079A23680693069BCF
:10DF50009B1AB3F5FA7FF8D32D21184821F062FF00
:10DF600013481EF071FC2C9B002B3FF41BAD2AA81C
:10DF7000E2F798FF2C9B002B3FF414AD01201FF01B
:10DF80002FFC2C9B002BF9D10CE500BFA813FF1F21
:10DF90007C10FF1F0AD7233C3417FF1F7C16FF1F7E
:10DFA0002816FF1F6C11FF1FB40F05006CEE040054
:10DFB0006008FF1FB018FF1F5C1FFF1F90EE0400DA
:10DFC00017218346654821F02DFF65481EF03CFC73
:10DFD0002C9A002A00F08C800E2162481468624A54
:10DFE000B2FBF4F2326021F01DFF31685C481EF094
:10DFF00023FC5B481EF028FC3268F92A5EDC2DA861
:10E000001EF0F8FA329800222C921DF0E9FC3398A9
:10E010001DF0E6FCC8E4DFED557AFFF7E5BB1F21F4
:10E02000534821F0FFFE4E481EF00EFC2DA80024A0
:10E030001EF0E0FA32982C941DF0D2FC33981DF0BB
:10E04000CFFC4C4B4FF0010B22462146204683F873
:10E0500000B0E3F7F1FC224621465846E3F7ECFC1A
:10E06000224621460220E3F7E7FC22462146032010
:10E07000E3F7E2FC224621460420E3F7DDFC092019
:10E08000F8F7F4FCD5F80001A0F10A031D2B3FF6C8
:10E09000E0AE5946C0B21FF001FB5BE60021032051
:10E0A000E3F7CAFC344B35485D68026834495C6864
:10E0B0002A4402600A6822440A604BE62C9A002A2D
:10E0C0003FF472AC2AA8E2F7EDFE2C9A002A3FF446
:10E0D0006BAC01201FF084FB2C9B002BF9D163E477
:10E0E0009FED288AFFF77EBA274B93ED008A8AE5D9
:10E0F00026490C68002C3FF46FAF02210120A04795
:10E100002C9A69E7224B93ED008AFFF76BBA37230D
:10E1100000269FED16AA0CEE903A08EE906A09EEE2
:10E12000106A0DEE103A9A4699464FF029082825B4
:10E13000FFF7B3BA372300270BEE903ADFED0BAAB7
:10E1400001930CEE103A08EE107A0BEE107A009361
:10E150004FF0290B2824FFF753BA00BFB8EC040096
:10E160006008FF1FD0EC040000879303000000004C
:10E1700020ED0400B018FF1F5017FF1F8016FF1F6F
:10E180002C16FF1F000000000817FF1FA81EFF1F0E
:10E190001017FF1F2DE9F04F2DED068B0346D9B068
:10E1A0003221D048D04DDFF8A8B308EE903AB0EE57
:10E1B000609AB0EE408A21F035FECC481EF044FB58
:10E1C0000E21CB4821F02EFE18EE100A23F000F9A4
:10E1D00041EC100B0221C5481EF05AFBC3481EF04B
:10E1E00033FB0C21C34821F01DFE19EE100A23F069
:10E1F000EFF841EC100B0221BC481EF049FBBB4874
:10E200001EF022FB0D21BC4821F00CFE28EE098AED
:10E21000002418EE100A23F0DBF841EC100B022169
:10E22000B2489FEDB69A1EF033FBB0481EF00CFBCF
:10E230001721B34821F0F6FDAC481EF005FB012282
:10E2400011462046E3F7F8FBAE4BAF4A1C60AF4BDC
:10E250002B9203261E60AE4B8DF8D04002271F6024
:10E26000AC4B2A9380230DF128088DF8B830092093
:10E2700042F29F4341F2883CCDE930033146052309
:10E280003A460DF1A8094046CDE946C3CDE92C44F4
:10E29000CDE94444419442948DF80C41CDF8BC90B2
:10E2A0001DF0F6F9D5ED117A95ED0C7A9A4BCBF875
:10E2B0000060F8EE677AB8EE477A67EE897A102147
:10E2C00067EE877A1960FDEEE77A944B17221AA859
:10E2D0001A6017EE906A1DF0DBF9F8EEE88A904BB1
:10E2E00028EE888A5C60B0EE480AC8F8044022F044
:10E2F000ADF88C4BFDEEC07A17EE904AB8EEE70A07
:10E30000D3ED007A884B20EE270AD3ED1C7A67EE16
:10E31000897A20EE270A22F099F8D5ED147A76480A
:10E32000F8EE678AD5ED0F7A68EE898AF8EE677A9B
:10E330000D2168EEA78ABDEEC0AA21F073FD18EE8C
:10E34000100A23F045F841EC100B394667481EF0DF
:10E350009FFA66481EF078FA1421744821F062FD95
:10E36000214662481EF068FA60481EF06DFAB5EE6C
:10E37000C08AF1EE10FAFDEEE88A0CD51AEE103ADA
:10E380005B420AEE103A18EE903A5B4208EE903A81
:10E39000B1EE488A7642A96D40461DF0ADF931468E
:10E3A00040461DF0B5F9214640461DF0EDF9222109
:10E3B0005F4821F037FD4D481EF046FA0D214E48CA
:10E3C00021F030FD18EE100A23F002F841EC100B9A
:10E3D00041EC190B022145481EF05AFA43481EF041
:10E3E00033FA1421514821F01DFD21463F481EF00B
:10E3F00023FA3E481EF028FA14214E4821F012FD5F
:10E40000D8F8041039481EF017FA38481EF01CFAE4
:10E410001521494821F006FD484B344819681EF083
:10E420000BFA32481EF010FA1421454821F0FAFC8C
:10E43000444B2E4819681EF0FFF92C481EF004FAD0
:10E4400022213B4821F0EEFC28481EF0FDF9364B16
:10E450003D4A5B6F0226012B166000F043810D21BF
:10E460002548DFF8F0A021F0DDFCB0EE490AF0EE1F
:10E47000690A31461D481EF00BFA1C481EF0E4F9EB
:10E4800014212A4821F0CEFC214618481EF0D4F968
:10E4900016481EF0D9F9449B58A803F10B0200EB73
:10E4A0008303002143F88C8C00EB8203449143F8F2
:10E4B000B41CB7EE000A01214846FDF719F9DAF855
:10E4C000002005920599DAF800300493049B5B1A4A
:10E4D000B3F5FA7FF7D32C9A002A00F0AA811B4EDD
:10E4E0003AE000BFC0EE04007C10FF1F6008FF1F71
:10E4F00040EC040050EC040060EC04000AD7233C1C
:10E5000070EC0400C807FF1F700F0500A407FF1F71
:10E51000A007FF1FB40F0500B407FF1FB007FF1FC0
:10E520005017FF1FB418FF1F6C11FF1FF4EE0400FB
:10E530000CEF040030EF040048EF04008816FF1FC2
:10E5400060EF04003416FF1F1810FF1F5416FF1F42
:10E55000D007FF1F5C1FFF1FB74DB84CB84F4FF0DF
:10E56000000B1368B5FBF3F3F92B336040F2A08086
:10E57000D4F8F800A0F10A031D2B07D8C0B21FF091
:10E58000C3F8D4F8FC30984240F009811FF0E6FC53
:10E59000002869DD3B68012B6BD0032B00F08580E0
:10E5A000002B7FD0A74B00221A70DAF800300993B5
:10E5B000099ADAF800300893089B9B1A042BF8D9C3
:10E5C0002C9A002ACDD1A04CD8F8042023689F4D66
:10E5D0009F4813442360D8F804202B682221134459
:10E5E0002B6021F01FFC9B481EF02EF914219A4845
:10E5F00021F018FCD8F8041096481EF01DF9954833
:10E600001EF022F91521954821F00CFC2168914853
:10E610001EF012F98F481EF017F91421904821F0CE
:10E6200001FC29688B481EF007F98A481EF00CF996
:10E630001B218C4821F0F6FB86481EF005F98A4B19
:10E640005A6F012A00F0E580884A0023C8F8043098
:10E650005360874B2A934846F9F77AF8584659B0E1
:10E66000BDEC068BBDE8F08F20F0EEFC3B68012B83
:10E6700093D11FF087FCC3B2724A532B137094D10D
:10E680002C9B002B78D01B68B5FBF3F3F92B336080
:10E6900040F28180002101220846E3F7CDF94FF0D6
:10E6A000010B82E721F050FBE5E720F0E1FCE2E717
:10E6B000DAF8002007920799DAF800300693069BF3
:10E6C0005B1AB3F5FA7FF7D34846E2F7EBFB2C9BD6
:10E6D000002B3FF478AF01201FF082F82C9B002B19
:10E6E000F9D170E7614BDFF8A0A100215960DAF899
:10E6F00000100391032003991060CBF80000DAF8B2
:10E7000000300293029B5B1A042BF8D91AEE101A00
:10E7100056481DF039F818EE901A54481CF0F8FFCE
:10E72000696E52481CF0E8FF012211460320E3F70E
:10E7300083F9DAF8002001920199DAF800300093A9
:10E74000009B5B1A042BF8D9449A58AB02F10C01D8
:10E7500003EB820403EB81010020444B449044F816
:10E760008C8C44F8883CB7EE000A41F8B40C0221C6
:10E770004846FCF7BDFFA2E63E4A1268002A82D056
:10E780000221012090472C9B1B68B5FBF3F3F92B6A
:10E7900033603FF67FAF4846E2F784FB7AE71F21FC
:10E7A000354821F03FFB2B481EF04EF82DA80025E0
:10E7B0001DF020FF32982C951DF012F933981DF0B2
:10E7C0000FF92E4B4FF0010B2A462946284683F8B5
:10E7D00000B0E3F731F92A4629465846E3F72CF909
:10E7E0002A4629460220E3F727F92A46294603202C
:10E7F000E3F722F90820F8F739F9D4F80001A0F17D
:10E800000A031D2B3FF625AF5946C0B21EF046FF46
:10E810001FE700210320E3F70FF9144C1849606843
:10E820000B68184A03440B60136861680B4413605B
:10E830000AE79346C7E600BF00879303A813FF1FAC
:10E840009807FF1FF016FF1F8816FF1F3416FF1FC3
:10E8500078EF04006008FF1F30EF040048EF040069
:10E8600060EF04009CEF04006C11FF1F5017FF1FA6
:10E87000B40F0500A81EFF1F20ED0400B018FF1FF5
:10E880008016FF1F2C16FF1F5C1FFF1F2DE9F04F86
:10E89000CD4CCE4923688BB0049300230B70CC4938
:10E8A000049A0B7023680393039B9B1A092BF9D9D5
:10E8B000C849DFF83C9307A81EF0C6F907A8E1F79E
:10E8C00063FE07A81EF018FAC34B07A819681EF0CC
:10E8D000BBF907A8E1F758FE07A81EF00DFAD9F812
:10E8E0001430012B14BF08200420E4F7EDFAD9F806
:10E8F0001030002B00F0C381DFF8F8A24FF00108C0
:10E90000B34B1B78002B40F02683B04B1B78002BB9
:10E9100040F02183514607A81EF096F907A8E1F7B9
:10E9200033FE07A81EF0E8F9AC4B1B68012B00F082
:10E930000E83032B00F00783002B00F0008307EE0B
:10E94000908AB8EE670AE1F7D7FDA54B07A81968CA
:10E950001EF07AF907A8E1F717FE07A81EF0CCF918
:10E96000D9F814B0BBF1000F00F08E81BBF1010F9C
:10E9700040F070819B4F9C4DD7ED007A2868B8EE2F
:10E98000E70AF0EE080AFFF705FC0646E4F74AFA44
:10E99000002840F07481002E40F07181934E286869
:10E9A000D6ED007AF0EE000AB8EEE70A404259468A
:10E9B000FDF708F80190E4F735FA002840F05F8190
:10E9C000019B002B40F05B812868D7ED007AF7EEC1
:10E9D000000AB8EEE70A4042FFF7DCFB0190E4F7DB
:10E9E00021FA002840F04B81019B002B40F0478129
:10E9F000D6ED007A28685946B8EEE70AF7EE000A25
:10EA0000FCF7E0FF8346E4F70DFA002840F0378179
:10EA1000BBF1000F40F033812868D7ED007AF7EEA4
:10EA2000000AB8EEE70A4042FFF7B4FB8346E4F77A
:10EA3000F9F9002840F02381BBF1000F40F01F815D
:10EA40002868D6ED007AF0EE000AB8EEE70A4042F8
:10EA50000121FCF7B7FF8346E4F7E4F9002840F012
:10EA60000E81BBF1000F40F00A81D7ED007A2868D3
:10EA7000B8EEE70AF0EE080AFFF78CFB8346E4F7EE
:10EA8000D1F9002840F0FB80BBF1000F40F0F78087
:10EA9000D6ED007A2868B8EEE70AF1EE000A012107
:10EAA000FCF790FF8346E4F7BDF9002840F0E780CB
:10EAB000BBF1000F40F0E3802868D6ED007AF2EE5B
:10EAC000000AB8EEE70A40420121FCF77BFF8346CB
:10EAD000E4F7A8F9002840F0D280BBF1000F40F025
:10EAE000CE802868D7ED007AF0EE080AB8EEE70A83
:10EAF0004042FFF74FFB8346E4F794F9002840F0CB
:10EB0000BE80BBF1000F40F0BA80D6ED007A2868D5
:10EB1000B8EEE70AF0EE000A0121FCF753FF834646
:10EB2000E4F780F9002840F0AA80BBF1000F40F024
:10EB3000A680D7ED007A2868B8EEE70AF7EE000A5B
:10EB4000FFF728FB8346E4F76DF9002840F0978033
:10EB5000BBF1000F40F093802868D6ED007AF7EE05
:10EB6000000AB8EEE70A40420121FCF72BFF83467A
:10EB7000E4F758F9002840F08280BBF1000F7ED105
:10EB8000D7ED007A2868B8EEE70AF7EE000AFFF73B
:10EB900001FB8346E4F746F9002870D1BBF1000F72
:10EBA0006DD1D6ED007A2868B8EEE70AF0EE000ADB
:10EBB0000121FCF707FF8346E4F734F900285ED112
:10EBC000BBF1000F5BD117E05C1FFF1F0417FF1F95
:10EBD0006816FF1F2CB204008007FF1F9807FF1F55
:10EBE0008407FF1F3C17FF1F9407FF1F0410FF1F20
:10EBF0007C10FF1FF4EF040097ED000A2868B8EEC0
:10EC0000C00AF0EE080A4042FFF7C4FA0746E4F7EC
:10EC100009F9A0BB9FBBD6ED007A2868B8EEE70AD9
:10EC2000F1EE000A0121FCF7CDFE0746E4F7FAF801
:10EC300028BB27BB286896ED000AF2EE000AB8EE62
:10EC4000C00A40420121FCF7BDFE0546E4F7EAF8A0
:10EC5000A8B9A5B923680693069A23680593059B6E
:10EC60009B1A632BF9D94146D9F81000E2F772FEDE
:10EC7000D9F8103008F101084345BFF441AE0BB09C
:10EC8000BDE8F04FE4F732BAB84EB94DD6ED007A90
:10EC90002868B8EEE70AF0EE080A0121FCF792FEB8
:10ECA0000746E4F7BFF80028E9D1002FE7D1B14FBC
:10ECB0002868D7ED007AF0EE000AB8EEE70A404285
:10ECC000FFF768FA8346E4F7ADF80028D7D1BBF127
:10ECD000000FD4D12868D6ED007AF7EE000AB8EE1E
:10ECE000E70A40420121FCF76DFE8346E4F79AF8FB
:10ECF0000028C4D1BBF1000FC1D1D7ED007A28683C
:10ED0000B8EEE70AF7EE000AFFF744FA8346E4F7A5
:10ED100089F80028B3D1BBF1000FB0D12868D6ED37
:10ED2000007AF7EE000AB8EEE70A40420121FCF74C
:10ED300049FE8346E4F776F80028A0D1BBF1000F26
:10ED40009DD12868D7ED007AF0EE000AB8EEE70A08
:10ED50004042FFF71FFA8346E4F764F800288ED19B
:10ED6000BBF1000F8BD1D6ED007A2868B8EEE70A28
:10ED7000F0EE080A0121FCF725FE8346E4F752F87D
:10ED800000287FF47CAFBBF1000F7FF478AFD7EDA4
:10ED9000007A2868B8EEE70AF1EE000AFFF7FAF900
:10EDA0008346E4F73FF800287FF469AFBBF1000F1A
:10EDB0007FF465AF2868D7ED007AF2EE000AB8EE6E
:10EDC000E70A4042FFF7E6F98346E4F72BF800280C
:10EDD0007FF455AFBBF1000F7FF451AF2868D6ED3B
:10EDE000007AF0EE080AB8EEE70A40420121FCF78B
:10EDF000E9FD8346E4F716F800287FF440AFBBF145
:10EE0000000F7FF43CAFD7ED007A2868B8EEE70A30
:10EE1000F0EE000AFFF7BEF98346E4F703F8002896
:10EE20007FF42DAFBBF1000F7FF429AFD6ED007A50
:10EE30002868B8EEE70AF7EE000A0121FCF7C2FDE8
:10EE40008346E3F7EFFF00287FF419AFBBF1000F13
:10EE50007FF415AF2868D7ED007AF7EE000AB8EE18
:10EE6000E70A4042FFF796F98346E3F7DBFF002805
:10EE70007FF405AFBBF1000F7FF401AFD6ED007A50
:10EE80002868B8EEE70AF7EE000A0121FCF79AFDC0
:10EE90008346E3F7C7FF00287FF4F1AEBBF1000F14
:10EEA0007FF4EDAED7ED007A2868B8EEE70AF0EE11
:10EEB000000AFFF76FF98346E3F7B4FF00287FF4F9
:10EEC000DEAEBBF1000F7FF4DAAE96ED000A2868E3
:10EED000B8EEC00AF0EE080A40420121FCF772FDCC
:10EEE0000646E3F79FFF00287FF4C9AE002E7FF4AB
:10EEF000C6AED7ED007A2868B8EEE70AF1EE000A50
:10EF0000FFF748F90646E3F78DFF00287FF4B7AE18
:10EF1000002E7FF4B4AE286897ED000AF2EE000AE6
:10EF2000B8EEC00A4042FFF735F90546E3F77AFF2D
:10EF300000287FF4A4AE002D3FF48CAE9FE6222083
:10EF400020F0F6FFFBE4222020F03CF8F7E422203A
:10EF50001EF04EFFF3E43B21074820F063FF074813
:10EF60000BB0BDE8F04F1DF06FBC00BF0410FF1FD9
:10EF70009407FF1F3C17FF1FB8EF04006008FF1F36
:10EF80002DE9F04FD04DD1492B688BB0049300236D
:10EF90000B70CF49049A0B702B680393039B9B1A49
:10EFA000092BF9D9CB49DFF8488307A81DF04CFE9F
:10EFB00007A8E1F7E9FA07A81DF09EFEC64B07A8CF
:10EFC00019681DF041FE07A8E1F7DEFA07A81DF059
:10EFD00093FED8F81430012B14BF0D200420E3F762
:10EFE00073FFD8F81030002B00F0C682DFF804A3BE
:10EFF0004FF00109B64B1B78002B40F03885B34B1E
:10F000001B78002B40F03385514607A81DF01CFEED
:10F0100007A8E1F7B9FA07A81DF06EFEAF4B1B6811
:10F02000012B00F01F85032B00F01785002B00F04B
:10F030000F8507EE909AB8EE670AE1F75DFAA84BE4
:10F0400007A819681DF000FE07A8E1F79DFA07A8B8
:10F050001DF052FED8F814B0BBF1000F00F0918201
:10F06000BBF1010F40F073829E4C9F4E2068D6ED9D
:10F07000007AF7EE000AB8EEE70A40425946FCF77C
:10F08000A1FC0746E3F7CEFE002840F07582002F72
:10F0900040F07282954F2068D7ED007AF0EE080AB2
:10F0A000B8EEE70AFFF776F80190E3F7BBFE002819
:10F0B00040F06282019B002B40F05E822068D6ED1A
:10F0C000007A5946B8EEE70AF0EE000A4042FCF733
:10F0D00079FC8346E3F7A6FE002840F04D82BBF1A1
:10F0E000000F40F049822068D7ED007AF7EE000A61
:10F0F000B8EEE70A4042FFF74DF88346E3F792FE89
:10F10000002840F03982BBF1000F40F03582D6ED87
:10F11000007A2068B8EEE70AF7EE000A0121FCF752
:10F1200051FC8346E3F77EFE002840F02582BBF1C8
:10F13000000F40F021822068D7ED007AF7EE000A38
:10F14000B8EEE70A4042FFF725F88346E3F76AFE88
:10F15000002840F01182BBF1000F40F00D822068C2
:10F16000D6ED007AF0EE080AB8EEE70A4042012137
:10F17000FCF728FC8346E3F755FE002840F0FC81AD
:10F18000BBF1000F40F0F881D7ED007A2068B8EEAF
:10F19000E70AF7EE000AFEF7FDFF8346E3F742FEBB
:10F1A000002840F0E981BBF1000F40F0E581D6ED89
:10F1B000007A2068B8EEE70AF7EE000A0121FCF7B2
:10F1C00001FC8346E3F72EFE002840F0D581BBF119
:10F1D000000F40F0D181D7ED007A2068B8EEE70A41
:10F1E000F7EE000AFEF7D6FF8346E3F71BFE002882
:10F1F00040F0C281BBF1000F40F0BE812068D6ED27
:10F20000007AF0EE000AB8EEE70A40420121FCF76E
:10F21000D9FB8346E3F706FE002840F0AD81BBF141
:10F22000000F40F0A9812068D7ED007AF0EE080ABF
:10F23000B8EEE70A4042FEF7ADFF8346E3F7F2FD82
:10F24000002840F09981BBF1000F40F09581D6ED88
:10F25000007A2068B8EEE70AF1EE080A0121FCF70F
:10F26000B1FB8346E3F7DEFD002840F08581BBF16A
:10F27000000F40F08181D7ED007A2068B8EEE70AF0
:10F28000F1EE000AFEF786FF8346E3F7CBFD002888
:10F2900040F07281BBF1000F40F06E812068D6ED26
:10F2A000007AF1EE0C0AB8EEE70A40420121FCF7C1
:10F2B00089FB8346E3F7B6FD002840F05D81BBF192
:10F2C000000F40F0598117E05C1FFF1F0417FF1F5C
:10F2D0006816FF1F2CB204008007FF1F9807FF1F4E
:10F2E0008407FF1F9407FF1F0410FF1F3C17FF1F19
:10F2F0007C10FF1FF4EF04002068D7ED007AF0EED9
:10F30000080AB8EEE70A4042FEF744FF8346E3F7F7
:10F3100089FD002840F03081BBF1000F40F02C81C6
:10F320002068D6ED007AF0EE000AB8EEE70A404217
:10F330000121FCF747FB8346E3F774FD002840F00A
:10F340001B81BBF1000F40F01781D7ED007A2068D8
:10F35000B8EEE70AF7EE000AFEF71CFF8346E3F774
:10F3600061FD002840F00881BBF1000F40F00481EE
:10F37000D6ED007A2068B8EEE70AF7EE000A012120
:10F38000FCF720FB8346E3F74DFD002840F0F480B6
:10F39000BBF1000F40F0F080D7ED007A2068B8EEA6
:10F3A000E70AF7EE000AFEF7F5FE8346E3F73AFDBB
:10F3B000002840F0E180BBF1000F40F0DD802068C4
:10F3C000D6ED007AF0EE080AB8EEE70A40420121D5
:10F3D000FCF7F8FA8346E3F725FD002840F0CC80DF
:10F3E000BBF1000F40F0C8802068D7ED007AF7EE3F
:10F3F000000AB8EEE70A4042FEF7CCFE8346E3F788
:10F4000011FD002840F0B880BBF1000F40F0B4803F
:10F41000D6ED007A2068B8EEE70AF7EE000A01217F
:10F42000FCF7D0FA8346E3F7FDFC002840F0A48007
:10F43000BBF1000F40F0A0802068D7ED007AF7EE16
:10F44000000AB8EEE70A4042FEF7A4FE8346E3F75F
:10F45000E9FC002840F09080BBF1000F40F08C8068
:10F460002068D6ED007AF0EE000AB8EEE70A4042D6
:10F470000121FCF7A7FA8346E3F7D4FC00287BD1EF
:10F48000BBF1000F78D1D7ED007A2068B8EEE70A1B
:10F49000F0EE080AFEF77EFE8346E3F7C3FC002881
:10F4A0006AD1BBF1000F67D1D6ED007A2068B8EEC3
:10F4B000E70AF1EE040A0121FCF784FA8346E3F738
:10F4C000B1FC002858D1BBF1000F55D12068D6ED12
:10F4D000007AF1EE080AB8EEE70A40420121FCF793
:10F4E00071FA8346E3F79EFC002845D1BBF1000F7B
:10F4F00042D197ED000A2068B8EEC00AF1EE000A8A
:10F500004042FEF747FE0746E3F78CFCA0BB9FBBDB
:10F51000D6ED007A2068B8EEE70AF1EE0C0A012178
:10F52000FCF750FA0746E3F77DFC28BB27BB2068B1
:10F5300096ED000AF1EE0C0AB8EEC00A4042012135
:10F54000FCF740FA0446E3F76DFCA8B9A4B92B68B0
:10F550000693069A2B680593059B9B1A632BF9D992
:10F560004946D8F81000E2F7F5F9D8F8103009F15B
:10F5700001094B45BFF43EAD0BB0BDE8F04FE3F7DA
:10F58000B5BDDF4CDF4F2068D7ED007AF7EE000AFB
:10F59000B8EEE70A4042FEF7FDFD0646E3F742FCFF
:10F5A0000028E9D1002EE7D1D74E2068D6ED007AA9
:10F5B000F0EE080AB8EEE70A0121FCF703FA8346E9
:10F5C000E3F730FC0028D7D1BBF1000FD4D120687D
:10F5D000D7ED007AF0EE000AB8EEE70A4042FEF7F7
:10F5E000D9FD8346E3F71EFC0028C5D1BBF1000F0F
:10F5F000C2D12068D6ED007AF7EE000AB8EEE70A2D
:10F6000040420121FCF7DEF98346E3F70BFC0028BA
:10F61000B2D1BBF1000FAFD1D7ED007A2068B8EEC0
:10F62000E70AF7EE000AFEF7B5FD8346E3F7FAFBBB
:10F630000028A1D1BBF1000F9ED12068D6ED007A41
:10F64000F7EE000AB8EEE70A40420121FCF7BAF9EA
:10F650008346E3F7E7FB00288ED1BBF1000F8BD187
:10F660002068D7ED007AF0EE080AB8EEE70A4042CB
:10F67000FEF790FD8346E3F7D5FB00287FF47CAFCF
:10F68000BBF1000F7FF478AFD6ED007A2068B8EEBA
:10F69000E70AF7EE000A0121FCF794F98346E3F745
:10F6A000C1FB00287FF468AFBBF1000F7FF464AFAB
:10F6B000D7ED007A2068B8EEE70AF7EE000AFEF709
:10F6C00069FD8346E3F7AEFB00287FF455AFBBF13D
:10F6D000000F7FF451AFD6ED007A2068B8EEE70A4C
:10F6E000F7EE000A0121FCF76DF98346E3F79AFB78
:10F6F00000287FF441AFBBF1000F7FF43DAF2068DD
:10F70000D7ED007AF0EE000AB8EEE70A4042FEF7C5
:10F7100041FD8346E3F786FB00287FF42DAFBBF164
:10F72000000F7FF429AF2068D6ED007AF0EE080ACA
:10F73000B8EEE70A40420121FCF744F98346E3F7BB
:10F7400071FB00287FF418AFBBF1000F7FF414AFFA
:10F75000D7ED007A2068B8EEE70AF1EE080AFEF766
:10F7600019FD8346E3F75EFB00287FF405AFBBF18C
:10F77000000F7FF401AFD6ED007A2068B8EEE70AFB
:10F78000F1EE000A0121FCF71DF98346E3F74AFB7D
:10F7900000287FF4F1AEBBF1000F7FF4EDAE2068DE
:10F7A000D7ED007AF1EE0C0AB8EEE70A4042FEF718
:10F7B000F1FC8346E3F736FB00287FF4DDAEBBF1B6
:10F7C000000F7FF4D9AE2068D6ED007AF0EE080A7B
:10F7D000B8EEE70A40420121FCF7F4F88346E3F76C
:10F7E00021FB00287FF4C8AEBBF1000F7FF4C4AE4C
:10F7F0002068D7ED007AF0EE000AB8EEE70A404242
:10F80000FEF7C8FC8346E3F70DFB00287FF4B4AE97
:10F81000BBF1000F7FF4B0AED6ED007A2068B8EEF1
:10F82000E70AF7EE000A0121FCF7CCF88346E3F77C
:10F83000F9FA00287FF4A0AEBBF1000F7FF49CAE74
:10F84000D7ED007A2068B8EEE70AF7EE000AFEF777
:10F85000A1FC8346E3F7E6FA00287FF48DAEBBF106
:10F86000000F7FF489AED6ED007A2068B8EEE70A83
:10F87000F7EE000A0121FCF7A5F88346E3F7D2FA78
:10F8800000287FF479AEBBF1000F7FF475AE2068DD
:10F89000D7ED007AF0EE080AB8EEE70A4042FEF72C
:10F8A00079FC8346E3F7BEFA00287FF465AEBBF12E
:10F8B000000F7FF461AE2068D6ED007AF7EE000A03
:10F8C000B8EEE70A40420121FCF77CF88346E3F7F3
:10F8D000A9FA00287FF450AEBBF1000F7FF44CAEC4
:10F8E000D7ED007A2068B8EEE70AF7EE000AFEF7D7
:10F8F00051FC8346E3F796FA00287FF43DAE05E01D
:10F900009407FF1F3C17FF1F0410FF1FBBF1000FE0
:10F910007FF432AE2068D6ED007AF7EE000AB8EE3A
:10F92000E70A40420121FCF74DF88346E3F77AFAF3
:10F9300000287FF421AEBBF1000F7FF41DAE2068DC
:10F94000D7ED007AF0EE000AB8EEE70A4042FEF783
:10F9500021FC8346E3F766FA00287FF40DAEBBF185
:10F96000000F7FF409AED6ED007A2068B8EEE70A02
:10F97000F0EE080A0121FCF725F88346E3F752FA76
:10F9800000287FF4F9ADBBF1000F7FF4F5ADD7EDA2
:10F99000007A2068B8EEE70AF1EE040AFEF7FAFBF7
:10F9A0008346E3F73FFA00287FF4E6ADBBF1000F92
:10F9B0007FF4E2AD2068D7ED007AF1EE080AB8EEE8
:10F9C000E70A4042FEF7E6FB8346E3F72BFA0028FE
:10F9D0007FF4D2ADBBF1000F7FF4CEAD96ED000AFF
:10F9E0002068B8EEC00AF1EE000A40420121FBF7A0
:10F9F000E9FF0646E3F716FA00287FF4BDAD002EB6
:10FA00007FF4BAADD7ED007A2068B8EEE70AF1EEE0
:10FA10000C0AFEF7BFFB0646E3F704FA00287FF462
:10FA2000ABAD002E7FF4A8AD206897ED000AF1EE93
:10FA30000C0AB8EEC00A4042FEF7ACFB0446E3F7FE
:10FA4000F1F900287FF498AD002C3FF480AD93E5E8
:10FA5000222020F06DFAFFF7ECBA22201FF0B2FA54
:10FA6000FFF7E7BA22201EF0C3F9FFF7E2BA3B2105
:10FA7000044820F0D7F904480BB0BDE8F04F1CF063
:10FA8000E3BE00BF00F004006008FF1F2DE9F04F47
:10FA90008B4C8C4923688BB0049300230B708A49EC
:10FAA000049A0B7023680393039B9B1A092BF9D9C3
:10FAB0008649874F07A81DF0C7F807A8E0F764FD3F
:10FAC00007A81DF019F9834B07A819681DF0BCF8A9
:10FAD00007A8E0F759FD07A81DF00EF97B69012B77
:10FAE00014BF04200320E3F7EFF93B69002B00F07B
:10FAF000E280DFF8F0B10126734B1B78002B40F059
:10FB00009B81704B1B78002B40F09681594607A8CB
:10FB10001DF09AF807A8E0F737FD07A81DF0ECF8EC
:10FB20006D4B1B68012B00F07B81032B00F0808163
:10FB3000002B00F0798107EE906AB8EE670AE0F7D3
:10FB4000DBFC664B07A819681DF07EF807A8E0F7F4
:10FB50001BFD07A81DF0D0F8D7F814A0BAF1000FCC
:10FB600000F0C680BAF1010F40F09380DFF8789181
:10FB70005B4DD9ED007A2868B8EEE70AF0EE080A86
:10FB8000FEF708FB8046E3F74DF9002840F093802C
:10FB9000B8F1000F40F08F80DFF850812868D8ED71
:10FBA000007AF0EE080AB8EEE70A40425146FBF749
:10FBB00009FF0190E3F736F900287CD1019B002B67
:10FBC00079D12868D9ED007AF0EE000AB8EEE70A9C
:10FBD0004042FEF7DFFA0190E3F724F900286AD1EA
:10FBE000019B002B67D1D8ED007A28685146B8EE0A
:10FBF000E70AF7EE000AFBF7E5FE8246E3F712F9A3
:10FC0000002858D1BAF1000F55D1D9ED007A2868F3
:10FC1000B8EEE70AF7EE000AFEF7BCFA8246E3F711
:10FC200001F9002847D1BAF1000F44D1D8ED007A8C
:10FC30002868B8EEE70AF7EE000A0121FBF7C2FEDA
:10FC40008246E3F7EFF8002835D1BAF1000F32D140
:10FC500099ED000A2868B8EEC00AF0EE000A4042AA
:10FC6000FEF798FA8146E3F7DDF820BBB9F1000F03
:10FC700021D1286898ED000AF0EE080AB8EEC00A13
:10FC800040420121FBF79EFE0546E3F7CBF890B911
:10FC90008DB923680693069A23680593059B9B1AE2
:10FCA000632BF9D931463869E1F754FE3B690136D7
:10FCB000B342BFF421AF0BB0BDE8F04FE3F716BA83
:10FCC0005C1FFF1F0417FF1F6816FF1F2CB20400E4
:10FCD0007C10FF1F8007FF1F9807FF1F8407FF1F6F
:10FCE0009407FF1FF4EF04003C17FF1F0410FF1FD1
:10FCF000DFF86481554DD8ED007A2868B8EEE70A40
:10FD0000F0EE080A0121FBF75DFE8146E3F78AF871
:10FD10000028D0D1B9F1000FCDD1DFF8409128688B
:10FD2000D9ED007AF0EE080AB8EEE70A4042FEF795
:10FD300031FA8246E3F776F80028BCD1BAF1000F19
:10FD4000B9D12868D8ED007AF0EE000AB8EEE70ADB
:10FD500040420121FBF736FE8246E3F763F80028B4
:10FD6000A9D1BAF1000FA6D1D9ED007A2868B8EE72
:10FD7000E70AF7EE000AFEF70DFA8246E3F752F8BB
:10FD8000002898D1BAF1000F95D1D8ED007A2868F3
:10FD9000B8EEE70AF7EE000A0121FBF713FE8246F0
:10FDA000E3F740F8002886D1BAF1000F83D1D9EDEE
:10FDB000007A2868B8EEE70AF7EE000AFEF7EAF9DB
:10FDC0008246E3F72FF800287FF475AFBAF1000FF1
:10FDD0007FF471AF98ED000A2868B8EEC00AF0EE23
:10FDE000000A40420121FBF7EDFD8046E3F71AF8D7
:10FDF00000287FF460AFB8F1000F7FF45CAF286893
:10FE000099ED000AF0EE080AB8EEC00A4042FEF78B
:10FE1000C1F90546E3F706F800283FF439AF4AE791
:10FE200022201DF0E5FF86E6222020F081F882E600
:10FE300022201FF0C7F87EE63B2105481FF0F2FFA5
:10FE400004480BB0BDE8F04F1CF0FEBC9407FF1F48
:10FE50003CF004006008FF1F0410FF1F3C17FF1F49
:10FE60002DE9F04FCB4CCC4923688BB00493002391
:10FE70000B70CA49049A0B7023680393039B9B1A67
:10FE8000092BF9D9C649DFF8349307A81CF0DCFE2A
:10FE900007A8E0F779FB07A81CF02EFFC14B07A8C5
:10FEA00019681CF0D1FE07A8E0F76EFB07A81CF04C
:10FEB00023FFD9F81430012B14BF08200320E3F7E7
:10FEC00003F8D9F81030002B00F0A181DFF8F0A280
:10FED0004FF00108B14B1B78002B40F0DE82AE4B97
:10FEE0001B78002B40F0D982514607A81CF0ACFECD
:10FEF00007A8E0F749FB07A81CF0FEFEAA4B1B6809
:10FF0000012B00F0C682032B00F0BF82002B00F013
:10FF1000B88207EE908AB8EE670AE0F7EDFAA34BD5
:10FF200007A819681CF090FE07A8E0F72DFB07A8AA
:10FF30001CF0E2FED9F814B0BBF1000F00F06C81A8
:10FF4000BBF1010F40F04E81994F9A4DD7ED007AE9
:10FF50002868B8EEE70AF0EE080AFEF71BF9064635
:10FF6000E2F760FF002840F05281002E40F04F8100
:10FF7000914E2868D6ED007AF0EE080AB8EEE70A4E
:10FF800040425946FBF71EFD0190E2F74BFF002867
:10FF900040F03D81019B002B40F039812868D7ED6E
:10FFA000007AF0EE000AB8EEE70A4042FEF7F2F8F7
:10FFB0000190E2F737FF002840F02981019B002BD8
:10FFC00040F02581D6ED007A28685946B8EEE70A58
:10FFD000F7EE000AFBF7F6FC8346E2F723FF002862
:10FFE00040F01581BBF1000F40F01181D7ED007A90
:10FFF0002868B8EEE70AF7EE000AFEF7CBF883466A
:020000022000DC
:10000000E2F710FF002840F00281BBF1000F40F042
:10001000FE80D6ED007A2868B8EEE70AF7EE000A0F
:100020000121FBF7CFFC8346E2F7FCFE002840F0FD
:10003000EE80BBF1000F40F0EA802868D7ED007A2F
:10004000F0EE000AB8EEE70A4042FEF7A3F8834656
:10005000E2F7E8FE002840F0DA80BBF1000F40F044
:10006000D6802868D6ED007AF1EE040AB8EEE70AE9
:1000700040420121FBF7A6FC8346E2F7D3FE0028AD
:1000800040F0C580BBF1000F40F0C180D7ED007A91
:100090002868B8EEE70AF0EE000AFEF77BF8834620
:1000A000E2F7C0FE002840F0B280BBF1000F40F044
:1000B000AE80D6ED007A2868B8EEE70AF7EE000ABF
:1000C0000121FBF77FFC8346E2F7ACFE002840F0FD
:1000D0009E80BBF1000F40F09A802868D7ED007A2F
:1000E000F7EE000AB8EEE70A4042FEF753F88346FF
:1000F000E2F798FE002840F08A80BBF1000F40F044
:100100008680D6ED007A2868B8EEE70AF7EE000A96
:100110000121FBF757FC8346E2F784FE002876D1E5
:10012000BBF1000F73D1D7ED007A2868B8EEE70A6B
:10013000F0EE000AFEF72EF88346E2F773FE002881
:1001400065D1BBF1000F62D12868D6ED007AF0EEE0
:10015000080AB8EEE70A40420121FBF733FC834668
:10016000E2F760FE002852D1BBF1000F4FD197EDAE
:10017000000A2868B8EEC00AF0EE080A4042FEF70E
:1001800009F80746E2F74EFE002840D1002F3ED185
:1001900018E000BF5C1FFF1F0417FF1F6816FF1F3A
:1001A0002CB204008007FF1F9807FF1F8407FF1F62
:1001B0003C17FF1F9407FF1F0410FF1F7C10FF1F39
:1001C000F4EF0400286896ED000AF7EE000AB8EE96
:1001D000C00A40420121FBF7F5FB0546E2F722FE8B
:1001E000A8B9A5B923680693069A23680593059BC9
:1001F0009B1A632BF9D94146D9F81000E1F7AAFB05
:10020000D9F8103008F101084345BFF463AE0BB0D4
:10021000BDE8F04FE2F76ABFA54EA64DD6ED007AD5
:100220002868B8EEE70AF0EE080A0121FBF7CAFBDE
:100230000746E2F7F7FD0028E9D1002FE7D19E4FEE
:100240002868D7ED007AF0EE080AB8EEE70A4042D7
:10025000FDF7A0FF8346E2F7E5FD0028D7D1BBF10B
:10026000000FD4D12868D6ED007AF0EE000AB8EE7F
:10027000E70A40420121FBF7A5FB8346E2F7D2FDE6
:100280000028C4D1BBF1000FC1D1D7ED007A286896
:10029000B8EEE70AF7EE000AFDF77CFF8346E2F7C7
:1002A000C1FD0028B3D1BBF1000FB0D1D6ED007A6B
:1002B0002868B8EEE70AF7EE000A0121FBF782FB97
:1002C0008346E2F7AFFD0028A1D1BBF1000F9ED11C
:1002D000D7ED007A2868B8EEE70AF7EE000AFDF7D6
:1002E00059FF8346E2F79EFD002890D1BBF1000F35
:1002F0008DD12868D6ED007AF0EE000AB8EEE70A54
:1003000040420121FBF75EFB8346E2F78BFD0028AC
:100310007FF47DAFBBF1000F7FF479AF2868D7ED94
:10032000007AF1EE040AB8EEE70A4042FDF732FF28
:100330008346E2F777FD00287FF469AFBBF1000F39
:100340007FF465AFD6ED007A2868B8EEE70AF0EEE4
:10035000000A0121FBF736FB8346E2F763FD002824
:100360007FF455AFBBF1000F7FF451AFD7ED007AAA
:100370002868B8EEE70AF7EE000AFDF70BFF8346A0
:10038000E2F750FD00287FF442AFBBF1000F7FF48D
:100390003EAF2868D6ED007AF7EE000AB8EEE70A1D
:1003A00040420121FBF70EFB8346E2F73BFD0028AC
:1003B0007FF42DAFBBF1000F7FF429AFD7ED007AAA
:1003C0002868B8EEE70AF7EE000AFDF7E3FE834679
:1003D000E2F728FD00287FF41AAFBBF1000F7FF48D
:1003E00016AFD6ED007A2868B8EEE70AF0EE000AFC
:1003F0000121FBF7E7FA8346E2F714FD00287FF4BA
:1004000006AFBBF1000F7FF402AF2868D7ED007A8A
:10041000F0EE080AB8EEE70A4042FDF7BBFE83465D
:10042000E2F700FD00287FF4F2AEBBF1000F7FF48D
:10043000EEAE96ED000A2868B8EEC00AF0EE080AA3
:1004400040420121FBF7BEFA0646E2F7EBFC00282A
:100450007FF4DDAE002E7FF4DAAE286897ED000A57
:10046000F7EE000AB8EEC00A4042FDF793FE0546DB
:10047000E2F7D8FC00287FF4CAAE002D3FF4B2AEFC
:10048000C5E622201FF054FD43E522201EF09AFD10
:100490003FE522201DF0ACFC3BE53B2107481FF067
:1004A000C1FC07480BB0BDE8F04F1CF0CDB900BF50
:1004B0000410FF1F9407FF1F3C17FF1F78F0040074
:1004C0006008FF1F2DE9F04FBE4CBF4923688BB079
:1004D000049300230B70BD49049A0B7023680393A7
:1004E000039B9B1A092BF9D9B949BA4F07A81CF0ED
:1004F000ABFB07A8E0F748F807A81CF0FDFBB64BDC
:1005000007A819681CF0A0FB07A8E0F73DF807A8AA
:100510001CF0F2FB7B69012B14BF03200220E2F7E1
:10052000D3FC3B69002B00F0CB80DFF8C4A201258F
:10053000A64B1B78002B40F06181A34B1B78002B4E
:1005400040F05C81514607A81CF07EFB07A8E0F74D
:100550001BF807A81CF0D0FBA04B1B68012B00F078
:100560002581032B00F02A81002B00F0238107EE68
:10057000905AB8EE670ADFF7BFFF994B07A81968D2
:100580001CF062FB07A8DFF7FFFF07A81CF0B4FB15
:100590007B69002B00F09980012B7FD1DFF854821A
:1005A000904ED8ED007A30680193B8EEE70AF0EE8D
:1005B000000AFDF7EFFD8146E2F734FC00287FD109
:1005C000B9F1000F7CD1DFF830B23068DBED007A92
:1005D000019BB8EEE70AF0EE000A40421946FBF72D
:1005E000F1F98146E2F71EFC002869D1B9F1000F4C
:1005F00066D108217C481FF015FC7C481CF024F9CA
:100600003068D8ED007AF7EE000AB8EEE70A40420B
:10061000FDF7C0FD8146E2F705FC002850D1B9F195
:10062000000F4DD1019B3068DBED007A1946B8EE22
:10063000E70AF7EE000A4042FBF7C4F98146E2F709
:10064000F1FB00283CD1B9F1000F39D108216648EF
:100650001FF0E8FB65481CF0F7F898ED000A3068D9
:10066000B8EEC00AF7EE000A4042FDF793FD80465F
:10067000E2F7D8FB20BBB8F1000F21D130689BED29
:10068000000AF0EE000AB8EEC00A40420121FBF772
:1006900099F90646E2F7C6FB90B98EB9236806932E
:1006A000069A23680593059B9B1A632BF9D9294663
:1006B0003869E1F74FF93B690135AB42BFF438AF18
:1006C0000BB0BDE8F04FE2F711BDDFF82C91454EBD
:1006D000D9ED007A3068B8EEE70AF0EE000A0121A1
:1006E000FBF770F98046E2F79DFB0028E8D1B8F1EE
:1006F000000FE5D1DFF8FC803068D8ED007AF0EE2D
:10070000000AB8EEE70A4042FDF744FD8346E2F7EF
:1007100089FB0028D4D1BBF1000FD1D13068D9EDCD
:10072000007AF7EE000AB8EEE70A40420121FBF733
:1007300049F98346E2F776FB0028C1D1BBF1000FEF
:10074000BED1D8ED007A3068B8EEE70AF7EE000ABD
:10075000FDF720FD8346E2F765FB0028B0D1BBF131
:10076000000FADD199ED000A3068B8EEC00AF7EE7F
:10077000000A40420121FBF725F98146E2F752FBCE
:1007800000289DD1B9F1000F9AD1306898ED000A88
:10079000F0EE000AB8EEC00A4042FDF7FBFC064648
:1007A000E2F740FB00283FF478AF89E722201DF0F4
:1007B0001FFBDCE622201FF0BBFBD8E622201EF048
:1007C00001FCD4E65C1FFF1F0417FF1F6816FF1F04
:1007D0002CB204007C10FF1F8007FF1F9807FF1F2B
:1007E0008407FF1F9407FF1FF0F004006008FF1F3D
:1007F000F4EF04003C17FF1F0410FF1F3B210448C7
:100800001FF010FB03480BB0BDE8F04F1CF01CB804
:10081000B4F004006008FF1F2DE9F04FC04CC1493F
:1008200023688BB0049300230B70BF49049A0B70AC
:1008300023680393039B9B1A092BF9D9BB49DFF863
:10084000089307A81CF000FA07A8DFF79DFE07A889
:100850001CF052FAB64B07A819681CF0F5F907A866
:10086000DFF792FE07A81CF047FAD9F81430012BE5
:1008700014BF06200220E2F727FBD9F81030002B26
:1008800000F07B81DFF8C4A24FF00108A64B1B7873
:10089000002B40F08C82A34B1B78002B40F087820A
:1008A000514607A81CF0D0F907A8DFF76DFE07A88E
:1008B0001CF022FA9F4B1B68012B00F06C82032B6B
:1008C00000F07182002B00F06A8207EE908AB8EE89
:1008D000670ADFF711FE984B07A819681CF0B4F9F6
:1008E00007A8DFF751FE07A81CF006FAD9F814B0E4
:1008F000BBF1000F00F04681BBF1010F40F02881F1
:100900008E4E8F4DD6ED007A2868B8EEE70AF7EEE6
:10091000000A5946FBF756F80746E2F783FA002823
:1009200040F02B81002F40F028812868D6ED007A16
:10093000F7EE000AB8EEE70A40425946FBF742F8E4
:100940000746E2F76FFA002840F01781002F40F0C9
:1009500014817C4F2868D7ED007AF0EE000AB8EEDB
:10096000E70A4042FDF716FC0190E2F75BFA002827
:1009700040F00381019B002B40F0FF802868D6EDFA
:10098000007A5946B8EEE70AF0EE000A4042FBF75B
:1009900019F88346E2F746FA002840F0EE80BBF1F2
:1009A000000F40F0EA802868D7ED007AF0EE000AE8
:1009B000B8EEE70A4042FDF7EDFB8346E2F732FA74
:1009C000002840F0DA80BBF1000F40F0D680D6ED71
:1009D000007A2868B8EEE70AF7EE000A0121FAF774
:1009E000F1FF8346E2F71EFA002840F0C680BBF113
:1009F000000F40F0C2802868D7ED007AF7EE000AB9
:100A0000B8EEE70A4042FDF7C5FB8346E2F70AFA73
:100A1000002840F0B280BBF1000F40F0AE802868A3
:100A2000D6ED007AF0EE080AB8EEE70A404201215E
:100A3000FAF7C8FF8346E2F7F5F9002840F09D80F9
:100A4000BBF1000F40F09980D7ED007A2868B8EE2E
:100A5000E70AF7EE000AFDF79DFB8346E2F7E2F9AD
:100A6000002840F08A80BBF1000F40F08680D6ED70
:100A7000007A2868B8EEE70AF7EE000A0121FAF7D3
:100A8000A1FF8346E2F7CEF9002876D1BBF1000F33
:100A900073D1D7ED007A2868B8EEE70AF7EE000ABE
:100AA000FDF778FB8346E2F7BDF9002865D1BBF17D
:100AB000000F62D12868D6ED007AF0EE000AB8EE99
:100AC000E70A40420121FAF77DFF8346E2F7AAF9DF
:100AD000002852D1BBF1000F4FD197ED000A2868D2
:100AE000B8EEC00AF0EE000A4042FDF753FB07469D
:100AF000E2F798F9002840D1002F3ED1286896ED02
:100B0000000AF7EE000AB8EEC00A40420121FAF7E7
:100B100059FF0546E2F786F978BB75BB18E000BFC0
:100B20005C1FFF1F0417FF1F6816FF1F2CB2040075
:100B30008007FF1F9807FF1F8407FF1F0410FF1F78
:100B40009407FF1F3C17FF1F7C10FF1FF4EF0400EA
:100B500023680693069A23680593059B9B1A632BCB
:100B6000F9D94146D9F81000E0F7F4FED9F8103071
:100B700008F101084345BFF489AE0BB0BDE8F04F62
:100B8000E2F7B4BA8F4F904DD7ED007A2868B8EEEF
:100B9000E70AF7EE000AFDF7FDFA0646E2F742F92A
:100BA0000028EAD1002EE8D12868D7ED007AF7EEC8
:100BB000000AB8EEE70A4042FDF7ECFA0646E2F713
:100BC00031F90028D9D1002ED7D1804E2868D6ED32
:100BD000007AF0EE000AB8EEE70A0121FAF7F2FE19
:100BE0008346E2F71FF90028C7D1BBF1000FC4D13B
:100BF0002868D7ED007AF0EE000AB8EEE70A404226
:100C0000FDF7C8FA8346E2F70DF90028B5D1BBF12C
:100C1000000FB2D12868D6ED007AF7EE000AB8EEE0
:100C2000E70A40420121FAF7CDFE8346E2F7FAF8DF
:100C30000028A2D1BBF1000F9FD1D7ED007A286820
:100C4000B8EEE70AF7EE000AFDF7A4FA8346E2F7EA
:100C5000E9F8002891D1BBF1000F8ED12868D6EDBC
:100C6000007AF7EE000AB8EEE70A40420121FAF7EF
:100C7000A9FE8346E2F7D6F800287FF47EAFBBF1E9
:100C8000000F7FF47AAF2868D7ED007AF0EE080AFB
:100C9000B8EEE70A4042FDF77DFA8346E2F7C2F874
:100CA00000287FF46AAFBBF1000F7FF466AFD6ED8A
:100CB000007A2868B8EEE70AF7EE000A0121FAF791
:100CC00081FE8346E2F7AEF800287FF456AFBBF111
:100CD000000F7FF452AFD7ED007A2868B8EEE70A2C
:100CE000F7EE000AFDF756FA8346E2F79BF8002874
:100CF0007FF443AFBBF1000F7FF43FAFD6ED007A36
:100D00002868B8EEE70AF7EE000A0121FAF75AFE62
:100D10008346E2F787F800287FF42FAFBBF1000F7E
:100D20007FF42BAF2868D7ED007AF0EE000AB8EE1A
:100D3000E70A4042FDF72EFA8346E2F773F80028EF
:100D40007FF41BAFBBF1000F7FF417AF96ED000AE5
:100D50002868B8EEC00AF0EE000A40420121FAF716
:100D600031FE0646E2F75EF800287FF406AF002E5B
:100D70007FF403AF286897ED000AF7EE000AB8EE9B
:100D8000C00A4042FDF706FA0546E2F74BF8002894
:100D90003FF4C3AEF1E622201DF02AF895E52220AB
:100DA0001FF0C6F891E522201EF00CF98DE53B21DD
:100DB00007481FF037F807480BB0BDE8F04F1BF0AD
:100DC00043BD00BF3C17FF1F9407FF1F0410FF1F08
:100DD000FCF004006008FF1F2DE9F04F884ED6F8A4
:100DE0000031A3F10A021D2AADF5017D054640F24E
:100DF000C582844C844B226804920021049A1970A5
:100E000023680393039B9B1A092BF9D90DF5A4784A
:100E10007E49DFF820A2013D404601951BF014FFFA
:100E20004046DFF7B1FB40461BF066FF784B40467B
:100E300019681BF009FF4046DFF7A6FB40461BF090
:100E40005BFF0023CDE95433CDE96C338DF870316D
:100E500069936A938DF8AC316E4B53936E4B5293FA
:100E600080238DF85831092042F29F43CDE9580381
:100E7000052241F28833062112A86E936F92CDF8B5
:100E80005C811AF005FC1422152122A81AF000FC3E
:100E90001722102132A81AF0FBFB1322122142A8BC
:100EA0001AF0F6FB1D215D481EF0BCFF5C481BF0EC
:100EB000CBFC17215B481EF0B5FF5B4B5848196807
:100EC0001BF0BAFC56481BF0BFFC122157481EF01D
:100ED000A9FFDAF8001052481BF0AEFC50481BF096
:100EE000B3FC0D2D42D8DFE815F00902BF019701D0
:100EF0000E00410041004100410041004100090253
:100F0000BF0197010E00DAF80030439323680C9379
:100F10000C9A23680B930B9B9B1A132BF9D9D6F8C9
:100F2000941042A81AF0F4FBD6F898101AF0E4FBDB
:100F300000211AF00FFC012211460420E0F77CFD8D
:100F40006C9B80A803F10B02B7EE000A00EB830351
:100F5000002142A843F88C0C80AB03EB820340468F
:100F600043F8B41C6C910121FAF7C2FB549B002B8F
:100F700000F077822E4DDFF8C090DFF8C0B0D6F8D1
:100F8000F800A0F10A031D2B07D8C0B21CF0BCFB6F
:100F9000D6F8FC30984240F0F6811CF0DFFF0028C4
:100FA00040F3E2802B68012B2F4600F0E480032BF6
:100FB00000F01D81002B00F011810023549989F865
:100FC000003023680E930E9A23680D930D9B9B1A95
:100FD000092BF9D90029D2D1019A0D2A38D8DFE896
:100FE00012F033022A022F002102370037003700A7
:100FF00037003700370033022A022F00210200BFDA
:10100000A813FF1F5C1FFF1F6816FF1F2CB20400F0
:101010008007FF1F700F0500B40F050038F10400B2
:101020006008FF1F58F104004C17FF1FC4E90400BB
:101030009807FF1F7C16FF1FF016FF1F5416FF1F97
:10104000339BCAF80030012200210320E0F7F4FCB2
:101050009F49A04C0FA81BF0F7FD0FA8DFF794FAEB
:101060000FA81BF049FE21680FA81BF0EDFD0FA88B
:10107000DFF78AFA0FA81BF03FFE95490FA81BF077
:10108000E3FD0FA8DFF780FA0FA81BF035FE2168FB
:101090000FA81BF0D9FD0FA8DFF776FA0FA81BF0F9
:1010A0002BFE8D490FA81BF0CFFD0FA8DFF76CFAC0
:1010B0000FA81BF021FE21680FA81BF0C5FD0FA88B
:1010C000DFF762FA0FA81BF017FE84490FA81BF088
:1010D000BBFD0FA8DFF758FA0FA81BF00DFE216823
:1010E0000FA81BF0B1FD0FA8DFF74EFA0FA81BF0F9
:1010F00003FE7B490FA81BF0A7FD0FA8DFF744FAFA
:101100000FA81BF0F9FD3B68012B00F0A681032B13
:1011100000F08481002B00F07D81DAED007AB8EEDA
:10112000E70ADFF7E9F96F4B0FA819681BF08CFD90
:101130000FA8DFF729FA0FA81BF0DEFDD6F8000193
:10114000A0F10A0200231D2A2393CAF8003013934A
:10115000339343935BD9644B52934046F6F7F8FAC6
:101160000DF5017DBDE8F08F1DF06EFF2B68012BA2
:101170002F467FF41CAF1CF005FFC3B2532B89F838
:10118000003032D1549B002B00F03A810E21574899
:101190001A68574BB3FBF2F3CBF800301EF042FE57
:1011A000DBF8001053481BF047FB52481BF04CFB88
:1011B000DBF80030F92B1DDD549900293FF401AF15
:1011C0004046DFF76FFE549900293FF4FAAE012044
:1011D0001CF006FB54990029F9D1F2E61EF0B4FD8B
:1011E000C3B2532B89F80030CCD05499E9E61DF0F6
:1011F0003FFFC2E755A81BF0FDF900235A9854930E
:101200001AF0EEFB5B981AF0EBFB5499D9E601213A
:10121000C0B21CF043FA9EE7DAF80030339323683B
:101220000A930A9A23680993099B9B1A132BF9D9ED
:10123000D6F88C1032A81AF06BFAD6F890101AF083
:101240005BFA00211AF086FA012211460320E0F72A
:10125000F3FB6C9B80A803F10B02B7EE000A00EBD6
:101260008303002132A875E6DAF80030239323685F
:101270000893089A23680793079B9B1A132BF9D9A5
:101280000C211D481EF0CEFD23991A481BF0D4FAFC
:1012900018481BF0D9FAD6F8841022A81AF038FAA8
:1012A000D6F888101AF028FA00211AF053FA012211
:1012B00011460220E0F7C0FB6C9B80A803F10B02F3
:1012C000B7EE000A00EB8303002122A842E600BF2C
:1012D000A8F104008007FF1FBCF10400D0F1040056
:1012E0005CEE04008407FF1FB40F0500D0EC04007F
:1012F000008793036008FF1F98F10400DAF80030BC
:10130000139323680693069A23680593059B9B1AFB
:10131000132BF9D90C2154481EF084FD139953481E
:101320001BF08AFA51481BF08FFAF16F12A81AF0DD
:10133000EFF9D6F880101AF0DFF900211AF00AFA56
:1013400016214B481EF06EFD0023D6F8801047484A
:101350000A221BF091FA45481BF076FA0122114649
:101360001046E0F769FB6C9B80A803F10B02B7EE17
:10137000000A00EB8303002112A8EBE50021D8B29C
:101380001CF08CF935E51F213A481EF04BFD37481B
:101390001BF05AFA55A800241BF02CF95A985494C3
:1013A0001AF01EFB5B981AF01BFB334B01252246FB
:1013B000214620461D70E0F73FFB22462146284685
:1013C000E0F73AFB224621460220E0F735FB2246B1
:1013D00021460320E0F730FB224621460420E0F7B7
:1013E0002BFB1520F5F742FBD6F80001A0F10A030C
:1013F0001D2B3FF6B0AE2946C0B21CF04FF9AAE64D
:101400001E4A1268002A3FF4C1AE02210120904713
:10141000549BBBE622201EF08BFD7EE622201DF0B1
:10142000D1FD7AE6439BCAF8003001220021042056
:10143000E0F702FB0CE6239BCAF8003001220021F2
:101440000220E0F7F9FA03E60122139BCAF8003004
:1014500000211046E0F7F0FAFAE522201CF0C8FC63
:101460005BE6074FB8E500BF70F104006008FF1F9E
:1014700080F1040020ED0400B018FF1FA81EFF1F1C
:101480009807FF1F2DE9F04F2DED028BB7B080229A
:101490008DF8302009220E92784C099442F29F4236
:1014A0000F9241F288340522CDE92442744C754AEA
:1014B000089200230F4608A9CDE90A338DF8483079
:1014C0001F9320938DF8843022932393D4F81C80AB
:1014D000A66901900D91451EE1F7E2FB0E216A48D5
:1014E0001EF0A0FC694B6A4819681BF0A5F9684812
:1014F0001BF0AAF95FFA88F001211CF0CFF8012156
:10150000F0B21CF0CBF80D2D0FD8DFE815F0EB0191
:101510009502D80208030E000E000E000E000E0009
:101520000E003803810345036303CDF800804FF0BC
:10153000000AB0464FF0000B0A9B002B53D0009BD3
:101540000026A3F10A09B9F11D0F40F2AD83A8F1FD
:101550000A031D2B40F2FD83D4F8F800A0F10A0322
:101560001D2B07D8C0B21CF0CFF8D4F8FC3098423D
:1015700040F043841CF0F2FC002840F31784454BF4
:101580001B68012B00F01984032B00F03384002B1F
:1015900000F02D84404A00231370404A13680493DE
:1015A000049913680393039B5B1A632BF9D90D2DE0
:1015B0000AD8DFE805F05F5C07590909090909093C
:1015C0005F5C0759364B5E6838461FF0EFFE5B469E
:1015D00052461FF055FF20F003FA3146E0F7BAF902
:1015E0000A9B002BAFD12F4B1B78002B00F086837A
:1015F0002D4F05AE2D4930461BF026FB3046DEF759
:10160000C3FF30461BF078FB396830461BF01CFBEB
:101610003046DEF7B9FF30461BF06EFB24493046FA
:101620001BF012FB3046DEF7AFFF30461BF064FBC9
:10163000396830461BF008FB3046DEF7A5FF304620
:101640001BF05AFB0D2D3BD8DFE815F01501DE002D
:10165000CC00BA003A003A003A003A003A003A00A8
:101660001501DE00CC00BA00124B5E68ACE7124BED
:101670005E68A9E7114B5E68A6E700BF700F050022
:10168000A813FF1FB40F0500E8B104008807FF1F6F
:101690006008FF1F9807FF1FF016FF1F5C1FFF1F4A
:1016A0005017FF1F0417FF1F8007FF1FF4F10400EE
:1016B00008F204009017FF1FD017FF1F1018FF1F1C
:1016C000BC4DBD4A28681368BC49034430461360CA
:1016D0001BF0BAFA3046DEF757FF30461BF00CFB22
:1016E000396830461BF0B0FA3046DEF74DFF304621
:1016F0001BF002FBB24930461BF0A6FA3046DEF77B
:1017000043FF30461BF0F8FA396830461BF09CFA6C
:101710003046DEF739FF30461BF0EEFAD4F8E03001
:10172000012B00F0B783A74930461BF08DFA3046F5
:10173000DEF72AFF30461BF0DFFAA34930461BF0E4
:1017400083FA3046DEF720FF30461BF0D5FA9F497A
:1017500030461BF079FA3046DEF716FF30461BF0B4
:10176000CBFA9B4930461BF06FFA3046DEF70CFF90
:1017700030461BF0C1FA974930461BF065FA3046F7
:10178000DEF702FF30461BF0B7FA934930461BF0F4
:101790005BFA3046DEF7F8FE30461BF0ADFAD4F8BF
:1017A0000001A0F10A031D2B40F26D838B4B0893BF
:1017B00008A8F5F7CDFF37B0BDEC028BBDE8F08F80
:1017C0008749884B0A685B687A4D1A440A60864AE2
:1017D0002B601360854A0021136004200122E0F78A
:1017E0002BF96EE78249834B0A685B68714D1A4496
:1017F0000A607D4A2B6013607F4A0021136003203A
:101800000122E0F719F95CE77C4930461BF01CFA2D
:101810003046DEF7B9FE30461BF06EFA784B1B6897
:10182000012B00F05B83032B00F06C83002B00F096
:101830006583744B5F4D93ED000ADEF75DFE724BDE
:10184000304619681BF000FA3046DEF79DFE304640
:101850001BF052FA6D496E4B0A685B682B601A44A4
:101860000A60614A13606B4A002113600220012262
:10187000E0F7E2F825E7614930461BF0E5F930462C
:10188000DEF782FE30461BF037FA5D4B1B68012BFA
:1018900000F03083032B00F02983002B00F022831B
:1018A0005D4B444D93ED000ADEF726FE564B304665
:1018B00019681BF0C9F93046DEF766FE30461BF0AA
:1018C0001BFA5649564B0A685B682B601A440A603B
:1018D000454A1360534A1360012200211046E0F785
:1018E000ABF8EEE60122504EE369D4F8188000937D
:1018F00010461146E0F7A0F8D6ED0D6AD4ED057A52
:10190000E2682369DFF8189186EEA77A02FB03F3F9
:10191000464A06211160052207EE903AF8EE677AF2
:10192000434B67EE877A1A6017EE900A1FF050FD5E
:10193000F36872689FED3F7A96ED028A02FB03F32B
:1019400007EE903AF8EE677A8B4667EE877AB8EE44
:10195000488AFDEEE77A824617EE901A484619F05B
:10196000D7FEFCEEC87A17EE901A19F0C5FE0646AF
:1019700038461FF01BFD52465B461FF081FD20F0EC
:101980002FF80146304619F0E5FE229B36A803F1F8
:101990000B0200EB83030021229143F88C9C00EBA7
:1019A0008203B7EE000A43F8B41C08A80121F9F736
:1019B0009FFEC1E57C16FF1F2816FF1F30F20400B2
:1019C00044F204006CF204005CAE040080F20400F7
:1019D00000B5040098E60400A4E60400B40F050076
:1019E0003016FF1F9017FF1F4C17FF1F8416FF1F95
:1019F0002C16FF1F5017FF1F8016FF1F1CF204003C
:101A00009807FF1F5C16FF1F8407FF1F3816FF1F74
:101A1000D017FF1F8C16FF1F6016FF1F3C16FF1FFD
:101A20001018FF1F9016FF1FF811FF1F9C07FF1FC4
:101A30003407FF1F0AD7233C0122236B0093114672
:101A40000220D4F82C80DFF7F7FFC949C94AD4F83F
:101A5000CC301520086014211160002B40F0268244
:101A6000C54ED4ED0A7AD6ED0E6A636A226A86EE16
:101A7000A77A02FB03F3DFF8289307EE903AF8EE1B
:101A8000677A67EE877A17EE900A1FF0A1FCB369B8
:101A900032699FEDBA7A96ED058A02FB03F307EEF1
:101AA000903AF8EE677AB8EE488A67EE877A82460F
:101AB0008B46FDEEE77A484617EE901A4FE7012273
:101AC000236D009311460320D4F84C80AA4EDFF713
:101AD000B3FFA749A74A636B96ED0F0A1020086071
:101AE00017211160002B6CD1E0F758FB10EE100AA3
:101AF0001FF06EFC82468B46736AF2699FED9F7AF7
:101B000096ED088ADFF89C9202FB03F307EE903A09
:101B1000F8EE677AB8EE488A67EE877AC9E701225D
:101B2000236F009311460420D4F86C80924EDFF7A7
:101B300083FF8F498F4A636D96ED100A122008606B
:101B400013211160002B5AD0E0F7A0FC10EE100A10
:101B50001FF03EFC82468B46336BB26A9FED877A5C
:101B600096ED0B8ADFF8409202FB03F307EE903A02
:101B7000F8EE677AB8EE488A67EE877A99E701222D
:101B80007D4EE369D4F81880009310461146DFF7C4
:101B900053FFD6ED116AB1E60122236D0093114681
:101BA0000320D4F84C80744EDFF746FF7049714A29
:101BB000636B96ED130A1020086017211160002B4B
:101BC00092D0E0F71FFC10EE100A1FF001FC8246D5
:101BD0008B4691E70122236F009311460420D4F82D
:101BE0006C80654EDFF728FF6149624A636D96EDB0
:101BF000140A1220086013211160002BA4D1E0F711
:101C000067FB10EE100A1FF0E3FB82468B46A3E74A
:101C10000122236B009311460220D4F82C80DFF7B9
:101C20000BFF5349534AD4F8CC30152008601421D7
:101C30001160002B40F046814F4ED4ED0A7AD6ED6C
:101C4000126A636A226A86EEA77A02FB03F3DFF860
:101C5000509107EE903AF8EE677A67EE877A17EEC2
:101C6000900A1FF0B5FB3269B369DFED447AD6ED17
:101C7000058A02FB03F308EE103AB8EE488A012207
:101C800028EE278A82468B4602201146DFF7D4FED3
:101C9000FDEEC87AF8EE688A17EE901A484619F0F9
:101CA00037FDFCEEE87A5EE69DF800001BF02CFDA7
:101CB000D4F8FC3098423FF44AAC002F7FF747AC91
:101CC0002F4826211EF0AEF82E481AF0BDFD0BA8B5
:101CD0001AF090FC002310980A9319F081FE1198D5
:101CE00019F07EFE284B0122394604201A70F5F7C0
:101CF000F3FB264B1B78002B7FF47AAC05AE24490E
:101D0000244F30461AF0A0FF3046DEF73DFC304647
:101D10001AF0F2FF396830461AF096FF3046DEF7C7
:101D200033FC30461AF0E8FF1B4930461AF08CFFAE
:101D30003046DEF729FC30461AF0DEFF39683046BF
:101D40001AF082FF3046DEF71FFC30461AF0D4FF4F
:101D500050E45FFA88F01BF0D7FCD4F8FC309842CE
:101D60003FF4FAAB002FBFF6F7AB0C482621A9E7EA
:101D70009C07FF1F3407FF1FF811FF1F0AD7233CE2
:101D8000E0E804006008FF1FB018FF1F0417FF1FE2
:101D9000BCF104008007FF1FA8F1040008E904005B
:101DA000D017FF1F5017FF1F9017FF1F1DF04CF992
:101DB000564B1B68012B7FF4E7AB1CF0E3F8C3B272
:101DC000534A532B13707FF4E8AB0A9B53B108A816
:101DD000DFF768F80A9B2BB101201BF001FD0A9B7D
:101DE000002BF9D14B4A01231370FFF7D6BB1DF02E
:101DF000ABFFE4E71DF03CF9E1E71F2146481EF088
:101E000011F846481AF020FD0BA800251AF0F2FB45
:101E100010980A9519F0E4FD119819F0E1FD3D4B79
:101E200001262A46294628461E70DFF705FE2A4667
:101E300029463046DFF700FE2A4629460220DFF712
:101E4000FBFD2A4629460320DFF7F6FD0420F4F7C0
:101E50000DFED4F80001A0F10A031D2B3FF6A6AC3D
:101E60003146C0B21BF01AFC2D480E211DF0DAFFDE
:101E70002A481AF0E9FC019928481AF0DDFC2748A5
:101E80001AF0E2FC92E4C0B201211BF007FC2548E5
:101E90000F21EBE7244930461AF0D6FE3046DEF734
:101EA00073FB30461AF028FF20496FE4204ED4ED32
:101EB000367AD6ED0E6AD4F8D430D4F8D02086EE37
:101EC000A77AD6E51A4ED4ED367AD6ED126AD4F852
:101ED000D430D4F8D02086EEA77AB6E622201BF0C4
:101EE00087FFA6E422201EF023F8D9E422201DF06B
:101EF00069F8D5E422201BF07BFFD1E422201EF0FC
:101F000017F896E422201DF05DF892E49807FF1F71
:101F1000F016FF1FB018FF1F20ED04006008FF1F20
:101F2000E4F1040094F2040058F204005CAE0400F2
:101F3000F811FF1F2DE9F04F9D4CD4F80001A0F1DE
:101F40000A031D2BADF5177D40F22D81DFF8D8B2C5
:101F5000984ADBF800100891002008991070DBF80F
:101F600000300793079B5B1A092BF8D968AD92499B
:101F7000DFF8B892914FDFF8B882DFF8B8A22846B0
:101F80001AF062FE2846DEF7FFFA28461AF0B4FE81
:101F90008B4B284619681AF057FE2846DEF7F4FAEC
:101FA00028461AF0A9FE874A874B699280200022B2
:101FB000CDE96A22CDE982228DF8C8217F928092F4
:101FC0008DF8042268938DF8B001092342F29F40F6
:101FD0007E4A7F49126809686D95CDE96E3041F2FD
:101FE00088360520CDE9846018A819F051FB794B9B
:101FF000794E1A68794B28A8196819F049FB784B73
:102000001A68784B38A8196819F042FB764BD9F852
:102010000020196848A819F03BFB3A68D8F800106E
:1020200058A819F035FB714A71481368714A006865
:102030001168714A1990DAF80000126829903993F2
:102040006E4849910F2159921DF0ECFE31686C48A1
:102050001AF0F2FB6A481AF0F7FB3268013A032AD9
:1020600000F2A186DFE802F0633E2202654B66487B
:10207000049309211DF0D6FE644A049B02922F228C
:102080001A603822624BC8F8002039223A60039364
:10209000604B01931A68604B042A00F28C86DFE8DB
:1020A00012F0E701E101DA01D301CB00584B554AA8
:1020B0005A480393092104921DF0B4FE039B2E227B
:1020C0001A60049B2F221A60474B36221A6037226F
:1020D000C9F8002038224D4BC8F8002039223A6058
:1020E0000293D5E74749494B494A04914C4802932A
:1020F000092103921DF096FE029B04992D221A607D
:10210000039B2E221A60374B2F220A6034221A605A
:10211000334B35221A60344B36221A603722C9F805
:1021200000203822C8F8002039223A60B0E7394B45
:102130003C48019309211DF075FE344A354B364861
:10214000334902922F4A039104922C211A682F4B93
:1021500001602D2119602E4B05902E211960294B0D
:102160002F2119601D4B322119601A4B3321196040
:102170001C4B342119601A4B352119601A4B36213A
:1021800019603721C9F800103821C8F8001039212A
:102190003960042A00F21686DFE812F0F3054505DF
:1021A000F605FB05EE050021C0B21BF077FACDE67F
:1021B000A813FF1F6816FF1F2CB20400C007FF1FE3
:1021C0008007FF1F700F0500B40F0500A007FF1F59
:1021D000A407FF1FA807FF1F1810FF1FAC07FF1F52
:1021E000B007FF1FB407FF1FBC07FF1F5818FF1FD2
:1021F0005018FF1F5C18FF1F6018FF1FA4F2040097
:102200006008FF1FD807FF1F14ED0400D007FF1F51
:10221000D407FF1FC807FF1FCC07FF1F08ED0400EE
:10222000FCEC0400F0EC04005C1FFF1FB807FF1F6C
:10223000C407FF1F5418FF1F18680593D4F89410A3
:10224000D4F89830042800F2F184DFE810F0EE00B2
:10225000E000DB00D6000500D4F89490D4F8987024
:10226000029AD2F80080039A1068049AD2F800E02B
:10227000B8F1040F08D8DFE808F0AFABA6A103005F
:10228000D4F89490D4F89870042808D8DFE800F0C7
:1022900087837E790300D4F89490D4F89870BEF1C7
:1022A000040F66D8DFE80EF05753674D0300D4F8EB
:1022B0009490D4F89870984618A819F029FA4146D5
:1022C00019F01AFA002119F045FA494628A819F020
:1022D0001FFA394619F010FA002119F03BFA794932
:1022E00038A819F015FA774919F006FA002119F003
:1022F00031FA744948A819F00BFA724919F0FCF93F
:10230000002119F027FA6F4958A819F001FA6D4910
:1023100019F0F2F9002119F01DFA6B4B6B491A689C
:10232000D1F89010002A40F3B680019B1A68013A58
:10233000032A00F2B080DFE812F05D026202580268
:10234000AB00D4F88C90D4F890709846B4E7E16F65
:10235000D4F88080B0E7DBF8002012921298D4F80D
:102360007490A76FDBF800201192119A121A0E2AAE
:10237000F8D99846A0E7D4F88490D4F888709846A5
:102380009AE7D4F88C90D4F8907088E7D4F88490C9
:10239000D4F8887083E7E16FD4F880307FE7DBF80A
:1023A000002010921098D4F87490A76FDBF80020EA
:1023B0000F920F9A121A0E2AF8D970E7D4F88C905F
:1023C000D4F8907060E7D4F88490D4F888705BE714
:1023D000E16FD4F8803057E7DBF800200E92DDF88B
:1023E00038C0D4F87490A76FDBF800200D920D9AD6
:1023F000A2EB0C020E2AF7D946E7D4F88C90D4F859
:1024000090702DE7D4F88490D4F8887028E7029A69
:102410002C4FD2F80080039AE16F1068049AD4F828
:102420008030D2F800E0B94622E7DBF800200C92B9
:102430000C98D4F87490A76FDBF800200B920B9ADD
:10244000121A0E2AF8D90BE718680593D4F88C10E5
:10245000D4F89030F6E618680593D4F88410D4F8D0
:102460008830EFE618680593E16FD4F88030E9E62C
:1024700018680593DBF800200A920A9F616FA36F2A
:10248000DBF800200992099AD21B0E2AF8D9D9E666
:102490000E4A04219164DAF80020002A03DD0B4A79
:1024A0000421C2F8881032680849013AD1F8D010E6
:1024B000042A4CD8DFE812F04E0129016B01F2002A
:1024C0000C0000BFA08601005018FF1F00F00F4055
:1024D000019B012218681146DFF7AEFA059B012225
:1024E00018681146DFF7A8FA029B01221868114606
:1024F000DFF7A2FA039B012218681146DFF79CFA66
:10250000049B012218681146DFF796FA829A96AB6F
:1025100003EB820702F10F0103EB810118AB47F8CF
:102520008C3C28AB47F8883C38AB47F8843C48AB38
:10253000002047F8803C58AB47F87C3CB7EE000AD7
:1025400041F8B40C829005212846F9F7D1F86A9A2F
:10255000002A00F00E84B14FDFF8E092DFF8E0A22D
:10256000D4F8F800A0F10A031D2B07D8C0B21BF065
:10257000CBF8D4F8FC30984240F0AB811BF0EEFC75
:10258000002840F341813B68012BB84600F04381AD
:10259000032B00F05B81002B00F08881002389F879
:1025A00000306A99DBF800301493149ADBF800309D
:1025B0001393139B9B1A092BF8D90029D0D1984B60
:1025C0001B68012B00F0D081DFF8789215AF954998
:1025D00038461AF039FB3846DDF7D6FF38461AF090
:1025E0008BFBD8F80030012B00F0D182032B00F0D8
:1025F0000583002B00F0FE828B4BDFF84CA293ED9D
:10260000000AB8EEC00ADDF777FFDAF800103846A6
:102610001AF01AFB3846DDF7B7FF38461AF06CFBA4
:10262000824938461AF010FB3846DDF7ADFF3846D0
:102630001AF062FBD8F80030012B00F0EB82032B7C
:1026400000F0E482002B00F0DD82794B93ED000A6C
:10265000B8EEC00ADDF750FFDAF8001038461AF07D
:10266000F3FA3846DDF790FF38461AF045FBD9F803
:102670007420012A00F0D282D4F8000100233360D4
:10268000A0F10A031D2B40F26A816A4B6893284629
:10269000F5F75EF80DF5177DBDE8F08F019B01227F
:1026A00018681146DFF7C8F9059B01221868114622
:1026B000DFF7C2F9029B012218681146DFF7BCF967
:1026C000039B012218681146DFF7B6F9829A96AB90
:1026D00003EB820702F10E0103EB810118AB47F80F
:1026E0008C3C28AB47F8883C38AB47F8843C00204A
:1026F00048AB47F8803CB7EE000A41F8B40C829032
:1027000004212846F8F7F4FF21E7019B012218680D
:102710001146DFF791F9059B012218681146DFF792
:102720008BF9829A96AB03EB820702F10C0103EB63
:10273000810118AB47F88C3C002028AB47F8883C57
:10274000B7EE000A41F8B40C829002212846F8F74F
:10275000CFFFFCE6019B012218681146DFF76CF9F8
:10276000829A96AB02F10B0103EB820218AB42F89E
:102770008C3C96AB03EB8102002042F8B40CB7EE20
:10278000000A829001212846F8F7B2FFDFE6019B9C
:10279000012218681146DFF74FF9059B01221868DE
:1027A0001146DFF749F9029B012218681146DFF74D
:1027B00043F9829A96AB03EB820702F10D0103EB1A
:1027C000810118AB47F88C3C28AB47F8883C0020C7
:1027D00038AB47F8843CB7EE000A41F8B40C82905D
:1027E00003212846F8F784FFB1E6134A0421C2F812
:1027F000881050E6104A8021C2F8C8104BE60E4AF5
:102800002021C2F8C81046E61CF01EFC3B68012BD4
:10281000B8467FF4BDAE1BF0B5FB19E09807FF1F6B
:102820008807FF1F4CEE04008816FF1F5CEE0400B3
:102830007C16FF1FB40F050000F00F40F016FF1FBD
:102840005416FF1F6C11FF1F8407FF1F1CF010FCA4
:10285000C3B2532B89F800307FF4A3AE6A9B002BE0
:1028600074D00E21CC481A68CC4BB3FBF2F3CAF8F3
:1028700000301DF0D7FADAF80010C94819F0DCFF73
:10288000C74819F0E1FFDAF80030F92B11DC6BA82A
:1028900019F0B0FE002370986A9319F0A1F87198AE
:1028A00019F09EF86A99002333607BE61DF04CFA1C
:1028B000CEE76A990029F6D02846DEF7F3FA6A993E
:1028C0000029F0D001201AF08BFF6A990029F9D174
:1028D000E9E71F21B3481DF0A5FAB14819F0B4FF8C
:1028E0006BA8002619F086FE70986A9619F078F8A1
:1028F000719819F075F8AC4B0127324631463046D5
:102900001F70DFF799F8324631463846DFF794F802
:10291000324631460220DFF78FF832463146032037
:10292000DFF78AF8324631460420DFF785F81520B4
:10293000F4F79CF8D4F80001A0F10A031D2B3FF630
:10294000A4AE3946C0B21AF0A9FE9EE6974A1268B4
:10295000002A86D00221012090476A9B81E701214D
:10296000C0B21AF09BFE90E6914B1B68022B15AF8C
:1029700000F3B580002B00F37481DFF874928D486A
:1029800013211DF04FFAD9F85810854819F054FF5B
:10299000834819F059FFD4F8E030012B00F0528140
:1029A000122185481DF03EFA019B7D48196819F0F7
:1029B00043FF7B4819F048FF019B1968002900F08C
:1029C00091814B1E032B44D8012208460021DFF7DA
:1029D00033F87A4938461AF037F93846DDF7D4FD2E
:1029E00038461AF089F9764938461AF02DF93846F2
:1029F000DDF7CAFD38461AF07FF9724938461AF0F9
:102A000023F93846DDF7C0FD38461AF075F96E49EE
:102A100038461AF019F93846DDF7B6FD38461AF08F
:102A20006BF96A4938461AF00FF93846DDF7ACFD04
:102A300038461AF061F9664938461AF005F9384601
:102A4000DDF7A2FD38461AF057F962480F211DF054
:102A5000E9F9059B186803287FF4B9AD012200212C
:102A6000DEF7EAFF5C4938461AF0EEF83846DDF743
:102A70008BFD38461AF040F9514938461AF0E4F80F
:102A80003846DDF781FD38461AF036F953493846A5
:102A90001AF0DAF83846DDF777FD38461AF02CF9E7
:102AA000494938461AF0D0F83846DDF76DFD38460A
:102AB0001AF022F9454938461AF0C6F83846DDF7CB
:102AC00063FD38461AF018F9414938461AF0BCF847
:102AD0003846DDF759FD38461AF00EF977E5032B35
:102AE0007FF44BAF3E4938461AF0AEF83846DDF772
:102AF0004BFD38461AF000F93A4B384619681AF07F
:102B0000A3F83846DDF740FD38461AF0F5F83449A9
:102B100038461AF099F83846DDF736FD38461AF08F
:102B2000EBF8304B384619681AF08EF83846DDF766
:102B30002BFD38461AF0E0F82B4938461AF084F895
:102B40003846DDF721FD38461AF0D6F8254B3846D1
:102B500019681AF079F83846DDF716FD38461AF08C
:102B6000CBF8224938461AF06FF83846DDF70CFDED
:102B700038461AF0C1F81B4B384619681AF064F849
:102B80003846DDF701FD38461AF0B6F8F5E62220A2
:102B90001BF02EF930E500BFD0EC04000087930352
:102BA0006008FF1F20ED0400B018FF1FA81EFF1FC4
:102BB0003017FF1FC8F20400DCF2040080EB0400B1
:102BC0005CAE040094EB040000B5040098E6040039
:102BD000A4E60400F0F20400D4E60400E8E60400F1
:102BE000B8E204008007FF1FB4F204003CE30400D5
:102BF0006C11FF1F22201DF09BF9FDE422201CF028
:102C0000E1F9F9E422201DF093F91EE522201CF0E1
:102C1000D9F91AE522201BF0EBF816E50021032074
:102C2000DEF70AFF28E5E16FD4F88030029A694F99
:102C3000D2F800800398049A0068D2F800E0B94600
:102C4000FFF716BB162164481DF0ECF8D4F8E0102D
:102C5000624800230A2219F00FFE604819F0F4FDC3
:102C6000B5E45F49384619F0EFFF3846DDF78CFCD4
:102C700038461AF041F85B4B3846196819F0E4FF02
:102C80003846DDF781FC38461AF036F854493846A4
:102C900019F0DAFF3846DDF777FC38461AF02CF8E1
:102CA000504B3846196819F0CFFF3846DDF76CFCF9
:102CB00038461AF021F84C49384619F0C5FF384615
:102CC000DDF762FC38461AF017F8464B38461968AB
:102CD00019F0BAFF3846DDF757FC38461AF00CF801
:102CE00042493FE7012208460191DEF7A5FED9F8E7
:102CF00074200199012A51D03D49384619F0A4FFAA
:102D00003846DDF741FC384619F0F6FF39493846B8
:102D100019F09AFF3846DDF737FC384619F0ECFF1A
:102D20003549384619F090FF3846DDF72DFC384616
:102D300019F0E2FF3149384619F086FF3846DDF7D1
:102D400023FC384619F0D8FF2D49384619F07CFF8E
:102D50003846DDF719FC384619F0CEFF29493846C8
:102D600019F072FF3846DDF70FFC384619F0C4FF42
:102D70006FE6DFF8A08022E4D4F89410D4F89830FD
:102D800054E72C20FFF776BBD4F88410D4F88830B1
:102D90004CE7D4F88C10D4F8903047E7029B1868C1
:102DA000DEF74AFEA8E7184B0293184B0393184B23
:102DB0000493FFF76DB91A460593064B1068194640
:102DC000FFF740BA034F3B46B94639469846FFF7EE
:102DD00073BA00BFA086010028F304006008FF1F3B
:102DE00094E304008007FF1FB4F2040068E30400CA
:102DF00000F304005CAE040014F3040000B504000A
:102E000098E60400A4E60400D007FF1FD407FF1FC4
:102E1000D807FF1F9807FF1F3A4B1B68022B70B49F
:102E200006D0032B33D0012B1FD070BCFFF782B824
:102E3000354836490360364809680360354B364CDF
:102E40001960364B2668364D364C1E603648374979
:102E5000374A03232B6023601024172304600B6080
:102E600070BC00231360FFF765B83149264C274A30
:102E70002360002008602A482549264B1268032455
:102E800004600220086070BC1A60FFF753B8294B39
:102E90009B6D013B032B0CD8DFE803F0291F0215C3
:102EA000234A1F491A4B032410201460172208607C
:102EB0001A60214A1449174B12680120086070BC3F
:102EC0001A60FFF737B81A4A1549114B042412202B
:102ED0001460132208601A60EBE7154A10490C4B86
:102EE000022415201460142208601A60E1E7104AD9
:102EF0000B49074B012406201460052208601A6064
:102F0000D7E700BF3017FF1F1810FF1F4817FF1F1C
:102F1000A007FF1F5018FF1F0C17FF1F5418FF1F9B
:102F2000A407FF1FCC07FF1FAC07FF1FA807FF1F49
:102F3000C807FF1F6C11FF1F1010FF1F2DE9F04F76
:102F40002DED048BB9B08346DFF7AAFE4A4B0B93F5
:102F500080238DF838300923484E109342F29F4366
:102F60000024DFF83CA1119341F2883105230AAA1D
:102F7000434F0F92CDE926133046424B0A93214628
:102F8000CDE90C448DF85040219422948DF88C406A
:102F90002494259418F0B0FB2146504618F0ACFB61
:102FA0002146384618F0A8FB2146304618F0B0FB01
:102FB0002146504618F0ACFB2146384618F0A8FBD5
:102FC000214630467460CAF804407C6018F0C2FBA9
:102FD0002146504618F0BEFB2146384618F0BAFB91
:102FE000294B2A4D1C602A4B2C682A4A1C6001235D
:102FF00013606B68032C03F1FF332CD0042C1AD020
:103000004CB1042B00F26485DFE813F020022302A8
:10301000260229024C002049204A03200860022190
:103020001160042B00F2A882DFE813F010021302F3
:10303000160219023C001849184A12200860132190
:103040001160042B00F21A83DFE813F00002030280
:10305000060209022C001049104A102008601721AE
:103060001160042B00F2A683DFE813F0F001F301F6
:10307000F601F9011C0000BF700F05005017FF1F7B
:103080006C18FF1FB40F05002C16FF1F3811FF1F0F
:10309000C807FF1F1810FF1FA407FF1FA007FF1F6F
:1030A0009017FF1FDFF86083D8F80C001EF090F92E
:1030B000D8F8003089468046032C00F08083042C29
:1030C00000F0E182002C00F05C824FF0000BBA4C63
:1030D00008EE10BA09EE10BA0C9B002B47D0DFF8AF
:1030E0002C83DFF82C93D8F800300493049AD8F896
:1030F00000300393039B9B1A632BF8D9D4F8F80094
:10310000A0F10A031D2B07D8C0B21AF0FDFAD4F8BB
:10311000FC30984240F0F3811AF020FF002840F381
:10312000A181D9F80030012B00F0A381032B00F01E
:10313000E381002B00F0B281A04A002313702B68BA
:10314000032B00F0A581042B00F09C81002B00F0E4
:103150009381D8F800300693069AD8F8003005938A
:10316000059B9B1A092BF8D90C9B002BBBD108217E
:103170009348DFF8A0821CF055FE924819F064FBDA
:10318000914907A819F060FD07A8DDF7FDF907A828
:1031900019F0B2FDD8F8001007A819F055FD07A8DE
:1031A000DDF7F2F907A819F0A7FD884907A819F07B
:1031B0004BFD07A8DDF7E8F907A819F09DFDD8F841
:1031C000001007A819F040FD07A8DDF7DDF907A8F2
:1031D00019F092FD7E4907A819F036FD07A8DDF722
:1031E000D3F907A819F088FDD8F8001007A819F03E
:1031F0002BFD07A8DDF7C8F907A819F07DFD754973
:1032000007A819F021FD07A8DDF7BEF907A819F0F6
:1032100073FDD8F8001007A819F016FD07A8DDF710
:10322000B3F907A819F068FD6B4907A819F00CFD60
:1032300007A8DDF7A9F907A819F05EFDD8F8001076
:1032400007A819F001FD07A8DDF79EF907A819F0F6
:1032500053FD624907A819F0F7FC07A8DDF794F9B8
:1032600007A819F049FDD8F8001007A819F0ECFCE0
:1032700007A8DDF789F907A819F03EFD584907A806
:1032800019F0E2FC07A8DDF77FF907A819F034FD73
:10329000D8F8001007A819F0D7FC07A8DDF774F9D3
:1032A00007A819F029FD4F4907A819F0CDFC07A878
:1032B000DDF76AF907A819F01FFDD8F8001007A874
:1032C00019F0C2FC07A8DDF75FF907A819F014FD93
:1032D000454A7868136879680B441360434B0021B2
:1032E000186001220846DEF7A7FB414872680368B0
:1032F00071680B4403603F4B00211A6003200122D8
:10330000DEF79AFB3C4ADAF804101368DAF8040096
:1033100003441360394B0122196004200021DEF7B9
:103320008BFB374B1B68022B00F0B1822B68032B01
:1033300000F00D83042B00F02983002B00F0FE82A7
:10334000D4F8E020002A00F0F4822E4907A819F0F2
:103350007BFC07A8DDF718F907A819F0CDFCD8F811
:10336000001007A819F070FC07A8DDF70DF907A8F1
:1033700019F0C2FC174907A819F066FC07A8DDF789
:1033800003F907A819F0B8FCD8F8001007A819F03D
:103390005BFC07A8DDF7F8F807A819F0ADFC0C49AD
:1033A00007A819F051FC07A8DDF7EEF807A819F0F7
:1033B000A3FCD8F800102FE0A813FF1FF016FF1F82
:1033C000B8F304006008FF1FC4F30400D8F304003E
:1033D000ECF3040000F4040014F4040028F40400E6
:1033E00030F2040044F204003416FF1F8816FF1F59
:1033F0002C16FF1F8016FF1F3016FF1F8416FF1F9D
:103400001810FF1F94F404002811FF1F5C1FFF1FFA
:103410009807FF1F8007FF1F07A819F015FC07A8D2
:10342000DDF7B2F807A819F067FCD4F80001A0F1A5
:103430000A031D2B40F27882CC4B0A930AA8F4F7BA
:1034400087F939B0BDEC048BBDE8F08FDFF8548309
:103450002AE6DFF8548327E6DFF8508324E6DFF816
:10346000508321E61BF0F0FDD9F80030012B7FF4EA
:103470005DAE1AF087FD13E0796819EE100ADEF7E9
:1034800069FA66E6DAF804105846DEF763FA60E691
:10349000716818EE100ADEF75DFA5AE61CF054FC6B
:1034A000C3B2B34A532B13707FF449AE0E21B14817
:1034B0001CF0B8FCAE4AB048117800230A2219F07B
:1034C000DBF9AD4819F0C0F90C9B53B10AA8DDF740
:1034D000E9FC0C9B2BB101201AF082F90C9B002B0C
:1034E000F9D13921A5481CF09DFCA34819F0ACF98D
:1034F000A34B01221A7022E61BF0BAFDD0E720216F
:10350000A0481CF08FFC9C4819F09EF90DA80025DE
:1035100019F070F812980C9518F062FA139818F0D8
:103520005FFA974B01262A46294628461E70DEF789
:1035300083FA2A4629463046DEF77EFA2A4629468D
:103540000220DEF779FA2A4629460320DEF774FACC
:103550002A4629460420DEF76FFA0320F3F786FA9D
:10356000D4F80001A0F10A031D2B3FF665AF3146E8
:10357000C0B21AF093F85FE700234FF000084FF055
:1035800000090122114600200193DEF755FAD5ED1E
:10359000057A9FED7D7A7D4C7D4822686168D4ED87
:1035A000026AF8EE677A01FB02F367EE877A95ED1F
:1035B000027AB8EE477A08EE103A67EE877AB8EEEC
:1035C000488AFCEEE77A28EE268A17EE901A18F061
:1035D0009FF8296A6E4818F08FF8019B012B00F0C4
:1035E0003E82FDEEC87A17EE900A1DF0DFFE4246DD
:1035F0004B461EF06FF88046584689461DF0D6FEB1
:1036000002460B46404649461DF03AFF1EF0E8F9D7
:1036100009EE100A5E4819EE101A18F09BF81521F1
:103620005C481CF0FFFB19EE101A534819F004F91E
:10363000514819F009F91D2157481CF0F3FB4E4879
:1036400019F002F92A6B012A00F0A481249B38A802
:1036500003F10B0100EB8303002243F88C7C00EBA9
:1036600081039346B7EE000A43F8B42C01210AA85F
:10367000249208EE10BAF8F73BF82DE500234FF03E
:1036800000084FF00009414C01930122114604202B
:10369000DEF7D2F9E16DA26D94ED180A01FB02F29A
:1036A00007EE902AF8EE677A27EE800A1CF0CEFE2D
:1036B000D5ED077A9FED347A3848F8EE677ABDEE9B
:1036C000C08A67EE877A95ED047AB8EE477A67EE9E
:1036D000877AFCEEE77A17EE901A18F019F8A96AC3
:1036E0002E4818F009F8019B012B18EE100A00F083
:1036F000C9811DF05BFE42464B461DF0EBFF804644
:10370000584689461DF052FE02460B464046494641
:103710001DF0B6FE1EF064F9834659461F4818F0A6
:1037200019F811211E481CF07DFB5946124819F06A
:1037300083F8114819F088F8249B38A803F10B018D
:1037400000EB8303002243F88CAC00EB810390462E
:10375000B7EE000A43F8B42C01210AA808EE102A9B
:10376000249209EE108AF7F7C3FFB5E4B40F050001
:10377000F016FF1F6CF304006008FF1F7CF30400C9
:10378000B018FF1F4CE604000AD7233CA813FF1F04
:103790006C18FF1F40F3040098F304009017FF1FFC
:1037A00058F30400E810FF1FF810FF1F0811FF1F57
:1037B0001811FF1F00234FF000084FF00009C84CFC
:1037C0000193012211460320DEF736F9E16BA26B6B
:1037D00094ED100A01FB02F207EE902AF8EE677AE8
:1037E00027EE800A1CF032FED5ED067A9FEDBD7AF9
:1037F000BD48F8EE677ABDEEC08A67EE877A95ED30
:10380000037AB8EE477A67EE877AFCEEE77A17EE2E
:10381000901A17F07DFF696AB34817F06DFF019B9E
:10382000012B18EE100A00F040811DF0BFFD42464A
:103830004B461DF04FFF8046584689461DF0B6FDA9
:1038400002460B46404649461DF01AFE1EF0C8F8D7
:1038500008EE100AA44818EE101A17F07BFF249BFC
:1038600038A803F10B0100EB8303002243F88C6CB2
:1038700000EB81039346B7EE000A43F8B42C012114
:103880000AA8249209EE10BAF7F732FF24E47A6806
:103890009649736852420A60954A5B421360D4F8B5
:1038A000E030002B7FF451AD2B68002B41D19149C2
:1038B00007A819F0C9F907A8DCF766FE07A819F0F0
:1038C0001BFA8D4907A819F0BFF907A8DCF75CFEC1
:1038D00007A819F011FA894907A819F0B5F907A83E
:1038E000DCF752FE07A819F007FA854907A819F076
:1038F000ABF907A8DCF748FE07A819F0FDF98149E4
:1039000007A819F0A1F907A8DCF73EFE07A819F0EF
:10391000F3F97D4907A819F097F907A8DCF734FEF9
:1039200007A819F0E9F910E50121C0B219F0B6FEB7
:1039300082E5033B012B3FF608AD11E07B686B4A43
:103940005B421360D4F8E030002BB0D0FDE4736824
:103950005B42664A1360D4F8E030002B7FF4F5AC8C
:103960006A4907A819F070F907A8DCF70DFE07A847
:1039700019F0C2F9604907A819F066F907A8DCF741
:1039800003FE07A819F0B8F96149A5E7DAF8043091
:103990005B42DEE7D5ED067ADFED526A95ED0B7AF4
:1039A0005C4BDFF880C1DFF88091F8EE677A27EE94
:1039B000267A67EEA67AD5ED036AF8EE666AB8EE67
:1039C000C98A67EEA67AD3ED006A534B28EE268AA1
:1039D000032028EE078AFCEEE78A4FF0170E1860E6
:1039E0004E4BCCF800E011464FF0100C4FF002089F
:1039F000C3F80080C9F800C04FF0000BDEF71CF8D8
:103A0000BDEEC88A18EE901A3748C6F804B017F011
:103A10007FFE696A344817F06FFE18EE101A3248BC
:103A200017F098FE249BCDF890B003F10C0238A853
:103A300000EB820200EB8300B7EE000A40F88C7CBA
:103A400038A800EB8303414643F8886C0AA842F883
:103A5000B4BCF7F74DFE08EE10BAFFF73DBB304B94
:103A60000022404649461DF035FE804618EE100AF9
:103A700089461DF0ADFC02460B46404649461DF006
:103A8000FFFCB8E51DF092FC02460B464046494655
:103A9000904699460022224B1DF01CFE02460B4622
:103AA000404649461DF0ECFC29E61DF07FFC02462D
:103AB0000B4640464946904699460022184B1DF059
:103AC00009FE02460B46404649461DF0D9FCB2E6C7
:103AD00000234FF000084FF00009FFF7EDBA00BFD8
:103AE000A813FF1F0AD7233C5017FF1F5018FF1FB2
:103AF0005418FF1F3CF404005CAE040054F40400AE
:103B000000B5040098E60400A4E6040068F404008C
:103B100080F40400B418FF1FCC07FF1F1810FF1F0C
:103B200000807640A807FF1FAC07FF1F2DE9F0417A
:103B30002DED028BA34AA44B116886B0002402919C
:103B400002991C70054613680193019B5B1A092BAF
:103B5000F9D99E499E4E9F4F03A819F075F803A806
:103B6000DCF712FD03A819F0C7F8316803A819F0B3
:103B70006BF803A8DCF708FD03A819F0BDF80023D3
:103B80003B70DEF7B7FAFF28044608BF0024DFF7D2
:103B900071FC2046DFF73CFD8F4B5B68013B51EC2D
:103BA000100B042B56D8DFE813F0DC00E200E8002D
:103BB000EE0005001DF05CFF884B08EE100A83ED57
:103BC000038A8749DFF8488203A819F03DF803A863
:103BD000DCF7DAFC03A819F08FF8D8F80030012BD5
:103BE00000F0EB80032B00F0E480002B00F0DD8080
:103BF0007C4CB0EE480ADCF77FFC216803A819F082
:103C000023F803A8DCF7C0FC03A819F075F8744981
:103C100003A819F019F803A8DCF7B6FC03A819F0FB
:103C20006BF8D8F80030012B00F0BB80032B00F0BC
:103C3000B480002B00F0AD80B0EE480ADCF75CFCED
:103C4000216803A819F000F803A8DCF79DFC03A87D
:103C500019F052F83B783BB9284606B0BDEC028B10
:103C6000BDE8F041FFF76AB95F4903A818F0ECFF1F
:103C700003A8DCF789FC03A819F03EF8316803A813
:103C800018F0E2FF03A8DCF77FFC03A819F034F872
:103C9000564903A818F0D8FF03A8DCF775FC03A861
:103CA00019F02AF8316803A818F0CEFF03A8DCF752
:103CB0006BFC03A819F020F84D4903A818F0C4FFC5
:103CC00003A8DCF761FC03A819F016F8316803A813
:103CD00018F0BAFF03A8DCF757FC03A819F00CF89A
:103CE000444903A818F0B0FF03A8DCF74DFC03A873
:103CF00019F002F8316803A818F0A6FF03A8DCF752
:103D000043FC03A818F0F8FF3B4903A818F09CFFF8
:103D100003A8DCF739FC03A818F0EEFF316803A80C
:103D200018F092FF03A8DCF72FFC03A818F0E4FFBB
:103D3000324903A818F088FF03A8DCF725FC03A884
:103D400018F0DAFF316803A818F07EFF03A8DCF74B
:103D50001BFC03A818F0D0FF06B0BDEC028BBDE839
:103D6000F0811DF085FE264B08EE100A27E71DF0B6
:103D70007FFE244B08EE100A21E71DF079FE224B4E
:103D800008EE100A1BE71DF073FE204B08EE100A28
:103D900015E722201CF0CCF84EE722201BF012F988
:103DA0004AE722201AF024F846E722201CF0C0F847
:103DB0001EE722201BF006F91AE722201AF018F855
:103DC00016E700BF5C1FFF1F6816FF1F2CB2040020
:103DD0008007FF1F1510FF1F3811FF1F2811FF1F3D
:103DE000A8F404008407FF1FC4F30400D8F3040000
:103DF000ECF3040000F40400BCF40400D0F404006C
:103E0000E810FF1FF810FF1F0811FF1F1811FF1FF8
:103E10009807FF1FFFFFFFFF2DE9F04F2DED108BDF
:103E20001F21ADF5337DC048C04DDFF868831BF01E
:103E3000F9FFBF4818F008FDDEF732FFBD4ABE4962
:103E4000D8F81C90D8F818B000235360BB4A5360D0
:103E5000BB4A5360BB4A5360BB4A5360BB4A1360C2
:103E60002B220A60BA49EB6F2C220A60B9492D2235
:103E70000A60B9492E220A60B8492F22002B0A6035
:103E800040F3A685012305930D21B5481BF0CAFF19
:103E90000121A74818F0D0FCA54818F0D5FC6B6D9F
:103EA00013F001030A9300F0E982A84AAD4C1368AD
:103EB000D8F818A01494013313609F4AD8F81C3026
:103EC0000F9301211160A84A1392D8B20623136000
:103ED0000523236019F0E2FB01215FFA8AF019F053
:103EE000DDFBD5ED186AD8ED057AD8F80C20D8F8A6
:103EF00010306C6C069486EEA77A02FB03F307EE93
:103F0000903AF8EE677A67EE877A17EE900A1DF01E
:103F10005FFA02460B462046CDE900231DF046FA23
:103F2000DDE900231DF0ACFA6A68AB69DFED8F7A3A
:103F300002FB03F308EE103AB8EEC88AEB6A0B9363
:103F400006460F468A48172128EE278A1BF06AFF8B
:103F5000E96F774818F070FC754818F075FC059CFF
:103F6000002C40F00E83059B0E93FDEEC87A71483D
:103F700017EE901A17F0CCFB0B9917F0BDFB3946E2
:103F8000044630461DF02CFD0146204617F0E2FBAA
:103F9000012211461046DDF74FFD696D11F0020157
:103FA00040F093826548009117F0B2FB0099DFED75
:103FB000718A17F0A1FB009917F0CCFB00991191C1
:103FC00001220220DDF738FD9FED557B696D6A4ABD
:103FD00018920123694A109311F004011992CDF847
:103FE00008B0CDF800900793B0EE47BAF0EE67BA8C
:103FF00040F056835248039117F08AFB03999FEDD6
:104000005D9A17F079FB039917F0A4FB03991291BD
:1040100001220320DDF710FD9FED417B696D584AB9
:104020001C920123574A169311F008011D92CDF8F6
:1040300010B0CDF80C900993B0EE47CAF0EE67CA05
:1040400000F0D283414A136801331360012B2A6DBB
:104050000893069201F08882089B022B02F083806D
:10406000089B032B01F0D684474948481F91122230
:104070000A60D8F8543038491E9013220260042296
:104080000A60002B42F0EB80D8F85C20D8F858305A
:1040900098ED180A02FB03F307EE903AF8EE677A00
:1040A00027EE800A1CF0D2F995ED1B6ADFED386A25
:1040B00086EE267AFDEEC07AF8EEE77A67EE877A2A
:1040C0009DED067AB8EEC77A67EE877A17EE900A0A
:1040D0001DF07EF96B6A2A69DFED247A059C02FBEC
:1040E00003F309EE903AF8EEE99AAB6B1A9341ECC0
:1040F0001D0B69EEA79A002C02F0AD80D5F8883030
:10410000002B02F37082DB0F1593FDEEE97A0D4868
:1041100017EE901A17F0FCFA1A993DE0AFF3008001
:104120000000000000000000E4F404004C12FF1F37
:104130006008FF1F1018FF1FC807FF1FD017FF1FC1
:104140005017FF1F9017FF1F6C18FF1F1810FF1F3D
:10415000CC07FF1FD007FF1FD407FF1FD807FF1F83
:1041600004F50400A007FF1FA407FF1F0AD7233C84
:1041700014F5040000000000AC07FF1FA807FF1F94
:10418000B407FF1FB007FF1FBC07FF1FB807FF1FC3
:104190000000B443A813FF1F17F0AEFA069B089364
:1041A000044651EC1D0B1DF01BFC0146204617F088
:1041B000D1FA012211460420DDF73EFC6C6D14F0AB
:1041C000100440F035830B9BA1480EEE103A109B73
:1041D0000FEE103A169B21460EEE903A17F098FA21
:1041E000214617F089FA214617F0B4FA0122214638
:1041F0002046DDF721FC974B2193974B20933946BE
:10420000012330461B9317941DF0EAFB0FEE900A32
:1042100051EC1B0B1DF0E4FB0AEE900A51EC1C0B59
:104220001DF0DEFB0AEE100A51EC1D0B1DF0D8FB51
:104230009FED857B8DED0C7BBDEEC88AFDEEE88A97
:10424000BDEEC99AFDEEE99A25460B90149B1A68BB
:10425000139B19680023CDE98633CDE99E338DF891
:1042600038329B939C938DF874327C4B85937C4BB6
:10427000849380238DF8203284AB8993092042F205
:104280009F4341F2883CCDE98A03052334A8CDE958
:10429000A0C317F0FDF918EE101A34A817F038FA79
:1042A0001EEE101A17F028FA1FEE901A17F052FAA5
:1042B000199B1A68189B44A8196817F0E9F918EEB9
:1042C000901A44A817F024FA1FEE101A17F014FAE7
:1042D0001AEE901A17F03EFA1D9B1A681C9B54A800
:1042E000196817F0D5F919EE101A54A817F010FA3A
:1042F0001EEE901A17F000FA1AEE101A17F02AFAAA
:104300001E9B1A681F9B64A8196817F0C1F919EE63
:10431000901A64A817F0FCF91A9917F0EDF90B99A7
:1043200017F018FA209B1A68219B74A8196817F0D7
:10433000AFF9214674A817F0EBF91B9917F0DCF9D7
:10434000294617F007FA059B002B40F0328701231E
:104350000A930E214348444C1BF064FD0A994348DC
:1043600018F06AFA414818F06FFA01230B9323689A
:104370002E932E9A23682D932D9B9B1A022BF9D9ED
:104380002C213B481BF04EFD0B9D3848294618F068
:1043900053FA364818F058FA0F2136481BF042FD00
:1043A0000A99324818F048FA304818F04DFA012DB1
:1043B0003BD0394630461DF013FB014634A817F0B8
:1043C000E3F951EC1B0B1DF00BFB014644A817F061
:1043D000DBF951EC1C0B1DF003FB014654A817F050
:1043E000D3F951EC1D0B1DF0FBFA014664A817F040
:1043F000CBF9DDE90C011DF0F3FA014674A817F0C2
:10440000C3F90E9B002B40F0D287119B002B40F08C
:10441000B787129B002B40F09C87159B002B40F028
:104420008187179B002B40F02F87134B1B68013BA4
:10443000042B00F21183DFE813F0C8030104DF034B
:10444000A003E202AFF300800000000000000000C3
:104450006C18FF1FC407FF1FC007FF1F700F050068
:10446000B40F050018F704005C1FFF1F6008FF1F52
:1044700028F7040058F704001810FF1F0A9C45484D
:104480009FED458A214617F043F9214617F034F98C
:10449000214617F05FF90122214610460E94DDF700
:1044A000CBFA696D3D4A139201233D4A0A9311F0FC
:1044B00002011492DA46CDF83C900B9306934FF02C
:1044C00000064FF000073FF46DAD364AD5ED196A8E
:1044D000136801331360012BAA6C079306926BD00B
:1044E000D8ED0A7AD8F82020D8F824302E4919912E
:1044F00086EEA77A02FB03F32C4A189207EE903A55
:10450000F8EE677A069B67EE877AFDEEE77A17EE9C
:10451000904A03FB04F415231360254A14230B600F
:104520000223136020461CF041FFAA68EB69DFED0F
:10453000217A02FB03F308EE903AD8F83030D8F82D
:104540002C200093F8EEE88A41EC1B0BD8B2012135
:104550002B6B109368EEA78A029219F09FF89DF8D2
:104560000800012119F09AF8059B002B00F0E9875B
:10457000D5F88030002B01F35E83DB0F119300F040
:10458000E2BFEB6F002B01F33B8341F03B870E93BF
:10459000EBE400BF1018FF1F00000000A407FF1F7E
:1045A000A007FF1F1810FF1FA807FF1FAC07FF1F62
:1045B000CC07FF1F0AD7233C98ED0A7AD8F82020B1
:1045C000D8F82430C6EE877A02FB03F3139A09EE7B
:1045D000103AB8EE499A152329EE279ADDED067AAE
:1045E0001360F8EEE77A149A1423136029EE279AE1
:1045F000C74A0223136019EE100A1CF0E9FEAA68EC
:10460000EB69079CDFEDC37AD8F82CA002FB03F31B
:1046100008EE103AD8F830300F93B8EEC88A064644
:104620000F46D8B221462B6B0B9328EE278A19F040
:1046300035F821465FFA8AF019F030F8059C002C15
:1046400041F0A781FDEEC87AB348DFEDB48A17EEDA
:10465000901A17F05DF80B9917F04EF8FDEEC97A35
:1046600017EE901A17F076F8AD4B1893AD4B1993DF
:104670009FEDA57B012310930023CDF808B0CDF862
:1046800000901193B0EE47BAF0EE67BA01221146DE
:104690000220DDF7D1F9696D11F004013FF4AAACF5
:1046A000A14A136801331360012BEA6C0993069247
:1046B00000F0B286099B022B01F008849B499C48BC
:1046C0001C9110220A60D8F834309A491D901722A4
:1046D000026003220A60002B41F0BD82D8F83C2022
:1046E000D8F8383098ED100A02FB03F307EE903A41
:1046F000F8EE677A27EE800A1BF0A8FE95ED1A6A9D
:10470000DFED8D6ACDF810B086EE267AFDEEC07A28
:10471000F8EEE77A67EE877A9DED067AB8EEC77A0B
:1047200067EE877A17EE900A1CF052FE41EC1C0BE4
:10473000CDF80C90EA682B6ADFED767A7F4802FBB1
:1047400003F309EE103AB8EEC99A6B6B1693162173
:1047500029EE279A1BF066FBD5F88410784818F0EC
:104760006BF8774818F070F8059C002C01F06F8505
:10477000D5F88430002B01F39285DB0F1293FDEE08
:10478000C97A704817EE901A16F0C2FF169916F003
:10479000B3FF069B0993044651EC1C0B1DF020F956
:1047A0000146204616F0D6FF0C2167481BF03AFB65
:1047B000B0EE4C0AF0EE6C0A6148022118F068F87D
:1047C0005F4818F041F8012211460320DDF734F963
:1047D0000E215E481BF026FB594818F035F8696D2C
:1047E00011F008017FF42EAC5948089116F090FFA3
:1047F0000899DFED4A9A16F07FFF089916F0AAFF94
:104800000899159101220420DDF716F99FED3E7BF2
:104810006C6D504A1F9201234F4A1A9314F01004F2
:104820001E920893B0EE47DAF0EE67DA3FF4CBACB5
:104830003D4A136801331360012B2A6C069200F085
:104840002F87022B01F0F683032B01F04C81D8F85F
:10485000042098ED020A042BD8F8003002FB03F381
:1048600007EE903AF8EE677A27EE800A01F04C8561
:104870003A4A3B492192032313603A4A209102238A
:104880000B60002313601BF0E1FDD5ED176A9FED6F
:104890002A7AC6EE877ABDEEC0AAB8EECAAA2AEE78
:1048A00027AADDED067AF8EEE77A2AEE27AA1AEEB5
:1048B000100A1CF08DFD6B692A68DFED167AAC6A70
:1048C00002FB03F30AEE903A059BF8EEEAAACDE963
:1048D0000C016AEEA7AA002B01F0F184AB6F002B4C
:1048E00001F39F85DB0F17930B9B1F481B940EEE64
:1048F000103A109BFDEEEA7A0FEE103A169B17EE77
:10490000901A254632E000BF0000000000000000C1
:10491000C807FF1F0AD7233CD017FF1F0000000065
:10492000AC07FF1FA807FF1F1810FF1FB407FF1FCA
:10493000B007FF1FD007FF1F0000B443DCF50400E1
:104940006008FF1F5017FF1F04F6040014F6040050
:104950009017FF1FBC07FF1FB807FF1FC407FF1FEB
:10496000C007FF1FD807FF1F6C18FF1F0EEE903AFD
:1049700017EE904A16F0CCFE294616F0BDFEFDEE6D
:10498000CA7A17EE901A17EE905A16F0E3FE3946DF
:1049900030461DF025F80FEE900A51EC1B0B1DF070
:1049A0001FF80AEE900A51EC1C0B1DF019F80AEEE4
:1049B000100A51EC1D0B1DF013F8BDEEC88AFDEE78
:1049C000E88ABDEEC99AFDEEE99A0B9000F0F5BEBB
:1049D000D5F88030002B3FF755AAD5F88430002B4E
:1049E0003FF750AAD5F88830002B3FF74BAAAB6FA2
:1049F000002BD4BF002301230593FFF745BA9E9BEC
:104A0000B2A803F10F0200EB820200EB830034AD89
:104A100040F88C5CB2A800EB830044AD40F8885CA1
:104A2000B2A800EB830054AD40F8845CB2A800EB60
:104A3000830064AD40F8805CB2A800EB83030021E2
:104A400074A843F87C0C9E9142F8B41CB7EE000A9F
:104A5000052184A8F6F74CFE0921B5481BF0E2F9C0
:104A6000B44817F0F1FE869B002B6DD00F9BA3F18D
:104A70000A02DBB208EE103A5B460592CB46994635
:104A8000059B1D2B40F2F680AAF10A031D2B40F274
:104A90003D81009B0A3B1D2B40F25A81029B0A3B41
:104AA0001D2B40F28F81039B0A3B1D2B40F29A8104
:104AB000049B0A3B1D2B40F2A581ABF10A031D2B81
:104AC00040F2B081A9F10A031D2B40F2BB81D8F856
:104AD000F800A0F10A031D2B0CD8C0B218F014FE88
:104AE000054698F8F80018F00FFED8F8FC30984208
:104AF00041F07E8119F032FA002840F3B8818E4BE4
:104B00001B68012B00F0BA81032B00F0CB81002B36
:104B100000F0C581894A00231370304639461CF0E5
:104B20005FFF359D23683093309A23682F932F9B26
:104B30009B1A092BF9D92946DCF70CFF869B002B21
:104B40009ED14B46D9469B460B9B0A9A01339A420B
:104B50000B93BFF60CACD8F8E030012B00F0C68008
:104B6000774B1B6831AC042B00F2DB81DFE813F0DC
:104B7000FA06E306CC06B5069D019E9BB2A803F19A
:104B80000E0200EB820200EB830034AD40F88C5C37
:104B9000B2A800EB830044AD40F8885CB2A800EBFB
:104BA000830054AD40F8845CB2A800EB830300217D
:104BB00064A843F8800C9E9142F8B41CB7EE000A3A
:104BC000042184A8F6F794FD46E79E9BB2A803F162
:104BD0000B0200EB830334A843F88C0CB2AB03EB5D
:104BE000820300219E9143F8B41CB7EE000A012114
:104BF00084A8F6F77DFD2FE79E9BB2A803F10D0276
:104C000000EB820200EB830034AD40F88C5CB2A86C
:104C100000EB830044AD40F8885CB2A800EB83034E
:104C2000002154A843F8840C9E9142F8B41CB7EEBE
:104C3000000A032184A8F6F75BFD0DE79E9BB2A84E
:104C400003F10C0200EB820200EB830034AD40F86C
:104C50008C5CB2A800EB8303002144A843F8880CC5
:104C60009E9142F8B41CB7EE000A022184A8F6F720
:104C70003FFDF1E618EE100A18F046FDD8F8FC30BA
:104C800098423FF401AF069B002B7FF7FDAE87A84B
:104C9000002517F0AFFC8C98869516F0A1FE8D9834
:104CA00016F09EFE274B01242A46294628461C70F2
:104CB000DCF7C2FE2A4629462046DCF7BDFE2A461E
:104CC00029460220DCF7B8FE2A4629460320DCF7F5
:104CD000B3FE2A4629460420DCF7AEFE0B20F1F78E
:104CE000C5FED8F8E030012B7FF43AAF1621164804
:104CF0001BF098F8D8F8E0100E4800230A2217F0AD
:104D0000BBFD0C4817F0A0FD31ACC6E15FFA8AF09C
:104D100018F0FAFCD8F8FC3098423FF4BAAE069B83
:104D2000002BBFF6B6AE2B2108481BF07BF823E022
:104D300078F704006008FF1F9807FF1FF016FF1F99
:104D4000C807FF1FB018FF1F28F3040084F70400F2
:104D50009DF8000018F0D8FCD8F8FC3098423FF4D9
:104D60009DAE079B002B7FF799AE734828211BF05F
:104D700059F8724817F068FD87A8002517F03AFC2B
:104D80008C98869516F02CFE8D9816F029FE6C4BAB
:104D900001242A46294628461C70DCF74DFE2A4687
:104DA00029462046DCF748FE2A4629460220DCF741
:104DB00043FE2A4629460320DCF73EFE0B20F1F78E
:104DC00055FEC8E69DF8080018F09EFCD8F8FC30A7
:104DD00098423FF468AE079B002BBFF664AE59487B
:104DE0002821C4E79DF80C0018F08EFCD8F8FC30A0
:104DF00098423FF45DAE099B002B7FF759AE5248B5
:104E00002821B4E79DF8100018F07EFCD8F8FC309B
:104E100098423FF452AE099B002BBFF64EAE4B4872
:104E20002821A4E75FFA8BF018F06EFCD8F8FC306C
:104E300098423FF447AE089B002B7FF743AE4448AF
:104E400028210EE05FFA89F018F05EFCD8F8FC30FB
:104E500098423FF43CAE089B002BBFF638AE3D486D
:104E600028211AF0DFFF354817F0EEFC0FE71AF0A3
:104E7000EBF8394B1B68012B7FF446AE19F082F832
:104E8000C3B2364A532B13707FF447AE869B13B1DF
:104E900084A8DCF707F82A4B01221A705BE61AF0A7
:104EA00053FFEDE71AF0E4F8EAE72D49204617F042
:104EB000CBFE2046DBF768FB204617F01DFF294993
:104EC000204617F0C1FE2046DBF75EFB204617F0B8
:104ED00013FF2549204617F0B7FE2046DBF754FBA9
:104EE000204617F009FF2149204617F0ADFE204665
:104EF000DBF74AFB204617F0FFFE1D49204617F05E
:104F0000A3FE2046DBF740FB204617F0F5FE1949CB
:104F1000204617F099FE2046DBF736FB204617F0B7
:104F2000EBFE154B1B68042B64D8DFE813F0BF04BD
:104F30006300A80491042700B0F704006008FF1F75
:104F4000B018FF1FDCF7040008F8040034F8040070
:104F500060F804008CF804009807FF1FF016FF1F8C
:104F6000DCF804005CAE0400F4F8040000B50400B2
:104F700098E60400A4E60400CC07FF1FCF492046B2
:104F800017F062FE2046DBF7FFFA204617F0B4FE6A
:104F9000CB49204617F058FE2046DBF7F5FA2046AD
:104FA00017F0AAFEC749204617F04EFE2046DBF751
:104FB000EBFA204617F0A0FEC349204617F044FE46
:104FC0002046DBF7E1FA204617F096FEBF4920465F
:104FD00017F03AFE2046DBF7D7FA204617F08CFE92
:104FE000BB49204617F030FE2046DBF7CDFA2046BD
:104FF00017F082FEB74B1B68032B00F0BB86042B17
:1050000000F03887002B00F04B87B34B1B68002B58
:1050100000F0EC81042B3BD1A849204617F014FE88
:105020002046DBF7B1FA204617F066FEA449204679
:1050300017F00AFE2046DBF7A7FA204617F05CFEC1
:10504000A049204617F000FE2046DBF79DFA2046D7
:1050500017F052FE9C49204617F0F6FD2046DBF77C
:1050600093FA204617F048FE9849204617F0ECFDC9
:105070002046DBF789FA204617F03EFE9449204689
:1050800017F0E2FD2046DBF77FFA204617F034FEEA
:10509000924B1B68002B00F09E83359E904F459DE0
:1050A0005599904B659A1868759B76423E608E4E76
:1050B0006D4235608D4D494229608D498D4D52427A
:1050C0000A608D4A5B42136000210122DCF7B4FCC8
:1050D0008A4B012218680021DCF7AEFC7D4B0122CF
:1050E00018680021DCF7A8FC7B4B0122186800211E
:1050F000DCF7A2FC794B012218680021DCF79CFC4C
:105100007F49204617F0A0FD2046DBF73DFA2046F8
:1051100017F0F2FD2968204617F096FD2046DBF7D0
:1051200033FA204617F0E8FD7649204617F08CFD4B
:105130002046DBF729FA204617F0DEFD29682046D5
:1051400017F082FD2046DBF71FFA204617F0D4FD4A
:105150006D49204617F078FD2046DBF715FA20460A
:1051600017F0CAFD2968204617F06EFD2046DBF7D0
:105170000BFA204617F0C0FD644AD8F8000100235E
:105180005360634A5360634A5360634A5360634A9F
:105190005360A0F10A031D2B40F28A80604B849378
:1051A00084A8F2F7D5FA0DF5337DBDEC108BBDE880
:1051B000F08F0A981CF0FAF804460D4622462B465A
:1051C000304639461CF086FA224606460F462B46E4
:1051D00051EC1B0B1CF07EFA02460B4643EC1A2BDB
:1051E00051EC1C0BB0EE4ABAF0EE6ABA22462B46DE
:1051F0001CF070FA02460B4643EC192B51EC1D0BC8
:10520000B0EE49CAF0EE69CA22462B461CF062FA9B
:10521000224641EC180B2B46DDE90C01B0EE48DAD2
:10522000F0EE68DA1CF056FA04460D463046394670
:10523000CDE90C451CF0D4FB34AB0146184616F002
:10524000A3FA51EC1A0B1CF0CBFB44AB01461846F9
:1052500016F09AFA51EC190B1CF0C2FB014654A847
:1052600016F092FA51EC180B1CF0BAFB014664A838
:1052700016F08AFA294620461CF0B2FB014674A8B3
:1052800016F082FAFFF765B8DDE90C1202F100436F
:1052900028912993DDE928011CF0A2FB9DED287BD4
:1052A000014674A88DED0C7B16F06EFAFFF7BDB8C1
:1052B0000121C0B218F0F2F970E700BFDCE704008A
:1052C0005CAE0400F4E7040000B5040098E60400B6
:1052D000A4E60400D007FF1FD407FF1FD807FF1F55
:1052E0005018FF1FC807FF1F5418FF1F5818FF1F33
:1052F0005C18FF1F8007FF1F6018FF1FCC07FF1FF0
:105300005CE5040088E504000CF904001018FF1F98
:10531000D017FF1F5017FF1F9017FF1F6C18FF1F9C
:10532000B40F050052EC1D1B02F100438DED26DA8F
:105330002793DDE926011CF053FB9DED267B0146FA
:1053400064A8B0EE47DAF0EE67DA16F01DFAFFF760
:1053500068B852EC1C1B02F100438DED24CA259362
:10536000DDE924011CF03CFB9DED247B014654A8A3
:10537000B0EE47CAF0EE67CA16F006FAFFF74DB86E
:1053800052EC1B1B02F100438DED22BA2393DDE9A1
:1053900022011CF025FB9DED227B014644A8B0EEC6
:1053A00047BAF0EE67BA16F0EFF9FFF732B807F137
:1053B00000432B932A96DDE92A56314628461CF0F5
:1053C0000FFB014634A816F0DFF90F21A2481AF0AE
:1053D00029FD46EC105B0221A04817F059FA9F48BE
:1053E00037462E4617F030FAFFF70FB89C49204693
:1053F00017F02AFC2046DBF7C7F8204617F07CFCA4
:105400009849204617F020FC2046DBF7BDF82046DF
:1054100017F072FC944914E61399D8F8343010222E
:105420000A60149917220A60904903220A60002B2F
:1054300040F06084D8F83C20D8F8383098ED100A55
:1054400002FB03F307EE903AF8EE677A27EE800A44
:105450001AF0FCFF95ED1A6ADFED856A86EE267A72
:10546000FDEEC07AF8EEE77A67EE877A9DED067A70
:10547000B8EEC77A67EE877A17EE900A1BF0A8FF9E
:105480002B6AEA68DFED7B7A059C02FB03F308EEEA
:10549000103AB8EEC88A6B6B0B9328EE278A064643
:1054A0000F463CB1D5F88430002B01F36A801CBF55
:1054B000059B0E93FDEEC87A6F489FED709A17EE2C
:1054C000901A16F025F90B9916F016F96C4B1C93EF
:1054D0006C4B1D9301230446169339460023304636
:1054E0001293CDF810B0CDF80C901CF079FA01466B
:1054F000204616F02FF90C2163481AF093FC47EC74
:10550000106B0221554817F0C3F9544817F09CF965
:105510000C215E481AF086FC18EE100A1BF058FFAA
:1055200041EC100B02214D4817F0B2F94B4817F02F
:105530008BF99FED477BB0EE47CAF0EE67CAFFF7E5
:1055400042B9059B1193FDEEE87A514817EE901A87
:1055500016F0DEF8109916F0CFF8214616F0FAF89A
:10556000069B0793FFF792B81399D8F8543012228C
:105570000A60149913220A603C4904220A60002B35
:1055800040F09883D8F85C20D8F8583098ED180A85
:1055900002FB03F307EE903AF8EE677A27EE800AF3
:1055A0001AF054FF95ED1B6ADFED316A86EE267A1C
:1055B000FDEEC07AF8EEE77A67EE877A9DED067A1F
:1055C000B8EEC77A67EE877A17EE900A1BF000FFF5
:1055D0006B6A2A69DFED277A059C02FB03F308EE6C
:1055E000103AB8EEC88AAB6B0B9328EE278A0646B2
:1055F0000F463CB1D5F88830002B00F3D2871CBF92
:10560000059B0E93FDEEC87A2248DFED1C9A17EE3B
:10561000901A16F07DF80B9916F06EF81E4B1F933A
:105620001E4B1E9301231A93002304461593304604
:1056300039461CF0D5F90146204616F08BF89FED4F
:10564000047BB0EE47DAF0EE67DAFEF7B2BD00BFDA
:10565000000000000000000068F704006008FF1F61
:105660000CE804005CAE040024E80400C807FF1F37
:105670000000B4430AD7233C5017FF1F000000006E
:10568000B407FF1FB007FF1F9CF50400ACF5040032
:10569000D017FF1F9017FF1FBC07FF1FB807FF1F82
:1056A000D8F80420D8F8003098ED020A02FB03F382
:1056B000139A07EE903A03231360149AF8EE677A70
:1056C00002231360BE4A002327EE800A13601AF0FB
:1056D000BDFED5ED176A9FEDBB7AC6EE877ABDEEAB
:1056E000C0AAB8EECAAA2AEE27AADDED067AF8EE1D
:1056F000E77A2AEE27AA1AEE100A1BF069FE6B69F8
:105700002A68DFEDB17AAC6A02FB03F308EE103AC7
:10571000059BB8EEC88A064628EE278A0F46002B5E
:1057200040F04181109BA948BDEEC88A0FEE103AA7
:10573000169B18EE101A0EEE903A15F0E9FF21466E
:1057400015F0DAFFFDEECA7A002517EE901AF0EE9A
:1057500067FA15F0FFFF11219D481AF063FB47EC33
:10576000106B02219B4817F093F89A4817F06CF8D9
:10577000994B2193994B209351EC1B0B01231B93C5
:1057800017951CF02DF9FDEEE88ABDEEC99AFDEEE5
:10579000E99A0AEE900A0EEE104A2C4651EC1C0BC8
:1057A0001CF01EF90AEE100A51EC1D0B1CF018F942
:1057B0009FED817B8DED0C7B0B900122114600202B
:1057C000DCF73AF9112186481AF02CFB814817F0D2
:1057D0003BF8FEF73BBD8349204617F035FA2046DB
:1057E000DAF7D2FE204617F087FA7F49204617F0F5
:1057F0002BFA2046DAF7C8FE204617F07DFA7B49DF
:10580000204617F021FA2046DAF7BEFE204617F0B0
:1058100073FA7749204617F017FA2046DAF7B4FEF4
:10582000204617F069FA7349204617F00DFA204612
:10583000DAF7AAFE204617F05FFA6F49204617F004
:1058400003FA2046DAF7A0FE204617F055FA24E4C2
:105850006A49204617F0F8F92046DAF795FE204607
:1058600017F04AFA6049204617F0EEF92046DAF7B9
:105870008BFE204617F040FA6149FFF794BB61495F
:10588000204617F0E1F92046DAF77EFE204617F0B1
:1058900033FA5549204617F0D7F92046DAF774FE57
:1058A000204617F029FA5849FFF77DBB4D4920469D
:1058B00017F0CAF92046DAF767FE204617F01CFAFF
:1058C0004949204617F0C0F92046DAF75DFE204628
:1058D00017F012FA4549FFF766BB4849204617F012
:1058E000B3F92046DAF750FE204617F005FA3E4994
:1058F000204617F0A9F92046DAF746FE204617F0B1
:10590000FBF93F49FFF7E6BA3E49204617F09CF9FC
:105910002046DAF739FE204617F0EEF932492046E4
:1059200017F092F92046DAF72FFE204617F0E4F937
:105930003549FFF7CFBA3549204617F085F920469B
:10594000DAF722FE204617F0D7F92749204617F04C
:105950007BF92046DAF718FE204617F0CDF92C49DE
:10596000FFF7B8BA1F49204617F06EF92046DAF75C
:105970000BFE204617F0C0F91B49204617F064F9CA
:105980002046DAF701FE204617F0B6F91749FFF76F
:10599000A1BAD5F88030002B00F3E3851CBF059B2E
:1059A0000E93FEF74FBEAB6F002B00F30A861CBFB1
:1059B000059B0E93B6E600BF00000000000000004B
:1059C000C807FF1F0000B4430AD7233C6C18FF1F11
:1059D00074F604006008FF1FC407FF1FC007FF1F05
:1059E00004F704000CE804005CAE040024E80400A2
:1059F00000B5040098E60400A4E60400ACE7040047
:105A0000C4E704007CE7040094E70400C4F8040041
:105A100064E704001C99D8F8543012220A601D99DA
:105A200013220A60C44904220A60002B40F0128647
:105A3000D8F85C20D8F8583098ED180A02FB03F328
:105A400007EE903AF8EE677A27EE800A1AF0FEFC2D
:105A500095ED1B6ADFEDB96A86EE267AFDEEC07A17
:105A6000F8EEE77A67EE877A9DED067AB8EEC77AA8
:105A700067EE877A17EE900A1BF0AAFC6B6A2A6918
:105A8000DFEDAF7A059C02FB03F309EE103AB8EEA6
:105A9000C99AAB6B169341EC1C0B29EE279A3CB1CB
:105AA000D5F88830002B00F319861CBF059B129394
:105AB000FDEEC97AA348DFEDA49A17EE901A15F00F
:105AC00027FE169915F018FEA04A1F92A04A1E92B2
:105AD000069A09920123002204461A9351EC1C0BEA
:105AE00015920893A5E51C9A98ED020A1360D8F860
:105AF0000420D8F8003002FB03F307EE903A1D9A19
:105B0000F8EE677A022313608B4A002327EE800A9F
:105B100013601AF09BFCD5ED176A9FED887AC6EEEC
:105B2000877ABDEEC0AAB8EECAAA2AEE27AADDED92
:105B3000067AF8EEE77A2AEE27AA1AEE100A1BF088
:105B400047FC6B692A68DFED7E7AAC6A02FB03F3DF
:105B500009EE103A059BB8EEC99A41EC1C0B29EEF0
:105B6000279A33B1AB6F002B00F395851CBF059BC3
:105B700012930B9B7748BDEEC99A0EEE103A109B1C
:105B800019EE101A0FEE103A15F0C2FD214615F06D
:105B9000B3FDFDEECA7A002517EE901AB0EE67AAA3
:105BA00015F0D8FD11216C481AF03CF9B0EE4C0A02
:105BB000F0EE6C0A0221694816F06AFE674816F09A
:105BC00043FE674B2193674B2093069B099339460D
:105BD000012330461B9317951BF002FF0FEE900A2E
:105BE00051EC1B0B1BF0FCFE0EEE904ABDEEC88A7A
:105BF000FDEEE88AFDEEE99A0AEE900A2C46D3E51E
:105C00005B00172158480A931AF00CF9E96F5348C2
:105C100016F012FE514816F017FE0D2153481AF0E7
:105C200001F90A994D4816F007FE4C4816F00CFE93
:105C30000E94FEF79AB95A000D214D480A921AF0B7
:105C4000F1F80A99454816F0F7FD444816F0FCFDB6
:105C5000059B119377E4D8F85030D8F84C20039383
:105C60001446D8B20121049217F018FD0121E0B2C8
:105C700017F014FDD5ED1A6AD8ED117AD8F838204E
:105C8000D8F83C3086EEA77A02FB03F307EE903A91
:105C9000F8EE677A67EE877A9DED067AB8EEC77AF6
:105CA00067EE877A17EE900A1BF092FB41EC1C0B13
:105CB000FEF740BDD8F87030089CD8F86CA00F9360
:105CC000D8B2214617F0EAFC21465FFA8AF017F0B5
:105CD000E5FCD8F85C30D8F85820D8ED197AD5ED25
:105CE0001B6A02FB03F386EEA77A07EE903AF8EE02
:105CF000677A61E4D8F85030099CD8F84CA00F932B
:105D0000D8B2214617F0CAFC21465FFA8AF017F094
:105D1000C5FCD8F83C30D8F83820D8ED117AD5ED4C
:105D20001A6A02FB03F386EEA77A07EE903AF8EEC2
:105D3000677AFFF799BB00BFD007FF1F0000B4438D
:105D40000AD7233C9017FF1F00000000BC07FF1F6D
:105D5000B807FF1F6C18FF1FD0F604006008FF1F74
:105D6000C407FF1FC007FF1F2CF5040044F5040003
:105D70007CF504009A49204616F066FF2046DAF7C3
:105D800003FC204616F0B8FF9649204616F05CFF4B
:105D90002046DAF7F9FB204616F0AEFF924920467E
:105DA00016F052FF2046DAF7EFFB204616F0A4FF6C
:105DB0008E49204616F048FF2046DAF7E5FB2046DC
:105DC00016F09AFF8A49204616F03EFF2046DAF781
:105DD000DBFB204616F090FF8649204616F034FF84
:105DE0002046DAF7D1FB204616F086FFFFF70DB903
:105DF000082181481AF016F82946804816F01CFD43
:105E00007E4816F021FD87A8002416F0F3FB8C983D
:105E1000869415F0E5FD8D9815F0E2FD784B01258F
:105E20002246214620461D70DBF706FE224621460B
:105E30002846DBF701FE224621460220DBF7FCFD67
:105E4000224621460320DBF7F7FD224621460420A7
:105E5000DBF7F2FD0B20F0F709FED8F80001A0F106
:105E60000A031D2B3FF69AA92946C0B217F016FC6B
:105E7000FFF794B96349204616F0E6FE2046DAF7AC
:105E800083FB204616F038FF5649204616F0DCFE0C
:105E90002046DAF779FB204616F02EFF5A497EE7B6
:105EA0005A49204616F0D0FE2046DAF76DFB204610
:105EB00016F022FF4B49204616F0C6FE2046DAF7C0
:105EC00063FB204616F018FF514968E71899D8F887
:105ED000343010220A60199917220A604D490322B2
:105EE0000A60002B40F0DF82D8F83C20D8F8383028
:105EF00098ED100A02FB03F307EE903AF8EE677A8A
:105F000027EE800A1AF0A2FAD5ED1A6A9FED427ABE
:105F1000C6EE877AFDEEC09AF8EEE99A69EEA79A86
:105F2000DDED067AF8EEE77A69EEA79AFDEEE99ADA
:105F300019EE900A1BF03AFA41EC1B0B2B6AEA6847
:105F4000DFED367A059C02FB03F308EE903AF8EE9B
:105F5000E88A6B6B109368EEA78A3CB1D5F8843061
:105F6000002B00F391821CBF059B1193FDEEE87A94
:105F70002B489FED2C9A17EE901A15F0C9FB10993B
:105F800015F0BAFB19EE901A15F0E4FB0C21264827
:105F900019F048FFB0EE4B0AF0EE6B0A02211748E9
:105FA00016F076FC01241548169416F04DFC1F4B94
:105FB0001C939FED097B1E4B1D93069B07930023AB
:105FC000CDF810B0CDF80C9012930994B0EE47CAFA
:105FD000F0EE67CAFEF7F7BB00000000000000000B
:105FE000ACE704005CAE0400C4E7040000B50400A4
:105FF00098E60400A4E60400B8F804006008FF1F57
:10600000B018FF1FDCE70400F4E704000CE804000C
:1060100024E80400CC07FF1F0000B4430AD7233C48
:106020005017FF1F00000000CCF50400B407FF1F4D
:10603000B007FF1F199A98ED020A1360D8F80420E0
:10604000D8F8003002FB03F307EE903A189AF8EE06
:10605000677A032313609E4A002327EE800A1360A9
:106060001AF0F4F995ED176ADFED9A6A86EE267A52
:10607000FDEEC07AF8EEE77A67EE877A9DED067A54
:10608000B8EEC77A67EE877AFDEEE77A17EE900AE8
:10609000F0EE67AA1BF08AF96B692A68DFED8E7A49
:1060A000AC6A02FB03F30AEE103A059BB8EECAAAEB
:1060B00041EC1B0B2AEE27AA33B1AB6F002B00F388
:1060C000D2811CBF059B11930B9B8448FDEECA8AAD
:1060D0000EEE103A169B18EE901A0EEE903A15F04E
:1060E00017FB214615F008FB1AEE901A15F032FB4B
:1060F00011217B4819F096FEB0EE4B0AF0EE6B0AC8
:106100000221784816F0C4FB764816F09DFB112159
:10611000754819F087FE1AEE100A1BF059F941EC88
:10612000100B02216F4816F0B3FB6E4816F08CFB83
:106130006E4B21936E4B2093069B07930025012302
:10614000304639461B9317951BF04AFC0FEE104A58
:10615000BDEEC88ABDEEC99AFDEEE99A0FEE900A2F
:106160002C46FFF71BBB1899D8F8543012220A604E
:10617000199913220A60564904220A60002B40F044
:10618000C281D8F85C20D8F8583098ED180A02FB84
:1061900003F307EE903AF8EE677A27EE800A1AF0DA
:1061A00055F995ED1B6ADFED4B6A86EE267AFDEE1A
:1061B000C07AF8EEE77A67EE877A9DED067AB8EE58
:1061C000C77A67EE877AFDEEE77A17EE900A17EE48
:1061D000904A1BF0EBF841EC1B0B6B6A2A69DFED70
:1061E0003E7A02FB03F308EE903AAB6B1093F8EEA5
:1061F000E88A059B68EEA78A3BB1D5F88830002B6A
:1062000000F321811CBF059B1193FDEEE87A39480C
:10621000DFED399A17EE901A15F07AFA109915F009
:106220006BFA214615F096FA344A1F929FED267BB1
:10623000334A1E92069A0792012300221A9315925E
:106240000893B0EE47DAF0EE67DAFDF7B2BF059BD0
:106250001293FEF794BA059B1593FDF756BFD8F835
:106260007090D8F86CB001215FFA89F017F016FA37
:1062700001215FFA8BF017F011FAD8F85C30D8F8EA
:106280005820D8ED197AD5ED1B6A02FB03F386EE90
:10629000A77A07EE903AF8EE677AFDF70FBF5B003A
:1062A0000D2118480A9319F0BDFD0A990D4816F002
:1062B000C3FA0C4816F0C8FA1294FEF760BA059BB0
:1062C0001793FEF711BB00BF0000000000000000A4
:1062D000CC07FF1F0000B4430AD7233C6C18FF1FF4
:1062E00098F604006008FF1FACF60400C407FF1F07
:1062F000C007FF1F9017FF1F00000000BC07FF1F13
:10630000B807FF1FF4F504001F9A032313601E9AB9
:1063100002231360BE4A002313601AF097F8D5EDEC
:10632000176A9FEDBC7AC6EE877ABDEEC0AAB8EEBA
:10633000CAAA2AEE27AADDED067AF8EEE77A2AEE57
:1063400027AA1AEE100A1BF043F86B692A68DFEDE2
:10635000B27AAC6A02FB03F309EE903A059BF8EEC1
:10636000E99A41EC1D0B69EEA79A33B1AB6F002B94
:1063700000F3A3811CBF059B15930B9BA7481A94A0
:106380000EEE103A109BFDEEE99A0FEE103A169BB6
:1063900019EE901A0EEE903A15F0BAF9214615F062
:1063A000ABF9FDEECA7A002517EE901ACDED0B7A07
:1063B00015F0D0F99A4B21939A4B2093069B0893A2
:1063C0003946012330461B9317951BF009FB0FEE4E
:1063D000900A51EC1B0B1BF003FB0AEE900A51ECE8
:1063E0001C0B1BF0FDFA9FED887BBDEEC88A8DED7E
:1063F0000C7BFDEEE88ABDEEC99A0AEE100A2C4627
:10640000FFF7DBB91721884819F00CFDE96F8748C1
:1064100016F012FA854816F017FA059B0E93FDF751
:10642000A4BD5A0015460E2181480A9219F0FAFCC3
:1064300029467E4816F000FA7C4816F005FA059BBE
:106440001793FEF751BA5A000D217A480A9219F0B3
:10645000E9FC0A99754816F0EFF9744816F0F4F95A
:10646000059B1193D1E65A0015460E2172480A92F7
:1064700019F0D8FC29466D4816F0DEF96B4816F085
:10648000E3F9059B11931FE65B000D216B480A930E
:1064900019F0C8FC0A99654816F0CEF9634816F061
:1064A000D3F9119462E5D8F85030D8F84C20009315
:1064B0001446D8B20121029217F0F0F80121E0B29F
:1064C00017F0ECF8D5ED1A6A98ED117AD8F8382063
:1064D000D8F83C30C6EE877A02FB03F309EE903A17
:1064E000F8EE699A69EEA79ADDED067AF8EEE77A9A
:1064F00069EEA79A19EE900A1AF06AFFFDEEE99A82
:1065000041EC1B0B1AE5D8F87030D8F86C200093DA
:106510001446D8B20121029217F0C0F8E0B201216E
:1065200017F0BCF8D5ED1B6AD8ED197AD8F85820C9
:10653000D8F85C3086EEA77A02FB03F307EE903AB8
:10654000F8EE677A069B67EE877AFDEEE77A17EE3C
:10655000904A03FB04F420461AF028FF41EC1B0B81
:106560003BE65B000D2136480A9319F05BFC0A9963
:106570002E4816F061F92D4816F066F90E94FEF7D4
:1065800061B85B000D212F480A9319F04BFC0A9962
:10659000264816F051F9254816F056F90E94FEF7E4
:1065A00089BF5B000D2128480A9319F03BFC0A992A
:1065B0001E4816F041F91D4816F046F90E94FFF7F3
:1065C00021B85A0015460E2120480A9219F02AFCDB
:1065D0002946164816F030F9144816F035F9059B8F
:1065E0000E93FFF79FB85B000E2119480A9319F02C
:1065F00019FC0A990D4816F01FF90C4816F024F9F9
:106600001594FDF782BD00BF0000000000000000EF
:10661000D407FF1F0000B4430AD7233C6C18FF1FA8
:10662000C407FF1FC007FF1F54F504006008FF1FC9
:10663000F4F6040034F6040088F60400BCF5040007
:106640006CF504008CF5040024F6040064F60400E4
:1066500054F60400D8F87030D8F86C200393144630
:10666000D8B20121049217F019F80121E0B217F015
:1066700015F8D8F85C30D8F85820D8ED197AD5ED4F
:106680001B6A02FB03F386EEA77A07EE903AF8EE58
:10669000677AFFF7E7B95A0015460E2117480A92A4
:1066A00019F0C0FB2946164816F0C6F8144816F033
:1066B000CBF8059B1293FFF75CBA5A0015460E21E2
:1066C00010480A9219F0AEFB29460D4816F0B4F8AE
:1066D0000B4816F0B9F8059B15934EE65B000E21AA
:1066E00009480A9319F09EFB0A99054816F0A4F888
:1066F000034816F0A9F81294FFF7DAB9C0F60400BF
:106700006008FF1FE4F6040044F604002DE9F04F92
:106710002DED048B0246CDB00B46B248DFF834B302
:10672000192108EE902A08EE103A19F07BFBAE48CA
:1067300016F08AF8DCF7B4FA1821AC4819F072FBAD
:10674000A94816F081F8DBF8002006920699DBF8DC
:1067500000300593059B5B1A092BF8D9A449DFF893
:10676000F882A44CA44FDFF8F4921EA816F06CFA3D
:106770001EA8D9F709FF1EA816F0BEFA9F4B1EA847
:10678000196816F061FA1EA8D9F7FEFE1EA816F0C9
:10679000B3FA9B4BD8F80010A66900221A60994BF7
:1067A0003A601A60984BC9F800201A60974B1A603B
:1067B000974B01391A60E3690193032900F291872D
:1067C000DFE811F052018A01CA010400D8F8242040
:1067D000D8F83C109FEDA37AE66E01FB02F307EEBA
:1067E000903AF8EE677A236F626D019367EE877ACD
:1067F0001221FDEEE77AD8F8283039601321C9F864
:106800000010CDED027A0393002A00F09586012A4C
:1068100040F07C8698ED120ADBF738FEB8EEC88AA5
:1068200028EE008AFDEEC87ACDED007A01221146ED
:106830000420DBF701F99DF80430DFF824A21846A4
:10684000012109EE103A16F029FFF3B21846012192
:1068500009EE903A16F022FF1EAB239380206D4B79
:106860001E938DF88800092342F29F4041F2883C34
:10687000CDE92430684A39681F9205200025CDE90A
:106880003AC0D9F800208DF8A0500EA8CDE92055C7
:10689000CDE93855359536958DF8DC5014F0F8FE75
:1068A0005E4B3F681F605E4FD9F800203A60D8F811
:1068B0004420D8ED137A5B49D8F800700D60012AA6
:1068C00008BF9FED597A594D59482F6008BFC7EE50
:1068D000877A5849D8F8042003250560022008600B
:1068E000D8F82C1001FB02F350460022CAF804200D
:1068F00094ED027ADFED5B6A27EE878AD4ED007AA9
:10690000F8EE677AB8EEE87A28EE278A07EE903A32
:10691000F8EE677A67EEA67AD4ED016AF8EE666A59
:10692000FDEEE77A28EE268A17EE901A28EE078AFF
:1069300014F0EEFED8F8081014F0DEFEFDEEC87A72
:10694000504617EE901A17EE907A14F003FFD8F81D
:106950000020013A032A11D8DFE802F0403D3A0254
:106960000299354D00226A60284614F0D1FE039941
:1069700014F0C2FE0099284614F0ECFE0B212F48BB
:1069800019F050FA0099184815F056FF164815F0FE
:106990005BFF012211460020DBF74EF80122114671
:1069A000D8F80000DBF748F8254B26495A6F02203B
:1069B000012A086000F00E85D8F80020013A032A69
:1069C00000F21881DFE812F091018101A101FE00BF
:1069D00002991D4DC6E702991C4DC3E702991C4D53
:1069E000C0E700BF20F904006008FF1F3CF9040065
:1069F0002CB20400A813FF1F9C07FF1F8007FF1F76
:106A00003416FF1F3C16FF1F3816FF1F2C16FF1FE2
:106A10003016FF1FB40F0500700F0500AC07FF1FF5
:106A2000A807FF1FC807FF1F0000B443CC07FF1FC4
:106A3000A407FF1FA007FF1F9017FF1F58F90400AE
:106A40006C11FF1F1810FF1F5017FF1FD017FF1FDB
:106A50001018FF1F5C1FFF1FB014FF1F3407FF1F1C
:106A60006C18FF1F0AD7233CD4ED057A98ED126A03
:106A70002269E1685FED056A86EE277A01FB02F381
:106A8000D8F80C20D8F8301007EE903AF8EE677A74
:106A900001FB02F367EE877A07EE103AB8EEC88A78
:106AA000B8EE477A67EE887A27EE267A0621012229
:106AB000BDEEC77AFDEEE77A39600521D8F81030CF
:106AC000C9F80010104611468DED027A0393CDED02
:106AD000007ADAF7B1FFAEE6D8F81420D8F834100F
:106AE0005FED206A98ED127AE66A01FB02F307EE89
:106AF000903AF8EE677A236BD4F8CC20019367EED6
:106B0000A67A1521FDEEE77AD8F8183039601421FD
:106B1000C9F80010CDED027A0393002A40F0E48416
:106B2000D4ED0A7A626A216AC7EE276A01FB02F392
:106B300007EE903AF8EE677A67EEA67AB8EEC88A62
:106B4000012268EE277A1146FDEEE77A0220CDEDAC
:106B5000007ADAF771FF6EE6D8F81C20D8F8381002
:106B60001FED407AE66C01FB02F307EE903AF8EE77
:106B7000677A236D626B019367EE877A1021FDEED1
:106B8000E77AD8F8203039601721C9F80010CDED28
:106B9000027A0393002A00F0C184012A40F0BA84EB
:106BA00098ED120ADBF72EFCB8EEC88A28EE008AB0
:106BB000FDEEC87ACDED007A012211460320DAF706
:106BC0003BFF38E6389A4CAB03EB820502F10C012F
:106BD00045F88CAC2A46554DB7EE000A002003EB71
:106BE000810142F8885C41F8B40C389002211EA85B
:106BF000F4F77EFD209A002A40D0019BDFF85891DF
:106C0000A3F10A051D2D40F2DA82A6F10A031D2B1D
:106C100040F2FB82D4F8F800A0F10A031D2B07D83C
:106C2000C0B216F071FDD4F8FC30984240F03B83BE
:106C300017F094F9002840F310833D4B1B68012B9B
:106C400000F01283032B00F02B83002B00F0258330
:106C5000384B00221A70DBF800300A930A9ADBF8EE
:106C600000300993099B9B1A632BF8D9DAF80410BA
:106C70003846DAF76FFE209B002BC3D1D8F80030DE
:106C80002D4EDFF8CC80DAF804C02C4DDFF8BCB014
:106C90002B48DFF8C090C6F800C0D8F80460294936
:106CA000224F2E60DBF80450274A0560D9F8040013
:106CB0000860013B79681160032B00F20F85DFE863
:106CC00013F02F02DF0160014D00389A4CAB03EB4B
:106CD000820502F10C0145F88CAC2A46B7EE000A99
:106CE0001A4D002003EB81017BE7389A4CAB03EB94
:106CF000820502F10C0145F88CAC2A46B7EE000A79
:106D0000134D002003EB81016BE7389A4CAB03EB8A
:106D1000820502F10C0145F88CAC2A46B7EE000A58
:106D20000C4D002003EB81015BE700BF9017FF1FB4
:106D30009807FF1FF016FF1F8816FF1F9016FF1FF2
:106D40008C16FF1F8016FF1F8416FF1FD017FF1F12
:106D50001018FF1F5017FF1F6008FF1F7B68B04A05
:106D6000B0490BAD5B422846136015F06DFF284615
:106D7000D9F70AFC284615F0BFFFAB4B2846196827
:106D80001E4615F061FF2846D9F7FEFB284615F090
:106D9000B3FFA649284615F057FF2846D9F7F4FB5C
:106DA000284615F0A9FF3168284615F04DFF284602
:106DB000D9F7EAFB284615F09FFF9D49284615F0B4
:106DC00043FF2846D9F7E0FB284615F095FF3168C8
:106DD000284615F039FF2846D9F7D6FB284615F086
:106DE0008BFF944B1B78002B00F0D48301220021F1
:106DF0000420DAF721FEDAF804308F4E8F485B4228
:106E00001321336019F00EF831688D4815F014FD28
:106E10008B4815F019FD8B4B5A6F012A00F04A83FD
:106E2000894B1A68DAF80460D8F80400DBF804101B
:106E3000D9F804301344844A13607A68834F3B685E
:106E40003344834E3B6033680344824833600368B5
:106E50000B44814903600B6813440B60002101223D
:106E60000846DAF7E9FDD4F8E030012B00F058824B
:106E70007A49284615F0E8FE2846D9F785FB2846CA
:106E800015F03AFF7649284615F0DEFE2846D9F778
:106E90007BFB284615F030FF7249284615F0D4FEDA
:106EA0002846D9F771FB284615F026FF6E4928467B
:106EB00015F0CAFE2846D9F767FB284615F01CFFD7
:106EC0006A49284615F0C0FE2846D9F75DFB2846DA
:106ED00015F012FF6649284615F0B6FE2846D9F788
:106EE00053FB284615F008FF6249284615F0ACFE12
:106EF0002846D9F749FB284615F0FEFE5849284692
:106F000015F0A2FE2846D9F73FFB284615F0F4FEFF
:106F10005949284615F098FE2846D9F735FB2846EA
:106F200015F0EAFE5049284615F08EFE2846D9F79E
:106F30002BFB284615F0E0FE4C49284615F084FE50
:106F40002846D9F721FB284615F0D6FE48492846A1
:106F500015F07AFE2846D9F717FB284615F0CCFE27
:106F6000D4F80001A0F10A031D2B40F2F981434B34
:106F70001E931EA8F0F7ECFB4DB0BDEC048BBDE8F2
:106F8000F08FD9F80430264A26490BAD5B422846DB
:106F9000136015F059FE2846D9F7F6FA284615F081
:106FA000ABFE214B284619681E4615F04DFE2846BB
:106FB000D9F7EAFA284615F09FFE1C49284615F035
:106FC00043FE2846D9F7E0FA284615F095FE3168C9
:106FD000284615F039FE2846D9F7D6FA284615F086
:106FE0008BFE1349284615F02FFE2846D9F7CCFA18
:106FF000284615F081FE3168284615F025FE284602
:10700000D9F7C2FA284615F077FE0A4B1B78002BF9
:1070100000F03B83012200210320DAF70DFDEAE6B0
:107020005418FF1F64F904008007FF1F78F904005B
:107030008CF904000417FF1F5018FF1FA0F904006B
:107040006008FF1F6C11FF1F2C16FF1F3416FF1F57
:107050003C16FF1F3816FF1F3016FF1FF0F9040003
:107060005CAE040004FA040000B5040098E60400D5
:10707000A4E6040018FA04002CFA0400B40F05007A
:10708000DBF80430C24AC3490BAD5B4228461360AB
:1070900015F0DAFD2846D9F777FA284615F02CFEC8
:1070A000BD4B284619681E4615F0CEFD2846D9F777
:1070B0006BFA284615F020FEB849284615F0C4FDA5
:1070C0002846D9F761FA284615F016FE3168284699
:1070D00015F0BAFD2846D9F757FA284615F00CFEE8
:1070E000AF4B1B78002B00F0A782AE49284615F065
:1070F000ABFD2846D9F748FA284615F0FDFDA64B0A
:107100002846196815F0A0FD2846D9F73DFA28460B
:1071100015F0F2FD012200210220DAF78DFC6AE66B
:10712000D8F804309A4A9B490BAD5B42284613605D
:1071300015F08AFD2846D9F727FA284615F0DCFD18
:10714000954B284619681E4615F07EFD2846D9F74E
:107150001BFA284615F0D0FD9049284615F074FD1D
:107160002846D9F711FA284615F0C6FD3168284699
:1071700015F06AFD2846D9F707FA284615F0BCFD38
:107180008849284615F060FD2846D9F7FDF92846BC
:1071900015F0B2FD3168284615F056FD2846D9F79E
:1071A000F3F9284615F0A8FD7D4B1B78002B00F065
:1071B0001A82012200211046DAF73EFC1BE619EE86
:1071C000100A16F0A1FAD4F8FC3098423FF41DAD35
:1071D0002621754818F026FE484615F035FB009B21
:1071E000002B7FF712AD21A815F004FA0023269892
:1071F000209314F0F5FB279814F0F2FB6B4B012160
:1072000006201970F0F768F938E519EE900A16F0C3
:107210007BFAD4F8FC3098423FF4FCAC2621644859
:1072200018F000FE484615F00FFB009B002BBFF640
:10723000F1AC21A815F0DEF900232698209314F074
:10724000CFFB279814F0CCFB584B01224FF0FF31B5
:1072500006201A70F0F740F910E517F0F5FE554BCF
:107260001B68012B7FF4EEAC16F08CFEC3B2524AC1
:10727000532B13707FF4EFAC209B53B11EA8D9F7AA
:1072800011FE209B2BB1012016F0AAFA209B002BA7
:10729000F9D1464B01221A70DDE418F055FDE5E7FF
:1072A00017F0E6FEE2E71F21444818F0BBFD444812
:1072B00015F0CAFA21A8002515F09CF9269820950A
:1072C00014F08EFB279814F08BFB384B01262A46CE
:1072D000294628461E70DAF7AFFB2A462946304673
:1072E000DAF7AAFB2A4629460220DAF7A5FB2A4646
:1072F00029460320DAF7A0FB2A4629460420DAF7BC
:107300009BFB0620EFF7B2FBD4F80001A0F10A03C3
:107310001D2B3FF62CAE3146C0B216F0BFF926E663
:107320002849284615F090FC2846D9F72DF928461B
:1073300015F0E2FC2449284615F086FC2846D9F7CA
:1073400023F9284615F0D8FC2049284615F07CFC86
:107350002846D9F719F9284615F0CEFC1A49F6E562
:107360000121C0B216F09AF994F8000116F0CCF998
:107370000A210446164818F055FD00230A2221462A
:107380000F4815F079FA0E4815F05EFAEFE500BFE8
:107390005418FF1F64F904008007FF1F78F90400E8
:1073A0000417FF1F8CF90400E0E80400B018FF1F69
:1073B00008E904009807FF1FF016FF1F20ED0400E6
:1073C0006008FF1FC8F904005CAE0400DCF904008B
:1073D00014B2040003200860C54BC649C64D0860BE
:1073E0004FF0100EC3F800E0114617232B60DAF7B8
:1073F00023FBD8F80420D8F82C10DFEDC08ADFF882
:107400002C9301FB02F307EE903AF8EE677A002224
:1074100067EEA87A4846FDEEE77AC9F8042017EE31
:10742000901A14F075F9D8F8081014F065F9B44AF8
:10743000B44BD2ED007A93ED1C7A68EE277A27EEF2
:10744000287A67EE877AFDEEE77A17EE901A14F045
:1074500081F9DBF8002008920899DBF800300793E7
:10746000079B5B1A042BF8D9D8F80020022A00F0F9
:107470008180042A6ED0012A7FF4BCAB389A4CABD1
:1074800003EB820502F10D0103EB81019E4B45F8F0
:107490008CACB7EE000A00202A4645F8883C42F83A
:1074A000849C41F8B40C389003211EA8F4F720F90D
:1074B000FFF7A0BB00210320DAF7BEFAD9F80430A9
:1074C000924E93485B421321336018F0ABFC316855
:1074D000904815F0B1F98F4815F0B6F98E4BD9F8F0
:1074E00004201B681A449DE4D4ED367AD4F8D420E5
:1074F000D4F8D010C7EE276A01FB02F307EE903AEA
:10750000F8EE677A67EEA67AFFF718BB00230093C0
:10751000FFF78CB900230093FFF74EBB98ED120ADA
:10752000DAF73CFEB8EEC88A28EE008AFDEEC87A8B
:10753000CDED007AFFF740BB98ED120ADAF7C8FEEE
:10754000B8EEC88A28EE008AFDEEC87ACDED007A42
:10755000FFF76CB9389A4CAB03EB820502F10D01D1
:1075600003EB8101B7EE000A6C4B45F88CAC0020B0
:107570002A4692E7389A4CAB03EB820502F10D01E3
:1075800003EB8101B7EE000A654B45F88CAC002097
:107590002A4682E76349284615F056FB2846D8F765
:1075A000F3FF284615F0A8FB3168284615F04CFB80
:1075B0002846D8F7E9FF284615F09EFB5A49284689
:1075C00015F042FB2846D8F7DFFF284615F094FB5C
:1075D0003168284615F038FB2846D8F7D5FF2846ED
:1075E00015F08AFB02E44F49284615F02DFB28468A
:1075F000D8F7CAFF284615F07FFB3168284615F0FA
:1076000023FB2846D8F7C0FF284615F075FB4649EE
:10761000284615F019FB2846D8F7B6FF284615F07E
:107620006BFB3168284615F00FFB2846D8F7ACFFF6
:10763000284615F061FBBCE53A49284615F004FBE5
:107640002846D8F7A1FF284615F056FB3168284692
:1076500015F0FAFA2846D8F797FF284615F04CFBA4
:107660003149284615F0F0FA2846D8F78DFF28460C
:1076700015F042FB3168284615F0E6FA2846D8F79F
:1076800083FF284615F038FB2FE52649284615F0DC
:10769000DBFA2846D8F778FF284615F02DFB31682D
:1076A000284615F0D1FA2846D8F76EFF284615F07F
:1076B00023FB1D49284615F0C7FA2846D8F764FF72
:1076C000284615F019FB3168284615F0BDFA284602
:1076D000D8F75AFF284615F00FFB9BE40BADFFF7D8
:1076E0008ABB0023009303930293FFF7A4B800BF63
:1076F000B407FF1FD007FF1FB007FF1F0AD7233CA7
:10770000B418FF1F6C11FF1F1018FF1F5818FF1F20
:10771000B4F904006008FF1F2C16FF1F9017FF1F0D
:10772000D017FF1F14F4040028F404005017FF1FA3
:107730002DE9F04F804DD5F800012DED048BA0F11F
:107740000A031D2BADF5177D40F261827B4C7C4B0B
:10775000226808920021089A197023680793079BF2
:107760009B1A092BF9D968AE7649774FDFF82C823E
:10777000DFF82C92DFF82CA2DFF82CB2304615F09F
:1077800063FA3046D8F700FF304615F0B5FA6F4B74
:107790003046196815F058FA3046D8F7F5FE3046ED
:1077A00015F0AAFA10216A4818F03CFB694B6A48A8
:1077B000196815F041F8684815F046F80F21674838
:1077C00018F030FB664A6448116815F035F86248D5
:1077D00015F03AF81021634818F024FB62495E481E
:1077E000096815F029F85C4815F02EF80F215F485C
:1077F00018F018FB5E480168574815F01DF8564808
:1078000015F022F810215B4818F00CFB396852483B
:10781000594F15F011F8504815F016F80F21574838
:1078200018F000FB39684C48554F15F005F84A48E8
:1078300015F00AF81021534818F0F4FAD8F800109F
:10784000454814F0F9FF444814F0FEFF0F214E485C
:1078500018F0E8FA3968404814F0EEFF3E4814F09A
:10786000F3FF1021494818F0DDFAD9F800103A4822
:1078700014F0E2FF384814F0E7FF0F21444818F0F5
:10788000D1FADAF80010344814F0D6FF324814F078
:10789000DBFF0023CDE96A33CDE982338DF8C831AF
:1078A0007F9380938DF804322A4B3A481968699087
:1078B000394B6893802009238DF8B00142F29F4034
:1078C000CDE96E3041F2883C0520254A6D96CDE920
:1078D00084C00DF1600C6046126813F0D9FE244894
:1078E00021490268096828A813F0D2FE164B224AE3
:1078F0001968126838A813F0CBFE3A68D8F800105F
:1079000048A813F0C5FEDAF80020D9F8001058A8EE
:1079100013F0BEFE00231993299339934993599389
:10792000DBF80030013B032B02F2E781DFE813F0C4
:10793000460126010E013E00A813FF1F5C1FFF1F1A
:107940006816FF1F2CB20400B407FF1F8007FF1F3B
:1079500040FA0400A407FF1F6008FF1F54FA040048
:10796000A007FF1F64FA0400AC07FF1F78FA0400A9
:10797000A807FF1F88FA0400B007FF1F9CFA040045
:10798000B807FF1FACFA0400C0FA0400D0FA0400E4
:10799000E4FA0400700F0500B40F0500BC07FF1FD8
:1079A000C407FF1FC007FF1F1810FF1FA24B039340
:1079B0001A462F2313603823C9F800303923CAF838
:1079C00000309E4B00939E4B01939E4B02930E21E1
:1079D0009D4818F027FA9D4B9D48196814F02CFF1C
:1079E0009B4814F031FF10219A4818F01BFA9A4A6C
:1079F0009748116814F020FF954814F025FF0F21D7
:107A0000964818F00FFA964A9148116814F014FF3E
:107A10008F4814F019FF0E21924818F003FA009ACB
:107A20008B48116814F008FF894814F00DFF1021ED
:107A30008D4818F0F7F98D4A8548116814F0FCFE5E
:107A4000834814F001FF0F21894818F0EBF9894AA7
:107A50007F48116814F0F0FE7D4814F0F5FE0E2109
:107A6000854818F0DFF9019A7948116814F0E4FEAE
:107A7000774814F0E9FE1021804818F0D3F9804AC5
:107A80007348116814F0D8FE714814F0DDFE0F2120
:107A90007C4818F0C7F97C4A6D48116814F0CCFE98
:107AA0006B4814F0D1FE0E21784818F0BBF9029A09
:107AB0006748116814F0C0FE654814F0C5FE102137
:107AC000734818F0AFF9D8F80010614814F0B4FE0C
:107AD0005F4814F0B9FE0F216E4818F0A3F9396819
:107AE0005B4814F0A9FE5A4814F0AEFE0E216A4815
:107AF00018F098F9039A5648116814F09DFE5448FE
:107B000014F0A2FE1021654818F08CF9D9F8001085
:107B10004F4814F091FE4E4814F096FE0F21604835
:107B200018F080F9DAF80010494814F085FE48484A
:107B300014F08AFE454B1B68042B02F2C780DFE875
:107B400013F0370333032E0329036B003D4A3A49F0
:107B500002922E2313602F230B603623C8F80030C7
:107B600037233B603823C9F800303923CAF8003086
:107B7000324B0093324B0391019328E7304A31494D
:107B80002D4801922D2313602E233D4A0B602F2395
:107B90000360342313603C4A02913523136036237B
:107BA000C8F8003037233B603823C9F80030392348
:107BB000CAF80030214B0390009308E71F4A1E4B80
:107BC0001F4903932C2313601E4800922D231A4A49
:107BD0000B602E2303602F231360244A019132236C
:107BE0001360244A029033231360254A3423136020
:107BF000254A352313603623C8F8003037233B600D
:107C00003823C9F800303923CAF80030DFE60021F4
:107C1000C0B215F043FD99E5D5F89410D5F898A0B9
:107C2000009B1B68042B02F26080DFE813F0A302C4
:107C30009B02920289023B00D807FF1FCC07FF1F5F
:107C4000D007FF1FD407FF1FF4FA0400C807FF1F67
:107C50006008FF1F40FA0400A407FF1F54FA040045
:107C6000A007FF1F04FB040064FA0400AC07FF1F19
:107C700078FA0400A807FF1F14FB040088FA040028
:107C8000B407FF1F9CFA0400B007FF1F24FB040089
:107C9000ACFA0400C0FA040034FB0400D0FA04007B
:107CA000E4FA0400D5F8943008EE903AD5F898300C
:107CB00008EE103A019B1B68042B02F21180DFE8EA
:107CC00013F032022E02290224020500D5F8942076
:107CD000D5F89890029B1B68042B01F2FC87DFE823
:107CE00013F007020302FE01F9010500D5F89430F4
:107CF000D5F8988003980068042801F2E187DFE84E
:107D000010F0D901D301CC01C5010500D5F89400CC
:107D1000D5F8987009EE100A18A80593049213F08C
:107D2000F7FC514613F0E8FCAC49096813F012FD6A
:107D300018EE901A28A813F0EBFC18EE101A13F0A6
:107D4000DBFCA749096813F005FD049A38A8114621
:107D500013F0DEFC494613F0CFFCA24A116813F081
:107D6000F9FC059B48A8194613F0D2FC414613F0D4
:107D7000C3FC9D4B196813F0EDFC19EE101A58A8BE
:107D800013F0C6FC394613F0B7FC984B196813F092
:107D9000E1FCDBF80030013B042B51D8DFE813F0A5
:107DA000A400F500C10036010500914B01221868BE
:107DB0001146D9F741FE009B012218681146D9F7F8
:107DC0003BFE019B012218681146D9F735FE029B44
:107DD000012218681146D9F72FFE039B012218686B
:107DE0001146D9F729FE829B96A803F10F0200EBFA
:107DF000820200EB830018AF40F88C7C96A800EB61
:107E0000830028AF40F8887C96A800EB830038AF49
:107E100040F8847C96A800EB830048AF40F8807C53
:107E200096A800EB8303002158A843F87C0CB7EE1A
:107E3000000A42F8B41C304682910521F3F758FC41
:107E40006A9B002B01F07E816A4FDFF8B891DFF862
:107E5000B8A1D5F8F800A0F10A031D2B07D8C0B2CD
:107E600015F052FCD5F8FC30984241F0D58016F060
:107E700075F8002841F380803B68012BB84601F07B
:107E80008280032B01F08280002B01F0B28000235E
:107E900089F800306A9923681493149A236813931D
:107EA000139B9B1A092BF9D90029D2D1524C534864
:107EB0000E2117F0B7FF2168514814F0BDFC50485F
:107EC00014F0C2FC2368013B0A2B00F23585DFE881
:107ED00013F0690405046503330533053907CD053F
:107EE0006E06C30221027C01414B01221868114633
:107EF000D9F7A2FD829B96A803F10B0200EB830346
:107F000018A843F88C0C96AB03EB8203002143F8CE
:107F1000B41CB7EE000A829130460121F3F7E8FB6A
:107F20008EE7334B012218681146D9F785FD009B77
:107F3000012218681146D9F77FFD019B01221868BC
:107F40001146D9F779FD829B96A803F10D0200EB4B
:107F5000820200EB830018AF40F88C7C96A800EBFF
:107F6000830028AF40F8887C96A800EB83030021AB
:107F700038A843F8840CB7EE000A42F8B41C304627
:107F800082910321F3F7B4FB5AE7194B01221868D9
:107F90001146D9F751FD009B012218681146D9F707
:107FA0004BFD829B96A803F10C0200EB820200EBD2
:107FB000830018AF40F88C7C96A800EB8303002167
:107FC00028A843F8880CB7EE000A42F8B41C3046E3
:107FD00082910221F3F78CFB32E700BF5018FF1F9C
:107FE0005418FF1F5818FF1F5C18FF1F6018FF1F51
:107FF000C807FF1F9807FF1F8807FF1FE8B104008D
:108000006008FF1FF016FF1F5416FF1FB74B012219
:1080100018681146D9F710FD009B01221868114617
:10802000D9F70AFD019B012218681146D9F704FD12
:10803000029B012218681146D9F7FEFC829B96A884
:1080400003F10E0200EB820200EB830018AF40F850
:108050008C7C96A800EB830028AF40F8887C96A81B
:1080600000EB830038AF40F8847C96A800EB8303D4
:10807000002148A843F8800CB7EE000A42F8B41C6F
:10808000304682910421F3F733FBD9E6D5F88C0012
:10809000D5F8907009EE100A3EE6D5F88400D5F8C0
:1080A000887009EE100A37E6E86FD5F8807009EE9F
:1080B000100A31E620681290686FDDF848C0AF6F93
:1080C00009EE100A206811901198A0EB0C000E2800
:1080D000F8D921E6D5F88C30D5F890800AE6D5F8A5
:1080E0008430D5F8888005E6EB6FD5F8808001E60E
:1080F00023681093109F6B6FD5F8788020680F90DD
:108100000F98C01B0E28F9D9F4E5D5F88C20D5F8C6
:108110009090DFE5D5F88420D5F88890DAE5EA6F0D
:10812000D5F88090D6E523680E930E986A6FD5F83F
:10813000789023680D930D9B1B1A0E2BF9D9C9E576
:10814000D5F88C3008EE903AD5F8903008EE103A19
:10815000B0E5D5F8843008EE903AD5F8883008EECE
:10816000103AA7E5EB6F08EE903AD5F8803008EEAC
:10817000103A9FE523680C936B6F0C9A08EE903AC7
:10818000AB6F08EE103A23680B930B9B9B1A0E2BD8
:10819000F9D98FE5D5F88C10D5F890A040E5D5F841
:1081A0008410D5F888A03BE5E96FD5F880A037E5C5
:1081B00023680A930A9A696FD5F878A0236809930F
:1081C000099B9B1A0E2BF9D92AE515AC4849204684
:1081D00014F03AFD2046D8F7D7F9204614F08CFD6C
:1081E000444B204619681F4614F02EFD2046D8F750
:1081F000CBF9204614F080FD3F49204614F024FDC1
:108200002046D8F7C1F9204614F076FD396820469B
:1082100014F01AFD2046D8F7B7F9204614F06CFD8B
:108220003549204614F010FD2046D8F7ADF9204618
:1082300014F062FD3968204614F006FD2046D8F798
:10824000A3F9204614F058FD2C49204614F0FCFCFC
:108250002046D8F799F9204614F04EFD396820469B
:1082600014F0F2FC2046D8F78FF9204614F044FDB4
:108270002349204614F0E8FC2046D8F785F920462B
:1082800014F03AFD3968204614F0DEFC2046D8F799
:108290007BF9204614F030FD14211A4817F0C2FD76
:1082A000194B1A48996D14F0C7FA184814F0CCFA13
:1082B000D5F8E030012B00F050861221144817F059
:1082C000B1FD0A4B114819681F4614F0B5FA0F4862
:1082D00014F0BAFA3B68042B00F2C287DFE813F00F
:1082E000A50B5F0B7F07DD0BC10B00BFC807FF1F8E
:1082F00030E504008007FF1F5CE5040088E504000A
:108300000CF9040044FB04004C12FF1F6008FF1F1F
:10831000DCF2040015ACD649204614F095FC20464A
:10832000D8F732F9204614F0E7FCD24B2046196802
:108330001F4614F089FC2046D8F726F9204614F091
:10834000DBFCCD49204614F07FFC2046D8F71CF911
:10835000204614F0D1FC3968204614F075FC204604
:10836000D8F712F9204614F0C7FCC449204614F08F
:108370006BFC2046D8F708F9204614F0BDFC39689C
:10838000204614F061FC2046D8F7FEF8204614F091
:10839000B3FCBB4B0122586C0021D9F74DFB0021E7
:1083A00001220846D9F748FBD5F8E030012B00F050
:1083B000C482B449204614F047FC2046D8F7E4F8BC
:1083C000204614F099FCB049204614F03DFC2046AC
:1083D000D8F7DAF8204614F08FFCAC49204614F0A8
:1083E00033FC2046D8F7D0F8204614F085FCA84985
:1083F000204614F029FC2046D8F7C6F8204614F091
:108400007BFCA449204614F01FFC2046D8F7BCF89A
:10841000204614F071FCA049204614F015FC2046BB
:10842000D8F7B2F8204614F067FC9C49204614F0B7
:108430000BFC2046D8F7A8F8204614F05DFC9249C2
:10844000204614F001FC2046D8F79EF8204614F090
:1084500053FC934900F016BD15AC9249204614F028
:10846000F3FB2046D8F790F8204614F045FC814BEA
:10847000204619681F4614F0E7FB2046D8F784F819
:10848000204614F039FC8849204614F0DDFB2046D4
:10849000D8F77AF8204614F02FFC3968204614F0FB
:1084A000D3FB2046D8F770F8204614F025FC7F490E
:1084B000204614F0C9FB2046D8F766F8204614F091
:1084C0001BFC3968204614F0BFFB2046D8F75CF847
:1084D000204614F011FC764B012218680021D9F7D0
:1084E000ABFA002101220846D9F7A6FAD5F8E03008
:1084F000012B00F022826F49204614F0A5FB204694
:10850000D8F742F8204614F0F7FB5F49204614F0F4
:108510009BFB2046D8F738F8204614F0EDFB66495F
:10852000204614F091FB2046D8F72EF8204614F090
:10853000E3FB5749204614F087FB2046D8F724F880
:10854000204614F0D9FB5349204614F07DFB204609
:10855000D8F71AF8204614F0CFFB4F49204614F004
:1085600073FB2046D8F710F8204614F0C5FB53499A
:10857000204614F069FB2046D8F706F8204614F090
:10858000BBFB4149204614F05FFB2046D7F7FCFFB8
:10859000204614F0B1FB4A4900F074BC15AC4949BF
:1085A000204614F051FB2046D7F7EEFF204614F08A
:1085B000A3FB304B204619681F4614F045FB2046AC
:1085C000D7F7E2FF204614F097FB3F49204614F00E
:1085D0003BFB2046D7F7D8FF204614F08DFB3968C7
:1085E000204614F031FB2046D7F7CEFF204614F08A
:1085F00083FB3649204614F027FB2046D7F7C4FFFB
:10860000204614F079FB3968204614F01DFB204603
:10861000D7F7BAFF204614F06FFBD5F8E030012BF6
:1086200000F08B812A4F012238680021D9F704FA23
:108630003B68002B01F02783033B012B00F27D8177
:108640002449204614F000FB2046D7F79DFF204622
:1086500014F052FB0C49204614F0F6FA2046D7F7E6
:1086600093FF204614F048FB1B4900F00BBC00BFF1
:1086700098E904008007FF1F84E90400A8FB0400B8
:108680004813FF1F10EA04005CAE040024EA040053
:1086900000B5040098E60400A4E6040038EA0400EB
:1086A0004CEA0400A4ED0400BCED0400D4ED040089
:1086B0007C10FF1FECED040004EE04001CEE04002F
:1086C00034EE040000F40400C4F3040094F4040045
:1086D0003811FF1F68F4040080F4040015ACCA4987
:1086E000204614F0B1FA2046D7F74EFF204614F08A
:1086F00003FBC64B204619681F4614F0A5FA204616
:10870000D7F742FF204614F0F7FABF49204614F08D
:108710009BFA2046D7F738FF204614F0EDFA396867
:10872000204614F091FA2046D7F72EFF204614F089
:10873000E3FAB749204614F087FA2046D7F724FF1A
:10874000204614F0D9FA3968204614F07DFA204604
:10875000D7F71AFF204614F0CFFAAE49204614F09E
:1087600073FA2046D7F710FF204614F0C5FA39688F
:10877000204614F069FA2046D7F706FF204614F089
:10878000BBFAD5F8E030012B00F0E783A24B1B6861
:10879000042B00F2B380DFE813F09C092F0A130AC0
:1087A000F709DB099D4B1B68022B15AC40F3928344
:1087B000032B51D19A49204614F046FA2046D7F7A8
:1087C000E3FE204614F098FA904B204619681F46A5
:1087D00014F03AFA2046D7F7D7FE204614F08CFA68
:1087E0008F49204614F030FA2046D7F7CDFE2046B8
:1087F00014F082FA3968204614F026FA2046D7F79A
:10880000C3FE204614F078FA8649204614F01CFA7C
:108810002046D7F7B9FE204614F06EFA3968204694
:1088200014F012FA2046D7F7AFFE204614F064FA8F
:108830007D49204614F008FA2046D7F7A5FE2046C9
:1088400014F05AFA3968204614F0FEF92046D7F79A
:108850009BFE204614F050FAD5F8E030012B00F0D2
:108860007C836D4B1968002900F070844B1E032B2C
:1088700044D8012208460021D9F7DEF86B4920468A
:1088800014F0E2F92046D7F77FFE204614F034FAC0
:108890006749204614F0D8F92046D7F775FE2046E0
:1088A00014F02AFA6349204614F0CEF92046D7F78F
:1088B0006BFE204614F020FA5F49204614F0C4F9FC
:1088C0002046D7F761FE204614F016FA5B49204691
:1088D00014F0BAF92046D7F757FE204614F00CFAE8
:1088E0005749204614F0B0F92046D7F74DFE2046F0
:1088F00014F002FA53480F2117F094FA009B1868FD
:1089000003281AD101220021D9F796F84E492046B2
:1089100014F09AF92046D7F737FE204614F0ECF908
:108920004349204614F090F92046D7F72DFE204603
:1089300014F0E2F94549A5E215AC4549204614F08A
:1089400083F92046D7F720FE204614F0D5F9D8F851
:108950000030012B00F0ED83032B00F0E683002BA9
:1089600000F0DF833B4B3C4F93ED000AB8EEC00AAA
:10897000D7F7C2FD3968204614F066F92046D7F7CC
:1089800003FE204614F0B8F93449204614F05CF98F
:108990002046D7F7F9FD204614F0AEF9D8F800309C
:1089A000012B00F0BA83032B00F0B383002B00F0FF
:1089B000AC832B4B93ED000AB8EEC00AD7F79CFDB1
:1089C0003968204614F040F92046D7F7DDFD2046EF
:1089D00014F092F9234B5A6F012A00F0AE83D5F8B8
:1089E00000010023CBF80030A0F10A031D2B40F258
:1089F00087831D4B68933046EEF7AAFE0DF5177D71
:108A0000BDEC048BBDE8F08F6CFB04008007FF1FFA
:108A100080FB040094FB0400C807FF1F3017FF1FF2
:108A2000B8E20400B4F204003CE3040080EB04006C
:108A30005CAE040094EB040000B5040098E604006A
:108A4000A4E60400F0F20400D4E60400E8E6040022
:108A50004CEE04008816FF1F8407FF1F5CEE040025
:108A60007C16FF1F6C11FF1FB40F050015ACA04949
:108A7000204614F0E9F82046D7F786FD204614F08A
:108A80003BF99C4B204619681F4614F0DDF8204640
:108A9000D7F77AFD204614F02FF99749204614F0B5
:108AA000D3F82046D7F770FD204614F025F9396831
:108AB000204614F0C9F82046D7F766FD204614F08A
:108AC0001BF98E49204614F0BFF82046D7F75CFD0D
:108AD000204614F011F93968204614F0B5F8204604
:108AE000D7F752FD204614F007F9854B0122586D47
:108AF0000021D8F7A1FF002101220846D8F79CFFEA
:108B0000D5F8E030012B3FF418AF7E49204614F031
:108B10009BF82046D7F738FD204614F0EDF87A4947
:108B2000204614F091F82046D7F72EFD204614F089
:108B3000E3F87649204614F087F82046D7F724FD5D
:108B4000204614F0D9F87249204614F07DF82046EA
:108B5000D7F71AFD204614F0CFF86E49204614F0DE
:108B600073F82046D7F710FD204614F0C5F86A497F
:108B7000204614F069F82046D7F706FD204614F089
:108B8000BBF86649204614F05FF82046D7F7FCFC96
:108B9000204614F0B1F85C49204614F055F8204600
:108BA000D7F7F2FC204614F0A7F85D496AE115AC4E
:108BB0005C49204614F048F82046D7F7E5FC2046EB
:108BC00014F09AF84B4B204619681F4614F03CF8F5
:108BD0002046D7F7D9FC204614F08EF8524920469B
:108BE00014F032F82046D7F7CFFC204614F084F872
:108BF0003968204614F028F82046D7F7C5FC2046EF
:108C000014F07AF84949204614F01EF82046D7F7A8
:108C1000BBFC204614F070F83968204614F014F8B4
:108C20002046D7F7B1FC204614F066F8404B0122ED
:108C300018680021D8F700FF002101220846D8F764
:108C4000FBFED5F8E030012B3FF477AE39492046E2
:108C500013F0FAFF2046D7F797FC204614F04CF8A3
:108C60002949204613F0F0FF2046D7F78DFC204617
:108C700014F042F83049204613F0E6FF2046D7F7BB
:108C800083FC204614F038F82149204613F0DCFF1D
:108C90002046D7F779FC204614F02EF81D492046CF
:108CA00013F0D2FF2046D7F76FFC204614F024F8CB
:108CB0001949204613F0C8FF2046D7F765FC204627
:108CC00014F01AF81D49204613F0BEFF2046D7F7CE
:108CD0005BFC204614F010F80B49204613F0B4FF5B
:108CE0002046D7F751FC204614F006F81449C9E095
:108CF00044F204008007FF1F30F20400D0FB0400A0
:108D0000D812FF1FE4FB04005CAE0400F8FB040073
:108D100000B5040098E60400A4E604000CFC04007E
:108D200020FC040028B3040014B3040040ED040048
:108D30007C10FF1F54ED040068ED04007CED04007E
:108D400090ED040015ACD349204613F07DFF20467A
:108D5000D7F71AFC204613F0CFFFCF4B20461968F7
:108D60001F4613F071FF2046D7F70EFC204613F084
:108D7000C3FFCA49204613F067FF2046D7F704FC1B
:108D8000204613F0B9FF3968204613F05DFF2046F6
:108D9000D7F7FAFB204613F0AFFFC149204613F086
:108DA00053FF2046D7F7F0FB204613F0A5FF3968A4
:108DB000204613F049FF2046D7F7E6FB204613F084
:108DC0009BFFB84B012218680021D8F735FE00211F
:108DD00001220846D8F730FED5F8E030012B3FF4E9
:108DE000ACADB149204613F02FFF2046D7F7CCFB9E
:108DF000204613F081FFAD49204613F025FF2046A1
:108E0000D7F7C2FB204613F077FFA949204613F09D
:108E10001BFF2046D7F7B8FB204613F06DFFA5498E
:108E2000204613F011FF2046D7F7AEFB204613F083
:108E300063FFA149204613F007FF2046D7F7A4FBA4
:108E4000204613F059FF9D49204613F0FDFE2046B1
:108E5000D7F79AFB204613F04FFF9949204613F0AD
:108E6000F3FE2046D7F790FB204613F045FF8F49CD
:108E7000204613F0E9FE2046D7F786FB204613F084
:108E80003BFF9049204613F0DFFE2046D7F77CFBDE
:108E9000204613F031FF8749204613F0D5FE2046C7
:108EA000D7F772FB204613F027FF8349204613F0C3
:108EB000CBFE2046D7F768FB204613F01DFF7F4905
:108EC000204613F0C1FE2046D7F75EFB204613F084
:108ED00013FF32E5002B7FF7BFAC7B49204613F030
:108EE000B3FE2046D7F750FB204613F005FF6A4B30
:108EF000204619681F4613F0A7FE2046D7F744FB0B
:108F0000204613F0F9FE7049204613F09DFE2046DE
:108F1000D7F73AFB204613F0EFFE3968204613F0EE
:108F200093FE2046D7F730FB204613F0E5FE674955
:108F3000204613F089FE2046D7F726FB204613F083
:108F4000DBFE3968204613F07FFE2046D7F71CFB76
:108F5000204613F0D1FE5E496BE416215D4816F001
:108F600061FFD5F8E0105C4800230A2213F084FC6E
:108F7000594813F069FCE0E416F066F83B68012BF1
:108F8000B8467EF47EAF14F0FDFF01E016F070F8F5
:108F9000C3B2532B89F800307EF47CAF6A9B002B60
:108FA00000F0A4800E214D481A684D4BB3FBF2F33C
:108FB000CAF8003016F036FFDAF80010464813F011
:108FC0003BFC454813F040FCDAF80030F92B13DC89
:108FD0006BA813F00FFB002370986A9312F000FD4A
:108FE000719812F0FDFC6A990023CBF80030FEF76F
:108FF00052BF16F0A9FECBE76A990029F4D030469B
:10900000D7F750FF6A990029EED0012014F0E8FB51
:109010006A990029F9D1E7E71F21324816F002FFCB
:109020002D4813F011FC6BA8002413F0E3FA70989C
:109030006A9412F0D5FC719812F0D2FC2A4B0127E9
:109040002246214620461F70D8F7F6FC22462146CC
:109050003846D8F7F1FC224621460220D8F7ECFC2E
:10906000224621460320D8F7E7FC22462146042069
:10907000D8F7E2FC1520EDF7F9FCD5F80001A0F1D6
:109080000A031D2B3FF6B5AC3946C0B214F006FBFF
:10909000AFE400BF28F404008007FF1F14F40400AD
:1090A000BCFB0400B014FF1FF0F904005CAE040028
:1090B00004FA040000B5040098E60400A4E60400E5
:1090C00018FA04002CFA040094E30400B4F204003B
:1090D00068E3040028F304006008FF1FD0EC0400DC
:1090E0000087930320ED0400B018FF1FAE4A1268FA
:1090F000002A3FF457AF0221012090476A9B51E7B5
:109100000121C0B214F0CAFA73E4222016F010FF55
:109110004FE4222015F056FF4BE4222014F068FEA5
:1091200047E4222016F004FF1CE4222015F04AFF39
:1091300018E4222014F05CFE14E400210320D8F788
:109140007BFC4CE4DFF89082FEF7B0BE01220846BB
:109150000291D8F771FC954B02995A6F012A00F0E1
:10916000A9859349204613F06FFD2046D7F70CFAE6
:10917000204613F0C1FD8F49204613F065FD2046BF
:10918000D7F702FA204613F0B7FD8B49204613F0BB
:109190005BFD2046D7F7F8F9204613F0ADFD87496F
:1091A000204613F051FD2046D7F7EEF9204613F084
:1091B000A3FD8349204613F047FD2046D7F7E4F985
:1091C000204613F099FD7F49204613F03DFD2046CF
:1091D000D7F7DAF9204613F08FFDFFF78FBB012296
:1091E00000210220D8F728FC7749204613F02CFDF7
:1091F0002046D7F7C9F9204613F07EFD6D49204679
:1092000013F022FD2046D7F7BFF9204613F074FD76
:109210006E49204613F018FD2046D7F7B5F92046D1
:1092200013F06AFD6549204613F00EFD2046D7F77E
:10923000ABF9204613F060FD6149204613F004FDB0
:109240002046D7F7A1F9204613F056FD5D49204688
:1092500013F0FAFC2046D7F797F9204613F04CFD9F
:10926000009B1B68042B47D8DFE813F01D03530352
:109270003803E7020500012200210420D8F7DCFBB7
:109280005349204613F0E0FC2046D7F77DF92046ED
:1092900013F032FD4749204613F0D6FC2046D7F79D
:1092A00073F9204613F028FD4A49204613F0CCFC00
:1092B0002046D7F769F9204613F01EFD3F492046A6
:1092C00013F0C2FC2046D7F75FF9204613F014FDD7
:1092D0003B49204613F0B8FC2046D7F755F9204605
:1092E00013F00AFD3749204613F0AEFC2046D7F7AD
:1092F0004BF9204613F000FD019B1B68042B47D857
:10930000DFE813F0B60255023A020102050001221D
:1093100000210420D8F790FB2D49204613F094FC3F
:109320002046D7F731F9204613F0E6FC21492046C4
:1093300013F08AFC2046D7F727F9204613F0DCFC0F
:109340002449204613F080FC2046D7F71DF920461B
:1093500013F0D2FC1949204613F076FC2046D7F7CB
:1093600013F9204613F0C8FC1549204613F06CFC95
:109370002046D7F709F9204613F0BEFC11492046D4
:1093800013F062FC2046D7F7FFF8204613F0B4FC38
:10939000029B1B68042B62D8DFE813F039016F01D0
:1093A00054011E01200000BFA81EFF1F6C11FF1FEB
:1093B00000F304005CAE040014F3040000B50400E4
:1093C00098E60400A4E604007CE7040094E70400A7
:1093D000DCE70400F4E704009807FF1F01220021E6
:1093E0000420D8F729FBD549204613F02DFC204650
:1093F000D7F7CAF8204613F07FFCD149204613F076
:1094000023FC2046D7F7C0F8204613F075FCCD4961
:10941000204613F019FC2046D7F7B6F8204613F083
:109420006BFCC949204613F00FFC2046D7F7ACF877
:10943000204613F061FCC549204613F005FC204688
:10944000D7F7A2F8204613F057FCC149204613F085
:10945000FBFB2046D7F798F8204613F04DFC039B02
:109460001B68042B3FF669AADFE803F09B54391E02
:109470000300012200210420D8F7DEFAAF4920467C
:1094800013F0E2FB2046D7F77FF8204613F034FCB8
:10949000AB49204613F0D8FB2046D7F775F8204695
:1094A00013F02AFCA749EDE4012200210320D8F79C
:1094B000C3FAA849204613F0C7FB2046D7F764F843
:1094C000204613F019FC9E49204613F0BDFB2046B0
:1094D000D7F75AF8204613F00FFC9F49D2E4012237
:1094E00000210220D8F7A8FA9C49204613F0ACFBD3
:1094F0002046D7F749F8204613F0FEFB9049204656
:1095000013F0A2FB2046D7F73FF8204613F0F4FBF8
:109510009349B7E4012210460021D8F78DFA91490A
:10952000204613F091FB2046D7F72EF8204613F083
:10953000E3FB8349204613F087FB2046D7F724F846
:10954000204613F0D9FB8849204613F07DFB2046C6
:10955000D7F71AF8204613F0CFFB7B49204613F0CB
:1095600073FB2046D7F710F8204613F0C5FB774968
:10957000204613F069FB2046D7F706F8204613F083
:10958000BBFB7349204613F05FFB2046D6F7FCFF78
:10959000204613F0B1FB0C21744816F043FCFFF792
:1095A000CCB9002101220846D8F746FA7049204676
:1095B00013F04AFB2046D6F7E7FF204613F09CFB4A
:1095C0005F49204613F040FB2046D6F7DDFF2046DA
:1095D00013F092FB674955E4012200210320D8F7DC
:1095E0002BFA5C49204613F02FFB2046D6F7CCFF20
:1095F000204613F081FB5249204613F025FB2046FC
:10960000D6F7C2FF204613F077FB534900E700214D
:1096100001220846D8F710FA5549204613F014FBEA
:109620002046D6F7B1FF204613F066FB444920469A
:1096300013F00AFB2046D6F7A7FF204613F05CFB89
:109640004C49E5E6012200210220D8F7F5F943490B
:10965000204613F0F9FA2046D6F796FF204613F07D
:109660004BFB3749204613F0EFFA2046D6F78CFF24
:10967000204613F041FB3A49CAE601221046002178
:10968000D8F7DAF93749204613F0DEFA2046D6F744
:109690007BFF204613F030FB2949204613F0D4FA13
:1096A0002046D6F771FF204613F026FB2E492046B0
:1096B00013F0CAFA2046D6F767FF204613F01CFBCA
:1096C0002149204613F0C0FA2046D6F75DFF204618
:1096D00013F012FB1D49204613F0B6FA2046D6F7C8
:1096E00053FF204613F008FB1949204613F0ACFA4B
:1096F0002046D6F749FF204613F0FEFA0C211B48FE
:1097000016F090FBABE6012200210320D8F794F974
:109710001049204613F098FA2046D6F735FF204628
:1097200013F0EAFA0649204613F08EFA2046D6F7DF
:109730002BFF204613F0E0FA074902E6DCE70400BD
:109740005CAE0400F4E7040000B5040098E60400F1
:10975000A4E60400ACE70400C4E704007CE70400CE
:1097600094E70400C4F8040064E704005CFB040010
:109770000CE8040024E80400012200210220D8F7AC
:109780005BF9E249204613F05FFA2046D6F7FCFE6B
:10979000204613F0B1FADE49204613F055FA204670
:1097A000D6F7F2FE204613F0A7FADA49C9E50122FE
:1097B00010460021D8F740F9D749204613F044FA63
:1097C0002046D6F7E1FE204613F096FAD04920460F
:1097D00013F03AFA2046D6F7D7FE204613F08CFA5B
:1097E000CE49204613F030FA2046D6F7CDFE20466B
:1097F00013F082FACA49204613F026FA2046D6F71B
:10980000C3FE204613F078FAC649204613F01CFA2E
:109810002046D6F7B9FE204613F06EFAC24920461C
:1098200013F012FA2046D6F7AFFE204613F064FA82
:109830000C21BE4816F0F6FAAAE501220021032009
:10984000D8F7FAF8BA49204613F0FEF92046D6F7C1
:109850009BFE204613F050FAAD49204613F0F4F970
:109860002046D6F791FE204613F046FAB1491CE592
:10987000002101220846D8F7DFF8AF49204613F04F
:10988000E3F92046D6F780FE204613F035FAA049CA
:10989000204613F0D9F92046D6F776FE204613F07D
:1098A0002BFAA6494DE5002101220846D8F7C4F855
:1098B000A149204613F0C8F92046D6F765FE204698
:1098C00013F01AFA9249204613F0BEF92046D6F753
:1098D0005BFE204613F010FA9849E6E401220021CD
:1098E0000220D8F7A9F88949204613F0ADF920469F
:1098F000D6F74AFE204613F0FFF98549204613F0BB
:10990000A3F92046D6F740FE204613F0F5F9814929
:10991000CBE4012210460021D8F78EF87E4920467C
:1099200013F092F92046D6F72FFE204613F0E4F903
:109930007749204613F088F92046D6F725FE2046C1
:1099400013F0DAF97549204613F07EF92046D6F770
:109950001BFE204613F0D0F97149204613F074F92C
:109960002046D6F711FE204613F0C6F96D49204671
:1099700013F06AF92046D6F707FE204613F0BCF92B
:109980006949204613F060F92046D6F7FDFD2046D0
:1099900013F0B2F90C21654816F044FAACE4012248
:1099A00010460021D8F748F85B49204613F04CF9DF
:1099B0002046D6F7E9FD204613F09EF9544920468B
:1099C00013F042F92046D6F7DFFD204613F094F954
:1099D0005249204613F038F92046D6F7D5FD2046E7
:1099E00013F08AF94E49204613F02EF92046D6F797
:1099F000CBFD204613F080F94A49204613F024F9A4
:109A00002046D6F7C1FD204613F076F94649204698
:109A100013F01AF92046D6F7B7FD204613F06CF97B
:109A20000C21424816F0FEF91AE4002101220846F2
:109A3000D8F702F84049204613F006F92046D6F739
:109A4000A3FD204613F058F93149204613F0FCF8E5
:109A50002046D6F799FD204613F04EF93749FFF717
:109A6000D8BB012200210420D7F7E6FF3449204665
:109A700013F0EAF82046D6F787FD204613F03CF9AC
:109A80002349204613F0E0F82046D6F77DFD204616
:109A900013F032F92B49FFF7BCBB01220021032050
:109AA000D7F7CAFF2249204613F0CEF82046D6F752
:109AB0006BFD204613F020F91549204613F0C4F839
:109AC0002046D6F761FD204613F016F91949FFF735
:109AD000A0BB002101220846D7F7AEFF1A49204655
:109AE00013F0B2F82046D6F74FFD204613F004F9E4
:109AF0000749204613F0A8F82046D6F745FD204632
:109B000013F0FAF81149FFF741BB00BF7CE70400EE
:109B10005CAE040094E70400C4F8040064E70400A9
:109B200000B5040098E60400A4E604005CFB040011
:109B3000ACE70400C4E704000CE8040024E80400D7
:109B4000DCE70400F4E7040024E7040038E704003D
:109B5000012200210420D7F76FFF6D49204613F042
:109B600073F82046D6F710FD204613F0C5F8694972
:109B7000204613F069F82046D6F706FD204613F07C
:109B8000BBF86549FFF702BB012200210320D7F78C
:109B900053FF6249204613F057F82046D6F7F4FCED
:109BA000204613F0A9F85B49204613F04DF82046F3
:109BB000D6F7EAFC204613F09FF85949FFF7E6BABA
:109BC000012200210220D7F737FF5649204613F023
:109BD0003BF82046D6F7D8FC204613F08DF84D49C7
:109BE000204613F031F82046D6F7CEFC204613F07D
:109BF00083F84D49FFF7CABA012210460021D7F772
:109C00001BFF4A49204613F01FF82046D6F7BCFC3C
:109C1000204613F071F83F49204613F015F820460E
:109C2000D6F7B2FC204613F067F84149204613F0FE
:109C30000BF82046D6F7A8FC204613F05DF83D4906
:109C4000204613F001F82046D6F79EFC204613F07C
:109C500053F83949204612F0F7FF2046D6F794FC16
:109C6000204613F049F83549204612F0EDFF204612
:109C7000D6F78AFC204613F03FF80C21304816F046
:109C8000D1F8FEF73BBE2F49204612F0DDFF2046FB
:109C9000D6F77AFC204613F02FF81E49204612F022
:109CA000D3FF2046D6F770FC204613F025F826494E
:109CB000FFF7E8B8019B1868D7F7BEFEFFF751BA67
:109CC00042F2107709EE107AFEF726B842F2107AC7
:109CD0005146FDF7A5BF42F210784346FEF70AB899
:109CE00042F210794A46FDF7F5BF42F2107308EED2
:109CF000103A08EE903AFDF7DDBF144B0093144B79
:109D00000193144B0293144B0393FDF760BE00BF05
:109D1000FCE604005CAE040010E70400D4E6040096
:109D2000E8E60400ACE60400C0E6040070E60400C7
:109D300084E6040000B5040098E60400A4E60400EC
:109D40005CFB04003CF4040054F40400CC07FF1F47
:109D5000D007FF1FD407FF1FD807FF1F2DE9F04FC3
:109D60002DED048BC7B0DFF850B30190D8F798FF02
:109D7000B04A1992B04ADFF8448300231360AF4A17
:109D80008DF888301360AE4A2F931360AD4A30933C
:109D90001360AD4A8DF8C4301360AC4A189280222B
:109DA0008DF8702018AA0921CDE91A33CDE9323394
:109DB0001D92DBF8543042F29F42CDE91E1241F26F
:109DC0008830D8F81C1002910522CDE93402D8F869
:109DD000181003915A1E032A01F21082DFE812F0D4
:109DE0000A02E901C8010400DBF81030DBF8242086
:109DF0009FED977A974D984CDBF83860974802FBB7
:109E000003F307EE903AF8EE677A122367EE877A4B
:109E10002B60FDEEE77A13232360D8F870300293AD
:109E200017EE901AD8F86C30039311F071FC31469C
:109E300011F062FC002111F08DFCDBF85430206839
:109E4000874C2E682360874B87491E60874B884A62
:109E500018609DF80830874D9FED878A02241846C8
:109E60000C6008EE903A01210323002613602E6057
:109E700013F014FC9DF80C30804D1846012109EEBA
:109E8000103A13F00BFCDBF81420DBF800309FEDE8
:109E9000707A7B4802FB03F307EE903AF8EE677A9C
:109EA00067EE877AFDEEE77A17EE901A11F030FC34
:109EB000DBF8281011F020FCDBED1B7AD8F8042029
:109EC000D8F80030D8ED026ADBF854009BED1A0A8E
:109ED00087EE887A02FB03F307EE903AF8EE677A92
:109EE000684B67EEA67A67EE877ABDEEE77A83ED78
:109EF000007A654BC3ED007AD8F70CFB634BDBF8B7
:109F00005400F0EE407A9BED1A0AC3ED007AD8F7C0
:109F100001FB16215E4885ED000A15F083FF2868D5
:109F200017F056FA41EC100B21465A4812F0B0FCDB
:109F3000584812F089FC1C21574815F073FFDBF8D4
:109F4000680017F045FA41EC100B2146514812F019
:109F50009FFC504812F078FCDBF85830002B00F0E2
:109F60007483012B00F023834C4B4D4D0493D5F8A3
:109F700000901B680193B2464A4B0199C3F80090C8
:109F8000494B0122196000201146D7F755FD474B78
:109F900047495A6F0223012A0B6000F0D184DBF895
:109FA0005430013B032B0AD8DFE813F0DC00CF006C
:109FB00040010400012211460420D7F73DFDDBF8E3
:109FC0005C30022B00F0CB80032B00F03984012B96
:109FD00000F02C84BAF1000F40F38B810AF10103E9
:109FE0009FED1B8A2B4C069301254F462946504670
:109FF000D7F7B0FC12212F4815F014FF2946204650
:10A0000012F01AFC204612F01FFCDBF85C30022B29
:10A0100000F0EB83032B00F0B883012B00F09D834D
:10A02000DBF85430013B032B4ED8DFE803F0848982
:10A030007F4900BF700F05003416FF1F3C16FF1F3D
:10A040003816FF1F2C16FF1F3016FF1FB40F050018
:10A050000AD7233C9C07FF1F3407FF1F9017FF1FE1
:10A06000CC07FF1FAC07FF1FA007FF1FA807FF1F9C
:10A07000A407FF1FC807FF1F0000B4438C07FF1F82
:10A080006C18FF1F9007FF1F2C17FF1F2817FF1FBB
:10A0900034FC04006008FF1F4CFC04000810FF1F84
:10A0A0004017FF1F4417FF1F0C10FF1F6C11FF1FED
:10A0B0001810FF1F6CFC0400D812FF1FA813FF1F0D
:10A0C000B748019911F060FBB648394611F05CFBC6
:10A0D0001321B54815F0A6FEB44B2046196812F0BE
:10A0E000ABFB204612F0B0FB1021B14815F09AFEF0
:10A0F000B04B2046196812F09FFB204612F0A4FBDB
:10A10000DBF85C30022B00F03E82AB4B5B6F012B27
:10A1100000F0A483DBF85430013B032B00F2A58050
:10A12000DFE813F0B605A30590058A00A34801995E
:10A1300011F02AFBC8E7A248019911F025FBC3E7FB
:10A14000A048019911F020FBBEE701221146022030
:10A15000D7F772FCDBF85C30022B7FF435AF4FEAA7
:10A16000860A37E7012211461046D7F765FC26E735
:10A17000DBF80C30DBF820209FED937A934D944C64
:10A18000DBF834608D4802FB03F307EE903AF8EEFB
:10A19000677A102367EE877A2B60FDEEE77A172344
:10A1A0002360D8F85030029317EE901AD8F84C304C
:10A1B0003AE6DBF80830DBF81C209FED837A834D0C
:10A1C000834CDBF830607F4802FB03F307EE903AE4
:10A1D000F8EE677A152367EE877A2B60FDEEE77A53
:10A1E00014232360D8F83030029317EE901AD8F871
:10A1F0002C3019E6DBF80430DBF818209FED727A7A
:10A20000724D734CDBF82C606D4802FB03F307EED4
:10A21000903AF8EE677A062367EE877A2B60FDEEB8
:10A22000E77A052317EE901A2360FEE50122114616
:10A230000320D7F701FCC2E6329B5A4E03F10C0211
:10A2400046A800EB820200EB83000021034640F8A1
:10A250008C6C53483291B7EE000A43F8880C42F8F0
:10A26000B41C18A80221F1F743FA1A9B002B3BD02B
:10A27000029B0595DFF87491039DA3F10A061D2E3C
:10A280003AD9A5F10A031D2B5ED9D8F8F800A0F140
:10A290000A031D2B07D8C0B213F036FAD8F8FC30E9
:10A2A000984240F0258713F059FE002840F3A08023
:10A2B000484B1B68012B00F0A580032B00F0608148
:10A2C000002B00F05A81444B00221A70434A136855
:10A2D0000F930F9913680E930E9B5B1A632BF9D99A
:10A2E0001A9B002BCBD1059D069B01359D427FF427
:10A2F0007DAE3B4B0193A2E018EE900A13F004FAF6
:10A30000D8F8FC309842BCD02521364815F08AFD9B
:10A31000204612F099FA049B1B68002BB1DD1BA8A4
:10A3200012F068F9002320981A9311F059FB219834
:10A3300011F056FB2A4B0193012119702A4B07207B
:10A340001970EDF7C9F87AE019EE100A13F0DCF98C
:10A35000D8F8FC30984298D02621484615F062FD86
:10A36000204612F071FA049B1B68002B8DDA1BA8A3
:10A3700012F040F9002320981A9311F031FB219834
:10A3800011F02EFB164B184A0193194601230B704E
:10A3900007204FF0FF311370EDF79EF84FE000BF3C
:10A3A0009017FF1F6C18FF1FC8FC04004417FF1F05
:10A3B000DCFC04000C10FF1F6C11FF1F5017FF1F67
:10A3C0001018FF1FD017FF1F0AD7233C9C07FF1F41
:10A3D0003407FF1F9807FF1FF016FF1F5C1FFF1FAA
:10A3E0000417FF1F48FD0400B018FF1F08E9040010
:10A3F00014F02AFE00287FF769AF9E4B1B68012BE3
:10A400007FF45BAF13F0BEFDC0B29B4B53281870B6
:10A4100000F0A18063287FF459AF1A9B53B118A8AC
:10A42000D6F740FD1A9B2BB1012013F0D9F91A9BE6
:10A43000002BF9D1914B01221A70914B0193914C51
:10A4400023681193119A23681093109B9B1A312B48
:10A45000F9D98D498D4E086804908D488D4D00685E
:10A4600005908D488D4B8E4A8E4F0168D6F804902A
:10A470000691D5F804A0D3F804E0D2F804C07968B6
:10A480000391894902920868079004997068874A85
:10A4900008447D49126808606868059908447C4949
:10A4A0000860586806997E4B01447B4801605968F2
:10A4B0007E4B07980A441A607A687D4F83187A4A5F
:10A4C000C7F800901360DFF814927A4AC9F800A028
:10A4D000C2F800E0DFF808A2774A039B77481360D0
:10A4E0001E21CAF800C015F09DFC7168744812F076
:10A4F000A3F9734812F0A8F91D21724815F092FCD7
:10A5000069686F4812F098F96D4812F09DF91421AE
:10A510006D4815F087FC5C496948096812F08CF9B0
:10A52000674812F091F90E21684815F07BFC5849F4
:10A530006348096812F080F9614812F085F9DBF888
:10A540005430013B032B00F25786DFE813F075030C
:10A550006F0369035D021A9B002B3FF46BAF18A8D1
:10A56000D6F7A0FC1A9B002B3FF464AF012013F038
:10A5700037F91A9B002BF9D15CE715F0E5FB43E7AF
:10A5800014F076FD40E7DBF86030012B7FF4BDADC1
:10A59000AA457FF4BAAD30214D4815F043FC514631
:10A5A000474812F049F9464812F04EF9A1E6DBEDB2
:10A5B000127AD8F80030D8F80420D8ED026A454D58
:10A5C000DBF83C6087EE887A02FB03F3DDED017A6D
:10A5D000B8EEE78A07EE903AF8EE677ADBF85C307F
:10A5E00067EEA67A022B67EE877A67EE887AFDEE31
:10A5F000E77A17EE909AC5ED007A1CD9032B1DD18E
:10A600009BED110ADBF85400D7F784FFDBED0F7ADE
:10A61000314BD5F800900493B8EE677A4FEA460ABA
:10A62000C0EE077A67EE887AFDEEE77ACDED017A23
:10A63000C3ED007AA0E4002B40F06184264B049324
:10A640001B6801934FEA460A96E4DBF85C30DBF8BE
:10A650004060022B48D9032B49D107EE906ADBED0D
:10A66000146AF8EE677A730086EEA77AC7EE087A66
:10A6700040E000BF9807FF1FF016FF1FB018FF1F34
:10A680000417FF1F5C1FFF1F3416FF1F6C18FF1FEE
:10A690003C16FF1F1018FF1F3816FF1FD017FF1F93
:10A6A0005017FF1F9017FF1F3016FF1F2C16FF1F9C
:10A6B0008816FF1F8C16FF1F8416FF1F70FD0400F5
:10A6C0006008FF1F90FD040060EF0400B0FD04006F
:10A6D000F0FC04004017FF1F0810FF1F9016FF1F1B
:10A6E0008016FF1F00000000002B40F027845FED64
:10A6F000037A7300D8F8042098ED027ADDED016A40
:10A70000AA4D9A46D8F8003002FB03F300EE103A47
:10A71000B8EE400AB8EEE68A20EE070A20EE270AD5
:10A7200020EE080A15F092FEF0EE407AFDEEE77A90
:10A730009BED130ADBF85400C5ED007AD7F7EAFE6B
:10A7400028EE000A9A4BD5F800900493FDEEC07AEB
:10A75000CDED017AC3ED007A0EE4012D00F05983AE
:10A76000022D02D0EB0700F11284924B1F68DBF838
:10A770005830002B00F00484012B02D18D4B7F4216
:10A780001F608D4B1B6801934AE4012D16D015F014
:10A79000010240F0E083DBF85830002B00F06F84BA
:10A7A000012B00F01B8485480E2115F03BFB01991D
:10A7B000204612F041F8204612F046F80F2180485A
:10A7C00015F030FB3946204612F036F8204612F0DC
:10A7D0003BF80C217B4815F025FB0199204612F02F
:10A7E0002BF8204612F030F81AE405F00306052194
:10A7F000754815F017FB3146204612F01DF820462B
:10A8000012F022F8022EDBF8583000F0DA82032E24
:10A8100000F07A82012E00F04E82002B00F0EB83D4
:10A82000012BCBD1644B1B680193F0E20B216748ED
:10A8300015F0F8FA5146664811F0FEFFFFF7CABB63
:10A84000DBF85830002B00F06982012B7FF4C2AB9B
:10A85000049B594A1B681360FFF7BCBB5D4B5E4904
:10A8600093ED1C7A5D4B5E48D3ED006A5D4A5E4E07
:10A87000DFF8889107EE907AF8EEE77A27EE087A0B
:10A8800067EEA67A03230B6067EE877A5749FDEEE1
:10A89000E77A0B60102303601723136017EE901AFA
:10A8A00000233046736010F06FFFD9F800300D932D
:10A8B0000D9AD9F800300C930C9B9B1A042BF8D9F5
:10A8C00010214B4815F0AEFA3946204611F0B4FF7E
:10A8D000204611F0B9FF0D21464815F0A3FA019961
:10A8E000204611F0A9FF204611F0AEFFDBF85430EE
:10A8F000022B00F09582042B00F04E82012B7FF496
:10A90000B4AC329BDFF8F8E046A800EB830C03F10F
:10A910000D02002100EB8202634660464CF88CEC8D
:10A92000DFF8E0C03291B7EE000A40F888CC43F877
:10A93000846C18A842F8B41C0321F0F7D9FE94E403
:10A940002A4B274C03201860234B10271860254BF7
:10A950002760114617241C60D7F76EF8DBF8142027
:10A96000DBF800309FED247A1F48244C02FB03F3F0
:10A9700007EE903AF8EE677A002367EE877A436035
:10A98000FDEEE77A17EE901A10F0C2FEDBF8281001
:10A9900010F0B2FE23680993099A23680893089B74
:10A9A0009B1A042BF9D9FFF7FABA00BF4017FF1F13
:10A9B0000810FF1F4417FF1F0C10FF1FA8FC040006
:10A9C00088FC040098FC040080FC04005CF7040090
:10A9D0006008FF1F6C11FF1FD007FF1FB418FF1F77
:10A9E000B407FF1FB007FF1F5017FF1F1810FF1FEE
:10A9F00024FD040038FD04000AD7233C5C1FFF1F20
:10AA00006C18FF1F1018FF1FC74BC84D1B685B4217
:10AA10002B60C74A3B68526FC64E5B42012A3360C7
:10AA200000F06382C44FC548132115F0FBF931686B
:10AA3000C34811F001FFC24811F006FF1321C148BD
:10AA400015F0F0F92968BE4811F0F6FEBC4811F087
:10AA5000FBFE1321BC4815F0E5F93968B84811F040
:10AA6000EBFEB74811F0F0FE019B1B78002B00F0C5
:10AA70001182B64E15AD23681393139940F2ED225F
:10AA800023681293129B5B1A9342F9D9B049284666
:10AA900012F0DAF82846D5F777FD284612F02CF99F
:10AAA0003168284612F0D0F82846D5F76DFD2846C3
:10AAB00012F022F9A749284612F0C6F82846D5F721
:10AAC00063FD284612F018F93168284612F0BCF8E8
:10AAD0002846D5F759FD284612F00EF90021084600
:10AAE0000122D6F7A9FFDBF8540001220021D6F796
:10AAF000A3FFD8F8E030012B00F0A7819649284643
:10AB000012F0A2F82846D5F73FFD284612F0F4F8D7
:10AB10009249284612F098F82846D5F735FD284680
:10AB200012F0EAF88E49284612F08EF82846D5F73A
:10AB30002BFD284612F0E0F88A49284612F084F8E6
:10AB40002846D5F721FD284612F0D6F88649284632
:10AB500012F07AF82846D5F717FD284612F0CCF8FF
:10AB60008249284612F070F82846D5F70DFD284690
:10AB700012F0C2F87E49284612F066F82846D5F74A
:10AB800003FD284612F0B8F87449284612F05CF824
:10AB90002846D5F7F9FC284612F0AEF87549284644
:10ABA00012F052F82846D5F7EFFC284612F0A4F828
:10ABB0006C49284612F048F82846D5F7E5FC2846A7
:10ABC00012F09AF86849284612F03EF82846D5F760
:10ABD000DBFC284612F090F86449284612F034F85D
:10ABE0002846D5F7D1FC284612F086F8D8F800019F
:10ABF000A0F10A031D2B40F2488123681593159A92
:10AC000023681493149B9B1AF92BF9D95A4B189368
:10AC100018A8ECF79DFD47B0BDEC048BBDE8F08FA4
:10AC2000DAF80030414D5B422B60F2E6534B3F4D6A
:10AC30001B685B422B60ECE6D9F800303B4D5B4271
:10AC40002B60E6E6329B4E4E03F10C0246A800EB69
:10AC5000820200EB83000021034640F88C6CB7EEC3
:10AC6000000A48483291FFF7F8BA329B444E03F18C
:10AC70000C0246A800EB820200EB83000021034691
:10AC800040F88C6CB7EE000A3F483291FFF7E5BA06
:10AC9000329B3B4E03F10C0246A800EB820200EB14
:10ACA00083000021034640F88C6CB7EE000A374859
:10ACB0003291FFF7D2BA002B00F08980012B7FF48C
:10ACC0007DAD042D324B40F3EE81DBED1B7AF5EECA
:10ACD000407AF1EE10FA00F0E681D3ED007A17EE3B
:10ACE000902A002AF8EEE77A40F37982294A92ED19
:10ACF000007A77EE877AFDEEE77A17EE907AC3ED69
:10AD0000007A0023019359E5002B00F06D81012B9F
:10AD10007FF454AD1E4B1F687F42F2E71C4A2B683C
:10AD20001360FFF757B900BF8416FF1F5418FF1FA9
:10AD30006C11FF1F5018FF1F5818FF1FA0F90400C7
:10AD40006008FF1FC0FD0400B4F904008007FF1F66
:10AD5000D4FD0400E8FD0400E4FB04005CAE040044
:10AD6000F8FB040000B5040098E60400A4E6040023
:10AD70000CFC040020FC0400B40F05008C16FF1F1F
:10AD80006C18FF1F5017FF1FD017FF1F1018FF1F51
:10AD90004417FF1F2C17FF1F329BDFF844E346A820
:10ADA00000EB830C03F10D02002100EB82026346ED
:10ADB00060464CF88CECB7EE000ADFF828C33291FD
:10ADC000B3E5002B3FF47DAF012B7FF4F7AC042DEE
:10ADD000B64B7FF728ADDBED1A7AF5EE407AF1EE4F
:10ADE00010FA3FF420ADD3ED007A17EE902A002A36
:10ADF000F8EEE77A40F3E681AD4A92ED007A77EE1D
:10AE0000877AFDEEE77ACDED017AC3ED007A00276F
:10AE1000D4E4A84B1F68A54B1B680193FFF700B94A
:10AE2000329BDFF8BCE246A800EB830C03F10D0275
:10AE3000002100EB8202634660464CF88CECB7EED2
:10AE4000000ADFF8A4C232916FE59B49284611F051
:10AE5000FBFE2846D5F798FB284611F04DFF974991
:10AE6000284611F0F1FE2846D5F78EFB284611F052
:10AE700043FF9349284611F0E7FE2846D5F784FBA7
:10AE8000284611F039FF8D49A7E60121C0B212F022
:10AE900005FCB2E615AD8B498B4E284611F0D4FE69
:10AEA0002846D5F771FB284611F026FF3168284661
:10AEB00011F0CAFE2846D5F767FB284611F01CFFA3
:10AEC0008249284611F0C0FE2846D5F75DFB28468A
:10AED00011F012FF3168284611F0B6FE2846D5F76A
:10AEE00053FB284611F008FFC5E500210320D6F7E3
:10AEF000A3FD029B764F5B685B423B6093E59BED55
:10AF0000110ADBF85400D7F705FBDBF83C30D5F825
:10AF100000905B0007EE903AF8EE677A6D4B049371
:10AF200080EE277A4FEA460A27EE087AFDEEC77AC6
:10AF3000CDED017AC3ED007AFFF71EB8730007EE7E
:10AF4000903ADBED146AF8EE677A86EEA77AC7EEE0
:10AF5000087AFFF7CFBBDBED1A7AF5EE407AF1EE17
:10AF600010FA26D1514B1B680193DBED1B7AF5EEED
:10AF7000407AF1EE10FA6DD14E4B1F68564813E43B
:10AF80004A4A13685B4201931360FFF749B8DBED4F
:10AF90001A7AF5EE407AF1EE10FA47D1DBED1B7A22
:10AFA000444BF5EE407AF1EE10FA29D11F68FFF715
:10AFB000DEBB3E4A136807EE903A002B3C4BF8EE9E
:10AFC000E77A93ED007A40F3D08077EE877AFDEE52
:10AFD000E77ACDED017AC2ED007AC6E7354B0192F2
:10AFE0001F687F42FFF7DFBB1F46304B1B685B4289
:10AFF0000193FFF7E3BB01932E4B1F68FFF7DEBB06
:10B00000D3ED007A17EE902A002AF8EEE77A40F3A3
:10B01000CB80324A92ED007A77EE877AFDEEE77ABE
:10B0200017EE907AC3ED007AFFF7A1BB1F4BD3ED6B
:10B03000007A17EE902A002AF8EEE77A40F3A9800A
:10B040001B4A92ED007A77EE877AFDEEE77AC3ED40
:10B05000007AA3E7174A136807EE903A002B1F4BBC
:10B06000F8EEE77A93ED007A40F3898077EE877AFD
:10B07000FDEEE77A17EE907AC2ED007A7EE70B4B91
:10B08000DFF868901B685B420193D9F800300B939E
:10B090000B9AD9F800300A930A9B9B1A042BF8D913
:10B0A0000027FFF780BB1F682BE600BF0C10FF1FB7
:10B0B0002817FF1F4417FF1FFCFD04005CAE0400AF
:10B0C00010FE040030F204008007FF1F44F2040069
:10B0D0005818FF1F0810FF1FB8FC04002C17FF1F93
:10B0E0006C18FF1F9017FF1FD017FF1F5C1FFF1F5B
:10B0F0002021444814F096FE434811F0A5FB1BA8FC
:10B10000002411F077FA20981A9410F069FC219825
:10B1100010F066FC3D4B01252246214620461D705D
:10B12000D6F78AFC224621462846D6F785FC2246D9
:10B1300021460220D6F780FC224621460320D6F77E
:10B140007BFC224621460420D6F776FC0720EBF74D
:10B150008DFCD8F80001A0F10A031D2B3FF656AD77
:10B160002946C0B212F09AFA50E577EEC77A284B1A
:10B17000FDEEE77ACDED017AC3ED007AF5E677EEE4
:10B18000C77A244BFDEEE77A17EE907AC3ED007A8A
:10B19000F4E6214B93ED007A1D4B77EEC77AFDEE76
:10B1A000E77AC3ED007AF9E61C4B93ED007A194B70
:10B1B00077EEC77AFDEEE77A17EE907AC3ED007A64
:10B1C000FFF7D5BA144B93ED007A114B77EEC77A9F
:10B1D000FDEEE77ACDED017AC3ED007A17E60F4B6D
:10B1E00093ED007A0B4B77EEC77AFDEEE77A17EE18
:10B1F000907AC3ED007A84E5094D0AE4094D0A4CC2
:10B20000FEF71DBE4CE604006008FF1FB018FF1FCC
:10B210000C10FF1F4417FF1F2817FF1F2C17FF1FBD
:10B220005418FF1F9C07FF1F3407FF1F2DE9F04F25
:10B230002DED0E8BDFF830B3B44ADBF8003095B05B
:10B240000EEE900A0A9300231370B14A13700A9A03
:10B25000DBF800300993099B9B1A092BF8D9AD49FB
:10B26000DFF80893DFF808A3AB4FAC4EAC4DAD4C04
:10B27000DFF8008311A811F0E7FC11A8D5F784F9D5
:10B2800011A811F039FDA84B11A8196811F0DCFCC8
:10B2900011A8D5F779F911A811F02EFD1521A348B1
:10B2A00014F0C0FDA24811F0CFFAA24ADFF8C8E2BC
:10B2B000A148A24900231360A14ACAF800301360D4
:10B2C000A04ACEF8003013609F4A3B601370D9F853
:10B2D00024203360022A2B6003600B60237088F8FF
:10B2E0000030059340F0708708EE103A974D0493B4
:10B2F00040F2F5161F463846D9F7CAFE51EC100B3E
:10B3000016F0B6FB237807EE900A002B41F03D853E
:10B3100098F80030002B41F081852B68042B0ADC63
:10B32000002B0CDD023B022B02F29785DFE813F0C5
:10B33000D500CB00DD0023F02003452B02D00137E0
:10B34000B742D8D10397824FD9ED087A3B687A6823
:10B3500097ED027A039CB8EEC88A02FB03F328EE4D
:10B36000278A07EE903AF8EE677A67EE877AFDEE65
:10B37000E77AF8EEE77AC7EE88AAFDEEEAAAD9EDF9
:10B380000B6A97ED057AFA683B697248C6EE877AD0
:10B3900002FB03F3222109EE103AB8EE499A29EE96
:10B3A000279A14F03FFDD9F82C0016F011F841EC63
:10B3B000100B02215E4811F06BFA5D4811F044FA5F
:10B3C0002121654814F02EFD786916F001F841EC52
:10B3D000100B0221564811F05BFA554811F034FA6F
:10B3E0001C215E4814F01EFD00230A2239695048D2
:10B3F00011F042FA4E4811F027FA1E21584814F075
:10B4000011FD00230A22F968494811F035FA48482D
:10B4100011F01AFA1E21524814F004FD00230A22EA
:10B42000F968434811F028FABDEEC99A404811F076
:10B430000BFA17214B4814F0F5FC19EE101A3C4892
:10B4400011F0FAF93A4811F0FFF9D7F8CC30D9EDFC
:10B450000B6A002B53D097ED367AD7F8D430D7F853
:10B46000D020C6EE877A02FB03F309EE903AF8EE9D
:10B47000699A7B6B69EEA79AFDEEE99A002B00F0C2
:10B480002987012B40F0AD8699ED0B0AD6F7BAFF5C
:10B49000BDEEC0BA7B6D002B00F0A986012B40F0F9
:10B4A0009C8699ED0B0AD6F7F1FFFDEEC0BAD9F8EC
:10B4B0000030013B032B02F2D784DFE813F0670072
:10B4C000B808B408B008D9F82830002B7FF437AF9B
:10B4D000FDEEE77ACDED047A31E7D9F82830012B7B
:10B4E0007FF42DAFBDEEE78A29E7D9F82830002B8D
:10B4F0007FF425AFFDEEE77ACDED057A1FE797EDF6
:10B500000A7A7B6A3A6AC6EE877AACE70417FF1FAD
:10B510006816FF1F2CB204003416FF1F2816FF1FE9
:10B520002C16FF1F1510FF1F8007FF1F24FE0400AD
:10B530006008FF1F8416FF1F6418FF1F6818FF1F95
:10B540008816FF1F7C16FF1FB018FF1F1417FF1F60
:10B55000A813FF1FC4FE0400E8FE04000CFF040053
:10B560002CFF04004CFF04005C1FFF1F7C10FF1F1A
:10B570004C17FF1F1410FF1F8016FF1F0000000054
:10B5800000007A440000B443000026448DED069A82
:10B59000D9F81C30002B00F04281631C1FED09EA32
:10B5A00001931FED09DA5FED09DA5FED09CA744D09
:10B5B000744EDFED758A01230293B0EE4EAABA46AF
:10B5C000724911A811F040FB11A8D4F7DDFF11A8B2
:10B5D00011F092FB2B68012B00F06D86032B00F01D
:10B5E0007486002B00F06C86DDED027A9FED68CA50
:10B5F000B8EE670AD4F780FF316811A811F024FB78
:10B6000011A8D4F7C1FF11A811F076FB0299D9F85F
:10B610001C00D6F79FF95F4B1B780024002B40F0ED
:10B62000FD805D4B5D4FC3ED008A2046C7ED008A6B
:10B63000D9F72EFD51EC100B16F01AFA182108EE6E
:10B64000100A574814F0EEFB98F80010554811F016
:10B65000F3F8544811F0F8F898F80030002B40F057
:10B66000D986514911A811F0EFFA11A8D4F78CFF2F
:10B6700011A811F041FB2B68012B00F0C784032BAC
:10B6800000F0BF84002B00F0CB8407EE904AB8EEA8
:10B69000E70AD4F731FF316811A811F0D5FA11A8E3
:10B6A000D4F772FF11A811F027FB404911A811F03F
:10B6B000CBFA11A8D4F768FF11A811F01DFB2B6875
:10B6C000012B00F0A884032B00F09684002B00F0DF
:10B6D0008E84374911A811F0D5FA11A8D4F754FF78
:10B6E00011A811F009FB316811A811F0ADFA11A8E9
:10B6F000D4F74AFF11A811F0FFFA2E4911A811F052
:10B70000A3FA11A8D4F740FF11A811F0F5FA2B689D
:10B71000012B00F06784032B00F05F84002B00F006
:10B720005784B0EE480AD4F7E7FE316811A811F04B
:10B730008BFA11A8D4F728FF11A811F0DDFA1E4BDF
:10B740001B68413B192B5CD8DFE813F0AE03E50220
:10B75000D5001E038D0301035203830173022902E6
:10B760001002C6015B00C8028502B6025B00380009
:10B77000D50053005B00EE005B0052015B0024012A
:10B780009807FF1F8407FF1F00000000F4EF04006C
:10B7900000002C44B018FF1FE816FF1FEC16FF1F17
:10B7A00064FF04006008FF1F94FE0400ACFE040068
:10B7B0004016FF1F80FF04001417FF1FB24911A895
:10B7C00011F042FA11A8D4F7DFFE11A811F094FA93
:10B7D000AE49AF4811F082FB002801F0EB80B5EED6
:10B7E000C08AF1EE10FA4CBF4FF0FF300120EDF7A8
:10B7F00005F81EEE900AF1F7B5FE78B9D7F712FBFF
:10B8000060B9D7F70FFB48B9019B01349C4200F0A7
:10B810003683A04B1B78002B3FF403AF57469E4B5B
:10B820009E481B78102123B99D4B1B78002B00F0FC
:10B830006F8614F0F7FA984B9A48197810F0FCFFCD
:10B840000221994814F0EEFA954B9648197810F0B9
:10B85000F3FF944810F0F8FF9449954C11A811F0AB
:10B86000F3F911A8D4F790FE11A811F045FA216858
:10B8700011A811F0E9F911A8D4F786FE11A811F06A
:10B880003BFA8C4911A811F0DFF911A8D4F77CFE1E
:10B8900011A811F031FA216811A811F0D5F911A8F9
:10B8A000D4F772FE11A811F027FA834B3968D3ED53
:10B8B000006A7B6897ED027A9FED806AD9F80020D4
:10B8C00001FB03F307EE903AF8EE677AF8EEE66ACA
:10B8D00067EE877A7A4B86EEA77A013A67EE067AA8
:10B8E000C3ED007A032A00F2D483DFE812F0810668
:10B8F00068065906B703D9F82810002901F0078017
:10B9000001297FF47EAFD9F82430022B01F0758332
:10B91000D9F80030013B032B01F2B280DFE813F0CD
:10B92000C60B9C08970B860B574911A811F08CF990
:10B9300011A8D4F729FE11A811F0DEF96149624877
:10B9400011F0CCFA002800F04B85604B9FED60AA07
:10B95000B0EE480ABCEEC88A83ED168AD4F7CCFD57
:10B960005C4911A811F070F911A8D4F70DFE11A8C7
:10B9700011F0C2F9B8EECA0AD4F7BEFD4C4B11A8BB
:10B98000196811F061F911A8D4F7FEFD11A811F0A2
:10B99000B3F936E7D9F82420D9F800300793012706
:10B9A000022AC9F8007000F04D87DAED057ADAF85E
:10B9B0000C10DAF8102088EE270A01FB02F207EEDD
:10B9C000902AF8EE677A27EE800A14F03FFDBDEE6C
:10B9D000C0EAF7EE000AB8EECE0A39463846EFF76D
:10B9E000F1FF079BC9F8003000283FF40AAF15E7C4
:10B9F000D9F82430D9F8007002229342C9F8002007
:10BA000001F03281DAF8CC30002B40F0BF85DAED5E
:10BA10000A7ADAF82430DAF8202088EE270A02FBC6
:10BA200003F307EE903AF8EE677A27EE800A14F0F7
:10BA30000DFDBDEEC0EA0121B8EECE0AF7EE000A18
:10BA40000846EFF7BFFFC9F8007000283FF4D9AEF1
:10BA5000E4E6D9F82830002B00F08187012B7FF431
:10BA6000CDAED9F82430022BD9F8003003F1FF33E2
:10BA700000F0B086032B01F29980DFE813F0950BFC
:10BA80007C08620B530B00BF00D80400B8FF040011
:10BA90005810FF1FB018FF1F0417FF1F00B304004A
:10BAA0006816FF1F6008FF1F1CB10400000005009E
:10BAB0008007FF1F180005008816FF1F0000B44311
:10BAC0005816FF1F7C1205004C10FF1FD812FF1FD5
:10BAD0003002000008D80400B7498AED1A8A11A87C
:10BAE00011F0B2F811A8D4F74FFD11A811F004F924
:10BAF0002B68012B01F00580032B00F0F287002B4F
:10BB000001F00E80B0EE480AD4F7F6FC2B68012B4A
:10BB100000F0F287032B00F0FE87002B00F0F68781
:10BB2000A64911A811F090F811A8D4F72DFD11A87D
:10BB300011F0E2F8B0EE6C0AD4F7DEFCA04B11A8CD
:10BB4000196811F081F811A8D4F71EFD11A811F0A1
:10BB5000D3F8D9F80030042B01F0BF80D7F762F991
:10BB600000287FF45BAE9FED97AA4DE69649974873
:10BB700011F0B4F9002800F03887B5EE408AF1EEF4
:10BB800010FA4FF0000240F0568511461046D5F7E6
:10BB900053FFD7F747F900283FF436AE3EE6864913
:10BBA0008AED128A11A811F04FF811A8D4F7ECFC15
:10BBB00011A811F0A1F82B68012B00F0CF87032BFF
:10BBC00000F0C787002B00F0BF87B0EE480AD4F71B
:10BBD00093FC2B68012B00F0B287032B00F0AA879F
:10BBE000002B00F0A287754911A811F02DF811A8BB
:10BBF000D4F7CAFC11A811F07FF8B0EE4C0AD4F7C4
:10BC00007BFC6F4B11A8196811F01EF811A8D4F72E
:10BC1000BBFC11A811F070F8D9F80030032B01F02B
:10BC20002D80D7F7FFF800287FF4F8AD9FED68AAC4
:10BC3000EAE5D9F82430022BD9F8003003F1FF33BC
:10BC400000F00B86032B00F20783DFE813F09D055D
:10BC5000F1028E057F05D9F82430022BD9F8003087
:10BC600000F02E86022B00F0CE8740F24981033B84
:10BC7000012B18D8DAF8CC30002B41F0A081DAED96
:10BC80000A7ADAF82430DAF8202088EE270A02FB54
:10BC900003F307EE903AF8EE677A27EE800A14F085
:10BCA000D5FBBDEEC0EAB8EECE0AF7EE000A0021E1
:10BCB0000120EFF787FEA0E528EE0D8ADBF80030C3
:10BCC0000E93FCEEC87A0E9917EE902ADBF800303E
:10BCD0000D930D9B5B1A9A42F8D892E5364911A84C
:10BCE00010F0B2FF11A8D4F74FFC11A811F004F81E
:10BCF0003849394811F0F2F8002800F03183374B09
:10BD00009FED37AAB0EE480ABCEEC88A83ED018ADF
:10BD1000D4F7F2FB24E6D9F82430D9F800700322D6
:10BD2000022BC9F8002000F0B585DAF83430002B7A
:10BD300000F01987012B00F08984B8EECE0A1EEEC0
:10BD4000900AF7EE000A0121EFF73CFE7BE6254959
:10BD5000254811F0C3F8002800F01386234A136821
:10BD6000013B0D2B00F2D480DFE813F0C409CA09AF
:10BD7000B209CE00D200D200D200D200D200D2004E
:10BD8000B809BE09D009D609D9F82430D9F800700D
:10BD90000422022BC9F8002000F03E85DAF8543066
:10BDA000002B00F03A87012BC7D1B0EE480AD6F736
:10BDB0006DFBBDEEC0EAC0E700D8040008D804005F
:10BDC0008007FF1F980200003CB804007016FF1F98
:10BDD000B0020000D4FF04001C10FF1F3811FF1F29
:10BDE00070010000840C05004010FF1FF811FF1FB8
:10BDF0008E4911A810F028FF11A8D4F7C5FB11A88F
:10BE000010F07AFF8A498B4811F068F8002800F09A
:10BE10008282894B9FED89AAB0EE480ABCEEC88A9F
:10BE200083ED108AD4F768FB854911A810F00CFF48
:10BE300011A8D4F7A9FB11A810F05EFFB8EECA0A4A
:10BE4000D4F75AFB7F4B196811A810F0FDFE11A81A
:10BE5000D4F79AFB11A810F04FFFD6F7E3FF0028A4
:10BE60003FF4D2ACDAE4D6F7DDFF00287FF4D6AC9D
:10BE70007548182113F0D6FF744810F0E5FCDBF884
:10BE800000301093109ADBF800300F930F9B9B1A31
:10BE9000632BF8D9029B01331A460293D9F81C3060
:10BEA0009342BFF48DABB9E4D9F82830002B00F0F1
:10BEB0001D85012B7FF4A2ACD9F82430022B00F0B1
:10BEC000928488EE2D0ADAF80420DAF8003002FBBA
:10BED00003F307EE903A9AED027AF8EE677A67EE8E
:10BEE000877A27EE800A14F0B1FABDEEC00A1EEE82
:10BEF000900AB8EEC00AF7EE000AF2F74BF97CE4BC
:10BF0000012B3FF4B7AECEE69FED51AA82ED108A29
:10BF1000464911A810F098FE11A8D4F735FB11A8D6
:10BF200010F0EAFE2B68012B00F02687032B00F0AF
:10BF30001E87002B00F01687B0EE480AD4F7DCFA13
:10BF40002B68012B00F00987032B00F00187002BE1
:10BF500000F0F9863A4911A810F076FE11A8D4F73E
:10BF600013FB11A810F0C8FEB8EECA0AD4F7C4FA41
:10BF7000344B11A8196810F067FE11A8D4F704FB20
:10BF800011A810F0B9FEDBF800300C930C9ADBF826
:10BF900000300B930B9B9B1A132BF8D92D4911A83A
:10BFA00010F052FE11A8D4F7EFFA11A810F0A4FE79
:10BFB000294911A810F048FE11A8D4F7E5FA11A8F4
:10BFC00010F09AFEB0EE480AD4F796FA31683BE7D3
:10BFD000222013F0ADFFFFF7A4BB222012F0F2FFE6
:10BFE000FFF79FBB222011F003FFFFF79ABB22202F
:10BFF00013F09EFFFFF76DBB222012F0E3FFFFF767
:10C0000068BB222012F0DEFFFFF73FBB222011F0B9
:10C01000EFFEFFF73ABB222011F0EAFEFFF759BB13
:10C02000222013F085FFFFF730BB00BF00D80400CB
:10C03000B0FF04006410FF1FB014FF1FA401000034
:10C0400008D804008007FF1FE4FF04006008FF1FFA
:10C050000C00000098FF040000B504007A6DCA4B84
:10C06000012A1B6800F2D58307EE903AFA6DB96D8C
:10C0700097ED197AF8EEE77A01FB02F267EE877A1C
:10C0800007EE102AB8EE477AC7EE876ABF4BC3EDBA
:10C09000006A002108460122D5F7CEFC0122104695
:10C0A0000021D5F7C9FC012200210220D5F7C4FCEC
:10C0B000012200210320D5F7BFFC0122002104202A
:10C0C000D5F7BAFCD7F8E030012B00F0D480B049A6
:10C0D00011A810F0B9FD11A8D4F756FA11A810F064
:10C0E0000BFEAC4911A810F0AFFD11A8D4F74CFA23
:10C0F00011A810F001FEA84911A810F0A5FD11A883
:10C10000D4F742FA11A810F0F7FDA44911A810F0D5
:10C110009BFD11A8D4F738FA11A810F0EDFDA04945
:10C1200011A810F091FD11A8D4F72EFA11A810F063
:10C13000E3FD9C4911A810F087FD11A8D4F724FA5B
:10C1400011A810F0D9FD984911A810F07DFD11A893
:10C15000D4F71AFA11A810F0CFFD8E4911A810F0EB
:10C1600073FD11A8D4F710FA11A810F0C5FD8F497E
:10C1700011A810F069FD11A8D4F706FA11A810F063
:10C18000BBFD864911A810F05FFD11A8D4F7FCF99A
:10C1900011A810F0B1FD824911A810F055FD11A8A9
:10C1A000D4F7F2F911A810F0A7FD7E4911A810F0FC
:10C1B0004BFD11A8D4F7E8F911A810F09DFD15B0BA
:10C1C000BDEC0E8BBDE8F08F0AEE903A784F0493E9
:10C1D0004FF4FA740393FFF7D2B8DFED76BAFFF7A6
:10C1E00066B97B6D9FED73BA002B7FF457A9059B51
:10C1F000002B00F060829DED057AFB6DBA6DD9EDE4
:10C20000087AD7ED186AB8EEC77A02FB03F327EE77
:10C21000277A07EE903AF8EE677A674B67EEA67AD0
:10C22000C7EE87BAFDEEEBBAC3ED00BAFFF73FB930
:10C23000DAED057ADAF81030DAF80C2088EE270A01
:10C2400002FB03F307EE903AF8EE677A27EE800AD6
:10C2500014F0FCF8BDEEC0EAB8EECE0AF7EE000A24
:10C2600000214FF0FF30EFF7ADFB0746002F3FF402
:10C27000C5AAFFF7D3BA514911A810F0E5FC11A8DF
:10C28000D4F782F911A810F037FD424911A810F037
:10C29000DBFC11A8D4F778F911A810F02DFD48495E
:10C2A00011A810F0D1FC11A8D4F76EF911A810F064
:10C2B00023FD38497AE7222011F09AFDFFF794B95F
:10C2C000222013F035FEFFF78FB9222012F07AFEFC
:10C2D000FFF78AB9049B002B00F0E5819DED047AFD
:10C2E000FB6BBA6BD9ED087AD7ED106AB8EEC77A56
:10C2F00002FB03F327EE277A07EE903AF8EE677A0F
:10C30000304B67EEA67A87EE87BABDEECBBA83EDE7
:10C3100000BAFFF7BFB82C492C4810F0DFFD002809
:10C3200000F09C812A4B83ED128A2B68012B01F0CF
:10C330004181032B01F04881002B01F04081B0EED8
:10C34000480AD4F7D9F82B68012B01F04981032B57
:10C3500001F03F81002B01F04A819FED1EAA63E5A9
:10C360001D491E4810F0BAFD002800F0DB81B5EE33
:10C37000C08AF1EE10FA4CBF4FF0FF300120F6F703
:10C38000DDFDFFF7EDBA00BF7C16FF1F6416FF1F2F
:10C39000ECED04005CAE040004EE040000B5040003
:10C3A00098E60400A4E604001CEE040034EE040049
:10C3B000A813FF1F000000001017FF1F300005002A
:10C3C000480005000817FF1F840C05006410FF1FBC
:10C3D000B014FF1F74020000D8FF04001C10FF1FE0
:10C3E000B949BA4810F07AFD002840F04F81B849A9
:10C3F000B64810F073FD002801F06A80B5EEC08ADF
:10C40000F1EE10FA4CBF4FF0FF300120FDF7A6FC13
:10C41000FFF7A6BA1B21AF4813F004FDAE4810F099
:10C4200013FAAE4911A810F00FFC11A8D4F7ACF81C
:10C4300011A810F061FC2B68012B574600F0E18138
:10C44000032B00F0AF81002B00F0B881A44911A8A4
:10C4500010F0FAFB11A8D4F797F811A810F04CFCD3
:10C46000316811A810F0F0FB11A8D4F78DF811A8CD
:10C4700010F042FC9B4911A810F0E6FB11A8D4F77C
:10C4800083F811A810F038FC2B68012B00F0BD8157
:10C49000032B00F08F81002B00F08881DDED037A03
:10C4A000B8EEE70AD4F728F8316811A810F0CCFBF1
:10C4B00011A8D4F769F811A810F01EFC8A4911A838
:10C4C00010F0C2FB11A8D4F75FF811A810F014FC0B
:10C4D0002B68012B00F09181032B00F07781002B5A
:10C4E00000F07081814911A810F0CCFB11A8D4F79D
:10C4F0004BF811A810F000FC316811A810F0A4FB53
:10C5000011A8D4F741F811A810F0F6FBFFF787B98E
:10C5100013F088FC764B70481978764C10F08CF943
:10C520000221754813F07EFC744B6B48197810F0AB
:10C5300083F9694810F088F9714911A810F084FB5B
:10C5400011A8D4F721F811A810F0D6FB216811A882
:10C5500010F07AFB11A8D4F717F811A810F0CCFB53
:10C56000684911A810F070FB11A8D4F70DF811A8B4
:10C5700010F0C2FB216811A810F066FB11A8D4F7D7
:10C5800003F811A810F0B8FBFFF766B9DAED367AB8
:10C59000DAF8D430DAF8D02088EE270AFFF73FBA6D
:10C5A0007A6B594B012A1B6800F2338107EE903AEF
:10C5B000FA6BB96B97ED117AF8EEE77A5CE5524BBE
:10C5C000D7F8CC20D3ED007AF8EEE77A002A40F0D5
:10C5D000B3837B6A3A6A97ED0A7A02FB03F367EE4C
:10C5E000877A07EE103AB8EE477AC7EE876A4DE5CC
:10C5F000454BFA6893ED007A3B69D7ED057AB8EEC2
:10C60000C77A02FB03F327EE277A07EE903AF8EE9B
:10C61000677A3E4BC7EE276AC3ED006A39E5CDED78
:10C6200006BAFEF7B5BF8DED06BAFEF7B1BFCDED88
:10C63000069AFEF7ADBF01211046D5F7FDF9D6F7F2
:10C64000F1FB00283FF4E0A8FFF7E8B8B0EE480A95
:10C65000D5F7D8FEBDEEC0EAFFF76FBB2C492D48D9
:10C6600010F03CFC002800F00D87B5EEC08AF1EE1A
:10C6700010FA294B00F11986196C012900F01B866C
:10C6800001210846FAF742F8FFF7CEBB234B9FED96
:10C6900024AAB0EE480ABCEEC88A83ED178AD3F705
:10C6A0002BFFFFF75DB999ED0B0AD5F777FDBDEECE
:10C6B000C0BAFEF7EFBE99ED0B0AD5F709FEFDEE05
:10C6C000C0BAFEF7F4BE00BFDCFF04004C10FF1F31
:10C6D00048B7040078FE04006008FF1F5CFE0400F9
:10C6E00088FE040094FE0400ACFE04004016FF1F08
:10C6F0000417FF1F8007FF1F1CB104006816FF1FEF
:10C70000BCED0400A4ED04007C16FF1F6416FF1F9F
:10C71000B4FF04006410FF1FB014FF1FD812FF1FE6
:10C7200034020000BE49BF4810F0D8FB002800F0DA
:10C730006587BD4B5B68013B042B3FF611A9DFE821
:10C7400013F087067A066D0660069406DAF8543010
:10C75000002B00F06885012B7FF47EADB0EE480A17
:10C76000D5F794FEBDEEC0EA76E5DAF83430002B5A
:10C7700000F05185012B7FF46FADB0EE480AD5F77C
:10C7800041FEBDEEC0EA67E5DAF8CC30002B40F0A0
:10C790004384DAED0A7ADAF82430DAF8202088EED9
:10C7A000270A4DE5222012F00DFC4FE6222013F05F
:10C7B000BFFB73E6222012F005FC6FE6222013F087
:10C7C000B7FB43E6222013F0B3FB8BE6222012F0E6
:10C7D000F9FB87E6032B3FF611A8DFE813F0FF050E
:10C7E000EE05DD05CC05B8EEEA0A1EEE900AF0EE85
:10C7F000480AF1F7CFFCFFF700B8222011F0F8FA51
:10C8000070E6222011F0F4FA20E6222011F0F0FA6E
:10C8100044E6DFED866A39E4059B002B00F0948343
:10C82000DAF85410002900F06B86012940F0A98243
:10C83000B8EEEB0A1EEE900AF0EE480AEFF7C2F8E7
:10C84000FFF701B9B8EEC90AF0EE480A3946384692
:10C85000EFF7B8F8079BFFF7C5B8032B3EF6CEAF4E
:10C86000DFE813F00400B703040004000021B8EE71
:10C87000E90AF0EE480A4FF0FF30EFF7A3F8012283
:10C88000074600210220D5F7D7F8002F3EF4B6AFB7
:10C89000FEF7C4BF049B002B00F06183DAF834106C
:10C8A000002900F03B86012940F06B82B8EECB0AEC
:10C8B0001EEE900AF0EE480AEFF784F8FFF7C3B8CF
:10C8C000022B00F021830CD8012B7EF497AFB8EE39
:10C8D000E90AF0EE480A00210120EFF773F8FEF7AD
:10C8E0008CBF033B012B3EF689AFF0E7D9F824302B
:10C8F000022B00F05286D9F80030013B032B00F2E6
:10C90000E580DFE813F0DC03CA00C403B503D9F8FF
:10C910002430022B00F00B8388EE2D0ADAF8042075
:10C92000DAF8003002FB03F307EE903A9AED027A50
:10C93000F8EE677A67EE877A27EE800A13F086FDB5
:10C94000BDEEC00A1EEE900AB8EEC00AF7EE000A6D
:10C95000F1F720FC00283EF454AFFEF75FBFD9F892
:10C960002430022BD9F8003003F1FF3300F0D682D7
:10C97000032B00F27681DFE813F0220458013E0415
:10C980002E042B492B4810F0A9FA00283EF439AFA9
:10C99000294BB5EEC08AF1EE10FA186800F1F28565
:10C9A0000121F4F76FFDD6F73DFA00283EF42CAFD5
:10C9B000FEF734BF2149224810F090FA00287EF497
:10C9C00018AF20491E4810F089FA00287EF411AFF4
:10C9D0001D491B4810F082FA00287EF40AAF1B495B
:10C9E000174810F07BFAFEF704BF1949194810F0F8
:10C9F00075FA002800F0C982B5EE408AF1EE10FA0F
:10CA00004FF0000240F0B68211460220D5F714F82C
:10CA1000D6F708FA00283EF4F7AEFEF7FFBE00BFD7
:10CA20007C1205001C10FF1F3811FF1F00000000C2
:10CA3000ACFF04004010FF1FF811FF1FD8FF0400D7
:10CA40005810FF1F840C05003CB80400C4B8040053
:10CA500020E004007016FF1FDAED0A7ADAF82430BD
:10CA6000DAF8202088EE270A02FB03F307EE903A5B
:10CA7000F8EE677A27EE800A13F0E8FCBDEEC0EA14
:10CA80000121B8EECE0AF7EE000A0846EEF79AFF4B
:10CA900000283EF4B6AEFEF7C1BEDAF8CC30002B6B
:10CAA00040F0F386DAED0A7ADAF82430DAF820205A
:10CAB00088EE270A02FB03F307EE903AF8EE677A56
:10CAC00027EE800A13F0C2FCBDEEC0EAB8EECE0A33
:10CAD0001EEE900AF7EE000A0121EEF773FFFEF753
:10CAE0008CBE222012F06EFAB0EE480AD3F704FD95
:10CAF0002B68012B7FF40EA8222011F079F9FFF7A3
:10CB00000FB8222011F074F9FEF7FCBF222013F0B9
:10CB10000FFAFFF705B8222012F054FAFFF700B819
:10CB2000222013F005FAFEF7EDBF222013F000FAE1
:10CB3000FFF759B8222012F045FAFFF754B8222027
:10CB400011F056F9FFF74FB8222013F0F1F9FFF773
:10CB50003CB8222012F036FAFFF737B8222011F045
:10CB600047F9FFF732B8B0EE480AD5F717FBBDEE2C
:10CB7000C0EAFFF7E2B8DAF8CC3097ED007A002B84
:10CB800040F0BF86DAED0A7ADAF82430DAF82020AD
:10CB900087EE270A02FB03F307EE903AF8EE677A76
:10CBA00027EE800A13F052FCBDEEC0EA914BD3EDA4
:10CBB000007A9AED027A87EEAD0A1EEE902A1EEEFA
:10CBC000103A02FB03F30EEE103ADAF80420DAF81A
:10CBD000003002FB03F307EE903AF8EE677A67EE57
:10CBE000877A27EE800A13F031FCBDEEC00AF7EE1B
:10CBF000001AB8EEC01AF0EE610AB8EECE0AF0F7ED
:10CC0000E1F8FEF7FABDDAED057ADAF81030DAF875
:10CC10000C2088EE270AFFF73AB8B0EE480AD5F79D
:10CC200057FBBDEEC0EAFFF788B8DAF8CC30002B2E
:10CC300040F071866F4BDAED0A7A93ED007ADAF8FC
:10CC40002020DAF8243087EE270A02FB03F307EEF0
:10CC5000903AF8EE677A27EE800A13F0F7FBBDEE04
:10CC6000C0EAD7ED007AA4E70121B8EEE90AF0EEB8
:10CC7000480A0846EEF7A6FEFEF7E5BE5E4911A893
:10CC80000FF0E2FF11A8D3F77FFC11A810F034F8E1
:10CC90002B68012B00F0BA85032B00F0B285002B26
:10CCA00000F0AA85B0EE480AD3F726FC2B68012BCA
:10CCB00000F09D85032B00F0D185002B00F0C98585
:10CCC0004E4B11A819680FF0BFFF11A8D3F75CFCF9
:10CCD00011A810F011F8FEF7A4BF474911A80FF0F2
:10CCE000B3FF11A8D3F750FC11A810F005F82B687A
:10CCF000012B00F0A985032B00F0A185002B00F08B
:10CD00009985B0EE480AD3F7F7FB2B68012B00F0AA
:10CD10008C85032B00F08485002B00F07C85374B3D
:10CD200011A819680FF090FF11A8D3F72DFC11A8D6
:10CD30000FF0E2FFFEF712BFD7F8D430D7F8D020BB
:10CD400097ED367A49E4222013F0F2F8FFF702B9A2
:10CD5000222012F037F9FFF7FDB8222011F048F831
:10CD6000FFF7F8B8222013F0E3F8FFF7E5B8222028
:10CD700012F028F9FFF7E0B8222011F039F8FFF798
:10CD8000DBB8C9F80070FEF73CBD1E211C4813F04B
:10CD900049F81C480FF058FD1B4911A80FF054FF2B
:10CDA00011A8D3F7F1FB11A80FF0A6FF174B1B68D2
:10CDB000012B00F08482032B00F04182002B00F055
:10CDC0003A82134911A80FF03FFF11A8D3F7DCFBFB
:10CDD00011A80FF091FF0F4B19680F4F11A80FF01A
:10CDE00033FF11A8D3F7D0FB11A80FF085FFFEF792
:10CDF00016BD00BFE816FF1FBCFF04008007FF1F21
:10CE00003CFE04006008FF1F5CFE04009807FF1F43
:10CE10004CFE04008407FF1FA813FF1F1B21D048EE
:10CE2000039712F0FFFFCF48CF4D0FF00DFDCF4914
:10CE300011A80FF009FF11A8D3F7A6FB11A80FF056
:10CE40005BFF2B68012B00F03E82032B00F0038276
:10CE5000002B00F0FC81C649C64E11A80FF0F4FE6D
:10CE600011A8D3F791FB11A80FF046FF316811A864
:10CE70000FF0EAFE11A8D3F787FB11A80FF03CFFD3
:10CE8000BD4911A80FF0E0FE11A8D3F77DFB11A852
:10CE90000FF032FF2B68012B00F01982032B00F0FA
:10CEA000D281002B00F0E381DDED037AB8EEE70AD2
:10CEB000D3F722FB316811A80FF0C6FE11A8D3F7F3
:10CEC00063FB11A80FF018FFAC4911A80FF0BCFECE
:10CED00011A8D3F759FB11A80FF00EFF2B68012BF7
:10CEE00000F0F981032B00F0BE81002B00F0B78128
:10CEF000A34911A80FF0C6FE11A8D3F745FB11A84E
:10CF00000FF0FAFE316868E7B8EEC90AF0EE480A99
:10CF100000210120EEF756FDFEF76FBC032B3EF615
:10CF20006DACDFE813F015020202EF01DC01B8EE90
:10CF3000EA0A1EEE900AF0EE480AF1F72BF90028F3
:10CF40003EF45FACFEF76ABCB8EEEB0A1EEE900A48
:10CF5000F0EE480A0121EEF735FDFEF774BDB8EE9C
:10CF6000CB0A1EEE900AF0EE480A0121EEF72AFDE8
:10CF7000FEF769BD01210220D4F75EFDD5F752FF0F
:10CF800000283EF441ACFEF749BC07907D497E483D
:10CF90000FF0A4FF002800F06E81B5EE408AF1EE9C
:10CFA00010FA079A00F0668401210846D4F744FD80
:10CFB000D5F738FF00283EF427ACFEF72FBCDAED9A
:10CFC000367ADAF8D430DAF8D02088EE270AFEF77D
:10CFD0005EBE0021B8EEC90AF0EE480A4FF0FF30FD
:10CFE000EEF7F0FC0122074600211046D4F724FD9D
:10CFF000002F3EF403ACFEF711BCDDED067A1EEE09
:10D00000900AB8EEE70AF0EE480AEEF7DBFC0028DB
:10D010003EF4F7ABFEF702BCDAED367ADAF8D4303C
:10D02000DAF8D02088EE270AFFF70AB9DAF8543088
:10D03000002B00F07D84012B7FF422ADB0EE480A76
:10D04000D5F724FA13F002FABDEEC0EA18E5DAF8D3
:10D050003430002B00F0A084012B7FF411ADB0EE32
:10D06000480AD5F7CFF913F0F1F9BDEEC0EA07E5AC
:10D07000DAF85430002B00F06184012B7FF426ADE8
:10D08000B0EE480AD5F702FABDEEC0EA1EE5DAF8BE
:10D090003430002B00F08684012B7FF417ADB0EE06
:10D0A000480AD5F7AFF9BDEEC0EA0FE5DAED057A2B
:10D0B000DAF81030DAF80C2088EE270AD4E4DAED3A
:10D0C000057ADAF81030DAF80C2088EE270AF1E455
:10D0D0009FED2EAA82ED0F8AFEF71ABF9FED2CAAB4
:10D0E00082ED118AFEF714BF9FED2AAA82ED128A03
:10D0F000FEF70EBF9FED28AA82ED0D8AFEF708BF4E
:10D100009FED26AA82ED0E8AFEF702BF9FED24AAAC
:10D1100082ED138AFEF7FCBE9FED22AA82ED148AEF
:10D12000FEF7F6BEDAF85430002B00F05584012BE0
:10D130007FF43CAD97ED000AD5F7A8F9BDEEC0EA43
:10D1400034E5DAF83430002B00F04E84012B7FF404
:10D150002DAD97ED000AD5F755F9BDEEC0EA25E5EE
:10D1600078FE04006008FF1F9807FF1F5CFE0400A4
:10D1700088FE04008407FF1F94FE0400ACFE040038
:10D180004016FF1F54B904007016FF1F4C01000029
:10D190008C0100003C010000A800000054010000C8
:10D1A000F40100002400000097ED007ADAED057A22
:10D1B000DAF81030DAF80C2087EE270AEAE4D94BC7
:10D1C000DAED057A93ED007ADAF80C20DAF810300F
:10D1D00087EE270A39E5DAF85430002B00F0F383A4
:10D1E000012B7FF43EADCF4B93ED000AD5F74EF9FE
:10D1F000BDEEC0EA35E5DAF83430002B00F0DA8312
:10D20000012B7FF42EADC74B93ED000AD5F7FAF84A
:10D21000BDEEC0EA25E5B0EE480AD4F7BFFFBDEE8B
:10D22000C0EAFFF719B8B0EE480AD5F751F8BDEEDD
:10D23000C0EAFFF711B8222012F07AFEC1E52220E1
:10D2400011F0C0FEBDE5222011F0BCFE2CE622202C
:10D2500012F06EFEFFE5222011F0B4FEFBE5222065
:10D2600012F066FE44E6222011F0ACFE40E62220D9
:10D2700012F05EFE18E6AC49AC480FF02FFE002815
:10D2800000F0C583B5EE408AF1EE10FA4FF00002CF
:10D2900040F0B28311460320D4F7CEFBD5F7C2FD90
:10D2A00000283EF4B1AAFEF7B9BA186C01284FF075
:10D2B000FF313FF4E7A94FF0FF30FFF7E3B9222039
:10D2C00010F096FD7DE5222010F092FDC3E52220AE
:10D2D00010F08EFDE8E5222010F08AFD08E6914B63
:10D2E000D7ED001AD3ED000AF8EEEE7AB8EEEA1A9E
:10D2F00067EEA11A67EEA00AB8EEEB0AEFF762FD3F
:10D30000FEF77BBA874BD7ED001AD3ED000AF8EE93
:10D31000EE7AB8EEEA1A67EEA11A67EEA00AB8EE46
:10D32000CB0AEFF74FFDFEF768BA7E4BD7ED001A38
:10D33000D3ED000AF8EEEE7AB8EEEA1A67EEA11A1B
:10D3400067EEA00AB8EEE90AEFF73CFDFEF755BA22
:10D35000744BD7ED001AD3ED000AF8EEEE7AB8EE72
:10D36000EA1A67EEA11A67EEA00AB8EEC90AEFF74B
:10D3700029FDFEF742BAD7ED000A6A4BF8EEEE7AC5
:10D38000D3ED001AB8EEEA1A67EEA00AB8EEEB0A7F
:10D39000EFF718FDFEF731BAD7ED000A614BF8EE52
:10D3A000EE7AD3ED001AB8EEEA1A67EEA00AB8EEEC
:10D3B000CB0AEFF707FDFEF720BAD7ED000A594B6D
:10D3C000F8EEEE7AD3ED001AB8EEEA1A67EEA00A8C
:10D3D000B8EEE90AEFF7F6FCFEF70FBA514BD7EDBE
:10D3E000000AD3ED001AF8EEEE7AB8EEEA1A67EE0C
:10D3F000A11A67EEA00AB8EEC90AEFF7E3FCFEF740
:10D40000FCB94B4B9FED4BAAB0EE480ABCEEC88A64
:10D4100083ED008AD3F770F8FEF7A2BA464B9FED72
:10D4200047AAB0EE480ABCEEC88A83ED008AD3F75B
:10D4300063F8FEF795BA424B9FED42AAB0EE480A58
:10D44000BCEEC88A83ED008AD3F756F8FEF788BA97
:10D450003D4B9FED3EAAB0EE480ABCEEC88A83ED74
:10D46000008AD3F749F8FEF77BBA394B9FED39AA0A
:10D47000B0EE480ABCEEC88A83ED008AD3F73CF8C8
:10D48000FEF76EBA344935480FF028FD00283EF407
:10D49000CBAC334B83ED138A2B68012B00F0358323
:10D4A000032B00F02E83002B00F02783B0EE480AF8
:10D4B000D3F722F82B68012B00F01883032B00F020
:10D4C0000E83002B00F004839FED26AAFEF7ACBC70
:10D4D000254926480FF002FD002800F0E881244B82
:10D4E0009A6DB0EE480ABCEEC88A002A40F0D78197
:10D4F00083ED108A9FED1FAAD2F7FEFFFEF730BA28
:10D500001D4BF0EE480A93ED000A1EEE900AB8EEAD
:10D51000C00A0121EEF756FAFEF795BA174BF0EE66
:10D52000480AF0E7E816FF1F40B804007016FF1F16
:10D530001811FF1FAC0100000811FF1F9800000028
:10D54000F810FF1FA0000000E810FF1FC00000003F
:10D550002811FF1FB8010000B8FF04006410FF1F6E
:10D56000B014FF1F64020000E0FF04004C10FF1F16
:10D57000D812FF1F2C0200001017FF1F0817FF1FF3
:10D58000740200004FF0FF31F3F77CFFD5F74AFC3F
:10D5900000283EF439A9FEF741B9DDED067A1EEE0A
:10D5A000900AB8EEE70AF0EE480A0121EEF70AFA0F
:10D5B000FEF723B9222010F01BFCFEF7C0BE22208C
:10D5C00012F0B6FCFEF7BBBE222011F0FBFCFEF70A
:10D5D000B6BE222011F0F6FC1FED17AAFEF724BC00
:10D5E000222010F005FC1FED1AAAFEF71DBC222018
:10D5F00012F09EFC1FED1EAAFEF716BCD349D448BC
:10D600000FF06CFC00283EF4ABA9DAF80420DAF83D
:10D610000030DAED026A02FB03F307EE103AB8EECF
:10D62000477AC8EE2D7ACB4B5A68013A27EE267A14
:10D63000BDEEC77AB8EEC77AC7EE086A67EE877A9A
:10D64000BDEEE67A042A3EF68BA9DFE802F0A77E5B
:10D65000552C0300C04A136882ED027A012B08BFE3
:10D66000FCEEE77A2B6808BFC2ED027A012B82ED4F
:10D67000038A00F00C83032B00F00583002B00F0DD
:10D68000FE82B0EE480AD2F737FF2B68012B00F07C
:10D69000EF82032B00F03283002B00F028839FEDF4
:10D6A000AFAAFEF75DB9AE4A136882ED027A012B8C
:10D6B00008BFFCEEE77A2B6808BFC2ED027A012BA7
:10D6C00082ED038A00F00F83032B00F00883002B08
:10D6D00000F00183B0EE480AD2F70EFF2B68012B51
:10D6E00000F0F282032B00F0BC82002B00F0B2822B
:10D6F0009FED9CAAFEF734B99B4A136882ED027A2B
:10D70000012B08BFFCEEE77A2B6808BFC2ED027A56
:10D71000012B82ED038A00F03583032B00F02E836A
:10D72000002B00F02783B0EE480AD2F7E5FE2B6805
:10D73000012B00F01883032B00F00E83002B00F068
:10D74000E4829FED8AAAFEF70BB9894A136882ED3D
:10D75000027A012B08BFFCEEE77A2B6808BFC2ED06
:10D76000027A012B82ED038A00F07082032B00F015
:10D770006982002B00F0A482B0EE480AD2F7BCFE0A
:10D780002B68012B00F09582032B00F08B82002B7D
:10D7900000F081829FED77AAFEF7E2B8764A13681F
:10D7A00082ED027A012B08BFFCEEE77A2B6808BFF6
:10D7B000C2ED027A012B82ED038A00F0E481032B93
:10D7C00000F0DD81002B00F0D681B0EE480AD2F7E0
:10D7D00093FE2B68012B00F0C781032B00F0F7812B
:10D7E000002B00F0ED819FED65AAFEF7B9B822206D
:10D7F00010F0FEFAFFF764BA222012F099FBFFF74F
:10D8000051BA222011F0DEFBFFF74CBA222010F0B3
:10D81000EFFAFFF747BA222012F08AFBFFF77FBA30
:10D82000222011F0CFFBFFF77ABA222010F0E0FAA5
:10D83000FFF775BA222012F07BFBFFF762BA2220B5
:10D8400011F0C0FBFFF75DBA222010F0D1FAFFF70C
:10D8500058BA222012F06CFBFFF732BA222011F0E6
:10D86000B1FBFFF72DBAB5EE408AF1EE10FA40F0A9
:10D87000E882002211460120D4F7DEF8D5F7D2FA6B
:10D8800000283DF4C1AFFDF7C9BFDAED367ADAF80A
:10D89000D430DAF8D02088EE270AFFF70BB983EDF1
:10D8A0000F8A9FED37AAD2F727FEFEF759B8354900
:10D8B00035480FF013FB002800F0E080334B9A6DE1
:10D8C000002A40F0BD8083ED148A2B68012B00F004
:10D8D0004781032B00F04081002B00F06D81B0EEFA
:10D8E000480AD2F709FE2B68012B00F05E81032B5A
:10D8F00000F05481002B00F04A819FED25AAFEF72D
:10D900002FB8DAED367ADAF8D430DAF8D02087EEAC
:10D91000270AFFF73FB91F4BDAED367A93ED007A0D
:10D92000DAF8D020DAF8D43087EE270AFFF78DB97D
:10D93000B0EE480AD4F7CCFCFFF780BBB0EE480A43
:10D94000D4F7C6FCBDEEC0EAFFF7C0B8840C0500F2
:10D950001C10FF1F3811FF1F2811FF1FA802000015
:10D960001811FF1FA00200000811FF1F4402000051
:10D97000F810FF1F68010000E810FF1F60010000A1
:10D98000E40200003CB804004C10FF1FD812FF1F37
:10D9900034010000E816FF1FB0EE480AD4F7FEFB82
:10D9A000FFF75DBBB0EE480AD4F7F8FBBDEEC0EA66
:10D9B000FFF78CB8D84B93ED000AD4F7EFFBBDEE20
:10D9C000C0EAFFF74EB9D44B93ED000AD4F780FCC0
:10D9D000BDEEC0EAFFF745B997ED000AD4F778FC31
:10D9E000BDEEC0EAFFF7E2B897ED000AD4F7D6FB28
:10D9F000BDEEC0EAFFF7DAB801210320D4F71CF826
:10DA0000D5F710FA00283DF4FFAEFDF707BF0790E9
:10DA1000C249C3480FF062FA002800F08580B5EED5
:10DA2000408AF1EE10FA079A73D001210420D4F74E
:10DA300003F8D5F7F7F900283DF4E6AEFDF7EEBEA2
:10DA400083ED128A2B68012B00F0F880032B00F085
:10DA5000F180002B00F0A181B0EE480AD2F74CFD16
:10DA60002B68012B00F09281032B00F0DC80002B4F
:10DA700000F0D2809FEDB5AAFDF772BFA949AA4870
:10DA80000FF02CFA00283DF46BAFA84B9A6D002ADA
:10DA900040F0A48083ED138A2B68012B00F0A9814C
:10DAA000032B00F0AE81002B00F0A781B0EE480AF6
:10DAB000D2F722FD2B68012B00F0BC81032B00F074
:10DAC000B281002B00F08E819FEDA2AAFDF748BF26
:10DAD000222012F02DFA9FED96AAFEF7A5B922207A
:10DAE00011F070FA9FED92AAFEF79EB9222010F075
:10DAF0007FF99FED8FAAFEF797B9222012F018FA4E
:10DB0000D4E4222011F05EFAD0E4222010F070F963
:10DB1000CCE411460420D3F78FFFD5F783F9002812
:10DB20003DF472AEFDF77ABE7E497D480FF0D6F91E
:10DB300000283DF466AED9F80030013B032B3DF6DA
:10DB400060AE01A252F823F067D80200F9C90200C2
:10DB500085D202000BDE0200222011F033FABEE66D
:10DB6000222010F045F9BAE6222010F041F99FED8D
:10DB700071AAFDF7F5BE222012F0DAF925E622207F
:10DB800011F020FA21E6222010F032F91DE62220C1
:10DB900012F0CEF99FED68AAFDF7E2BE222011F047
:10DBA00011FA9FED65AAFDF7DBBE222010F020F9E7
:10DBB0009FED61AAFDF7D4BE222012F0B9F98EE6DE
:10DBC000222012F0B5F99FED5BAAFDF7C9BE222015
:10DBD00011F0F8F99FED57AAFDF7C2BE83ED118A47
:10DBE0002B68012B00F0FA80032B00F0F380002B50
:10DBF00000F0EC80B0EE480AD2F77EFC2B68012BD7
:10DC000000F0DD80032B00F0D380002B00F0C980F2
:10DC10009FED4FAAFDF7A4BE222012F089F99FEDD7
:10DC20004BAAFDF79DBE222011F0CCF99FED47AA2B
:10DC3000FDF796BE222011F0C5F90DE7222010F065
:10DC4000D7F809E7222011F0BDF995E5222010F060
:10DC5000CFF891E5222012F06BF99FED38AAFDF77D
:10DC60007FBE222011F0AEF99FED34AAFDF778BEF9
:10DC7000222010F0BDF89FED32AAFDF771BE2220E0
:10DC800012F056F9FDE4222011F09CF9F9E422206B
:10DC900010F0AEF8F5E4222012F04AF99FED29AA1F
:10DCA000FDF75EBE222011F08DF99FED26AAFDF74B
:10DCB00057BE222010F09CF89FED22AAFDF750BE1F
:10DCC000222012F035F957E5222010F091F89FED4F
:10DCD0001BAAFDF745BE222012F02AF9FAE4222001
:10DCE00011F070F9F6E4222010F082F8F2E422201C
:10DCF00012F01EF99FED12AAFDF732BE222011F09C
:10DD000061F99FED0FAAFDF72BBE222012F010F94A
:10DD10009FED0DAAFDF724BEE816FF1F840C050039
:10DD20007016FF1FC4B804004C10FF1FD812FF1F4D
:10DD3000640200006001000034010000A002000045
:10DD4000A80200006801000044020000E802000090
:10DD500044010000E8000000222011F033F91FED1B
:10DD600006AAFDF7FDBD222010F042F81FED0AAA19
:10DD7000FDF7F6BD222012F0DBF8D4E4222011F0EA
:10DD800021F9D0E4222010F033F8CCE4222010F066
:10DD90002FF81FED12AAFDF7E3BD222012F0C8F8FC
:10DDA0005AE6222012F0C4F81FED17AAFDF7D8BDDD
:10DDB000222011F007F91FED1AAAFDF7D1BD22208C
:10DDC00010F016F81FED1EAAFDF7CABD222012F0B2
:10DDD000AFF80FE7222011F0F5F80BE7222010F042
:10DDE00007F807E7222012F0A3F81FED26AAFDF797
:10DDF000B7BD22200FF0FCFF58E6222012F098F861
:10DE000054E6222011F0DEF850E6B5EE408AF1EE3D
:10DE100010FA4FF000023FF47CAE01210420D3F74A
:10DE20000BFEFDF7EEBC222011F0CCF81FED37AA57
:10DE3000FDF796BD22200FF0DBFF1FED3AAAFDF79C
:10DE40008FBD012100220846D3F7F6FDD4F7EAFF83
:10DE500000283DF4D9ACFDF7E1BCD9F82830002BFF
:10DE60007DF46DAAFDF73EBB00230693FDF790BB42
:10DE70002DE9F84F824E834C834DDFF86082834F4B
:10DE80000FF0D2F8002130460EF0DEFE3046804E14
:10DE90002246294613F032F9002130460EF0D4FE16
:10DEA00030467C4E2246294613F028F900213046A0
:10DEB0000EF0CAFE3046784E2246294613F01EF96F
:10DEC000002130460EF0C0FE3046744E22462946F0
:10DED00013F014F9002130460EF0B6FE3046704EB5
:10DEE0002246294613F00AF9314640460EF0ACFEB0
:10DEF00022462946404613F001F9DFF8E48100216B
:10DF000038460EF0A1FE22462946384613F0F6F8B0
:10DF1000644F314640460EF097FE22462946404661
:10DF200013F0ECF8DFF8BC81314638460EF08CFE79
:10DF300022462946384613F0E1F85B4F3146404609
:10DF40000EF082FE22462946404613F0D7F8DFF84D
:10DF50009881314638460EF077FE224629463846EB
:10DF600013F0CCF8514F314640460EF06DFE22467C
:10DF70002946404613F0C2F8DFF870813146384632
:10DF80000EF062FE22462946384613F0B7F8484F95
:10DF9000314640460EF058FE22462946404613F0D0
:10DFA000ADF8314638460EF04FFE22462946384637
:10DFB00013F0A4F8022203213E480DF069FB05226C
:10DFC00006213D480DF064FB142215213B480DF05D
:10DFD0005FFB172210213A480DF05AFB1322122141
:10DFE00038480DF055FB3848384B43600025384B16
:10DFF000384985604FF0800B4FF0010A4FF0090956
:10E0000042F29F4841F2883705262246C56080F8D3
:10E0100010B080F82850C565056680F864508566A4
:10E0200080F890500360C0F86CA0C0F81890C0F859
:10E030001C8007674667406113F060F82648234B51
:10E04000436080F810B0224BC0F86CA02246C0F8A4
:10E050001890C0F81C80076746678560C56080F827
:10E060002850C565056680F864508566036080F8B1
:10E07000905018494061BDE8F84F13F03FB800BF19
:10E08000C416FF1F3007FF1FF9CC03007010FF1FDD
:10E09000DC16FF1FD016FF1FEC0FFF1FF80FFF1F2E
:10E0A000A81205004010FF1F6410FF1F3410FF1F4F
:10E0B0007016FF1F6C18FF1F1018FF1FD017FF1FCF
:10E0C0005017FF1F9017FF1F0015FF1F700F05004F
:10E0D000980F0500D97701009415FF1F4016FF1F08
:10E0E0004C10FF1F1C10FF1F2810FF1F5810FF1F90
:10E0F00070B50D4805F020FEA8B90B4D0B4C0C4E29
:10E1000008E011F08FFE30460EF09EFB4FF47A705F
:10E110000FF066FBFE21284605F088FE0346262107
:10E120002046002BEDD070BDBC18FF1F600005001D
:10E130006008FF1F2DE9F0412DED028BA4B00FF018
:10E140000DFF002840F33381844B854801220C21C8
:10E150001A6011F067FE0FF001FF002840F31A81EA
:10E160007E4D2B68012B00F01E81032B00F03081C7
:10E17000002B00F0298100237A4E7B4833700A215E
:10E1800011F050FE794C296879480EF055FB78481B
:10E190000EF05AFB23680693069A23680593059BA5
:10E1A0009B1A0E2BF9D933782B3BD32B00F2E4804A
:10E1B000DFE813F07310AB0DE2009F0DE200E20008
:10E1C000E200E200E200E200E200E200E200E2003F
:10E1D000E2007A16531634162C16AC16F4113E0EC5
:10E1E0001C0EF00DE200B70D310E250E500EE000B2
:10E1F000710E1414F813DE13BF138E136A139C12DE
:10E200005D125215E200E214C1148A14161681152B
:10E21000921506105412E2001512BB0EAF0EE2006A
:10E220008E0E8A0EE20060094E0913090209E10808
:10E23000C908B808B108A908A5088E0877086508B4
:10E24000530834080908E707A407920739070E079F
:10E25000FC06DD06BB06B70649062706E200E2001B
:10E26000E200E200E200E200E200E200E200E2009E
:10E27000E200E200E200E200E200E200E200E2008E
:10E28000E200E200E200E200E200E200E200E2007E
:10E29000E200E200E200E200E200E200E200E2006E
:10E2A000DC0572056E056A0562055B053C051A050D
:10E2B000F804D004C904C304E200A2048104600489
:10E2C000E2005504DB02E200A7029C024E040D04AA
:10E2D0002E02FB0131031303F202EB02620342033D
:10E2E000ED03E801A2019301E2004F013F01280183
:10E2F00012014D102F108711661144113811E00BD7
:10E30000D80BA8119B0B600D3F0D7E0D2F0D4C0BF4
:10E31000090BC60A540A7C0C5A0C130CF10BD00CD6
:10E32000AE0CF20CE200480A080AE709E009C1094C
:10E33000A2097109D211AF11E200C90FB60F0E1078
:10E340006E0FB3166214E200E2007014D30E2D11AA
:10E35000E2000C11C210A110E2007F109807FF1F0D
:10E3600088000500F016FF1FA80005005C1FFF1FB6
:10E370006008FF1FF9F7DCF923680893089A2368FF
:10E380000793079B9B1A632BF9D924B0BDEC028B32
:10E39000BDE8F08110F058FE0028F6DDBB4D2B687B
:10E3A000012B7FF4E2AE0FF0EDFDC3B2E4E610F016
:10E3B0004BFE00287FF7CFAEB44BB54803220C21AB
:10E3C0001A6011F02FFDC6E611F0BEFCC3B2D3E611
:10E3D00010F04EFEC3B2CFE60A21AE4811F022FD86
:10E3E0000721AD4811F01EFDAC4AAD48516C002329
:10E3F0000A220EF041FAAA480EF026FA0120EAF7A6
:10E40000FDF9B9E7D3F776FEA64D03461B21A648D2
:10E410006B6511F007FD696DA1480EF00DFAA0487B
:10E420000EF012FAA14B8C22196828460EF050FE0D
:10E43000A2E728689B4DD3F73FFE51EC100B13F079
:10E4400017FB9A4BE86619688C2228460EF040FEAE
:10E4500092E72868964ED3F72FFE51EC100B13F07D
:10E46000BFFA012805464FF0110118BF4FF0FF35E4
:10E47000904811F0D7FC294689480EF0DDF988480C
:10E480000EF0E2F90A21834811F0CCFC716D84484A
:10E4900000230A220EF0F0F981480EF0D5F912217E
:10E4A000854811F0BFFCB16D7D4800230A220EF0B3
:10E4B000E3F97B480EF0C8F90621804811F0B2FC60
:10E4C000F16D774800230A220EF0D6F974480EF059
:10E4D000BBF92846FBF742FC4EE7D3F70BFE784B1F
:10E4E0005B68013B042B3FF647AFDFE813F05A1C93
:10E4F0003D1CEF1BD21B771CD3F7FCFD714D724BFB
:10E50000686319684FF4847228460EF0E1FD182103
:10E510006E4811F087FC0023696B61480A220EF0F7
:10E52000ABF95F480EF090F96B6B002B03F002859E
:10E530006749684D08A80EF087FB08A8D2F724F8B1
:10E5400008A80EF0D9FB296808A80EF07DFB08A8E2
:10E55000D2F71AF808A80EF0CFFB5F4908A80EF012
:10E5600073FB08A8D2F710F808A80EF0C5FB2968BD
:10E5700008A80EF069FB08A8D2F706F808A80EF064
:10E58000BBFBF9E6D3F7B6FD464EB36D03280CBFCF
:10E590004FF0FF350125042B02F24387DFE813F02B
:10E5A0005E1758173C174C1BFD1A2868D3F784FDDB
:10E5B00051EC100B13F014FA15210546474811F0E1
:10E5C00031FC294636480EF037F935480EF03CF953
:10E5D000434B1B68013B0A2B3FF6CEAE01A252F81B
:10E5E00023F000BF471E0300171E0300731C030027
:10E5F000471C030079E30200A5110300A5110300E5
:10E60000A5110300A51103002F1E0300171E030010
:10E61000334F3448172111F005FC396820480EF0BB
:10E620000BF91F480EF010F92868D3F745FD51EC9F
:10E63000100B13F0D5F9162105462B4811F0F2FB0B
:10E64000294617480EF0F8F815480EF0FDF83B681B
:10E65000013B0A2B3FF690AE01A252F823F000BF17
:10E66000211C0300F31B0300D31B0300A71B0300A3
:10E6700079E302008D1103008D1103008D11030059
:10E680008D110300831B0300F31B03009807FF1F7A
:10E6900098000500AC0205005C0905004813FF1F47
:10E6A0006008FF1F4C12FF1F400905005C07FF1F99
:10E6B000D812FF1F100905002409050038090500BC
:10E6C0003811FF1FA813FF1F6C16FF1F4C06050013
:10E6D000F0BB04008007FF1F08BC04008C07050086
:10E6E0008807FF1F1807050030070500D3F702FD54
:10E6F000BA4BBB49986009686C2218460EF0E8FCDA
:10E700003AE62868B74ED3F7D7FC51EC100B13F05C
:10E71000AFF90D210546B44811F084FB284612F0EC
:10E7200057FE0B46024643EC182B0221B0EE480A76
:10E73000F0EE680AAD480EF0ABF8AC480EF084F885
:10E740003368013B0D2B02F27F85DFE813F0901751
:10E75000EF19EC19051A7D157D157D157D157D15B3
:10E760007D15F5196615F219881B2868A04DD3F799
:10E77000A3FC51EC100B13F07BF99E4B2867196832
:10E780008C2228460EF0A4FCF6E5D4F773FE9A4BD3
:10E790004FF0FF321A60EFE52868984DD3F78CFCF4
:10E7A00051EC100B13F064F9954BA86219684FF403
:10E7B000847228460EF08CFC0B21924811F032FB3B
:10E7C000A86A12F005FE41EC100B052187480EF0F7
:10E7D0005FF886480EF038F8CEE52868874DD3F705
:10E7E0006BFC51EC100B13F0FBF8854B6862196859
:10E7F0004FF4847228460EF06BFC0B21824811F016
:10E8000011FB696A794800230A220EF035F877482F
:10E810000EF01AF8B0E52868784DD3F74DFC51ECAE
:10E82000100B13F0DDF8764B286219684FF48472F0
:10E8300028460EF04DFC9FE52868744DD3F73CFC4C
:10E8400051EC100B13F014F9714BE8641968502265
:10E8500028460EF03DFC0E216E4811F0E3FAE86CFC
:10E8600012F0B6FD41EC100B022160480EF010F8DA
:10E870005E480DF0E9FF7FE52868674ED3F71CFC82
:10E8800051EC100B13F0F4F8054600EE105A7068C6
:10E89000D4F740F90B21614811F0C4FA00230A2291
:10E8A000716852480DF0E8FF0B215D4811F0BAFA8B
:10E8B000284612F08DFD41EC100B02214B480DF063
:10E8C000E7FF4A480DF0C0FF0E21564811F0AAFAA2
:10E8D0000A223168454800230DF0CEFF43480DF071
:10E8E000B3FF1C21504811F09DFA504BD86812F02C
:10E8F0006FFD41EC100B02213C480DF0C9FF3B4875
:10E900000DF0A2FF1C214A4811F08CFA494BD8683F
:10E9100012F05EFD41EC100B022134480DF0B8FFFF
:10E9200032480DF091FF1C21434811F07BFA434B14
:10E93000D86812F04DFD41EC100B02212B480DF070
:10E94000A7FF2A480DF080FF1C213D4811F06AFA0C
:10E950003C4BD86812F03CFD41EC100B02212348DF
:10E960000DF096FF21480DF06FFF1C21364811F085
:10E9700059FA364BD86812F02BFD41EC100B0221EE
:10E980001A480DF085FF19480DF05EFFF4E4286881
:10E990001E4DD3F791FB51EC100B13F069F81C4B93
:10E9A000A8641968502228460EF092FB0B211548E6
:10E9B00011F038FAA86C12F00BFD41EC100B052198
:10E9C0000A480DF065FF09480DF03EFFD4E4054B01
:10E9D00001211868F2F756FDCEE400BF7C10FF1F3E
:10E9E0003807FF1FF811FF1FD40605006008FF1F3E
:10E9F0006C11FF1F5407FF1F7007FF1FA813FF1F95
:10EA00006C16FF1FAC03050064050500B014FF1F62
:10EA10006807FF1FD40805003811FF1FDC0305003D
:10EA2000180805002408050034080500E810FF1F39
:10EA300054080500F810FF1F740805000811FF1F97
:10EA4000940805001811FF1FB40805002811FF1FC6
:10EA5000B54B4FF0FF311868F2F714FD8CE4D3F793
:10EA600049FBB24BB249586709688C2218460EF030
:10EA70002FFB81E42868AF4DD3F71EFB51EC100B40
:10EA800012F0F6FFAC4BA86619684FF48472284662
:10EA90000EF01EFB0A21A94811F0C4F9A86E12F06D
:10EAA00097FC41EC100B0221A5480DF0F1FEA448A3
:10EAB0000DF0CAFE60E428689E4DD3F7FDFA51ECD4
:10EAC000100B12F0B5FF9C4B082898BF372019682F
:10EAD000E8664FF4847228460EF0FAFA0F2199483E
:10EAE00011F0A0F9A969964800230A220DF0C4FE8E
:10EAF00093480DF0A9FE3FE428688E4DD3F7DCFA69
:10EB000051EC100B12F094FF8B4B082898BF382063
:10EB1000196828674FF4847228460EF0D9FA0F213D
:10EB2000894811F07FF9E969854800230A220DF030
:10EB3000A3FE83480DF088FE1EE40121032208464F
:10EB4000EAF726FE18E44FF0FF3103220846EAF701
:10EB50001FFE11E4D3F7CEFA764E05461D217B4801
:10EB6000C6F8005111F05EF9294675480DF064FEB3
:10EB700073480DF069FE1D21754811F053F9D6F860
:10EB800000116F4800230A220DF076FE6C480DF04C
:10EB90005BFE694B4FF48472196830460EF098FAA8
:10EBA000FFF7EABB2868634DD3F786FA51EC100BE8
:10EBB00012F05EFF604B286619684FF48472284695
:10EBC0000EF086FA0C21634811F02CF9286E12F031
:10EBD000FFFB41EC100B022159480DF059FE58483B
:10EBE0000DF032FEFFF7C8BB2868524DD3F764FA28
:10EBF00051EC100B12F03CFF4F4B686619684FF454
:10EC0000847228460EF064FA0B21534811F00AF979
:10EC1000686E12F0DDFB41EC100B052148480DF049
:10EC200037FE47480DF010FEFFF7A6BB2868414DA0
:10EC3000D3F742FA51EC100B12F0D2FE3E4BE865CE
:10EC400019684FF4847228460EF042FA0B214248AC
:10EC500011F0E8F8E96D3A4800230A220DF00CFEA5
:10EC600037480DF0F1FDFFF787BB0121022208466E
:10EC7000EAF78EFDFFF780BB4FF0FF310222084616
:10EC8000EAF786FDFFF778BBD8F724FCFFF774BBE3
:10EC9000D8F76CF9FFF770BBD3F72CFA254D264B4C
:10ECA000686519684FF4847228460EF011FA18212D
:10ECB0002A4811F0B7F80023696D21480A220DF0A7
:10ECC000DBFD1F480DF0C0FD6B6D002B03F0648170
:10ECD0002349244D08A80DF0B7FF08A8D1F754FC2C
:10ECE00008A80EF009F8296808A80DF0ADFF08A8DB
:10ECF000D1F74AFC08A80DF0FFFF1B4908A80DF04A
:10ED0000A3FF08A8D1F740FC08A80DF0F5FF29687B
:10ED100008A80DF099FF08A8D1F736FC08A80DF057
:10ED2000EBFFFFF729BB00BFF811FF1F6C11FF1F9E
:10ED30005407FF1FA813FF1F6C16FF1FC80605000E
:10ED40006008FF1FB8060500A80605006806050054
:10ED50008806050070050500AC0305004C0605009B
:10ED6000C8BC04008007FF1FE0BC0400D3F7C2F951
:10ED7000BC4D03461A21BC48C5F8FC3011F052F8CE
:10ED8000D5F8FC10B94800230A220DF075FDB748EC
:10ED90000DF05AFDB64B4FF48472196828460EF0F8
:10EDA00097F9D5F8FC30002B43F05881B149B24DAA
:10EDB00008A80DF049FF08A8D1F7E6FB08A80DF058
:10EDC0009BFF296808A80DF03FFF08A8D1F7DCFBDE
:10EDD00008A80DF091FFA94908A80DF035FF08A873
:10EDE000D1F7D2FB08A80DF087FF296808A80DF01D
:10EDF0002BFF08A8D1F7C8FB08A80DF07DFFFFF78F
:10EE0000BBBA28689E4DD3F757F951EC100B12F09E
:10EE10002FFE172103469B48EB6511F003F8E86DC0
:10EE200012F0D6FA41EC100B022190480DF030FDA3
:10EE30008E480DF009FD944B8C22196828460EF07F
:10EE400047F9FFF799BA1321904810F0EBFF904B68
:10EE50008648996D0DF0F0FC84480DF0F5FC122108
:10EE60008C4810F0DFFF864B8048996D0DF0E4FC74
:10EE70007E480DF0E9FC1A21874810F0D3FF874A3D
:10EE80007A48516800230A220DF0F6FC77480DF00D
:10EE9000DBFC1321824810F0C5FF824A73481168D9
:10EEA00000230A220DF0E8FC70480DF0CDFC132180
:10EEB0007D4810F0B7FF7D4A6C48116800230A2294
:10EEC0000DF0DAFC69480DF0BFFC1221784810F013
:10EED000A9FF784A6548516D00230A220DF0CCFC49
:10EEE00062480DF0B1FC1721734810F09BFF734A84
:10EEF0005E48116800230A220DF0BEFC5B480DF04D
:10EF0000A3FC13216E4810F08DFF6E4A5748516CD8
:10EF100000230A220DF0B0FC54480DF095FCFFF7D9
:10EF20002BBAD8F711FDFFF727BA28684D4DD3F754
:10EF3000C3F851EC100B12F09BFD4D4B6861196842
:10EF40004FF4847228460EF0C3F80B215E4810F08F
:10EF500069FF686912F03CFA41EC100B0521434847
:10EF60000DF096FC41480DF06FFCFFF705BA2868DC
:10EF70003C4DD3F7A1F851EC100B12F031FD3C4B96
:10EF8000286119684FF4847228460EF0A1F80B210D
:10EF90004E4810F047FF2969344800230A220DF03B
:10EFA0006BFC32480DF050FCFFF7E6B928682D4D98
:10EFB000D3F782F851EC100B12F012FD2C4BE860E5
:10EFC00019684FF4847228460EF082F8FFF7D4B91E
:10EFD0002868244DD3F770F851EC100B12F048FD5F
:10EFE000234B28644FF48472196828460EF070F899
:10EFF000D5ED106A95ED027A354B3648C6EE877A24
:10F000000C21C3ED007A10F00DFF286C12F0E0F92E
:10F0100041EC100B022115480DF03AFC13480DF09D
:10F0200013FCFFF7A9B928680E4DD3F745F851EC4A
:10F03000100B12F0D5FC0E4BE86319684FF4847284
:10F0400028460EF045F80B21204810F0EBFEE96B46
:10F05000064800230A220DF00FFC04480DF0F4FBD3
:10F06000FFF78AB9A813FF1F300605006008FF1FCD
:10F070006C16FF1F0CC004008007FF1F20C0040097
:10F080004C12FF1F180605005C07FF1FC8F20400A2
:10F090006C11FF1F80050500940505003811FF1F46
:10F0A000B0050500F811FF1FC4050500B014FF1FCF
:10F0B000D8050500D812FF1FEC0505007C10FF1FC6
:10F0C000040605004813FF1FAC0305006405050096
:10F0D000B418FF1F700505002868C64DD2F7ECFF75
:10F0E00051EC100B12F07CFCC34BA86319684FF471
:10F0F000847228460DF0ECFFFFF73EB9D2F7FAFF15
:10F10000BC4FBD4B0028D4BF00200120196887F8F0
:10F11000A0004FF4847208AE38460DF0D9FFB7490D
:10F1200030460DF091FD3046D1F72EFA30460DF005
:10F13000E3FD2B68012B03F07080032B03F0688044
:10F14000002B03F06F80AE4AAE4B97F8A01030460C
:10F15000002914BF114619460DF076FD3046D1F74F
:10F1600013FA30460DF0C8FDA74B304619680DF074
:10F170006BFD3046D1F708FA30460DF0BDFDFFF7C4
:10F18000FBB828689B4DD2F797FF51EC100B12F09B
:10F190006FFC994B686419684FF4847228460DF02F
:10F1A00097FF0B21994810F03DFE686C12F010F9A2
:10F1B00041EC100B052196480DF06AFB94480DF0C8
:10F1C00043FBFFF7D9B828688A4DD2F775FF51EC99
:10F1D000100B12F04DFC884BA8604FF48472196834
:10F1E00028460DF075FFD5ED106A95ED027A894B32
:10F1F0008948C6EE877A0C21C3ED007A10F012FE22
:10F20000A86812F0E5F841EC100B022180480DF0DF
:10F210003FFB7F480DF018FBFFF7AEB82868754D2F
:10F22000D2F74AFF51EC100B12F0DAFB724B686018
:10F2300019684FF4847228460DF04AFF0B21774875
:10F2400010F0F0FD6968724800230A220DF014FBEB
:10F250006F480DF0F9FAFFF78FB82868654DD2F7BF
:10F260002BFF51EC100B12F0BBFB634BA865196828
:10F270004FF4847228460DF02BFFFFF77DB8286805
:10F280005C4DD2F719FF51EC100B12F0A9FB5A4B51
:10F29000286019684FF4847228460DF019FFFFF7B3
:10F2A0006BB82A215E4810F0BDFD59480DF0CCFA2C
:10F2B0000E215C4810F0B6FD5B4B554819680DF007
:10F2C000BBFA53480DF0C0FAD3F752FAFFF754B81F
:10F2D0002A21564810F0A6FD4D480DF0B5FA0E2132
:10F2E000504810F09FFD504B494819680DF0A4FAA2
:10F2F00047480DF0A9FAD3F7A9F9FFF73DB8F4F79D
:10F300008BFDFFF739B84FF0FF3100220846EAF7CE
:10F310003FFAFFF731B8012100220846EAF738FA30
:10F32000FFF72AB82868424DD2F7C6FE51EC100B01
:10F3300012F09EFB3F4BA86619688C2228460DF000
:10F34000C7FEFFF719B80A213B4810F06BFD0821F2
:10F350003A4810F067FD3A4A2D48516C00230A22C2
:10F360000DF08AFA2A480DF06FFA4FF0FF30E9F7F6
:10F3700045FAFFF701B828682D4DD2F79DFE51ECF4
:10F38000100B12F075FB2B4B686619688C2228460F
:10F390000DF09EFE20212B4810F044FD686E12F007
:10F3A00017F841EC100B022119480DF071FA1848BA
:10F3B0000DF04AFAFEF7E0BF28681D4DD2F77CFE3B
:10F3C00051EC100B12F054FB1A4B286619688C2272
:10F3D00028460DF07DFEFEF7CFBFD2F78BFE1A4B0D
:10F3E0001A4918660968702218460DF071FEFEF77A
:10F3F000C3BF00BFA813FF1F6C16FF1FB0BC0400E3
:10F4000058B904005CB904008407FF1FAC03050071
:10F410006008FF1FB418FF1F700505006405050094
:10F4200038050500E8B104008807FF1F0C0505003A
:10F430004C12FF1F5C07FF1FAC0205000005050012
:10F440004813FF1FDC040500D812FF1F6007FF1FD1
:10F450001521A44810F0E6FCA34BA448996D0DF0CB
:10F46000EBF9A2480DF0F0F94FF0FF30E8F704FC9B
:10F47000FEF782BF14219E4810F0D4FC9A4B9B48A3
:10F48000996D0DF0D9F999480DF0DEF90120E8F7F2
:10F49000F3FBFEF771BF2868012802F04C860328B1
:10F4A00002F00C86002802F08A86D2F705FE0E21B3
:10F4B000904857EC106B10F0B5FC00218B480DF014
:10F4C000BBF98A480DF0C0F90D218B4810F0AAFC59
:10F4D0003946304612F084FA014684480DF0ACF902
:10F4E00082480DF0B1F9854B854819684FF4847254
:10F4F0000DF0EEFDFEF740BF2868814DD2F7DCFD30
:10F5000051EC100B12F06CFA7C4BA86719684FF4A1
:10F51000847228460DF0DCFD08217A4810F082FC48
:10F52000A96F724800230A220DF0A6F96F480DF06A
:10F530008BF9FEF721BF2868714DD2F7BDFD51EC64
:10F54000100B12F04DFA6D4B686719684FF4847216
:10F5500028460DF0BDFD0B216B4810F063FC696F70
:10F56000624800230A220DF087F960480DF06CF91B
:10F57000FEF702BF654B0A221A60F8F7D9F8FEF7CA
:10F58000FBBE2868624DD2F797FD51EC100B12F0CC
:10F590006FFA604B286219686C2228460DF098FDBE
:10F5A00010215D4810F03EFC286A11F011FF41EC7B
:10F5B000100B02214D480DF06BF94C480DF044F949
:10F5C000FEF7DABE0B2155484D4E10F02BFCD2F75A
:10F5D00091FD10210546524810F024FC294643486D
:10F5E0000DF02AF941480DF02FF9052D434B08BFC6
:10F5F00000254FF484721968C6F8F05030460DF0BB
:10F6000067FDD6F8F020012A03F0AB80012200212B
:10F610000320D2F711FA434908A80DF015FB08A8FA
:10F62000D0F7B2FF08A80DF067FB3F4B08A8196898
:10F630000DF00AFB08A8D0F7A7FF08A80DF05CFBA7
:10F64000FEF79ABE394F7B6C013B032B3EF694AE1E
:10F65000DFE813F0870E670E470E270ED2F74AFD3C
:10F66000274F264B0028D4BF00200120196887F8B7
:10F670009F004FF4847208AE38460DF029FD2C49E6
:10F6800030460DF0E1FA3046D0F77EFF30460DF0FF
:10F6900033FB2B68012B02F0A285032B02F09A8525
:10F6A000002B02F09285234A234B97F89F10304697
:10F6B000002914BF114619460DF0C6FA3046D0F79E
:10F6C00063FF30460DF018FB1C4B304619680DF0F7
:10F6D000BBFA3046D0F758FF30460DF00DFBFEF771
:10F6E0004BBE00BFC40405004C12FF1F6008FF1F83
:10F6F000AC040500600A0500700A05006C16FF1FC7
:10F70000A813FF1FD0000500C40005008807FF1FD5
:10F710007C10FF1F3807FF1F4C030500400A05003F
:10F720004C0A05004CBE04008007FF1F4813FF1F52
:10F73000D8BB040058B904005CB904008407FF1F5B
:10F74000D2F7D8FCB64FB74B0028D4BF0020012019
:10F75000196887F89E004FF4847208AE38460DF0A1
:10F76000B7FCB14930460DF06FFA3046D0F70CFFC8
:10F7700030460DF0C1FA2B68012B03F01280032BE9
:10F7800003F00A80002B02F02F85A84AA84B97F8B7
:10F790009E103046002914BF114619460DF054FA48
:10F7A0003046D0F7F1FE30460DF0A6FAA14B3046B8
:10F7B00019680DF049FA3046D0F7E6FE30460DF0F4
:10F7C0009BFAFEF7D9BDD2F795FC954F954B0028D3
:10F7D000D4BF00200120196887F89D004FF484727F
:10F7E00008AE38460DF074FC934930460DF02CFA03
:10F7F0003046D0F7C9FE30460DF07EFA2B68012B5B
:10F8000002F00185032B02F0F984002B02F0F18451
:10F81000864A874B97F89D103046002914BF114641
:10F8200019460DF011FA3046D0F7AEFE30460DF015
:10F8300063FA804B304619680DF006FA3046D0F76F
:10F84000A3FE30460DF058FAFEF796BDD2F752FCF3
:10F85000734F744B0028D4BF00200120196887F82B
:10F860009C004FF4847238460DF032FC0B21734833
:10F8700010F0D8FA97F89C1071480CF0DDFF08AE34
:10F880006F480CF0E1FF6F4930460DF0DDF930466E
:10F89000D0F77AFE30460DF02FFA2B68012B02F0DC
:10F8A0008984032B02F08184002B02F079845F4A63
:10F8B0005F4B97F89C103046002914BF114619463B
:10F8C0000DF0C2F93046D0F75FFE30460DF014FA65
:10F8D000584B304619680DF0B7F93046D0F754FE52
:10F8E00030460DF009FAFEF747BD0B2156484C4E45
:10F8F00010F098FAD2F7FEFB0F210546534810F09E
:10F9000091FA29464E480CF097FF4D480CF09CFFA9
:10F91000444BC6F8E8504FF48472196830460DF035
:10F92000D7FBD6F8E820012A02F000870122104612
:10F930000021D2F781F8464908A80DF085F908A8FA
:10F94000D0F722FE08A80DF0D7F9424B08A8196895
:10F950000DF07AF908A8D0F717FE08A80DF0CCF939
:10F96000FEF70ABD4FF0FF3104220846E9F710FF09
:10F97000FEF702BD2868384DD2F79EFB51EC100B04
:10F9800012F076F8354BE8621968342228460DF0FB
:10F990009FFBFEF7F1BC2868214DD2F78DFB51EC9F
:10F9A000100B12F01DF81F4B082898BF392019685A
:10F9B00028634FF4847228460DF08AFB0E212848F4
:10F9C00010F030FA296B1E4800230A220CF054FF75
:10F9D0001B480CF039FFFEF7CFBC2868104DD2F75A
:10F9E0006BFB51EC100B11F0FBFF0E4B082898BF7E
:10F9F00039201968E8624FF4847228460DF068FBDC
:10FA00000E21184810F00EFAE96A0D4800230A2268
:10FA10000CF032FF0A480CF017FFFEF7ADBC00BF38
:10FA2000A813FF1F6C16FF1F80BA040058B904000A
:10FA30005CB904008407FF1F40BA0400A809050050
:10FA40006008FF1FACB90400800905008C0905009F
:10FA5000CCBD04008007FF1F3811FF1F5007FF1F98
:10FA6000F4090500E40905002868B44DD2F724FB29
:10FA700051EC100B11F0B4FFB14B082898BF39209E
:10FA80001968E8614FF4847228460DF021FB0E21BD
:10FA9000AC4810F0C7F9E969AB4800230A220CF022
:10FAA000EBFEA9480CF0D0FEFEF766BC2868A34F19
:10FAB000D2F702FB51EC100B11F0BAFF0D210346F7
:10FAC000A248BB6110F0AEF9B9699F4800230A2231
:10FAD0000CF0D2FE9C480CF0B7FEBB699748082B8F
:10FAE0009CBF3923BB61964B4FF4847219680DF0AB
:10FAF000EFFA0E21964810F095F9B9699248002363
:10FB00000A220CF0B9FE90480CF09EFEFEF734BCC1
:10FB100028688A4DD2F7D0FA51EC100B11F060FF33
:10FB2000874B082898BF3920196828654FF48472DC
:10FB300028460DF0CDFA0F21864810F073F9296D93
:10FB4000814800230A220CF097FE7F480CF07CFECF
:10FB5000FEF712BC2868794DD2F7AEFA51EC100BC3
:10FB600011F03EFF764B082898BF39201968E864E9
:10FB70004FF4847228460DF0ABFA0F21764810F04E
:10FB800051F9E96C704800230A220CF075FE6E48AA
:10FB90000CF05AFEFEF7F0BB0B217048674E10F0D8
:10FBA00041F9D2F7A7FA0F2105466D4810F03AF94E
:10FBB000294665480CF040FE63480CF045FE604B5A
:10FBC000C6F8EC504FF48472196830460DF080FA94
:10FBD000D6F8EC20012A02F0B18301220021022094
:10FBE000D1F72AFF5F4908A80DF02EF808A8D0F732
:10FBF000CBFC08A80DF080F85B4B08A819680DF045
:10FC000023F808A8D0F7C0FC08A80DF075F8FEF797
:10FC1000B3BBD2F76FFA554B55495A6F554B086035
:10FC2000012A0CBF022201221A60F3F7F5F8FEF751
:10FC3000A3BB2868504DD2F73FFA51EC100B11F0DE
:10FC400017FF4E4B28651968702228460DF040FAC0
:10FC50000A214B4810F0E6F8286D11F0B9FB41EC91
:10FC6000100B022138480CF013FE37480CF0ECFD65
:10FC7000FEF782BB2868404DD2F71EFA51EC100BFC
:10FC800011F0AEFE3D4B28641968702228460DF035
:10FC90001FFA08213B4810F0C5F8296C2A480023B8
:10FCA0000A220CF0E9FD28480CF0CEFDFEF764BBFB
:10FCB0002868314DD2F700FA51EC100B11F0D8FE44
:10FCC0002E4BE8641968702228460DF001FA0C21C9
:10FCD0002D4810F0A7F8E86C11F07AFB41EC100BFE
:10FCE000022119480CF0D4FD17480CF0ADFDFEF7C9
:10FCF00043BBD2F7FFF9254B2549186109686C22EF
:10FD000018460DF0E5F9FEF737BBD2F7F3F91F4BB4
:10FD10001F49986209686C2218460DF0D9F9FEF760
:10FD20002BBBD2F7E7F9144B1449D8650968702248
:10FD300018460DF0CDF9FEF71FBB00BFA813FF1F3B
:10FD40006C16FF1FD40905006008FF1FB4090500E9
:10FD5000C4090500140A0500040A0500240A050068
:10FD6000300A05000CBE04008007FF1F6C11FF1F46
:10FD70008807FF1F3017FF1FD812FF1F6007FF1FE4
:10FD80009C09050064090500700905007C10FF1F2F
:10FD90003807FF1FD2F7AEF9A64E05463321A64815
:10FDA00010F040F83168A5480CF046FDA3480CF06F
:10FDB0004BFD0B21A24810F035F829469F480CF066
:10FDC0003BFD9E480CF040FD3368013B0A2B01F2DD
:10FDD0001782DFE813F0C90D730EB80D6A10150A0B
:10FDE000F309F309F309F3094710730E954B002249
:10FDF0001A60D3F73FFBE6F78FFBFEF7BDBAD2F7E9
:10FE000079F9914B914998640968602218460DF080
:10FE10005FF9FEF7B1BA8E4B5B68013B042B3EF6EF
:10FE2000ABAADFE813F00A0CF00BD60BBC0B2810C2
:10FE3000142188480FF0F6FF80480CF005FD864934
:10FE4000864B4FF0FF30002208601A60FEF750F931
:10FE5000FEF792BA2868824DD2F72EF951EC100BBA
:10FE600011F0BEFD7F4BC5F8F80019684FF484729D
:10FE700028460DF02DF908217B480FF0D3FFD5F867
:10FE8000F8106E4800230A220CF0F6FC6B480CF0C8
:10FE9000DBFCFEF771BAD2F72DF9744D744B286470
:10FEA0001968502228460DF013F90D2171480FF002
:10FEB000B9FF296C614800230A220CF0DDFC5F4881
:10FEC0000CF0C2FCFEF758BAD5F734FFFEF754BA6F
:10FED00028685D4DD2F7F0F851EC100B11F0C8FD19
:10FEE0005A4BE8651968602228460DF0F1F819218F
:10FEF00061480FF097FFE86D11F06AFA41EC100BC2
:10FF000002214E480CF0C4FC4C480CF09DFCFEF75E
:10FF100033BAD2F7EFF804283EF62EAADFE810F045
:10FF2000CB0BC40BBD0BB60B2E0CD2F7E3F80A219A
:10FF3000054652480FF076FF294640480CF07CFCFD
:10FF40003E480CF081FC042D3EF616AADFE815F0C1
:10FF5000810C7A0C730C6C0CBA0BD2F7CBF8484DB1
:10FF6000484E00280CBF4FF0FF3301230A214348BD
:10FF700033600FF057FF00230A2229682F480CF046
:10FF80007BFC2E480CF060FC0A213F480FF04AFF32
:10FF900000230A22A96829480CF06EFC27480CF0BF
:10FFA00053FC142139480FF03DFF316823480CF011
:10FFB00043FC22480CF048FCAB68023B352B00F2B6
:10FFC000F187DFE813F0701481147D146814ED07D5
:10FFD0006C14EF07EF07EF07EF07EF07EF07EF07E7
:10FFE000EF07EF07EF07EF07EF07EF07EF07EF0761
:10FFF000EF07EF07EF07EF07EF07EF07EF07EF0751
:020000023000CC
:10000000EF07EF07EF07EF07EF07EF07EF07EF0740
:10001000EF07EF07EF07EF07EF07EF07EF07EF0730
:10002000EF07EF07EF07701481147D146814ED07D4
:100030006C1400BF8807FF1F780105006008FF1FD0
:10004000AC010500F416FF1F4813FF1F6407FF1FD4
:100050003811FF1F600105007007FF1F4C16FF1FBE
:10006000A813FF1F6C16FF1F0C030500B014FF1F21
:100070006807FF1F1803050090040500AC02050087
:100080007C10FF1F9407FF1F280C0500340C05008F
:100090000B21BA48BA4E0FF0C5FED2F72BF8152146
:1000A0000546B8480FF0BEFE2946B7480CF0C4FB21
:1000B000B5480CF0C9FB1521B2480FF0B3FE294634
:1000C000B1480CF0B9FBB0480CF0BEFBAF4BC6F822
:1000D000E4504FF48472196830460CF0F9FFD6F8FA
:1000E000E420012A02F02D80002101220846D1F7E8
:1000F000A3FCA74908A80CF0A7FD08A8D0F744FA6C
:1001000008A80CF0F9FDA34B08A819680CF09CFD99
:1001100008A8D0F739FA08A80CF0EEFDFEF72CB9C4
:100120002868974DD1F7C8FF51EC100B11F058FC1F
:10013000964BC5F8D00019684FF4847228460CF02D
:10014000C7FFFEF719B90B2193488D4E0FF06AFED9
:10015000D1F7D0FF1021054690480FF063FE2946E5
:1001600089480CF069FB88480CF06EFB874BC6F899
:10017000F4504FF48472196830460CF0A9FFD6F899
:10018000F420012A02F06381012200210420D1F72A
:1001900053FC834908A80CF057FD08A8D0F7F4F9E0
:1001A00008A80CF0A9FD7B4B08A819680CF04CFDC1
:1001B00008A8D0F7E9F908A80CF09EFDFEF7DCB816
:1001C000784B01219A6D0846E9F7E2FAFEF7D4B8B8
:1001D00028686B4DD1F770FF51EC100B11F000FC4B
:1001E0006A4BC5F8D40019684FF4847228460CF0A5
:1001F0006FFF0B216C480FF015FED5F8D410624844
:1002000000230A220CF038FB5F480CF01DFBFEF7C0
:10021000B3B82868654DD1F74FFF51EC100B11F0C2
:10022000DFFB634BE8631968702228460CF050FF2F
:10023000082160480FF0F6FDE96B534800230A22BD
:100240000CF01AFB50480CF0FFFAFEF795B828683E
:10025000564DD1F731FF51EC100B11F009FC544B06
:10026000A8661968702228460CF032FFA86E11F0BB
:10027000AFF841EC100B022143480CF009FBA86ECB
:1002800011F0A6F841EC100B05213F480CF000FBE3
:100290003D480CF0D9FAFEF76FB8D1F72BFF464B6B
:1002A0004649586109686C2218460CF011FFFEF7A8
:1002B00063B82868324DD1F7FFFE51EC100B11F0F6
:1002C000D7FB324BA86419684FF4847228460CF0AF
:1002D000FFFE0A213A480FF0A5FDA86C11F078F84E
:1002E00041EC100B022128480CF0D2FA26480CF001
:1002F000ABFAFEF741B828682F4DD1F7DDFE51EC7F
:10030000100B11F0B5FB2D4BE86019686C222846E4
:100310000CF0DEFE10212B480FF084FDE86811F090
:1003200057F841EC100B022117480CF0B1FA1648AF
:100330000CF08AFAFEF720B828681F4DD1F7BCFEF2
:1003400051EC100B11F094FB1C4BA86119686C2246
:1003500028460CF0BDFE11211B480FF063FDA86973
:1003600011F036F841EC100B022107480CF090FA1E
:1003700005480CF069FAFDF7FFBF00BF040C05004B
:10038000A813FF1F100C05006008FF1F6C16FF1F4D
:100390007CBD04008007FF1FE40B0500F00B050087
:1003A00094BE04006C11FF1F64050500D812FF1FE6
:1003B0006007FF1F640905007C10FF1F3807FF1F3F
:1003C000A40C05004C0305001C0405002868AE4D74
:1003D000D1F772FE51EC100B11F04AFBAB4BE86504
:1003E0001968602228460CF073FE1921A8480FF006
:1003F00019FDE86D10F0ECFF41EC100B0221A5484F
:100400000CF046FAA3480CF01FFAFDF7B5BF112116
:10041000A1480FF007FD9F480CF016FADEF780FFA9
:10042000FDF7AABFD1F766FE9C4B9D49186309688A
:10043000342218460CF04CFEFDF79EBFD1F75AFE51
:10044000984A431E10600A2B3DF696AF01A252F85F
:1004500023F000BF7F16030075E3020075E302007E
:100460007316030079E3020075E3020075E30200EE
:1004700075E302003F19030075E3020075E3020013
:100480002868894DD1F718FE51EC100B11F0F0FAE5
:10049000864B68641968702228460CF019FE0B21FF
:1004A00083480FF0BFFC686C10F092FF41EC100B1A
:1004B000052178480CF0ECF976480CF0C5F9FDF709
:1004C0005BBF2868784DD1F7F7FD51EC100B11F0A8
:1004D000CFFA764BA8641968702228460CF0F8FD14
:1004E0000C2174480FF09EFCA86C10F071FF41ECD9
:1004F000100B022167480CF0CBF966480CF0A4F908
:10050000FDF73ABF012104220846E9F741F9FDF75A
:1005100033BF6949694A634F00230B601360D1F709
:10052000E9FD0A28386002F0A080162802F0318028
:10053000002801F0A78701380A2802F23781DFE896
:1005400010F0F409EA0999098F0935119A069A06FB
:100550009A069A06BD0CEA092B68012B01F0DA868F
:10056000032B01F0D386002B01F09586544F554B99
:10057000534819684FF484720CF0AAFD08215248C0
:100580000FF050FCD7F88010424800230A220CF0EC
:1005900073F940480CF058F9FDF7EEBE2868424D5B
:1005A000D1F78AFD51EC100B11F062FA3F4BE8666F
:1005B0001968702228460CF08BFD1D2143480FF06E
:1005C00031FCE86E10F004FF41EC100B05213148BE
:1005D0000CF05EF92F480CF037F9FDF7CDBE3C4D1D
:1005E0003C4819210FF01EFC00230A22696C29489F
:1005F0000CF042F927480CF027F9D1F77BFD0B21CD
:10060000064635480FF00EFC314622480CF014F92E
:1006100020480CF019F9192130486E640FF002FCE3
:10062000696C1C4800230A220CF026F919480CF0CA
:100630000BF92B4B5022196828460CF049FD192163
:1006400028480FF0EFFB696C124800230A220CF0D7
:1006500013F910480CF0F8F8FDF78EBE224B4FF05E
:10066000FF319A6D0846E9F793F8FDF785BE0B4B0D
:100670005B68013B042B3DF67FAEDFE813F0A50875
:100680009B08A00875082A084813FF1F6407FF1F6E
:10069000880C05006008FF1F740C05003811FF1F4F
:1006A0005007FF1F8807FF1FD812FF1F6007FF1F9B
:1006B000AC030500700905007C16FF1F8816FF1F9C
:1006C000A813FF1F6C16FF1FD00005004001050096
:1006D000B014FF1F300405004C0405005804050049
:1006E0006807FF1F740405006C11FF1FD1F702FD9E
:1006F000CA4F03462021CA48C7F8E0300FF092FBEA
:100700000A22D7F8E010C74800230CF0B5F8C54816
:100710000CF09AF8D7F8E020012A01F0688608AEBC
:10072000C149C24D30460CF08FFA3046CFF72CFF4E
:1007300030460CF0E1FA296830460CF085FA304674
:10074000CFF722FF30460CF0D7FAD7F8E420012A81
:1007500001F04686002108460122D1F76DF9B4491F
:1007600030460CF071FA3046CFF70EFF30460CF0F1
:10077000C3FA296830460CF067FA3046CFF704FF19
:1007800030460CF0B9FAD7F8E820012A01F02186AA
:10079000012200211046D1F74FF9A64930460CF04E
:1007A00053FA3046CFF7F0FE30460CF0A5FA296830
:1007B00030460CF049FA3046CFF7E6FE30460CF0F2
:1007C0009BFAD7F8EC20012A01F0FC8500210122D8
:1007D0000220D1F731F9984930460CF035FA30460D
:1007E000CFF7D2FE30460CF087FA296830460CF07D
:1007F0002BFA3046CFF7C8FE30460CF07DFAD7F81A
:10080000F020012A01F0D785002101220320D1F731
:1008100013F98A4930460CF017FA3046CFF7B4FE88
:1008200030460CF069FA296830460CF00DFA304673
:10083000CFF7AAFE30460CF05FFAD7F8F420012A71
:1008400001F0B285002101220420D1F7F5F87C499E
:1008500030460CF0F9F93046CFF796FE30460CF0F2
:100860004BFA296830460CF0EFF93046CFF78CFE92
:1008700030460CF041FA734B684819684FF48472A3
:100880000CF026FCFDF778BD2868644DD1F714FC08
:1008900051EC100B11F0ECF86A4BC5F8D800196850
:1008A0004FF4847228460CF013FC0B2166480FF0BD
:1008B000B9FAD5F8D80010F08BFD41EC100B0521EA
:1008C00058480BF0E5FF57480BF0BEFFFDF754BD4D
:1008D0005E4D5F485F4E0B210FF0A4FA2968514826
:1008E0000BF0AAFF4F480BF0AFFF0E215A480FF054
:1008F00099FA31684B480BF09FFF4A480BF0A4FF70
:100900003368092B05D01A2B01F00885032B7DF4E1
:1009100033AD132151480FF085FA296841480BF097
:100920008BFF40480BF090FF2868D3F7A1F8FDF744
:1009300023BD28684A4DD1F7BFFB51EC100B11F0D5
:100940004FF8102103464748EB610FF06BFAE96955
:10095000344800230A220BF08FFF32480BF074FF5B
:10096000414B6C22196828460CF0B2FBFDF704BD20
:10097000D1F7C0FB3A4D034614213C486B620FF09F
:1009800051FA696A274800230A220BF075FF2548AF
:100990000BF05AFF344B6C22196828460CF098FB78
:1009A000FDF7EABC324D33480B210FF03BFA002330
:1009B000296C1C480A220BF05FFF1A480BF044FF19
:1009C0002B6C012B01F0A486312B14BF01204FF0BA
:1009D000FF300121F5F79AFEFDF7CEBC244D2548E6
:1009E0000B210FF01FFA296C0E4800230A220BF08E
:1009F00043FF0C480BF028FF286C302801F095824B
:100A000001F28C82002801F09082012841F0BD8221
:100A10004FF0FF31F5F77AFEFDF7AEBCA813FF1FCC
:100A2000B80305006008FF1F54BD04008007FF1FC6
:100A30007CBD0400CCBD04000CBE04004CBE040010
:100A400094BE04006C16FF1FAC0305004C16FF1F7C
:100A5000600305008807FF1F6C0305007C03050089
:100A60007C10FF1F4C0305003807FF1F34030500EF
:100A7000B014FF1F28030500D1F73CFBBE4BBF4954
:100A8000C3F8CC0009684FF4847218460CF020FBC0
:100A9000FDF772BCD1F72EFBB94D03460B21B948C7
:100AA0006B600FF0BFF96968B74800230A220BF0AA
:100AB000E3FEB5480BF0C8FEB44B34221968284653
:100AC0000CF006FBFDF758BCD1F714FBAA4DAB4B5D
:100AD000C5F8C80019684FF4847228460CF0F8FA7B
:100AE0000D21AB480FF09EF90023D5F8C810A64899
:100AF0000A220BF0C1FEA4480BF0A6FED5F8C830C0
:100B000008AE002B01F04582A24930460CF09CF85B
:100B10003046CFF739FD30460CF0EEF89E4B3046AC
:100B200019680CF091F83046CFF72EFD30460CF0E6
:100B3000E3F8FDF721BC2868984DD1F7BDFA51ECD8
:100B4000100B10F095FF964BE86219686C2228464E
:100B50000CF0BEFA112193480FF064F9E86A10F026
:100B600037FC41EC100B022187480BF091FE8648C0
:100B70000BF06AFEFDF700BC28688B4FDFF85C8243
:100B8000D1F79AFA51EC100B10F072FF874BF86313
:100B90001968602238460CF09BFAD7ED0F6A97ED82
:100BA000107A8349C6EE877A08AE3046C8ED007ADF
:100BB0000CF04AF83046CFF7E7FC30460CF09CF8D2
:100BC0002B68012B01F03883032B01F03083002BBD
:100BD00001F06F8298ED000ACFF78EFC754B30461E
:100BE00019680CF031F83046CFF7CEFC30460CF0E7
:100BF00083F8032170480FF015F9F86B10F0E8FB4B
:100C000041EC100B022160480BF042FE5E480BF0F5
:100C10001BFE032169480FF005F9386C10F0D8FB72
:100C200041EC100B022158480BF032FE56480BF0F5
:100C30000BFE092162480FF0F5F8D8F8000010F01B
:100C4000C7FB41EC100B02214F480BF021FE4E4830
:100C50000BF0FAFDFDF790BB5A4B494F49485A4DEE
:100C600000260B211E700FF0DDF833460A2279684A
:100C700045480BF001FE44480BF0E6FD09215348BE
:100C80000FF0D0F8112152480FF0CCF833466968C4
:100C90003D480A220BF0F0FD3B480BF0D5FD7B6888
:100CA000013B042B3DF668ABDFE813F074046E04DF
:100CB000E703DE0393052868464DD1F7FDF951ECB3
:100CC000100B10F08DFE444B6866196870222846A0
:100CD0000CF0FEF9FDF750BB2868334FDFF8FC80BD
:100CE000D1F7EAF951EC100B10F0C2FE2F4B38642B
:100CF0001968602238460CF0EBF9D7ED0F6A97EDD2
:100D0000107A2B49C6EE877A08AE3046C8ED007AD5
:100D10000BF09AFF3046CFF737FC30460BF0ECFF74
:100D20002B68012B01F0FD84032B01F0F584002BCF
:100D300001F0318298ED000ACFF7DEFB1D4B304603
:100D400019680BF081FF3046CFF71EFC30460BF0E0
:100D5000D3FF032119480FF065F8386C10F038FB09
:100D600041EC100B022108480BF092FD06480BF0F5
:100D70006BFDFDF701BB00BFA813FF1F6C16FF1F23
:100D80003811FF1FDC0305006008FF1F5007FF1F1D
:100D9000D4BF0400E4BF04008007FF1F7C10FF1FC6
:100DA0003807FF1F1C0405004813FF1F6407FF1FBF
:100DB000FC0305008407FF1FECEC04002C07050072
:100DC000100405001510FF1FE810FF1FB8020500F2
:100DD000E8030500D812FF1F6007FF1FF816FF1F6A
:100DE000D1F788F9AF4AB049B04D9065034609681C
:100DF000AB62104670226B610CF06AF9AC4B6C224E
:100E0000196828460CF064F9FDF7B6BAD2F732FB40
:100E10004FF0FF30FAF70AFAFDF7AEBAA54EA64832
:100E200014210EF0FFFFB16DA4480BF005FDA3489F
:100E30000BF00AFD2868D1F73FF951EC100B10F0C8
:100E4000CFFDB26D0346042A3DF696AADFE812F004
:100E50005503440331031E03C7042868D1F72CF956
:100E600051EC100B10F0BCFD954A1268013A034694
:100E70000A2A3DF681AA01A151F822F0411503008A
:100E80001D1503006515030079E3020079E30200F4
:100E900001110300011103000111030001110300FE
:100EA000051803001D1503002868854ED1F704F9C5
:100EB00051EC100B10F094FD0D21054681480EF009
:100EC000B1FF31687D480BF0B7FC7C480BF0BCFCEF
:100ED0003368013B0A2B3DF64FAA01A252F823F0DA
:100EE000031B0300F11A03005F1B030079E30200F8
:100EF00079E3020045110300451103004511030089
:100F000045110300A3130300F11A0300D2F7B2FA4C
:100F10000120FAF78BF9FDF72FBAD1F7EBF86A4FFA
:100F20006A4B0028D4BF00200120196887F8DC0034
:100F30004FF4847208AE38460CF0CAF86449304663
:100F40000BF082FE3046CFF71FFB30460BF0D4FE8D
:100F50002B68012B01F01A81032B01F01281002B69
:100F600001F00A815B4A5C4B97F8DC10304600299F
:100F700014BF114619460BF067FE3046CFF704FB4D
:100F800030460BF0B9FE554B304619680BF05CFE4D
:100F90003046CFF7F9FA30460BF0AEFEFDF7ECB96C
:100FA000EEF774FD484BD3F8E030012B01F0498196
:100FB0004B4908A80BF048FE08A8CFF7E5FA08A8A7
:100FC0000BF09AFE474908A80BF03EFE08A8CFF7A1
:100FD000DBFA08A80BF090FE434908A80BF034FE9A
:100FE00008A8CFF7D1FA08A80BF086FE3F4908A859
:100FF0000BF02AFE08A8CFF7C7FA08A80BF07CFE72
:101000003B4908A80BF020FE08A8CFF7BDFA08A8B6
:101010000BF072FE374908A80BF016FE08A8CFF7B0
:10102000B3FA08A80BF068FE334908A80BF00CFED1
:1010300008A8CFF7A9FA08A80BF05EFE294908A86E
:101040000BF002FE08A8CFF79FFA08A80BF054FE99
:101050002A4908A80BF0F8FD08A8CFF795FA08A8C8
:101060000BF04AFE214908A80BF0EEFD08A8CFF7C7
:101070008BFA08A80BF040FE1D4908A80BF0E4FD10
:1010800008A8CFF781FA08A80BF036FE194908A87E
:101090000BF0DAFD08A8CFF777FA08A80BF02CFEC2
:1010A000FDF76AB9D812FF1F6007FF1F7C10FF1FF2
:1010B0003807FF1F4C12FF1F44FB04006008FF1F8E
:1010C0008807FF1FB4000500A813FF1F6C16FF1F41
:1010D000D8BA040058B904005CB904008407FF1FA3
:1010E00054ED04005CAE040068ED040000B504009B
:1010F00098E60400A4E604007CED040090ED0400F2
:10110000B14DB24FB24EB34BA8601968B862B0652A
:10111000502228460BF0DCFFAF4B3846196870228E
:101120000BF0D6FFAD4B6C22196830460BF0D0FFA8
:10113000AB49AC48CFF750FBA968AA48CFF736FBBC
:10114000FDF71AB9A04EA34BDFF88082A04F1968B3
:10115000756030465022C8F800503D630BF0B8FF70
:101160009D4B4046196870220BF0B2FF9B4B6C22DE
:10117000196838460BF0ACFF9B499A48CFF72CFB17
:1011800071689848CFF712FBFDF7F6B88E4B1A68D6
:10119000013A032A01F25883DFE812F00A0C100C1E
:1011A000510B950C884B1A68013A032A01F29E8371
:1011B000DFE812F0E80BF60B970BA30C824E854B81
:1011C000DFF80882824F1968356030465022C8F82F
:1011D00054503D600BF07CFF7F4B404619687022F5
:1011E0000BF076FF7D4B384619686C220BF070FFD0
:1011F0007E497C48CFF7F0FA31687A48CFF7D6FAC3
:101200000A217A480EF00EFE294676480BF014FBB0
:1012100074480BF019FBFDF7AFB875497148B56418
:10122000CFF7DAFA31686F48CFF7C0FA6D487149E5
:10123000CFF7D2FAB06C10F0CBF80B460221024681
:1012400000916848CFF7A4FA6B4B6C481968542298
:101250000BF03EFF0D216A480EF0E4FDB0EE480AA7
:10126000F0EE680A02215F480BF012FB5D480BF0BC
:10127000EBFAFDF781B863495A48CFF7ADFA524B04
:1012800058481968CFF792FA11215F480EF0CAFD4D
:10129000396854480BF0D0FA52480BF0D5FAFDF7F4
:1012A0006BB82868D0F708FF51EC100B10F0E0FB8A
:1012B000564BB8651968564860220BF009FF0C219F
:1012C00054480EF0AFFDB86D10F082F841EC100BF1
:1012D000022144480BF0DCFA42480BF0B5FAFDF766
:1012E0004BB82868D0F7E8FE51EC100B10F0C0FBAB
:1012F000464B78651968464860220BF0E9FE0C21E0
:1013000044480EF08FFD786D10F062F841EC100B40
:10131000022134480BF0BCFA32480BF095FAFDF785
:101320002BB82868D0F7C8FE51EC100B10F0A0FBCA
:10133000364B38651968364860220BF0C9FE0C211F
:1013400034480EF06FFD386D10F042F841EC100B90
:10135000022124480BF09CFA22480BF075FAFDF7A5
:101360000BB82868D0F7A8FE51EC100B10F080FBEA
:10137000264BF8641968264860220BF0A9FE0C2160
:1013800024480EF04FFDF86C10F022F841EC100BE1
:10139000022114480BF07CFA12480BF055FAFCF7C6
:1013A000EBBF1B4E194B35601968602230460BF0BD
:1013B0008FFE0D490B48CFF70FFA31680948CFF778
:1013C000F5F9FCF7D9BF00BFB014FF1FD812FF1FFB
:1013D0007C10FF1F6807FF1F6007FF1F3807FF1FF4
:1013E000D00005006008FF1FC4000500AC02050026
:1013F000E4060500040705005807FF1FF811FF1F4A
:10140000D4060500B40B0500D00B05006407FF1FD0
:101410004813FF1F70090500B349B448B564CFF7FE
:10142000DBF9B34BB34819688C220BF051FEB16D58
:10143000AE480BF001FA0C21AF480EF0F3FC294640
:10144000AA480BF0F9F9A9480BF0FEF9FCF794BF94
:10145000AA49A6487564CFF7BFF9E2E7A849A348AF
:101460003564CFF7B9F9DCE7A64B5B68012B08D0F0
:101470000120F1F763FDFCF77FBFA34B5B68012BF5
:10148000F6D10120F2F752FBFCF776BF9F4997484F
:10149000C6F88430CFF7A0F9D6F884109348CFF778
:1014A00091F9934B934819688C220BF011FEFCF7CD
:1014B00063BF97498D48C6F88030CFF78DF9D6F8CD
:1014C00080108A48CFF77EF9894B8A4819688C22A8
:1014D0000BF0FEFDFCF750BF8E498448F367CFF751
:1014E0007BF9F16F8148CFF76DF9814B814819681D
:1014F0008C220BF0EDFDFCF73FBF87497B48B367BB
:10150000CFF76AF9B16F7948CFF75CF9784B794832
:1015100019688C220BF0DCFDFCF72EBF754D7F495E
:101520007248AB62CFF758F9A96A7048CFF74AF909
:101530006F4B8C22196828460BF0CAFDFCF71CBFC4
:10154000774D7849A8628C22284609680BF0C0FDC7
:1015500072496648CFF740F9A96A6448CFF732F973
:10156000FCF70ABF704D7149286234222846096889
:101570000BF0AEFD69495D48CFF72EF9296A5B484B
:10158000CFF714F9FCF7F8BE694B5B68012B7FF4C9
:101590006FAF76E76B68012B7FF46AAF71E728685D
:1015A000584DD1F759FF6349C3B250482B60CFF76C
:1015B00013F961494D48CFF70FF929684B48CFF728
:1015C000F5F85E4B1022196828460BF081FDFCF7F8
:1015D000D3BE28684C4DD1F73FFF5949C3B24348A9
:1015E0002B60CFF7F9F854494048CFF7F5F8296850
:1015F0003E48CFF7DBF8534B1022196828460BF012
:1016000067FDFCF7B9BE2868494DD1F725FF4E4963
:10161000C3B236482B60CFF7DFF847493348CFF7DE
:10162000DBF829683148CFF7C1F8484B1022196818
:1016300028460BF04DFDFCF79FBE2868444DD1F7BE
:101640000BFF4449C3B229482B60CFF7C5F83A498C
:101650002648CFF7C1F829682448CFF7A7F83E4BB2
:101660001022196828460BF033FDFCF785BE756320
:10167000EAE53A4B1868EFF7AFFBFCF77DBE384B55
:1016800003221A60F1F7C8FBFCF776BE0022114670
:101690000320D0F7D1F9FCF76FBE002211460220DB
:1016A000D0F7CAF9FCF768BE002211460120D0F736
:1016B000C3F9FCF761BE002211461046D0F7BCF911
:1016C000FCF75ABE012211460420D0F7B5F9FCF709
:1016D00053BE244B5B68012B4AD04FF0FF30F1F72B
:1016E0002DFCFCF749BE00BFF40805006008FF1F91
:1016F0005C07FF1F4C12FF1F00090500F0080500E2
:10170000E40805001811FF1F0811FF1FDCF5040095
:1017100010010500F8000500DC000500D000050000
:101720006C11FF1F5407FF1F3811FF1F5007FF1FC9
:10173000F810FF1FF4020500C40205004807FF1F50
:10174000E80205004407FF1FDC0205004007FF1FF9
:10175000E810FF1FB80205003C07FF1FF811FF1F2C
:101760003017FF1F2811FF1FB04B5B68012BB4D14E
:101770004FF0FF30F2F7DAF9FCF7FEBD0022114618
:101780000420D0F759F9AA4908A80BF05DFA08A877
:10179000CEF7FAFE08A80BF0AFFAA64B08A8196816
:1017A0000BF052FA08A8CEF7EFFE08A80BF0A4FA47
:1017B000FCF7E2BDA04B5B68012B8ED1D8E79F4BB5
:1017C0005B68012B89D1D3E79D4B5B68012B84D1EA
:1017D000CEE79C4B5B68012B7FF44AAE51E69A49F9
:1017E0009A48C6F88830CEF7F7FFD6F888109748A1
:1017F000CEF7E8FF964B974819688C220BF068FCEF
:10180000FCF7BABD944D9549686160222846096885
:101810000BF05EFC92498D48CEF7DEFF69698B487C
:10182000CEF7C4FFFCF7A8BD012211460320D0F774
:1018300003F9FCF7A1BD012211460220D0F7FCF804
:10184000FCF79ABD012211461046D0F7F5F8FCF7D7
:1018500093BD012211460020D0F7EEF8FCF78CBDB5
:1018600080497A48CEF7B8FF7F4B78481968CEF7A1
:101870009DFF09E57D497548CEF7AEFF7C4B734867
:101880001968CEF793FF7B497048CEF7A5FF6C4BE4
:10189000D8680FF09DFD022502460B466B48009567
:1018A000CEF776FF74496948CEF796FF624BD86849
:1018B0000FF08EFD009502460B466448CEF768FF98
:1018C0006E496248CEF788FF5C4BD8680FF080FD08
:1018D000009502460B465D48CEF75AFF68495B48C3
:1018E000CEF77AFF514BD8680FF072FD0095024693
:1018F0000B465648CEF74CFF62495448CEF76CFF72
:10190000504BD8680FF064FD009502460B464F48D7
:10191000CEF73EFFB8E45C494C48CEF75DFF4D4B37
:101920004A48996DCEF74EFFAEE458494748CEF786
:1019300053FF574B4548996DCEF744FFA4E4EAF7AF
:10194000D3FBFCF719BD4A4E524940483560CEF7EB
:1019500043FF31683D48CEF729FF4F4B34221968C9
:1019600030460BF0B5FB4BE4494E4C4BB5658C2231
:10197000196830460BF0ACFB0F23494933480893F4
:10198000CEF72AFFB16D3148CEF71CFF08A94FF4FE
:101990001670CEF7F1FE43492C48CEF71DFF08998B
:1019A0002A48CEF703FF08A94FF41770CEF7E4FEDC
:1019B0003D492648CEF710FF08992448CEF7F6FE99
:1019C00008A94FF41870CEF7D7FE38491F48CEF754
:1019D00003FF08991D48CEF7E9FE08A94FF41970D6
:1019E000CEF7CAFE32491948CEF7F6FE08991748D5
:1019F000CEF7DCFE08A94FF41A70CEF7BDFE2D49D4
:101A00001248CEF7E9FE08991048CEF7CFFE08A994
:101A10004FF42870CEF7B0FE27490C48CEF7DCFE15
:101A200008990A48CEF7C2FEFFF7EABB1811FF1F5C
:101A3000A8BE04008007FF1FF810FF1F0811FF1F3A
:101A4000E810FF1F2811FF1F280105006008FF1F75
:101A50005C07FF1F4C12FF1F4813FF1F6407FF1F87
:101A6000D0000500A40B0500F811FF1F2408050095
:101A70003811FF1F340805005408050074080500DC
:101A800094080500B4080500900B0500800B0500C4
:101A90006C11FF1F9C0205005007FF1F5407FF1F1A
:101AA000B8010500F40105000C0205002402050040
:101AB0003C020500540205006C020500924E934959
:101AC0009348CEF789FEB16D91480AF0B5FE914B6F
:101AD000B56519688C2230460BF0FAFA8E498C48AD
:101AE000CEF77AFEB16D8A48CEF76CFEFFF788BB61
:101AF000884B8548196805608C220BF0E9FAFCF7E1
:101B00003BBC864E864B356019688C2230460BF004
:101B1000DFFA84497E48CEF75FFE31687C48CEF715
:101B200051FEFCF729BCF563FFF78EBBB563FFF7E9
:101B30008BBBF564FFF788BB7B4975487564CEF7AE
:101B40004BFE31687248CEF731FE71487749CEF7C7
:101B500043FE706CFFF76FBB3564FFF775BB744EC7
:101B6000744BB5601968342230460BF0B1FA6D49F8
:101B70006748CEF731FEB1686548CEF717FEFCF72F
:101B8000FBBB6D4F7B6C013B032B00F25086DFE803
:101B900013F00D07B0074D06030768495C4835652B
:101BA000CEF71AFE3DE4664E3368013B0D2B00F282
:101BB0003586DFE813F08607B9073206B707330624
:101BC000330633063306330633068607B907320673
:101BD000B707574E3368032B00F09987042B00D1C9
:101BE0003561544B5248196834220BF071FAFCF7F6
:101BF000C3BB54494648444ECEF7EEFD39684448CD
:101C00000AF01AFE42480AF01FFEB36D013B032B97
:101C100000F2FB85DFE813F04B074107F005A4064F
:101C20003E4EB36D013B032B00F25386DFE813F009
:101C30005D075F075006B60643493548F564CEF7A1
:101C4000CBFDFFF7EEBB3E4E3368013B0D2B00F2A0
:101C50002F86DFE813F0480750072C068F062D0665
:101C60002D062D062D062D062D06480750072C069D
:101C70008F062F4E3368032B00F0E286042B00D131
:101C8000B5622C4B2A48196834220BF021FAFCF774
:101C900073BB31282D4D00F0DE8630280ABF0023AB
:101CA00068606B602A4B2948196810220BF010FA03
:101CB00028491748CEF790FD27491548CEF78CFDE7
:101CC00069681348CEF772FDFCF756BB3128234DE7
:101CD00000F0C58630280ABF002368606B60204B87
:101CE0001E48196810220BF0F3F91E490848CEF778
:101CF00073FD19490648CEF76FFD69680448CEF7B1
:101D000055FDFCF739BB00BF4C12FF1F80020500D8
:101D10006008FF1F5C07FF1F8C0205006C11FF1F8E
:101D20005407FF1FC4000500E4060500F006050087
:101D30003811FF1F5007FF1F4813FF1FFC08050045
:101D4000F811FF1F6C070500F80805001811FF1FA8
:101D50004807FF1FF4020500E80305000811FF1FF4
:101D60004407FF1FE80205003128A14D00F07B86E3
:101D700030280ABF002368606B609E4B9C4819683E
:101D800010220BF0A5F99C499C48CEF725FD9C49F3
:101D90009A48CEF721FD69689848CEF707FDFCF711
:101DA000EBBA3128974D00F0748630280ABF002323
:101DB00068606B60944B9348196810220BF088F9A7
:101DC00092498E48CEF708FD8D498C48CEF704FD28
:101DD00069688A48CEF7EAFCFCF7CEBA31288C4D08
:101DE00000F0CA8530280ABF002368606B60894B09
:101DF0008748196810220BF06BF987497F48CEF7A6
:101E0000EBFC7F497D48CEF7E7FC69687B48CEF75D
:101E1000CDFCFCF7B1BA814EB36D013B032B00F250
:101E20008285DFE813F0B505B705770556067C4FC8
:101E30007B6C013B032B00F28785DFE813F08D05F7
:101E40008F058405A105774EB36D013B032B00F28E
:101E5000CB84DFE813F058065A06B8040C06356543
:101E6000FFF7F2B9704B6E481968456460220BF0B9
:101E70002FF9FFF7C5B92868654DD1F7EDFA664926
:101E8000C3B25E482B60CEF7A7FC68495B48CEF72B
:101E9000A3FC29685948CEF789FC5E4B10221968CB
:101EA00028460BF015F9FCF767BA614B61481968D1
:101EB000056054220BF00CF9FFF7A2B95E4DD5ED89
:101EC000007AF5EE407AF1EE10FA7FF4DDA9544B7A
:101ED0005A49D3ED0F6A93ED107AC6EE877A08A8B7
:101EE000C5ED007A0AF0B0FE08A8CEF74DFB08A8B1
:101EF0000AF002FF2220D1F77BFA95ED000ACEF717
:101F0000FBFA4F4B08A819680AF09EFE08A8CEF706
:101F10003BFB08A80AF0F0FEFFF7B6B9312834D130
:101F20004FF0FF310120FEF775BD4FF0FF3108463D
:101F3000FEF770BD4349444D08A80AF085FE08A885
:101F4000CEF722FB08A80AF0D7FE296808A80AF0F5
:101F50007BFE08A8CEF718FB08A80AF0CDFE3B4987
:101F600008A80AF071FE08A8CEF70EFB08A80AF030
:101F7000C3FE296808A80AF067FE08A8CEF704FB8C
:101F800008A80AF0B9FEFCF7F7B901210846FEF7E8
:101F900041BD2F49FEF7B9BD2E492B4D08A80AF0C7
:101FA00053FE08A8CEF7F0FA08A80AF0A5FE2968A3
:101FB00008A80AF049FE08A8CEF7E6FA08A80AF031
:101FC0009BFE254908A80AF03FFE08A8CEF7DCFAD8
:101FD00008A80AF091FE296808A80AF035FE08A8AA
:101FE000CEF7D2FA08A80AF087FEFCF7C5B900BF01
:101FF000F810FF1F4007FF1FDC0205006008FF1FED
:10200000E8030500E810FF1F3C07FF1FB8020500AA
:102010002811FF1F4C07FF1F000305004C12FF1F74
:102020004813FF1F6C11FF1F6407FF1FC402050048
:102030005807FF1FF811FF1FF816FF1FFC030500CC
:102040008407FF1F20BC04008007FF1F38BC04006A
:10205000F8BF0400F8BC040010BD0400C549C64D1B
:1020600008A80AF0F1FD08A8CEF78EFA08A80AF031
:1020700043FE296808A80AF0E7FD08A8CEF784FA0D
:1020800008A80AF039FEBD4908A80AF0DDFD08A835
:10209000CEF77AFA08A80AF02FFE296808A80AF0F5
:1020A000D3FD08A8CEF770FA08A80AF025FEFCF7C1
:1020B00063B922200DF03CFFFEF78CBD0CF0D8FF79
:1020C00003462868DDB2CFF7F7FF51EC100B0FF095
:1020D00087FC0E210646AA480DF0A4FE2946A94811
:1020E0000AF0AAFBA7480AF0AFFB0D21A6480DF0A5
:1020F00099FE3146A3480AF09FFB013DA1480AF032
:10210000A3FB032D3DF6EFA9DFE805F0110C070254
:102110009E4BC3F89460FDF7E6B99C4BC3F88C6006
:10212000FDF7E1B9994BC3F88460FDF7DCB9974B33
:10213000DE67FDF7D8B90BF025FF03462868DDB24E
:10214000C1E711460020CFF777FC914908A80AF0B3
:102150007BFD08A8CEF718FA08A80AF0CDFD864B3B
:1021600008A819680AF070FD08A8CEF70DFA08A8AB
:102170000AF0C2FDFCF700B922200DF0D9FEFEF7EF
:10218000F1BE22200CF01EFFFEF7ECBE22200BF069
:102190002FFEFEF7E7BE22200DF0CAFEFEF7CABDF5
:1021A00022200DF0C5FEFDF782BB22200CF00AFFB5
:1021B000FDF77DBB22200BF01BFEFDF778BB0DF079
:1021C000C3FD03462868DDB27DE722200DF0B0FE96
:1021D000FDF769BA22200CF0F5FEFDF764BA222063
:1021E0000BF006FEFDF75FBA22200DF0A1FEFDF711
:1021F000CCBA22200DF09CFEFDF70ABB22200CF089
:10220000E1FEFDF705BB22200BF0F2FDFDF700BB60
:1022100022200CF0D7FEFCF796BF22200BF0E8FD41
:10222000FCF791BF22200DF083FEFCF78CBF22202B
:102230000CF0C8FEFEF7CEBC22200BF0D9FDFEF755
:10224000C9BC544908A80AF0FFFC08A8CEF79CF9BD
:1022500008A80AF051FD504908A80AF0F5FC08A8A2
:10226000CEF792F908A80AF047FD4C4908A80AF0F1
:10227000EBFC08A8CEF788F908A80AF03DFD46490E
:1022800008A80AF0E1FC08A8CEF77EF908A80AF031
:1022900033FDFCF771B80DF057FDC3B2013B032BC2
:1022A0003EF664A9DFE803F0261A0E022868374FCD
:1022B000CFF702FF51EC100B0FF092FBC7F898001C
:1022C000FEF755B92868314FCFF7F6FE51EC100BE9
:1022D0000FF086FBC7F89000FEF749B928682B4F2E
:1022E000CFF7EAFE51EC100B0FF07AFBC7F888002D
:1022F000FEF73DB92868254FCFF7DEFE51EC100BF5
:102300000FF06EFBC7F88000FEF731B90CF0B0FE9D
:10231000C3B2C3E70BF036FEC3B2BFE719212048B2
:102320000DF080FD296817480AF086FA15480AF072
:102330008BFA0020D2F71AF9FCF71EB811460220DA
:10234000CFF77AFB174908A80AF07EFC08A8CEF759
:102350001BF908A80AF0D0FC074B08A819680AF076
:1023600073FC08A8CEF710F908A80AF0C5FCFCF722
:1023700003B800BF34C004008007FF1F48C004003A
:10238000600A05006008FF1F700A0500A813FF1F00
:10239000A4BD04004C0C05005CAE0400600C0500FC
:1023A000900305002CBE040011460420CFF744FB27
:1023B000C149FEF74DBA11460320CFF73DFBBF4997
:1023C000FEF728BA11460220CFF736FBBC49FEF7CC
:1023D00003BA11461046CFF72FFBBA49FEF7DEB914
:1023E00011460020CFF728FBB749FEF7B9B91146CF
:1023F00000200392CFF720FB039A11461046CFF737
:102400001BFB039A02201146CFF716FB039A032009
:102410001146CFF711FB039A04201146CFF70CFBAE
:10242000AA4908A80AF010FC08A8CEF7ADF808A839
:102430000AF062FCA64B08A819680AF005FC08A877
:10244000CEF7A2F808A80AF057FCFEF714BA114616
:102450000420CFF7F1FA984908A80AF0F5FB08A87C
:10246000CEF792F808A80AF047FC994B08A819681B
:102470000AF0EAFB08A8CEF787F808A80AF03CFCA7
:10248000FBF77ABF9349944E914D08A80AF0DCFB04
:1024900008A8CEF779F808A80AF02EFCD6ED397A0C
:1024A000B8EE670ACEF728F8296808A80AF0CCFB2E
:1024B00008A8CEF769F808A80AF01EFC874908A802
:1024C0000AF0C2FB08A8CEF75FF808A80AF014FCCF
:1024D000D6ED3A7AB8EE670ACEF70EF8296808A862
:1024E0000AF0B2FB08A8CEF74FF808A80AF004FCDF
:1024F0007B4908A80AF0A8FB08A8CEF745F808A869
:102500000AF0FAFBD6ED3B7AB8EE670ACDF7F4FF96
:10251000296808A80AF098FB08A8CEF735F808A89B
:102520000AF0EAFB6F4908A80AF08EFB08A8CEF76C
:102530002BF808A80AF0E0FBD6ED3C7AB8EE670A63
:10254000CDF7DAFF296808A80AF07EFB08A8CEF7C5
:102550001BF808A80AF0D0FB634908A80AF074FB2E
:1025600008A8CEF711F808A80AF0C6FB96ED3D0AB8
:10257000B8EE400ACDF7C0FF296808A80AF064FB4E
:1025800008A8CEF701F808A80AF0B6FB3868FDF7EE
:10259000D2BF5649504E4E4D08A80AF055FB08A828
:1025A000CDF7F2FF08A80AF0A7FBD6ED397AB8EE0E
:1025B000670ACDF7A1FF296808A80AF045FB08A81B
:1025C000CDF7E2FF08A80AF097FB494908A80AF0EE
:1025D0003BFB08A8CDF7D8FF08A80AF08DFBD6ED85
:1025E0003A7AB8EE670ACDF787FF296808A80AF09B
:1025F0002BFB08A8CDF7C8FF08A80AF07DFB3D49D2
:1026000008A80AF021FB08A8CDF7BEFF08A80AF029
:1026100073FBD6ED3B7AB8EE670ACDF76DFF2968FC
:1026200008A80AF011FB08A8CDF7AEFF08A80AF029
:1026300063FB314908A80AF007FB08A8CDF7A4FFFF
:1026400008A80AF059FBD6ED3C7AB8EE670ACDF738
:1026500053FF296808A80AF0F7FA08A8CDF794FFF5
:1026600008A80AF049FB254977E7254DD5ED007A02
:10267000F5EE407AF1EE10FA7EF406AE214B2249D7
:10268000D3ED0F6A93ED107AC6EE877A08A8C5EDF0
:10269000007A0AF0D9FA08A8CDF776FF08A80AF060
:1026A0002BFB2220D0F7A4FE95ED000ACDF724FFE6
:1026B000164B08A8196861E7B8BE040070BE040094
:1026C0002CBE0400ECBD0400A4BD040068BD0400E1
:1026D0008007FF1F800A0500A813FF1F9C0A050042
:1026E000BC0A0500DC0A0500FC0A05001C0B0500FD
:1026F000300B0500440B0500580B05006C0B050062
:10270000F816FF1F4813FF1FFC0305008407FF1F77
:102710004FF0FF30FEF75DB922200CF053FCFEF7BE
:1027200009BB22200BF064FBFEF704BB11461046E8
:10273000CFF782F9A94908A80AF086FA08A8CDF7C8
:1027400023FF08A80AF0D8FAA54B08A819680AF0D0
:102750007BFA08A8CDF718FF08A80AF0CDFAFBF716
:102760000BBE11460320CFF767F99E4908A80AF06F
:102770006BFA08A8CDF708FF08A80AF0BDFA984B35
:1027800008A819680AF060FA08A8CDF7FDFE08A8A5
:102790000AF0B2FAFBF7F0BD22200CF013FCFCF7B4
:1027A000F4BF22200BF024FBFCF7EFBF8E498F48CB
:1027B000CEF712F839688D480AF03EF88B480AF0D7
:1027C00043F8FEF761BD8A4988487563CEF704F87F
:1027D000B16D8648CDF7F6FF86498448CDF7FCFFFA
:1027E000716B8248CDF7EEFF834B844819688C22C9
:1027F0000AF06EFCFBF7C0BD81497C48F560CDF75F
:10280000EBFFF1687948CDF7DDFF7E4B7E48196814
:102810008C220AF05DFCFBF7AFBDF5617B4B7C4879
:10282000196854220AF054FCFBF7A6BDFD60794BF1
:102830007948196860220AF04BFCFBF79DBD774987
:10284000774ADD61CD60D563764B774D196877485F
:1028500050220AF03DFC2968704870220AF038FCCA
:10286000734B6F4819686C220AF032FC2E6808AD71
:10287000761BA8190AF012FC05F8010B24AB9D4247
:10288000F7D16C495948CDF7A7FF0A995748CDF7BA
:102890008DFFFBF771BDEDF7BFFFFEF783BBEDF7D3
:1028A000DFFAFEF77FBBEBF7F1FFFEF77BBB35628C
:1028B000564B5748196854220AF00AFCFBF75CBDD6
:1028C000EDF700FEFEF76EBBECF75AFBFEF76ABBB6
:1028D000F560494B494819688C220AF0F9FBFBF76F
:1028E0004BBD4E494E4A1D624D6355664D4B4F4898
:1028F000196850220AF0ECFB4B4B484819687022CB
:102900000AF0E6FB4A4B464819686C220AF0E0FBE5
:10291000FBF732BD484935487563CDF75DFF716BF4
:102920003248CDF74FFF374B374819688C220AF0F1
:10293000CFFB41492D48CDF74FFFB16A2B48CDF76A
:1029400041FFFBF719BD3D62324B334819686022E5
:102950000AF0BEFBFBF710BDBD61F5E7FD61F3E7D3
:10296000274922483561CDF737FF31691F48CDF738
:1029700029FF4AE7F5629BE701236B60FFF737BA4F
:102980007D62E1E72549264A1D61CD62D565ADE747
:10299000F562C8E73563C6E73D6148E7356198E70A
:1029A0001E491F4A9D610D6315669FE77D603EE7E6
:1029B0001A491B4ADD604D60556345E7174E184ABA
:1029C0001E490A485D619563B560CDF705FFB168A2
:1029D000064800230A2209F04FFF35E7ECBD04004A
:1029E0008007FF1F70BE0400C40B05006008FF1FB6
:1029F000A4070500AC0705005407FF1F6C11FF1F5B
:102A0000C40005005C07FF1F4C12FF1F5807FF1F83
:102A1000F811FF1F6407FF1F4813FF1FD812FF1F85
:102A20007C10FF1F6807FF1F6007FF1FB014FF1F08
:102A30003807FF1FC0C60400D0000500E0C6040030
:102A40003A493B487562CDF7C7FE716A3848CDF701
:102A5000ADFEFFF716B901236B60FFF723B9012321
:102A60006B60FFF73CB901236B60FFF786B9314912
:102A70002F48B563CDF7B0FEB16D2D48CDF7A2FE5E
:102A80002D492B48CDF7A8FEB16B2948CDF79AFE0A
:102A9000AAE601236B60FFF78DB928492448B56089
:102AA000CDF79AFEB1682248CDF78CFEADE62349FA
:102AB0001F487560CDF790FE71681D48CDF782FE06
:102AC000A3E67560AAE61E491E4A5D620D611564A3
:102AD000BAE61D491648B563CDF77EFEB16B1448C2
:102AE000CDF770FE1FE7B560E2E67560F1E6B56010
:102AF000EFE6BD609BE67561DAE61149114A9D6219
:102B00008D639566F2E6F5626EE635636CE60F4915
:102B10000748F560CDF760FEF1680548CDF746FE41
:102B2000FFF75FB8B56279E6356177E6F40705002F
:102B30006008FF1FA4070500D0070500C4000500BA
:102B4000D812FF1F7C10FF1FD000050048070500AA
:102B5000F0B5724C8DB023680393039A23680293F7
:102B6000029B9B1A0E2BF9D96D4D6E480C210BF070
:102B700049F92E6836B1304611F0E2FF0146304681
:102B80000BF040F923680193019A23680093009B9E
:102B90009B1A0E2BF9D96448644E4FF4612109F059
:102BA000B9FA0BF0DBF900287FDC3368012B0DD17B
:102BB0000A215F480DF036F931685E4809F03CFEA5
:102BC0005C480DB0BDE8F04009F03EBE23680793B5
:102BD000079A23680693069B9B1A0E2BF9D9514836
:102BE0000C210BF0CFFD2F6837B1384611F0A8FF4C
:102BF000014638460BF0C6FD23680593059A236805
:102C00000493049B9B1A0E2BF9D94B484FF4612176
:102C100009F0F8FA0BF062FE002863DC3368042B3D
:102C2000C6DD23680B930B9A23680A930A9B9B1AB1
:102C30000E2BF9D93B480C210CF0CEF92F6837B197
:102C4000384611F07DFF014638460CF0C5F923687F
:102C50000993099A23680893089B9B1A0E2BF9D9AC
:102C600036484FF4612109F085FB0CF0EDF900289E
:102C70009EDD03230C21324833600DF0D3F8316818
:102C80002C4809F0D9FD2B4809F0DEFD2D4807211D
:102C90000CF0A2F92C68002C8AD0204611F050FFCD
:102CA000014620460CF098F982E701230C212648C2
:102CB00033600DF0B7F831681E4809F0BDFD1D48BE
:102CC00009F0C2FD1F4807210BF09CF82F68002F68
:102CD0003FF46BAF384611F033FF014638460BF036
:102CE00091F862E702230C21184833600DF09AF83E
:102CF0003168104809F0A0FD0E4809F0A5FD114803
:102D000007210BF03FFD2F68002F87D0384611F0C8
:102D100017FF014638460BF035FD7FE75C1FFF1FAC
:102D20008007FF1FB00C0500E007FF1F9807FF1F7B
:102D3000A80005006008FF1FF407FF1F0808FF1F19
:102D4000E80C0500D00C0500C00C0500D80C0500EF
:102D50002DE9F04FC14EC24CC24FDFF88C9399B0B1
:102D600001210D200AF0DEFC356840F2EE280DF05E
:102D700061F92378002B00F051833B78DB0740F1A9
:102D80004D833368D9F800209B1A0E2B40F24683FE
:102D900033680193019A33680093009B9B1A0E2BB2
:102DA000F9D9B14BB1481C68B14F05210DF03AF883
:102DB0000A2200232146AF4809F05EFDAD4809F024
:102DC00043FDFFF7C5FE0A21AB480DF02BF8AB4BD6
:102DD000A848196809F030FDA64809F035FDA84B50
:102DE0001D683C46ED1B07F5847860190AF056F91A
:102DF00004F8010B4445F8D1DFF8F092DFF8F0B2A7
:102E0000D9F800505C46A5EB0B050BF18C08601956
:102E10000AF044F904F8010B4445F8D134219948EB
:102E20000DF000F80023D9F8001092480A2209F0AA
:102E300023FD904809F008FD934B1D68934BED1A54
:102E40001C4603F1500860190AF028F904F8010B38
:102E50004445F8D18E4BDFF89CA21C68D046A4EB09
:102E60000A040AF18C0508EB04000AF017F908F8C7
:102E7000010BA845F7D1874B1C68874BE41A98468D
:102E800003F1340508EB04000AF008F908F8010B17
:102E9000A845F7D1814BDFF860821C6808F1100566
:102EA000A4EB080408EB04000AF0F8F808F8010B9A
:102EB000A845F7D17A4BDFF844821C6808F1100569
:102EC000A4EB080408EB04000AF0E8F808F8010B8A
:102ED000A845F7D1734BDFF828821C6808F110056C
:102EE000A4EB080408EB04000AF0D8F808F8010B7A
:102EF000A845F7D16C4BDFF80C821C6808F110056F
:102F0000A4EB080408EB04000AF0C8F808F8010B69
:102F1000A845F7D1654BDFF8F0811C6808F1100572
:102F2000A4EB080408EB04000AF0B8F808F8010B59
:102F3000A845F7D15E4B1C685E4BE41A984603F136
:102F4000540508EB04000AF0A9F808F8010BA8459D
:102F5000F7D1594B1C68594BE41A984603F16005A8
:102F600008EB04000AF09AF808F8010BA845F7D11D
:102F7000534BDFF898911C68C846A4EB090409F18B
:102F8000700508EB04000AF089F808F8010BA84561
:102F9000F7D14C4B1C684C4BE41A984603F16C0576
:102FA00008EB04000AF07AF808F8010BA845F7D1FD
:102FB000132146480CF036FFDBF858102D4809F075
:102FC0003BFC2C4809F040FC122141480CF02AFF40
:102FD000DAF85810274809F02FFC264809F034FC8D
:102FE0001A213C480CF01EFF2B4B224859680A223C
:102FF000002309F041FC1F4809F026FC1321364844
:103000000CF010FF2B4B1B4819680A22002309F013
:1030100033FC184809F018FC132130480CF002FF6B
:103020001A4B144819680A22002309F025FC11489C
:1030300009F00AFC12212A480CF0F4FE00230A22AF
:10304000D9F854100B4809F017FC0A4809F0FCFBAA
:10305000172124480CF0E6FE1B4B59E05C1FFF1FB4
:10306000F821FF1F1C22FF1F1422FF1FF80C050070
:10307000A813FF1F6008FF1FA80005009807FF1F87
:103080006C16FF1F000D05006807FF1FB014FF1F1F
:103090005C07FF1F5007FF1F3811FF1F3C07FF1F72
:1030A0004007FF1F4407FF1F4807FF1F4C07FF1F74
:1030B0005807FF1FF811FF1F6407FF1F4813FF1F6A
:1030C0006007FF1F3807FF1F7C10FF1FC8F20400B6
:1030D0008005050094050500B0050500C405050040
:1030E000D8050500EC0505002022FF1F5407FF1F2F
:1030F0006C11FF1F4C12FF1FE810FF1FF810FF1F7D
:103100000811FF1F1811FF1F2811FF1FD812FF1FE2
:10311000C94819680A22002309F0AEFBC64809F025
:1031200093FB1321C5480CF07DFEC54AC248516C83
:1031300000230A2209F0A0FBBF4809F085FB01210A
:103140000A200AF0EFFA01210A200AF0A7FA012169
:1031500009200AF0E7FA012109200AF09FFAFAF79C
:10316000C7FF012104200AF0DDFA01210E200AF038
:10317000D9FA012116200AF0D5FA012111200AF00E
:10318000D1FA01210F200AF0CDFA002108460122D0
:10319000CEF752FC012210460021CEF74DFC012251
:1031A00000210220CEF748FC012200210320CEF7A7
:1031B00043FC012200210420CEF73EFCD7F8E42096
:1031C000012A00F0578315ACD7F8E820012A00F057
:1031D0000F83D7F8EC20012A00F0C882D7F8F0203E
:1031E000012A00F06F82D7F8F420012A00F028822B
:1031F000202194480CF016FE00230A22D7F8E41090
:103200008D4809F039FB8C4809F01EFB8E49204699
:1032100009F01AFD2046CDF7B7F9204609F06CFDFC
:103220008A4B1B68012B00F00782032B00F0008201
:10323000002B00F0F981D7ED397A854DB8EE670A99
:10324000CDF75AF92968204609F0FEFC2046CDF753
:103250009BF9204609F050FD1B217E480CF0E2FD51
:1032600000230A22D7F8F410734809F005FB7248CE
:1032700009F0EAFA7849204609F0E6FC2046CDF745
:1032800083F9204609F038FD704B1B68012B00F0D4
:10329000C781032B00F0C081002B00F0B981D7ED6E
:1032A0003D7AB8EE670ACDF727F92968204609F07C
:1032B000CBFC2046CDF768F9204609F01DFDF86EDD
:1032C000A0F10A031D2B40F2DF80386FA0F10A0342
:1032D0001D2B40F2F280B869A0F10A031D2B40F2C9
:1032E0000581F869A0F10A031D2B40F21781F86AE5
:1032F000092800F22981386B092800F23C81F86C1A
:10330000092800F24F81386D092800F26281D7F850
:103310000001A0F10A031D2B00F2AE80C0B2012112
:103320000AF000FA012197F800010AF0B7F997F8BE
:1033300000010AF0E9F90A21044648480CF072FD40
:103340003D4800230A22214609F096FA3A4809F03E
:103350007BFA33681393139A33681293129B9B1A68
:10336000092BF9D9D7F8F800A0F10A031D2B40F278
:10337000448133681593159A33681493149B9B1AF0
:10338000092BF9D9D7ED106A97ED027A344C3548FC
:10339000C6EE877A1F21C4ED007A0CF043FDB868B1
:1033A0000EF016F841EC100B0521234809F070FAD5
:1033B000214809F049FA1E212B480CF033FD386CE6
:1033C0000EF006F841EC100B05211B4809F060FADD
:1033D000194809F039FA0F2124480CF023FD206820
:1033E0000DF0F6FF41EC100B0521134809F050FADF
:1033F000114809F029FA0E211D480CF013FD0E4862
:1034000009F022FACEF72AFA07211A480CF00AFD31
:10341000094819B0BDE8F04F09F016BA33682278B0
:103420005B1B32B1B3F5FA6F3FF6B2AC0CF002FEA3
:103430009DE44345FAD9ABE46008FF1F040605008C
:103440004813FF1F880D0500AC0D05009807FF1FEE
:103450008407FF1FC00D0500DC0D050014B2040039
:10346000B418FF1F0C0E05002C0E05004C0E0500B5
:103470005C0E05006C0E05001821B3480CF0D2FC60
:10348000B24809F0E1F964E70221C0B20AF04AF952
:1034900033680393039A33680293029B9B1A092BA8
:1034A000F9D997F86C0097F8FC100AF0F7F8386F24
:1034B000A0F10A031D2B3FF60EAF0221C0B20AF0A5
:1034C00031F933680593059A33680493049B9B1A7A
:1034D000092BF9D997F8700097F8FC100AF0DEF87C
:1034E000B869A0F10A031D2B3FF6FBAE0221C0B262
:1034F0000AF018F933680793079A33680693069B16
:103500009B1A092BF9D9387E97F8FC100AF0C6F8F7
:10351000F869A0F10A031D2B3FF6E9AE0221C0B203
:103520000AF000F933680993099A33680893089BF5
:103530009B1A092BF9D9387F97F8FC100AF0AEF8DE
:10354000F86A09287FF6D7AE0221C0B20AF0EAF87D
:1035500033680B930B9A33680A930A9B9B1A092BC7
:10356000F9D997F82C0097F8FC100AF097F8386B07
:1035700009287FF6C4AE0221C0B20AF0D3F833683E
:103580000D930D9A33680C930C9B9B1A092BF9D958
:1035900097F8300097F8FC100AF080F8F86C0928CA
:1035A0007FF6B1AE0221C0B20AF0BCF833680F93C7
:1035B0000F9A33680E930E9B9B1A092BF9D997F833
:1035C0004C0097F8FC100AF069F8386D09287FF66E
:1035D0009EAE0221C0B20AF0A5F833681193119A89
:1035E00033681093109B9B1A092BF9D997F8FC109C
:1035F00097F850000AF052F889E60221C0B20AF0AA
:1036000091F897F8FC1097F8F8000AF047F8B0E640
:1036100022200CF08DFC42E622200BF0D3FC3EE68B
:1036200022200AF0E5FB3AE622200CF081FC02E6BB
:1036300022200BF0C7FCFEE522200AF0D9FBFAE5B8
:1036400011460420CEF7F8F94149424D204609F0D1
:10365000FBFA2046CCF798FF204609F04DFB29687D
:10366000204609F0F1FA2046CCF78EFF204609F0FB
:1036700043FB3949204609F0E7FA2046CCF784FF9E
:10368000204609F039FB2968204609F0DDFA20467A
:10369000CCF77AFF204609F02FFB3049204609F08D
:1036A000D3FA2046CCF770FF204609F025FB2968A5
:1036B000204609F0C9FA2046CCF766FF204609F0FB
:1036C0001BFB95E511460320CEF7B6F92449214DA1
:1036D000204609F0B9FA2046CCF756FF204609F0FB
:1036E0000BFB2968204609F0AFFA2046CCF74CFFC7
:1036F000204609F001FB1B49204609F0A5FA2046A7
:10370000CCF742FF204609F0F7FA2968204609F075
:103710009BFA2046CCF738FF204609F0EDFA124913
:10372000204609F091FA2046CCF72EFF204609F0FA
:10373000E3FA2968204609F087FA2046CCF724FFEF
:10374000204609F0D9FA4EE5F00D05006008FF1F8C
:10375000780D05008007FF1FCCBE0400C0AF040039
:10376000680D050084BE040054AF04001146022019
:10377000CEF762F96149624D204609F065FA2046AC
:10378000CCF702FF204609F0B7FA2968204609F075
:103790005BFA2046CCF7F8FE204609F0ADFA59490D
:1037A000204609F051FA2046CCF7EEFE204609F0FB
:1037B000A3FA2968204609F047FA2046CCF7E4FE30
:1037C000204609F099FA5049204609F03DFA204672
:1037D000CCF7DAFE204609F08FFA2968204609F076
:1037E00033FA2046CCF7D0FE204609F085FAF5E4FE
:1037F00011461046CEF720F94449414D204609F0C4
:1038000023FA2046CCF7C0FE204609F075FA296855
:10381000204609F019FA2046CCF7B6FE204609F0FA
:103820006BFA3B49204609F00FFA2046CCF7ACFE74
:10383000204609F061FA2968204609F005FA204679
:10384000CCF7A2FE204609F057FA3249204609F08B
:10385000FBF92046CCF798FE204609F04DFA29687E
:10386000204609F0F1F92046CCF78EFE204609F0FB
:1038700043FAAEE4114615AC0020CEF7DDF8264938
:103880001F4D204609F0E0F92046CCF77DFE20468A
:1038900009F032FA2968204609F0D6F92046CCF71B
:1038A00073FE204609F028FA1C49204609F0CCF99D
:1038B0002046CCF769FE204609F01EFA296820460A
:1038C00009F0C2F92046CCF75FFE204609F014FA51
:1038D0001349204609F0B8F92046CCF755FE20469A
:1038E00009F00AFA2968204609F0AEF92046CCF71B
:1038F0004BFE204609F000FA66E400BF580D0500B3
:103900008007FF1F40BE040000AF0400480D050003
:1039100000BE0400ACAE0400380D0500B8BD0400C4
:103920003CAE0400704700BF30B583B005460C467E
:1039300009F026FE1C4B984204D800232B802380DC
:1039400003B030BD694609F0C9F89DF806309DF80E
:1039500005109DF80420503B9BB27F2B05D8013108
:10396000C9B20C2901D81F2A11D900239DF80220C1
:103970002B80172A9DF801309DF8001003D83B2BAF
:1039800001D83B2909D90023238003B030BD42EA86
:10399000411242EA43239BB2E8E75B0143EAC223B8
:1039A00043EA51039BB2EFE7FFA5CE1210B5D0F862
:1039B00084448EB00A4644B10023214668460093F1
:1039C00002F02CFF80B90EB010BDD0F8881441B1C0
:1039D000234668460C9401F0D9F850B900200EB087
:1039E00010BD08460EB010BD684603F035F90EB0A4
:1039F00010BD684601F088F90028EFD0E3E700BF6A
:103A000070B5D0F884548EB016465DB105F5896561
:103A100000230A4668462946009302F07DFE90B9CD
:103A20000EB070BDD0F888040028F9D000F5896484
:103A30000A462B46214668460C9501F03FF848B9E6
:103A400000200EB070BD32462946684603F048F8A3
:103A50000EB070BD32462146684601F0A7FA002834
:103A6000EED0DDE710B5D0F884448EB00A464CB1F4
:103A70000020009001232146684602F0CFFE80B965
:103A80000EB010BDD0F8881441B1012368460C94E3
:103A900001F07CF850B900200EB010BD08460EB001
:103AA00010BD684603F074FF0EB010BD684601F00B
:103AB000D1F80028EFD0E3E730B5D0F884448FB0D8
:103AC0000A464CB10025012304F58961684600953A
:103AD00002F0ACFD0FB030BDD0F888040028F9D05A
:103AE00000F58961012368460C9401F0CDFA0FB00E
:103AF00030BD00BF10B5D0F884448EB00A463CB14A
:103B0000002321466846009302F088FE0EB010BDE7
:103B1000D0F8881431B1234668460C9401F036F889
:103B20000EB010BD08460EB010BD00BFF8B505467A
:103B300090F8CC0408B90146F8BDD5F88434002BC0
:103B40004CD0DC69D5F89004013C002854D00368BF
:103B5000DB6B9847E0B1D5F8900478B303681B6C31
:103B60009847A8B9D5F8900440B3036801215B6C6D
:103B70009847074610B3D5F8840458BBD5F8886435
:103B800033466EB9D5F8900490B900200146D3E7CA
:103B9000D5F88404E8B9D5F88834002BF5D0074669
:103BA000184602F009FB06463FB1D5F8900428B14B
:103BB000036800215B6C984700B1A41BD5F88434DE
:103BC000FBB19B794FF40071994089B2A1FB0401CC
:103BD000F8BD002704F020FD0646E5E7D5F8883457
:103BE000D5F89004B3B1D3F830440028AFD11846CB
:103BF00002F0E2FA0646E0E7184604F00DFD06463C
:103C0000DBE7D5F88864002EBFD0D6F83C14A1FBC2
:103C10000401F8BD0028B8D01C4698E790F8CC34D1
:103C200063B1D0F8843463B19A79D9694FF40070E4
:103C3000904080B20139A0FB01017047184601464F
:103C40007047D0F888040028F9D0D0F83C14D0F898
:103C50003004A1FB000170472DE9F043D0F89054E7
:103C60008DB04DB198462B680446DB6928469847CD
:103C7000B0F5405F064604D8002630460DB0BDE8DA
:103C8000F0834FF400700EF00BFA07460028F3D0D3
:103C90000DF10409B6F1806F0246434629464846B5
:103CA0002FD901F069FD064638460EF001FA002EC4
:103CB000E2D02B6828461B6A984794F8BC34FF2B47
:103CC00004F1040721D0D4F8C0340293D4F8C434EA
:103CD0000393B4F8BC34ADF8043004F5946599E866
:103CE0000E00284607F06AF894F8AD34C4F89054F2
:103CF000002BC2D101231A462946384604F0CEFED5
:103D0000BBE704F059F90646CEE704F2944594F86F
:103D1000C814284605F0CEFCC4F89054284604F098
:103D2000CBFF0028A9D10123D4F890141A463846B5
:103D300004F0B4FEA1E700BFF0B5D0F8906485B000
:103D40000446E6B190F8CC5495B190F8CD34FE2BF2
:103D50005DD094F8CE043F283CD9336869469B6C0B
:103D6000304698470546284684F8CC5405B0F0BD47
:103D700090F8CE043F2808D809F0C6FC28B90025E1
:103D8000284684F8CC5405B0F0BD94F8BC34FF2B21
:103D900004F1040724D0D4F8C034B4F8BC2401934F
:103DA000D4F8C4340293ADF8002004F594666B4651
:103DB0000ECB304607F002F894F8AD34C4F89064A6
:103DC000002BDDD101231A463146384604F066FE49
:103DD0000546D5E709F098FC051E18BF0125CFE779
:103DE00004F2944694F8C814304605F063FCC4F815
:103DF0009064304604F060FF0028C1D10123D4F85C
:103E000090141A46384604F049FE0546B8E7336870
:103E100030461B6A9847336830465B6D9847431CB1
:103E200097D0051E18BF0125AAE700BFF0B50C46C4
:103E3000054685B0284800F0EDF8FE2C85F8CD4405
:103E400026D03F2C02D9002005B0F0BD0026234B20
:103E500002938DF804408DF80560039605F594678C
:103E6000C5F8C03404AB13E90E0085F8BC4485F8EE
:103E7000BD64C5F8C464384606F0A0FF95F8AD34BB
:103E8000C5F89074F3B1304685F8CC0405B0F0BDA8
:103E900005F294460024FF23214685F8BC3485F8BA
:103EA000C844304605F006FCC5F89064304604F07E
:103EB00003FF70B90123D5F890141A46281D04F0A9
:103EC000EDFDE1E701231A463946281D04F0E6FD21
:103ED000DAE72046D8E700BF2939030040787D01A2
:103EE00016481749174A4FF0290C10B4002380F8E0
:103EF000ADC4C0F8A8144FF0FF0C4FF47F41124C32
:103F0000A0F8CC14C0F89424A0F89C340F4A80F890
:103F1000B13480F8C83480F8CEC40460C0F8A0245E
:103F20000B490C4A5DF8044BC0F88434C0F888345F
:103F3000C0F8903480F8B8340DF0E0B8BC18FF1F1A
:103F400003200038D4120500E00F050044130500DB
:103F5000253903003007FF1F30B50378DC0783B035
:103F60001DD504464068E168036804F1100201921F
:103F70005B6A9847019A0546A8B12378990708D546
:103F8000A3686068E168194403685B6A984750B1A8
:103F9000237823F001032846237003B030BD0125A8
:103FA000284603B030BD0025284603B030BD00BF11
:103FB000F8B543680BB3C3688B4204460E461546FA
:103FC00006D110F8103B05F003052B432370F8BD14
:103FD000FFF7C2FF88B16B0705D504F1100738461B
:103FE000E6600023EFE76068036804F110071B69CF
:103FF0003A46314698470028F1D10020F8BD00BF6D
:10400000034B4FF0000C82F800C01B68184700BF3C
:10401000901DFF1F024A034B03491160186070474F
:104020008C1DFF1F901DFF1F0140030010B50446AB
:10403000808982B018B10023A38102B010BD6368EB
:10404000A1688B42F9D201AA184600F0B7F880B1F6
:10405000019B6060B3F5803F01D298B2EDE7980A0A
:10406000C3F30902A2F51053A0F52150A38180B239
:10407000E3E74FF6FF70E0E7B1F5807F20D8102925
:104080002DD840234FF0200CB2FBF3F1B1F5806F37
:104090001FD210B5B2FBFCF403FB11234FEA910EC3
:1040A0000CFB14222EF03F0E013242EA0E02C9B27E
:1040B000D2B2B3FBFCF3DBB203704270817010BD6F
:1040C0003F239C46802910D9B1F5FC7F0FD81B01F6
:1040D000DAE7FF21FE2303704170817070472029C9
:1040E00016D880234FF0200CCEE7DB00CCE7B1F5EB
:1040F0007C7F04D9B1F5FC6F03D89B01C4E75B0159
:10410000C2E7B1F57C6F94BFDB01C3EB0323BBE7D0
:1041100020239C46D6E700BF7F28A2EB010205D8EA
:1041200012B10A4602F8010B10467047B0F5006F55
:104130000FD2012A3FD90A464FEA901C00F03F03F4
:104140006CF03F0002F8020B63F07F034B701046E7
:104150007047B0F5803F14D2022A2CD9C0F38512E3
:104160004FEA103C62F07F0200F03F0060F07F03F6
:104170006CF01F0C4A70CA1C81F800C08B7010468E
:104180007047032A17D9C0F305324FEA904CC0F3A9
:10419000851362F07F0200F03F006CF00F0C63F0BB
:1041A0007F0360F07F004A700A1DC87081F800C06C
:1041B0008B70104670470022B6E700BF88423BD2A2
:1041C00010B4034690F900001C7800282BDA04F0A4
:1041D000E000C02832D004F0F000E02832D004F033
:1041E000F800F02824D104F0070404201844884281
:1041F0001ED8013313F8011B01F0C00CBCF1800F75
:1042000001F03F0141EA841412D18342F2D10F4BF5
:10421000A4F1800199420BD8A4F55843B3F5006F7F
:1042200006D3146001E01460581C5DF8044B70471D
:1042300000205DF8044B70470020704704F01F0415
:104240000220D3E704F00F040320CFE77FFF100024
:104250007E2843D910B44FF0350C294C002305E0DB
:1042600034F8221081428CBF94461346ACEB030114
:10427000012903EB5102F3D89BB234F8232090427A
:104280001BD2204C4FF04B0C002305E034F82210D9
:1042900081428CBF94461346ACEB0301012903EB2A
:1042A0005102F3D89BB234F82320824204BF04EBBE
:1042B000830460885DF8044B704704EB8304821A22
:1042C000E3789A42DDDA94F90230012B10D0A3B1E1
:1042D0009BB2034498B25DF8044B7047A0F16103B0
:1042E000192B8CBF00230123A0EB431398B2704716
:1042F00002F00102831A98B2DCE74EF2A033E8E73D
:10430000341105000810050070B500F124038C4637
:104310000546164693E8070084B001AC84E8070020
:10432000286A4FEA4C12214601F066FE012806D1A8
:10433000286A3246214601F043FE04B070BD0020D9
:1043400004B070BD10B5044600F0A8FD002384F849
:10435000313084F8333010BD38B513460D46002295
:1043600000F12401006A1C4601F02AFE20B14389B5
:104370002B8003892380012038BD00BF38B5134648
:104380000D46002200F12401006A1C4601F018FECF
:1043900020B1C3892B8083892380012038BD00BFD1
:1043A00038B590F831300BB1002038BD04460D46C9
:1043B000382219460FF038FD0120402384F83130AF
:1043C00084F83300256238BD30B40C78202C03D13A
:1043D00011F8014F202CFBD0116091600C783CB398
:1043E000224D0CE0A4F1220C5FFA8CFC25FA0CFCA7
:1043F0001CF0010F10D12E2C16D10C78C4B12F2C2B
:1044000025D03C2C01F1010109D8212CEAD804F176
:10441000FF3CBCF11E0F16D8002030BC70475C2C4E
:10442000FAD00AD97C2CF7D091600C78002CE6D118
:10443000196030BC114601F0ADBC3E3C012CF3D8F4
:10444000002030BC7047202CD7D09160EDE70C469F
:10445000214614F801CBBCF1200FF9D0BCF12F0F8D
:10446000F6D0196030BC114601F094BC0121000562
:104470002DE9F04F90F83330DC0783B005466CD55A
:1044800058068B46904640F1B480D5E90023D5E923
:10449000041018EB020443F10003A14270EB030384
:1044A000C0F0AD80B8F1000F53D0D5E900324646D8
:1044B000D5F82090D9F838441C40C4F3080A002CE1
:1044C00056D1134376D195F831305A064CBFD9F8FE
:1044D0003414E969A96199F84534D9F82C240239D2
:1044E00099401144B6F5007F4FD3D9F81C228A4277
:1044F0004BD0B6F5806F64D34FF0010A0AFA03FA85
:10450000AAEB040A730A9A4528BF9A468A424FEAE0
:104510004A240AD30AEB01039A4206D209F5047031
:104520000191FFF719FD0199B8B1D9F81402076894
:104530005346D7F814905A46C84770B12346D5E978
:1045400000125B1842F10002361BC5E90032A34499
:10455000AED1404603B0BDE8F08F95F832304FF051
:10456000FF3043F0020385F8323003B0BDE8F08F2E
:10457000AA6999F84534D9F82C04911E9940640A27
:1045800001442144BAF1000FACD0CAF50074B44222
:104590004FF0000209F5047028BF3446FFF708FD0C
:1045A0000028DAD000EB0A012246584608F02CFE1B
:1045B0002346C4E795F83330A9695B060DD5013170
:1045C00088E7D9F8140203685A461B6998470028FF
:1045D000C3D04FF400731C46B1E705F118024846FA
:1045E00001F04CFD0028B8DB0CD0A969D5F820906B
:1045F00071E795F8313019077FF554AF45E7A1EB26
:1046000002084FE795F8313013F0500FA5D0A8EB12
:10461000060840469EE700BFF0B583B001220DF1C9
:1046200007010446D0E900678569FFF721FF0128EB
:1046300008BF9DF80700A56118BF4FF0FF30C4E91F
:10464000006703B0F0BD00BF2DE9F84F90F83110BE
:10465000D0F818800446002950D01646D0E9002C26
:104660009C4508BFB2421F4658D056EA07034AD0BD
:10467000080704D5D4E90403B042BB413ED3D4F8C3
:10468000209099F845340933751EDBB247F1FF3AA3
:10469000C3F120000AFA00FBDD40A3F1200E2AFA44
:1046A0000EFA45EA0B0545EA0A0594F833A01AF01C
:1046B000400F2FD112F1FF3A2AFA03F34CF1FF3ADF
:1046C0000AFA00F003432AFA0EFA43EA0A039D426B
:1046D00002D352EA0C0C24D14B064CBFD9F8343427
:1046E000E369A36104F118094A4675B1A169206A1A
:1046F00001F0C4FC002805F1FF35F5DCC4F8188092
:104700000020BDE8F88F00238361C4E90067012021
:10471000BDE8F88FE3692B44A361F6E70120BDE80B
:10472000F88FED1ADEE700BF2DE9F04F064690F84E
:1047300031008FB0002840F0D880174691F8312022
:1047400012F0500F8B4600F0D08003F00302032AD2
:104750009A4600F0CA80013203F0080142EA0103E0
:104760000293002F00F0CA803A6902F10E08B54AA0
:10477000A2FB0828DBE900214FEAD80808F102086B
:104780000A435FFA88F805D0CBF818000021002012
:10479000CBE90001029B002443F04003254603932C
:1047A000202206A95846FFF763FE00B3202840F0F8
:1047B0009C809DF918209DF81830002AC0F2A18035
:1047C00034B9DBF80020A2F12009DBF818200192AF
:1047D00044453CBF0134E4B2002B00F0128120229A
:1047E00006A958460025FFF743FE0028DED11AF43B
:1047F000007F7AD0029B9B0777D5002F75D0444568
:1048000017D2DDF804A0202206A95846FFF730FE93
:10481000631C002861D0202867D12CB9DBF8002068
:10482000DBF818A0A2F12009DCB2A045EBD8CDF846
:1048300004A03822002130469BF833400FF0F4FAF0
:10484000DBF820303362019B7362082386F8313035
:104850003B68C6F82890C4F38014002586F82C40E5
:104860007B60BD81B8F1000F32D008F1FF39DFF86D
:10487000D8A15FFA89F9AB46012259463046FFF7C5
:1048800043FD044688B390F90020002A2DDB202246
:1048900000210FF0C9FA002D00F0BA80BBF1010F22
:1048A00000F0D480C1232370A3461E34BB89384650
:1048B0001BB97A68BB689A4205D0FFF7B7FB2BF8A3
:1048C000020FA345F2D101355FFA85FBD845D3D855
:1048D000304600F0E3FA05460CE05846DBF8185085
:1048E00000F00CFB002840F09080002586F8315045
:1048F00086F8335028460FB0BDE8F08F4FF003081C
:1049000048E755BB444538BF0024852B7FF448AFAA
:104910002946382230460FF087FA9DF81C209DF872
:10492000193086F8303002F03703D20658BF43F012
:10493000080386F83130DBF80030DBF820203262E3
:10494000203BDBF818207262B3629BF83330C3F36C
:10495000801386F82C30012522E7C02B28D0C12BEC
:104960007FF43DAF3A4606A9304601F089F9E8B137
:10497000BB89DBB9BA687B689A4217D11AF4006F19
:10498000B3D11AF4884F6FD196F833309C076BD4AB
:104990001AF4806FA9D11AF4804FABD0D6E9042362
:1049A0003046FFF751FE0028A4D19EE70546F7E602
:1049B000029B86F833309DF819309B0744BF039B58
:1049C00086F833300B9BF361DDE90823C6E9042345
:1049D000DDE90C23C6E90223002FCFD04FF00003FE
:1049E0003A69BB819DF81B30396879609A427FF43F
:1049F000F6AEBD8ABDF81C30ED1AB5FA85F56D0925
:104A0000CEE6002F7FF4F3AE6FE7CBF818500CE73B
:104A10008523237086F8309084F80190DAF800300E
:104A2000002B45D00DF113020DF1160105A8984792
:104A3000BDF814306381BDF8163023819DF8133022
:104A4000237540E7898888888C1DFF1FC023237049
:104A5000029B84F801B063F07F0386F833303B6932
:104A6000E370BB8AA3802EE796F83130D8063FF575
:104A70003CAF13F001027FF438AF1AF4806F8AD094
:104A800096F8331089077FF530AF002B3FF42DAF38
:104A9000D6E900310B4304D000200021C6E9000113
:104AA000B261304600F0F2FB00283FF41EAF21E770
:104AB00045F621236381E381638204E72DE9F04316
:104AC000044697B0994694F8313001920020149032
:104AD000ADF814006BBB91F8313013F0500F0E4657
:104AE00027D013782F2B154627D04FF0000813E05E
:104AF000019D2F78A7B3FFF717FE06463422214603
:104B000008A8B6B108F080FB204600F0C7F908AE4F
:104B100084F8318084F83380294601AB02AA20460C
:104B2000FFF752FC0546002302AA31462046002D1D
:104B3000DED1002017B0BDE8F08315F8011F2F2942
:104B4000FBD0019599B938222046356A0FF06CF9EF
:104B50000120402384F83130256284F83300E9E7EE
:104B60004B4602AAFFF7E0FD17B0BDE8F0833822FC
:104B7000002108A8366A0FF057F901238DF8533049
:104B8000402310968DF8513008AEAEE719B101F50B
:104B90008961FFF793BF0846704700BF90F8313036
:104BA00063B991F8313013F0500F07D00B6813F050
:104BB0001F0C03D113466246FFF7B6BD00207047B5
:104BC0008169F8B50446006A01B10131012201F0A2
:104BD00017F90128054632D9012301461A46206AF1
:104BE00001F06EF9064650B3A3695BB394F8332025
:104BF000510612D5591CA94218D022F04002E16991
:104C000084F8332005E0206A01F058FAB8B1A369AE
:104C100039464F1C99423A46F5D3206A4FF0FF328D
:104C2000294601F04BFA50B1A16911B9A56130468E
:104C3000F8BD206A2A4601F041FA0028F6D1002684
:104C40003046F8BD94F8333043F0400384F83330F5
:104C5000ECE700BF90F833309A0736D5C16970B5DC
:104C60000546A1B90024214607E0037803F07F033D
:104C7000037095F830308B4229D301222846FFF784
:104C800043FB0134E1B20028EFD1002070BD5B0688
:104C9000006A34D5D5E9022490F845340933013A45
:104CA000DBB244F1FF34C3F1200CDA4004FA0CFC0F
:104CB000203B24FA03F342EA0C021A430132002398
:104CC00001F0FEF80028CDD1DFE7002070472C6A04
:104CD000002385F8313085F833302046FFF73CF962
:104CE0000028D2D004F50470FFF736F90028CCD0A4
:104CF000D4F840040368BDE870401B6A184701F00F
:104D0000FDF90028AED1C0E790F83130DB0601D4C0
:104D10000020704710B5002288B000230446FFF73A
:104D200093FC08E020281BD19DF900309DF800205D
:104D3000002B15DB32B1202269462046FFF798FB95
:104D40000028EFD194F83330082243F0020384F8AE
:104D5000312084F833302046FFF77CFF08B010BDC7
:104D6000002008B010BD00BF2DE9F0414FF0000851
:104D7000494F82B006464446414600223046FFF77E
:104D8000C3FA054630B10078C02867D0C1282BD0BF
:104D9000852809D096F8323043F00103002086F8C8
:104DA000323002B0BDE8F08196F8313003F03703BD
:104DB000AB803B6883B10DF103020DF1060101A840
:104DC0009847BDF80630AB812B82BDF80430EB81EB
:104DD0006B829DF803306B75326A92F8103243F0A3
:104DE000010382F8103228780146002202E01F2ACF
:104DF0000FD8A95CE30343EA540311FA83F3012AB1
:104E00009CB202F10102F2D1852814BF02220422D1
:104E1000EFE796F8303008F101085FFA88F18B422D
:104E2000ABD2306A012206F1240101F0C9F8002852
:104E3000B0D0356A44802846FFF78EF80028A9D004
:104E400005F50470FFF788F80028A3D0D5F84004D2
:104E500003681B6A98470028A3D19BE796F8333074
:104E600013F0400F6B7814BF43F0020303F0FD030F
:104E70006B70D6E90401F369326A6B61C5E902011E
:104E8000D6E90201C5E9060192F8103243F00103A8
:104E900082F810322878A7E78C1DFF1F38B590F8EC
:104EA000313043B390F9332090F83330002A044670
:104EB0000CDB056A2846FFF74FF878B994F83230D2
:104EC00043F0010384F83230002038BD03F07F0343
:104ED00080F83330BDE83840FFF746BF05F5047071
:104EE000FFF73AF80028E9D0D5F8400403681B6AB8
:104EF00098470028E2D0012038BD00BF70B590F877
:104F000031305A0605464CD480682B6AD3F83C34BD
:104F10001844B0F1806F01D3002070BD2846FFF720
:104F20004FFE0028F8D0286AAE6990F84524D0F8E2
:104F30002C34023E96401E4400243119052200F50F
:104F40000470FFF735F801344FF400720021002897
:104F5000E2D00EF069FF286A90F8452401239340BF
:104F60009C42EAD395F831305B0615D495F833307E
:104F7000AA6863F07F0385F83330D0F83C142B69BE
:104F8000E8685218AA606A6940F100005B1842F1B3
:104F90000002C5E90432E8602846BDE87040FFF72A
:104FA0007DBF006A01F0AEF9AFE700BF30B504463F
:104FB00090F831009DB0002510F0180F0C951A954F
:104FC00003D00B6A206A984202D000201DB030BD89
:104FD00040F601236846FFF771FD0028F5D0342222
:104FE00021460EA808F010F909AA07CA04F1240303
:104FF00083E8070094F833309DF830C084F830C05F
:1050000063F07F03204684F83330FFF747FF002822
:10501000DBD0022208230EA815958DF86B208DF8A1
:105020006930FFF717FED1E738B591F8313013F04A
:10503000500F02D10025284638BD40F60223044611
:10504000FFF772FB0028F5D0102384F8313020469A
:10505000FFF754FF05460028ECD0A369E361002266
:1050600000232046FFF7F0FA94F83130C12284F88B
:105070003320002BDFD0412384F833302046BDE8B5
:105080003840FFF771BE00BFF0B5044697B01F4629
:1050900094F8313001920020ADF8140014907BBBDD
:1050A00091F8313013F0500F0D4629D013782F2B83
:1050B000114619D127E0019E3678002E31D0FFF736
:1050C00033FB034602AA294620461BB9C7B1FFF7A6
:1050D000ABFFA8B12146342208A808F095F8204675
:1050E000FFF730F9019908AD01AB02AA2046FFF79E
:1050F0006BF90646002302AA29462046002EDAD183
:10510000002017B0F0BD013101910B782F2BFAD0A0
:10511000296A08A8FFF744F90028F1D0019908ADE1
:10512000E2E702AAFFF780FF17B0F0BD2DE9F04FCC
:1051300090F8314083B024079DF830709DF834908A
:105140009DF838A09DF83C8057D5A2F2BC7294B26D
:105150007F2C52D85A1E0B2A01934ED87A1E1E2A33
:105160004BD8B9F1170F48D8BAF13B0F45D8B8F171
:105170003B0F42D805460E46FFF790FE00283CD074
:10518000019B47EA431747EA44244FEA580747EA96
:105190004A1747EAC9274FF0000A18F00108A4B2DD
:1051A000BFB218BF4FF06408D346514606F001095C
:1051B00000222846FFF7A8F8F8B10178852946D0E3
:1051C00001F14003DBB2012B17D88C46002203E02B
:1051D0001F2A16D810F802C04FEACB3343EA5B030C
:1051E0001CFA83F3012A1FFA83FB02F10102EFD1BB
:1051F000852914BF02220422ECE7002003B0BDE899
:10520000F08F95F830300AF1010A5FFA8AF18B428B
:10521000CED2286A012205F1240100F0D1FE002837
:10522000EBD02C6AA0F802B02046FEF795FE0028CD
:10523000E3D004F50470FEF78FFE0028DDD0D4F82B
:10524000400403681B6A03B0BDE8F04F184795F8A7
:1052500031302A6A03F03703838092F8103243F02A
:10526000010382F81032B9F1000F01D007824482A5
:10527000B20703D580F81480078144817307017851
:1052800042BF80F815808781C4819EE790F8333053
:105290009A0762D570B5C56982B00446A5B313F00C
:1052A000400634D0006AA26890F845C4E1680CF169
:1052B000090C5FFA8CFC013A41F1FF31CCF1200E70
:1052C00022FA0CF201FA0EFEACF1200C21FA0CFCD1
:1052D00042EA0E02A16942EA0C02013219B3013D11
:1052E0006D1A01312A44019172BBD4E9000163F0C7
:1052F0007F03C4E90201C4E9040184F83330204685
:10530000FFF7CCFD02B070BD012002B070BD816915
:1053100061B90195C161206A294600F0EFFEC8B16C
:1053200094F83330E1E70195E161DDE7006A019629
:1053300001AA00F0A3FE00280CDB10D1019D002D76
:10534000E9D194F83330D0E70199002300F0B8FD9B
:105350000028E5D1002002B070BD00207047A1698F
:10536000206A4FF0FF3200F0A9FE0028E6D1F1E7F5
:105370002DE9F04790F833309D07044640F1A380B3
:1053800092461A070E4600F19780BAF1000F00F01E
:10539000278123685546206AA169D0F8382402EA9B
:1053A0000309C9F30808B9F1000F40F095800029FE
:1053B00000F0D48094F833305B0640F1EC80D4E9FF
:1053C000023290F845C40CF1090C013B5FFA8CFCE9
:1053D00042F1FF32CCF1200E23FA0CF302FA0EFE5A
:1053E000ACF1200C22FA0CFC43EA0E03E26943EA1A
:1053F0000C031344994280F0D5800131A16190F8EB
:105400004524D0F82C34023991401944B5F5007F79
:10541000C0F08D80B5F5806FC0F0A6800123934069
:10542000A3EB09036A0A934228BF1346D0F81C2253
:105430008A424FEA43290AD303EB010C624506D2A4
:10544000002280F810224FF0FF32C0F81C22D0F862
:1054500014020268D2F828803246C04798B34B46FF
:10546000D4E900125B182169606942F10002994297
:105470009041C4E900324E44A5EB090507D294F8E7
:105480003310236161F07F0184F833106261002DD5
:1054900081D1D4E9020198429141C0F09480524BED
:1054A0001B68002B00F09A8094F8333063F07F0380
:1054B000504684F833300DE0D0E90423FFF7C4F8F8
:1054C00000287FF462AF94F8323043F001030020EB
:1054D00084F83230BDE8F08790F84524D0F82C34B9
:1054E00002394FEA5929914049441944B8F1000F53
:1054F0008CD0C8F50079A9454FF0010200F5047081
:1055000028BFA946FEF754FD0028DCD040444A4697
:105510003146C84407F078FEB8F5007F206A9ED176
:1055200000F50470FEF718FD002898D1CBE722683B
:1055300027696369BA42626872EB030312D20122DF
:1055400000F50470FEF734FD0028BCD02A46314631
:10555000404407F059FEA9462B4681E7E16949B36B
:10556000A1614CE70522EBE7D0F81C328B4206D153
:10557000002380F810324FF0FF33C0F81C32D0F80F
:105580001402036832465B6A984700289BD04FF4A8
:105590000073994664E704F1180200F06FFD0028DB
:1055A00091DB04D12046FFF70BFB00288BD0A169CB
:1055B000206A24E72046FFF703FB002883D0A16977
:1055C000206AE1611BE794F83310A36061F07F0368
:1055D00084F83330E2605046BDE8F087504679E702
:1055E000D4E9003255E700BF8C1DFF1F69B170B5CB
:1055F000054608460C460FF0A3FA2B6802462146E2
:1056000028465B68BDE87040184770478368C3F35D
:1056100008038BB110B400210269D1540133B3F5F2
:10562000007FF9D1C36802691C680168646A184682
:1056300023465DF8044B18470120704783680269D0
:10564000C3F3080340F2FF1CD154426801EB72011E
:105650008268416001326345826001D00120704759
:10566000C368016810B41C68646A4A1C026002695D
:10567000184623465DF8044B184700BF38B58368C9
:105680000446C3F308030069CAB2C2540D466168F8
:1056900002EB7102A168626040F2FF120131934295
:1056A000A16005D0290A2046BDE83840FFF7C6BFF3
:1056B000E068216803684A1C5B6A22602269984797
:1056C0000028EFD138BD00BFF8B50025C0E90015AE
:1056D00006468560A8B2FEF7BBFDA842044607D087
:1056E000C1B23046FFF7AAFF00283BD10020F8BD29
:1056F0006C1CB4F5803F04D12AE00134B4F5803F3E
:1057000004D0A0B2FEF7A4FDA042F6D0671BB7F507
:10571000007F1DD34FF6FF713046FFF7AFFF002823
:10572000E4D0B9B23046FFF7A9FF0028DED0254605
:10573000B5F5803FCED13046BDE8F840FFF766BFF3
:10574000C5F307213046FFF779FF01350028CDD09A
:10575000A542E9B23046EBD2FFF770FF0028EFD147
:105760000020F8BDC4F307213046FFF767FF00288B
:10577000BCD00135DCE700BF2DE9F04F0F4689B002
:10578000096804901546CA69C7600561384698469D
:105790009047B0F5801FC0F0C2800646002301226A
:1057A0000133DBB2202B4FEA420200F0C380964265
:1057B000F6D81C2B00F2BE801A2B4FF0080A00F21C
:1057C0003B824FF4804301934FF4004303934FF423
:1057D000807307934FF40053CDF808A00693039B02
:1057E0000298019CF31AC34003FA00F94FF40072C7
:1057F0000021284605930EF017FBFF2385F8C431DE
:1058000085F8C531072385F8C231A144FE230194F0
:10581000C5F8C641012485F8BF4185F8C04185F827
:10582000C3313B68C5F8CA914AF6552B5B6AA5F8A7
:10583000FEB12A46002138469847002860D04FF430
:105840000072002128460EF0EFFA019B2B64AB6535
:10585000059BEB6520232B726B72AB72EB232B70D5
:1058600076236B709023AB704523EB7058232B711C
:1058700046236B714123AB715423EB7104232B66D8
:105880004FF48073A5F868300923069A85F86C30C8
:1058900080236E662A656A65C5F848904FF4C37226
:1058A00085F86DA085F86E4085F86F30F42105F11C
:1058B00078000EF0B9FA0026A5F8FEB16A1E00E0E5
:1058C0000134A4F16B03012BFAD9712CF8D0135DCC
:1058D000B4F5007F03EB7606F2D13B68DDF8049067
:1058E0005B6A2A4649463846984748B13B68CDF836
:1058F000049049465B6A2A460C313846984780BB7B
:10590000B8F1000F06D0D8F80030B7495B680F2215
:10591000404698470024204609B0BDE8F08FB8F112
:10592000000FF7D0D8F80030B0495B681522404628
:105930009847E8E7A3F10B0A4FEA6A0101228A407F
:105940000291CAF3470A079201335B1001229A4081
:10595000069204229A400392022202FA03F3019370
:105960003DE72246002128460EF05EFA4AF655230E
:10597000A5F8FE31019B03F1090203F1010A05F2CA
:10598000FF19002393462C4601E014F8013FA1457E
:1059900003EB7606F9D13B682A465B6A51463846E6
:1059A00098470028ACD03B682A465B6A0AF10C0194
:1059B000384698470028A3D00AF101039B4502D03E
:1059C0009A462B78DFE74FF40072002128469B4669
:1059D0000EF02AFA00220AF1030A11462B4601E0D2
:1059E00013F8011F9C4201EB7606F9D13B682A4669
:1059F0005B6A594638469847002881D03B682A465A
:105A00005B6A0BF10C013846984700283FF478AFE9
:105A10000BF101018A4564D12B1F05F5FE7243F895
:105A2000046F9A42FBD13B682A465B6A3846984726
:105A300000283FF465AF3B680BF10D015B6A2A4615
:105A40003846984700283FF45BAFB8F1000F06D006
:105A5000D8F8003066495B680C2240469847019AA6
:105A6000069BDFF89CB113449946059B4FF40072E6
:105A7000002128469E000EF0D7F92846F82306F2AA
:105A8000072600F8013B1322FF214FEA562A0EF0A9
:105A9000CBF9B60B002402E00134A24524D0B4FBBC
:105AA000F6F306FB13434BB90122B8F1000F05D002
:105AB000D8F8003059465B68404698473B6809EB88
:105AC00004015B6A2A463846984700283FF418AF1D
:105AD000002CE1D121464FF4007228460EF0A4F9C3
:105AE000DAE78B46297879E7B8F1000F2BD0D8F8A0
:105AF000003040495B68022240469847059C079A5F
:105B00000734E40804F2FF13B2EB532F4FEA532992
:105B1000FFF4F9AE4FF40072002128460EF084F92C
:105B200007232B70002604E006B92E700136B1451C
:105B300016D9039A3B68B1185B6A2A4638469847DB
:105B40000028F1D1DCE6059C079A0734E40804F24A
:105B5000FF13B2EB532F4FEA5329FFF4DBAED9E723
:105B6000B8F1000F77D0D8F8003023495B681622CF
:105B700040469847039B079A04989918FFF7A4FD9D
:105B800000283FF4C0AE029A4FF400739340049A89
:105B900092689A423FF6B7AE18494046FFF726FD95
:105BA000029B4FF0020909FA03F6039B4FF40072BF
:105BB000002128461E440EF037F98122032385F880
:105BC00020200499C5F8349082222B7085F840205B
:105BD0004A686A646B658B68AB650023013EAC6301
:105BE000EB654FF0010912E068120500081205008C
:105BF000201205004412050030120500481205006D
:105C0000ECCE0400079B99451CD209F101093B68C1
:105C100006EB09015B6A2A46384698470446002885
:105C20003FF46EAEB9F1010FECD14FF400720021D8
:105C300028460EF0F9F8E8E74FF480720792CDF8A5
:105C400008A081E6B8F1000F3FF465AE0B4940466D
:105C5000FFF7CCFC5FE6039B079A04989918FFF7BF
:105C600033FD00283FF456AE029A4FF40073934080
:105C7000049A92689A4293D94CE600BF58120500E4
:105C80002DE9F0410C46154601F11E08AB8934F8A8
:105C9000027F28461BB96A68AB689A420ED0FEF7AD
:105CA000C5F9FEF7D5FA06463846FEF7D1FA864220
:105CB00009D14445EAD10120BDE8F081B7FA87F067
:105CC0004009BDE8F0810020BDE8F0812DE9F04FEA
:105CD00090F8313083B08846002B4FD090F83030A8
:105CE000012B074652D9013ADFF8A4B00B464FF01A
:105CF000020A8E1800240022514638460193FEF70E
:105D000003FB00283AD00278C12A37D1019B05460F
:105D100000F11E0935F8020F24B300F5105292B2BB
:105D2000B2F5806F2AD20BEA8424C0F30900204325
:105D300000F5803019463246FEF7EEF90346E8B129
:105D400000244D45E6D197F830200AF1010A5FFAA8
:105D50008AFA5245CFD2A3EB08009846002388F870
:105D600000300EE000F5205292B2B2F5006F02D37F
:105D70000028DFD1EFE7B2F5806F05D3002088F867
:105D8000000003B0BDE8F08F0446DAE70020E5E745
:105D900000FC0F0070B50C460A68626000231946CB
:105DA000A38123611E464FF6FF7517E0FEF73EF90B
:105DB000A84222D0FEF74CFAF30343EA560353FA03
:105DC00080F399B22269C3F34E0343EAC133000A58
:105DD00010FA83F30132A18922619EB22046002984
:105DE000E4D16268A3689A42E0D12069A6820138B2
:105DF000FE288CBF0020012070BD002070BD00BFB8
:105E00002DE9F84F074691468A46002942D0D7F837
:105E10003034A1F10208434542D908F007030125B7
:105E20009D40C8F3C80BEDB246464446D7F82C1443
:105E3000002201EB14313846FEF7BAF8E8B10BF155
:105E4000FF3B834400F2FF101BF8011F0AE04A45A4
:105E50002BD0A04510D0D7F83054A54214D913F058
:105E6000FF050CD0013429424FEA4503A4EB06029A
:105E7000EDD0A0452646EED10120BDE8F88F58456B
:105E80004FF00105E0D101E00026344601254FF036
:105E9000000BCBE7D0F82084D7F830344345BCD88A
:105EA0004FF000080125C346BEE7BAF1000F04D148
:105EB000B9F1010F08BFC7F82064B01CBDE8F88F26
:105EC0002DE9F843154698468A1ED0F8303451190A
:105ED00099423AD80646B8F1000F39D1D0F82034AB
:105EE000934288BFC0F82024D6F82C7402F0070330
:105EF00001249C4007EB1231C2F3C809E4B201222D
:105F000030468F18FEF754F8F8B109F1FF3E864489
:105F100000F2FF101EF801CF1CEA040F14BF01228B
:105F2000002242458CEA040C4FEA44040DD0013DA6
:105F30008EF800C018D014F0FF04EDD17045A146D2
:105F40004FF00104E6D13946D9E70020BDE8F883D7
:105F5000D0F820049042C7D38142C5D9994228BFC6
:105F60000021C6F82014BFE70120BDE8F88300BF78
:105F7000F8B5D0F8303401338B4201D20020F8BD9F
:105F800007460C4600F50476002506E0D7F83034C5
:105F90000133A34205F10105F0D3D7F82414002200
:105FA00001EBD4113046FEF703F8A400C4F3080453
:105FB0000028E3D00459631CE8D1681CF8BD00BF79
:105FC00038B50C460B6890F845C4D0F838146568AD
:105FD000023B294003FA0CF303EB5123D0F82C14B5
:105FE00000F504701944FDF7E3FF18B16368C3F3CB
:105FF0000803184438BD00BF2DE9F843D0F8383401
:106000000C4649680B401144616090F845141344F4
:1060100001F10902D2B2D3402BB380465D1E00F5D8
:10602000047905E02368013D03F1010323601AD3DD
:10603000267A002EF6D1D8F83034276801339F42F3
:106040003246484612D8D8F8241401EBD711FDF790
:10605000AFFFBF00C7F3080740B1C3595A1C09D0AE
:10606000013D2360E4D20120BDE8F8834FF0FF300A
:10607000BDE8F8833046BDE8F88300BF38B5D0F8F6
:10608000303401338B4202D24FF0FF3038BD0C4622
:10609000D0F82414154601EBD411002200F5047049
:1060A000FDF786FF0028EFD0A400C4F308040359CD
:1060B0005A1C1ABF2B600120002038BD01291BD9B2
:1060C00038B5D0F8303401338B420C4601D2002071
:1060D00038BDD0F82414154601EBD411012200F587
:1060E0000470FDF765FF03460028F0D0A400C4F358
:1060F000080401201D5138BD00207047D0F830340D
:106100000133994201D9002070472DE9F04F05462F
:1061100081B00C4600F504790F464FF00008D5F821
:106120002414002201EBD4114846FDF741FFE30996
:1061300098B14FEA840BCBF3080B50F80B20511C9D
:1061400016BF16464FF0000A4FF0010A012C04D981
:10615000D5F830240132944203D9002001B0BDE8C3
:10616000F08FD5F82414012219444846FDF720FF8A
:106170000028F2D040F80B80BAF1000F12D00134A1
:10618000B44208D00023E21B39462846FFF798FEA8
:106190000028E2D03746D5F830340133B342DCD39F
:1061A0003446BCE7621C5346D21B3946284601B030
:1061B000BDE8F04FFFF784BE2DE9F843D0F82C146A
:1061C0000025064600F504782C46002240464F1C68
:1061D000FDF7EEFEB0B100F1FF3E04F58059D6F8B0
:1061E000300405E081B9083484420AD24C4517D006
:1061F0001EF8011FFF29F5D10834844205F1080576
:10620000F4D3401BBDE8F8830822012319424FEA6A
:10621000430C18BF0135013A5FFA8CF3F6D1E2E77F
:106220003946D2E7F8B5044600234FF0FF3004F5B5
:106230000477C4F840146160E060C4F81412C4F834
:106240001C02154684F84434237084F810321A4630
:1062500019463846FDF7ACFE042D0CD8064650B161
:106260005DB927490522F01C0DF0DAFE18B996F841
:106270006C30092B19D00020F8BD6B1E00EB031306
:1062800093F8BE2112F07F02F5D193F8C231002BB2
:10629000F1D000EB05163846D6F8B6512946FDF781
:1062A00087FE06460028DCD1E5E7336D2B44C4F8B1
:1062B0002434736DC4F82834B36D2B44C4F82C34E3
:1062C000F36DC4F83034336EC4F8343496F86D206E
:1062D00084F84524012502F1090305FA03F3C4F803
:1062E0003C34013BC4F83834C4F8200401462A4643
:1062F0002046FFF785FD402384F844342846F8BD46
:106300007812050010B50446D0F83414FFF730FEBB
:1063100094F845340933DBB2984010BD70B590F95C
:106320000230002B82B004460DDBA56805F1280081
:10633000FDF712FE00283BD1637843F001030020F3
:10634000637002B070BD8068A16901222830FDF73A
:106350002FFE0028F0D0A58805F00F056B0100EB9B
:106360004515C35CE52BE7D02378184A1B0744BFCB
:10637000E369EB61236A16686B831A0CAA8266B123
:106380000DF103020DF1060101A8B047BDF804307C
:10639000BDF806202B836B82EA82A378A56803F000
:1063A0007F03A37005F12800FDF7D6FD0028C3D0B8
:1063B00005F50E70FDF7D0FD0028BDD028680368F4
:1063C0001B6A98470028B7D0BBE700BF8C1DFF1F92
:1063D000024638B552F8105F04462946806802F03C
:1063E00081F850B155B123690135AB42A37818BF8C
:1063F00003F0BF0363F07F03A37038BDA37843F0BD
:106400004003F7E7F8B5047814F0200404D11A4BE0
:1064100042699A42054602D300273846F8BDFFF785
:10642000D7FF07460028F7D0A8682E69827941690E
:10643000023E96400E440179A9B1214606E00DF0D6
:10644000F3FCA8680279E1B28A420BD931440522F3
:106450002830FDF7ADFD01344FF400720021002813
:10646000EDD1D9E7827969694FF40073934011FA4D
:1064700083F36B613846F8BD00FE1F0010B504467B
:1064800080680A462830A169FDF792FD20B1A388F3
:1064900003F00F0300EB431010BD00BF10B50378ED
:1064A00004462BB1FFF73AFF00232370A37010BD01
:1064B00000232370A370012010BD00BF38B50378FE
:1064C00004460D4613B1FFF729FF88B1A068A16902
:1064D00000222830FDF76CFD50B1A38803F00F03B4
:1064E00000EB43112022284606F08EFE012038BD25
:1064F000002038BD30B589B00D4669461446FFF717
:10650000DDFF28B1BDF81020BDF80E302A802380B1
:1065100009B030BD30B589B00D4669461446FFF765
:10652000CDFF28B1BDF81820BDF816302A80238091
:1065300009B030BD0B7813F0700F01D10020704707
:10654000F0B540F6022389B00D46044601F072F81A
:1065500038B101221023A27023702046FFF752FFAA
:1065600010B9002009B0F0BD2378226922626BB116
:10657000636933B1A378002223F0200322616261B2
:10658000A3702046FFF7CAFE0028EAD0A068A169E0
:1065900001222830FDF70CFD0028E2D0A38803F08B
:1065A0000F0300EB43111022CA726846202206F046
:1065B0002BFE0A2220210DF101000DF035FCA06810
:1065C000216A8379023999404369012219442830AC
:1065D000FDF7EEFC06460028C3D02E272022694690
:1065E0008DF8007006F010FE2B6A8DF801701A0C01
:1065F000ADF81420694606F120002022ADF81A30CB
:1066000006F002FEA46804F12800FDF7A5FC0028AE
:10661000A7D004F50E70FDF79FFC0028A1D02068DC
:1066200003681B6A09B0BDE8F04018472DE9F04146
:10663000044694B09846237801920020ADF81400E7
:106640000B90002B40D10B7813F0700F0D463BD010
:1066500013782F2B16463BD0002728E0019E367872
:10666000002E50D000F0E6FF034602AA294620463D
:106670002BB9B8F1000F27D0FFF75CFF20B3A64677
:10668000BEE80F000DF12C0CACE80F00BEE80F00C7
:10669000ACE80F002378DEF80020CCF8002020467C
:1066A0000BB1FFF73BFE019E2770A7700BAD314683
:1066B00001AB02AA204601F005F9064602AA2946C6
:1066C00000232046002EC9D1002014B0BDE8F0817F
:1066D0000136019633782F2BFAD0AD6824220021A1
:1066E0000BA80DF0A1FB0D95EB79102B03D0202BFF
:1066F0000FD00C2BE8D120238DF82C3001238DF8FE
:106700002E300BADA8E702AAFFF714FF14B0BDE8C6
:10671000F0814023F0E700BF2DE9F041044694B03A
:1067200098462378019200200290ADF83800002BA3
:1067300036D10B7813F0700F0E4631D013782F2B13
:10674000154631D000271EE0019D2D78002D40D048
:1067500000F070FFA6460DF1080C08B3BEE80F006C
:106760006646ACE80F00BEE80F00ACE80F002578E5
:10677000DEF80030CCF8003020460DB1FFF7CEFD3A
:10678000019D2770A770294601AB0BAA204601F096
:1067900099F805460BAA314600232046002DD3D197
:1067A000002014B0BDE8F0810135019529782F292A
:1067B000FAD0A9B9B568242220460DF035FBA560B2
:1067C000EB79102B03D0202B22D00C2BE8D12023E7
:1067D0001FE043460BAA00F02DFF14B0BDE8F08186
:1067E000B6682422002102A80DF01EFB0496F3795E
:1067F000102B03D0202B03D00C2BD1D1202300E071
:1068000040238DF8083001238DF80A3002AE99E755
:10681000402301202370A070C3E700BF19B101F528
:106820008961FFF779BF0846704700BFCB6870B534
:106830000D46044693B906780EB1184670BD8D68B2
:10684000242231460DF0F0FAA560EB79102B19D017
:10685000202B11D00C2B15D0304670BD24220021E6
:106860000DF0E2FA012310222270A370A968EA68F1
:106870002262A160184670BD402201232270A370DD
:10688000184670BD2022F8E770B504780CB10020DE
:1068900070BD05460E46242221460DF0C5FAAE60B5
:1068A000F379102B0BD0202B03D00C2B07D02046D4
:1068B00070BD402301242B70AC70204670BD202396
:1068C000F8E700BF2DE9F04F2DED028B8378DF074D
:1068D00083B0054640F18D80884601780E079246C8
:1068E00000F192808C0608D583685A894369C3EB0E
:1068F00042139BB29A4528BF9A46BAF1000F00F0A6
:10690000B0806A69AF6805F11003880608EE103A96
:1069100056464FF00009C2F3080B3DD5396A01EB2A
:106920005221BBF1000F51D1B6F5007F4ED37A6BE7
:1069300091424BD0B6F5806F6FD3287880064FEA2E
:10694000562305D43879A0EB0900834228BF0346BB
:1069500091424FEA43240CD8C818824209D207F169
:106960002800CDE90013FDF7F7FADDE90013002850
:106970003FD0F86A026857694246B847002838D0C5
:106980006A69361B2244A0446A616AD02978AF68DC
:106990008806C2F3080BC1D497F8059009EA52297A
:1069A000BBF1000F37D1B9F1000F34D1002A3ED12D
:1069B0004A064CBF3A6A2A6A2A61B9797869023A6A
:1069C0008A4048441118BBF1000FADD0CBF50074DC
:1069D000B4424FF0000207F1280028BF3446FDF70B
:1069E000E7FA30B100EB0B012246404606F00CFC02
:1069F000C6E76B784FF0FF3043F002036B7003B0D3
:106A0000BDEC028BBDE8F08FC36942699B1A9A45C1
:106A100028BF9A4671E72A69CFE7F86A03684246B9
:106A20001B6998470028E4D04FF40074A8E70B07CF
:106A300005D5AA78540602D52A690132BCE729692E
:106A400018EE102A384601F099FD0028D1DB02D05B
:106A5000AF682A69B1E72B7813F0700FC9D0AAEBA1
:106A6000060A504603B0BDEC028BBDE8F08F00BFB4
:106A700070B582B001220DF107010446466905692F
:106A8000FFF720FF012808BF9DF80700666118BFC7
:106A90004FF0FF30256102B070BD00BF30B54369D3
:106AA00013F4F07F83B00446C3F3431500D089B9D3
:106AB00001220DF107012046FFF704FF40B2012833
:106AC0000BD163691F336361A068383000EB451058
:106AD00003B030BD20334361F6E7002003B030BD82
:106AE000F0B503789BB0002613F0180F08961196A6
:106AF00006D0836817468A689A4204460D4602D03B
:106B000000201BB0F0BDFFF709FCA646BEE80F0051
:106B10000DF1440CACE80F00BEE80F00ACE80F002C
:106B2000DEF80030CCF80030A368A16903F128003A
:106B30003246FDF73DFA0028E2D0A18801F00F01AE
:106B400000EB41112022684606F05EFB237813F02B
:106B500008033A46294677D108A8FFF767FD0028C1
:106B6000CED0109EBDF82430A068A3809DF82330BD
:106B70000E99E3700B9BA16100272830E36001228E
:106B80008DF820708DF82270FDF712FA0028B7D02A
:106B9000A38803F00F0300EB431513220DF10D0141
:106BA00005F10D0006F030FB9DF80B30EB724EB393
:106BB000A0688179B31E8B4041693A461944283058
:106BC000FDF7F6F900289BD000F12001202268464D
:106BD00006F01AFBA068314601F0F2FC00288FD0C5
:106BE000A068236A82794169023B934019442830A6
:106BF0000122FDF7DDF9002882D0202269461044E9
:106C000006F002FB00210222082311A819918DF839
:106C100046208DF8443000F0BBFE00283FF470AFF2
:106C2000A46804F12800FDF797F900283FF468AF45
:106C300004F50E70FDF790F900283FF461AF20686D
:106C400003681B6A98475CE740F6012308A8FFF732
:106C500063FD002886D153E70378DA0601D40020CB
:106C6000704730B5436983B0044633B1837800225E
:106C700023F0200302614261837000230FE063610F
:106C8000A3686A01383303EB45159B5CEBB1E52B38
:106C900004D02E2B02D0EB7A1B0722D5636913F4A4
:106CA000F07FC3F3431503F12003E8D101220DF176
:106CB00007012046FFF706FE40B2012803D16369B1
:106CC0001F336361DCE763785BB9A378082243F084
:106CD000020320462270A37003B0BDE8304000F0EC
:106CE00057BE002003B030BD2DE9F041037807699D
:106CF0000446002B3AD00D464169A94243D0002DED
:106D000038D018072BD5E269AA422FD3D4F808C08F
:106D1000A2789CF806000930C0B26E1E12F0400F37
:106D200026FA00F632D14A1EC240964201D300290B
:106D300030D15B064CBFDCF82030236A236104F1BC
:106D4000100807E02169A06801F018FC002806F18E
:106D5000FF360BDD4246002EF4D1A2780CE09A06F5
:106D6000D4D5A3685B89B5EB431FF6D92761002012
:106D7000BDE8F0818278056122F02002A270656191
:106D80000120BDE8F0810120BDE8F081236A334491
:106D90002361F1E7B61AD2E72DE9F041884615469E
:106DA0000021242204461F469DF818600DF03CF88F
:106DB000D8F80800D8F82030A58000F1380205F096
:106DC0000F0502EB4512E360A060D17A0D0712D4E3
:106DD00001F017012170D37AE67013F0180F08BF85
:106DE00041F0080107F0030308BF2170012B33D0E5
:106DF000022B05D0DBB100202070A070BDE8F0812F
:106E000003232178CD06F6D4CE07F4D407F0080189
:106E10000B43A370958A518B41EA0541456BA561EF
:106E20007D0511D509BB63F07F03A3700FE07B05DF
:106E3000E1D407F0080343F00103A370416B938A88
:106E4000A161518B41EA03412162D369E3617E0470
:106E500004D40120BDE8F0810223D2E7E169204695
:106E6000FFF742FF0028F4D1C5E701F0A9FB002895
:106E7000C1D0A378D7E700BF0378002B3FD12DE91D
:106E8000F0470B7813F0700F84B00C462CD04B6990
:106E900013F01F0528D106469046A94601220DF1A0
:106EA0000F0120465F09C3F3431AFFF70BFD40B201
:106EB000012819D16369A2681F3302F1380C4FEA27
:106EC0004A1263611CF802200CEB4A1C62B12E2AA4
:106ED00008D0E52A06D09CF80B1011F0080010D05D
:106EE0000F2905D00025D9E7002004B0BDE8F087C0
:106EF0005106D3D59CF80D9002F01F05CEE7002077
:106F0000704775B10CF10A0101E01CF8012FC301B3
:106F100043EA500352FA83F36145D8B2F5D14845AC
:106F2000E2D100954346BAB221463046FFF734FF1E
:106F3000DBE700BF03780BB1FFF7F0B90120704722
:106F40002DE9F0470E46017882B009079DF82870B8
:106F50009DF82C809DF830909DF834A057D5A2F272
:106F6000BC7294B27F2C52D85A1E0B2A01934ED871
:106F70007A1E1E2A4BD8B8F1170F48D8B9F13B0F2B
:106F800045D8BAF13B0F42D80546FFF7C7F90028AC
:106F90003DD0A868A96928300122FDF709F800282A
:106FA00035D0AA88019B02F00F0247EA431343EA57
:106FB000442300EB42124FEA5A01F7079BB241EA21
:106FC000491141EAC82148BF5382B40789B208D5A4
:106FD0001AF0010A18BF4FF0640A82F80DA013825C
:106FE000D181AC68700744BF1383D18204F12800BB
:106FF000FCF7B2FF58B104F50E70FCF7ADFF30B1ED
:10700000206803681B6A02B0BDE8F04718470020FB
:1070100002B0BDE8F08700BF83789B0727D510B585
:10702000036A82B00446ABB1016911BB01930162EE
:10703000A068194601F0C4FAB0B1A378227861695A
:10704000E16163F07F03A37022B12046FFF766F988
:1070500002B010BD012002B010BD2169A0686FF020
:10706000704201F09DFA68B9002002B010BD002006
:10707000704700238068019301AA01F07FFA00287D
:10708000F2DBEAD1019B002BD7D0D1E72DE9F04705
:1070900083789C0705467BD588461907914600F101
:1070A000BD806B6913EB090272D2B9F1000F44D0B5
:1070B0004F464FF4007AA8682969447914EA5324AA
:1070C000C3F3080643D1002E73D100297ED0AA78DD
:1070D000520603D5EA699A4200F28F8005F1100248
:1070E00001F04CFA002853DB00F09180A868296970
:1070F00083790239994043691944B7F5007F4ED32B
:10710000B7F5806F66D303797A0A1B1B934228BFB9
:107110001346426B8A424FEA432402D35E18B242BE
:107120006ED3C06A0268966A4246B04780B36B6904
:107130003F1B2344A0446B61BDD1EA699A427DD2D2
:10714000AA78EB6162F07F03AB70484625E0827954
:1071500043690239914019442144002ECDD0C6F52F
:107160000074BC4228BF3C4601222830FCF720FFB7
:1071700070B1304422464146264406F045F8B6F543
:10718000007FA868D3D12830FCF7E6FE0028CED1D6
:107190006B7843F0010300206B70BDE8F0876A69EB
:1071A000EB69BA45544628BF3C469A4207D30522AC
:1071B000DBE782794369023991401944CFE7AB7824
:1071C00013F0200F14BF05220122CEE7296A61B314
:1071D00029618DE7436B8B4205D1002380F828306D
:1071E0004FF0FF334363C06A036842465B6A9847C7
:1071F0000028CDD04FF4007499E70131296177E779
:10720000002280F828204FF0FF32426389E72846A9
:10721000FFF7DEF800287FF469AFB9E7C169FFF72F
:1072200063FD00287FF43DAFB2E72846FFF7D0F8B2
:107230000028ADD02969A868296259E7054B1B6869
:107240002BB1AB7863F07F034846AB70A5E74846A7
:10725000A3E700BF8C1DFF1F2DE9F04F8DB08446C2
:10726000156801931446984606468946BCE80F0007
:1072700003AF0FC7BCE80F000FC7DCF800303B605E
:107280004FF0000E43466560A4F80CE0002B3FD0A1
:107290004FF0010AA9EB0A0189B2490103A8FFF7DF
:1072A00023FD50B3002103A8FFF7F8FB074620B3E6
:1072B00000250DE0FCF7BAFE80465846FCF7C8FFF3
:1072C00083464046FCF7C4FF834516D10D2D18D0E8
:1072D000EAB23946304600F0C9FEA389834601353B
:1072E0002046002BE6D16368A2689342E2D1BBFA44
:1072F0008BF040090DB0BDE8F08F00200DB0BDE867
:10730000F08F019B0AF1010A5FFA8AFA5345C1D254
:107310000120EFE72DE9F04F8DB0074616460191A9
:107320009A4602F1150402F120050FCF0DF10C0C65
:10733000ACE80F000FCFACE80F003B68CCF8003092
:107340004FF0000914F8012F4FEAC91343EA59031B
:1073500052FA83F3A5425FFA83F9F3D1336873607D
:107360004FF00008A6F80C80BAF1000F4BD00127AF
:10737000019BD91B89B2490103A8FFF7B5FC00287E
:1073800052D0002103A8FFF789FB00284CD0059AB2
:1073900092F8283043F0010382F828300F23574534
:1073A000C3724FF000030CBF47F040023A4603732C
:1073B0004FF00003027080F80D90438300F1010B41
:1073C0000124002506E0ABF8000001340135E4B2E9
:1073D0000BF1020BB08918B97268B3689A4216D0E3
:1073E0003046FCF723FE042DEBB2ECD90A2B02D871
:1073F000ABF80300E9E70D2CABF80500E5D1013748
:10740000FFB2BA45B4D201200DB0BDE8F08FB8F19B
:10741000000F06D008F101085FFA88F84FF6FF70F8
:10742000E1E74FF00108DEE700200DB0BDE8F08F86
:107430002DE9F843054650F8164BAE680B22202183
:107440000CF0F2FC23782E2B14BF0120002003D176
:1074500014F8013F2E2BFBD0721EA24209D913460D
:1074600002E09C421A4604D01A46013B11782E29AC
:10747000F7D1A6424FF0000E7CD907277146F1469E
:107480004FF0080823782E2B25D0222B25D07C2BDB
:1074900023D0A3F15B0CBCF1020F1ED9A3F12A0C7F
:1074A000BCF1050F51D9A3F13A0CBCF1050F5AD923
:1074B000A3F1210CBCF15D0F55D8B9422BD8A3F133
:1074C000610CBCF1190F46D8203B4EEA080EDBB226
:1074D0005FFA8EFE05E0A24231D0B9421BD80020EF
:1074E0005F2301F1010C294401348B755FFA8CF3A1
:1074F000062B98BF2B751946B442C3D3AB7D202B06
:1075000010D090B11EEA090F18BF4FF0020E85F897
:1075100015E0BDE8F8830A2F01D0A24218D2AB7D56
:10752000202B02D10020BDE8F8832B7D2B440120C5
:107530007E21312268759975DA75BDE8F883541C8F
:107540000A2708214FF01008D6E72D2BB5D0C4E745
:1075500014460020D0E7A3F1410CBCF1190F98BFED
:1075600049EA0809BDE703F0C003802BB5D1013417
:107570000020C1E7F146C1E72DE9F04FDFF8B0B0D8
:1075800091F8148083B00F4604464FF0620900253D
:107590004FF07E0A01F11606DBF800300193019BE3
:1075A000B8F1030F2B4428BF4FF003089DB208F138
:1075B0000403DBB205F00F02F918013B092ADBB224
:1075C00094BF3032373298458A754FEA1515F1D19C
:1075D00007EB0803002183F816A02046FFF784FB81
:1075E00001212046FFF75AFA03460B22304619467E
:1075F00093B193F800C0BCF1000F14D0DB7A1B07E5
:10760000EED40CF065FB0028EAD109F1FF3919F03E
:10761000FF09C1D1484603E06078B0FA80F0400924
:1076200003B0BDE8F08F012003B0BDE8F08F00BFCC
:107630005C1FFF1F2DE9F04F2DED028B0E468BB026
:10764000896803933378059113F0700F029052D03C
:10765000029B1B78002B4ED113699246974A0C333C
:10766000A2FB0323C3F387029AF81530069298070A
:107670004FF0000318BF571C194630461C460793AD
:1076800014BFFFB20127FFF72FFB0AF1160308EE24
:10769000103AA346A146A0460494756900213046DD
:1076A000C5F34F15FFF7FAF910B30378E52B28D08F
:1076B0003BB3BC4238BF00242E2B2CD0C27A0F2AF9
:1076C0002CD012F0080226D1B9F1000F40F0D3807F
:1076D00018EE101A0B220CF0FBFA0028DDD19AF8F4
:1076E000153013F0010300F0DD8001230493D4E78B
:1076F0007378002B3CD000200BB0BDEC028BBDE8B2
:10770000F08F002C08BFA846BC423CBF0134E4B255
:1077100073B3E52BD0D14FF00009BEE7B9F1000FEC
:1077200019D1069A03F01F0B5A45B6D113F0400940
:10773000B3D0437B07939146BBF1010FADD1691CD8
:107740004B4689B252463046FFF786FD002808BFF7
:107750004FF00009A1E70BF1FF3B5FFA8BFB5B45A4
:10776000D9D1437B079A9342E6D04FF0000994E7C2
:10777000039B9A05BFD503F00303013B012BBAD845
:10778000002C08BFA846BC4203D31CE0DCB2A742D1
:1077900019D000213046FFF781F9631C0028F5D18C
:1077A0007378002BA7D1BC420DD2059D05E02B7943
:1077B00004EB0314E4B2A74205D93046FEF722FEDB
:1077C0000028F4D197E7049B002B4DD17B1EDBB240
:1077D00008EB0305ADB25246294630460493FFF745
:1077E00099FD002887D069013046FFF77DFA00280F
:1077F00081D000213046FFF751F9044600283FF4BC
:107800007AAF202200210CF00FFB0B220AF11601A7
:10781000204605F0F9FC9AF81520049B02F01802A6
:107820002273274A1768002F41D00DF123020DF172
:10783000260109A8B847BDF824202282BDF82620D9
:10784000E281049B9DF823206273059991F828201A
:1078500042F0010281F8282000930298039B2A46F7
:107860003146FFF799FA47E751463046FFF784FE65
:107870000028ABD13FE7BBF1010F7FF43CAF00F133
:107880000A04194601E010F8011FD30143EA52032C
:1078900051FA83F3A042DAB2F5D1079B93427FF409
:1078A0002AAF4B46039A11053FF525AFD4E745F6BD
:1078B0002122228222836282C7E700BF4FECC44E9E
:1078C0008C1DFF1FF0B508460978202983B01446A7
:1078D0001E4603D110F8013F202BFBD02060037817
:1078E00033B32A4D002712E07F2B07F101073DD863
:1078F0003C2BD9B22CD8212925D92239C9B225FA55
:1079000001F1CA0721D42E2B0DD1037883B12F2B7F
:107910002FD0011D01AAFCF751FCB0B1019BB3F5BA
:10792000803FE1D302372761A0600378002BEED1BE
:107930002369013BFE2B08D83060204603B0BDE828
:10794000F040FFF775BD1F290ED8002003B0F0BD31
:107950005C29FAD004D97C29E5D1002003B0F0BD20
:107960003E390129F1D9DEE72E2BCED0202BCCD009
:10797000D9E72369013BFE2BE7D80346184613F8E5
:10798000012B202AFAD02F2AF8D0D5E701210005B3
:10799000F0B583788BB0002201929A0724D5016A52
:1079A000054619B1806800F00BFEE8B101212846B8
:1079B000FEF764FDC0B1421E00F10A0C002412F86B
:1079C000011FE30143EA540351FA83F39445DCB207
:1079D000F5D1E5270770AE6800232B70AB7006F178
:1079E0002800FCF7B9FA10B900200BB0F0BD06F57D
:1079F0000E70FCF7B1FA0028F6D0306803681B6AF5
:107A000098470028F0D0EB78002BEED0294601A84B
:107A1000FEF70CFF0028E7D0EB78002BE4D001261E
:107A200021E001A8FFF73AF8731CF1B25FFA83FC7A
:107A30009EB20028D8D0C37A0F2BD5D1027802F09D
:107A40001F038B42D0D1437BA342CDD10770A968DD
:107A500091F8283043F0010381F8283053060DD403
:107A6000EB786345C0D3A988891B89B2490101A875
:107A7000FFF73AF900210028D3D1B5E7AC6804F14B
:107A80002800FCF769FA0028AED004F50E70FCF768
:107A900063FA0028A8D0206803681B6A9847A4E707
:107AA0002DE9F843DDF82090A2B105460C46984632
:107AB000571801E0BC420DD02B68204649465E6A4B
:107AC000C0472146024628460134B0470028F1D17C
:107AD000BDE8F8830120BDE8F88300BF486810B511
:107AE0000C4630B10B894A8901339BB29A420B8113
:107AF00001D9206810BD036803495B6801229847DB
:107B000000232068238110BDECCE04002DE9F04F46
:107B1000054687B0406A8846924600214FF40072BD
:107B20000CF082F9286A28B103683B495B680C2293
:107B30009847286AEE696B6A03933368DFF8E4C0FC
:107B4000DF6AE96804904FEA5A124FF0000967456E
:107B5000ADF81620ADF8149001F101040AF1FF32DE
:107B600026D16AB301EB0A07DFF8BCA00AE0214680
:107B7000039A30460134D84700283ED0A7421ED091
:107B800033680498D3F824B00028F0D0BDF814303E
:107B9000BDF8162001339BB29A42ADF81430E6D8F6
:107BA000036851465B6801229847ADF81490DEE700
:107BB00003AB00932146194B3046B847E8B1286A19
:107BC00020B1036816495B68022298476B6AB8F1D6
:107BD000100F4FF0F8021A700CBF04200C20012384
:107BE000FF216A6AD15401339842FAD1E8696A6A7E
:107BF0000368E9685B6A984718B9002007B0BDE8D8
:107C0000F08FAB68E869E9686A6A194403685B6ADF
:107C1000984707B0BDE8F08F20120500DD7A030019
:107C200044120500A17A0300ECCE040070B5446A4A
:107C30004FF4007605463246002120460CF0F4F859
:107C40007623EB22637090232270A37008222021F8
:107C5000E01C0CF0E9F8A4F80B6095F82B30637386
:107C60000222F823298D227463752B69E361AA69C6
:107C700022624AF65523E181A4F8FE3170BD00BFAF
:107C800070B504464FF400720021406A0CF0CCF845
:107C9000656A2269216805F2BF10FCF7EDF9A36956
:107CA000226921681A4405F2C310013AFCF7E4F98D
:107CB00094F82A3085F8C231E06922690368C5F872
:107CC000C621A169626A5B6AC5F8CA114AF65521E4
:107CD000A5F8FE11BDE870400021184770B546694F
:107CE00090F82BE0456A4FF4807304464360A6F594
:107CF0008072B2FBFEF202F20110000AA0604000A6
:107D000000F1A10C9C450DD98033F21AB2FBFEF2B2
:107D100002F20111090A480000F1A10C6345F3D3F6
:107D2000A1606360A3EB0C0303F180012161A2F663
:107D3000F571B1F5704F4CD2213002FB0E0081334A
:107D4000B0F5803FE36034BF0423062384F82A3073
:107D50000123A06123852046FFF792FF08B9002088
:107D600070BD2046FFF762FFA1681F4BE9824FF408
:107D70000072A5F811202921802285F8242085F899
:107D800026100B22C5F82730202105F12B000CF01E
:107D90004BF84622412385F8362085F837305421A8
:107DA0003122362385F8381085F8392085F83A30A5
:107DB000E069626A036821695B6A98470028CED04F
:107DC0006268E36820461021BDE87040D21AFFF7D0
:107DD0009DBE206A0028C2D0036804495B68132254
:107DE0009847002070BD00BF87D6120080120500A2
:107DF000F8B5466990F82BC0456A4FF4005303610B
:107E0000A6F58041B1FBFCF101F181034FF4804202
:107E1000DB0942F2090E0446426083600EEB430028
:107E2000904240F2BB8002F50052B11AB1FBFCF166
:107E300001F18103DB090EEB430082424FEA430765
:107E4000F1D3A36062604FF6F473994240F29B80D5
:107E500001FB0C2CA2F50052D21B92B202F500538A
:107E600022854F4AE360ACF50053944594BF4FF030
:107E70000B0C4FF00C0CA36184F82AC02046FFF7CE
:107E8000FFFE08B90020F8BD2046FFF7CFFEA1682D
:107E9000444A454B696202202A6380212922E86214
:107EA00085F8401085F8422020210B22C5F8433088
:107EB00005F147000BF0B8FF4622412385F8522018
:107EC00085F8533054213322322385F8541085F835
:107ED000552085F85630E069626A036821695B6A5B
:107EE00098470028CED0E06921690368626A5B6A1E
:107EF000063198470028C5D04FF400720021606A0F
:107F00000BF092FFE069294BC5F8FC312169036849
:107F1000626A5B6A023198470028B3D0E069216940
:107F20000368626A5B6A083198470028AAD0204A31
:107F3000E0692A6002F1FF5202F500524FF0FF3370
:107F40002032C5F8E421C5F8E831C5F8EC312169E3
:107F50000368626A5B6A01319847002892D0E06941
:107F600021690368626A5B6A07319847002889D0F3
:107F7000A26894F82B30204603EB42022021BDE892
:107F8000F840FFF7C3BD206A00283FF47BAF0368C9
:107F900008495B68132298470020F8BD5F0052E74C
:107FA0000004FB000100060087D61200000055AA5D
:107FB000525261418012050038B504460868C5690F
:107FC0002362E16162620846A84700F2FF73DB0AA0
:107FD000062B6061236024D9102B13D80223B0F53F
:107FE000800F84F82B3020462ED2FFF777FE05460F
:107FF000206A05B320B1036819495B680D229847D0
:10800000284638BD202B23D9402B23D9802B23D9B8
:10801000B3F5806F22D9B3F5004F8CBF8023402386
:10802000DDE7206A20B103680E495B681422984797
:108030000025284638BD0028FAD003680A495B6845
:108040000F229847284638BDFFF7D2FE0546CFE7F6
:108050000423C4E70823C2E71023C0E72023BEE7B8
:10806000AC12050094120500BC120500042A04D8C5
:1080700001EB4202B2F8010070470A2A03D801EB73
:108080004202908870470C2A9ABF01EB4201C888CF
:1080900000207047F8B504780D467CB114F06004F8
:1080A000164607D0012A09D92F2200230A704B70E7
:1080B0000120F8BD2146FEF7E1F910B90020287033
:1080C000F8BD0346A446082711E0027B174203D0FF
:1080D0000EF1200E5FFA8EFE611CB142EED20CF161
:1080E000010CBCF10C0F05F804E0CCB210D0BCF1CF
:1080F000080F11D013F801EBAEF14102192AE4D9AF
:10810000BEF1200FE8D10CF1010CBCF10C0FEED147
:1081100000232B552046F8BD1A78202AF8D01027C6
:108120004FF02E0ED8E700BF2DE9F04F8BB003784B
:10813000002488460194002B55D0C3780646002BB6
:1081400057D0014601A89146FEF770FB00284AD09F
:10815000F078002843D009F1FF39C144C3464FF0FD
:10816000010AB188A1EB0A0189B2490101A8FEF711
:10817000BBFDC0B3002101A8FEF790FC98B3C27A02
:108180000F2A30D102785FFA8AF102F01F028A4288
:1081900029D1471C0025042DEAB23ED838886CBB93
:1081A00000F5205292B2B2F5006F3DD3A0B159460E
:1081B0004A46FBF7B1FF8346A8B1002401350D2DD7
:1081C00007F10207E7D10AF1010AF1785FFA8AF2B2
:1081D00091421FFA8AFAC4D2ABEB0800D8460023BA
:1081E00088F8003002E0002088F800000BB0BDE8FD
:1081F000F08FFFF74FFF0BB0BDE8F08F00F5105286
:1082000092B2B2F5806FEED20A4BC0F3090003EAD6
:108210008424204300F58030C9E70A2A94BFB7F8C8
:108220000300B7F80500BAE7B2F5806FDBD2044669
:10823000C4E700BF00FC0F00FFF776BF2DE9F8434D
:10824000DDE90898BBB105460C4616465F1802E00A
:10825000C847BC420FD02B6821461B6932462846CE
:10826000984703464246204631460134002BEFD161
:108270001846BDE8F88301231846BDE8F88300BF1F
:1082800010B41468B4F5807FA44628BF4FF4807CF6
:1082900001EB4C00814207D231F8023B13B953681D
:1082A000013353608842F7D8A4EB0C0414605DF8E6
:1082B000044B704710B41468802CA44628BF4FF0BC
:1082C000800C01EB8C00814207D251F8043B13B9BA
:1082D0005368013353608842F7D8A4EB0C04146050
:1082E0005DF8044B704700BF2DE9F843C379202B9C
:1082F00004460D46174653D0102B2AD00C2B4BD1D9
:10830000027A8369C1F34E0111FA85F1A2F10202EA
:108310008EB2B2FA82F2C1F3462101EB0308520990
:1083200000F50E79520041464846FBF741FE98B3EE
:10833000C6F30806731CB3F5007F865D1ED0184493
:108340000378EA0746EA03234CBF1B09C3F30B0378
:108350003AE0027A8369A2F10202B2FA82F2C1F330
:10836000072152095200194400F50E70FBF720FE58
:1083700090B16D0005F4FF75435B25E0227AA2F110
:108380000202B2FA82F2520908F101014846520093
:10839000FBF70EFE0028D3D14FF0FF30BDE8F88385
:1083A000027A8169A2F10202B2FA82F25209520003
:1083B00001EBD51100F50E70FBF7FAFD0028EBD0AC
:1083C000AD0005F4FE754359E2699A4226BF3B6051
:1083D00001200020BDE8F8832DE9F843C379202B64
:1083E00005460C46164648D0102B2DD00C2B41D1FB
:1083F000C1F34E01836911FA84F11FFA81F8C1F3C8
:108400004621CF18037A00F50E79022B14BF012202
:10841000032239464846FBF7CBFD58B314F001045C
:10842000C8F308033FD0C25C02F00F0242EA061212
:10843000C2540133B3F5007F3AD0C6F30712184493
:1084400002700120BDE8F883027A8369022AC1F331
:108450000721194400F50E7014BF01220322FBF717
:10846000A7FD034630B1640004F4FF7401201E53DD
:10847000BDE8F8830020BDE8F883037A8169022B08
:1084800014BF0122032201EBD41100F50E70FBF79B
:108490008FFD03460028EDD0A40004F4FE740120F3
:1084A0001E51BDE8F883C6540133B3F5007F14D1E3
:1084B0002B7A022B14BF01220322791C4846FBF7BA
:1084C00077FD0028D6D0C6F30712002CB8D1037868
:1084D00023F00F0343EA1212B2E7C6F3071218445F
:1084E000F5E700BF2DE9F041C4688C4282B0054633
:1084F0000E4690462EBF01270C460027EB6901343B
:10850000A34201AA284605D29FBBEC6801273C4440
:10851000A3422ED3A64221462BD0012C29D9FFF706
:10852000E3FE002825DBE9D0019B002BE6D107B153
:10853000EC60EB69A3421CD36FF0704221462846E1
:10854000FFF74AFF0746A0B13EB96B6A002B01DB7B
:10855000013B6B62C8F800400CE0012E09D0EB69CA
:108560009E4206D8314622462846FFF735FF0028AE
:10857000EBD10027384602B0BDE8F08101290CD9C3
:1085800010B4C4698C4203D35DF8044BFFF7ACBE52
:108590004FF0FF305DF8044B70474FF0FF307047ED
:1085A00001290BD910B4C4698C4203D35DF8044B84
:1085B000FFF712BF00205DF8044B704700207047A2
:1085C00070B5054682B00C461DE0EB699C421FD891
:1085D000FFF78AFE0646002E21464FF0000228468D
:1085E00016DBEB699C4213D8FFF7F6FE80B16B6A8D
:1085F000002BA4BF01336B62EB68621EA34288BFED
:10860000EA60019C2EB1012C214601AA2846DCD843
:10861000002002B070BD00BF2DE9F0470646406A59
:10862000002884B01CDAF2790C2A1CD1F7697B1C73
:10863000022B98BF002013D902240025214602AA4C
:108640003046FFF751FE002804F1010306DB57D145
:10865000A7425CD0F26993421C46EFD94FF0FF303D
:1086600004B0BDE8F087F36996F838123469013335
:108670000020CDE90230CB0700F1848000214FF0CB
:10868000FF33202A86F83812C6F8443206F51277EE
:1086900041D0D6F800804B4BD8F80020D6F818A06F
:1086A00095699D4277D1002C00F081800AEB040986
:1086B000136951463A46404698470028CED0029961
:1086C000B1F5807F8E4628BF4FF4807E07EB4E0CBD
:1086D000BC450BD9039D3B46002233F8024B0CB935
:1086E000013502469C45F8D802B103950AF1010A0A
:1086F000A1EB0E01D145029159D0D8F80020D7E75F
:10870000029A002AA4D1A74205F10105A2D1284668
:1087100004B0BDE8F087D6F800A02A4BDAF80020B4
:10872000D6F8189095699D4246D1002C3FD009EBB0
:108730000408136949463A465046984700288DD0A8
:10874000DDF808C0BCF1800FE64628BF4FF0800E70
:1087500007EB8E02BA420BD9039D3B46002153F82A
:10876000044B0CB9013501469A42F8D801B1039582
:1087700009F10109ACEB0E03C845029317D0DAF8F2
:108780000020D6E706F50E70FBF7E6FB00283FF465
:1087900065AFF27972E723460B4C3A4651464046A4
:1087A000009402AC0194A84700283FF457AF039807
:1087B000706204B0BDE8F08723463A46034C494650
:1087C0005046EDE73D82030081820300B58203003D
:1087D00070B504460023012015464FF0FF3221609A
:1087E000E371E06004F12806E162C4F83C1284F809
:1087F000283084F838326263C4F84422CDB1042DA5
:1088000001D9002070BD19461A463046FBF7D0FB4F
:1088100005F18055013D00F5DF73290103EB0515D6
:108820000028EED02A79002AEBD05B5C5B06E8D109
:10883000AD68002229463046FBF7BAFB0028E0D09D
:10884000B0F80B30B3F5007FDBD1037C2372013B22
:10885000012BD6D8467B2671731E0022012E637130
:10886000A2710ED0012213465B00DBB29E4202F1E0
:10887000010105D0CAB2092AF6D10823A371C0E7C5
:10888000A271C68A26610EB9466A2661C189B0F80E
:10889000113063812944A16190F810C05B0106FB8F
:1088A0000C1103F2FF1301EB53232162B0F81310F4
:1088B000636101B9016AED1A6B18D3405A1CE26179
:1088C0004FF0FF32626240F6F47293420CD94FF6D9
:1088D000F47293420AD9C36A23622023E3712663A8
:1088E000C4F84062012070BD0C23F7E71023F5E7C0
:1088F000F8B58F6B00260D4604468663C6639FB1AC
:108900000146242000F0C8F806808670AD6BA06395
:1089100084460FCDACE80F000FCDACE80F002B68FC
:10892000CCF800302046F8BDCB6B002BFAD00146C6
:10893000382000F0B1F880F831704786E96BE063C9
:10894000342204F061FC2046F8BD00BF10B5044697
:10895000806B10B1FDF7A2FD30B9E06B10B1FBF7F1
:10896000F1FC20B9002010BD0023A36310BD00233B
:10897000E36310BD002952D02DE9F0410446806B1D
:1089800017461E460D4610B1FDF788FDA0BBE06BF3
:1089900010B1FBF7D7FCB8BBD5F88084B8F1000F55
:1089A00011D02146242000F077F8334600260680B7
:1089B0008670D5F88014A0633A46FDF72FFF58BBA8
:1089C000A063BDE8F081D5F8843493B12146382006
:1089D00000F062F880F83180A0F83280D5F8841475
:1089E000E06333463A46FCF7D1F8A8B9E063BDE846
:1089F000F0810020BDE8F081D5F880840023A363D6
:108A0000B8F1000FCDD1DEE7D5F880840023E36311
:108A1000B8F1000FC5D1D6E70120BDE8F0810020F4
:108A2000704700BFF8B50446806B0D46164610B17E
:108A3000FDF734FD38BBE06B10B1FBF783FC38BBAE
:108A4000AF6B77B12146242000F026F80021018089
:108A50008170A063A96B3246FEF70EFA88B9A06355
:108A6000F8BDE86B0028FBD02146382000F014F850
:108A700080F831704786E063E96B3246FCF78EF888
:108A800020B10120F8BD0023A363D9E7E063F8BD5E
:108A90000023E363D4E700BF084670472DE9F041A7
:108AA00000260446C0F88814C0F8806401464FF4DC
:108AB000906098461746FFF7EFFF80F8446480F80F
:108AC0007964A0F87A64D4F88814C4F8840442461F
:108AD0000546FDF7A7FB98BB00262146C4F8846431
:108AE00040F26C40FFF7D8FF0223C671A0F848643B
:108AF00080F84A640372D4F88814C4F880044246AB
:108B00000546FFF765FE30B9194B00201860C4F820
:108B10008004BDE8F08105F589663046FDF7BEFCAE
:108B200029463046FDF7B0FE0028EDD0114B1A68FB
:108B3000AAB91D600E4BAFB11C600120BDE8F081E9
:108B400005F589663046FBF7FDFB29463046FBF705
:108B500027FC0028C0D0084B1A68002AE9D0044B33
:108B6000002FE9D11A68002AE6D00120BDE8F08183
:108B70009C1DFF1F981DFF1F941DFF1F70B504460D
:108B8000002060602073A064E0642046044D4FF430
:108B90007A76A66040F8105BFFF7ECFE204670BDC9
:108BA000C40E050000207047002070470020704769
:108BB000704700BF054B064900229A63186B086096
:108BC0000448096819630270704700BF00100B4029
:108BD000E41DFF1FE01DFF1F034B586A80F08070EB
:108BE000C0F30060704700BF00100B40014B1878C5
:108BF000704700BFE01DFF1F2B4B4FF47A7202FB42
:108C000000F0984230B547D8284C082101239C46F3
:108C10005B001A01B4FBF2F2824201D90139F6D1AC
:108C2000224AB2FBF3F282423AD94FEA0C2E1F4C91
:108C30004FEA430C012200E08C46B4FBFCF1814278
:108C4000154603EB0C0102F1010222D9102AF3D1DF
:108C50004EF0F0011648174A4FF47A7303FB0CFCF0
:108C6000124BB3FBFCF30360D36A23F00803D36217
:108C7000D36A23F47F2323F47F630B4343F46023FD
:108C8000D362536A1B07FCD5D36A43F00803D3624F
:108C900030BD4EEA0511DDE74FF0000E0123C6E7B7
:108CA0004FEA0C219C46D5E74FA9AB000095BA0AC4
:108CB000A41DFF1F00100B40014B1878704700BF28
:108CC000DC07FF1F014B1868704700BFE41DFF1F42
:108CD00008B508461022024904F096FA012008BDA2
:108CE000B41DFF1F08B508461022024904F08CFA93
:108CF000012008BDC41DFF1F024B1B680B60012033
:108D0000704700BFD41DFF1F704700BF10B50C2176
:108D1000044604F0FDFB204610BD00BF044B1B7849
:108D200023B1044B18780230C0B27047012070475D
:108D3000A81DFF1FB01DFF1F184B1A7812F0C002AC
:108D40000FD0402A01D000207047587ADA79197A7A
:108D5000013002F03F0300EB034000EB01208002F2
:108D600070475A7A93F806C0D879597910B502F04D
:108D700003029C7A93F808E00CF0030C5300800087
:108D800043EAD41340EA8C2001F00F0240EA9E101F
:108D90001344073B0130984010BD00BFC41DFF1FA6
:108DA0002DE9F04104F0FAFC174E184DDFF87480FD
:108DB000074604E004F0F2FCC01B40451BD8346BAE
:108DC0002C40F7D0124A134B00211170326B1A60FD
:108DD0001A6832631A68104B1A4209D00F49104BB7
:108DE0001F2040F27A2208701A600020BDE8F0814E
:108DF0000120BDE8F081064A064B1470326B1A6000
:108E00001B683363EAE700BF00100B4002007F11CC
:108E1000B11DFF1FE41DFF1F00007F11DC07FF1FB6
:108E2000AC1DFF1F40420F002DE9F843264C23786C
:108E30000E46002B37D1254B5A6AD2052AD5234D31
:108E4000DFF89480AB6A43F48033AB6204F0A6FC95
:108E5000074604E004F0A2FCC01B404529D86B6A19
:108E600013F48069F6D0194806F13C0C06F50F762C
:108E7000436A5B05FCD5ACF1400353F8042F026252
:108E80009C45FAD10CF1400CB445F1D10120207081
:108E9000BDE8F8839A6A22F480329A629A6A42F4B0
:108EA00000329A62CBE7FFF77BFF0028C3D1BDE811
:108EB000F8830749074B21204FF47E7208701A602F
:108EC0004846BDE8F88300BFB11DFF1F00100B40EE
:108ED000DC07FF1FAC1DFF1F40420F002DE9F041D2
:108EE0000746884604F05AFC174D184E044604E025
:108EF00004F054FC031BB34222D86B6AD907F7D4A1
:108F0000C5F80880EF6004F049FC0F4D104E0F4F7C
:108F1000044604E004F042FC001BB84210D82B6B5E
:108F20003342F7D00B4B2A6B1A601A682A631A680F
:108F3000D20705D51B6813F4702F01D1012000E082
:108F40000020BDE8F08100BF00100B4040420F0040
:108F500001000F00E41DFF1F10B5154B84B00C4637
:108F60001968FFF7BBFF08B3124B1A6900925969E1
:108F7000019199690291DB69039304F10F0E0023BB
:108F800001E05CF8102C03F0030C4FEACC0C013329
:108F900022FA0CF223F0030C0CF110010F2B0EF847
:108FA000012D0DEB010CECD10023E37304B010BDD7
:108FB000D81DFF1F00100B4008B5044B044819686A
:108FC000FFF78CFF08B1034B186908BDD81DFF1FC0
:108FD00000001A0D00100B4008B5074B0748196830
:108FE000FFF77CFF30B1064B186980F48070C0F346
:108FF000002008BD012008BDD81DFF1F00001A0D6C
:1090000000100B402DE9F047DFF8C4A0274BCAF849
:109010000030894604F0C2FB254E264DDFF8B480AF
:10902000254F044606E004F0B9FB001BB84228D8DF
:1090300007F000F831682846FFF750FF0028F2D00B
:10904000D8F81030DB05EED50023CAF80030D8F888
:1090500028301A4A1A4923F48033C8F82830137884
:10906000C8F80410CBB117484946FFF737FF30B9AD
:109070001549164B0E2440F257420C701A60BDE899
:10908000F087114A114B0A210020117040F24B4227
:10909000CAF800001A60BDE8F0874FEA492909487C
:1090A0004946FFF71BFF0028E9D1E1E7D98F03000C
:1090B000D81DFF1F00001A0D40420F00B01DFF1FFA
:1090C0000002FFFF22003A19DC07FF1FAC1DFF1F43
:1090D000DC1DFF1F00100B402DE9F041254C2648F8
:1090E000A36A23F480330021A362FFF7F7FE05464D
:1090F00048B92249224B092040F23D2208701A60EB
:109100002846BDE8F081DFF884801E4BC8F80030A7
:1091100004F044FB636A0646D80118D41A4F04E0F1
:1091200006F088FF636AD90111D404F037FB831B72
:10913000BB42F5D9114A124B0A21002511704FF498
:109140001072C8F800501A602846BDE8F081094B3B
:109150000022C8F800205A6A9207D1D5586B9A6A43
:10916000D96A22F4803241F08061D96258639A62F0
:10917000C6E700BF00100B400000DB0CDC07FF1F40
:10918000AC1DFF1FD98B030040420F00DC1DFF1FE9
:1091900070B5017A11F0010105D0214B1B6853B362
:1091A000BDE8704018471F4B1C78E4B11E4D1F4AA4
:1091B0002E6B3240002A2FD06A68120C1204C2B9FA
:1091C00041721970AB6A1A4823F48033AB62FFF71F
:1091D00085FE08BB1749184B092040F2D3320870AE
:1091E0001A60214605E0104B596A81F08071C1F385
:1091F0000061084670BD114B19780029F9D0104B59
:1092000010481968FFF76AFE30B1074B196981F4FD
:109210008071C1F30021ECE70121084670BD00BF59
:10922000DC1DFF1FB11DFF1F00100B4002007F114E
:109230000000DB0CDC07FF1FAC1DFF1FA01DFF1F84
:10924000D81DFF1F00001A0D2DE9F0478246894600
:1092500004F0A4FA354E364DDFF80081354F044650
:1092600004E004F09BFA031BBB4227D83168284670
:10927000FFF734FE0028F4D0D8F81030DA05F0D526
:109280002D4D2E4E2E4A01232B7000202D4B306089
:109290005146C8F800902C48C8F80420C8F8383067
:1092A000FFF71CFE0446A0B92849294B042040F2D0
:1092B0009F1208701A602046BDE8F0872349244BAE
:1092C0000A204FF4CC7208701A6000242046BDE8D2
:1092D000F087DFF88C901F4BC9F8003004F05EFA7D
:1092E0002B780746BBB1DFF84C8003E006F0A2FE06
:1092F0002B7883B104F052FAC31B4345F6D90023FF
:10930000C9F800301149124B25204FF4D172087072
:109310001A600024DAE7336800229B07C9F80020AE
:10932000F0D532680C4B1A42D0D0EBE7D81DFF1FA6
:1093300000001A0D40420F00E01DFF1FE41DFF1F3B
:109340004000010002007F1111003A06DC07FF1FF8
:10935000AC1DFF1FED8B030000007F1100100B40C0
:10936000DC1DFF1F2DE9F041324CA37A13F04000C1
:10937000154612D1E27A03F03F035B006C1C43EA0E
:10938000D2130C43234208D02B492C4B272440F204
:1093900002320C701A60BDE8F081294B1B780BB9C2
:1093A00049026D022748FFF799FD40B92249234B36
:1093B0000F2440F20A320C701A60BDE8F081224896
:1093C0002946FFF78BFD40B91B491C4B102440F286
:1093D0000D320C701A60BDE8F0811C480021FFF7C7
:1093E0007DFD38B91449154B11244FF444720C70AB
:1093F0001A60E2E704F0D2F9154E164DDFF85C80F2
:10940000154F044631682846FFF768FD18B1D8F8B3
:109410001030DB05D1D404F0C1F9001BB842F1D9FA
:109420000549064B282040F2133208701A600020CC
:10943000C3E700BFC41DFF1FDC07FF1FAC1DFF1FDC
:10944000B01DFF1F00001A2000001A2100001B267B
:10945000D81DFF1F00001A0D40420F0000100B40E6
:109460002DE9F04F83B00190900701D11D465BB903
:109470003E493F4B252040F2F51208701A60002447
:10948000204603B0BDE8F08F14463A4A3A4B1360C9
:109490000E4604F083F9DFF8FC90DFF8FC80DFF87B
:1094A000FCB0DFF8FCA0074606E004F077F9C01B2B
:1094B00050452BD806F0BEFDD9F800104046FFF706
:1094C0000DFD0028F1D0DBF81030DA05EDD5294983
:1094D0002A4F2B482D0400220A6045F400732949C5
:1094E000294D4FF0010C87F800C02A60CBF80040EE
:1094F000CBF804300B78CBF8380093B101983146A3
:10950000FFF7ECFC044670B90024B9E7174A184B82
:1095100018480A21002411704FF4FC7204601A608C
:10952000AEE77602EAE7134A184B136004F036F907
:109530003B7806467BB1DFF8688003E006F07AFDF1
:109540003B7843B104F02AF9801B4045F6D9094B1A
:1095500000241C6094E72B68064900229B070A60E0
:10956000D2D52A680A4B1A428AD0CDE7DC07FF1F02
:10957000AC1DFF1FDC1DFF1FD98F0300E01DFF1F67
:1095800002007F11B01DFF1FE41DFF1FED8B0300C4
:1095900000007F11D81DFF1F00001A0D00100B40A6
:1095A00040420F00F8B50646007AC0070C46154643
:1095B0001F4613D483B10F4401E0BC420CD0336882
:1095C0002A4621461B6930469847013405F5007547
:1095D0000028F2D10020F8BD0120F8BD900712D07C
:1095E000002BF9D00F4401E0BC42F5D033682A4685
:1095F00021461B6930469847013405F5007500285F
:10960000F2D10020E7E70648FFF72AFF0028E3D160
:109610000449054B0C2440F2A1320C701A60F8BDCD
:1096200037003A12DC07FF1FAC1DFF1FF8B50646D6
:10963000007AC0070C4615461F4613D483B10F4469
:1096400001E0BC420CD033682A4621465B6A3046B2
:109650009847013405F500750028F2D10020F8BDC7
:109660000120F8BD900712D0002BF9D00F4401E083
:10967000BC42F5D033682A4621465B6A304698479B
:10968000013405F500750028F2D10020E7E706480F
:10969000FFF7E6FE0028E3D10449054B0E2440F213
:1096A0003D420C701A60F8BD27003A19DC07FF1F15
:1096B000AC1DFF1F2DE9F04FA24C01720023A249FF
:1096C000DFF8DC82A14FA24E4372237088F800308D
:1096D0003B703370D1F800389E4A9F4D43F0406391
:1096E000C1F80038136B43F4003313639B4B40F213
:1096F00003121A605A609A60DA601A615A61EB6A62
:1097000043F0807343F4004391B0EB62EB6AD901FC
:10971000FCD44FF4C870FFF76FFA904B904940F2B9
:1097200043424FF488601A605A609860DA605120B2
:109730001A615A6169638B4903F01AFF8A4A4FF034
:10974000E023602182F851104FF40032C3F8082161
:10975000EB6A43F00063EB627F4BD96A11F0006162
:10976000FBD10846FFF7BAFB054648B97F4B0121FC
:1097700040F28E2221701A60284611B0BDE8F08FA9
:10978000DFF8209203254FF4D5714846FFF7A6FB7A
:10979000002846D1013DF6D13278754B002A14BF1E
:1097A0009A464FF4401A03F0F9FF724EDFF8F8B111
:1097B000DFF8F891054600213046FFF78FFB50B9DE
:1097C0006A4B002517214FF42A72284621701A602F
:1097D00011B0BDE8F08F51465846FFF77FFB0028D7
:1097E000EED003F0DBFF401B48455B4BE8D81A691D
:1097F000002AE0DA604A196911601B695F485A0063
:1098000048BF01234FF0000148BF3B70FFF766FBE4
:109810000546C0B9554B022140F2B12221701A60B1
:10982000AAE74D4B1B69B3F5D57F07D04F4B0621F7
:109830004FF4257221701A6000259DE70123DFF89F
:1098400030A13370AFE74E480021FFF747FB0546D4
:1098500030B9464B03214FF42D7221701A608BE70B
:109860003D4E484F3369484948481B0C1B043B6038
:10987000FFF772FB054630B93C4B072140F2B92295
:1098800021701A6078E742494248FFF765FB0546B8
:1098900030B9364B08214FF42F7221701A606BE7F4
:1098A00039683D48FFF71AFB054630B92F4B0521B3
:1098B00040F2BF2221701A605EE739682D48FFF739
:1098C0000DFB38B9294B142140F2C32221701A60D4
:1098D000002551E731480221FFF700FB054600282B
:1098E000F0D0B36A23F00603B362B36A43F0020315
:1098F000B3624FF01013736469466FF07F40FFF757
:10990000A3FC18B19DF80D309B0751D446F2A81066
:10991000124C40F2031323606360A360E360236191
:109920006361FFF769F940F243434FF488622360B3
:109930006360A2600122E3602361636188F8002014
:109940001AE700BFDC07FF1F00D00040B01DFF1F5B
:10995000A81DFF1F0080044000100B4000D00440F1
:109960000B007F11B58B030000E400E0AC1DFF1F6E
:109970000000304000001A37D41DFF1F000009020C
:1099800000001A03D81DFF1FC41DFF1F0000090996
:10999000B41DFF1F0000090A00001B0700001A0683
:1099A000A01DFF1F00001A080000022940420F00FE
:1099B0000A4E0B4894F8009037686946FFF744FC5C
:1099C0009DF8103018B103F00F03012B03D084F879
:1099D000009037609AE74CF2503099E7AC1DFF1FBA
:1099E000F1FFFF80374B5A6A92052DE9F0410E4690
:1099F0000DD49A6A22F480329A6272B69A6A42F45C
:109A000000329A629A6A42F480329A6262B603F035
:109A1000C5FE2C4FDFF8C480054604E003F0BEFE0F
:109A2000431B434537D87C6A14F40064F6D02548BC
:109A300006F13C0C06F50F76436A1B05FCD5ACF12C
:109A40004003026A43F8042F9C45FAD10CF1400C04
:109A50006645F1D103F0A2FE1A4F1B4DDFF87C8062
:109A6000064604E003F09AFE831B43451DD83C6B79
:109A70002C40F7D0154A3B6B136013683B631368A7
:109A800013F002031BD01268114B1A420CBF0120C5
:109A90000020BDE8F0810F490F4B1A2040F25632EA
:109AA00008701A602046BDE8F0810A490A4B1D2063
:109AB00040F2613208701A602046BDE8F081184615
:109AC000BDE8F08100100B4002007F11E41DFF1F74
:109AD00000007F11DC07FF1FAC1DFF1F40420F007D
:109AE0002DE9F047DFF8C4A0274BCAF800308946BB
:109AF00003F054FE254E264DDFF8B480254F044672
:109B000006E003F04BFE001BB84228D806F092FA9C
:109B100031682846FFF7E2F90028F2D0D8F8103073
:109B2000DB05EED50023CAF80030D8F828301A4AF1
:109B30001A4943F48033C8F828301378C8F8041061
:109B4000CBB117484946FFF7C9F930B91549164B4B
:109B50000C2440F2BD320C701A60BDE8F087114A47
:109B6000114B0A210020117040F2B132CAF80000F6
:109B70001A60BDE8F0874FEA492909484946FFF7CE
:109B8000ADF90028E9D1E1E7D98F0300D81DFF1F07
:109B900000001A0D40420F00B01DFF1F0002FFFF22
:109BA00032003A12DC07FF1FAC1DFF1FDC1DFF1F38
:109BB00000100B402DE9F04100221D4C4272A36AB7
:109BC0001C4823F480330D46A3621146FFF786F943
:109BD00040B91949194B092440F2D3320C701A606C
:109BE000BDE8F081002DFBD0154F164B3B6003F014
:109BF000D5FD636ADA01064616D4DFF84C8004E02E
:109C000006F018FA636ADB010ED403F0C7FD801B6F
:109C10004045F5D9084A094B0A210020117040F24D
:109C2000D73238601A60DBE700233B602846D7E76D
:109C300000100B400000DB0CDC07FF1FAC1DFF1FFA
:109C4000DC1DFF1FD98B030040420F000A4B1B781D
:109C500010B504461BB9637A43B9012010BDFFF764
:109C60009FF80028FAD0637A002BF6D02046012115
:109C7000BDE81040FFF79EBFB11DFF1F2DE9F04367
:109C8000047A14F00104ADF5017D0E4617461DD08F
:109C9000930713D1444801233A463146FFF7E0FBCE
:109CA000044630B94149424B0D2040F21142087040
:109CB0001A6020460DF5017DBDE8F0831146684627
:109CC0004FF4007203F0A0FA6F46E3E7DFF8E88094
:109CD00098F8003005461BB1FFF762F80028E8D07D
:109CE000344B5B681B0C1B04002B36D12B68DFF850
:109CF000CC901B6A4B4551D198F800300BBB6B7A66
:109D00002BBB98F80020002A35D1002B3FD12B68BF
:109D100031461B6E284698470028CAD002236E6041
:109D20006B722B683946DB6D284698470028C0D0F7
:109D30006B680446013320466B600DF5017DBDE87C
:109D4000F083FFF72DF80028B3D06B7A53B10121CF
:109D50002846FFF72FFF0028ABD06B7A022B12D0DA
:109D6000DFF858902A68126A4A45CAD028469047B8
:109D700000289ED0CBE7FFF713F8002899D06B7A24
:109D8000002BC4D003E06A68B242E9D1C9E70121DF
:109D90002846FFF70FFF00288BD0B8E728469847E2
:109DA000002886D0D9E700BF01003A18DC07FF1F62
:109DB000AC1DFF1F00100B40B11DFF1F4D9C030089
:109DC0002DE9F0410446007A10F00105ADF5007D63
:109DD000164613D0930750D0444801236A46FFF734
:109DE0003FFB00284ED04FF400726946304603F026
:109DF0000BFA28460DF5007DBDE8F081DFF8008103
:109E000098F800300F46002B49D1637A012B4DD0D2
:109E100022683749126A8A425ED198F80020002AE7
:109E200048D1002B4DD139462046FFF759FE88B363
:109E300001236760637231462046FFF7D3FD064673
:109E400040B32C4B5B681B0C1B048BB92368284A5E
:109E50001B6A934245D198F8003013B1FEF7A0FF7A
:109E6000C0B1637A23B101212046FFF7A3FE88B178
:109E700063680133354663600CE01C480123FFF73B
:109E8000EFFA38B91C491D4B0B204FF45D72087076
:109E90001A60002528460DF5007DBDE8F081FEF72B
:109EA0007FFF0028F6D0637A012BB1D16268BA42F5
:109EB000AED1C0E7FEF774FF0028EBD0637A002B29
:109EC000B1D001212046FFF775FE0028ABD128460E
:109ED0000DF5007DBDE8F081204690470028F6D0C2
:109EE000A1E7204698470028D4D0C1E711003A11D5
:109EF0004D9C030000100B40DC07FF1FAC1DFF1F33
:109F0000B11DFF1F4FF0FF30704700BF407B70470F
:109F1000007C7047407C704701207047007E70478E
:109F2000704700BF043000F0F7BF00BF10B51C2120
:109F3000044603F0EDFA204610BD00BF2DE9F041C4
:109F4000C37B012B35D0867B04464EB1043000F034
:109F5000E7FFB0F1FF0518BF01252846BDE8F081F5
:109F6000071D384600F044FF207B314600F03EFFDD
:109F70004FF00108FF21384600F0F2FF84F80E8010
:109F8000384600F0CDFFA37BB0F1FF0518BF0125D7
:109F9000002BE2D0207B414600F028FFFF2138460D
:109FA00000F0DEFF384600F097FFA6732846BDE8B4
:109FB000F08100252846BDE8F08100BF2DE9F04181
:109FC000264F82B03B680193019D05F516758046CA
:109FD000ADB2061D05E03B680093009BEB1A1B0425
:109FE00013D4304600F09CFFFF280446F3D1FD2136
:109FF000304600F0B5FF98F80E30FBB9002388F822
:10A000000F30012002B0BDE8F08198F80E001E2349
:10A0100088F80D300028F5D098F80C00012100F0E8
:10A02000E5FEFF21304600F09BFF304600F054FF74
:10A03000002088F80E0002B0BDE8F08198F80C000E
:10A04000012100F0D3FE2146304600F089FF304662
:10A0500000F042FF002388F80E30CFE75C1FFF1F9F
:10A060002DE9F043234F83B03B680093009D05F535
:10A070009675044688469146ADB2061D05E03B68DC
:10A080000193019BEB1A1B040ED4304600F048FFED
:10A09000FF282074F3D0FE281BD01823A07B637305
:10A0A00038B903B0BDE8F083A07B1D23637300289B
:10A0B000F7D0207B012100F099FEFF21304600F00F
:10A0C0004FFF304600F008FF0020A07303B0BDE84A
:10A0D000F0834A464146304600F030FF207438B9DC
:10A0E000304600F01DFF304600F01AFF0120D8E78F
:10A0F0002523D3E75C1FFF1FF0B5002783B0C7738C
:10A100003A460C21044600F059F8A67BA8B91EB9BE
:10A110000126304603B0F0BD05460121207B00F04A
:10A1200065FE201DFF21019000F01AFF019800F04C
:10A13000D3FE3046A57303B0F0BD09236373002E30
:10A14000E7D0207B251D012100F050FEFF2128468D
:10A1500000F006FF284600F0BFFE3E463046A773DB
:10A1600003B0F0BDC27B022A03D0012A04D0012033
:10A17000704703685B6E1847FFF7BEBF38B50368CA
:10A180000D461A6A0C498A4204460CD1C27B022A47
:10A1900004D0012A0BD02576012038BD5B6E98478C
:10A1A0000028F8D138BD90470028FBD0F3E7FFF72F
:10A1B000A3FF0028F6D0EEE765A103002DE9F041EA
:10A1C000036884B00F46019236491A6A8A420646ED
:10A1D00062D1C27B022A45D0012A5FD0B47B002C19
:10A1E0004BD0351D0C2F15D0DFF8BC80D8F80030CF
:10A1F0000393039C04F59674A4B206E0D8F80030EB
:10A200000293029BE31A1B0434D4284600F088FE14
:10A21000FF28F3D147F04001284600F0A1FE0DF1E0
:10A22000040802AC14F8011D284600F099FEA04570
:10A23000F8D1002F0CBF95218721284600F090FE11
:10A24000284600F06DFE0A24284600F069FE013C15
:10A2500010F0800F3074A4B201D0002CF4D104B0FF
:10A26000BDE8F0815B6E98470028B7D1FF2004B0AD
:10A27000BDE8F081002FCDD0F8E7351D284600F06D
:10A28000B7FD307B214600F0B1FDFF21284600F0EC
:10A2900067FE0123B373A5E79047E5E7FFF72CFFBF
:10A2A000E2E700BF65A103005C1FFF1F2DE9F04737
:10A2B00088B001AC84E80E00054600269DF8040035
:10A2C0002873AE736E736E74904600F08BFD287B1E
:10A2D000012100F08BFD754AAA6094E8070005ABE8
:10A2E00083E807002F1D0ECB384600F0C9FDAC7B7C
:10A2F000EE73002C67D0287B012100F077FD0A2443
:10A30000FF21384600F02CFE611E11F0FF04F7D14A
:10A310002146287B00F06AFD0A24002211462846C7
:10A32000FFF74CFF0128064604F1FF330AD013F073
:10A33000FF04F2D10123A87B6B73002851D108B030
:10A34000BDE8F0874FF4D57208212846FFF736FFA5
:10A35000420756D56E742B68DFF860A19B6D53459C
:10A3600073D1687CDFF85891D9F800300493049ECB
:10A37000A0F10204B4FA84F4640906F5FA66A407AD
:10A38000B6B206E0D9F800300593059BF31A1B041A
:10A3900059D4372100222846FFF710FF22462921F1
:10A3A0002846FFF70BFF0028ECD12B689B6D534527
:10A3B00075D1687C022859D0AB7B002B48D13C4931
:10A3C0003C4800222FE0384600F012FD287B214651
:10A3D00000F00CFDFF21384600F0C2FD0123AB73F5
:10A3E00089E7287B012100F001FDFF21384600F0BC
:10A3F000B7FD384600F070FD0020A87308B0BDE836
:10A40000F08702236B740424384600F089FD631E34
:10A4100013F0FF042874F7D1AA289CD006238AE7FA
:10A420000132172A40D031F8023BB0FBF3F3434529
:10A43000F6D8214B53F82230012043F06053AB6033
:10A4400008B0BDE8F087172375E72846984789E7E5
:10A45000287B012100F0CAFCFF21384600F080FD76
:10A46000384600F039FD0023AB73A8E700223A21FB
:10A470002846FFF7A3FEA8B9384600F051FD00F0CA
:10A48000C000C02804BF03236B74384600F048FDA9
:10A49000384600F045FD384600F042FD8CE728467E
:10A4A000984787E7122346E71622C2E7065001388D
:10A4B000AC13050000879303DC130500159F030010
:10A4C0005C1FFF1FF8B500220D463A210646FFF734
:10A4D00075FEE0B9371D2C1D384600F021FD04F84B
:10A4E000010DA542F8D1B47B14B901242046F8BD72
:10A4F000307B012100F07AFCFF21384600F030FD6E
:10A50000384600F0E9FC0023B3732046F8BDB47B65
:10A5100012237373002CE9D0341D307B012100F02D
:10A5200065FCFF21204600F01BFD2046002400F0C2
:10A53000D3FCB4732046F8BD70B5164682B0002235
:10A540000446FFF73BFEA8B11B236373A07B08B949
:10A5500002B070BD207B251D012100F047FCFF21CA
:10A56000284600F0FDFC284600F0B6FC0020A07351
:10A5700002B070BD0546102231462046FFF770FD3F
:10A580000028E3D0A67B002EE2D0207B012100F042
:10A590002DFC201DFF21019000F0E2FC019800F04D
:10A5A0009BFC3046A57302B070BD00BF00B50368C8
:10A5B000244ADB6C934285B00FD16A460921FFF72C
:10A5C000BBFF38B19DF8003013F0C00308D0402B1A
:10A5D00027D0002005B05DF804FB69469847F0E7F6
:10A5E0009DF809309DF80A209DF806109DF8070097
:10A5F0009DF808C003F003035B0043EAD2139DF803
:10A60000052001F00301800040EA812002F00F02E2
:10A6100040EA9C101344073B0130984005B05DF8B8
:10A6200004FB9DF809009DF807309DF8082003F011
:10A630003F03013000EB034000EB0220800205B035
:10A640005DF804FBDDA9030030B50368164D9B6D72
:10A65000AB4283B004460A4621D1407C032818BF90
:10A66000520212212046FFF7A9FD18B90120E0731C
:10A6700003B030BDA07B0C2363730028F8D0207B8F
:10A68000251D012100F0B2FBFF21284600F068FCE7
:10A69000284600F021FC0020A07303B030BD0191DA
:10A6A0009847019ADAE700BF159F0300F8B5064600
:10A6B000C07B01280D4614461F4602D173698B42A8
:10A6C00005D029463046FFF7BFFF80B175610025F0
:10A6D00017B90EE0AF420CD021464FF4007230465D
:10A6E000FFF7BEFC013504F500740028F2D100200C
:10A6F000F8BD7369307E3B4473610028F8D1304661
:10A70000BDE8F840FFF7F8BC2DE9F84F9B46C37B46
:10A71000DDF82890DDF82C80012B06460C46154606
:10A7200002D143698B4205D021463046FFF78CFFAA
:10A73000B0B1746104EB0B0ABBF1000F03D112E05E
:10A74000C847A2450FD04FF4007229463046FFF7A4
:10A7500087FC07464246204629460134002FEFD1A8
:10A760000020BDE8F88F7369307E5B447361002878
:10A77000F7D13046BDE8F84FFFF7BEBC03682DE9BE
:10A78000F0415F69164B9F421FD1C37B012B0446EA
:10A790000D46164602D14369994205D02946204606
:10A7A000FFF752FF70B165614FF4007231462046E9
:10A7B000FFF756FC30B16369207E0133636148B115
:10A7C000BDE8F0810020BDE8F081BC460123BDE872
:10A7D000F04160472046BDE8F041FFF78DBC00BF67
:10A7E000ADA6030030B50368164D9B6DAB4283B038
:10A7F00004460A4622D1407C032818BF5202192180
:10A800002046FFF7DBFC20B90223E373012003B0ED
:10A8100030BDA07B0E2363730028F8D0207B251D5C
:10A82000012100F0E3FAFF21284600F099FB2846B9
:10A8300000F052FB0020A07303B030BD0191984797
:10A84000019AD9E7159F03002DE9F04303681746E5
:10A85000DB6C434A934287B005460E4646D102AAB6
:10A860000921FFF769FE0446C4B19DF812305A066B
:10A870001AD56B7C032B18BF760232464FF02001AD
:10A88000284618BF7F02FFF799FC28B93A462121D4
:10A890002846FFF793FC68B326236B73AC7B9CB907
:10A8A000204607B0BDE8F0839DF8132003F03F0376
:10A8B0005B0043EAD2137A1C32431342D9D0AC7BFB
:10A8C00027236B73002CEBD02C1D287B012100F07B
:10A8D0008DFAFF21204600F043FB204600F0FCFAF1
:10A8E00000242046AC7307B0BDE8F08302A9984766
:10A8F0000446B9E7024626212846FFF75FFC0028F8
:10A90000CAD1DFF86080D8F800300193019F07F5C5
:10A910001C57103705F10409BFB206E0D8F8003023
:10A920000093009BFB1A1B0417D4484600F0F8FA6A
:10A93000FF280646F2D1AB7B002BB1D0287B01214A
:10A940001C4600F053FA3146484600F009FB4846E1
:10A9500000F0C2FA0023AB73A2E728236B739DE7D4
:10A96000DDA903005C1FFF1F70B5002282B00E46F8
:10A970000A210446FFF722FCA8B11B236373A07BC6
:10A9800008B902B070BD207B251D012100F02EFA10
:10A99000FF21284600F0E4FA284600F09DFA002046
:10A9A000A07302B070BD0546102231462046FFF765
:10A9B00057FB0028E3D0A67B002EE2D0207B0121AC
:10A9C00000F014FA201DFF21019000F0C9FA01984F
:10A9D00000F082FA3046A57302B070BD70B5002257
:10A9E00082B00E4609210446FFF7E8FBA8B11B23FD
:10A9F0006373A07B08B902B070BD207B251D0121C7
:10AA000000F0F4F9FF21284600F0AAFA284600F0E9
:10AA100063FA0020A07302B070BD054610223146D3
:10AA20002046FFF71DFB0028E3D0A67B002EE2D0D6
:10AA3000207B012100F0DAF9201DFF21019000F0B8
:10AA40008FFA019800F048FA3046A57302B070BD45
:10AA500070B5061D15460446304600F081FA4FF4E5
:10AA600000722946304600F087FAFF21304600F098
:10AA700077FAFF21304600F073FA304600F050FAC2
:10AA800000F01F03052B207404D0A07B20236373E8
:10AA900010B970BD012070BD207B012100F0A6F926
:10AAA000FF21304600F05CFA304600F015FA002035
:10AAB000A07370BD2DE9F0411A4D82B02B6801934F
:10AAC000019C04F5167407468846A4B2061D05E0ED
:10AAD0002B680093009BE31A1B040DD4304600F052
:10AAE0001FFAFF28F4D14246FC213846FFF7B0FF99
:10AAF00020B102B0BDE8F08124237B73B87B00282D
:10AB0000F7D0387B012100F071F9FF21304600F0C9
:10AB100027FA304600F0E0F90020B87302B0BDE833
:10AB2000F08100BF5C1FFF1F70B5036816469B6D68
:10AB3000214A934282B004460D463AD1407C032814
:10AB400018BF6D022A4618212046FFF737FB05463D
:10AB5000A8B10D236373A07B08B902B070BD207B40
:10AB6000251D012100F042F9FF21284600F0F8F9E7
:10AB7000284600F0B1F90020A07302B070BD324643
:10AB8000FE212046FFF764FF0028E4D0A67B002EBC
:10AB9000E3D0207B012100F029F9201DFF21019045
:10ABA00000F0DEF9019800F097F93046A57302B085
:10ABB00070BD9847C3E700BF159F030010B4047E23
:10ABC00034B10468A46A0123A4465DF8044B6047CD
:10ABD0005DF8044BFFF7A8BF2DE9F04F0746C07B97
:10ABE000022883B00C4690469A465CD03B682146CA
:10ABF0001B6E3846984700283BD07C61BAF1000FA5
:10AC000027D0DFF8B0B02A4D4FF000093E1D3B6859
:10AC1000DB6D5B4531D12B680193019C04F5167403
:10AC2000A4B205E02B680093009BE31A1B041CD41C
:10AC3000304600F075F9FF28F4D14246FC21384631
:10AC4000FFF706FF98B109F10109CA4508F5007838
:10AC5000DDD17B69387E53447B6158B93B685B6EBC
:10AC6000384603B0BDE8F04F184724237B73BB7B05
:10AC70004BB9002003B0BDE8F08F414638469847F5
:10AC80000028E0D1F5E7387B012100F0AFF8FF2183
:10AC9000304600F065F9304600F01EF90020B87328
:10ACA00003B0BDE8F08F7B698B429FD1A6E700BF60
:10ACB0005C1FFF1FB5AA03002DE9F04F87B0804647
:10ACC0000193C37BDDF840B00392022B0F466CD09A
:10ACD000D8F8003039461B6E40469847002848D0C7
:10ACE000C8F81470039B6BB3039BDFF8CCA0314D05
:10ACF000FB18029308F10406019B59463846984711
:10AD0000D8F80030DB6D5345814636D12B6805936A
:10AD1000059C04F51674A4B205E02B680493049B0B
:10AD2000E31A1B041FD4304600F0FAF8FF28F4D1D0
:10AD30004A46FC214046FFF78BFEB8B1029B013723
:10AD4000BB42D9D1D8F81430039A98F818001344AC
:10AD5000C8F8143070B9D8F800305B6E404607B0C0
:10AD6000BDE8F04F1847242388F80D3098F80E30CE
:10AD70004BB9002007B0BDE8F08F01464046984728
:10AD80000028DBD1F5E798F80C00012100F02EF83F
:10AD9000FF21304600F0E4F8304600F09DF8002036
:10ADA00088F80E0007B0BDE8F08F43698B428FD161
:10ADB00098E700BF5C1FFF1FB5AA030010B584B061
:10ADC0000DF1040C8CE80E009CE80E000446FFF721
:10ADD0006DFA20B19DF8053003F00103237604B02D
:10ADE00010BD00BF012102F09DBC00BF02F056BCA7
:10ADF00030B403684268D97A29B372B6D97ACD07DC
:10AE000008D54FF0E024DD68D4F880012840D861EF
:10AE1000C4F880018C0708D54FF0E0241D69D4F8F0
:10AE2000840128401862C4F88401480708D54FF00F
:10AE3000E0245D69D4F8880128405862C4F888018C
:10AE400009070ED462B61B68D968914207D00A4C34
:10AE50000A491C6042F08040DA601861196030BC19
:10AE600070474FF0E0209C69D0F88C112140996226
:10AE7000C0F88C11E6E700BF01403F0000003F80B2
:10AE800010B584B004AC04E90E00044633B1184692
:10AE9000236004B0BDE8104000F0B0B99DF8043064
:10AEA0003E2B06D00A48206004B0BDE8104000F0F8
:10AEB000A5B9084820603B2100F05CFA20683D21DC
:10AEC00000F006FA20683C2100F0A6FA2068E0E7CE
:10AED000E81DFF1F281EFF1F0268D37ADBB1D907C8
:10AEE00004D54FF0E021D069C1F80001980704D5DE
:10AEF0004FF0E021106AC1F80401590704D54FF062
:10AF0000E021506AC1F808011B0704D54FF0E02387
:10AF1000926AC3F80C217047006800F0AFB900BF17
:10AF2000026812684FF00041FF23D1625363D36A75
:10AF3000002BFCDA906BC0B2704700BF30B50C46F6
:10AF400083B00546FF212046019208F06DFF286876
:10AF5000019B2246214600F0BBFA002003B030BD21
:10AF600003681A684FF00043D3625163D36A002B21
:10AF7000FCDA936B704700BF30B5531EB3F5007F0A
:10AF8000ADF5017D1446054613D37AB10368481E1A
:10AF9000196882184FF0004410F8013FCC624B63EF
:10AFA000CB6A002BFCDA90428B6BF5D10DF5017D5D
:10AFB00030BD684602F028F96A46286823461146E3
:10AFC00000F086FA0DF5017D30BD00BF90F81CC081
:10AFD0004160BCF1020FC26001D18368184701F0E3
:10AFE0001BB800BF2DE9F0410468E56815F0807FCB
:10AFF000764D256048D1DD0700F1C98090F82C60BE
:10B000001F4646EA0626002F00F0B08031B10E78C8
:10B010004D7846EA052676BA0231B6B2456895F80B
:10B0200008C0022F0CF1FF3C4FEA0C3C0CBF46F06D
:10B03000805546F010451FFA8CFC6563023F09E01D
:10B0400012B10EF8014B7246013B05F4704565459F
:10B0500016D90468E56A15F0F00FF6D013F0010F69
:10B06000A46B9646ECD1C4F307281AB10EF8028BF4
:10B070005470724605F470456545A3F10203E8D8A3
:10B08000002F73D00468C1E7DD075BD490F82C7003
:10B090001E46BFB2002E42D021B14D7811F8027B7E
:10B0A00047EA0527456895F808C0022E0CF1FF3CD9
:10B0B0004FEA0C3C0CBF47F0805547F010451FFA93
:10B0C0008CFC6563023E09E012B10EF8014B72463A
:10B0D000013B05F47045654516D90468E56A15F02D
:10B0E000F00FF6D013F0010FA46B9646ECD12AB105
:10B0F0000EF8024BC4F307245470724605F47045F1
:10B100006545A3F10203E8D84EB10468C4E72AB14B
:10B1100004F8021BC1F3072151702246023B7BB1A8
:10B120000168CC6A14F0F00FF9D0DD07896B144682
:10B13000EDD512B104F8011B2246013B002BEFD1E3
:10B14000BDE8F08179B311F8015B012B18BF45F020
:10B150000045656390F82C705E1E9AE7C1F30725E1
:10B160001AB104F8025B51702246023B002BE7D073
:10B170000168CC6A14F0F00FF8D0DE07896B144632
:10B18000ECD512B104F8011B2246013BEEE799B160
:10B1900011F8015B012B18BF45F00045656390F87D
:10B1A0002C605F1E2DE790F82C70012B1ABF47F022
:10B1B000004565636763CFE790F82C60012B1ABFE9
:10B1C00046F0004565636663EBE700BF00041F803F
:10B1D00010B400248460C460046144618461C4616B
:10B1E0000462446284628485046344638463C46348
:10B1F000C0E900125DF8044B704700BF436810B40B
:10B200001C685A682168114302682160164C17496E
:10B210001460D160164C174914611160417A164AC6
:10B220005C180C3194F82CC053F8214002EBCC018F
:10B2300049680C60017A5C1803EB810194F818C02E
:10B24000CC6902EBCC0149680C60817A5DF8044B53
:10B25000581803EB810390F84000596C02EBC002D0
:10B2600053681960704700BF01401F00011000388B
:10B270000110007800001F808C17050010B4426890
:10B2800090F809C0104B944400219CF82CC003EBAB
:10B29000CC0CDCF80440216090F808C094449CF881
:10B2A00018C003EBCC0CDCF804402160847A006801
:10B2B0002244064C92F8402003EBC2035B681960FD
:10B2C00004605DF8044B70478C17050001401F00B7
:10B2D00030B5254B4468A34210D0437A234493F8F9
:10B2E0002CE08E4509D004F12B02002312F801CF87
:10B2F0008C4519D00133042BF8D130BD0B292CD04B
:10B30000072907D1194A137823F0030343F00103F7
:10B310001370E2E71C29E0D1144A137823F00303E9
:10B3200043F002031370D8E7226811686268114283
:10B3300011D00F4A02EBCE0E0025DEF804100D608E
:10B34000E11891F82C1002EBC10203F10C015568D1
:10B3500054F821202A60437230BD044A137823F048
:10B3600003031370B9E700BF38140500591FFF1F0E
:10B370008C17050030B5254B4468A34210D0037AE2
:10B38000234493F818E08E4509D004F117020023F6
:10B3900012F801CF8C4519D00133042BF8D130BD00
:10B3A0000C292CD0082907D1194A137823F00C0353
:10B3B00043F004031370E2E72729E0D1144A13781D
:10B3C00023F00C0343F008031370D8E722681168D8
:10B3D0006268114211D00F4901EBCE0E04EB030C51
:10B3E000DEF80420002515609CF818C004EB8302E9
:10B3F00001EBCC01D4694A681460037230BD044A81
:10B40000137823F00C031370B9E700BF381405005C
:10B41000591FFF1F8C1705002A4A43689A4230B40F
:10B4200013D0827A1A4492F840208A420BD093F8C3
:10B4300040C08C4525D093F841C08C453BD093F853
:10B4400042C08C453AD030BC70470D2913D00E292C
:10B4500007D11D4C227822F0300242F010022270F7
:10B46000DFE71B29DDD1184C227822F0300242F0B0
:10B4700020022270D5E7144C227822F0300222708C
:10B48000CFE700218C461C6825685C68254210D0F7
:10B490000E4C04EBC20200255268156003EB0C024F
:10B4A00003EB8C0392F8402004EBC2045A6C6368EF
:10B4B0001A608172C7E701218C46E4E702218C46BD
:10B4C000E1E700BF38140500591FFF1F8C17050066
:10B4D0000BB1FFF787BD704770B4826B4B4B12798D
:10B4E000DA77426B12791A77826B12791A77026BCC
:10B4F0002AB34368DB689A4244D9446B816BD21A01
:10B50000236802631D6800F12C04A5424FF001027C
:10B510005AD00468E56815F0804F1D682AD12D784F
:10B520001E6845F0004501361E606563374B09799A
:10B53000D97612B1426B1279DA7670BC7047016825
:10B54000334CC36B0A63CC62CC6824F08044CC607B
:10B550001C68304924684FF0030C8C4280F82DC0E1
:10B560003AD1197F5A600229DA603AD170BC9A68E0
:10B57000184610472D881E6845F0004502361E60AB
:10B580006563D3E7436B1B68DC8B260402F1FF3154
:10B5900033D4C1F30E01D983DC8B816BA4B2DC827E
:10B5A0000C68E58B2D0420D4C2F30E05E583E58BF2
:10B5B000ADB2E5821D680024013A046300F12C0459
:10B5C00018BF0122A542A4D10368DC6890F82C4082
:10B5D00044F000445C63A9E718461146234670BC5A
:10B5E000184770BC184600F017BDE58BC2F308067B
:10B5F00005F47E453543E583D9E7DC8BC1F30801CB
:10B6000004F47E442143D983C6E700BF0080004094
:10B6100000000FFFCDAF030008B50248FFF75CFF45
:10B6200008BD00BFE81DFF1F08B50248FFF754FF23
:10B6300008BD00BF281EFF1F08B50248FFF74CFFDA
:10B6400008BD00BF681EFF1F08B5084A0849094821
:10B65000FFF7BEFD084A09490948FFF7B9FD094A45
:10B6600009490A48FFF7B4FD08BD00BF38140500BA
:10B6700000C00240E81DFF1FCC14050000D00240AE
:10B68000281EFF1F6015050000C00A40681EFF1F2E
:10B69000184B70B553F83160044600206060A16318
:10B6A000C8B206F58071E16206F18001A16253F82B
:10B6B0003230E26303F18002226303F58072626339
:10B6C00040F6C412012562624FF448716422A16100
:10B6D0002262E261C6F800512946C3F88050256015
:10B6E00002F020F894F83C00294602F01BF82046AE
:10B6F00070BD00BF8C170500034A044B914298BFF0
:10B700000B464362704700BF1FA1070020A107003E
:10B71000002910B40CDB0D4C026BA1424FF0010369
:10B72000A8BF214603605DF8044B13608161704738
:10B73000074B426B4FF0FF3499420460B8BF194683
:10B74000012414605DF8044B81617047E0930400AC
:10B75000206CFBFF4368C91A10B40ED4026B01239E
:10B760000360136042685DF8044B81EAE173A3EB68
:10B77000E1731144C16003617047436B4FF0FF34C4
:10B78000012204601A60EDE7002910B40EDB026BA1
:10B7900001230360136043685DF8044B81EAE172A2
:10B7A000A2EBE1720B44C36002617047436B4FF040
:10B7B000FF34012204601A60EDE700BF704700BF4C
:10B7C000024B186803681B68184700BFAC1EFF1FB8
:10B7D000024B586803681B68184700BFAC1EFF1F68
:10B7E000024B986803681B68184700BFAC1EFF1F18
:10B7F000024BD86803681B68184700BFAC1EFF1FC8
:10B80000426808B55AB1154B13441B113033DBB2F3
:10B81000303B032B03D8DFE803F01115190D104B53
:10B820001B6800220260ABB10121084698474FF027
:10B83000FF3008BD0B4B0360032008BD0A4B0360BB
:10B84000002008BD094B0360012008BD084B0360C0
:10B85000022008BD4FF0FF3008BD00BF008FFCBFC5
:10B86000A81EFF1F30710340007103401071034098
:10B8700020710340F0B58DB02F4B304A0093071D67
:10B8800004460E4608A802A906930292C4F70AFECF
:10B890002B4A06A9384600F03FFE069B0546DB68AA
:10B8A00008A89847009B02A8DB6898475DB9254B1C
:10B8B0001B682BB103210120984703200DB0F0BD78
:10B8C00003200DB0F0BD2046FFF79AFF1E4B6168C4
:10B8D00043F820602022227221B11C4B0B441B1123
:10B8E0001B495A541B4B53F82030029302A91A4BA0
:10B8F000009308A80693C4F7D5FD114A06A9384657
:10B9000000F00AFE069B08A8DB689847009B02A887
:10B91000DB689847236833B19A68002022F002025E
:10B920009A600DB0F0BD074A1268002AF4D00221D7
:10B93000012090472368EFE7C80F0500BDB703005B
:10B9400000879303A81EFF1FAC1EFF1F008FFCBFC4
:10B9500030E400E004160500F415050010B4144CA2
:10B9600022780ABB134B4FF6FF711A6010209960C2
:10B97000D30003F1804303F560330132D96821F02D
:10B980008001D960D968082A21F04001D960D860C7
:10B99000EED1084B4FF0E0220D2018604FF480618B
:10B9A0000123C2F8041123705DF8044B704700BFF7
:10B9B000BC1EFF1F00800340074A002352F8041FEB
:10B9C00021B10133082BF9D118467047034A42F8D8
:10B9D00023001846704700BFBC1EFF1FC01EFF1F7C
:10B9E000072812D810B472B6C30003F1804303F5E0
:10B9F00060330649DA68002422F04002DA6041F838
:10BA0000204062B65DF8044B70477047C01EFF1FB0
:10BA100070B50D4D0024E30003F1804303F560335E
:10BA2000DA6802F0C002C02A09D155F82400DA68A9
:10BA3000066822F040023668DA602146B0470134D9
:10BA4000082CE8D170BD00BFC01EFF1F2DE9F041DA
:10BA50001F46134BC36100254FF47A73056280F8CB
:10BA60002850C5624362044608460E46904609F0D7
:10BA700067F81A2807D9257084F81A8084F830707E
:10BA80002046BDE8F081421C3146204601F0BCFB57
:10BA900084F81A8084F830702046BDE8F08100BF39
:10BAA000E80E050070B5C56A234BC3610446002D3E
:10BAB00032D06E68013E6E6076BB2B681F4ADB6A2F
:10BAC00093422FD1A86D10B106F0F2FAAE652B6D3E
:10BAD00023B305F11800FCF739FFE56AE5B12B68DF
:10BAE000174A5B68934224D1A86D164B2B6018B19E
:10BAF00006F0DEFA0023AB652B6D05F11806A3B145
:10BB00003046FCF723FF104BAB603046FCF71EFFBE
:10BB10005C21284601F0FCFC204670BD6B6D002BBB
:10BB2000D7D1DAE728469847D7E76B6D002BE7D1E6
:10BB3000E9E728469847EFE7E80E0500D104000042
:10BB4000190D0000140F0500A00E05002DE9F041AD
:10BB50000446006984B000285ED01F4603680E4684
:10BB6000904665491A6B8A4254D1026D002A60D012
:10BB7000B8F1020F4AD93A681D6A604B9D424FD115
:10BB8000036D002B5CD011461846FBF7ADF800287A
:10BB90004BD02369002B6DD01A689568584A95429E
:10BBA00040F08880186D00286AD042463146FAF786
:10BBB00089FE0346002B5DD008F1FF38B446002211
:10BBC00001E042450DD29CF800E0BEF10A0F654647
:10BBD0000CF1010C5DD0BEF10D0F69D001329A421B
:10BBE000EFD12069002838D00268464912698A429C
:10BBF0002ED1026D002A63D0117808072DD5D069A7
:10BC00005269801A27D5002306F80830032004B0B3
:10BC1000BDE8F081904720BB022004B0BDE8F08170
:10BC200000230093A8470028B3D1042004B0BDE846
:10BC3000F081426D002AEFD0B8F1020F9BD8E5E702
:10BC4000406D0028F1D0F8F7FFFC0028A1D1ECE707
:10BC500003939047039B0028D5D10022F25407207C
:10BC6000D5E7B8F1020FD1D920693A680028DCD0B5
:10BC7000036881E700230720337004B0BDE8F0813A
:10BC8000586D002834D042463146F8F7F1FB0346A0
:10BC900090E70D210020531C2870F45C8C4208BFF3
:10BCA0001A463B68013313443B6004B0BDE8F081A1
:10BCB0000A21EFE7184642463146A847034679E78E
:10BCC000426D002AC9D092F831100907C5D5116814
:10BCD0001069401A5169526861EB0202B0F1004FDD
:10BCE00072F10002B7D36FF0004000288BD1B4E7A7
:10BCF0004FF0FF3360E700BF61040000F10D00006A
:10BD0000C90A0000DD0B0000F0B583B00023074630
:10BD10000D461446019300F11C0601AB224629464C
:10BD20003046FFF713FF0028F7D0072806BF002092
:10BD300001230023F876184603B0F0BD90B170B52A
:10BD4000054608F0FDFE441E2C190AD2002602E02A
:10BD5000AC42667005D314F8010907F067FE0028AD
:10BD6000F6D170BD704700BF2DE9F84314468046F8
:10BD70001A468946089B21461C30FFF7E7FE074616
:10BD800008B1072818D1002C41D0264614F8015BD1
:10BD9000284607F04BFE0028F7D13B2D03D0232D7A
:10BDA00001D05B2D0DD0072F09BF0523002088F897
:10BDB0001B300120BDE8F88388F81B000120BDE896
:10BDC000F883013635460136287807F02FFE044601
:10BDD0000028F7D15D21284608F0A2F80028E2D01B
:10BDE00004702846FFF7AAFF98F8303049462846E5
:10BDF00043B908F06BF80028D5D1002388F81B3030
:10BE00000120D7E708F080FC0028CCD1F5E72378A3
:10BE1000FFDE00BF2DE9F84307461AB11C46137830
:10BE200016462BB90623FB7601242046BDE8F8838D
:10BE30000A9B089A88461C302146FFF787FE8146F8
:10BE400008B1072833D1002C41D023461C78204666
:10BE50001D4607F0EBFD6B1C0028F7D13B2C1FD0D3
:10BE6000232C1DD0B8F1000F01D05B2CDAD03D217E
:10BE7000284608F055F8804690B100230370284604
:10BE8000FFF75CFF97F8304031462846A4B108F030
:10BE90003BFC28B9099A08F101031360F876C4E75E
:10BEA000B9F1070FBED000242046BDE8F883012475
:10BEB000F8762046BDE8F88308F008F80028EFD1AE
:10BEC000099A08F101031360FC760124ADE7237899
:10BED000FFDE00BF2DE9F041054688B0C06A0F9F24
:10BEE0001E4600230793D0B1036890461B6B394A66
:10BEF00093420FD1036D002B4BD03C79012C4ED0D7
:10BF0000022C1DD094B10823EB760124204608B002
:10BF1000BDE8F0810591984705990028EDD10223ED
:10BF2000EB760124204608B0BDE8F08100290CBF63
:10BF30000223012320463B713C6008B0BDE8F0813C
:10BF400007AB01930E9B0093029733464246284667
:10BF5000FFF760FF044600282FD0EB7E002BD4D1E2
:10BF6000079D002D31D02F4615F8010B07F05EFD1F
:10BF70000028F8D138460797FFF7E0FE3B782BB151
:10BF800006F8013B17F8013F002BF9D1002333706D
:10BF9000C8E7436D002BC2D03C79012CB0D189B1E8
:10BFA0000E9B009732462846FFF7DEFE28B1EC7E56
:10BFB000002CAAD102233B71B4E70024204608B02C
:10BFC000BDE8F0810523EB76ACE72846FFF7B6FE27
:10BFD0002B78FFDE610400002DE9F04385B01D469B
:10BFE000DDF83080002304460F46164602938DF894
:10BFF0000C300DF10809CDE900892B46324639464F
:10C000002046FFF767FF0028F5D0E07EB0FA80F009
:10C01000400905B0BDE8F083EFF3108272B6437FAC
:10C020005BB9017F012930B40BD0032913D0012360
:10C03000437702B962B630BC70470AB962B670473E
:10C040007047124C2168B1B1114943610B6883619B
:10C0500008605861EBE70F4D0F492C688CB14361C4
:10C060000B68836158614FF0E0234FF08054086003
:10C07000C3F8044DDBE7064B416181612060186025
:10C08000D5E7446184612860EDE700BFE01EFF1F33
:10C09000F01EFF1FE81EFF1FE41EFF1F70B5EFF329
:10C0A000108272B60C4C206880B10C4E002543699A
:10C0B000236073B19D6102B962B683684577984782
:10C0C000EFF3108272B620680028F0D102B962B690
:10C0D00070BD3360EFE700BFE81EFF1FE41EFF1FC7
:10C0E000FFF7DCBF024A136801331360704700BFDB
:10C0F0005C1FFF1F0368C9B21B6818470368C9B2F9
:10C100001B6818470368C9B21B6818470368C9B29F
:10C110001B681847084B10B503EB51030446B3FBEB
:10C12000F1F001F021FC054B1B7803B110BD204656
:10C13000BDE8104003F0F6BF002A75155D08FF1F2B
:10C1400008B5084601F054FE012008BD08B50846B0
:10C1500001F04EFE012008BD38B508460D4608F036
:10C16000EFFC04460146284601F04CFE204638BD4F
:10C1700010B508461446114601F044FE204610BD95
:10C180000846114602F06CB80846114602F04CB859
:10C1900001F064BF08B5084601F000FE003818BF82
:10C1A000012008BD08B5084601F0D6FD003818BFCB
:10C1B000012008BD0846114601F04CBD084601F0BB
:10C1C00093BD00BF084601F029BD00BF01F0AABC25
:10C1D00010B50648144600EB5100B0FBF1F001F039
:10C1E000C3FB2046BDE8104001F03EBC002A751597
:10C1F00001F00EBF01F0C6BE01F0B0BE01F08ABE74
:10C2000001F094BE084B10B503EB51030446B3FB99
:10C21000F1F002F035F8054B1B7803B110BD204654
:10C22000BDE8104003F07EBF002A75155E08FF1FB1
:10C2300008B5084602F02AFA012008BD08B50846EC
:10C2400002F024FA012008BD38B508460D4608F072
:10C2500077FC04460146284602F094FA204638BD91
:10C2600010B508461446114602F08CFA204610BD5F
:10C270000846114602F0B4BC0846114602F094BCD0
:10C2800002F0ACBB08B5084602F0D6F9003818BF7A
:10C29000012008BD08B5084602F0ACF9003818BF07
:10C2A000012008BD0846114602F034B9084602F0E4
:10C2B00073B900BF084602F011B900BF02F0AAB876
:10C2C00010B50648144600EB5100B0FBF1F001F048
:10C2D000D7FF2046BDE8104002F03EB8002A751591
:10C2E00002F056BB02F00EBB02F0F8BA02F0D2BA6E
:10C2F00002F0DCBA0368064A1B68934205D110B508
:10C30000C8B202F0C3F9012010BDC9B2184700BF7E
:10C310003DC203000368064A1B68934205D110B56D
:10C32000C8B202F0B3F9012010BDC9B2184700BF6E
:10C330003DC203000368064A1B68934205D110B54D
:10C34000C8B202F0A3F9012010BDC9B2184700BF5E
:10C350003DC203000368064A1B68934205D110B52D
:10C36000C8B202F093F9012010BDC9B2184700BF4E
:10C370003DC20300084B10B503EB51030446B3FB69
:10C38000F1F002F0B3FC054B1B7803B110BD204661
:10C39000BDE8104003F0C6BE000E27075F08FF1F70
:10C3A00008B5084602F00EFE012008BD08B5084693
:10C3B00002F008FE012008BD38B508460D4608F019
:10C3C000BFFB04460146284602F006FE204638BD63
:10C3D00010B508461446114602F0FEFD204610BD79
:10C3E0000846114602F072BF0846114602F052BFDD
:10C3F00002F0AABE08B5084602F0C4FD003818BF16
:10C40000012008BD08B5084602F09AFD003818BFA3
:10C41000012008BD0846114602F062BD084602F040
:10C420008DBD00BF084602F03FBD00BF02F008BD51
:10C4300010B50648144600EB5100B0FBF1F002F0D5
:10C4400055FC2046BDE8104002F09CBC000E2707BA
:10C4500002F054BE02F00CBE02F0F6BD02F0D0BDF8
:10C4600002F0DABD0368064A1B68934205D110B595
:10C47000C8B202F0A7FD012010BDC9B2184700BF25
:10C48000ADC303000368064A1B68934205D110B58B
:10C49000C8B202F097FD012010BDC9B2184700BF15
:10C4A000ADC303000368064A1B68934205D110B56B
:10C4B000C8B202F087FD012010BDC9B2184700BF05
:10C4C000ADC303000368064A1B68934205D110B54B
:10C4D000C8B202F077FD012010BDC9B2184700BFF5
:10C4E000ADC30300704700BF704700BF704700BF77
:10C4F000704700BF704700BF38B5064CA4F1600517
:10C5000054F8083C2046DB68183C9847AC42F7D109
:10C5100038BD00BF481FFF1F2DE9F041036888B0F8
:10C5200004461746002B3DD000229A600122DA60B3
:10C53000294DDFF8BC801D442D1151F8083B0293B2
:10C5400005EB4506F60004A85B68984758F80630E6
:10C5500006F108004044DB6801909847029B1F4A9F
:10C56000029204A9019848F806309B689847029BFC
:10C5700004A8DB689847236819491F6003229A6062
:10C5800005F13002531103F1382320796854403308
:10C5900001209B0002F01F0200FA02F21A6008B0AC
:10C5A000BDE8F0810F4AD36B43F40003D36300BFAF
:10C5B0000D4B01221A6003F580730C4A03609868E2
:10C5C0000028B5D0103393422360F8D100202060BA
:10C5D00008B0BDE8F08100BF008FFCBF5017050018
:10C5E00030E400E0008004400070034040710340EC
:10C5F000F81EFF1F0368002B3DD02DE9F0431E4CB1
:10C60000DFF884801D4A1C44241104F130067311A4
:10C6100004EB4404E40003F1382389B060339F0045
:10C620004FF0010958F80430029206F01F06054643
:10C63000134A049209FA06F604F108004044DB6844
:10C640003E6001909847029B0E4A0292019848F87A
:10C65000043004A99B689847029B04A8DB689847AC
:10C660002A6800239360C2F80C90C7F800612B6021
:10C6700009B0BDE8F0837047008FFCBFC80F05000C
:10C68000E5C4030050170500F81EFF1F0448054AC3
:10C6900050F8083B01211B68C2F80C11184700BF75
:10C6A000F81EFF1F007003400448054A83690121FA
:10C6B0001B68C2F81C112030184700BFF81EFF1F6E
:10C6C000007003400448054A036B01211B68C2F84F
:10C6D0002C113830184700BFF81EFF1F00700340B0
:10C6E0000448054A836C01211B68C2F83C11503094
:10C6F000184700BFF81EFF1F00700340094B0A488F
:10C700000A4A0B4910B40B4C1C6098609C6118627B
:10C710001C6398639C6418655DF8044B002004F06A
:10C72000EDBC00BFF81EFF1FE5C403003007FF1F6C
:10C73000F9C40300C80F0500F8B50C4671B182B109
:10C7400006468F180025336814F8011B1B68304615
:10C750009847BC420544F6D12846F8BD0D46284608
:10C76000F8BD1546F8E700BF70B5012A8AB008BFCA
:10C770000A22A1B34FF0210E02E05FFA86FE29469D
:10C78000B1FBF2F502FB15145FFA84FC092C0CF1E5
:10C79000300498BF5FFA84FC0EF1280488BF0CF1C6
:10C7A000370C6C4488BF5FFA8CFC91420EF1FF3667
:10C7B00004F824CCE1D24BB10EF1FF3E5FFA8EFEBD
:10C7C0000EF128036B442D2203F8242C036801A9E1
:10C7D0005B68CEF12202714498470AB070BD3022E6
:10C7E0008DF825204FF0210EE5E700BF2DE9F0413F
:10C7F0008C688AB0DCB10025884606462F462B4659
:10C80000212201A9404600F08DFB3368202C2246EE
:10C810005B6828BF202201A930461544A41A984716
:10C820000744002CEBD138460AB0BDE8F08127461A
:10C8300038460AB0BDE8F0810029BABF49422D232D
:10C8400000230A22FFF790BF00B5036883B040F6CB
:10C850000D22ADF804205B68022201A9984703B0BD
:10C860005DF804FB034B022888BF034618461B688B
:10C870005B6818476008FF1F32B9036800B51B6882
:10C880005DF804EBC9B21847FFF76EBFFFFFFFFF6B
:10C890002DE9F04F55EC104B87B006460F4610EED1
:10C8A000102A10EE100A2B46294605F083F80028BE
:10C8B00040F0AA8025F000495F4B4FF0FF32204640
:10C8C000494605F077F848B95B4B204649464FF09A
:10C8D000FF3205F051F8002800F08D80574B4FF0E3
:10C8E00060422046294605F05BF800287AD1544B77
:10C8F0004FF060422046294605F034F8002871D1F7
:10C90000002200232046294605F02CF8002875D186
:10C910008246002F7BD00FF21819D9E900894949C6
:10C920004FF0000B00204B460BF1010B424604F088
:10C93000A7FD5FFA8BF3BB42F5D302460B462046B8
:10C94000294604F0E7FB0F2F28BF0F270D460446AA
:10C95000019705F06DF8074604F018FD02460B46F6
:10C960002046294604F0D4FB53460A2204460D46CD
:10C9700030463946FFF7F8FE019FDFF8D8902E23A6
:10C980008DF808300DF109027B1E824652FA83FBB6
:10C9900002AF4FF0000842464B462046294604F0BD
:10C9A0006FFD0D46044605F043F8C0B200F13003B8
:10C9B00007F8013F04F0FAFC02460B4620462946E0
:10C9C00004F0A6FBBB4504460D46E4D1019A33684A
:10C9D00001325B68D2B202A930469847504607B090
:10C9E000BDE8F08F336818495B680322304607B012
:10C9F000BDE8F04F184733681449F5E705F10043E7
:10CA00001D464FF0010A84E733681149ECE70D4BEE
:10CA100000222046294604F07DFB05F009F8534624
:10CA200001460A22304607B0BDE8F04FFFF79CBE32
:10CA3000000000A09999B93FFFFFEF7FFFFFEF4192
:10CA4000FFFFEFC10000E03F681705006417050015
:10CA5000601705000000244070B50E4D82B02B68B1
:10CA60000093009E044608E003F0E4FA2B6801936B
:10CA7000019BA2689B1B934207D2236820465B69F7
:10CA800098470028F0DB02B070BD4FF0FF3002B0D5
:10CA900070BD00BF5C1FFF1F2DE9F0410F46002154
:10CAA000064690461D46002400F0CEF805E012D060
:10CAB000E04510D000F0FAF90134AC42384600D31A
:10CAC0004DB9FFF7C9FFB0F1000C5FFA8CF13046A9
:10CAD000EDDA01233B733046BDE8F081524A2DE97F
:10CAE000F043A2FB00435B09A2FB0342C3EB031428
:10CAF0005209A0EB84004D4C0870C2EB0215A4FB58
:10CB0000024EA3EB85034FEA1E1E4B70484B494E65
:10CB1000494FDFF82C810EF10400A3FB00430EEB1C
:10CB20004E04A2EBC4028A70C21A03EB52039B08A4
:10CB3000C3EBC303C31A0020CB70024640F26D1949
:10CB40000DE0B7EBB40F48D3B8EB341F34BF4C46FD
:10CB50004FF4B7742244964500F101000FD35FFAF9
:10CB600080FC0CF2B27313F0030506FB03F4E8D06B
:10CB700040F26D142244964500F10100EFD22F4E91
:10CB80000CF1460CA6FB030681F806C0770995B3A5
:10CB90006420F60900FB17374FF4C87000FB163607
:10CBA00040F26D10AEEB020E70440122DFF894E00B
:10CBB00000230AE013F80E40844211D80C2AA0EB9F
:10CBC00004000ED001320133D2B2012B5FFA83FC94
:10CBD000F0D15DB9DFB11D2409E04FF4B774B9E7B6
:10CBE000624601304A710871BDE8F0831C24A042FE
:10CBF00017D3001BE6E7642000FB1737F6094FF454
:10CC0000C87000FB16363FB14FF4B770CAE7002E6C
:10CC100014BF1C241D24EAE7002EC1D14FF4B770C5
:10CC2000C0E70122DDE700BF89888888ABAAAAAAED
:10CC300025499224295C8FC2285C8F021F85EB5105
:10CC40000AD7A3006C170500F8B500260446066055
:10CC50004660866029B108460D4607F071FF074619
:10CC600008B92046F8BD013005F01AFA0028F8D0BE
:10CC7000C4E900070670A760294607F0AFFE20460A
:10CC8000F8BD00BFF8B588424FF0000504460560C6
:10CC90004560856002D08E680F680EB92046F8BDE9
:10CCA000701C05F0FDF90028F8D0C4E900060570F5
:10CCB000A660394607F092FE2046F8BD30B5002543
:10CCC00083B004460560856002208DF804108DF85D
:10CCD000055005F0E5F950B1012220606260057051
:10CCE000A26001A907F07AFE204603B030BD606063
:10CCF000204603B030BD00BF10B50446006805F003
:10CD0000D7F9204610BD00BFF8B50446154632B924
:10CD1000036803B11A700023A3602046F8BD43687E
:10CD20009A420E461CD90068511C05F085FC074646
:10CD300060B1A368206065600BB903702768A560C7
:10CD40003146384607F04AFE2046F8BD206810B14B
:10CD500005F0AEF9276000236360A3602046F8BDAC
:10CD60000768A5603146384607F038FEECE700BF9B
:10CD7000814203D08A680968FFF7C6BF704700BFC9
:10CD8000884238B505460ED000680C4608B105F05B
:10CD90008FF9D4E90012A068A8600023C5E9001249
:10CDA00023606360A360284638BD00BF38B50546E0
:10CDB0000C4649B1084607F0C3FE21460246284604
:10CDC000FFF7A2FF284638BDA960284638BD00BF3E
:10CDD00030B5436883B0002204468DF804108DF806
:10CDE00005204BB105680123A36001A9284607F07F
:10CDF000F5FD204603B030BD0068022105F01CFCA3
:10CE0000054640B1A368206001226260002BEAD190
:10CE100003702568E7E7206810B105F049F925603F
:10CE2000002320466360A36003B030BD2DE9F843C2
:10CE300004460068A36888420D46164609D8C21801
:10CE4000914206D20F1A4FF0010936B92046BDE8CB
:10CE5000F8834FF00009002EF8D0626803EB060853
:10CE600090450CD908F1010105F0E6FB0028EDD052
:10CE7000A368C4E9000813B903702068A368B9F176
:10CE8000000F08D12946184407F0A8FDC4F808800F
:10CE90002046BDE8F8833246C119184400F0B4F9C1
:10CEA0002368002203F80820F0E700BF10B582B025
:10CEB00000238DF80410012201A904468DF80530E5
:10CEC000FFF7B4FF204602B010BD00BF10B58A685E
:10CED00009680446FFF7AAFF204610BD826808B51E
:10CEE0000B463AB161B1006807F00EFCB0FA80F071
:10CEF000400908BD31B11878B0FA80F0400908BD8A
:10CF00000368F8E7012008BD83688B4203D90068F5
:10CF100008B108447047024800230370704700BFFF
:10CF2000581FFF1FBAB138B50C4621B185689D4224
:10CF300002D800230B7038BDED1A02F1FF3C0168E6
:10CF4000654528BF654619442A46204607F0AEF8D5
:10CF50000023635538BD7047836843B110B504683A
:10CF60000968204607F06EFA20B1001B10BD4FF093
:10CF7000FF3070474FF0FF3010BD00BF2DE9F0418A
:10CF80008F6897420E46054602D213463A461F4620
:10CF90000023AB60B0682B6090426B6014D3874273
:10CFA00028BF0746316811F80780CB5533689C18B5
:10CFB0000DD0204607F0C4FD214602462846FFF763
:10CFC000A3FE336803F807802846BDE8F081AC6013
:10CFD000F8E700BF9A422DE9F04105460E4602D916
:10CFE00011461A460B460021A960B768296097428E
:10CFF000696014D39F4228BF1F46336813F8078027
:10D00000D95533689C180DD0204607F099FD21466C
:10D0100002462846FFF778FE336803F80780284663
:10D02000BDE8F081AC60F8E730B5194B0FCB85B0A7
:10D030006C4684E80F00174B5A7891071BD51A7875
:10D04000144D12F0700218BF1A7000F031FA8021EE
:10D050000023E97112222B710523EA72AB7272B6BA
:10D0600044F001042846A04762B600F037FA2B7856
:10D0700013F0700309D1084B064901E0013B02D0CF
:10D080004A78D207FAD505B030BD2B7005B030BD57
:10D090007C17050000000240410D0300B0F5805FE1
:10D0A00011D210B5094B5B78DB07044604D504F1B7
:10D0B000A0542078C0B210BD04F1A054FFF7B4FF13
:10D0C0002078C0B210BD0020704700BF00000240B1
:10D0D000B1F5805F80F08C802DE9F843454B5B789B
:10D0E0000446D8070F4690460D4623D5B8F5805F15
:10D0F000464628BF4FF48056BB19B3F5805F16D261
:10D10000B8F1000F11D03B4F15F0030329D0022BCB
:10D1100013D005F1A05814F8019B98F800304B4546
:10D1200039D1013E0135002EEED1BDE8F883C7F5B7
:10D130008056E8E7FFF778FFD8E7012EE9D0A04650
:10D1400005F1A05918F8023B6178B9F8002043EACC
:10D150000124A2422ED1023E02354446002ED3D1F4
:10D16000E3E7032EE9D9A046607818F8043BA178DC
:10D17000E27805F1A05943EA002444EA0144D9F8D1
:10D18000003044EA0264A34223D1043E04354446FD
:10D19000002EB9D1C9E700F08BF93B7813F070038A
:10D1A00018BF3B7088F800907B78DB07FCD500F057
:10D1B00095F9B6E700F07CF93B7813F0700318BFDF
:10D1C0003B70A9F800407B78DA07FCD500F086F9BF
:10D1D000C1E700F06DF93B7813F0700318BF3B70A6
:10D1E000C9F800407B78D907FCD500F077F9CCE787
:10D1F000704700BF0000024008B5F5F7A9FDF0F741
:10D2000099FF02F017FFFAE701B441EA000313F0B7
:10D2100003036FD1403A41D351F8043B40F8043B3B
:10D2200051F8043B40F8043B51F8043B40F8043B00
:10D2300051F8043B40F8043B51F8043B40F8043BF0
:10D2400051F8043B40F8043B51F8043B40F8043BE0
:10D2500051F8043B40F8043B51F8043B40F8043BD0
:10D2600051F8043B40F8043B51F8043B40F8043BC0
:10D2700051F8043B40F8043B51F8043B40F8043BB0
:10D2800051F8043B40F8043B51F8043B40F8043BA0
:10D2900051F8043B40F8043B403ABDD2303211D340
:10D2A00051F8043B40F8043B51F8043B40F8043B80
:10D2B00051F8043B40F8043B51F8043B40F8043B70
:10D2C000103AEDD20C3205D351F8043B40F8043B40
:10D2D000043AF9D204320AD0D2071CBF11F8013B3C
:10D2E00000F8013B03D30B7803704B78437001BC0B
:10D2F000704700BF0C2A4AD310F0030311D0C3F1CA
:10D300000403D21ADB071CBF11F8013B00F8013BF4
:10D3100007D311F8013B00F8013B11F8013B00F87D
:10D32000013B11F003033FF475AF30B4043AC91A5E
:10D33000C3F1040C51F8044B022B19D0032B0BD072
:10D34000240A51F8043B1D0644EA050440F8044B46
:10D350001C46043AF4D216E0240E51F8043B1D0298
:10D3600044EA050440F8044B1C46043AF4D20AE0AF
:10D37000240C51F8043B1D0444EA050440F8044B16
:10D380001C46043AF4D20432B1EB0C0130BC043A2E
:10D39000A0D3013A11F8013B00F8013BF9D20B7818
:10D3A00003704B7843708B78837001BC704700BF6B
:10D3B00008B50F4C636B58030DD4636B59050FD43C
:10D3C000636B1A0511D4636BDB04F3D501F0CEFE59
:10D3D000636B5803F1D502F04BF8636B5905EFD539
:10D3E00000F060FE636B1A05EDD501F01BFBEAE768
:10D3F0000080044008B5FFF7DBFF00BF014B10229F
:10D400001A80704700200540704700BF0B490A682A
:10D4100048B108B5EC461318ACF50050834204D26D
:10D420000B60104608BD1046704707F02BF90C231F
:10D430004FF0FF320360104608BD00BF1C08FF1FFD
:10D44000002070474FF0FF30704700BF4FF400538B
:10D450004B600020704700BF012070474FF0FF3045
:10D46000704700BFFEE700BFFEE7FFFFEFF3138347
:10D47000CBB9EFF31080A0B9EFF3058343B94FF4B4
:10D480008070EFF311835BB1984228BF1846704754
:10D490000F2BF6D9054AD05CEFF31183002BF3D1A3
:10D4A0007047184670474FF0FF307047F0E300E0D8
:10D4B000074BDA78802A01D00020704705490648DA
:10D4C000486400225A70DA78802AFCD00120704724
:10D4D00000E007400080044000002822074BDA7873
:10D4E000012A01D00020704760225A70DA78802A21
:10D4F000FCD1034B034A5A640120704700E0074007
:10D50000008004400000060204F0CABD04F0C8BD5B
:10D5100004F0CEBD01F1FF3C70B56546002401E08A
:10D5200070460134B0FBF2FE02FB1E03092B03F12F
:10D5300030068ABF3733F3B2DBB2904205F8013FC1
:10D54000EED2631C0022CA54C8187CB162461CF893
:10D55000015F10F801ED8CF800E0A1EB0C03023242
:10D56000013B521A23449A420570EFDB084670BD16
:10D57000024B103043F82010704700BF0002FF1F1D
:10D58000014B1868704700BF00D00340034B0022D6
:10D5900010215A615A6018605961704700D00340E9
:10D5A000704700BF4FF0E02C2DE9F0414FF00068CC
:10D5B000CCF804814FF08058CCF804814FF000582B
:10D5C000CCF804812F4A3049304C314D314E4FF068
:10D5D0008048CCF80481282300204EF6FF7E0927DE
:10D5E0004FF00048CCF804814860C1F808E0CB60F7
:10D5F0004B61CB614B62CB624B63CB634B64D360BB
:10D600005361D3615362D3625363D36353640F6036
:10D610006860C5F808E0EB606B612F606060C4F87B
:10D6200008E0E360636127605060C2F808E0D360FF
:10D6300053611760F16A41F40071F162716802F59B
:10D64000803241F00071716047F6FF74082150602C
:10D6500082B09460D3605361116002F08BFDFFF7DC
:10D660009FFF0D4C23680093009B132BFAD902F007
:10D67000B9FA23680193019BB3F5967FF9D302B001
:10D68000BDE8F08100900B400080034000800B401B
:10D6900000900340008004405C1FFF1F3F2818D803
:10D6A00010B4124B53F8302092F8804234B1012369
:10D6B00081B982F800315DF8044B704703EBC00379
:10D6C0005B681A6859B142F003025DF8044B1A60B6
:10D6D0007047704782F880305DF8044B704722F045
:10D6E00002025DF8044B1A60704700BF8C170500FA
:10D6F0003F2805D8034B53F83030012283F88021AE
:10D70000704700BF8C1705003F2806D8044B53F81C
:10D71000303093F80002C0B270470020704700BF5D
:10D720008C1705003F2820D81B4A02EBC0030129B3
:10D730005B680FD004291DD052F83000002280F819
:10D74000802299B1022922D003290DD14FF4817290
:10D750001A60704752F830004FF4A27280F88012BD
:10D760001A601A6822F020021A6070474FF4807223
:10D770001A60704752F830104FF4A272012081F8FD
:10D7800080021A601A6842F020021A60704740F264
:10D7900003121A60704700BF8C17050072B60E495D
:10D7A0004FF0E02293690868D2F8042D62B6520166
:10D7B00002D5322B88BF0130C3F52F33074A03F25D
:10D7C0001F334FF47A719B08A2FB032301FB00F087
:10D7D00000EB9300704700BF5C1FFF1F176CC11662
:10D7E0002DE9F843044672B6214F4FF0E0229369C9
:10D7F0003D68D2F8042D62B6520102D5322B88BFA3
:10D8000001350CB9BDE8F883DFF86890DFF868806F
:10D81000A9EB03039B08A8FB03234FF47A7202FBD6
:10D8200005F505EB93054FF0E02672B6B1693A684D
:10D83000D6F804CD62B6A9EB01039B08A8FB03034D
:10D840001CF0806FC5EB93034FF47A7002D032293D
:10D8500088BF013200FB0233B3F57A7F04D3013C69
:10D86000D0D005F57A75E0E702F0E4FBDDE700BF14
:10D870005C1FFF1F1FBF0200176CC1162DE9F84F78
:10D88000314B1B6807460BB101221A70DFF8D090AC
:10D89000DFF8D08099F80040D8F800302B4D0134E3
:10D8A0009C422B782AD303F0FF0A002B3ED154462A
:10D8B000274EDFF8A8B005E033791B0623D42B7878
:10D8C000A3420AD1FFF7D2FD4028F5DDFF28F6DD9F
:10D8D00002F0B0FB2B78A342F4D03F2C29D91D4B8A
:10D8E000403C1B68FFB21F551B4A194B01211170A8
:10D8F000BC2289F800A0DA70BDE8F88F9C425FFA7C
:10D9000084FAD5D0E9E72B78D8F800105A1C8A425F
:10D91000DBB203D23F2A10D8D1B201E000210A467F
:10D920001BF80230DBB2F3712970C8E74FF0000A30
:10D9300054460A4BFFB21F55D6E7D1B2054A3F3BCA
:10D940001268D35CDBB2EEE7B01FFF1F0020FF1FA1
:10D9500000A00640FC1FFF1FB41FFF1FB81FFF1FC2
:10D96000F81FFF1F2C08FF1F324A3349536B70B456
:10D9700043F48063314D5363314E324C327800238F
:10D980002B700B70304923700B703049152A0B70C7
:10D990002ED01B2A48D0002A41D02D4B1B78052BB6
:10D9A0002ED01A2B36D0012B2FD02028294B2A4CD1
:10D9B00038BF2020C0F3443C83F800C0C0F3471CAC
:10D9C00000F01F0083F801C00422987202209A70B0
:10D9D000D87488205A754FF0E021187440223C20FA
:10D9E000D870E2774FF0004370BCC1F80031704747
:10D9F0001A4B40F213329A61154B1B78052BD0D18C
:10DA0000164B4FF45172DA61CFE7154B4FF4517258
:10DA10005A64CAE7134B4FF451729A63C5E7104B2F
:10DA200040F213321A64B8E70E4B40F21332DA6355
:10DA3000B3E700BF00800440AC1FFF1FA41FFF1FFF
:10DA4000AD1FFF1FF81FFF1F0020FF1FB41FFF1F88
:10DA50003008FF1F00A0064000E400E000C00440C2
:10DA600000A0044000900440294B9B7800F0030282
:10DA700003F0EC031343410700F00F02244948BFB1
:10DA800043F01003042A8B7003D18B7943F04003D9
:10DA90008B711F4B5B79C20603F0EF031C4A48BF32
:10DAA00043F0100353719379194A03F0EF0310F018
:10DAB000200C18BF43F010039371C30506D55378AB
:10DAC0001178DBB241F020011170537010F4007036
:10DAD00017D00F490F488B780F4A43F0A0038B7083
:10DAE00003780E4902EBC30240F24633506840F21D
:10DAF0004732BCF1000F08BF1346094A03600A60B1
:10DB00007047064B064A1968914208BF1860704773
:10DB100000A006403008FF1F8C170500B01FFF1F34
:10DB2000D400D442324B5B6B5B0531D510B5314C20
:10DB3000237823B102F07EFA2378002BFAD12E4A03
:10DB40002E4B4FF0E0204FF000440021C0F8804100
:10DB5000D1701B78152B3CD01B2B1FD04BB3284BFF
:10DB60001B7803F07F03052B3DD01A2B2CD0012B03
:10DB70000FD0244B204A244C2448196892F804C042
:10DB8000D27900232370037009B101230B7010BDFB
:10DB900070471F4B40F203125A64EAE71D4B40F2F4
:10DBA0000312DA63164B1B7803F07F03052BDCD1DD
:10DBB00019E0174B40F203121A64114B1B7803F063
:10DBC0007F03052BD1D10EE0124B40F203129A6372
:10DBD000CFE7114B40F203129A61094B1B7803F017
:10DBE0007F03052BC1D10C4B40F20312DA61C0E771
:10DBF00000800440B41FFF1F00A00640AD1FFF1FA0
:10DC00003008FF1F601FFF1FA41FFF1FAC1FFF1F57
:10DC100000A004400090044000C004400A4A38B507
:10DC20000546137803F0FF04002BFAD101212846A2
:10DC3000FFF778FD21462846FFF730FD034A044BE5
:10DC400052F835201A6038BDB41FFF1F8C1705002D
:10DC5000B01FFF1F09B140F080001E4A13788342B5
:10DC60001CD010B41C4C646B640513D503F07F0307
:10DC7000052B2BD01A2B25D0012B1FD0002900F00B
:10DC80007F0314BF60214421052B12D01A2B0BD027
:10DC9000012B04D010705DF8044B704770470F4B98
:10DCA00041F440715964F5E70D4B41F440719963BB
:10DCB000F0E70C4B41F44071D961EBE7074B0024CE
:10DCC0005C64DBE7064B00249C63D7E7054B00242C
:10DCD000DC61D3E73008FF1F0080044000A004404F
:10DCE0000090044000C00440164A137883420ED0CE
:10DCF0001549496B490509D5152B1FD01B2B19D088
:10DD0000ABB115280ED01B2807D008B11070704792
:10DD10000E4B40F213311964F8E70D4B40F213310A
:10DD2000D963F3E70B4B40F213319961EEE70749F2
:10DD30000B64E6E7064B0021D963E2E7054B0021BF
:10DD40009961DEE7AD1FFF1F0080044000A0044082
:10DD50000090044000C004400D4B5B6B13F48063E3
:10DD600013D03F2803D90B4B0020186070470A4B93
:10DD700010B5084C53F8303023600121FFF7D2FC76
:10DD8000236800221A70012010BD1846704700BF9A
:10DD900000800440601FFF1F8C170500104B5B6B59
:10DDA00013F4806312D012280BD0142810D10D4B1D
:10DDB00040F202325A610C4A537B012003435373F1
:10DDC00070470A4B40F20232DA60F4E718467047B7
:10DDD000054A537B03F0FE0300205373704700BFD6
:10DDE0000080044000C0044000A0064000A00440A1
:10DDF000034B5B6B5B0501D5FFF740BD704700BF70
:10DE0000008004402DE9F84F394B5B6B5A053CD537
:10DE1000384B1B680BB101221A704718B84231D237
:10DE2000354EDFF8EC80354CDFF8E09000F1010A68
:10DE300013E003F0FF0B53B34FF0000B5D46304A85
:10DE40001AF8013C535552462E490123BA420B7031
:10DE50000AF1010A86F800B014D23578D8F80030FB
:10DE60000135AB422378E4D9AB425FFA85FB0FD092
:10DE70003F2DE4D9244B1AF8012C1B68403D5A551C
:10DE80005246E1E7214BBC22DA70BDE8F88F5D46CF
:10DE90006FF0430389F8033006E099F804301B065D
:10DEA0000BD42378AB42E3D1FFF7E0FA4028F4DD4E
:10DEB000FF28F6DD02F0BEF8F3E72378D8F800106B
:10DEC0005A1C9142DBB203D93F2A0AD8D1B201E0F1
:10DED00000210A460A4B9B5CDBB289F807302170AF
:10DEE000DFE7D1B2084A3F3B1268D35CDBB2F4E70C
:10DEF00000800440B01FFF1FF81FFF1F0020FF1FFE
:10DF0000B81FFF1FB41FFF1FFC1FFF1F00A006400C
:10DF10002C08FF1F10B5044C237823B102F08AF8B7
:10DF20002378002BFAD110BDB41FFF1F084A094BFC
:10DF300011781A789142C8B2D3B202D2013B181AB2
:10DF40007047054A1268013A1344181A704700BF17
:10DF5000F81FFF1F0020FF1F2C08FF1F064A074B5A
:10DF600011781A789142D0B23CBF054A1268CBB200
:10DF700038BF9B18181A7047A41FFF1FAC1FFF1F44
:10DF80002808FF1F1B4B1C491A780B789A422ED089
:10DF900010B55FFA82FE194AD8B21268431C9A4241
:10DFA00019D93F2B1BD85FFA83FC1548C05CC0B25F
:10DFB00081F800C01349096861B19E453CBF7244B5
:10DFC000D31A114A126828BFAEEB03039A4201D359
:10DFD00000230B7010BD4FF0000C6346E5E70B4CBF
:10DFE0003F382468205C5FFA83FCC0B2E0E74FF062
:10DFF000FF307047A41FFF1FAC1FFF1F2808FF1F23
:10E00000641FFF1F601FFF1F2408FF1FA81FFF1FA3
:10E010000D4A0E4B11781B789942DAB211D00C4997
:10E020000968531C994207D93F2B06D9094B3F3A3F
:10E030001B68985CC0B270470023074AD05CC0B22E
:10E0400070474FF0FF307047A41FFF1FAC1FFF1F2A
:10E050002808FF1FA81FFF1F641FFF1F0C4B5B6BCF
:10E060005B0514D50B4B0C48DA78402102F0CB024B
:10E07000DA705974DA78094942F03402DA70084AE1
:10E0800003781268DBB20B700AB10023137070477B
:10E090000080044000A00640AC1FFF1FA41FFF1F0C
:10E0A000601FFF1F2DE9F041504C237913F0300F12
:10E0B00047D072B6A37D03F0FF01002B58D062B6A3
:10E0C000DFF85C814A4898F800304A4A05781668BB
:10E0D000494F5FFA83FC494BEDB2D3F800E008E00A
:10E0E0001DB14FF0000C07F80C304A1E12F0FF0172
:10E0F00012D0E3790CF101029642DBB2F0D99542DD
:10E10000ACF13F00F1D03F2A6DD994464A1E12F07F
:10E11000FF010EF80030ECD15FFA8CF388F8003084
:10E12000374B196869B1AC453CBF721B02EB0C035D
:10E13000344A126828BFACEB05039A429CBF012306
:10E140000B702A48C3781E06DDB216D46A060DD5B8
:10E15000264B1B795B0609D52B4B2C491B680022EB
:10E160000A7003B11A70214B3C22DA70BDE8F081CD
:10E170004023E279637462B6E3E703791C06E5D5D0
:10E18000234B244ADFF89CE01C7816689EF8003088
:10E19000214A224FD2F800C0E4B2DBB207E0037993
:10E1A0000023FA5CD2B2C271027D072A11D8A342C1
:10E1B00003F101010ED08E42F1D93F290279A3F17A
:10E1C0003F0301D80B46ECE71CF803200B46D2B204
:10E1D000E9E7DCB2054B8EF800401A79110644BF1E
:10E1E0007C22DA70B2E794467DE700BF00A00640CB
:10E1F000AC1FFF1F2808FF1F641FFF1FA81FFF1F62
:10E20000601FFF1F2008FF1FB01FFF1FB41FFF1F4D
:10E21000F81FFF1F2C08FF1FFC1FFF1FB81FFF1F49
:10E22000A41FFF1F0020FF1F094B10B4186068B126
:10E2300001F14004074B084801F11A021A60074B2C
:10E24000046028315DF8044B196070474024F1E701
:10E25000A81FFF1F2408FF1F2808FF1F2008FF1FFB
:10E26000054B186018B1054B403119607047034BDE
:10E2700040211960704700BFFC1FFF1F2C08FF1FC3
:10E28000294A2A49536B70B443F40063284D536301
:10E29000284E294C327800232B700B7027492370AD
:10E2A0000B702749092A0B7031D03B2A03D1254B2B
:10E2B00040F213325A60244B1B780A2B2FD03A2B92
:10E2C00003D1204B4FF451721A6020281F4B38BFE6
:10E2D0002020C0F344341C70C0F3471400F01F002A
:10E2E0005C70042198721A4C997002224FF0880CCD
:10E2F0003C20DA74597583F810C04FF0E021D870D3
:10E30000402384F8213070BCC1F804217047114BC0
:10E3100040F21332DA600C4B1B780A2BCFD10D4B35
:10E320004FF451721A61D0E7008004405020FF1F63
:10E330004820FF1F4008FF1F8420FF1F8C20FF1F65
:10E340005820FF1F00D004404808FF1F00B00640BF
:10E3500000E400E000B00440294B9B7800F0030289
:10E3600003F0EC031343410700F00F02244948BFB8
:10E3700043F01003042A8B7003D18B7943F04003E0
:10E380008B711F4B5B79C20603F0EF031C4A48BF39
:10E3900043F0100353719379194A03F0EF0310F01F
:10E3A000200C18BF43F010039371C30506D55378B2
:10E3B0001178DBB241F020011170537010F400703D
:10E3C00017D00F490F488B780F4A43F0A0038B708A
:10E3D00003780E4902EBC30240F24633506840F224
:10E3E0004732BCF1000F08BF1346094A03600A60B8
:10E3F0007047064B064A1968914208BF186070477B
:10E4000000B006404808FF1F8C1705005420FF1F6E
:10E41000D400D642274B5B6B1B0549D510B5264C63
:10E42000237823B101F006FE2378002BFAD123498B
:10E43000234B4FF0E02002240022C0F88441CA7030
:10E440001B78092B29D03B2B1AD01E4B1B7803F0CD
:10E450007F030A2B1CD03A2B0ED01B4B174A1B4CA8
:10E460001B48196892F804C0D27900232370037006
:10E4700009B101230B7010BD164B00221A60ECE7A6
:10E48000144B5A600F4B1B7803F07F030A2BE2D129
:10E49000114B40F203121A61DFE70F4B40F20312F7
:10E4A000DA60084B1B7803F07F030A2BD3D1EFE728
:10E4B000704700BF008004405820FF1F00B0064096
:10E4C0004008FF1F4808FF1F0420FF1F4820FF1FB0
:10E4D0005020FF1F00D0044000B004400A4A38B565
:10E4E0000546137803F0FF04002BFAD101212846DA
:10E4F000FFF718F921462846FFF7D0F8034A044BE6
:10E5000052F835201A6038BD5820FF1F8C170500BF
:10E510005420FF1F09B140F080001B4A137883424A
:10E5200018D010B4194C646B24050FD503F07F0389
:10E530000A2B24D03A2B16D0002900F07F0314BFF9
:10E54000602144210A2B12D03A2B04D010705DF8C0
:10E55000044B704770470E4B41F4407119601070C6
:10E560005DF8044B70470A4B00241C60E4E7094B3C
:10E5700041F44071196110705DF8044B7047054B10
:10E5800000241C61D8E700BF4808FF1F008004403A
:10E5900000D0044000B00440124B1A7882420CD0E4
:10E5A0001149496B090507D5092A16D03B2A0AD01B
:10E5B00009280DD03B2801D0187070470B4A40F253
:10E5C00013315160F8E7094A002109285160F1D15F
:10E5D000074A40F21331D160EEE7054A0021D160CD
:10E5E000E6E700BF4008FF1F0080044000D0044061
:10E5F00000B004400D4B5B6B13F4006313D03F2855
:10E6000003D90B4B0020186070470A4B10B5084C1B
:10E6100053F8303023600121FFF784F8236800228B
:10E620001A70012010BD1846704700BF00800440DA
:10E630000420FF1F8C170500104B5B6B13F4006365
:10E6400012D017280BD03C2810D10D4B40F20232CB
:10E650009A600C4A537B01200343537370470A4B63
:10E6600040F202329A60F4E718467047054A537B3D
:10E6700003F0FE0300205373704700BF0080044086
:10E6800000D0044000B0064000B004402DE9F84F2F
:10E69000334B5B6B1A053AD5324B1B6806460BB100
:10E6A00001221A70DFF8D490DFF8D48099F8004086
:10E6B000D8F800302C4D0134A3422B7829D99C4244
:10E6C0005FFA84FA14D1294FDFF8ACB005E03B794A
:10E6D0001B0623D42B78A3420AD1FEF7C7FE40289D
:10E6E000F5DDFF28F6DD01F0A5FC2B78A342F4D080
:10E6F000272C29D91E4B283C1B68F6B21E551D4AF3
:10E700001A4B01211170BC2289F800A0DA70BDE813
:10E71000F88F03F0FF0AA3B95446D4E72B78D8F852
:10E7200000105A1C9142DBB208D9272A10D8D1B266
:10E730001BF80230DBB2FB712970CBE700210A46DF
:10E74000F6E74FF0000A54460B4BF6B21E55D6E7DB
:10E75000D1B2074A273B1268D35CDBB2EBE700BFBC
:10E76000008004405420FF1F8C20FF1F00B0064093
:10E770008820FF1F5820FF1F5C20FF1F8420FF1FE1
:10E780004408FF1F2DE9F84F394B5B6B1A053CD548
:10E79000384B1B680BB101221A704718B84231D2AE
:10E7A000354EDFF8EC80354CDFF8E09000F1010ADF
:10E7B00013E003F0FF0B53B34FF0000B5D46304AFC
:10E7C0001AF8013C535552462E490123BA420B70A8
:10E7D0000AF1010A86F800B014D23578D8F8003072
:10E7E0000135AB422378E4D9AB425FFA85FB0FD009
:10E7F000272DE4D9244B1AF8012C1B68283D5A55C3
:10E800005246E1E7214BBC22DA70BDE8F88F5D4645
:10E810006FF0430389F8033006E099F804301B06D3
:10E820000BD42378AB42E3D1FEF720FE4028F4DD81
:10E83000FF28F6DD01F0FEFBF3E72378D8F800109F
:10E840005A1C9142DBB203D9272A0AD8D1B201E07F
:10E8500000210A460A4B9B5CDBB289F80730217025
:10E86000DFE7D1B2084A273B1268D35CDBB2F4E79A
:10E87000008004405420FF1F8420FF1F8C20FF1FB6
:10E880005C20FF1F5820FF1F8820FF1F00B006409C
:10E890004408FF1F10B5044C237823B101F0CAFBD4
:10E8A0002378002BFAD110BD5820FF1F084A094BCE
:10E8B00011781A789142C8B2D3B202D2013B181A29
:10E8C0007047054A1268013A1344181A704700BF8E
:10E8D0008420FF1F8C20FF1F4408FF1F064A074BA0
:10E8E00011781A789142D0B23CBF054A1268CBB277
:10E8F00038BF9B18181A70474820FF1F5020FF1F71
:10E900003C08FF1F1B4B1C491A780B789A422ED0EB
:10E9100010B55FFA82FE194AD8B21268431C9A42B7
:10E9200019D93F2B1BD85FFA83FC1548C05CC0B2D5
:10E9300081F800C01349096861B19E453CBF72442B
:10E94000D31A114A126828BFAEEB03039A4201D3CF
:10E9500000230B7010BD4FF0000C6346E5E70B4C35
:10E960003F382468205C5FFA83FCC0B2E0E74FF0D8
:10E97000FF3070474820FF1F5020FF1F3C08FF1F3B
:10E980000820FF1F0420FF1F3808FF1F4C20FF1F17
:10E990000D4A0E4B11781B789942DAB211D00C490E
:10E9A0000968531C994207D93F2B06D9094B3F3AB6
:10E9B0001B68985CC0B270470023074AD05CC0B2A5
:10E9C00070474FF0FF3070474820FF1F5020FF1F57
:10E9D0003C08FF1F4C20FF1F0820FF1F0C4B5B6BE8
:10E9E0001B0514D50B4B0C48DA78402102F0CB0202
:10E9F000DA705974DA78094942F03402DA70084A58
:10EA000003781268DBB20B700AB1002313707047F1
:10EA10000080044000B006405020FF1F4820FF1F28
:10EA20000420FF1F2DE9F041504C237913F0300FE3
:10EA300047D072B6A37D03F0FF01002B58D062B619
:10EA4000DFF85C814A4898F800304A4A0578166831
:10EA5000494F5FFA83FC494BEDB2D3F800E008E080
:10EA60001DB14FF0000C07F80C304A1E12F0FF01E8
:10EA700012D0E3790CF101029642DBB2F0D9954253
:10EA8000ACF13F00F1D03F2A6DD994464A1E12F0F6
:10EA9000FF010EF80030ECD15FFA8CF388F80030FB
:10EAA000374B196869B1AC453CBF721B02EB0C03D4
:10EAB000344A126828BFACEB05039A429CBF01237D
:10EAC0000B702A48C3781E06DDB216D46A060DD52F
:10EAD000264B1B795B0609D52B4B2C491B68002262
:10EAE0000A7003B11A70214B3C22DA70BDE8F08144
:10EAF0004023E279637462B6E3E703791C06E5D547
:10EB0000234B244ADFF89CE01C7816689EF80030FE
:10EB1000214A224FD2F800C0E4B2DBB207E0037909
:10EB20000023FA5CD2B2C271027D072A11D8A34237
:10EB300003F101010ED08E42F1D927290279A3F108
:10EB4000270301D80B46ECE71CF803200B46D2B292
:10EB5000E9E7DCB2054B8EF800401A79110644BF94
:10EB60007C22DA70B2E794467DE700BF00B0064031
:10EB70005020FF1F3C08FF1F0820FF1F4C20FF1FD5
:10EB80000420FF1F3408FF1F5420FF1F5820FF1FC1
:10EB90008420FF1F4408FF1F8820FF1F5C20FF1FE9
:10EBA0004820FF1F8C20FF1F094B10B4186068B16C
:10EBB00001F14004074B084801F11A021A60074BA3
:10EBC000046028315DF8044B196070474024F1E778
:10EBD0004C20FF1F3808FF1F3C08FF1F3408FF1F91
:10EBE000054B186018B1054B283119607047034B6D
:10EBF00028211960704700BF8820FF1F4408FF1FAD
:10EC00002DE9F84F314B1B6807460BB101221A70F2
:10EC1000DFF8D090DFF8D08099F80040D8F80030C5
:10EC20002B4D01349C422B782AD303F0FF0A002B92
:10EC30003ED15446274EDFF8A8B005E033791B06D5
:10EC400023D42B78A3420AD1FEF710FC4028F5DD2F
:10EC5000FF28F6DD01F0EEF92B78A342F4D0272C43
:10EC600029D91D4B283C1B68FFB21F551B4A194B65
:10EC700001211170AC2289F800A0DA70BDE8F88F8C
:10EC80009C425FFA84FAD5D0E9E72B78D8F80010D7
:10EC90005A1C8A42DBB203D2272A10D8D1B201E033
:10ECA00000210A461BF80230DBB2F3712970C8E775
:10ECB0004FF0000A54460A4BFFB21F55D6E7D1B2B7
:10ECC000054A273B1268D35CDBB2EEE7E020FF1F6A
:10ECD0001821FF1F00C006401421FF1FE420FF1F62
:10ECE000E820FF1F1021FF1F5808FF1F1D4A1E4963
:10ECF000536B2DE9F04343F480531C4DDFF87C80C7
:10ED0000DFF87C901A4F1B4E5363002388F80030C5
:10ED1000202889F800303B7033702B7040F2133597
:10ED20008D6002F5103238BF20204FF45175CD6050
:10ED3000C0F344311170C0F3471E0F4C82F801E05C
:10ED400000F01F002C2190724FF0E02C9370137490
:10ED5000D1704022082384F82320CCF80431BDE888
:10ED6000F08300BF0080044000C00440E420FF1F87
:10ED70001021FF1F1821FF1F00E400E0D420FF1F17
:10ED8000DC20FF1F294B9B7800F0030203F0EC030B
:10ED90001343410700F00F02244948BF43F010031A
:10EDA000042A8B7003D18B7943F040038B711F4B86
:10EDB0005B79C20603F0EF031C4A48BF43F010031F
:10EDC00053719379194A03F0EF0310F0200C18BF28
:10EDD00043F010039371C30506D553781178DBB265
:10EDE00041F020011170537010F4007017D00F49DA
:10EDF0000F488B780F4A43F0A0038B7003780E49BD
:10EE000002EBC30240F24633506840F24732BCF195
:10EE1000000F08BF1346094A03600A607047064B9B
:10EE2000064A1968914208BF1860704700C0064042
:10EE30005C08FF1F8C170500E020FF1FD400D8429C
:10EE400038B5124B5B6BDB041FD5114C237823B113
:10EE500001F0F0F82378002BFAD10E4A0E494FF05A
:10EE6000E024002340F203100825C4F88451D37035
:10EE70008860C86009490A4C0A4809681579D2793E
:10EE80002370037009B101230B7038BD008004406A
:10EE9000E420FF1F00C0064000C004409020FF1F78
:10EEA000D420FF1FDC20FF1F0A4A38B5054613781F
:10EEB00003F0FF04002BFAD101212846FEF732FCB3
:10EEC00021462846FEF7EAFB034A044B52F8352058
:10EED0001A6038BDE420FF1F8C170500E020FF1FDB
:10EEE00009B140F08000124A1378834217D010B461
:10EEF000104C646BE4040ED503F07F03082B02D1A1
:10EF00000D4B0024DC60002900F07F0314BF60215A
:10EF10004421082B04D010705DF8044B70477047F3
:10EF2000054B41F44071D96010705DF8044B704797
:10EF30005C08FF1F0080044000C00440704700BF11
:10EF40000D4B5B6B13F4805313D03F2803D90B4B4D
:10EF50000020186070470A4B10B5084C53F8303049
:10EF600023600121FEF7DEFB236800221A700120D6
:10EF700010BD1846704700BF008004409020FF1F5E
:10EF80008C1705000C4B5B6B13F4805312D00E28CA
:10EF900009D10A4B0A4A40F202315960537B0120E1
:10EFA000034353737047064A537B03F0FE0300206C
:10EFB00053737047184670470080044000C00440F7
:10EFC00000C00640034B5B6BDB0401D5FFF718BEA6
:10EFD000704700BF0080044079B170B5074E044609
:10EFE0004518736BDB0404F1010403D514F8010C1C
:10EFF000FFF706FEAC42F4D170BD704700800440BC
:10F0000010B5044C237823B101F014F82378002BB9
:10F01000FAD110BDE420FF1F084A094B11781A7875
:10F020009142C8B2D3B202D2013B181A7047054AC6
:10F030001268013A1344181A704700BF1021FF1FCD
:10F040001821FF1F5808FF1F064A074B11781A782E
:10F050009142D0B23CBF054A1268CBB238BF9B1870
:10F06000181A7047D420FF1FDC20FF1F5408FF1F11
:10F070001B4B1C491A780B789A422ED010B55FFAB8
:10F0800082FE194AD8B21268431C9A4219D93F2B02
:10F090001BD85FFA83FC1548C05CC0B281F800C081
:10F0A0001349096861B19E453CBF7244D31A114AA5
:10F0B000126828BFAEEB03039A4201D300230B7002
:10F0C00010BD4FF0000C6346E5E70B4C3F38246859
:10F0D000205C5FFA83FCC0B2E0E74FF0FF3070477E
:10F0E000D420FF1FDC20FF1F5408FF1F9420FF1FA8
:10F0F0009020FF1F5008FF1FD820FF1F0D4A0E4B06
:10F1000011781B789942DAB211D00C490968531C66
:10F11000994207D93F2B06D9094B3F3A1B68985CA7
:10F12000C0B270470023074AD05CC0B270474FF0AE
:10F13000FF307047D420FF1FDC20FF1F5408FF1F43
:10F14000D820FF1F9420FF1F054B064A1B78064955
:10F150001268DBB20B700AB100231370704700BF56
:10F16000DC20FF1F9020FF1FD420FF1F30B43A4B3C
:10F170001A79950624D5394D3949DB792A780C68F6
:10F18000D8B2531C9C42D2B231D8364B1A7802F016
:10F19000FF0322B1002213463349C8542A70334971
:10F1A000096869B1324A10789842C2B28ABFA21A7D
:10F1B0009B1A9B182F4A12689A429CBF01230B701E
:10F1C000254AD3781C06D9B21ED44A060DD5224B47
:10F1D0001B795B0609D5284B28491B6800220A7059
:10F1E00003B11A701C4B2C22DA7030BC70471D49D9
:10F1F00009789942D3D03F2B2CD921493F3A09684D
:10F200008854DAB22A70CAE713791806DDD51D4B87
:10F2100017481D7803789D42DCB208D01A4A12685C
:10F22000631C9A4206D9272B0DD8DAB204E06C236E
:10F23000D370CAE700221346144CE35CDBB2064CE1
:10F24000E3710270C1E7124A273C1568DAB22B5D00
:10F25000DBB2F4E7DAB29FE700C00640D420FF1F1C
:10F260005408FF1FDC20FF1F9420FF1F9020FF1F6A
:10F270001821FF1F4C08FF1FE020FF1FE420FF1F85
:10F28000D820FF1F1021FF1F5808FF1FE820FF1F75
:10F290001421FF1F094B10B4186068B101F140043C
:10F2A000074B084801F11A021A60074B0460283125
:10F2B0005DF8044B196070474024F1E7D820FF1F28
:10F2C0005008FF1F5408FF1F4C08FF1F054B186014
:10F2D00018B1054B283119607047034B282119607C
:10F2E000704700BF1421FF1F5808FF1F704700BF61
:10F2F000704700BF704700BF431E032B16D872B67D
:10F300000B4951F8230078B130B40A4CB0F800C072
:10F3100034F81320456841F82350A2EB0C0224F87E
:10F32000132062B630BC704762B670470020704749
:10F33000AC21FF1FFC21FF1F013803280BD872B638
:10F34000074B53F8203043B100205B680130002B9D
:10F35000FBD162B67047002070471846F9E700BF3E
:10F36000D421FF1F10B472B61A4A1B4C042312F8A2
:10F37000011B090743F0010C05D554F8331069B19E
:10F3800054F83C10C9B10433142BF0D162B6134BBE
:10F3900000221A705DF8044B00F0AEBC0F4904EB7C
:10F3A000C302083050600A780D4844F83300013A2F
:10F3B0000A7062B65DF8044B7047084A094904EBCD
:10F3C000CC0308305860137844F83C10013B1370AC
:10F3D00062B6EFE7081A05000000FF1F0422FF1FB6
:10F3E00088004000C8004000421E032A0ED81C4B73
:10F3F000400140F0100010B4034472B6194CA05CF8
:10F4000003281DD8DFE800F0141603197047052003
:10F41000A05413F0080F088814BFC82288220831AE
:10F4200042EA004259601A6062B65DF8044B7047C8
:10F430000320EDE708330220EAE708330420E7E77A
:10F44000094B53F8220038B1084B53F822004160B1
:10F4500043F8221062B6E8E743F82210034BF7E7BF
:10F460000000FF1FF421FF1FD421FF1FE421FF1F15
:10F470002DE9F04FDFF80CA3DFF80CB385B03DE0C9
:10F48000B04D9E0805EBC607013A796813F00803F2
:10F49000D4B2A1F1080040F0B88055F836204FEA08
:10F4A000124C120C21F808CC00F0A78021F8063C81
:10F4B00041F8043CA44B53F82420002A00F00182B8
:10F4C000A24B53F82420506043F82400A04B33F89B
:10F4D0001420944423F814C000F0EEFB002800F040
:10F4E000E98117F0080F9B4B00F1080018BF5B463D
:10F4F000786045F8363008238AF880309AF88030F2
:10F500005907DCB21BD5944B1B78ABB193490A78F1
:10F5100002F0FF032AB1013BDBB20B70002B00F0BD
:10F5200046838F490A7802F0FF032AB1013BDBB220
:10F530000B70002B00F0EB8104238AF8803014F06C
:10F54000080200F0CC819AF89020D3B2120997D12A
:10F55000DFF8F0919B0809EBC30459F833006468A5
:10F56000C0F3830009287CD00FD80138012808D8BF
:10F570007C4A158842F22100854200F0FB8149F85F
:10F5800033B001238AF89430B5E70D28F9D1D4E9D6
:10F590000007754D49F833B0724E744CC9F810200D
:10F5A00083B240F2816CC9F818202A6063454FF09D
:10F5B0000102C6E90007227000F2FF80B3F5D06FA8
:10F5C00080F0CB82B3F5817F00F0268240F2DE80AE
:10F5D00040F2023293427BD107F07F07042F00F202
:10F5E0000881020C40F00581614911F8273043F091
:10F5F000020301F82730134670E017F0080F554B4F
:10F6000018BF5B4645F8363075E700F075FB594981
:10F61000594A51F82430002B00F05781586841F8BE
:10F620002400115D03F108007860032905D8DFE8A4
:10F6300001F0120F1502042111551A8817F0080F56
:10F6400014BFC823882343EA024345F8363052E703
:10F6500002211155F1E703211155EEE7052111555E
:10F66000EBE7414D2A683AB34449404C0F8844487F
:10F6700094F800E00678402F3B4628BF4023BEF1B7
:10F68000000F8EF0010E84F800E046F0020486F0D0
:10F690000106067009EBC400426014BFC820882030
:10F6A00040EA03401A44FB1A9BB249F834000B802D
:10F6B000002B00F036812A602A4B1A88B2F5A06F21
:10F6C0007FF45FAF9A788AF8982000225A7058E742
:10F6D000B3F5A06F40F08D8000221346B6F806C047
:10F6E0002748944528BF944667460278402F28BF94
:10F6F000402742F0020E3E0409EBCE0846F0C80651
:10F70000C8F8043049F83E6000263B442670BCEB44
:10F71000070782F00106067040F01181BCF13F0F2F
:10F720004FF0010509D946F00206027009EBC60246
:10F7300025705360882349F8363001238AF89430C5
:10F740001FE700BF0000FF1FAC21FF1FBC21FF1FF0
:10F75000FC21FF1F88004000F821FF1FF921FF1F37
:10F760002422FF1FCC21FF1FA021FF1F9D21FF1F6F
:10F77000C0200740D421FF1FF421FF1F9E21FF1F3F
:10F780009C21FF1F00200740C8004000802B00F094
:10F790008B81822B2DD107F07F07042F29D8A74A10
:10F7A00000231380A64B13F827309F0740F1FC81FC
:10F7B00001231370A14B022290E742F2210C634512
:10F7C000BBD01DD942F2212293420DD1BFB2002FEE
:10F7D00082D19C4B1A689C4B1A609C4BC0F307402B
:10F7E00000221870134679E742F2213293423FF427
:10F7F00073AF0F238AF8C03001238AF89430C0E633
:10F80000B3F5086F00F04A81B3F5106FF1D1904B5A
:10F81000C0F307400425187059F835301A0606D48D
:10F820000135142D0CD059F835301A06F8D509EBEE
:10F83000C50301355868083800F05EFA142DF2D17E
:10F84000844A854B0292854A0192854E854ADFF8AB
:10F8500048820394009200251C4656F8047B2FB181
:10F8600038467F6800F048FA002FF9D1009BD8F89D
:10F87000007043F8045B46F8045C00932FB13846EF
:10F880007F6800F039FA002FF9D1029B48F8045B39
:10F8900043F8045B0293019B23F8025B01932378F6
:10F8A000023B032B00F20981DFE813F03F01040162
:10F8B0003F0104016C4A45F8360013780133137098
:10F8C00019E643F82400674BFEE5115D022926D0B6
:10F8D0007FF611AE03291DD1012313550BE6E00776
:10F8E0006ED4210621D4A20708D5604B93F8882056
:10F8F0000221D2B283F8882083F88010E30603D572
:10F900005A4B102283F8802005B0BDE8F08F00F03C
:10F910006DFB11E617F0080F14BF032302231355E4
:10F92000E9E53F2F98BF0022C5E6504B80220D210C
:10F9300083F8C01083F88020A207DFD5D5E746F012
:10F9400002060270402F09EBC6003A4628BF40224B
:10F9500043601004134440F088000121BA1A49F8AA
:10F960003600217055D02B60414B1A8001238AF854
:10F97000943006E692885AB93E4AE51D14F8011BF8
:10F9800002F8011FAC42F9D13B4A1268862A3CD0EA
:10F990003A4C3B4825780278002D85F0010525700A
:10F9A00042F0020482F00102027009EBC4024FF03F
:10F9B0000000506014BFC822882249F83420DEE5D8
:10F9C0002A4B2F482F49304C022583F8945002705F
:10F9D0002E480C602E4D48608C600D24CD60FF20B9
:10F9E0000A618A6183F8C04001219F2483F888005E
:10F9F00083F8800083F8982083F88C0083F8844093
:10FA000083F8941005B0BDE8F08F224A0F201070E3
:10FA1000BEE73F2FA7D890E607F07F07042F3FF6F9
:10FA2000E8AE000C7FF4E5AE054A12F8273023F06B
:10FA3000020302F82730002213464FE6A421FF1FDD
:10FA4000C02007405C1FFF1F2022FF1F1C22FF1F3A
:10FA5000F821FF1FE421FF1FF421FF1FFC21FF1FDE
:10FA6000AC21FF1FBC21FF1F0422FF1F0020074005
:10FA70009E21FF1F1322FF1F1422FF1F9D21FF1F26
:10FA80009C21FF1F0000FF1F880040001C21FF1F5A
:10FA90005C21FF1FF921FF1FD421FF1F484B49495B
:10FAA0001B780B700B4619E6464A00231380454B22
:10FAB000022213E64FF001032370434BB34204F1DB
:10FAC00001047FF4CAAE414E039CDFF81481404F1D
:10FAD00000233370042518F8013B3E4AAB541B0742
:10FAE00025D445F0020145F0030204350023142D0E
:10FAF00049F8313049F83230EDD1374F25783A782E
:10FB000042F0020009EBC00C85F00106CCF804308D
:10FB1000002D4DD1882382F0010226703A7049F8F9
:10FB2000303001238AF894302BE52570C5E700F0CA
:10FB3000C3F8002832D009EBC5030830586049F8F3
:10FB4000357000F0B9F808B345F0010309EBC302C2
:10FB50000830506049F833B0C3E7204A5368002B9F
:10FB60003FF447AE000CBFB204E013690C32002B27
:10FB70003FF43FAE11888142F7D15188B942F4D1A8
:10FB8000000A03280CBF1A781289A7E533780133DD
:10FB9000337045F0010349F83300A2E7337849F8A0
:10FBA000350001333370CCE7064B022296E500BEE8
:10FBB0002670C82382F001063E7049F83030BCE55B
:10FBC000F821FF1FA421FF1FBC21FF1F0422FF1FDC
:10FBD00088004000C02007409C21FF1FB419050089
:10FBE000081A050010B500F02BFB0023234A194624
:10FBF00042F8331002EBC3000133142B4160F7D1FC
:10FC00001F48204C436B43F480234363D4F80038EF
:10FC100000F5283000F5807043F04073C4F80038D8
:10FC2000032480F84440184BA02480F84040C2F3DD
:10FC3000072483F89C40C2F30744120E83F8B040B7
:10FC40004FF0FF0C83F8B420012283F880C00F4CE2
:10FC500083F888C083F810C083F8942001704FF0B7
:10FC6000E02183F884204FF0700C4FF40012102331
:10FC700084F835C0C1F80421037210BD0000FF1FD5
:10FC80000080044000D000400020074000E400E075
:10FC900000F0ACB800F07CB800F056B800F090B8B6
:10FCA00000F078B900F052B90846114600F0BAB831
:10FCB000084600F03DB900BF72B60D490B68B3FAB3
:10FCC00083F00B2810DC4FF00042C24023EA02030D
:10FCD0000B6062B6074A00EBC000C10002EBC00037
:10FCE000002353504360704762B60020704700BF46
:10FCF0007008FF1FD003FF1F0E4BC31AB3F5587FC8
:10FD000010D20D4A127872B972B60C4A0C49A2FB95
:10FD1000032308684FF000421B0922FA03F3034350
:10FD20000B6062B67047074A1278002AECD0FFF7E2
:10FD300019BB00BFD003FF1F0422FF1F398EE33819
:10FD40007008FF1FF821FF1F38B50F4C206878B1ED
:10FD500043880288C11801339A420D7A02D9438040
:10FD6000284638BDFFF7C8FF00232360284638BD6A
:10FD7000064B1B782BB10320FFF7BEFA206000284A
:10FD8000E6D14FF0FF35EBE70822FF1FF821FF1FF8
:10FD900010B5094C206818B143881844007A10BD8A
:10FDA000064B1B782BB10320FFF7A6FA2060002832
:10FDB000F2D14FF0FF3010BD0822FF1FF821FF1FC6
:10FDC000084B094A1B6810B594881BB11A885B88D8
:10FDD000D31A1C440CB1204610BD00F02BF920466C
:10FDE00010BD00BF0822FF1FFC21FF1F0B4B1B781B
:10FDF0009BB110B50A4C206848B1FFF77DFF002386
:10FE000003202360FFF778FA30B1FFF775FF032076
:10FE1000FFF772FA0028F8D110BD7047F821FF1FD4
:10FE20000822FF1F2DE9F04FDFF8F89083B0012280
:10FE300089F80020019179B3374FDFF8EC80019DFC
:10FE4000364EDFF8E8A083463868A8B3B0F802E081
:10FE5000CEF1400CAC4528BFAC460EEB0C040022A2
:10FE6000A4B23270A5EB0C05448000F10802BCF18D
:10FE7000000F0AD00EF1FF3E7244DC441BF8014B28
:10FE800002F8014FDC45F9D144883F2C0BD80522FC
:10FE90008AF80020002DD7D10198002389F800307E
:10FEA00003B0BDE8F08F4022028001460420FFF736
:10FEB0009BFA00223A60EAE798F800201AB3184C3F
:10FEC00008E0013C18D03278B2B900F0B3F898F8E5
:10FED0000020C2B10420FFF72FFA0728F1D84FF015
:10FEE000010389F80030FFF7E7FE38600028ADD144
:10FEF000013C89F80000E6D101234FF0FF30337058
:10FF000003B0BDE8F08F00234FF0FF3089F80030D8
:10FF100003B0BDE8F08F00BF1022FF1F0C22FF1FAF
:10FF2000214801000D22FF1FF821FF1F2422FF1F7F
:10FF300000B583B0034601210DF107008DF80730AD
:10FF4000FFF770FF03B05DF804FB00BF38B50E4D3E
:10FF50000E4C28680123237028B140880023C0F18B
:10FF60004000237038BD0A4B1B7813B90020207065
:10FF700038BD0420FFF7E0F90728F7D8FFF79CFE0B
:10FF800028600028E9D1F1E71022FF1F0D22FF1F92
:10FF9000F821FF1FF8B5114B1B788BB1104E114D96
:10FFA000346801272F7064B10F4B00271F706388DE
:10FFB000238021460420FFF717FA376000232B70B7
:10FFC000F8BDFFF779FE084B014620B104201C70F4
:10FFD000FFF70AFAF2E71F70F0E700BFF821FF1FF2
:10FFE0001022FF1F0D22FF1F2422FF1F38B50E4BCA
:10FFF0001B7853B90D4C216841B103F0FF054B88C4
:020000024000BC
:100000000B800420FFF7F0F9256038BDFFF754FEA0
:10001000014620B1BDE838400420FFF7E5B9044BA4
:1000200001221A7038BD00BF0D22FF1F1022FF1FD2
:100030002422FF1F2DE9F843324E337863B1324F4B
:100040003A784AB90122D9073A7043D49A0726D49C
:1000500000225B073A7001D4BDE8F8832B4B1A6885
:10006000002AF9D0EFF30582002AF5D1EFF31085CD
:1000700072B6186800283AD0254C2178002936D16C
:1000800042691A6001232370002A37D0916105B9B3
:1000900062B600258368457798472570DCE7DFF86E
:1000A0007C8098F80020002AD2D00025DFF87090DC
:1000B0002B4659F82340236820461B690135984791
:1000C00008B12369984798F80020EBB29A42F0D81B
:1000D0003378BDE7FFF774FE68B90E4B1B780BB998
:1000E0003378B3E7337803F0FE033370AEE7002DC7
:1000F000B2D162B6B0E700F0A1F8EEE7064B1A60A5
:10010000C5E700BF7408FF1F2522FF1FE01EFF1F69
:10011000EC1EFF1F14160500F01EFF1F4022FF1FDC
:100120002822FF1F70B4104E104D3478D4B1621ED7
:10013000D2B2291D2B4601EB820101E08B4205D092
:1001400053F8042B8242F9D170BC7047631CDBB2B8
:10015000074A3370137845F8240043F00203137004
:1001600070BC70470123F3E74022FF1F2822FF1FC6
:100170007408FF1F2A4B2B4A6020E1211870597028
:1001800013782948082B34D00A2B20D00C2B274B6E
:100190000CBF35215D2112228160C2609960DA6056
:1001A000234B21491B78214ACBB101230B621362F7
:1001B000204B1D491B781D4A012B13D9042B1BD83A
:1001C00084234B6253621C4B01221A707047174BF9
:1001D000392113228160C2609960DA60E0E70B6226
:1001E0001362E5E780234B625362134B01221A70BE
:1001F00070470E4B2121ECE7082B06D885234B6274
:1002000053620D4B01221A707047102B94BF862346
:1002100087234B625362084B01221A70704700BF5C
:10022000004007407508FF1F00B0034000B00B40BE
:100230004122FF1F7608FF1F4222FF1F704700BFA9
:1002400010B584B072B6FDF733F9174A17495160FB
:10025000702080231070137013781B06FCD5D468AF
:10026000FDF73CF962B6124B9C423CBF04EB8404A0
:10027000640020460F4C01A90A22FDF74BF901A9A1
:100280002046002311F8012B01333AB10A2B20F844
:10029000022FF7D11623237004B010BD5B00DBB230
:1002A000237004B010BD00BF0000024000000741F1
:1002B000809698000409FF1F08B52DED028BF0EE23
:1002C000408AB0EE608A00F0B1F9F4EE488AF1EEAF
:1002D00010FA06D6DFED098AB4EE688AF1EE10FA5C
:1002E00002D0BDEC028B08BD04F0CCF988EEA80A60
:1002F000BDEC028B2123036008BD00BF000000009D
:1003000008B52DED028BB0EE408A00F053F8B4EE44
:10031000488AF1EE10FA06D6DFED098AB4EEE88AD3
:10032000F1EE10FA02D4BDEC028B08BD04F0AAF97C
:1003300088EEA80ABDEC028B2123036008BD00BF34
:100340000000000010EE103A184A23F000439342D8
:100350001BDDB3F1FF4F02DB30EE400A704700B502
:1003600083B0684600F0F2F900F003000128DDEDEB
:10037000010A9DED000A0CD0022812D070B10120B4
:1003800000F00CF903B05DF804FBDFED090A00F0A2
:1003900083B800F003F9B1EE400AF3E700F07CF80F
:1003A000F0E700F079F8B1EE400AEBE7D80F493FEB
:1003B00000000000B1EEC00A704700BF10EE102A26
:1003C000C2F3C7537F3B162B22F000412ADC002BDF
:1003D00010EE100A18DB1A4919410A4221D0DFED4C
:1003E000197A70EE277AF5EEC07AF1EE10FA18DD80
:1003F000002A04DA4FF4000242FA03F3184420EA18
:10040000010300EE103A7047DFED0E7A70EE277AA6
:10041000F5EEC07AF1EE10FA03DD002A08DB9FED5D
:100420000A0A7047B1F1FF4FFBD330EE000A704764
:10043000FFEE007A002918BFB0EE670A704700BFD0
:10044000FFFF7F00CAF249710000000010EE103A71
:10045000C3F3C7527F3A162A10EE101A15DC002A91
:100460000CDB0C481041034205D04FF480031341CC
:100470000B4423EA000300EE103A7047013203F008
:100480000043F8D143F07E53F5E7802AF3D130EEF4
:10049000000A7047FFFF7F0010EE103A23F0004380
:1004A000B3F1485F2CDAFDEEC07A17EE903A002BDC
:1004B00060D020EE007ADFED317A9FED315ADFED2A
:1004C000315A9FED316ADFED316AA7EE275ADFED31
:1004D000307AE7EE055AA7EE256AE7EE067AE7EEF0
:1004E000276A67EE266A60EEC00AF6EE007AE7EE4B
:1004F000260AB7EE000AD7EE270A30EE600A7047E8
:1005000020EE007ADFED1D7A9FED1D5ADFED1D5ABA
:100510009FED1D6ADFED1D6A1E4AA7EE275A934222
:10052000DFED1B7AE5EE075AA5EE876AE6EE077A5D
:10053000E7EE876A66EE876AD5DD174A934214DCD8
:1005400003F17F4307EE903AB7EE006A36EE676A32
:1005500060EEC00AF6EE005AD7EE257AE7EE260ADC
:1005600077EEE07A36EE670A7047B6EE076AF5EE88
:10057000027AEDE7B7EE000A704700BF4ED747ADED
:10058000F6740F317CF293B4010DD037ABAA2A3D3B
:10059000610BB6BA9999993E0000483F10EE103AA7
:1005A00023F00043B3F1485F04DAFDEEC07A17EEA2
:1005B000903A5BB360EE007A9FED157ADFED155A45
:1005C0009FED156ADFED156AE7EE875A9FED147A05
:1005D000A5EEA76A20EE275AE6EE276AA6EEA77ACE
:1005E00030B9DFED106AE7EE876AA6EE850A70473C
:1005F00027EE457AF6EE006AA0EEA67ADFED0A6AEB
:10060000D7EE270AE5EE260A30EE600A704700BFF3
:10061000D3C92E2F342FD7B21BEF3836010D50B966
:100620008988083CABAA2ABEABAA2A3E30B583B063
:10063000CDED010A019D35F0004041D010EE10EAE9
:100640002EF00041B1F1FF4F3ADAB0F1FF4F37DC45
:1006500081423BDB0EF000443AD01EF0FF4F56D1F2
:100660000B02002B6FF07D0204DD5B00002B02F11A
:10067000FF32FADC15F0FF4F58D103026FF07D0C0A
:1006800003D45B000CF1FF3CFBD512F17E0F47DB7E
:10069000CEF3160E4EF400031CF17E0F3ADBC5F3C9
:1006A000160141F40000B2EB0C0204D117E00FD0A8
:1006B0004B00013A13D0191A0029F8DA5B00F8E769
:1006C000DDED017A60EE277A87EEA70A03B030BD30
:1006D0001D4B03EB547393ED000A03B030BD181AA1
:1006E00058BF03461BB9F3E75B000CF1FF3CB3F5C1
:1006F000000FF9DB1CF17E0F1DDBA3F500030CF1ED
:100700007F0C234343EACC5300EE103ADEE7CA15D0
:100710007F3AAFE76FF07D01A1EB0C018840C2E7A3
:100720006FF07D039B1A01FA03F3B5E74FEAE05C33
:10073000ACF17F0CA9E76FF07D02A2EB0C02134134
:10074000234300EE103AC1E70C1A050070B510EE15
:10075000103A884A23F00044944286B0054670DD82
:10076000854A944210EE106A22DC002BDFED837A7A
:10077000834A24F00F04B0EE407A40F3E2809442C2
:1007800070EE677A09BFDFED7F6A9FED7F7A9FED9C
:100790007F7A77EEE67A012077EEC76A77EEE67A1F
:1007A000C5ED006A77EEC77AC5ED017A06B070BD77
:1007B000774A944254DDB4F1FF4F49DAE215863AA4
:1007C000A4EBC25307EE903ABDEEE77ADFED716A13
:1007D000B8EEC77A77EEC77A8DED037A67EEA67A20
:1007E000BDEEE77AB8EEC77A77EEC77A8DED047A78
:1007F00067EEA67AF5EE407AF1EE10FACDED057AC5
:1008000040F08E80B5EE407AF1EE10FA14BF02236C
:100810000123614901910221009103A8294600F0BA
:10082000CDF8002EC2DA95ED007AD5ED017AB1EE61
:10083000477AF1EE677A85ED007AC5ED017A40429C
:10084000B4E7002285ED000A4260002006B070BDCA
:1008500070EE407A0020C5ED017AC5ED007AA5E77B
:1008600000F0A4F89FED4D7A9FED446AF6EE007A11
:10087000E0EE077A9FED447AFDEEE77A17EE900AF4
:10088000F8EEE76A1F28A6EEC60A66EE877AB1EE92
:10089000666A1EDC424A411E24F0FF0352F8212002
:1008A000934216D030EE677A85ED007A30EE470A33
:1008B000002E30EE670A85ED010ABFF677AFB1EE84
:1008C000477AB1EE400A85ED007A85ED010A404293
:1008D0006CE730EE677AE21517EE103AC3F3C753B0
:1008E000C3EBD453082BDFDD9FED267A9FED275A0B
:1008F000F0EE405AE6EE075A70EE657AE6EE077AB9
:10090000D6EE857A35EEE77A17EE103AC3F3C75381
:10091000D21A192A06DCB0EE650A85ED007AC5E721
:10092000032376E79FED1F7A9FED1F5AB0EE650A0D
:10093000A6EE070A75EEC07AE6EE077AD6EE857A5D
:10094000B0E7944270EE277A09BFDFED0E6A9FEDA3
:100950000E7A9FED0E7A77EEA67A4FF0FF3077EEA3
:10096000876A77EEE67AC5ED006A77EE877AC5ED9D
:10097000017A1BE7D80F493FE3CB1640800FC93FF0
:10098000D00FC93F004435374344353708A3852E7F
:10099000800F494300008043941A050084F9223FE8
:1009A000141A050000A3852E32318D2410EE103A62
:1009B00023F0004300EE103A704700BF2DE9F04FDE
:1009C0002DED048BDBB01C4603930691A04B689978
:1009D000089253F82150111D824604F1FF38C0F2ED
:1009E0009882D31E48BF131DDB1002930133DB0036
:1009F0000793DDE907239B1A0593029B15EB08017A
:100A0000A3EB080316D401319FED927A699819443B
:100A10001EAA002BA4BF50F8234007EE904A03F112
:100A20000103ACBFF8EEE77AF0EE477A8B42E2ECD6
:100A3000017AEED1002DC0F2DB82039B1EAA02EBED
:100A4000830446AE4FEA830C4046EF180AEB83015D
:100A5000B8F1000FDFED7F7A09DB22465346F3EC55
:100A6000016A32ED017A8B42E6EE877AF7D10130E6
:100A7000B842E6EC017A04F10404E9D10AAF07EBCD
:100A80008503043B9FED759ADFED738A0598049307
:100A90000AEB0C0407EB850946AE00955AAB03EB55
:100AA0008503002D13ED140A4FEA850B16DD06EBC6
:100AB00085033A4660EE097AB0EE407AFDEEE77AB9
:100AC00073ED016AF8EEE77AB342A7EEE87A37EE03
:100AD000A60ABDEEC77AA2EC017AEBD1019000F034
:100AE00099FAB0EE408AB4EE000A28EE000AFFF749
:100AF00065FCF2EE007AA0EE678A01980028FDEE10
:100B0000C89AF8EEE97A38EE678A76DD05F1FF3E9D
:100B1000C0F1080357F82E2042FA03FC0CFA03F345
:100B2000D31AC0F1070119EE902A47F82E300B4175
:100B30006244002B09EE902A67DCB5EE408AF1EEA4
:100B400010FA40F0BE80009A05F1FF3B5A450EDCDA
:100B50004FEA850C07EB850200219E4652F8043DC2
:100B60004A4541EA0301F9D1002940F0F180009B98
:100B7000013B57F82330002B40F0E680049B4FF0F8
:100B8000010C53F8042D0CF1010C002AF9D06B1C58
:100B9000AC449E460299039A01EB030B0BF1804B88
:100BA00069992A440BF1FF3B06EB83051EAB01EB71
:100BB0008B0B03EB8201DBED017A9FED267AF8EED9
:100BC000E77AB8F1000F0BF1040BC1ED007A0A4689
:100BD00001F1040109DB534601E072ED017AF3EC07
:100BE000016AA342A6EEA77AF7D10EF1010EE645FF
:100BF000A5EC017ADFDD654650E740F09B806B1E77
:100C000057F82330DB11002B97DD19EE902A002DC9
:100C100002F1010209EE902A40F39181396800291E
:100C20007ED1012D26D03A464FF0010C52F8041F18
:100C3000002979D00CF10102C1F58071954247F885
:100C40002C1016DD57F82210BB4407EB82020AE095
:100C5000D81D050000000000000080430000803B1C
:100C60000000C93F1168C1F1FF0142F8041B5A4559
:100C7000F8D1012100280CDD012800F04181022873
:100C800007D105F1FF3C57F82C2002F03F0247F84E
:100C90002C20022B7FF451AFB7EE000A30EE488AC9
:100CA00000293FF44AAF0993019000F0B3F938EE00
:100CB000408A099B0198B5EE408AF1EE10FA3FF4A4
:100CC00042AF9846DDE90732B0EE480A981A01951E
:100CD000009D00F09FF91FED207A019BB4EEC70A3A
:100CE000F1EE10FAC0F255815FED247A059A60EEBC
:100CF000277A0832FDEEE77A0592F8EEE77A03F1FB
:100D0000010BA7EEC70AFDEEE77ABDEEC00A10EEB2
:100D1000102A47F8232017EE903A47F82B302BE0A3
:100D200001224FF0000C87E70CF1010CAC457FF479
:100D30007DAF9FE7F6EE007AB4EEE78AF1EE10FAA7
:100D400080F2EC800023F8E66B1C9E469C4621E76F
:100D5000059B009DA3F1080257F82B300592F04641
:100D600053B9ACF104033B4453F8041D0BF1FF3BB2
:100D7000083A0029F8D005920598B7EE000A00F06D
:100D800049F9BBF1000FC0F229810BF1010646AA17
:100D90001FED4E7A4FEA860C07EB860302EB8602C4
:100DA00073ED017AF8EEE77ABB4267EE807A20EEC7
:100DB000070A62ED017AF3D1ACF1040346AA002DD3
:100DC0001FED596A02EB03044FF0000022DB8F494C
:100DD000DFED8F7AB0EE467A2246002303E0984298
:100DE00008DBB1EC017AF2EC016A01339D42E6EED8
:100DF000877AF4DA5AAB03EB8003584543ED287A3F
:100E00004FEA800100F10102A4F1040405D0002D95
:100E10001046DCDADFED7E7AECE7689A022A1DDC08
:100E2000002A00F38E8010D132ABDFED797A9C443A
:100E30003CED017A634577EE877AF9D143460BB1F1
:100E4000F1EE677A069BC3ED007A19EE903A03F053
:100E500007005BB0BDEC048BBDE8F08F689A032AF5
:100E6000F3D1BBF1000F00F0CB8032A813ED287A4C
:100E700000EB8B020BF1804372ED017AF0EE476AD2
:100E800037EE277A904277EEC77A82ED007A77EED6
:100E9000A67AC2ED017AEFD1BBF1010F40F3B08029
:100EA00001F5B4720DEB020111ED287A9A0033A915
:100EB00000EB830373ED017AF0EE476A37EE277A91
:100EC000994277EEC77A83ED007A77EEA67AC3ED82
:100ED000017AEFD1131DDFED4E7A0344083033ED74
:100EE000017A984277EE877AF9D14346002B58D1A0
:100EF0000699329A339B0A604B60C1ED027AA4E7EF
:100F000005F1FF3C57F82C2002F07F0247F82C2017
:100F1000BFE608230793002302936AE519EE903A8F
:100F2000002D03F1010309EE903AC8BF02233FF7F9
:100F300075AEF7EE007A37EEC88A0223FDE5002190
:100F400098E632ABDFED327A03EB860636ED017AB6
:100F5000B34277EE877AF9D143469DED327A93BB5F
:100F6000069BBBF1000FC3ED007A77EE677A0CDDCC
:100F700033AA0123B2EC017A01339B4577EE877ADD
:100F8000F8DA43460BB1F1EE677A069BC3ED017ABE
:100F90005BE7BDEEC00A9B4610EE102A47F82320FF
:100FA000EAE6DDED326A9DED337A069BF1EE666A84
:100FB000B1EE477AF1EE677AC3ED006A83ED017A0C
:100FC000C3ED027A41E7069BF1EE676ABBF1000FC1
:100FD00077EE677AC3ED006ACADCD4E7689B022B20
:100FE0000ADC002B0FDC7FF430AFDFED097A25E758
:100FF000039B4FEA830C41E5689B032B7FF425AFED
:10100000DFED037A71E7DFED027AA5E7B01D050099
:101010000000000010EE103A33F0004110EE102AEC
:1010200028D0B1F1FF4F22D213F0FF4F23D1DFEDD3
:101030002C7A2C4A60EE277A904217EE903A34DBF5
:101040004CF2503CC3F3C751604517EE902AA1F112
:10105000190116DDDFED247ADFED246A002BB0EEF6
:10106000677AB8BFF0EE667A27EE870A704730EEEF
:10107000000A704770474CF2503C60454FEAD1512E
:10108000E8DC0144FE29E5DC002915DC11F1160F2E
:1010900019DB193122F0FF4242EAC15207EE902AD1
:1010A0009FED130A27EE800A7047DFED127A07EEF4
:1010B000103A27EE270A704722F0FF4242EAC15356
:1010C00000EE103A7047DFED0B7ADFED0B6A002B74
:1010D000B0EE677AB8BFF0EE667A27EE870A7047FF
:1010E0000000004CB03CFFFFCAF24971CAF249F15E
:1010F000000000336042A20D6042A28D0346084604
:10110000194602F08DBC00BF81F0004102E000BF33
:1011100083F0004330B54FEA41044FEA430594EAB7
:10112000050F08BF90EA020F1FBF54EA000C55EAF2
:10113000020C7FEA645C7FEA655C00F0E2804FEAC3
:101140005454D4EB5555B8BF6D420CDD2C4480EAA5
:10115000020281EA030382EA000083EA010180EAD5
:10116000020281EA0303362D88BF30BD11F0004F23
:101170004FEA01314FF4801C4CEA113102D0404259
:1011800061EB410113F0004F4FEA03334CEA133394
:1011900002D0524263EB430394EA050F00F0A780AC
:1011A000A4F10104D5F1200E0DDB02FA0EFC22FAA7
:1011B00005F2801841F1000103FA0EF2801843FA9B
:1011C00005F359410EE0A5F120050EF1200E012A8C
:1011D00003FA0EFC28BF4CF0020C43FA05F3C018CA
:1011E00051EBE37101F0004507D54FF0000EDCF143
:1011F000000C7EEB00006EEB0101B1F5801F1BD3EC
:10120000B1F5001F0CD349085FEA30004FEA3C0CEF
:1012100004F101044FEA445212F5800F80F09A80E5
:10122000BCF1004F08BF5FEA500C50F1000041EBE9
:10123000045141EA050130BD5FEA4C0C404141EBED
:101240000101013C28BFB1F5801FE9D291F0000FE8
:1012500004BF01460020B1FA81F308BF2033A3F197
:101260000B03B3F120020CDA0C3208DD02F1140C8E
:10127000C2F10C0201FA0CF021FA02F10CE002F1C9
:101280001402D8BFC2F1200C01FA02F120FA0CFCC2
:10129000DCBF41EA0C019040E41AA2BF01EB04510B
:1012A000294330BD6FEA04041F3C1CDA0C340EDC09
:1012B00004F11404C4F1200220FA04F001FA02F34C
:1012C00040EA030021FA04F345EA030130BDC4F10A
:1012D0000C04C4F1200220FA02F001FA04F340EAFF
:1012E0000300294630BD21FA04F0294630BD94F0B0
:1012F000000F83F4801306BF81F480110134013D97
:101300004EE77FEA645C18BF7FEA655C29D094EA07
:10131000050F08BF90EA020F05D054EA000C04BF85
:101320001946104630BD91EA030F1EBF0021002070
:1013300030BD5FEA545C05D14000494128BF41F00F
:10134000004130BD14F580043CBF01F5801130BD73
:1013500001F0004545F0FE4141F470014FF00000FE
:1013600030BD7FEA645C1ABF194610467FEA655CAF
:101370001CBF0B46024650EA013406BF52EA033551
:1013800091EA030F41F4002130BD00BF90F0000F3F
:1013900004BF0021704730B54FF4806404F132047B
:1013A0004FF000054FF0000150E700BF90F0000F34
:1013B00004BF0021704730B54FF4806404F132045B
:1013C00010F0004548BF40424FF000013EE700BF2B
:1013D00042004FEAE2014FEA31014FEA02701FBFBB
:1013E00012F07F4393F07F4F81F06051704732F0ED
:1013F0007F4208BF704793F07F4F04BF41F4002144
:10140000704730B54FF4607401F0004521F00041A1
:101410001CE700BF50EA010208BF704730B54FF02B
:1014200000050AE050EA010208BF704730B511F02C
:10143000004502D5404261EB41014FF4806404F164
:1014400032045FEA915C3FF4D8AE4FF003025FEAEA
:10145000DC0C18BF03325FEADC0C18BF033202EB6E
:10146000DC02C2F1200300FA03FC20FA02F001FAC8
:1014700003FE40EA0E0021FA02F11444BDE600BF6B
:1014800070B54FF0FF0C4CF4E06C1CEA11541DBF1A
:101490001CEA135594EA0C0F95EA0C0F00F0DEF8E5
:1014A0002C4481EA030621EA4C5123EA4C5350EACA
:1014B000013518BF52EA033541F4801143F480131B
:1014C00038D0A0FB02CE4FF00005E1FB02E506F0AC
:1014D0000042E0FB03E54FF00006E1FB03569CF001
:1014E000000F18BF4EF0010EA4F1FF04B6F5007F07
:1014F00064F5407404D25FEA4E0E6D4146EB060679
:1015000042EAC62141EA55514FEAC52040EA5E5001
:101510004FEACE2EB4F1FD0C88BFBCF5E06F1ED8AB
:10152000BEF1004F08BF5FEA500E50F1000041EBE2
:10153000045170BD06F0004646EA010140EA02008F
:1015400081EA0301B4EB5C04C2BFD4EB0C0541EAB1
:10155000045170BD41F480114FF0000E013C00F3C6
:10156000AB8014F1360FDEBF002001F0004170BDEA
:10157000C4F10004203C35DA0C341BDC04F1140403
:10158000C4F1200500FA05F320FA04F001FA05F28F
:1015900040EA020001F0004221F0004110EBD3705C
:1015A00021FA04F642EB06015EEA430E08BF20EA88
:1015B000D37070BDC4F10C04C4F1200500FA04F32B
:1015C00020FA05F001FA04F240EA020001F00041BD
:1015D00010EBD37041F100015EEA430E08BF20EA30
:1015E000D37070BDC4F1200500FA05F24EEA020E78
:1015F00020FA04F301FA05F243EA020321FA04F0A7
:1016000001F0004121FA04F220EA020000EBD3705D
:101610005EEA430E08BF20EAD37070BD94F0000F5D
:101620000FD101F00046400041EB010111F4801F91
:1016300008BF013CF7D041EA060195F0000F18BF42
:10164000704703F00046520043EB030313F4801F7E
:1016500008BF013DF7D043EA0603704794EA0C0F38
:101660000CEA135518BF95EA0C0F0CD050EA41064E
:1016700018BF52EA4306D1D181EA030101F00041CB
:101680004FF0000070BD50EA410606BF10461946F3
:1016900052EA430619D094EA0C0F02D150EA0136FF
:1016A00013D195EA0C0F05D152EA03361CBF104640
:1016B00019460AD181EA030101F0004141F0FE41DF
:1016C00041F470014FF0000070BD41F0FE4141F463
:1016D000780170BD70B54FF0FF0C4CF4E06C1CEA63
:1016E00011541DBF1CEA135594EA0C0F95EA0C0F18
:1016F00000F0A7F8A4EB050481EA030E52EA0335D3
:101700004FEA013100F088804FEA03334FF08055F3
:1017100045EA131343EA12634FEA022245EA111520
:1017200045EA10654FEA00260EF000419D4208BFD1
:10173000964244F1FD0404F5407402D25B084FEA7E
:101740003202B61A65EB03055B084FEA32024FF42A
:1017500080104FF4002CB6EB020E75EB030E22BF87
:10176000B61A754640EA0C005B084FEA3202B6EB47
:10177000020E75EB030E22BFB61A754640EA5C00F6
:101780005B084FEA3202B6EB020E75EB030E22BF86
:10179000B61A754640EA9C005B084FEA3202B6EB87
:1017A000020E75EB030E22BFB61A754640EADC0046
:1017B00055EA060E18D04FEA051545EA16754FEAA8
:1017C00006164FEAC30343EA52734FEAC2025FEAC6
:1017D0001C1CC0D111F4801F0BD141EA00014FF055
:1017E00000004FF0004CB6E711F4801F04BF014326
:1017F0000020B4F1FD0C88BFBCF5E06F3FF6AFAE42
:10180000B5EB030C04BFB6EB020C5FEA500C50F1D1
:10181000000041EB045170BD0EF0004E4EEA113154
:1018200014EB5C04C2BFD4EB0C0541EA045170BD5B
:1018300041F480114FF0000E013C90E645EA060E9F
:101840008DE60CEA135594EA0C0F08BF95EA0C0FCD
:101850003FF43BAF94EA0C0F0AD150EA01347FF415
:1018600034AF95EA0C0F7FF425AF104619462CE7EC
:1018700095EA0C0F06D152EA03353FF4FDAE10464F
:10188000194622E750EA410618BF52EA43067FF4A0
:10189000C5AE50EA41047FF40DAF52EA43057FF430
:1018A000EBAE12E74FF0FF3C06E000BF4FF0010C3B
:1018B00002E000BF4FF0010C4DF804CD4FEA410C9F
:1018C0007FEA6C5C4FEA430C18BF7FEA6C5C1BD06C
:1018D00001B050EA410C0CBF52EA430C91EA030FED
:1018E00002BF90EA020F0020704710F1000F91EA4A
:1018F000030F58BF994208BF90422CBFD8176FEA18
:10190000E37040F0010070474FEA410C7FEA6C5CE5
:1019100002D150EA013C07D14FEA430C7FEA6C5CEC
:10192000D6D152EA033CD3D05DF8040B704700BF18
:101930008446104662468C461946634600E000BF66
:1019400001B5FFF7B7FF002848BF10F1000F01BD38
:101950004DF808EDFFF7F4FF0CBF012000205DF803
:1019600008FB00BF4DF808EDFFF7EAFF34BF012088
:1019700000205DF808FB00BF4DF808EDFFF7E0FF21
:1019800094BF012000205DF808FB00BF4DF808ED72
:10199000FFF7CEFF94BF012000205DF808FB00BFD9
:1019A0004DF808EDFFF7C4FF34BF012000205DF8BB
:1019B00008FB00BF4FEA410C7FEA6C5C02D150EAA1
:1019C000013C0AD14FEA430C7FEA6C5C02D152EA37
:1019D000033C02D14FF0000070474FF00100704708
:1019E0004FEA410212F5001215D211D56FF4787347
:1019F000B3EB625212D94FEAC12343F0004343EAEA
:101A0000505311F0004F23FA02F018BF40427047C4
:101A10004FF00000704750EA013005D111F000404E
:101A200008BF6FF0004070474FF00000704700BFE4
:101A30004A0011D212F5001211D20DD56FF478734D
:101A4000B3EB62520ED44FEAC12343F0004343EAA2
:101A5000505323FA02F070474FF00000704750EAED
:101A6000013002D14FF0FF3070474FF00000704757
:101A70004FEA4102B2F1E04324BFB3F5001CDCF1B0
:101A8000FE5C0DD901F0004C4FEAC0024CEA5070E8
:101A9000B2F1004F40EB830008BF20F00100704717
:101AA00011F0804F21D113F13872BCBF01F000401A
:101AB000704741F480114FEA5252C2F11802C2F14C
:101AC000200C10FA0CF320FA02F018BF40F00100CD
:101AD0004FEAC1234FEAD32303FA0CFC40EA0C007F
:101AE00023FA02F34FEA4303CCE77FEA625307D1BC
:101AF00050EA01331EBF4FF0FE4040F440007047F3
:101B000001F0004040F0FE4040F40000704700BF8C
:101B100080F0004002E000BF81F0004142001FBFA2
:101B20005FEA410392EA030F7FEA226C7FEA236CAB
:101B30006AD04FEA1262D2EB1363C1BFD2184140A0
:101B400048404140B8BF5B42192B88BF704710F036
:101B5000004F40F4000020F07F4018BF404211F0D9
:101B6000004F41F4000121F07F4118BF494292EA41
:101B7000030F3FD0A2F1010241FA03FC10EB0C006D
:101B8000C3F1200301FA03F100F0004302D54942FA
:101B900060EB4000B0F5000F13D3B0F1807F06D3A7
:101BA00040084FEA310102F10102FE2A51D2B1F19F
:101BB000004F40EBC25008BF20F0010040EA030094
:101BC0007047490040EB0000013A28BFB0F5000F14
:101BD000EDD2B0FA80FCACF1080CB2EB0C0200FACA
:101BE0000CF0AABF00EBC25052421843BCBFD04019
:101BF0001843704792F0000F81F4000106BF80F493
:101C000000000132013BB5E74FEA41037FEA226C55
:101C100018BF7FEA236C21D092EA030F04D092F020
:101C2000000F08BF0846704790EA010F1CBF002054
:101C3000704712F07F4F04D1400028BF40F00040B1
:101C4000704712F100723CBF00F50000704700F0D1
:101C5000004343F0FE4040F4000070477FEA2262F8
:101C600016BF08467FEA23630146420206BF5FEAC9
:101C7000412390EA010F40F4800070474FF00003C9
:101C800004E000BF10F0004348BF40425FEA000C90
:101C900008BF704743F0964301464FF000001CE038
:101CA00050EA010208BF70474FF000030AE000BF8E
:101CB00050EA010208BF704711F0004302D54042CC
:101CC00061EB41015FEA010C02BF8446014600203E
:101CD00043F0B64308BFA3F18053A3F50003BCFA59
:101CE0008CF2083AA3EBC25310DB01FA02FC634406
:101CF00000FA02FCC2F12002BCF1004F20FA02F20D
:101D000043EB020008BF20F00100704702F12002FF
:101D100001FA02FCC2F1200250EA4C0021FA02F260
:101D200043EB020008BF20EADC7070477BB972B950
:101D30000029BEBF00204FF0004106E008BF002888
:101D40001CBF6FF000414FF0FF3000F0A3B9ADF1C0
:101D5000080C6DE904CE002909DB002B1ADB00F02A
:101D600035F8DDF804E0DDE9022304B070474042B5
:101D700061EB4101002B1BDB00F028F8DDF804E0EB
:101D8000DDE9022304B0404261EB4101524263EBC2
:101D900043037047524263EB430300F017F8DDF84A
:101DA00004E0DDE9022304B0404261EB41017047E9
:101DB000524263EB430300F009F8DDF804E0DDE98B
:101DC000022304B0524263EB430370472DE9F0470E
:101DD000089E0D4604460F46002B4AD18A4294467F
:101DE00065D9B2FA82F343B102FA03FCC3F12002CF
:101DF0009F4020FA02F217439C404FEA1C4E1FFA04
:101E00008CF5B7FBFEF1220C0EFB117742EA07427C
:101E100001FB05F090420AD91CEB020201F1FF37E9
:101E200080F01C81904240F2198102396244121AFA
:101E3000A4B2B2FBFEF00EFB102244EA024400FB07
:101E400005F5A5420AD91CEB040400F1FF3280F02D
:101E50000781A54240F204816444023840EA01400F
:101E6000641B00211EB1DC400023C6E90043BDE82D
:101E7000F0878B4208D9002E00F0ED800021C6E9E2
:101E800000050846BDE8F087B3FA83F1002949D17F
:101E9000AB4202D3824200F2F880841A65EB03025F
:101EA00001201746002EE2D0C6E90047DFE702B95D
:101EB000FFDEB2FA82F3002B40F090808A1A4FEADC
:101EC0001C471FFA8CFE0121B2FBF7F507FB15201A
:101ED000220C42EA00420EFB05F0904208D91CEBAE
:101EE000020205F1FF3802D2904200F2CB80454653
:101EF000121AA4B2B2FBF7F007FB102244EA024424
:101F00000EFB00FEA64508D91CEB040400F1FF32CD
:101F100002D2A64500F2BB801046A4EB0E0440EAB4
:101F200005409FE7C1F120078B4022FA07FC4CEAED
:101F3000030C05FA01F420FA07F3FD404FEA1C49AF
:101F40002343B5FBF9F81FFA8CFE09FB18551C0C4E
:101F500044EA054408FB0EF5A54202FA01F200FA34
:101F600001F00BD91CEB040408F1FF3A80F08880E3
:101F7000A54240F28580A8F102086444641B9DB22A
:101F8000B4FBF9F309FB134445EA044403FB0EFEDA
:101F9000A64508D91CEB040403F1FF356CD2A64515
:101FA0006AD9023B644443EA0843A3FB0295A4EBCD
:101FB0000E04AC42C846AE4656D353D056B1B0EB31
:101FC000080264EB0E0404FA07F7CA40CC4017433A
:101FD000C6E9007418460021BDE8F087C3F120016E
:101FE00002FA03FC20FA01F225FA01F19D402A438E
:101FF0004FEA1C471FFA8CFEB1FBF7F007FB1015E8
:10200000110C41EA054100FB0EF58D4204FA03F480
:1020100008D91CEB010100F1FF382FD28D422DD9D8
:1020200002386144491B92B2B1FBF7F507FB151169
:1020300042EA014205FB0EF1914208D91CEB020273
:1020400005F1FF3816D2914214D9023D6244521A6A
:1020500045EA004138E73146304608E73946E6E6CA
:102060001046FBE64845A9D2B9EB020865EB0C0E19
:10207000013BA3E74546EAE72B4694E74046D1E714
:10208000D0467BE7023D624432E708460AE76444F3
:10209000023842E7704700BF002101F0B1BC00BF29
:1020A000024B0146186800F00BB800BFC80FFF1FB5
:1020B000024B0146186802F05FBE00BFC80FFF1F49
:1020C0002DE9F04F01F10B06162E83B0044624D8FB
:1020D000102900F2BA8000F0A3FA1026182202207C
:1020E000B54F3A44A2F1080153688B4200F0BA8020
:1020F0005A68D96822F003021A449D68E9608D602D
:10210000516841F001012046516003F1080500F0DB
:102110008DFA284603B0BDE8F08F36F0070600F1CF
:102120009480B14200F2918000F07AFAB6F5FC7F1B
:10213000C0F09A81730A00F08F80042B00F26F8147
:10214000B30903F1390003F1380CC3009A4F3B4443
:10215000A3F108055B689D4206D10CE0002980F2DE
:102160002781DB689D4206D05A6822F00302911B4A
:102170000F29F3DD60463D69DFF850C265457CD02C
:102180006A6822F00302931B0F2B00F37B81002B64
:10219000C7E904CC80F26C81B2F5007F80F01A812F
:1021A000D308796801334FEA521E012202FA0EF277
:1021B0000A4357F833E0C5F808E007EBC3010839D4
:1021C000E9607A6047F83350CEF80C508310012153
:1021D0009940914257D8114206D120F0030049009E
:1021E000114200F10400FAD007EBC0094D468646C3
:1021F000D5F80C80454508D11DE1002B80F22481E3
:10220000D8F80C80454500F01681D8F8042022F05B
:102210000302931B0F2BF0DD2046D8E9025408EB94
:10222000060146F00106C8F80460EC60A56043F0C2
:102230000104C7E90411C1E902CC4C6048F802303E
:1022400000F0F4F908F1080502E00C2323600025F2
:10225000284603B0BDE8F08F4FF4007340204FF0E4
:102260003F0C73E7D3689A4208BF02307FF440AF57
:102270003D69DFF858C1654582D17A688310012134
:1022800099409142A7D9BD686B6823F003094E4578
:1022900003D8A9EB06030F2B7ADCDFF834B1474BE8
:1022A000DBF800201B680132334405EB090A00F01B
:1022B000338103F580530F3323F47F6828F00F0830
:1022C0004146204602F0B6F9411C024600F0F38078
:1022D000824500F2EE803A4B196841441960084685
:1022E00000F04E81DBF80010019301311BBFA2EB1F
:1022F0000A010918CBF80020196012F0070B00F052
:102300001781CBF108010A44CBF580519044083184
:10231000A1EB0801C1F30B0A51462046009202F0DE
:1023200089F9421CDDE9002300F04F81801A00EB9F
:102330000A081968BA6048F001005144BD42506073
:10234000196000F02981B9F10F0F40F22781686808
:10235000A9F10C0C2CF0070C00F0010040EA0C0075
:1023600068604FF0050E05EB0C00BCF10F0FC0E9E3
:1023700001EE00F2328150681546124B1A688A420B
:1023800038BF1960104B1A688A4238BF196094E050
:10239000AA1943F0010346F001066E602046BA60B8
:1023A000536000F043F90835284603B0BDE8F08FCC
:1023B000D9681A44A1E600BF1C09FF1F7422FF1F41
:1023C0004422FF1F6C22FF1F7022FF1F2409FF1FE2
:1023D000240DFF1FB2F5206F4FEA522363D3142B55
:1023E00000F2B78003F15C01C9005B3307EB010E1B
:1023F0007958AEF1080E8E4500F091804B6823F0BD
:102400000303934202D989688E45F7D1D1F80CE0D5
:102410007A68C5E9021ECEF80850CD60D6E6142BC6
:1024200059D9542B00F29D80330B03F16F0003F157
:102430006E0CC3008AE60EF1010E1EF0030F05F1CB
:1024400008057FF4D5AE51E0424445465368D8F8BC
:102450000C1043F00103536055F8083F2046D96043
:102460008B6000F0E3F8F3E6F00806F1080237E6C7
:102470002A442046536843F001035360083500F0B6
:10248000D5F8E5E6A919204646F0010643F0010417
:102490006E60C7E90411C1E902CC4C60AB5000F09A
:1024A000C5F80835D4E6930903F13901C90038337A
:1024B0009CE7BD425FD0BD68686820F003084645D0
:1024C000A8EB060302D80F2B3FF762AF204600F0BF
:1024D000ADF80025BCE603F15C0003F15B0CC30022
:1024E00034E659F808394B4540F0968010F0030F58
:1024F00000F1FF30F5D17B6823EA01037B604900DE
:1025000099423FF6C0AE19B9BDE649000EF1040E7E
:102510001942FAD0704667E603F11008D0E69A1027
:102520004FF001087B6808FA02F21A437A6070E7FC
:1025300002EB08014942C1F30B0A514620460092C2
:1025400002F078F8431CDDE900237FF4EFAEDA46B1
:10255000EFE6542B25D8130B03F16F01C9006E333E
:1025600044E7B3F5AA7F25D8F30B03F1780003F114
:10257000770CC300EAE5294B186840441860B1E6BF
:10258000CAF30B0CBCF1000F7FF4ACAEBD68C844BD
:1025900048F001006860F0E61546EEE6012353605E
:1025A00094E7B3F5AA7F23D8D30B03F17801C900D0
:1025B00077331BE740F25452934223D8B30C03F114
:1025C0007D0003F17C0CC300C0E5ABF1080BD844DF
:1025D000A8EB02084FF0000AABE605F1080120461F
:1025E000009302F0C9FBBD68009B68681968C4E6E7
:1025F00040F254518B420BD8930C03F17D01C9007A
:102600007C33F3E64FF47E737F204FF07E0C9DE524
:102610004FF47E717E23E9E67B6870E74422FF1F5A
:10262000014802F05DB800BFBC23FF1F014802F063
:1026300059B800BFBC23FF1F10B4044C03460A4620
:1026400020685DF8044B194600F002B8C80FFF1F60
:102650002DE9F84F1746002900F098800C4607F145
:102660000B058046FFF7DCFF162D54F8041C5BD8E1
:1026700010252A46AF425CD821F003069642A4F109
:10268000080962DABC4BD3F808C009EB06008445A0
:1026900000F09780D0F804C02CF0010303445B687D
:1026A000DB0768D42CF0030C06EB0C03934247DAEB
:1026B000CB0710D454F8083CA9EB030ADAF804302D
:1026C00023F003018C44B444944580F211817318C3
:1026D000934280F2E88039464046FFF7F1FC074616
:1026E000E0B154F8043C23F001034B44A0F108028C
:1026F000934200F0D280321F242A00F2F580132A80
:1027000000F2AC8003462246116819605168596096
:1027100092689A602146404602F02EFB4046FFF741
:1027200085FF3846BDE8F88F25F00705002D2A46BD
:10273000A0DA0C23C8F8003000273846BDE8F88F2F
:102740001E46D0E90223D3609A60731B0F2B22D858
:10275000D9F8043003F0010333434E44C9F8043080
:10276000736843F00103736040462746FFF75EFF3E
:102770003846BDE8F88FC907ADD454F8083CA9EB3A
:10278000030ADAF8041021F00301A0E7BDE8F84FCE
:102790001146FFF795BCD9F8042009EB050102F0BA
:1027A00001024E4443F001032A43C9F804204B6060
:1027B000736843F0010308317360404602F0DCFAAD
:1027C000D2E7DCF8040020F0030B06EB0B0C05F15C
:1027D000100084454DDAC9073FF57DAF54F8081C59
:1027E000A9EB010ADAF8041021F003018B44B34489
:1027F00058453FF76CAF5746DAF80C1057F8080FFA
:10280000321F242AC160886000F2DB80132A40F264
:10281000D6802168CAF808106168CAF80C101B2A13
:1028200000F2DF8008340AF110022168116061684B
:102830005160A16891600AEB0501ABEB050242F023
:10284000010299604A60DAF8043003F001032B4377
:102850004046CAF80430FFF7E9FE6EE723680360DC
:10286000636843601B2A68D804F1080200F108037A
:102870004AE709EB05029A60ACEB050343F001035C
:10288000536054F8043C03F001032B43404644F8E2
:10289000043CFFF7CBFE27464FE750F8043C23F0FB
:1028A00003031E4451E75746DAF80C1057F8080F97
:1028B000321F242AC16088604CD8132A48D9216865
:1028C000CAF808106168CAF80C101B2A56D80834D8
:1028D0000AF110021E462368136063685360A36800
:1028E0009360D1463C4630E7214601F021FA11E7DA
:1028F000D0E902135746CB60996057F8081FDAF801
:102900000C30CB60321F242A99602DD8132A29D984
:102910002368CAF808306368CAF80C301B2A42D80A
:1029200008340AF1100322681A6062685A60A268CB
:102930009A606646D1463C4607E7A3688360E36831
:10294000C360242A26D004F1100200F11003DBE654
:102950003A46BFE7214638461E46D14601F0E8F91F
:102960003C46F2E63B46DEE7214638466646D1461F
:1029700001F0DEF93C46E8E61C09FF1FA168CAF831
:102980001010E168CAF81410242A20D010340AF17B
:1029900018029FE7236903616169416104F118022C
:1029A00000F11803B0E6A368CAF81030E368CAF86B
:1029B0001430242A21D010340AF11803B3E73A4620
:1029C00033E72146384601F0B3F9164B33E7226965
:1029D000CAF818206269CAF81C2018340AF12002CB
:1029E00078E7A168CAF81010E168CAF81410242A20
:1029F0000DD010340AF1180217E72369CAF818300D
:102A00006369CAF81C3018340AF120038BE7226985
:102A1000CAF818206269CAF81C2018340AF120028A
:102A200003E700BF1C09FF1F2DE9F04F2DED048BBC
:102A30009FB08846002192461A9100220021CDE9DC
:102A400004128346414619910F4611F8012B2D2A95
:102A50005ED801A050F822F0F32B0400112B0400E3
:102A6000112B0400112B0400112B0400112B040066
:102A7000112B0400112B0400112B0400472A040021
:102A8000472A0400472A0400472A0400472A040072
:102A9000112B0400112B0400112B0400112B040036
:102AA000112B0400112B0400112B0400112B040026
:102AB000112B0400112B0400112B0400112B040016
:102AC000112B0400112B0400112B0400112B040006
:102AD000112B0400112B0400472A0400112B0400C1
:102AE000112B0400112B0400112B0400112B0400E6
:102AF000112B0400112B0400112B0400112B0400D6
:102B0000112B0400E9320400112B0400D53204001B
:102B100000210891302A7CD0002307932F2A1446E5
:102B200040F24B854FF0000938464E464D4612E0C4
:102B30000130082D1990C8BF09EB89090478C6BF78
:102B400002EB4902A2F13009A3F130062F2C05F166
:102B5000010522466EDD06EB8603392C02EB4303AA
:102B6000E6DDA949012201F05BFA002834D1199B66
:102B70001A46013319935478002D40F0CC85302C3F
:102B800040F0A885C3F101029818013319931C780D
:102B9000302CF9D0A4F13103082B00F24E83431CF2
:102BA000199F0C930023A4F1300E01253C460A9393
:102BB00006EB86060EEB46060020631C199364782C
:102BC000A4F13001092900F2F88201308E46002973
:102BD00040F0CF84199CF0E70020652C0A950C90FA
:102BE000864601D0452C32D1002D7AD1079B034374
:102BF00076D19FED838BBAF1000F01D0CAF8008027
:102C0000B0EE480AF0EE680A1FB0BDEC048BBDE8D8
:102C1000F08F7A7802F0DF02582A00F08A840137B8
:102C200019973A78302AFAD0002A00F0DE80012382
:102C3000079373E77449012201F0F2F9002800F0CC
:102C4000D7800A954FF0000ECDF830E07046002393
:102C50000D93002D00F091800A9A1346002A08BFB8
:102C60002B4630460A93FEF791FB02460B46CDE910
:102C70000423DDE90C23102DA3EB02032C46A8BF8F
:102C80001024092D099314DD604B03EBC40353E9B1
:102C90001223FEF7F5FB0246484690468946FEF7AA
:102CA00075FB02460B4640464946FEF733FACDE92E
:102CB00004010F2D00F3B080099B002B00F0568417
:102CC000099B40F39483162B40F31085099AC5F1B4
:102CD0002503934280F24085099B2C1B1C44A1E0F4
:102CE0000025DDF8648008F10103199398F801408C
:102CF0002B2C00F09F822D2C00F02F8200230993B3
:102D0000A4F13003092B00F22382302C05D1199B4A
:102D1000013319931C78302CFAD0A4F13103082B1D
:102D200095D8199A0D92531C1993A4F13001547837
:102D30002F2C09DC00F050BC013319939CF80140A2
:102D40002F2CA2F1300106DD01EB8102392C9C46CB
:102D500004EB4202F0DD0D9A9B1A082B40F33C84F1
:102D600044F61F630D93099B002B3FF472AF0D9B3C
:102D70005B420D93002D7FF46FAF079B034334D16B
:102D8000BEF1000F7FF435AF692C00F0408400F3F2
:102D90004783492C00F03B844E2C7FF42AAF1C491A
:102DA00019A802F00BFC00283FF423AF199B1B78F5
:102DB000282B00F08585174801F032FFB0EE408ADD
:102DC000F0EE608ABAF1000F02D0199BCAF8003009
:102DD000089B002B3FF414AF18EE901A18EE102A3F
:102DE00001F1004343EC182B0AE79FED058BE9E75F
:102DF000199B0A955A1C19925C780C90E0E600BF6A
:102E00000000000000000000ECCE0400902105004E
:102E1000F01D0500A8120500099B2C1B1C44002C6A
:102E200040F3268314F00F000AD0BF4901EBC00124
:102E3000DDE90423D1E90001FEF722FBCDE904011D
:102E400034F00F0340F07D82002307930A9A009626
:102E50002B463946584602F03DFD1290002800F0FE
:102E60006283DDE90C315B1A0999CDF84CA0002989
:102E7000A8BF002300270C9321EAE173B846BA46A5
:102E80000F9307467968584602F0A2FC8146002855
:102E900000F02D813A699DED048B0232920007F11A
:102EA0000C010C30FAF7B0F9B0EE480AF0EE680AFF
:102EB0001CAA1BA9584603F0C9F81A90002800F074
:102EC00005810121584602F0ADFD8046002800F042
:102ED0000E811B9B002BC0F2FD800C9A0F9D9E184B
:102EE000079A1C9C9B1A2344904A013B9342C4F1CD
:102EF000360480F2B080D21A1F2AA4EB020400F339
:102F00001F81012393400A9300230E93079B2544BE
:102F10003444A6421D443346A8BF2346AB42A8BF53
:102F20002B46002B02DDE41AED1AF61A0C9B002B3F
:102F300000F3AC80002C00F3C080099B002B00F351
:102F4000E080002D00F3CA80002E08DD41463246A5
:102F5000584602F0A3FE8046002800F0C8801A9967
:102F60004A46584602F034FF8246002800F0BF80EF
:102F70000023C268C36041460D9202F007FF00289B
:102F8000C0F2728400F0FF834146504603F0C8F857
:102F900055EC104B10EE100A00224FF080432946EA
:102FA000FEF7EAFC00285BD00D9B002B00F0E080D0
:102FB000059B0E935E4B5E4D0022CDE90A23002453
:102FC0000E9A5C4E5C4B16409E4200F0FC80079BC4
:102FD0008BB1B6F1D46F0ED84FA3D3E900232046AE
:102FE0002946FEF7C9FC002840F093810B9B03F1B2
:102FF000D6639B1B0B93DDE90A01B0EE480AF0EEA5
:10300000680ACDE9040102F08DFFDDE9040153EC0B
:10301000102BFEF735FA53EC182BFEF77BF8CDE9B1
:1030200004010A91079B2BB9424B0A9A13409E4216
:1030300000F00C811A99584602F0F0FB49465846B8
:1030400002F0ECFB4146584602F0E8FB5146584678
:1030500002F0E4FB16E700230E9301230A9355E7E1
:10306000364B204629460022FEF70AFA0D9B0446FD
:103070000D46002B79D101F1004310901193059B6F
:103080000E93DDE91023CDE90A2399E741461A465C
:10309000584602F0A3FD804648B301461A9A5846A6
:1030A00002F0EEFC18B30D901A99584602F0B6FBE8
:1030B0000D9B1A93002C7FF740AF1A992246584671
:1030C00002F0ECFD1A9000287FF437AF5746DDF888
:1030D0004CA010E00F9A0C9ED51A01E749462A46EB
:1030E000584602F0DBFD814600287FF42DAF57469D
:1030F000DDF84CA01A9822239FED098BCBF8003005
:10310000D3E049460F9A584602F068FD81460028F0
:103110007FF417AFEBE700BF0000C0FFFFFFDF4108
:10312000000000000000F07F9021050002FCFFFF7E
:103130000000F03F0000F07F0000E07F0000E03F73
:10314000C14AD31A012202FA03F30E930A92DDE672
:103150000023CDF864800D937BE50123099308F1EA
:103160000203199398F80240CAE5CDE9104586E7B5
:10317000DDE90412002940F0BA80C2F313030E9275
:10318000002B40F0BA80B14B002220462946FEF7C2
:10319000E9FB002840F0B882AD4B204629460022CA
:1031A000FEF76EF901F1004304460D4616901793A1
:1031B000DDE91623CDE90A2302E7652C4FF0010E65
:1031C0003FF48FAD0EE5A2F1547305939DED047BA2
:1031D000DDE90A01B0EE470AF0EE670AB0EE479A61
:1031E000F0EE679ACDE9040102F09CFEDDE90401EE
:1031F00053EC102BFEF744F953EC192BFDF78AFF23
:10320000DFF860C2934B01EA0C0C9C45CDE9040148
:103210007AD918EE902A03F154739A4204D118EE29
:10322000103A01333FF463AF8B4A4FF0FF33CDE9DF
:103230000432FFE60023099391E7652C00F0E98052
:10324000452C00F0E6804FF0010E96E52046294619
:1032500007F0FCFCFEF7E6F80B460246294620463E
:10326000FDF756FF0D9C049D44EA050C0A9CC4F32F
:1032700013065CEA060304460D4600F0AF806CA31B
:10328000D3E90023FEF76EFB48B96BA3D3E9002313
:1032900020462946FEF784FB00283FF4CBAE9DED87
:1032A000048B57461A98DDF84CA00146584602F0A8
:1032B000B5FA4946584602F0B1FA4146584602F07E
:1032C000ADFA1299584602F0A9FA3946584602F06A
:1032D000A5FA77E501220892791C19917A78002ADB
:1032E0003FF487AC0F4615E400220892F4E7DDE9CD
:1032F0000412012900F078810E92584B534D0022A0
:10330000CDE90A2300245BE601F154730A93059387
:1033100088E629462046FEF78BFB012838BF0120AE
:10332000FEF734F80D9B04460D46002B40F06C81EF
:1033300001F1004314901593DDE91423CDE90A232C
:1033400054E6B3F59A7F00F3EE801C11102B444B2A
:10335000079340F3C9829846DDE904234FF0000C3F
:10336000E14614F0010F104619464FEA640409F1D2
:10337000010907D0D8E90023FEF782F84FF0010CCD
:1033800002460B46012C08F10808EAD1BCF1000FF7
:1033900001D0CDE90423079B03EBC901059BA3F1F1
:1033A00054730593DDE90423D1E90001FEF768F8C1
:1033B0002C4BCDE904010B400A462B498B4200F20D
:1033C000B280A1F580118B4240F22D82224A4FF04B
:1033D000FF33CDE904320023079337E518A3D3E97F
:1033E0000023FEF7BFFA00283FF424AE57E7163358
:1033F000FFF612ADDDE90C329A1A1C4B03EBC20347
:10340000DDE90401D3E90023FEF764F941EC180B70
:10341000D8E400230A930C934FF0010EFFF7E6BBAC
:103420006E2C3FF4BCACFFF7E4BB00BFAFF30080F1
:103430009535A094FFFFDF3F35E5AF350000E03F55
:103440009535A094FFFFCF3FE2FBFFFF0000F03F68
:103450000000E03FFFFF9F7CFFFFEF7F0000F0BF19
:10346000682105000000F07F0000A07C902105008D
:103470003FF4EAAC644214F00F020AD0AE4B03EB07
:10348000C203DDE90401D3E90023FEF723F9CDE906
:10349000040124113FF4D8AC1F2C3EDC14F01003BF
:1034A00018BF6A230793DDE90423DFF8A8824FF0F1
:1034B000000C14F0010F1046194607D0D8E900237C
:1034C000FDF7DEFF4FF0010C02460B46641008F1D9
:1034D0000808EED1BCF1000F01D0CDE90423079B11
:1034E00093B1DDE90401C1F30A52C2F16B03002B71
:1034F0000ADD1F2B40F341820020342B049040F35F
:103500005A824FF05C730593DDE904010022002329
:10351000FEF71EFA00283FF499AC22239FED808B22
:10352000CBF800304EE422239FED7F8BCBF80030A8
:1035300048E40293089B01931AAB00937F4A1BABAC
:1035400019A9584601F070FD10F00F0504463FF42C
:103550004CAC062D7BD19FED728B0137BAF1000F79
:103560003FF44EABCAF80070FFF74ABB9DED048BE9
:1035700028E40C9B199C03440C93012805F10103DA
:103580001A4615D0284400F1FF3C03E046009C4554
:103590000DD001332A46082A1D4606EB8600F5D9D0
:1035A000102BDCBF09EB89094FEA4909EFE702322A
:1035B000082D42DC1546FFF7FBBA61490122384667
:1035C00000F02EFD002800F0888000231D460A939D
:1035D00099461E46FFF736BB44F61F639942A8BFC3
:1035E00019460D91FFF7BFBBDDE904120E92002AC8
:1035F0007FF483AE5746DDF84CA01A9822239FED46
:10360000488BCBF8003050E6CDE9144594E64D499F
:1036100019A801F0D3FF00283FF4EBAA199B4A49EF
:10362000013B19A8199301F0C9FF10B9199B013387
:1036300019939FED3D8BFFF7C5BB102ADCBF09EB4B
:10364000890901EB490915460020FFF7B6BA1A9A15
:103650003AB135211CA802F091FD1A99584602F0A2
:10366000DDF8013D1B9B042D00F2BC81DFE805F075
:10367000032D2A1F03001C9A049203F233421D9B60
:1036800023F4801343EA02530593E10502D543F086
:10369000004305932D4A1A409DED048B002A7FF4C8
:1036A00091AB00F0EFFF22230360FFF78BBB4FF0DD
:1036B000FF336FF00040CDE90430E3057FF556AFEE
:1036C000059BE4E7214B0593F7E71C9B04931D9BA7
:1036D0000593DAE70020FFF75DBA199B1A4601331C
:1036E0001993547806468146FFF749BA099812495A
:1036F00001EBC001DDE90423D1E90001FDF7C0FEC3
:1037000041EC180BFFF75EBB9FED097B104D8DED73
:10371000167B00244CE50A950C90FFF751BA00BFC8
:103720000000000000000000000000000000F07F2A
:10373000000000000000E0BF90210500F41D05001E
:10374000ECCE0400E41D0500E81D05000000F07F3C
:103750000000E03F201E0500A34CC5F10F0504EB5F
:10376000C501DDE90423D1E90001FDF789FE099BCC
:103770005D1B04EBC504D4E90023FDF781FE41EC99
:10378000180BFFF71FBB0D9B5746DDF84CA0002B15
:1037900050D0DDE90445954BC5F3130199422A4603
:1037A00000F0CC800E9B002B00F08380DDE904123A
:1037B0001342144623D0B0EE480AF0EE680A0D9B7F
:1037C000002B00F0948002F0ADFB079B51EC100B36
:1037D0006BB1C4F30A53C3F16B03002B07DD1C0567
:1037E00004F17F53002203F54013FDF749FE024622
:1037F0000B4651EC180BFDF78DFC41EC180B079BA9
:103800007BB151EC180B7A4B0022FDF739FE41ECED
:10381000180B784B18EE902A134013B92223CBF8DB
:1038200000301A9841E502F1547305930023079381
:10383000FFF70CBBDDE90412C2F313030B4314467C
:10384000B0D1079B002B40F0BE806A4B2340A3F50C
:1038500080136FEA13536FEA035305934FF0FF335E
:1038600004939DED048BCAE7DDE904010D9B03433E
:103870005746DDF84CA0C2D1C1F313030C46002B10
:10388000BDD121F000431B0D1B05B3F1D66FB6D996
:103890007B6913B93B69012BB1DD394601225846DA
:1038A00002F0FCF94146074602F070FA0028A6DD56
:1038B000C7E7DDE904010A9B0342A0D00C467AE782
:1038C0004D4919A81CAA01F095FE05287FF473AA9A
:1038D0001D9B43F0FF4343F4E00305931C9B0493BB
:1038E0009DED048BFFF76EBA4FF0000953E502F02F
:1038F00019FB079B51EC100B002B49D0C4F30A5362
:10390000C3F16B03002B07DD1C0504F17F530D9AF7
:1039100003F54013FDF7B4FD02460B4651EC180BBE
:10392000FDF7F6FB02460B4643EC182B0022002362
:10393000FEF70EF800283FF464AF5EE6079B04999B
:103940001BB32C4B2B40B3F1D46F1ED81B0DC3F10E
:103950006B034FF0FF3000FA03F399427FF422AF7C
:10396000264B9A423AD0234B134003F5801305931C
:10397000002304939DED048B41E74FF0FF3202FAE0
:1039800003F3049A1A400492BEE54FF0FF33E4E7D4
:103990000B4610EE102A51EC180BFDF7B9FB02464E
:1039A0000B4643EC182B00220023FDF7D1FF002823
:1039B0003FF437AF21E6C2F14B024FF0FF339340A3
:1039C0000B400593A0E50B4B2340B3F1D66F3FF7B7
:1039D0003EAFB3F15C7F3FF714AF0EE60131C2D1C9
:1039E000FFF788BB002350E690210500FFFF0F0082
:1039F000000050390000F07F081E0500FFFFEF7F38
:103A000010B4054C054B84460A4620685DF8044B0B
:103A10006146FFF709B800BFC80FFF1F380DFF1F31
:103A200013460A460146022001F002B9024B18442F
:103A3000407800F008007047481E0500024A03491C
:103A4000034800F0BBB800BF2C0DFF1F397E0400F7
:103A5000A80EFF1F0C4B4168994210B5044601D0D7
:103A600004F0EAF9A168094B994202D0204604F01B
:103A7000E3F9E168064B994204D02046BDE81040C6
:103A800004F0DAB910BD00BF7822FF1FE022FF1F4B
:103A90004823FF1F2DE9F8432A4C2B4B2B48DFF816
:103AA000C090DFF8C0802A4F186000250423082248
:103AB000294604F15C00274E6566C4E90253C4E957
:103AC0000055C4E90455A56100F0AEF9224B6367C7
:103AD0000822294604F1C400C4E90749C4E909875A
:103AE000C4E91A55C4E91E55C4F8CC502567C4F87A
:103AF0008050E66200F098F9184BC4F8DC30294693
:103B000004F16803082204F59670C4F88430C4E90F
:103B10002298C4E92476C4E93455C4E93855C4F878
:103B20003451C4F8D850C4F8E85000F07DF904F1DD
:103B3000D003C4E93C98C4E93E76C4F8EC30BDE853
:103B4000F88300BF7822FF1FB023FF1F3D3A040017
:103B5000A93C0400C93C0400090001001200020055
:103B6000453C0400693C040010B504460A4800F0D6
:103B7000B7FD636B23B9094B094A1B68626323B124
:103B8000BDE81040044800F0ADBDFFF783FFBDE87D
:103B90001040014800F0A6BDC023FF1FB023FF1F47
:103BA000553A0400014800F09BBD00BFC023FF1F31
:103BB000014800F097BD00BFC023FF1F2DE9F84367
:103BC00080460F4616464FF00009D6E90154013DE4
:103BD00011D4A389012B05F1FF3508D9B4F90E30B2
:103BE0000133214603D04046B84749EA00096B1C1F
:103BF00004F16804EDD13668002EE6D14846BDE8F0
:103C0000F88300BF0EB410B59DB06FF000411FAB3C
:103C1000CDE906010491094953F8042B0290084CA0
:103C20000868019302A9059402F016FB029B00228A
:103C30001A701DB0BDE8104003B07047C80FFF1FD9
:103C40000802FFFF10B50C46B1F90E1000F0DCFCC5
:103C5000002803DB236D0344236510BDA38923F4EF
:103C60008053A38110BD00BF2DE9F0410C46B1F98E
:103C70000C101F46CB05054616460BD421F4805187
:103C8000A1813B46B4F90E1032462846BDE8F0410A
:103C900000F0E2BCB4F90E100223002200F09EFCFA
:103CA000B4F90C10EAE700BF10B50C46B1F90E10DC
:103CB00000F094FCA389421C0EBF23F4805343F40C
:103CC00080532065A38110BDB1F90E1000F074BCC3
:103CD000032A70B514D940EA01039B0722D1044698
:103CE0000B46194620460E680568B54204F10404E7
:103CF00003F1040316D1043A032A20461946F0D8EA
:103D0000541E9AB1421E013901E0C3180CD012F8BA
:103D100001EF11F801CFE645A4EB0203F5D0AEEBBD
:103D20000C0070BD541EEDE7184670BD104670BD06
:103D300088420DD98B1883420AD900EB020CBAB124
:103D4000624613F801CD02F801CD9942F9D17047CE
:103D50000F2A0ED8034602F1FF3C4AB10CF1010CC8
:103D6000013B8C4411F8012B03F8012F6145F9D177
:103D7000704740EA01039B0750D1A2F1100370B5D0
:103D800001F1200C23F00F0501F1100E00F11004D9
:103D9000AC441B095EF8105C44F8105C5EF80C5CE7
:103DA00044F80C5C5EF8085C44F8085C5EF8045C5F
:103DB00044F8045C0EF1100EE64504F11004E9D15C
:103DC000013312F00C0F01EB031102F00F0400EBB2
:103DD000031327D0043C24F003064FEA940C1E443E
:103DE0001C1F8E465EF8045B44F8045FB442F9D1B0
:103DF0000CF1010402F0030203EB840301EB8401E4
:103E000002F1FF3C4AB10CF1010C013B8C4411F86A
:103E1000012B03F8012F6145F9D170BD02F1FF3C80
:103E200003469BE72246EBE7830730B548D0541E94
:103E3000002A3FD0CAB2034601E0013C3AD303F85E
:103E4000012B9D07F9D1032C2DD9CDB245EA0525CB
:103E50000F2C45EA054536D9A4F1100222F00F0CCB
:103E600003F1200EE6444FEA121C03F1100242E96E
:103E7000045542E9025510327245F8D10CF10102A5
:103E800014F00C0F03EB021204F00F0C13D0ACF182
:103E9000040323F003030433134442F8045B934206
:103EA000FBD10CF003042CB1C9B21C4403F8011B74
:103EB0009C42FBD130BD64461346002CF4D1F9E797
:103EC00003461446BFE71A46A446E0E730B4134D54
:103ED00010F8014B2B5D03F00303012B11F8013B9C
:103EE00015F803C00CF0030C224608BF04F12002B1
:103EF000BCF1010F1C4606D0D21A0AD1002BE7D123
:103F0000204630BC70472033D41AE1D0204630BC64
:103F100070471446204630BC704700BF491E05005C
:103F200011F0FF01034644D0820732D110B5046876
:103F300041EA012E4EEA0E4E8EEA0402A2F101334E
:103F400023EA0203A4F1013222EA0402134313F02C
:103F5000803F0FD150F8044F84EA0E0CA4F10133D6
:103F6000ACF1013223EA040322EA0C02134313F0FA
:103F7000803FEFD0037823B936E010F8013F002BE3
:103F800032D09942F9D110BD8A4211D09A07184611
:103F9000CCD0184613F8012B002AF5D110467047F3
:103FA0009907184607D0184601330278002AF7D13E
:103FB00070478207F7D10268A2F1013323EA0203B6
:103FC00013F0803F08D150F8042FA2F1013323EA07
:103FD000020313F0803FF6D00378002BE8D010F8EE
:103FE000013F002BFBD17047184610BD30B4047858
:103FF0009CB10D7884465DB10A462B4602E012F86A
:10400000013F2BB1A342FAD1ACEB000030BC7047AA
:104010001CF8014F002CEED1F6E72046F6E700BF72
:10402000002A3ED040EA01039B0730B584462FD1D9
:10403000032A2DD90B4608E0043A8446194625D0B8
:104040001EF0803F22D1032A22D90468194653F872
:10405000045BA4F1013EAC4284462EEA040E00F15A
:104060000400E9D09CF800000C78A0421BD1E64681
:1040700068B11EF8010F11F8014FA2EB0E03A04228
:1040800003F1FF330FD11CEB0303F1D1002030BD4E
:104090009CF800000C78844205D1012AF6D0E6464F
:1040A000E6E710467047001B30BD00BF40EA010341
:1040B0009B0730B501D1032A0FD8844601F1FF3E9A
:1040C00007E01EF8011F03F8011B541EC1B19C46F6
:1040D00022466346002AF4D130BD0B468446194679
:1040E00053F8045BA5F1013424EA050414F0803F81
:1040F000E4D1043A032A4CF8045B1946EFD8DDE713
:104100009444002CE8D003F8011B6345FBD130BD7B
:10411000024A12680123503200F002B8C80FFF1F94
:10412000F0B4074610B33E468C4616F8010B01E08A
:10413000A04216D01CF8014B002CF9D1D8B116F8CA
:10414000015B0C4601E0002BF9D014F8013B9D42C5
:10415000F9D14DB1002306F8013C16603846F0BC99
:1041600070475BB13746DEE72E46F6E71768002F4B
:10417000D9D13846F3E7F0BC106070471660384676
:104180003B70ECE701292DE9F0415BD94FF00108C4
:10419000C64600244FF0FF35434608E0A3EB050870
:1041A0001C464FF0010E04EB0E038B4210D200EBC5
:1041B0000E0CC75C1CF80560B742EFD332D04FF04D
:1041C00001082546C646444404EB0E038B42EED359
:1041D0000127C2F80080BE4600244FF0FF363B4660
:1041E00007E09F1B1C464FF0010E04EB0E038B42B1
:1041F00010D200EB060C10F803801CF80EC0E0454E
:10420000EFD817D001272646BE463C4404EB0E03E8
:104210008B42EED30136681C864201D317603046CC
:10422000BDE8F081C6450ABF74440EF1010E4FF09F
:10423000010EB8E7BE450ABF74440EF1010E4FF0FF
:10424000010ED2E701270026E8E700BF2DE9F04F75
:104250009246ADF21C4D05AA81460F4650461946BE
:104260001D46FFF78FFF134683460DF2144243F8B5
:10427000045F9342FBD1002D00F0DF806C1E06AE80
:104280000AF1FF320AEB0400009612F8011FAB1A84
:10429000013B5344824246F82130F6D105995A46F3
:1042A00051445046FFF714FD00286FD10BF1FF3346
:1042B0000393CBF1010380460646019309EB060EFA
:1042C000009A1EF8043052F82330DBB1B8F1000F29
:1042D00003D0059A9A4200D9AB1A1E444FF0000849
:1042E0007B1B9E42EAD909EB070045F4006103F00D
:1042F000C9FE07447B1B9E42E0D900200DF21C4DF5
:10430000BDE8F08FC3455B4638BF4346A34210D299
:10431000591EF21851444A4402E00133A34208D224
:1043200012F8010B11F801CF8445F6D0019A16441A
:10433000D3E7C345039B7ED906EB0B024A440AEB45
:104340000B01029602E0434515D0034612F8010D19
:1043500011F8016D864203F1010C03F1FF30F2D038
:10436000029E634608F1010898450AD8059B1E4441
:10437000A5EB0308B4E7434608F101089845029EFF
:10438000F4D970460DF21C4DBDE8F08FA5EB0B0380
:104390005B4538BF5B46013305930BF1FF33019357
:1043A000CBF101030026029345F4006809EB0601F6
:1043B000009A0B5D52F823306BB11E447B1BB34255
:1043C000F4D209EB0700414603F05CFE07447B1B77
:1043D000B342EBD291E7A34514D2019B0BEB06024B
:1043E0000AEB030C4A445B4602E00133A34209D2C4
:1043F00012F8010B1CF801EF8645F6D0029A16441C
:104400001E44DBE7BBF1000F10D00BEB0600484465
:104410000AEB0B0201E0534508D012F801ED10F849
:1044200001CDE6451346F6D0059BC6E708460DF2DA
:104430001C4DBDE8F08F5B4694E706AB4FF0FF34B0
:1044400000932BE72DE9F0410D46097890B0044622
:10445000002954D06A78002A00F08380AB78002BC2
:1044600051D0E8782E68002800F082802B79002B4C
:1044700057D0284600F064FB064640F40071204601
:1044800003F000FE86425BD8FE2E00F28680801B81
:1044900027184022711C6846FFF7C6FC7EB16A1ED1
:1044A0005FFA86FC901912F8013F03F03F03403396
:1044B0006B44A91A6144824203F8401CF3D1013CC9
:1044C000A35D03F03F0340336B4413F8403C1C44AE
:1044D000A74203D239E04444A74236D314F806C0B9
:1044E0000CF03F0C0CF140030DEB030C2046324660
:1044F00029461CF8408CFFF7EBFB0028EBD1204647
:1045000010B0BDE8F081007842EA014200E00C46BC
:1045100040EA0343611C98B19A426078F7D1013CAC
:10452000EDE7227862B131BA01E099421ED042EA49
:104530000323204614F8012F002AF6D1994215D002
:104540000024204610B0BDE8F081BB5DB819002BF7
:10455000F6D04FF4006103F095FD0744BC42AED99C
:10456000EEE710B0BDE8F041FFF7DABCC41EC6E7C5
:10457000120442EA016242EA03232178024600E083
:104580002C4641EA0200651C02020029D8D0B3EB98
:10459000002F6178F4D1023CB1E7014633462A4648
:1045A000204610B0BDE8F041FFF750BE014B93F834
:1045B00028017047380DFF1F38B5074D002204460B
:1045C00008462A60F8F73EFF431C00D038BD2B6830
:1045D000002BFBD0236038BDB423FF1F38B50C4639
:1045E000084D8446114620461A4600232B60644637
:1045F000F8F734FF431C00D038BD2B68002BFBD0EC
:10460000236038BDB423FF1F38B50C46084D8446DF
:10461000114620461A4600232B606446F8F710FF27
:10462000431C00D038BD2B68002BFBD0236038BD65
:10463000B423FF1F38B5074D0022044608462A6000
:10464000F8F7E4FE431C00D038BD2B68002BFBD0EC
:10465000236038BDB423FF1F38B50C46084D84468F
:10466000114620461A4600232B606446F8F7FAF8F4
:10467000431C00D038BD2B68002BFBD0236038BD15
:10468000B423FF1F014B1868704700BFC80FFF1FFE
:1046900070B50D4E0D4D761BB61006D0002455F8A2
:1046A000043B01349847A642F9D1094E094D761BC7
:1046B0000DF06AFEB61006D0002455F8043B013414
:1046C0009847A642F9D170BD9423050094230500B4
:1046D000AC23050094230500704700BF704700BF5E
:1046E000704700BF704700BFFFFFFFFFFFFFFFFFE6
:1046F000FFFFFFFFFFFFFFFFFFFFFFFFFFFFFFFFCA
:10470000A2EB0300704700BF02780B78012A28BF94
:104710009A42F5D16DE9044540EA0104CDE902670A
:104720006FF0000C4FEA447212B380EA010414F0F7
:10473000070F6AD100F0070420F0070004F003051A
:1047400021F007014FEAC505F0E8042314F0040F37
:10475000F1E804670CFA05F462EA040266EA04066A
:104760000AD063EA0403624667EA0407664603E088
:10477000F0E80423F1E8046782FA4CF582EA0604C3
:10478000A4FA8CF46CBB83FA4CF583EA0705A5FA0E
:104790008CF595B950E9022351E9026782FA4CF58C
:1047A00082EA0604A4FA8CF483FA4CF583EA07053E
:1047B000A5FA8CF52543DBD09CB92DBAB5FA85F462
:1047C00024F0070427FA04F1DDE9026723FA04F371
:1047D00003F0FF0001F0FF01FDE80445A0EB01003C
:1047E000704724BAB4FA84F424F0070426FA04F1DA
:1047F000DDE9026722FA04F202F0FF0001F0FF0196
:10480000FDE80445A0EB0100704714F0030F3CD114
:1048100010F0030428D150F8082B51F8083B82FA15
:104820004CF582EA0305A5FA8CF55DB950F8042C25
:1048300051F8043C82FA4CF582EA0305A5FA8CF59E
:10484000002DE8D02DBAB5FA85F424F0070423FA38
:1048500004F122FA04F202F0FF0001F0FF01FDE88A
:104860000445A0EB010070474FEAC40420F00300A8
:1048700050F8082B21F0030151F8083B0CFA04F41E
:1048800062EA040263EA0403C9E710F003041AD0E1
:10489000A1EB040120F00300E40750F8042B06D03C
:1048A0000FD28B785FFAA2F4E41A06D12BB1CB7841
:1048B0005FFAB2F4E41A00D11BB920465DF8104B40
:1048C000704701F1040150F8042BCC0721F00301DB
:1048D00051F8043B48D824D222F07F4482FA4CF5A8
:1048E00094EA1325A5FA8CF50AD165B951F8043B71
:1048F00084EA0204B4EB036F0ED150F8042BEBE70B
:104900004FEA132355E035F07F454DD10878FDE897
:104910000445C0F1000070474FEA126203F0FF0344
:1049200047E002EA1C4482FA4CF594EA1345A5FAE2
:104930008CF50AD165B951F8043B84EA0204B4EB62
:10494000034F0CD150F8042BEBE74FEA134330E050
:1049500015EA1C4528D10B884FEA124229E04FEA9C
:10496000124203EA1C4324E002F0FF0482FA4CF5F1
:1049700094EA1365A5FA8CF50AD165B951F8043BA0
:1049800084EA0204B4EB032F09D150F8042BEBE7BF
:104990004FEA13630DE015F0FF0F05D10B684FEAE6
:1049A000122223F07F4304E04FF00000FDE80445AD
:1049B000704712BA1BBA82FA4CF482EA0304A4FAD2
:1049C0008CF5B5FA85F402FA04F203FA04F34FEA1F
:1049D0001260FDE80445A0EB1360704780EA010215
:1049E000844612F0030F4FD111F0030F32D14DF86E
:1049F000044D11F0040F51F8043B0BD0A3F1013228
:104A00009A4312F0803F04BF4CF8043B51F8043B3A
:104A100016D100BF51F8044BA3F101329A4312F0B2
:104A2000803FA4F101320BD14CF8043BA24312F0B9
:104A3000803F04BF51F8043B4CF8044BEAD02346B6
:104A40000CF8013B13F0FF0F4FEA3323F8D15DF868
:104A5000044B704711F0010F06D011F8012B0CF830
:104A6000012B002A08BF704711F0020FBFD031F8A8
:104A7000022B12F0FF0F16BF2CF8022B8CF800202F
:104A800012F47F4FB3D1704711F8012B0CF8012BB2
:104A9000002AF9D1704700BFFFFFFFFFFFFFFFFFB4
:104AA00001F0FF01102A2BDB10F0070F08D010F8DF
:104AB000013B013A8B422DD010F0070F42B3F6D1E3
:104AC000F0B441EA012141EA014122F007047FF0FC
:104AD00000070023F0E80256083C85EA010586EA53
:104AE000010685FA47F5A3FA87F586FA47F6A5FA8F
:104AF00087F68EB9EED1F0BC01F0FF0102F007029B
:104B000032B110F8013B013A83EA010313B1F8D145
:104B10000020704701387047002D06BF3546033826
:104B2000073815F0010F07D1013015F4807F02BF5F
:104B3000013015F4C03F0130F0BC0138704700BFB0
:104B400090F800F06DE9024520F007016FF0000CCD
:104B500010F0070491F820F040F049804FF0000475
:104B60006FF00700D1E9002391F840F000F1080050
:104B700082FA4CF2A4FA8CF283FA4CF3A2FA8CF388
:104B80004BBBD1E9022382FA4CF200F10800A4FAEF
:104B90008CF283FA4CF3A2FA8CF3E3B9D1E9042343
:104BA00082FA4CF200F10800A4FA8CF283FA4CF37A
:104BB000A2FA8CF37BB9D1E9062301F1200182FA34
:104BC0004CF200F10800A4FA8CF283FA4CF3A2FA3A
:104BD0008CF3002BC6D0002A04BF04301A4612BA48
:104BE000B2FA82F2FDE8024500EBD2007047D1E94B
:104BF000002304F00305C4F100004FEAC50514F0DA
:104C0000040F91F840F00CFA05F562EA05021CBFAA
:104C100063EA050362464FF00004A9E7FFFFFFFFC8
:104C20009FED010B704700BF000000000000F87FFF
:104C30002DE9F047DFF87CA00646DAF80000984638
:104C40000F469146FFF74CFD184B1C6824B365686E
:104C50001F2D24DC5EB96B1C0235DAF8000063609E
:104C600044F82570FFF73EFD0020BDE8F08704EB17
:104C700085010123C1F88890D4F88821AB401A43FC
:104C8000022EC4F88821C1F80881E4D1D4F88C211F
:104C90001A43C4F88C21DEE7054C1C60D7E7DAF82C
:104CA0000000FFF71FFD4FF0FF30DEE75425FF1F28
:104CB000C423FF1FCC0FFF1F024B13B1024800F0AB
:104CC00005B8704700000000B180040000230146D1
:104CD0001A461846FFF7ACBFF8B5244F0C460646F7
:104CE000FDF79EFCBB685D68C4F57E610F3125F061
:104CF00003054B1923F47F6323F00F03A3F58054BE
:104D0000B4F5805F07DB00213046FFF793FCBB68FA
:104D10002B44984204D03046FDF788FC0020F8BDB3
:104D200061423046FFF786FC01300DD0104ABB6867
:104D30002D1B45F001055D60136830461B1B136099
:104D4000FDF774FC0120F8BD00213046FFF772FC2E
:104D5000BA68831A0F2BDEDD43F001035360054B65
:104D600003491B68C01A0860D5E700BF1C09FF1F74
:104D70004422FF1F240DFF1F002961D0F8B50C4607
:104D80000646FDF74DFC54F8042C7B4FA4F10805B2
:104D900022F0010105EB010CB868DCF80430604535
:104DA00023F0030300F08B80D207CCF8043032D418
:104DB00054F8082CAD1A1144AA6807F10800824281
:104DC0006AD00CEB0304D4F804E0EC68D4601EF065
:104DD000010FA26000F0978041F001036B60CCF8F6
:104DE0000010B1F5007F35D27868CB08012249095F
:104DF00001338A40024357F833107A6007EBC3024D
:104E0000083AC5E9021247F83350CD603046BDE894
:104E1000F840FDF70BBC0CEB03025268D00710D42E
:104E2000194407F10800DCF80830834273D0DCF83D
:104E30000C20DA60936041F001036B606950D0E7A9
:104E4000704741F00103B1F5007F44F8043CCCF811
:104E50000010C9D3B1F5206F4FEA512348D28B0916
:104E600003F1390003F13802C300F818FB58083881
:104E7000984259D05A6822F003028A4202D99B68AC
:104E80009842F7D1D868C5E902308560DD603046C8
:104E9000BDE8F840FDF7CABB0CEB03025268D2072D
:104EA00063D40B44DCE90212CA60916043F0010252
:104EB0006A603046EB50BDE8F840FDF7B7BB0B44E5
:104EC000D10707D454F8082CAD1A1344D5E90212BF
:104ED000CA60916043F001026A60284ABD601268AE
:104EE0009A4293D8264B30461968FFF7F5FE8DE7B6
:104EF000142B0AD9542B1FD80B0B03F16F0003F1AD
:104F00006E02C300B1E719448DE703F15C0003F1C1
:104F10005B02C300A9E741F00103C7E90455C5E9F5
:104F200002006B60695071E779689210012404FAFD
:104F300002F20A437A60A6E7B3F5AA7F06D8CB0B44
:104F400003F1780003F17702C3008EE740F2545278
:104F5000934206D88B0C03F17D0003F17C02C30061
:104F600083E74FF47E737E227FE741F001036B609D
:104F7000CCF800104AE700BF1C09FF1F280DFF1FD7
:104F80007422FF1F2DE9F0410469B4EB611F2FDD8E
:104F900000F1140E4E1111F01F0C0EEB84050EEBF8
:104FA00086032BD05EF8261004339D4221FA0CF1C3
:104FB000CCF1200818D977461A6802FA08F20A4399
:104FC00047F8042B53F8041B9D4221FA0CF1F3D847
:104FD000A31B9B00053B9B0801330EEB83044EF89B
:104FE0002310C9B1043417E0416174460029F9D196
:104FF0000023036100234361BDE8F0819D4288BF27
:1050000000F11002F4D953F8041B42F8041F9D422A
:10501000F9D8A41B0EEB8404A4EB0E039B1074457B
:105020000361E7D0BDE8F0812DE9F04F2DED028B53
:105030000C688B46A17885B0302908EE100A92469C
:10504000029340F0CE816FF00100001BE21C831838
:10505000144612F8011B3029F9D0DFF8008318F844
:105060000120002A00F0E5802278002718F80220AD
:105070003D4626462AB116F8012F18F80220002ACC
:10508000F9D1B549019301223046FEF7C9FF019BD2
:10509000814600284DD0002D4ED13278A94602F02D
:1050A000DF02502A354650D0CBF80060002F69D17E
:1050B0002B1B013B072B394604DD5B10072B01F14D
:1050C0000101FADC18EE100A00F082FB834600288A
:1050D00000F0668200F11406AC42019680F0D281A5
:1050E0000027CDF80C909C49A1463C460CE0202FAF
:1050F00019D0384604372A7818F8022002F00F0237
:10510000824014434D4547D015F8012D2E2AEED18B
:105110004D45ECD301222846FEF782FF8E49002838
:10512000F0D0202FE5D1002046F8044B0427044698
:10513000E1E7002D00F04281327802F0DF02AD1B82
:10514000502A4FEA85093546AED16A782B2A00F0FD
:1051500025812D2A00F0A5806E1C002018F8021071
:105160004A1E182A00F29B80727818F80220103923
:105170000136002A5AD100B149428944CBF8006077
:10518000002F95D0002B14BF00250625284605B01A
:10519000BDEC028BBDE8F08FDDF80C90234646F89D
:1051A000043B1846019BF61AB610CBF8106000F0CD
:1051B000E9FB7601DAF80040301AA04275DCC0F253
:1051C000EF800027DAF808304B45C0F25181DAF859
:1051D00004304B454ADDA3EB09094C4500F38280BE
:1051E000DAF80C20022A00F06581032A00F08181A0
:1051F000012A00F06F8118EE100A594600F00EFBEC
:105200005025109A00232846136005B0BDEC028B90
:10521000BDE8F08F01EB810102EB4102A2F1100128
:1052200016F8012F18F80220002AA4D0192AF1DD5F
:10523000A1E74949019301222046FEF7F1FE019BB7
:1052400000286DD1617818F80120651C002A69D00A
:1052500030292C4605D114F8013F302BFBD018F82B
:105260000320B2FA82F77F09012302E7012557B133
:10527000DAF80C30022B5DD0032B5FD0012B00F04D
:10528000848045F01005109BC3F800B0029B2846AF
:10529000C3F8009005B0BDEC028BBDE8F08F2E4640
:1052A00002E70120AA78AE1C58E7061B3146584693
:1052B00000F092FF074678B1721E53110199012741
:1052C00051F8231002F01F0307FA03F30B4203D037
:1052D000BA4200F3E280022731465846B144FFF754
:1052E00051FE6FE709F1FF35002F40F0CE80002D11
:1052F00040F0CD806B11019A05F01F0552F8232074
:105300000123AB4013424946584618BF47F00207F5
:10531000A4EB0904FFF736FE0225DAF80490A6E7AD
:105320002178254601F0DF01502900F0BF80CBF83D
:10533000005027E7119BC3F101031193119B002B30
:105340009FD0DBF81070DDF80480BA00434601926C
:1053500008EB8700002107E0ECCE040008200500E0
:10536000984243F8041C3FD91E4653F8042BB2F16F
:10537000FF3FF5D00132022D326000F0BF8014F003
:105380001F0440F0E78021257DE7BA077FF579AF5C
:10539000019B1B681F43FB07D3D472E7002081E702
:1053A000221A594618EE100AA9EB020900F076FC01
:1053B00000F1140383460193002703E7727818F87D
:1053C0000200711C002800F0A0800D4611F8012F8A
:1053D00018F802000028F8D1751B4FEA85090E461F
:1053E0005DE60234002338E6DBF808309F4280F2A5
:1053F0008E803B460BEB830201210133022DCBF85B
:10540000103051617AD09F42B9DA002B40F39B8073
:10541000DBF8142008EB83030BF1180083424FEAFA
:10542000520240F2B1804446016842EAC17244F837
:10543000042B50F8042B83424FEA5202F4D8A3EB1A
:105440000B03193B9B08013348F8232008EB830327
:10545000002A40F09D80A3EB080292104345CBF850
:10546000102073D0DAF8083009F101094B458ADAC7
:1054700018EE100A594600F0D1F9109A0023136073
:10548000A32583E6019E002389E6012732E729460A
:10549000584600F0A1FE07462CE7B11E584600F022
:1054A0009BFE00283FF417AF032715E74FF00009D4
:1054B00001274AE6119A002A7FF49DAE02990B60FB
:1054C000019B0122CBF810201A60109B6225C3F8C3
:1054D00000B05BE64C457FF48EAE012CEED0611E31
:1054E000584600F079FE00283FF485AEDAF8043023
:1054F000E4E7119A002A3FF47EAEDFE7DAF80030E5
:10550000013BA34234D02225BDE60E46C7E5DBF8B9
:10551000041018EE100A013100F05AF90646C8B31B
:10552000DBF8103002339A000BF10C010C30F7F766
:105530006BFE594618EE100A00F070F906F11408D7
:105540003369B34656E70023CBF810300023CBF87D
:10555000143087E7019B4344C4F1200453F8040C42
:1055600000F010FAA042BFF60EAFDBF810304CE7A7
:10557000631104F01F0458F823200123A3401342B1
:105580000CBF222521257EE6C8F8002043466AB1DB
:10559000043360E7074B08483246842102F0D2FD0D
:1055A000044B05485A46E42102F0CCFDCBF810200C
:1055B000CCE700BF901F0500A41F050010B40468CD
:1055C00009E014F8013FA3F1410CBCF1190F98BF99
:1055D0002033934209D111F8012B002AF1D1013473
:1055E000046001205DF8044B704700205DF8044B17
:1055F000704700BF2DE9F04F096885B04B1111F0DD
:105600001F01029002EB8303039140F08F801D1F66
:105610000193029B01991C68002341F8043C6178C6
:105620000134002900F09880DFF87491A846AC4658
:105630009A461E460EE0202900F28C80564506DD73
:10564000C44501D2072B5BDD624551D3082314F812
:10565000011FA1B119F801000028ECD00133082B7B
:1056600006F101063ADCDCF80010090100F00F0039
:105670000843CCF8000014F8011F0029EAD1002EDD
:105680006AD0C44501D2072B74DD624552D2111F86
:10569000634653F8040B41F8040FAB42F9D9A5EB6C
:1056A0000C0323F00303691C04330CF1010C614566
:1056B00038BF04231344002143F8041BAB42FBD939
:1056C000019B53F8043C2BB9AA4249D055F8043D3C
:1056D000002BF9D0052005B0BDE8F08F6245B6D2A9
:1056E00000234CF8043C1946ACF1040C0123BDE73F
:1056F0000023ACF104084CF8043CB246C446A6E7CB
:10570000C3F10801DCF800308900C1F1200E6046C9
:105710009B46476807FA0EF343EA0B0327FA01FB9F
:10572000036040F804BF4045F3D38DE7191D019194
:105730001D466EE7039B002BC2D0039B0198C3F16B
:1057400020014FF0FF33CB4050F8041C0B4040F8D1
:10575000043CB8E7292909D0042005B0BDE8F08F42
:10576000012305202B6005B0BDE8F08F02990134BC
:105770000C6084E7DCF80010C3F108039B00C3F160
:10578000200764460846666806FA07F1014326FAD0
:1057900003F0216044F8040F4445F4D375E700BFDB
:1057A0000820050082B049B15AB16BB113780B6083
:1057B0001278101E18BF012002B0704701A9002AFC
:1057C000F3D1104602B070476FF00100F4E700BF5C
:1057D000436C70B505460C464BB153F8240080B1BC
:1057E000026843F824200023C0E9033370BD21225E
:1057F000042102F0C7FC034668640028EDD10020B4
:1058000070BD012101FA04F6721D9200284602F0D3
:10581000B9FC0028F3D0C0E90146E4E731B1436C9C
:105820004A6853F82200086043F82210704700BF0E
:105830002DE9F0410E6980460F461D4601F1140E18
:105840000020DEF800108CB202FB0453090C4FEA72
:10585000134C02FB01CC01309CB204EB0C44864299
:105860004EF8044B4FEA1C45EBDC3DB1BB68B3423C
:1058700007DD07EB860301365D613E613846BDE812
:10588000F081796840460131FFF7A2FF0446B0B1CC
:105890003A69023207F10C0192000C30F7F7B4FCC0
:1058A000D8F844307A6853F82210396043F82270EF
:1058B000274607EB860301365D613E61DEE7034B59
:1058C00003482246BA2102F03DFC00BF901F0500AC
:1058D000082105002DE9F8431746274A1E460833DC
:1058E0000C46092E82FB03124FEAE3730546C3EB15
:1058F000620339DD4FF0010C00214FEA4C0C634587
:1059000001F10101F9DC2846FFF762FF014668B3A7
:10591000089B4361092F4FF00103036112DC0A3435
:105920000927BE420BDDF21BA61814F8013B0A2220
:10593000303B2846FFF77CFFA6420146F5D10846DA
:10594000BDE8F88304F10909C8463C4418F8013B56
:105950000A22303B2846FFF76BFFA0450146F5D1F0
:10596000A7F108044C44DCE70021CCE70A46034BCE
:105970000348D32102F0E6FB398EE338901F05007F
:1059800008210500030C1B04D3B90004102310F0F8
:105990007F4F04BF0002083310F0704F04BF0001B6
:1059A000043310F0404F04BF80000233002805DBB1
:1059B00010F0804F03F1010308BF20231846704701
:1059C0000023E4E7036813F0070208D0D9071FD4C7
:1059D0009A0722D55B08036001221046704799B2EE
:1059E00009B91B0C1022D9B209B908321B0A1907D0
:1059F00004BF1B090432990704BF9B080232D90770
:105A000003D45B0802F1010205D003601046704721
:105A10000022104670472022DFE79B080222036025
:105A20001046704738B5436C04460D464BB1586874
:105A3000B0B102685A6000220123C0E90435C26097
:105A400038BD2122042102F09DFB0346606400283A
:105A5000EDD1094B0948002240F2451102F072FBDA
:105A60001C220121204602F08DFB0028F1D00122EA
:105A70000223C0E90123DEE7901F0500082105008D
:105A80002DE9F04F0E691569AE4285B0884614467F
:105A900005DB2A46234635460C4616469846A3683B
:105AA0006168AF19BB42B8BF0131FFF791FE0190A9
:105AB000002800F08780019B03F1140909EB870A95
:105AC000D14505D24B46002243F8042B9A45FBD81A
:105AD00008F1140808EB860B04F11403D8451A46A4
:105AE00003EB85055FD22B1B153B23F00303043327
:105AF0001534A54238BF0423CDE902A7AC461F46A2
:105B0000924605E0090C29D1C34509F1040948D999
:105B100058F8041B8DB2002DF4D056464C46002395
:105B200056F8041B22681FFA81FE90B2090C05FB8F
:105B30000E00120C034405FB012202EB13429BB240
:105B400043EA0243B44544F8043B4FEA1243E7D822
:105B500049F8073058F8041C090CD5D0D9F80030A2
:105B600050461A464C4600260588120C01FB0522B9
:105B700016449BB243EA064344F8043B50F8045BE6
:105B800022682D0C93B201FB053303EB16438445C9
:105B90004FEA1346E8D8C34549F8073009F104092C
:105BA000B6D8DDE902A7002F02DC05E0013F03D0F3
:105BB0005AF8043D002BF9D0019B18461F6105B02F
:105BC000BDE8F08F034B0448019A4FF4B17102F025
:105BD000B9FA00BF901F05000821050012F0030369
:105BE0002DE9F0411446064632D10D46A41020D0CE
:105BF000D6F84080B8F1000F33D0E3074FF000072C
:105C000007D4641015D0D8F80000A8B18046E30787
:105C1000F7D5424629463046FFF732FFB5B16968ED
:105C2000736C641053F821202A6043F82150054614
:105C3000E9D12846BDE8F081424641463046FFF7AB
:105C40001FFFC8F8000007608046E0E70546D8E778
:105C5000013B0F4A52F823200023FFF7E9FD0546D8
:105C6000C4E701213046FFF7B3FD804640B1012370
:105C700040F27122C0E90432002330640360BCE7C3
:105C8000044B0548424640F2451102F05BFA00BF62
:105C900058220500901F0500082105002DE9F04756
:105CA0000D4614462F69AB68496807EB62177E1CE6
:105CB0009E4280464FEA621904DD5B009E4201F17C
:105CC0000101FADC4046FFF783FD8446002852D0EC
:105CD000B9F1000F00F114020EDD09F105014FEAE0
:105CE000810E134600EB8101002043F8040B8B4228
:105CF000FBD1AEF114031A44296905F1140314F021
:105D00001F0E03EB81012ED0CEF1200910464FF07B
:105D1000000A1C6804FA0EF444EA0A0440F8044B32
:105D200053F8044B994224FA09FAF2D84B1B153B5D
:105D300023F00303043305F11500814238BF042327
:105D4000BAF1000F18BF374642F803A0D8F8443024
:105D50006A68CCF8107053F822102960604643F846
:105D60002250BDE8F087043A53F8040B42F8040FC0
:105D70009942F9D8EAE7034B034862464FF4EF71C2
:105D800002F0E0F9901F0500082105000B69844628
:105D90000069C01A16D10CF1140C14310CEB8302FB
:105DA00010B401EB830301E0944508D252F8044D8E
:105DB00053F8041D8C42F7D005D24FF0FF305DF848
:105DC000044B7047704701205DF8044B704700BFDB
:105DD0002DE9F84F0F691369FF1A002F0E46904600
:105DE0007FD101F11405143202EB830205EB83032A
:105DF00001E09D4278D253F8041D52F8044DA142AF
:105E0000F7D069D37168FFF7E3FC8146002877D0AB
:105E10003569D8F81020C76008F1140E06F1140097
:105E200009F1140A06F110010EEB820200EB85075E
:105E300056464FF0000C5EF8044B51F804BFA3B275
:105E40001CFA8BFCACEB03034FEA144CCCEB1B4C61
:105E50000CEB234C9BB243EA0C43724546F8043BDF
:105E60004FEA2C4CE7D8A2EB0801153908F11508C8
:105E7000424521F0030404F1040438BF0424204403
:105E800021F0030238BF002287425244544418D9FB
:105E90002646014651F8043B1CFA83FC4FEA2C428B
:105EA00002EB13421FFA8CFC4CEA02438F4246F885
:105EB000043B4FEA224CEDD8013F3F1A27F003077D
:105EC000E21923B952F8043D013D002BFAD0C9F87C
:105ED00010504846BDE8F88F33460127464698469D
:105EE00090E7F9DB00278DE70021FFF771FC814681
:105EF00068B101220023C9E904234846BDE8F88FB0
:105F0000064B07484A4640F2452102F01BF9034B75
:105F100003484A4640F2372102F014F9901F050069
:105F20000821050082B08DED000B164B019A13403D
:105F3000A3F15073002B06DD00221946104641ECF8
:105F4000100B02B070475B42B3F1A07F4FEA2352BF
:105F500009DA4FF40023134100221946104641ECA0
:105F6000100B02B07047A2F114031E2BDABF4FF0E2
:105F70000042DA40012200231946104641EC100B82
:105F800002B070470000F07FF8B5046900F1140614
:105F900006EB8404271F54F8045C2846FFF7F2FC44
:105FA000C0F120030A280B601BDDBE420BD20B3868
:105FB00054F8081C2ED145F07F5343F440130A4691
:105FC00043EC102BF8BDB0F10B01F4D005FA01F150
:105FD00041F07F53002143F440130A4643EC102B59
:105FE000F8BDC0F10B0C25FA0CF1BE4241F07F5315
:105FF00038BF54F8081C00F1150034BF21FA0CF129
:10600000002105FA00F0014343F440130A4643EC33
:10601000102BF8BDC0F1200C854021FA0CF345EAA5
:106020000307A4F10805AE4201FA00F13CBF54F8A1
:106030000C0C20FA0CF047F07F5338BF014343F4B7
:1060400040130A4643EC102BF8BD00BF2DE9F04386
:10605000884683B0012157EC106B1546FFF7B8FB5B
:106060000446002851D0C7F30A59C7F31303B9F106
:10607000000F01D043F48013002E019318D101A822
:10608000FFF7A0FC019A6261012200F12003226166
:10609000B9F1000F25D0A9F2334909EB03022046DC
:1060A000C3F13503C8F800202B6003B0BDE8F083CE
:1060B00068460096FFF786FC034610B3DDE9000250
:1060C000C3F1200102FA01F10143DA40616101925A
:1060D000002AA26114BF022201222261B9F1000F3D
:1060E000D9D1A3F23243C8F8003004EB8203186917
:1060F000FFF748FCC0EB421320462B6003B0BDE81D
:10610000F083009A6261019AE2E7034B034822465A
:1061100040F20F3102F016F8901F0500082105002B
:106120002DE9F04383B00E4669460746FFF72CFF82
:1061300001A9304655EC104BFFF726FF33693A6949
:10614000D21ADDE900315B1A03EB4213002B51EC4C
:10615000100B0DDD05EB03594D4602460B4620465C
:106160002946FBF7B7FA41EC100B03B0BDE8F0830A
:10617000C3EB033301EB03573946EEE7013949110D
:1061800001F1010C116902F1140303EB81018B424F
:1061900000EB8C0C17D210B5A0F1040E53F8044B91
:1061A0004EF8044F9942F9D88A1AA2F1150323F048
:1061B000030304331844844504D9002340F8043B06
:1061C0008445FBD810BD844505D9002340F8043B25
:1061D0008445FBD87047704703694A11934200F128
:1061E000140009DA00EB830302E053F8042DC2B96E
:1061F0008342FAD80020704710DD11F01F010DD046
:1062000010B450F8224000EB820324FA01F28A40D5
:1062100094420CD001205DF8044B704700EB8203E0
:10622000E6E70120704753F8042D002AF2D183429B
:10623000F9D800205DF8044B704700BF49B1FF2A30
:1062400002D80A70012070478A2303604FF0FF30A4
:1062500070470846704700BF2DE9F04F2DED068BC3
:10626000D3B00C460AEE101A90460893824601F00D
:106270001BFF036813931846FEF762FC0822119077
:10628000002122A8FDF7D0FDA3891F0603D52369AD
:10629000002B00F052879FED847B0023CDE927334C
:1062A000CDE91433CDE916338DED0E7B29AA0D937C
:1062B00026929146129304934446A0467C4BD3F811
:1062C000E450FEF773F9034622A8009042461EA947
:1062D0005046A847002800F0B080C0F2A6801E9A61
:1062E000252A034601D09844E8E7B8EB04070646A0
:1062F00040F0A78000234FF0FF328DF86F309B46AF
:10630000069308F1010898F8003003922B25202607
:1063100008F10108A3F120025A2A00F2CB80DFE83D
:1063200012F0F302C900C900EE02C900C900C90099
:106330006A00C900C90014029002C9001F02D402F9
:10634000C900CF025B005B005B005B005B005B0091
:106350005B005B005B00C900C900C900C900C9003F
:10636000C900C9004C01C900950129024C014C012A
:106370004C01C900C900C900C9002402C900C900F4
:10638000A202C900C900C900BD01C900B502C90007
:10639000C900EF06C900C900C900C900C900C90089
:1063A000C900C9004C01C9009501EE014C014C0126
:1063B0004C018302EE017F00C9009502C9006B0207
:1063C000EC063E027F00C900BD017C00C606C90084
:1063D000C900CA06C9007C00A3F13002002118F8E8
:1063E000013B01EB810102EB4101A3F13002092ADB
:1063F000F5D906918EE7504601F056FE4368169394
:106400001846FEF79DFB17900746504601F04CFEDC
:1064100083681493002F40F0D08598F8003077E718
:1064200098F800304BF0200B72E70822002122A8D8
:10643000FDF7FAFC0123984440E7B8EB0407064651
:1064400011D0289B3B442893279B0133072BC9E994
:10645000004727931CDC09F10809049B3B44049383
:10646000002E7FF447AF289B002B41F019821AEED3
:10647000103AB3F90C3013F0400F049B18BF4FF0E3
:10648000FF330493049853B0BDEC068BBDE8F08F46
:106490001AEE101A26AA504602F02AFF0028E6D16A
:1064A0000DF1A409D9E700BF0000000000000000C2
:1064B000380DFF1F0A93002BD5D000228DF8E43051
:1064C00001238DF86F2002930792059303920C929B
:1064D00010920B9239AC1BF0020302D002990231E8
:1064E00002911BF08401099105D1069902980F1AB7
:1064F000002F00F38783289E82B10122C9F804206F
:10650000279A013201360DF16F01072A289627924A
:10651000C9F8001000F3BF8309F1080983B1279B74
:106520001CAA01330236C9F80020072B4FF00202E3
:1065300028962793C9F8042000F3C28309F10809BB
:10654000099B802B00F08682039B059A9F1A002FDF
:1065500000F3C0821BF4807F40F02282059BC9F8C3
:1065600004301E44279BC9F800400133072B2896AE
:10657000279300F33B8309F108091BF0040F05D0B2
:10658000069B029A9C1A002C00F3A783049B069A90
:1065900002998A42ACBF9B185B180493002E40F00E
:1065A000CD8200232793079B1BB107995046FEF726
:1065B000E3FB0DF1A40944467FE60A93089B0733E9
:1065C00023F00703B3EC027B8DED0E7BDDE90E5665
:1065D000089326F0004309EE903A09EE105AB44BA6
:1065E00051EC190B4FF0FF32FBF7E4F9002840F0B3
:1065F0000285AF4B51EC190B4FF0FF32FBF7BCF9A2
:10660000002840F0F8840022002328463146FBF79A
:10661000A9F9002841F05C809DF86F20A54CA64B9D
:106620002BF0800B0A994729C8BF1C460023032181
:1066300007930291059103930C9310930B93002AF7
:106640003FF449AF029B0133029344E7432B0A9383
:1066500003D01BF0100F00F05785089E0822002180
:1066600024A839ACFDF7E0FB24AB56F8042B2146F7
:10667000504602F0F7FD03460133059001F02383F5
:10668000059B089623EAE373029300228DF86F209E
:10669000079203920C9210920B921CE7089F0A93A8
:1066A00057F8044B00238DF86F30002C00F0528512
:1066B0000A9B532B00F0DE861BF010030B9340F077
:1066C000D986039B5D1C01F0E3800B991A46204696
:1066D000FEF7E6F90790002801F03B83079B089737
:1066E000191B05910B9B039321EAE1710C93109305
:1066F000079373239DF86F2002910A939FE71BF085
:10670000200F0A93089B3CD0073323F007031A4657
:1067100011465B6851F8082B08911946002BC0F20E
:106720000784039B013300F0A78252EA01032BF098
:10673000800540F0A282039B002B40F0A382AB4671
:1067400000230393059352AC00E1089B53F8042BFC
:106750000692002A80F21484069A08935242069206
:1067600098F800304BF0040BD2E598F800304BF06D
:10677000080BCDE54BF0100B1BF0200F0A93089B84
:10678000C2D11BF0100F40F006841BF0400F00F048
:10679000FE8333F9042B0893D1170B46BEE7089B01
:1067A00053F8042B089347F63003ADF87030782087
:1067B000424B12934BF00205002102230A90002065
:1067C000039C8DF86F00601C00F0A98052EA010064
:1067D00025F0800B40F0A280002C40F0A186002B19
:1067E000AED115F00103059300F0CF8330238DF86F
:1067F00047310DF24714A9E01BF0200F40F0F08361
:106800001BF0100F40F092861BF0400F40F097876E
:106810001BF4007F00F08A86089B049953F8042B30
:1068200008931170444648E598F80030682B03BF80
:1068300098F801304BF4007B08F101084BF0400B55
:1068400066E598F800308DF86F5061E598F80030F3
:106850006C2B03BF98F801304BF0200B08F10108B6
:106860004BF0100B54E50A934BF0100B1BF020017A
:1068700000F05083089B073323F00703596853F84F
:10688000082B08932BF48065002398E70A934BF0BC
:10689000100515F0200100F02E83089B073323F02C
:1068A0000703596853F8082B0893012387E700BFB3
:1068B000FFFFEF7F64220500641705006C220500CE
:1068C00098F800304BF0800B22E5414611F8013B6F
:1068D0002A2B01F07782A3F13002092A884698BF5B
:1068E000002101F28C8118F8013B01EB810102EBE0
:1068F0004101A3F13002092AF5D903910AE598F87C
:1069000000304BF0010B03E59DF86F30002B7FF456
:1069100084AD98F800308DF86F60F9E45D46012B86
:1069200000F0AB81022B52AC1FD1129802F00F0382
:106930001209C35C04F8013D42EA0172090952EAF6
:106940000103F3D152AB1B1BAB460593059903988A
:106950009DF86F2081424FF00003B8BF01460793B6
:1069600002910C9310930B9369E602F00703D2088F
:1069700042EA4172C908303352EA0106204604F85F
:10698000013DF2D1E907DDD5302BDBD030230238D1
:1069900004F8013C52AB1B1AAB4605930446D5E7FD
:1069A0000A9B652B40F3DC80DDE90E010022002309
:1069B000FAF7CEFF002800F0C8810123C9F804309F
:1069C000279BBC4AC9F8002001330136072B2896C3
:1069D000279300F3418509F108091D9B0D9A934205
:1069E00080F2C982119B139A1E44C9E90023279B98
:1069F00028960133072B279300F3928309F10809A6
:106A00000D9B5C1E002C7FF7B8AD102C279BAA4D68
:106A100040F35E85324610271AEE106A05E009F150
:106A20000809103C102C40F3528501331032072B1B
:106A3000C9E90057CDE92732F1DD26AA3146504693
:106A400002F056FC002840F08280DDE927320DF18B
:106A5000A409E6E7069B029A9F1A002F7FF774AD00
:106A6000102F279B944D22DD32461AEE106A04E067
:106A7000103F102F09F1080918DD013310321021E1
:106A8000072BCDE92732C9F80050C9F80410EFDD13
:106A900026AA314650460DF1A40902F029FC00282F
:106AA00055D1103F102FDDE92732E6DC16460133C1
:106AB0003E44072BCDE92736C9F80050C9F80470C9
:106AC00000F32085039B059A9F1A002F09F10809FE
:106AD0007FF740AD102F279B774D21DD32461AEE10
:106AE000106A04E0103F102F09F1080917DD013387
:106AF00010321021072BCDE92732C9F80050C9F810
:106B00000410EFDD26AA3146504602F0F1FBF0B941
:106B1000103F102FDDE927320DF1A409E7DC1646FE
:106B200001333E44072BCDE92736C9F80050C9F898
:106B3000047000F3D28109F108090BE51AEE101A6E
:106B400026AA504602F0D4FB00283FF42AAD079B4A
:106B5000002B3FF48CAC07995046FEF70DF986E404
:106B60000D9B012B40F36F81279FC9F80040012343
:106B70001F440136072FC9F804302896279700F3E1
:106B8000DE8109F10809119B139A01371E44072F72
:106B9000C9E90023CDE9277600F3DF8109F108096F
:106BA000DDE90E0100220023FAF7D2FE002840F0B2
:106BB00069810D9B0137013B01341E44072FC9F841
:106BC00000402797C9F80430289600F34D8109F159
:106BD0000809159BC9F8043001371E44072F20AB64
:106BE000CDE92776C9F800307FF7C5AC1AEE101A48
:106BF00026AA504602F07CFB0028A8D1289E0DF161
:106C0000A409BAE4102FDDE927212C4D24DD1893C7
:106C1000199410261AEE104A0B4604E0103F102F6C
:106C200009F1080915DD01321033072AC9E90056B8
:106C3000CDE92723F2DD26AA214650460DF1A4090D
:106C400002F056FB002882D1103F102FDDE92723E8
:106C5000E9DC1946DDE9183401327E18072ACDE94E
:106C60002726C9F80050C9F8047000F3A3839DF8E3
:106C70006F2009F108093FE45D460A2A71F100031B
:106C800080F03483303201238DF84721AB460593E1
:106C90000DF247145AE61AEE101A26AA5046189317
:106CA00002F026FB00287FF452AF289E189B0DF1BE
:106CB000A40933E438D60400AC2205009C22050068
:106CC0001AEE101A26AA504602F012FB00287FF492
:106CD0003EAF289E0DF1A40932E4102C279BBE4D37
:106CE0001FDD1AEE10BA102704E0103C102C09F139
:106CF000080916DD01331036072BC9E90057CDE925
:106D00002736F2DD26AA594650460DF1A40902F0B5
:106D1000EFFA00287FF41BAF103C102CDDE927367A
:106D2000E8DC01332644072BC9E90054CDE92736B6
:106D30007FF72CAC1AEE101A26AA504602F0D8FAA9
:106D400000287FF404AF289E20E41D99002940F319
:106D500043830B9D0D9B9D42A8BF1D46002D0BDD5F
:106D6000279B01332E44072BC9E90045289627931A
:106D700000F3FC8609F108090B9F002DA8BF7F1BBB
:106D8000002F00F3F8810B9B1BF4806F23440593C5
:106D900040F018821D9B0D9A934203DB1BF0010FFC
:106DA00000F0BC84119A13991644C9E90012279A7D
:106DB00028960132072A279200F3E68609F108098E
:106DC0000D9AA518D41A059BED1AA542A8BF254611
:106DD000002D0DDDC9F80030279BC9F804500133A0
:106DE0002E44072B2896279300F3F88609F108090B
:106DF000002DA8BF641B002C7FF7BFAB102C279B76
:106E0000764D40F36583324610271AEE106A05E08E
:106E100009F10809103C102C40F35983013310325A
:106E2000072BC9E90057CDE92732F1DD26AA314603
:106E3000504602F05DFA00287FF489AEDDE9273282
:106E40000DF1A409E6E71BF0010F7FF48DAE279F3B
:106E5000C9F8004001231F440136072FC9F8043048
:106E6000289627977FF7B3AE1AEE101A26AA504637
:106E700002F03EFA00287FF46AAEDDE927760DF1D4
:106E8000A409A6E60D9B5C1E002C7FF7A2AE102C79
:106E9000524D40F35683CDF80C8010231AEE108A21
:106EA00005E009F10809103C102C40F34883013734
:106EB0001036072FC9E90053CDE92776F1DD26AA60
:106EC0004146504602F014FA00287FF440AEDDE956
:106ED00027760DF1A4091023E5E71AEE101A26AA69
:106EE000504602F005FA00287FF431AE289E0DF1DD
:106EF000A409FFF72FBB15F0100358D115F040027D
:106F000000F06E83089850F8042B0890194692B24E
:106F1000012354E41BF0100344D11BF0400200F0A5
:106F20006E83089850F8042B0890194692B2A9E491
:106F3000524261EB41015D462D20012340E41AEEEF
:106F4000101A26AA504602F0D3F900287FF4FFADAC
:106F5000DDE927760DF1A40915E61AEE101A26AA26
:106F6000504602F0C5F900287FF4F1ADDDE927763F
:106F70000DF1A40914E61BF0010F3FF4FEAA31E560
:106F8000089398F80030FFF7C3B952ACDEE41BF465
:106F9000007F40F0CD8353F8042B0893D1170B46A4
:106FA000FFF7BCBB089B53F8042B08936AE4089BCB
:106FB00053F8042B0893012301E4149B002B3FF4A6
:106FC0002CAA149B1B78002B3FF427AA98F80030BA
:106FD0004BF4806BFFF79CB99C220500AC220500A6
:106FE000089B049853F8041B0893C217C1E90002D8
:106FF0004446FFF762B9DDE90E0102460B46FAF797
:10700000D9FC002840F0B2860A9B612B00F066850F
:10701000412B00F0C885039B01330A9B23F020031A
:10702000029300F06684472B04D1039B002B08BF1A
:1070300001230393DDE90E014BF480720029CDF8A2
:1070400024B04FF000039346C0F2848541EC180B46
:10705000189307930A9B413B252B00F27983DFE8C5
:1070600013F053047703770377034C04500477033A
:107070007703770377037703770377037703770340
:107080007703770377037703770377037703770330
:107090007703770377037703770377037703770320
:1070A000770377037703770377034C0450040A933D
:1070B0005D46FFF7EEBB0A93B94B12931BF020011C
:1070C00000F0FF80089B073323F00703596853F84B
:1070D000082B08931BF0010F0AD052EA010307D0D6
:1070E0000A9B8DF8713030234BF0020B8DF8703015
:1070F0002BF480650223FFF762BB0A93FFF7B6BB50
:107100000A93A84B1293D9E7089B012153F8042B4B
:1071100002918DF8E4200893059139ACFFF7B5BAD8
:107120001AEE101A26AA504602F0E2F800287FF460
:107130000EAD289E0DF1A40962E440215046FAF7F5
:10714000BFFF20602061002800F062864023636159
:10715000FFF7A1B8039B0794062B214628BF0623FF
:10716000039422460293904C089705930C9110913A
:107170000B91FFF764BA102F279B8C4D40F34E8282
:1071800032461AEE106A05E009F10809103F102F87
:1071900040F34382013310321021072BCDE927320F
:1071A000C9F80050C9F80410EEDD26AA3146504651
:1071B00002F09EF800287FF4CAACDDE927320DF119
:1071C000A409E3E70D9B059DCDF814B0DDF840B0B0
:1071D000CDF82480E31803934A46149FDDF85C80C1
:1071E0000C9B0A941AEE109AB446BBF1000F30D0F3
:1071F00093BB013F0BF1FF3B169BC2E90038279B75
:107200000133C444072BCDF8A0C0279362DC0832B9
:10721000039B38785B1B8342A8BF0346002B1E46A6
:107220000CDD279801309C440728C2E90053CDF8B3
:10723000A0C0279000F3598138780832002EACBFE7
:10724000841B0446002C0BDC05440C9BBBF1000F97
:10725000CED1002B00F0D4830C9B013B0C93CBE7E9
:10726000102C27981FDD1026634604E0103C102CDC
:1072700002F1080216DD01304C4910330728C2E93B
:107280000016CDE92703F1DD26AA4946504602F053
:107290002FF800287FF45BAC103C102CDDE92703AD
:1072A00029AAE8DC9C460130404B5460A4440728DE
:1072B000CDE9270C136000F3FA83387808320544CF
:1072C000C3E71BF0100300F0BC80089B53F8042BAD
:1072D0000893FFE626AA4946504602F009F800281E
:1072E0007FF435ACDDF8A0C029AA91E705F48060F1
:1072F0000026CDF8088005952D4BDDF850800AEE6C
:1073000090AA52AC4FF0CC3BB446054605E00A2AA1
:1073100071F1000134D352463946501840F1000053
:10732000A3FB006727F0030606EB9706801B161ADF
:1073300061F1000E0BFB06F703FB0E77A6FB03A61D
:1073400037440AF0010E0526AEFB066E30184FEAF0
:107350005A0A303004F8010C4AEAC77A0CF1010CE1
:10736000013C7F08002DD2D098F800008445CED192
:10737000BCF1FF0FCBD00A2A71F1000180F05D81D2
:10738000059DCDF8508052AB1B1BDDF80880CDF871
:1073900034C01AEE90AAAB460593FFF7D7BA00BFE8
:1073A0006C2205008022050094220500AC22050015
:1073B000CDCCCCCC1AEE101A26AA5046189301F068
:1073C00097FF00287FF4C3AB9DF86F20289E189B81
:1073D0000DF1A409FFF790B80123C9F80430279BE9
:1073E000BE4AC9F8002001330136072B289627939F
:1073F00000F37A8109F10809002940F0AE800D9A66
:107400000BF0010313433FF4B8A8119B13999A1989
:10741000C9E90013279B28920133072B279300F318
:10742000598209F108090D99C9F8004001338E18F5
:10743000072BCDE92736C9F804107FF79CA8FFF782
:10744000D5BB1BF0400200F0BE80089850F8042B1A
:107450000890194692B23DE61AEE101A26AA504636
:1074600001F046FF00287FF472AB289E0DF1A409BD
:10747000FFF7B3BA24AE0822002130461F94FCF770
:10748000D3FC039B5A1C00F0E8800025CDF808804F
:10749000CDF81CB0A8469B460CE039A9504601F037
:1074A000E1FE431C404400F00E84584508DC00F027
:1074B0001A8480461F9A525933460435002AECD16B
:1074C000CDF81480DDF81CB0DDF80880D2E0164657
:1074D00001332644072BC9F80050C9F80440CDE910
:1074E00027367FF748A8FFF781BB26AA49465046B2
:1074F00001F0FEFE00287FF42AAB3878DDF8A0C04A
:1075000029AA9BE61AEE101A26AA504601F0F0FEB0
:1075100000287FF41CAB289E0DF1A409FFF714B8D6
:10752000012B5D467FF4FEA9FFF7ACBB089B0499D5
:1075300053F8042B444611600893FEF7BEBEDDF8F5
:107540000C80C9F8005001372644072FCDE9277673
:10755000C9F804407FF73BAB86E4119B13989A1956
:10756000C9E90003279B28920133072B279300F3D7
:10757000B18109F108090029BFF655AF4F4210311A
:10758000574D80F26A831AEE101A102605E009F1B1
:107590000809103F102F40F3608301331032072B8E
:1075A000C9E90056CDE92732F1DD26AA50460391FC
:1075B00001F09EFE00287FF4CAAADDE92732039974
:1075C0000DF1A409E5E7089B1BF400711ABF1146F1
:1075D00053F8042B53F8042B089318BFD2B279E563
:1075E000089B15F400711ABF114653F8042B53F889
:1075F000042B089318BFD2B20123FFF7E0B8089B11
:107600001BF400711ABF114653F8042B53F8042BD6
:10761000089318BFD2B2FFF735B9164601333E447E
:10762000072BCDE92736C9F80050C9F8047000F3DC
:10763000438109F10809FFF7A6BB179B1699E41AC5
:107640001A462046FCF732FD98F80120254B0AB176
:1076500008F101084FF0000C5DE600231946009682
:107660001FAA504601F024FE03460133059000F0A6
:107670002A831F94059B002B44D0632B40F3188171
:10768000591C5046FAF71CFD0446002800F01B83E5
:107690000790082200213046FCF7C6FB059D0096A6
:1076A0002B461FAA2146504601F002FE854240F0BB
:1076B000BB83059908970023635421EAE1719DF883
:1076C0006F20039302910C9310930B93FEF7B7BFB7
:1076D0002D228DF86F20FEF7A1BF00BF38D6040021
:1076E000AC220500CDCCCCCC1AEE101A26AA5046FE
:1076F00001F0FEFD00287FF42AAA1D99289E0DF1B5
:10770000A40979E6059B9DF86F200897CDE902331F
:107710000C9310930B930793FEF791BF0D9A059965
:10772000A5186D1AD41AA542A8BF2546FFF760BB5D
:1077300013F9042B0893D1170B46FEF7EFBF089BF4
:10774000049953F8042B089311804446FEF7B5BD05
:10775000039E022124AB01931FAB009332461DAB65
:107760005046B0EE480AF0EE680A00F0DDFD029BDC
:10777000472B044600F09581462B00EB060505D10A
:107780000378302B00F00E831D9E354451EC180B0E
:1077900000220023FAF7DCF8002800F076812B465F
:1077A0001B1B0D93029B472B00F03B81029B462B3A
:1077B00000F0FB811D9B0B930B9B029A013B412A1E
:1077C0001D9300F02D829DF828200021002BB8BFCA
:1077D0000B9B8DF88020BABFC3F101032D222B2211
:1077E000092B8DF8812040F320820DF19705B74ECB
:1077F0002A46104686FB0321DA17C2EBA10202EBF0
:107800008201A3EB4101303100F8011C19466329C4
:10781000134600F1FF32ECDC3033D9B2831E9D42B7
:1078200002F8011C40F2CB8213460DF1820201E006
:1078300013F8011B02F8011B9D42F9D10DF19903C8
:107840000DF182021B1A134420AA9B1A15930D9B5B
:10785000159A012B1A44059240F33E82059B119A1A
:1078600013440593099B059A23F4806343F4807BBA
:1078700022EAE27200230C93029210930B93189B5E
:10788000002B40F0DC809DF86F200393FEF7D7BEFD
:1078900020460897FDF754F901460590FEF722BFF0
:1078A0001AEE101A26AA504601F022FDFEF7DFBD9F
:1078B0000023079339ACECE61AEE101A26AA5046BC
:1078C00001F016FD00287FF442A9289E0DF1A409BD
:1078D000FFF759BA1AEE101A26AA504601F008FD11
:1078E00000287FF434A9DDE927321D990DF1A409A0
:1078F00041E606230393FFF79DBB039B02215E1C19
:1079000028E7039E032125E71DA8B0EE480AF0EE04
:10791000680A00F0E1FB00224FF07F5351EC100B9E
:10792000F9F7AEFD0022002306460F46FAF710F8DD
:1079300008B101231D93664B0593039BCDF82C8062
:10794000013B0AEE90AACDE90C9BDDF814A010943F
:107950002546984606E00022002308F1FF38F9F793
:10796000F7FFE8B95B4B002230463946F9F788FD4E
:107970000F460646FAF734F80446F9F717FD0B46AA
:10798000024639463046F9F7C3FB1AF80430B8F11D
:10799000FF3FAB46C14605F8013B06460F46DAD12C
:1079A0004D4BDDF82C80CDF82C9000223046394626
:1079B000DDF83090CDF830B01AEE90AADDF834B092
:1079C0000D94109CF9F7ECFF002840F06081424BC9
:1079D000304639460022F9F7BBFF18B10D9BDE0790
:1079E00000F155810B9B002B07DB0B9B01332B44D4
:1079F000302205F8012BAB42FBD12B1B0D93D1E6B6
:107A00000A9C0D9BDDF814B0DDF824801497E31870
:107A10009D4291462A4628BF1A4666460592FFF7C0
:107A2000B9B91D9B0B93DD1C02DB039A93420DDD5C
:107A30000A9B023B0A9323F020030293BCE62D220B
:107A400000238DF86F200393FEF7FCBD0B9B0D9A6E
:107A50009342C0F2D880099B13F0010F0B9B00F0FA
:107A60004081119A13440593099B590503D50B9B3B
:107A7000002B00F33F81059B23EAE3730293672306
:107A80000A9300230C931093F9E6249BAB42BFF4B6
:107A900087AE30215A1C24921970249B9D42F9D83C
:107AA0007EE6099BDB0700F1B980249B78E626AAD5
:107AB0004946504601F01CFC00287FF448A838785D
:107AC000DDF8A0C029AA0544FFF7BFBB676666665C
:107AD00080220500000030400000E03F78238DF850
:107AE000713030238DF870304BF002030993039B03
:107AF000632B00F3A9800023079339ACDDE90E1254
:107B00000A9B002A23F020034BF4817B029322DBA3
:107B1000002342EC181B18930A9B612B7FF49AAA4E
:107B2000B0EE480AF0EE680A1DA800F0D5FA00226F
:107B30004FF07F5351EC100BF9F7A2FC0022002309
:107B400006460F46F9F704FF08B101231D93AD4B1C
:107B50000593F2E60793DDE90E2303F1004308EEF7
:107B6000903A2D2308EE102A1893D5E71AEE101A32
:107B700026AA504601F0BCFB00287EF4E8AF289E00
:107B80000DF1A409FFF7F8B81AEE101A26AA50460C
:107B900001F0AEFB00287EF4DAAF1D9B289E0DF1AC
:107BA000A409FFF70DB9582399E71D9A099B0B9279
:107BB000002A03F0010340F3118103990B4340F0C5
:107BC000C1800B9B059366230A93099B5A0500F11C
:107BD0009380059B23EAE373029352E71AEE101A8F
:107BE00026AA504601F084FB00287EF4B0AF1D9C0D
:107BF0000D9B289E1C1B0DF1A409FFF7F9B800226C
:107C00000392FEF787BB0D9B119A9A180B9B059266
:107C1000002B40F3BD8067230A93D6E7A519B5E58D
:107C20000A9A0F32D2B20121D0E5002940F0AD808E
:107C300030228DF882200DF18302303302F8013BAF
:107C400020ABD31A159302E6591C5046FAF738FABE
:107C50000446002837D0079050E701333A44072BF9
:107C6000CDE92732C9F80050C9F804707FF7D9ABC5
:107C70001AEE101A26AA504601F03AFB00287EF4AC
:107C800066AFDDE927320DF1A409FFF7CCBB0C9BF1
:107C9000059A2493D17B15F8013C8B422A4609D1E1
:107CA000302002F8010C249A531E249312F8013C50
:107CB0009942F6D0392B0BBF059B01339B7ADBB27F
:107CC00002F8013C99E61AEE102AB2F90C3043F0A2
:107CD00040039381FEF7CFBB099BD8077FF5C2AD68
:107CE000BCE50593C0E6039BDDF80880DDF81CB019
:107CF0000593BFE467230A9314990B78FF2B00F0D8
:107D00008F8000250B9A284603E001300131FF2BBC
:107D100008D0934206DAD21A4B78002BF5D10B78B3
:107D20000135F4E70B92149110900C950C9A109B6E
:107D300017991344059A01FB0323059323EAE37380
:107D400002939CE5119BD5182944662305910A935B
:107D50003BE7039B0293059373239DF86F200897DD
:107D600003900C9010900A93FEF769BC0F9B264C71
:107D7000002BB4BF2D229DF86F20244BB8BF8DF887
:107D80006F202BF0800BFEF74DBC0DF1820254E703
:107D9000C3F101031A4422EAE273029367230592B6
:107DA0000A936EE651EC180B00220023F9F7D0FD80
:107DB00000287FF4E9ACC6F101061D96E5E4022334
:107DC000159344E5089A98F80130884652F8041B48
:107DD000089241EAE1710391FEF79ABA039A1343BC
:107DE00005D10123662202930A92059349E6119B6D
:107DF0005D1C2A4422EAE2730293662305920A93E9
:107E00003FE600BF6C2205006822050060170500F0
:107E10000C23CAF800304FF0FF330493FEF732BB57
:107E200000230C93109381E71AEE102A938943F0F4
:107E300040039381FEF78BBE70B500294BD00646F8
:107E40000C4610B1436B002B48D0636ED80734D575
:107E5000B4F90C30002B3ED02146304600F050F8EB
:107E6000E36A054633B1E169304698470028B8BF58
:107E70004FF0FF35A3891A063CD4216B41B104F1C0
:107E80004003994202D03046FCF776FF002323637B
:107E9000616C21B13046FCF76FFF00236364FBF790
:107EA00081FE636E0022DB07A2811FD5A06DFCF767
:107EB00015FCFBF77DFE284670BDA3899905CBD440
:107EC000A06DFCF70DFCB4F90C30002BC4D1656E2D
:107ED00015F0010505D00025284670BDFBF744FECE
:107EE000B3E7A06DFCF7FEFB284670BDA06DFCF764
:107EF000F9FBDBE721693046FCF73EFFBDE700BF39
:107F0000B1F90C202DE9F0410C461107804647D409
:107F1000636842F40062002BA2815EDDA56A002D39
:107F200058D00023D8F80060C8F8003093B212F49B
:107F3000805256D10123E1694046A847431C67D0CF
:107F4000A389A56A5F0705D56368C01A236B0BB1C7
:107F5000E36BC01AE169024600234046A847411C72
:107F600041D1D8F80030002B3DD01D2B01D0162B6D
:107F700056D1A3892269226023F400630021616045
:107F8000A381216BC8F8006021B304F1400399423A
:107F900002D04046FCF7F0FE00202063BDE8F081EF
:107FA0002669BEB193B2256826609A070CBF636943
:107FB0000023AD1BA3600BE02B463246E169676AE4
:107FC0004046B847B0F1000CA5EB0C05664417DD40
:107FD000002DF1DC0020BDE8F081E36B002B9DDC7F
:107FE000F8E7206DAEE7B4F90C302269226023F483
:107FF0000063A3810022DB046260C2D52065C0E774
:10800000A38943F040034FF0FF30A381BDE8F08126
:10801000D8F80030002B93D01D2B06D0162B04D09F
:10802000A38943F04003A381D5E7C8F80060D1E7F6
:1080300038B50C46054608B1436B03B3B4F90C00E0
:1080400088B1636EDB0701D481050FD52846214630
:10805000FFF756FF636EDA07054602D4A3899B0536
:1080600008D5284638BD0546284638BDA06DFCF722
:1080700037FBEBE7A06DFCF735FB284638BDFBF777
:1080800073FDDBE771B1034600EB010C01E06345D2
:1080900006D01A46013311780029F8D1101A70471A
:1080A000181A70470846704700487047280EFF1F8F
:1080B00038B5074D074C2C1BA41005D0013C55F8D2
:1080C000043D9847002CF9D1BDE838400AF06EB95C
:1080D000000000000000000053EC102B70B5164E9D
:1080E00023F000410025B1420446056021DC10EE7A
:1080F000106A0E431DD0114E1E40184666B919462F
:10810000002210EE100A0E4BF9F7BAF96FF03505A0
:108110000246084621F0004120F0FF40091520F4F6
:10812000E000A1F2FE3140F07F53294443F40013F4
:10813000216043EC102B70BDFFFFEF7F0000F07F4C
:108140000000504300B50B4C25681446EE681A46F3
:1081500085B003460D464CB107490095CDE90114A1
:108160003046064901F0B0F8F5F77EF904490C46AF
:10817000F3E700BFC80FFF1FBC220500CC2205009B
:10818000A812050038B5A1FB02148CBBF9F798FFC3
:108190000546E0B150F8042C22F00302043A242AE8
:1081A00017D8132A1AD91B2AC0E900441DD9242A3A
:1081B00014BF00F1100200F118024FF00003C0E9F3
:1081C000024404BF04614461C2E90033936028465D
:1081D00038BD2146FBF728FE284638BD024600235D
:1081E000C2E900339360284638BD00F10802F6E783
:1081F000FCF748FA0C2300250360E8E72DE9F04F6F
:1082000003690C69A34283B0C0F28780013C01F18D
:108210001405A30000F11408009355F8243058F811
:108220002420013381469A4208EB840005EB840741
:108230000190B2FBF3F63BD34FF0000CAE46404644
:10824000E24663465EF804BB02681FFA8BFC06FB3D
:108250000C334FEA134C4FEA1B4B06FB0BCC9BB283
:10826000AAEB03031FFA8CFA13FA82F3CAEB124249
:1082700002EB23429BB243EA0243774540F8043BBA
:108280004FEA224A4FEA1C43DCD2009B58F80330E5
:1082900073B9019B043B984504D307E0984504F16A
:1082A000FF3403D253F80429002AF7D0C9F810404C
:1082B0004846FDF76BFD00282BDB013641460023C5
:1082C00055F8040BD1F800C082B29A1A030C12FAC6
:1082D0008CF2C3EB1C4303EB224392B242EA03420B
:1082E000AF4241F8042B4FEA2343E9D258F8242047
:1082F00008EB84036AB9043B984504D307E098452A
:1083000004F1FF3403D253F80429002AF7D0C9F846
:108310001040304603B0BDE8F08F002003B0BDE848
:10832000F08F00BFFFFFFFFF2DE9F04F2DED068B13
:1083300095B08DED020B0191816B249D099259EC52
:10834000108B0446069341B1C26B4A6001239340EF
:108350008B60FDF763FA0023A363B9F1000AB4BF91
:10836000012300232B607C4BBCBF2AF0004ACDF8D0
:108370000CA033EA0A0300F0B3809DED027B0022DB
:1083800051EC170BB0EE479AF0EE679A0023F9F71D
:10839000DFFA074688B1069A01231360259B002B5C
:1083A00000F0CE836D4B259A1360013B009300983B
:1083B00015B0BDEC068BBDE8F08F12AA13A92046BC
:1083C000B0EE490AF0EE690AFDF740FEB0EE498AC8
:1083D000F0EE698A5FEA1A56054640F09980DDE9B9
:1083E00012763E4406F23243202B40F3C283C3F19F
:1083F00040030AFA03FA06F2124328FA03F04AEAA3
:108400000000F8F7C3FF0123013E0D93A1F1F871BD
:10841000534B0022F8F77CFE49A3D3E90023F9F778
:108420002FF849A3D3E90023F8F774FE80463046BD
:108430008946F8F7BBFF46A3D3E90023F9F720F8F4
:1084400002460B4640464946F8F764FE8046894698
:10845000F9F7C6FA00228346002340464946F9F759
:1084600081FA002840F05F83BBF1160F00F24E83C3
:108470003C4B03EBCB03D3E9002351EC190BF9F789
:1084800071FA002874D00023BF1B0C937B1E0BF1E4
:10849000FF3B049300F1418300230893BBF1000FDD
:1084A0006DDA089BCDF814B0A3EB0B030893CBF166
:1084B00000030B93019B092B4FF0000B68D8052B91
:1084C00040F35583043B01930026019B023B032BA1
:1084D00000F2A486DFE813F0660463045B043E0444
:1084E000069ACAF3130A42F20F735AEA080A136093
:1084F0001DD1259B002B00F0A0861B4B0093083359
:10850000259A0098136015B0BDEC068BBDE8F08F7E
:1085100018EE903AC3F3130351EC190B43F07F515B
:108520000D97A6F2FF36129F41F4401170E7259B8C
:10853000002B40F0F0830D4B009338E7AFF3008041
:1085400061436F63A787D23FB3C8608B288AC63F59
:10855000FB799F501344D33F0000F07F39D60400CD
:108560000000F83F90210500FC22050008230500CB
:10857000BF1B7B1E049300F19B840C900890049B0E
:108580005B44CDE9043B00230B93019B092B96D957
:10859000002301264FF0FF3201930A9607920993B8
:1085A000079B0F930021E1632046FDF711F900902E
:1085B000002800F03B86009BA363079B0E2B00F274
:1085C0001E81002E00F01B810599002940F3728462
:1085D000D04B01F00F0203EBC2034FEA2118C9058B
:1085E000D3E9006740F12E84CB4B51EC190BD3E952
:1085F0000823F9F76FF841EC180B08F00F084FF05B
:10860000030AB8F1000F13D0DFF80C9318F0010F34
:1086100009D030463946D9E90023F8F731FF0AF18D
:10862000010A06460F465FEA680809F10809EDD11C
:1086300051EC180B32463B46F9F74CF841EC1A0B5B
:108640000C9B5BB157EC1A6BB44B1AEE100A00226C
:108650003946F9F787F9002840F04E855046F8F77B
:10866000A5FE53EC1A2BF8F70BFFAD4B0022F8F7E1
:1086700051FD079B8046A1F15079002B00F0A580A9
:10868000059B1093079B0E930A9B002B00F0BC8464
:108690000E9AA04BA349DDF800A003EBC20353E9F7
:1086A00002230020F9F716F842464B46F8F730FD52
:1086B00059EC1A8B41EC180B49461AEE100AF9F7DF
:1086C0008FF90746F8F772FE02460B461AEE100ABB
:1086D0004946F8F71DFD303706460AF8017B0F467C
:1086E000324651EC180B3B46F9F75AF9002840F096
:1086F0004F854FF000080AEE105ACDF844B05546A9
:108700005BEC18AB08EE104A44462BE00E9B01349C
:108710009C4280F24D85844B504659460022F8F722
:10872000AFFE814B002282468B4630463946F8F731
:10873000A7FE89468046F9F753F90746F8F736FE53
:1087400002460B4640464946F8F7E2FC303705F84A
:10875000017B52465B4606460F46F9F703F90028AF
:1087600040F0118532463B466C490020F8F7D0FCBA
:1087700052465B46F9F7F6F80028C7D0109B009ADE
:108780000593AA4618EE104A1AEE105A02E0524516
:1087900000F0E384D1461AF8013D392BF7D00133BC
:1087A000DBB28AF80030059B0133059398E150460F
:1087B000F8F7FCFD53EC1A2BF8F762FE584B002239
:1087C000F8F7A8FC8046A1F15079584B002251ECF3
:1087D0001A0BF8F79DFC42464B4606460F46F9F742
:1087E000DFF88246002840F0C884304639464246C9
:1087F00009F10043F9F7B6F8002840F05783139BBE
:10880000002BC0F29580059A0E2A00F39180414B0F
:1088100003EBC203D3E90089099B002B1BDA079BFA
:10882000002B18DC40F04083404B00224046494674
:10883000F8F726FE02460B4651EC190BF9F79CF8A7
:10884000DDF81CA05646002800F0C482099BDDF824
:108850000080DF43C6E242464B4651EC190BF8F765
:1088600039FFF9F7BDF806468346F8F79FFD424603
:108870004B46F8F705FE0B46024651EC190BF8F78C
:1088800047FCDDF800A0334630330AF8013B079B74
:10889000012B00F071834FF0010B08EE105A08EE27
:1088A000904A1D465446DA461DE042464B46304645
:1088B0003946F8F70FFFF9F793F88346F8F776FD96
:1088C00042464B46F8F7DCFD0AF1010A0B46024628
:1088D00039463046F8F71CFC0BF13003AA4504F882
:1088E000013B00F04483104B0022F8F7C9FD002241
:1088F000002306460F46F9F72BF80028D5D0A246EC
:1089000018EE105A18EE904A059B01330593D14694
:10891000E6E000BF90210500682105000000F03F5F
:1089200000001C400000E03F000024400000144014
:108930000A9A002A00F00C81019A012A40F39D82D4
:10894000079B03F1FF380B9B434580F260820B9B32
:10895000CDF82C80A8EB03039B444FF00008079B45
:10896000002BC0F23B83049A1A440492089A1746DB
:108970001A44089201212046FDF754F8064667B1D3
:10898000049A002A09DD0899BA421346A8BF3B465B
:10899000C91AFF1AD31A089104930B9B63B10A9B5F
:1089A000002B00F0BF82B8F1000F00F333820B9B65
:1089B000B3EB080240F0228301212046FDF732F894
:1089C000BBF1000F824600F3D980019B012B40F3DD
:1089D000A9814FF000080120BBF1000F40F0DA80C0
:1089E000049B184410F01F0000F09A81C0F120038E
:1089F000042B00F3B28040F02D82089B002B05DD94
:108A000029461A462046FDF749F90546049B002BE6
:108A100005DD51461A462046FDF740F982460C9B7B
:108A2000002B40F05D81079B002B40F344810A9BA3
:108A3000002B40F0C780059B01330593DDF80080D3
:108A4000DDF81C90012707E0294600230A22204672
:108A5000FCF7EEFE0137054651462846FFF7CEFBF0
:108A6000B94500F1300008F8010BEDDC079A002A47
:108A7000C8BF9346009AD8BF4FF0010B03469344FA
:108A800000272946012220460193FDF707F95146A8
:108A90000546FDF77BF9002840F3E4811BF8013C13
:108AA000009A0BF1FF3B04E05A4500F0F6811BF8F9
:108AB000013D392B0BF10109F6D001338BF8003061
:108AC00051462046FCF7AAFE56B12FB1B74203D05B
:108AD00039462046FCF7A2FE31462046FCF79EFEB2
:108AE00029462046FCF79AFE002389F80030DDE98C
:108AF00005231A60259B002B3FF459AC0098C3F85E
:108B0000009015B0BDEC068BBDE8F08F0123BF1BB4
:108B10000C937B1E04937FF5BFACC7F10103089350
:108B200000230493BAE45846F8F740FC42464B460B
:108B3000F8F70EFF00287FF497AC0BF1FF3B93E4AE
:108B4000BD4B0093009815B0BDEC068BBDE8F08FCF
:108B5000DDF82C80089F0A9E11E7C0F11C00089BDD
:108B600003440893049B03440744049345E7012608
:108B7000ABE4C3F1200308FA03F042E401465A468D
:108B80002046FDF72BF8019B012B824640F3BE8166
:108B90004FF00008DAF810300AEB83031869FCF78D
:108BA000F1FEC0F120001BE7314600230A222046D7
:108BB000FCF73EFE0F9B002B064640F31983CDF8D1
:108BC00014900793002F00F31B81B8F1000F40F0C1
:108BD000EE81B046029B009F079903F001027B1EC5
:108BE0001944019B0A921343089109935146284660
:108BF000FFF704FB314683462846FDF7C7F8424697
:108C0000514681462046FDF7E3F8C26801460BF164
:108C10003003002A42D1049028460793FDF7B6F8A6
:108C2000049902902046FCF7F9FD029A079B1AB9B5
:108C30000999002900F0C482B9F1000FC0F27981CE
:108C4000019949EA01090A9951EA090900F071817B
:108C5000002A00F3C781089A3B7007F10109974287
:108C6000CB4600F0C581294600230A222046FCF7A6
:108C7000DFFD4645054631464FF000034FF00A023E
:108C8000204612D0FCF7D4FD4146064600230A22B6
:108C90002046FCF7CDFD4F468046A7E720460293CD
:108CA000FCF7BCFD029B0122C6E7FCF7C1FD4F4665
:108CB000064680469AE7019B022B7ADC0A9B002B32
:108CC00080D1059B5146013328460593FFF796FA5C
:108CD000DDF800B000F130030BF8013B0027D0E6CF
:108CE00051462846FDF752F80028BFF69CAE2946AB
:108CF00000230A222046FCF79BFD059B03F1FF3968
:108D00000A9B0546002B7FF44FAF0F9B002B40F3CF
:108D10005E82079392E6494B00930333FFF7F0BB63
:108D20001C201CE7DDE9021200297FF452AEC2F3D9
:108D30001303002B7FF44DAE414B1340002B00F08A
:108D40002082089B01330893049B013304934FF066
:108D5000010840E601230A93099B059A13440F93E7
:108D60000133012B1F460793B8BF01270021172F9E
:108D7000E1637FF719AC012204235B0003F11400C7
:108D8000B842114602F10102F7D9E1630CE4012374
:108D90000A93099F002F60DD0F970797E6E70023EE
:108DA0000A93D9E700230A93F3E70F9B0793CDF8C3
:108DB0001490079B002B7FF449AD514605222046B5
:108DC000FCF736FD014682462846FCF7DFFF002807
:108DD0007FF73CAD009B059F3122984603F8012B9D
:108DE0000137009351462046FCF718FD7B1CDDF847
:108DF00000900593CDF80080002E7FF46DAE6FE6F5
:108E000031463A462046FCF749FF0646DDE6A3EB2D
:108E10000808A4E5314642462046FCF7DFFE2A4614
:108E2000014606462046FCF72BFE2946054620460D
:108E3000FCF7F4FCBBE500BF38D6040008230500AE
:108E40000000F07F4FF0020AB0EE498AF0EE698A26
:108E5000FFF7D7BBC0F13C0081E6012309930793DC
:108E6000FFF79EBB03D1019BDB073FF517AED94649
:108E70001BF8013D302BFAD022E60D9A002A00F0B3
:108E8000378103F23343049ADDF82C801A440492AC
:108E9000089A17461A4408926CE5059B009A01331C
:108EA0000593312313700BE64FF0000A5646CDE4CC
:108EB0000C9032E600F04981059AC84B564206F004
:108EC0000F0203EBC203D3E9002351EC190BF8F7AF
:108ED000D7FA361141EC1A0B00F09581C04F0023F0
:108EE0004FF0020AF20706D5D7E90023F8F7C8FACF
:108EF0000AF1010A0123761007F10807F2D1002BCD
:108F00003FF49EAB41EC1A0BFFF79ABB029B002B80
:108F10007FF43EAEDDE90212C2F31303002B3FF4EF
:108F20000BAF35E629460B9A2046FCF757FE05465F
:108F300042E5002A12DD2946012220460193FCF772
:108F4000ADFE51460546FCF721FF0028019B40F38A
:108F50002981392B00F007810BF13103B94609F85B
:108F6000013B059B0133374605934646A8E5A246DB
:108F700018EE105A18EE904A02460B46F8F7CAF857
:108F800042464B4606460F46F8F70AFD60B9424690
:108F90004B4630463946F8F7DBFC00283FF4B4ACCA
:108FA0005FEACB717FF5B0AC009AFFF7F3BB716855
:108FB0002046FCF70DFC0746002800F028813369A5
:108FC00002339A0006F10C010C30F4F71DF9394612
:108FD00001222046FCF762FE8046FBE5DDE907231F
:108FE0009F1AC7E4392B00F0BE80B9460133B6E7BB
:108FF000059A013237460592464642E52946204603
:10900000FCF7ECFD0546D7E40E98744901EBC0016E
:1090100042464B4651E90201F8F732FA5AEC1A9BE4
:1090200041EC180B51461AEE100AF8F7D9FC074626
:10903000F8F7BCF902460B461AEE100A5146F8F74B
:1090400067F806460E98DDF800803037012808F8EA
:10905000017B0F4600F0D5800E9B009ACDF838B00A
:1090600013449B46C2465F4B002230463946F8F710
:1090700007FA89468046F8F7B3FC0746F8F796F9F1
:10908000303702460B4640464946F8F741F80AF8A1
:10909000017BD34506460F46E5D1DA46DDF838B008
:1090A000514B59EC188B002218EE100A4946F8F77C
:1090B00031F832463B46F8F755FC00286DD118EEE2
:1090C000102A4B4648490020F8F722F832463B4622
:1090D000F8F766FC00283FF492ABD1460AF1FF3A5C
:1090E00019F8013C302BF8D0109B01330593F7E4BD
:1090F000129BC3F13603C6E6079B002B3FF457AB28
:109100000F9B002B7FF77BAB059A0E93013A354BF3
:1091100010921AEE100A39460022F8F7B1F9024609
:1091200016460F460AF10100F8F740F932463B4671
:10913000F8F7A6F92D4B0022F7F7ECFF47EC1A6B76
:109140008046A1F15079FFF79FBA4FF0020AB0EEC6
:1091500049AAF0EE69AAFFF773BA059B013305939C
:109160003123FFF71EBB059BBB4601330593392313
:1091700037460BF8013B464692E44FF0000A56464C
:1091800028E6984627E4AA4618EE104A1AEE105A26
:10919000109B01330593D146A2E4109B009A0593DE
:1091A000FFF7F8BA7FF4DAAEDA077FF5D7AED0E68C
:1091B000DDF844B01AEE105A18EE104AFFF71FBB44
:1091C000392BD0D0B9F1000F3FF7C6AEC6E6019BF0
:1091D000022B3FF7EAADCDF8149072E5902105001F
:1091E00068210500000024400000E03F00001C4012
:1091F000019B022B3FF7D9AD0F9BCDF8149007933D
:10920000E0E4C2464CE74FF0020AFFF719BA124BEE
:1092100012483A4640F2EF21FEF794FF0026E6633B
:1092200031462046FCF7D4FA009050B90A4B0B485F
:10923000002240F2AF11FEF785FF094B0093FFF7C4
:10924000B6B8009BA3634FF0FF330F93079301233E
:1092500009960A93FFF7D3BA901F05000C23050067
:10926000FC22050070B5054684B05BB11C4669B1AF
:109270000E4B2846D3F8E0602346B047431C0FD07E
:1092800004B070BD00F582740029F1D1074A23466D
:10929000D2F8E06028460A4601A9B047431CEFD146
:1092A00000228A2322602B6004B070BD380DFF1F9E
:1092B00010B582B0049CCDE900344FF0FF3301F0CB
:1092C000C7FB02B010BD00BF0EB410B583B005AB34
:1092D000064C53F8042B01930146206800F0C4F8B3
:1092E00003B0BDE8104003B0704700BFC80FFF1FB8
:1092F0002DE9F04F9368176883B09246002B70D029
:1093000081468A6808680C46083743E0A38913F44D
:10931000906F2ED0D4E90416A0EB010806EB4606A8
:1093200006EBD67608F1010076102844B0423246AA
:1093300084BF064632465B0537D511464846F8F7E6
:10934000BFFE019000283AD042462169F3F75CFF46
:10935000A289019B22F4906242F08002A281A6EBD6
:10936000080203EB08006661A260236120602E46BC
:10937000A84642465946FAF7DBFCDAF80830A268FC
:109380002068921B40445B1BA2602060CAF8083032
:109390003BB3083757E902B5002DFAD0AA4216466A
:1093A0009046B3D92E46A846E3E74846F9F750F968
:1093B00003460028D3D121694846FBF7DDFCA38989
:1093C0000C2243F04003C9F800204FF0FF30A38186
:1093D00000220023CAF80820CAF8043003B0BDE810
:1093E000F08F00200023CAF8043003B0BDE8F08FEE
:1093F0002DE9F84F4B6E9C0490462DD5936812686A
:1094000043B38B46064602F1080959E9025A5FEA5E
:109410009A0715D0043D002401E0A7420ED055F86C
:10942000041F5A46304601F05BFA431C04F1010464
:10943000F3D10023C8E90133BDE8F88FD8F808302C
:109440002AF0030AA3EB0A03C8F8083009F1080957
:10945000002BDAD10020ECE701F00CF80023C8E97A
:109460000133BDE8F88F00BF2DE9F04F2DED028BE1
:10947000C5B00DF1500A834608EE101A16460021B9
:10948000082250461C460793FAF7CEFCBBF1000FAA
:1094900004D0DBF83430002B00F0A08618EE102A40
:1094A000536EDB0740F11385B2F90C108AB29504B4
:1094B0000BD418EE103A41F4005199815B6E8AB2D8
:1094C00018EE101A23F400534B66100740F1058183
:1094D00018EE103A1B69002B00F0FF8002F01A030F
:1094E0000A2B00F00A810023CDE91933CDE90D33B1
:1094F0001BAA0C93189291460B930593B0464446D1
:10950000A84BD3F8E450FBF751F82246034612A9C2
:10951000CDF800A05846A847002800F04581C0F2C9
:109520003981129A252A034601D01C44E8E7B4EB9E
:109530000806054640F03C81002361788DF84330F1
:1095400004F1010806934FF0FF371E462B2408F163
:109550000108A1F120035A2B00F27881DFE813F013
:10956000B50276017601B0027601760176016A00D5
:10957000760176017D028D027601880297027601DE
:1095800092025B005B005B005B005B005B005B00CA
:109590005B005B007601760176017601760176014B
:1095A0007601760176015C0284007601760176010F
:1095B0007601760176017601760176017601E80082
:1095C00076017601760133027601DA0276017601C0
:1095D0008B057601760176017601760176017601BA
:1095E0007601760176015C028600760176017601CD
:1095F000CD0286007F007601C0027601FD02EA00FE
:10960000ED027F00760133027C0069057601760168
:109610006B0576017C00A1F13003002218F8011BD4
:1096200002EB820203EB4202A1F13003092BF5D9D0
:1096300006928EE75846FEF737FD43680D931846AD
:10964000FBF77EFA0E9005465846FEF72DFD83681F
:109650000B93002D40F0D68498F8001077E798F827
:10966000001046F0200672E746F01006B40640F1FE
:109670008E81079B073323F007031A46596852F877
:10968000083B07920A460029C0F27084791C00F05A
:10969000A28526F08001039153EA020100F03F8485
:1096A0000A2B72F1000180F0418530338DF80F31C3
:1096B000039E012304930DF20F14049BBB42B8BF19
:1096C0003B460393002308939DF84330002B00F0A2
:1096D000CB80039B01330393C6E018EE101A584663
:1096E00018EE105A01F040F8002840F05286AA897E
:1096F00002F01A030A2B7FF4F6AE18EE101AB1F935
:109700000E30002BFFF6EFAE4B6EDB0702D4970551
:1097100040F1128618EE101A23463246584600F0E1
:1097200069FE0590059845B0BDEC028BBDE8F08F51
:1097300046F0100616F0200200F03681079B073332
:1097400023F0070319465A6851F8083B079126F49D
:1097500080610391002100208DF84300781C00F007
:109760001082039820F0800653EA020040F008823D
:10977000002F40F03885002940F0D583039B13F07B
:109780000103049300F0118430238DF80F310DF2A2
:109790000F1492E7082200215046FAF745FB0123F7
:1097A0001C44ADE6380DFF1FB4EB080605461BD080
:1097B000199B1A9A01333244072BC9E900861A9281
:1097C00019931CDD002A00F0A68318EE101A18AABF
:1097D0005846FFF70DFE20BB0DF16C09059B334485
:1097E0000593002D7FF4A8AE1A9B002B40F0C18595
:1097F00018EE103A0022B3F90C30199215E009F175
:109800000809EBE718EE101A18AA5846FFF7F0FD02
:10981000002800F0A680089B1BB108995846FBF76A
:10982000ABFA18EE103AB3F90C3018EE102A526E5B
:1098300012F0010F9AB200F0A080500600F1B2853C
:10984000059845B0BDEC028BBDE8F08F0029CBD068
:1098500000238DF843300123CDE903338DF8AC109C
:109860002BAC002308931F4616F00203099302D085
:10987000039B0233039316F084030A9305D1069BDE
:10988000039A9D1A002D00F37B82DDE91903411C28
:109890009DF8432082B101220133C9F80420072931
:1098A0000DF14302CDE91913C9F8002000F34A82F3
:1098B000084609F108090131099AE2B111AA0233F7
:1098C000C9F8002007294FF00202CDE91913C9F8A1
:1098D000042040F35082002B00F0438318EE101A4E
:1098E00018AA5846FFF784FD002894D1DDE9190332
:1098F0000DF16C09411C0A9A802A00F08481049AB7
:10990000BD1A002D00F3D781049AC9F80040134412
:109910000729CDE91913C9F8042040F36E81002B03
:1099200000F0758218EE101A18AA5846FFF760FD6D
:1099300000287FF470AF1A9B0DF16C09750705D5EF
:10994000069A0399541A002C00F36B82DDE9052175
:1099500003988142ACBF521812180592002B7FF475
:1099600051AF089900231993002900F04981584606
:10997000FBF702FA0DF16C09C1E59C053FF55DAFFF
:1099800018EE104AA06DFAF7ADFEA28955E7F00671
:10999000079A00F11F83710640F1198332F9043BE5
:1099A0000792DA1711466EE616F01003079940F099
:1099B000098316F0400000F001831A4651F8043B79
:1099C00007919BB2C3E6079B1A4600238DF84330EC
:1099D000134653F8044B0393002C00F012845329D0
:1099E00000F0658316F0100540F061837B1C00F0E9
:1099F000B3843A4629462046FBF752F808900028DF
:109A000000F09F84031B039A049323EAE3732F4619
:109A100007920393089557E6432902D0F50640F1D3
:109A20002D83079D0822002116A82BACFAF7FCF91C
:109A300016AB55F8042B21465846FFF713FC034696
:109A40000133049000F0B384049B079523EAE37389
:109A5000039300238DF8433003E7079B53F8042B4F
:109A60000692002A80F29C82069A5242CDE9062391
:109A700098F8001046F0040669E598F800108DF893
:109A8000434064E598F8001046F080065FE54246E2
:109A900012F8011B2A2900F09684A1F13003092B4A
:109AA00090464FF000073FF654AD18F8011B07EB46
:109AB000870703EB4707A1F13003092BF5D948E5E8
:109AC00098F8001046F0010641E59DF84330002B60
:109AD0007FF4C2AD202398F800108DF8433036E5AE
:109AE00098F800106C2903BF98F8011046F0200682
:109AF00008F1010846F0100629E598F800106829D9
:109B000003BF98F8011046F4007608F1010846F00A
:109B100040061CE546F010030393039B13F020025C
:109B200000F00682079B073323F0070319465A68A3
:109B300051F8083B079101210DE6079A46F0020310
:109B4000039352F8043B079247F63002ADF84420E5
:109B5000B84A0C9202210022FDE5B70600F14882C6
:109B6000F50600F14683740600F1D583B00540F197
:109B70004083079B059953F8042B07931170BEE4AB
:109B8000039601293FF48CAD022944AC11D10C9805
:109B900003F00F011B09415C04F8011D43EA027345
:109BA000120953EA0201F3D1039E44AB1B1B049339
:109BB00083E503F00701DB0843EA4273D208303142
:109BC00053EA0205204604F8011DF2D1039EF30773
:109BD000EBD53029E8D03023023804F8013C44ABFF
:109BE0001B1A039E0493044667E5049B1B94012201
:109BF0001C931A9319920DF16C0909F108099DE65D
:109C00000DF16C097BE4069A039D551B002D7FF72F
:109C100076AE102D40F3BB83099418EE104A07E08E
:109C200000F1020C09F108091046103D102D1EDD4F
:109C30008149C9F80010421C10331021072ACDE9D0
:109C40001923C9F80410EBDD18AA002B74D02146A3
:109C500058460DF16C09FFF7CBFB00287FF4DBAD14
:109C6000DDE91903103D102D00F1010CE0DC099C29
:109C7000714AC9F804502B44BCF1070FCDE919C350
:109C8000C9F8002040F39481002B00F01F8318EEE8
:109C9000101A18AA5846FFF7ABFB00287FF4BBAD9B
:109CA000049ADDE91903BD1A002D00F101010DF13F
:109CB0006C097FF729AE102D29DD0994102718EEC5
:109CC000104A07E000F1020C09F108091046103DA6
:109CD000102D1ADD421C58491033072AC9E9001714
:109CE000CDE91923EEDD18AA03B3214658460DF13C
:109CF0006C09FFF77DFB00287FF48DADDDE91903CA
:109D0000103D102D00F1010CE4DC099C61464A4A2B
:109D1000C9F804502B440729CDE91913C9F80020CC
:109D200000F3E78009F108090131EDE54FF0010C7E
:109D300018460DF16C09CAE74FF0010C18460DF1F9
:109D40006C0972E7002B00F0048118EE101A18AAB3
:109D50005846FFF74DFB00287FF45DADDDE91903A0
:109D60000DF16C09411CA7E5022311AA1C931B925B
:109D700001210DF16C09084609F10809411CBAE5F9
:109D8000102D40F3E582DDE919130F94084618EE13
:109D9000104A07E000F1020C09F108091046103DD5
:109DA000102D1DDD2549C9F80010421C103310216B
:109DB000072ACDE91923C9F80410EBDD18AA03B36B
:109DC000214658460DF16C09FFF712FB00287FF47D
:109DD00022ADDDE91903103D102D00F1010CE1DC8D
:109DE0000F9C6046154AC9F804502B440728CDE95A
:109DF0001903C9F8002000F3C18009F10809411CCA
:109E000046E518464FF0010C0DF16C09C7E77607DF
:109E1000199353D5069A0399541A002C4EDD0DF16F
:109E20006C09102C40F3B082199918EE106A1025B5
:109E30000DE000BF6C2205007823050068230500B3
:109E4000881C09F108091146103C102C1ADD4A1C27
:109E5000B3481033072AC9E90005CDE91923EFDD1E
:109E600018AA33B331465846FFF7C2FA00287FF4E8
:109E7000D2ACDDE91913103C102C01F101000DF1F9
:109E80006C09E4DCA64AC9F8044023440728CDE95C
:109E90001903C9F800207FF759AD7BB118EE101AED
:109EA00018AA5846FFF7A4FA00287FF4B4AC1A9B0E
:109EB0004CE5012019460DF16C09C5E7DDE90532D5
:109EC00003998A42ACBF9B185B18059349E5B2F928
:109ED0000C108F0518EE103A8AB23FF5E8AA18EE7A
:109EE000105A986DFAF7FCFBB5F90C108AB2FFF71F
:109EF000DEBA002B3FF479AE18EE101A18AA5846B5
:109F0000FFF776FA00287FF486AC19991A9B013185
:109F10000DF16C09F8E419920DF16C095EE4002F63
:109F20007FF4C3AB039E0027049744ACFFF7C5BB87
:109F3000039B13F0100354D1039A12F0400000F079
:109F40006B8107991A4651F8043B07919BB2012196
:109F500001E4099A002A64D1184601210DF16C0927
:109F6000C9E4012118460DF16C09C4E45B4262EBBF
:109F7000420203962D200121FFF7EEBB002B00F0DB
:109F8000888018EE101A18AA5846FFF731FA0028F0
:109F90007FF441ACDDE919030DF16C09411C77E454
:109FA00098F800100793FFF7D2BA44ACFFF785BBCF
:109FB00009F108090CF101016046A0E416F40072F1
:109FC00040F0978151F8043B0791FFF7C0BBB30500
:109FD00000F1888152F8043B0792DA171146FFF727
:109FE00052BB079951F8043B07910121FFF7B3BB1E
:109FF000079B059853F8041B0793C217C1E9000299
:10A00000FFF77DBA0B9B002B3FF426AB0B9B1B7815
:10A01000002B3FF421AB98F8001046F48066FFF760
:10A0200096BA022311AA1C931B9201200DF16C0910
:10A03000A2E6039671E53B4B0C9316F0200259D033
:10A04000079B073323F0070318465A6850F8083B6C
:10A050000790F40709D553EA020006D08DF84510A1
:10A06000302146F002068DF8441026F480610391F9
:10A070000221FFF770BB2C4B0C93DEE7079B0121FD
:10A0800053F8042B03918DF8AC20079304912BAC6B
:10A09000DFE49DF84320002A40F03281099A002A2B
:10A0A0007FF462AE184601210DF16C0927E400210E
:10A0B000082216A81394F9F7B7FE791C00F0BC80AB
:10A0C000002507942C460CE02BA95846FFF7CAF848
:10A0D000421C204400F06B81B84208DC00F0708123
:10A0E0000446139A525916AB0435002AECD1049455
:10A0F000079CAFE016F0100307980CD116F040044F
:10A1000005D01A4650F8043B07909BB2A1E716F41D
:10A11000007240F0E18050F8043B079099E700BFDF
:10A12000682305006C22050080220500039904972E
:10A1300044AC9E4608EE90BA01F480664FF0000CE5
:10A14000234606E0BEF10A0F72F1000239D3A6469B
:10A150002A46A6491EEB020040F100000F46A1FB73
:10A16000001424F0030101EB9401401ABEEB00013E
:10A170004FF0CC3562F1000405FB01F507FB0455F7
:10A18000A1FB07410D44052704F00101A1FB071BBA
:10A1900009186408303103F8011C44EAC5740CF155
:10A1A000010C013B6D08002ECCD00B99097861455C
:10A1B000C8D1BCF1FF0FC5D0BEF10A0F72F1000289
:10A1C0006CD21C4644AB1B1B049F039E049318EEE9
:10A1D00090BAFFF772BA0396FFF762BA5846F9F7DA
:10A1E000C3FCFFF75BB9012903967FF4CDACFFF701
:10A1F0005CBA079B059953F8042B11600793FFF78E
:10A200007EB9062F3B46039A794C079228BF062356
:10A2100004930393FFF725BB039B079913F4007284
:10A2200014BF51F8043B51F8043B07911CBF024690
:10A23000DBB20121FFF78FBA16AB0093002319465A
:10A2400013AA5846FFF734F803460133049000F090
:10A25000AE801394049B002B30D0632B63DC00236F
:10A2600008932BAC0822002116A8F9F7DDFD049D08
:10A2700016AB009313AA2B4621465846FFF718F851
:10A28000854240F0AB80039B049A07930023A354BC
:10A290001F4622EAE2730393FFF716BA0E9A0D994E
:10A2A0009B1A18460893F9F701FF0B99089B4A7807
:10A2B0000AB101310B914FF0000C48E7039B079363
:10A2C000049B03931F460893FFF7FEB9012118462C
:10A2D0000DF16C09FFF713BB50F8043B07902246C1
:10A2E000DBB2B6E612F9043B0792DA171146FFF724
:10A2F000CAB951F8043B07910246DBB2FFF727BA0F
:10A3000001231C9301210DF143031B930DF16C09F3
:10A310000B46FFF7CDBA079B059953F8042B07931B
:10A320001180FFF7ECB8591C5846F7F7C9FE0446F0
:10A3300000283CD0089095E7886DFAF7D3F9FFF72D
:10A34000E9B9039B0793CDE90377089FFFF7BCB9F1
:10A3500019981A9B013045E5039B07932046FAF7AD
:10A36000EFFB20EAE0732F46049003930895FFF774
:10A37000ABB918EE101A18AA5846FFF739F800289A
:10A380003FF436AAFFF74DBA199801307AE58C46AA
:10A390006EE46B6ED90705D4AB899A0502D4A86D1B
:10A3A000FAF7A0F94FF0FF330593FFF749BA18EE1B
:10A3B000102AB2F90C3043F040039381FFF735BA0D
:10A3C000079C049746E7079B98F8011053F8047B15
:10A3D0000793904647EAE777FFF7B9B818EE102AD7
:10A3E000938943F040039381FFF715BACDCCCCCCD1
:10A3F0009422050070B50C468989ADF58E6D21F06B
:10A400000201ADF81410616E1B91E189ADF81610D0
:10A41000E1690991616A0B911CA9029106914FF4BF
:10A42000806106460491079118A80021CDE9003209
:10A430000891FAF751F9DDE9003202A93046FFF739
:10A4400013F8051E07DB02A93046FDF7F1FD0028D1
:10A4500018BF4FF0FF35BDF814305B0603D5A38954
:10A4600043F04003A3811898FAF738F928460DF510
:10A470008E6D70BD9368002B00F085802DE9F04F44
:10A48000B1F90C300C461907804683B0174698B2D4
:10A4900025D523691BB310F002033D682DD04FF082
:10A4A000000ADFF8C0B25646B9465E45334652460A
:10A4B00028BF5B464046002E52D0E169676AB84724
:10A4C000002856DDD9F808301B1A8244361AC9F81C
:10A4D0000830002BE9D1002003B0BDE8F08F214601
:10A4E000404600F041F9002840F03881B4F90C30C2
:10A4F0003D6898B210F00203D1D110F0010944D1A7
:10A500004E46009746B38205D4F808B040F18580E6
:10A51000B3455A4600F2B48010F4906F40F0C18009
:10A52000206801924946F9F703FCA368019AA3EB5E
:10A530000B012368A1601344B24623600026009AF1
:10A540009368A3EB0A03D1449360002BC3D0B4F902
:10A550000C0080B2002ED6D1D5E900960835D1E79F
:10A56000D5E900A60835A0E721464046FDF760FD85
:10A5700088B3B4F90C3043F040034FF0FF30A381AF
:10A5800003B0BDE8F08F002070471E46BA469946DA
:10A59000184600951F4666B3002832D04A46D4E9D3
:10A5A00004132068A568B24228BF3246884204D905
:10A5B00005EB030B5A4500F3A780934264DCE16985
:10A5C000656A3A464046A847B0F1000BD1DDB9EBC9
:10A5D0000B09C9D00120DAF80830A3EB0B035F4464
:10A5E000A6EB0B06CAF80830002B3FF474AF002E20
:10A5F000D2D1009A5668134608320092002EF8D045
:10A600001F6832460A213846FAF74AFA002800F055
:10A610009C800130A0EB0709C0E7206823699842BD
:10A6200016D86269B24213D86FF00043B34228BF14
:10A630003346E16993FBF2F3676A02FB03F340469A
:10A640004A46B847B0F1000A93DDA6EB0A0676E762
:10A65000B345DA4628BFB24652464946F9F768FB89
:10A66000A3682268A3EB0A035244A3602260002B74
:10A67000EBD121464046FDF7DBFC0028E5D078E72A
:10A680002068B34632464CE739460192F9F750FB51
:10A69000019AA3689B1AA36023681344236093461E
:10A6A00095E723682169A3EB010B636903EB430A78
:10A6B0000AEBDA7A0BF101034FEA6A0A3344534595
:10A6C000524684BF9A46524643052CD51146404611
:10A6D000F7F7F6FC00283BD05A4621690190F2F7C3
:10A6E00093FDA289019B22F4906242F08002A28134
:10A6F00003EB0B002361AAEB0B03C4F814A0A360C7
:10A700002060B34632460CE739465A46F9F710FB4B
:10A7100023685B44236021464046FDF789FC0028FE
:10A720003FF455AF25E74046F7F792FF0346002870
:10A73000DED121694046FAF71FFBB4F90C300C2238
:10A7400023F08003C8F8002015E7721C914626E725
:10A750000C22B4F90C30C8F800200CE74FF0FF30A1
:10A76000BAE600BF00FCFF7F38B5314B1B680546D9
:10A770000C4613B15A6B002A4ED0B4F90C301807AE
:10A780009AB21CD5216929B312F0010007D000202C
:10A79000A06060694042A06139B1002038BD9507D2
:10A7A00058BF6069A0600029F7D1120658BF08465B
:10A7B000F4D543F04003A3814FF0FF3038BDD106FC
:10A7C0002ED5520714D4216943F00803A3819AB20D
:10A7D0000029D9D102F42070B0F5007FD4D02146F1
:10A7E000284600F047F9B4F90C3021699AB2CBE75A
:10A7F000216B51B104F14002914204D02846FAF78E
:10A80000BBFAB4F90C300022226321690022C4E9AA
:10A81000001223F02403D7E71846F9F7A5F9ACE7AF
:10A82000092243F040032A604FF0FF30A38138BD76
:10A83000C80FFF1F2DE9F04782B0824688461446B4
:10A84000F9F7B4FE012803D108F1FF33FE2B36D906
:10A850000DF10409424604F15C0349465046FEF7F7
:10A8600001FD421C064632D020B39DF804C00025ED
:10A8700009E023685A1C226083F800C00135B54204
:10A8800018D219F801CFA368013B002BA360F0DABE
:10A89000A769BB4261462246504602DBBCF10A0F63
:10A8A000E7D100F053F9431CE8D10646304602B028
:10A8B000BDE8F0874646304602B0BDE8F0875FFA53
:10A8C00088FC8DF804C006460DF10409CFE7A38982
:10A8D000304643F04003A38102B0BDE8F08700BFDB
:10A8E00030B5536E13F0010FB2F90C30144683B03B
:10A8F00005469AB201D198051CD5900406D4626E23
:10A9000043F4005342F40052A38162662246284673
:10A91000FFF790FF636EDA07054602D4A3899B0513
:10A9200002D5284603B030BDA06DF9F7DBFE2846FE
:10A9300003B030BDA06D0191F9F7D2FEB4F90C302F
:10A9400001999AB2D9E700BF2DE9F04F8BB0DDE94C
:10A95000158A149F0391814605921E46B8F1000F97
:10A960005CD0039B002B5ED0059B1D68002F6AD036
:10A97000741E4EB3039B0493043D002601950BE027
:10A98000039B2BBB019B1A68002A3AD0BC455CD2C2
:10A99000013C631C664617D0D8F800300293019B37
:10A9A000DAF8E05053F8042F019307A943464846CC
:10A9B000D8F804B0A847421C3AD000EB060CBC45BE
:10A9C000DED9029BC8E9003B30460BB0BDE8F08FF2
:10A9D00000280EDD049B019D18445A1E07A900F1B2
:10A9E000FF3E11F8013B02F8013F7245F9D1019594
:10A9F0000490059B1A6804321A60019B1A68002AA9
:10AA0000C4D1039B0BB1059B1A600CF1FF360022E9
:10AA10003046C8F800200BB0BDE8F08F039B00F56E
:10AA20008678002BA0D1059B4FF0FF371D689FE76C
:10AA300006468A2100223046C9F80010C8F80020D6
:10AA40000BB0BDE8F08F3E46BEE76646BCE700BFF0
:10AA500010B584B0054C0698009007980190044802
:10AA600000680294FFF770FF04B010BD380DFF1F9F
:10AA7000C80FFF1F2DE9F0418B890C46990796B04E
:10AA800008D504F143030122C4E90432236016B05F
:10AA9000BDE8F081B4F90E100029064625DB6A46B0
:10AAA00000F0ACF800281FDB019D05F47045A5F50A
:10AAB0000055B5FA85F54FF480686D094FF40067CD
:10AAC00041463046F7F7FCFAE0B1B4F90C30C4F86F
:10AAD000148043F0800320602061A38135BB3B4399
:10AAE000A38116B0BDE8F081A38913F0800519D0C9
:10AAF0004FF040080025414630462F46F7F7E0FA70
:10AB00000028E2D1B4F90C309A05C0D423F0030335
:10AB100004F1430243F002030121C4E90421A381AB
:10AB20002260B4E74FF480682F46C9E7B4F90E10ED
:10AB3000304600F079F810B9B4F90C30CFE7A389AA
:10AB400023F0030343F001031BB2C8E7F8B50D4639
:10AB50001446064610B1436B002B4CD0B4F90C20C0
:10AB6000A369A360170790B21BD52369CBB1EDB2DF
:10AB700081042F4622D522686169D31A994229DDC2
:10AB80000133A1680139A160511C2160157062690F
:10AB90009A4227D0A389DB0701D50A2D22D0384657
:10ABA000F8BD21463046FFF7DFFD08BBB4F90C20A5
:10ABB000236990B2EDB281042F46DCD442F40052F6
:10ABC000A281626E616922F4005262662268D31A21
:10ABD0009942D5DC21463046FDF72AFA40B9226871
:10ABE0000123CEE721463046FDF722FA0028D6D0D1
:10ABF0004FF0FF37D3E7F8F7B7FFAFE770B50C4674
:10AC0000084D03460026204611461C462E60F2F7EA
:10AC10001DFC431C00D070BD2B68002BFBD02360B3
:10AC200070BD00BFB423FF1F38B5074D0022044696
:10AC300008462A60F2F710FC431C00D038BD2B6890
:10AC4000002BFBD0236038BDB423FF1F38B5002292
:10AC5000002304460D46F6F785FE28B9204629460E
:10AC6000BDE8384000F00AB8204605F1004100F088
:10AC700005F8404261EB410138BD00BFD0B50C4B37
:10AC8000002206460F46F6F7FBFBF6F7D1FE044618
:10AC9000F6F77CFB074B0022F6F7F2FB02460B4669
:10ACA00030463946F6F734FAF6F7C2FE2146D0BDF3
:10ACB0000000F03D0000F041636F6E666967496E09
:10ACC0006465783A00000000636F6E6669675061E2
:10ACD00067654D6F763A0000636F6E666967506115
:10ACE000676553796E633A00636F6E66696750619A
:10ACF000676553657475703A00000000636F6E6697
:10AD0000696750616765526563693A00636F6E6693
:10AD1000696750616765526F73653A00636F6E666D
:10AD20006967506167654D61696E4D756C74693A0C
:10AD300000000000636F6E66696750616765477267
:10AD400065656B4B65793A00636F6E666967506144
:10AD50006765496E6465783A00FFFFFF706167655B
:10AD60004D756C74692E6A50726F67726573732EBD
:10AD700076616C3D0000000070616765496E646536
:10AD8000782E6A50726F67726573732E76616C3DB0
:10AD900000000000706167654D6F76652E6A507225
:10ADA0006F67726573732E76616C3D0070616765C5
:10ADB00053796E632E6A50726F67726573732E7665
:10ADC000616C3D00706167655265632E6A50726FF9
:10ADD00067726573732E76616C3D00007061676504
:10ADE00047726B2E6A50726F67726573732E76614D
:10ADF0006C3D00007061676550726F6772616D2E07
:10AE00006A50726F67726573732E76616C3D0000D5
:10AE100070616765526F73652E6A50726F677265F5
:10AE200073732E76616C3D0069676E6F726544695D
:10AE30007361626C653A20200000000070616765F4
:10AE400053706C6173682E76615370456E61626CED
:10AE500065642E76616C3D3100000000FFFFFF004D
:10AE60007061676553706C6173682E7661537045CD
:10AE70006E61626C65642E76616C3D30000000008E
:10AE800063757272656E7450696E53746174653A5D
:10AE9000200000005370696E646C6520656E61620D
:10AEA0006C652070696E20233A2000007061676530
:10AEB00053706C6173682E766141786973456E6179
:10AEC000626C65645A2E76616C3D31007061676515
:10AED00053706C6173682E766141786973456E6159
:10AEE000626C65645A2E76616C3D30005A20656E46
:10AEF00061626C652070696E20233A2000000000BA
:10AF00007061676553706C6173682E766141786912
:10AF100073456E61626C6564582E76616C3D3100DC
:10AF20007061676553706C6173682E7661417869F2
:10AF300073456E61626C6564582E76616C3D3000BD
:10AF40005820656E61626C652070696E20233A201E
:10AF5000000000007061676553706C6173682E7645
:10AF600041786973456E61626C65644D332E76611C
:10AF70006C3D31007061676553706C6173682E764B
:10AF800041786973456E61626C65644D332E7661FC
:10AF90006C3D30004D3320656E61626C65207069D8
:10AFA0006E20233A200000004D342E6375727265C6
:10AFB0006E7450696E53746174653A20000000002D
:10AFC0007061676553706C6173682E764178697340
:10AFD000456E61626C65644D342E76616C3D310066
:10AFE000312E7641786973456E61626C65644D34CB
:10AFF0002E76616C3D3100007061676553706C6145
:10B0000073682E7641786973456E61626C65644D34
:10B01000342E76616C3D3000322E7641786973456E
:10B020006E61626C65644D342E76616C3D3000005B
:10B03000332E7641786973456E61626C65644D3478
:10B040002E76616C3D3100004D3420656E61626C7E
:10B05000652070696E20233A2000FFFF496E7075ED
:10B0600074436861723A2D2D2D2D2D2D2D2D2D2DF2
:10B070006162632D2D2D2D2D2D2D2D2D2D2D2D206E
:10B0800000000000203A20200000000044697363A3
:10B0900061726420626F67757320342D2D2D2D2D04
:10B0A0002D2D2D2D2D0000003E3E3E3E3E3E3E3ECF
:10B0B0003E3E3E3E3E3E3E3235353A2000000000E8
:10B0C0003E3E3E3E3E3E3E3E3E3E3E3E3E3E3E647A
:10B0D000697363617264436861723A200000000022
:10B0E0004469736361726420626F677573203132E3
:10B0F000372D2D2D2D2D2D2D2D2D2D00496E3A2046
:10B100000000000072657456616C3A2000FFFFFF7A
:10B11000312E696E7075744865783A2020200000E1
:10B12000496E743A00FFFFFF737465707350657267
:10B130003336303A200000006765617252617469ED
:10B140006F5F41786973423A20000000636972635F
:10B15000756D666572656E63653A20006C696E6533
:10B16000617244697374616E63653A200000000087
:10B17000616E676C653A200067656172526174693F
:10B180006F5F41786973204D343A200064697374AD
:10B19000616E63653A20000044697374616E636593
:10B1A000546F53746570735F4D334C696E65617293
:10B1B0003A2000FF44697374616E6365546F537481
:10B1C0006570735F4D344C696E6561723A2000FFA3
:10B1D000456E746572204765744178697353706574
:10B1E0006564202D200000007061676543616C6C10
:10B1F000657249643A2000FF456E746572204265AD
:10B2000067696E4D6574686F6453657474696E67C1
:10B210007300000061757853746174653A20000012
:10B2200041757850696E20233A200000706167658F
:10B2300053706C6173682E76614553746F702E760F
:10B24000616C3D30000000002E2E2E2E2E2E2E2E54
:10B250002E2E2E2E2E2E2E2E2E2E2E456E6420427B
:10B260006567696E4D6574686F6453657474696E63
:10B27000677300FF456E74657220477265656B4B9E
:10B2800065795061747465726E5F496E6974696145
:10B290006C0000007265766F6C7574696F6E735F19
:10B2A0005370696E646C653A20000000636F6E66CF
:10B2B0006967477265656B4B65792E636F756E7450
:10B2C0005061747465726E5065723336305F5061D0
:10B2D000747465726E3A20007365676D656E7443B1
:10B2E0006F756E743A2000007370696E646C6553FC
:10B2F000686F72744C656753746570733A2000FF11
:10B300006C696D69745472696767657265643A2027
:10B31000000000007061676547726B2E7661302E09
:10B3200076616C3D300000007061676547726B2E7E
:10B330006274312E76616C3D30000000706167658B
:10B3400047726B2E6274332E76616C3D30000000C4
:10B350007061676547726B2E6274322E76616C3D48
:10B360003000FFFF456E7465722047657446696C56
:10B37000656E616D6546726F6D53657269616C20B3
:10B3800000000000696E7075743A2000693A200070
:10B3900066696C654E616D6550726F6772616D3A7A
:10B3A0002000000073697A656F662866696C654ED7
:10B3B000616D6550726F6772616D293A20200000DF
:10B3C00066696C654E616D65496E693A2000FFFFE4
:10B3D00046696C65206E6F7420666F756E642D30E3
:10B3E000312E00004578697420496E6465782E001E
:10B3F00070616765496E6465782E7446696C654E48
:10B40000616D652E7478743D0000000046696C65BE
:10B41000206E6F7420666F756E642D3032000000F0
:10B420003D3D2D2D2D2D2D2D2D2D2D2D2D2D3D4CFD
:10B43000696E654E756D626572203A2020000000CD
:10B440005E5E5E5E6E657753697A65436861722001
:10B450003A2020002E746674000000002F000000C7
:10B460002A2A206E6F206D6F72652066696C657385
:10B47000202A2A007061676546696C654C6973749F
:10B480002E766146696C65436F756E742E76616CBD
:10B490003D0000007061676546696C654C697374B6
:10B4A0002E6E322E76616C3D0000000046696C65A0
:10B4B00020436F756E743A200000000046696C6589
:10B4C000206973202E696E69206F72202E74667455
:10B4D000200000002020202066696C65496E6465AC
:10B4E00078202B206A3A20007061676546696C6598
:10B4F0004C6973742E7432312E7478743D000000E0
:10B50000220000007061676546696C654C69737460
:10B510002E7432322E7478743D00000070616765BD
:10B5200046696C654C6973742E7431332E7478746B
:10B530003D0000007061676546696C654C69737415
:10B540002E7432332E7478743D000000706167658C
:10B5500046696C654C6973742E7432342E74787439
:10B560003D0000007061676546696C654C697374E5
:10B570002E7432352E7478743D000000706167655A
:10B5800046696C654C6973742E7432362E74787407
:10B590003D0000007061676546696C654C697374B5
:10B5A0002E7432372E7478743D00FFFF2E494E49B9
:10B5B00000000000456E74657220476574496E692D
:10B5C00046696C654C69737446726F6D5344000034
:10B5D00043617264206E6F7420666F756E64000044
:10B5E0004469722053697A653A20000066696C6587
:10B5F000496E646578000000312C206C61737446DC
:10B60000696C65496E64657800000000322E206C1C
:10B6100061737446696C65496E646578000000006A
:10B62000656E7472792E69734469726563746F72A2
:10B630007900000066696C6546756C6C4E616D65DD
:10B640003A200000202020496E6465784F66202E45
:10B65000696E693A2020000069436F756E746572E7
:10B660003A2000004E6F204D6F72652046696C6570
:10B67000733A20007061676553706C6173682E7453
:10B6800031332E7478743D0066696C654E616D656A
:10B6900050726F6772616D3A2020000046696C65D8
:10B6A000206E6F7420666F756E642E002A2A2A2A17
:10B6B0002A2A2A2A2A2A2A2A2A2A2A2A2A2A2A2AEA
:10B6C0002A2A2A2A2A2A2A2A2A2A2A2A2A2A312ECF
:10B6D0004C696E65232B313A20000000312E6D6FCE
:10B6E0007665547970653A2000000000312E63754C
:10B6F0007272656E74436F6D6D616E643A20000006
:10B70000312E6E5374723A20000000004D6F766542
:10B710005479706520353900706167652037303A9B
:10B72000200000006E5374722037303A2000000071
:10B73000706167652037313A200000006E537472E3
:10B740002037313A20000000560000006E5374721A
:10B750003A2000002020206856616C3A200000004A
:10B760002020207656616C3A2000000070616765E9
:10B770002037343A200000006E5374722037343A78
:10B7800020000000656E61626C652F646973616200
:10B790006C6520737465707065722049443A2000AE
:10B7A0006E5374722076616C75653A20000000005B
:10B7B000706167652037383A200000006E5374725C
:10B7C0002037383A20000000706167652038323A2F
:10B7D000200000006E5374722038323A20000000BE
:10B7E0006E65775374723A20000000007072696DC4
:10B7F00061727949643A2020202020200000000056
:10B8000073697A655072696D6172793A20202020DF
:10B81000000000007365636F6E6461727949643A79
:10B82000202020200000000073697A655365636F53
:10B830006E646172793A202000000000530000001D
:10B84000420000006368617253697A655072696DE5
:10B850006172793A202020006D756C7469706C6992
:10B8600065725F5072696D6172793A202020000024
:10B870006368617253697A655365636F6E64617260
:10B88000793A20006D756C7469706C6965725F53EC
:10B8900065636F6E646172793A200000706167655C
:10B8A0002038363A200000006E5374722038363A41
:10B8B00020000000636F756E745479706520533AF0
:10B8C0002000000041000000636F756E74547970B1
:10B8D0006520413A2000000020202D20200000009B
:10B8E0003D3D3D3D3D3D3D3D3D3D3D3D3D3D3D3D88
:10B8F0003D3D3D3D3D3D3D3D3D3D3D3D3D3D3D3D78
:10B9000042616420436F6D6D616E64323A200000C5
:10B9100061746F66286E537472293A006E657753AE
:10B92000697A65436861723A000000007265745676
:10B93000616C3A00457869742047657447726565A3
:10B940006B4B65794461746146726F6D53440000BE
:10B95000424453585A00FFFF4C6F770048696768AC
:10B9600000000000706167655370696E646C652E3D
:10B970007434322E7478743D000000007061676585
:10B980005370696E646C652E7434332E7478743D14
:10B9900000000000706167655370696E646C652E0D
:10B9A0007434342E7478743D000000007061676553
:10B9B0005370696E646C652E7434352E7478743DE2
:10B9C00000000000706167655A2E7434362E74785A
:10B9D000743D0000706167655A2E7434372E747898
:10B9E000743D0000706167655A2E7434382E747887
:10B9F000743D0000636F6E66696753657475702EE1
:10BA000064697374616E63655065725265765F41F7
:10BA10007869735A3A202000656550726F6D5061E5
:10BA2000676553657475702E64697374616E6365C0
:10BA30005065725265765F417869735A3A202000EA
:10BA4000706167655A2E7434392E7478743D000025
:10BA500070616765582E7436302E7478743D00001E
:10BA600070616765582E7436312E7478743D00000D
:10BA700070616765582E7436322E7478743D0000FC
:10BA800070616765582E7436332E7478743D0000EB
:10BA900070616765416C7465726E617465582E746F
:10BAA00036302E7478743D0070616765416C746542
:10BAB000726E617465582E7436312E7478743D0040
:10BAC00070616765416C7465726E617465582E743F
:10BAD00036322E7478743D0070616765416C746510
:10BAE000726E617465582E7436332E7478743D000E
:10BAF00070616765582E63322E76616C3D300000B0
:10BB000070616765582E63332E76616C3D3100009D
:10BB100070616765416C7465726E617465582E63FF
:10BB2000322E76616C3D300070616765416C7465E2
:10BB3000726E617465582E63332E76616C3D3100F0
:10BB400070616765582E63322E76616C3D3100005E
:10BB500070616765582E63332E76616C3D3000004E
:10BB600070616765416C7465726E617465582E63AF
:10BB7000322E76616C3D310070616765416C746591
:10BB8000726E617465582E63332E76616C3D3000A1
:10BB9000706167654D6F746F725F332E7435362E2A
:10BBA0007478743D00000000706167654D6F746FBC
:10BBB000725F332E7435372E7478743D00000000A8
:10BBC000706167654D6F746F725F332E7435382EF8
:10BBD0007478743D00000000706167654D6F746F8C
:10BBE000725F332E7435392E7478743D0000000076
:10BBF000706167654D6F746F725F332E63302E76A0
:10BC0000616C3D3000000000706167654D6F746FBE
:10BC1000725F332E63312E76616C3D31000000007F
:10BC2000706167654D6F746F725F332E63302E766F
:10BC3000616C3D3100000000706167654D6F746F8D
:10BC4000725F332E63312E76616C3D300000000050
:10BC5000706167654D6F746F725F332E7436342E6A
:10BC60007478743D00000000706167654D6F746FFB
:10BC7000725F342E7435362E7478743D00000000E7
:10BC8000706167654D6F746F725F342E7435372E37
:10BC90007478743D00000000706167654D6F746FCB
:10BCA000725F342E7435382E7478743D00000000B5
:10BCB000706167654D6F746F725F342E7435392E05
:10BCC0007478743D00000000706167654D6F746F9B
:10BCD000725F342E63302E76616C3D3000000000C0
:10BCE000706167654D6F746F725F342E63312E76AD
:10BCF000616C3D3100000000706167654D6F746FCD
:10BD0000725F342E63302E76616C3D31000000008E
:10BD1000706167654D6F746F725F342E63312E767C
:10BD2000616C3D3000000000706167654D6F746F9D
:10BD3000725F342E7436342E7478743D0000000027
:10BD4000706167654D6F72652E74382E7478743D1E
:10BD500000000000706167654D6F72652E63312EC3
:10BD600076616C3D30000000706167654D6F7265F3
:10BD70002E63312E76616C3D310000007061676585
:10BD80004D6F72652E63332E76616C3D300000007E
:10BD9000676B5370696E646C65456E61626C653D7E
:10BDA00030000000706167654D6F72652E63332E41
:10BDB00076616C3D31000000676B5370696E646C96
:10BDC00065456E61626C653D3100000070616765BC
:10BDD0004D6F72652E63352E76616C3D300000002C
:10BDE000676B5A456E61626C653D300070616765D6
:10BDF0004D6F72652E63352E76616C3D310000000B
:10BE0000676B5A456E61626C653D310070616765B4
:10BE10004D6F72652E63372E76616C3D30000000E9
:10BE2000676B58456E61626C653D30007061676597
:10BE30004D6F72652E63372E76616C3D31000000C8
:10BE4000676B58456E61626C653D31007061676576
:10BE50004D6F72652E63392E76616C3D30000000A7
:10BE6000676B4D33456E61626C653D3000000000CC
:10BE7000706167654D6F72652E63392E76616C3D1A
:10BE800031000000676B4D33456E61626C653D317A
:10BE900000000000706167654D6F72652E6331317F
:10BEA0002E76616C3D300000676B4D34456E6162EB
:10BEB0006C653D3000000000706167654D6F726514
:10BEC0002E6331312E76616C3D310000676B4D344D
:10BED000456E61626C653D31000000007061676510
:10BEE00053657475702E6274312E62636F3D323308
:10BEF000393634007061676553657475702E6274ED
:10BF0000312E76616C3D3000706167654C696D69FA
:10BF100074732E74302E7478743D00007061676500
:10BF20004C696D6974732E74312E7478743D000001
:10BF3000706167654C696D6974732E74322E747804
:10BF4000743D0000706167654C696D6974732E748F
:10BF5000332E7478743D0000706167654C696D69BB
:10BF600074732E74342E7478743D000070616765AC
:10BF70004C696D6974732E74352E7478743D0000AD
:10BF8000706167654C696D6974732E74372E7478AF
:10BF9000743D00004D34204D696E3A2020000000B1
:10BFA000706167654C696D6974732E74362E747890
:10BFB000743D00004D34204D61783A20200000008F
:10BFC000706167654C696D6974732E7431332E74BA
:10BFD00078743D0053746F705370696E646C653A89
:10BFE00020000000706167654C696D6974732E6391
:10BFF000312E76616C3D3100706167654C696D6909
:10C0000074732E63312E76616C3D3000706167650C
:10C010004C696D6974732E63322E76616C3D31000C
:10C02000706167654C696D6974732E63332E766138
:10C030006C3D3000706167654C696D6974732E6387
:10C04000322E76616C3D3000706167654C696D69B8
:10C0500074732E63332E76616C3D310070616765B9
:10C060004C696D6974732E6274312E62636F3D3258
:10C070003339363400000000706167654C696D69C2
:10C0800074732E6274312E76616C3D3000FFFFFFB9
:10C090007061676552657475726E732E74302E749C
:10C0A00078743D007061676552657475726E732EA9
:10C0B00074312E7478743D007061676552657475D3
:10C0C000726E732E74322E7478743D0070616765E1
:10C0D00052657475726E732E74332E7478743D00CD
:10C0E0007061676552657475726E732E74372E7445
:10C0F00078743D007061676552657475726E732E59
:10C1000074382E7478743D0070616765526574757B
:10C11000726E732E74392E7478743D007061676589
:10C1200052657475726E732E7431302E7478743D4E
:10C13000000000007061676552657475726E732E41
:10C140007431352E7478743D0000000070616765AD
:10C1500052657475726E732E7431362E7478743D18
:10C16000000000007061676552657475726E732E11
:10C170006274312E62636F3D323339363400000011
:10C180007061676552657475726E732E6274312EBC
:10C1900076616C3D3000FFFF706167654545505228
:10C1A0004F4D2E743330312E7478743D00000000F2
:10C1B00070616765454550524F4D2E743330322EB5
:10C1C0007478743D00000000706167654545505209
:10C1D0004F4D2E743330302E7478743D00000000C3
:10C1E0006178697349643D5A3A202000706167653F
:10C1F000454550524F4D2E743330332E7478743D74
:10C200000000000070616765454550524F4D2E7427
:10C210003330342E7478743D00000000706167651F
:10C22000454550524F4D2E743330352E7478743D41
:10C230000000000070616765454550524F4D2E74F7
:10C240003331362E7478743D0000000070616765EC
:10C25000454550524F4D2E743331332E7478743D12
:10C26000000000004E6F0000596573007061676543
:10C27000454550524F4D2E743331342E7478743DF1
:10C280000000000070616765454550524F4D2E74A7
:10C290003330362E7478743D0000000043570000A0
:10C2A00043435700636F6E6669674D756C74692E02
:10C2B000646972656374696F6E0000007061676520
:10C2C000454550524F4D2E743330372E7478743D9F
:10C2D0000000000070616765454550524F4D2E7457
:10C2E0003330382E7478743D00000000706167654B
:10C2F000454550524F4D2E743330392E7478743D6D
:10C300000000000070616765454550524F4D2E7426
:10C310003331302E7478743D000000007061676521
:10C32000454550524F4D2E743331312E7478743D43
:10C330000000000070616765454550524F4D2E74F6
:10C340003331322E7478743D000000005269676802
:10C35000740000004C656674000000007061676541
:10C36000454550524F4D2E743331372E7478743DFD
:10C370000000000070616765454550524F4D2E74B6
:10C380003530362E7478743D0000000070616765AA
:10C39000454550524F4D2E743530372E7478743DCC
:10C3A0000000000070616765454550524F4D2E7486
:10C3B0003530382E7478743D000000007061676578
:10C3C000454550524F4D2E743530392E7478743D9A
:10C3D0000000000070616765454550524F4D2E7456
:10C3E0003531302E7478743D00000000706167654F
:10C3F000454550524F4D2E743531312E7478743D71
:10C400000000000070616765454550524F4D2E7425
:10C410003531322E7478743D00000000706167651C
:10C42000454550524F4D2E743531372E7478743D3A
:10C430000000000070616765454550524F4D2E74F5
:10C440003730362E7478743D0000000070616765E7
:10C45000454550524F4D2E743730372E7478743D09
:10C460000000000070616765454550524F4D2E74C5
:10C470003730382E7478743D0000000070616765B5
:10C48000454550524F4D2E743730392E7478743DD7
:10C490000000000070616765454550524F4D2E7495
:10C4A0003731302E7478743D00000000706167658C
:10C4B000454550524F4D2E743731312E7478743DAE
:10C4C0000000000070616765454550524F4D2E7465
:10C4D0003731322E7478743D000000005261646977
:10C4E000616C2F4C696E656172204D333A200000FB
:10C4F0002020646972416E64436865636B65643AC9
:10C500002020000070616765454550524F4D2E74E4
:10C510003731372E7478743D000000007061676514
:10C52000454550524F4D2E743930362E7478743D37
:10C530000000000070616765454550524F4D2E74F4
:10C540003930372E7478743D0000000070616765E3
:10C55000454550524F4D2E743930382E7478743D05
:10C560000000000070616765454550524F4D2E74C4
:10C570003930392E7478743D0000000070616765B1
:10C58000454550524F4D2E743931302E7478743DDC
:10C590000000000052616469616C2F4C696E656136
:10C5A00072204D343A200000706167654545505255
:10C5B0004F4D2E743931312E7478743D00000000D7
:10C5C00070616765454550524F4D2E743931322E9A
:10C5D0007478743D000000007061676545455052F5
:10C5E0004F4D2E743931372E7478743D00000000A1
:10C5F000454550524F4D20496E64657820617869F9
:10C600007349643A20000000636F6E666967496E83
:10C610006465785F4D61696E2E7370656564506501
:10C620007263656E745F5370696E646C653A200066
:10C63000636F6E666967496E6465785F4D61696EA8
:10C640002E737065656450657263656E745F5370B8
:10C65000696E646C652020323A2000004469766976
:10C6600073696F6E730000004465677265657300DF
:10C67000466978656400000046696C65000000004A
:10C680005A2D31005A2D3200582D3100582D3200CC
:10C690004D332D31000000004D332D3200000000DD
:10C6A0004D342D31000000004D342D3200000000CB
:10C6B00052616469616C0000417869616C0000003E
:10C6C000656550726F6D526563506167652E6D616F
:10C6D000785370645F417869735F583A20000000B6
:10C6E000636F6E6669675265632E6D61785370641F
:10C6F0005F417869735F583A2000000034610000A0
:10C7000034620000326100003262000033610000D8
:10C71000336200005365676D656E7473000000003E
:10C7200041637475616C00FF70616765496E692EC5
:10C7300076454550524F4D2E76616C3D000000000D
:10C7400070616765496E692E7630302E76616C3D7A
:10C750000000000070616765496E692E7630382EE2
:10C7600076616C3D0000000070616765496E692E5E
:10C770007631362E76616C3D000000007061676591
:10C78000496E692E7632342E76616C3D00000000D1
:10C79000636C69636B206D302C30000053656E64F0
:10C7A0005061636B6564446174613A2000FFFFFF70
:10C7B00053657474696E67732E696E6900000000BA
:10C7C000456E746572205772697465536574746937
:10C7D0006E6773546F5344003B20526F736520455E
:10C7E0006E67696E6520496E692066696C65000038
:10C7F0003B2056332E312E32000000005B50726514
:10C80000666572656E6365735D0000003B00000045
:10C810005B3B5D003B204D6F7265000056656E64AA
:10C820006F7249643D000000256C75003B20417526
:10C8300078696C6C6172795F50696E206D75737484
:10C840002062652067726561746572207468616E2C
:10C850002032342E00000000417578696C6C6172E2
:10C86000795F50696E3D00003B20303D4469736143
:10C87000626C65642C20313D456E61626C656400BC
:10C880004B6565705374657070657273456E616257
:10C890006C65643D000000004B6565705370696E07
:10C8A000646C65456E61626C65643D004B656570E6
:10C8B0005A456E61626C65643D0000004B656570B1
:10C8C00058456E61626C65643D0000004B656570A3
:10C8D0004D33456E61626C65643D00004B6565706B
:10C8E0004D34456E61626C65643D00003B205370C1
:10C8F000696E646C650000004D6963726F737465E6
:10C9000070735F5370696E646C653D00537465703D
:10C91000735065723336305F5370696E646C653D79
:10C920000000000047656172526174696F5F537067
:10C93000696E646C653D0000252E356600000000C0
:10C940003B20506F6C61726974793A204C6F773D6F
:10C95000312C20486967683D30000000506F6C61E1
:10C96000726974795F5370696E646C653D00000094
:10C97000256400003B205A204178697300000000C4
:10C980004D6963726F73746570735F5A3D00000088
:10C9900053746570735065723336305F5A3D0000D2
:10C9A00044697374616E63655065723336305F5AE3
:10C9B0003D000000506F6C61726974795F5A3D00F0
:10C9C0003B2058204178697300000000586F724185
:10C9D0006C745853656C65637465643D00000000B9
:10C9E0004D6963726F73746570735F583D0000002A
:10C9F00053746570735065723336305F583D000074
:10CA000044697374616E63655065723336305F5884
:10CA10003D000000506F6C61726974795F583D0091
:10CA20003B20416C7465726E6174652058204178BA
:10CA3000697300004D6963726F73746570735F4151
:10CA40006C74583D0000000053746570735065723B
:10CA50003336305F416C74583D0000004469737494
:10CA6000616E63655065723336305F416C74583D5A
:10CA700000000000506F6C61726974795F416C74E2
:10CA8000583D00003B204D33204178697300000081
:10CA90004D6963726F73746570735F4D333D000051
:10CAA00053746570735065723336305F4D333D009B
:10CAB00047656172526174696F5F4D333D000000DC
:10CAC000506F6C61726974795F4D333D00000000F6
:10CAD00044697374616E63655065723336305F4DBF
:10CAE000333D000052616469616C4F724C696E6540
:10CAF000616C5F4D333D00004D3352616469757365
:10CB00003D0000003B204D34204178697300000057
:10CB10004D6963726F73746570735F4D343D0000CF
:10CB200053746570735065723336305F4D343D0019
:10CB300047656172526174696F5F4D343D0000005A
:10CB4000506F6C61726974795F4D343D0000000074
:10CB500044697374616E63655065723336305F4D3E
:10CB6000343D000052616469616C4F724C696E65BE
:10CB7000616C5F4D343D00004D34526164697573E2
:10CB80003D0000005B4C696D6974735D000000003E
:10CB90003B204C696D6974205377697463686573D1
:10CBA000616E642053746F702070696E73206D75B0
:10CBB00073742062652067726561746572207468A1
:10CBC000616E2032342E00004D696E5F5A3D0000C8
:10CBD0004D61785F5A3D00004D696E5F583D000021
:10CBE0004D61785F583D00004D696E5F4D333D00EB
:10CBF0004D61785F4D333D004D696E5F4D343D00B2
:10CC00004D61785F4D343D003B2053746F7020734D
:10CC100070696E646C65207768656E206C696D69FB
:10CC20007420686974203D20312E204C6561766542
:10CC3000207370696E646C652072756E6E696E67C4
:10CC4000203D20300000000053746F705370696EF7
:10CC5000646C653D000000006553746F703D00001A
:10CC60003B204E6F726D616C6C7920436C6F736505
:10CC700064203D20302C204E6F726D616C6C7920E9
:10CC80004F70656E203D2031000000004E432D4E58
:10CC90004F3D00005B52657475726E735D0000005D
:10CCA0003B20416C6C2073706565647320616E6419
:10CCB00020616363656C6C65726174696F6E73206B
:10CCC00061726520696E207374657073207065727F
:10CCD000207365636F6E64004D61785370656564A1
:10CCE0005F5370696E646C653D000000416363656D
:10CCF0006C5F5370696E646C653D00004D617853E4
:10CD0000706565645F417869735F5A3D000000009B
:10CD1000416363656C5F417869735F5A3D00000051
:10CD20004D617853706565645F417869735F583D04
:10CD300000000000416363656C5F417869735F5870
:10CD40003D0000004D617853706565645F4178690E
:10CD5000735F4D333D000000416363656C5F417854
:10CD600069735F4D333D00004D61785370656564B4
:10CD70005F417869735F4D343D0000004163636536
:10CD80006C5F417869735F4D343D00005B4D6169B4
:10CD90006E5D00003B204178697320496473203A3E
:10CDA000205370696E646C65203D20302C205A2021
:10CDB0003D20312C2058203D20322C204D33203D69
:10CDC00020332C204D34203D2034000041786973FD
:10CDD00049643D00256C640053706565645065725C
:10CDE00063656E746167655F5370696E646C653D01
:10CDF000000000004D617853706565645F5A3D0026
:10CE0000416363656C5F5A3D0000000053706565C7
:10CE10006450657263656E746167655F5A3D0000BA
:10CE20004D617853706565645F583D00416363658B
:10CE30006C5F583D0000000053706565645065727A
:10CE400063656E746167655F583D00004D6178539E
:10CE5000706565645F4D333D0000000041636365AC
:10CE60006C5F4D333D000000537065656450657222
:10CE700063656E746167655F4D333D004D61785346
:10CE8000706565645F4D343D00000000416363657B
:10CE90006C5F4D343D0000005370656564506572F1
:10CEA00063656E746167655F4D343D005B4D756C05
:10CEB000746953796E635D003B53657474696E6782
:10CEC00073206172652073686172656420626574A5
:10CED0007765656E204F6E6520616E64204D756CC0
:10CEE000746953796E632070616765732E0000006A
:10CEF0003B436865636B6564206178657320414ED0
:10CF000044656420746F67657468657220616E643F
:10CF10002073746F72656420696E206F6E65207671
:10CF200061726961626C652E000000004368656390
:10CF30006B65645F417865734944733D0000000090
:10CF400054617267657444697374616E63655F539D
:10CF500070696E646C653D002D2D2D2D2D2D2D2DB0
:10CF60002D2D2D2D2D2D2D2D2D2D2D2D2D2D2D2DF1
:10CF70002D2D2D2D2D2D2D2D2D2D636F6E66696779
:10CF80004D756C74692E77617665735F5370696E49
:10CF9000646C650057617665735F5370696E646C8D
:10CFA000653D00003B204357203D20322C20434369
:10CFB00057203D2033000000446972656374696F37
:10CFC0006E5F5370696E646C653D320044697265D2
:10CFD0006374696F6E5F5370696E646C653D330096
:10CFE00054617267657444697374616E63655F5AF6
:10CFF0003D00000057617665735F5A3D00000000F8
:10D000003B2052696768743D322C204C6566743D44
:10D0100033000000446972656374696F6E5F5A3D46
:10D0200032000000446972656374696F6E5F5A3D37
:10D030003300000054617267657444697374616EF3
:10D0400063655F583D00000057617665735F583D2A
:10D0500000000000446972656374696F6E5F583D3B
:10D0600032000000446972656374696F6E5F583DF9
:10D070003300000054617267657444697374616EB3
:10D0800063655F4D333D000057617665735F4D33D7
:10D090003D0000003B20526967687420616E642087
:10D0A0004357203D20322C204C65667420616E640D
:10D0B00020434357203D203300000000446972653F
:10D0C0006374696F6E5F4D333D3200004469726571
:10D0D0006374696F6E5F4D333D3300005461726756
:10D0E000657444697374616E63655F4D343D00001F
:10D0F00057617665735F4D343D0000004469726589
:10D100006374696F6E5F4D343D320000446972652F
:10D110006374696F6E5F4D343D3300005B496E642C
:10D1200065785D003B204178697320496473203A3B
:10D13000205370696E646C65203D20302C20204D9A
:10D1400033203D20332C204D34203D20340000007E
:10D15000496E64657849643D000000003B205379C6
:10D160006E6368726F6E697A65204D33616E6420FC
:10D170005370696E646C650053796E6368726F5F9B
:10D180004D335F616E645F5370696E646C653D0022
:10D1900053796E6368726F5F50657263656E746118
:10D1A00067653D003B204D33000000003B204D34BF
:10D1B000000000003B202D2D2D2D2D2D2D2D2D2D52
:10D1C0002D2D2D2D2D2D202D000000003B20496EF2
:10D1D00064657820310000003B20446976697369FA
:10D1E0006F6E3A30202044656772656573203A207F
:10D1F000310000004469766973696F6E734F724441
:10D200006567726565735F313D0000003B204669CC
:10D210007865643A30202046696C65203A203100F8
:10D2200046697865644F7246696C655F313D000000
:10D2300053697A655F313D003B20496E6465782013
:10D24000320000004469766973696F6E734F7244EF
:10D250006567726565735F323D00000046697865F9
:10D26000644F7246696C655F323D000053697A65B0
:10D270005F323D003B20496E64657820330000003A
:10D280004469766973696F6E734F7244656772653E
:10D2900065735F333D00000046697865644F7246F0
:10D2A000696C655F333D000053697A655F333D000B
:10D2B0003B20496E6465782034000000446976693B
:10D2C00073696F6E734F72446567726565735F341F
:10D2D0003D00000046697865644F7246696C655F81
:10D2E000343D000053697A655F343D003B20496E50
:10D2F00064657820350000004469766973696F6E53
:10D30000734F72446567726565735F353D00000059
:10D3100046697865644F7246696C655F353D00000B
:10D3200053697A655F353D005B4D6F76655D000042
:10D3300044697374616E63655F5A313D000000009B
:10D3400044697374616E63655F5A323D000000008A
:10D3500044697374616E63655F58313D000000007D
:10D3600044697374616E63655F58323D000000006C
:10D3700044697374616E63655F4D33202D20313DC8
:10D380000000000044697374616E63655F4D332073
:10D390002D20323D0000000044697374616E6365A6
:10D3A0005F4D34202D20313D00000000446973742E
:10D3B000616E63655F4D34202D20323D000000001A
:10D3C0005B5368617265645D000000003B2053653B
:10D3D0007474696E67732073686172656420626536
:10D3E000747765656E0000003B204D61696E2C20EE
:10D3F00053796E632C2052656369702C20526F73D1
:10D40000652C20477265656B204B65792C20616E19
:10D41000642050726F6772616D2070616765730080
:10D420003B2053796E6368726F6E697A65204D3365
:10D4300020616E64205370696E646C6500000000AA
:10D440003B2053796E632C2052656369702C204712
:10D450007265656B204B65792C20616E642050727B
:10D460006F6772616D207061676573003B20526168
:10D470006469616C3D302C20417869616C3D3100FC
:10D4800052616469616C5F417869616C3D000000C4
:10D490005B53796E635D00003B205265766F6C755F
:10D4A00074696F6E73203D20302C2044656772656F
:10D4B0006573203D203100005265766F6C7574698C
:10D4C0006F6E735F6F725F446567726565733D0071
:10D4D0005265766F6C7574696F6E733D0000000065
:10D4E0003B2048656C69782054797065203A204C5F
:10D4F000656674203D20302C205269676874203D99
:10D500002031000048656C6978547970653D0000F1
:10D510005B52656369705D003B205374796C6520D4
:10D52000313D457175616C20416E676C652C203210
:10D530003D5371756172652C20333D536177746F73
:10D540006F7468005374796C653D00003B20526134
:10D550006469616C0000000052616469616C5F572E
:10D56000617665733D00000052616469616C5F53D0
:10D5700070696E646C655F446567726565733D00D4
:10D5800052616469616C5F417869735F416D706C71
:10D5900069747564653D00003B20417869616C00E9
:10D5A000417869616C5F57617665733D00000000EA
:10D5B000417869616C5F5370696E646C655F416D41
:10D5C000706C69747564653D0000000041786961A4
:10D5D0006C5F417869735F44697374616E63653D24
:10D5E00000000000526574726F5370696E646C6560
:10D5F00044697374616E63653D0000005265747226
:10D600006F4178697344697374616E63653D0000AE
:10D610003B204E6F204C617374205365676D656EBF
:10D6200074203A204E6F6E65203D20312C205365CA
:10D63000676D656E74203D20300000004E6F4C61B8
:10D6400073744C65673D00005B477265656B4B65A5
:10D65000795D00003B205061747465726E5479707E
:10D66000653A203461203A20322C203462203A205E
:10D67000332C203361203A20362C203362203A208C
:10D68000372C203261203A20342C203262203A207C
:10D69000350000005061747465726E547970653D98
:10D6A000000000005061747465726E7350657233CF
:10D6B00036303D005061747465726E436F756E74E0
:10D6C0003D0000005365676D656E744C656E677450
:10D6D000683D00005B50726F6772616D5D00000015
:10D6E0003B205365676D656E74733A20322020418C
:10D6F000637475616C203A20330000005365676DD8
:10D70000656E74734F7241637475616C3D00000007
:10D710005B526F73655D0000526F73655F6E3D0015
:10D72000526F73655F643D005370696E646C65523F
:10D7300065766F6C7574696F6E733D00416D706CCA
:10D7400069747564655F5A3D00000000416D706C3E
:10D7500069747564655F583D00000000416D706C30
:10D7600069747564655F4D333D000000416D706CF8
:10D7700069747564655F4D343D0000003B456E641F
:10D7800020696E690000000053657474696E6773E8
:10D790002E696E6920436F6D706C6574652E000094
:10D7A0007669732074332C3100FFFFFF696E695F67
:10D7B00046696C654E616D653A200000496E6920CE
:10D7C00066696C652000000020646F6573206E6FD1
:10D7D00074206578697374007669732074312C3114
:10D7E00000000000696E692066696C652000000019
:10D7F000206E6F742076616C69643A20000000002E
:10D800007765706F200000002C000000627566666E
:10D8100065722D546578743A200000007061676568
:10D82000496E692E7431312E7478743D0000000009
:10D8300070616765496E692E7431322E7478743D5B
:10D840000000000070616765496E692E7431332EE7
:10D850007478743D000000002D2D2D2D2D2D2D2DC3
:10D860002D2D2D2D2D2D2D2D000000004261643A0F
:10D8700000000000202D20005061747465726E73EA
:10D880005065723336300000477265656B4B6579C1
:10D89000000000005061747465726E436F756E74A1
:10D8A000000000005365676D656E744C656E6774AB
:10D8B0006800FFFF5265766F6C7574696F6E730058
:10D8C00052616469616C5F576176657300000000A6
:10D8D000526563697000000052616469616C5F5356
:10D8E00070696E646C655F4465677265657300009E
:10D8F00052616469616C5F417869735F416D706CFE
:10D900006974756465000000417869616C5F5761F6
:10D9100076657300417869616C5F5370696E646C01
:10D92000655F416D706C697475646500417869610B
:10D930006C5F417869735F44697374616E636500FD
:10D94000526574726F4178697344697374616E6370
:10D9500065000000526574726F5370696E646C6587
:10D9600044697374616E636500FFFFFF4D61785316
:10D97000706565645F5370696E646C6500000000DB
:10D9800052657475726E7300416363656C5F5370AA
:10D99000696E646C650000004D6178537065656464
:10D9A0005F417869735F5A00416363656C5F4178DA
:10D9B00069735F5A000000004D61785370656564BB
:10D9C0005F417869735F5800416363656C5F4178BC
:10D9D00069735F58000000004D617853706565649D
:10D9E0005F417869735F4D330000000041636365F8
:10D9F0006C5F417869735F4D330000004D6178536F
:10DA0000706565645F417869735F4D3400000000A4
:10DA1000416363656C5F417869735F4D3400FFFF5C
:10DA2000537065656450657263656E746167655FA8
:10DA30005370696E646C65004D756C746953796ED2
:10DA400063000000417869734964000043686563BE
:10DA50006B65645F41786573494473005370656515
:10DA60006450657263656E746167655F5A0000009B
:10DA7000537065656450657263656E746167655F58
:10DA800058000000537065656450657263656E747C
:10DA90006167655F4D330000537065656450657262
:10DAA00063656E746167655F4D3400004D61785346
:10DAB000706565645F5A00004D61785370656564F8
:10DAC0005F5800004D617853706565645F4D3300A9
:10DAD0004D617853706565645F4D340041636365E3
:10DAE0006C5F5A00416363656C5F58004163636516
:10DAF0006C5F4D3300000000416363656C5F4D3423
:10DB00000000000054617267657444697374616E4B
:10DB100063655F5370696E646C6500005461726781
:10DB2000657444697374616E63655F5A0000000038
:10DB300054617267657444697374616E63655F589C
:10DB40000000000054617267657444697374616E0B
:10DB500063655F4D3300000054617267657444690A
:10DB60007374616E63655F4D3400000044697265D3
:10DB70006374696F6E5F5370696E646C650000005A
:10DB8000446972656374696F6E5F5A0044697265B7
:10DB90006374696F6E5F5800446972656374696F7E
:10DBA0006E5F4D3300000000446972656374696FF5
:10DBB0006E5F4D340000000057617665735F5370EF
:10DBC000696E646C6500000057617665735F5A008A
:10DBD00057617665735F580057617665735F4D33A3
:10DBE0000000000057617665735F4D3400FFFFFF52
:10DBF000536861726564000052616469616C5F41E1
:10DC00007869616C0000000048656C69785479702F
:10DC10006500000053796E6368726F5F4D335F611A
:10DC20006E645F5370696E646C65000053796E6357
:10DC300068726F5F50657263656E7461676500FF3F
:10DC4000526F73655F6E0000526F73655F64000012
:10DC50005370696E646C655265766F6C7574696F2C
:10DC60006E730000416D706C69747564655F5A0075
:10DC7000416D706C69747564655F5800416D706CBE
:10DC800069747564655F4D3300000000416D706C10
:10DC900069747564655F4D3400FFFFFF44697374F8
:10DCA000616E63655F5A310044697374616E6365C8
:10DCB0005F5A320044697374616E63655F58310066
:10DCC00044697374616E63655F58320044697374AC
:10DCD000616E63655F4D332D3100000044697374DC
:10DCE000616E63655F4D332D3200000044697374CB
:10DCF000616E63655F4D342D3100000044697374BB
:10DD0000616E63655F4D342D3200FFFF5365676DB3
:10DD1000656E74734F7241637475616C000000002E
:10DD20005061747465726E54797065005374796CC7
:10DD30006500FFFF496E6465784964004175786944
:10DD40006C6C6172795F50696E000000507265669C
:10DD50006572656E636573004469766973696F6E99
:10DD6000734F72446567726565735F310000000030
:10DD700046697865644F7246696C655F31000000E2
:10DD800053697A655F31000072657475726E566111
:10DD90006C3A202000000000636F6E666967496E70
:10DDA0006465785F312E73697A65496E5374657066
:10DDB000733A2000636F6E666967496E6465785FC9
:10DDC000312E73697A65496E556E6974733A200015
:10DDD0004469766973696F6E734F724465677265E3
:10DDE00065735F320000000046697865644F7246D3
:10DDF000696C655F3200000053697A655F3200002C
:10DE0000636F6E666967496E6465785F322E736909
:10DE10007A65496E53746570733A2000636F6E665D
:10DE20006967496E6465785F322E73697A65496EF9
:10DE3000556E6974733A20004469766973696F6E30
:10DE4000734F72446567726565735F33000000004D
:10DE500046697865644F7246696C655F33000000FF
:10DE600053697A655F3300004469766973696F6E40
:10DE7000734F72446567726565735F34000000001C
:10DE800046697865644F7246696C655F34000000CE
:10DE900053697A655F3400004469766973696F6E0F
:10DEA000734F72446567726565735F3500000000EB
:10DEB00046697865644F7246696C655F350000009D
:10DEC00053697A655F3500FF4D61696E000000009F
:10DED00056656E646F72496400FFFFFF506F6C619E
:10DEE000726974795F4D3400506F6C617269747936
:10DEF0005F5370696E646C65000000005261646974
:10DF0000616C4F724C696E65616C5F4D340000004E
:10DF1000506F6C61726974795F5A0000506F6C6168
:10DF2000726974795F416C7458000000506F6C61C5
:10DF3000726974795F5800004E6F4C6173744C6560
:10DF400067000000506F6C61726974795F4D330037
:10DF50004E432D4E4F0000004C696D6974730000F4
:10DF600052616469616C4F724C696E65616C5F4DA2
:10DF7000330000004B656570537465707065727393
:10DF8000456E61626C6564004D6963726F737465A0
:10DF900070735F5370696E646C65000053746570D4
:10DFA000735065723336305F5370696E646C650010
:10DFB00047656172526174696F5F5370696E646C1A
:10DFC000650000004D6963726F73746570735F5A0A
:10DFD0000000000053746570735065723336305F13
:10DFE0005A00000044697374616E63655065723352
:10DFF00036305F5A000000007765706F20302C319A
:10E00000383800004D6963726F73746570735F58C0
:10E010000000000053746570735065723336305FD2
:10E020005800000044697374616E63655065723313
:10E0300036305F58000000004D6963726F7374657D
:10E0400070735F416C7458005374657073506572DF
:10E050003336305F416C74580000000044697374BB
:10E06000616E63655065723336305F416C74580081
:10E070004D6963726F73746570735F4D3300000098
:10E0800053746570735065723336305F4D330000E2
:10E0900047656172526174696F5F4D330000000023
:10E0A00044697374616E63655065723336305F4DD9
:10E0B000330000004D335261646975730000000045
:10E0C0004D6963726F73746570735F4D3400000047
:10E0D00053746570735065723336305F4D34000091
:10E0E00047656172526174696F5F4D3400000000D2
:10E0F000636F6E66696753657475702E67656172CC
:10E10000526174696F5F417869734D343A20200021
:10E110006C6B6A7364613B6C6A6173646C3B666BC5
:10E120006A73613B6C646B666A613B736C6A6661BF
:10E130006C733B6B6A666C613B736B6A666C3B73BA
:10E14000616B6A66617364663B6C6B736A646600DC
:10E1500044697374616E63655065723336305F4D28
:10E16000340000004D3452616469757300FFFFFF95
:10E170004D696E5F4D3300004D61785F4D33000097
:10E180006553746F7000000053746F705370696E44
:10E19000646C65004D696E5F5A0000004D61785FE8
:10E1A0005A0000004D696E5F580000004D61785FB5
:10E1B000580000004D696E5F4D3400002D2D2D2D4F
:10E1C0002D2D2D2D2D52657475726E56616C2D2D71
:10E1D0002D2D2D2D2D2D2D2D2D2D2D2D2D2D2D2D6F
:10E1E0002D2D2D2D2D2D2D2D2D2D2D2D2D4D696EC2
:10E1F0005F4D343A000000002D2D2D2D2D2D2D2D9D
:10E200002D2D2D2D2D2D2D2D2D2D2D2D2D2D2D2D3E
:10E210002D2D2D2D2D2D2D2D2D2D2D2D2D2D2D2D2E
:10E2200076616C7565303A004D61785F4D3400FF62
:10E23000496E692066696C6520666F756E642E2E66
:10E240002E2E2E2E000000004E6F20436172642E91
:10E250002E2E2E2E2E2E2E2E2E2E2E2E2E2E2E2EDE
:10E26000000000007669732067302C3100FFFFFF4B
:10E270006274302E62636F3D3535373135000000F2
:10E280006274322E62636F3D3535373135000000E0
:10E290006274332E62636F3D3535373135000000CF
:10E2A000706167654D61696E2E6274342E62636FB2
:10E2B0003D35353731350000706167654D61696EF8
:10E2C0002E6274342E76616C3D300000706167659B
:10E2D0004D61696E2E6274352E62636F3D35353740
:10E2E00031350000706167654D61696E2E6274356D
:10E2F0002E76616C3D300000706167654D61696E1E
:10E300002E6274362E62636F3D353537313500002D
:10E31000706167654D61696E2E6274362E76616C30
:10E320003D300000706167654D61696E2E62743723
:10E330002E62636F3D35353731350000706167659A
:10E340004D61696E2E6274372E76616C3D3000002F
:10E35000706167654D61696E2E6274302E62636F05
:10E360003D35353731350000706167654D61696E47
:10E370002E6274302E76616C3D30000070616765EE
:10E380004D61696E2E6274312E62636F3D35353793
:10E3900031350000706167654D61696E2E627431C0
:10E3A0002E76616C3D300000706167654D61696E6D
:10E3B0002E6274322E62636F3D3535373135000081
:10E3C000706167654D61696E2E6274322E76616C84
:10E3D0003D300000706167654D61696E2E62743377
:10E3E0002E62636F3D3535373135000070616765EA
:10E3F0004D61696E2E6274332E76616C3D30000083
:10E40000706167654D61696E2E7661322E76616C42
:10E410003D313000706167654D756C74692E6274B2
:10E42000313030312E62636F3D3535373135000084
:10E43000706167654D756C74692E6274313030316E
:10E440002E76616C3D300000706167654D756C74AF
:10E45000692E6274313030322E62636F3D3535374C
:10E4600031350000706167654D756C74692E62749A
:10E47000313030322E76616C3D300000706167655E
:10E480004D756C74692E6274313030332E62636F57
:10E490003D35353731350000706167654D756C74F9
:10E4A000692E6274313030332E76616C3D3000005D
:10E4B000706167654D756C74692E627431303034EB
:10E4C0002E62636F3D353537313500007061676509
:10E4D0004D756C74692E6274313030342E76616CF7
:10E4E0003D300000706167654D756C74692E627413
:10E4F000313030302E62636F3D35353731350000B5
:10E50000706167654D756C74692E6274313030309E
:10E510002E76616C3D300000706167654D756C74DE
:10E52000692E6274302E62636F3D353537313500A8
:10E53000706167654D756C74692E6274302E7661FA
:10E540006C3D3000706167654D756C74692E627446
:10E55000312E62636F3D3535373135007061676547
:10E560004D756C74692E6274312E76616C3D30008D
:10E57000706167654D756C74692E6274322E6263CA
:10E580006F3D353537313500706167654D756C7499
:10E59000692E6274322E76616C3D30007061676561
:10E5A0004D756C74692E7661302E76616C3D31301C
:10E5B0000000000070616765496E646578000000C6
:10E5C000706167654D6F766500000000706167657A
:10E5D00053796E63000000007061676552656300E7
:10E5E0007061676547726B007061676550726F6735
:10E5F00072616D0070616765526F736500000000A5
:10E60000706167654F6E65007061676553706C611E
:10E6100073682E76614553746F702E76616C3D3150
:10E6200000FFFFFF456E7465722052756E4F6E6578
:10E63000537465707065722E0000000031302E61D9
:10E6400078697349643A20200000000020202020CF
:10E6500020202020202020202020202020202020BA
:10E660002020202020204553746F702000000000DF
:10E67000706167654F6E652E62743330312E76613E
:10E680006C3D3000706167654F6E652E627433308B
:10E69000312E7478743D000044697361626C656466
:10E6A0000000000022FFFFFF0000000070616765AE
:10E6B0004F6E652E62743330322E76616C3D3000C1
:10E6C000706167654F6E652E62743330322E7478D8
:10E6D000743D0000706167654F6E652E6274333063
:10E6E000332E76616C3D3000706167654F6E652E2C
:10E6F00062743330332E7478743D00007061676546
:10E700004F6E652E62743330342E76616C3D30006E
:10E71000706167654F6E652E62743330342E747885
:10E72000743D0000706167654F6E652E6274333012
:10E73000302E76616C3D3000706167654F6E652EDE
:10E7400062743330302E7478743D000070616765F8
:10E750004D756C74692E6274313330312E76616C74
:10E760003D310000706167654D756C74692E62748F
:10E77000313330312E7478743D000000706167656C
:10E780004D756C74692E6274313330322E76616C43
:10E790003D300000706167654D756C74692E627460
:10E7A000313330322E7478743D000000706167653B
:10E7B0004D756C74692E6274313330332E76616C12
:10E7C0003D300000706167654D756C74692E627430
:10E7D000313330332E7478743D000000706167650A
:10E7E0004D756C74692E6274313330342E76616CE1
:10E7F0003D300000706167654D756C74692E627400
:10E80000313330342E7478743D00000070616765D8
:10E810004D756C74692E6274313330302E76616CB4
:10E820003D300000706167654D756C74692E6274CF
:10E83000313330302E7478743D00FFFF5A20496E1A
:10E84000697469616C20706F736974696F6E3A20C6
:10E85000200000005A204D617820706F7369746940
:10E860006F6E3A20200000007374617274506F73F1
:10E870006974696F6E4162735F417869733A2020F1
:10E88000000000005A20496E697469616C20706F45
:10E89000736974696F6E5F323A2020007265747517
:10E8A000726E506F736974696F6E4162735F417805
:10E8B00069733A20200000005370696E646C652013
:10E8C0004D6F7665204173796E6300007370696ED9
:10E8D000646C654D6178526F746174696F6E3A0053
:10E8E0002020202020202020202020202020202028
:10E8F000202020202020202020206C696D69745069
:10E90000696E5F4D617800002020202020202020AB
:10E9100020202020202020202020202020202020F7
:10E9200020206C696D697450696E5F4D696E0000DE
:10E93000736C6964655374657073416D706C697450
:10E94000756465202D20656E64506F736974696FFE
:10E950006E5F417869733A2000000000706167655E
:10E96000526F73652E6274332E76616C3D300000F9
:10E9700070616765526F73652E6274322E76616CBA
:10E980003D30000070616765526F73652E766130AF
:10E990002E76616C3D30000070616765526F736563
:10E9A0002E6274312E76616C3D300000656E6450CD
:10E9B0006F736974696F6E5F5370696E646C653AEA
:10E9C00000000000656E64506F736974696F6E5F5C
:10E9D000417869733A2000002D2D2D2D2D2D2D2DE0
:10E9E0002D2D2D2D2D2D2D0070616765526F7365B6
:10E9F0002E627431302E76616C3D31007061676536
:10EA0000526F73652E627431312E76616C3D310028
:10EA100070616765526F73652E627431302E766156
:10EA20006C3D300070616765526F73652E627431A2
:10EA3000302E7478743D000070616765526F7365A5
:10EA40002E627431312E76616C3D300070616765E5
:10EA5000526F73652E627431312E7478743D00FFED
:10EA60004B65657020456E61626C65642D537069FD
:10EA70006E646C653A200000706167654D61696E77
:10EA80002E627431302E76616C3D310070616765A5
:10EA90004D61696E2E627431302E76616C3D3000AE
:10EAA000706167654D61696E2E627431302E7478C5
:10EAB000743D00004B65657020456E61626C656455
:10EAC0002D5A3A20000000004B65657020456E61AC
:10EAD000626C65642D583A20000000004B6565703B
:10EAE00020456E61626C65642D4D333A2000000054
:10EAF0004B65657020456E61626C65642D4D343ADE
:10EB000020000000536574456E61626C65284944BD
:10EB10005F415849535F342C2066616C73652C202B
:10EB200074727565290000006B6565704D6F746FB8
:10EB300072456E61626C65643A000000636F6E66D8
:10EB4000696753657475702E6B6565705374657075
:10EB500070657273456E61626C65643A20000000F6
:10EB600031312E2E2E2E2E2E2E2E2E2E70616765DA
:10EB70004D61696E2E627431312E76616C3D3100CB
:10EB8000706167654D61696E2E627431312E7661F8
:10EB90006C3D3000706167654D61696E2E62743145
:10EBA000312E7478743D000031322E2E2E2E2E2EF2
:10EBB0002E2E2E2E2E2E706167654D61696E2E628F
:10EBC0007431312E76616C3D3000000031332E2ED1
:10EBD0002E2E2E2E2E2E2E2E2E2E2E2E2E6B6565AA
:10EBE000704D6F746F72456E61626C65643D31008B
:10EBF0004C696D69745F4D696E202D204343572029
:10EC00002D20547269707065643A202000FFFFFF68
:10EC1000456E74657220477265656B4B65795F4D13
:10EC20006F76655F417869732E2E2E2E2E2E2E2E36
:10EC30002E2E2E2E2E2E2E2E2E2E2E2E2E2E2E0022
:10EC40007365676D656E7453746570733A20000068
:10EC50006D756C7469706C6965723A200000000013
:10EC600054617267657453746570733A20000000D4
:10EC70003D3D3D3D3D3D3D3D3D3D3D3D3D3D3D3DC4
:10EC80003D3D3D3D3D3D3D002020477265656B4B60
:10EC900065795F4D6F766520202020202020202080
:10ECA000202020202020202020202020202020453F
:10ECB00053746F702000000053746F704772656565
:10ECC0006B4B6579282920697320747275653A0049
:10ECD00063757272656E7453706565643A200000E6
:10ECE0004178697320706F736974696F6E3A2000A0
:10ECF0002020204361736520310000002020204344
:10ED0000617365203200000020202043617365207C
:10ED10003300000020202043617365203400000090
:10ED200020202020202020202020202020202020E3
:10ED3000202020202020202020204553746F7000A8
:10ED40007061676547726B2E6274302E76616C3D20
:10ED5000300000007061676547726B2E627431305D
:10ED60002E76616C3D3000007061676547726B2ED6
:10ED7000627431302E7478743D00000070616765F4
:10ED800047726B2E627431312E76616C3D3000001B
:10ED90007061676547726B2E627431312E747874BE
:10EDA0003D0000007061676550726F6772616D2E83
:10EDB0006274312E76616C3D3000000070616765D1
:10EDC00050726F6772616D2E7661302E76616C3D88
:10EDD000300000007061676550726F6772616D2E60
:10EDE0006274302E76616C3D3000000070616765A2
:10EDF00050726F6772616D2E627431302E76616C65
:10EE00003D3000007061676550726F6772616D2EF2
:10EE1000627431302E7478743D0000007061676553
:10EE200050726F6772616D2E627431312E76616C33
:10EE30003D3000007061676550726F6772616D2EC2
:10EE4000627431312E7478743D0000007061676522
:10EE500042452E74312E7478743D000070616765F0
:10EE600042452E74322E7478743D00FF20202020FD
:10EE70002020202020202020202020202020202092
:10EE80002020202020206C696D697450696E00FF7D
:10EE90003E3E3E3E3E3E3E3E3E3E3E3E3E3E3E3E92
:10EEA0004D696E53706565642053746F703C3C3CD3
:10EEB0003C3C3C3C3C3C3C3C3C3C3C3C2000FFFF64
:10EEC000456E74657220477265656B4B65795F4D61
:10EED0006F76655F5370696E646C652E2E2E2E2ED4
:10EEE0002E2E2E2E2E2E2E2E2E2E2E2E2E2E2E2E42
:10EEF0002E2E0000746172676574537465707352CE
:10EF00006F756E6465643A20000000002D302D2D71
:10EF10002D2D2D2D2D2D2D2D2D2D2D2D2D2D2D2D21
:10EF20002D2D2D2D2D2D2D2D2D2D2D2D2D2D00006B
:10EF3000737465707065725F3120706F7369746986
:10EF40006F6E3A2000000000656E64506F73697444
:10EF5000696F6E5F5370696E646C653A20000000E3
:10EF600063756D756C61746976655F5370696E6405
:10EF70006C653A20000000002D312D2D2D2D2D2DFA
:10EF80002D2D2D2D2D2D2D2D2D2D2D2D2D2D2D2DB1
:10EF90002D2D2D2D2D2D2D2D2D2D00005E5E5E5E37
:10EFA0005E5E5E5E5E5E5E5E5E5E5E5E5E5E5E5E81
:10EFB0005E5E5E5E5E5E5E00477265656B4B6579A8
:10EFC000203461206553746F70206F72206C696DFE
:10EFD0006974207472696767657265642E2E2E2EBF
:10EFE0002E2E2E2E2E2E2E2E2E2E2E2E2E2E2E2E41
:10EFF0002E2E2E00743230302E7478743D00FFFFB8
:10F00000477265656B4B6579203462206553746F78
:10F0100070206F72206C696D697420747269676703
:10F02000657265642E2E2E2E2E2E2E2E2E2E2E2E18
:10F030002E2E2E2E2E2E2E2E2E2E2E004772656553
:10F040006B4B6579203361206553746F70206F724C
:10F05000206C696D69742074726967676572656494
:10F060002E2E2E2E2E2E2E2E2E2E2E2E2E2E2E2EC0
:10F070002E2E2E2E2E2E2E00477265656B4B657937
:10F08000203362206553746F70206F72206C696D3D
:10F090006974207472696767657265642E2E2E2EFE
:10F0A0002E2E2E2E2E2E2E2E2E2E2E2E2E2E2E2E80
:10F0B0002E2E2E00477265656B4B657920326120DC
:10F0C0006553746F70206F72206C696D6974207461
:10F0D00072696767657265642E2E2E2E2E2E2E2E77
:10F0E0002E2E2E2E2E2E2E2E2E2E2E2E2E2E2E006E
:10F0F0004449525F4343572000FFFFFF4772656555
:10F100006B4B6579203262206553746F70206F728B
:10F11000206C696D697420747269676765726564D3
:10F120002E2E2E2E2E2E2E2E2E2E2E2E2E2E2E2EFF
:10F130002E2E2E2E2E2E2E00426567696E205265D1
:10F140007475726E546F5374617274506F73697416
:10F15000696F6E28290000007374617274506F73B8
:10F160006974696F6E4162735F417869733A200018
:10F170005A20706F736974696F6E3A200000000046
:10F180006D61785370645F52657475726E5F41781B
:10F1900069735F5A3A2000005820706F7369746970
:10F1A0006F6E3A2000000000706167654D6F7665F4
:10F1B0002E6274312E76616C3D300000706167659F
:10F1C0004D6F76652E7661302E76616C3D30000095
:10F1D000706167654D6F76652E6274302E76616C56
:10F1E0003D3000FF4D6F746F7250696E3A20486970
:10F1F00067680000706167654D6F76652E627432D6
:10F200002E76616C3D300000706167654D6F7665EC
:10F210002E6274332E76616C3D300000706167653C
:10F220004D6F76652E74362E7478743D00000000A4
:10F23000706167655265632E7661302E76616C3D34
:10F2400030000000706167655265632E6274312E74
:10F2500076616C3D30000000706167654D6F7665CA
:10F260002E627431312E76616C3D310070616765BC
:10F270004D6F76652E627431312E76616C3D3000B3
:10F28000706167654D6F76652E627431312E7478CA
:10F29000743D00004D6F746F7250696E3A2048697A
:10F2A00067682000636865636B6564436F756E749F
:10F2B000203A2000706167654D61696E2E7661307D
:10F2C0002E76616C3D300000636F6E6669674D613C
:10F2D000696E2E6178697349643A200073746570B1
:10F2E00070657231206178697349643A20200000AA
:10F2F00044697361626C6520417869733A2020002B
:10F30000706167654F6E652E627431302E76616C68
:10F310003D300000706167654F6E652E627431305C
:10F320002E7478743D0000006B65657053746570D1
:10F3300070657273456E61626C65643A202000FFEF
:10F340007374657073546F4D6F76655F5370696E3B
:10F35000646C653A200000007374657073546F4DDF
:10F360006F76655F4D343A2020000000696E636F50
:10F370006D696E67427974653A2000002D2D2D2D40
:10F380002D2D2D2D2D2D2D2D2D2D2D2D2D53746FFE
:10F39000707065642D2D2D2D2D2D2D2D2D2D2D2DA8
:10F3A0002D2D2D2D2D2D2D2D2D2D2D2D2D2D2D2D8D
:10F3B0002D2D2D2D2D000000456E64206C6F6F707B
:10F3C0000000000070616765496E6465782E7661A3
:10F3D000302E76616C3D300070616765496E646502
:10F3E000782E6274332E76616C3D300070616765F3
:10F3F000496E6465782E6274322E76616C3D300001
:10F4000070616765496E6465782E6274312E76612D
:10F410006C3D30007061676553796E632E766130A4
:10F420002E76616C3D3000007061676553796E63C4
:10F430002E6274312E76616C3D300000706167651C
:10F44000496E6465782E627431302E76616C3D3081
:10F450000000000070616765496E6465782E627413
:10F4600031302E7478743D0070616765496E646553
:10F47000782E627431312E76616C3D3000000000D0
:10F4800070616765496E6465782E627431312E74DF
:10F4900078743D0070616765496E6465782E6274AA
:10F4A000302E76616C3D300070616765496E646531
:10F4B000782E74372E7478743D0000007061676593
:10F4C00053796E632E62362E70636F3D30000000FC
:10F4D0007061676553796E632E62352E70636F3D80
:10F4E0003000FFFF456E746572204D756C74695F66
:10F4F00053696D756C74616E656F75735461726775
:10F5000065747300312E77617665436F756E743A5A
:10F5100020000000312E636F6E6669674D756C7454
:10F52000692E77617665735F5A3A2000322E636FD9
:10F530006E6669674D756C74692E77617665735F69
:10F540005A3A2000322E77617665436F756E743AB1
:10F5500020000000332E636F6E6669674D756C7412
:10F56000692E77617665735F5A3A2000332E776192
:10F570007665436F756E743A20000000342E776113
:10F580007665436F756E743A20000000352E776102
:10F590007665436F756E743A20000000312D4D334F
:10F5A0002073746570733A2000000000312D4D33D4
:10F5B0002073706565643A2000000000362E776184
:10F5C0007665436F756E743A20000000322D4D331E
:10F5D0002073746570733A2000000000636F6E66DC
:10F5E00069674D756C74692E77617665735F4D330D
:10F5F0003A200000372E77617665436F756E743A56
:10F6000020000000332D4D332073746570733A2051
:10F6100000000000312D4D3320656E61626C656421
:10F620003F200000382E77617665436F756E743A1F
:10F6300020000000392E77617665436F756E743A4D
:10F640002000000031302E77617665436F756E744F
:10F650003A20000031312E77617665436F756E7404
:10F660003A20000031322E77617665436F756E74F3
:10F670003A200000312D5370696E646C65207374FC
:10F680006570733A2000000031332E776176654350
:10F690006F756E743A200000322D5370696E646C81
:10F6A000652073746570733A20000000322D53702A
:10F6B000696E646C652073706565643A20000000B3
:10F6C00031342E77617665436F756E743A20000091
:10F6D000332D5370696E646C652073746570733A72
:10F6E0002000000031352E77617665436F756E74AA
:10F6F0003A20000031362E77617665436F756E745F
:10F700003A2000005370696E646C6520656E61621A
:10F710006C65643F2000000031372E7761766543C9
:10F720006F756E743A2000002D2D2D2D2D2D2D2D51
:10F730002D2D2D2D2D2D2D2D2D2D2D2D2D2D2D2DF9
:10F740002D2D2D2D2D2D2D2D2D2D2D2D2D2D2D2DE9
:10F7500020693A200000000031382E20776176655C
:10F76000436F756E743A20007374657073546F4DF7
:10F770006F76655F313A20006D6F76654173796E03
:10F780006300000020202020202020202020202096
:10F7900020202020202020202020202020206C69D4
:10F7A0006D697450696E5F4D696E5F313A2020005B
:10F7B0002020202020202020202020202020202049
:10F7C000202020202020202020206C696D6974508A
:10F7D000696E5F4D61785F320000000020202020BC
:10F7E0002020202020202020202020202020202019
:10F7F0002020202020206C696D697450696E5F4D57
:10F80000696E5F3200000000202020202020202090
:10F8100020202020202020202020202020202020E8
:10F8200020206C696D697450696E5F4D61785F333B
:10F830000000000020202020202020202020202048
:10F8400020202020202020202020202020206C6923
:10F850006D697450696E5F4D696E5F330000000022
:10F860002020202020202020202020202020202098
:10F87000202020202020202020206C696D697450D9
:10F88000696E5F4D61785F34000000002020202009
:10F890002020202020202020202020202020202068
:10F8A0002020202020206C696D697450696E5F4DA6
:10F8B000696E5F34000000004553746F703A202079
:10F8C00000000000706167654D756C74692E62748C
:10F8D000313330312E76616C3D30000070616765E8
:10F8E0004D756C74692E6274313430342E76616CCF
:10F8F0003D300000706167654D756C74692E6274EF
:10F90000313430342E7478743D00000070616765C6
:10F910004D756C74692E7661302E76616C3D3000C9
:10F920002043616C6C20426567696E4D6574686F39
:10F930006453657474696E677300000020456E64DB
:10F9400020426567696E4D6574686F6453657474B1
:10F95000696E6773000000004178697353746570C5
:10F96000733A20007061676553796E632E62743359
:10F970002E70636F3D3000007061676553796E6370
:10F980002E6274332E76616C3D30000070616765C5
:10F9900053796E632E6274322E76616C3D300000B6
:10F9A00073746570706572506F736974696F6E5FA0
:10F9B000313A200073746570706572506F736974AA
:10F9C000696F6E5F333A20007061676553796E63CB
:10F9D0002E627431302E76616C3D31007061676546
:10F9E00053796E632E627431312E76616C3D310035
:10F9F0007061676553796E632E627431302E766163
:10FA00006C3D30007061676553796E632E627431AE
:10FA1000302E7478743D00007061676553796E63B1
:10FA20002E627431312E76616C3D300070616765F5
:10FA300053796E632E627431312E7478743D00FFF9
:10FA400073746570706572315F737465703A2020ED
:10FA50000000000073746570706572315F646972D4
:10FA60003A20200073746570706572325F7374653C
:10FA7000703A202000000000737465707065723267
:10FA80005F6469723A202000737465707065723328
:10FA90005F737465703A2020000000007374657015
:10FAA000706572335F6469723A2020007374657008
:10FAB000706572345F737465703A20200000000036
:10FAC00073746570706572345F6469723A202000E7
:10FAD00073746570706572355F737465703A202059
:10FAE0000000000073746570706572355F64697240
:10FAF0003A2020007374657070657249645F313A12
:10FB0000202000007374657070657249645F323A3A
:10FB1000202000007374657070657249645F333A29
:10FB2000202000007374657070657249645F343A18
:10FB3000202000007374657070657249645F353A07
:10FB400020200000636F6E6669674D756C74692EC6
:10FB50006178697349643A20000000004469736168
:10FB6000626C65205A3A20200000000070616765D1
:10FB70004F6E652E6274312E76616C3D3000000050
:10FB8000706167654F6E652E7661302E76616C3DD3
:10FB900030000000706167654F6E652E6274302E14
:10FBA00076616C3D3000000070616765526F73656F
:10FBB0002E6274302E76616C3D3000007061676596
:10FBC00053796E632E6274302E76616C3D30000086
:10FBD000706167655265632E6274302E76616C3D8C
:10FBE00030000000706167655265632E62743130C9
:10FBF0002E76616C3D300000706167655265632E42
:10FC0000627431302E7478743D0000007061676555
:10FC10005265632E627431312E76616C3D30000086
:10FC2000706167655265632E627431312E74787429
:10FC30003D00FFFF726574726F41786973436861BC
:10FC40006E676553746570733A200000636F6E666B
:10FC500069675265632E726574726F5F417869736C
:10FC60004368616E67653A20000000002E2E2E2E3C
:10FC70002E2E2E2E2E2E2E2E2E2E2E2E693A0000B9
:10FC80006C65673A2000000073746570735F537091
:10FC9000696E646C653A200073746570735F4178B7
:10FCA00069733A2000000000302E20737465707371
:10FCB0005F417869733A0000322E20737465707367
:10FCC0005F417869733A00007370696E646C6553C4
:10FCD000746570735F4E6578743A2000617869735B
:10FCE00053746570735F4E6578743A2000000000AD
:10FCF000456E64204C6F6F702D2D2D2D2D2D2D2DCB
:10FD00002D2D2D2D2D2D2D2D2D2D2D2D2D2D2D2D23
:10FD10002D2D2D2D2D2D2D2D2D2D2D2D2D2D3A2013
:10FD2000000000003E3E73746570735F5370696E2F
:10FD3000646C653A000000003E3E73746570735F4A
:10FD4000417869733A0000002020202020202020E4
:10FD500020202020202020202020202020202020A3
:10FD6000206C696D697450696E5F4D6178000000A8
:10FD7000737465707065725370696E646C652E671C
:10FD80006574506F736974696F6E28293A2000009A
:10FD900073746570706572417869735F5A2E676518
:10FDA00074506F736974696F6E28293A20000000DF
:10FDB00063756D756C61746976655F5A3A200000F1
:10FDC00073746570706572506F736974696F6E5F7C
:10FDD000323A2000706167655265632E6274332E7B
:10FDE00076616C3D30000000706167655265632E7E
:10FDF0006274322E76616C3D300000007061676580
:10FE00005265632E627431302E76616C3D31000094
:10FE1000706167655265632E627431312E76616C54
:10FE20003D3100FF456E7465722050726F677261DC
:10FE30006D46726F6D46696C6500000045786974A7
:10FE400020477265656B204B65793A2046696C6581
:10FE5000206E6F7420666F756E6400007061676558
:10FE600050726F6772616D2E7446696C654E616D7C
:10FE7000652E7478743D000045786974204772657A
:10FE8000656B204B65793A2042616420436F6D6D4C
:10FE9000616E64007061676550726F6772616D2E8C
:10FEA0007432322E7478743D000000007061676512
:10FEB00050726F6772616D2E7432312E7478743D9A
:10FEC00000000000636F6E666967477265656B4B83
:10FED00065792E7365676D656E744C656E677468C1
:10FEE0005F46696C653A0000636F6E6669675365CB
:10FEF0007475702E64697374616E636550657252B7
:10FF000065765F417869735A3A000000636F6E66E8
:10FF1000696753657475702E73746570733336300A
:10FF20005F417869735F5A3A00000000636F6E6644
:10FF3000696753657475702E6D6963726F7374654C
:10FF400070735F417869735F5A3A000073686F722B
:10FF5000745365676D656E74537465707341786929
:10FF6000735A3A003E3E3E3E3E626164436F6D6DA1
:10FF7000616E642056616C75653A202000000000B7
:10FF80007061676550726F6772616D2E7431352EC6
:10FF90007478743D00000000706167654D6F766590
:10FFA0002E7431302E7478743D000000460000003D
:10FFB00048000000470000005200000070616765C3
:10FFC00050726F6772616D2E7434302E7478743D88
:10FFD000000000004A0000004E0000004B0000003E
:10FFE0005700000045786974496E6E6572466F72FD
:10FFF0004C6F6F703E3E3E3E3E3E3E3E0000000077
:020000025000AC
:100000007061676550726F6772616D2E6274332E16
:1000100076616C3D300000007061676550726F67FB
:1000200072616D2E6274322E76616C3D300000007C
:100030007061676550726F6772616D2E62743130E6
:100040002E76616C3D3100007061676550726F679C
:1000500072616D2E627431312E76616C3D3100FF1C
:100060005344206973206E6F742070726573656EDF
:1000700074206F72206E6F7420696E697469616C90
:10008000696C7A65642E00FF312E73657269616C4C
:1000900049643A2000000000332E73657269616C78
:1000A00049643A200000000073657269616C49641C
:1000B0003A2000007061676543616C6C6572496449
:1000C0003A0000004D617853706565643A20200065
:1000D000416363656C3A202000000000636F6E6628
:1000E00069674D756C74692E77617665735F5370BF
:1000F000696E646C653A2000636F6E6669674D7562
:100100006C74692E77617665735F5A3A200000003F
:10011000636F6E6669674D756C74692E776176657D
:10012000735F583A20000000636F6E6669674D7513
:100130006C74692E77617665735F4D343A200000E8
:10014000636F6E6669675265632E726574726F5F66
:100150005370696E646C654368616E67650000008A
:1001600052657374617274206D6963726F534420B9
:10017000706F7274000000002020202020202020BA
:100180002020202020202020202020313233342025
:100190002020202020202020202020207061676542
:1001A00043616C6C657249643A202000312E61789D
:1001B000697349643A20200020202020202020203C
:1001C00020202020202035363720202020202020ED
:1001D000202020202020202020202020636F6E66F9
:1001E00069674D61696E2E6178697349643A2020B0
:1001F000000000006D61785370645F5370696E6435
:100200006C652D2D3630303A202000006D6178531A
:1002100070645F417869735F5A2D2D3630343A200F
:10022000200000006D61785370645F417869735FEE
:10023000582D2D3630383A20200000006D6178535B
:1002400070645F417869735F4D332D2D3631323ADA
:10025000202000006D61785370645F417869735F9E
:100260004D342D2D3631363A202000006D795661FF
:100270006C2D2D4178697349643A202000000000FC
:10028000322E6178697349643A202000202020339F
:100290002E6178697349643A20200000496E6465D4
:1002A00078206178697349643A2020004178697345
:1002B0002049443A20200000496E646578313A2094
:1002C0002000000020446567726565206F7220443D
:1002D00069766973696F6E3A20200000496E646523
:1002E00078323A2020000000496E646578333A2065
:1002F00020000000496E646578343A202000000038
:10030000496E646578353A20200000006553746FAB
:10031000703A20200000000048656C69782054790C
:1003200070653A202000000068656C697854797027
:10033000653A20005365676D656E74206F722041C9
:10034000637475616C3A2020000000005061747481
:1003500065726E20436F756E743A202000000000B5
:1003600043616C6C5F37383A20202000506167652C
:1003700043616C6C657249643A20000047657446BD
:10038000696C654C6973745F53445F37383A200079
:10039000476574496E6946696C654C697374467249
:1003A0006F6D53445F37383A20000000446973741E
:1003B000616E63653A202000636F6E6669675365FE
:1003C0007475702E6B6565705374657070657273AB
:1003D000456E61626C65643A00000000496E6465B8
:1003E000782049443A2020002046696C65206F72CD
:1003F0002046697865643A202000000070616765D6
:10040000526F73652E743130332E7478743D000052
:100410006B466163746F723A200000005365676D2C
:10042000656E74204C656E6774683A202000000089
:10043000312E5265766F6C7574696F6E734F7244AE
:100440006567726565733A2020000000612E6E6555
:100450007756616C3A202000322E5265766F6C75AB
:1004600074696F6E734F72446567726565733A2085
:1004700020000000332E5265766F6C7574696F6EC4
:10048000734F72446567726565733A2020000000FF
:100490005370696E646C65205265766F6C75746913
:1004A0006F6E732D6139373A200000006361736508
:1004B00020313030204357206178697349643A20F5
:1004C00000000000636173652031303120434357E1
:1004D000206178697349643A20000000322E636F0E
:1004E0006E6669674D756C74692E746172676574A8
:1004F00044697374616E63655F583A2000000000C0
:100500002020204343573A2000000000456E7465C8
:10051000722063617365203131303A203E3E3E3EA9
:100520003E3E3E3E3E3E3E3E3E3E3E3E3E3E3E3EEB
:100530003E3E3E3E3E3E0000456E74657220636165
:100540007365203131313A203E3E3E3E3E3E3E3ED6
:100550003E3E3E3E3E3E3E3E3E3E3E3E3E3E3E3EBB
:100560003E3E000053746570732F3336303A2000DE
:100570004765617220526174696F3A200000000083
:10058000636F6E6669674F6E652E61786973496443
:100590003A200000636F6E666967496E6465785F34
:1005A0004D61696E2E696E64657849643A20000079
:1005B000636F6E6669674D6F76652E617869734902
:1005C000643A2000636F6E66696753796E632E61CB
:1005D00078697349643A2000636F6E666967526593
:1005E000632E6178697349643A200000636F6E6618
:1005F0006967477265656B4B65792E6178697349E8
:10060000643A2000636F6E666967526F73652E618E
:1006100078697349643A200074617267657444694B
:100620007374616E63655F5370696E646C653A00E4
:10063000636F6E66696753657475702E6C696D695A
:10064000745F4E436F724E4F203A000072616469CE
:10065000616C4F724C696E6561725F417869735F5E
:100660004D343A20000000006E756556616C75656A
:100670003A20202020202020202020202020202060
:100680002020202020000000636F6E66696753659C
:100690007475702E6375747465724D6F746F7250DB
:1006A000696E3A20200000004C696D6974204D612C
:1006B00078204D343A2020004C696D6974204D69D2
:1006C0006E204D343A2020007261646975734D3498
:1006D0003A2000006E657744697374616E63653A11
:1006E000200000004178697349643A20000000004E
:1006F00064697374616E63655F4D6F76655A323AF3
:100700002000000064697374616E63655F4D6F76ED
:100710006558323A20000000636173652031383536
:100720002D7061676543616C6C657249643A2000A5
:1007300063617365203138352D6D61785370645F66
:10074000617869733A200000636F6E666967496E6D
:100750006465785F4D61696E2E6D61785370645F7A
:10076000417869735F4D333A20000000706167651E
:100770004D756C74692D636F6E6669674D756C7429
:10078000692E6178697349643A200000636173657A
:10079000203138362D616363656C5F617869733A27
:1007A000200000006178697349643A002E2E2E2ED5
:1007B0002E2E2E2E2E2E2E2E2E2E2E2E2E2E2E2E59
:1007C000616363656C5F417869735F4D333A000024
:1007D0002E2E2E2E2E2E2E2E2E2E2E2E2E2E2E2E39
:1007E0002E2E2E2E616363656C5F417869735F4DB9
:1007F000343A0000636F6E666967496E6465785FBE
:100800004D61696E2E616363656C5F417869735FEA
:100810004D333A200000000020202053697A653AC9
:1008200020202000496E646578204178697349640E
:100830003A200000636F6E666967496E6465785F91
:10084000312E73697A65496E556E6974733A20204A
:1008500000000000636F6E666967496E6465785FCB
:10086000322E73697A65496E556E6974733A202029
:1008700000000000636F6E666967496E6465785FAB
:10088000332E73697A65496E556E6974733A202008
:1008900000000000636F6E666967496E6465785F8B
:1008A000342E73697A65496E556E6974733A2020E7
:1008B00000000000636F6E666967496E6465785F6B
:1008C000352E73697A65496E556E6974733A2020C6
:1008D000000000005265766F6C7574696F6E733A34
:1008E000202000005370696E646C652000000000D9
:1008F0005A200000582000004D3320004D342000C5
:1009000020646972656374696F6E3A2000000000AC
:100910005761766520446972656374696F6E3A2029
:100920002000000052616469616C206F7220417880
:1009300069616C3A202000005374796C653A0000BC
:10094000636F6E6669674D756C74692E6D756C7436
:1009500069417865734944733A2020002020204380
:10096000573A200057617665733A20200000000056
:10097000416D706C69747564653A20200000000058
:1009800043617365203231312D2D2D005A206E6563
:10099000774553657474696E673A200044656772E1
:1009A0006565733A20200000506F6C61726974793C
:1009B0003A2020004C696D6974205A204D696E3AC6
:1009C000200000004C696D6974204D696E205A3A10
:1009D000202000004C696D6974204D6178205A3ADE
:1009E000202000004C696D6974204D696E20583AD2
:1009F000202000004C696D6974204D617820583AC0
:100A0000202000004C696D6974204D696E204D33C3
:100A10003A2020004C696D6974204D6178204D3377
:100A20003A20200043617365203232362D2D2D008F
:100A300058206E65774553657474696E673A200077
:100A400043617365203232392D2D2D004D33206ED8
:100A500065774553657474696E673A20000000003D
:100A600072657475726E4178697349643A2000004A
:100A700041786973204D61785370643A200000001A
:100A80007061676553706C6173682E766153704551
:100A90006E61626C65642E76616C3D0070616765A5
:100AA00053706C6173682E766141786973456E612D
:100AB000626C65645A2E76616C3D000070616765FA
:100AC00053706C6173682E766141786973456E610D
:100AD000626C6564582E76616C3D000070616765DC
:100AE00053706C6173682E766141786973456E61ED
:100AF000626C65644D332E76616C3D007061676594
:100B000053706C6173682E766141786973456E61CC
:100B1000626C65644D342E76616C3D007061676572
:100B20004D6F72652E63332E76616C3D00000000C0
:100B3000706167654D6F72652E63352E76616C3D11
:100B400000000000706167654D6F72652E63372E7F
:100B500076616C3D00000000706167654D6F7265E5
:100B60002E63392E76616C3D000000007061676570
:100B70004D6F72652E6331312E76616C3D00000041
:100B80004D61696E204178697349643A2000000024
:100B90004F6E652F4D756C74692041786973496497
:100BA0003A2000004D6F7665204178697349643AB8
:100BB00020000000536861726564204178697349C0
:100BC000643A20005061676549643A2000000000E3
:100BD000506167652043616C6C65722049443A201E
:100BE0002000000043617365203233382D2D2D0025
:100BF0004D34206E65774553657474696E673A208D
:100C00000000000043617365203234312D2D2D002A
:100C10005370696E646C65206E65774553657474B6
:100C2000696E673A200000005061747465726E3A14
:100C300020200000526576657273652044697265F4
:100C40006374696F6E3A2020000000007061676570
:100C500047726B2E627431302E76616C3D3100002C
:100C60007061676547726B2E627431312E76616CEC
:100C70003D310000577269746553657474696E671D
:100C800073546F53440000005370696E646C6520A8
:100C90005265766F6C7574696F6E732D3235303AAC
:100CA000200000007261646975734D333A2000FFC3
:100CB00062617564733D35313230303000000000C0
:100CC000312D73657269616C49643A20000000003F
:100CD000626B636D643D3000322D73657269616CC7
:100CE00049643A2000000000332D73657269616C1D
:100CF00049643A2000FFFFFF426175643A0000003A
:100D000020202020202020202020202020202020E3
:100D100020202020202020202020202020202020D3
:100D2000656550726F6D416464726573735F4D6188
:100D3000696E3A2000000000706167654D6F726552
:100D40002E63333D31000000706167654D6F726541
:100D50002E63353D31000000706167654D6F72652F
:100D60002E63373D31000000706167654D6F72651D
:100D70002E63393D31000000706167654D6F72650B
:100D80002E6331313D310000636F6E6669675365D4
:100D90007475702E6B6565705370696E646C654513
:100DA0006E61626C65643A200000000070616765E6
:100DB00053706C6173682E74322E7478743D000029
:100DC000636F6E66696753657475702E6B656570C9
:100DD0004D34456E61626C65643A200070616765F0
:100DE00053706C6173682E74332E7478743D0000F8
:100DF000617578696C6C61727950696E206E6F7480
:100E000020656E61626C656400000000636F6E6651
:100E1000696753657475702E676561725261746994
:100E20006F5F5370696E646C653A2000636F6E6625
:100E3000696753657475702E676561725261746974
:100E40006F5F417869734D333A20000073796E63A8
:100E500068726F5F526174696F3A2000496E6974FD
:100E600069616C697A65642E2E2E000076332E310E
:100E70002E326A00000000000000000065D403006C
:100E800039C70300590400005D04000065D4030065
:100E900065D4030065D403000000000000000000DA
:100EA000510C00003D0C0000590400002D0B000007
:100EB000910B0000E10A0000290A00000000000078
:100EC00000000000510C00003D0C0000590400001F
:100ED0002D0B0000910B0000E10A0000290A000020
:100EE0000000000000000000850C0000F907000071
:100EF00059040000C90800003D080000F108000086
:100F00009D080000D51000007D11000000000000C9
:100F100000000000D90C0000190D0000C90A0000F3
:100F2000290C0000DD0B0000410A0000190B000035
:100F30000D060000F10D00004909000065090000E0
:100F4000D104000061040000BD050000590A000042
:100F500081090000810A00000907000099060000CD
:100F6000410B0000490600000000000000000000E6
:100F7000311000000000000000000000610D0000C2
:100F800065D40300B9040000000000000000000068
:100F90000000000000000000610D000029140000A6
:100FA000B9040000D9770100ED77010000000000CE
:100FB00000000000610D000015150000B9040000DC
:100FC000A9770100BD770100A1040000A50400007D
:100FD000AD040000B50400000000000000000000A7
:100FE000CD120000F53A0300B93A0300013A0300BC
:100FF000653A0300AD3903002D3B03001D3C03009F
:10100000593C0300393D0300FF0078018001430291
:10101000880187018C018B01920191019501F601F4
:10102000990198019A013D029E012002A801A701A1
:10103000AD01AC01B001AF01B901B801BD01BC0106
:10104000BF01F701C601C401C901C701CC01CA0132
:10105000DD018E01F301F101F501F4013A02652C85
:101060003C023B023E02662C4202410253028101D5
:10107000540286015602890157028A0159028F01E2
:101080005B02900160029301630294016802970180
:10109000690296016B02622C6F029C0172029D0133
:1010A00075029F017D02642C8002A6018302A901C2
:1010B0008802AE01890244028A02B1018B02B201A8
:1010C0008C0245029202B7017B03FD037C03FE0301
:1010D0007D03FF03AC038603C203A303CC038C038D
:1010E000CD038E03CE038F03F203F903F803F70356
:1010F000FB03FA03CF04C0047D1D632C511F591F4D
:10110000531F5B1F551F5D1F571F5F1F781FF81F61
:10111000791FF91FB31FBC1FCC1FC31FE51FEC1F96
:10112000FC1FF31F4E21322184218321612C602C6E
:10113000762C752C6100E01AE000E017F800E0075B
:101140000001013032010106390101104A01012E6E
:101150007901010682010104A0010106B301010425
:10116000CD010110DE010112F80101282202011255
:101170004602010AAD03DB03B103E011C303E0093A
:10118000D80301183004E0205004B010600401229C
:101190008A040136C104010ED00401446105D02641
:1011A000001E0196A01E015A001F0808101F080605
:1011B000201F0808301F0808401F0806601F080885
:1011C000701F4A02721F5604761F64027A1F700253
:1011D0007C1F7E02801F0808901F0808A01F0808B7
:1011E000B01F0802D01F0802E01F08027021F01093
:1011F000D024E61A302CD02F672C0106802C0164F5
:10120000002D002641FFE01A446576696365206978
:101210007320746F6F20736D616C6C0D0A00000099
:1012200057726974696E67204641542000000000BF
:1012300057726974696E6720757063617365207495
:1012400061626C650D0A000057726974696E6720EF
:10125000726F6F740D0A0000466F726D61742064C6
:101260006F6E650D0A000000466F726D6174206636
:1012700061696C65640D0A00455846415400FFFFE2
:1012800042616420636C757374657220636F756E60
:10129000740D0A004361726420697320746F6F20BB
:1012A000736D616C6C2E0D0A00000000466F726D4C
:1012B000617420446F6E650D0A000000466F726D08
:1012C0006174204661696C65640D0A0000000000CD
:1012D00000000000098D03000D8D0300B18B030099
:1012E00091910300C19D0300A59503003D82030079
:1012F000398D03004D9C03007D9C03002D96030057
:10130000A17A030065930300B98C0300C58C030028
:10131000A58B0300A98B0300AD8B0300D18C0300C8
:10132000E58C0300F98C0300B98F03001D8D0300C9
:10133000298E030005900300D990030000000000EF
:1013400000000000219F03002D9F0300259F030044
:101350003D9F03007DA70300ADA6030009A703007E
:10136000ADA5030065A10300BDAB0300D9AB03002D
:10137000B9AC030049A803000D9F0300119F0300AF
:10138000199F03001D9F03007DA1030069A90300AD
:10139000DDA90300C5A40300059F0300159F0300FA
:1013A000B5AA0300E5A70300BD9F030002000300E8
:1013B00004000500060008000A000C0010001400DC
:1013C0001800200028003800400060008000C000A5
:1013D00000018001000280020003FFFF0000008086
:1013E00000000180000000000000028000000100F9
:1013F00001100000000002000110010003200000A5
:10140000010002000320010004300000032002005C
:1014100003200300054000000540010006500000C5
:10142000065001000760000007600100087000001E
:1014300007600200087001003C80044000100000BA
:10144000041A0000FF7F00000F0E000019B6030011
:101450000C0827FF0002000000020000000200004C
:10146000000000000B071CFF00020000000200004B
:1014700000020000000000000D0E1B000002000032
:1014800000020000000200000A02090614171516E7
:101490000F1A2D00000200000002000000020000F0
:1014A0000002000000020000000200000002000034
:1014B0000002000000020000000200000003000023
:1014C0000101020204040808100120003C800440CD
:1014D00000200000011B0000FF7F00001110000031
:1014E00029B6030001053D3B000200000007000093
:1014F000000200000007000000153D3B0002000054
:1015000000070000000700000002000020143C005B
:10151000000200000007000000020000061F3A3E23
:101520003FFFFFFFFFFFFF00000700000002000079
:1015300000020000000200000002000000000000A5
:10154000000000000000000000000000000000009B
:101550000000000001010201040000000000000082
:10156000308004400010000001410000FF7F0000B7
:101570002726000039B603002D33FFFF00020000CC
:101580000002000000000000000000002C34FFFFFB
:101590000002000000020000000000000000000047
:1015A0002E35FF00000200000002000000000000D5
:1015B0002B3637FFFFFFFFFFFFFFFF000002000099
:1015C0000002000000020000000000000000000017
:1015D000000000000000000000000000000000000B
:1015E00000000000000000000102010000000000F7
:1015F00000000000A1040000A5040000AD040000EC
:10160000B5040000C1B70300D1B70300E1B7030080
:10161000F1B7030000FFFFFF000000000000000022
:101620004DC1030071C1030001C20300FDC10300ED
:10163000F9C10300F5C10300F1C1030015C10300A6
:10164000D1C10300CDC10300C5C10300BDC103006A
:10165000B5C10300A5C1030095C1030091C10300FA
:1016600089C1030081C10300F5C00300FDC0030070
:1016700005C103000DC1030059C1030041C10300AE
:1016800000000000000000003DC2030061C2030032
:10169000F1C20300EDC20300E9C20300E5C203008A
:1016A000E1C2030005C20300C1C20300BDC20300C2
:1016B000B5C20300ADC20300A5C2030095C203007A
:1016C00085C2030081C2030079C2030071C2030016
:1016D00015C3030035C3030055C30300F5C203005F
:1016E00049C2030031C203000000000000000000F6
:1016F000ADC30300D1C3030061C403005DC4030094
:1017000059C4030055C4030051C4030075C303004A
:1017100031C403002DC4030025C403001DC403000D
:1017200015C4030005C40300F5C30300F1C303009F
:10173000E9C30300E1C3030085C40300A5C403009B
:10174000C5C4030065C40300B9C30300A1C30300FB
:10175000E9C40300EDC40300F1C40300F5C40300B1
:101760006E616E00696E66006F7666001F1C1F1E3C
:101770001F1E1F1F1E1F1E1F00FFFFFF6FF07F0396
:101780000370037813F0800FFBD070474008FE43CE
:1017900040A004404408FE4344A004400018FE4317
:1017A00000C004403000FE43309004403400FE434B
:1017B000349004401C18FE431CC004401018FE4323
:1017C00010C004400818FE4308C004400C18FE4333
:1017D0000CC004400C10FE430CB004401010FE433B
:1017E00010B004401810FE4318B004401C10FE4313
:1017F0001CB004401410FE4314B004400418FE430F
:1018000004C004400010FE4300B004400008FE4342
:1018100000A004400408FE4304A004400C08FE435A
:101820000CA004400808FE4308A004401418FE431E
:1018300014C004401818FE4318C004400410FE43AE
:1018400004B004400810FE4308B004406820FE4382
:1018500068D004401400FE43149004403800FE4356
:10186000389004403C00FE433C9004404000FE435E
:10187000409004404808FE4348A004404C08FE4302
:101880004CA004402808FE4328A004402C08FE4336
:101890002CA004406020FE4360D004406420FE433E
:1018A00064D004402010FE4320B004402410FE43C6
:1018B00024B004402810FE4328B004402C10FE43FE
:1018C0002CB004404400FE43449004407000FE43AA
:1018D000709004407400FE43749004406800FE431E
:1018E000689004405008FE4350A004405808FE434E
:1018F00058A004405C08FE435CA004405408FE432A
:1019000054A004402018FE4320C004402418FE4385
:1019100024C004401008FE4310A004401408FE43F5
:1019200014A004403818FE4338C004403418FE4365
:1019300034C004403018FE4330C004403C18FE431D
:101940003CC004402C18FE432CC004402820FE4319
:1019500028D004402C20FE432CD004400020FE431D
:1019600000D004400420FE4304D004400820FE437D
:1019700008D004400C20FE430CD004401020FE434D
:1019800010D004401420FE4314D004400000000096
:1019900000000000B1FC0300A9FC0300A5FC03004B
:1019A000A1FC03009DFC030099FC030095FC0300CF
:1019B00091FC030000010000BC08FF1F12000000A2
:1019C000000200007808FF1F430000000003000031
:1019D000D008FF1F0000000001030904D408FF1F06
:1019E0000000000002030904EC08FF1F00000000D3
:1019F000030309040409FF1F0000000000000000A9
:101A00000000000000000000001519150000000093
:101A100000000080000FC93F000F494000CB9640F6
:101A2000000FC9400053FB4000CB164100ED2F4191
:101A3000000F49410031624100537B41003A8A4125
:101A400000CB9641005CA34100EDAF41007EBC415C
:101A5000000FC94100A0D5410031E24100C2EE4172
:101A60000053FB4100F20342003A0A420083104255
:101A700000CB164200141D42005C234200A52942FF
:101A800000ED2F4200363642007E3C4200C7424203
:101A9000000F4942A2000000F9000000830000008E
:101AA0006E0000004E000000440000001500000021
:101AB00029000000FC000000270000005700000083
:101AC000D1000000F500000034000000DD0000003F
:101AD000C0000000DB000000620000009500000074
:101AE000990000003C00000043000000900000004E
:101AF00041000000FE0000005100000063000000F3
:101B0000AB000000DE000000BB000000C5000000CC
:101B100061000000B7000000240000006E0000001B
:101B20003A000000420000004D000000D20000001A
:101B3000E000000006000000490000002E00000048
:101B4000EA00000009000000D1000000920000003F
:101B50001C000000FE0000001D000000EB00000063
:101B60001C000000B100000029000000A7000000D8
:101B70003E000000E8000000820000003500000088
:101B8000F50000002E000000BB0000004400000033
:101B900084000000E90000009C00000070000000CC
:101BA00026000000B40000005F0000007E0000007E
:101BB000410000003900000091000000D600000044
:101BC00039000000830000005300000039000000CD
:101BD000F40000009C000000840000005F00000092
:101BE0008B000000BD000000F9000000280000008C
:101BF0003B0000001F000000F800000097000000FC
:101C0000FF000000DE00000005000000980000005A
:101C10000F000000EF0000002F0000001100000086
:101C20008B0000005A0000000A0000006D00000058
:101C30001F0000006D000000360000007E00000064
:101C4000CF00000027000000CB00000009000000CA
:101C5000B70000004F000000460000003F000000F9
:101C6000660000009E0000005F000000EA00000027
:101C70002D0000007500000027000000BA000000E1
:101C8000C7000000EB000000E5000000F1000000CC
:101C90007B0000003D00000007000000390000004C
:101CA000F70000008A0000005200000092000000CF
:101CB000EA0000006B000000FB0000005F00000075
:101CC000B10000001F0000008D0000005D0000005A
:101CD0000800000056000000030000003000000073
:101CE00046000000FC0000007B0000006B000000CC
:101CF000AB000000F0000000CF000000BC000000BE
:101D0000200000009A000000F400000036000000EF
:101D10001D000000A9000000E30000009100000089
:101D2000610000005E000000E60000001B000000F3
:101D30000800000065000000990000008500000018
:101D40005F00000014000000A00000006800000018
:101D5000400000008D000000FF000000D8000000DF
:101D6000800000004D00000073000000270000000C
:101D70003100000006000000060000001500000011
:101D800056000000CA00000073000000A800000018
:101D9000C900000060000000E20000007B000000BD
:101DA000C00000008C0000006B0000000000C93F74
:101DB0000000F0390000DA370000A2330000842E62
:101DC0000000502B0000C2270000D0220000C41FDA
:101DD0000000C61B000044170400000007000000BC
:101DE000090000006E660000696E697479000000E9
:101DF000616E00FF35000000CEFBFFFFCB0300004B
:101E0000010000000000000034000000CEFBFFFFD6
:101E1000CB0300000100000000000000FFFFFFFFF7
:101E2000BC89D897B2D29C3C33A7A8D523F64939B0
:101E30003DA7F444FD0FA5329D978CCF08BA5B25D2
:101E4000436FAC6428066811002020202020202049
:101E5000202028282828282020202020202020205A
:101E6000202020202020202020881010101010106A
:101E700010101010101010101004040404040404B6
:101E80000404041010101010101041414141414150
:101E90000101010101010101010101010101010132
:101EA0000101010110101010101042424242424242
:101EB0000202020202020202020202020202020202
:101EC00002020202101010102000000000000000AA
:101ED0000000000000000000000000000000000002
:101EE00000000000000000000000000000000000F2
:101EF00000000000000000000000000000000000E2
:101F000000000000000000000000000000000000D1
:101F100000000000000000000000000000000000C1
:101F200000000000000000000000000000000000B1
:101F300000000000000000000000000000000000A1
:101F4000000000000000000000FFFFFF4C435F4363
:101F50004F4C4C41544500004C435F43545950454D
:101F6000000000004C435F4D4F4E45544152590014
:101F70004C435F4E554D4552494300004C435F541E
:101F8000494D45004C435F4D455353414745530030
:101F900042616C6C6F63207375636365656465642F
:101FA000000000002F646174612F6A656E6B696EBA
:101FB000732F776F726B73706163652F474E552D6A
:101FC000746F6F6C636861696E2F61726D2D313152
:101FD0002F7372632F6E65776C69622D63796777F3
:101FE000696E2F6E65776C69622F6C6962632F73FF
:101FF00074646C69622F6764746F612D67657468BF
:1020000065782E6300FFFFFF000000000000000065
:1020100000000000000000000000000000000000C0
:1020200000000000000000000000000000000000B0
:102030000000000000000000101112131415161704
:102040001819000000000000001A1B1C1D1E1F00B4
:102050000000000000000000000000000000000080
:102060000000000000000000001A1B1C1D1E1F00C5
:102070000000000000000000000000000000000060
:102080000000000000000000000000000000000050
:102090000000000000000000000000000000000040
:1020A0000000000000000000000000000000000030
:1020B0000000000000000000000000000000000020
:1020C0000000000000000000000000000000000010
:1020D0000000000000000000000000000000000000
:1020E00000000000000000000000000000000000F0
:1020F00000000000000000000000000000000000E0
:1021000000000000000000002F646174612F6A6508
:102110006E6B696E732F776F726B73706163652F6F
:10212000474E552D746F6F6C636861696E2F6172D5
:102130006D2D31312F7372632F6E65776C69622D4F
:1021400063796777696E2F6E65776C69622F6C694A
:1021500062632F7374646C69622F6D707265632E95
:102160006300FFFFFFFFFFFF0080E03779C34143BB
:10217000176E05B5B5B89346F5F93FE9034F384DED
:10218000321D30F94877825A3CBF737FDD4F157599
:10219000000000000000F03F0000000000002440AC
:1021A00000000000000059400000000000408F4087
:1021B000000000000088C34000000000006AF840F2
:1021C0000000000080842E4100000000D012634116
:1021D0000000000084D797410000000065CDCD418C
:1021E000000000205FA00242000000E8764837426D
:1021F000000000A2941A6D42000040E59C30A2420B
:102200000000901EC4BCD64200003426F56B0C437F
:102210000080E03779C3414300A0D8855734764326
:1022200000C84E676DC1AB43003D9160E458E14387
:10223000408CB5781DAF154450EFE2D6E41A4B44FC
:1022400092D54D06CFF08044F64AE1C7022DB54441
:10225000B49DD9794378EA440500000019000000D4
:102260007D000000494E46004E414E003031323371
:1022700034353637383961626364656600000000C2
:1022800030313233343536373839414243444546AC
:1022900000000000286E756C6C2900FF20202020B3
:1022A00020202020202020202020202030303030EE
:1022B0003030303030303030303030302C206675B7
:1022C0006E6374696F6E3A2000000000617373657D
:1022D0007274696F6E2022257322206661696C65B5
:1022E000643A2066696C6520222573222C206C6973
:1022F0006E65202564257325730A00FF496E6669A3
:102300006E697479000000004E614E002F646174A4
:10231000612F6A656E6B696E732F776F726B737066
:102320006163652F474E552D746F6F6C63686169EB
:102330006E2F61726D2D31312F7372632F6E657741
:102340006C69622D63796777696E2F6E65776C694A
:10235000622F6C6962632F7374646C69622F64749A
:102360006F612E6300FFFFFF20202020202020200F
:1023700020202020202020203030303030303030DD
:102380003030303030303030F8B500BFF8BC08BCE9
:102390009E467047B94C04003504000071DE02000F
:0C23A000E13E030049B60300FDC6030047
:0423AC00F8B500BFC1
:0823B0004CEDFE7F010000006E
:1023B8000000000002000000E2040000DC0500004C
:1023C8000E0600004006000072060000A406000089
:1023D8007805000058020000F401000084030000A2
:1023E800EE0200004C0400002C0100002C0100004B
:1023F800FFFFFFFF050000000000803F0000803F56
:102408005CAE0400A4E60400140000000000803F55
:1024180001000000010000000900000003000000A6
:1024280031000000300000003300000032000000DE
:1024380035000000340000003700000036000000BE
:1024480039000000380000002B0000002C000000BC
:102458002D0000002E0000002F00000029000000C1
:102468002016050000000000E8030000000000003E
:10247800EDF203008816050000000000E8030000E4
:1024880000000000F1F20300F01605000000000053
:10249800E803000000000000F5F203005825FF1FC4
:1024A800280000001A000000400000004000000062
:1024B80001000000280000001A0000004000000091
:1024C80009000000280000000A00000028000000A1
:1024D8001A00000040000000280000000801010167
:1024E8009419050000000000E80300000000000047
:1024F800FFFFFFFF010A040009024300020100C0B8
:10250800320904000001020201000524001001053F
:10251800240101010424020605240600010705829E
:102528000310004009040100020A00000007050327
:10253800024000000705840240000000120110015B
:1025480002000040C0168304770201020301000064
:102558000403090418035400650065006E00730045
:1025680079006400750069006E006F00160355005D
:1025780053004200200053006500720069006100AA
:102588006C0000000C0300000000000000000000C8
:102598000000000000000000000000000000000033
:1025A800000000001C09FF1F1C09FF1F2409FF1F52
:1025B8002409FF1F2C09FF1F2C09FF1F3409FF1FC7
:1025C8003409FF1F3C09FF1F3C09FF1F4409FF1F77
:1025D8004409FF1F4C09FF1F4C09FF1F5409FF1F27
:1025E8005409FF1F5C09FF1F5C09FF1F6409FF1FD7
:1025F8006409FF1F6C09FF1F6C09FF1F7409FF1F87
:102608007409FF1F7C09FF1F7C09FF1F8409FF1F36
:102618008409FF1F8C09FF1F8C09FF1F9409FF1FE6
:102628009409FF1F9C09FF1F9C09FF1FA409FF1F96
:10263800A409FF1FAC09FF1FAC09FF1FB409FF1F46
:10264800B409FF1FBC09FF1FBC09FF1FC409FF1FF6
:10265800C409FF1FCC09FF1FCC09FF1FD409FF1FA6
:10266800D409FF1FDC09FF1FDC09FF1FE409FF1F56
:10267800E409FF1FEC09FF1FEC09FF1FF409FF1F06
:10268800F409FF1FFC09FF1FFC09FF1F040AFF1FB5
:10269800040AFF1F0C0AFF1F0C0AFF1F140AFF1F62
:1026A800140AFF1F1C0AFF1F1C0AFF1F240AFF1F12
:1026B800240AFF1F2C0AFF1F2C0AFF1F340AFF1FC2
:1026C800340AFF1F3C0AFF1F3C0AFF1F440AFF1F72
:1026D800440AFF1F4C0AFF1F4C0AFF1F540AFF1F22
:1026E800540AFF1F5C0AFF1F5C0AFF1F640AFF1FD2
:1026F800640AFF1F6C0AFF1F6C0AFF1F740AFF1F82
:10270800740AFF1F7C0AFF1F7C0AFF1F840AFF1F31
:10271800840AFF1F8C0AFF1F8C0AFF1F940AFF1FE1
:10272800940AFF1F9C0AFF1F9C0AFF1FA40AFF1F91
:10273800A40AFF1FAC0AFF1FAC0AFF1FB40AFF1F41
:10274800B40AFF1FBC0AFF1FBC0AFF1FC40AFF1FF1
:10275800C40AFF1FCC0AFF1FCC0AFF1FD40AFF1FA1
:10276800D40AFF1FDC0AFF1FDC0AFF1FE40AFF1F51
:10277800E40AFF1FEC0AFF1FEC0AFF1FF40AFF1F01
:10278800F40AFF1FFC0AFF1FFC0AFF1F040BFF1FB0
:10279800040BFF1F0C0BFF1F0C0BFF1F140BFF1F5D
:1027A800140BFF1F1C0BFF1F1C0BFF1F240BFF1F0D
:1027B800240BFF1F2C0BFF1F2C0BFF1F340BFF1FBD
:1027C800340BFF1F3C0BFF1F3C0BFF1F440BFF1F6D
:1027D800440BFF1F4C0BFF1F4C0BFF1F540BFF1F1D
:1027E800540BFF1F5C0BFF1F5C0BFF1F640BFF1FCD
:1027F800640BFF1F6C0BFF1F6C0BFF1F740BFF1F7D
:10280800740BFF1F7C0BFF1F7C0BFF1F840BFF1F2C
:10281800840BFF1F8C0BFF1F8C0BFF1F940BFF1FDC
:10282800940BFF1F9C0BFF1F9C0BFF1FA40BFF1F8C
:10283800A40BFF1FAC0BFF1FAC0BFF1FB40BFF1F3C
:10284800B40BFF1FBC0BFF1FBC0BFF1FC40BFF1FEC
:10285800C40BFF1FCC0BFF1FCC0BFF1FD40BFF1F9C
:10286800D40BFF1FDC0BFF1FDC0BFF1FE40BFF1F4C
:10287800E40BFF1FEC0BFF1FEC0BFF1FF40BFF1FFC
:10288800F40BFF1FFC0BFF1FFC0BFF1F040CFF1FAB
:10289800040CFF1F0C0CFF1F0C0CFF1F140CFF1F58
:1028A800140CFF1F1C0CFF1F1C0CFF1F240CFF1F08
:1028B800240CFF1F2C0CFF1F2C0CFF1F340CFF1FB8
:1028C800340CFF1F3C0CFF1F3C0CFF1F440CFF1F68
:1028D800440CFF1F4C0CFF1F4C0CFF1F540CFF1F18
:1028E800540CFF1F5C0CFF1F5C0CFF1F640CFF1FC8
:1028F800640CFF1F6C0CFF1F6C0CFF1F740CFF1F78
:10290800740CFF1F7C0CFF1F7C0CFF1F840CFF1F27
:10291800840CFF1F8C0CFF1F8C0CFF1F940CFF1FD7
:10292800940CFF1F9C0CFF1F9C0CFF1FA40CFF1F87
:10293800A40CFF1FAC0CFF1FAC0CFF1FB40CFF1F37
:10294800B40CFF1FBC0CFF1FBC0CFF1FC40CFF1FE7
:10295800C40CFF1FCC0CFF1FCC0CFF1FD40CFF1F97
:10296800D40CFF1FDC0CFF1FDC0CFF1FE40CFF1F47
:10297800E40CFF1FEC0CFF1FEC0CFF1FF40CFF1FF7
:10298800F40CFF1FFC0CFF1FFC0CFF1F040DFF1FA6
:10299800040DFF1F0C0DFF1F0C0DFF1F140DFF1F53
:1029A800140DFF1FFFFFFFFF0000020000000000E2
:1029B800030000007822FF1F430000000000000011
:1029C80000000000000000000000000000000000FF
:1029D80000000000000000004300000000000000AC
:1029E80000000000000000000000000000000000DF
:1029F800000000000000000043000000000000008C
:102A080000000000000000000000000000000000BE
:102A1800000000000000000043000000000000006B
:102A2800000000000000000000000000000000009E
:102A3800000000000000000043000000000000004B
:102A4800000000000000000000000000000000007E
:102A5800000000000000000043000000000000002B
:102A6800000000000000000000000000000000005E
:102A7800000000000000000043000000000000000B
:102A8800000000000000000000000000000000003E
:102A980000000000000000003D620400A55704008B
:102AA80000000000481E0500ECCE0400A812050036
:102AB800A8120500A8120500A8120500A812050012
:102AC800A8120500A8120500A8120500A812050002
:102AD800FFFFFFFFFFFFFFFFFFFFFFFFFFFF0000FC
:102AE8000100415343494900000000000000000074
:102AF80000000000000000000000000000000000CE
:102B08000000415343494900000000000000000054
:102B180000000000000000000000000000000000AD
:102B28000000000000000000000000007822FF1FE5
:102B3800E022FF1F4823FF1F0000000000000000E4
:102B4800000000000000000000000000000000007D
:102B5800000000000000000000000000000000006D
:102B6800000000000000000000000000000000005D
:102B7800000000000000000000000000000000004D
:102B8800000000000000000000000000000000003D
:102B9800000000000000000000000000000000002D
:102BA800000000000000000000000000000000001D
:102BB800000000000000000000000000000000000D
:102BC80001000000000000000E33CDAB34126DE6AA
:102BD800ECDE05000B000000000000000000000013
:102BE80000000000000000000000000000000000DD
:102BF80000000000000000000000000000000000CD
:102C080000000000000000000000000000000000BC
:102C180000000000000000000000000000000000AC
:102C2800000000000000000000000000000000009C
:102C3800000000000000000000000000000000008C
:102C48000000000000000000A80EFF1FB823FF1FAF
:00000001FF
