:10000000F8FF022099010000D5D3030091D303002B
:1000100091D3030091D3030091D3030091D3030044
:1000200091D3030091D3030091D30300D5D30300F0
:10003000D5D3030091D30300E9C00300EDC0030052
:10004000D5D30300D5D30300D5D30300D5D3030004
:10005000D5D30300D5D30300D5D30300D5D30300F4
:10006000D5D30300D5D30300D5D30300D5D30300E4
:10007000D5D30300D5D30300D5D30300D5D30300D4
:10008000D5D30300D5D30300D5D30300D5D30300C4
:10009000D5D30300D5D30300D5D30300D5D30300B4
:1000A000D5D30300D5D30300D5D30300D5D30300A4
:1000B000D5D30300D5D30300D5D30300F1DF03006C
:1000C000D5D3030071E90300D5D30300B9F00300D1
:1000D000D5D30300D5D30300D5D30300D5D3030074
:1000E000D5D30300D5D3030019BA0300D5D3030039
:1000F000D5D30300D5D30300D5D30300D5D3030054
:1001000095C60300B1C60300CDC60300E9C60300CF
:10011000D5D30300BDF30300D5D30300D5D303002B
:10012000D5D30300D5D30300D5D30300D5D3030023
:10013000D5D30300D5D30300D5D30300D5D3030013
:10014000D5D30300D5D30300D5D30300D5D3030003
:10015000D5D30300D5D30300D5D30300D5D30300F3
:10016000D5D30300D5D30300D5D30300D5D30300E3
:10017000D5D30300D5D30300D5D30300D5D30300D3
:10018000D5D30300D5D30300D5D30300D5D30300C3
:10019000D5D30300D5D303005A4B4CF2205210B5EF
:1001A000DA814DF62812DA8100BF00BF3DF016F962
:1001B000554B4FF030621A63544A9A63544ADA63DB
:1001C0004FF0E0234FF47002C3F8882D514A1369B1
:1001D00013F4807303D153614FF4A85313614E4B52
:1001E0009A78110703D59A7842F008029A704B4B1F
:1001F0004B482A221A704B4BDA1C121AC11E22F0ED
:100200000302994288BF002247493CF0EDFF474B6B
:100210004748DA1C121AC11E22F00302994288BF15
:100220000022002143F098FD424943484FF4CC722C
:100230003CF0DAFF414B424A802103F8011B934214
:10024000FBD14FF0E0233C4AC3F8082D3D4B8A22F6
:100250001A70A3F5805324225A70A0221A709A793A
:100260009207FCD59A79D406FCD4374B9A7902F0E0
:100270000C02082AFAD103221A7146225A719A797D
:100280009006FCD5304A93795906FCD51E4B4FF0A9
:10029000827159640921996420211170917901F0CA
:1002A0000C010C29FAD1294A5A604FF0E023284A60
:1002B0005A6100229A6107221A61264AC3F8202D4A
:1002C00062B63DF033F9134B5B69DA0705D5224876
:1002D0003DF020F9214B224ADA61224B1B785B0664
:1002E00009D51E4C1E4BE2699A4204D11A483DF0D2
:1002F00011F90023E3613DF077F844F061F93CF037
:100300006BFFFEE70020054000800440823F0400B0
:100310000100002B00D0034000D0074000E0074060
:10032000F806FF1F980FFF1F102305000825FF1F69
:10033000980FFF1F000000000002FF1F00E400E014
:1003400056E400E00050064000400640C0100500A2
:10035000BFD4010000002020A008156800E0034081
:10036000A5C3945A00F00740FFFFFFFFFFFFFFFF08
:10037000FFFFFFFFFFFFFFFFFFFFFFFFFFFFFFFF8D
:10038000FFFFFFFFFFFFFFFFFFFFFFFFFFFFFFFF7D
:10039000FFFFFFFFFFFFFFFFFFFFFFFFFFFFFFFF6D
:1003A000FFFFFFFFFFFFFFFFFFFFFFFFFFFFFFFF5D
:1003B000FFFFFFFFFFFFFFFFFFFFFFFFFFFFFFFF4D
:1003C000FFFFFFFFFFFFFFFFFFFFFFFFFFFFFFFF3D
:1003D000FFFFFFFFFFFFFFFFFFFFFFFFFFFFFFFF2D
:1003E000FFFFFFFFFFFFFFFFFFFFFFFFFFFFFFFF1D
:1003F000FFFFFFFFFFFFFFFFFFFFFFFFFFFFFFFF0D
:10040000FFFFFFFFFFFFFFFFFFFFFFFFDEF9FFFF23
:100410000548064B1B1AD90F01EBA301491002D066
:10042000034B03B118477047980FFF1F980FFF1F2A
:100430000000000008B5054B1BB105490548AFF3A6
:100440000080BDE80840FFF7E3BF00BF00000000E8
:10045000980FFF1F0823050000207047704700BF5A
:10046000036D0BB101207047406D003818BF0120AB
:10047000704700BF00690B699842D4BF002001207B
:10048000704700BF80698B690028B8BF4042002BCD
:10049000B8BF5B429842D4BF00200120704700BF24
:1004A000036818470B680360704700BF0B68036060
:1004B000704700BF704700BFC36A00F12C0233B120
:1004C0000120D96A52F8043F0860002BF9D1704727
:1004D00010B50446806D18B141F082FD0023A3657C
:1004E000236D2BB104F11800BDE8104038F046BA76
:1004F000636D002BF6D110BD10B510EE100A00216F
:10050000F2EE046AF0EE407ABDEEE77AB8EEC77A12
:10051000B4EE677AF1EE10FA04D00131062967EEE5
:10052000A67AF1D1144B1B68012B03D0032B17D0F3
:100530005BB110BDCCB240F0E3FE41EC100B2146A4
:100540000E48BDE810403CF0A7B9CCB240F0D8FE50
:1005500041EC100B21460A48BDE810403CF09CB924
:10056000CCB240F0CDFE41EC100B21460548BDE871
:1005700010403CF091B900BF6007FF1FA807FF1FA4
:100580002808FF1FD007FF1F084B1B68012B0146DF
:1005900003D0032B07D01BB1704705483CF02AB9A4
:1005A00004483CF027B904483CF024B96007FF1F19
:1005B000A807FF1F2808FF1FD007FF1F10B504461C
:1005C000806D00B110BD4FF4807041F001FDA06559
:1005D000B0B1236D002202703BB101464FF480722E
:1005E000184637F041FEA06D10BD636D002BE9D0B9
:1005F00001464FF48072184635F080FBA06D10BDA7
:100600000148A06510BD00BFB00FFF1F38B5056DD4
:100610006DB10BB1002038BD1146284636F07CFB89
:100620000028F7D02846BDE8384036F00DBD446DAF
:10063000002CEFD0204634F01FF80028EAD02046E6
:10064000BDE8384034F03ABE8A79A2F150031B0667
:1006500020D4F0B54B79046D0D798E784F780978F8
:10066000013385B002F26C72DBB244B103918DE8C4
:10067000E0000221204636F07BFC05B0F0BD406D65
:100680000028FAD003918DE8E000022134F066FDE5
:1006900005B0F0BD0020704710B5036D82B00C4668
:1006A0002BB30DF1060201A9184635F04BFF38B304
:1006B000BDF80430BDF8062053EA020120D0C2F391
:1006C000451C02F01F00D20AC3F343114000A27080
:1006D0005A0A0139207003F01F0302F5EA62012073
:1006E00084F801C023716171A27102B010BD406D28
:1006F00030B10DF1060201A933F058FE0028D7D120
:10070000002002B010BD00BF10B5036D82B00C46D2
:100710002BB30DF1060201A9184635F003FF38B3DB
:10072000BDF80430BDF8062053EA020120D0C2F320
:10073000451C02F01F00D20AC3F343114000A2700F
:100740005A0A0139207003F01F0302F5EA62012002
:1007500084F801C023716171A27102B010BD406DB7
:1007600030B10DF1060201A933F00EFE0028D7D1F9
:10077000002002B010BD00BF70B50C460D1D461A1A
:10078000A0193CF08BFC04F8010BAC42F8D170BD11
:1007900010B543EC102B04469DF808103CF07CF893
:1007A0002046BDE810403CF053B800BF10B5002310
:1007B00004460A223CF064F82046BDE810403CF0B4
:1007C00047B800BF10B504463CF03AF82046BDE8F3
:1007D00010403CF03DB800BF69B170B50546084611
:1007E0000C4644F04DF92B680246214628465B68CA
:1007F000BDE87040184770470369D3B110B41C6856
:100800000D48E46884420FD1186D18B15DF8044BAF
:1008100036F054BC586D18B15DF8044B34F0C0BDCF
:1008200000205DF8044B7047184623465DF8044BE2
:1008300018470020704700BF290C0000006990B1E4
:100840000368154A1B69934225D1036D63B118787B
:1008500010F0080007D0D8695B69C01A48BF6FF074
:100860000040704718467047436D002BFAD093F84C
:10087000310010F00800F6D0186919685A695B68F1
:10088000401A62EB0303B0F1004F73F10003EAD3A7
:100890006FF0004070471847DD0B0000036923B379
:1008A00010B51968124A8C68944282B014D1186D40
:1008B00048B101220DF1070136F01CF890B19DF806
:1008C000070002B010BD586D0028F8D001220DF1CC
:1008D000070133F0E5FDF1E701220DF107011846AC
:1008E000A047EBE74FF0FF30EBE74FF0FF307047EA
:1008F000C90A0000036973B11A68084952698A423B
:1009000007D1186D08B136F0CBB8586D18B133F077
:100910009BBE184610474FF0FF307047290A000071
:10092000036963B11A68074992698A4208D1186D50
:1009300008B136F017BB586D08B134F0C7BA70472C
:10094000184610472D0B0000036D13B158690021A4
:100950007047436D13B1D3E900017047184619463B
:10096000704700BF036D13B1D86900217047436D14
:1009700013B1D3E90401704718461946704700BF08
:10098000F0B595B00022234F01924FF47A741831DC
:10099000054604A8CDE9122202948DF80C20009798
:1009A00038F058F8129B002B29D05C203CF070FDE9
:1009B000019BC360029B03619DF80C300375164BCD
:1009C00003600026154B83600446466004A9183076
:1009D00037F0A6FF4FF47A73AB606368104AA760E4
:1009E0000133A6656E602A602E732C6163600D4B27
:1009F000009304A837F0C2FF284615B0F0BD139B42
:100A0000002BD2D1064A6B60AC602B732A602B613D
:100A1000EDE700BF1C0E05006C0E0500D40D0500AF
:100A2000400E0500F80D0500036D13B1184636F0B1
:100A300037B8406D08B133F007BE4FF0FF30704754
:100A4000836C13B1184636F02BB8C06C08B133F084
:100A5000FBBD4FF0FF307047036D33B11B7813F0CF
:100A6000700F14BF012000207047406D30B190F826
:100A7000313013F0500F14BF01200020704700BF29
:100A800010B50446006D80B1037813F0700F00D1EB
:100A900010BD002136F040F9606D0028F8D0BDE8A7
:100AA00010400022002333F0E7BD606D0028EFD036
:100AB00090F8313013F0500FEAD0BDE8104000221A
:100AC000002333F0D9BD00BF036D13B1184635F0D4
:100AD00011BF406D08B133F0E3BC4FF0FF307047F9
:100AE00000B5836C83B063B101220DF10701184694
:100AF00035F000FF01280CD19DF8070003B05DF828
:100B000004FBC06C28B101220DF1070133F0C8FCD1
:100B1000F0E74FF0FF30F1E7836C13B1184636F081
:100B200021BAC06C08B134F0D1B97047036D13B16C
:100B3000184636F017BA406D08B134F0C7B970479F
:100B40008A79A2F150031B0620D4F0B54B79046DCD
:100B50000D798E784F780978013385B002F26C7286
:100B6000DBB244B103918DE8E0000421204636F069
:100B7000FFF905B0F0BD406D0028FAD003918DE873
:100B8000E000042134F0EAFA05B0F0BD002070471F
:100B9000836C53B1187810F008000DD0D8695B69E8
:100BA000C01A48BF6FF000407047C36CA3B193F800
:100BB000310010F0080000D17047186919685A69AF
:100BC0005B68401A62EB0303B0F1004F73F100035E
:100BD000F2D36FF0004070471846EDE7036D53B154
:100BE000187810F008000DD0D8695B69C01A48BFAA
:100BF0006FF000407047436DA3B193F8310010F0DF
:100C0000080000D17047186919685A695B68401A72
:100C100062EB0303B0F1004F73F10003F2D36FF006
:100C2000004070471846EDE7036D13B1184636F0E3
:100C300045BA406D08B134F0B3BB7047836C13B153
:100C4000184636F03BBAC06C08B134F0A9BB704707
:100C500000B5836C83B08DF8071043B101220DF10C
:100C60000701184636F02AFA03B05DF804FBC06CA1
:100C70000028F9D001220DF1070134F091FB03B0F7
:100C80005DF804FB00B5006983B08DF8071060B112
:100C90000368104ADB68934215D1036D43B101220A
:100CA0000DF10701184636F009FA03B05DF804FBB0
:100CB000406D0028F9D001220DF1070134F070FBDE
:100CC00003B05DF804FB01220DF10701984703B062
:100CD0005DF804FB290C000038B50446806D0C4B10
:100CE000236018B141F07CF90023A365236D04F162
:100CF00018054BB1284637F041FE064BA360284645
:100D000037F03CFE204638BD636D002BF2D1F4E78E
:100D10006C0E0500F80D050038B50446806D0E4BCD
:100D2000236018B141F05CF90023A365236D04F141
:100D300018056BB1284637F021FE084BA360284602
:100D400037F01CFE20465C213CF0A6FB204638BD57
:100D5000636D002BEED1F0E76C0E0500F80D050079
:100D6000F0B4846DA36A01261E60626823681A4489
:100D7000036B626000F1300C93B15A69002A08DB02
:100D80009A6A166059681F6825695A69394459601A
:100D9000521B1969114459615CF8043F002BECD1D6
:100DA000436A124A816900251560DB00556803F12A
:100DB000804303F56033294419610D211160DA681D
:100DC000C16E22F080025025DA60DD6019B96268D8
:100DD000E3689A4201D0F0BC7047C36D012280F8ED
:100DE0002820002BF7D0F0BC184700BF008003403C
:100DF00030B4029C11469C4634B1012C1CD0022C0C
:100E00000ED0002030BC7047056DF5B14FF0FF33B8
:100E1000934274EB0C04F4D3284630BC35F07CBF0D
:100E2000026D0AB3D36959184CF10003002BE8D1C5
:100E300030BC104635F070BF026D62B1536959186D
:100E40004CF10003002BDCD1F2E7406D0028D8D034
:100E500030BC33F011BC406D0028D2D0D0E9002363
:100E60008A184CEB0303F3E7406D0028C9D0D0E9A2
:100E700004238A1830BC4CEB030333F0FDBB00BFE6
:100E800038B5044649B108460D4643F0F9FD2368DC
:100E900002465B682946204698472046BDE8384010
:100EA0003BF0D6BC826D836F10B504465068D4F811
:100EB000AC101B1A002BB8BF5B428B4216DBD4F878
:100EC000B00083420BDBE16FCB1A5168106800FB66
:100ED0000313D360D168536899420FD010BD0B44FF
:100EE0000020E367C4F8B0000B46EEE7002158008D
:100EF000C4F8B010C4F8AC10E067E6E704F10C00E9
:100F00003BF07CFB0023206AA3603AF06DFD606A31
:100F1000BDE810403AF068BD08B5374A374BD2ED0E
:100F2000017AD3ED006A9FED366A364BF8EEE66A39
:100F30005B6C86EE267A013BF8EEE77A2DED028BAC
:100F400027EE277A032B53D8DFE803F04C46400204
:100F50002D4B93ED018AB8EEC88A2C4BDFED280AA1
:100F600093ED000A27EE000A3FF03EF93FF082F9C8
:100F7000274B284993ED007A274B0022F0EE487A60
:100F8000D0EE077A83F8902091ED007A72B6DFED0B
:100F9000236A93ED206AC7EEA65AB8EEC77AD3ED5E
:100FA0001F6AC5EE877A67EE867AF4EEE67AC3EDBD
:100FB0001E7AD3ED227AF1EE10FAD8BFF1EE677AFD
:100FC000C3ED237A62B6BDEC028B08BD144B93EDE2
:100FD000018AB8EEC88AC0E7124B93ED018AB8EED9
:100FE000C88ABAE7104B93ED018AB8EEC88AB4E715
:100FF0009FED0E8AB1E700BF3818FF1F7818FF1F5A
:10100000DB0FC9401013FF1F5C17FF1FC416FF1F23
:101010000417FF1FE416FF1FC814FF1FCDCCCC3CE4
:101020001C17FF1F9C17FF1FDC17FF1F000000008D
:10103000036A8B4210B5044623D0C3698B4200D0AB
:1010400010BD8369002BFBD072B6204AC369A16929
:1010500000201060DB00506803F1804303F560332B
:10106000014419610D211160DA68502122F08002DB
:10107000DA60D96062B620690368BDE810405B6839
:1010800018470069124A03689B6893421BD1C36AE0
:101090002C3033B10121DA6A50F8043F1160002B83
:1010A000F9D194F82430002BCAD004F108003BF0A9
:1010B000A5FA0023E06963603AF096FC206ABDE877
:1010C00010403AF091BC9847EBE700BF0080034026
:1010D000B904000070B50569234B03600446002D78
:1010E00032D06E68013E6E6076BB2B681F4ADB6AA9
:1010F00093422FD1A86D10B140F072FFAE652B6DF9
:1011000023B305F1180037F039FC2569E5B12B68E8
:10111000174A5B68934224D1A86D164B2B6018B117
:1011200040F05EFF0023AB652B6D05F11806A3B1FF
:10113000304637F023FC104BAB60304637F01EFCD6
:101140005C2128463CF0A8F9204670BD6B6D002B51
:10115000D7D1DAE728469847D7E76B6D002BE7D160
:10116000E9E728469847EFE7400E0500D104000064
:10117000190D00006C0E0500F80D050070B505692D
:10118000254B03600446002D32D06E68013E6E6030
:1011900076BB2B68214ADB6A934233D1A86D10B12C
:1011A00040F01EFFAE652B6D43B305F1180037F01C
:1011B000E5FB2569E5B12B68194A5B68934228D1A4
:1011C000A86D184B2B6018B140F00AFF0023AB65E7
:1011D0002B6D05F11806C3B1304637F0CFFB124B2B
:1011E000AB60304637F0CAFB5C2128463CF054F92E
:1011F000204614213CF050F9204670BD6B6D002B49
:10120000D3D1D6E728469847D3E76B6D002BE3D1BF
:10121000E5E728469847EBE7400E0500D1040000BB
:10122000190D00006C0E0500F80D050070B506697B
:101230007568013D0446756075BB33681F4ADB6AFB
:1012400093422CD1B06D10B140F0CAFEB565336D3C
:1012500063B306F1180037F091FB2569E5B12B68FF
:10126000174A5B68934225D1A86D164B2B6018B1C5
:1012700040F0B6FE0023AB652B6D05F118068BB16F
:10128000304637F07BFB104BAB60304637F076FBD7
:101290005C2128463CF000F90023236170BD3046F4
:1012A0009847DAE76B6D002BEAD1ECE7736D002B02
:1012B000CFD1D2E728469847EEE700BFD10400001F
:1012C000190D00006C0E0500F80D0500F0B5012B9E
:1012D00095B0054638D0022B40F202200CBF0346E1
:1012E00000230431684637F061FC129B002B34D098
:1012F0005C203CF0CDF81F4B0026C0E90036019B76
:10130000C3601D4B8360029B036104AF9DF80C30EA
:10131000037504463946183037F002FB174BA360BB
:101320004FF47A73AB606368154AA66501336E604B
:101330002A602E732C616360124B0093384637F09D
:101340001DFB284615B0F0BD44F202230431684667
:1013500037F02CFC129B002BCAD1139B002BC7D15A
:10136000074A6B604FF47A71A9602B732A602B6176
:1013700004AFE1E76C0E0500D40D05001C0E05005E
:10138000400E0500F80D050070B54368044621B312
:101390009A6812F0020216D0204A18689042204A39
:1013A0002ED9B2FBF1F15A68A0EB020C61451AD3B9
:1013B0000A44121A002401209C60D86003201A609D
:1013C0009860196070BD012403209A60DC60144AA3
:1013D000B2FBF1F21A60986070BDABB19A6822F06E
:1013E00002029A6070BD20690268002501249D6098
:1013F0001268DC60032419609C60BDE870401047EF
:10140000B2FBF1F21A6070BD064A1268002AE5D0FC
:101410000221012090476368E0E700BF7FA9030035
:10142000008793035C1EFF1FD0ED1F7A90ED1E7A9C
:10143000836DF4EE477AF1EE10FA70B55A680446FF
:101440004DD0D0ED236AF5EEC06A77EEA67AF1EEC4
:1014500010FAB4EEE77A3CDDF1EE10FAD8BFF0EE08
:10146000477ABDEEE77AC4ED1F7A17EE105A94F86A
:1014700090200AB1002D37D09A68AA4228D01A6865
:10148000002DACBF01234FF0FF339A4217D0E36A1F
:1014900073B104F12C0101261A6850420132186020
:1014A0000CBF1B6B5B6B1E6051F8043F002BF3D12C
:1014B000636F03EB8303DB0001D0013BFDD185EAC1
:1014C000E571A1EBE571201DFFF75EFFA36D9D6047
:1014D00070BDF1EE10FA58BFF0EE477AC1E7FDEEAD
:1014E000C77A17EE905AC2E704F10C003BF086F879
:1014F000206AA5603AF078FA606A3AF075FAA26D4F
:10150000E36D956084F89050002BE1D0BDE8704009
:10151000184700BF8368EBB1826D836F5168D0F8C4
:10152000AC2010B55B1A002BB8BF5B4293422DED87
:10153000028B00F104040EDBD0F8B020934236DBBE
:10154000C26F934228DB00212046FFF71DFFBDEC50
:10155000028B10BD7047D0ED2A8AD0E92401F8EE45
:10156000688A07EE903AB8EEE78A40F039FB00EE61
:10157000100AA8EE880AB5EE400AF1EE10FA1ED461
:10158000F1EEC07A2046FDEEE77A17EE901AFFF7EB
:10159000FBFEBDEC028B10BDD0ED2A8AD21A013AB7
:1015A000D0E92601F8EE688A07EE902ADBE7D0F84A
:1015B00088102046FFF7E8FEBDEC028B10BD3EF020
:1015C00037FEF0EE407ADDE72DE9F041C46A96B0CF
:1015D0000546002C66D02368984A1B6B93425CD169
:1015E000236D002B00F0F2802368954FDB6ABB422D
:1015F00040F00C81A06D18B140F0F2FC0023A3650F
:10160000236D002B00F0FA8004F1180037F0B6F9D2
:10161000EE6A7468013C7460002C40F0E880336826
:10162000DB6ABB4240F00681B06D10B140F0D8FCDF
:10163000B465336D002B00F0F88006F1180037F028
:101640009DF9EC6A002C00F0D28023687D4A5B682B
:10165000934240F0CA80A06D7B4B236018B140F0EC
:10166000BFFC0023A365236D04F11806002B00F0D6
:10167000D080304637F082F9744FA760304637F09B
:101680007DF95C2120463BF007FFAA7E0023012A5A
:10169000EB620BD144F202230DE02046984700286C
:1016A00040F0A780AA7E694F012AF3D0022A40F2B7
:1016B000022318BF002366492A4602A837F076FAAB
:1016C000149B002B73D05C203BF0E2FE5E4B0026A7
:1016D000C0E90036039BC3605E4B8360049B0361DB
:1016E00004469DF81430037506A9183037F018F930
:1016F0006368A66501336360574BA36006A8029731
:1017000037F03CF9EE6A002E4FD07368013B7360EE
:101710000193002B30D132684949D26A8A4272D192
:10172000B06D18B140F05CFC019BB365336D002BCC
:1017300057D006F1180037F021F9EE6AE6B13368A8
:10174000404A5B6893426DD1B06D3F4B336018B136
:1017500040F046FC0023B365336D06F11808002BFA
:101760005CD0404637F00AF9B760404637F006F9DA
:101770005C2130463BF090FEEC6284B123682F4A36
:101780001B6B934207D1236DE3B100230120EB765D
:1017900016B0BDE8F081204698470028F5D1012316
:1017A0000020EB7616B0BDE8F081EC62E6E7159C10
:1017B000002C88D106A8029737F0E0F8EE6A002ED8
:1017C000A3D1ECE7636D002BDFD1E8E7636D002B5D
:1017D0003FF468AF23681A4FDB6ABB423FF40AAF9D
:1017E00014E0736D002BA4D1A7E720469847174F4C
:1017F0004BE7EC6A002C3FF455AFF5E6636D002B28
:101800007FF402AF04E73046904796E720469847BA
:10181000FEE6636D002B7FF42CAF2DE7736D002B7C
:101820009FD1A1E730469847A6E7736D002B7FF460
:1018300004AF06E73046984703E700BF61040000A5
:10184000D1040000190D00006C0E0500F80D050014
:101850008C18FF1FD40D05001C0E050010B5334C6D
:1018600033480C213EF07CFA102120463AF0E8FF84
:1018700020463AF0EDFF0E212E483EF071FA542139
:1018800020463AF0DDFF20463AF0E2FF0F212A48D9
:101890003EF066FA502120463AF0D2FF20463AF058
:1018A000D7FF102125483EF05BFA4FF484712046A3
:1018B0003AF0C6FF20463AF0CBFF0F2120483EF019
:1018C0004FFA702120463AF0BBFF20463AF0C0FFA5
:1018D0000F211C483EF044FA602120463AF0B0FF48
:1018E00020463AF0B5FF142117483EF039FA8C2112
:1018F00020463AF0A5FF20463AF0AAFF13211348EC
:101900003EF02EFA6C2120463AF09AFF20463AF03B
:101910009FFF10210E483EF023FA204634213AF072
:101920008FFF2046BDE810403AF092BF2808FF1F05
:10193000F8AB040008AC040018AC040028AC0400A8
:101940003CAC04004CAC04005CAC040074AC04007F
:1019500088AC040007EE901AB8EEE77A07EE900A1A
:10196000F8EEE77A10B587EE270A2DED028BDFED52
:10197000276A84B020EE260A3EF0B8FC244BF7EE2E
:10198000007A1B68B4EEE70AF1EE10FAA3F1030344
:10199000B0EE408A01AC48BFB1EE408A082B10D8A7
:1019A000DFE803F026280F2A2C2E303205001949D3
:1019B00020463BF04DF92046FEF7E6FD20463BF081
:1019C0009FF9B0EE480AFEF797FD134B20461968C1
:1019D0003BF03EF92046FEF7D7FD20463BF090F95C
:1019E000FDEEC87A17EE900A04B0BDEC028B10BD74
:1019F0000A49DDE70A49DBE70A49D9E70A49D7E797
:101A00000A49D5E70A49D3E70A49D1E70000C842A5
:101A10005007FF1F9CAC04004807FF1FB8AC040030
:101A2000D4AC0400ECAC040004AD04001CAD040014
:101A300034AD040050AD040010B5092121483EF03A
:101A40008FF921483AF004FF2048FE2132F006FACF
:101A5000B0B11F4C1F480123092123603EF080F9DB
:101A600019483AF0F5FE0C211B483EF079F921683F
:101A700015483AF0E5FEBDE8104013483AF0E8BEDC
:101A800012480A2132F0EAF948B1114C13480A21F0
:101A900021603EF065F90C483AF0DAFEE3E70B48C6
:101AA000092132F0DBF910B9094C2060DBE7084C62
:101AB0000B48092121603EF053F903483AF0C8FE73
:101AC000D1E700BF68AD04002808FF1F8818FF1F7A
:101AD000DC16FF1F74AD040098AD040080AD040057
:101AE0008CAD04002DE9F041064686B00F469046C5
:101AF0003AB1B34BD3F8E040012C00F047814FF0EE
:101B00000008B04C23680193019D23680093009B5B
:101B10005B1B092BF9D9042E00F22482DFE816F0B2
:101B20005E000701A800D8000500A74DA748D5F81A
:101B3000906014213EF014F9A54806F001013AF036
:101B40007FFEA3483AF084FE002F00F09E819C4E59
:101B500096F8A0100F2081F001013BF049FD96F8A6
:101B6000A030002B00F0C9810123C5F888309949C5
:101B700003A83BF06DF803A8FEF706FD03A83BF0B1
:101B8000BFF8954903A83BF063F803A8FEF7FCFCF7
:101B900003A83BF0B5F8914816213EF0E1F88C48D7
:101BA0003AF056FE884B8E48D3F8905011213EF003
:101BB000D7F80F2186483AF043FE85483AF048FEB0
:101BC00005F00105112187483EF0CAF829468048F2
:101BD0003AF036FE7E483AF03BFE38E0002F00F047
:101BE0003881774B93F89C10042081F001013BF081
:101BF000FFFC7D4903A83BF02BF803A8FEF7C4FCCB
:101C000003A83BF07DF8744903A83BF021F803A832
:101C1000FEF7BAFC03A83BF073F86B4B71481D69E3
:101C20001121C5F340353EF09BF8294668483AF04B
:101C300007FE67483AF00CFE16216C483EF090F81B
:101C4000634804213AF0FCFD61483AF001FE11219D
:101C500064483EF085F85E4829463AF0F1FD5C485C
:101C60003AF0F6FD002F40F09D8006B0BDE8F0810F
:101C7000002F00F0DD80524B93F89E10162081F06B
:101C800001013BF0B5FC5A4903A83AF0E1FF03A873
:101C9000FEF77AFC03A83BF033F84F4903A83AF06B
:101CA000D7FF03A8FEF770FC03A83BF029F8464BCA
:101CB0005048D3F8905010213EF052F81621444875
:101CC0003AF0BEFD4248C5F340053AF0C1FDBEE71B
:101CD000002F00F003813A4B93F89F10112081F000
:101CE00001013BF085FC444903A83AF0B1FF03A889
:101CF000FEF74AFC03A83BF003F8374903A83AF083
:101D0000A7FF03A8FEF740FC03A83AF0F9FF2E4B0B
:101D10003A481D6D11213EF023F811212C483AF06C
:101D20008FFD2B48C5F340053AF092FD8FE7002F59
:101D30006ED0234B93F89D100E2081F001013BF0F3
:101D400057FC2F4903A83AF083FF03A8FEF71CFCB9
:101D500003A83AF0D5FF204903A83AF079FF03A879
:101D6000FEF712FC03A83AF0CBFF174B2548D3F837
:101D7000D05010213DF0F4FF0E2115483AF060FDDF
:101D80001348C5F340053AF063FD60E710211E4893
:101D90003DF0E6FF21460E483AF052FD0C483AF07D
:101DA00057FDAEE62268194B03921968039A23681F
:101DB0000293029B9B1A9942F9D806B0BDE8F081C4
:101DC0007013FF1F0C1FFF1F00F00F4028AF04000F
:101DD0002808FF1F40AF0400DCAD040060AF040022
:101DE000C8AF040000AE0400BCAD040014AE040093
:101DF00080AE0400C0AE0400D4AE040014AF0400F2
:101E00002CAE04006CAE0400A8AD04003407FF1F24
:101E1000B8F1000FA9D1544BD3F8E82093F89D10E6
:101E2000002A40F09B800E203BF0E2FB4F4989E7FF
:101E3000B8F1000F7FF43BAF4B4BD3F8EC2093F895
:101E40009E10002A40F0868016203BF0D1FB4849C6
:101E50001AE7B8F1000F7FF4E0AE434BD3F8E4206B
:101E600093F89C10002A6DD104203BF0C1FB41493E
:101E700003A83AF0EDFE03A8FEF786FB03A83AF0AC
:101E80003FFF3D4B03A81968BFE6B8F1000F7FF490
:101E900089AE354BD3F8F42093F8A0108ABB0F20FD
:101EA0003BF0A6FB354903A83AF0D2FE03A8FEF7A3
:101EB0006BFB03A83AF024FF314903A83AF0C8FEAF
:101EC00003A8FEF761FB03A83AF01AFF16212D487C
:101ED0003DF046FF2C483AF0BBFC63E6B8F1000F3A
:101EE0007FF415AF204BD3F8F02093F89F106ABB16
:101EF00011203BF07DFB2549F6E60123C5F884302F
:101F000035E681F001010F203BF072FB204903A868
:101F10003AF09EFE03A8FEF737FB03A83AF0F0FE66
:101F2000174903A83AF094FE03A8FEF72DFB03A877
:101F30003AF0E6FE162117483DF012FF12483AF03B
:101F400087FC2FE681F00101042050E681F00101B9
:101F50001120C6E681F00101162092E681F0010110
:101F60000E20ECE6002572E67013FF1F4CAE040055
:101F7000A0AE0400E0AD04004807FF1F78AF0400E6
:101F8000DCAD040098AF04002808FF1FF4AE040085
:101F900040AF0400B0AF04002DE9F0472DED028BF7
:101FA00084B00027644EDFF8B4A1DFF8B491019744
:101FB00004460297ADF80C708DF80E7001A842F03F
:101FC0005FFD014601A83DF0CBFE30463AF040FCF3
:101FD000236820465B6998470021804650463DF0C3
:101FE000BFFE30463AF034FC242148463DF0B8FEAE
:101FF000394630463AF024FC5FFA88F504214F4810
:102000003DF0AEFE28463DF02FFF02214C483DF04A
:10201000A7FE294630463AF013FC30463AF018FC49
:102020007F2D79D018F0800F4CD16B1E0B2B04D86C
:1020300041F21203EB40DB077BD407F110036B4442
:1020400001A803F80C5C42F01BFD014601A83DF01D
:1020500087FE013730463AF0FBFB0B2FAED101A8CB
:102060003FF0B2FF51EC100B3FF09AFC3FF048F903
:1020700002460B463348042143EC182B3DF070FE1A
:1020800001A842F0FDFC014601A83DF069FE2A4886
:102090003AF0DEFB08212C483DF062FEB0EE480A23
:1020A000F0EE680A042124483AF0F6FB22483AF0A0
:1020B000CFFBB0EE480AF0EE680A04B0BDEC028B2C
:1020C000BDE8F087FF2DB8D114212048204F1A4ECB
:1020D0003DF046FE01A842F0D3FC014601A83DF0C8
:1020E0003FFE15483AF0B4FB0DE023685B69984762
:1020F0001C21054638463DF033FEE8B23DF0B4FE03
:1021000030463AF0A5FB236820461B6998470346F2
:10211000002B2046E9DCA2E70E481B213DF020FE03
:10212000394630463AF08CFB30463AF091FB0027B6
:1021300044E709481921F1E72808FF1F04B004000B
:102140009CB004007CB0040084B0040028B00400FB
:1021500040B0040060B004000CB0040000120500A0
:10216000DCAF0400FFFFFFFF012805D0032809D0E2
:1021700028B19FED070B70470748FFF70DBF0748D1
:10218000FFF70ABF0648FFF707BF00BFAFF30080A5
:10219000000000000000F0BFA807FF1F2808FF1F75
:1021A000D007FF1F70B5254C2368012B37D0032BB8
:1021B0003FD0002B38D000252E460E2120483DF080
:1021C000CFFD30463DF050FE1E483AF041FB3BF05B
:1021D0006BFE00280CDD2368012B1DD0032B18D0CB
:1021E000002BF4D13DF04EFD3BF05EFE0028F2DC0A
:1021F0003CF0D0FE0028EEDC042113483DF0B0FD99
:10220000294610483AF01CFB0E483AF021FB2846BC
:1022100070BD3CF0D3FEDAE73BF05AFED7E73BF067
:1022200057FEC6B23546C8E73DF02CFDC6B235466E
:10223000C3E73CF0C3FEC6B23546BEE76007FF1FEA
:1022400090B004002808FF1FA0B0040038B5434D2B
:10225000DFED437AAA6BEB6B95ED107A4148424C67
:1022600002FB03F32DED048B08EE103AB8EE488A1A
:1022700095ED129A28EE078A0D2129EE279AF0EEA5
:10228000408A3DF06DFD18EE100A3FF039F841EC40
:10229000100B022120463AF0FFFA20463AF0D8FA15
:1022A000112132483DF05CFD286C3FF029F841ECEB
:1022B000100B022120463AF0EFFA20463AF0C8FA15
:1022C0000F212B483DF04CFDC8EE899A19EE100AFB
:1022D0003FF016F841EC100B022120463AF0DCFAF0
:1022E00020463AF0B5FA102122483DF039FD18EEAB
:1022F000900A3FF005F841EC100B022120463AF01D
:10230000CBFA20463AF0A4FA07211B483DF028FDFD
:1023100019EE900A3EF0F4FF41EC100B022120462A
:102320003AF0BAFA20463AF093FA28EE298A0821C0
:1023300012483DF015FD18EE100A3EF0E1FF41ECA9
:10234000100B022120463AF0A7FA20463AF080FA14
:10235000B0EE480ABDEC048B38BD00BF7013FF1F00
:10236000DB0FC940A8B004002808FF1FB8B0040064
:10237000CCB00400DCB00400F0B0040084B0040071
:1023800038B5434DDFED437AAA6DEB6D95ED187AC4
:102390004148424C02FB03F32DED048B08EE103A4A
:1023A000B8EE488A95ED1A9A28EE078A0D2129EE93
:1023B000279AF0EE408A3DF0D3FC18EE100A3EF06A
:1023C0009FFF41EC100B022120463AF065FA2046AF
:1023D0003AF03EFA132132483DF0C2FC286E3EF03E
:1023E0008FFF41EC100B022120463AF055FA2046AF
:1023F0003AF02EFA0F212B483DF0B2FCC8EE899A34
:1024000019EE100A3EF07CFF41EC100B0221204631
:102410003AF042FA20463AF01BFA102122483DF0E9
:102420009FFC18EE900A3EF06BFF41EC100B02216E
:1024300020463AF031FA20463AF00AFA07211B48C2
:102440003DF08EFC19EE900A3EF05AFF41EC100B65
:10245000022120463AF020FA20463AF0F9F928EE17
:10246000298A082112483DF07BFC18EE100A3EF044
:1024700047FF41EC100B022120463AF00DFA2046AE
:102480003AF0E6F9B0EE480ABDEC048B38BD00BF67
:102490007013FF1FDB0FC940A8B004002808FF1FFE
:1024A000F8B00400CCB00400DCB00400F0B00400CC
:1024B00084B004001D4A1E4892ED117AD36B926BD2
:1024C000C0EE077A10B502FB03F30A21194C2DED7B
:1024D000028B08EE103AB8EE488AF0EE408A28EEF9
:1024E000278A3DF03DFC18EE900A3EF009FF41ECD2
:1024F000100B022120463AF0CFF920463AF0A8F915
:102500001A210D483DF02CFC18EE100A3EF0F8FEA2
:1025100041EC100B022120463AF0BEF920463AF079
:1025200097F9B0EE480ABDEC028B10BD7013FF1F87
:102530000CB104002808FF1F18B104001D4A1E48F2
:1025400092ED197AD36D926DC0EE077A10B502FB49
:1025500003F30A21194C2DED028B08EE103AB8EE68
:10256000488AF0EE408A28EE278A3DF0F9FB18EE03
:10257000900A3EF0C5FE41EC100B022120463AF0D5
:102580008BF920463AF064F91A210D483DF0E8FB3A
:1025900018EE100A3EF0B4FE41EC100B022120466A
:1025A0003AF07AF920463AF053F9B0EE480ABDEC19
:1025B000028B10BD7013FF1F0CB104002808FF1F11
:1025C00034B104000138032809D8DFE800F01323F0
:1025D0000B02254B5B6D002B44D0012B3ED09FEDB1
:1025E000230A7047204B5B6B002B39D0012BF6D1AF
:1025F000FFF760BF1C4A92ED057A1369D268C0EEFE
:10260000077A02FB03F300EE103AB8EE400A20EE20
:10261000270A7047144AD2F8CC3073B992ED0A7A7F
:10262000536A126AC0EE077A02FB03F300EE103A17
:10263000B8EE400A20EE270A704792ED367AD2F8BB
:10264000D430D2F8D020C0EE077A02FB03F300EEBC
:10265000103AB8EE400A20EE270A7047FFF76EBF27
:10266000FFF7F4BDFFF78CBE7013FF1F00000000E2
:1026700038B5204C204D2DED068B94ED009AD5ED0C
:10268000009AB5EEC09AF1EE10FAF5EEC09A48BF86
:10269000B1EE499AF1EE10FA48BFF1EE699A29EECF
:1026A000A90A08EE100AA9EE090A08EE901AB5EE7A
:1026B000400AF1EE10FA18D4B1EEC0AA8AEE290A47
:1026C000F8EEE88AB8EEC88A28EE800A3DF056FE99
:1026D000CAEE097A85ED000A28EE270A3DF04EFE83
:1026E000BDEC068B84ED000A38BD3DF0A1FDB0EED7
:1026F00040AAE3E7B416FF1FB016FF1F38B5384BEA
:102700001B68013B0A2B5DD8DFE803F05D294F5CB5
:102710005C060606063C2900324B334D1868334CE4
:10272000FFF722FD51EC100B3FF0F2F8304A31492F
:10273000D062034609686B611046502263643AF028
:10274000C7FC2D4B2846196870223AF0C1FC2B4B70
:10275000204619686C22BDE838403AF0B9BC214BDC
:10276000274C1868FFF700FD51EC100B3FF0D0F834
:10277000244903468C22096863612046BDE838403D
:102780003AF0A6BC174B204C1868FFF7EDFC51EC53
:10279000100B3FF0BDF81D490346A36220460968AF
:1027A000BDE8384060223AF093BC0E4B184C1868D4
:1027B000FFF7DAFC51EC100B3FF0AAF8154903467D
:1027C0003422D8E738BD074B134C1868FFF7CCFC10
:1027D00051EC100B3FF09CF810490346CAE700BFCC
:1027E0005007FF1F6007FF1FA012FF1F4410FF1FAD
:1027F0007814FF1F3007FF1F2807FF1F0007FF1F68
:102800001412FF1F2407FF1F1013FF1F2C07FF1FA9
:102810000011FF1F1807FF1F3411FF1F1C07FF1FA8
:1028200038B51521A448A54C3DF09AFAA4483AF0D1
:102830000FF80E21A3483DF093FA2168A04839F023
:10284000FFFF9F483AF004F82368013B0A2B07D8A2
:10285000DFE803F07A133D55060707070727130043
:1028600038BD994C2368013B032B00F28D80DFE8D3
:1028700013F0E800DA007E00CC00944B1868FFF7F4
:1028800073FC51EC100B3FF043F8914A936D042B0D
:1028900000F28F80DFE813F0E900E700E500E300D5
:1028A0008C008C4C636C012B00F05E81022B00F0DD
:1028B0006581032B00F06C81042B00F07381864B43
:1028C000844819686022BDE838403AF001BC834C66
:1028D0002368032B00F03E81042B08D17B4B186842
:1028E000FFF742FC51EC100B3FF012F8E0617C4B1B
:1028F0007A4819683422BDE838403AF0E9BB794C8F
:102900002368013B0D2BABD801A252F823F000BF86
:10291000312B00000D2B0000932A00006F2A0000CD
:102920006128000061280000612800006128000083
:102930006128000061280000312B00000D2B0000F1
:10294000932A00006F2A0000604B674D1868FFF75C
:102950000BFC51EC100B3EF0DBFFAB6D013B044672
:10296000032B3FF67DAFDFE803F0473E352C574B96
:102970001868FFF7F9FB51EC100B3EF0C9FF5B4AFA
:102980005B4BA063106218655A4B4F481968502280
:102990003AF09EFB584B5548196870223AF098FB64
:1029A000564B534819686C22BDE838403AF090BB4A
:1029B0005062534B464819688C22BDE838403AF0C3
:1029C00087BB504B6C6219684748BDE838408C2281
:1029D0003AF07EBB4B4B2C6219684348BDE8384047
:1029E0008C223AF075BB474BEC6119683E48BDE854
:1029F00038408C223AF06CBB424BAC6119683A48C3
:102A0000BDE838408C223AF063BB304B1868FFF7C2
:102A1000ABFB51EC100B3EF07BFF344A344BE063D0
:102A200050625865B0E7294B1868FFF79DFB51ECE1
:102A3000100B3EF06DFF2D4A2D4B6063D061D864C2
:102A4000A2E7224B1868FFF78FFB51EC100B3EF00A
:102A50005FFF264A264B20639061986494E71062DA
:102A6000A7E7D061A5E79061A3E75061A1E7174B05
:102A70001868FFF779FB51EC100B3EF049FF224A32
:102A80000346116823631748BDE8384054223AF0E2
:102A90001FBB0E4B1868FFF767FB51EC100B3EF0A5
:102AA00037FF194A0346116863620E48BDE8384093
:102AB00054223AF00DBB00BF50B104005007FF1F75
:102AC0002808FF1F68B104007814FF1F6007FF1F6C
:102AD0001412FF1F1013FF1F2C07FF1F0011FF1FF1
:102AE0001807FF1FC011FF1F3411FF1FA012FF1F87
:102AF0004410FF1F3007FF1F2807FF1F0007FF1F9D
:102B00002407FF1F1C07FF1F2007FF1F2A4B186801
:102B1000FFF72AFB51EC100B3EF0FAFE274A034662
:102B20001168A3612648BDE8384054223AF0D0BA73
:102B3000214B1868FFF718FB51EC100B3EF0E8FE34
:102B40001E4A03461168E3601D48BDE83840542220
:102B50003AF0BEBA184B1868FFF706FB51EC100BA1
:102B60003EF0D6FEA061C2E6134B1868FFF7FCFAF0
:102B700051EC100B3EF0CCFEE062A0E60E4B186864
:102B8000FFF7F2FA51EC100B3EF0C2FE206396E61E
:102B9000094B1868FFF7E8FA51EC100B3EF0B8FE4D
:102BA00060638CE6044B1868FFF7DEFA51EC100BFB
:102BB0003EF0AEFEA06382E66007FF1F2007FF1F06
:102BC000C011FF1F564A10B51368516801FB03F38B
:102BD00007EE903A2DED028BF8EE677AB0EE408A60
:102BE00092ED020A27EE800A04463DF0C7FB601E04
:102BF000FDEEC07A042800F29080DFE800F01B3977
:102C00002A480300474B1A6883ED038A012A4DD0F6
:102C1000F8EEE77A87EE887ABCEEC77A424A4148F6
:102C2000116883ED027ABDEC028B1022BDE81040E2
:102C30003AF04EBA3D4B1A6883ED038A012A40D020
:102C4000F8EEE77A87EE887ABCEEC77A384A3748DA
:102C5000E6E7384B1A6883ED038A012A47D0F8EE7D
:102C6000E77A87EE887ABCEEC77A334A3148D7E7ED
:102C7000324B1A6883ED038A012A2DD0F8EEE77AE9
:102C800087EE887ABCEEC77A2D4A2C48C8E72D4BD0
:102C90001A6883ED038A012A34D0F8EEE77A87EECA
:102CA000887ABCEEC77A284A2648B9E7DFED276A5A
:102CB00088EE267AF8EEE77A67EE877ABCEEE77A56
:102CC000ACE7DFED226A88EE267AF8EEE77A67EE67
:102CD000877ABCEEE77AB9E7DFED1C6A88EE267AE0
:102CE000F8EEE77A67EE877ABCEEE77ACCE7DFEDBD
:102CF000176A88EE267AF8EEE77A67EE877ABCEEF6
:102D0000E77AB2E7DFED116A88EE267AF8EEE77A25
:102D100067EE877ABCEEE77AC5E7BDEC028B10BDA3
:102D20007013FF1FF010FF1F1407FF1FB010FF1FCD
:102D30000407FF1FD010FF1F0C07FF1FC010FF1F4D
:102D40000807FF1FE010FF1F1007FF1F0000B4431C
:102D500070B5192186B04248424D3DF001F8424815
:102D600039F076FD414B424AD5F800014149002433
:102D70001C60414B14601C60404A414B14605C6015
:102D8000404A414B54605C60404A414B54605C6037
:102D9000404B414A1C60414B14601C60404A414B0F
:102DA00014601C60404A414B14601C60404A414B17
:102DB00014601C70404A0C60A0F10A031D2B1470B3
:102DC00036D90A213D483CF0CBFFD5F80011264802
:102DD00000230A2239F054FD234839F039FD384ADE
:102DE00013680293029913680193019B5B1A092BE4
:102DF000F9D9344903A839F02BFF03A8FDF7C4FB28
:102E000003A839F07DFF304B03A8196839F020FF83
:102E100003A8FDF7B9FB03A839F072FF2A212B485C
:102E20003CF09EFF104806B0BDE8704039F010BD80
:102E30002146C0B23AF0DCFB95F800013AF00EFCF6
:102E40000A21064622483CF08BFF23460A223146DF
:102E5000054839F015FD044839F0FAFCB1E700BF28
:102E600078B104007013FF1F2808FF1F5816FF1FBA
:102E70005416FF1F5016FF1F4816FF1F4C16FF1F4A
:102E8000DC17FF1F9C17FF1F1C17FF1F5C17FF1F7E
:102E90003818FF1F2018FF1F1C18FF1F2818FF1FBE
:102EA0002418FF1F6407FF1F2C18FF1F1817FF1F90
:102EB000FC06FF1F3016FF1FCC16FF1FA0B1040039
:102EC0000C1FFF1FACB104004807FF1FC8B104006E
:102ED00094B1040008B53AF0E7FF00280ADD234B5F
:102EE0001B68012B0CD0032B38D063B1204B002082
:102EF000187008BD3CF04EF81C4B1B68012BF2D13A
:102F00003AF0E6FF01E03CF0BDFEC0B2184B53289A
:102F1000187026D1002101220846FEF7E3FD154B6B
:102F20001B68013B032B1ED8DFE803F002070C11DE
:102F3000012200210220FEF7D5FD012200210220FE
:102F4000FEF7D0FD012200210320FEF7CBFD012278
:102F500000210420FEF7C6FD012008BD3CF02EF83C
:102F6000D3E7002008BD012008BD00BF6007FF1F98
:102F7000B816FF1F4410FF1FF8B51D212DED028B61
:102F8000734C054673483CF0EBFE734839F060FC27
:102F9000D4F80001A0F10A031D2B40F2B980626849
:102FA00023686E4ED4ED027A96ED037A6C4F02FBE5
:102FB00003F308EE103AB8EE488A6A4A28EE278AE8
:102FC0000023136088EE070A674A1360674A13609C
:102FD000674A1360674A1360674A1360674A07EEDF
:102FE000905A1360664AF8EEE77A1360654A80EEFD
:102FF000270A13603DF0C2F915216348BDEEC00AEF
:1030000087ED000A3CF0ACFE18EE100A3EF078F9AD
:1030100041EC100B0221504839F03EFC4E4839F08B
:1030200017FC2B2159483CF09BFEF0683EF068F9F4
:1030300041EC100B0221484839F02EFC464839F08B
:1030400007FC0E2152483CF08BFE2946424839F0DD
:10305000F7FB414839F0FCFB16214E483CF080FE5E
:1030600039683D4839F0ECFB3B4839F0F1FB3368F7
:10307000013B032B1CD8DFE803F0023B2D1E96ED2D
:10308000067AD4ED057A87EE270AD4ED047AB8EEF5
:10309000677AD4ED037AF8EE677A20EE070A20EE1D
:1030A000270A3DF06BF93C4BBDEEC00A83ED000AE8
:1030B000BDEC028BF8BD636D96ED060A002B3FD088
:1030C000012BF5D1FFF73AFA334BBDEEC00A83ED81
:1030D000000AEDE7636B96ED060A4BB3012BE7D1CF
:1030E000FFF7E8F92C4BBDEEC00A83ED000ADFE7DD
:1030F000D4F8CC3096ED067A7BB9D4ED0A7A87EE17
:10310000270AD4ED097AB8EE677AD4ED087AC2E7D7
:103110000021C0B23AF06CFA41E7D4ED367A87EE7E
:10312000270AD4ED357AB8EE677AD4ED347AB2E76F
:10313000FFF78CF8184BBDEEC00A83ED000AB7E725
:10314000FFF71EF9144BBDEEC00A83ED000AAFE78E
:103150007013FF1FF4B104002808FF1F4410FF1F65
:103160000817FF1F5016FF1F4416FF1F4816FF1FAA
:10317000FC15FF1FF015FF1FF415FF1FF815FF1FAB
:103180000416FF1F0016FF1F14B204002CB2040027
:1031900058B2040068B20400CC0FFF1F70B51021B4
:1031A000A848A94C84B03CF0DBFDA84B197819B9AC
:1031B0002378002B00F0F980A548A64D39F040FB9C
:1031C0000221A5483CF0CCFD2178A14839F038FB1C
:1031D0009F4839F03DFB01ACA049A14E204639F093
:1031E00037FD2046FDF7D0F9204639F089FD2968E2
:1031F000204639F02DFD2046FDF7C6F9204639F06E
:103200007FFD9849204639F023FD2046FDF7BCF9A3
:10321000204639F075FD2968934D204639F018FD98
:103220002046FDF7B1F9204639F06AFDD5E90023C3
:103230008E4C95ED027A8E4902FB03F307EE903A2D
:1032400023688C4AF8EE677A06EE903A67EE877A42
:10325000F8EEE66A126886EEA77A013ADFED867A22
:1032600067EE277AC1ED007A032A23D8DFE802F05F
:10327000815F3E026A6D3368012A00F2DF8007EE4B
:10328000903AEA6DAB6D95ED197AF8EEE77A03FBAB
:1032900002F267EE877A07EE102AB8EE477AC7EE99
:1032A000876A764B012200210420C3ED006AFEF7F5
:1032B00019FC2368724832680021016071485B4242
:1032C0000360714B714852421A60714B1B685B423C
:1032D000036001220846FEF705FCD5F80001A0F1C5
:1032E0000A031D2B40F29B8004B070BD6A6B3368EB
:1032F000012A00F2A08007EE903AEA6BAB6B95EDE5
:10330000117AF8EEE77A03FB02F267EE877A07EEAE
:10331000102AB8EE477AC7EE876A584B012200217F
:103320000320C3ED006AFEF7DDFB2368C2E7D6ED9C
:10333000007AD5F8CC30F8EEE77A002B76D0D5F8C5
:10334000D430D5F8D02095ED367A02FB03F367EE42
:10335000877A07EE103AB8EE477A484BC7EE876A8D
:10336000012200210220C3ED006AFEF7BBFB2368A7
:10337000A0E796ED007AEA682B69D5ED057AB8EEFC
:10338000C77A02FB03F327EE277A07EE903AF8EEAE
:10339000677A3A4BC7EE276A012200211046C3ED37
:1033A000006AFEF79FFB236884E719462848294DE9
:1033B00039F046FA022128483CF0D2FC2178244812
:1033C00001AC39F03DFA224839F042FA3149204641
:1033D00039F03EFC2046FDF7D7F8204639F090FC46
:1033E0002968204639F034FC2046FDF7CDF8204608
:1033F00039F086FC2849204639F02AFC2046FDF7A2
:10340000C3F8204639F07CFC2968204639F020FCBE
:103410002046FDF7B9F8204639F072FCDCE60121C0
:10342000C0B204B0BDE870403AF0E2B86B6A2A6AF4
:1034300095ED0A7A89E7DFED196A6EE7DFED176A25
:103440002FE700BF80B204003016FF1FCC16FF1F0D
:103450002808FF1F4807FF1F9CB00400BCB20400EF
:103460004416FF1FD0B204007013FF1F5016FF1F39
:103470002016FF1F4410FF1F0000B4432C16FF1F2F
:103480001817FF1F1C18FF1F2018FF1F2418FF1FED
:103490004816FF1F94B20400A8B204000000000008
:1034A000064B1B68012B03D0032B05D013B17047CB
:1034B0003AF044BC3CF0D8BC3BF02ABD6007FF1F8B
:1034C00030B50E4C0E4D83B001460190204639F0C8
:1034D00091F9204639F0BCF90A4C0199284639F097
:1034E00089F9284639F0B4F90199204639F082F972
:1034F000204603B0BDE8304039F0AAB92808FF1FC4
:10350000A807FF1FD007FF1F012804D0032806D0FB
:1035100018B1002070473AF0DBBC3CF0B3BB3BF085
:103520004DBD00BF2DE9F84F1C215748574F3CF0C7
:1035300017FC574839F08CF90E2156483CF010FC26
:103540003968534839F07CF9514839F081F93B68C2
:10355000092B00F097801A2B00F09280032B00F0CB
:103560008880DFF85491DFF83481494EDFF834A1C8
:10357000002516E0002B44D0072140463CF0F0FB2C
:1035800000203CF071FC304639F062F900243B68C1
:10359000092B3AD01A2B59D0032B54D001350D2DBD
:1035A0001FD0D9F80030012B27D0032BE2D13BF0FC
:1035B00005FDC4B2072140463CF0D2FB20463CF05A
:1035C00053FC304639F044F9FF2CE0D10321324856
:1035D0003CF0C6FB2E48294639F032F92C4839F028
:1035E00037F907212D483CF0BBFB20463CF03CFC62
:1035F000BDE8F84F264839F02BB93AF069FCC4B25F
:10360000D8E73CF03FFBC4B2D4E71121244805F8C9
:103610000A403CF0A5FB234841F032FA014621481C
:103620003CF09EFB304639F013F91A211E483CF05D
:1036300097FB00230A220D21304639F021F930464C
:1036400039F006F9AAE7194BEC54A7E7DFF864B0A4
:10365000174805F80B400D213CF082FB584641F01D
:103660000FFA014658463CF07BFB304639F0F0F843
:1036700094E70E4B00221A605A609A601A7370E742
:103680000C4BF7E7074BF5E7E4B204005007FF1FC8
:103690002808FF1F68B104000CB3040004B3040041
:1036A00010B304007C16FF1F24B304005C16FF1F38
:1036B00040B304006C16FF1F6007FF1FFFFFFFFFF2
:1036C0002DE9F0412DED028B9EB09F499F4C0546A0
:1036D00002A839F0BDFA00239D4A9E4923600AA83A
:1036E00035F064FA1C9B002B00F0B4815C2039F0AB
:1036F000CFFE0B9BC3600C9B03619DF834300375B8
:10370000954B036006460027944B83600DF1380803
:1037100047604146183035F003F97368B7650133E7
:1037200073608F4BB36009964FF47A738D4E069792
:103730008DF82070059607938B4F0A97404635F019
:103740001DF90998002800F03E810368874A1B6B29
:10375000934240F03581036D002B00F08B81844A49
:1037600013680193019913680093009B5B1A632B04
:10377000F9D9002861D00368DFF80C821B69434542
:1037800040F0DD80036D002B00F000811A781107F6
:1037900000F1B680099C002C4FD02368DFF8E4814B
:1037A000DB6A434540F07581A06D18B13EF018FC0E
:1037B0000023A365236D002B00F0668104F118003F
:1037C00035F0DCF8099D6C68013C6C60002C32D14E
:1037D0002B68DB6A434540F07381A86D10B13EF061
:1037E000FFFBAC652B6D002B00F0628105F118002A
:1037F00035F0C4F8099CF4B123685E4A5B689342D3
:1038000040F07081A06D544B236018B13EF0E8FB8E
:103810000023A365236D04F11805002B00F05A81E5
:10382000284635F0ABF8A760284635F0A7F85C21AC
:10383000204639F031FE002309934F4B029C4F483C
:10384000002C08BF1C4613213CF08AFA204641F0A8
:1038500017F9014620463CF083FA494838F0F8FF52
:1038600020463EF0B1FBB0EE408AF0EE608A099C43
:103870000596002C38D06568013D6560002D33D178
:103880002368404ADB6A934240F01781A06D10B173
:103890003EF0A6FBA565236D002B00F0F08004F13F
:1038A000180035F06BF8099CF4B12368314A5B6865
:1038B000934240F01481A06D274B236018B13EF075
:1038C0008FFB0023A365236D04F11805002B00F086
:1038D000FC80284635F052F8A760284635F04EF8AF
:1038E0005C21204639F0D8FD02A839F009FAB0EE83
:1038F000480AF0EE680A1EB0BDEC028BBDE8F0810C
:10390000D8695B69C01A1BD500230A2205A90AA839
:1039100039F0C6F80AA902A839F036FA0AA839F02F
:10392000EFF92368AB4200F08980099801332360E6
:10393000002882D003681B6943453FF423AF9847B2
:103940000028E1D126E700BF001205001816FF1F6E
:103950005C16FF1F8C18FF1F6C0E0500D40D0500B0
:103960001C0E0500400E0500F80D05006104000066
:103970000C1FFF1F190D0000D0160500C0B3040076
:103980002808FF1FD1040000DD0B0000436D002B51
:103990003FF400AF93F8312012077FF5FBAE1A68B1
:1039A0001869801A5A695B6862EB0303B0F1004F33
:1039B00073F10003C4D36FF000400028A4D1E9E6FE
:1039C000984700287FD14C4B4C48012212211A7095
:1039D0003CF0C6F94A4838F03BFF0B2149483CF01F
:1039E000BFF9474838F034FF47490AA839F030F9A1
:1039F0000AA8FCF7C9FD0AA839F082F9434B1B68F5
:103A0000012B49D0032B4FD0002B49D040490AA8A5
:103A100039F01EF90AA8FCF7B7FD0AA839F070F9C9
:103A20003C4B0AA8196839F013F90AA8FCF7ACFD59
:103A30000AA839F065F99FED2E8B18E71D2136484D
:103A40003CF08EF929462E4838F0FAFE2C4838F022
:103A5000FFFE9FE61D9B002B7FF448AE2F4E069382
:103A60008DF8203009934FF47A730DF138080596DC
:103A7000079361E6436D002B7FF471AEA3E7636D9E
:103A8000002B7FF40CAF0EE7636D002B7FF496AE36
:103A900098E62046984795E622203AF04FF9B5E798
:103AA00022203CF0E1F9B1E722203BF031FAADE70A
:103AB0006B6D002B7FF49AAE9CE620469847F2E6A9
:103AC0002846984796E6099849E6636D002B7FF4EF
:103AD00000AF01E7636D002B7FF4A2AEA3E62046A2
:103AE000984701E720469847A5E600BFAFF300805E
:103AF0000000000000000000DD0FFF1F50B30400B5
:103B00002808FF1F64B3040070B304006007FF1FA0
:103B10008CB304004C07FF1FA0B30400400E050047
:103B20002DE9F04FADF29C5DAF49824602A839F015
:103B30008FF8AE4905A839F08BF840F214520021F5
:103B400021A840F009F90023A94AAA490DA835F097
:103B50002DF81F9B002B00F06F845C2039F098FC3F
:103B60000E9BC3600F9B03619DF840300375A24B11
:103B700003600446A14B8360002511AE45603146C9
:103B8000183034F0CDFE6368A565013363609C4B4B
:103B9000A3609C4B0D93304634F0F0FE9A4D4FF0ED
:103BA0000008002C00F040812368984ADB6B9342A8
:103BB0004FF0000240F0C583DFF844B20E924FF49C
:103BC0007A7704F1180130468DF840201F92209238
:103BD000CDF834B00F9734F03DFF1F9B002B00F061
:103BE000A0835C2039F054FC0E9BC3600F9B0361E3
:103BF0009DF840300375804B036007464FF0000985
:103C00007E4B8360C0F804903146183034F088FE53
:103C10007B68C7F808B001337B604FF47A73C7F84C
:103C20005890CDF824908DF82C9008950C970A9315
:103C3000744B0D93304634F0A1FE0C9F002F00F022
:103C40009E843B68724A5B6B934240F0A883B96DD7
:103C5000002900F0B0830DA838F0FAFF0C98002876
:103C600000F0F28002686B49136B8B4240F0CD810B
:103C7000036D002B00F04283926B67498A4240F04B
:103C800095831B7813F0700F00F0C781012158480D
:103C90003CF066F8614838F0DBFD0C9F002F57D0F0
:103CA0003B68DFF88091DB6A4B4540F07C83B86D60
:103CB00018B13EF095F90023BB653B6D002B00F079
:103CC0003B8307F1180034F059FEDDF830B0DBF823
:103CD0000470013FCBF80470002F37D1DBF80030BF
:103CE000DB6A4B4540F08283DBF8580018B13EF0A8
:103CF00077F9CBF85870DBF85030002B00F0708368
:103D00000BF1180034F03AFE0C9FFFB13B68444AB7
:103D10005B68934240F08483B86D374B3B6018B1C9
:103D20003EF05EF90023BB653B6D07F11809002BDF
:103D300000F06E83484634F021FE324BBB604846AB
:103D400034F01CFE38465C2139F0A6FB00230C93AE
:103D50000DA838F0D5FF0C9F0895002F3FF421AF38
:103D60007B68013B7B600193002B7FF41AAF3A68BC
:103D70002C49D26A8A4240F05083B86D18B13EF0A7
:103D80002FF9019BBB653B6D002B00F0328307F1DF
:103D9000180034F0F3FD0C9F002F3FF402AF3B6896
:103DA0001F4A5B68934240F04383B86D124B3B60FF
:103DB00018B13EF015F90023BB653B6D07F11809FA
:103DC000002B00F03083484634F0D8FD0D4BBB602B
:103DD000484634F0D3FD38465C2139F05DFB002CB9
:103DE0007FF4E2AE20E000BF38C70400D4B3040083
:103DF000DCB304008C18FF1F6C0E0500D40D050009
:103E00001C0E0500F80D0500400E0500810900009C
:103E1000BD05000061040000590A00002808FF1FCA
:103E2000190D0000D10400004FF47A7383490994FE
:103E30000DA88DF82C4008950C940A9338F008FFD3
:103E40000C9800287FF40EAF13217D483BF088FFCB
:103E50007C4838F0FDFC0DA838F052FF0C9E089508
:103E6000002E39D07568013D7560002D34D133685E
:103E7000754ADB6A934240F01383B06D10B13EF097
:103E8000AFF8B565336D002B00F0E28206F1180043
:103E900034F074FD0C9DFDB12B686C4A5B68934255
:103EA00040F03083A86D6A4B2B6018B13EF098F853
:103EB0000023AB652B6D05F11806002B00F0128373
:103EC000304634F05BFD634BAB60304634F056FD5A
:103ED00028465C2139F0E0FA5F49604D594FDFF820
:103EE00094910DA838F0B4FE0DA8FCF74DFB0DA879
:103EF00038F006FF07EE908AB8EEE70A00268DED4F
:103F0000010AFCF7F9FA29680DA838F0A1FE0DA8FE
:103F1000FCF73AFB0DA838F0F3FE51490DA838F034
:103F200097FE0DA8FCF730FB0DA838F0E9FE9DEDDB
:103F3000010AFCF7E1FA29680DA838F089FE0DA8FE
:103F4000FCF722FB0DA838F0DBFE0C2145483BF0C6
:103F500007FF41463B4838F073FC3A4838F078FC9C
:103F600021AD284640F08CFD014628463BF0F8FE86
:103F7000384638F06DFC0A2148463BF0F1FE013628
:103F8000384638F065FCB04505F10D05E9DA0AEB75
:103F90004A090AEB89090AF1FF3321AADFF8D8B0F0
:103FA000284E019402EB090501279A467C1E032145
:103FB00058463BF0D5FE2146304638F041FCA5EB93
:103FC0000908032128483BF0CBFE404640F058FD4D
:103FD000014640463BF0C4FE0AEB07081321234884
:103FE0003BF0BEFE4146304638F02AFC304638F001
:103FF0002FFC631E052B00F2CA82DFE813F0F900E4
:10400000F700F500F300BD003F00984700283FF49B
:104010001BAF0C98002840F0B98102A90DA838F018
:104020009FFF0028C0F24181152111483BF098FE06
:10403000044838F00DFC0C9F30E600BF001205006C
:10404000E0B304002808FF1FD1040000190D000090
:104050006C0E0500F80D0500F4B304004807FF1FBF
:1040600014B404002CB4040030F2040054B404006E
:104070003CB40400A4EE040064B40400B349019C01
:104080000DA838F0E5FD0DA8FCF77EFA0DA838F074
:1040900037FEAF490DA838F0DBFD0DA8FCF774FA28
:1040A0000DA838F02DFE08EB480308EB830021AB88
:1040B0001D1829460DA838F0CBFD0DA8FCF764FAB1
:1040C0000DA838F01DFE284640F0DAFC01462846CF
:1040D0003BF046FE9F4838F0BBFB9F4B0DA819688C
:1040E00038F0B6FD0DA8FCF74FFA0DA838F008FE21
:1040F000002C37D06568013D6560002D32D1236802
:10410000964ADB6A934240F0CE81A06D10B13DF03B
:1041100067FFA565236D002B00F0958104F1180061
:1041200034F02CFC23688E4A5B68934240F0E781B0
:10413000A06D8C4B236018B13DF052FF0023A365A6
:10414000236D04F11805002B00F0C781284634F0D8
:1041500015FC854BA360284634F010FC5C212046FA
:1041600039F09AF905A838F0CBFD02A838F0C8FD5F
:104170000DF29C5DBDE8F08F7C490DA838F068FD1C
:104180000DA8FCF701FA0DA838F0BAFD70490DA88A
:1041900038F05EFD0DA8FCF7F7F90DA838F0B0FD7A
:1041A00029460DA838F054FD0DA8FCF7EDF90DA82F
:1041B00038F0A6FD284640F063FC014628463BF057
:1041C000CFFD304638F044FB634B19680DA838F03A
:1041D0003FFD0DA8FCF7D8F90DA838F091FD013787
:1041E0000D35E3E66249C8E76249C6E76249C4E7BC
:1041F0006249594C0DA838F02BFD0DA8FCF7C4F905
:104200000DA838F07DFD52490DA838F021FD0DA80C
:10421000FCF7BAF90DA838F073FD29460DA838F05F
:1042200017FD0DA8FCF7B0F90DA838F069FD284678
:1042300040F026FC014628463BF092FD304638F01F
:1042400007FB21680DA838F003FD0DA8FCF79CF9C9
:104250000DA838F055FD4A490DA838F0F9FC0DA815
:10426000FCF792F90DA838F04BFD39490DA838F04C
:10427000EFFC0DA8FCF788F90DA838F041FD2946A0
:104280000DA838F0E5FC0DA8FCF77EF90DA838F074
:1042900037FD284640F0F4FB014628463BF060FD20
:1042A000304638F0D5FA216890E705A90DA838F016
:1042B00057FE0028BFF6B8AE0C9F002F00F0E48038
:1042C0003B68304A5B6B934240F0E280D7F85890ED
:1042D000B9F1000F00F0EA80484640F0D1FB0146FA
:1042E00048463BF03DFD1B4838F0B2FAB8F1620F8A
:1042F00040F3B3800C9F08F10108CFE4436D002B1D
:104300003FF4A2AD926B204B9A424FD1436D002BEC
:104310003FF483AE93F8313013F0500F7FF4B6AC16
:104320007BE6209B002B7FF45CAC0A9709938DF809
:104330002C300C9308957BE47B6D002B7FF4C1AC93
:10434000C3E4214608A8984777E400BF14B50400E9
:1043500080B404002808FF1F4C07FF1FD104000091
:10436000190D00006C0E0500F80D0500FCB40400EA
:10437000E4B40400CCB40400B4B4040084B4040075
:104380009CB40400BD050000590A000003689A6B44
:104390009B4B9A420AD1036D002BB7D071E438468B
:1043A0009847014657E4384698478EE490470028DE
:1043B0007FF46CAC31E64FF4807001913DF008FE63
:1043C000B865002800F0DE80019901703B6DABB14B
:1043D00001464FF48072184633F046FFB96D3AE457
:1043E000DBF85430002B7FF48BAC8DE458469847B3
:1043F0008AE47B6D002B7FF4CAACCCE47B6D2BB1DF
:1044000001464FF48072184631F078FCB96D22E411
:104410007B6D002B7FF48EAC8FE438469047BAE476
:104420003846984792E47B6D002B7FF4CCACCDE40A
:1044300038469847FFF7B5BB209C002C7FF48DAB26
:1044400011AEFFF7A6BB636D002B7FF467AE69E684
:10445000736D002B7FF41AAD1CE508EB48030C9F2D
:1044600008EB830321AA02EB0309002F3FD03B682E
:10447000644A5B6B934248D1B96D002957D04846D6
:104480000D223FF0ABFD36E7DFF87C91394627E798
:10449000384698478146B9F1000F3FF424AF1BE737
:1044A00030469847F6E4204698473BE64FF4807044
:1044B0003DF08EFD0146B86500285CD080F8009084
:1044C000386D38B34FF4807233F0CEFED7F8589081
:1044D000B9F1000F3FF407AFFEE6636D002B7FF4E8
:1044E00035AE36E66B6D002B7FF4EAACEBE4464963
:1044F00048460D2208F101083FF070FD28E42046EF
:1045000098472FE628469847E6E4384698470C9F98
:104510000146B4E7786D18B14FF4807231F0EEFBCC
:10452000D7F85890B9F1000F3FF4DDAED4E64FF460
:10453000807001913DF04CFD0346B865B8B101991A
:104540000170386D38B119464FF4807233F08CFE2B
:10455000B96D0C9F93E7786D38B119464FF48072AE
:1045600031F0CCFBB96D0C9F89E7B96D87E7274B1C
:10457000BB65194683E7254BBB659946ACE62249E6
:10458000FFF769BB214BBB651946FFF764BB2049A8
:104590000DA838F05DFB0DA8FBF7F6FF0DA838F06D
:1045A000AFFB1C490DA838F053FB0DA8FBF7ECFF3F
:1045B0000DA838F0A5FB29460DA838F049FB0DA839
:1045C000FBF7E2FF0DA838F09BFB284640F058FAB5
:1045D000014628463BF0C4FB304638F039F90E4B13
:1045E0000DA8196838F034FB0DA8FBF7CDFF0DA816
:1045F00038F086FB072F7FF4F2AD019C78E500BF11
:10460000590A0000BD05000000120500B00FFF1F91
:1046100068B4040080B404004C07FF1F2DE9F04F7C
:10462000A7B003465149019307A838F011FB504940
:104630000AA838F00DFB682038F02CFF0C2303602B
:1046400008234360C3181C46049300F168051F4605
:10465000204600210C3438F0FBFAA542F8D11A218B
:1046600044483BF07DFB444838F0F2F80023434ACD
:10467000434912A834F09AFA249B002B00F02684B8
:104680005C2038F005FF139BC360149B03619DF809
:10469000543003753B4B036006463B4B836000245C
:1046A00000F1180B16A94460584634F039F97368C4
:1046B000DFF8F4A0B46501337360C6F808A0334B8B
:1046C000129316A834F05AF9336831491A6B8A42AA
:1046D00040F08F84326D002A00F064849B6A2D497B
:1046E0008B4240F09384D4692B48DFF8C0800A21C4
:1046F0003BF036FB00230A2221461F4838F0C0F861
:104700001D4838F0A5F8092124483BF029FB019CFD
:104710001948214638F094F8174838F099F81021D4
:104720001F483BF01DFBD8F80010134838F088F8FC
:10473000114838F08DF81B481021002C40F0A98357
:104740006423C8F800303BF00BFBD8F800100A488F
:1047500038F076F8084838F07BF8062300240297F2
:10476000054D039437469946BAE000BF38C70400A8
:104770002CB5040034B504002808FF1FDCB3040086
:104780008C18FF1F6C0E0500D40D0500F80D0500F8
:10479000610400006509000060B504006CB5040008
:1047A00078B504008CB504001C0E05003807FF1F07
:1047B0003368744A5B6B934240F02F83B36D002BD8
:1047C00000F040831846009340F05AF9009B0146E0
:1047D00018463BF0C5FA284638F03AF8119E002EEC
:1047E00000F0CA82336868499A6B8A4240F062825C
:1047F000326D002A00F0CE82127812F0700F00F0B5
:104800006282624811213BF0ABFA2846013C38F045
:104810001FF8119B002B00F0D4801A685C48116BC4
:10482000814240F0C980196D002900F0A782D26A48
:10483000584EB24240F0AB82986D28B100933DF0E3
:10484000CFFB009B00229A651A6D002A00F0BF8200
:1048500003F1180034F092F8119A5368013B536049
:104860000093002B38D11168C96AB14240F00E8321
:10487000906D28B105923DF0B3FB059A009B9365BE
:10488000136D002B00F0F68202F1180034F076F878
:10489000119E0EB33368404A5B68934240F05A83DE
:1048A000B06D3E4B336018B13DF09AFB0023B36509
:1048B000336D002B00F0FE8206F1180318460093BA
:1048C00034F05CF8009B364AB260184634F056F873
:1048D00030465C2138F0E0FD01344C4500F3F182B4
:1048E0003B68304ADB6B934240F0928200224FF4E7
:1048F0007A76594616A8CDE92422CDF848A013921D
:104900008DF85420149634F0A5F8249B002B00F069
:1049100052825C2038F0BCFD139A204B0360C260C9
:10492000214B149A8360026100239DF85420436058
:104930000646027516A9183033F0F2FF0023B3655E
:104940000E938DF840307368C6F808A00133736089
:10495000164B0D934FF47A7311960F93104B1293DD
:1049600016A834F00BF82146284637F069FF1048A6
:1049700002213BF0F5F9119E002E7FF419AF0D4B8B
:10498000314625E7BD050000590A0000A0B5040026
:1049900061040000D1040000190D00006C0E050038
:1049A000F80D050081090000D40D0500400E05003A
:1049B000A8B104000012050018468847002840F0FE
:1049C00033820021A7483E46029F3BF0C9F9A64822
:1049D00037F03EFF0F21A5483BF0C2F92146A2481F
:1049E00037F02EFF0321A2483BF0BAF9D8F80010A7
:1049F0009D4837F025FF04F1080303219C48C8F8BF
:104A000000303BF0ADF9D8F80010974837F018FFA8
:104A1000954837F01DFF974912A838F019F912A8E8
:104A2000FBF7B2FD12A838F06BF9934B1B68012B12
:104A300000F00983032B00F00A83002B00F0FF82B3
:104A4000631E00EE103ADFF86492B8EEC00AFBF77E
:104A500053FDD9F8001012A838F0FAF812A8FBF7A5
:104A600093FD12A838F04CF9119C844B0D93002C47
:104A700039D06568013D6560002D34D12368804AD6
:104A8000DB6A934240F00E83A06D10B13DF0A8FAAE
:104A9000A565236D002B00F0EB8204F1180033F0C4
:104AA0006DFF119CFCB12368764A5B68934240F02D
:104AB000EE82A06D744B236018B13DF091FA002393
:104AC000A365236D04F11805002B00F0EE82284643
:104AD00033F054FF6D4BA360284633F04FFF204660
:104AE0005C2138F0D9FCDFF8C8815F4C012505F165
:104AF000FF3A032140463BF033F95146204637F058
:104B00009FFE03215A483BF02BF93946204637F0E7
:104B100071FEA5F1020A204637F09AFEBAF1050FA0
:104B200000F2D782DFE80AF09C9A98966A03584907
:104B300012A838F08DF812A8FBF726FD12A838F05D
:104B4000DFF8544912A838F083F812A8FBF71CFDCF
:104B500012A838F0D5F8394612A838F097F812A8FC
:104B6000FBF712FD12A838F0CBF8D9F8001012A804
:104B700038F06EF812A8FBF707FD12A838F0C0F85D
:104B80000AA838F0BDF807A838F0BAF87468013CF4
:104B90007460002C2FD13368394ADB6A934240F0AD
:104BA0005A82B06D10B13DF01BFAB465336D002B25
:104BB00000F01A82584633F0E1FE3368314A5B68F0
:104BC000934240F06C82B06D2F4B336018B13DF0D2
:104BD00007FA0023B365336D002B00F05B82584663
:104BE00033F0CCFE294BB360584633F0C7FE5C214E
:104BF000304638F051FC27B0BDE8F08F264912A8A6
:104C000038F026F812A8FBF7BFFC12A838F078F8A5
:104C1000204912A838F01CF812A8FBF7B5FC12A81E
:104C200038F06EF8394612A838F030F812A8FBF7C1
:104C3000ABFC12A838F064F8D9F8001012A838F0CC
:104C400007F812A8FBF7A0FC12A838F059F80C37A7
:104C500001354CE71149D2E71149D0E71149CEE7B8
:104C60001149CCE7001205002808FF1FE4B5040035
:104C700030F20400F4B504006007FF1F400E050089
:104C8000D1040000190D00006C0E0500F80D0500A0
:104C900014B5040080B40400FCB40400E4B40400BF
:104CA000CCB40400B4B4040084B404004C07FF1F67
:104CB00064B404003046904700287FF4A2AD119EF2
:104CC000002E59D033685B6BAA4A93426FD1B16D05
:104CD000002900F0298112A837F0BAFF0E21A6485A
:104CE0003BF03EF812A9284637F084FD284637F0FD
:104CF000AFFD1221A1483BF033F807A912A838F004
:104D00002FF90146284637F09BFD284637F0A0FDD5
:104D100007A912A838F024F90028C0F28B80019B63
:104D2000A3425CDD0A2196483BF01AF8214628464A
:104D300037F086FD934803213BF012F8119E002EB8
:104D40004AD033688B4A5B6B934240F09880B36DD6
:104D5000002B00F0D180184600933FF091FE009B9D
:104D6000014618463AF0FCFF032186483AF0F8FF66
:104D700012A837F0C5FF4CE58349ACE7596D00290F
:104D80003FF41FAED26A814EB2423FF455AD184691
:104D9000904761E5726D002A95D092F8312012F0AB
:104DA000500F7FF42EAD5B6B724A93428FD030462A
:104DB000984701468FE7259B002B7FF4AAAD0E9301
:104DC0008DF840301193724B0F960D93C6E55A6DD6
:104DD000002A7FF43DAD3FE56B4B3146C1E7119EA4
:104DE000002E00F0C5803368624A5B6B934240F04E
:104DF0000981B16D002900F00E81039E049B06EB32
:104E0000460003EB800037F0D5FF731C039389E75E
:104E1000002239460DA89847A5E530469847034635
:104E2000002B3FF4D8ACCDE4119B002B3FF454ADE4
:104E30001A68FCE40AA912A838F092F80028BFF614
:104E40006EAF6FE74FF4807000933DF0C1F80146FC
:104E5000B065002800F03681009B0370306D00289B
:104E60007BD04FF4807233F0FFF9B36D002B3FF429
:104E7000B2ACA7E4536D002B7FF406AD08E53046D5
:104E800098470346002B3FF46FAF64E7104688470E
:104E9000FEE43AF065FFD8F800103E4837F0D0FC49
:104EA0003C4837F0D5FC019B06337FF557ACDFF863
:104EB000F09018E6736D002B7FF4FEAC06F118033A
:104EC00001E53E46DFF8D890029F0CE6259B002BBB
:104ED0007FF4D6AB304B129316A833F04FFD0E2162
:104EE0002E483AF03DFF0AA837F00AFF07A837F02E
:104EF00007FF27B0BDE8F08F4FF4807000933DF0BE
:104F000067F80146B065002800F0E080009B037060
:104F1000306D00285DD04FF4807233F0A5F9B36D89
:104F2000002B3FF421AF16E74FF4807000913DF065
:104F30004FF8B065002800F0C18000990170336D12
:104F4000002B3CD001464FF48072184633F08CF9A8
:104F5000B16DC0E630469847BEE4706D18B14FF4AD
:104F6000807230F0CBFEB36D002B3FF434AC29E4FB
:104F7000054942E7BD050000B4B50400C4B504000E
:104F8000D8B5040030F2040000120500D10400007E
:104F9000400E05002808FF1FF80D050050B504005D
:104FA0004C07FF1F726D42B39B6A604A93422DD13A
:104FB000746D002C3FF498AB2469FFF795BB736DBB
:104FC0002BB101464FF48072184630F097FEB16D58
:104FD00081E6706D18B14FF4807230F08FFEB36DC2
:104FE000002B3FF4C1AEB6E6736D002B7FF4E2AD4B
:104FF000E3E53046904700283FD10E214C483AF077
:10500000AFFEBDE5304698470146F6E63046984784
:105010000446FFF769BB4FF4807000913CF0D8FF65
:10502000B065002846D000990170336DB3B10146D8
:105030004FF48072184633F017F9B16DDDE6222087
:105040003AF012FFFCE4222038F078FEF8E4222047
:1050500039F05EFFF4E430469847AEE5736D2BB14E
:1050600001464FF48072184630F048FEB16DC4E638
:10507000636D002B7FF411AD13E533682B4A9B6AF7
:105080009342C3D1326D002A92D0FFF72CBB204649
:10509000984728E5736D002B7FF4A1ADA2E530465B
:1050A0009847A8E520469847FBE4636D002B7FF402
:1050B0000EAD0FE51F4BB36519469EE61D4BB3655C
:1050C000194608E61B4BB365FFF77CBB194BB3656C
:1050D00041E6194912A837F0BBFD12A8FBF754FAB4
:1050E00012A837F00DFE154912A837F0B1FD12A82D
:1050F000FBF74AFA12A837F003FE394612A837F038
:10510000C5FD12A8FBF740FA12A837F0F9FDD9F84F
:10511000001012A837F09CFD12A8FBF735FA12A870
:1051200037F0EEFD072D7FF492AD29E5650900000B
:1051300050B50400B00FFF1F68B4040080B4040031
:105140002DE9F0432DED028B974C9849BDB0002618
:1051500005460BA8266037F07BFD31460EA837F0D8
:1051600077FD314611A837F073FD122190483AF0CF
:10517000F7FD90483FF084FC01468E483AF0F0FD80
:105180008D4837F065FB33468A4A8C4928A833F0AE
:105190000DFD3A9B002B00F06C825C2038F078F912
:1051A000299BC3602A9B03619DF8AC300375844B37
:1051B000036006460027834B83600DF1B00847600B
:1051C0004146183033F0ACFB7368B7650133736048
:1051D0007D4BB36027964FF47A737C4E24978DF8FD
:1051E0009870239625937A4F2897404633F0C6FB54
:1051F0002798002800F030820368764A1B6B9342A0
:1052000040F02782036D002B00F04382724A13683E
:105210000293029913680193019B5B1A132BF9D92E
:1052200048B3DFF8D08103681B69434540F098819B
:10523000036D002B00F0F4811A78110740F194817E
:10524000D8695B69C01A40F18C8100230A2223A926
:1052500028A837F025FC28A90BA837F095FD28A829
:1052600037F04EFD2368AB4200F07E812798013372
:1052700023600028D7D100210BA837F049FE574DF5
:1052800003782B6001220BA928A837F07BFE28A900
:105290000EA837F079FD28A837F032FD0BA9504849
:1052A00037F06AFD2D214F483AF05AFD21684248F7
:1052B00037F0C6FA404837F0CBFA0C214A483AF0AA
:1052C0004FFD29683C4837F0BBFA3B4837F0C0FA3D
:1052D000122146483AF044FD4149374837F08AFAEE
:1052E000354837F0B5FA082141483AF039FD0EA9A2
:1052F000314837F07FFA304837F0AAFA2B680D3B77
:105300004D2B00F20482DFE813F0A100020202023A
:10531000020202020202020202020202020202026D
:10532000020202020202020202020202020202025D
:10533000020202020202020202020202020202024D
:10534000020202020202020202020202020202023D
:10535000020202020202020202020202020202022D
:1053600002020202020228040202020202020202F5
:105370000202A100A100A100A100A1009002360438
:105380008D04A1006F027700770002021802A100CD
:10539000A10002020704A100FD020202B1023A02CA
:1053A000A1000202A10000BF1816FF1F0012050095
:1053B00008B604007C16FF1F2808FF1F8C18FF1F6B
:1053C0006C0E0500D40D05001C0E0500400E0500F6
:1053D000F80D0500610400000C1FFF1FE016FF1F01
:1053E0000816FF1F2CB604005CB604006CB604005F
:1053F00080B60400DD0B000001210BA837F088FD0A
:105400000178AF4837F0E8FC02220BA928A837F052
:10541000B9FD28A90EA837F0B7FC28A837F070FC12
:105420001B21A8483AF09CFCA549A74837F0E2F9AF
:10543000A54837F00DFAA5480C213AF091FCA24896
:105440000EA937F0D7F9A04837F002FAA04B0E9C0E
:10545000002C08BF1C4620463CF0B6FD0B219D48A1
:10546000B0EE408AF0EE608A3AF07AFC0EA99648D7
:1054700037F0C0F9944837F0EBF90C2196483AF030
:105480006FFC20463FF0FCFA014620463AF068FCEB
:105490008D4837F0DDF9072190483AF061FCB0EE15
:1054A000480AF0EE680A0221874837F0F5F9864885
:1054B00037F0CEF98A481A213AF052FC824837F088
:1054C000C7F9279C2396002C38D06568013D65609C
:1054D000002D33D12368834ADB6A934240F0148164
:1054E000A06D10B13CF07CFDA565236D002B00F094
:1054F000D58004F1180033F041FA279CF4B12368F9
:10550000794A5B68934240F0DC83A06D774B23605F
:1055100018B13CF065FD0023A365236D04F1180567
:10552000002B00F0C483284633F028FAA7602846F1
:1055300033F024FA20465C2137F0AEFF11A837F093
:10554000DFFB0EA837F0DCFB0BA837F0D9FBB0EE81
:10555000480AF0EE680A3DB0BDEC028BBDE8F0836E
:10556000984700287FF471AE279D002D3FF483AE4D
:105570002B68DFF87091DB6A4B4540F09980A86D8D
:1055800018B13CF02DFD0023AB652B6D002B00F016
:105590008A8005F1180033F0F1F9DDF89C80D8F825
:1055A0000450013DC8F80450002D36D1D8F8003021
:1055B000DB6A4B4540F0BC80D8F8580018B13CF08D
:1055C0000FFDC8F85850D8F85030002B00F09680E6
:1055D00008F1180033F0D2F9279DF5B12B68424A43
:1055E0005B68934240F07083A86D404B2B6018B10C
:1055F0003CF0F6FC0023AB652B6D05F11808002B81
:1056000000F05A83404633F0B9F9AF60404633F0BA
:10561000B5F928465C2137F03FFF002327932AE69F
:10562000436D002BA0D093F8312012079CD51A6847
:105630001869801A5A695B6862EB0303B0F1004F86
:1056400073F100038DD36FF0004000287FF4FDADAF
:105650008AE7984700286ED1254B264801220F2162
:105660001A703AF07DFB184837F0F2F89FED128B74
:1056700027E73B9B002B7FF490AD1F4E24938DF8C2
:10568000983027934FF47A73239625930DF1B00841
:10569000A9E5436D002B7FF4B9ADDDE7636D002B09
:1056A0007FF427AF29E76B6D002B7FF472AF74E7AF
:1056B0002846984771E700BF000000000000F0BFD7
:1056C0003816FF1F04B704002808FF1F20B7040086
:1056D000D016050090B804009CB80400ACB80400D3
:1056E000B4B80400D1040000190D00006C0E0500D0
:1056F000DD0FFF1F1CB60400400E0500D8F8543023
:10570000002B7FF465AF67E720469847F5E66A4CC3
:105710006A4801232E2123703AF022FB2178684841
:1057200037F08EF8664837F093F89FED618BC8E646
:105730004046984750E7279868E501210BA837F0C5
:10574000E7FB01785F4837F047FB02220BA928A846
:1057500037F018FC28A90EA837F016FB28A837F058
:10576000CFFA092158483AF0FBFA5649544837F025
:1057700041F8534837F06CF8544809215DE601219F
:105780000BA837F0C5FB20AC0178204637F09AFA19
:105790004F49204637F0A6FB002800F098820123ED
:1057A0004C482B600D213AF0DBFA02220BA928A805
:1057B00037F0E8FB28A90EA837F0E6FA28A837F05A
:1057C0009FFA29683E4837F03BF8052142483AF0F5
:1057D000C7FA0EA93A4837F00DF8394837F038F8CB
:1057E000204637F08DFA31E601210BA837F090FB07
:1057F00001783A4837F0F0FA02220BA928A837F0CE
:10580000C1FB28A90EA837F0BFFA28A837F078FA0C
:10581000092133483AF0A4FA3249294836F0EAFF20
:10582000274837F015F83048A7E701210BA837F0D3
:105830006FFB01782D4837F0CFFA02220BA928A878
:1058400037F0A0FB28A90EA837F09EFA28A837F059
:1058500057FA092126483AF083FA2449184836F0C5
:10586000C9FF174836F0F4FF224886E701210BA84C
:1058700037F04EFB0178204837F0AEFA02220BA930
:1058800028A837F07FFB28A90EA837F07DFA28A8B2
:1058900037F036FA092119483AF062FA16490848F1
:1058A00036F0A8FF064836F0D3FF154865E700BF7D
:1058B0000000000000000000DC0FFF1F60B80400C3
:1058C0002808FF1FE40FFF1F30B704003CB7040097
:1058D000BCB7040034B8040058B80400F00FFF1F30
:1058E000ECB604002C10FF1FF8B604000810FF1FD0
:1058F00098B60400A4B604001410FF1F1CB80400DE
:1059000028B8040001210BA837F002FB017814A885
:1059100037F0D8F902220BA928A837F033FB28A9C1
:105920000EA837F031FA28A837F0EAF9142200233C
:1059300028A90EA837F0FAFA0621A1483AF010FA81
:105940000EA9A04836F056FF9E4836F081FF9E4BC8
:1059500093E803000390ADF8101028A803A93EF0C7
:10596000DDFA0022034604460EA917A837F036FBDD
:1059700022460EA91AA837F005FB082193483AF0F1
:10598000EFF91AA98F4836F035FF8E4836F060FFE0
:10599000012300221AA91DA837F020FB08218B48FB
:1059A0003AF0DEF91AA9874836F024FF20AC854882
:1059B00036F04EFF01221AA9204637F0E3FA1021F3
:1059C00083483AF0CDF914A97E4836F013FF7D489C
:1059D00036F03EFF10217F483AF0C2F917A9794806
:1059E00036F008FF774836F033FF10217A483AF056
:1059F000B7F91DA9734836F0FDFE724836F028FF4E
:105A0000102176483AF0ACF921466E4836F0F2FEA5
:105A10006C4836F01DFF724914A837F063FA00286D
:105A200000F06A816F4B00221A606D491DA837F0A3
:105A300059FA002800F057816B4B00221A600023AE
:105A40000A2205A917A837F071FA05A83CF0BCFA9C
:105A500051EC100B3BF0A4FFDFF8C481634DC8F894
:105A6000000000230A2208A9204637F05FFA08A8A0
:105A70003CF0AAFA51EC100B3BF092FF1321286086
:105A80005B483AF06DF905A83EF0FAFF014605A81B
:105A90003AF066F94B4836F0DBFE162155483AF0ED
:105AA0005FF9D8F800003BF02BFC41EC100B022111
:105AB000444836F0F1FE434836F0CAFE13214E4802
:105AC0003AF04EF908A83EF0DBFF014608A83AF08C
:105AD00047F93C4836F0BCFE162148483AF040F9F8
:105AE00028683BF00DFC41EC100B0221354836F0E4
:105AF000D3FE344836F0ACFE204637F001F91DA83D
:105B000037F0FEF81AA837F0FBF817A837F0F8F8C6
:105B100014A837F0F5F899E401210BA837F0F8F94B
:105B20000178374837F058F902220BA928A837F036
:105B300029FA28A90EA837F027F928A837F0E0F8A5
:105B4000092130483AF00CF92D491E4836F052FE32
:105B50001C4836F07DFE2C480FE60B212B483AF00E
:105B6000FFF8184836F074FE29480EA937F004F9FA
:105B70009FED118BA5E401210BA837F0C9F901783D
:105B8000244837F029F902220BA928A837F0FAF99E
:105B900028A90EA837F0F8F828A837F0B1F809219D
:105BA0001D483AF0DDF81B49064836F023FE05484B
:105BB00036F04EFE1948E0E500000000000000004D
:105BC000CCB604002808FF1FD0B8040060B704005A
:105BD0006CB7040080B7040094B70400A8B70400B1
:105BE000BCB70400F016FF1F0017FF1F4407FF1F7C
:105BF000C4B70400D8B70400F0B7040004B8040028
:105C00002010FF1F48B7040054B704008CB60400EE
:105C10003810FF1F2C10FF1FB0B60400BCB60400E4
:105C20004007FF1F0023142228A90EA837F07EF991
:105C30005C495D4D5D4C28A83EF002FA3CF0C4F989
:105C400051EC100B3BF0ACFE5949286000203EF0AF
:105C5000F7F93CF0B9F951EC100B3BF0A1FE06212D
:105C6000206054483AF07CF80EA9534836F0C2FD43
:105C7000092152483AF074F828683BF041FB41ECA6
:105C8000100B02214C4836F007FE09214C483AF02F
:105C900067F820683BF034FB41EC100B02214648CA
:105CA00036F0FAFD444836F0D3FDFFF7CFBB636D05
:105CB000002B7FF438AC39E46B6D002B7FF4A2AC81
:105CC000A3E42046984739E428469847A5E43D498F
:105CD000204637F007F9C0B102230D213A482B6066
:105CE0003AF03EF861E539491DA837F0FBF8A0B15C
:105CF000374B01221A60A2E6344914A837F0F2F8B3
:105D0000A0B1344B01221A608FE63349204637F0A8
:105D1000E9F8A0B103232B6047E530491DA837F00F
:105D2000E1F8B0B12A4B02221A6088E62B4914A888
:105D300037F0D8F8B0B1274B02221A6075E628492F
:105D4000204637F0CFF800283FF42FAD04232B6016
:105D50002BE521491DA837F0C5F860B11C4B032283
:105D60001A606CE61C4914A837F0BCF870B1194BE6
:105D700003221A6059E61A491DA837F0B3F8002823
:105D80003FF45DAE124B04221A6058E6144914A881
:105D900037F0A8F800283FF448AE0E4B04221A60F2
:105DA00043E600BFC8B60400B016FF1FB416FF1FBD
:105DB00010120500CCB604002808FF1FD4B604005A
:105DC000E0B6040044B8040048B80400D4B80400A5
:105DD0000017FF1FF016FF1FC0B70400A0DF04006C
:105DE000DC0B05002DE9F041BA4BC6B01D6804AECE
:105DF0003446AD1B601937F051F904F8010B46AB7E
:105E00009C42F7D1B449B54D01A836F021FF01A855
:105E1000FAF7BAFB01A836F073FF2B68012B01F0EB
:105E20005A80032B01F05280002B01F04A80D6EDFE
:105E3000007AAB4CB8EE670AFAF75EFB216801A85E
:105E400036F006FF01A8FAF79FFB01A836F058FFCD
:105E5000A44901A836F0FCFE01A8FAF795FB01A8B9
:105E600036F04EFF2B68012B01F02680032B01F04A
:105E70001E80002B01F01680D6ED017AB8EE670A7D
:105E8000FAF73AFB216801A836F0E2FE01A8FAF71A
:105E90007BFB01A836F034FF934901A836F0D8FE09
:105EA00001A8FAF771FB01A836F02AFF2B68012B35
:105EB00000F0F387032B00F0EB87002B00F0E38763
:105EC00096ED020AFAF718FB216801A836F0C0FE29
:105ED00001A8FAF759FB01A836F012FF834901A87F
:105EE00036F0B6FE01A8FAF74FFB01A836F008FF1E
:105EF0002B68012B00F0C287032B00F09187002B49
:105F000000F089877A4B7B4A96F89C1001A80029FB
:105F100014BF1146194636F09BFE01A8FAF734FB70
:105F200001A836F0EDFE216801A836F091FE01A827
:105F3000FAF72AFB01A836F0E3FE6F4901A836F014
:105F400087FE01A8FAF720FB01A836F0D9FE2B68DE
:105F5000012B00F05B87032B00F05387002B00F030
:105F60004B87D6ED037AB8EE670AFAF7C5FA2168CF
:105F700001A836F06DFE01A8FAF706FB01A836F07D
:105F8000BFFE5E4901A836F063FE01A8FAF7FCFAED
:105F900001A836F0B5FE2B68012B00F02887032BF3
:105FA00000F02087002B00F01887D6ED047AB8EEB9
:105FB000670AFAF7A1FA216801A836F049FE01A89C
:105FC000FAF7E2FA01A836F09BFE4D4901A836F037
:105FD0003FFE01A8FAF7D8FA01A836F091FE2B6827
:105FE000012B00F0F586032B00F0ED86002B00F06E
:105FF000E5867769DFF8208100EE107AFAF77CFAFF
:10600000216801A836F024FE01A8FAF7BDFA01A81C
:1060100036F076FE23213B4839F0A2FED8F8140072
:106020003BF06EF941EC100B0821374836F034FC98
:10603000354836F00DFC2721344839F091FE3846BA
:106040003BF05EF941EC100B08212F4836F024FCA0
:106050002D4836F0FDFB2E4901A836F0F9FD01A8C8
:10606000FAF792FA01A836F04BFE2B68012B00F0EC
:10607000A086032B00F09886002B00F090861C4B26
:106080001C4A96F89D1001A8002914BF1146194614
:1060900036F0DEFD01A8FAF777FA01A836F030FEF7
:1060A000216801A836F0D4FD01A8FAF76DFA01A81D
:1060B00036F026FE174901A836F0CAFD01A8FAF706
:1060C00063FA01A836F01CFE2B68012B00F06286F3
:1060D00024E000BF3416FF1FE4B804006007FF1F70
:1060E0004C07FF1FFCB8040014B904002CB90400CD
:1060F000DCB80400D8B8040044B9040054B9040062
:1061000064B9040074B904002808FF1F98B904009A
:10611000C0B90400D0B904007013FF1F032B00F0B6
:106120003486002B00F02C86D6ED087AB8EE670A8C
:10613000FAF7E2F9216801A836F08AFD01A8FAF71A
:1061400023FA01A836F0DCFDB84901A836F080FD3D
:1061500001A8FAF719FA01A836F0D2FD2B68012B35
:1061600000F00986032B00F00186002B00F0F98572
:10617000D6ED097AB8EE670AFAF7BEF9216801A8E8
:1061800036F066FD01A8FAF7FFF901A836F0B8FD70
:10619000A74901A836F05CFD01A8FAF7F5F901A8B6
:1061A00036F0AEFD2B68012B00F0D685032B00F0F6
:1061B000CE85002B00F0C68596ED0A0AFAF79CF909
:1061C000216801A836F044FD01A8FAF7DDF901A81D
:1061D00036F096FD974901A836F03AFD01A8FAF786
:1061E000D3F901A836F08CFD2B68012B00F0A585B2
:1061F000032B00F09D85002B00F095858E4B8F4A78
:1062000096F89E1001A8002914BF1146194636F0D1
:106210001FFD01A8FAF7B8F901A836F071FD216851
:1062200001A836F015FD01A8FAF7AEF901A836F07D
:1062300067FD834901A836F00BFD01A8FAF7A4F920
:1062400001A836F05DFD2B68012B00F06785032B5C
:1062500000F05F85002B00F05785D6ED347AB8EE5C
:10626000670AFAF749F9216801A836F0F1FC01A89C
:10627000FAF78AF901A836F043FD724901A836F011
:10628000E7FC01A8FAF780F901A836F039FD2B6880
:10629000012B00F03485032B00F02C85002B00F03F
:1062A0002485D6ED357AB8EE670AFAF725F9216824
:1062B00001A836F0CDFC01A8FAF766F901A836F07E
:1062C0001FFD614901A836F0C3FC01A8FAF75CF98B
:1062D00001A836F015FD2B68012B00F00185032B7A
:1062E00000F0F984002B00F0F18496ED360AFAF7FD
:1062F00003F9216801A836F0ABFC01A8FAF744F9CC
:1063000001A836F0FDFC514901A836F0A1FC01A816
:10631000FAF73AF901A836F0F3FC2B68012B00F0EC
:10632000D084032B00F0C884002B00F0C084424BC3
:10633000424A96F8DC1001A8002914BF11461946FC
:1063400036F086FC01A8FAF71FF901A836F0D8FC50
:10635000216801A836F07CFC01A8FAF715F901A81C
:1063600036F0CEFCD6F8CC30012B00F060843849F2
:10637000384F01A836F06CFC01A8FAF705F901A81E
:1063800036F0BEFC396801A836F062FC01A8FAF7C5
:10639000FBF801A836F0B4FC2F4901A836F058FCF0
:1063A00001A8FAF7F1F801A836F0AAFC396801A8AB
:1063B00036F04EFC01A8FAF7E7F801A836F0A0FC89
:1063C000264901A836F044FC01A8FAF7DDF801A837
:1063D00036F096FC396801A836F03AFC01A8FAF7C5
:1063E000D3F801A836F08CFC1D4901A836F030FC2A
:1063F00001A8FAF7C9F801A836F082FC396801A8AB
:1064000036F026FC01A8FAF7BFF801A836F078FCB0
:10641000144901A836F01CFC01A8FAF7B5F801A848
:1064200036F06EFC2B68012B1EE000BFE0B90400C3
:10643000F0B9040000BA0400DCB80400D8B80400C5
:1064400010BA040028BA040040BA040058BA040084
:10645000C0BA04004807FF1FD0BA0400E0BA040025
:10646000F8BA040010BB040000F0D385032B00F041
:10647000CB85002B00F0C385D6ED0E7AB8EE670A07
:10648000FAF73AF8216801A836F0E2FB01A8FAF71A
:106490007BF801A836F034FCB84901A836F0D8FBE7
:1064A00001A8FAF771F801A836F02AFC2B68012B35
:1064B00000F0A085032B00F09885002B00F090855C
:1064C000D6ED0F7AB8EE670AFAF716F8216801A838
:1064D00036F0BEFB01A8FAF757F801A836F010FC19
:1064E000A74901A836F0B4FB01A8FAF74DF801A8B6
:1064F00036F006FC2B68012B00F06D85032B00F0B5
:106500006585002B00F05D8596ED100AF9F7F4FF24
:10651000216801A836F09CFB01A8FAF735F801A81C
:1065200036F0EEFB974901A836F092FB01A8FAF786
:106530002BF801A836F0E4FB2B68012B00F03C851A
:10654000032B00F03485002B00F02C858E4B8F4AF6
:1065500096F89F1001A8002914BF1146194636F07D
:1065600077FB01A8FAF710F801A836F0C9FB2168FB
:1065700001A836F06DFB01A8FAF706F801A836F07D
:10658000BFFB736B002B00F0B682814901A836F087
:106590005FFB01A8F9F7F8FF01A836F0B1FB3968F5
:1065A00001A836F055FB01A8F9F7EEFF01A836F077
:1065B000A7FB784901A836F04BFB01A8F9F7E4FFE7
:1065C00001A836F09DFB396801A836F041FB01A80F
:1065D000F9F7DAFF01A836F093FB6F4901A836F00E
:1065E00037FB01A8F9F7D0FF01A836F089FB2B682B
:1065F000012B00F0D284032B00F0CA84002B00F0A2
:10660000C28496ED110AF9F777FF216801A836F0E8
:106610001FFB01A8F9F7B8FF01A836F071FB5F492D
:1066200001A836F015FB01A8F9F7AEFF01A836F076
:1066300067FB2B68012B00F0A184032B00F09984E9
:10664000002B00F09184D6ED167AB8EE670AF9F7C0
:1066500053FF216801A836F0FBFA01A8F9F794FF6F
:1066600001A836F04DFB4E4901A836F0F1FA01A819
:10667000F9F78AFF01A836F043FB2B68012B00F0E5
:106680006E84032B00F06684002B00F05E8498ED8E
:10669000170AB8EE400AF9F72FFF216801A836F073
:1066A000D7FA01A8F9F770FF01A836F029FB3D4998
:1066B00001A836F0CDFA01A8F9F766FF01A836F077
:1066C0001FFB2B68012B00F03B84032B00F033846D
:1066D000002B00F02B8496ED180AF9F70DFF2168C6
:1066E00001A836F0B5FA01A8F9F74EFF01A836F077
:1066F00007FB2D4901A836F0ABFA01A8F9F744FFD2
:1067000001A836F0FDFA2B68012B00F00A84032B58
:1067100000F00284002B00F0FB831B4B1B4A96F811
:10672000A01001A8002914BF1146194636F090FAAE
:1067300001A8F9F729FF01A836F0E2FA216801A8BB
:1067400036F086FA01A8F9F71FFF01A836F0D8FA4B
:10675000736D002B00F05582144901A836F078FAC9
:1067600001A8F9F711FF01A836F0CAFA396801A8A3
:1067700036F06EFA01A8F9F707FF19E028BB04000C
:1067800040BB040058BB0400DCB80400D8B80400C7
:1067900070BB040088BB0400D0BB0400E8BB04004D
:1067A00000BC040018BC040030BC040048BC040059
:1067B00001A836F0A5FAB94901A836F049FA01A8AE
:1067C000F9F7E2FE01A836F09BFA396801A836F025
:1067D0003FFA01A8F9F7D8FE01A836F091FAB049BE
:1067E00001A836F035FA01A8F9F7CEFE01A836F077
:1067F00087FA2B68012B00F08783032B00F080833E
:10680000002B00F0798396ED190AF9F775FE2168DF
:1068100001A836F01DFA01A8F9F7B6FE01A836F076
:106820006FFAA04901A836F013FA01A8F9F7ACFEF7
:1068300001A836F065FA2B68012B00F05983032B71
:1068400000F05283002B00F04B83D6ED407AB8EE77
:10685000670AF9F751FE216801A836F0F9F901A895
:10686000F9F792FE01A836F04BFAD6F8E030002B8B
:1068700040F0C5818C4901A836F0EAF901A8F9F782
:1068800083FE01A836F03CFA396801A836F0E0F939
:1068900001A8F9F779FE01A836F032FAD6F8E4300B
:1068A000002B40F09681814901A836F0D1F901A86A
:1068B000F9F76AFE01A836F023FA396801A836F024
:1068C000C7F901A8F9F760FE01A836F019FA78496E
:1068D00001A836F0BDF901A8F9F756FE01A836F077
:1068E0000FFA396801A836F0B3F901A8F9F74CFEA0
:1068F00001A836F005FAD6F8E830002B40F05381B5
:106900006C4901A836F0A4F901A8F9F73DFE01A8E9
:1069100036F0F6F9396801A836F09AF901A8F9F7C6
:1069200033FE01A836F0ECF9634901A836F090F97E
:1069300001A8F9F729FE01A836F0E2F9396801A8A3
:1069400036F086F901A8F9F71FFE01A836F0D8F94C
:10695000D6F8EC30002B40F01081584901A836F0F1
:1069600077F901A8F9F710FE01A836F0C9F93968DE
:1069700001A836F06DF901A8F9F706FE01A836F076
:10698000BFF94F4901A836F063F901A8F9F7FCFDFA
:1069900001A836F0B5F9396801A836F059F901A80F
:1069A000F9F7F2FD01A836F0ABF9D6F8F030002B7C
:1069B00040F0CD80434901A836F04AF901A8F9F723
:1069C000E3FD01A836F09CF9396801A836F040F9DA
:1069D00001A8F9F7D9FD01A836F092F93A4901A8C2
:1069E00036F036F901A8F9F7CFFD01A836F088F99D
:1069F000396801A836F02CF901A8F9F7C5FD01A8FE
:106A000036F07EF9D6F8F430002B40F08A802F491A
:106A100001A836F01DF901A8F9F7B6FD01A836F076
:106A20006FF9396801A836F013F901A8F9F7ACFD40
:106A300001A836F065F9264901A836F009F901A840
:106A4000F9F7A2FD01A836F05BF9396801A836F024
:106A5000FFF801A8F9F798FD01A836F051F91D4992
:106A600001A836F0F5F801A8F9F78EFD01A836F077
:106A700047F9396801A836F0EBF801A8F9F784FD69
:106A800001A836F03DF9144901A836F0E1F801A853
:106A9000F9F77AFD01A836F033F91FE060BC040075
:106AA000A8BC0400C0BC0400D4BC0400FCBC0400AE
:106AB00010BD04004CBD040060BD04008CBD04008A
:106AC000A0BD0400CCBD0400E0BD040014BE040061
:106AD00028BE04005CBE040074BE0400396801A82E
:106AE00036F0B6F801A8F9F74FFD01A836F008F91D
:106AF00046B0BDE8F081CD4901A836F0A9F801A85B
:106B0000F9F742FD01A836F0FBF8396801A836F024
:106B10009FF801A8F9F738FD01A836F0F1F8C4494B
:106B200048E5C44901A836F093F801A8F9F72CFD0F
:106B300001A836F0E5F8396801A836F089F801A80F
:106B4000F9F722FD01A836F0DBF8BB4974E7BB4931
:106B500001A836F07DF801A8F9F716FD01A836F076
:106B6000CFF8396801A836F073F801A8F9F70CFDE1
:106B700001A836F0C5F8B24931E7B24901A836F0AC
:106B800067F801A8F9F700FD01A836F0B9F83968EF
:106B900001A836F05DF801A8F9F7F6FC01A836F077
:106BA000AFF8A949EEE6A94901A836F051F801A8C5
:106BB000F9F7EAFC01A836F0A3F8396801A836F025
:106BC00047F801A8F9F7E0FC01A836F099F8A049C8
:106BD000ABE6A04901A836F03BF801A8F9F7D4FCD0
:106BE00001A836F08DF8396801A836F031F801A80F
:106BF000F9F7CAFC01A836F083F8974968E6974987
:106C000039E6974901A836F023F801A8F9F7BCFC4A
:106C100001A836F075F8396801A836F019F801A80E
:106C2000F9F7B2FC01A836F06BF88E49C4E58E493D
:106C30008E4F01A836F00CF801A8F9F7A5FC01A8C1
:106C400036F05EF8396801A836F002F801A8F9F7C5
:106C50009BFC01A836F054F8854901A835F0F8FFEF
:106C600001A8F9F791FC01A836F04AF8396801A8A3
:106C700035F0EEFF01A8F9F787FC01A836F040F8DF
:106C80007C4901A835F0E4FF01A8F9F77DFC01A8D3
:106C900036F036F8396801A835F0DAFF01A8F9F7BF
:106CA00073FC01A836F02CF87349FFF79EBB222035
:106CB00039F0DAF8FFF73BBB222038F029F9FFF76B
:106CC00036BB222037F03AF8FFF731BB222039F0EB
:106CD000CBF8FFF70ABB222038F01AF9FFF705BB03
:106CE000222037F02BF8FFF700BB222039F0BCF848
:106CF000FFF7D7BA222038F00BF9FFF7D2BA2220DB
:106D000037F01CF8FFF7CDBA222039F0ADF8FFF7C5
:106D1000A4BA222038F0FCF8FFF79FBA222037F0FF
:106D20000DF8FFF79ABA222039F09EF8FFF766BAFD
:106D3000222038F0EDF8FFF761BA222036F0FEFF8E
:106D4000FFF75CBA222039F08FF8FFF735BA22201E
:106D500038F0DEF8FFF730BA222036F0EFFFFFF709
:106D60002BBA222039F080F8FFF702BA222038F03F
:106D7000CFF8FFF7FDB9222036F0E0FFFFF7F8B9B2
:106D8000222039F071F8FFF7CFB9222038F0C0F88F
:106D9000FFF7CAB9222036F0D1FFFFF7C5B922208C
:106DA00039F062F8FFF76BB9222038F0B1F8FFF73D
:106DB00066B9222036F0C2FFFFF761B9222039F010
:106DC00053F8FFF716B9222038F0A2F8FFF711B9EF
:106DD000222036F0B3FFFFF70CB9222039F044F837
:106DE000FFF7E3B8222038F093F8FFF7DEB822204F
:106DF00036F0A4FFFFF7D9B8222039F035F8FFF7B5
:106E0000B0B8222038F084F8FFF7ABB8222036F073
:106E100095FFFFF7A6B8222039F026F8FFF772B8E1
:106E2000222038F075F8FFF76DB800BFA0BB040052
:106E3000B8BB040038BE04004CBE0400F0BD040022
:106E400004BE0400ACBD0400C0BD04006CBD040061
:106E500080BD040024BD040038BD0400E8BC04006B
:106E600078BC040090BC040070BA04004807FF1FFF
:106E700080BA040090BA0400A8BA0400222036F0B8
:106E80005DFFFFF73FB8222038F0EEFFFFF718B89C
:106E9000222038F03DF8FFF713B8222036F04EFFDD
:106EA000FFF70EB8222038F0DFFFFEF7E5BF222003
:106EB00038F02EF8FEF7E0BF222036F03FFFFEF755
:106EC000DBBF222038F0D0FFFEF7B1BF222038F020
:106ED0001FF8FEF7ACBF222036F030FFFEF7A7BF49
:106EE000222038F0C1FFB0E4222038F011F8ACE4E1
:106EF000222036F023FFA8E4222038F0B5FF82E4F8
:106F0000222038F005F87EE4222036F017FF7AE4DC
:106F1000222038F0A9FF00E4222037F0F9FFFFF724
:106F2000FCBB222036F00AFFFFF7F7BB222038F027
:106F30009BFFFFF7D0BB222037F0EAFFFFF7CBBB68
:106F4000222036F0FBFEFFF7C6BB222038F08CFF74
:106F5000FFF79DBB222037F0DBFFFFF798BB222015
:106F600036F0ECFEFFF793BB222038F07DFFFFF7F1
:106F70006ABB222037F0CCFFFFF765BB222036F03A
:106F8000DDFEFFF760BB222038F06EFFFFF739BB54
:106F9000222037F0BDFFFFF734BB222036F0CEFEB3
:106FA000FFF72FBB222038F05FFFFFF7CFBA222078
:106FB00037F0AEFFFFF7CABA222036F0BFFEFFF768
:106FC000C5BA222038F050FFFFF79EBA222037F0D2
:106FD0009FFFFFF799BA222036F0B0FEFFF794BA70
:106FE000222038F041FFFFF76BBA222037F090FFE4
:106FF000FFF766BA222036F0A1FEFFF761BA222021
:1070000038F032FFFFF738BA222037F081FFFFF760
:1070100033BA222036F092FEFFF72EBA70B5B44B89
:10702000C8B01D6806AC2D1B601936F037F804F89F
:10703000010B48AB9C42F7D1AE4A13680293029908
:1070400013680193019B5B1AC72BF9D9AA49AB4E70
:1070500003A835F0FDFD03A8F9F796FA03A835F06B
:107060004FFE3368012B00F00A82032B00F06F8281
:10707000002B00F06882A24CA24DD4ED067AB8EE47
:10708000670AF9F739FA296803A835F0E1FD03A882
:10709000F9F77AFA03A835F033FE9B4903A835F0D7
:1070A000D7FD03A8F9F770FA03A835F029FE336875
:1070B000012B00F04482032B00F03D82002B00F0F6
:1070C0003682D4ED077AB8EE670AF9F715FA29681F
:1070D00003A835F0BDFD03A8F9F756FA03A835F06B
:1070E0000FFE8A4903A835F0B3FD03A8F9F74CFA5F
:1070F00003A835F005FE3368012B00F01482032B42
:1071000000F00D82002B00F00682D4ED0B7AB8EE71
:10711000670AF9F7F1F9296803A835F099FD03A882
:10712000F9F732FA03A835F0EBFD794903A835F0F9
:107130008FFD03A8F9F728FA03A835F0E1FD3368BD
:10714000012B00F0E481032B00F0DD81002B00F027
:10715000D681D4ED0C7AB8EE670AF9F7CDF9296833
:1071600003A835F075FD03A8F9F70EFA03A835F06A
:10717000C7FD684903A835F06BFD03A8F9F704FAC9
:1071800003A835F0BDFD3368012B00F0B481032B5B
:1071900000F0AD81002B00F0A681D4ED137AB8EE9B
:1071A000670AF9F7A9F9296803A835F051FD03A882
:1071B000F9F7EAF903A835F0A3FD574903A835F01C
:1071C00047FD03A8F9F7E0F903A835F099FD336806
:1071D000012B00F08481032B00F07D81002B00F057
:1071E0007681D4ED147AB8EE670AF9F785F9296843
:1071F00003A835F02DFD03A8F9F7C6F903A835F06B
:107200007FFD464903A835F023FD03A8F9F7BCF933
:1072100003A835F075FD3368012B00F05481032B72
:1072200000F04D81002B00F04681D4ED1B7AB8EEC2
:10723000670AF9F761F9296803A835F009FD03A881
:10724000F9F7A2F903A835F05BFD0921344838F0BD
:1072500087FD00230A22E16E324835F011FB3148E8
:1072600035F0F6FA304903A835F0F2FC03A8F9F737
:107270008BF903A835F044FD3368012B00F017812A
:10728000032B00F01081002B00F00981D4ED1C7A53
:10729000B8EE670AF9F730F9296803A835F0D8FC89
:1072A00003A8F9F771F903A835F02AFD09211F4851
:1072B00038F056FD00230A22216F1A4835F0E0FA13
:1072C000184835F0C5FA1A4903A835F0C1FC03A8DF
:1072D000F9F75AF903A835F013FD3368012B00F0D4
:1072E000DA80032B00F0D380002B00F0CC8021E06B
:1072F0003416FF1F0C1FFF1F88BE04006007FF1F0E
:107300007013FF1F4C07FF1F9CBE0400B0BE04009B
:10731000C4BE0400D8BE0400ECBE040000BF0400DC
:1073200014BF04002808FF1F20BF040034BF04005E
:1073300040BF0400D4ED3E7AB8EE670AF9F7DCF8F6
:10734000296803A835F084FC03A8F9F71DF903A800
:1073500035F0D6FC0D21804838F002FD0023D4F82A
:10736000C8107E480A2235F08BFA7C4835F070FA56
:10737000D4F8C830002B6AD079497A4D03A835F08B
:1073800067FC03A8F9F700F903A835F0B9FC2968F0
:1073900003A835F05DFC03A8F9F7F6F803A835F06B
:1073A000AFFCD4F8FC30002B53D16F4903A835F063
:1073B0004FFC03A8F9F7E8F803A835F0A1FC296809
:1073C00003A835F045FC03A8F9F7DEF803A835F06B
:1073D00097FC664903A835F03BFC03A8F9F7D4F8FD
:1073E00003A835F08DFC296803A835F031FC03A80B
:1073F000F9F7CAF803A835F083FC5D4903A835F016
:1074000027FC03A8F9F7C0F803A835F079FC296830
:1074100003A835F01DFC03A8F9F7B6F803A835F06A
:107420006FFC544903A835F013FC03A8F9F7ACF836
:1074300003A835F065FC296803A835F009FC03A80A
:10744000F9F7A2F803A835F05BFC48B070BD4A49D3
:1074500093E74A4903A835F0FBFB03A8F9F794F832
:1074600003A835F04DFC296803A835F0F1FB03A80B
:10747000F9F78AF803A835F043FC4149AAE722202E
:1074800036F05CFCF7E5222038F0EEFC52E72220D3
:1074900037F03EFD4EE7222036F050FC4AE722202E
:1074A00038F0E2FCF2E6222037F032FDEEE6222050
:1074B00036F044FCEAE6222038F0D6FCB5E622207D
:1074C00037F026FDB1E6222036F038FCADE622206A
:1074D00038F0CAFC85E6222037F01AFD81E622202A
:1074E00036F02CFC7DE6222038F0BEFC55E622204A
:1074F00037F00EFD51E6222036F020FC4DE622202A
:1075000038F0B2FC25E6222037F002FD21E62220E9
:1075100036F014FC1DE6222038F0A6FCF5E522200A
:1075200037F0F6FCF1E5222036F008FCEDE52220EC
:1075300038F09AFCC5E5222037F0EAFCC1E52220AC
:1075400036F0FCFBBDE5222038F08EFC93E52220CE
:1075500037F0DEFC8FE500BF54BF04002808FF1F92
:1075600064BF04004807FF1F8CBF0400A0BF0400D5
:10757000DCBF0400F8BF040078BF0400B4BF0400FF
:10758000C8BF040070B5BB4BC6B01D6804AE34461E
:10759000AD1B601935F082FD04F8010B46AB9C422F
:1075A000F7D1B549B54D01A835F052FB01A8F8F760
:1075B000EBFF01A835F0A4FB2B68012B00F0A081A4
:1075C000032B00F01182002B00F00A82D6ED1D7A09
:1075D000AB4CB8EE670AF8F78FFF216801A835F0C9
:1075E00037FB01A8F8F7D0FF01A835F089FBA549C2
:1075F00001A835F02DFB01A8F8F7C6FF01A835F06A
:107600007FFB2B68012B00F0E781032B00F0E0816A
:10761000002B00F0D981D6ED1E7AB8EE670AF8F794
:107620006BFF216801A835F013FB01A8F8F7ACFF48
:1076300001A835F065FB944901A835F009FB01A8C4
:10764000F8F7A2FF01A835F05BFB2B68012B00F0D7
:10765000B781032B00F0B081002B00F0A981D6ED9B
:107660001F7AB8EE670AF8F747FF216801A835F0DE
:10767000EFFA01A8F8F788FF01A835F041FB83492C
:1076800001A835F0E5FA01A8F8F77EFF01A835F06A
:1076900037FB2B68012B00F08781032B00F08081E2
:1076A000002B00F07981D6ED207AB8EE670AF8F762
:1076B00023FF216801A835F0CBFA01A8F8F764FF91
:1076C00001A835F01DFB724901A835F0C1FA01A8E7
:1076D000F8F75AFF01A835F013FB2B68012B00F0D7
:1076E0005781032B00F05081002B00F04981D6ED2B
:1076F000217AB8EE670AF8F7FFFE216801A835F095
:10770000A7FA01A8F8F740FF01A835F0F9FA614996
:1077100001A835F09DFA01A8F8F736FF01A835F069
:10772000EFFA2B68012B00F02781032B00F020815A
:10773000002B00F01981D6ED227AB8EE670AF8F72F
:10774000DBFE216801A835F083FA01A8F8F71CFFD9
:1077500001A835F0D5FA504901A835F079FA01A809
:10776000F8F712FF01A835F0CBFA2B68012B00F0D7
:10777000F780032B00F0F080002B00F0E980D6EDBD
:10778000237AB8EE670AF8F7B7FE216801A835F04A
:107790005FFA01A8F8F7F8FE01A835F0B1FA3F4901
:1077A00001A835F055FA01A8F8F7EEFE01A835F06A
:1077B000A7FA2B68012B00F0C780032B00F0C080D4
:1077C000002B00F0B980D6ED247AB8EE670AF8F7FE
:1077D00093FE216801A835F03BFA01A8F8F7D4FE22
:1077E00001A835F08DFA2E4901A835F031FA01A82B
:1077F000F8F7CAFE01A835F083FA2B68012B00F0D8
:107800009780032B00F09080002B00F08980D6ED4C
:10781000257AB8EE670AF8F76FFE216801A835F0FF
:1078200017FA01A8F8F7B0FE01A835F069FA1D496A
:1078300001A835F00DFA01A8F8F7A6FE01A835F069
:107840005FFA2B68012B67D0032B61D0002B5BD034
:1078500096ED260A144DB8EE400AF8F74DFE216861
:1078600001A835F0F5F901A8F8F78EFE01A835F06A
:1078700047FA1BE03416FF1F10C004006007FF1F0B
:107880004C07FF1F24C0040038C004004CC0040093
:1078900060C0040074C0040088C004009CC00400E0
:1078A000B4C00400CCC004004807FF1F504901A821
:1078B00035F0CEF901A8F8F767FE01A835F020FAF7
:1078C000296801A835F0C4F901A8F8F75DFE01A800
:1078D00035F016FA474901A835F0BAF901A8F8F7CA
:1078E00053FE01A835F00CFA296801A835F0B0F96B
:1078F00001A8F8F749FE01A835F002FA46B070BDBC
:10790000222036F01BFA61E6222038F0ADFA9FE71C
:10791000222037F0FDFA9BE7222036F00FFA97E796
:10792000222038F0A1FA72E7222037F0F1FA6EE750
:10793000222036F003FA6AE7222038F095FA42E76F
:10794000222037F0E5FA3EE7222036F0F7F93AE751
:10795000222038F089FA12E7222037F0D9FA0EE710
:10796000222036F0EBF90AE7222038F07DFAE2E631
:10797000222037F0CDFADEE6222036F0DFF9DAE613
:10798000222038F071FAB2E6222037F0C1FAAEE6D2
:10799000222036F0D3F9AAE6222038F065FA82E6F2
:1079A000222037F0B5FA7EE6222036F0C7F97AE6D3
:1079B000222038F059FA52E6222037F0A9FA4EE692
:1079C000222036F0BBF94AE6222038F04DFA22E6B2
:1079D000222037F09DFA1EE6222036F0AFF91AE693
:1079E000222038F041FAF1E5222037F091FAEDE556
:1079F000E4C0040000C104002DE9F043884B1B687B
:107A0000013BA1B00A2B00F20881DFE813F0F70771
:107A10008D089908D30806011F097F0A950C190ED5
:107A20009F0F21017F49204635F012F92046F8F7D3
:107A3000ABFD204635F064F93368012B06F064870E
:107A4000032B06F05C87002B06F05487764920460E
:107A500035F0FEF82046F8F797FD204635F050F94E
:107A60002968204635F0F4F82046F8F78DFD2046C9
:107A700035F046F96D49204635F0EAF82046F8F72A
:107A800083FD204635F03CF93368012B06F02D8745
:107A9000032B06F02587002B06F01D87DFF8AC814D
:107AA000D8F80030002B44F086806149204635F03C
:107AB000CFF82046F8F768FD204635F021F929680F
:107AC000204635F0C5F82046F8F75EFD204635F033
:107AD00017F95849204635F0BBF82046F8F754FD11
:107AE000204635F00DF93368012B06F02380032B77
:107AF00006F01B80002B06F0138098ED030AF8F7C0
:107B0000FBFC2968204635F0A3F82046F8F73CFD39
:107B1000204635F0F5F8D8F80430302B05F0E78032
:107B200004F2BB87002B05F0E280012B27D14249EC
:107B3000204635F08DF82046F8F726FD204635F032
:107B4000DFF83368012B06F0F381032B06F0EB819D
:107B5000002B06F0D4813949204635F079F82046CB
:107B6000F8F712FD204635F0CBF82968204635F0AD
:107B70006FF82046F8F708FD204635F0C1F8304987
:107B8000204635F065F82046F8F7FEFC204635F033
:107B9000B7F83368012B05F0CB80032B05F0C380C9
:107BA000002B05F0C8863B6B002B02F000802549B6
:107BB000204635F04DF82046F8F7E6FC204635F033
:107BC0009FF82968204635F043F82046F8F7DCFC9A
:107BD000204635F095F81C49204635F039F8204606
:107BE000F8F7D2FC204635F08BF83368012B05F00E
:107BF000B186032B05F0A986002B05F0A18697ED31
:107C00000B0AF8F779FC2968204635F021F8204660
:107C1000F8F7BAFC204635F073F821B0BDE8F083E0
:107C20005007FF1F84C1040010D604009CC104004B
:107C3000DCC50400B4C1040004C20400F8C504009B
:107C4000CCC10400E8C10400ECC10400F010FF1F27
:107C5000D24FD3497B6DD34E04AC204603F01008BD
:107C600034F0F6FF2046F8F78FFC204635F048F850
:107C70003368012B05F04C83032B05F04483002B64
:107C800005F03C83C849C94D204634F0E1FF204649
:107C9000F8F77AFC204635F033F82968204634F0AE
:107CA000D7FF2046F8F770FC204635F029F8C04988
:107CB000204634F0CDFF2046F8F766FC204635F02C
:107CC0001FF83368012B05F01483032B05F00C8398
:107CD000002B05F004833B6C012B0CBFB549B64962
:107CE000204634F0B5FF2046F8F74EFC204635F02C
:107CF00007F82968204634F0ABFF2046F8F744FC2B
:107D0000204634F0FDFFAD49204634F0A1FF204667
:107D1000F8F73AFC204634F0F3FF3368012B05F006
:107D2000D982032B05F0D182002B05F0878197EDD6
:107D3000170AF8F7E1FB2968204634F089FF20464E
:107D4000F8F722FC204634F0DBFF9D49204634F052
:107D50007FFF2046F8F718FC204634F0D1FF336847
:107D6000012B05F06281032B05F0EB82002B01F063
:107D70006287B8F1000F41F01D879249204634F028
:107D800067FF2046F8F700FC204634F0B9FF296869
:107D9000204634F05DFF2046F8F7F6FB204634F02D
:107DA000AFFF8949204634F053FF2046F8F7ECFB3B
:107DB000204634F0A5FF3368012B04F0E687032B3F
:107DC00004F0DE87002B04F0D687D7ED0A7AB8EEF0
:107DD000E70AF8F791FB2968204634F039FF20467E
:107DE000F8F7D2FB204634F08BFF7849204634F078
:107DF0002FFF2046F8F7C8FB204634F081FF336898
:107E0000012B04F0B387032B05F09085002B05F0C0
:107E10008885D7ED007AB8EEE70AF8F76DFB296898
:107E2000204634F015FF2046F8F7AEFB204634F02C
:107E300067FF6749204634F00BFF2046F8F7A4FBA4
:107E4000204634F05DFF3368012B05F06585032B78
:107E500005F05D85002B05F05585D7ED057AB8EE68
:107E6000E70AF8F749FB2968204634F0F1FE20467E
:107E7000F8F78AFB204634F043FF1521554837F0C8
:107E80006FFFF96B544834F0DBFC534834F0E0FCEE
:107E90005249204634F0DCFE2046F8F775FB2046B8
:107EA00034F02EFF3368012B05F02785032B05F0F6
:107EB0001F85002B05F01785D7ED1E7AB8EEE70A6F
:107EC000F8F71AFB2968204634F0C2FE2046F8F77E
:107ED0005BFB204634F014FF3149204634F0B8FEF5
:107EE0002046F8F751FB204634F00AFF3368012B97
:107EF00005F0F484032B05F0EC84002B05F0E484FA
:107F00003749204634F0A4FE2046F8F73DFB2046D2
:107F100034F0F6FE2968204634F09AFE2046F8F741
:107F200033FB204634F0ECFE2E49204634F090FE20
:107F30002046F8F729FB204634F0E2FE3368012B97
:107F400005F0BD84032B05F0B584002B05F0AD844E
:107F5000D7ED067AB8EEE70AF8F7CEFA2968204698
:107F600034F076FE2046F8F70FFB204634F0C8FECA
:107F70001D49204634F06CFE2046F8F705FB2046EC
:107F800034F0BEFE3368012B05F08A84032B05F024
:107F90008284002B05F07A8428E000BF1412FF1FB2
:107FA00004C204006007FF1FF0D004004C07FF1F4D
:107FB0009CC104001CC2040020C2040084C104004F
:107FC0006CC10400E4C1040030C1040018C1040005
:107FD00048C1040024C204002808FF1FB4C10400E3
:107FE000D4B804003CC2040054C20400D7ED017AA6
:107FF000B8EEE70AF8F780FA2968204634F028FE40
:108000002046F8F7C1FA204634F07AFED4492046DB
:1080100034F01EFE2046F8F7B7FA204634F070FE22
:108020003368012B05F02D84032B05F02584002BEC
:1080300005F01D84D7ED0B7AB8EEE70AF8F75CFA85
:108040002968204634F004FE2046F8F79DFA2046C1
:1080500034F056FEC349204634F0FAFD2046F8F7C6
:1080600093FA204634F04CFE3368012B05F0FA8376
:10807000032B05F0F283002B05F0EA837B6DD80714
:108080004CBFB949B949204634F0E2FD2046F8F723
:108090007BFA204634F034FE2968204634F0D8FDBF
:1080A0002046F8F771FA204634F02AFEB0492046FF
:1080B00034F0CEFD2046F8F767FA204634F020FE73
:1080C0003368012B05F0BF83032B05F0B783002B2A
:1080D00005F0AF8397ED180AF8F70EFA29682046E5
:1080E00034F0B6FD2046F8F74FFA204634F008FE8B
:1080F000A049204634F0ACFD2046F8F745FA20466A
:1081000034F0FEFD3368012B05F08E83032B05F060
:108110008683002B05F07E837B6C012B0CBF964978
:108120009649204634F094FD2046F8F72DFA204673
:1081300034F0E6FD2968204634F08AFD2046F8F741
:1081400023FA204634F0DCFD8D49204634F080FDD2
:108150002046F8F719FA204634F0D2FD3368012B97
:1081600005F05383032B05F04B83002B05F043836D
:10817000D7ED1F7AB8EEE70AF8F7BEF9296820466E
:1081800034F066FD2046F8F7FFF9204634F0B8FDDC
:108190007C49204634F05CFD2046F8F7F5F920468E
:1081A00034F0AEFD3368012B05F02083032B05F07E
:1081B0001883002B05F010837349204634F048FDE6
:1081C0002046F8F7E1F9204634F09AFD2968204668
:1081D00034F03EFD2046F8F7D7F9204634F090FD04
:1081E0006A49204634F034FD2046F8F7CDF92046A0
:1081F00034F086FD3368012B05F0E982032B05F08E
:10820000E182002B05F0D982D7ED077AB8EEE70AB4
:10821000F8F772F92968204634F01AFD2046F8F77D
:10822000B3F9204634F06CFD5949204634F010FD76
:108230002046F8F7A9F9204634F062FD3368012B97
:1082400005F0B682032B05F0AE82002B05F0A68266
:10825000D7ED027AB8EEE70AF8F74EF9296820461A
:1082600034F0F6FC2046F8F78FF9204634F048FD4C
:108270004849204634F0ECFC2046F8F785F92046C2
:1082800034F03EFD3368012B05F08382032B05F0AB
:108290007B82002B05F07382D7ED0C7AB8EEE70AEB
:1082A000F8F72AF92968204634F0D2FC2046F8F77E
:1082B0006BF9204634F024FD3749204634F0C8FCE1
:1082C0002046F8F761F9204634F01AFD3368012B97
:1082D00005F05082032B05F04882002B05F0408208
:1082E0007B6D99074CBF20492049204634F0B0FCF3
:1082F0002046F8F749F9204634F002FD2968204667
:1083000034F0A6FC2046F8F73FF9204634F0F8FC9C
:108310002249204634F09CFC2046F8F735F92046E7
:1083200034F0EEFC3368012B05F01582032B05F0C9
:108330000D82002B05F0058297ED190AF8F7DCF89D
:108340002968204634F084FC2046F8F71DF92046C1
:1083500034F0D6FC1249204634F07AFC204621E065
:108360006CC2040084C20400E8C10400E4C104003B
:108370009CC20400B4C20400CCC20400D4C20400F5
:10838000DCC20400F4C20400A0DF04000CC304003B
:1083900024C304003CC3040054C304006CC30400A1
:1083A00084C30400F8F7F0F8204634F0A9FC3368E1
:1083B000012B05F0C181032B05F0B981002B05F0DD
:1083C000B181BB6C012B0CBFD449D549204634F098
:1083D0003FFC2046F8F7D8F8204634F091FC296895
:1083E000204634F035FC2046F8F7CEF8204634F02D
:1083F00087FCCC49204634F02BFC2046F8F7C4F823
:10840000204634F07DFC3368012B05F08681032B78
:1084100005F07E81002B05F07681D7ED207AB8EE4D
:10842000E70AF8F769F82968204634F011FC20467D
:10843000F8F7AAF8204634F063FCBB49204634F034
:1084400007FC2046F8F7A0F8204634F059FC3368C2
:10845000012B05F05381032B05F03A81002B05F029
:108460003281B249204634F0F3FB2046F8F78CF80D
:10847000204634F045FC2968204634F0E9FB2046CC
:10848000F8F782F8204634F03BFCA949204634F046
:10849000DFFB2046F8F778F8204634F031FC3368EB
:1084A000012B05F00B81032B05F00381002B05F058
:1084B000FB80D7ED087AB8EEE70AF8F71DF82968CF
:1084C000204634F0C5FB2046F8F75EF8204634F02D
:1084D00017FC9849204634F0BBFB2046F8F754F8C7
:1084E000204634F00DFC3368012B05F0D880032BB7
:1084F00005F0D080002B05F0C880D7ED037AB8EEE8
:10850000E70AF7F7F9FF2968204634F0A1FB204677
:10851000F8F73AF8204634F0F3FB8749204634F068
:1085200097FB2046F8F730F8204634F0E9FB336833
:10853000012B05F0A580032B05F09D80002B05F095
:108540009580D7ED0D7AB8EEE70AF7F7D5FF2968E1
:10855000204634F07DFB2046F8F716F8204634F02C
:10856000CFFB7649204634F073FB2046F8F70CF831
:10857000204634F0C5FB3368012B05F07280032BD5
:1085800005F06A80002B05F062807B6D5A074CBFB6
:108590006B496C49204634F05BFB2046F7F7F4FF4B
:1085A000204634F0ADFB2968204634F051FB2046CC
:1085B000F7F7EAFF204634F0A3FB6349204634F086
:1085C00047FB2046F7F7E0FF204634F099FB33687D
:1085D000012B05F03780032B05F02F80002B05F0D1
:1085E000278097ED1A0AF7F787FF2968204634F0AD
:1085F0002FFB2046F7F7C8FF204634F081FB534994
:10860000204634F025FB2046F7F7BEFF204634F025
:1086100077FB3368012B05F00680032B04F0FE87FF
:10862000002B04F0EC87FB6BDFF83C8103F00409BE
:10863000D8F83430002B04F04B82FB6C012B0CBFBC
:1086400036493749204634F003FB2046F7F79CFFB4
:10865000204634F055FB2968204634F0F9FA2046CC
:10866000F7F792FF204634F04BFB1221384837F0E1
:1086700077FB00230A22D8F83410364834F000F98A
:10868000344834F0E5F81221334837F069FB4946A5
:10869000304834F0D5F82F4834F0DAF82F49204626
:1086A00034F0D6FA2046F7F76FFF204634F028FB67
:1086B0003368012B04F0AD87032B04F0A587002B52
:1086C00004F03185D7ED217AB8EEE70AF7F714FF09
:1086D0002968204634F0BCFA2046F7F755FF2046BB
:1086E00034F00EFB1E49204634F0B2FA2046F7F76C
:1086F0004BFF204634F004FB3368012B04F00E8559
:10870000032B04F00685002B04F0FE841549204657
:1087100034F09EFA2046F7F737FF27E0CCC204007A
:10872000D4C204009CC30400B4C304000CE00400E1
:10873000CCC30400E4C30400FCC3040014C404005C
:10874000E8C10400E4C104002CC4040044C40400D3
:108750005CC404002808FF1F70C4040084C4040023
:108760009CC404005CE004007013FF1F204634F03A
:10877000C7FA2968204634F06BFA2046F7F704FF61
:10878000204634F0BDFA8F49204634F061FA204685
:10879000F7F7FAFE204634F0B3FA3368012B04F001
:1087A000AE84032B04F0A684002B04F09E84D7ED46
:1087B000097AB8EEE70AF7F79FFE2968204634F0F9
:1087C00047FA2046F7F7E0FE204634F099FA7E4952
:1087D000204634F03DFA2046F7F7D6FE204634F026
:1087E0008FFA3368012B04F07B84032B04F073842D
:1087F000002B04F06B84D7ED047AB8EEE70AF7F7A4
:108800007BFE2968204634F023FA2046F7F7BCFEA9
:10881000204634F075FA6D49204634F019FA2046A6
:10882000F7F7B2FE204634F06BFA3368012B04F000
:108830004884032B04F04084002B04F03884D7EDE7
:108840000E7AB8EEE70AF7F757FE2968204634F0AB
:10885000FFF92046F7F798FE204634F051FA5C49BC
:10886000204634F0F5F92046F7F78EFE204634F026
:1088700047FA3368012B04F01584032B04F00D84B0
:10888000002B04F005847B6D1B074CBF51495249F6
:10889000204634F0DDF92046F7F776FE204634F026
:1088A0002FFA2968204634F0D3F92046F7F76CFEFA
:1088B000204634F025FA1221484837F051FA0023B7
:1088C0000A22D8F85410464833F0DAFF444833F00F
:1088D000BFFF1221434837F043FA4946404833F07E
:1088E000AFFF3F4833F0B4FF3F49204634F0B0F9C2
:1088F0002046F7F749FE204634F002FA3368012B90
:1089000004F05782032B04F04F82002B04F04782BF
:1089100097ED1B0AF7F7F0FD2968204634F098F927
:108920002046F7F731FE204634F0EAF92F49204679
:1089300034F08EF92046F7F727FE204634F0E0F9B0
:108940003368012B04F02682032B04F0FB82002BFA
:1089500004F0F382D8F85430002B04F0B2803B6D61
:10896000012B0CBF22492349204634F071F92046DF
:10897000F7F70AFE204634F0C3F92968204634F0A0
:1089800067F92046F7F700FE204634F0B9F91A4996
:10899000204634F05DF92046F7F7F6FD204634F026
:1089A000AFF93368012B04F02586032B04F0CF8147
:1089B000002B04F0C78197ED220AB8EEC00AFFF73A
:1089C00020B900BFB4C40400CCC40400E4C4040053
:1089D000FCC40400E8C10400E4C1040014C50400A0
:1089E0002808FF1F70C4040028C5040040C5040007
:1089F000CCC20400D4C2040058C50400804F814B8F
:108A0000814AB86DD3F80451804B126879691A70A5
:108A100003029BB243EA0263CAB213432A0402F47C
:108A20007F0213437A4A7B4E15707B4A10707B4A53
:108A300004AC11707A4A7B491360204634F008F97F
:108A40002046F7F7A1FD204634F05AF93368012B90
:108A500004F07284032B04F06A84002B04F0628417
:108A6000D7ED007A704DB8EEE70AF7F745FD2968B3
:108A7000204634F0EDF82046F7F786FD204634F026
:108A80003FF96A49204634F0E3F82046F7F77CFDC9
:108A9000204634F035F93368012B04F03E84032B73
:108AA00004F09683002B04F08E83D7ED0A7AB8EE9B
:108AB000E70AF7F721FD2968204634F0C9F8204677
:108AC000F7F762FD204634F01BF95949204634F08F
:108AD000BFF82046F7F758FD204634F011F9336807
:108AE000012B04F06B83032B04F06383002B04F051
:108AF0001582D7ED057AB8EEE70AF7F7FDFC29688D
:108B0000204634F0A5F82046F7F73EFD204634F025
:108B1000F7F8BB6D013B032B06F23883DFE813F057
:108B20005113CA128014DE11424FBB6D042B06F2A2
:108B30002883DFE813F07317D7164D16C315FC14FE
:108B40003D4F3E48152137F00BF900230A223968C2
:108B50003B4833F095FE3A4833F07AFE27213948F6
:108B600037F0FEF80023796935480A2233F088FE91
:108B7000334833F06DFE3B68032B04F07584042BFF
:108B800004F0E883002B04F01981224E264D04AC3A
:108B90007B68013B042B3EF6F2AF01A252F823F0B2
:108BA000CFBC000045BC0000BDBB000031BB0000D5
:108BB000257A0000244F3B68013B0D2B3FF62DA882
:108BC00001A252F823F000BF4DC60000CBC4000044
:108BD0002DC900006DC300001B7C00001B7C000041
:108BE0001B7C00001B7C00001B7C00001B7C000029
:108BF000EBC100008DC00000ABC70000F1BE00005B
:108C00003411FF1F7013FF1F3C07FF1F8618FF1F43
:108C10008518FF1F6007FF1F8718FF1F8418FF1F9D
:108C2000EC16FF1F18C104004C07FF1F30C10400E1
:108C300048C104001412FF1F0011FF1F70C504007B
:108C40002808FF1F88C50400C011FF1F04ACA149FC
:108C5000A14E204633F0FCFF2046F7F795FC204656
:108C600034F04EF83368012B04F09C86032B04F09B
:108C70009486002B04F08C86DFF88C82974DD8ED1B
:108C80000B7AB8EE670AF7F737FC2968204633F00D
:108C9000DFFF2046F7F778FC204634F031F89049A2
:108CA000204633F0D5FF2046F7F76EFC204634F01F
:108CB00027F83368012B04F06686032B04F05E86E8
:108CC000002B04F05686D8ED017AB8EE670AF7F764
:108CD00013FC2968204633F0BBFF2046F7F754FC0D
:108CE000204634F00DF87F49204633F0B1FF20468E
:108CF000F7F74AFC204634F003F83368012B04F000
:108D00003386032B04F02B86002B04F07582D8EDFC
:108D1000027AB8EE670AF7F7EFFB2968204633F0CE
:108D200097FF2046F7F730FC204633F0E9FF6E4905
:108D3000204633F08DFF2046F7F726FC204633F01F
:108D4000DFFF3368012B04F05282032B04F04A82C8
:108D5000002B04F04282654F7B6F002B00F03187BF
:108D60006349204633F074FF2046F7F70DFC204698
:108D700033F0C6FF2968204633F06AFF2046F7F734
:108D800003FC204633F0BCFF5A49204633F060FF15
:108D90002046F7F7F9FB204633F0B2FF3368012B8A
:108DA00004F0C681032B04F05381002B04F04B81A7
:108DB00097ED1C0AF7F7A0FB2968204633F048FF1F
:108DC0002046F7F7E1FB204633F09AFFD8F8403011
:108DD000302B03F0218703F25886002B03F01C8709
:108DE000012B27D14449204633F032FF2046F7F7C4
:108DF000CBFB204633F084FF3368012B05F05C8009
:108E0000032B05F05480002B04F0F2873B492046E9
:108E100033F01EFF2046F7F7B7FB204633F070FF14
:108E20002968204633F014FF2046F7F7ADFB2046B3
:108E300033F066FF3249204633F00AFF2046F7F749
:108E4000A3FB204633F05CFF3368012B04F038822B
:108E5000032B04F03082002B04F0288298ED130AD3
:108E6000F7F74AFB2968204633F0F2FE2046F7F771
:108E70008BFB204633F044FF2249204633F0E8FEC6
:108E80002046F7F781FB204633F03AFF3368012B89
:108E900004F00782032B04F0C381002B04F0BB8194
:108EA00098ED120AF7F728FB2968204633F0D0FE28
:108EB0002046F7F769FB204633F022FFD8F8003050
:108EC000013B032B3EF6A9AEDFE813F0C60E3C0EC5
:108ED0000D12A40D48C104006007FF1F4C07FF1FBF
:108EE00018C1040030C10400CCC104003411FF1FBC
:108EF000E8C10400ECC1040004C20400CCC20400B8
:108F00003CC2040054C204007814FF1F04ACD749CB
:108F1000D74E204633F09CFE2046F7F735FB20461F
:108F200033F0EEFE3368012B04F07081032B04F064
:108F30006881002B04F05983DFF87483CD4DD8EDA0
:108F4000007AB8EE670AF7F7D7FA2968204633F0B7
:108F50007FFE2046F7F718FB204633F0D1FEC649C6
:108F6000204633F075FE2046F7F70EFB204633F01F
:108F7000C7FE3368012B04F03383032B04F02B83EB
:108F8000002B04F02383D8ED0A7AB8EE670AF7F7CE
:108F9000B3FA2968204633F05BFE2046F7F7F4FA6F
:108FA000204633F0ADFEB549204633F051FE204651
:108FB000F7F7EAFA204633F0A3FE3368012B04F0FA
:108FC0000083032B04F0F882002B04F0F082D8ED2C
:108FD000057AB8EE670AF7F78FFA2968204633F06A
:108FE00037FE2046F7F7D0FA204633F089FEA44931
:108FF000204633F02DFE2046F7F7C6FA204633F020
:109000007FFE3368012B04F0CD82032B04F08385AF
:10901000002B04F07B85D8ED177AB8EE670AF7F7D6
:109020006BFA2968204633F013FE2046F7F7ACFAB6
:10903000204633F065FE9349204633F009FE204672
:10904000F7F7A2FA204633F05BFE3368012B04F0F9
:109050005885032B04F05085002B04F09E8298ED78
:109060001B0AF7F749FA2968204633F0F1FD20463C
:10907000F7F78AFA204633F043FE8349204633F05F
:10908000E7FD2046F7F780FA204633F039FE3368D3
:10909000012B04F07D82032B04F07582002B04F079
:1090A0006D8298ED1A0AF7F727FA2968204633F0FF
:1090B000CFFD2046F7F768FA204633F021FE7349CA
:1090C000204633F0C5FD2046F7F75EFA204633F020
:1090D00017FE3368012B04F00A85032B04F0028588
:1090E000002B04F0FA84D8ED187AB8EEE70AF7F707
:1090F00003FA2968204633F0ABFD2046F7F744FA1F
:10910000204633F0FDFD6249204633F0A1FD2046A4
:10911000F7F73AFA204633F0F3FD3368012B04F0F9
:10912000D784032B04F04884002B04F04084594F6B
:109130007B6F002B00F048855749204633F088FDAF
:109140002046F7F721FA204633F0DAFD2968204659
:1091500033F07EFD2046F7F717FA204633F0D0FDB6
:109160004E49204633F074FD2046F7F70DFA2046AD
:1091700033F0C6FD3368012B03F0DF85032B03F0CA
:10918000CD85002B04F0278497ED1C0AF7F7B4F97E
:109190002968204633F05CFD2046F7F7F5F92046B4
:1091A00033F0AEFDD8F85830002B03F0AF84012B1C
:1091B00040F0B6803A49204633F04AFD2046F7F7A2
:1091C000E3F9204633F09CFD3368012B04F006865A
:1091D000032B04F0FE85002B04F0F6853149204670
:1091E00033F036FD2046F7F7CFF9204633F088FDFF
:1091F0002968204633F02CFD2046F7F7C5F92046B4
:1092000033F07EFD2849204633F022FD2046F7F753
:10921000BBF9204633F074FD3368012B04F0CF8591
:10922000032B04F0C785002B04F0BF85D8ED0F7A1F
:10923000B8EE670AF7F760F92968204633F008FDB1
:109240002046F7F7A1F9204633F05AFD174920468A
:1092500033F0FEFC2046F7F797F9204633F050FD37
:109260003368012B04F09C8524E000BF18C1040082
:109270006007FF1F4C07FF1F30C1040048C10400F6
:1092800084C204009CC20400B4C20400DCC2040016
:10929000CCC104003411FF1FE8C10400ECC104007C
:1092A00004C2040038C604003CC2040054C20400D6
:1092B000A012FF1F032B04F06E85002B04F06685BF
:1092C00098ED120AF7F718F92968204633F0C0FC28
:1092D0002046F7F759F9204633F012FDC9492046D8
:1092E00033F0B6FC2046F7F74FF9204633F008FD7F
:1092F0003368012B04F04585032B04F03D85002BDA
:1093000004F0358598ED110AF7F7F6F8296820463C
:1093100033F09EFC2046F7F737F9204633F0F0FC97
:10932000D8F85430013B032B3EF677ACDFE813F05E
:10933000C20814087C07F20604ACB349B34E2046B9
:1093400033F086FC2046F7F71FF9204633F0D8FCAF
:109350003368012B03F01E86032B03F01686002BC7
:1093600003F00E86DFF8D482A94DD8ED117AB8EE5D
:10937000670AF7F7C1F82968204633F069FC2046F0
:10938000F7F702F9204633F0BBFCA249204633F040
:109390005FFC2046F7F7F8F8204633F0B1FC33685D
:1093A000012B03F0E885032B03F0E085002B03F08D
:1093B000D885D8ED0C7AB8EE670AF7F79DF82968DA
:1093C000204633F045FC2046F7F7DEF8204633F020
:1093D00097FC9149204633F03BFC2046F7F7D4F840
:1093E000204633F08DFC3368012B03F0B585032B49
:1093F00003F0AD85002B04F06683D8ED167AB8EE45
:10940000670AF7F779F82968204633F021FC2046EF
:10941000F7F7BAF8204633F073FC8049204633F062
:1094200017FC2046F7F7B0F8204633F069FC3368A4
:10943000012B04F04383032B04F03B83002B04F047
:109440003383D8ED047AB8EE670AF7F755F8296840
:10945000204633F0FDFB2046F7F796F8204633F020
:109460004FFC6F49204633F0F3FB2046F7F78CF8AA
:10947000204633F045FC3368012B04F01083032BA6
:1094800004F00883002B04F0008398ED030AF7F73B
:1094900033F82968204633F0DBFB2046F7F774F8F1
:1094A000204633F02DFC5F49204633F0D1FB2046A7
:1094B000F7F76AF8204633F023FC3368012B04F0F9
:1094C000DF82032B03F06186002B03F0598698EDB1
:1094D000060AF7F711F82968204633F0B9FB204651
:1094E000F7F752F8204633F00BFC4F49204633F093
:1094F000AFFB2046F7F748F8204633F001FC33680D
:10950000012B03F03886032B03F03086002B03F089
:10951000FB84464F7B6F002B00F05183444920466B
:1095200033F096FB2046F7F72FF8204633F0E8FBA0
:109530002968204633F08CFB2046F7F725F82046B3
:1095400033F0DEFB3B49204633F082FB2046F7F741
:109550001BF8204633F0D4FB3368012B03F0ED8574
:10956000032B03F0F485002B03F0EC8597ED1C0A28
:10957000F6F7C2FF2968204633F06AFB2046F7F76A
:1095800003F8204633F0BCFBD8F81430002B03F06E
:109590005A83012B27D11B49204633F059FB204623
:1095A000F6F7F2FF204633F0ABFB3368012B04F0F3
:1095B0002E84032B04F02684002B04F01E841E4905
:1095C000204633F045FB2046F6F7DEFF204633F019
:1095D00097FB2968204633F03BFB2046F6F7D4FF83
:1095E000204633F08DFBD8F80830023B052B02F201
:1095F000FF83DFE813F025143B140F146714511494
:10960000D51300BF6CC2040048C104006007FF1FEF
:109610004C07FF1F18C1040030C1040004C204003D
:109620003CC2040054C20400CCC104003411FF1F2A
:10963000E8C10400ECC1040038C604004410FF1F58
:1096400004ACB449B44E204633F002FB2046F6F792
:109650009BFF204633F054FB3368012B03F08185D8
:10966000032B04F00882002B04F00082DFF8D8827C
:10967000AA4DD8ED0C7AB8EE670AF6F73DFF2968D7
:10968000204633F0E5FA2046F6F77EFF204633F019
:1096900037FBA349204633F0DBFA2046F6F774FF88
:1096A000204633F02DFB3368012B04F0DA81032BC5
:1096B00004F0D281002B04F0CA81D8ED167AB8EEFE
:1096C000670AF6F719FF2968204633F0C1FA2046E9
:1096D000F6F75AFF204633F013FB9249204633F049
:1096E000B7FA2046F6F750FF204633F009FB3368FF
:1096F000012B04F0A781032B04F09F81002B04F0C1
:109700009781D8ED117AB8EE670AF6F7F5FE296869
:10971000204633F09DFA2046F6F736FF204633F018
:10972000EFFA8149204633F093FA2046F6F72CFFF2
:10973000204633F0E5FA3368012B04F07481032BE3
:1097400004F06C81002B04F06481D8ED077AB8EE48
:10975000670AF6F7D1FE2968204633F079FA2046E9
:10976000F6F712FF204633F0CBFA7049204633F06B
:109770006FFA2046F6F708FF204633F0C1FA336847
:10978000012B04F04181032B04F03981002B04F0FC
:10979000318198ED080AF6F7AFFE2968204633F0CC
:1097A00057FA2046F6F7F0FE204633F0A9FA604952
:1097B000204633F04DFA2046F6F7E6FE204633F019
:1097C0009FFA3368012B04F01081032B04F0088109
:1097D000002B03F01B8498ED0B0AF6F78DFE296829
:1097E000204633F035FA2046F6F7CEFE204633F019
:1097F00087FA5049204633F02BFA2046F6F7C4FE8C
:10980000204633F07DFA3368012B03F0FA83032BF3
:1098100003F0F283002B03F0EA834749204633F03C
:1098200017FA2046F6F7B0FE204633F069FA2968A9
:10983000204633F00DFA2046F9F742FE204633F079
:109840005FFAD8F81430002B03F04981012B00F0A7
:10985000C9813A49204633F0FBF92046F6F794FED9
:10986000204633F04DFA3368012B03F07584032B47
:1098700004F0AC80002B04F0A480D8F82830002B32
:1098800003F0F881012B00F0A2812968204633F013
:10989000DFF92046F6F778FE204633F031FAD8F8A3
:1098A0002430022B03F00C82032B27D124492046BD
:1098B00033F0CEF92046F6F767FE204633F020FA63
:1098C0003368012B04F03082032B04F02882002B34
:1098D00004F039821B49204633F0BAF92046F6F7E6
:1098E00053FE204633F00CFA2968204633F0B0F9D5
:1098F0002046F6F749FE204633F002FAD8F8003049
:10990000013B032B3EF689A9DFE813F07A03DF025F
:109910004802BE0118C104006007FF1F4C07FF1F6B
:1099200030C1040048C1040004C204003CC2040069
:1099300054C204009CC204007C16FF1F6CC20400C9
:1099400084C20400A0C604004410FF1F04ACBE493A
:10995000BE4E204633F07CF92046F6F715FE204631
:1099600033F0CEF93368012B03F05A83032B03F055
:109970005283002B03F03683DFF80883B44DD8ED13
:109980000A7AB8EE670AF6F7B7FD2968204633F081
:109990005FF92046F6F7F8FD204633F0B1F9AD49FE
:1099A000204633F055F92046F6F7EEFD204633F019
:1099B000A7F93368012B03F01083032B03F008830E
:1099C000002B03F00083D8ED007AB8EE670AF6F7B3
:1099D00093FD2968204633F03BF92046F6F7D4FD85
:1099E000204633F08DF99C49204633F031F920466A
:1099F000F6F7CAFD204633F083F93368012B03F0F4
:109A0000DD82032B03F0D582002B03F0CD82D8ED4D
:109A1000057AB8EE670AF6F76FFD2968204633F03D
:109A200017F92046F6F7B0FD204633F069F98B4967
:109A3000204633F00DF92046F6F7A6FD204633F018
:109A40005FF93368012B03F0AA82032B03F024840F
:109A5000002B03F01C8498ED0F0AF6F74DFD2968E2
:109A6000204633F0F5F82046F6F78EFD204633F019
:109A700047F97B49204633F0EBF82046F6F784FDA2
:109A8000204633F03DF93368012B03F0FB83032BB1
:109A900003F0F383002B03F0EB8398ED100AF6F745
:109AA0002BFD2968204633F0D3F82046F6F76CFDED
:109AB000204633F025F96B49204633F0C9F820469B
:109AC000F6F762FD204633F01BF93368012B03F0F3
:109AD000CA83032B03F0C283002B03F0BA8398EDF3
:109AE000170AF6F709FD2968204633F0B1F8204639
:109AF000F6F74AFD204633F003F95B49204633F080
:109B0000A7F82046F6F740FD204633F0F9F8336811
:109B1000012B03F02681032B03F01E81002B03F0A1
:109B20008483524F7B6F002B47D05149204633F03E
:109B30008FF82046F6F728FD204633F0E1F8296833
:109B4000204633F085F82046F6F71EFD204633F018
:109B5000D7F84849204633F07BF82046F6F714FD45
:109B6000204633F0CDF83368012B03F06D83032BCF
:109B700003F06583002B03F05D8397ED1C0AF6F775
:109B8000BBFC2968204633F063F82046F6F7FCFC5E
:109B9000204633F0B5F8D8F84430013B032B3EF6AD
:109BA0003CA8DFE813F0EF088B06D1052505324904
:109BB000FDF7FEBF2E49FEF7E1B82F49B6E72E4963
:109BC000ADE42D49FFF7CDB82B49FFF7B6BA2B49C5
:109BD000204633F03DF82046F6F7D6FC204633F019
:109BE0008FF852E62649204633F032F82046F6F741
:109BF000CBFC204633F084F83368012B04F052810B
:109C0000032B04F04A81002B04F042811B492046BB
:109C100033F01EF82046F6F7B7FC204633F070F814
:109C20002968204633F014F82046F6F7ADFC2046AC
:109C300033F066F80DE6222036F016F9B8F1000F81
:109C40003EF49BA8B6E700BF48C104006007FF1FB1
:109C50004C07FF1F18C1040030C1040004C20400F7
:109C60003CC2040054C20400CCC104003411FF1FE4
:109C7000E8C10400ECC10400E4C1040038C60400DB
:109C80006CC204001013FF1FD549204632F0E0FFDC
:109C90002046F6F779FC204633F032F83368012B82
:109CA00003F0C087032B03F0B887002B03F0B087C5
:109CB000CC49204632F0CCFF2046F6F765FC204622
:109CC00033F01EF82968204632F0C2FF2046F6F72E
:109CD0005BFC204633F014F8C349204632F0B8FF4D
:109CE0002046F6F751FC204633F00AF83368012B82
:109CF00003F08987032B03F08187002B03F079871A
:109D0000D8ED107AB8EE670AF6F7F6FB2968204618
:109D100032F09EFF2046F6F737FC204632F0F0FF87
:109D2000B249204632F094FF2046F6F72DFC20463B
:109D300032F0E6FF3368012B03F05687032B03F064
:109D40004E87002B03F00A87D8ED1A7AB8EE670A1F
:109D5000F6F7D2FB2968204632F07AFF2046F6F764
:109D600013FC204632F0CCFFA149204632F070FFB0
:109D70002046F6F709FC204632F0C2FF3368012B7B
:109D800003F0E786032B03F0DF86002B03F0D78672
:109D900098ED150AB8EE400AFDF733BF904920460A
:109DA00032F056FF2046F6F7EFFB204632F0A8FFD0
:109DB0003368012B03F05E87032B03F05687002BDB
:109DC00003F04E878B49204632F042FF2046F6F7DB
:109DD000DBFB204632F094FF2968204632F038FF42
:109DE0002046F6F7D1FB204632F08AFF7E49204616
:109DF00032F02EFF2046F6F7C7FB204632F080FFF8
:109E00003368012B03F02787032B03F01F87002BF8
:109E100003F01787D8ED0F7AB8EE670AF6F76CFBF8
:109E20002968204632F014FF2046F6F7ADFB2046A5
:109E300032F066FF6D49204632F00AFF2046F6F701
:109E4000A3FB204632F05CFF3368012B03F0F4865D
:109E5000032B03F0EC86002B03F02087D8ED197A52
:109E6000B8EE670AF6F748FB2968204632F0F0FEA4
:109E70002046F6F789FB204632F042FF5C49204637
:109E800032F0E6FE2046F6F77FFB204632F038FF40
:109E90003368012B03F0FD86032B03F0F586002BBE
:109EA00003F0ED8698ED140AB8EE400AFDF7A9BE5E
:109EB000514B1F680DF17C093F1BE01933F0EEF8A0
:109EC00004F8010B4C45F8D101AC4549204632F06D
:109ED000BFFE2046F6F758FB204632F011FF3368EC
:109EE000012B03F01787032B03F00F87002B03F0E0
:109EF00007874249204632F0ABFE2046F6F744FB86
:109F0000204632F0FDFE2968204632F0A1FE2046B0
:109F1000F6F73AFB204632F0F3FE3349204632F0A2
:109F200097FE2046F6F730FB204632F0E9FE336814
:109F3000012B03F0E086032B03F0D886002B03F0FF
:109F4000D086D8ED0E7AB8EE670AF6F7D5FA29680A
:109F5000204632F07DFE2046F6F716FB204632F012
:109F6000CFFE2249204632F073FE2046F6F70CFB66
:109F7000204632F0C5FE3368012B03F0AD86032B7B
:109F800003F0A586002B03F09D86D8ED187AB8EE75
:109F9000670AF6F7B1FA2968204632F059FE2046E2
:109FA000F6F7F2FA204632F0ABFE1149204632F0C5
:109FB0004FFE2046F6F7E8FA204632F0A1FE33685D
:109FC000012B03F07A86032B03F07286002B03F03B
:109FD0006A8698ED130AB8EE400AFDF712BE00BF7C
:109FE0006CC104005CE004009CC10400B4C1040026
:109FF00084C104000CE004000007FF1FA0DF040080
:10A00000CE49204632F024FE2046F6F7BDFA20461F
:10A0100032F076FE3368012B03F0DC85032B03F06E
:10A02000D485002B03F0CC85C549204632F010FEC4
:10A030002046F6F7A9FA204632F062FE296820464B
:10A0400032F006FE2046F6F79FFA204632F058FE20
:10A05000BC49204632F0FCFD2046F6F795FA204632
:10A0600032F04EFE3368012B03F0A585032B03F07D
:10A070009D85002B03F09585D8ED0D7AB8EE670A23
:10A08000F6F73AFA2968204632F0E2FD2046F6F764
:10A090007BFA204632F034FEAB49204632F0D8FD40
:10A0A0002046F6F771FA204632F02AFE3368012B7B
:10A0B00003F07285032B03F06A85002B03F06285A1
:10A0C000D8ED177AB8EE670AF6F716FA296820462F
:10A0D00032F0BEFD2046F6F757FA204632F010FE69
:10A0E0009A49204632F0B4FD2046F6F74DFA204654
:10A0F00032F006FE3368012B03F03F85032B03F09B
:10A100003785002B03F02F8598ED120AB8EE400A30
:10A11000FDF777BD8949204632F09AFD2046F6F7D3
:10A1200033FA204632F0ECFD3368012B04F0408016
:10A13000032B04F03880002B04F030808449204643
:10A1400032F086FD2046F6F71FFA204632F0D8FDA1
:10A150002968204632F07CFD2046F6F715FA2046A5
:10A1600032F0CEFD7749204632F072FD2046F6F7F8
:10A170000BFA204632F0C4FD3368012B04F009804D
:10A18000032B04F00180002B03F0F987D8ED047A4B
:10A19000B8EE670AF6F7B0F92968204632F058FDA4
:10A1A0002046F6F7F1F9204632F0AAFD664920462E
:10A1B00032F04EFD2046F6F7E7F9204632F0A0FDDA
:10A1C0003368012B03F0D687032B03F0CE87002BD7
:10A1D00004F02E81D8ED0E7AB8EE670AF6F78CF906
:10A1E0002968204632F034FD2046F6F7CDF92046A6
:10A1F00032F086FD5549204632F02AFD2046F6F71A
:10A20000C3F9204632F07CFD3368012B04F00B814A
:10A21000032B04F00381002B04F0FB8098ED090A66
:10A22000B8EE400AFDF7EDBC4449204632F010FD7F
:10A230002046F6F7A9F9204632F062FD3368012B7B
:10A2400004F0E280032B04F0DA80002B04F0D280CB
:10A250004049204632F0FCFC2046F6F795F92046AE
:10A2600032F04EFD2968204632F0F2FC2046F6F727
:10A270008BF9204632F044FD3249204632F0E8FCAA
:10A280002046F6F781F9204632F03AFD3368012B7B
:10A2900004F0AB80032B04F0A380002B04F09B8020
:10A2A000D8ED037AB8EE670AF6F726F92968204652
:10A2B00032F0CEFC2046F6F767F9204632F020FD5A
:10A2C0002149204632F0C4FC2046F6F75DF92046CD
:10A2D00032F016FD3368012B04F07880032B04F074
:10A2E0007080002B04F06880D8ED0D7AB8EE670A14
:10A2F000F6F702F92968204632F0AAFC2046F6F764
:10A3000043F9204632F0FCFC1049204632F0A0FC14
:10A310002046F6F739F9204632F0F2FC3368012B7B
:10A3200004F04580032B04F03D80002B04F03580C1
:10A3300098ED080AB8EE400AFDF763BC6CC1040052
:10A34000D4B804009CC10400B4C1040084C104005A
:10A350005CE004000CE004009B4B1F683F1BE0190D
:10A3600032F09CFE04F8010B20AB9C42F7D11D217A
:10A37000964835F0F5FC00230A220699944832F0FD
:10A380007FFA01AC924832F063FA9249204632F0EB
:10A390005FFC2046F6F7F8F8204632F0B1FC33684F
:10A3A000012B04F01182032B04F00982002B04F02E
:10A3B00001828949204632F04BFC2046F6F7E4F84A
:10A3C000204632F09DFC2968204632F041FC2046B0
:10A3D000F6F7DAF8204632F093FC19217F4835F081
:10A3E000BFFC00230A22D8F80810794832F048FA56
:10A3F0007B49204632F02CFC2046F6F7C5F8204673
:10A4000032F07EFC3368012B04F0CF81032B04F083
:10A41000C781002B04F0BF81D8ED027AB8EE670A3D
:10A42000F6F76AF82968204632F012FC2046F6F763
:10A43000ABF8204632F064FC6A49204632F008FC52
:10A440002046F6F7A1F8204632F05AFC3368012B7B
:10A4500004F09C81032B04F09481002B04F0EC8029
:10A46000D8ED0C7AB8EE670AF6F746F82968204668
:10A4700032F0EEFB2046F6F787F8204632F040FC3B
:10A480005949204632F0E4FB2046F6F77DF8204695
:10A4900032F036FC3368012B04F0C980032B04F042
:10A4A000C180002B04F0B98098ED070AB8EE400A8D
:10A4B000FDF7A7BB4749204632F0CAFB2046F6F716
:10A4C00063F8204632F01CFC3368012B03F0388718
:10A4D000032B03F03087002B03F0288743492046E5
:10A4E00032F0B6FB2046F6F74FF8204632F008FC73
:10A4F0002968204632F0ACFB2046F6F745F82046A6
:10A5000032F0FEFB3649204632F0A2FB2046F6F739
:10A510003BF8204632F0F4FB3368012B03F001874F
:10A52000032B03F0F986002B03F0F186D8ED017AB6
:10A53000B8EE670AF5F7E0FF2968204632F088FB9D
:10A540002046F6F721F8204632F0DAFB254920466E
:10A5500032F07EFB2046F6F717F8204632F0D0FBAB
:10A560003368012B03F0CE86032B03F0C686002B45
:10A5700003F0A685D8ED0B7AB8EE670AF5F7BCFFB5
:10A580002968204632F064FB2046F5F7FDFF20469F
:10A5900032F0B6FB1449204632F05AFB2046F5F75C
:10A5A000F3FF204632F0ACFB3368012B03F08385C8
:10A5B000032B03F07B85002B03F0738598ED060ACF
:10A5C000B8EE400AFDF71DBB2807FF1F40C6040078
:10A5D0002808FF1F6CC10400A0DF040060C604004F
:10A5E0009CC10400B4C1040084C10400D4B80400B8
:10A5F000AB49204632F02CFB2046F5F7C5FF20463C
:10A6000032F07EFB3368012B03F0C286032B03F08C
:10A61000BA86002B03F0B286A249204632F018FB1E
:10A620002046F5F7B1FF204632F06AFB2968204644
:10A6300032F00EFB2046F5F7A7FF204632F060FB14
:10A640009949204632F004FB2046F5F79DFF20464D
:10A6500032F056FB3368012B03F08B86032B03F09B
:10A660008386002B03F07B86D8ED047AB8EE670A68
:10A67000F5F742FF2968204632F0EAFA2046F5F75E
:10A6800083FF204632F03CFB8849204632F0E0FA56
:10A690002046F5F779FF204632F032FB3368012B74
:10A6A00003F05886032B03F05086002B03F0D4866A
:10A6B000D8ED097AB8EE670AF5F71EFF296820463B
:10A6C00032F0C6FA2046F5F75FFF204632F018FB5D
:10A6D0007749204632F0BCFA2046F5F755FF204670
:10A6E00032F00EFB3368012B03F0B186032B03F02D
:10A6F000A986002B03F0A186D8ED0E7AB8EE670A82
:10A70000F5F7FAFE2968204632F0A2FA2046F5F75E
:10A710003BFF204632F0F4FA6649204632F098FAC0
:10A720002046F5F731FF204632F0EAFA3368012B74
:10A7300004F07C80032B04F07480002B03F08D85E3
:10A7400098ED160AFDF75DBA5549204632F080FAB9
:10A750002046F5F719FF204632F0D2FA3368012B74
:10A7600003F0C685032B03F0BE85002B03F0B685EE
:10A770005149204632F06CFA2046F5F705FF204695
:10A7800032F0BEFA2968204632F062FA2046F5F728
:10A79000FBFE204632F0B4FA4349204632F058FA24
:10A7A0002046F5F7F1FE204632F0AAFA3368012B75
:10A7B00003F08F85032B03F08785002B03F07F8543
:10A7C000D8ED037AB8EE670AF5F796FE29682046B9
:10A7D00032F03EFA2046F5F7D7FE204632F090FAE6
:10A7E0003249204632F034FA2046F5F7CDFE2046B5
:10A7F00032F086FA3368012B03F05C85032B03F0FB
:10A800005485002B03F04C85D8ED087AB8EE670A22
:10A81000F5F772FE2968204632F01AFA2046F5F75D
:10A82000B3FE204632F06CFA2149204632F010FA8D
:10A830002046F5F7A9FE204632F062FA3368012B74
:10A8400003F02985032B03F02185002B03F01985E4
:10A85000D8ED0D7AB8EE670AF5F74EFE2968204666
:10A8600032F0F6F92046F5F78FFE204632F048FA2E
:10A870001049204632F0ECF92046F5F785FE2046D7
:10A8800032F03EFA3368012B03F0F684032B03F019
:10A89000EE84002B03F0E68498ED150AFDF7B1B9BC
:10A8A0006CC104005CE004009CC10400B4C104005D
:10A8B00084C104006CC204000CE004009A492046E4
:10A8C00032F0C6F92046F5F75FFE204632F018FA5E
:10A8D0003368012B03F0A087032B03F09887002B2C
:10A8E00003F090879149204632F0B2F92046F5F7FF
:10A8F0004BFE204632F004FA2968204632F0A8F9CF
:10A900002046F5F741FE204632F0FAF98849204604
:10A9100032F09EF92046F5F737FE204632F0F0F986
:10A920003368012B03F06987032B03F06187002B49
:10A9300003F05987D8ED027AB8EE670AF5F7DCFD27
:10A940002968204632F084F92046F5F71DFE20469E
:10A9500032F0D6F97749204632F07AF92046F5F7F9
:10A9600013FE204632F0CCF93368012B03F0368712
:10A97000032B03F02E87002B03F00E86D8ED077A09
:10A98000B8EE670AF5F7B8FD2968204632F060F99D
:10A990002046F5F7F9FD204632F0B2F96649204627
:10A9A00032F056F92046F5F7EFFD204632F0A8F9CF
:10A9B0003368012B03F0EB85032B03F0E385002BB9
:10A9C00003F0DB85D8ED0C7AB8EE670AF5F794FD55
:10A9D0002968204632F03CF92046F5F7D5FD20469F
:10A9E00032F08EF95549204632F032F92046F5F71B
:10A9F000CBFD204632F084F93368012B03F0488701
:10AA0000032B03F04087002B03F09B8398ED140A7F
:10AA1000FDF7F7B84449204632F01AF92046F5F719
:10AA2000B3FD204632F06CF93368012B03F010843B
:10AA3000032B03F00884002B03F0008440492046D8
:10AA400032F006F92046F5F79FFD204632F058F91E
:10AA50002968204632F0FCF82046F5F795FD20469F
:10AA600032F04EF93249204632F0F2F82046F5F73E
:10AA70008BFD204632F044F93368012B03F0D98373
:10AA8000032B03F0D183002B03F0C983D8ED097A9F
:10AA9000B8EE670AF5F730FD2968204632F0D8F89D
:10AAA0002046F5F771FD204632F02AF9214920466B
:10AAB00032F0CEF82046F5F767FD204632F020F957
:10AAC0003368012B03F0A683032B03F09E83002B36
:10AAD00003F09683D8ED0A7AB8EE670AF5F70CFD15
:10AAE0002968204632F0B4F82046F5F74DFD20469F
:10AAF00032F006F91049204632F0AAF82046F5F760
:10AB000043FD204632F0FCF83368012B03F07383D9
:10AB1000032B03F06B83002B03F0638398ED0F0A84
:10AB2000B8EE400AFDF76DB86CC10400A0DF040068
:10AB30009CC10400B4C1040084C104006CC20400C0
:10AB40005CE004008949204632F082F82046F5F79F
:10AB50001BFD204632F0D4F83368012B03F00C863D
:10AB6000032B03F00486002B03F0FC85804920466C
:10AB700032F06EF82046F5F707FD204632F0C0F8B7
:10AB80002968204632F064F82046F5F7FDFC20469F
:10AB900032F0B6F87749204632F05AF82046F5F7F9
:10ABA000F3FC204632F0ACF83368012B03F0D58576
:10ABB000032B03F0CD85002B03F0C585D8ED057A76
:10ABC000B8EE670AF5F798FC2968204632F040F89D
:10ABD0002046F5F7D9FC204632F092F86649204627
:10ABE00032F036F82046F5F7CFFC204632F088F8F0
:10ABF0003368012B03F0A285032B03F09A85002B09
:10AC000003F0EA82D8ED067AB8EE670AF5F774FC2D
:10AC10002968204632F01CF82046F5F7B5FC20469E
:10AC200032F06EF85549204632F012F82046F5F71A
:10AC3000ABFC204632F064F83368012B03F0C78286
:10AC4000032B03F0BF82002B03F0B78298ED0D0AAF
:10AC5000B8EE400AFCF7D5BF4449204631F0F8FF72
:10AC60002046F5F791FC204632F04AF83368012B74
:10AC700003F06282032B03F05A82002B03F052820E
:10AC80003F49204631F0E4FF2046F5F77DFC2046A1
:10AC900032F036F82968204631F0DAFF2046F5F721
:10ACA00073FC204632F02CF83249204631F0D0FFB8
:10ACB0002046F5F769FC204632F022F83368012B74
:10ACC00003F02B82032B03F02382002B03F01B8263
:10ACD000D8ED037AB8EE670AF5F70EFC296820462E
:10ACE00031F0B6FF2046F5F74FFC204632F008F869
:10ACF0002149204631F0ACFF2046F5F745FC2046BF
:10AD000031F0FEFF3368012B03F0F881032B03F0D1
:10AD1000F081002B03F0E881D8ED047AB8EE670AE1
:10AD2000F5F7EAFB2968204631F092FF2046F5F757
:10AD30002BFC204631F0E4FF1049204631F088FF1B
:10AD40002046F5F721FC204631F0DAFF3368012B6D
:10AD500003F0C581032B03F0BD81002B03F0B58107
:10AD600098ED0C0AB8EE400AFCF74BBF6CC104002A
:10AD7000A0DF04009CC10400B4C1040084C104002D
:10AD8000D4B80400C149204631F062FF2046F5F7EF
:10AD9000FBFB204631F0B4FF3368012B03F06E85D6
:10ADA000032B03F06685002B03F05E85B84920462F
:10ADB00031F04EFF2046F5F7E7FB204631F0A0FFCB
:10ADC0002968204631F044FF2046F5F7DDFB204698
:10ADD00031F096FFAF49204631F03AFF2046F5F7B3
:10ADE000D3FB204631F08CFF3368012B03F037850D
:10ADF000032B03F02F85002B03F02785D8ED0B7A6A
:10AE0000B8EE670AF5F778FB2968204631F020FF95
:10AE10002046F5F7B9FB204631F072FF9E492046E7
:10AE200031F016FF2046F5F7AFFB204631F068FF02
:10AE30003368012B03F00485032B03F0FC84002B03
:10AE400003F05A83D8ED017AB8EE670AF5F754FBA0
:10AE50002968204631F0FCFE2046F5F795FB204698
:10AE600031F04EFF8D49204631F0F2FE2046F5F7D5
:10AE70008BFB204631F044FF3368012B03F037830E
:10AE8000032B03F02F83002B03F02783D8ED067AE2
:10AE9000B8EE670AF5F730FB2968204631F0D8FE96
:10AEA0002046F5F771FB204631F02AFF7C49204609
:10AEB00031F0CEFE2046F5F767FB204631F020FF4B
:10AEC0003368012B03F04781032B03F03F81002BF4
:10AED00003F0468198ED130AFCF793BE6B492046B8
:10AEE00031F0B6FE2046F5F74FFB204631F008FF63
:10AEF0003368012B03F01884032B03F01084002B1C
:10AF000003F008846749204631F0A2FE2046F5F799
:10AF10003BFB204631F0F4FE2968204631F098FED4
:10AF20002046F5F731FB204631F0EAFE594920462C
:10AF300031F08EFE2046F5F727FB204631F0E0FE8B
:10AF40003368012B03F0E183032B03F0D983002B3B
:10AF500003F0D183D7ED097AB8EEE70AF5F7CCFA1A
:10AF60002968204631F074FE2046F5F70DFB204697
:10AF700031F0C6FE4849204631F06AFE2046F5F71A
:10AF800003FB204631F0BCFE3368012B03F0AE8397
:10AF9000032B03F0A683002B03F06283D7ED047A22
:10AFA000B8EEE70AF5F7A8FA2968204631F050FE16
:10AFB0002046F5F7E9FA204631F0A2FE374920464F
:10AFC00031F046FE2046F5F7DFFA204631F098FED4
:10AFD0003368012B03F03F83032B03F03783002BEF
:10AFE00003F02F83D7ED0E7AB8EEE70AF5F784FA6F
:10AFF0002968204631F02CFE2046F5F7C5FA204698
:10B0000031F07EFE2849204631F022FE2046F5F739
:10B01000BBFA204631F074FE3368012B02F0C48085
:10B02000032B02F0BC80002B02F0B4807B6F002B5E
:10B0300041F030851D49204631F00AFE2046F5F7E3
:10B04000A3FA204631F05CFE2968204631F000FE6C
:10B050002046F5F799FA204631F052FE1449204671
:10B0600031F0F6FD2046F5F78FFA204631F048FE24
:10B070003368012B01F02085032B01F01885002B8C
:10B0800001F0108597ED1C0AFCF7BBBD6CC10400F4
:10B09000D4B8040084C104009CC10400B4C10400FD
:10B0A0006CC204005CE00400CCC10400E4C10400F4
:10B0B000ECC10400D149204631F0CAFD2046F5F725
:10B0C00063FA204631F01CFE3368012B03F0048341
:10B0D000032B03F0FC82002B03F0F482C8492046C6
:10B0E00031F0B6FD2046F5F74FFA204631F008FE64
:10B0F0002968204631F0ACFD2046F5F745FA204698
:10B1000031F0FEFDBF49204631F0A2FD2046F5F7A3
:10B110003BFA204631F0F4FD3368012B03F0CD8279
:10B12000032B03F0C582002B03F0BD82D7ED077A15
:10B13000B8EEE70AF5F7E0F92968204631F088FD16
:10B140002046F5F721FA204631F0DAFDAE492046D7
:10B1500031F07EFD2046F5F717FA204631F0D0FD9C
:10B160003368012B03F09A82032B03F09282002BA9
:10B1700003F08A82D7ED027AB8EEE70AF5F7BCF958
:10B180002968204631F064FD2046F5F7FDF9204698
:10B1900031F0B6FD9D49204631F05AFD2046F5F7C5
:10B1A000F3F9204631F0ACFD3368012B03F06782E0
:10B1B000032B03F05F82002B03F05782D7ED0C7A4C
:10B1C00012E70B21924834F0CBFDB96D914831F074
:10B1D00037FB904831F03CFB8849204631F038FD80
:10B1E0002046F5F7D1F9204631F08AFD3368012B6E
:10B1F00003F00E82032B03F00682002B03F0FE8186
:10B200008549204631F024FD2046F5F7BDF920465A
:10B2100031F076FD2968204631F01AFD2046F5F719
:10B22000B3F9204631F06CFD7649204631F010FD2F
:10B230002046F5F7A9F9204631F062FD3368012B6D
:10B2400003F0D781032B03F0CF81002B03F0C781DC
:10B25000D7ED067AB8EEE70AF5F74EF929682046E9
:10B2600031F0F6FC2046F5F78FF9204631F048FD25
:10B270006549204631F0ECFC2046F5F785F920467B
:10B2800031F03EFD3368012B03F0A481032B03F062
:10B290009C81002B03F09481D7ED017AB8EEE70A88
:10B2A000F5F72AF92968204631F0D2FC2046F5F757
:10B2B0006BF9204631F024FD5449204631F0C8FC9A
:10B2C0002046F5F761F9204631F01AFD3368012B6D
:10B2D00003F07181032B03F06981002B03F061817E
:10B2E000D7ED0B7A80E64549204631F0B1FC204687
:10B2F000F5F74AF9204631F003FD3368012B03F0DE
:10B300003781032B03F02F81002B03F02781434962
:10B31000204631F09DFC2046F5F736F9204631F005
:10B32000EFFC2968204631F093FC2046F5F72CF914
:10B33000204631F0E5FC3449204631F089FC2046B6
:10B34000F5F722F9204631F0DBFC3368012B03F0DE
:10B350000081032B03F0F880002B03F0F080D8ED80
:10B36000077AB8EE670AF5F7C7F82968204631F082
:10B370006FFC2046F5F708F9204631F0C1FC23495F
:10B38000204631F065FC2046F5F7FEF8204631F006
:10B39000B7FC3368012B03F0CD80032B03F0C5808D
:10B3A000002B03F0BD80D8ED087AB8EE670AF5F7F8
:10B3B000A3F82968204631F04BFC2046F5F7E4F865
:10B3C000204631F09DFC0F49204631F041FC2046DB
:10B3D000F5F7DAF8204631F093FC3368012B03F0DF
:10B3E0009A80032B03F09280002B03F08A8098ED63
:10B3F0000E0AB8EE400AFCF704BC00BF6CC10400A2
:10B40000A0DF040084C104009CC10400B4C1040096
:10B4100060C104002808FF1FD4B804000CE0040039
:10B420009949204631F014FC2046F5F7ADF8204646
:10B4300031F066FC3368012B03F04A80032B03F0E4
:10B440004280002B03F03A809049204631F000FC06
:10B450002046F5F799F8204631F052FC296820463D
:10B4600031F0F6FB2046F5F78FF8204631F048FC26
:10B470008749204631F0ECFB2046F5F785F8204659
:10B4800031F03EFC3368012B03F01380032B03F0F3
:10B490000B80002B03F00380D7ED087AB8EEE70AA3
:10B4A000F5F72AF82968204631F0D2FB2046F5F757
:10B4B0006BF8204631F024FC7649204631F0C8FB79
:10B4C0002046F5F761F8204631F01AFC3368012B6D
:10B4D00002F0E087032B02F0D887002B02F0D08720
:10B4E000D7ED037AB8EEE70AF5F706F829682046A3
:10B4F00031F0AEFB2046F5F747F8204631F000FC6E
:10B500006549204631F0A4FB2046F5F73DF820467A
:10B5100031F0F6FB3368012B02F0AD87032B02F00C
:10B52000A587002B02F09D87D7ED0D7A5CE504AC72
:10B530005A495B4E204631F08BFB2046F5F724F844
:10B54000204631F0DDFB3368012B03F03B83032BF6
:10B5500003F03383002B03F0FF815249524D204604
:10B5600031F076FB2046F5F70FF8204631F0C8FBA6
:10B570002968204631F06CFB2046F5F705F8204697
:10B5800031F0BEFB4949204631F062FB2046F4F71A
:10B59000FBFF204631F0B4FB3368012B03F0D78169
:10B5A000032B03F0CF81002B03F0C781D7ED097A7D
:10B5B000B8EEE70AF4F7A0FF2968204631F048FB0F
:10B5C0002046F4F7E1FF204631F09AFB3849204647
:10B5D00031F03EFB2046F4F7D7FF204631F090FBD8
:10B5E0003368012B03F0A481032B03F09C81002B13
:10B5F00003F09481D7ED047AB8EEE70AF4F77CFF04
:10B600002968204631F024FB2046F4F7BDFF204690
:10B6100031F076FB1C49204631F01AFB2046F4F746
:10B62000B3FF204631F06CFB3368012B03F07181CE
:10B63000032B03F09B81002B03F0938197ED0E0AFF
:10B64000B8EEC00AF4F758FF2968204631F000FB35
:10B650002046F4F799FF204631F052FB1549204669
:10B6600031F0F6FA2046F4F78FFF204631F048FB20
:10B670003368012B01F05C84032B01F05484002B10
:10B6800001F047840C4FD1E46CC104000CE00400CD
:10B6900084C104009CC10400B4C1040048C104007A
:10B6A0006007FF1F5CE004004C07FF1F30C104006F
:10B6B00018C10400CCC104003411FF1F04ACCE49F2
:10B6C000CE4E204631F0C4FA2046F4F75DFF204606
:10B6D00031F016FB3368012B03F04C82032B03F08F
:10B6E0004482002B03F03C82C549C64D204631F010
:10B6F000AFFA2046F4F748FF204631F001FB2968F5
:10B70000204631F0A5FA2046F4F73EFF204631F0FE
:10B71000F7FABD49204631F09BFA2046F4F734FF92
:10B72000204631F0EDFA3368012B03F01482032B2D
:10B7300003F00C82002B03F00482D7ED087AB8EEF8
:10B74000E70AF4F7D9FE2968204631F081FA20464D
:10B75000F4F71AFF204631F0D3FAAC49204631F015
:10B7600077FA2046F4F710FF204631F0C9FA336823
:10B77000012B03F0E181032B03F0D981002B03F0AF
:10B780004581D7ED037AB8EEE70AF4F7B5FE2968EC
:10B79000204631F05DFA2046F4F7F6FE204631F0FF
:10B7A000AFFA9B49204631F053FA2046F4F7ECFEFD
:10B7B000204631F0A5FA3368012B03F02281032BD8
:10B7C00003F01A81002B03F0128197ED0D0A37E781
:10B7D00004AC8949894E204631F03AFA2046F4F704
:10B7E000D3FE204631F08CFA3368012B03F0FA8047
:10B7F000032B03F0F280002B03F0EA808549814D92
:10B80000204631F025FA2046F4F7BEFE204631F0FE
:10B8100077FA2968204631F01BFA2046F4F7B4FE87
:10B82000204631F06DFA7849204631F011FA204671
:10B83000F4F7AAFE204631F063FA3368012B03F0D7
:10B84000C280032B03F0BA80002B03F0B280D7ED47
:10B85000077AB8EEE70AF4F74FFE2968204631F080
:10B86000F7F92046F4F790FE204631F049FA67498F
:10B87000204631F0EDF92046F4F786FE204631F0FF
:10B880003FFA3368012B03F08F80032B03F087808E
:10B89000002B03F07F80D7ED027AB8EEE70AF4F7C9
:10B8A0002BFE2968204631F0D3F92046F4F76CFED0
:10B8B000204631F025FA5649204631F0C9F9204694
:10B8C000F4F762FE204631F01BFA3368012B03F0D7
:10B8D0005C80032B03F05480002B03F04C8097ED29
:10B8E0000C0AADE604AC4449444E204631F0B0F9B0
:10B8F0002046F4F749FE204631F002FA3368012B66
:10B9000003F0FC80032B03F0F480002B03F0EC80A9
:10B9100041493C4D204631F09BF92046F4F734FE76
:10B92000204631F0EDF92968204631F091F92046A2
:10B93000F4F72AFE204631F0E3F93349204631F08E
:10B9400087F92046F4F720FE204631F0D9F9336814
:10B95000012B03F0C480032B03F0BC80002B03F009
:10B96000B480D7ED067AB8EEE70AF4F7C5FD29688A
:10B97000204631F06DF92046F4F706FE204631F0FE
:10B98000BFF92249204631F063F92046F4F7FCFD67
:10B99000204631F0B5F93368012B03F09180032B79
:10B9A00003F08980002B03F08180D7ED017AB8EE97
:10B9B000E70AF4F7A1FD2968204631F049F920464D
:10B9C000F4F7E2FD204631F09BF91149204631F0B1
:10B9D0003FF92046F4F7D8FD204631F091F933685D
:10B9E000012B03F05E80032B03F05680002B03F045
:10B9F0004E8097ED0B0A23E648C104006007FF1F45
:10BA00000CE004004C07FF1F30C1040018C1040003
:10BA10006CC10400A0DF0400D4B8040004ACCE491B
:10BA2000CE4E204631F014F92046F4F7ADFD204605
:10BA300031F066F93368012B03F02480032B03F007
:10BA40001C80002B03F01480C549C64D204631F000
:10BA5000FFF82046F4F798FD204631F051F92968A7
:10BA6000204631F0F5F82046F4F78EFD204631F0FF
:10BA700047F9BD49204631F0EBF82046F4F784FD44
:10BA8000204631F03DF93368012B02F0EC87032B9F
:10BA900002F0E487002B02F0DC87D7ED0A7AB8EEDB
:10BAA000E70AF4F729FD2968204631F0D1F820464D
:10BAB000F4F76AFD204631F023F9AC49204631F015
:10BAC000C7F82046F4F760FD204631F019F93368D5
:10BAD000012B02F0B987032B02F0B187002B02F093
:10BAE000EB86D7ED007AB8EEE70AF4F705FD296892
:10BAF000204631F0ADF82046F4F746FD204631F0FF
:10BB0000FFF89B49204631F0A3F82046F4F73CFDAE
:10BB1000204631F0F5F83368012B02F0C886032B7C
:10BB200002F0C086002B02F0B88697ED050A87E583
:10BB30009049204631F08CF82046F4F725FD204648
:10BB400031F0DEF83368012B03F05080032B03F053
:10BB50004880002B03F05E808749204631F078F85A
:10BB60002046F4F711FD204631F0CAF82968204636
:10BB700031F06EF82046F4F707FD204631F0C0F8AA
:10BB80007E49204631F064F82046F4F7FDFC20465B
:10BB900031F0B6F83368012B03F03780032B03F044
:10BBA0002F80002B03F02780DFF8E481D8F80030E5
:10BBB000002B3BF47AAF7249FBF778BF6D49204602
:10BBC00031F046F82046F4F7DFFC204631F098F8D3
:10BBD0003368012B02F0EC87032B02F0E487002B83
:10BBE00002F0DC876749204631F032F82046F4F74E
:10BBF000CBFC204631F084F82968204631F028F843
:10BC00002046F4F7C1FC204631F07AF85B49204623
:10BC100031F01EF82046F4F7B7FC204631F070F8FA
:10BC20003368012B02F0B587032B02F0AD87002BA0
:10BC300002F0A587DFF85C81D8F80030002BBAD17C
:10BC4000FBF733BF4B49204631F002F82046F4F7AA
:10BC50009BFC204631F054F83368012B02F0EA8651
:10BC6000032B02F0E286002B02F0DA8646492046DA
:10BC700030F0EEFF2046F4F787FC204631F040F824
:10BC80002968204630F0E4FF2046F4F77DFC20468A
:10BC900031F036F83949204630F0DAFF2046F4F723
:10BCA00073FC204631F02CF83368012B02F0B38688
:10BCB000032B02F00B86002B02F00386DFF8D880FE
:10BCC000D8F80030002B7FF476AFFBF7EEBE2949A1
:10BCD000204630F0BDFF2046F4F756FC204631F0F8
:10BCE0000FF83368012B02F01D87032B02F0158734
:10BCF000002B02F00D872549204630F0A9FF204691
:10BD0000F4F742FC204630F0FBFF2968204630F073
:10BD10009FFF2046F4F738FC204630F0F1FF17492A
:10BD2000204630F095FF2046F4F72EFC204630F0F8
:10BD3000E7FF3368012B02F0E686032B02F04C8705
:10BD4000002B02F04487DFF85480D8F80030002B35
:10BD50007FF431AFFBF7A9BE48C104006007FF1FA5
:10BD6000F0D004004C07FF1F6CC1040018C1040090
:10BD700030C1040084C10400CCD004009CC1040084
:10BD8000E8C5040078D6040084EC040070D10400F7
:10BD9000E010FF1FD010FF1FC010FF1FB010FF1FCB
:10BDA000AB49204630F054FF2046F4F7EDFB204627
:10BDB00030F0A6FF3368012B02F04A87032B02F014
:10BDC0004287002B02F04987A249204630F040FF0D
:10BDD0002046F4F7D9FB204630F092FF2968204630
:10BDE00030F036FF2046F4F7CFFB204630F088FFD6
:10BDF000D8F80030013B032B3BF60FAF01A252F8FD
:10BE000023F000BF01A00000B19E00009D9D000036
:10BE1000899C00008E49204630F01AFF2046F4F736
:10BE2000B3FB204630F06CFF3368012B02F0FC8638
:10BE3000032B02F0F486002B02F02D878649C4E71D
:10BE40008349204630F004FF2046F4F79DFB20464E
:10BE500030F056FF3368012B02F02C87032B02F0E1
:10BE60002487002B02F01C877C49AEE778492046E6
:10BE700030F0EEFE2046F4F787FB204630F040FF1E
:10BE80003368012B02F02087032B02F01887002B68
:10BE900002F0ED86724998E76D49204630F0D8FEF1
:10BEA0002046F4F771FB204630F02AFF3368012B5F
:10BEB00002F0EC86032B02F0E486002B02F0DC8615
:10BEC000684982E76249204630F0C2FE2046F4F716
:10BED0005BFB204630F014FF3368012B02F0AE8686
:10BEE000032B02F0A686002B02F0BC865E496CE7AD
:10BEF00004AC5E495E4E204630F0AAFE2046F4F7C0
:10BF000043FB204630F0FCFE3368012B02F0A4878F
:10BF1000032B02F09C87002B02F094875549564D65
:10BF2000204630F095FE2046F4F72EFB204630F0F8
:10BF3000E7FE2968204630F08BFE2046F4F724FB0C
:10BF4000204630F0DDFE4D49204630F081FE20468F
:10BF5000F4F71AFB204630F0D3FE3368012B02F0D1
:10BF60006C87032B02F06487002B02F05C87D7ED0F
:10BF70000A7AB8EE670AF4F7BFFA2968204630F06B
:10BF800067FE2046F4F700FB204630F0B9FE3C493E
:10BF9000204630F05DFE2046F4F7F6FA204630F0F9
:10BFA000AFFE3368012B02F03987032B02F0318793
:10BFB000002B02F02987D7ED0B7AB8EE670AF4F769
:10BFC0009BFA2968204630F043FE2046F4F7DCFA5D
:10BFD000204630F095FE2B49204630F039FE2046B1
:10BFE000F4F7D2FA204630F08BFE3368012B02F0D2
:10BFF0000687032B02F0FE86002B02F0F686D7EDB3
:10C000000C7AB8EE670AF4F777FA2968204630F020
:10C010001FFE2046F4F7B8FA204630F071FE1A49A8
:10C02000204630F015FE2046F4F7AEFA204630F0F8
:10C0300067FE3368012B02F05186032B02F049861C
:10C04000002B02F00E8797ED140AFBF7DABD00BF54
:10C0500084C2040090C6040084C604007CC60400A8
:10C0600080C604008CC6040088C6040048C10400D1
:10C070006007FF1F28C604004C07FF1F30C10400E3
:10C080006CC1040018C1040084C1040004ACAE49B2
:10C09000AE4E204630F0DCFD2046F4F775FA20461F
:10C0A00030F02EFE3368012B02F02687032B02F0BE
:10C0B0001E87002B02F01687A549A64D204630F0BA
:10C0C000C7FD2046F4F760FA204630F019FE2968D3
:10C0D000204630F0BDFD2046F4F756FA204630F0F9
:10C0E0000FFE9D49204630F0B3FD2046F4F74CFA90
:10C0F000204630F005FE3368012B02F0EE86032B5C
:10C1000002F0E686002B02F0DE86D7ED047AB8EE68
:10C11000670AF4F7F1F92968204630F099FD2046C6
:10C12000F4F732FA204630F0EBFD8C49204630F02F
:10C130008FFD2046F4F728FA204630F0E1FD336801
:10C14000012B02F0BB86032B02F0B386002B02F01A
:10C15000AB86D7ED057AB8EE670AF4F7CDF9296812
:10C16000204630F075FD2046F4F70EFA204630F0F8
:10C17000C7FD7B49204630F06BFD2046F4F704FAFA
:10C18000204630F0BDFD3368012B02F08886032B7A
:10C1900002F08086002B02F07886D7ED067AB8EEA2
:10C1A000670AF4F7A9F92968204630F051FD2046C6
:10C1B000F4F7EAF9204630F0A3FD6A49204630F052
:10C1C00047FD2046F4F7E0F9204630F099FD33684A
:10C1D000012B02F05586032B02F04D86002B02F056
:10C1E000458697ED120AFBF70CBD04AC5649574E35
:10C1F000204630F02DFD2046F4F7C6F9204630F0F9
:10C200007FFD3368012B02F0B787032B02F0AF8765
:10C21000002B02F0A78754494E4D204630F018FD00
:10C220002046F4F7B1F9204630F06AFD296820462F
:10C2300030F00EFD2046F4F7A7F9204630F060FDFF
:10C240004549204630F004FD2046F4F79DF920468C
:10C2500030F056FD3368012B02F07F87032B02F08C
:10C260007787002B02F06F87D7ED017AB8EE670A67
:10C27000F4F742F92968204630F0EAFC2046F4F74A
:10C2800083F9204630F03CFD3449204630F0E0FC94
:10C290002046F4F779F9204630F032FD3368012B5F
:10C2A00002F04C87032B02F04487002B02F03E85FE
:10C2B000D7ED027AB8EE670AF4F71EF9296820462E
:10C2C00030F0C6FC2046F4F75FF9204630F018FD48
:10C2D0002349204630F0BCFC2046F4F755F92046AF
:10C2E00030F00EFD3368012B02F01B85032B02F0AA
:10C2F0001385002B02F00B85D7ED037AB8EE670AA1
:10C30000F4F7FAF82968204630F0A2FC2046F4F74A
:10C310003BF9204630F0F4FC1249204630F098FCFE
:10C320002046F4F731F9204630F0EAFC3368012B5F
:10C3300002F08C86032B02F08486002B02F0FB8433
:10C3400097ED110AFBF75DBC48C104006007FF1FB1
:10C350000CC604004C07FF1F30C104006CC1040070
:10C3600018C1040084C1040004C6040004ACAE4932
:10C37000AE4E204630F06CFC2046F4F705F920461E
:10C3800030F0BEFC3368012B02F07E86032B02F0F6
:10C390007686002B02F06E86A549A64D204630F029
:10C3A00057FC2046F4F7F0F8204630F0A9FC296845
:10C3B000204630F04DFC2046F4F7E6F8204630F0F9
:10C3C0009FFC9D49204630F043FC2046F4F7DCF802
:10C3D000204630F095FC3368012B02F04686032B93
:10C3E00002F02A86002B02F02286D7ED0A7AB8EEF8
:10C3F000670AF4F781F82968204630F029FC2046C6
:10C40000F4F7C2F8204630F07BFC8C49204630F02F
:10C410001FFC2046F4F7B8F8204630F071FC336872
:10C42000012B02F0FF85032B02F0F785002B02F0B1
:10C43000EF85D7ED0B7AB8EE670AF4F75DF8296857
:10C44000204630F005FC2046F4F79EF8204630F0F8
:10C4500057FC7B49204630F0FBFB2046F4F794F86C
:10C46000204630F04DFC3368012B02F0CC85032BC5
:10C4700002F0C485002B02F0BC85D7ED0C7AB8EE33
:10C48000670AF4F739F82968204630F0E1FB2046C6
:10C49000F4F77AF8204630F033FC6A49204630F051
:10C4A000D7FB2046F4F770F8204630F029FC3368BB
:10C4B000012B02F0D585032B02F0CD85002B02F075
:10C4C000108697ED100AFBF79CBB04AC5649574EFB
:10C4D000204630F0BDFB2046F4F756F8204630F0F9
:10C4E0000FFC3368012B02F07F85032B02F0778568
:10C4F000002B02F06F8554494E4D204630F0A8FBCA
:10C500002046F4F741F8204630F0FAFB296820462F
:10C5100030F09EFB2046F4F737F8204630F0F0FB71
:10C520004549204630F094FB2046F4F72DF820468C
:10C5300030F0E6FB3368012B02F04785032B02F055
:10C540003F85002B02F03785D7ED047AB8EE670AF5
:10C55000F3F7D2FF2968204630F07AFB2046F4F743
:10C5600013F8204630F0CCFB3449204630F070FB05
:10C570002046F4F709F8204630F0C2FB3368012B5F
:10C5800002F01485032B02F00C85002B02F0CC8501
:10C59000D7ED057AB8EE670AF3F7AEFF29682046B3
:10C5A00030F056FB2046F3F7EFFF204630F0A8FBB3
:10C5B0002349204630F04CFB2046F3F7E5FF2046A8
:10C5C00030F09EFB3368012B02F0A985032B02F0AB
:10C5D000A185002B02F09985D7ED067AB8EE670A9F
:10C5E000F3F78AFF2968204630F032FB2046F3F744
:10C5F000CBFF204630F084FB1249204630F028FB68
:10C600002046F3F7C1FF204630F07AFB3368012B58
:10C6100002F07685032B02F06E85002B02F0668512
:10C6200097ED0E0AFBF7EDBA48C104006007FF1F43
:10C6300020C604004C07FF1F30C104006CC1040079
:10C6400018C1040084C1040008C6040004ACAE494B
:10C65000AE4E204630F0FCFA2046F3F795FF204618
:10C6600030F04EFB3368012B02F09684032B02F06E
:10C670008E84002B02F08684A549A64D204630F01A
:10C68000E7FA2046F3F780FF204630F039FB2968AF
:10C69000204630F0DDFA2046F3F776FF204630F0F2
:10C6A0002FFB9D49204630F0D3FA2046F3F76CFF6C
:10C6B000204630F025FB3368012B02F05E84032B0B
:10C6C00002F05684002B02F04E84D7ED017AB8EECA
:10C6D000670AF3F711FF2968204630F0B9FA2046BF
:10C6E000F3F752FF204630F00BFB8C49204630F028
:10C6F000AFFA2046F3F748FF204630F001FB3368DD
:10C70000012B02F02B84032B02F02384002B02F078
:10C710001B84D7ED027AB8EE670AF3F7EDFE2968BD
:10C72000204630F095FA2046F3F72EFF204630F0F1
:10C73000E7FA7B49204630F08BFA2046F3F724FFD6
:10C74000204630F0DDFA3368012B02F0F883032B2A
:10C7500002F0F083002B02F0E883D7ED037AB8EE05
:10C76000670AF3F7C9FE2968204630F071FA2046BF
:10C77000F3F70AFF204630F0C3FA6A49204630F04A
:10C7800067FA2046F3F700FF204630F0B9FA336825
:10C79000012B02F0C583032B02F0BD83002B02F0B6
:10C7A000B58397ED0D0AFBF72CBA04AC5649574EEA
:10C7B000204630F04DFA2046F3F7E6FE204630F0F2
:10C7C0009FFA3368012B02F00183032B02F0F982F8
:10C7D000002B02F0F18254494E4D204630F038FAD9
:10C7E0002046F3F7D1FE204630F08AFA2968204629
:10C7F00030F02EFA2046F3F7C7FE204630F080FADC
:10C800004549204630F024FA2046F3F7BDFE204685
:10C8100030F076FA3368012B02F0C982032B02F064
:10C82000C182002B02F0B982D7ED077AB8EE670A11
:10C83000F3F762FE2968204630F00AFA2046F3F743
:10C84000A3FE204630F05CFA3449204630F000FA6E
:10C850002046F3F799FE204630F052FA3368012B58
:10C8600002F09682032B02F08E82002B02F0868269
:10C87000D7ED087AB8EE670AF3F73EFE296820463E
:10C8800030F0E6F92046F3F77FFE204630F038FA24
:10C890002349204630F0DCF92046F3F775FE2046A8
:10C8A00030F02EFA3368012B02F06382032B02F082
:10C8B0005B82002B02F05382D7ED097AB8EE670A4B
:10C8C000F3F71AFE2968204630F0C2F92046F3F744
:10C8D0005BFE204630F014FA1249204630F0B8F9D9
:10C8E0002046F3F751FE204630F00AFA3368012B58
:10C8F00002F03082032B02F02882002B02F020820B
:10C9000097ED130AFBF77DB948C104006007FF1FCC
:10C9100000C604004C07FF1F30C104006CC10400B6
:10C9200018C1040084C1040018C6040004ACD34933
:10C93000D34E204630F08CF92046F3F725FE2046F2
:10C9400030F0DEF93368012B02F0C683032B02F0CE
:10C95000BE83002B02F0B683CA49CB4D204630F08F
:10C9600077F92046F3F710FE204630F0C9F9296820
:10C97000204630F06DF92046F3F706FE204630F0F1
:10C98000BFF9C249204630F063F92046F3F7FCFDB9
:10C99000204630F0B5F93368012B02F08E83032B6B
:10C9A00002F08683002B02F07E83D7ED077AB8EE83
:10C9B000670AF3F7A1FD2968204630F049F92046BF
:10C9C000F3F7E2FD204630F09BF9B149204630F004
:10C9D0003FF92046F3F7D8FD204630F091F933684F
:10C9E000012B02F05B83032B02F05383002B02F038
:10C9F0008981D7ED087AB8EE670AF3F77DFD2968DB
:10CA0000204630F025F92046F3F7BEFD204630F0F1
:10CA100077F9A049204630F01BF92046F3F7B4FD22
:10CA2000204630F06DF93368012B02F06681032B4C
:10CA300002F05E81002B02F05681D7ED097AB8EE44
:10CA4000670AF3F759FD2968204630F001F92046BE
:10CA5000F3F79AFD204630F053F98F49204630F025
:10CA6000F7F82046F3F790FD204630F049F9336897
:10CA7000012B02F0B581032B02F0AD81002B02F0F7
:10CA8000408297ED0F0AFBF7BCB8312B3CF4AAA902
:10CA9000FCF7D0B98149FEF7CEBA312B3BF447A859
:10CAA000FBF76DB8222033F0DFF9FEF7EBBA222056
:10CAB00032F02EFAFEF7E6BA222031F03FF9FEF707
:10CAC000E1BA3B6D012B0CBF75497649FBF74CBFB2
:10CAD000FB6C012B0CBF72497249FBF7B3BD724965
:10CAE000204630F0B5F82046F3F74EFD204630F0F2
:10CAF00007F93368012B01F0EE81032B01F0E68189
:10CB0000002B01F0DE816949FDF781B868492046B4
:10CB100030F09EF82046F3F737FD204630F0F0F86D
:10CB20003368012B01F0AF81032B01F0A781002BAB
:10CB300001F09F815D49204630F08AF82046F3F7E6
:10CB400023FD204630F0DCF82968204630F080F8DC
:10CB50002046F3F719FD204630F0D2F8554920461B
:10CB600030F076F82046F3F70FFD204630F0C8F895
:10CB70003368012B01F07881032B01F07081002BC9
:10CB800001F06881D8ED107AB8EE670AF3F7B4FCCB
:10CB90002968204630F05CF82046F3F7F5FC204683
:10CBA00030F0AEF84449204630F052F82046F3F712
:10CBB000EBFC204630F0A4F83368012B01F04581EE
:10CBC000032B01F03D81002B01F0358198ED140A13
:10CBD000F3F792FC2968204630F03AF82046F3F744
:10CBE000D3FC204630F08CF82F49204630F030F846
:10CBF0002046F3F7C9FC204630F082F83368012B59
:10CC000001F01481032B01F00C81002B01F0048151
:10CC100098ED130AFCF778BB2549204630F018F848
:10CC20002046F3F7B1FC204630F06AF83368012B58
:10CC300001F08480032B01F07C80002B01F0D38075
:10CC40001E49FCF7E4B81849204630F001F82046A8
:10CC5000F3F79AFC204630F053F83368012B01F0CB
:10CC60008180032B01F07980002B01F071800F4946
:10CC7000FCF7A6BC0D49FCF7ABBF00BF48C10400E0
:10CC80006007FF1F10C604004C07FF1F30C10400DF
:10CC90006CC1040018C1040084C10400E8C1040090
:10CCA0001CC2040020C204006CC2040030C6040090
:10CCB00004C204003CC2040054C20400D4C20400F4
:10CCC000E64920462FF0C4FF2046F3F75DFC2046DE
:10CCD00030F016F83368012B01F00C81032B01F0C2
:10CCE0000481002B01F0FC80DD49FCF7F4BDDD4937
:10CCF00020462FF0ADFF2046F3F746FC20462FF0EC
:10CD0000FFFF3368012B01F00481032B01F0FC804D
:10CD1000002B01F00381D449FAF71EBF222032F024
:10CD2000F7F8FCF731BA222032F0F2F8FAF73BBFFD
:10CD3000222031F003F8FAF736BF222030F0FEFF50
:10CD4000FCF722BA222033F08FF8FBF734BE222002
:10CD500032F0DEF8FBF72FBE222032F0D9F8FCF7D4
:10CD6000E0BE222030F0EAFFFCF7DBBE222030F0EC
:10CD7000E5FFFBF74EB8222033F076F8FBF725B835
:10CD8000222032F0C5F8FBF720B8222030F0D6FF81
:10CD9000FBF71BB8222030F0D1FFFBF7DBBD2220D0
:10CDA00033F062F8FBF7B4BD222032F0B1F8FBF7A4
:10CDB000AFBD222030F0C2FFFBF7AABD04ACAB49E7
:10CDC000AB4E20462FF044FF2046F3F7DDFB204614
:10CDD0002FF096FF3368012B01F05E81032B01F0E9
:10CDE0005681002B01F04E81A249A34D20462FF021
:10CDF0002FFF2046F3F7C8FB20462FF081FF29685C
:10CE000020462FF025FF2046F3F7BEFB20462FF0EB
:10CE100077FF2A21994832F0A3FF00230A2279697B
:10CE200097482FF02DFD96482FF012FD954920468A
:10CE30002FF00EFF2046F3F7A7FB20462FF060FFF0
:10CE40003368012B01F01981032B01F01181002BB4
:10CE500001F00981D7ED057AB8EE670AF3F74CFBCC
:10CE6000296820462FF0F4FE2046F3F78DFB20467C
:10CE70002FF046FF844920462FF0EAFE2046F3F7C4
:10CE800083FB20462FF03CFF3368012B01F0E68046
:10CE9000032B01F0DE80002B01F0D680D7ED027A63
:10CEA000B8EE670AF3F728FB296820462FF0D0FE7A
:10CEB0002046F3F769FB20462FF022FF73492046F6
:10CEC0002FF0C6FE2046F3F75FFB20462FF018FF39
:10CED0003368012B01F0B380032B01F0AB80002BF2
:10CEE00001F0A380D7ED087AB8EE670AF3F704FBE8
:10CEF000296820462FF0ACFE2046F3F745FB20467C
:10CF00002FF0FEFEFBF744BE222032F0ADFFFCF70F
:10CF100000BB222032F0A8FFFEF7B4BB222032F083
:10CF2000A3FFFBF7E6BD222031F0F2FFFEF7AABB1C
:10CF3000222030F003FFFEF7A5BB222032F094FF41
:10CF4000FBF708BD222031F0E3FFFBF703BD2220F1
:10CF500031F0DEFFFCF751BA222030F0EFFEFCF793
:10CF60004CBA222032F080FFFCF723BA222031F0A5
:10CF7000CFFFFCF71EBA222030F0E0FEFCF719BA12
:10CF8000222032F071FFFCF7EDB9222031F0C0FF12
:10CF9000FCF7E8B9222030F0D1FEFCF7E3B92220FB
:10CFA00030F0CCFEFCF757BD222032F05DFFFCF7DD
:10CFB0002EBD222031F0ACFFFCF729BD222030F03D
:10CFC000BDFEFCF724BD222032F04EFFFCF7FBBC77
:10CFD000222031F09DFFFCF7F6BC222030F0AEFE9F
:10CFE000FCF7F1BC222032F03FFFFCF7C5BC222049
:10CFF00032F03AFFFCF711BC222031F089FFFCF738
:10D000000CBC222030F09AFEFCF707BC222032F044
:10D010002BFFFCF7E0BB222031F07AFFFCF7ACBC21
:10D02000222030F08BFEFCF7A7BC222030F086FED9
:10D03000B8F1000F3AF4A1AEFCF7BCBD222032F0EB
:10D0400013FFFAF774BE222032F00EFFFBF7B0BEDA
:10D05000222031F05DFFFBF7ABBE00BF84C20400AD
:10D0600094C6040004C20400F0C5040048C10400D2
:10D070006007FF1FF0D004004C07FF1FB0C504007D
:10D080002808FF1F18C1040030C104006CC104004F
:10D09000222032F0E9FEFBF7F6BB222031F038FF08
:10D0A000FBF7F1BB222030F049FEFBF7ECBB22205E
:10D0B00032F0DAFEFBF7C3BB222031F029FFFBF789
:10D0C000BEBB222030F03AFEFBF7B9BB222032F083
:10D0D000CBFEFBF790BB222031F01AFFFBF78BBB96
:10D0E000222030F02BFEFBF786BB222032F0BCFE64
:10D0F000FBF75DBB222031F00BFFFBF758BB222072
:10D1000030F01CFEFBF753BB222032F0ADFEFBF7E4
:10D11000FDBA222031F0FCFEFBF7F8BA222030F0F5
:10D120000DFEFBF7F3BA222032F09EFEFBF7CABADF
:10D13000222030F003FEFBF73BBE222030F0FEFD44
:10D14000FCF714BA222032F08FFEFCF70FBA22202F
:10D1500031F0DEFEFCF70ABA222030F0EFFDFCF7DA
:10D160008CBB222030F0EAFDFCF780BA222031F09F
:10D17000CFFEFCF7CEB9222030F0E0FDFCF7C9B9B4
:10D18000222032F071FEFCF7A2B9222031F0C0FE5D
:10D19000FCF79DB9222032F067FEFDF747BF222041
:10D1A00031F0B6FEFDF742BF222030F0C7FDFDF79B
:10D1B0003DBF222031F0ACFEFBF79BBC222030F0BB
:10D1C000BDFDFBF796BC222032F04EFEFBF76DBC96
:10D1D000222031F09DFEFBF768BC222032F044FE95
:10D1E000FBF7B9BD222031F093FEFBF7B4BD22203E
:10D1F00030F0A4FDFBF7AFBD222032F035FEFBF787
:10D2000086BD222031F084FEFBF796BE222030F04E
:10D2100095FDFBF791BE222032F026FEFBF740BEC3
:10D22000222031F075FEFBF73BBE222032F01CFEBF
:10D23000FCF777BC222032F017FEFCF79EBC2220C0
:10D2400031F066FEFCF799BC222030F077FDFCF748
:10D2500094BC222032F008FEFCF741BC222031F0C1
:10D2600057FEFCF73CBC222030F068FDFCF737BCD1
:10D27000222032F0F9FDFCF710BC222031F048FEEC
:10D28000FCF70BBC222030F059FDFCF706BC222035
:10D2900032F0EAFDFCF7DFBB222031F039FEFCF76B
:10D2A000DABB222030F04AFDFBF7FABD222032F033
:10D2B000DBFDFBF7D3BD222031F02AFEFBF7CEBD0C
:10D2C000222030F03BFDFBF7C9BD222031F020FECB
:10D2D000FAF72DBD222030F031FDFAF728BD2220CB
:10D2E00032F0C2FDFAF7F7BC222031F011FEFAF756
:10D2F000F2BC222030F022FDFAF7EDBC222032F001
:10D30000B3FDFAF7BFBC222031F002FEFAF7BABC37
:10D31000222030F013FDFAF7B5BC222030F00EFDCC
:10D32000FBF7C3BB222032F09FFDFBF799BB222005
:10D3300031F0EEFDFBF794BB222030F0FFFCFBF751
:10D340008FBB222031F0E4FDB8F1000F3AF415ADA7
:10D35000FCF730BC04ACE149E14E20462FF078FCEC
:10D360002046F3F711F920462FF0CAFC3368012B51
:10D3700000F0F285032B00F0EA85002B00F0E28537
:10D38000D849D94D20462FF063FC2046F3F7FCF82E
:10D3900020462FF0B5FC296820462FF059FC204686
:10D3A000F3F7F2F820462FF0ABFCD04920462FF0DF
:10D3B0004FFC2046F3F7E8F820462FF0A1FC336835
:10D3C000012B00F0BA85032B00F0EE85002B00F056
:10D3D000E685D7ED077AB8EE670AF3F78DF8296886
:10D3E00020462FF035FC2046F3F7CEF820462FF0EC
:10D3F00087FCBF4920462FF02BFC2046F3F7C4F8EA
:10D4000020462FF07DFC3368012B00F0C385032BF1
:10D4100000F0BB85002B00F0B385D7ED047AB8EEA1
:10D42000670AF3F769F8296820462FF011FC2046B7
:10D43000F3F7AAF820462FF063FCAE4920462FF000
:10D4400007FC2046F3F7A0F820462FF059FC33687C
:10D45000012B00F09085032B00F08885002B00F055
:10D460008085D7ED0A7A3FE504AC9C499C4E204666
:10D470002FF0EEFB2046F3F787F820462FF040FC14
:10D480003368012B00F0CC85032B00F0C485002B02
:10D4900000F0BC859849944D20462FF0D9FB2046DA
:10D4A000F3F772F820462FF02BFC296820462FF066
:10D4B000CFFB2046F3F768F820462FF021FC8B497C
:10D4C00020462FF0C5FB2046F3F75EF820462FF0EC
:10D4D00017FC3368012B00F09485032B00F08C853A
:10D4E000002B00F08485D7ED067AB8EE670AF3F7D3
:10D4F00003F8296820462FF0ABFB2046F3F744F8E9
:10D5000020462FF0FDFB7A4920462FF0A1FB204654
:10D51000F3F73AF820462FF0F3FB3368012B00F0C5
:10D520006185032B00F05985002B00F05185D7ED64
:10D53000037AB8EE670AF2F7DFFF296820462FF07A
:10D5400087FB2046F3F720F820462FF0D9FB6949E6
:10D5500020462FF07DFB2046F3F716F820462FF0EB
:10D56000CFFB3368012B00F02E85032B00F02685BE
:10D57000002B00F01E85D7ED097AB5E4222032F0A9
:10D5800073FCFBF78EBD222031F0C2FCFBF789BD96
:10D59000222030F0D3FBFBF784BD222032F064FC64
:10D5A000FBF75DBD222030F0C9FBFBF734BD222024
:10D5B00032F05AFCFBF70BBD222031F0A9FCFBF73F
:10D5C00006BD222030F0BAFBFBF701BD222032F06D
:10D5D0004BFCFBF7D8BC222031F09AFCFBF7D3BC04
:10D5E000222030F0ABFBFBF7CEBC222032F03CFC1B
:10D5F000FBF7A2BC222030F0A1FBFBF7DCB9222014
:10D6000032F032FCFBF70FB8222031F081FCFBF73F
:10D6100059B8222030F092FBFBF754B8222031F0A9
:10D6200077FCFBF700B8222030F088FBFAF7FBBF4D
:10D63000222032F019FCFAF7D4BF222031F068FC26
:10D64000FAF7CFBF222030F079FBFAF7CABF2220C9
:10D6500032F00AFCFAF799BF222031F059FCFAF7B0
:10D6600094BF222030F06AFBFAF78FBF222032F0FD
:10D67000FBFBFAF766BF222031F04AFCFAF761BFE4
:10D68000222030F05BFBFAF75CBF222032F0ECFB8B
:10D69000FAF733BF222031F03BFCFAF72EBF2220ED
:10D6A00030F04CFBFAF729BF222032F0DDFBFAF70D
:10D6B00000BF222031F02CFCFAF7FBBE222030F014
:10D6C0003DFBFAF7F6BE222032F0CEFBFAF7C9BED8
:10D6D000222031F01DFCFAF7C4BE00BF48C104008F
:10D6E0006007FF1F5CE004004C07FF1F18C1040027
:10D6F00030C104006CC104000CE00400222030F0B2
:10D700001DFBFAF7AEBE222032F0AEFBFAF785BE63
:10D71000222031F0FDFBFAF780BE222030F00EFB14
:10D72000FAF77BBE222032F09FFBFAF74ABE222096
:10D7300031F0EEFBFAF745BE222030F0FFFAFAF79F
:10D7400040BE222032F090FBFAF7F6BD222031F0E5
:10D75000DFFBFAF7F1BD222030F0F0FAFAF7ECBD6A
:10D76000222032F081FBFAF7BBBD222031F0D0FB42
:10D77000FAF7B6BD222030F0E1FAFAF7B1BD222067
:10D7800032F072FBFAF788BD222031F0C1FBFAF7C4
:10D7900083BD222030F0D2FAFAF77EBD222032F08B
:10D7A00063FBFAF755BD222031F0B2FBFAF750BD0A
:10D7B000222030F0C3FAFAF74BBD222032F054FB9E
:10D7C000FAF722BD222031F0A3FBFAF71DBD22207B
:10D7D00030F0B4FAFAF718BD222032F045FBFAF720
:10D7E000EBBC222031F094FBFAF7E6BC222030F0AB
:10D7F000A5FAFAF7E1BC222032F036FBFAF7B8BC02
:10D80000222031F085FBFAF7B3BC222030F096FAE3
:10D81000FAF7AEBC222032F027FBFAF77DBC2220BB
:10D8200031F076FBFAF778BC222030F087FAFAF76D
:10D8300073BC222032F018FBFAF74CBC222031F0E6
:10D8400067FBFAF747BC222030F078FAFAF742BCBF
:10D85000222032F009FBFAF711BC222031F058FBEC
:10D86000FAF70CBC222030F069FAFAF707BC222044
:10D8700032F0FAFAFAF7DEBB222031F049FBFAF770
:10D88000D9BB222030F05AFAFAF7D4BB222032F06A
:10D89000EBFAFAF7ABBB222031F03AFBFAF7A6BB62
:10D8A000222030F04BFAFAF7A1BB222032F0DCFA4A
:10D8B000FAF74EBB222031F02BFBFAF749BB2220AE
:10D8C00030F03CFAFAF744BB222032F0CDFAFAF7F6
:10D8D00017BB222031F01CFBFAF712BB222030F0DC
:10D8E0002DFAFAF70DBB222032F0BEFAFAF7E4BAAD
:10D8F000222031F00DFBFAF7DFBA222030F01EFAB9
:10D90000FAF7DABA222032F0AFFAFAF7A6BA2220F2
:10D9100031F0FEFAFAF7A1BA222030F00FFAFAF746
:10D920009CBA222032F0A0FAFAF773BA222031F022
:10D93000EFFAFAF76EBA222032F096FAFAF733B914
:10D94000222032F091FAFAF75AB9222031F0E0FAA7
:10D95000FAF755B9222030F0F1F9FAF750B9222040
:10D9600031F0D6FAFBF7D3B9222030F0E7F9FBF714
:10D97000CEB9222032F078FAFBF7A5B9222031F097
:10D98000C7FAFBF7A0B9222030F0D8F9FBF79BB912
:10D99000222032F069FAFBF76FB9222031F0B8FA91
:10D9A000FBF76AB9222030F0C9F9FBF765B92220EC
:10D9B00032F05AFAFBF7BBBB222031F0A9FAFBF791
:10D9C000B6BB222032F050FAFBF757BF222031F0CD
:10D9D0009FFAFBF752BF222032F046FAFBF7D4BB86
:10D9E000222031F095FAFBF7F6BE222030F0A6F99E
:10D9F000FBF7F1BE222032F037FAFBF7CABE222035
:10DA000031F086FAFBF7C5BE222030F097F9FBF71C
:10DA1000C0BE222032F028FAFBF797BE222031F058
:10DA200077FAFBF792BE222030F088F9FBF78DBE23
:10DA3000222032F019FAFBF764BE222031F068FA96
:10DA4000FBF75FBE222030F079F9FBF75ABE2220A7
:10DA500032F00AFAFBF731BE222031F059FAFBF717
:10DA60002CBE222030F06AF9FBF727BE222032F0CC
:10DA7000FBF9FBF7FBBD222031F04AFAFBF7F6BDBC
:10DA8000222030F05BF9FBF722BD222032F0ECF9C6
:10DA9000FBF7FBBC222031F03BFAFBF7F6BC22205F
:10DAA00030F04CF9FBF7F1BC222032F0DDF9FBF746
:10DAB000C8BC222031F02CFAFBF7C3BC222030F086
:10DAC0003DF9FBF7BEBC222032F0CEF9FBF795BC46
:10DAD000222030F033F9FBF72ABB222032F0C4F9C0
:10DAE000FBF701BB222031F013FAFBF7FCBA22202E
:10DAF00030F024F9FBF7F7BA222031F009FAFBF7EE
:10DB0000AEBA222030F01AF9FBF7A9BA222032F07F
:10DB1000ABF9FBF780BA222031F0FAF9FBF77BBAB8
:10DB2000222032F0A1F9F9F7E8BF222031F0F0F914
:10DB3000F9F7E3BF222030F001F9F9F7DEBF222028
:10DB400032F092F9FCF724B9222031F0E1F9FCF728
:10DB50001FB9222030F0F2F8FCF71AB9222032F077
:10DB600083F9FCF7F1B8222032F07EF9FCF7CCBA49
:10DB7000222031F0CDF9FCF7C7BA222030F0DEF8D0
:10DB8000FCF7C2BA222032F06FF9FCF799BA2220D2
:10DB900031F0BEF9FCF794BA222030F0CFF8FCF750
:10DBA0008FBA222032F060F9FCF766BA222031F0F9
:10DBB000AFF9FCF761BA222030F0C0F8FCF75CBA8C
:10DBC000222032F051F9FCF72FBA222031F0A0F9CF
:10DBD000FCF72ABA222030F0B1F8FCF725BA22204F
:10DBE00031F096F9FCF7B0B8222030F0A7F8FCF736
:10DBF000ABB8222032F038F9FCF782B8222031F09D
:10DC000087F9FCF77DB8222030F098F8FCF778B857
:10DC1000222032F029F9FCF74BB8222031F078F9B4
:10DC2000FCF746B8222030F089F8FCF741B82220F2
:10DC300031F06EF9FCF712B9222030F07FF8FCF7D2
:10DC40000DB9222032F010F9FCF7E4B8222031F0AF
:10DC50005FF9FCF7DFB8222030F070F8FCF7DAB893
:10DC6000222032F001F9FCF7ADB8222031F050F952
:10DC7000FCF7A8B8222030F061F8FCF7A3B8222006
:10DC800032F0F2F8FCF70EB9222031F041F9FCF73E
:10DC900009B9222030F052F8FCF704B9222032F002
:10DCA000E3F8FCF7DBB8222032F0DEF8FCF791B99C
:10DCB000222031F02DF9FCF78CB9222030F03EF80B
:10DCC000FCF787B9222032F0CFF8FCF75EB92220AA
:10DCD00031F01EF9FCF759B9222030F02FF8FCF78B
:10DCE00054B9222032F0C0F8FCF72BB9222031F0D1
:10DCF0000FF9FCF726B9222030F020F8FCF721B903
:10DD0000222032F0B1F8FCF7F4B8222031F000F90B
:10DD1000FCF7EFB8222030F011F8FCF7EAB8222027
:10DD200031F0F6F8FBF7D6BD222030F007F8FBF70C
:10DD3000D1BD222031F0ECF8FEF782BF22202FF077
:10DD4000FDFFFEF77DBF222032F08EF8FBF7C2BD4B
:10DD5000222032F089F8FEF78ABF222031F0D8F86D
:10DD6000FEF785BF22202FF0E9FFFEF780BF2220BB
:10DD700032F07AF8FBF7C6BA222031F0C9F8FBF787
:10DD8000C1BA22202FF0DAFFFBF7BCBA222032F012
:10DD90006BF8FBF795BA222031F0BAF8FBF790BA8E
:10DDA00022202FF0CBFFFBF78BBA222032F05CF859
:10DDB000FBF73CBA222031F0ABF8FBF737BA222050
:10DDC0002FF0BCFFFBF732BA222032F04DF8FBF700
:10DDD00005BA222031F09CF8FBF700BA22202FF080
:10DDE000ADFFFBF7FBB9222032F03EF8FEF728BF6B
:10DDF000222032F039F8FBF709B8222032F034F84B
:10DE0000FBF7DDBB222031F083F8FBF7D8BB2220E3
:10DE10002FF094FFFBF7D3BB222032F025F8FEF75A
:10DE2000F7BE222031F074F8FEF7F2BE22202FF068
:10DE300085FFFEF7EDBE222032F016F8FEF7C6BED3
:10DE4000222031F065F8FEF7C1BE22202FF076FFC8
:10DE5000FEF7BCBE222032F007F8FEF793BE222068
:10DE600031F056F8FEF78EBE22202FF067FFFEF746
:10DE700089BE222031F0F8FFFEF75CBE222031F08F
:10DE800047F8FEF757BE22202FF058FFFEF752BE8C
:10DE9000222031F0E9FFFBF7B9BE222031F038F83B
:10DEA000FBF7B4BE22202FF049FFFBF7AFBE2220C4
:10DEB00031F02EF8FAF7AABF22202FF03FFFFAF731
:10DEC000A5BF222031F0D0FFFEF71DBE222031F089
:10DED0001FF8FEF718BE22202FF030FFFEF713BE0A
:10DEE000222031F0C1FFFEF7FFBE222031F010F8F2
:10DEF000FEF7FABE22202FF021FFFEF7F5BE22200A
:10DF000031F0B2FFF9F727BE222031F001F8FEF719
:10DF100002BF22202FF012FFFEF7FDBE222031F0BB
:10DF2000A3FFFEF7F8BE222030F0F2FFF9F713BE90
:10DF300022202FF003FFF9F70EBE22202FF0FEFE65
:10DF4000FFF747BA222031F08FFFFFF719BA2220DE
:10DF500030F0DEFFFFF714BA22202FF0EFFEFFF7BC
:10DF60000FBA222031F080FFFFF77BBA222030F079
:10DF7000CFFFFFF776BA22202FF0E0FEFFF771BA4D
:10DF8000222031F071FFFFF748BA222030F0C0FFA5
:10DF9000FFF743BA22202FF0D1FEFFF73EBA22202E
:10DFA00031F062FFFFF715BA222030F0B1FFFFF722
:10DFB00010BA222031F058FFFFF7DDBA222030F0EE
:10DFC000A7FFFFF7D8BA22202FF0B8FEFFF7D3BA89
:10DFD000222031F049FFFFF7AABA222030F098FF43
:10DFE000FFF7A5BA22202FF0A9FEFFF7A0BA222042
:10DFF00031F03AFFFFF777BA222030F089FFFFF7C0
:10E0000072BA22202FF09AFEFFF76DBA222031F06B
:10E010002BFFFFF73FBA222030F07AFFFFF73ABA22
:10E0200022202FF08BFEFFF735BA222031F01CFFA3
:10E03000FEF758BF222030F06BFFFEF753BF2220BF
:10E040002FF07CFEFEF74EBF222031F00DFFFEF7D1
:10E0500025BF222030F05CFFFEF720BF22202FF0EA
:10E060006DFEFEF71BBF222031F0FEFEFEF7F2BE72
:10E07000222030F04DFFFEF7EDBE22202FF05EFE95
:10E08000FEF7E8BE222031F0EFFEFEF7ADBE222003
:10E0900030F03EFFFEF7A8BE22202FF04FFEFEF725
:10E0A000A3BE222031F0E0FEFCF788BA222030F037
:10E0B0002FFFFCF783BA22202FF040FEFCF77EBA38
:10E0C000222031F0D1FEFCF755BA222031F0CCFEEF
:10E0D000FCF746BE222030F01BFFFCF741BE222099
:10E0E0002FF02CFEFCF73CBE222031F0BDFEFCF7E9
:10E0F00013BE222030F00CFFFCF70EBE22202FF0C2
:10E100001DFEFCF709BE222031F0AEFEFCF7E0BD9B
:10E11000222030F0FDFEFCF7DBBD22202FF00EFEAA
:10E12000FCF7D6BD222031F09FFEFCF7A9BD2220CE
:10E1300030F0EEFEFCF7A4BD22202FF0FFFDFCF72F
:10E140009FBD222031F090FEFCF760BC222030F011
:10E15000DFFEFCF7BFBE22202FF0F0FDFCF7BABEB9
:10E16000222031F081FEFCF7B5BE222030F0D0FE37
:10E17000FCF730B822202FF0E1FDFCF72BB822206D
:10E1800031F072FEFCF702B8222030F0C1FEFBF73E
:10E19000FDBF22202FF0D2FDFBF7F8BF222031F087
:10E1A00063FEFBF7CBBF222030F0B2FEFBF7C6BF09
:10E1B00022202FF0C3FDFBF7C1BF222031F054FE17
:10E1C000FCF744BD222030F0A3FEFCF73FBD222027
:10E1D0002FF0B4FDFCF73ABD222031F045FEFCF7EC
:10E1E00011BD222031F040FEFCF798BC222030F017
:10E1F0008FFEFCF793BC22202FF0A0FDFCF78EBC15
:10E20000222031F031FEFCF765BC222030F080FE88
:10E21000FCF760BC22202FF091FDFCF75BBC2220B4
:10E2200031F022FEFCF732BC222030F071FEFCF708
:10E230002DBC22202FF082FDFCF728BC222031F0DB
:10E2400013FEFCF7FBBB222030F062FEFCF7F6BBAE
:10E2500022202FF073FDFCF7F1BB222031F004FEE9
:10E26000FCF76EBA222031F0FFFDFCF715BB22202F
:10E2700030F04EFEFCF710BB22202FF05FFDFCF7C4
:10E280000BBB222031F0F0FDFCF7E2BA222030F087
:10E290003FFEFCF7DDBA22202FF050FDFCF7D8BA84
:10E2A000222031F0E1FDFCF7AFBA222030F030FE41
:10E2B000FCF7AABA22202FF041FDFCF7A5BA2220D4
:10E2C00031F0D2FDFCF77CBA222030F021FEFCF7C1
:10E2D00077BA22202FF032FDFCF772BA222031F0FB
:10E2E000C3FDFCF745BA222030F012FEFCF740BA1D
:10E2F00022202FF023FDFCF73BBA222030F008FE4D
:10E30000FCF738B922202FF019FDFCF733B9222091
:10E3100031F0AAFDFCF70AB9222030F0F9FDFCF734
:10E3200005B922202FF00AFDFCF700B9222031F0B8
:10E330009BFDFCF7D3B8222030F0EAFDFCF7CEB805
:10E3400022202FF0FBFCFCF7C9B8222030F0E0FDC2
:10E35000FCF7AEB922202FF0F1FCFCF7A9B922207E
:10E3600031F082FDFCF780B9222030F0D1FDFCF7BE
:10E370007BB922202FF0E2FCFCF776B9222031F0A5
:10E3800073FDFCF749B9222030F0C2FDFCF744B917
:10E3900022202FF0D3FCFCF73FB9222031F064FD9E
:10E3A000FBF7C6BF222030F0B3FDFBF7C1BF222030
:10E3B0002FF0C4FCFBF7BCBF222031F055FDFBF76A
:10E3C00093BF222030F0A4FDFBF78EBF22202FF058
:10E3D000B5FCFBF789BF222031F046FDFBF760BF9B
:10E3E000222030F095FDFBF75BBF22202FF0A6FC2A
:10E3F000FBF756BF222031F037FDFBF729BF222063
:10E4000030F086FDFBF724BF22202FF097FCFBF7AE
:10E410001FBF222031F028FDFBF700BF222030F083
:10E4200077FDFBF7FBBE22202FF088FCFBF7F6BE42
:10E43000222031F019FDFBF7CDBE222031F014FD72
:10E44000FCF75AB9222030F063FDFCF755B92220C1
:10E450002FF074FCFCF750B9222031F005FDFCF7D9
:10E4600027B9222031F000FDFDF75EB8222030F000
:10E470004FFDFDF759B822202FF060FCFDF754B88E
:10E48000222031F0F1FCFDF72BB8222030F040FDC6
:10E49000FDF726B822202FF051FCFDF721B82220ED
:10E4A00031F0E2FCFCF7F8BF222030F031FDFCF740
:10E4B000F3BF22202FF042FCFCF7EEBF222031F008
:10E4C000D3FCFCF7C1BF222030F022FDFCF7BCBF1B
:10E4D00022202FF033FCFCF7B7BF222031F0C4FC20
:10E4E000FCF7D4BC222030F013FDFCF7CFBC222077
:10E4F0002FF024FCFCF7CABC222031F0B5FCFCF75D
:10E50000A1BC222031F0B0FCFCF771BF222030F01A
:10E51000FFFCFCF76CBF22202FF010FCFCF767BF5C
:10E52000222031F0A1FCFCF73EBF222030F0F0FCAD
:10E53000FCF739BF22202FF001FCFCF734BF22206A
:10E5400031F092FCFCF70BBF222030F0E1FCFCF72D
:10E5500006BF22202FF0F2FBFCF701BF222031F092
:10E5600083FCFCF7D4BE222030F0D2FCFCF7CFBEF7
:10E5700022202FF0E3FBFCF7CABE222031F074FC0E
:10E58000FCF720BA222030F0C3FCFCF71BBA222093
:10E590002FF0D4FBFCF716BA222031F065FCFCF713
:10E5A000EDB9222031F060FCFCF79ABE222030F059
:10E5B000AFFCFCF795BE22202FF0C0FBFCF790BE0D
:10E5C000222031F051FCFCF767BE222030F0A0FC85
:10E5D000FCF762BE22202FF0B1FBFCF75DBE2220CB
:10E5E00031F042FCFCF734BE222030F091FCFCF705
:10E5F0002FBE22202FF0A2FBFCF72ABE222031F0F2
:10E6000033FCFCF7FDBD222030F082FCFCF7F8BDA6
:10E6100022202FF093FBFCF7F3BD222031F024FCE5
:10E62000FBF742BF222030F073FCFBF73DBF2220F6
:10E630002FF084FBFBF738BF222031F015FCFBF7ED
:10E640000FBF222031F010FCFCF7CCBC222030F0B0
:10E650005FFCFCF7C7BC22202FF070FBFCF7C2BCAC
:10E66000222031F001FCFCF799BC222031F0FCFBA8
:10E67000FCF7A4BD222030F04BFCFCF79FBD22200C
:10E680002FF05CFBFCF79ABD222031F0EDFBFCF78C
:10E6900071BD222030F03CFCFCF76CBD22202FF035
:10E6A0004DFBFCF767BD222031F0DEFBFCF73EBDE1
:10E6B000222030F02DFCFCF739BD22202FF03EFB4C
:10E6C000FCF734BD222031F0CFFBFCF707BD222040
:10E6D00030F01EFCFCF702BD22202FF02FFBFCF7D0
:10E6E000FDBC222030F014FCFCF758BC22202FF097
:10E6F00025FBFCF753BC222031F0B6FBFCF72ABC0B
:10E70000222030F005FCFCF725BC22202FF016FB60
:10E71000FCF720BC222031F0A7FBFCF7F3BB222042
:10E7200030F0F6FBFCF7EEBB22202FF007FBFCF7E6
:10E73000E9BB222030F0ECFBFCF764BA22202FF07A
:10E74000FDFAFCF75FBA222031F08EFBFCF736BAF7
:10E75000222030F0DDFBFCF731BA22202FF0EEFA58
:10E76000FCF72CBA222031F07FFBFCF7FFB9222006
:10E7700030F0CEFBFCF7FAB922202FF0DFFAFCF7DD
:10E78000F5B9222030F0C4FBFBF76ABE22202FF03F
:10E79000D5FAFBF765BE222031F066FBFBF73CBEE5
:10E7A000222030F0B5FBFBF737BE22202FF0C6FA4F
:10E7B000FBF732BE222031F057FBFBF7FABD2220D7
:10E7C00030F0A6FBFBF7F5BD22202FF0B7FAFBF7E0
:10E7D000F0BD222030F09CFBFCF7D0B822202FF0B7
:10E7E000ADFAFCF7CBB8222031F03EFBFCF7A2B823
:10E7F000222030F08DFBFCF79DB822202FF09EFAEE
:10E80000FCF798B8222031F02FFBFCF76BB82220E0
:10E8100030F07EFBFCF766B822202FF08FFAFCF771
:10E8200061B8222030F074FBFBF78ABF22202FF062
:10E8300085FAFBF785BF222030F06AFBFCF702BBAC
:10E8400022202FF07BFAFCF7FDBA222031F00CFBDE
:10E85000FCF7D4BA222030F05BFBFCF7CFBA2220C1
:10E860002FF06CFAFCF7CABA222031F0FDFAFCF75F
:10E870009DBA222030F04CFBFCF798BA22202FF0F2
:10E880005DFAFCF793BA222030F042FBFCF7BEB8E9
:10E8900022202FF053FAFCF7B9B8222031F0E4FA25
:10E8A000FDF743B9222030F033FBFDF73EB92220BB
:10E8B0002FF044FAFDF739B9222031F0D5FAFDF7EF
:10E8C00010B9222031F0D0FAFDF7F8B9222030F04B
:10E8D0001FFBFDF7F3B9222031F0C6FAF9F7DEB8D5
:10E8E000222030F015FBF9F7D9B822202FF026FAB4
:10E8F000F9F7D4B8222031F0B7FAF9F7A7B82220F7
:10E9000030F006FBF9F7A2B822202FF017FAF9F73A
:10E910009DB822202FF012FAFCF790BE222031F091
:10E92000A3FAFCF767BE222030F0F2FAFCF762BED1
:10E9300022202FF003FAFCF75DBE222031F094FA7A
:10E94000FCF734BE222030F0E3FAFCF72FBE222081
:10E950002FF0F4F9FCF72ABE222031F085FAFCF7FB
:10E96000FCBD222031F080FAFCF768BE222030F096
:10E97000CFFAFCF763BE222031F076FAFCF7AFBF86
:10E98000222030F0C5FAFCF7AABF22202FF0D6F9DA
:10E99000FCF7A5BF222031F067FAFCF77CBF2220EC
:10E9A00030F0B6FAFCF777BF22202FF0C7F9FCF75A
:10E9B00072BF222031F058FAFCF749BF222030F014
:10E9C000A7FAFCF744BF22202FF0B8F9FCF73FBFAD
:10E9D000222031F049FAFCF711BF222030F098FADA
:10E9E000FCF70CBF22202FF0A9F9FCF707BF22206B
:10E9F00031F03AFAFCF7E9BE222030F089FAFCF750
:10EA0000E4BE22202FF09AF9FCF7DFBE222031F07D
:10EA10002BFAFCF7B6BE22202FF090F9FDF74EB985
:10EA2000222031F021FAFDF721B9222030F070FACE
:10EA3000FDF71CB922202FF081F9FDF717B922202C
:10EA400030F066FAFDF74DB822202FF077F9FDF788
:10EA500048B8222031F008FAFDF71FB8222030F024
:10EA600057FAFDF71AB822202FF068F9FDF715B80C
:10EA7000222031F0F9F9FCF7E7BF222030F048FA04
:10EA8000FCF7E2BF22202FF059F9FCF7DDBF22206E
:10EA900031F0EAF9FCF7ADBF222030F039FAFCF78B
:10EAA000A8BF22202FF04AF9FCF7A3BF222031F0A3
:10EAB000DBF9FCF77ABF222030F02AFAFCF775BFA9
:10EAC00022202FF03BF9FCF770BF222031F0CCF967
:10EAD000FCF747BF222030F01BFAFCF742BF222090
:10EAE0002FF02CF9FCF73DBF222031F0BDF9FCF7E7
:10EAF0000FBF222030F00CFAFCF70ABF22202FF0C3
:10EB00001DF9FCF705BF22202FF018F9FDF71BB9FE
:10EB1000222031F0A9F9FDF7EEB8222030F0F8F903
:10EB2000FDF7E9B822202FF009F9FDF7E4B822201B
:10EB300030F0EEF9FCF725BE22202FF0FFF8FCF7AD
:10EB400020BE222031F090F9FCF7F7BD222030F0F2
:10EB5000DFF9FCF7F2BD22202FF0F0F8FCF7EDBD55
:10EB6000222031F081F9FCF7BFBD222030F0D0F92E
:10EB7000FCF7BABD22202FF0E1F8FCF7B5BD22204A
:10EB800031F072F9FDF756B8222030F0C1F9FDF7E7
:10EB900051B822202FF0D2F8FDF74CB8222031F0E6
:10EBA00063F9FDF71FB8222030F0B2F9FDF71AB86B
:10EBB00022202FF0C3F8FDF715B8222030F0A8F975
:10EBC000FCF7CBBC22202FF0B9F8FCF7C6BC222002
:10EBD00031F04AF9FDF7B7B8222030F099F9FDF786
:10EBE000B2B8222030F094F9FCF7B6BF22202FF003
:10EBF000A5F8FCF7B1BF222031F036F9FCF7D4BFFD
:10EC0000222030F085F9FCF7CFBF22202FF096F8B4
:10EC1000FCF7CABF222031F027F9FCF79DBF222064
:10EC200030F076F9FDF70AB922202FF087F8FDF7CA
:10EC300005B9222030F06CF9FDF758B922202FF0E9
:10EC40007DF8FDF753B9222030F062F9FDF7BCB82A
:10EC500022202FF073F8FDF7B7B8222031F004F925
:10EC6000FDF7B2B8222031F0FFF8FDF73FB92220BE
:10EC700031F0FAF8FDF70EB9222031F0F5F8FDF782
:10EC80001FB9222030F044F9FDF71AB922202FF0E5
:10EC900055F8FDF715B9222031F0E6F8FDF7CEB8AA
:10ECA000222031F0E1F8FDF7DFB8222030F030F912
:10ECB000FDF7DAB822202FF041F8FDF7D5B8222071
:10ECC00030F026F9FDF7E6B822202FF037F8FDF7EF
:10ECD000E1B8222030F01CF9FDF7B5B922202FF061
:10ECE0002DF8FDF7B0B9222031F0BEF8FDF7A5BE32
:10ECF000222030F00DF9FDF7A0BE22202FF01EF8E3
:10ED0000FDF79BBE222031F0AFF8FDF772BE222046
:10ED100031F0AAF8FDF7F0BA222030F0F9F8FDF74B
:10ED2000EBBA22202FF00AF8FDF7E6BA222031F0E4
:10ED30009BF8FDF7BDBA222031F096F8FDF700BB35
:10ED4000222031F091F8FDF7DBBD222030F0E0F811
:10ED5000FDF7D6BD22202EF0F1FFFDF7D1BD222018
:10ED600031F082F8FDF7A8BD222030F0D1F8FDF790
:10ED7000A3BD22202EF0E2FFFDF79EBD222031F040
:10ED800073F8FDF775BD222030F0C2F8FDF770BDB5
:10ED900022202EF0D3FFFDF76BBD222031F064F866
:10EDA000FDF742BD222030F0B3F8FDF73DBD222033
:10EDB0002EF0C4FFFDF738BD222031F055F8FDF7E5
:10EDC0000ABD222030F0A4F8FDF705BD22202EF068
:10EDD000B5FFFDF700BD222030F09AF8FDF751BED7
:10EDE00022202EF0ABFFFDF74CBE222031F03CF884
:10EDF000FDF705B9222030F08BF8FDF700B922208D
:10EE00002EF09CFFFDF7FBB8222031F02DF8FDF726
:10EE1000D2B8222030F07CF8FDF7CDB822202EF0B9
:10EE20008DFFFDF7C8B8222031F01EF8FDF79FB81E
:10EE3000222030F06DF8FDF79AB822202EF07EFFE8
:10EE4000FDF795B8222031F00FF8FDF767B82220C2
:10EE500030F05EF8FDF762B822202EF06FFFFDF76C
:10EE60005DB8222031F000F8FDF7EDB8222030F037
:10EE7000FBFFFDF7B6B9222030F04AF8FDF7B1B933
:10EE800022202EF05BFFFDF7ACB9222030F0ECFF22
:10EE9000FDF783B9222030F03BF8FDF77EB9222040
:10EEA0002EF04CFFFDF779B9222030F0DDFFFDF7A1
:10EEB00050B9222030F02CF8FDF74BB922202EF06B
:10EEC0003DFFFDF746B9222030F0CEFFFDF71DB91A
:10EED000222030F01DF8FDF718B922202EF02EFF69
:10EEE000FDF713B9222030F0BFFFFDF7E5B822206F
:10EEF00030F00EF8FDF7E0B822202EF01FFFFDF7EE
:10EF0000DBB8222030F0B0FFFDF7BBBD222030F08F
:10EF1000ABFFFDF746BC22202FF0FAFFFDF741BC06
:10EF200022202EF00BFFFDF73CBC222030F09CFF8E
:10EF3000FDF713BC22202FF0EBFFFDF70EBC2220C3
:10EF40002EF0FCFEFDF709BC222030F08DFFFDF70E
:10EF5000E0BB22202FF0DCFFFDF7DBBB22202EF0F0
:10EF6000EDFEFDF7D6BB222030F07EFFFDF7ADBBF6
:10EF700022202FF0CDFFFDF7A8BB22202EF0DEFED1
:10EF8000FDF7A3BB222030F06FFFFDF775BB2220F9
:10EF90002FF0BEFFFDF770BB22202EF0CFFEFDF755
:10EFA0006BBB22202FF0B4FFFDF7F2BA22202EF027
:10EFB000C5FEFDF7EDBA222030F056FFFDF7C4BACA
:10EFC00022202FF0A5FFFDF7BFBA22202EF0B6FEBB
:10EFD000FDF7BABA222030F047FFFDF78CBA2220A5
:10EFE0002FF096FFFDF787BA22202EF0A7FEFDF73F
:10EFF00082BA222030F038FFFDF73FBA22202FF0EE
:10F0000087FFFDF73ABA22202EF098FEFDF735BAB9
:10F01000222030F029FFFDF70CBA22202FF078FFD4
:10F02000FDF707BA22202EF089FEFDF702BA222052
:10F0300030F01AFFFDF7D9B922202FF069FFFDF754
:10F04000D4B922202FF064FFFDF77AB922202EF0E8
:10F0500075FEFDF775B922202FF05AFFFDF731BA82
:10F0600022202EF06BFEFDF72CBA22202EF066FE39
:10F07000FDF7BBB9222030F0F7FEFDF78DB9222055
:10F080002FF046FFFDF788B922202EF057FEFDF73E
:10F0900083B922202FF03CFFFDF7ABBC22202EF0DD
:10F0A0004DFEFDF7A6BC222030F0DEFEFDF77DBC54
:10F0B00022202FF02DFFFDF778BC22202EF03EFEFF
:10F0C000FDF773BC222030F0CFFEFDF745BC2220B7
:10F0D0002FF01EFFFDF740BC22202EF02FFEFDF783
:10F0E0003BBC222030F0C0FEFDF7EBB9222030F00F
:10F0F000BBFEFDF795BA22202FF00AFFFDF790BA6C
:10F1000022202EF01BFEFDF78BBA222030F0ACFE41
:10F11000FDF762BA22202FF0FBFEFDF75DBA222038
:10F120002EF00CFEFDF758BA222030F09DFEFDF7C0
:10F130002FBA22202FF0ECFEFDF7BAB822202EF0D5
:10F14000FDFDFDF7B5B8222030F08EFEFDF78CB83E
:10F1500022202FF0DDFEFDF787B822202EF0EEFDF5
:10F16000FDF782B8222030F07FFEFDF754B8222050
:10F170002FF0CEFEFDF74FB822202EF0DFFDFDF779
:10F180004AB8124E124D04ACFCF768BA1149204639
:10F190002DF05EFD2046F1F7F7F920462DF0B0FD89
:10F1A0003368012B06D0032B0BD033B9222030F06B
:10F1B0005BFE02E022202EF0C1FDD7ED167AFBF7B0
:10F1C00013BF22202FF0A4FEF7E700BF6007FF1F48
:10F1D0004C07FF1F6CC104002DE9F04784B06F4954
:10F1E0006F4DDFF8E0A1DFF8E091DFF8E0816D4FCF
:10F1F0006D4C064601A82DF02BFD01A8F1F7C4F9CE
:10F2000001A82DF07DFD07EE906AB8EE670AF1F7D0
:10F2100073F9296801A82DF01BFD01A8F1F7B4F9D5
:10F2200001A82DF06DFD614901A82DF011FD01A887
:10F23000F1F7AAF901A82DF063FD9AF8003000EE6D
:10F24000103AB8EE400AF1F757F9296801A82DF0F5
:10F25000FFFC01A8F1F798F901A82DF051FD5449E0
:10F2600001A82DF0F5FC01A8F1F78EF901A82DF009
:10F2700047FD99F8003000EE103AB8EE400AF1F779
:10F280003BF9296801A82DF0E3FC01A8F1F77CF90E
:10F2900001A82DF035FD474901A82DF0D9FC01A8A2
:10F2A000F1F772F901A82DF02BFD98F8003000EE6F
:10F2B000103AB8EE400AF1F71FF9296801A82DF0BD
:10F2C000C7FC01A8F1F760F901A82DF019FD3A4932
:10F2D00001A82DF0BDFC01A8F1F756F901A82DF009
:10F2E0000FFD3B7800EE103AB8EE400AF1F704F952
:10F2F000296801A82DF0ACFC01A8F1F745F901A897
:10F300002DF0FEFC2D4901A82DF0A2FC01A8F1F77B
:10F310003BF901A82DF0F4FC296801A82DF098FC18
:10F3200001A8F1F731F901A82DF0EAFC10212448D9
:10F3300030F016FD314600230A2220462DF0A0FAB7
:10F3400020462DF085FA9AF8001000230A22204664
:10F350002DF096FA20462DF07BFA99F80010002344
:10F360000A2220462DF08CFA20462DF071FA98F8EA
:10F37000001000230A2220462DF082FA20462DF0AC
:10F3800067FA397800230A2220462DF079FA2046C0
:10F3900004B0BDE8F0472DF05BBA00BFA8C604007A
:10F3A0004807FF1F8618FF1F2808FF1FC0C604005C
:10F3B000D4C60400E8C60400FCC6040010C704005C
:10F3C0001CC704008418FF1F8718FF1F8518FF1F24
:10F3D000F0B5B34B2DED028BD3F884049BB000281D
:10F3E00004F0AE810AAC00250146AE4A0A9501231D
:10F3F000204627F02BFA002844F0B681AA49AB48F2
:10F40000AB4DF1F73DFD0123A64AA54905A8F1F74B
:10F410005DFFA84905A8F1F733FDA74905A8F1F755
:10F420002FFDA64905A8F1F72BFDA4499F48F1F748
:10F4300027FDA34905A8F1F723FDA2499B48F1F751
:10F440001FFDA14905A8F1F71BFD9F499748F1F75A
:10F4500017FD9E4905A8F1F7BFF909219B4830F037
:10F460007FFCD5F804219A49204634F063FB2146FD
:10F4700005A8F1F705FD8D482146F1F701FD9549F5
:10F4800005A8F1F7FDFC099B6BB11A68D668924A92
:10F49000964244F07481186D002803F0F5838F497B
:10F4A0000E2227F00BFED5F800218949204634F0C2
:10F4B00041FB214605A8F1F7E3FC894905A8F1F7CE
:10F4C000DFFC099B6BB11A68D668834A964244F008
:10F4D000C184186D002803F013848249142227F098
:10F4E000EDFDD5F8E0207A49204634F023FB214693
:10F4F00005A8F1F7C5FC7C4905A8F1F76DF9D5F829
:10F50000E4207349204634F015FB214605A8F1F7A5
:10F51000B7FC764905A8F1F75FF9D5F8E8206C4902
:10F52000204634F007FB214605A8F1F7A9FC7049F5
:10F5300005A8F1F751F9D5F8EC206549204634F0DB
:10F54000F9FA214605A8F1F79BFC099B6BB11A68F3
:10F55000D668614A964244F04184186D002803F051
:10F56000C58364490E2227F0A9FDD5F8F02058493B
:10F57000204634F0DFFA214605A8F1F781FC099B0B
:10F580006BB11A68D668544A964244F02D84186DBF
:10F59000002803F0C98358490E2227F08FFDD5F8C3
:10F5A000F4204B49204634F0C5FA214605A8F1F76E
:10F5B00067FC524905A8F1F763FC514905A8F1F72A
:10F5C0000BF92A684249204634F0B4FA214605A8CE
:10F5D000F1F756FC099B6BB11A68D6683E4A964211
:10F5E00044F02084186D002803F0948345491422C8
:10F5F00027F064FD6A683649204634F09BFA2146BC
:10F6000005A8F1F73DFC4049122205A8F1F7F4F8EE
:10F6100095ED028AF7EE000AB0EE480A30F0E4FDFC
:10F62000B5EE400AF1EE10FA03F0248318EE100A4A
:10F6300031F066FE02460B462046344934F07AFA31
:10F64000214605A8F1F71CFC12212F4830F088FB59
:10F6500016482146F1F714FC2D4905A8F1F710FCD6
:10F66000099B6BB11A68D6681B4A964244F0B08376
:10F67000186D002803F030832649112227F01EFD63
:10F6800095F89C202449204634F054FA214605A8D8
:10F69000F1F7F6FB214905A8F1F7F2FB40E000BFC6
:10F6A0008818FF1F30C7040040C704002808FF1F48
:10F6B0007013FF1F58C7040070C704007CC7040004
:10F6C0008CC7040090C7040094C704009CC70400C2
:10F6D000A8C70400ACC70400290C0000D8C7040068
:10F6E000E8C7040000C8040018C804002CC80400BF
:10F6F0003CC804004CC804005CC804006CC804008A
:10F7000078C804008CC80400A4C80400B8C8040069
:10F71000C0C80400DCC80400F0C80400F4C8040039
:10F72000B24905A8F1F758F8EA68B149204634F023
:10F7300001FA214605A8F1F7A3FBAE4905A8F1F7A8
:10F740004BF82A69AA49204634F0F4F9214605A865
:10F75000F1F796FB099B6BB11A68D668A64A9642E8
:10F7600044F04883186D002803F0AC82A3491122AD
:10F7700027F0A4FC95ED058AF7EE000AB0EE480AE2
:10F7800030F032FDB5EE400AF1EE10FA03F0688277
:10F7900018EE100A31F0B4FD02460B462046984997
:10F7A00034F0C8F9214605A8F1F76AFB099B6BB153
:10F7B0001A68D668904A964244F03A83186D002839
:10F7C00003F076828F490B2227F078FC95F89D2074
:10F7D0008D49204634F0AEF9214605A8F1F750FBDB
:10F7E0008A4905A8F1F74CFB099B6BB11A68D668EA
:10F7F000814A964244F02283186D002803F04E821D
:10F800008349102227F05AFCD5F8CC2078492046AD
:10F8100034F090F9214605A8F1F732FB099B6BB152
:10F820001A68D668744A964244F00E83186D002810
:10F8300003F08E8277490D2227F040FC2A6A6C493A
:10F84000204634F077F9214605A8F1F719FB099B0A
:10F850006BB11A68D668684A964244F0D782186D30
:10F86000002803F06B826C490E2227F027FC6A6A9D
:10F870005F49204634F05EF9214605A8F1F700FB08
:10F88000099B6BB11A68D6685B4A964244F0C48201
:10F89000186D002803F070826049112227F00EFCD9
:10F8A00095ED0A8AF7EE000AB0EE480A30F09CFCAB
:10F8B000B5EE400AF1EE10FA03F0C88118EE100A16
:10F8C00031F01EFD02460B4620464D4934F032F918
:10F8D000214605A8F1F7D4FA514905A8F0F77CFFB5
:10F8E00095F89E204849204634F024F9214605A881
:10F8F000F1F7C6FA4B4905A8F1F7C2FA099B6BB1BB
:10F900001A68D6683C4A964244F04482186D002832
:10F9100003F028824449102227F0D0FBD5F8D020EC
:10F920003349204634F006F9214605A8F1F7A8FA34
:10F93000099B6BB11A68D6682F4A964244F06082E0
:10F94000186D002803F05C823849112227F0B6FBBD
:10F95000D5F8D4202649204634F0ECF8214605A8F5
:10F96000F1F78EFA324905A8F0F736FF95ED368AA1
:10F97000F7EE000AB0EE480A30F036FCB5EE400A69
:10F98000F1EE10FA03F0588118EE100A31F0B8FCCD
:10F9900002460B4620461A4934F0CCF8214605A809
:10F9A000F1F76EFA234905A8F0F716FF95F8DC2069
:10F9B0001549204634F0BEF8214605A8F1F760FA53
:10F9C0001D4905A8F1F75CFA099B002B38D01A688D
:10F9D000D668094A964244F0F581186D002803F074
:10F9E000058216490E2227F069FB29E000C90400B0
:10F9F000A8C7040010C90400290C000020C9040095
:10FA0000B8C8040034C90400F0C8040040C90400A8
:10FA10004CC9040060C9040070C9040080C9040016
:10FA200094C90400A0C90400B4C90400C8C90400F2
:10FA3000DCC90400F4C9040004CA040010CA0400AC
:10FA4000AA6BC049204634F075F8214605A8F1F7A5
:10FA500017FA099B6BB11A68D668BB4A964244F004
:10FA60008781186D002803F0B781B8490F2227F06D
:10FA700025FBEA6BB349204634F05CF8214605A823
:10FA8000F1F7FEF9099B6BB11A68D668AE4A964247
:10FA900044F07481186D002803F09481AC490D2264
:10FAA00027F00CFB95ED108AF7EE000AB0EE480A3D
:10FAB00030F09AFBB5EE400AF1EE10FA03F0B28096
:10FAC00018EE100A31F01CFC02460B462046A149F4
:10FAD00034F030F8214605A8F1F7D2F99E4905A87F
:10FAE000F0F77AFE95F89F209C49204634F022F8E2
:10FAF000214605A8F1F7C4F9994905A8F0F76CFE6D
:10FB000095ED118AF7EE000AB0EE480A30F06CFB72
:10FB1000B5EE400AF1EE10FA03F07A8018EE100A02
:10FB200031F0EEFB02460B4620468A4934F002F8DB
:10FB3000214605A8F1F7A4F98A4905A8F0F74CFE7B
:10FB40006A6B8049204633F0F5FF214605A8F1F79E
:10FB500097F9099B6BB11A68D6687B4A964244F0C4
:10FB60001381186D002803F087817F49092227F04F
:10FB7000A5FA95ED128AF7EE000AB0EE480A30F0C9
:10FB800033FBB5EE400AF1EE10FA03F0378018EEC1
:10FB9000100A31F0B5FB02460B4620466D4933F0A2
:10FBA000C9FF214605A8F1F76BF9704905A8F1F7DF
:10FBB00067F9099B6BB11A68D668634A964244F0AC
:10FBC000AD80186D002803F04D8169490E2227F0A1
:10FBD00075FAAA6D5B49204633F0ACFF214605A8B3
:10FBE000F1F74EF9634905A8F0F7F6FDEA6D5549BE
:10FBF000204633F09FFF214605A8F1F741F9099B04
:10FC00006BB11A68D668504A964244F08D80186DE0
:10FC1000002803F0458158490D2227F04FFA95ED51
:10FC2000188AF7EE000AB0EE480A30F0DDFAB5EEB9
:10FC3000400AF1EE10FA02F0D78718EE100A31F000
:10FC40005FFB02460B462046424933F073FF2146D4
:10FC500005A8F1F715F9099B6BB11A68D6683A4AFD
:10FC6000964244F07F80186D002803F00F814349CD
:10FC70000C2227F023FA95F8A0203849204633F0CB
:10FC800059FF214605A8F1F7FBF83D4905A8F0F713
:10FC9000A3FD95ED198AF7EE000AB0EE480A30F0A0
:10FCA000A3FAB5EE400AF1EE10FA02F0938718EECF
:10FCB000100A31F025FB02460B462046254933F059
:10FCC00039FF214605A8F1F7DBF82E4905A8F0F722
:10FCD00083FD6A6D1B49204633F02CFF214605A8A1
:10FCE000F1F7CEF8284905A8F0F776FD95ED1A8AC8
:10FCF000F7EE000AB0EE480A30F076FAB0EE480AA5
:10FD0000F7EE000A30F070FAB5EE400AF1EE10FAA4
:10FD100002F0568718EE100A31F0F2FA02460B464E
:10FD200020460C4933F006FF214605A8F1F7A8F854
:10FD3000164905A8F1F7A4F8154905A8F1F7A0F8A8
:10FD400028E000BFA8C70400290C000020CA040056
:10FD500030CA0400B8C8040040CA0400F0C8040057
:10FD600050CA040064CA040078CA040084CA0400AB
:10FD700090CA0400A0CA0400B0CA0400C0CA0400AB
:10FD8000D0CA0400E4CA0400F8CA04008CC7040006
:10FD900004CB0400A74905A8F1F772F8A64905A805
:10FDA000F1F76EF8099B6BB11A68D668A34A9642C0
:10FDB00043F0AE87186D002803F04A80A049062260
:10FDC00027F07CF9AA699F49204633F0B3FE21460B
:10FDD00005A8F1F755F8099B6BB11A68D668974AE0
:10FDE000964243F0A787186D002803F027809649B4
:10FDF000062227F063F9EA699249204633F09AFE19
:10FE0000214605A8F1F73CF89049062205A8F0F72D
:10FE1000F3FCEA6A8B49204633F08CFE214605A8A4
:10FE2000F1F72EF8099B6BB11A68D668834A96429F
:10FE300043F0B687186D002802F0F6878449062241
:10FE400027F03CF92A6B7F49204633F073FE2146A8
:10FE500005A8F1F715F8099B6BB11A68D668774ABF
:10FE6000964243F0A387186D002802F0D3877949A2
:10FE7000072227F023F9EA6C7249204633F05AFE34
:10FE8000214605A8F0F7FCFF099B6BB11A68D668FC
:10FE90006A4A964243F09087186D002803F0648008
:10FEA0006D49072227F00AF92A6D6649204633F08A
:10FEB00041FE214605A8F0F7E3FF684905A8F0F7E1
:10FEC0008BFCEA6E5F49204633F034FE214605A8DC
:10FED000F0F7D6FF099B6BB11A68D668574A96426D
:10FEE00043F00487186D002803F034805C49072232
:10FEF00027F0E4F82A6F5349204633F01BFE2146D1
:10FF000005A8F0F7BDFF574905A8F0F7B9FF099B11
:10FF10006BB11A68D668494A964243F0ED86186D6F
:10FF2000002803F0358050490C2227F0C7F8D5F897
:10FF3000C8204449204633F0FDFD214605A8F0F7CE
:10FF40009FFF4A4905A8F0F747FCD5F8F8203D493E
:10FF5000204633F0EFFD214605A8F0F791FF444914
:10FF600005A8F0F78DFF099B6BB11A68D668334A74
:10FF7000964243F07F86186D002802F0FF873D49C6
:10FF8000062227F09BF8D5F8FC202E49204633F0B6
:10FF9000D1FD214605A8F0F773FF264905A8F0F723
:10FFA0006FFF354905A8F0F76BFF224905A8F0F768
:10FFB00067FF324905A8F0F763FF314905A8F0F75C
:10FFC0000BFC6A6F1F49204633F0B4FD214605A89B
:10FFD000F0F756FF099B6BB11A68D668174A96422C
:10FFE00043F07E86186D002802F0FA8725490E221C
:10FFF00027F064F8AA6F1349204633F09BFD214691
:020000021000EC
:1000000005A8F0F73DFF204905A8F0F7E5FBEA6FEA
:100010000C49204633F08EFD214605A8F0F730FF4D
:10002000099B002B3AD01A68D668044A964243F0DE
:1000300039862BE08CC7040010CB0400290C00008B
:1000400048CB0400A8C7040050CB040058CB0400E0
:1000500060CB040068CB040070CB040078CB0400B4
:1000600080CB040088CB0400C8CB0400D8CB0400AC
:10007000E0CB04000CCC040014CC040020CC040021
:1000800058CC04006CCC04007CCC0400186D002813
:1000900002F09C87AF490D2227F010F8D5F8802098
:1000A000AD49204633F046FD214605A8F0F7E8FEAD
:1000B000099B6BB11A68D668A84A964243F0C88576
:1000C000186D002802F07887A549102226F0F6FF67
:1000D000D5F88420A049204633F02CFD214605A800
:1000E000F0F7CEFE9F4905A8F0F776FBD5F88820FB
:1000F0009949204633F01EFD214605A8F0F7C0FEC1
:10010000099B6BB11A68D668944A964243F0A6855B
:10011000186D002802F046879349112226F0CEFF81
:10012000D5F88C208C49204633F004FD214605A8E3
:10013000F0F7A6FE099B6BB11A68D668874A96420B
:1001400043F09285186D002802F0E68687490E225A
:1001500026F0B4FFD5F890207F49854E204633F035
:10016000E9FC214605A8F0F78BFE824905A8F0F7C7
:1001700033FBD5F894207849204633F0DBFC214648
:1001800005A8F0F77DFE7C4905A8F0F725FBD5F81A
:1001900098207149204633F0CDFC214605A8F0F7A0
:1001A0006FFE764905A8F0F76BFE754905A8F0F7D4
:1001B00067FE724905A8F0F763FE724905A8F0F7DB
:1001C0005FFE7149072205A8F0F716FBB26D6F4973
:1001D000204633F0AFFC214605A8F0F751FE6C49EC
:1001E00005A8F0F74DFE099B6BB11A68D5685B4A0C
:1001F000954243F06385186D002802F083866549B7
:10020000112226F05BFF32686049204633F092FCF1
:10021000214605A8F0F734FE5F4905A8F0F7DCFA9F
:10022000B26A5A49204633F085FC214605A8F0F70A
:1002300027FE5A4905A8F0F7CFFA726953492046BC
:1002400033F078FC214605A8F0F71AFE544905A8BA
:10025000F0F716FE099B6BB11A68D5683F4A9542C4
:1002600043F03285186D002802F06A864D490B2252
:1002700026F024FF72684549204633F05BFC214696
:1002800005A8F0F7FDFD484905A8F0F7A5FAF26AC0
:100290003E49204633F04EFC214605A8F0F7F0FD1C
:1002A000424905A8F0F798FAB2693849204633F078
:1002B00041FC214605A8F0F7E3FD3D4905A8F0F70C
:1002C000DFFD3C4905A8F0F787FAB2682F492046C0
:1002D00033F030FC214605A8F0F7D2FD099B6BB145
:1002E0001A68D5681D4A954243F00C85186D0028A0
:1002F00002F01C863049082226F0E0FE326B2349CA
:10030000204633F017FC214605A8F0F7B9FD2B492C
:1003100005A8F0F761FAF2691C49204633F00AFC9F
:10032000214605A8F0F7ACFD254905A8F0F7A8FD82
:10033000244905A8F0F750FAF2681449204633F032
:10034000F9FB214605A8F0F79BFD099B002B49D03E
:100350003AE000BF90CC0400A8C70400290C0000BC
:10036000A0CC0400B4CC0400C4CC0400D8CC04005D
:100370003411FF1FE8CC0400FCCC04008CC704003F
:100380000CCD040014CD04004CCD040054CD040069
:100390006CC8040058CC04006CCC040058CD040098
:1003A000F4C8040074CD040080CD04008CCD04009A
:1003B00040C90400A0CD0400ACCD0400B8CD0400B9
:1003C00004CA0400CCCD04001A68D568AC4A954232
:1003D00043F06E84186D002802F08A85A94909222D
:1003E00026F06CFE726BA849204633F0A3FB214631
:1003F00005A8F0F745FD099B6BB11A68D568A04ABE
:10040000954243F06784186D002802F067859F4984
:10041000132226F053FE326A9B49204633F08AFBB2
:10042000214605A8F0F72CFD994905A8F0F728FD0D
:10043000984905A8F0F7D0F932699349204633F07E
:1004400079FB214605A8F0F71BFD934905A8F0F7B5
:10045000C3F9B26B8C49204633F06CFB214605A8EA
:10046000F0F70EFD099B6BB11A68D568844A954276
:1004700043F06684186D002802F026858749132210
:1004800026F01CFE726A8049854D204633F052FBEF
:10049000214605A8F0F7F4FC824905A8F0F7F0FC26
:1004A000814905A8F0F7ECFC7E4905A8F0F7E8FCC7
:1004B0007E4905A8F0F7E4FC7D4905A8F0F78CF922
:1004C000AA6D7149204633F035FB214605A8F0F7A7
:1004D000D7FC784905A8F0F7D3FC774905A8F0F7D1
:1004E0007BF96A6D6849204633F024FB214605A854
:1004F000F0F7C6FC714905A8F0F7C2FC704905A8E1
:10050000F0F76AF92A686F49204633F013FB214659
:1005100005A8F0F7B5FC099B6BB11A68D768584A73
:10052000974243F01384186D002802F0C384664993
:100530000E2226F0C3FDAA6A6249204633F0FAFA79
:10054000214605A8F0F79CFC604905A8F0F744F99E
:100550006A695C49204633F0EDFA214605A8F0F7B8
:100560008FFC099B6BB11A68D768454A974243F0E4
:10057000F383186D002802F02D865549172226F0C6
:100580009DFD95ED178AF7EE000AB0EE480A2FF0B0
:100590002BFEB5EE400AF1EE10FA02F0078318EEDA
:1005A000100A30F0ADFE02460B462046494933F0B2
:1005B000C1FA214605A8F0F763FC45494648F0F723
:1005C0000BF945482146F0F75BFC44494248F0F7F7
:1005D00003F9A96F4048F0F7F5F8414905A8F0F78D
:1005E000FBF8AA6F3749204633F0A4FA214605A844
:1005F000F0F746FC3B4905A8F0F742FC2B6C012BB9
:100600000CBF3949394905A8F0F73AFC384905A823
:10061000F0F736FC099B6BB11A68D768184A974205
:1006200043F07C82186D002802F0CA8531490B2204
:1006300026F044FD6A682349204633F07BFA2146C0
:1006400005A8F0F71DFC099B6BB11A68D7680C4A26
:10065000974243F06982186D002802F0CF85264941
:10066000082226F02BFDEA6A1649204633F062FA8A
:10067000214605A8F0F704FC099B002B4CD03DE077
:10068000290C0000DCCD040054CD0400E8CD0400AA
:1006900084CA0400FCCD04000CCE040018CE040073
:1006A0001412FF1F8CC704002CCE040038CE0400A7
:1006B0004CCD040070CE0400ACCE04006CC8040025
:1006C00058CC0400A8C704006CCC040058CD04002A
:1006D000C0CE0400B8C804002808FF1FD8CE04000C
:1006E00014CF040024CF040038CF04004CCF040002
:1006F000F4C8040074CD040080CD04001A68D768E3
:10070000B34A974243F0D081186D002802F06C85FF
:10071000B049122226F0D2FCAA69AF49204633F034
:1007200009FA214605A8F0F7ABFBAC4905A8F0F79C
:1007300053F895ED188AF7EE000AB0EE480A2FF04C
:1007400053FDB5EE400AF1EE10FA02F0258218EEE4
:10075000100A30F0D5FD02460B462046A04933F082
:10076000E9F9214605A8F0F78BFB9E4905A8F0F7AB
:1007700033F8EA6F9849204633F0DCF9214605A8A2
:10078000F0F77EFB984905A8F0F77AFB6B6C012B1C
:100790000CBF9649964905A8F0F772FB954905A844
:1007A000F0F76EFB099B6BB11A68D768884A9742CD
:1007B00043F0AE81186D002802F048858E490B2267
:1007C00026F07CFCAA688449204633F0B3F9214620
:1007D00005A8F0F755FB099B6BB11A68D7687C4AEE
:1007E000974243F05980186D002802F0258583490F
:1007F000082226F063FC2A6B7749204633F09AF9E9
:10080000214605A8F0F73CFB7D4905A8EFF7E4FF7A
:10081000EA697149204633F08DF9214605A8F0F7C1
:100820002FFB099B6BB11A68D768694A974243F05E
:100830002981186D002802F0F5847249112226F0F2
:100840003DFC95ED198AF7EE000AB0EE480A2FF04C
:10085000CBFCB5EE400AF1EE10FA02F0938118EEEF
:10086000100A30F04DFD02460B4620465C4933F03D
:1008700061F9214605A8F0F703FB099B6BB11A68E3
:10088000D768534A974243F00381186D002802F05D
:10089000BF845D49082226F011FCD5F880204E491E
:1008A000204633F047F9214605A8F0F7E9FA4E490A
:1008B00005A8F0F7E5FAAB6C012B0CBF534954497E
:1008C00005A8F0F7DDFA534905A8F0F7D9FA099B16
:1008D0006BB11A68D7683E4A974243F0DF80186DC3
:1008E000002802F0EF844C490C2226F0E7FBEA686E
:1008F0003949204633F01EF9214605A8F0F7C0FA21
:10090000464905A8EFF768FF6A6B3349204633F084
:1009100011F9214605A8F0F7B3FA414905A8EFF708
:100920005BFF2A6A2C49204633F004F9214605A8CA
:10093000F0F7A6FA099B6BB11A68D768244A974268
:1009400043F07680186D002802F0B28435491222F7
:1009500026F0B4FB95ED1A8AF7EE000AB0EE480ACD
:100960002FF042FCB5EE400AF1EE10FA02F00081E1
:1009700018EE100A30F0C4FC02460B462046184917
:1009800033F0D8F8214605A8F0F77AFA099B6BB145
:100990001A68D7680E4A974243F05080186D0028B5
:1009A00002F0A4842049092226F088FBD5F884208F
:1009B0000949204633F0BEF8214605A8F0F760FA51
:1009C0001A4905A8F0F75CFAEB6C012B30E000BF88
:1009D000290C00008CCD0400A8C7040060CF0400DF
:1009E000B8C8040074CF040080CF040094CF040082
:1009F000A4CF040040C90400A0CD0400ACCD040085
:100A0000B8CD0400B4CF0400C8CF0400D4CF040094
:100A1000E4CF040004CA0400CCCD0400DCCD040003
:100A2000E8CD0400F4CF040008D0040014D0040082
:100A30000CBFAB49AB4905A8F0F722FAAA4905A8B3
:100A4000F0F71EFAA94905A8EFF7C6FE2A69A849DA
:100A5000204633F06FF8214605A8F0F711FA099BFC
:100A60006BB11A68D768A34A974243F00580186DA6
:100A7000002802F03184A049092226F01FFBAA6B4E
:100A80009B49204633F056F8214605A8F0F7F8F9BF
:100A9000099B6BB11A68D768964A974242F0C287A1
:100AA000186D002802F0FA839449132226F006FB01
:100AB0006A6A8F49204633F03DF8214605A8F0F7D1
:100AC000DFF9099B6BB11A68D7688A4A974242F0EE
:100AD000BB87186D002802F0D7838949122226F0BF
:100AE000EDFA95ED1B8AF7EE000AB0EE480A2FF0FA
:100AF0007BFBB5EE400AF1EE10FA02F02F8018EE03
:100B0000100A30F0FDFB02460B4620467D4933F0CB
:100B100011F8214605A8F0F7B3F9099B6BB11A68E3
:100B2000D768744A974242F0A586186D002802F0F3
:100B3000A1837549092226F0C1FAD5F888206C49AD
:100B4000204632F0F7FF214605A8F0F799F96F49E2
:100B500005A8F0F795F92B6D012B0CBF6C496D4979
:100B600005A8F0F78DF96C4905A8F0F789F96B49EC
:100B700005A8F0F785F9684905A8F0F781F96849F3
:100B800005A8F0F77DF9099B6BB11A68D568594A39
:100B9000954242F07586186D002802F06183614924
:100BA000072226F08BFA604D51492A68204632F020
:100BB000C1FF214605A8F0F763F95C4905A8EFF7E6
:100BC0000BFE6A685A49204632F0B4FF214605A858
:100BD000F0F756F9574905A8F0F752F9099B6BB1A0
:100BE0001A68D768434A974242F05086186D002829
:100BF00002F0E0835049172226F060FA2A6B3C4944
:100C0000204632F097FF214605A8F0F739F9099BF5
:100C10006BB11A68D768374A974242F0F186186D6F
:100C2000002802F0BD834549132226F047FA95EDCE
:100C30000B8AF7EE000AB0EE480A2FF0D5FAB5EEAF
:100C4000400AF1EE10FA01F07F8718EE100A30F03A
:100C500057FB02460B4620462A4932F06BFF2146DD
:100C600005A8F0F70DF9364905A8F0F709F9099B31
:100C70006BB11A68D7681F4A974242F0C786186D51
:100C8000002802F0AB832F49112226F017FAAA6838
:100C90001749204632F04EFF214605A8F0F7F0F83C
:100CA000099B6BB11A68D768124A974242F06C866A
:100CB000186D002802F0888323490E2226F0FEF9E1
:100CC0002A6A0B49204632F035FF214605A8F0F785
:100CD000D7F81E4905A8EFF77FFD6A6938E000BF25
:100CE0003CD004004CD0040084CA0400FCCD0400B5
:100CF000A8C70400290C00000CCE040018CE040084
:100D00005CD00400B8C8040070D0040014D0040003
:100D10007CD004008CD004008CC704009CD004005C
:100D2000A4D004004CCD04000011FF1FD0D004005B
:100D300054CD0400DCD00400F8D0040010D104002D
:100D40006CC8040058CC04006CCC040058CD0400DE
:100D5000AF49204632F0EEFE214605A8F0F790F8A4
:100D6000AC4905A8F0F78CF8099B6BB11A68D768F5
:100D7000A94A974242F03E86186D002802F0568339
:100D8000A6490C2226F09AF9EA68A149204632F0D9
:100D9000D1FE214605A8F0F773F8099B6BB11A68DC
:100DA000D7689D4A974242F00786186D002802F0E6
:100DB00033839B49092226F081F96A6A94492046C7
:100DC00032F0B8FE214605A8F0F75AF8954905A873
:100DD000EFF702FDAA698E49204632F0ABFE2146AC
:100DE00005A8F0F74DF8904905A8F0F749F88F49A4
:100DF00005A8EFF7F1FC2A698549204632F09AFEF2
:100E0000214605A8F0F73CF8099B6BB11A68D76832
:100E1000814A974242F0A685186D002802F0F282BE
:100E20008349092226F04AF9AA6A7949204632F014
:100E300081FE214605A8F0F723F8099B6BB11A68DB
:100E4000D768754A974242F09385186D002802F0E2
:100E5000CF827849132226F031F9EA696C4920469D
:100E600032F068FE214605A8F0F70AF8724905A895
:100E7000F0F706F8714905A8F0F702F8704905A8DF
:100E8000EFF7FEFF099B6BB11A68D568624A95427D
:100E900042F07485186D002802F0648269491522B9
:100EA00026F00CF9684D5A492A68204632F042FE75
:100EB000214605A8EFF7E4FF644905A8EFF7E0FF36
:100EC000634905A8EFF788FC6A685149204632F06B
:100ED00031FE214605A8EFF7D3FF5D495D48EFF7E6
:100EE0007BFC69685B48EFF761FC5A482146EFF7E5
:100EF000C7FF099B6BB11A68D768474A974242F00F
:100F00006785186D002802F023825349072226F0D6
:100F1000D5F895ED038AF7EE000AB0EE480A2FF0F7
:100F200063F9B5EE400AF1EE10FA01F0038618EE0F
:100F3000100A30F0E5F902460B462046474932F0E8
:100F4000F9FD214605A8EFF79BFF454D454905A84A
:100F5000EFF796FF444905A8EFF73EFC2A682C49B5
:100F6000204632F0E7FD214605A8EFF789FF3F490B
:100F700005A8EFF731FC6A682549204632F0DAFD12
:100F8000214605A8EFF77CFF099B6BB11A68D7686B
:100F9000214A974242F02285186D002802F0F6811E
:100FA0003349072226F08AF895ED038AF7EE000A06
:100FB000B0EE480A2FF018F9B5EE400AF1EE10FA3B
:100FC00001F0AE8518EE100A30F09AF902460B4691
:100FD0002046224932F0AEFD214605A8EFF750FF2A
:100FE000244D254905A8EFF74BFF244905A8EFF745
:100FF000F3FB2A680649204632F09CFD214605A8ED
:10100000EFF73EFF1E4905A8EFF7E6FB6A6839E0F7
:10101000A8C7040024D10400290C0000CCCD040092
:10102000DCCD0400E8CD04002CD10400FCCD04008C
:101030000CCE040018CE040034D104004CD10400BE
:1010400058D1040074D10400B010FF1F8CD10400EB
:10105000A0D104002808FF1FB0D10400B8C80400C4
:10106000C010FF1FB8D10400C4D10400DCD10400BB
:10107000ECD10400D010FF1FF4D1040000D2040012
:1010800018D20400B549204632F054FD214605A887
:10109000EFF7F6FEB24905A8EFF79EFB95ED038A40
:1010A000F7EE000AB0EE480A2FF09EF8B5EE400ABF
:1010B000F1EE10FA01F02A8518EE100A30F020F94E
:1010C00002460B462046A74932F034FD214605A8CA
:1010D000EFF7D6FEA44905A8EFF7D2FE099B6BB146
:1010E0001A68D568A14A954242F09684186D002886
:1010F00002F042819E49152225F0E0FF9D4D97495F
:101100002A68204632F016FD214605A8EFF7B8FE02
:10111000994905A8EFF760FB6A689049204632F0CC
:1011200009FD214605A8EFF7ABFE099B6BB11A68D4
:10113000D7688E4A974242F04584186D002802F025
:10114000FD808E49072225F0B9FF95ED038AF7EE61
:10115000000AB0EE480A2FF047F8B5EE400AF1EE6B
:1011600010FA01F0C98418EE100A30F0C9F80246EE
:101170000B4620467B4932F0DDFC214605A8EFF7FF
:101180007FFE7F4905A8EFF77BFE099B6BB11A68CC
:10119000D568764A954242F02784186D002802F0FF
:1011A000C3807849152225F089FF774D6B492A685D
:1011B000204632F0BFFC214605A8EFF761FE099BEF
:1011C0006BB11A68D768694A974242F04384186D38
:1011D000002802F09F806D490E2225F06FFF6A689B
:1011E0005E49204632F0A6FC214605A8EFF748FEEE
:1011F000674905A8EFF7F0FA95ED038AF7EE000AC4
:10120000B0EE480A2EF0F0FFB5EE400AF1EE10FA0B
:1012100001F0688418EE100A30F072F802460B46AE
:101220002046504932F086FC214605A8EFF728FEFB
:10123000584905A8EFF724FE574905A8EFF720FE07
:10124000544905A8EFF71CFE099B6BB11A68D568D5
:10125000464A954242F00484186D002802F05080FE
:101260004E49072225F02AFF4D4D3C492A68204669
:1012700032F060FC214605A8EFF702FE494905A8B7
:10128000EFF7FEFD484905A8EFF7A6FA6A6833496B
:10129000204632F04FFC214605A8EFF7F1FD099BEF
:1012A0006BB11A68D768314A974242F0DF83186DF4
:1012B000002801F0A9863D49082225F0FFFEAA6812
:1012C0002649204632F036FC214605A8EFF7D8FD26
:1012D000099B6BB11A68D768244A974242F0D684BA
:1012E000186D002801F086863149122225F0E6FEAD
:1012F000EA681A49204632F01DFC214605A8EFF79E
:10130000BFFD2C4905A8EFF767FA95ED0D8AF7EEBA
:10131000000AB0EE480A2EF067FFB5EE400AF1EE83
:1013200010FA01F0D58318EE100A2FF0E9FF0246FB
:101330000B4620460B4932F0FDFB214605A8EFF78E
:101340009FFD0C211B482EF00BFD686B2FF0D8FF82
:101350000B460621024600912EE000BFA8C70400FC
:1013600028D20400B8C8040030D20400290C0000C0
:101370003CD20400E010FF1F54D2040064D20400E9
:101380006CD2040078D20400F010FF1F90D2040049
:10139000A0D204008CC70400A8D204004CCD0400E5
:1013A000C011FF1FF4C8040074CD040080CD0400F8
:1013B0008CCD0400B0D20400B848EFF7E9F9B74883
:1013C0002146EFF75DFDB64905A8EFF705FA95ED63
:1013D000118AF7EE000AB0EE480A2EF005FFB5EECE
:1013E000400AF1EE10FA01F0698318EE100A2FF0AE
:1013F00087FF02460B462046AA4932F09BFB214656
:1014000005A8EFF73DFDA84905A8EFF739FD099BB1
:101410006BB11A68D768A54A974242F03D84186DAF
:10142000002801F00586A2490B2225F047FE2A6913
:10143000A049204632F07EFB214605A8EFF720FDAB
:10144000099B6BB11A68D768984A974242F0E283C9
:10145000186D002801F0E2859749082225F02EFE3C
:101460006A699449204632F065FB214605A8EFF7EA
:1014700007FD099B6BB11A68D7688C4A974242F006
:10148000FF83186D002801F0FB858C49122225F09E
:1014900015FEAA698749204632F04CFB214605A873
:1014A000EFF7EEFC099B6BB11A68D7687F4A974249
:1014B00042F0C883186D002801F0D88580490C22BD
:1014C00025F0FCFD95ED0E8AF7EE000AB0EE480A15
:1014D0002EF08AFEB5EE400AF1EE10FA01F0E48239
:1014E00018EE100A2FF00CFF02460B4620466D49FD
:1014F00032F020FB214605A8EFF7C2FC099B6BB137
:101500001A68D768694A974242F01A83186D002812
:1015100001F0A2856B490C2225F0D0FD95ED128AD1
:10152000F7EE000AB0EE480A2EF05EFEB5EE400A75
:10153000F1EE10FA01F0AE8218EE100A2FF0E0FE84
:1015400002460B462046574932F0F4FA214605A8D8
:10155000EFF796FC5C4905A8EFF792FC5B4905A8FC
:10156000EFF73AF9EA695349204632F0E3FA2146A7
:1015700005A8EFF785FC099B6BB11A68D7684B4A41
:10158000974242F0E382186D002801F05B855049D4
:10159000092225F093FD2A6A4649204632F0CAFA0C
:1015A000214605A8EFF76CFC099B6BB11A68D76858
:1015B0003E4A974242F0D082186D002801F0E28541
:1015C0004449132225F07AFD6A6A3A49204632F0EE
:1015D000B1FA214605A8EFF753FC3F4905A8EFF7FC
:1015E000FBF895ED0F8AF7EE000AB0EE480A2EF0F0
:1015F000FBFDB5EE400AF1EE10FA01F0418218EE63
:10160000100A2FF07DFE02460B462046254932F097
:1016100091FA214605A8EFF733FC304905A8EFF70A
:10162000DBF895ED138AF7EE000AB0EE480A2EF0CB
:10163000DBFDB5EE400AF1EE10FA01F0178218EE6C
:10164000100A2FF05DFE02460B462046154932F087
:1016500071FA214605A8EFF713FC214905A8EFF719
:101660000FFC204905A8EFF7B7F8AA6A11492046F0
:1016700032F060FA214605A8EFF702FC1A4905A8E6
:10168000EFF7AAF8EA6A0B49204632F053FA2146EE
:1016900005A8EFF7F5FB099B28E000BF2808FF1F0E
:1016A000C0D20400B8C8040040C90400290C0000DE
:1016B000A0CD0400A8C70400ACCD0400B8CD040040
:1016C000D0D20400E0D2040004CA0400CCCD04004F
:1016D000DCCD0400E8CD0400F0D2040004D3040003
:1016E00084CA0400FCCD04000CCE04006BB11A685F
:1016F000D768B24A974242F0F981186D002801F08C
:101700003785AF49132225F0D9FC2A6BAD49204615
:1017100032F010FA214605A8EFF7B2FBAA4905A856
:10172000EFF75AF895ED108AF7EE000AB0EE480A86
:101730002EF05AFDB5EE400AF1EE10FA01F08C8160
:1017400018EE100A2FF0DCFD02460B4620469F499A
:1017500032F0F0F9214605A8EFF792FB099B6BB137
:101760001A68D768954A974242F0C681186D0028DA
:1017700001F01C859649102225F0A0FC95ED148AF5
:10178000F7EE000AB0EE480A2EF02EFDB5EE400A44
:10179000F1EE10FA01F0568118EE100A2FF0B0FDAC
:1017A00002460B462046894932F0C4F9214605A875
:1017B000EFF766FB874905A8EFF762FB864905A8A6
:1017C000EFF75EFB834905A8EFF75AFB834905A8AD
:1017D000EFF756FB824905A8EFF752FB814905A8B0
:1017E000EFF74EFB099B6BB11A68D568734A9542B7
:1017F00042F0A081186D002801F0CE847A491722AA
:1018000025F05CFC726F6F49204632F093F9214657
:1018100005A8EFF735FB099B6BB11A68D568674AD5
:10182000954242F05D81186D002801F097846F4960
:10183000132225F043FC96ED1C8AF7EE000AB0EE69
:10184000480A2EF0D1FCB5EE400AF1EE10FA01F094
:10185000EF8018EE100A2FF053FD02460B4620468B
:101860005A4932F067F9214605A8EFF709FB5B49B1
:1018700005A8EFF705FB5E4905A8EFF701FB099BFB
:101880006BB119684D4ACD68954242F03B81186DA5
:10189000002801F013845749072225F00FFC564D0C
:1018A00048492A68204632F045F9214605A8EFF755
:1018B000E7FA524905A8EFF7E3FA099B6BB11A68FA
:1018C000D6683E4A964242F0AB81186D002801F07E
:1018D000EB834B490D2225F0F1FB4A4E3949B26D9D
:1018E000204632F027F9214605A8EFF7C9FA464904
:1018F00005A8EFF7C5FA099B6BB11A68D7682F4A9C
:10190000974242F09381186D002801F0C3833F494C
:10191000112225F0D3FB6A682A49204632F00AF9E1
:10192000214605A8EFF7ACFA099B6BB11A68D76896
:10193000224A974242F08081186D002801F01A86F1
:1019400033490E2225F0BAFBAA681E49204632F020
:10195000F1F8214605A8EFF793FA2E4905A8EEF70E
:101960003BFFEA6A1749204632F0E4F8214605A811
:10197000EFF786FA284905A8EFF782FA274905A864
:10198000EEF72AFFEA680F49204632F0D3F82146E5
:1019900005A8EFF775FA224905A8EEF71DFF2A6999
:1019A0000849204632F0C6F8214605A8EFF768FA44
:1019B0001C4905A8EEF710FF36E000BF290C000017
:1019C00018CE0400A8C7040018D30400B8C8040047
:1019D0002CD304008CC7040040D304004CD3040073
:1019E00068D30400A0D30400F8D0040010D1040090
:1019F000C0D304004CCD04007814FF1FECD30400C6
:101A000000D40400A012FF1F6CC8040058CC0400CE
:101A10006CCC040058CD0400F4C8040074CD04005C
:101A200080CD04008CCD04002A6BAF49204632F0F3
:101A300081F8214605A8EFF723FAAC4905A8EFF78E
:101A40001FFAAB4905A8EEF7C7FE6A69A64920460A
:101A500032F070F8214605A8EFF712FAA54905A85B
:101A6000EEF7BAFEAA69A049204632F063F8214693
:101A700005A8EFF705FA099B6BB11A68D7689E4A6B
:101A8000974241F08E86186D002801F069859B49C8
:101A9000122225F013FB6A6B9349204632F04AF874
:101AA000214605A8EFF7ECF9954905A8EFF7E8F905
:101AB000944905A8EEF790FEEA698B49204632F07A
:101AC00039F8214605A8EFF7DBF9099B6BB11A68D5
:101AD000D768894A974241F06A86186D002801F05C
:101AE0005D858949092225F0E9FA2A6A7E4920465E
:101AF00032F020F8214605A8EFF7C2F9834905A87E
:101B0000EEF76AFEAA6B7849204632F013F82146B8
:101B100005A8EFF7B5F97E4905A8EFF7B1F97D49BA
:101B200005A8EEF759FE6A6A6F49204632F002F8BE
:101B3000214605A8EFF7A4F9099B6BB11A68D7688D
:101B40006D4A974241F0C086186D002801F01C854F
:101B50007149092225F0B2FAAA6A6349204631F098
:101B6000E9FF214605A8EFF78BF96C4905A8EEF7C8
:101B700033FEEA6B5C49204631F0DCFF214605A8C4
:101B8000EFF77EF9664905A8EFF77AF9654905A8E8
:101B9000EFF776F9624905A8EFF772F9624905A8EF
:101BA000EFF76EF9099B6BB11A68D768524A9742F2
:101BB00041F0F185186D002801F018855B49172266
:101BC00025F07CFA6A6C4849204631F0B3FF214683
:101BD00005A8EFF755F9099B6BB11A68D768464A13
:101BE000974241F08986186D002801F0F58450492C
:101BF0000C2225F063FA95ED138AF7EE000AB0EE99
:101C0000480A2EF0F1FAB5EE400AF1EE10FA00F0B3
:101C1000E38618EE100A2FF073FB02460B462046AF
:101C2000444931F087FF214605A8EFF729F94249D9
:101C300005A8EFF725F9099B6BB11A68D7682E4AFA
:101C4000974241F02F86186D002801F0BB843B4974
:101C50000A2225F033FA2A6C2349204631F06AFF24
:101C6000214605A8EFF70CF9099B6BB11A68D768F4
:101C7000214A974241F01C86186D002801F0988493
:101C80002F49092225F01AFA95ED128AF7EE000A7B
:101C9000B0EE480A2EF0A8FAB5EE400AF1EE10FABE
:101CA00000F0908618EE100A2FF02AFB02460B4631
:101CB0002046204931F03EFF214605A8EFF7E0F825
:101CC000174905A8EFF7DCF81E4905A8EFF7D8F883
:101CD000134905A8EFF7D4F81B4905A8EFF7D0F88A
:101CE000099B002B40D031E0A8C7040040C9040084
:101CF000A0CD0400ACCD0400290C0000B8CD040038
:101D000004CA0400CCCD0400DCCD0400E8CD0400FE
:101D100084CA0400FCCD04000CCE040018CE0400DC
:101D20008CC7040010D4040018D4040038D4040074
:101D300050D40400B8C8040060D4040084D4040063
:101D400070D5040090D4040098D404001A68D568B3
:101D5000BB4A954241F0B285186D002801F0E2833C
:101D6000B849062225F0AAF9F26DB749204631F0AC
:101D7000E1FE214605A8EFF783F8B44905A8EFF77F
:101D80007FF8B34905A8EEF727FD326CAE4920462F
:101D900031F0D0FE214605A8EFF772F8AD4905A84D
:101DA000EEF71AFD96ED148AF7EE000AB0EE480A37
:101DB0002EF01AFAB5EE400AF1EE10FA00F0F885AE
:101DC00018EE100A2FF09CFA02460B462046A24954
:101DD00031F0B0FE214605A8EFF752F89D499F4823
:101DE000EEF7FAFC306D2FF08BFA0B460621024617
:101DF00000919A48EEF7CCFC98482146EFF740F85E
:101E0000099B6BB11A68D5688D4A954241F080856F
:101E1000186D002801F07C839149162225F04EF9B7
:101E200096ED138AF7EE000AB0EE480A2EF0DCF9C0
:101E3000B5EE400AF1EE10FA00F0B08518EE100A87
:101E40002FF05EFA02460B462046834931F072FEBF
:101E5000214605A8EFF714F8824905A8EFF710F816
:101E6000099B6BB11A68D568754A954241F0568551
:101E7000186D002801F06A837B490C2225F01EF9B9
:101E8000F26B7149204631F055FE214605A8EEF768
:101E9000F7FF099B6BB11A68D568694A954241F012
:101EA0008C84186D002801F047837049182225F0B2
:101EB00005F996ED128AF7EE000AB0EE480A2EF008
:101EC00093F9B5EE400AF1EE10FA00F05D8518EED8
:101ED000100A2FF015FA02460B4620465E4931F0F3
:101EE00029FE214605A8EEF7CBFF099B6BB11A68C6
:101EF000D568534A954241F00585186D002801F0D8
:101F0000FD825B49142225F0D9F896ED118AF7EE8F
:101F1000000AB0EE480A2EF067F9B5EE400AF1EE7D
:101F200010FA00F0278518EE100A2FF0E9F90246A2
:101F30000B462046484931F0FDFD214605A8EEF745
:101F40009FFF099B6BB11A68D5683D4A954241F0E5
:101F5000EB84186D002801F0C7824649152225F050
:101F6000ADF896ED1B8AF7EE000AB0EE480A2EF0A7
:101F70003BF9B5EE400AF1EE10FA00F0F18418EEEC
:101F8000100A2FF0BDF902460B462046324931F0C7
:101F9000D1FD214605A8EEF773FF374905A8EEF7F6
:101FA0001BFC96ED1A8AF7EE000AB0EE480A2EF0F6
:101FB0001BF9B5EE400AF1EE10FA00F0C78418EEF6
:101FC000100A2FF09DF902460B462046224931F0B7
:101FD000B1FD214605A8EEF753FF2849284D05A875
:101FE000EEF74EFF274905A8EEF7F6FB326E1649CD
:101FF000204631F09FFD214605A8EEF741FF22491A
:1020000005A8EEF73DFF214905A8EEF739FF1E4967
:1020100005A8EEF735FF1E4905A8EEF731FF1D496B
:1020200005A8EEF7D9FBAA680749204631F082FDE2
:10203000214605A8EEF724FF099B002B3AD02BE0A0
:10204000290C0000C4D40400A8C70400CCD40400A8
:10205000D8D40400E8D40400B8C804002808FF1F3E
:1020600000D5040018D5040020D5040030D50400A4
:102070004CD5040064D504007CD5040090D5040040
:102080004410FF1FBCD504008CC70400C8D5040051
:10209000D4D5040014D604001A68D668BA4A964209
:1020A00041F07884186D002801F0D481B7490F22DF
:1020B00025F004F895ED038AF7EE000AB0EE480A21
:1020C0002EF092F8B5EE400AF1EE10FA00F03484EA
:1020D00018EE100A2FF014F902460B462046AC49C0
:1020E00031F028FD214605A8EEF7CAFEA94905A84A
:1020F000EEF772FB2A69A849204631F01BFD214604
:1021000005A8EEF7BDFE099B6BB11A68D6689E4A1A
:10211000964241F04584186D002801F091819F4955
:102120000E2224F0CBFF95ED068AF7EE000AB0EE02
:10213000480A2EF059F8B5EE400AF1EE10FA00F018
:10214000F28318EE100A2FF0DBF802460B46204609
:102150008F4931F0EFFC214605A8EEF791FE90493A
:1021600005A8EEF78DFE8F4905A8EEF789FE8C498C
:1021700005A8EEF785FE099B6BB11A68D668824AFE
:10218000964241F01384186D002801F043827F4984
:102190000F2224F093FF95ED088AF7EE000AB0EEC7
:1021A000480A2EF021F8B5EE400AF1EE10FA00F0E0
:1021B000B18318EE100A2FF0A3F802460B46204612
:1021C000734931F0B7FC214605A8EEF759FE714975
:1021D00005A8EEF701FBEA696F49204631F0AAFC39
:1021E000214605A8EEF74CFE6C4905A8EEF7F4FA77
:1021F000E86A2FF085F80B4602466549204631F023
:1022000099FC214605A8EEF73BFE674905A8EEF7C5
:1022100037FE099B6BB11A68D6685B4A964241F05B
:102220005F83186D002801F0EB816049112224F0D2
:1022300045FF6D6A07EE905AF7EE000AB8EE670A9E
:102240002DF0D2FFB5EE400AF1EE10FA14BF50495E
:1022500051492A46204631F06DFC214605A8EEF78B
:102260000FFE4F4905A8EEF70BFE514905A8EEF702
:1022700007FE4B4905A8EEF703FE099B6BB11968F1
:10228000414ACD68954241F03183186D002801F034
:10229000D5814849072224F011FF474D3E496A6C19
:1022A000204631F047FC214605A8EEF7E9FD4349F9
:1022B00005A8EEF791FA95ED0F8AF7EE000AB0EE59
:1022C000480A2DF091FFB5EE400AF1EE10FA00F049
:1022D000188318EE100A2FF013F802460B4620461A
:1022E0002B4931F027FC214605A8EEF7C9FD3449FA
:1022F00005A8EEF771FA95ED108AF7EE000AB0EE38
:10230000480A2DF071FFB5EE400AF1EE10FA00F028
:10231000EF8218EE100A2EF0F3FF02460B4620461D
:102320001B4931F007FC214605A8EEF7A9FD254918
:1023300005A8EEF7A5FD099B6BB11A68D668124A8D
:10234000964241F05282186D002801F06D811E49BD
:10235000132224F0B3FE95ED178AF7EE000AB0EED3
:10236000480A2DF041FFB5EE400AF1EE10FA00F0F8
:10237000B68218EE100A2EF0C3FF02460B46204626
:10238000034931F0D7FB21E0290C000024D60400DA
:10239000B8C8040034D60400A8C7040044D604001A
:1023A0008CC7040054D6040060D604007CD6040018
:1023B00090D604004CCD04001013FF1F98D60400E3
:1023C000A0D604006CC80400A8D60400214605A8C5
:1023D000EEF756FD099B6BB11A68D668AC4A964277
:1023E00041F07882186D002801F05081A94911222E
:1023F00024F064FE2A68A849204631F09BFB214660
:1024000005A8EEF73DFDA54905A8EEF7E5F96A69CF
:10241000A149204631F08EFB214605A8EEF730FD9C
:10242000099B6BB11A68D668994A964241F052836B
:10243000186D002801F020819949182224F03EFEF1
:10244000AA6A9549204631F075FB214605A8EEF7AA
:1024500017FD944905A8EEF713FD099B6BB11A68A7
:10246000D6688B4A964241F0AE81186D002801F083
:10247000F9808D490B2224F021FE6A6886492046A6
:1024800031F058FB214605A8EEF7FAFC099B6BB129
:102490001A68D6687E4A964241F09B81186D0028E2
:1024A00001F0D6808149082224F008FEAA697A4901
:1024B000204631F03FFB214605A8EEF7E1FC099BE1
:1024C0006BB11A68D668724A964241F08881186DDD
:1024D000002801F017817649122224F0EFFDEA6A04
:1024E0006D49204631F026FB214605A8EEF7C8FCD1
:1024F000704905A8EEF770F995ED138AF7EE000A1A
:10250000B0EE480A2DF070FEB5EE400AF1EE10FA7A
:1025100000F0DC8118EE100A2EF0F2FE02460B46A7
:102520002046654931F006FB214605A8EEF7A8FCD8
:10253000624905A8EEF7A4FC099B6BB11A68D6683E
:10254000534A964241F0FC81186D002801F0D0807A
:102550005B490B2224F0B2FDAA684F49204631F0B6
:10256000E9FA214605A8EEF78BFC099B6BB11A68C6
:10257000D668474A964241F0E981186D002801F07B
:10258000D5805049082224F099FDEA694249204645
:1025900031F0D0FA214605A8EEF772FC4A4905A8A9
:1025A000EEF71AF92A6B3C49204631F0C3FA21466E
:1025B00005A8EEF765FC099B6BB11A68D668344A2A
:1025C000964241F0E280186D002801F0A5803F4955
:1025D0000C2224F073FD95ED148AF7EE000AB0EE9C
:1025E000480A2DF001FEB5EE400AF1EE10FA00F0B7
:1025F000648118EE100A2EF083FE02460B46204638
:102600002D4931F097FA214605A8EEF739FC3049FB
:1026100005A8EEF735FC2F4905A8EEF7DDF8EA68C6
:102620001D49204631F086FA214605A8EEF728FC20
:10263000099B6BB11A68D668154A964241F07A81B7
:10264000186D002801F04A802349092224F036FD44
:102650002A6A1149204631F06DFA214605A8EEF7A5
:102660000FFC1E4905A8EEF7B7F86A6B0A49204629
:1026700031F060FA214605A8EEF702FC099B002B19
:1026800036D01A68D668024A964241F0658127E042
:10269000290C000058CC0400A8C704006CCC04002E
:1026A00058CD0400F4C8040074CD040080CD0400AB
:1026B0008CCD0400BCD60400B8C8040040C9040096
:1026C000A0CD0400ACCD0400B8CD0400CCD60400ED
:1026D00004CA0400CCCD0400DCCD0400E8CD040025
:1026E000186D002800F0F087C0490D2224F0E6FCA8
:1026F00095ED158AF7EE000AB0EE480A2DF074FD4C
:10270000B5EE400AF1EE10FA00F0CE8018EE100A95
:102710002EF0F6FD02460B462046B54931F00AFA86
:10272000214605A8EEF7ACFBB24905A8EEF7A8FBD9
:10273000099B6BB11A68D668AF4A964241F0BA81DC
:10274000186D002800F0B687AC490C2224F0B6FCC6
:102750002A69AB49204631F0EDF9214605A8EEF78C
:102760008FFBA84905A8EEF737F86A6AA449204606
:1027700031F0E0F9214605A8EEF782FB099B6BB129
:102780001A68D6689C4A964241F09A81186D0028D2
:1027900000F086879C49132224F090FCAA6B98498C
:1027A000204631F0C7F9214605A8EEF769FB9749A5
:1027B00005A8EEF711F895ED168AF7EE000AB0EECF
:1027C000480A2DF011FDB5EE400AF1EE10FA62D084
:1027D00018EE100A2EF094FD02460B46204684495E
:1027E00031F0A8F9214605A8EEF74AFB884905A86B
:1027F000EEF746FB099CB4B12368864ADB6A934234
:1028000041F06481A06D18B12FF0EAFB0023A365AD
:10281000236D002B00F0AD8704F1180026F0AEF810
:1028200005A8EEF703FD7C497C487D4CEEF728FBBC
:102830007C4902A82AF00CFA02A8EDF7A5FE02A82E
:102840002AF05EFA216802A82AF002FA02A8EDF73F
:102850009BFE02A82AF054FA734902A82AF0F8F95C
:1028600002A8EDF791FE02A82AF04AFA216802A810
:102870002AF0EEF902A8EDF787FE02A82AF040FA46
:10288000099B6A4A059213B105A8EEF7CFFC1BB06D
:10289000BDEC028BF0BDFDEEC87A594917EE902AC7
:1028A000204631F047F99DE7FDEEC87A544917EE0E
:1028B000902A204631F03EF932E7FDEEC87A5049C1
:1028C00017EE902A204631F035F99CE6FDEEC87AE5
:1028D0004B4917EE902A204631F02CF924E6FDEE04
:1028E000C87A474917EE902A204631F023F96DE562
:1028F000FDEEC87A424917EE902A204631F01AF9C7
:1029000011E5FDEEC87A3E4917EE902A204631F0D7
:1029100011F9E8E4FDEEC87A394917EE902A20460D
:1029200031F008F94FE4FDEEC87A354917EE902AE8
:10293000204631F0FFF80EE4FDEEC87A304917EE7C
:10294000902A204631F0F6F8FFF7CCBBFDEEC87AAE
:102950002B4917EE902A204631F0ECF8FFF739BBEF
:10296000FDEEC87A264917EE902A204631F0E2F8AB
:10297000FFF70FBBFDEEC87A214917EE902A2046DB
:1029800031F0D8F8FFF7D9BAFDEEC87A1C4917EE36
:10299000902A204631F0CEF8FFF7A3BAFDEEC87AB0
:1029A000174917EE902A204631F0C4F8FFF750BAC5
:1029B000FDEEC87A124917EE902A204631F0BAF897
:1029C000FFF708BAFDEEC87A0D4917EE902A2046A7
:1029D00031F0B0F8FFF770B9FDEEC87A084917EE8C
:1029E000902A204631F0A6F8FFF71DB9DCD6040086
:1029F000B8C8040084CA0400290C0000FCCD0400FF
:102A0000A8C704000CCE040018CE0400ECD60400C5
:102A1000FCD60400D104000008D704002808FF1FDA
:102A20004807FF1F20D70400CCF10400400E05002A
:102A3000FDEEC87AD54917EE902A204631F07AF893
:102A4000FEF711BFFDEEC87AD04917EE902A204656
:102A500031F070F8FEF7AABEFDEEC87ACB4917EE4A
:102A6000902A204631F066F8FEF774BEFDEEC87A73
:102A7000C64917EE902A204631F05CF8FEF7E9BD12
:102A8000FDEEC87AC14917EE902A204631F052F87F
:102A9000FEF7BFBDFDEEC87ABC4917EE902A20466E
:102AA00031F048F8FEF752BDFDEEC87AB74917EE8F
:102AB000902A204631F03EF8FEF71CBDFDEEC87AA4
:102AC000B24917EE902A204631F034F8FEF797BC51
:102AD000FDEEC87AAD4917EE902A204631F02AF86B
:102AE000FEF72BBCFDEEC87AA84917EE902A2046C7
:102AF00031F020F8FEF798BBFDEEC87AA34917EE37
:102B0000902A204631F016F8FEF737BBFDEEC87A62
:102B10009E4917EE902A204631F00CF8FEF7D6BAFF
:102B2000FDEEC87A994917EE902A204631F002F856
:102B3000FEF752BAFDEEC87A944917EE902A204665
:102B400030F0F8FFFEF7FDB9FDEEC87A8F4917EEB9
:102B5000902A204630F0EEFFFEF781B8FDEEC87AED
:102B60008A4917EE902A204630F0E4FFFDF7D1BFE6
:102B7000FDEEC87A854917EE902A204630F0DAFF3C
:102B8000FDF700BFFDEEC87A804917EE902A204677
:102B900030F0D0FFFDF76DBEFDEEC87A7B4917EE31
:102BA000902A204630F0C6FFFDF7DBBDFDEEC87A67
:102BB000764917EE902A204630F0BCFFFDF7F9BCAD
:102BC000FDEEC87A714917EE902A204630F0B2FF28
:102BD000FDF7AAB8FDEEC87A6C4917EE902A204698
:102BE00030F0A8FFFDF76DB8FDEEC87A674917EE23
:102BF000902A204630F09EFFFDF729B8FDEEC87AF6
:102C0000624917EE902A204630F094FFFCF7C9BFC6
:102C1000FDEEC87A5D4917EE902A204630F08AFF13
:102C2000FCF786BFFDEEC87A584917EE902A204679
:102C300030F080FFFCF74EBFFDEEC87A534917EE27
:102C4000902A204630F076FFFCF7A8BEFDEEC87A49
:102C50004E4917EE902A204630F06CFFFCF738BE44
:102C6000FDEEC87A494917EE902A204630F062FFFF
:102C7000FCF798BDFDEEC87A444917EE902A20462D
:102C800030F058FFFCF7DCBC586D00283CF40BAC6E
:102C90003F490E2222F084FBFCF705BC586D00284A
:102CA0003CF4B2AD3B49102222F07AFBFCF7ACBDFC
:102CB000586D00283CF48AAD37490B2222F070FB96
:102CC000FCF784BD586D00283CF454AD3349112203
:102CD00022F066FBFCF74EBD586D00283CF4D0ACEA
:102CE0002F49112222F05CFBFCF7CABC586D00286A
:102CF0003CF43BAC2B490E2222F052FBFCF735BCD6
:102D0000586D00283CF4EDAB2749142222F048FB13
:102D1000FCF7E7BB586D00283CF46CAC2349142247
:102D200022F03EFBFCF766BC586D00283CF437AC43
:102D30001F490E2222F034FBFCF731BC586D0028ED
:102D40003CF495AD1B490E2222F02AFBFCF78FBD07
:102D5000586D00283CF472AD17490D2222F020FB7B
:102D6000FCF76CBD586D00283CF4D8AD1349102217
:102D700022F016FBFCF7D2BD586D00283CF490AD54
:102D80000F49112222F00CFBFCF78ABDA8C70400F2
:102D9000D8C704004CC9040034C9040020C9040089
:102DA000DCC804004CC8040000C804008CC804003F
:102DB0005CC8040070C9040060C90400B4C9040000
:102DC00080C90400586D00283CF46CAEC0490D2247
:102DD00022F0E6FAFCF766BE586D00283CF449AED6
:102DE000BC490F2222F0DCFAFCF743BE586D0028E4
:102DF0003CF426AEB8490E2222F0D2FAFCF720BEEF
:102E0000586D00283CF4A4ADB449112222F0C8FA50
:102E1000FCF79EBD586D00283DF42DA8B04907224F
:102E200022F0BEFAFDF727B8586D00283DF40AA835
:102E3000AC49062222F0B4FAFDF704B8586D002818
:102E40003CF4D9AFA849062222F0AAFAFCF7D3BF76
:102E5000586D00283CF4B6AFA449062222F0A0FA2F
:102E6000FCF7B0BF586D00283CF4B3AEA0490E2269
:102E700022F096FAFCF7ADBE586D00283CF479AE0E
:102E80009C49092222F08CFAFCF773BE586D002889
:102E90003CF4F1AE98490C2222F082FAFCF7EBBE2A
:102EA000586D00283CF4BBAE94490D2222F078FA0C
:102EB000FCF7B5BE586D00283DF43DAB90490E229D
:102EC00022F06EFAFDF737BB586D00283DF4DAAA00
:102ED0008C49132222F064FAFDF7D4BA586D002809
:102EE0003DF499AA8849132222F05AFAFDF793BAC1
:102EF000586D00283DF476AA8449092222F050FA40
:102F0000FDF770BA586D00283DF47DA98049112263
:102F100022F046FAFDF777B9586D00283DF41AA95A
:102F20007C490E2222F03CFAFDF714B9586D0028B6
:102F30003DF4E4A97849082222F032FAFDF7DEB91F
:102F4000586D00283DF496A974490B2222F028FA06
:102F5000FDF790B9586D00283CF4CCAF70490722BA
:102F600022F01EFAFCF7C6BF586D00283CF49CAF57
:102F70006C49072222F014FAFCF796BF586D00281E
:102F80003DF401A86849062222F00AFAFCF7FBBFCB
:102F9000586D00283CF4CBAF64490C2222F000FAB3
:102FA000FCF7C5BF586D00283DF4BAA8604911224E
:102FB00022F0F6F9FDF7B4B8586D00283DF488A862
:102FC0005C49102222F0ECF9FDF782B8586D002818
:102FD0003DF464A858490D2222F0E2F9FDF75EB8ED
:102FE000586D00283DF406A845490E2222F0D8F974
:102FF000FDF700B8586D00283EF47AA94F49122217
:1030000022F0CEF9FEF774B9586D00283EF457A9A6
:103010004B49082222F0C4F9FEF751B9586D002837
:103020003EF41EAA3C49082222F0BAF9FEF718BA6B
:10303000586D00283EF4FBA942490B2222F0B0F95A
:10304000FEF7F5B9586D00283EF4A5AA2F490922CC
:1030500022F0A6F9FEF79FBA586D00283EF45EAA4A
:1030600039490C2222F09CF9FEF758BA586D002815
:103070003EF428AA35490C2222F092F9FEF722BA32
:10308000586D00283EF405AA3149122222F088F931
:10309000FEF7FFB9586D00283EF43DAC1C491122E3
:1030A00022F07EF9FEF737BC586D00283EF415ACCF
:1030B00028490D2222F074F9FEF70FBC586D002844
:1030C0003EF4EDAB2449072222F06AF9FEF7E7BB94
:1030D00030CA040020CA040010CA0400C8C9040091
:1030E00068CB040060CB040050CB040048CB040044
:1030F00090CA040078CA0400C0CA0400B0CA040020
:103100006CCC040018CE0400E8CD0400DCCD040033
:1031100058CC0400D8CC0400ACCD040074CD04001D
:1031200080CB040070CB04000CCC0400C8CB04009E
:10313000C4CC0400A0CC040090CC04008CCD0400CE
:1031400080CD0400A0CD0400E0D20400D0D2040061
:10315000B8CD040000D404004CCD0400586D002804
:103160003EF469ABC049132222F01AF9FEF763BBA3
:10317000586D00283EF4C9AABC49132222F010F968
:10318000FEF7C3BA586D00283EF41EAAB8491322B0
:1031900022F006F9FEF718BA586D00283EF432AB5B
:1031A000B449172222F0FCF8FEF72CBB586D00281A
:1031B0003EF4E4AAB049102222F0F2F8FEF7DEBA9B
:1031C000586D00283DF436AAAC490B2222F0E8F8ED
:1031D000FDF730BA586D00283DF4D3A9A84917224D
:1031E00022F0DEF8FDF7CDB9586D00283DF494AA21
:1031F000A449122222F0D4F8FDF78EBA586D0028A7
:103200003DF431AAA049082222F0CAF8FDF72BBAF2
:10321000586D00283DF441AB9C49082222F0C0F8CB
:10322000FDF73BBB586D00283DF40BAB98491122CC
:1032300022F0B6F8FDF705BB586D00283DF4DBAA77
:103240009449082222F0ACF8FDF7D5BA586D002851
:103250003DF4B8AA90490B2222F0A2F8FDF7B2BAC9
:10326000586D00283DF49FAC8C49072222F098F855
:10327000FDF799BC586D00283DF45FAC88490922E0
:1032800022F08EF8FDF759BC586D00283DF429ACAA
:103290008449122222F084F8FDF723BC586D0028DF
:1032A0003DF406AC7149132222F07AF8FDF700BC18
:1032B000586D00283DF44EAB7B49122222F070F885
:1032C000FDF748BB586D00283DF411AB77490C223F
:1032D00022F066F8FDF70BBB586D00283DF4CFAB2C
:1032E0007349092222F05CF8FDF7C9BB586D00282C
:1032F0003DF45CAB6F49092222F052F8FDF756BB52
:10330000586D00283DF4B0AF6449072222F048F818
:10331000FDF7AABF586D00283DF461AF66490E2243
:1033200022F03EF8FDF75BBF586D00283DF43DAF3D
:103330006249152222F034F8FDF737BF586D002896
:103340003DF403AF5E49072222F02AF8FDF7FDBEE7
:10335000586D00283DF4DDAD5A49072222F020F8CF
:10336000FDF7D7BD586D00283DF49CAD5649152298
:1033700022F016F8FDF796BD586D00283DF4BEAE5C
:103380005249152222F00CF8FDF7B8BE586D0028FE
:103390003DF40AAE4E49072222F002F8FDF704BEC2
:1033A000586D00283DF443AC2F49132221F0F8FF5B
:1033B000FDF73DBC586D00283DF420AC2D49172287
:1033C00021F0EEFFFDF71ABC586D00283DF478ACF3
:1033D00040490E2221F0E4FFFDF772BC586D002831
:1033E0003DF455AC3C49112221F0DAFFFDF74FBC0A
:1033F000586D00283DF431AD1C49132221F0D0FF57
:10340000FDF72BBD586D00283DF40EAD284909226B
:1034100021F0C6FFFDF708BD586D00283DF4CDAC86
:103420002E49092221F0BCFFFDF7C7BC586D0028CA
:103430003DF4AAAC1D490C2221F0B2FFFDF7A4BC5B
:10344000586D00283EF46FAE25490E2221F0A8FFEA
:10345000FEF769BE586D00283EF42CAE21490F22BC
:1034600021F09EFFFEF726BE10D1040018CE040006
:10347000E8CD0400F8D004002CD3040074CD04007F
:10348000C0CE04008CCD040080CD0400C8CF040061
:10349000B4CF0400ACCD0400A0CD04004CCD04009A
:1034A00070D004005CD00400F4CF0400CCCD040044
:1034B0000CCE040008D0040090D2040078D204009E
:1034C00064D20400B0D1040074D104003CD20400E2
:1034D000ECD104006CCC040058CC0400DCCD04001A
:1034E00044D6040024D60400586D00283EF439ADBB
:1034F000C149152221F054FFFEF733BD586D002855
:103500003EF403ADBD49142221F04AFFFEF7FDBC95
:10351000586D00283EF484ACB949162221F040FFD2
:10352000FEF77EBC586D00283EF41EACB54906225D
:1035300021F036FFFEF718BC586D00283EF4B9ACF8
:10354000B149182221F02CFFFEF7B3BC586D0028BA
:103550003EF496ACAD490C2221F022FFFEF790BC60
:10356000586D00283EF497AAA949122221F018FFAD
:10357000FEF791BA586D00283EF4E6A9A5490E223F
:1035800021F00EFFFEF7E0B9586D00283EF4E4AAE2
:10359000A149092221F004FFFEF7DEBA586D002888
:1035A0003EF4A3AA9D49092221F0FAFEFEF79DBA36
:1035B000586D00283EF468AB9949092221F0F0FECD
:1035C000FEF762BB586D00283EF445AB95490A22D0
:1035D00021F0E6FEFEF73FBB586D00283EF40BAB32
:1035E00091490C2221F0DCFEFEF705BB586D002846
:1035F0003EF4E8AA8D49172221F0D2FEFEF7E2BA86
:10360000586D00283EF415AE8949112221F0C8FEFC
:10361000FEF70FBE586D00283EF4BDAD85490F2260
:1036200021F0BEFEFEF7B7BD586D00283EF493AE04
:103630008149132221F0B4FEFEF78DBE586D00289B
:103640003EF42BAE7D49072221F0AAFEFEF725BEEF
:10365000586D00283EF42AAF7949082221F0A0FED7
:10366000FEF724BF586D00283EF407AF75490B22C2
:1036700021F096FEFEF701BF586D00283EF4E0AE43
:103680007149182221F08CFEFEF7DABE586D002831
:103690003EF4B0AE6D49112221F082FEFEF7AABEC3
:1036A000586D00283FF47AA86949132221F078FE6A
:1036B000FFF774B8586D00283FF44AA865490C22FA
:1036C00021F06EFEFFF744B8586D00283FF410A8B3
:1036D00061490D2221F064FEFFF70AB8586D0028F9
:1036E0003EF4B6AF4D49092221F05AFEFEF7B0BFB5
:1036F000586D00283EF430AF58490B2221F050FE9F
:10370000FEF72ABF586D00283EF4E9AE5449122254
:1037100021F046FEFEF7E3BE586D00283EF45BAF95
:1037200050490C2221F03CFEFEF755BF586D002891
:103730003EF42BAF4C49082221F032FEFEF725BFA4
:10374000D3F888140AAC00293BF458AE1690474AC7
:103750000123204621F032FA00283BF44FAE2046E8
:1037600021F090FAFBF74ABE204624F029F9FBF736
:1037700045BE636D002B7FF44FA8FFF751B83C495D
:1037800018460E22B047FBF78EBE364918460C226B
:10379000B047FEF720BF254918461722B847FEF765
:1037A00011BA1B4918461222B847FEF774B91B49D3
:1037B00018460922B847FEF798B913491846182247
:1037C000A847FEF776BB1F4918460B22B047FEF705
:1037D00054BE1B4918460822B047FEF767BE204971
:1037E00018461222B047FEF77ABE13491846132234
:1037F000B047FEF7B0BD00BF64D504004CD504004F
:1038000000D50400C4D4040030D5040020D5040041
:10381000B8CD04006CCC04000CCE0400DCCD040058
:1038200070D5040084D4040050D4040038D40400BB
:103830007CD6040024D60400A8D604004CCD040095
:1038400080CD040074CD040058CD040058CC040091
:1038500018CE0400FCCD0400DCD60400A0CD04008A
:103860008CCD0400CCD60400ACCD040030C70400DD
:10387000D8C70400BB4918460922B847FDF75DB90F
:10388000B94918460722A847FDF78DB9B749184628
:103890001722B847FDF7B2B9B54918460822B8470C
:1038A000FCF7A9BFB34918460A22B847FEF7D3B9B7
:1038B000B14918460922B847FEF7E6B9AF4918469C
:1038C0000622A847FEF750BAAD4918460922B84764
:1038D000FEF742B9AB4918461122B047FEF78ABD40
:1038E000A94918461122B047FEF7A3BC9E490722FA
:1038F0001846A847FEF7D1BCA44918460C22B84781
:10390000FEF779B9A24918461422A847FEF7FDBA76
:10391000A04918461622A847FEF782BA9E491846C3
:103920000C22A847FEF7ACBA9C4918461522A847B6
:10393000FEF717BB9A4918460922B047FEF788BE22
:10394000984918460B22B047FEF706BE884918462C
:103950000822B047FEF719BE934918460D22B0471A
:10396000FEF7C6BE864918460922B847FDF75CBA7D
:103970008E4918461322B847FDF76FBA8C4918468E
:103980001522A847FDF78EBA8A4918460E22B84775
:10399000FDF796B9884918460F22B047FEF78ABB53
:1039A000864918460E22B047FEF7BDBB824918462D
:1039B0000F22B047FEF7EFBB794918460922B847F6
:1039C000FDF7FBB97E4918460722B847FDF7BDBB96
:1039D0007C4918460722B847FDF79BBA7A49184632
:1039E0000722B847FDF7E0BA784918461522A847DC
:1039F000FDF7DBBB764918460C22B847FDF7C4B982
:103A0000744918461322B847FDF711B95D491846A5
:103A10001122B847FDF73BB96F4918461522A84750
:103A2000FDF76CBB614918461322B847FDF740B853
:103A30006A4918461222B847FCF78CBF68491846F5
:103A40000922B847FCF7B2BF664918461222B847A8
:103A5000FDF747B8644918460E22B847FDF7BFBBCB
:103A6000414918460722A847FDF7FEBB5F491846A3
:103A70000822B847FDF723BC414918460922B84738
:103A8000FCF7FDBF5A4918461122B847FCF7D9BECA
:103A9000584918460822B847FCF7FFBE4C4918465B
:103AA0000C22B847FCF723BF534918461222B847E7
:103AB000FCF732BE514918460C22B047FEF748BE0B
:103AC0003A4918461322B047FEF768BE2046984789
:103AD000FEF7A6BE4A4918461822B047FEF7B0BC0A
:103AE0003C4918461322A847FDF7A5BE2F491846A2
:103AF0001322B847FDF709BE424918461022B847BD
:103B0000FDF73CBE184907221846A847FDF7C7BE77
:103B1000244918460B22B847FCF754BE3A491846C8
:103B20000B22B847FCF786BD304918460822B84733
:103B3000FCF799BD0D4918461722A847FDF762BE4C
:103B4000324918460C22B847FDF7E8BC144918461C
:103B50000922B847FDF71FBD2D4918461322B84763
:103B6000FDF732BD70D004004CCD0400F8D0040045
:103B7000ACCD040084D4040070D50400C4D4040087
:103B80000CCE040058CC04007CD6040050D40400B1
:103B90004CD5040000D5040020D5040064D50400F1
:103BA000DCCD0400A0CD0400DCD6040018CE040057
:103BB00074D104006CCC040024D6040044D6040064
:103BC00064D20400B0D10400ECD1040078D2040027
:103BD000CCCD040010D104003CD20400F4CF04008A
:103BE00008D004005CD0040090D2040080CD040012
:103BF000B4CF0400C8CF04008CCD0400FCCD040079
:103C000058CD04002CD3040074CD0400E0D204008D
:103C1000E8CD0400924918460822B847FDF720BCB9
:103C2000904918460D22B047FDF757BE8E491846F9
:103C30001122B847FDF76FBE8C4918460E22B847CF
:103C4000FDF782BE8A4918460C22B847FDF73ABCF8
:103C5000884918461022B047FCF73ABA86491846F8
:103C60001122B047FCF75CBA844918460E22B047CF
:103C7000FCF770BA824918460622B047FCF783B9B0
:103C8000804918461222B847FDF703BC7E49184602
:103C90001222B847FDF72CBB7C4918460B22B847C7
:103CA000FDF7C5BB7A4918460D22B047FCF7F6B9B7
:103CB000784918460922A847FCF794BB6A49184678
:103CC0001122A847FCF79FBA734918460B22A84750
:103CD000FCF7D0BA714918461322A847FCF79BBBE2
:103CE000624918460E22B047FCF784B96C49184661
:103CF0000722B047FCF7FEB86A4918460C22B047C5
:103D0000FCF715B9564918460822A847FCF7F6BA39
:103D1000654918460622B047FCF754B8634918466F
:103D20000E22B047FBF755BF614918460D22B04738
:103D3000FBF775BF5F4918460622B047FCF75BB832
:103D40005D4918461322A847FCF79CBB4749184613
:103D50000E22B847FCF7EFBB584918461722B84760
:103D6000FCF70FBC564918460C22B047FBF783BF3F
:103D7000544918460F22B047FBF77BBE52491846FC
:103D80000D22B047FBF78EBE504918460922B047B6
:103D9000FBF7EFBE4E4918461022B047FBF7BEBDF9
:103DA0004C4918460622B047FCF74CB84A49184619
:103DB0000722B047FCF75FB8484918460722B047CA
:103DC000FCF772B8464918460E22B047FBF738BEDA
:103DD000444918461122B047FBF752BC42491846E5
:103DE0000E22B047FBF7C1BB404918460E22B04730
:103DF000FBF7D5BB3E4918461122B047FBF7BABCCA
:103E00003C4918461122B047FBF7A2BD3A49184673
:103E10000E22B047FBF72BBD384918461122B04798
:103E2000FBF73EBD364918461422B047FBF7E2BB0C
:103E3000344918460B22B047FBF7C8BC3249184634
:103E40001022B047FBF7E0BC304918460D22B047BE
:103E5000FBF7F4BC2E4918461422B047FBF741BBD0
:103E6000ACCD040000D4040058CC04006CCC040099
:103E7000D0D20400A0CC0400C4CC0400D8CC0400F0
:103E80000CCC0400B8CD04008CCD0400A0CD0400FF
:103E900090CC0400DCCD040074CD0400E8CD040017
:103EA00080CB0400C8CB040048CB040090CA0400B7
:103EB000B0CA040050CB040018CE0400C0CE0400E9
:103EC000C0CA040020CA040030CA040078CA040032
:103ED000B4C9040060CB040068CB040070CB0400BC
:103EE00010CA0400DCC804004CC804005CC804000C
:103EF00020C90400C8C9040070C9040080C90400B6
:103F00008CC8040034C904004CC9040060C9040012
:103F100000C804002DE9F0412DED028B0C46A8B03D
:103F20000E2105469E4817461E462BF019FF9D4858
:103F300030F0A6FD01469B482BF012FF9A4828F06E
:103F400087FC002397491A4607A827F083FD07A896
:103F5000EDF73AFB002800F0418150220DEB020101
:103F600007A827F0D5FE002800F0FF80502300931B
:103F700022466B44294607A828F032F8002800F0B2
:103F80007F818A4904A828F063FE04A8ECF7FCFAB4
:103F900004A828F0B5FE002E40F0A88114A904A8BA
:103FA00028F056FE04A8ECF7EFFA04A828F0A8FEC3
:103FB000DFF824827E4904A828F04AFE04A8ECF722
:103FC000E3FA04A828F09CFE07EE907AB8EEE70A20
:103FD000ECF792FA774B04A8196828F039FE04A888
:103FE000ECF7D2FA04A828F08BFE35B1284630F061
:103FF00047FD014628462BF0B3FE6B4828F028FC0D
:1040000034B1204630F03CFD014620462BF0A8FE9E
:10401000654828F01DFC654805212BF0A1FE002E07
:1040200000F0858122202BF01FFF14A830F028FD1E
:10403000014614A82BF094FE22202BF015FF01213D
:104040005B482BF08DFE3946574828F0F9FB56485F
:1040500028F0FEFB0D2158482BF082FE14A830F00A
:104060000FFD014614A82BF07BFE4F4828F0F0FB13
:10407000524904A828F0ECFD04A8ECF785FA04A83E
:1040800028F03EFED8F80030012B00F05881032BB9
:1040900000F06581002B00F05E81294604A828F01D
:1040A000D7FD474D04A8ECF76FFA04A828F028FEC6
:1040B000296804A828F0CCFD04A8ECF765FA04A848
:1040C00028F01EFE3F4904A828F0C2FD04A8ECF722
:1040D0005BFA04A828F014FED8F80030012B00F099
:1040E0004E81032B00F04781002B00F040812146D8
:1040F00004A828F0ADFD04A8ECF746FA04A828F0BF
:10410000FFFD296804A828F0A3FD04A8ECF73CFAF9
:1041100004A828F0F5FD2C4904A828F099FD04A86E
:10412000ECF732FA04A828F0EBFDD8F80030012BA8
:1041300000F01981032B00F00A81002B00F00381AD
:1041400014A904A828F084FD04A8ECF71DFA04A81B
:1041500028F0D6FD296804A828F07AFD04A8ECF719
:1041600013FA04A828F0CCFDACE0092117489FED14
:10417000188A2BF0F5FD07A830F082FC014607A84D
:104180002BF0EEFD13480C212BF0EAFD07A827F0D9
:104190008DFCB0EE480A28B0BDEC028BBDE8F08182
:1041A0002CD704006C16FF1F2808FF1F80D70400BF
:1041B00088D704004807FF1F8CD704009CD7040051
:1041C0004C07FF1FB0D70400C4D7040064D7040015
:1041D0000000000070D704006007FF1F0921744829
:1041E000744C9FED758A2BF0BBFD744830F048FC91
:1041F000014672482BF0B4FD0F2171482BF0B0FD41
:10420000704828F025FB704914A828F021FD14A857
:10421000ECF7BAF914A828F073FD216814A828F067
:1042200017FD14A8ECF7B0F914A828F069FD674948
:1042300014A828F00DFD14A8ECF7A6F914A828F08E
:104240005FFD216814A828F003FD14A8ECF79CF981
:1042500014A828F055FD5E4914A828F0F9FC14A80C
:10426000ECF792F914A828F04BFD216814A828F067
:10427000EFFC14A8ECF788F914A828F041FD85E7B5
:10428000102154482BF06CFD4E4828F0E1FA5248BA
:1042900004212BF065FD35B1284630F0F1FB0146D5
:1042A00028462BF05DFD4D4803212BF059FD34B11C
:1042B000204630F0E5FB014620462BF051FD4148F9
:1042C00028F0C6FA464A13680493049913680393C6
:1042D000039B5B1A632BF9D914A82DF075FE51ECE2
:1042E000100B2DF05DFB08EE100A4FE7DFF8F480AD
:1042F000D8F80030012B56D0032B50D0002B4AD0D9
:1043000014A904A828F0A4FC04A8ECF73DF904A81B
:1043100028F0F6FCD8F80030012B38D0032B32D02F
:10432000002B7FF447AE22202BF09EFD42E614A81E
:1043300030F0A6FB014614A82BF012FD7FE62220E8
:1043400029F0FCFCA9E622202BF08EFDF8E62220C5
:104350002AF0DEFDF4E622202BF086FD9DE62220E9
:104360002AF0D6FD99E6222029F0E8FCE8E6222092
:104370002BF07AFDBBE622202AF0CAFDB7E6222008
:1043800029F0DCFCB3E622202AF0C2FD12E622204E
:1043900029F0D4FC0EE622202BF066FDB0E72220A7
:1043A0002AF0B6FDACE7222029F0C8FCA8E700BF40
:1043B0003CD704004807FF1F000000006C16FF1FD9
:1043C00048D704002808FF1F58D7040058FB0400F2
:1043D000B8F10400D8D70400ECD70400F4D70400E7
:1043E0000C1FFF1F6007FF1F10B513481349144C23
:1043F00000234FF4BA72FFF78DFD12490E4884ED89
:10440000030A00234FF4F872FFF784FDBDEEC00AE3
:104410000D49094884ED040A4FF41B720123FFF78C
:1044200079FD0A4B84ED060A20461968BDE8104064
:104430006C2228F04DBE00BF08D80400F8D7040055
:104440004410FF1F14D8040024D804000007FF1FE5
:1044500010B50D480D490E4C01234FF41972FFF7AA
:1044600059FD0C49084884ED130A4FF41D720123CD
:10447000FFF750FD084B84ED120A20461968BDE88D
:104480001040502228F024BE50E5040034D8040027
:104490007814FF1FE0D804003007FF1F38B52A4DFD
:1044A0002A492B4C284600234FF40B72FFF732FDAC
:1044B000BDEEC00A2846274984ED100A01234FF4B7
:1044C0009A72FFF727FD2846234984ED140A012339
:1044D000E822FFF71FFD2846204984ED130A002338
:1044E0004FF43972FFF716FDBDEEC00A28461C498D
:1044F00084ED0F0A01234FF43A72FFF70BFD2846B3
:10450000184984ED120A01234FF4A272FFF702FD4D
:104510002846154984ED110A01234FF41872FFF75C
:10452000F9FC2846114984ED1A0A4FF43072012330
:10453000FFF7F0FC0E4B84ED1B0A19682046702231
:10454000BDE8384028F0C4BD50D8040040D804006D
:10455000A012FF1F58D8040070D8040088D80400A7
:1045600094D80400ACD80400C0D80400D4D8040007
:104570002807FF1F38B53C4D3C493D4C28460023D9
:104580004FF44A72FFF7C6FCBDEEC00A284639490F
:1045900084ED1D0A00234FF44B72FFF7BBFCBDEE08
:1045A000C00A2846344984ED1E0A00234FF44C7299
:1045B000FFF7B0FCBDEEC00A2846304984ED1F0A63
:1045C00000234FF44172FFF7A5FCBDEEC00A284658
:1045D0002B4984ED200A00234FF44472FFF79AFC24
:1045E000BDEEC00A2846274984ED210A00234FF476
:1045F0004572FFF78FFCBDEEC00A2846224984EDC4
:10460000220A00234FF44272FFF784FCBDEEC00A79
:1046100028461E4984ED230A00234FF44372FFF716
:1046200079FCBDEEC00A2846194984ED240A00230E
:104630004FF45672FFF76EFCBDEEC00A28461549CE
:1046400084ED250A4FF457720023FFF763FC124BE9
:10465000BDEEC00A196884ED260A20464FF4847224
:10466000BDE8384028F034BD00D90400ECD804007F
:104670007013FF1F08D9040018D9040028D90400BA
:1046800038D9040048D9040058D904006CD9040072
:104690007CD9040090D904003416FF1F70B52DEDAD
:1046A000028B0546A8B0BA480C460E212BF058FBE9
:1046B000B84830F0E5F90146B6482BF051FBB64852
:1046C00028F0C6F80023B3491A4607A827F0C2F914
:1046D00007A8ECF779FF002800F0DC8050220DEBF2
:1046E000020107A827F014FB002800F0B98050232E
:1046F000009322466B44294607A827F071FC002846
:1047000000F01A8135B1284630F0BAF90146284642
:104710002BF026FBA04828F09BF834B1204630F05F
:10472000AFF9014620462BF01BFB9B489B4E28F01F
:104730008FF814A830F0A4F9014614A82BF010FB50
:10474000954828F085F8964904A828F081FA04A82D
:10475000EBF71AFF04A828F0D3FA3368012B00F016
:104760005981032B00F03E81002B00F04781294640
:1047700004A828F06DFA8B4D04A8EBF705FF04A8F8
:1047800028F0BEFA296804A828F062FA04A8EBF71A
:10479000FBFE04A828F0B4FA834904A828F058FACC
:1047A00004A8EBF7F1FE04A828F0AAFA3368012B5D
:1047B00000F02881032B00F01D81002B00F01681F2
:1047C000214604A828F044FA04A8EBF7DDFE04A86B
:1047D00028F096FA296804A828F03AFA04A8EBF71A
:1047E000D3FE04A828F08CFA704904A828F030FA07
:1047F00004A8EBF7C9FE04A828F082FA3368012B5D
:1048000000F00481032B00F0BE80002B00F0B78085
:1048100014A904A828F01CFA04A8EBF7B5FE04A814
:1048200028F06EFA296804A828F012FA04A8EBF719
:10483000ABFE04A828F064FA5D4A13680493049957
:1048400013680393039B5B1A632BF9D914A82DF00B
:10485000BBFB51EC100B2DF0A3F808EE100A10E092
:10486000092154489FED548A2BF07AFA07A830F0BA
:1048700007F9014607A82BF073FA50480C212BF0DA
:104880006FFA07A827F012F9B0EE480A28B0BDEC7D
:10489000028B70BD09214A484A4C9FED478A2BF094
:1048A0005FFA3C4830F0ECF801463A482BF058FAF1
:1048B0000F2145482BF054FA374827F0C9FF4349E8
:1048C00014A828F0C5F914A8EBF75EFE14A828F088
:1048D00017FA216814A828F0BBF914A8EBF754FEC6
:1048E00014A828F00DFA3A4914A828F0B1F914A830
:1048F000EBF74AFE14A828F003FA216814A828F060
:10490000A7F914A8EBF740FE14A828F0F9F93149EB
:1049100014A828F09DF914A8EBF736FE14A828F087
:10492000EFF9216814A828F093F914A8EBF72CFEEE
:1049300014A828F0E5F9A4E7102127482BF010FA75
:10494000154827F085FF254804212BF009FA35B1D9
:10495000284630F095F8014628462BF001FA204809
:1049600003212BF0FDF934B1204630F089F80146DF
:1049700020462BF0F5F9084827F06AFF5CE7222073
:104980002BF072FA44E722202AF0C2FA40E700BF77
:104990002CD704006C16FF1F2808FF1F6007FF1F9D
:1049A0009CD704004C07FF1FB0D70400C4D70400F5
:1049B0000C1FFF1F64D704000000000070D7040024
:1049C0003CD704004807FF1F48D7040058D704000D
:1049D00058FB0400B8F10400D8D70400ECD7040059
:1049E000F4D7040022202AF093FAC0E622202BF00C
:1049F0003BFAE5E622202AF08BFAE1E622202BF0B2
:104A000033FAB4E6222029F099F9D9E6222029F0D8
:104A100095F9FDE6222029F091F9A8E62DE9F0416B
:104A2000CC49CD48CD4CDFF8D483CD4FCD4ECE4DC3
:104A30002DED028BFFF732FEFDEEC07ACB49C64862
:104A4000C4ED057A17EE903A88F80030FFF726FE9D
:104A5000FDEEC07AC649C048C4ED167A17EE903A0A
:104A60003B70FFF71BFEBDEEC00A636DB949C1483C
:104A7000337084ED0A0AFFF711FEFDEEC07ABE4ADC
:104A800017EE903A5820C2ED0A7A2B70FAF7A4FB81
:104A9000BA49B148FFF702FEFDEEC07AB849AE4808
:104AA000C4ED067A17EE903A88F80030FFF7F6FD6D
:104AB000FDEEC07AB349A848C4ED077A17EE903AE4
:104AC0003B70FFF7EBFDFDEEC07AAF49A248C4EDA5
:104AD000087A17EE903A3370FFF7E0FDFDEEC07AEA
:104AE0004C2017EE903AC4ED097A2B70FAF774FB5C
:104AF000A649994800234FF46872FFF70BFABDEE00
:104B0000C00AA349944884ED000A00234FF455726B
:104B1000FFF700FABDEEC00A9E498F4884ED010AF6
:104B200000234FF45472FFF7F5F9BDEEC00A9A491D
:104B3000894884ED020A00234FF45872FFF7EAF91E
:104B4000BDEEC00A9549844884ED030A00234FF462
:104B50005172FFF7DFF9BDEEC00A91497E4884ED3E
:104B6000040A00234FF46B72FFF7D4F9BDEEC00ABC
:104B70008C49794884ED0A0A00234FF44072FFF70C
:104B8000C9F9BDEEC00A8849734884ED0B0A0023B9
:104B90004FF46372FFF7BEF9BDEEC00A83496E4859
:104BA00084ED0C0A00234FF46972FFF7B3F9BDEEF0
:104BB000C00A7F49684884ED0D0A00234FF46772EC
:104BC000FFF7A8F9BDEEC00A7A49634884ED0E0AE2
:104BD00001234FF4C272FFF79DF977495E4884EDD7
:104BE000170A01234FF42372FFF794F973495A48C7
:104BF00084ED180A01238C22FFF78CF9704956487E
:104C000084ED190A0123F422FFF784F96D49524813
:104C100084ED1A0A01234FF48072FFF77BF94FF4F9
:104C2000327269494C4884ED1B0A0023FFF772F980
:104C3000B0EE088AB4EE480AF1EE10FA0CBF4FF05D
:104C4000FF3201222264614943484FF4337200234A
:104C5000FFF760F9B4EE480AF1EE10FA0CBF4FF01E
:104C6000FF32012262645A493B484FF434720023F8
:104C7000FFF750F9B4EE480AF1EE10FA0CBF4FF00E
:104C8000FF3201223448A264524900234FF43572A6
:104C9000FFF740F9B4EE480AF1EE10FA0CBF4FF0FE
:104CA000FF30012000234FF43672E0644A492A485D
:104CB000FFF730F9B4EE480AF1EE10FA0CBF4FF0EE
:104CC000FF3301233B21454823652BF049F8A16FB1
:104CD000434827F0B5FD424827F0BAFD41491E4838
:104CE00000239422FFF716F9BDEEC00A3E491A4888
:104CF00084ED1E0A00232C22FFF70CF9BDEEC00A3A
:104D00003A49154884ED1F0A00233822FFF702F9BB
:104D1000BDEEC00A3649104884ED200A0023542213
:104D2000FFF7F8F8BDEEC00A32490B4884ED210ABE
:104D30006C220023FFF7EEF8BDEC028B2E4BBDEE8C
:104D4000C00A204684ED220A1968BDE8F0418C2291
:104D500028F0BEB9A0D90400B8D904001412FF1F6E
:104D60008718FF1F8518FF1F8618FF1FC4D904006E
:104D7000CCD9040078E504001013FF1FDCD904002F
:104D8000F0D9040004DA040018DA0400ECD80400B6
:104D90002CDA040038DA040044DA040050DA0400A3
:104DA00008D904005CDA040064DA04006CDA040058
:104DB00078DA040084DA04009CDA0400B0DA040033
:104DC000C4DA0400D8DA0400ECDA040000DB0400E2
:104DD0000CDB040018DB040028DB0400D8CE040040
:104DE0002808FF1F38DB040048DB040050DB040008
:104DF00058DB040064DB04002407FF1F8418FF1F36
:104E00002DE9F84FB54CDFF84CB3B54EDFF848A3A9
:104E1000E36AB44FDFF844938BF800302368DFF87F
:104E200040838AF80030B36D89F800303846236C2F
:104E3000AD4988F80030FFF731FCFDEEC07AAB4D8C
:104E4000AB49C4ED0B7A17EE903A3846C6ED057AB9
:104E50008BF80030C5ED117AFFF720FCFDEEC07A2B
:104E6000384617EE903AA349C4ED007AC5ED007AB2
:104E7000C6ED157A8AF80030FFF710FCFCEEC07A18
:104E80009D499E48C6ED167A17EE903AC5ED057A13
:104E9000C5ED0A7A89F80030FFF700FCFDEEC07A14
:104EA000142017EE903AC4ED107A88F80030FAF723
:104EB00093F93846924900234FF46072FFF72AF8BD
:104EC000FDEEC07A4FF46A7238468E49C4ED017A1D
:104ED0000023C5ED0C7AC6ED007AFFF71BF8236BB3
:104EE0008BF80030636B8AF80030FDEEC07AA36B5C
:104EF00089F800303846E36B8349C4ED027AC5ED8A
:104F0000167AC6ED0A7A88F80030FFF7C7FBFDEE87
:104F1000C07A384617EE903A7C498BF80030C4EDE1
:104F20000C7AC5ED127AC6ED067AFFF7B7FBFDEEF7
:104F3000C07A384617EE903A75498AF80030C4EDC9
:104F40000D7AC5ED137AC6ED077AFFF7A7FBFDEEE4
:104F5000C07A7049C4ED0E7A17EE903A384689F857
:104F60000030C5ED147AC6ED087AFFF797FBFDEE29
:104F7000C07A3020C4ED0F7AC5ED157AC6ED097AF6
:104F8000FCEEC07A17EE903A88F80030FAF724F970
:104F90003846614900234FF47972FEF7BBFFFDEEFE
:104FA000C07A38465D49C4ED037A00234FF47C7221
:104FB000C5ED0D7AC6ED017AFEF7ACFFFDEEC07AC5
:104FC00038465749C4ED047A00234FF47072C5ED9A
:104FD000177AC6ED0B7AFEF79DFFFDEEC07A3846D4
:104FE0005049C4ED057A00234FF47572C5ED0E7A71
:104FF000C6ED027AFEF78EFFFDEEC07A38464A49CA
:10500000C4ED067A00234FF44772C5ED187AC6ED59
:105010000C7AFEF77FFFFDEEC07A38464349C4EDB7
:10502000077A00234FF44872C5ED0F7AC6ED037A74
:10503000FEF770FFFDEEC07A38463D49C4ED087AB0
:1050400000234FF47172C5ED197AC6ED0D7AFEF7A3
:1050500061FFFDEEC07A38463649C4ED097A002377
:105060004FF47472C5ED107AC6ED047AFEF752FF64
:10507000FDEEC07A38463049C4ED0A7A0023042296
:10508000C5ED1A7AC6ED0E7AFEF744FF3846BDEE3E
:10509000C00A2A4F2A4987ED1D0A01231822FEF76C
:1050A00039FF284B87ED1C0A196838468C2228F0F6
:1050B0000FF8254B20461968502228F009F8234B99
:1050C00030461968702228F003F8214B28461968E9
:1050D0006C22BDE8F84F27F0FBBF00BF7814FF1F1C
:1050E000A012FF1F70DB0400A0D904004410FF1FB2
:1050F000C4D9040078DB040088DB040050E5040018
:10510000ECD8040008D90400DCD90400F0D904006C
:1051100004DA040018DA04002CDA04005CDA040073
:1051200038DA040064DA040044DA04006CDA0400BB
:1051300050DA040078DA040094DB04003411FF1F15
:10514000ACDB04001C07FF1F3007FF1F2807FF1FF1
:105150000007FF1F8418FF1F8718FF1F8518FF1FF8
:105160008618FF1F2DE9F043934CDFF8C092934E51
:10517000DFF8BC82A36A924F9249934889F80030C5
:1051800083B00025636C337088F800503D70FFF7E2
:1051900085FAFDEEC07A8D498B48C4ED0A7A17EE88
:1051A000903A89F80030FFF779FAFDEEC07A642072
:1051B00017EE903AC4ED117A3370FAF70DF884497E
:1051C000814801234FF42172FEF7A4FE81497E48F5
:1051D00084ED0F0A01234FF4E272FEF79BFE7E4935
:1051E000794884ED100A01234FF42E72FEF792FEE7
:1051F0007A49754884ED170A2B464FF44F72FEF733
:1052000089FEBDEEC00A4FF4507275496E4884EDB8
:10521000000A2B46FEF77EFEE36A89F80030236B16
:105220003370BDEEC00A636B6E49674888F8003082
:10523000A36B3B7084ED050AFFF730FAFDEEC07AF0
:1052400069496148C4ED0B7A17EE903A89F800304D
:10525000FFF724FAFDEEC07A64495B48C4ED0C7A8E
:1052600017EE903A3370FFF719FAFDEEC07A6049F5
:105270005548C4ED0D7A17EE903A88F80030FFF7E4
:105280000DFAFDEEC07A342017EE903AC4ED0E7A96
:105290003B70F9F7A1FF57494B482B464FF45C721E
:1052A000FEF738FEBDEEC00A5349474884ED010AB7
:1052B0002B464FF46D72FEF72DFEBDEEC00A4F492E
:1052C000414884ED060A01234FF48A72FEF722FE5C
:1052D0004B4A84ED130A13680193019840F6B731E5
:1052E00013680093009B1B1A8B42F9D94549364835
:1052F00000234FF45B72FEF70DFEBDEEC00A42497B
:10530000314884ED020A00234FF45972FEF702FE81
:10531000BDEEC00A3D492C4884ED070A01234FF435
:105320008E72FEF7F7FD3A49274884ED140A0023F0
:105330004FF44E72FEF7EEFDBDEEC00A354922482D
:1053400084ED030A00234FF44D72FEF7E3FDBDEE3A
:10535000C00A31491C4884ED080A01234FF4027247
:10536000FEF7D8FD2D49184884ED150A00234FF4A7
:105370006172FEF7CFFDBDEEC00A2949124884EDE7
:10538000040A00234FF45372FEF7C4FDBDEEC00AB9
:1053900024490D4884ED090A44220123FEF7BAFD91
:1053A000214B0548196884ED160A602203B0BDE858
:1053B000F04327F08DBE00BF1013FF1F8718FF1F9B
:1053C0008618FF1FA0D9040078E50400C4D90400A2
:1053D000C0DB0400C8DB0400D0DB0400ECD8040010
:1053E00008D90400DCD90400F0D9040004DA040070
:1053F00018DA04002CDA04005CDA0400E4DB0400B0
:105400000C1FFF1F38DA040064DA0400F0DB04002C
:1054100044DA04006CDA0400FCDB040050DA040017
:1054200078DA04000CDC04002C07FF1F8418FF1F2F
:105430008518FF1F2DE9F0437C4CDFF85492E36898
:10544000DFF850827A4D7B4F89F80030A3697A4E9D
:1054500088F80030636A3B7083B0236B7749337000
:105460002846FFF71BF9FCEEC07A2846CDED017AFD
:105470009DF80430724989F80030E360FFF70EF9B7
:10548000FCEEC07A2846CDED017A9DF804306D49D6
:1054900088F80030A361FFF701F9FCEEC07A6A4991
:1054A000CDED017A9DF80430636228463B70FFF72A
:1054B000F5F8FCEEC07A4FF4AE70CDED017A9DF8B0
:1054C000043023633370F9F787FE28465F49604E46
:1054D00000234FF47272FEF71DFDBCEEC00A284691
:1054E0005C4984ED010A00234FF47772FEF712FD48
:1054F000BCEEC00A2846584984ED020A0123A822BE
:10550000FEF708FD2846554984ED0D0A01234FF4A6
:10551000C672FEF7FFFC2846514984ED110A0023AC
:105520004FF47A72FEF7F6FCBDEEC00A28464D49EC
:1055300084ED040A00234FF47D72FEF7EBFCBDEE10
:10554000C00A2846484984ED050A01234FF4AA728F
:10555000FEF7E0FC2846454984ED0E0A01234FF48E
:105560009E72FEF7D7FC2846414984ED120A0023BB
:105570004FF45E72FEF7CEFCBDEEC00A28463D49F0
:1055800084ED070A00234FF45F72FEF7C3FCBDEE03
:10559000C00A01232846384984ED080A4FF4A67250
:1055A000FEF7B8FC316884ED0F0A2046542227F03C
:1055B0008FFD2846314901234FF4FA72FEF7AAFC09
:1055C00028462F4984ED130A00234FF45272FEF748
:1055D000A1FCBDEEC00A28462A4984ED0A0A002330
:1055E0004FF45D72FEF796FCBDEEC00A012328461B
:1055F000254984ED0B0A0C22FEF78CFC316884ED02
:10560000100A2046542227F063FD28461F49242211
:105610000123FEF77FFC316884ED140A54222046F2
:1056200003B0BDE8F04327F053BD00BFC011FF1F1A
:1056300044E504008518FF1F8618FF1FDCD904000D
:10564000F0D9040004DA040018DA04002CDA0400AB
:105650002007FF1F5CDA04001CDC040028DC0400C7
:1056600038DA040064DA040034DC040040DC0400AE
:1056700044DA04006CDA04004CDC04005CDC040056
:1056800050DA040078DA04006CDC04007CDC0400EE
:105690008418FF1F8718FF1FF0B5374D3749384C66
:1056A000384E394F83B02846FEF7F8FFFCEEC07A3B
:1056B000364ACDED017A9DF80430354935486362AC
:1056C0001370FEF7EBFFFCEEC07A334ACDED017AA2
:1056D0009DF8043031493248A3601370FEF7DEFFB5
:1056E000FCEEC07A2F4ACDED017A9DF804302E49A8
:1056F0002E481370F365FEF7D1FFFCEEC07A2C4AFA
:10570000CDED017A9DF804303B604FF4DA701370F0
:10571000F9F762FD2846274901234FF49672FEF7F8
:10572000F9FB2846244984ED0B0A01234FF41F722C
:10573000FEF7F0FB2846214984ED080A00232022C9
:10574000FEF7E8FB1E4BBDEEC00A196884ED070AA0
:105750003846542227F0BCFC1A4B30461968702298
:1057600027F0B6FC184B19686C22204603B0BDE840
:10577000F04027F0ADBC00BF6CE504008CDC0400F9
:105780004410FF1FA012FF1FC011FF1F8418FF1F2E
:10579000A0DC040008D804008718FF1FACDC04005C
:1057A00050D804008518FF1FC4D9040044E5040044
:1057B0008618FF1F24D80400F8D7040014D804006A
:1057C0002007FF1F2807FF1F0007FF1F2DE9F84FC5
:1057D000E04DDFF834A46B69DFF83084DE4CDFF88D
:1057E0003094DE4F8AF800302B68DD4E88F80030A8
:1057F0006B683B702046D9F80031DA493370FEF708
:105800004DFFFDEEC07A204617EE903AD649C5ED21
:10581000057A8AF80030FEF741FFBDEEC00A2B681A
:10582000D24988F80030204685ED010AFEF736FFA0
:10583000FDEEC07ACE49CF48C5ED017A17EE903A19
:105840003B70FEF72BFFFDEEC07A682017EE903A12
:10585000C9ED407A3370F9F7BFFC2046C649DFF83E
:10586000B483DFF8B4B3C54F00234FF46272FEF780
:1058700051FBBDEEC00A2046C14985ED020A002356
:105880004FF46C72FEF746FBBDEEC00A2046BD49E0
:1058900085ED080A00239C22FEF73CFBBDEEC00A02
:1058A0002046B94985ED0C0A0123B422FEF732FBEC
:1058B0002046B64985ED0B0A00234FF46F72FEF7C0
:1058C00029FBBDEEC00A2046B14985ED090A002337
:1058D0004FF44972FEF71EFBBDEEC00A2046AD49EB
:1058E00085ED030A00234FF47672FEF713FBBDEE3D
:1058F000C00A2046A84985ED0A0A00234FF44672E3
:10590000FEF708FBBDEEC00A2046A44985ED040A57
:105910000023C022FEF7FEFABDEEC00A2046A049D1
:1059200088ED000A00234FF40F72FEF7F3FABDEE84
:10593000C00A01234FF4B0729A4988ED010A20464B
:10594000FEF7E8FA012010EE106AEDF73BF90C21A2
:1059500058462AF005FA30462BF0D2FC924E41EC24
:10596000100B0221304626F097FF304626F070FFDC
:105970001B218E482AF0F4F900230A22D8F80810D7
:10598000304626F07DFF304626F062FF1B21884816
:105990002AF0E6F9D8F80C002BF0B2FC41EC100B21
:1059A0000221304626F078FF304626F051FF20468F
:1059B00080490023A022FEF7ADFABDEEC00A2046C2
:1059C0007D4987ED000A00234FF43172FEF7A2FAF9
:1059D000BDEEC00A01234FF4B472784987ED010A85
:1059E0002046FEF797FA022010EE10AAEDF7EAF82B
:1059F00058460C212AF0B4F950462BF081FC41ECBA
:105A0000100B0221304626F047FF304626F020FFDB
:105A10001B216B48DFF804B2DFF804A22AF0A0F9DA
:105A200000230A22B968304626F02AFF304626F0C5
:105A30000FFF1B2163482AF093F9F8682BF060FCF4
:105A400041EC100B0221304626F026FF304626F0AE
:105A5000FFFE20465C495D4E00239822FEF75AFA6D
:105A6000BDEEC00A20465A498BED000A00234FF4D0
:105A70001472FEF74FFABDEEC00A56498BED010ACB
:105A800001234FF411722046FEF744FA0320EDF78C
:105A900099F82046504900234FF4D672FEF73AFA9F
:105AA000BDEEC00A20464D498AED000A00234FF49E
:105AB0001372FEF72FFABDEEC00A49498AED010ABA
:105AC00001234FF428722046FEF724FA0420EDF754
:105AD00079F82046434900234FF4DC72FEF71AFAA6
:105AE000BDEEC00A2046404986ED000A00234FF46F
:105AF0000672FEF70FFABDEEC00A3C4986ED010AB8
:105B0000204601234FF42A72FEF704FA0520EDF730
:105B100059F8374B28461968342227F0D9FA354B03
:105B200040461968102227F0D3FA334B38461968DB
:105B3000102227F0CDFA314B58461968102227F071
:105B4000C7FA2F4B50461968102227F0C1FA2D4B87
:105B5000304667E00011FF1F38E504008518FF1F7D
:105B60008618FF1FA0D90400C4D90400B4DC0400C7
:105B7000BCDC0400CCDC0400ECD80400C010FF1F27
:105B800008D9040094DB0400ACDB04006CDA0400E8
:105B900044DA040078DA040050DA0400D8DC0400A7
:105BA000F0DC040000DD04002808FF1F18DD0400FD
:105BB00034DD040050DD040068DD040078DD0400FD
:105BC00080DD04009CDD0400B8DD0400F010FF1F40
:105BD000D0DD0400E0DD0400E8DD040000DE0400A8
:105BE00010DE040018DE040030DE040040DE040095
:105BF0001807FF1F0407FF1F0807FF1F0C07FF1FE1
:105C00001007FF1F1407FF1F8418FF1F8718FF1FAF
:105C10007013FF1FB010FF1F08DD0400D010FF1F1E
:105C2000E010FF1F1968102227F052FA044B484673
:105C300019684FF48472BDE8F84F27F049BA00BFE5
:105C40003416FF1F2DE9F0437F4B804CDFF868824C
:105C50001B68DFF860927E4E7E4F7F4D88F80030E3
:105C6000A36D62697D497E48337083B0D9F80431F1
:105C70003A702B70FEF712FDFDEEC07A7949C4ED43
:105C8000057AFCEEC07A764817EE903A3B70FEF744
:105C900005FDFDEEC07A7449C4ED167AFCEEC07ABB
:105CA000724817EE903A3370FEF7F8FCFDEEC07ABA
:105CB0000020C9ED417AFCEEC07A17EE903A2B70C5
:105CC000F9F78AFA6A4A13680193019913680093F5
:105CD000009B5B1A0E2BF9D96649614800234FF4EB
:105CE0005A72FEF717F9BDEEC00A4FF464726249AA
:105CF0005B4884ED000A0023FEF70CF9A3693B70B2
:105D0000E3693370BDEEC00A236A2B705B49636A96
:105D1000534888F8003084ED0A0AFEF7BFFCFDEE18
:105D2000C07A57494E48C4ED067A17EE903A3B7058
:105D3000FEF7B4FCFDEEC07A52494948C4ED077A3B
:105D400017EE903A3370FEF7A9FCFDEEC07A4E498B
:105D50004348C4ED087A17EE903A2B70FEF79EFC8C
:105D6000FDEEC07A082017EE903AC4ED097A88F863
:105D70000030F9F731FA4549394800234FF46E7283
:105D8000FEF7C8F8BDEEC00A4149354884ED010A66
:105D900000234FF47372FEF7BDF8BDEEC00A3D4913
:105DA0002F4884ED0B0A00234FF47872FEF7B2F807
:105DB000BDEEC00A38492A4884ED020A00234FF498
:105DC0007B72FEF7A7F8BDEEC00A3449244884ED83
:105DD0000C0A00234FF47E72FEF79CF8BDEEC00A59
:105DE0002F491F4884ED030A00234FF47F72FEF70A
:105DF00091F8BDEEC00A2B49194884ED0D0A002325
:105E00004FF46572FEF786F8BDEEC00A26491448C5
:105E100084ED040A00234FF46672FEF77BF8234BEF
:105E20000A481968BDEEC00A8C2284ED0E0A27F0DC
:105E30004FF91F4B1F4819684FF4847203B0BDE837
:105E4000F04327F045B900BF3C07FF1F3411FF1F87
:105E50008718FF1F8418FF1F8518FF1FA0D9040093
:105E600048DE0400C4D9040050DE0400CCDC040089
:105E70000C1FFF1FECD8040008D90400DCD9040073
:105E8000F0D9040004DA040018DA04002CDA040063
:105E90005CDA040038DA040064DA040044DA04004E
:105EA0006CDA040050DA040078DA04001C07FF1FE3
:105EB0003416FF1F7013FF1F8618FF1F2DE9F043D4
:105EC0002DED028BD94DDA49DA4CDB4EDB4FDFF892
:105ED0001084DFF8109485B02846FEF7DFFBB7EE9C
:105EE000008AFCEEC07AB4EEC80A17EE903AF1EEE2
:105EF00010FAACBF012200222846D14984F8A02024
:105F00003370FEF7CBFBB4EEC80AF1EE10FAFCEEEC
:105F1000C07AACBF0123002384F89C3017EE903A7E
:105F20002846C8493B70FEF7B9FBFCEEC07AC6496B
:105F3000C4ED157A17EE903A284688F80030FEF73F
:105F4000ADFBFCEEC07AB4EEC80A17EE903AF1EE63
:105F500010FA89F800304FF4E670ACBF012300233B
:105F600084F89D30F9F738F92846B849FEF796FBD2
:105F7000B4EEC80AF1EE10FAACBF01230023B44915
:105F8000B44884F8DC3089F80030FEF787FBFDEE7A
:105F9000C07AB14AB149C2ED117A17EE903A28465B
:105FA00088F80030FEF77AFBB4EEC80AF1EE10FA7A
:105FB000ACBF01230023AA49AA4884F89E303B7055
:105FC000FEF76CFBFDEEC07AA74A17EE903AB020C0
:105FD000C2ED187A3370F9F7FFF82846A349FEF7A7
:105FE0005DFBFCEEC07AB4EEC80A17EE903AF1EE13
:105FF00010FA89F800309E499E48ACBF0123002367
:1060000084F89F30FEF74AFBFDEEC07A284617EE73
:10601000903A994988F80030C4ED3F7AFEF73EFB8C
:10602000FDEEC07A9549C4ED0D7A17EE903A2846F8
:106030003B70FEF733FBFDEEC07A4FF4D07017EEE5
:10604000903AC4ED387A3370F9F7C6F828468C498F
:106050000023C822FDF75EFFBDEEC00A284689492D
:1060600084ED000A0023F422FDF754FFBDEEC00AC0
:106070002846854984ED010A01234FF48672FDF715
:1060800049FF2846814984ED020A0023C422FDF716
:1060900041FFBDEEC00A28467D4984ED030A002376
:1060A0004FF4EA72FDF736FFBDEEC00A4FF40072FE
:1060B00001232846774984ED040AFDF72BFF764932
:1060C00084ED050A01A826F0C3FD01A8EAF75CFAF1
:1060D00001A826F015FE714B01A8196826F0B8FD3D
:1060E00001A8EAF751FA002601A826F009FE334676
:1060F00028466B49C4F8CC604FF40D72FDF70AFFD7
:10610000BDEEC00A33462846664984ED080A4FF4BE
:10611000F272FDF7FFFEBDEEC00A2846624984ED2B
:10612000090A01234FF4F472FDF7F4FE33462846C2
:106130005E4984ED0A0A4FF40E72FDF7EBFEBDEEE8
:10614000C00A334628465A4984ED340ACC22FDF76A
:10615000E1FEBDEEC00A2846564984ED350A01230A
:10616000D822FDF7D7FE33462846534984ED360A38
:106170005C22FDF7CFFEBDEEC00A334628464F49EC
:1061800084ED0E0A4FF40872FDF7C4FEBDEEC00A9E
:1061900028464B4984ED0F0A01234FF40972FDF79D
:1061A000B9FE2846474984ED100A01234FF4CC720A
:1061B000FDF7B0FE2846444984ED110A01234FF44F
:1061C0002C72FDF7A7FE33462846404984ED120A9B
:1061D0006022FDF79FFEBDEEC00A334628463C49CB
:1061E00084ED160A4FF4CA72FDF794FEBDEEC00AA4
:1061F00001234FF4BE722846364984ED170AFDF795
:1062000089FE1F21344884ED180A29F0A9FD206E6B
:10621000324E2BF075F841EC100B0221304626F07F
:106220003BFB304626F014FB3F215DE0CCDC040054
:106230005CDE04007013FF1F8618FF1F8518FF1F08
:1062400068DE04007CDE040090DE04009CDE0400B6
:10625000C4D9040078E504001013FF1FACDE04006D
:10626000B8DE040050D80400A012FF1FC4DE0400F2
:10627000D0DE0400D8DE0400E0DE0400F4DE04001A
:1062800008DF04001CDF040030DF040044DF0400EA
:1062900054DF040064DF040078DF04004807FF1FB8
:1062A00084DF040094DF0400A4DF0400B8DF0400EE
:1062B000C8DF0400DCDF0400F0DF040000E00400BD
:1062C00010E0040020E0040034E0040040E004009A
:1062D00050E0040060E0040070E004002808FF1FA4
:1062E0008718FF1F8418FF1F114829F039FD304619
:1062F00026F0AEFA28460F4901234FF41672FDF737
:1063000009FE28460C4984ED190A4FF42672012330
:10631000FDF700FE094B84ED1A0A19684FF48472E8
:10632000204605B0BDEC028BBDE8F04326F0D0BEA0
:1063300090E00400D0E00400E4E004003416FF1F05
:106340002DE9F0432DED028B84498548854D864E1D
:10635000DFF86892DFF86882844F854C8DB0FEF7D5
:106360009DF9FDEEC07A83497D48C5ED137A17EE9D
:10637000903A3370FEF792F9FDEEC07A7E49784884
:10638000C5ED147A17EE903A89F80030FEF786F9D9
:10639000FDEEC07A79497248C5ED3E7A17EE903A23
:1063A00088F80030FEF77AF9FDEEC07A4FF41070ED
:1063B00017EE903AC5ED327A3B70F8F70DFF704951
:1063C0006748FEF76BF923680B930B9A23680A93CF
:1063D0000A9B9B1A632BF9D923680993FDEEC07AB7
:1063E000099AC5ED067A23680893089B9B1A632BCC
:1063F000F9D9FCEEC07A6349594817EE903A3370E8
:10640000FEF74CF9FDEEC07A5F495548C5ED077AB5
:1064100017EE903A89F80030FEF740F9FDEEC07AA9
:106420005A494F48C5ED0B7A17EE903A88F800307C
:10643000FEF734F9FDEEC07A4FF4D47017EE903ABF
:10644000C5ED0C7A3B70F8F7C7FE23680793079AEF
:1064500023680693069B9B1A632BF9D94C49404845
:10646000FEF71CF93821B0EE408A4A4829F078FC42
:1064700018EE100A2AF044FF41EC100B02214648A6
:1064800026F00AFA444826F0E3F923680593059AB2
:1064900023680493049B9B1A632BF9D92368039305
:1064A000FDEEC87A039AC5ED1B7A17EE901A2368A1
:1064B0000293029B9B1A632BF9D923680193019ADB
:1064C000317023680093009B9B1A632BF9D92F210D
:1064D0003248334C29F044FC0A2231782E480023FC
:1064E00026F0CEF92C4826F0B3F92E491C48FEF7C9
:1064F000D5F8FDEEC07A2C492C48C5ED1C7A17EE74
:10650000903A89F80030FEF7C9F8FDEEC07A2849C4
:106510002648C4ED067A17EE903A88F80030FEF768
:10652000BDF8FDEEC07A4FF4B87017EE903AC4EDA6
:10653000077A3B70F8F750FE1E4B0A4819684FF473
:10654000847226F0C5FD1C4B1968342220460DB01C
:10655000BDEC028BBDE8F04326F0BABDF0E00400CC
:10656000D8DE04007013FF1F8418FF1F8618FF1F5A
:106570000C1FFF1FF8E0040000E1040008E1040024
:1065800014E104001CE1040024E104002CE10400F7
:1065900034E104003CE104002808FF1F78E1040016
:1065A0000011FF1FA8E1040004DA040038E504002C
:1065B00018DA04003416FF1F1807FF1F8718FF1F83
:1065C0008518FF1FF0B50023A3B035491A4601A86E
:1065D00025F040FA0C9C002C73D0236831491A6BCB
:1065E0008A4269D1226D002A00F02582DB6A2E4F93
:1065F000BB4240F05182A06D18B12BF0F1FC00239A
:10660000A365236D002B00F03F8204F1180022F0F7
:10661000B5F90C9D6C68013C6C60002C40F01C824C
:106620002B68DB6ABB4240F05C82A86D10B12BF096
:10663000D7FCAC652B6D002B00F04E8205F11800E5
:1066400022F09CF90C9C002C00F006822368174A6B
:106650005B68934240F0FE81A06D154B236018B13A
:106660002BF0BEFC0023A365236D04F11805002B5D
:1066700000F01882284622F081F90E4EA6602846C6
:1066800022F07CF95C21204626F006FF9DF81E20B2
:106690000023012A0C9319D144F202231BE000BF0E
:1066A0006C16FF1F61040000D1040000190D0000EA
:1066B0006C0E0500F80D050020469047002840F0BC
:1066C000CD819DF81E20994E012AE5D0022A40F284
:1066D000022318BF0023964901AA0EA822F066FAE9
:1066E000209B002B00F095815C2026F0D1FE0F9BB3
:1066F000C360109B03619DF8443003758D4B0360AC
:1067000004468D4B83600025456012A9183022F0A5
:1067100007F96368A56501336360884BA36012A81D
:106720000E9622F02BF90C9D002D00F070816F6801
:10673000013F6F60002F33D12B68814ADB6A93429F
:1067400040F0A781A86D10B12BF04AFCAF652B6D0E
:10675000002B00F07A8105F1180022F00FF90C9D52
:10676000F5B12B68774A5B68934240F0AD81A86D24
:10677000704B2B6018B12BF033FC0023AB652B6DF5
:1067800005F11807002B00F09A81384622F0F6F840
:10679000AE60384622F0F2F828465C2126F07CFEF6
:1067A0000C94002C00F0E7802368674D1B6BAB4214
:1067B00040F0DC80236D002B00F038810023142191
:1067C00062488DF81F3029F0CBFA614826F040F876
:1067D0000E21604829F0C4FA5F482EF051F90146B5
:1067E0005D4829F0BDFA5A4826F032F80C9C002C7E
:1067F00056D023681A6BAA4240F03B81226D002AD2
:1068000000F03281DB6A4E4FBB4240F04881A06D00
:1068100018B12BF0E5FB0023A365236D002B00F0DE
:10682000568104F1180022F0A9F80C9D6C68013C17
:106830006C60002C32D12B68DB6ABB4240F0548183
:10684000A86D10B12BF0CCFBAC652B6D002B00F0CC
:106850002E8105F1180022F091F80C9CF4B1236808
:10686000384A5B68934240F02781A06D314B23602A
:1068700018B12BF0B5FB0023A365236D04F11805B7
:10688000002B00F03481284622F078F8A6602846D4
:1068900022F074F85C21204626F0FEFD00230C93C4
:1068A000FFF70CFBFDF766FEFFF74AFDFFF7CAF99D
:1068B000FEF7B4F8FEF78AFFFEF7BCFDFEF7A0FA7C
:1068C000FDF7C6FDFDF7EAFDFDF78EFDFEF7E4FEE0
:1068D000FEF748FC2149224C0EA826F0B9F90EA873
:1068E000E9F752FE0EA826F00BFA21680EA826F052
:1068F000AFF90EA8E9F748FE0EA826F001FA1949EB
:106900000EA826F0A5F90EA8E9F73EFE0EA826F07F
:10691000F7F921680EA826F09BF90EA8E9F734FED6
:106920000EA826F0EDF9104959E000BFF80D05005A
:106930008C18FF1F6C0E0500D40D05001C0E050001
:10694000D1040000190D000061040000B0E1040052
:106950002808FF1F2CD704006C16FF1FB8F1040095
:106960004807FF1F58FB0400E4E104002046984755
:1069700000287FF423AF012318215F488DF81F30D2
:1069800029F0EEF95D485E4C25F062FF5D490EA8E6
:1069900026F05EF90EA8E9F7F7FD0EA826F0B0F98B
:1069A00021680EA826F054F90EA8E9F7EDFD0EA80F
:1069B00026F0A6F954490EA826F04AF90EA8E9F7E0
:1069C000E3FD0EA826F09CF921680EA826F040F9F8
:1069D0000EA8E9F7D9FD0EA826F092F94B490EA8AA
:1069E00026F036F90EA8E9F7CFFD0EA826F088F9B3
:1069F00021680EA826F02CF90EA8E9F7C5FD0EA80F
:106A000026F07EF901A825F051F823B0F0BD0C94D2
:106A1000CAE6219C002C7FF467AE12A80E9621F0E6
:106A2000ADFF0C9D002D7FF482AEA4E7636D002BBB
:106A30007FF4C4AE9FE7626D002A3FF442AEDB6A8A
:106A4000334FBB423FF4D7AD26E06B6D002B7FF494
:106A500082AE84E6204698472E4E17E60C9C002C0A
:106A60003FF42FAE2368C1E5626D002A7FF4CAAE01
:106A700016E72046904700283FF412AF0C9C002CEC
:106A80003FF40EAF2368BDE6636D002B7FF4BDAD10
:106A9000BFE52846984762E620469847B9E5204674
:106AA0009847C2E6636D002B7FF4E4ADE5E56B6DBE
:106AB000002B7FF4CEAED0E620469847EEE66B6D15
:106AC000002B7FF462AE63E62846984768E6636D64
:106AD000002B7FF4A6AEA8E66B6D002B7FF4AEAD65
:106AE000B0E528469847ADE528469847B5E6636D7A
:106AF000002B7FF4C8AEC9E6C8E104002808FF1FD8
:106B00004807FF1F58D7040058FB0400B8F10400E1
:106B1000D1040000F80D050030B5CFB0B6490446E9
:106B200030A826F095F8B44933A826F091F8B34977
:106B300036A826F08DF8B24939A826F089F8B1496F
:106B40003CA826F085F8B0493FA826F081F8AF4967
:106B500042A826F07DF8AE4945A826F079F8AD495F
:106B600048A826F075F80122AB4B94421A7000F049
:106B70005D810B2C00F04883023C082C0ED8DFE826
:106B800014F0100315031A030D001F032403290337
:106B90002E030900A14930A826F00CF936A933A824
:106BA00026F0EAF833A99E489E4C4BAD25F022FE14
:106BB0009B4825F04DFE33A9284626F067F8284665
:106BC000E9F7E2FC284626F09BF848A9284626F07B
:106BD0005DF82846E9F7D8FC284626F091F82368A6
:106BE0002D932D9A23682C932C9B9B1A0E2BF9D94D
:106BF00030A9284626F04AF839A9284626F06AF92D
:106C0000014633A826F0B8F8284626F079F839A9C5
:106C1000834825F0EFFD824825F01AFE39A9284661
:106C200026F034F82846E9F7AFFC284626F068F845
:106C300048A9284626F02AF82846E9F7A5FC284660
:106C400026F05EF823682B932B9A23682A932A9BBD
:106C50009B1A0E2BF9D93CA933A826F08DF83CA934
:106C60006F4825F0C7FD6E4825F0F2FD3CA9284687
:106C700026F00CF82846E9F787FC284626F040F86D
:106C800048A9284626F002F82846E9F77DFC284660
:106C900026F036F823682993299A23682893289B9D
:106CA0009B1A092BF9D93FA933A826F065F83FA90B
:106CB0005B4825F09FFD5A4825F0CAFD3FA92846AC
:106CC00025F0E4FF2846E9F75FFC284626F018F88F
:106CD00048A9284625F0DAFF2846E9F755FC28465A
:106CE00026F00EF823682793279A23682693269B7D
:106CF0009B1A0E2BF9D942A933A826F03DF833A9E7
:106D0000474825F077FD464825F0A2FD42A92846D0
:106D100025F0BCFF2846E9F737FC284625F0F0FFB0
:106D200048A9284625F0B2FF2846E9F72DFC284659
:106D300025F0E6FF23682593259A23682493249B56
:106D40009B1A0E2BF9D945A933A826F015F833A9BB
:106D5000334825F04FFD324825F07AFD45A92846F5
:106D600025F094FF2846E9F70FFC284625F0C8FFD8
:106D700048A9284625F08AFF2846E9F705FC284659
:106D800025F0BEFF23682F932F9A23682E932E9B06
:106D90009B1A092BF9D92449284625F059FF284682
:106DA000E9F7F2FB284625F0ABFF48A9284625F075
:106DB0006DFF2846E9F7E8FB284625F0A1FF48A823
:106DC00025F09EFF45A825F09BFF42A825F098FFDF
:106DD0003FA825F095FF3CA825F092FF39A825F0A3
:106DE0008FFF36A825F08CFF33A825F089FF30A847
:106DF00025F086FF4FB030BD00120500F0E1040021
:106E000058FB040000E2040070FD040010E20400DE
:106E10005CFD0400DCAD04003016FF1F74E50400C7
:106E20002808FF1F0C1FFF1F88E504004BADC64953
:106E3000C64C284625F00CFF2846E9F7A5FB284656
:106E400025F05EFF48A9284625F020FF2846E9F7EF
:106E50009BFB284625F054FF23681193119A236861
:106E60001093109B9B1A092BF9D9B949284625F094
:106E7000EFFE2846E9F788FB284625F041FF48A9A0
:106E8000284625F003FF2846E9F77EFB284625F033
:106E900037FFB049284625F0DBFE2846E9F774FBAA
:106EA000284625F02DFF48A9284625F0EFFE284664
:106EB000E9F76AFB284625F023FF23680F930F9A12
:106EC00023680E930E9B9B1A092BF9D9A2492846D9
:106ED00025F0BEFE2846E9F757FB284625F010FFAF
:106EE00048A9284625F0D2FE2846E9F74DFB28465A
:106EF00025F006FF9949284625F0AAFE2846E9F71D
:106F000043FB284625F0FCFE48A9284625F0BEFE96
:106F10002846E9F739FB284625F0F2FE23680D9351
:106F20000D9A23680C930C9B9B1A092BF9D98C4959
:106F3000284625F08DFE2846E9F726FB284625F051
:106F4000DFFE48A9284625F0A1FE2846E9F71CFBEC
:106F5000284625F0D5FE8349284625F079FE2846A7
:106F6000E9F712FB284625F0CBFE48A9284625F074
:106F70008DFE2846E9F708FB284625F0C1FE236868
:106F80000B930B9A23680A930A9B9B1A092BF9D936
:106F90007549284625F05CFE2846E9F7F5FA2846AB
:106FA00025F0AEFE48A9284625F070FE2846E9F7F0
:106FB000EBFA284625F0A4FE6C49284625F048FE49
:106FC0002846E9F7E1FA284625F09AFE48A928461E
:106FD00025F05CFE2846E9F7D7FA284625F090FE12
:106FE00023680993099A23680893089B9B1A092B25
:106FF000F9D95F49284625F02BFE2846E9F7C4FA5F
:10700000284625F07DFE48A9284625F03FFE284663
:10701000E9F7BAFA284625F073FE5649284625F0C6
:1070200017FE2846E9F7B0FA284625F069FE48A978
:10703000284625F02BFE2846E9F7A6FA284625F033
:107040005FFE23680793079A23680693069B9B1AA3
:10705000092BF9D94849284625F0FAFD2846E9F7D1
:1070600093FA284625F04CFE48A9284625F00EFE46
:107070002846E9F789FA284625F042FE3F49284686
:1070800025F0E6FD2846E9F77FFA284625F038FE88
:1070900048A9284625F0FAFD2846E9F775FA28465A
:1070A00025F02EFE23680593059A23680493049B1C
:1070B0009B1A092BF9D93249284625F0C9FD2846E3
:1070C000E9F762FA284625F01BFE48A9284625F074
:1070D000DDFD2846E9F758FA284625F011FE294932
:1070E000284625F0B5FD2846E9F74EFA284625F052
:1070F00007FE48A9284625F0C9FD2846E9F744FAC5
:10710000284625F0FDFD23680393039A2368029324
:10711000029B9B1A092BF9D91B49284625F098FD9B
:107120002846E9F731FA284625F0EAFD48A928461D
:1071300025F0ACFD2846E9F727FA284625F0E0FDC2
:1071400023680193019A21E020E204000C1FFF1F35
:1071500038E204004CE2040064E2040078E2040037
:1071600090E20400A4E20400BCE20400D0E20400C7
:10717000E8E20400FCE2040014E3040028E3040055
:1071800040E3040054E304006CE30400236800932C
:10719000009B9B1A092BF9D91349284625F058FD65
:1071A000E0E5124930A825F005FEF7E4104930A8C3
:1071B00025F000FEF2E40F4930A825F0FBFDEDE4D8
:1071C0000D4930A825F0F6FDE8E40C4930A825F07B
:1071D000F1FDE3E40A4930A825F0ECFDDEE40949BD
:1071E00030A825F0E7FDD9E480E3040080E5040041
:1071F00034E5040040E504004CE5040058E50400D3
:1072000060E5040068E504004BADC649C64C28465D
:1072100025F01EFD2846E9F7B7F9284625F070FD50
:1072200048A9284625F032FD2846E9F7ADF9284659
:1072300025F066FD23682393239A23682293229BDB
:107240009B1A092BF9D9B949284625F001FD284692
:10725000E9F79AF9284625F053FD48A9284625F074
:1072600015FD2846E9F790F9284625F049FDB04973
:10727000284625F0EDFC2846E9F786F9284625F052
:107280003FFD48A9284625F001FD2846E9F77CF98D
:10729000284625F035FD23682193219A2368209301
:1072A000209B9B1A092BF9D9A249284625F0D0FC2E
:1072B0002846E9F769F9284625F022FD48A928461D
:1072C00025F0E4FC2846E9F75FF9284625F018FD8B
:1072D0009949284625F0BCFC2846E9F755F9284687
:1072E00025F00EFD48A9284625F0D0FC2846E9F7F0
:1072F0004BF9284625F004FD23681F931F9A236845
:107300001E931E9B9B1A092BF9D98C49284625F000
:107310009FFC2846E9F738F9284625F0F1FC48A9F2
:10732000284625F0B3FC2846E9F72EF9284625F033
:10733000E7FC8349284625F08BFC2846E9F724F929
:10734000284625F0DDFC48A9284625F09FFC284664
:10735000E9F71AF9284625F0D3FC23681D931D9AF6
:1073600023681C931C9B9B1A092BF9D97549284645
:1073700025F06EFC2846E9F707F9284625F0C0FC01
:1073800048A9284625F082FC2846E9F7FDF828465A
:1073900025F0B6FC6C49284625F05AFC2846E9F74A
:1073A000F3F8284625F0ACFC48A9284625F06EFCE9
:1073B0002846E9F7E9F8284625F0A2FC23681B9344
:1073C0001B9A23681A931A9B9B1A092BF9D95F49B8
:1073D000284625F03DFC2846E9F7D6F8284625F052
:1073E0008FFC48A9284625F051FC2846E9F7CCF83F
:1073F000284625F085FC5649284625F029FC2846D4
:10740000E9F7C2F8284625F07BFC48A9284625F074
:107410003DFC2846E9F7B8F8284625F071FC2368BA
:107420001993199A23681893189B9B1A092BF9D959
:107430004849284625F00CFC2846E9F7A5F82846D7
:1074400025F05EFC48A9284625F020FC2846E9F7EF
:107450009BF8284625F054FC3F49284625F0F8FBC8
:107460002846E9F791F8284625F04AFC48A928461D
:1074700025F00CFC2846E9F787F8284625F040FC63
:1074800023681793179A23681693169B9B1A092B48
:10749000F9D93249284625F0DBFB2846E9F774F88C
:1074A000284625F02DFC48A9284625F0EFFB284664
:1074B000E9F76AF8284625F023FC2949284625F0F3
:1074C000C7FB2846E9F760F8284625F019FC48A9CB
:1074D000284625F0DBFB2846E9F756F8284625F034
:1074E0000FFC23681593159A23681493149B9B1A19
:1074F000092BF9D91B49284625F0AAFB2846E9F7AC
:1075000043F8284625F0FCFB48A9284625F0BEFB99
:107510002846E9F739F8284625F0F2FB236813934B
:10752000139A21E094E304000C1FFF1FB0E3040052
:10753000C8E30400E4E30400FCE3040018E40400EE
:1075400030E404004CE4040064E4040080E404003B
:1075500098E40400B0E40400C4E40400DCE40400A3
:10756000F0E4040008E5040023681293129B9B1AC0
:10757000092BF9D90249284625F06AFBFFF7F2BB2F
:107580001CE5040030B5A1B004460D4608A87849B2
:1075900025F05EFB76490BA825F05AFB75490EA82D
:1075A00025F056FB744911A825F052FB734914A825
:1075B00025F04EFB724917A825F04AFB71491AA81D
:1075C00025F046FB0122704B94421A705FD00B2CC1
:1075D00046D0012D00F08380013541D10EA90BA8C2
:1075E00025F0CAFB0BA969481DAC25F003F96748D3
:1075F00025F02EF90BA9204625F048FB2046E8F798
:10760000C3FF204625F07CFB1AA9204625F03EFB4F
:107610002046E8F7B9FF204625F072FB5C4B1A685C
:10762000059205991A680492049A521A092AF9D9FE
:1076300011A90BA825F0A0FB0BA9204625F026FBDD
:107640002046E8F7A1FF204625F05AFB1AA920465C
:1076500025F01CFB2046E8F797FF204625F050FB5D
:107660001AA825F04DFB17A825F04AFB14A825F011
:1076700047FB11A825F044FB0EA825F041FB0BA801
:1076800025F03EFB08A825F03BFB21B030BD95421C
:107690004AD00135E4D11DAC3E49204625F0D8FA48
:1076A0002046E8F771FF204625F02AFB1AA920465C
:1076B00025F0ECFA2046E8F767FF204625F020FB8E
:1076C000334B1A68019201991A680092009A521A73
:1076D000092AF9D93049204625F0BAFAB0E71DAC9D
:1076E00014A90BA825F048FB0BA9204625F0CEFADB
:1076F0002046E8F749FF204625F002FB1AA920465C
:1077000025F0C4FA2046E8F73FFF204625F0F8FAB6
:107710001F4B1A68079207991A680692069A521A1E
:10772000092AF9D917A984E71DAC1C49204625F080
:107730008FFA2046E8F728FF204625F0E1FA1AA93B
:10774000204625F0A3FA2046E8F71EFF204625F044
:10775000D7FA0F4B1A68039203991A680292029A99
:10776000521A092AF9D90E49204625F071FA67E71D
:107770000012050000E2040070FD040010E20400A5
:107780005CFD0400DCAD0400CC16FF1F2808FF1FC1
:107790000C1FFF1F4CE2040064E2040078E20400C6
:1077A00090E2040090F8903010B50446FBB9826D69
:1077B0000123526880F8903072B6DFED0F6AD0ED89
:1077C000207A90ED1F7A67EEA67AF4EEC77AC0EDC4
:1077D0001E7AD0ED227AF1EE10FAD8BFF1EE677A78
:1077E000C0ED237A62B602E0012025F0A1FFA36874
:1077F000002BF9D110BD00BF0000000038B590F893
:107800006430124A0260044600F10C058BB9104B3B
:107810006360284624F0F2FE0023A360206A24F06F
:10782000E3F8606A24F0E0F8284624F0E7FE2046FA
:1078300038BD284624F0E2FE0023206AA36024F02D
:10784000D3F8606A24F0D0F8E1E700BFD40E050059
:10785000C80E050010B5034B03600446FFF7CEFFCA
:10786000204610BD0C0F050010B5054B0360044603
:10787000FFF7C4FF2046B82125F00EFE204610BDBC
:107880000C0F050010B5034B03600446FFF7B6FF6D
:10789000204610BDF00E050010B5054B03600446F0
:1078A000FFF7ACFF2046942125F0F6FD204610BDE1
:1078B000F00E050010B50446FFF7A0FF2046782122
:1078C00025F0EAFD204610BD88422FD02DE9F8436F
:1078D000804689461646051DA94516D02868D8F861
:1078E0000010B0472F462C46043580B1B84555F8F6
:1078F000044C06D0A7EB0802414608F104002CF026
:10790000AFF9A945C8F80040E8D1BDE8F88355F8BB
:10791000047C03E054F8043C44F8043954F8041C93
:107920003846B0470028F5D12760D5E7704700BF3B
:107930000B1A402B2DE9F0411BDD074640378846E6
:1079400039461646FFF7C0FF474510D03D683C4614
:1079500003E054F8043C44F8043954F8041C284665
:10796000B0470028F5D10437B8452560EED1BDE811
:10797000F081FFF7A9FFBDE8F08100BF2DE9F04FCE
:107980009846531E83B003EBD373B1EB630F0C9E89
:1079900001920F46044645DA4FEA63098A4600E041
:1079A000DA460AF101056FF0404303EB450354F852
:1079B000350054F823104FEA450B04EBC505B047DA
:1079C00018B10BF1FF3B04EB8B05296844F82A1032
:1079D000CB45E5DB019BDA072AD50BF1FF3909EB33
:1079E000D979BB454FEA690908DC16E054F829103B
:1079F00044F82B104F45CB460FDA914654F8290036
:107A00004146B04709F1FF3202EBD272521004EB4B
:107A100089050028EAD104EB8B05C5F8008003B086
:107A2000BDE8F08F019BDB0700EB8105F5D48B46A9
:107A3000019B023B03EBD373BBEB630FCDD10BF187
:107A4000010304EBC3025B0052F8042C2A6003F12B
:107A5000FF3B04EB8B05C0E72DE9F04F8946091A7F
:107A6000402983B040F390800746924698464E46A0
:107A7000002A61D007F1040BCC10786857F8241065
:107A8000C0470AF1FF3A59F8041C002837D057F8CC
:107A90002400C047002845D03B6857F824203A60AE
:107AA00047F82430786839684D465E4602E056F85B
:107AB000040F3968C0470028F9D12C1F21683868A5
:107AC000C0472546043C0028F8D1AE4209D23346CF
:107AD0002968326843F8041B2A60706839681E46BA
:107AE000E8E74946434652463046FFF7B5FFF11BEB
:107AF000402949DDBAF1000F1ED0B146BCE77868D5
:107B0000C047A0B959F8041C57F82400C0473B6887
:107B10000028C2D059F8042C3A6049F8043C78682F
:107B20003968C1E759F8041C7868C04778BBD7E9C1
:107B3000000139607860B7E78C10A51E6D10CDF894
:107B4000008057F82530224629463846FFF716FFB1
:107B500007EB8509013D59F8043DCDF80080224628
:107B600029463846FFF70AFF002DF3D156F8043DA9
:107B70003A683260F41BCDF80080A210002138462C
:107B8000FFF7FCFE042CF1DC03B0BDE8F08F3B688E
:107B9000C0E700BF836833B15E4B1B6813B101219E
:107BA0000220184770472DE9F04100F12C0606EB42
:107BB0008105AE422DED028B0446B0EE408A884628
:107BC0004FEA81070FD0BA10B2FA82F2C2F11F0257
:107BD000520029463046504BFFF73EFF4E4A294699
:107BE0003046FFF7A5FEE06AA0658369002B00F030
:107BF0008980002BB8BF5B420361B8F1010F4FF0E1
:107C00000003836010DD07F128012144B4465CF8CD
:107C1000042F9369002BB8BF5B421361076961456C
:107C2000C7EB43035361F2D1AE426FD004F130038E
:107C30009D42466A07D053F8042B526A964228BFE9
:107C400016469D42F7D10023251D84F8903084F814
:107C50002830284623F0B4FE2062284623F0B0FEE8
:107C6000606223F07FFE616904F1080023F006FEE4
:107C700007EE906A94ED1C7ADFED286AA36DB8EEEA
:107C8000477AF8EE677A002267EE877A87EEA67A5F
:107C9000D3ED067A5B68E267F8EEE77A84ED217A45
:107CA000C4ED207A72B6D4F88430C4F8883062B655
:107CB00072B694ED207AD4ED1F7A28EE070AB4EE5E
:107CC000E70AD4ED227A84ED1E0AF1EE10FAD8BF4D
:107CD000F1EE677AC4ED237A62B6114A236AE1694C
:107CE00000201060DB00506803F1804303F560332F
:107CF00001440D2019611060DA68502122F08002E1
:107D0000DA60D960BDEC028BBDE8F081E36A5E6A9F
:107D100099E700BF5C1EFF1F850400000024744922
:107D2000008003402DE9F04F474D2DED048BD5F831
:107D30000031CBB0A3F10A021D2A00907FD9434C39
:107D4000434B226803920021039A1970236802931F
:107D5000029B9B1A092BF9D925AF3E493E4E384666
:107D600024F076FF3846E8F70FFC384624F0C8FFC9
:107D70003A4B3846196824F06BFF3846E8F704FCA4
:107D8000384624F0BDFF364A364837492A97002343
:107D90001360364A33601360354A03601360354A16
:107DA0000B601360344A27931360344A28938DF88C
:107DB000BC303C933D938DF8F8303F938DF82431DF
:107DC0000123136040932E4B26932E4B2593802343
:107DD0008DF8A43009232B9342F29F4314214FF0D6
:107DE00005082C932848294ECDF8088141F28833A4
:107DF000419327F0B5FF264824F02AFD0C212548A1
:107E000027F0AEFFB16D224824F01AFD204824F07F
:107E10001FFD214B214AB16DC2F800800620D5F824
:107E20001C80D5F8189001911860042900F22A8569
:107E3000DFE811F048018C015C0174013800002179
:107E4000D8B225F0D5FB7AE77013FF1F0C1FFF1F78
:107E50003016FF1FACB104001817FF1F4807FF1FA3
:107E60002C18FF1F2418FF1F2818FF1F5016FF1F74
:107E70004416FF1F1C18FF1F2018FF1FE00FFF1FD5
:107E8000C80E0500F00E0500A4E504001412FF1F43
:107E90002808FF1FBCE504006407FF1FFC06FF1F46
:107EA0000AD7233C96ED097A306900995FED047A90
:107EB000D5F87080D5F86C90D6F838B0B8EEC78A8F
:107EC00000FB01FA12201860844628EE278A13204E
:107ED0001060B249DFF8FCE2C1F800C0019BB04974
:107EE000CEF800305FFA88F308601846012109EEE9
:107EF000103A25F07DFB5FFA89F31846012109EE5F
:107F0000903A25F075FBA74BA74A1968126815A887
:107F100023F0C2FB0023169323680593059A236878
:107F20000493049B9B1A042BF9D9514615A823F0FE
:107F3000F3FB594623F0E4FB0122B06D1146E9F74B
:107F4000D1FDB36D002B40F02D83DFF88CB2DBF850
:107F50007420012A40F05E8307EE90AA9BED1C7A04
:107F60009249934A9FED930A934BF8EEE77A0320E8
:107F700067EE877A08601021116027EE800A1722C9
:107F80001A6028F0FBF9FDEEC07ADBF80C30DFF860
:107F90004CB217EE90AA5345BCBF009A02FB03FAFD
:107FA000012211460320E9F79DFD00235146584662
:107FB000CBF8043023F0B0FB804B996A23F0A0FB90
:107FC00023680793079A23680693069B9B1A042B42
:107FD000F9D93F9B4AA803F10C0200EB820C00EB9D
:107FE0008300002115AA40F8682C40F864BCB7EE65
:107FF000000A4CF8901C38463F910221FFF7CAFD59
:10800000279B002B3CD0DFED6B8ADFF8D4A1DFF893
:10801000D4B125F049FF002840F3C081DAF80030E0
:10802000012B00F0C581032B00F07B82002B00F0B8
:10803000D48100238BF80030A8F10A031D2B40F2F5
:108040003C81A9F10A031D2B40F26F81D5F8F8009D
:10805000A0F10A031D2B07D8C0B225F0FFFAD5F80E
:10806000FC30984240F0638223681193119A236890
:108070001093109B9B1A092BF9D9279B002BC8D171
:108080004F4CB06D002840F04F82169B4D4A136054
:108090005B4202464C490A604C4A002113600122AF
:1080A000E9F720FD2468022C00F0CF820B2C64D16C
:1080B000B36D042B61D8DFE813F0E500CB00B1000D
:1080C00097005B00306896ED057A0099DFED397A0C
:1080D000D6F828B0B8EEC78A00FB01FA0320186072
:1080E0008446022028EE278A1060F2E6B06896EDFA
:1080F000077A0099DFED2F7AD5F83080D5F82C90EB
:10810000D6F830B0B8EEC78A00FB01FA1520186027
:108110008446142028EE278A1060DAE6F06896ED8F
:10812000087A0099DFED237AD5F85080D5F84C9085
:10813000D6F834B0B8EEC78A00FB01FA10201860F8
:108140008446172028EE278A1060C2E696ED067A4C
:108150007068DFED187A0099D6F82CB0B8EEC78AAF
:1081600000FB01FA28EE278A05204FF0060CB0E646
:10817000D5F8E030012B40F06F83D5F80001A0F175
:108180000A031D2B40F20982114B25933846FFF755
:1081900035FB4BB0BDEC048BBDE8F08F6C07FF1FC7
:1081A0006807FF1F6407FF1FFC06FF1F9407FF1FE0
:1081B0007407FF1F0AD7233C7007FF1FA012FF1F81
:1081C0005007FF1F5016FF1F4416FF1F1C18FF1FEC
:1081D000F00E05009007FF1F3411FF1F1C17FF1F33
:1081E0006007FF1FB816FF1FD5F8E030012BC4D081
:1081F000A54912A824F02CFD12A8E8F7C5F912A889
:1082000024F07EFDA14912A824F022FD12A8E8F76F
:10821000BBF912A824F074FD9D49BEE2D5F8E03008
:10822000012BAAD09B4912A824F012FD12A8E8F74E
:10823000ABF912A824F064FD944912A824F008FDBB
:1082400012A8E8F7A1F912A824F05AFD9249A4E275
:10825000D5F8E030012B90D0904912A824F0F8FC1A
:1082600012A8E8F791F912A824F04AFD874912A84C
:1082700024F0EEFC12A8E8F787F912A824F040FDDC
:1082800087498AE2D5F8E030012B3FF476AF854983
:1082900012A824F0DDFC12A8E8F776F912A824F061
:1082A0002FFD7A4912A824F0D3FC12A8E8F76CF944
:1082B00012A824F025FD7C496FE219EE100A25F082
:1082C000CDF9D5F8FC3098423FF4BBAE009B012BB2
:1082D0007FF4B7AE00238DF8243172B6DFED766AF5
:1082E000DDED457A9DED447A67EEA67AF4EEC77A25
:1082F000CDED437ADDED477AF1EE10FAD8BFF1EE1D
:10830000677ACDED487A62B628A824F077F9674CF1
:108310002D980023279323F067FB2E9823F064FB0E
:1083200020680121FFF72EF9ABE619EE900A25F03F
:1083300095F9D5F8FC3098423FF488AE009B0133A4
:108340007FF484AE00238DF8243172B6DFED5A6AD3
:10835000DDED457A9DED447A67EEA67AF4EEC77AB4
:10836000CDED437ADDED477AF1EE10FAD8BFF1EEAC
:10837000677ACDED487A62B628A824F03FF94B4CD5
:108380002D980023279323F02FFB2E9823F02CFB0E
:1083900020684FF0FF31FFF7F5F872E626F0FAFD9E
:1083A00000287FF749AEDAF80030012B7FF43BAEAE
:1083B00025F08EFDC3B26E2B8BF8003014D1DAF8A5
:1083C0000000E9F7D1FE51EC100B29F0A1FA07EEFD
:1083D000900A7061B8EEE78A1DE027F053FCC3B243
:1083E0006E2B8BF80030EAD06F2B67D1DAF80000E3
:1083F000E9F7BAFE51EC100B29F08AFAB36D013B94
:10840000032B0AD8DFE803F03830280207EE900A81
:10841000B8EEE78A706228EE288A254B254819684D
:108420008C2224F055FE00238DF8243172B6DDED48
:10843000457A9DED447A68EE277AF4EEC77ACDED61
:10844000437ADDED477AF1EE10FAD8BFF1EE677AA4
:10845000CDED487A62B6EFE507EE900AB8EEE78A0E
:10846000306228EE288AD8E707EE900AB8EEE78A4D
:10847000F06128EE288AD0E707EE900AB8EEE78A86
:10848000B06128EE288AC8E72CE70400DCAD0400C0
:1084900044E70400FCE6040014E70400CCE6040012
:1084A000E4E604008CE70400A4E704005007FF1F83
:1084B0002407FF1F1412FF1F00000000532B7FF43E
:1084C000BBAD00238DF8243172B65FED056ADDED9A
:1084D000457A9DED447A67EEA67AF4EEC77ACDED43
:1084E000437ADDED477AF1EE10FAD8BFF1EE677A04
:1084F000CDED487A62B623680F930F9A23680E93E6
:108500000E9B9B1A042BF9D93846FFF74BF92368C9
:108510000D930D9A23680C930C9B9B1A632BF9D92E
:10852000AEE526F04BFD5AE7169A5342B2E52021FC
:10853000B44827F015FCB44824F08AF928A8002490
:1085400024F05CF82D98279423F04EFA2E9823F00F
:108550004BFA224621462046E9F7C4FA2246214634
:108560000120E9F7BFFA224621460220E9F7BAFACC
:10857000224621460320E9F7B5FA22462146042087
:10858000E9F7B0FAA14B1868FEF7C6FAD5F8000172
:10859000A0F10A031D2B3FF6F7AD0121C0B225F073
:1085A00027F8F1E53F9B4AA803F10B0200EB830398
:1085B00015A843F8680C4AAB03EB8203002143F88B
:1085C000901CB7EE000A3F9138460121FFF7E2FA0E
:1085D00023680B930B9A23680A930A9B9B1A042B1C
:1085E000F9D900238DF8243172B6DDED457A9DED81
:1085F000447A68EE277AF4EEC77ACDED437ADDED62
:10860000477AF1EE10FAD8BFF1EE677ACDED487AED
:1086100062B6F5E4DDF8FCC04AAA02EB8C0015AAAC
:1086200040F8682C40F8643CB7EE000A0121384657
:108630003F93FFF7AFFA23680993099A23680893D9
:10864000089B9B1A042BF9D9CBE7714B5A6F012A6F
:1086500000F0CB80B36D042B3FF68FADDFE803F065
:108660008354391E0300D5F8E030012B3FF485AD6B
:10867000684912A824F0ECFA12A8E7F785FF12A8BF
:1086800024F03EFB644912A824F0E2FA12A8E7F7AE
:108690007BFF12A824F034FB60497EE0D5F8E0307F
:1086A000012B3FF46AAD5E4912A824F0D1FA12A85A
:1086B000E7F76AFF12A824F023FB574912A824F019
:1086C000C7FA12A8E7F760FF12A824F019FB554972
:1086D00063E0D5F8E030012B3FF44FAD524912A8CA
:1086E00024F0B6FA12A8E7F74FFF12A824F008FB0F
:1086F000494912A824F0ACFA12A8E7F745FF12A8DE
:1087000024F0FEFA494948E0D5F8E030012B3FF467
:1087100034AD474912A824F09BFA12A8E7F734FFBA
:1087200012A824F0EDFA3C4912A824F091FA12A8FC
:10873000E7F72AFF12A824F0E3FA3D4912A824F033
:1087400087FA12A8E7F720FF12A824F0D9FA3249D5
:1087500012A824F07DFA12A8E7F716FF12A824F059
:10876000CFFA344919E0D5F8E030012B3FF405ADDC
:10877000314912A824F06CFA12A8E7F705FF12A8F5
:1087800024F0BEFA244912A824F062FA12A8E7F7EE
:10879000FBFE12A824F0B4FA284912A824F058FAD3
:1087A00012A8E7F7F1FE12A824F0AAFA244912A8A9
:1087B00024F04EFA12A8E7F7E7FE12A824F0A0FA78
:1087C000204912A824F044FA12A8E7F7DDFE12A807
:1087D00024F096FA1C4912A824F03AFA12A8E7F7F6
:1087E000D3FE12A824F08CFAC7E400210320E9F795
:1087F00079F9164B164A1C60164B5B685B42136096
:1088000028E700BFCCE504002808FF1F5007FF1F22
:108810003411FF1F7CE60400DCAD040090E6040088
:1088200054E6040068E604002CE6040040E6040078
:10883000F0E5040004E60400A4E60400B8E6040041
:1088400080B4040018E6040024E60400E00FFF1FD3
:108850002018FF1F1C17FF1F0F4912A824F0F8F95A
:1088600012A8E7F791FE12A824F04AFA0B4912A8C1
:1088700024F0EEF912A8E7F787FE12A824F040FAD8
:1088800007498AE74FF0000A9FED068AD346052084
:108890004FF0060CFFF71DBB5CE70400DCAD0400E5
:1088A00074E70400000000002DE9F04F2DED048B6B
:1088B000DFF8B882994C9FED9A8ADFF8B4B2DFF8FE
:1088C000B4A2A1B005460190EAF742FA98ED0F5A1A
:1088D00098ED107AD4ED025AD4ED017AD8F8281028
:1088E000904AD8ED176A9048E769A66985EE076A4D
:1088F00080238DF84C30D8F8003001FB03F38B490E
:108900004FF00009CDF8489094ED007AB8EE477A20
:10891000F8EE677A27EE257A27EE277A07EE903A67
:10892000834BBDEEC77A83ED006AF8EE677A0023C9
:108930000B6082ED007A92ED007A7E4B7E4A67EE04
:10894000887AB8EEC77AFDEEE77A05FB03F327EEE7
:10895000267ACBED007A0493784BDBF80010C3F84D
:108960000090FDEEC77A022303600323744813606E
:1089700017EE905A22F0D0FED8F8141022F0C0FE64
:10898000C0F8049004996E4822F0E8FE01221146D6
:108990004846E9F7A7F86B49DAF8742002230B6020
:1089A000012A049B029300F0C686D8F84430664A38
:1089B0001360013B032B6FD8DFE813F0CD046E0585
:1089C000040061046149624A636B276DE66C102004
:1089D000086017211160002B00F00187012B10D1D6
:1089E00098ED150AE9F766FDDDED017A4F4BB6EE1D
:1089F000007AF8EEE77A20EE070A67EE807AC3ED98
:108A0000007AD8F83420D8F80C309FED457ADFF89A
:108A10006891DFF868B14F4802FB03F307EE903A24
:108A2000F8EE677A414B67EE877A1921FDEEE77A17
:108A3000C9ED007AD3ED007AFDEEE77ACBED007A4E
:108A400027F08EF9DBF80010434823F0F9FED9F83F
:108A50000010424822F060FED8F8201022F050FEAC
:108A6000334ADFED3F7A92ED000ADFED3E0A20EE59
:108A7000270A814627F0B8FB27F0FCFB2B4BD3EDF0
:108A8000007A20EE270A0122BDEEC00A114689EDC8
:108A9000010A0320E9F726F8FBB21846012108EE87
:108AA000903A24F0A5FDF3B21846012109EE103AE0
:108AB00024F09EFD00212846E8F74CFF12212A48A9
:108AC00027F04EF9244823F0C3FEDAF87430DFF8BB
:108AD000B0A00021012BB7EE000ADAF86830CAF81E
:108AE000681000F0C38503F10B020AEB82020AEB67
:108AF0008303DFF84C90C3F82C905046516001215D
:108B0000FFF748F8D8F84430013B032B4ED8DFE894
:108B100013F0A1036A033900550300BF7013FF1F50
:108B20000AD7233C7818FF1F6807FF1F0417FF1F91
:108B3000C416FF1FE00FCC0C6C07FF1F9007FF1F30
:108B40003818FF1FE00FFF1F9407FF1F7407FF1F58
:108B50007007FF1F1CE804002808FF1F1C17FF1FD9
:108B600000000000DB0FC94038E804001013FF1FAD
:108B7000E816FF1F3411FF1FE416FF1F1817FF1F11
:108B80005C15FF1FB548DFF810C3826E02F10B03BE
:108B900000EB830300EB820200218166B7EE000A3E
:108BA000C2F82CC059600121FEF7F4FFE8F7B4F9D0
:108BB000129980228DF84C2021B1A94B0B441B1136
:108BC000A8495A54A7F10A030193A74B14931A9387
:108BD00016A9A64B16931CA8E7F764FCA44A9FEDC0
:108BE000A58A9E4F1AA912A823F09AFC1A9B1CA8CA
:108BF000DB689847149B16A8DB68984713219E48AA
:108C000027F0AEF829469D4823F01AFE9B4823F032
:108C10001FFEA6F10A0B002DD9F8046000F3B48101
:108C200025F042F900284FF0010640F3FB81944BF8
:108C30001B68012B00F0FD81032B00F0A182002BAB
:108C400000F07D828F4A00231370019B1D2B40F2A0
:108C5000F381BBF11D0F40F23282D4F8F800A0F18D
:108C60000A031D2B07D8C0B224F0F8FCD4F8FC305E
:108C7000984240F00F85DFF88482D8F800301493D2
:108C80001499D8F800301193119B5B1A312BF8D945
:108C9000002EC0D1314630460122E8F723FF0122E1
:108CA00010463146E8F71EFF314601220220E8F760
:108CB00019FF314601220320E8F714FF3146012253
:108CC0000420E8F70FFF704B704F5868704BD7EDDA
:108CD000007A59686F4D704B704A5B68704E5268ED
:108CE0003360B8EEE77AD5ED007A6E4B77EEC77A4F
:108CF0001860FDEEE77A6C4B6C48196017EE905ADD
:108D00006B4B28211A6027F02BF829465B4823F08B
:108D100097FD5A4823F09CFD66493268D9F8043023
:108D2000654E0D60654933605B420B60644B65497D
:108D30003D6052421AA81A60634D23F089FF1AA8B9
:108D4000E7F722FC1AA823F0DBFF29681AA823F012
:108D50007FFF1AA8E7F718FC1AA823F0D1FF5B4998
:108D60001AA823F075FF1AA8E7F70EFC1AA823F03B
:108D7000C7FF29681AA823F06BFF1AA8E7F704FCBD
:108D80001AA823F0BDFF524B1B78002B00F044843F
:108D90001421504826F0E4FF3168384823F050FD94
:108DA000364823F055FD12214B4826F0D9FF39688B
:108DB000324823F045FD314823F04AFD0F21474852
:108DC00026F0CEFF2D4823F043FDD4F8E030012BF0
:108DD00000F0028442491AA823F03AFF1AA8E7F7E4
:108DE000D3FB1AA823F08CFF3E491AA823F030FFCA
:108DF0001AA8E7F7C9FB1AA823F082FF3A491AA874
:108E000023F026FF1AA8E7F7BFFB1AA823F078FF84
:108E100036491AA823F01CFF1AA8E7F7B5FB1AA8D1
:108E200023F06EFF32491AA823F012FF1AA8E7F7C1
:108E3000ABFB1AA823F064FF2E491AA823F008FF01
:108E40001AA8E7F7A1FB1AA823F05AFF2A491AA883
:108E500023F0FEFE1AA8E7F797FB51E0C814FF1FA6
:108E6000008FFCBF30E400E0200F0500190F000068
:108E70005FE31600000000004CE804002808FF1F14
:108E80006007FF1FB816FF1FDC17FF1F4416FF1FE8
:108E90009C17FF1F0417FF1F1C17FF1F5C17FF1FE6
:108EA0004816FF1F5816FF1F5416FF1FB0E8040096
:108EB0004C16FF1F2018FF1F5016FF1F1C18FF1F06
:108EC0002418FF1FDCE804004807FF1FF0E8040037
:108ED000CC16FF1F2CE9040044E9040058E9040003
:108EE00090E90400DCAD0400A4E9040080B40400AF
:108EF00018E6040024E60400B8E904000C1FFF1F74
:108F00001AA823F0FDFEC2491AA823F0A1FE1AA850
:108F1000E7F73AFB1AA823F0F3FEBE491AA823F09C
:108F200097FE1AA8E7F730FB1AA823F0E9FEBA4922
:108F30001AA823F08DFE1AA8E7F726FB1AA823F03B
:108F4000DFFEB6491AA823F083FE1AA8E7F71CFB38
:108F50001AA823F0D5FEB2491AA823F079FE1AA860
:108F6000E7F712FB1AA823F0CBFED4F80001A0F11A
:108F70000A031D2B40F2DA8312A823F03FFB21B035
:108F8000BDEC048BBDE8F08FDFF8BC82D8F8003070
:108F900008930899D8F800300793079B5B1A632B56
:108FA000F8D9D9F804102846E8F7D4FC002EB8BF49
:108FB0007642B5423FF734AE12A823F01FFB97F874
:108FC0009030CBB9BB6D5B68012387F8903072B6E7
:108FD000D7ED207A97ED1F7A67EE887AF4EEC77A9C
:108FE000C7ED1E7AD7ED227AF1EE10FAD8BFF1EE76
:108FF000677AC7ED237A62B68A48FEF7D3FBD8F8C2
:1090000000300A930A99D8F800300993099B5B1A3B
:10901000B3F5FA7FF7D324F047FF00284FF000069E
:109020003FF705AE25F0B6FF7F4B1B68012B7FF4A1
:1090300003AE24F04DFF84E018EE900A24F00EFBFE
:10904000D4F8FC3098423FF404AE26217748DFF88C
:10905000F88126F085FE764823F0FAFB12A823F06B
:10906000CDFA0026734823F0C9FA386ABE6022F0B0
:10907000BBFC786A22F0B8FC6F4823F0BFFADAF83C
:109080002000CAF8086022F0AFFCDAF8240022F0D1
:10909000ABFC01210A20FEF775FAD8F800300E93D8
:1090A0000E99D8F800300D930D9B5B1AB3F5FA7F3B
:1090B000F7D3BBF11D0F4FF000063FF6CEAD19EE12
:1090C000100A24F0CBFAD4F8FC3098423FF4C5AD36
:1090D00026215A48DFF8708126F042FE544823F0DA
:1090E000B7FB12A823F08AFA0026524823F086FA2A
:1090F000386ABE6022F078FC786A22F075FC4E482F
:1091000023F07CFADAF82000CAF8086022F06CFC40
:10911000DAF8240022F068FC4FF0FF310A20FEF755
:1091200031FAD8F8003010931099D8F800300F9326
:109130000F9B5B1AB3F5FA7FF7D300268DE526F077
:10914000A1FDC3B23E4A532B13707FF47EAD12A82B
:1091500023F054FA97F89030ABB1DFF8EC80314847
:10916000FEF720FBD8F800300C930C99D8F80030AB
:109170000B930B9B5B1AB3F5FA7FF7D3002664E5DC
:1091800025F01CFFDDE7BB6D5B68012387F890309D
:1091900072B6D7ED207A97ED1F7A67EE887AF4EEF3
:1091A000C77AC7ED1E7AD7ED227AF1EE10FAD8BF52
:1091B000F1EE677AC7ED237A62B6CEE72148DFF891
:1091C0008CC0826E02F10B0300EB830300EB820282
:1091D00000218166B7EE000AC2F82CC05960012157
:1091E000FEF7D8FCE2E41748DFF864C0826E02F1B3
:1091F0000B0300EB830300EB820200218166B7EED4
:10920000000AC2F82CC059600121FEF7C3FCCDE46E
:10921000DCAD0400CCE9040080B4040018E60400CE
:1092200024E604005C15FF1F6007FF1F60E80400D0
:109230002808FF1FD414FF1F6815FF1F88E80400CB
:10924000B816FF1FC814FF1F0C1FFF1F5C17FF1F5E
:109250009C17FF1FCD48DFF878C3826E02F10B0325
:1092600000EB830300EB820200218166B7EE000A67
:10927000C2F82CC059600121FEF78CFC96E4C44969
:10928000C44A636D276FE66E1220086013211160D7
:10929000002B00F0AA82012B10D198ED160AE9F7F5
:1092A0004DF9DDED017ABC4BB6EE007AF8EEE77AC7
:1092B00020EE070A67EE807AC3ED007AD8F83820EE
:1092C000D8F810309FEDB57ADFF80893DFF8F4B2E4
:1092D000B34802FB03F307EE903AF8EE677AAE4B21
:1092E00067EE877A1921FDEEE77AC9ED007AD3EDB2
:1092F000007AFDEEE77ACBED007A26F031FDDBF85F
:109300000010A84823F09CFAD9F80010A64822F0D3
:1093100003FAD8F8241022F0F3F9A44ADFEDA47A76
:1093200092ED000ADFEDA30A20EE270A814626F01F
:109330005BFF26F09FFF984BD3ED007A20EE270AC3
:109340000122BDEEC00A114689ED010A0420E8F7AA
:10935000C9FBFFF7A1BBDDED017AD8ED135A94EDFF
:10936000057A8D4BD8F82C20DFED8C6ADFF86092FF
:10937000DFF860B29048E769A669B8EEE76AC5EE23
:10938000877A062194ED047AB8EE477AF6EE005A11
:1093900067EE877A94ED037AB8EE477A67EE877ABC
:1093A00067EEA57A67EE867AC3ED007AD8F80430C6
:1093B00002FB03F207EE902AF8EE677A744A754BC7
:1093C000116067EEA67A0522FDEEE77A1A60152194
:1093D0000023CBED007AC9F8043026F0C1FCD9F89F
:1093E0000410704823F02CFA6E4823F031FA112152
:1093F000724826F0B5FC684B186827F081FF41ECF5
:10940000100B0221674823F047FA664823F020FA40
:1094100018216B4826F0A4FC5F4B6248D3ED007A1C
:10942000684BFDEEE77A17EE901AC3ED007A23F051
:1094300007FADBF80010484622F06EF9D8F8181049
:1094400022F05EF9594ADFED5A7A92ED000ADFED1B
:10945000590A20EE270A834626F0C6FE26F00AFFA8
:109460004D4B5948D3ED007A20EE270A1721BDEE67
:10947000C00A8BED010A26F073FCD9F804104948A4
:1094800023F0DEF9474823F0E3F9012211461046A4
:10949000E8F728FBFFF700BB3D493E4ADDED017AC6
:1094A000D4F8CC30276BE66AD8ED145A1520086042
:1094B0001421F8EEE76A1160002B00F0818194ED31
:1094C000367AC5EE877A94ED357AB8EE477AB6EEFD
:1094D000006A67EE877A94ED347A2F4BD8F8302003
:1094E000DFF8F090DFF8DCB02D48B8EE477A1921AC
:1094F00067EE877A9FED297A67EE867A67EEA67A1D
:10950000C3ED007AD8F8083002FB03F307EE903A77
:10951000F8EE677A204B67EE877AFDEEE77AC9EDC1
:10952000007AD3ED007AFDEEE77ACBED007A26F0F3
:1095300017FCDBF800101B4823F082F9D9F8001063
:10954000224822F0E9F8D8F81C1022F0D9F8174A7E
:10955000DFED177A92ED000ADFED160A20EE270AFA
:10956000814626F041FE26F085FE0B4BD3ED007AB6
:1095700020EE270A0122BDEEC00A114689ED010A3C
:109580000220E8F7AFFAFFF787BA00BFC814FF1F41
:109590007407FF1F7007FF1F0417FF1F0AD7233C24
:1095A0001CE804002808FF1F5C17FF1FC416FF1FDC
:1095B00000000000DB0FC940BCE70400D4E7040052
:1095C000E8E704001817FF1F04E804009C17FF1FBA
:1095D000DC17FF1FE416FF1F86491AA823F038FB8B
:1095E0001AA8E6F7D1FF1AA823F08AFB82491AA825
:1095F00023F02EFB1AA8E6F7C7FF1AA823F080FB7A
:109600007E491AA823F024FB1AA8E6F7BDFF1AA882
:1096100023F076FB78499FE479491AA823F018FBD8
:109620001AA8E6F7B1FF1AA823F06AFB29681AA85E
:1096300023F00EFB1AA8E6F7A7FF1AA823F060FB99
:1096400070491AA823F004FB1AA8E6F79DFF1AA890
:1096500023F056FB29681AA823F0FAFA1AA8E6F7AD
:1096600093FF1AA823F04CFBFFF792BB0AEB830091
:1096700003F10C02DFF8B891C0F82C9003460AEB16
:10968000820261481863516050460221FEF782FA57
:10969000FFF738BA20215D4E5D4826F061FB5D483A
:1096A000002523F0D5F806F10C0022F0A7FF306A60
:1096B000B56022F099F9706A22F096F9564822F0C6
:1096C0009DFFDAF82000CAF8085022F08DF9DAF888
:1096D000240022F089F9514B01262A4629462846C2
:1096E0001E70E8F7FFF92A4629463046E8F7FAF9EE
:1096F0002A4629460220E8F7F5F92A46294603209A
:10970000E8F7F0F92A4629460420E8F7EBF90A20A1
:10971000FDF702FAD4F80001A0F10A031D2B3FF671
:109720002BAC3146C0B223F063FF25E40121C0B267
:1097300023F05EFF20E403230B60394B324893EDA6
:10974000009A384BDFF8ECC0039203221A604FF006
:10975000100E354BC0F80490CCF800E0DBF8001098
:10976000DAED1C8ADFF8D0904FF0170CC3F800C078
:1097700021F0D2FF2D4B596E21F0C2FFDDED027AB0
:10978000F8EEE77A28EE887A67EE897A67EE877ACC
:10979000FDEEE77A17EE901A21F0E0FF039A03201E
:1097A0001146E8F79FF9D9F800300693069AD9F8E0
:1097B00000300593059B9B1A042BF8D9FFF7F5B8E9
:1097C00094ED0A7AC5EE877A94ED097AB8EE477A75
:1097D000B6EE006A67EE877A94ED087A7DE698ED3A
:1097E000150AE8F733FDFFF7FFB898ED160AE8F71A
:1097F000C7FD56E568E90400DCAD04007CE904001F
:1098000004E9040018E904001C17FF1FC814FF1F17
:10981000CCE504002808FF1F6815FF1F7C18FF1FF8
:109820008018FF1F9807FF1F7807FF1F4410FF1FB6
:109830003818FF1F7C07FF1F0C1FFF1F2DE9F04F7B
:109840005B4E2DED088BD6F80031ADF5677D904667
:10985000A3F10A021D2A0390059140F2A3809CAF58
:10986000544B7B60C29380233B748DF814330123E7
:10987000FB66DC930923BB61C79342F29F43FB6104
:10988000C89341F2883300254FF005094A4A3B67E7
:10989000DD934A4CC7F87490C1ABC693CDF878936A
:1098A0003A600321C7E902557F6187F82850FD65BA
:1098B0003D6687F86450BD6687F89050C395C4959F
:1098C0008DF82C53D895D9958DF86853DB954CA815
:1098D000C19202228DF8945321F0DEFE2368089392
:1098E000374B3849C3F80090374B089A1D70062350
:1098F0000B60D6F81C90B369029323680793079B0B
:109900009B1A092BF9D931498CA823F0A1F98CA80D
:10991000E6F73AFE8CA823F0F3F92D4B8CA81968D2
:1099200023F096F98CA8E6F72FFE8CA823F0E8F92F
:10993000B8F1000F2ADD4FF0000B012505220621AA
:109940005CA821F0A9FE142215216CA821F0A4FE28
:10995000DFF88CA0172210217CA821F09DFE132295
:1099600012218CA821F098FEDAF8582000235D938C
:109970006D937D938D934D93531E032B01F2FD86C2
:10998000DFE813F014013B01780130001149124A5D
:10999000124B00250D600321116002221A604FF066
:1099A000010BCBE7D8B2002123F022FE57E700BF1E
:1099B0007013FF1FC80E0500F00E05000C1FFF1FDF
:1099C000FC06FF1F6407FF1F3016FF1FACB1040029
:1099D0004807FF1F9007FF1F6C07FF1F6807FF1F47
:1099E0003411FF1F039BDAF81010974ADAED097A59
:1099F000DAF8388003FB01F112231360934A132332
:109A0000136000238D93336F01938CA8F36E029340
:109A1000B8EEE78A21F080FE414621F071FE23680E
:109A20001093109A23680F930F9B9B1A042BF9D95C
:109A3000DAF85820844B1868844B1968844B1A60F4
:109A4000844B1860844B19609DF80430012118463E
:109A50000AEE103A23F0CCFD9DF80830012118469B
:109A60000AEE903A23F0C4FD23681293DAF800302E
:109A70000493DAF82830129ADAF814800BEE103AD0
:109A800023681193119B9B1A042BF9D9049B059A07
:109A900002FB03F949464CA821F03EFE1BEE101ACA
:109AA00021F02EFEDAF874206C4B0221012A196095
:109AB00000F0FC83002D40F02F8401230593BBF1BF
:109AC000000F41F03F82664BDFED668AD3F89020AD
:109AD0009FED659AD3F8D030DFF894911DB9BBF1B2
:109AE000000F01F09380D6F8F800A0F10A031D2BB7
:109AF00007D8C0B223F0B2FDD6F8FC30984241F04E
:109B00008B8223682293229A23682193219B9B1A9C
:109B1000042BF9D924F0C8F9002840F37A87D9F842
:109B20000030012B00F07C87032B40F0E78425F008
:109B300045FAC3B24D4A6F2B137000F2E784412BF4
:109B400040F2C980423B2D2B00F2C580DFE813F0C4
:109B5000B900C300C300C300C300C300C300C300F7
:109B6000C300C300C300C300C300C300C300C300DD
:109B7000C300D900C300C300C300C300C300C300B7
:109B8000DA012201C300C300C300C300C300C30045
:109B9000C3003603C300C300C300C300C300C30037
:109BA000C3008302E802C3003F026F02039BDAF89E
:109BB0000410254ADAED067ADAF82C8003FB01F16D
:109BC00006231360214A0523136000235D93F36984
:109BD00001935CA8B3690293B8EEE78A21F09CFD7B
:109BE000414621F08DFD23680A930A9A2368099360
:109BF000099B9B1A042BF9D91AE7039BDAF8081082
:109C0000114ADAED077ADAF8308003FB01F1152307
:109C100013600E4A1423136000236D93336B01937A
:109C20006CA8F36A0293B8EEE78A21F075FD41460D
:109C300021F066FD23680C930C9A23680B930B9B11
:109C40009B1A042BF9D9F3E66407FF1FFC06FF1FDC
:109C50009407FF1F7407FF1F7007FF1FE00FFF1F10
:109C600000F00F40000000000AD7233CB816FF1F89
:109C70006007FF1F039BDAF80C109C4ADAED087AA4
:109C8000DAF8348003FB01F110231360984A17239C
:109C9000136000237D93336D01937CA8F36C0293D2
:109CA000B8EEE78A21F038FD414621F029FD23680E
:109CB0000E930E9A23680D930D9B9B1A042BF9D9D2
:109CC000B6E6E8F76FFA8B4BCAF8580019688A486D
:109CD0008C2223F0FDF955B1019B0A3B1D2B40F26C
:109CE000C3800125029B0A3B1D2B40F29D86236801
:109CF0004893489A23684793479B9B1A042BF9D9AA
:109D0000ECE616217D4826F02BF8D6F8E4107C48C6
:109D100000230A2222F0B4FD794822F099FD0023A5
:109D200087F8903072B6D7ED207A97ED1F7A67EEFC
:109D3000A87AF4EEC77AC7ED1E7AD7ED227AF1EE53
:109D400010FAD8BFF1EE677AC7ED237A62B62368BE
:109D50002493249A23682393239B9B1A042BF9D9D9
:109D60003846FDF71FFDDAF87420012A01F0A383BD
:109D7000002101220846E7F7B5FED6F8E030012BB6
:109D800001F07F83D6F8E430002B01F05D824FF0C4
:109D9000000BA0E7DDF80C83B8F1000F9BD1DAF8D7
:109DA0000410DAED067A49425CA8B8EEE78A21F0A1
:109DB000B3FC012211461046E7F794FEDB9BCDF879
:109DC0006C83E6AA02EB83025CA942F8681CE6AA4F
:109DD00002EB8303B7EE000A43F8648C0121C1A8AB
:109DE000FDF7D8FE28EE098A8DF8948372B6DDED72
:109DF000E17A9DEDE07A67EEA87AF4EEC77ACDEDD0
:109E0000DF7ADDEDE37AF1EE10FAD8BFF1EE677A92
:109E1000CDEDE47A62B623682893289A23682793C5
:109E2000279B9B1A042BF9D900238DF8943372B623
:109E3000DDEDE17A9DEDE07A68EE277AF4EEC77AFF
:109E4000CDEDDF7ADDEDE37AF1EE10FAD8BFF1EE79
:109E5000677ACDEDE47A62B64FF0FF330393019B4E
:109E60000A3B1D2B3FF63DAF1AEE100A23F0F6FB1E
:109E7000D6F8FC3098423FF434AF039B012B7FF4BB
:109E800030AF00238DF8943372B6DDEDE17A9DEDAD
:109E9000E07A67EEA87AF4EEC77ACDEDDF7ADDEDF1
:109EA000E37AF1EE10FAD8BFF1EE677ACDEDE47AFD
:109EB00062B6C4A822F0A2FB0025C998C39521F080
:109EC00093FDCA9821F090FDD6F8C830002B41F0E0
:109ED000FA80DAF85830013B032B00F26486DFE8A1
:109EE00013F07D0687067306590600BF6407FF1F3F
:109EF000FC06FF1F1C07FF1F3411FF1FE0E90400D1
:109F00002808FF1FDDF80C83B8F1000F7FF4E3AEE3
:109F1000DAED067ADAF804105CA8B8EEE78A21F0E8
:109F2000FBFB012211461046E7F7DCFDDB9BCDF879
:109F30006C83E6AA02EB83025CA942F8681CE6AADD
:109F400002EB8303B7EE000A43F8648C0121C1A839
:109F5000FDF720FE28EE098A8DF8948372B6DDEDB8
:109F6000E17A9DEDE07A67EEA87AF4EEC77ACDED5E
:109F7000DF7ADDEDE37AF1EE10FAD8BFF1EE677A21
:109F8000CDEDE47A62B623682693269A236825935A
:109F9000259B9B1A042BF9D900238DF8943372B6B4
:109FA000DDEDE17A9DEDE07A68EE277AF4EEC77A8E
:109FB000CDEDDF7ADDEDE37AF1EE10FAD8BFF1EE08
:109FC000677ACDEDE47A62B60123039384E6D9F88B
:109FD0000000E8F7C9F851EC100B27F099FCAB4BE7
:109FE000CAF81400196880468C22A94823F070F83A
:109FF000002387F8903072B607EE908AF8EEE77A81
:10A00000D7ED206A97ED1F7A67EE897A67EEA67A18
:10A01000F4EEC77AC7ED1E7AD7ED227AF1EE10FA88
:10A02000D8BFF1EE677AC7ED237A62B653E6D9F866
:10A030000000E8F799F851EC100B27F069FCDAF80A
:10A040005830013B032B00F27B81DFE813F0A101C4
:10A05000AA0198017101D7F80880B8F1000F7FF4C8
:10A060003AAEDAED057A0499F8EEE77A4CA867EE95
:10A07000899A21F051FB012211464046E7F732FD53
:10A08000DAF87430012B01F05D82BB6EC7F868808E
:10A0900007EB83024CA9D162B7EE000AC2F8308008
:10A0A00001213846FDF776FD002387F8903072B61F
:10A0B000D7ED207A97ED1F7A67EEA87AF4EEC77A8B
:10A0C000C7ED1E7AD7ED227AF1EE10FAD8BFF1EE85
:10A0D000677AC7ED237A62B623683093309A236893
:10A0E0002F932F9B9B1A042BF9D9002387F89030CC
:10A0F00072B6D7ED207A97ED1F7A69EEA77AF4EE63
:10A10000C77AC7ED1E7AD7ED227AF1EE10FAD8BFE2
:10A11000F1EE677AC7ED237A62B64FF0010BDAE50C
:10A12000D7F80880B8F1000F7FF4D5AD049BDAEDC5
:10A13000057AC3F1000BF8EEE77A59464CA867EEB2
:10A14000899A21F0E9FA012211464046E7F7CAFC54
:10A15000DAF87430012B01F0B481BB6EC7F8688067
:10A1600007EB83024CA9D162B7EE000AC2F8308037
:10A1700001213846FDF70EFD002387F8903072B6B6
:10A18000D7ED207A97ED1F7A67EEA87AF4EEC77ABA
:10A19000C7ED1E7AD7ED227AF1EE10FAD8BFF1EEB4
:10A1A000677AC7ED237A62B623683493349A2368BA
:10A1B0003393339B9B1A042BF9D996E7102135482A
:10A1C00025F0CEFDD6F8E810334800230A2222F00D
:10A1D00057FB314822F03CFB1021304825F0C0FDF0
:10A1E000D6F8EC102C4800230A2222F049FB2A481A
:10A1F00022F02EFB11212A4825F0B2FDD6F8F010EE
:10A20000254800230A2222F03BFB234822F020FBB2
:10A210001121244825F0A4FDD6F8F4101E4800238F
:10A220000A2222F02DFB1C4822F012FB00238DF89D
:10A23000943372B6DDEDE17A9DEDE07A67EEA87AAF
:10A24000F4EEC77ACDEDDF7ADDEDE37AF1EE10FAC8
:10A25000D8BFF1EE677ACDEDE47A62B623682A932F
:10A260002A9A23682993299B9B1A042BF9D9C1A800
:10A27000FDF798FADAF85830013B032B00F2B7806B
:10A28000DFE813F0280132011E0198001C07FF1FB0
:10A290003411FF1F34EA04002808FF1F48EA0400B5
:10A2A0005CEA040070EA04000AD7233C9AED1C7AA9
:10A2B0005FED036ACA4ADFF870C3CA49CA4807EEAD
:10A2C000909A27EE267AF8EEE77AD2ED006A67EEEA
:10A2D000A67A032267EE877A1A60FDEEE77A1023EA
:10A2E000CCF8003017230A60036017EE901A0023A1
:10A2F0007CA87D9321F010FA1BEE101A21F000FAD1
:10A3000023681493149A23681393139B9B1A042BAA
:10A31000F9D9002D3FF4D1ABDAF85830013B032BCB
:10A3200001F23182DFE813F06605AA052205C504B3
:10A3300007EE900AB8EEE78ACAF8240028EE098AE8
:10A34000AA4BAB4819688C2222F0C2FE00238DF87C
:10A35000943372B6DDEDE17A9DEDE07A68EE277A0E
:10A36000F4EEC77ACDEDDF7ADDEDE37AF1EE10FAA7
:10A37000D8BFF1EE677ACDEDE47A62B6ABE407EED2
:10A38000900AB8EEE78ACAF8200028EE098AD7E7D3
:10A3900007EE900AB8EEE78ACAF8180028EE098A94
:10A3A000CEE707EE900AB8EEE78ACAF81C0028EE5E
:10A3B000098AC5E7012200210420E7F793FB212148
:10A3C0008C488D4D25F0CCFC8C4822F041FAD6F813
:10A3D000F4308B482B60112125F0C2FC2968874896
:10A3E00000230A2222F04CFA844822F031FA21217B
:10A3F000844825F0B5FC0023D6F8E0107F480A22F7
:10A4000022F03EFA7D4822F023FAD6F8E030012B04
:10A4100000F0FE87784B1B68002B40F04B860DF553
:10A4200092787949404622F013FC4046E6F7ACF8B2
:10A43000404622F065FC7549404622F009FC404642
:10A44000E6F7A2F8404622F05BFC7149404622F054
:10A45000FFFB4046E6F798F8404622F051FC6D4974
:10A46000404622F0F5FB4046E6F78EF8404622F0E3
:10A4700047FC6949404622F0EBFB4046E6F784F88A
:10A48000404622F03DFC6549404622F0E1FB404653
:10A49000E6F77AF8404622F033FC6148212125F0A6
:10A4A0005FFC564822F0D4F923682C932C9A236839
:10A4B0002B932B9B9B1AB3F57A7FF8D3002516E4D8
:10A4C000012200210320E7F70DFB4B4BD6F8F020CB
:10A4D0001A608CE7012210460021E7F703FB464B88
:10A4E000D6F8E8201A6082E7012200210220E7F76F
:10A4F000F9FA414BD6F8EC201A6078E7002B00F00F
:10A500008183484B00221A70FFF7E5BB03F15B0221
:10A51000D2B22D2A3FF6DFABA53B2D2B3FF6DBABAE
:10A5200001A252F823F000BF79A9010049A8010057
:10A53000D79C0100D79C0100D79C0100D79C01004B
:10A54000AFA70100E1A80100D79C0100D79C010042
:10A55000D79C0100D79C0100D79C0100D79C01002B
:10A56000D79C0100D79C0100D79C0100D79C01001B
:10A57000D79C0100D79C0100D79C0100D79C01000B
:10A58000D79C0100D79C0100D79C0100D79C0100FB
:10A59000D79C0100D79C0100D79C0100D79C0100EB
:10A5A000D79C0100D79C0100C39C0100D79C0100EF
:10A5B000D79C0100D79C0100D79C0100D79C0100CB
:10A5C000D79C0100D79C0100D79C0100D79C0100BB
:10A5D000D79C0100D79C010007A701002DA6010010
:10A5E0008018FF1F9807FF1F7807FF1F1C07FF1F1A
:10A5F0003411FF1F84EA0400C816FF1F2808FF1F3C
:10A60000A8EA0400BCEA040000EB0400DCAD04008E
:10A6100014EB040080B4040018E6040024E60400EF
:10A6200028EB0400B816FF1F7C07FF1FDDF80C8322
:10A63000B8F1000F7FF44FAB736DDAF81010DAED5C
:10A64000097A012B14BF01234FF0FF3303FB01F103
:10A650008CA8B8EEE78A039321F05EF80122114638
:10A660000420E7F73FFADB9BCDF86C83E6AA02EB08
:10A6700083028CA942F8681CE6AA02EB8303B7EEBA
:10A68000000A43F8648C0121C1A8FDF783FA28EE83
:10A69000098A8DF8948372B6DDEDE17A9DEDE07A5A
:10A6A00067EEA87AF4EEC77ACDEDDF7ADDEDE37AD6
:10A6B000F1EE10FAD8BFF1EE677ACDEDE47A62B62A
:10A6C00023684093409A23683F933F9B9B1A042B37
:10A6D000F9D900238DF8943372B6DDEDE17A9DED62
:10A6E000E07A68EE277AF4EEC77ACDEDDF7ADDED19
:10A6F000E37AF1EE10FAD8BFF1EE677ACDEDE47AA5
:10A7000062B6FFF7E9BADDF80C83B8F1000F7FF409
:10A71000E2AA736DDAF81010DAED097A012B14BF92
:10A720004FF0FF33012303FB01F18CA8B8EEE78A59
:10A73000039320F0F1FF012211460420E7F7D2F93C
:10A74000DB9BCDF86C83E6AA02EB83028CA942F86E
:10A75000681CE6AA02EB8303B7EE000A43F8648C98
:10A760000121C1A8FDF716FA28EE098A8DF8948315
:10A7700072B6DDEDE17A9DEDE07A67EEA87AF4EE4F
:10A78000C77ACDEDDF7ADDEDE37AF1EE10FAD8BFCE
:10A79000F1EE677ACDEDE47A62B623683E933E9A95
:10A7A00023683D933D9B9B1A042BF9D991E7DDF873
:10A7B0000C83B8F1000F7FF48EAADAF80C10DAEDF2
:10A7C000087A49427CA8B8EEE78A20F0A5FF01226A
:10A7D00011460320E7F786F9DB9BCDF86C83E6AAE8
:10A7E00002EB83027CA942F8681CE6AA02EB830311
:10A7F000B7EE000A43F8648C0121C1A8FDF7CAF93D
:10A8000028EE098A8DF8948372B6DDEDE17A9DED2C
:10A81000E07A67EEA87AF4EEC77ACDEDDF7ADDED67
:10A82000E37AF1EE10FAD8BFF1EE677ACDEDE47A73
:10A8300062B623683A933A9A23683993399B9B1AF4
:10A84000042BF9D9FFF7F0BADDF80C83B8F1000F4B
:10A850007FF441AADAED077ADAF808106CA8B8EEAE
:10A86000E78A20F059FF012211460220E7F73AF962
:10A87000DB9BCDF86C83E6AA02EB83026CA942F85D
:10A88000681CE6AA02EB8303B7EE000A43F8648C67
:10A890000121C1A8FDF77EF928EE098A8DF894837D
:10A8A00072B6DDEDE17A9DEDE07A67EEA87AF4EE1E
:10A8B000C77ACDEDDF7ADDEDE37AF1EE10FAD8BF9D
:10A8C000F1EE677ACDEDE47A62B623683893389A70
:10A8D00023683793379B9B1A042BF9D9FFF75CBB8E
:10A8E000DDF80C83B8F1000F7FF4F5A9DAED087AF2
:10A8F000DAF80C107CA8B8EEE78A20F00DFF0122F0
:10A9000011460320E7F7EEF8DB9BCDF86C83E6AA4F
:10A9100002EB83027CA942F8681CE6AA02EB8303DF
:10A92000B7EE000A43F8648C0121C1A8FDF732F9A3
:10A9300028EE098A8DF8948372B6DDEDE17A9DEDFB
:10A94000E07A67EEA87AF4EEC77ACDEDDF7ADDED36
:10A95000E37AF1EE10FAD8BFF1EE677ACDEDE47A42
:10A9600062B623683C933C9A23683B933B9B9B1ABB
:10A97000042BF9D9FFF710BBDDF80C83B8F1000FF9
:10A980007FF4A9A9DAF80810DAED077A49426CA831
:10A99000B8EEE78A20F0C0FE012211460220E7F758
:10A9A000A1F8DB9BCDF86C83E6AA02EB83026CA9CD
:10A9B00042F8681CE6AA02EB8303B7EE000A43F8EC
:10A9C000648C0121C1A8FDF7E5F828EE098A8DF80D
:10A9D000948372B6DDEDE17A9DEDE07A67EEA87AB8
:10A9E000F4EEC77ACDEDDF7ADDEDE37AF1EE10FA21
:10A9F000D8BFF1EE677ACDEDE47A62B6236836937C
:10AA0000369A23683593359B9B1A042BF9D9FFF7A7
:10AA10000BBA24F0BFFAD9F80030012B7FF484A8D8
:10AA200023F056FAFFF785B81AEE900A22F016FEC8
:10AA3000D6F8FC3098423FF45AA9039B01337FF4C7
:10AA400056A91C21BD4825F08BF9BD4821F000FF17
:10AA5000D6F8FC10BA4800230A2221F011FFB848AA
:10AA600021F0F6FE00238DF8943372B6DDEDE17A25
:10AA70009DEDE07A67EEA87AF4EEC77ACDEDDF7A45
:10AA8000DDEDE37AF1EE10FAD8BFF1EE677ACDEDA5
:10AA9000E47A62B6C4A821F0B1FD0025C998C39537
:10AAA00020F0A2FFCA9820F09FFFD6F8C830002BF4
:10AAB00040F05C830DF59278DAF85830013B032BB7
:10AAC0000CD8DFE803F05D53490201220021042085
:10AAD000E7F708F89B4BD6F8F4201A60D6F8E03078
:10AAE000012B00F0C284974B1B68002B00F0ED8314
:10AAF0009549404622F0ACF84046E5F745FD404612
:10AB000022F0FEF89149404622F0A2F84046E5F7CF
:10AB10003BFD404622F0F4F823684693469A2368AA
:10AB20004593459B9B1A092BF9D98949404622F048
:10AB30008FF84046E5F728FD404622F0E1F88349CA
:10AB4000404622F085F84046E5F71EFD404622F0DB
:10AB5000D7F80025FFF7CBB8012200210320E6F744
:10AB6000C1FF784BD6F8F0201A60B7E70122002128
:10AB70000220E6F7B7FF734BD6F8EC201A60ADE77A
:10AB8000012210460021E6F7ADFF6E4BD6F8E82013
:10AB90001A60A3E7012200210420E6F7A3FF694B16
:10ABA000D6F8F4201A60D6F8E030012B00F04F847C
:10ABB000644B1B68002B00F0EB8301210846FCF777
:10ABC000E1FC0025FFF78EB8012200210320E6F703
:10ABD00089FF5C4BD6F8F0201A60E4E701221046AA
:10ABE0000021E6F77FFF574BD6F8E8201A60DAE736
:10ABF000012200210220E6F775FF524BD6F8EC2027
:10AC00001A60D0E725F03EF8FEF793BF059B002BB6
:10AC100040F04982DAF85830013B032B00F24382BE
:10AC2000DFE803F03E352C024A4C8D9B2360012265
:10AC300000210420E6F756FF474BDAF874204D98C0
:10AC40001860464B21681960012A00F07C83D6F811
:10AC50000001A0F10A031D2B40F22782404BC19353
:10AC6000C1A81C46FCF7CAFD38463C60FCF7C6FD8F
:10AC70000DF5677DBDEC088BBDE8F08F354C7D9BF5
:10AC80002360012200210320E6F72CFFD4E7314C9A
:10AC90006D9B2360012200210220E6F723FFCBE712
:10ACA0002C4C5D9B2360012200211046E6F71AFF21
:10ACB000C2E7012211460420E6F714FFDB9BE6A958
:10ACC00003F10B0201EB83038CA943F8681CE6AB8C
:10ACD00003EB82034FF00009B7EE000A43F8909CA3
:10ACE0000121C1A8CDF86C93FCF754FF8DF8949323
:10ACF00072B6DFED1C6ADDEDE17A9DEDE07A67EE7C
:10AD0000A67AF4EEC77ACDEDDF7ADDEDE37AF1EEE7
:10AD100010FAD8BFF1EE677ACDEDE47A62B6236817
:10AD20001C931C9A23681B931B9B9B1A092BF9D914
:10AD30009FED0D7ADAED097AE2E000BF70EB0400D6
:10AD40002808FF1FC816FF1F4CE20400DCAD0400FA
:10AD500064E204004416FF1F1417FF1FD80FFF1FE3
:10AD6000F00E0500000000000AD7233C0122114626
:10AD70000320E6F7B7FEDB9BE6A903F10B0201EB2C
:10AD800083037CA943F8681CE6AB03EB82034FF016
:10AD90000009B7EE000A43F8909C0121C1A8CDF844
:10ADA0006C93FCF7F7FE8DF8949372B65FED136A1F
:10ADB000DDEDE17A9DEDE07A67EEA67AF4EEC77AF2
:10ADC000CDEDDF7ADDEDE37AF1EE10FAD8BFF1EEEA
:10ADD000677ACDEDE47A62B623681A931A9A2368EB
:10ADE0001993199B9B1A092BF9D91FED217ADAEDDA
:10ADF000087A85E0012211461046E6F773FEDB9BD8
:10AE0000E6A903F10B0201EB83035CA943F8681C7C
:10AE1000E6AB03EB82034FF00009B7EE000A43F8FC
:10AE2000909C0121C1A8CDF86C93FCF7B3FE8DF87E
:10AE3000949372B65FED356ADDEDE17A9DEDE07ACF
:10AE400067EEA67AF4EEC77ACDEDDF7ADDEDE37A30
:10AE5000F1EE10FAD8BFF1EE677ACDEDE47A62B682
:10AE600023681693169A23681593159B9B1A092B32
:10AE7000F9D91FED437ADAED067A41E00122114655
:10AE80000220E6F72FFE00238DF8943372B65FEDB3
:10AE90004B6ADDEDE17A9DEDE07A67EEA67AF4EE9D
:10AEA000C77ACDEDDF7ADDEDE37AF1EE10FAD8BFA7
:10AEB000F1EE677ACDEDE47A62B6DB9BE6A803F1AA
:10AEC0000B0200EB83036CA843F8680CE6AB03EBC2
:10AED0008203002143F8901CDB91B7EE000A0121A8
:10AEE000C1A8FCF757FE23681893189A2368179394
:10AEF000179B9B1A092BF9D91FED657ADAED077AB2
:10AF0000F8EEE77A002367EE877A8DF8943372B60D
:10AF1000DDEDE16A9DEDE07A67EEA67AF4EEC77AA0
:10AF2000CDEDDF7ADDEDE37AF1EE10FAD8BFF1EE88
:10AF3000677ACDEDE47A62B600230593BBF1000F8A
:10AF40003EF4C1AD012211460020E6F7CBFD236897
:10AF50001E931E9A23681D931D9B9B1A042BF9D9DF
:10AF6000DAF87420012A00F05581BB6E03F10B0260
:10AF700007EB83034CA8D86207EB82030021B96674
:10AF80005960B7EE000A01213846FCF703FE0023A2
:10AF900087F8903072B65FED8D6AD7ED207A97ED25
:10AFA0001F7A67EEA67AF4EEC77AC7ED1E7AD7ED60
:10AFB000227AF1EE10FAD8BFF1EE677AC7ED237A64
:10AFC00062B623682093209A23681F931F9B9B1AC5
:10AFD000092BF9D9002387F8903072B607EE908AD2
:10AFE0001FED9F7AD7ED206AF8EEE77A67EE877A51
:10AFF00097ED1F7A67EEA67AF4EEC77AC7ED1E7A50
:10B00000D7ED227AF1EE10FAD8BFF1EE677AC7EDEC
:10B01000237A62B6FEF757BD2021CF4824F0A0FE68
:10B02000CE4821F015FC9FA8002421F0E7FA386AE9
:10B03000BC6020F0D9FC786A20F0D6FCC4A821F0CE
:10B04000DDFAC998C39420F0CFFCCA9820F0CCFC5C
:10B05000C34B01252246214620461D70E6F742FDDE
:10B06000224621462846E6F73DFD2246214602209B
:10B07000E6F738FD224621460320E6F733FD224657
:10B0800021460420E6F72EFD2846FBF745FDD6F8BD
:10B090000001A0F10A031D2B3FF6E0AD2946C0B226
:10B0A00022F0A6FADAE5AF4CC6E50121C0B222F0E3
:10B0B0009FFAD3E52321AC4824F052FEA74821F0A3
:10B0C000C7FBFFF7F1B987F8905072B6D7ED207A39
:10B0D00097ED1F7A67EEA87AF4EEC77AC7ED1E7A6D
:10B0E000D7ED227AF1EE10FAD8BFF1EE677AC7ED0C
:10B0F000237A62B623684293429A23684193419B24
:10B100009B1A042BF9D99FA821F078FA0025386AF8
:10B11000BD6020F069FC786A20F066FCDAF87420E3
:10B12000012A00F02583002101220846E6F7DAFC17
:10B13000D6F8E030012B00F00183D6F8E430002B84
:10B1400000F0A182DAF85830013B4FF0000B032BDE
:10B150003FF62EAD01A252F823F000BFDDAB010097
:10B16000F1AB0100C9AB010095AB010087F890502D
:10B1700072B6D7ED207A97ED1F7A67EEA87AF4EED3
:10B18000C77AC7ED1E7AD7ED227AF1EE10FAD8BF52
:10B19000F1EE677AC7ED237A62B623684493449A46
:10B1A00023684393439B9B1A042BF9D99FA821F052
:10B1B00025FA0025386ABD6020F016FC786A20F078
:10B1C00013FCDAF87420012A00F0588200210122D1
:10B1D0000846E6F787FCD6F8E030012B00F0348211
:10B1E000D6F8E430002B00F0EE81DAF85830013B5D
:10B1F0004FF0000B0DF59278032B3FF674AC01A2D3
:10B2000052F823F081AB01006DAB010059AB010096
:10B21000CBAA010011460320E6F764FCBB6E07EBE6
:10B22000830003F10C0207EB820C4CAA0021C262DE
:10B230007CAA0263B966CCF80410B7EE000A0221BA
:10B240003846FCF7A7FCA2E60DF592784749404640
:10B250009B4621F0FDFC4046E5F796F9404621F07B
:10B260004FFD4349404621F0F3FC4046E5F78CF999
:10B27000404621F045FD3F49404621F0E9FC40466B
:10B28000E5F782F9404621F03BFD3B49404621F07D
:10B29000DFFC4046E5F778F9404621F031FD3749BB
:10B2A000404621F0D5FC4046E5F76EF9404621F0D6
:10B2B00027FD3349404621F0CBFC4046E5F764F9D1
:10B2C000404621F01DFDFEF706BD2E49404621F007
:10B2D000BFFC4046E5F758F9404621F011FD2449EE
:10B2E000404621F0B5FC4046E5F74EF9404621F0D6
:10B2F00007FD2549404621F0ABFC4046E5F744F9FF
:10B30000404621F0FDFC1C49404621F0A1FC40468E
:10B31000E5F73AF9404621F0F3FC1849404621F0A0
:10B3200097FC4046E5F730F9404621F0E9FC144926
:10B33000404621F08DFC4046E5F726F9404621F0D5
:10B34000DFFCFFF7D5BB00210320E6F7CBFB0F4B5B
:10B350007D9A1A607BE400BFCCE504002808FF1F3B
:10B360007C18FF1F4416FF1F4CEB04000CEA04007E
:10B37000DCAD040020EA040080B4040018E60400F8
:10B3800024E6040000EB040014EB0400D416FF1FB5
:10B390000DF59278DC49404621F05AFC4046E5F72D
:10B3A000F3F8404621F0ACFCD849404621F050FC6F
:10B3B0004046E5F7E9F8404621F0A2FCD449404672
:10B3C00021F046FC4046E5F7DFF8404621F098FCC6
:10B3D000D049404621F03CFC4046E5F7D5F84046D0
:10B3E00021F08EFCCC49404621F032FC4046E5F786
:10B3F000CBF8404621F084FCC849404621F028FCA7
:10B400004046E5F7C1F8404621F07AFCFFF7D5BB8E
:10B410000DF59278C249404621F01AFC4046E5F706
:10B42000B3F8404621F06CFCB849404621F010FCCE
:10B430004046E5F7A9F8404621F062FC1F21B948D3
:10B4400024F08EFCB84821F003FAFFF72DB80DF573
:10B450009278B349404621F0FBFB4046E5F794F86B
:10B46000404621F04DFCA949C7E7AD49404621F0CF
:10B47000EFFB4046E5F788F8404621F041FCA34940
:10B4800056E70DF59278A949404621F0E1FB404688
:10B49000E5F77AF8404621F033FC9C49404621F01C
:10B4A000D7FB4046E5F770F8404621F029FC4FF005
:10B4B000000BFEF710BC00210320E6F713FBFEF79C
:10B4C00057BC9B4B9AED1C7AD3ED006ACDF8F48102
:10B4D00007EE90BAF8EEE77A27EE097A67EEA67AD9
:10B4E0007CA867EE677AFDEEE77A17EE901A20F0F7
:10B4F00013F91BEE101A20F003F923683293329AE5
:10B5000023683193319B9B1A042BF9D901221146F0
:10B510000320E6F7E7FABB6E07EB830003F10C02AA
:10B5200007EB820C4CAA0021C2627CAA0263B966B6
:10B53000CCF80410B7EE000A02213846FCF72AFBCB
:10B54000FEF71ABE7A4BDDED047AD3ED006A9AED70
:10B550001C7ACDF8F481F8EEE77A27EE097A67EEE7
:10B56000A67A7CA867EE877AFDEEE77A17EE901A46
:10B5700020F0D2F81BEE101A20F0C2F823682E93A8
:10B580002E9A23682D932D9B9B1A042BF9D9012207
:10B5900011460320E6F7A6FABB6E07EB830003F122
:10B5A0000C0207EB820C4CAA0021C2627CAA026347
:10B5B000B966CCF80410B7EE000A02213846FCF751
:10B5C000E9FAFEF771BD0DF592785A4940469B465F
:10B5D00021F03EFB4046E4F7D7FF404621F090FBC8
:10B5E0004A49404621F034FB4046E4F7CDFF40464F
:10B5F00021F086FB5049404621F02AFB4046E4F703
:10B60000C3FF404621F07CFB4249404621F020FB2D
:10B610004046E4F7B9FF404621F072FB3E49404600
:10B6200021F016FB4046E4F7AFFF404621F068FBEF
:10B630003A49404621F00CFB4046E4F7A5FF40465E
:10B6400021F05EFBFFF738BA0DF592783749404696
:10B6500021F0FEFA4046E4F797FF404621F050FB08
:10B660002A49404621F0F4FA4046E4F78DFF40466F
:10B6700021F046FB4FF0000BFFF71EBA29460320CE
:10B68000E6F730FAA2E50DF592782A4940469B4646
:10B6900021F0DEFA4046E4F777FF404621F030FB28
:10B6A0001A49404621F0D4FA4046E4F76DFF40467F
:10B6B00021F026FB2049404621F0CAFA4046E4F733
:10B6C00063FF404621F01CFB1249404621F0C0FABE
:10B6D0004046E4F759FF404621F012FB0E49404630
:10B6E00021F0B6FA4046E4F74FFF404621F008FB50
:10B6F0000A49404621F0ACFA4046E4F745FF40468F
:10B7000021F0FEFAFEF7E5BB00EB0400DCAD04001F
:10B7100014EB040080B4040018E6040024E60400DE
:10B72000ECEA0400E0EA04002808FF1FF8E904003E
:10B730008018FF1F0CEA040020EA04000DF592783F
:10B740001349404621F084FA4046E4F71DFF404685
:10B7500021F0D6FA0F49404621F07AFA4046E4F744
:10B7600013FF404621F0CCFA4FF0000BFEF7B1BBBF
:10B7700029460320E6F7B6F9D5E49FED078ACDF810
:10B780000490FEF757B900230593FEF798B900BF60
:10B79000F8E90400DCAD0400000000002DE9F04FE2
:10B7A00000F12C052DED028B05EB8106B54285B02D
:10B7B00004468846B0EE408A4FEA81070FD0BA109F
:10B7C000B2FA82F2C2F11F02520031462846A44B5F
:10B7D000FCF742F9A24A31462846FCF7A9F8D4F80A
:10B7E0002CE0C4F858E0B8F1010F40F32281E019D1
:10B7F000DEF810C028302A4652F8041F0B69904228
:10B80000CCEB43034B61F7D1DEF81C30DEF820B0FF
:10B810000193B54200F0068104F130039E4200F02E
:10B820000B81DEF824501A46116810464A6A954288
:10B8300028BF1546021D9642F6D1DEF818901A6808
:10B84000916989EAE97681EAE172A6EBE976A2EBF1
:10B85000E172B2429A46ACBF32468946504503F186
:10B860000403ECD1BCF1000F00F0C38007EE902A76
:10B87000F8EEE77A67EE887AFCEEE77A17EE903A10
:10B88000002B00F0B680DEF81830002BB8BF5B420A
:10B8900007EE903AB8F1000FF8EEE75A40F3D48083
:10B8A00007EE90CAE119B8EEE75ADFED6E6A28316B
:10B8B00004F1280252F8043FD3ED047A9B69F8EEB4
:10B8C000E77A002B87EE857AB8BF5B4207EE903AA5
:10B8D00027EE257AF8EEE77A87EE276AB4EE666AF5
:10B8E000F1EE10FAC8BFF0EE466A8A42E2D1C5EE28
:10B8F000A67A04F1040A4FF0000984F82890504613
:10B900006D00FCEEE77A17EE907A20F059F820628D
:10B91000504620F055F8606220F024F861690AF181
:10B9200004001FF0ABFFA16D019E4868C968C4F810
:10B930008870A1EB0008A7FB0773C4E9206BC4E97A
:10B940002873A067B8F1000FABFB0B010297A6FBB1
:10B95000067BB8BFC8F10008C4E92601C01B2A460F
:10B96000039361EB0B01C4E9247BC4F8A850C4F82D
:10B970007C804B4626F072F910EB080041EBE87131
:10B98000CA0F121841F10001560846EAC176B045C7
:10B9900034D3029BD81B039B2A4663EB0B014B4617
:10B9A00026F05CF9864236DCC4F8B060C4F8AC60BE
:10B9B00001995046E5F7E8FCA268002A47D0236ABF
:10B9C00029490120D0600025E06995600324946036
:10B9D000DB000D604A6803F1804303F560330244E5
:10B9E0000D241A610C60DA68502122F08002DA60BE
:10B9F000D96005B0BDEC028BBDE8F08F0D2021F0C1
:10BA000021FE192021F094FE0D2021F01BFE1920AB
:10BA100021F08EFEF2E7C0EB4606C4F8AC00C4F895
:10BA2000B060C5E7E36A9A695D6A002AB8BF52420E
:10BA300018E7DEF810C0E7E6DEF81820DEF824503C
:10BA4000002AB8BF52420DE7DFED066A4FE7074B09
:10BA50001B68002BB3D0022101209847A268AEE7F3
:10BA60007504000000000000008003405C1EFF1F02
:10BA70002DE9F04F2DED048BC5B00B4609EE100AF1
:10BA8000C449009303A8B0EE408AF0EE608A98465D
:10BA900021F0DEF8C04AC14CDFF85093DFF850B314
:10BAA000BF48E569A66900231370BE4AC9F8003093
:10BAB0002F21CBF80030176824F052F9BA4820F053
:10BAC000C7FE0E21B94824F04BF918EE100A25F0F4
:10BAD00017FC41EC100B0221B34820F0DDFEB24808
:10BAE00020F0B6FE0C21B24824F03AF918EE900A84
:10BAF00025F006FC41EC100B0221AB4820F0CCFEF7
:10BB0000A94820F0A5FE0D21AA4824F029F968EEE5
:10BB1000288A18EE900A25F0F3FB41EC100B022165
:10BB2000A14820F0B9FEA04820F092FE1721A248BB
:10BB300024F016F99C4820F08BFE4346002B40F081
:10BB40001981984A1368022B00F05A8100F20E8185
:10BB5000012B40F00F81994903A821F02BF9256BA7
:10BB6000E66A1523EFB201213846C9F800301423E4
:10BB7000CBF8003021F03CFD94F82C00012121F09D
:10BB800037FD012211460220E5F7ACFF85498B6B9A
:10BB9000CA6CD1F860A002FB03F308EE103A8148AA
:10BBA00087490068874A884B0860D9F800101160FF
:10BBB0003846DBF800201A6001215FFA86F821F090
:10BBC00017FD0121404621F013FD0023CDE9183374
:10BBD000CDE930338DF880302D932E938DF8BC3025
:10BBE0007A4B17937A4B169380238DF8683016ABF7
:10BBF000D9F80010DFED777A1B93092042F29F43BA
:10BC0000B8EEC88A0DF11809CDE91C03DBF8002055
:10BC1000052341F2883C4846CDE932C328EE278A05
:10BC20001FF03AFDB8EEC90ABDEEC88A20EE280A18
:10BC300024F0A4FB684B5A6F684B0221012AF0EEF6
:10BC4000408A19600BD103226548DFF8A8C1654915
:10BC50001A60102303601723CCF800200B6018EE45
:10BC6000101A48461FF058FD51461FF049FDFDEEE1
:10BC7000E87ADFF834B1DFF880A117EE901A1FF0F0
:10BC800087FD309B44A803F10B0200EB83030021E6
:10BC900043F88C9C00EB82030791309143F8B41C6D
:10BCA000B7EE000A012116A8FFF778FDDFF84C91E6
:10BCB00016E0A6F10A031D2B40F2C680D4F8F83036
:10BCC000D8B20A3B1D2B06D821F0C8FCD4F8FC30B2
:10BCD000984240F00182E7F7FDF8002840F04581E6
:10BCE000189BA5F10A02002B00F016811D2AE0D84E
:10BCF000384621F0B3FCD4F8FC3002469A424FF0AB
:10BD000016014846D5D024F02BF8584620F0A0FD67
:10BD1000F5EEC08AF1EE10FACBDD19A8002620F06E
:10BD20006DFC1E9818961FF05FFE1F9801251FF0EE
:10BD30005BFE2D4B2A46314630461D70E5F7D2FE9C
:10BD40002A4631462846E5F7CDFE2A4631460220EE
:10BD5000E5F7C8FE2A4631460320E5F7C3FE314623
:10BD60002A460420E5F7BEFE2946ADE0033B012B41
:10BD70007FF6F1AE7B1E032B00F2FD8101A252F88B
:10BD800023F000BF01BE010057BB010057C00100F6
:10BD90000DC0010000120500CC16FF1F7013FF1F1D
:10BDA00090EB04004410FF1F2808FF1FC0EB0400A5
:10BDB000D0EB0400E0EB0400F0EB0400A0DF040093
:10BDC0009407FF1F7407FF1F7007FF1FC80E0500B1
:10BDD0000C0F05000AD7233C3411FF1FE00FFF1F93
:10BDE0007C07FF1F7807FF1F7C18FF1F6407FF1FDA
:10BDF000FC06FF1F9807FF1F88E8040070E8040096
:10BE0000A74903A820F0D6FFE569A6690623EFB28B
:10BE100001213846C9F800300523CBF8003021F065
:10BE2000E7FB207E012121F0E3FB012211461046B1
:10BE3000E5F758FE9B494B6B8A6CD1F85CA002FB7E
:10BE400003F308EE103AAAE6404621F007FCD4F8C6
:10BE5000FC3002469A424FF0260150463FF42EAF86
:10BE600023F07EFF584620F0F3FCF5EEC08AF1EE99
:10BE700010FA7FF523AF19A8002620F0BFFB1E980B
:10BE800018961FF0B1FD1F9801251FF0ADFD864BE0
:10BE90002A46314630461D70E5F724FE2A463146D3
:10BEA0002846E5F71FFE2A4631460220E5F71AFE2E
:10BEB0002A4631460320E5F715FE31462A4604207E
:10BEC000E5F710FE4FF0FF310820FBF75BFBD4F8DD
:10BED0000001A0F10A031D2B40F24781012334E049
:10BEE0000122002110460193E5F7FCFD019B01931F
:10BEF000012200210220E5F7F5FD019B01930122BB
:10BF000000210320E5F7EEFD019B019301220021B2
:10BF10000420E5F7E7FD019B009A4AB16348079CBE
:10BF200002686349224402600A68079802440A6072
:10BF30000F216048009323F013FF07995E4820F01B
:10BF40007FFC5D4820F084FC009B009316A85B4BAF
:10BF50001693FBF753FC03A820F0D2FE009B184673
:10BF600045B0BDEC048BBDE8F08F0190172154481B
:10BF700023F0F6FE504820F06BFC189A019B002A33
:10BF800000F0E8804F4C5048156801930E214F4A4D
:10BF9000B2FBF5F2226023F0E3FE2168464820F070
:10BFA0004FFC454820F054FC2268019BF92A11DD22
:10BFB000189ADAB116A80193E4F774FF189A019B56
:10BFC000A2B11C46012021F0B3FB189B002BF9D134
:10BFD00023460BE019A820F011FB00221E981892AE
:10BFE0001FF002FD1F981FF0FFFC019B2D4A1268F5
:10BFF000013A032A90D801A151F822F0E1BE0100D4
:10C00000EFBE0100FDBE01000BBF0100304903A8D7
:10C0100020F0D0FE256FE66E1223EFB201213846E4
:10C02000C9F800301323CBF8003021F0E1FA94F87E
:10C030006C00012121F0DCFA012211460420E5F711
:10C0400051FD18490B6C4A6DD1F868A002FB03F34F
:10C0500008EE103AA3E51F4903A820F0ABFE256DBA
:10C06000E66C1023EFB201213846C9F800301723DF
:10C07000CBF8003021F0BCFA94F84C00012121F0FB
:10C08000B7FA012211460320E5F72CFD0549CB6BD9
:10C090000A6DD1F864A002FB03F308EE103A7EE5C6
:10C0A000D4B804004410FF1F7C18FF1F4416FF1F64
:10C0B000F015FF1F60EC04002808FF1F0C0F05009F
:10C0C00038EC04001C16FF1F50EC0400008793039B
:10C0D0005CE004000CE004002D212A4823F040FE1F
:10C0E000294820F0B5FB19A8002520F087FA1E98F2
:10C0F00018951FF079FC1F981FF076FC234B012642
:10C100002A46294628461E70E5F7ECFC2A462946B1
:10C110003046E5F7E7FC2A4629460220E5F7E2FC2F
:10C120002A4629460320E5F7DDFC2A462946042055
:10C13000E5F7D8FC0820FAF7EFFCD4F80001A0F1ED
:10C140000A031D2B3FF6CAAEC0B2314621F050FAA9
:10C150003346FAE60E490C68002C3FF413AF022177
:10C160000120A047189A019B0CE7C0B2294621F094
:10C170003FFA2B46E9E64FF0000A08EE10AAEFB2AC
:10C180000DE500BF08EC04002808FF1F7C18FF1F06
:10C190005C1EFF1F2DE9F04FAD4DD5F800012DEDD0
:10C1A000028BA0F10A031D2BADF5177D40F217811C
:10C1B000A84CA94B226808920021089A197023689C
:10C1C0000793079B9B1A092BF9D968AEA349DFF89F
:10C1D000D892DFF8D8A2DFF8D882304620F038FDB8
:10C1E0003046E4F7D1F9304620F08AFD9C4B3046CA
:10C1F000196820F02DFD3046E4F7C6F9304620F0EE
:10C200007FFD984B69930023CDE96A33CDE98233F2
:10C210008DF8C8317F9380938DF804328020924B43
:10C2200068938DF8B001092342F29F408F4A9049EC
:10C23000126809686D96CDE96E3041F288370520A5
:10C24000CDE9847018A81FF027FA8A4B8A4F1A6824
:10C250008A4B28A819681FF01FFA894B1A68894B66
:10C260000DF1E00B196858461FF016FAD9F80020B6
:10C27000DAF8001048A81FF00FFA3A68D8F8001052
:10C2800058A81FF009FA002319932993CBF804301A
:10C29000499359937C4B1B68013B032B00F29E850D
:10C2A000DFE803F0613C20027848092123F058FDC3
:10C2B000DFF800C2DFF800E22F23CCF8003038238B
:10C2C000C8F8003039233B60714B0193714A136801
:10C2D000042B00F28B85DFE813F0CF03C803C00303
:10C2E000B80387006C48092123F03AFDDFF8C8E164
:10C2F000DFF8C0C12E23CEF800302F23CCF8003059
:10C300003623CAF800303723C9F800303823C8F87C
:10C31000003039233B605E4B0193D7E75F4809212A
:10C3200023F01EFD5A4BDFF890E101931A462D23AE
:10C330001360DFF880C1534A2E23CEF800302F233C
:10C34000CCF80030342313604D4A35231360362374
:10C35000CAF800303723C9F800303823C8F8003055
:10C3600039233B60B2E74B4A4D480292092123F042
:10C37000F7FC4C4805902C2101604548DFF838E176
:10C38000DFF830C1029A424B01932D2101602E212A
:10C390003A48CEF800102F21CCF80010322101606D
:10C3A0003448136833210160364834210160344831
:10C3B000352101603621CAF800103721C9F8001074
:10C3C0003821C8F8001039213960042B00F2168595
:10C3D000DFE813F0EE04D204F004F504E9040021D0
:10C3E000C0B221F005F9E3E62E4BD5F89410186899
:10C3F000D5F898800593042800F2C184DFE810F096
:10C4000011030303F702EB020500D5F89430029301
:10C41000019BDEF80070D5F898A0DCF800E01B68FE
:10C42000042B00F2D684DFE813F0C702C002B70283
:10C43000B2020500D5F89430D5F89890042F00F298
:10C44000C384DFE817F094028D0284026C023B0083
:10C450007013FF1F0C1FFF1F3016FF1FACB104002D
:10C460004807FF1FC80E05000C0F05006807FF1FD7
:10C470006C07FF1F7007FF1F8807FF1F7407FF1F50
:10C480007807FF1F7C07FF1FE00FFF1F94EC0400DD
:10C490009807FF1F9007FF1F88EC04007CEC040046
:10C4A00070EC04009407FF1F8007FF1F8407FF1F25
:10C4B0008C07FF1FA007FF1F9C07FF1FD5F89400E4
:10C4C000D5F8987008EE100ABEF1040F0CD8DFE81A
:10C4D0001EF02E0222021C0217020500D5F894005D
:10C4E000D5F8987008EE100A18A8049203931FF06C
:10C4F00013F941461FF004F9CF4909681FF02EF9DE
:10C50000029928A81FF008F951461FF0F9F8CB4905
:10C5100009681FF023F9039B584619461FF0FCF8E1
:10C5200049461FF0EDF8C64B19681FF017F918EED1
:10C53000101A48A81FF0F0F839461FF0E1F8C14B77
:10C5400019681FF00BF9C04958A81FF0E5F8BE495B
:10C550001FF0D6F8BD4B19681FF000F9049A106857
:10C5600001221146E5F7BEFA059B1868272840F31B
:10C57000E782019B1868272840F3DD82829B96A8FA
:10C5800003F10D0200EB820200EB830018AF40F8CC
:10C590008C7C96A800EB830028AF40F8887C96A896
:10C5A00000EB8303002143F884BCB7EE000A42F895
:10C5B000B41C304682910321FFF7F0F86A9B002BF0
:10C5C00000F0EE83A24FDFF8D492DFF8D4A2D5F8C2
:10C5D000F800A0F10A031D2B07D8C0B221F03EF8E5
:10C5E000D5F8FC30984240F0C38221F05DFC002871
:10C5F00040F352823B68012BB84600F05482032B73
:10C6000000F08682002B00F08082002389F8003041
:10C610006A9923681493149A23681393139B9B1AA3
:10C62000092BF9D90029D2D18A4B1B68082B15ACEC
:10C6300000F0E582092B40F0C5808749204620F0B4
:10C6400007FB2046E3F7A0FF204620F059FB834B71
:10C65000204619681F4620F0FBFA2046E3F794FFB6
:10C66000204620F04DFB7E49204620F0F1FA20467E
:10C67000E3F78AFF204620F043FB3968204620F08C
:10C68000E7FA2046E3F780FF204620F039FB7549A2
:10C69000204620F0DDFA2046E3F776FF204620F022
:10C6A0002FFB3968204620F0D3FA2046E3F76CFFD1
:10C6B000204620F025FB6C4B012218680021E5F78D
:10C6C00011FA002101220846E5F70CFAD5F8E0300E
:10C6D000012B77D06549204620F0BAFA2046E3F7CF
:10C6E00053FF204620F00CFB6149204620F0B0FAB1
:10C6F0002046E3F749FF204620F002FB5D49204633
:10C7000020F0A6FA2046E3F73FFF204620F0F8FA93
:10C710005949204620F09CFA2046E3F735FF204691
:10C7200020F0EEFA5549204620F092FA2046E3F731
:10C730002BFF204620F0E4FA5149204620F088FAE9
:10C740002046E3F721FF204620F0DAFA4D49204643
:10C7500020F07EFA2046E3F717FF204620F0D0FABB
:10C760004349204620F074FA2046E3F70DFF2046A7
:10C7700020F0C6FA4449204620F06AFA2046E3F742
:10C7800003FF204620F0BCFA3B49204620F060FA27
:10C790002046E3F7F9FE204620F0B2FA374920465A
:10C7A00020F056FA2046E3F7EFFE204620F0A8FAE4
:10C7B0003349204620F04CFA2046E3F7E5FE2046B8
:10C7C00020F09EFA3149204620F042FA2046E3F755
:10C7D000DBFE204620F094FAD8F80030012B00F060
:10C7E000C782032B00F0C082002B00F0B982284BD7
:10C7F000284F93ED000AB8EEC00AE3F77DFE3968D2
:10C80000204620F025FA2046E3F7BEFE204620F021
:10C8100077FA2149204620F01BFA2046E3F7B4FEC0
:10C82000204620F06DFAD8F80030012B00F09482F9
:10C83000032B00F08D8235E0FC15FF1FF015FF1F64
:10C84000F415FF1F2818FF1FA08601002C18FF1FDA
:10C850006007FF1F5007FF1F24ED04004807FF1F5C
:10C860003CED040054ED04004410FF1F6CED040087
:10C87000DCAD040084ED040080B4040018E604007C
:10C8800024E604009CED0400B4ED0400CCED0400AB
:10C890005016FF1F4C07FF1FDCED0400B816FF1FEA
:10C8A0001C16FF1F002B00F04F82A84B93ED000ACF
:10C8B000B8EEC00AE3F720FE3968204620F0C8F938
:10C8C0002046E3F761FE204620F01AFAA04B5A6F8B
:10C8D000012A00F06082D5F800019E4A002313600F
:10C8E000A0F10A031D2B40F22A829B4B689330462D
:10C8F000FAF784FF0DF5177DBDEC028BBDE8F08FD4
:10C90000D5F88C30D5F89090EEE5D5F88400D5F8C0
:10C9100088A00290E8E5E96FD5F88080E4E58F4FC4
:10C92000D5F88C30D5F8909008EE107ACCE52068D8
:10C930001290686FDDF848C0AF6F08EE100A2068EB
:10C9400011901198A0EB0C000E28F8D9CCE5834F7C
:10C95000D5F88400D5F888A0029008EE107AB3E5E7
:10C960007E4FE96FD5F8808008EE107AACE520683C
:10C970001090686FDDF840C0AF6F08EE100A2068B5
:10C980000F900F98A0EB0C000E28F8D99CE5D5F875
:10C990008C30D5F8909051E5DFF8C091D5F884300F
:10C9A0000293D5F888A04B4648E5DFF8B091E96FCF
:10C9B000D5F880804B4641E523680E93DDF838C0FA
:10C9C0006B6FD5F8789020680D900D98A0EB0C0057
:10C9D0000E28F8D932E5D5F88C300293019BDEF8A9
:10C9E0000070D5F890A0DCF800E01B6818E5D5F8D9
:10C9F00084300293019BDEF80070D5F888A0DCF843
:10CA000000E01B680CE5019BDFF850A1DEF8007028
:10CA1000E96FDCF800E0D5F880801B68CDF808A04D
:10CA2000FEE423680C930C986B6FD5F878A0029302
:10CA300023680B930B9B1B1A0E2BF9D9019BDEF875
:10CA400000701B68DCF800E0EAE4454BD5F88C1078
:10CA50001868D5F890800593CDE4414BD5F8841043
:10CA60001868D5F888800593C5E43D4BE96F1868D0
:10CA7000D5F880800593BEE4394B05931868236888
:10CA80000A930A9F696FD5F8788023680993099BF8
:10CA9000DB1B0E2BF9D9AEE422F07CFA3B68012BAC
:10CAA000B8467FF4ACAD21F013FAC3B2532B89F82A
:10CAB00000307FF4ADAD6A9B002B00F096800E2114
:10CAC00028481A68284BB3FBF2F3CAF8003023F069
:10CAD00047F9DAF8001025481FF0B2FE23481FF08E
:10CAE000B7FEDAF80030F92B15DC6BA81FF086FDD5
:10CAF000002370986A931EF077FF71981EF074FF00
:10CB00006A99144A0023136083E523F0BBF8CCE74D
:10CB100022F054FAC9E76A990029F2D03046E4F7C6
:10CB2000C1F96A990029ECD0012020F001FE6A9930
:10CB30000029F9D1E5E701221146E4F7D3FF1DE50D
:10CB400001221146E4F7CEFF13E500BF4416FF1F94
:10CB50003411FF1FE00FFF1F0C0F0500A08601001E
:10CB60009407FF1F50EC0400008793032808FF1F61
:10CB70001F21A84823F0F4F8A7481FF069FE6BA80E
:10CB800000241FF03BFD70986A941EF02DFF7198F1
:10CB90001EF02AFFA14B01272246214620461F7086
:10CBA000E4F7A0FF224621463846E4F79BFF2246E1
:10CBB00021460220E4F796FF224621460320E4F7AF
:10CBC00091FF224621460420E4F78CFF1520F9F757
:10CBD000A3FFD5F80001A0F10A031D2B3FF685AE97
:10CBE0003946C0B220F004FD7FE68D4A1268002A63
:10CBF0003FF465AF0221012090476A9B5FE78949B6
:10CC0000204620F025F82046E3F7BEFC204620F021
:10CC100077F8854B204619681F4620F019F8204602
:10CC2000E3F7B2FC204620F06BF88049204620F064
:10CC30000FF82046E3F7A8FC204620F061F8396899
:10CC4000204620F005F82046E3F79EFC204620F021
:10CC500057F8774920461FF0FBFF2046E3F794FC86
:10CC6000204620F04DF8396820461FF0F1FF20469D
:10CC7000E3F78AFC204620F043F86E4B0122186847
:10CC80000021E4F72FFF002101220846E4F72AFFE4
:10CC9000D5F8E030012B3FF495AD674920461FF0F1
:10CCA000D7FF2046E3F770FC204620F029F86349BF
:10CCB00020461FF0CDFF2046E3F766FC204620F01B
:10CCC0001FF85F4920461FF0C3FF2046E3F75CFCD6
:10CCD000204620F015F85B4920461FF0B9FF20469A
:10CCE000E3F752FC204620F00BF8574920461FF08E
:10CCF000AFFF2046E3F748FC204620F001F85349F7
:10CD000020461FF0A5FF2046E3F73EFC20461FF01B
:10CD1000F7FF4F4920461FF09BFF2046E3F734FC06
:10CD200020461FF0EDFF454920461FF091FF2046A9
:10CD3000E3F72AFC20461FF0E3FF46491BE50121EB
:10CD4000C0B220F055FCD0E5222023F08DF8ACE5F0
:10CD5000222022F0DDF8A8E5222020F0EFFFA4E554
:10CD6000222023F081F842E5222022F0D1F83EE58E
:10CD7000222020F0E3FF3AE5E96FD5F88080019B9F
:10CD8000DFF8D4A0DEF800701B68DCF800E0CDF816
:10CD900008A0FFF745BB00210320E4F7A3FE9AE5B6
:10CDA000DFF8C08040E4D5F89410D5F89880E6E725
:10CDB0002C2064E6D5F88410D5F88880DFE7D5F814
:10CDC0008C10D5F89080DAE7234F08EE107AFFF741
:10CDD0007BBBDFF884904B46FFF730BB1F4BDFF87F
:10CDE00088E0DFF888C00193FFF770BA1C4BDFF8CA
:10CDF0006880186805934146FFF7FDBA164F029701
:10CE000008EE107AB946BA46B8463B463946FFF7AF
:10CE10006BBB00BFA0EC04002808FF1F7C18FF1F9D
:10CE20005C1EFF1FA8B204004807FF1F94B2040055
:10CE3000C0EC04004410FF1FD4EC0400DCAD04007F
:10CE4000E8EC040080B4040018E6040024E60400C2
:10CE5000FCEC040010ED0400A08601009807FF1F01
:10CE60009407FF1F6007FF1F9C07FF1FA007FF1FFE
:10CE70002DE9F04F2DED0A8BDFF86893CA49D9F8F8
:10CE80003C30CA4CD9ED117AD4F81C80D4F818B0D3
:10CE9000D9F85860CBB000220293D9F800304A602C
:10CEA000D9F8501003915A1ED9F830100091F8EEBD
:10CEB000678AB0EE40BAF0EE609AF0EE41AAB0EEAA
:10CEC000618A032A00F28D83DFE812F058013F01E6
:10CED00026010400012211460420D4F87080D4F801
:10CEE0006CB0E4F7FFFDD9F84030D9ED157A019325
:10CEF000D9F86830B8EE679A0CEE903AD9F800305D
:10CF000013271225AA4A9FEDABAA1360AA4B1D60F6
:10CF1000AA4B1F605FFA88F3184601210CEE103A05
:10CF200020F066FB5FFA8BF3184601210BEE903A76
:10CF300020F05EFBDDE90001E5F79AFB01221146D6
:10CF40000020E4F7CFFD9E4B1D939E4B1C93802346
:10CF50008DF880301CAB3A4621930CAF092042F289
:10CF60009F4341F2883C2946CDE922030025052351
:10CF70003846CDE938C3CDE91E55CDE936558DF893
:10CF80009850339534958DF8D4501EF085FB2BEED8
:10CF9000290A0D9523F0F2F98B4B8C4A8C491D60C0
:10CFA000F0EE409A02232AEE880A4FF0030A0B6043
:10CFB000C2F800A023F0E2F9DDED017A29EE0A7A49
:10CFC000F8EEE77A384667EE877ABDEEC08AFDEE66
:10CFD000E77A17EE901A1EF09FFB1CEE901A1EF0D7
:10CFE0008FFBFDEEE97A17EE901A1EF0B7FBDDED30
:10CFF000007A7848F8EEE77A68EE8A8A67EEA87ACF
:10D00000FDEEE77A17EE901A1EF086FB31461EF011
:10D0100077FB704B18EE101A18465D601EF09EFBF1
:10D020006D496E4A4E6F0223012E136000F08C8111
:10D030001946369B674E369503F10C024AA800EB61
:10D04000820200EB8300B7EE000A40F88C6C4AA81D
:10D0500000EB83031CA843F8887C42F8B45CFEF71D
:10D060009DFBDFF884A1DAF8003007930799DAF81E
:10D0700000300693069B5B1AB3F5FA7FF7D31E9B2D
:10D08000002B36D0A8F10A06ABF10A05544FDFF8A1
:10D090005C811CEE10BA1B68B8FBF3F3F92B3B6004
:10D0A00040F2B6811D2E40F2A3801D2D40F2DA80A1
:10D0B000D4F8F800A0F10A031D2B07D8C0B220F065
:10D0C000CDFAD4F8FC30984240F04C82E5F702FFEC
:10D0D000002840F0B781DAF800300B930B99DAF8AA
:10D0E00000300A930A9B5B1A042BF8D91E9B002B75
:10D0F000D1D14FF0000B002101220846E4F7F2FCE9
:10D10000D9F80020013A032A00F2F980DFE812F092
:10D11000D601D001F200CA01012211460320D4F841
:10D120005080D4F84CB0E4F7DDFCD9F83C30D9EDB0
:10D13000147A0193D9F86430B8EE679A0CEE903AFD
:10D140001727D9F800301025DCE60122114602200D
:10D15000D4F83080D4F82CB0E4F7C4FCD9F83830D7
:10D16000D9ED137A0193D9F86030B8EE679A0CEED6
:10D17000903A1427D9F800301525C3E6012211464C
:10D180001046E4F7AFFCD9F83430D9ED127A0193A8
:10D19000D9F85C30B8EE679A0CEE903A0527D9F8CA
:10D1A00000300625AEE600BF1C17FF1F7013FF1FDF
:10D1B0009407FF1F0AD7233C7407FF1F7007FF1F48
:10D1C000C80E05000C0F05009007FF1F6C07FF1F1E
:10D1D0006807FF1F3818FF1F3411FF1FE00FFF1FE4
:10D1E0001C16FF1F4410FF1F0C1FFF1F0087930317
:10D1F000584620F033FAD4F8FC3098423FF455AF4B
:10D200002221BC4822F0ACFDBB481FF021FB1FA827
:10D2100000261FF0F3F924981E961EF0E5FB2598D2
:10D220004FF0010B1EF0E0FBB44B5A46314630463E
:10D2300083F800B0E4F756FC5A4631465846E4F706
:10D2400051FC5A4631460220E4F74CFC5A4631461E
:10D250000320E4F747FC31465A460420E4F742FC39
:10D2600059463AE01BEE900A20F0F8F9D4F8FC3069
:10D2700098423FF41DAF22219E4822F071FD9E4846
:10D280001FF0E6FA1FA800261FF0B8F924981E9692
:10D290001EF0AAFB25984FF0010B1EF0A5FB974B43
:10D2A0005A463146304683F800B0E4F71BFC5A4634
:10D2B00031465846E4F716FC5A4631460220E4F758
:10D2C00011FC5A4631460320E4F70CFC31465A461D
:10D2D0000420E4F707FC4FF0FF310920FAF752F978
:10D2E000D4F80001A0F10A031D2B40F275814FF024
:10D2F000010B1EE0012200210320E4F7F3FB804E26
:10D30000804B0D9F31685A6F7F4D804B804C814818
:10D31000394431605F6829685E6839442960216852
:10D320003144216001680D9C012A2144016000F014
:10D330000981794B1C931CA8FAF760FA58464BB048
:10D34000BDEC0A8BBDE8F08F744B91ED1C7A5D60EB
:10D35000734BC2F800A0D3ED006A724B724AC3F857
:10D3600000A0F8EEC87A27EE0A7A67EEA67A6F4B2D
:10D370006A4867EE877A1025FDEEE77A156017EEAA
:10D38000901A17221A601EF0E9F9039A029B63486B
:10D3900002FB03F307EE903AF8EE677A67EE8A7ABB
:10D3A000FDEEE77A17EE901A1EF0B6F9D9F8641080
:10D3B0005A481EF0A5F95046DFF884A1314632469E
:10D3C000E4F790FBDAF8003005930599DAF80030BD
:10D3D0000493049B5B1A042BF8D9369B4AAA02EBF0
:10D3E000830503F10D0102EB8101484A45F88C2CBD
:10D3F00000204A4A369045F8887C45F8842CB7EEE0
:10D40000000A41F8B40C03211CA8FEF7C7F92AE66C
:10D41000DAF8003009930999DAF800300893089B8C
:10D420005B1AB3F5FA7FF7D31CA8E3F73BFD1E9B0D
:10D43000002B3FF45EAE012020F07AF91E9B002BFA
:10D44000F9D156E617218346394822F089FC2A484B
:10D450001FF0FEF91E9A002A42D00E2135481468AA
:10D46000354AB2FBF4F23A6022F07AFC396822487D
:10D470001FF0E6F920481FF0EBF93A68F92A23DD9E
:10D480001E9A002A3FF437AE1CA8E3F70BFD1E9A44
:10D49000002A3FF430AE012020F04AF91E9B002BF9
:10D4A000F9D128E6012200210420E4F71BFB26E73E
:10D4B000012200210220E4F715FB20E701220021D0
:10D4C0001046E4F70FFB1AE71FA81FF097F82498FF
:10D4D00000221E921EF088FA25981EF085FA0AE6B0
:10D4E00016490C68002CB8D002210120A0471E9AD2
:10D4F000B3E700BFECED04002808FF1F7C18FF1FF6
:10D500004416FF1F3411FF1F5016FF1F3818FF1F4E
:10D51000FC15FF1FF015FF1F0C0F05001C17FF1F48
:10D520008018FF1F9807FF1F7C07FF1F7807FF1F4A
:10D5300038EC040050EC0400008793035C1EFF1FCE
:10D540000C1FFF1F00210320E4F7CCFA294B2A48C7
:10D550005D68026829495C682A4402600A682244BE
:10D560000A60E6E61F21264822F0FAFB25481FF054
:10D570006FF91FA800251FF041F824981E951EF092
:10D5800033FA25981EF030FA1F4B4FF0010B2A4654
:10D590002946284683F800B0E4F7A4FA2A4629462B
:10D5A0005846E4F79FFA2A4629460220E4F79AFAF9
:10D5B0002A4629460320E4F795FA2A4629460420FC
:10D5C000E4F790FA0920F9F7A7FAD4F80001A0F1DE
:10D5D0000A031D2B3FF68BAE5946C0B220F008F867
:10D5E000A7E600229FED099A01920CEE902A0527EA
:10D5F000062587E41C17FF1F4816FF1FF415FF1FA1
:10D60000A0EC04002808FF1F7C18FF1F000000008A
:10D610002DE9F04F2B4B2C491B682DED0C8B002274
:10D6200009EE900AD9B04A60042B00F2D985DFE8F0
:10D6300013F08502B502E70219030500234B2449C4
:10D6400093ED157ADFED237A4C6B086FCA6E93ED7C
:10D6500010BA9F6E0090F8EE47AA01926AEEA7AA50
:10D66000002C00F0A585012C40F09085D3ED0B6ACD
:10D6700091ED197ACB6D896DC6EE877A01FB03F3C4
:10D6800000EE103AB8EE400A20EE270ABDEEC08A3E
:10D69000C3B20CEE103AD3B20122114604200BEEB5
:10D6A000903AE4F71FFA4FF0130B12240A4B196853
:10D6B000042900F28285DFE811F00F024B030B030F
:10D6C000D9011100F016FF1F1C17FF1F4410FF1F88
:10D6D0007013FF1F0AD7233C0017FF1FC349C4481C
:10D6E000D1ED197A90ED0B6A8A6DCB6DD1F87090FF
:10D6F0009FEDC07AD1F86CA090ED109A866EC6EEC0
:10D70000276A02FB03F3012211464FF0130812258A
:10D7100007EE903AF8EE677A67EEA67AFDEEE78AB2
:10D72000D0ED157AB8EE67AA04202AEE07AAE4F72E
:10D73000D9F95FFA89F30DEE103AAF4B19685FFA29
:10D740008AF30CEE903AAD4AAD4B1460AD4AC2F884
:10D7500000B0AD4A1160AD4A1560AD4AC2F8008014
:10D76000AC4A1CEE100A12681A6001211FF040FF3B
:10D770001BEE900A01211FF03BFF1DEE100A012154
:10D780001FF036FF1CEE900A01211FF031FFA24B63
:10D79000A2482B932A9080232AA88DF8B8302F9086
:10D7A00042F29F43092041F2883C5A462146CDE986
:10D7B0003003002405230AA8CDE946C3CDE92C4453
:10D7C000CDE944448DF8D040419442948DF80C4109
:10D7D0001DF062FF924BB8EEC80AD3ED007AB8EEA6
:10D7E000E98A20EE270A20EE080A22F0C7FDF8EEAB
:10D7F000CB7AFDEEC09A67EEAA7A0AA8FDEEE77A28
:10D800000B9417EE901A1DF087FF39461DF078FF34
:10D8100019EE901A1DF0BCFF424629461AA81DF0C9
:10D820003BFF804BF8EEE87A93ED007A67EE877A5B
:10D8300027EE880A22F0A2FDF8EEC97ABDEEC08A72
:10D8400067EE8A7A1AA8FDEEE77A1B9417EE901A13
:10D850001DF062FF31461DF053FF18EE101A1DF047
:10D8600097FF7149714A4B6F0221012B116040F003
:10D870009D83684B6E4D6F4C19686F48032313608E
:10D880002B601023236017230360002940F0A98335
:10D89000F8EEE97A644B9FED578A93ED1C7A674B5B
:10D8A000534CD3ED006A664827EE087A67EEA67AF5
:10D8B000002367EE877A4360FDEEE77A17EE901A51
:10D8C0001DF066FF226DE36B5D4802FB03F307EE7C
:10D8D000903AF8EE677A67EE887AFDEEE77A17EE0F
:10D8E000901A1DF019FF616E5548564C1DF008FF47
:10D8F000012211460320E4F7F5F823680393039A05
:10D9000023680293029B9B1A042BF9D9449B58A8C5
:10D9100003F10D0200EB820200EB83001AAD40F828
:10D920008C5C58A800EB83000AAD40F8885C58A8CE
:10D9300000EB83030021424843F8840C449142F8F1
:10D94000B41CB7EE000A03212AA8FDF727FF2368BD
:10D950000593059A23680493049B9B1AB3F5FA7FF9
:10D96000F8D32C9B002B73D0009A374E374F1F4DA6
:10D97000DDF804B0A2F10A081B68B7FBF3F3F92B3A
:10D98000336040F23583B8F11D0F40F27482ABF181
:10D990000A031D2B40F2B682A9F10A031D2B40F2A7
:10D9A000ED82AAF10A031D2B40F2F682D5F8F800A9
:10D9B000A0F10A031D2B07D8C0B21FF04FFED5F807
:10D9C000FC30984240F08183E5F784FA002840F06B
:10D9D0004D8323680993099923680893089B5B1A70
:10D9E000042BF9D92C9B002BC6D131E07013FF1FFB
:10D9F0004410FF1F0AD7233C0017FF1F6C07FF1FAF
:10DA00009007FF1F6807FF1F9407FF1F7407FF1F82
:10DA10007007FF1FF016FF1FC80E05000C0F050052
:10DA20004007FF1F4407FF1F3411FF1FE00FFF1FB8
:10DA30009807FF1F7C07FF1F7807FF1F8018FF1F35
:10DA40001C17FF1F0C1FFF1F1C16FF1F00879303CF
:10DA50004FF0000BB94B1A68042A00F2B481DFE8DA
:10DA600012F0FE010402F801F201AD01B449B5481B
:10DA7000D1ED117A90ED0B6A8A6BCB6BD1F8509097
:10DA80009FEDB17AD1F84CA090ED0F9A466EC6EE9C
:10DA9000276A02FB03F3012211464FF017081025F5
:10DAA00007EE903AF8EE677A67EEA67AFDEEE78A1F
:10DAB000D0ED147AB8EE67AA03202AEE07AAE4F79D
:10DAC00011F85FFA89F30DEE103AA04B19685FFA6E
:10DAD0008AF30CEE903A36E69A4A994992ED0B6A2F
:10DAE000D1ED027A9FED987A92ED0C9A966DC6EE82
:10DAF000276AD1E9001301FB03F300204FF002086D
:10DB000007EE903AF8EE677A372367EEA67A1D465D
:10DB1000FDEEE78AD2ED117A0122B8EE67AA11462E
:10DB20002AEE07AA0CEE903AE3F7DCFF874A0DEEE7
:10DB3000105AAA46A9461168032504E6814A80497D
:10DB400092ED0B6AD1ED026A4B6809689FED7E7A0F
:10DB500092ED0CBA976DC6EE267A01FB03F3002016
:10DB60004FF0020B00EE103AD2ED116AB8EE400A07
:10DB70003723F8EE66AA20EE270A01221C4611463A
:10DB80006AEE87AABDEEC08A0BEE903A0CEE104A00
:10DB9000E3F7A8FF01940094032487E56849DFEDCB
:10DBA0006A7ACA680B69D1ED056ACC698D690094FF
:10DBB00002FB03F300EE103A624B019593ED0B6A02
:10DBC00093ED0DBADF6D86EE267A012211461046DE
:10DBD0004FF0050BB8EE400A20EE070A93ED127ADB
:10DBE000F8EE47AABDEEC08A6AEEA7AAE3F77AFF6D
:10DBF000E3B20CEE103AEBB20BEE903A062455E588
:10DC00004F49DFED517A0A6A4B6AD1ED0A6A0C6B13
:10DC1000CD6A009402FB03F300EE103A494B0195E4
:10DC200093ED0B6A93ED0EBA1F6E86EE267A0122F3
:10DC3000114602204FF0140BB8EE400A20EE070AFE
:10DC400093ED137AF8EE47AABDEEC08A6AEEA7AA52
:10DC5000E3F748FFE3B20CEE103AEBB20BEE903A6A
:10DC6000152423E5374A364992ED146ADFED367AFA
:10DC70004C6B086D92ED0FBAD2ED0B6A576ECA6C01
:10DC800091ED117ACB6B0090F8EE46AA896B019268
:10DC90006AEEA7AA002C00F07D82C6EE877A01FB0F
:10DCA00003F300EE103AB8EE400A20EE270ABDEE6C
:10DCB000C08AC3B20CEE103AD3B20122114603203F
:10DCC0000BEE903A4FF0170BE3F70CFF1024EDE446
:10DCD0001B491C48D1ED0A7A90ED0B6A0A6A4B6A1F
:10DCE000D1F830909FED187AD1F82CA090ED0E9AD3
:10DCF000066EC6EE276A02FB03F3012211464FF0BF
:10DD00001408152507EE903AF8EE677A67EEA67AC2
:10DD1000FDEEE78AD0ED137AB8EE67AA02202AEE6C
:10DD200007AAE3F7DFFE5FFA89F30DEE103A074B1F
:10DD300019685FFA8AF30CEE903A04E5F016FF1FBB
:10DD40007013FF1F4410FF1F0AD7233C0017FF1F4B
:10DD5000B949BA48D1ED057A90ED0B6ACA680B69EA
:10DD6000D1F81C909FEDB67AD1F818A090ED0D9ADD
:10DD7000C66DC6EE276A02FB03F3012211464FF07F
:10DD80000508062507EE903AF8EE677A67EEA67A60
:10DD9000FDEEE78AD0ED127AB8EE67AA10462AEEB9
:10DDA00007AAE3F79FFE5FFA89F30DEE103AA54B41
:10DDB00019685FFA8AF30CEE903AC4E4012200215C
:10DDC0000420E3F78FFE9F4B1A68042A09D8DFE886
:10DDD00002F028342E220300012200210420E3F760
:10DDE00081FE994C0B9E21689848994B0B9D5A6F68
:10DDF000314421600168012A2944016000F0A481B6
:10DE0000944B2A932AA8F9F7F9FC584659B0BDEC6F
:10DE10000C8BBDE8F08F012200210320E3F762FEA6
:10DE2000DFE7002101220846E3F75CFED9E7012283
:10DE300000210220E3F756FED3E70122002110461D
:10DE4000E3F750FECDE7012200210320E3F74AFE6D
:10DE5000B9E7012200210220E3F744FEB3E70021E5
:10DE600001220846E3F73EFEADE7012200211046FD
:10DE7000E3F738FEA7E71CEE100A1FF0EFFBD5F81A
:10DE8000FC3098423FF483AD2221734821F068FFB3
:10DE900072481EF0DDFC2DA800261EF0AFFB329864
:10DEA0002C961DF0A1FD33984FF0010B1DF09CFD49
:10DEB0006B4B5A463146304683F800B0E3F712FE0A
:10DEC0005A4631465846E3F70DFE5A46314602207F
:10DED000E3F708FE5A4631460320E3F703FE3146D6
:10DEE0005A460420E3F7FEFD59460920F9F74AFB9C
:10DEF000D5F80001A0F10A031D2B40F220814FF05C
:10DF0000010B7DE71BEE900A1FF0A8FBD5F8FC3053
:10DF100098423FF441AD22214F4821F021FF4F4864
:10DF20001EF096FC2DA800261EF068FB32982C9659
:10DF30001DF05AFD33984FF0010B1DF055FD484B75
:10DF40005A463146304683F800B0E3F7CBFD5A46D7
:10DF500031465846E3F7C6FD5A4631460220E3F7FC
:10DF6000C1FD5A4631460320E3F7BCFD31465A460F
:10DF70000420E3F7B7FD4FF0FF31B6E71DEE100ABE
:10DF80001FF06CFBD5F8FC3098427FF47DAFAAF10E
:10DF90000A031D2B3FF60AAD1CEE900A1FF05EFB34
:10DFA000D5F8FC3098423FF401ADB4E7449B44946B
:10DFB00003F10C0258A800EB820200EB83001AADBB
:10DFC00040F88C5C58A800EB83030AA843F8880C3F
:10DFD000B7EE000A42F8B44C2AA8FDF7DFFB214C4B
:10DFE000B5E4184B1B68002B6BD1F8EEC87A51E4EE
:10DFF00023680793079A23680693069B9B1AB3F539
:10E00000FA7FF8D32D21184821F0AAFE13481EF0FC
:10E010001FFC2C9B002B3FF41BAD2AA8E2F742FF0C
:10E020002C9B002B3FF414AD01201FF081FB2C9B97
:10E03000002BF9D10CE500BF7013FF1F4410FF1F28
:10E040000AD7233C0017FF1F4416FF1FF015FF1FC0
:10E050003411FF1F0C0F0500ECED04002808FF1F12
:10E060007C18FF1F0C1FFF1F10EE040017218346B2
:10E07000654821F075FE65481EF0EAFB2C9A002ADF
:10E0800000F08C800E2162481468624AB2FBF4F200
:10E09000326021F065FE31685C481EF0D1FB5B48C0
:10E0A0001EF0D6FB3268F92A5EDC2DA81EF0A6FA17
:10E0B000329800222C921DF097FC33981DF094FCAE
:10E0C000C8E4DFED557AFFF7E5BB1F21534821F087
:10E0D00047FE4E481EF0BCFB2DA800241EF08EFA11
:10E0E00032982C941DF080FC33981DF07DFC4C4B35
:10E0F0004FF0010B22462146204683F800B0E3F79B
:10E10000F1FC224621465846E3F7ECFC2246214624
:10E110000220E3F7E7FC224621460320E3F7E2FC76
:10E12000224621460420E3F7DDFC0920F8F7F4FC41
:10E13000D5F80001A0F10A031D2B3FF6E0AE5946C9
:10E14000C0B21FF055FA5BE600210320E3F7CAFCDA
:10E15000344B35485D68026834495C682A44026083
:10E160000A6822440A604BE62C9A002A3FF472ACFB
:10E170002AA8E2F797FE2C9A002A3FF46BAC012004
:10E180001FF0D6FA2C9B002BF9D163E49FED288A6F
:10E19000FFF77EBA274B93ED008A8AE526490C6883
:10E1A000002C3FF46FAF02210120A0472C9A69E7B1
:10E1B000224B93ED008AFFF76BBA372300269FEDC1
:10E1C00016AA0CEE903A08EE906A09EE106A0DEE6F
:10E1D000103A9A4699464FF029082825FFF7B3BA16
:10E1E000372300270BEE903ADFED0BAA01930CEEDC
:10E1F000103A08EE107A0BEE107A00934FF0290BCC
:10E200002824FFF753BA00BF38EC04002808FF1F8A
:10E2100050EC04000087930300000000A0EC040011
:10E220007C18FF1F1C17FF1F4816FF1FF415FF1F48
:10E2300000000000D016FF1F5C1EFF1FD816FF1F36
:10E240002DE9F04F2DED068B0346D9B03221D04891
:10E25000D04DDFF8A8B308EE903AB0EE609AB0EE79
:10E26000408A21F07DFDCC481EF0F2FA0E21CB4809
:10E2700021F076FD18EE100A23F042F841EC100B65
:10E280000221C5481EF008FBC3481EF0E1FA0C212C
:10E29000C34821F065FD19EE100A23F031F841EC76
:10E2A000100B0221BC481EF0F7FABB481EF0D0FA52
:10E2B0000D21BC4821F054FD28EE098A002418EEF7
:10E2C000100A23F01DF841EC100B0221B2489FED1B
:10E2D000B69A1EF0E1FAB0481EF0BAFA1721B34818
:10E2E00021F03EFDAC481EF0B3FA01221146204653
:10E2F000E3F7F8FBAE4BAF4A1C60AF4B2B92032603
:10E300001E60AE4B8DF8D04002271F60AC4B2A93A5
:10E3100080230DF128088DF8B830092042F29F4380
:10E3200041F2883CCDE93003314605233A460DF1F0
:10E33000A8094046CDE946C3CDE92C44CDE9444483
:10E34000419442948DF80C41CDF8BC901DF0A4F995
:10E35000D5ED117A95ED0C7A9A4BCBF80060F8EE7A
:10E36000677AB8EE477A67EE897A102167EE877A86
:10E370001960FDEEE77A944B17221AA81A6017EE7F
:10E38000906A1DF089F9F8EEE88A904B28EE888AA9
:10E390005C60B0EE480AC8F8044021F0EFFF8C4BF7
:10E3A000FDEEC07A17EE904AB8EEE70AD3ED007A98
:10E3B000884B20EE270AD3ED1C7A67EE897A20EE8F
:10E3C000270A21F0DBFFD5ED147A7648F8EE678A4C
:10E3D000D5ED0F7A68EE898AF8EE677A0D2168EE3E
:10E3E000A78ABDEEC0AA21F0BBFC18EE100A22F0ED
:10E3F00087FF41EC100B394667481EF04DFA66481E
:10E400001EF026FA1421744821F0AAFC2146624825
:10E410001EF016FA60481EF01BFAB5EEC08AF1EE47
:10E4200010FAFDEEE88A0CD51AEE103A5B420AEEBD
:10E43000103A18EE903A5B4208EE903AB1EE488AF4
:10E440007642A96D40461DF05BF9314640461DF00D
:10E4500063F9214640461DF09BF922215F4821F0D7
:10E460007FFC4D481EF0F4F90D214E4821F078FC58
:10E4700018EE100A22F044FF41EC100B41EC190B8E
:10E48000022145481EF008FA43481EF0E1F9142124
:10E49000514821F065FC21463F481EF0D1F93E4825
:10E4A0001EF0D6F914214E4821F05AFCD8F8041079
:10E4B00039481EF0C5F938481EF0CAF915214948F7
:10E4C00021F04EFC484B344819681EF0B9F9324827
:10E4D0001EF0BEF91421454821F042FC444B2E4861
:10E4E00019681EF0ADF92C481EF0B2F922213B4804
:10E4F00021F036FC28481EF0ABF9364B3D4A5B6FE5
:10E500000226012B166000F043810D212548DFF81B
:10E51000F0A021F025FCB0EE490AF0EE690A314680
:10E520001D481EF0B9F91C481EF092F914212A4822
:10E5300021F016FC214618481EF082F916481EF0FC
:10E5400087F9449B58A803F10B0200EB83030021D9
:10E5500043F88C8C00EB8203449143F8B41CB7EE73
:10E56000000A01214846FDF719F9DAF80020059262
:10E570000599DAF800300493049B5B1AB3F5FA7F2F
:10E58000F7D32C9A002A00F0AA811B4E3AE000BF74
:10E5900040EE04004410FF1F2808FF1FC0EB0400DA
:10E5A000D0EB0400E0EB04000AD7233CF0EB0400BE
:10E5B0009007FF1FC80E05006C07FF1F6807FF1FAD
:10E5C0000C0F05007C07FF1F7807FF1F1C17FF1F9C
:10E5D0008018FF1F3411FF1F74EE04008CEE04003E
:10E5E000B0EE0400C8EE04005016FF1FE0EE040079
:10E5F000FC15FF1FE00FFF1F1C16FF1F9807FF1FD2
:10E600000C1FFF1FB74DB84CB84F4FF0000B1368ED
:10E61000B5FBF3F3F92B336040F2A080D4F8F80097
:10E62000A0F10A031D2B07D8C0B21FF017F8D4F8C9
:10E63000FC30984240F009811FF036FC002869DD6B
:10E640003B68012B6BD0032B00F08580002B7FD023
:10E65000A74B00221A70DAF800300993099ADAF809
:10E6600000300893089B9B1A042BF8D92C9A002A97
:10E67000CDD1A04CD8F8042023689F4D9F48134467
:10E680002360D8F804202B68222113442B6021F04A
:10E6900067FB9B481EF0DCF814219A4821F060FBD0
:10E6A000D8F8041096481EF0CBF895481EF0D0F824
:10E6B0001521954821F054FB216891481EF0C0F8BF
:10E6C0008F481EF0C5F81421904821F049FB2968B5
:10E6D0008B481EF0B5F88A481EF0BAF81B218C480A
:10E6E00021F03EFB86481EF0B3F88A4B5A6F012A90
:10E6F00000F0E580884A0023C8F804305360874B57
:10E700002A934846F9F77AF8584659B0BDEC068B7B
:10E71000BDE8F08F20F03EFC3B68012B93D11FF049
:10E72000D7FBC3B2724A532B137094D12C9B002B8E
:10E7300078D01B68B5FBF3F3F92B336040F281808E
:10E74000002101220846E3F7CDF94FF0010B82E7E3
:10E7500021F098FAE5E720F031FCE2E7DAF8002052
:10E7600007920799DAF800300693069B5B1AB3F517
:10E77000FA7FF7D34846E2F795FB2C9B002B3FF43A
:10E7800078AF01201EF0D4FF2C9B002BF9D170E74D
:10E79000614BDFF8A0A100215960DAF80010039165
:10E7A000032003991060CBF80000DAF800300293E0
:10E7B000029B5B1A042BF8D91AEE101A56481CF06B
:10E7C000E7FF18EE901A54481CF0A6FF696E5248F5
:10E7D0001CF096FF012211460320E3F783F9DAF8D3
:10E7E000002001920199DAF800300093009B5B1A37
:10E7F000042BF8D9449A58AB02F10C0103EB8204C4
:10E8000003EB81010020444B449044F88C8C44F885
:10E81000883CB7EE000A41F8B40C02214846FCF7E8
:10E82000BDFFA2E63E4A1268002A82D002210120E2
:10E8300090472C9B1B68B5FBF3F3F92B33603FF635
:10E840007FAF4846E2F72EFB7AE71F21354821F0DB
:10E8500087FA2B481DF0FCFF2DA800251DF0CEFEE9
:10E8600032982C951DF0C0F833981DF0BDF82E4B52
:10E870004FF0010B2A462946284683F800B0E3F7FB
:10E8800031F92A4629465846E3F72CF92A46294603
:10E890000220E3F727F92A4629460320E3F722F965
:10E8A0000820F8F739F9D4F80001A0F10A031D2B6C
:10E8B0003FF625AF5946C0B21EF09AFE1FE7002171
:10E8C0000320E3F70FF9144C184960680B68184AE5
:10E8D00003440B60136861680B4413600AE79346B6
:10E8E000C7E600BF008793037013FF1F6007FF1F79
:10E8F000B816FF1F5016FF1FFC15FF1FF8EE04008F
:10E900002808FF1FB0EE0400C8EE0400E0EE04008B
:10E910001CEF04003411FF1F1C17FF1F0C0F050014
:10E920005C1EFF1FA0EC04007C18FF1F4816FF1F91
:10E93000F415FF1F0C1FFF1F2DE9F04FCD4CCE49E2
:10E9400023688BB0049300230B70CC49049A0B709E
:10E9500023680393039B9B1A092BF9D9C849DFF855
:10E960003C9307A81EF074F907A8E1F70DFE07A86D
:10E970001EF0C6F9C34B07A819681EF069F907A86D
:10E98000E1F702FE07A81EF0BBF9D9F81430012BFD
:10E9900014BF08200420E4F7EFFAD9F81030002B58
:10E9A00000F0C381DFF8F8A24FF00108B34B1B78E9
:10E9B000002B40F02683B04B1B78002B40F02183C6
:10E9C000514607A81EF044F907A8E1F7DDFD07A8A6
:10E9D0001EF096F9AC4B1B68012B00F00E83032B45
:10E9E00000F00783002B00F0008307EE908AB8EE5A
:10E9F000670AE1F781FDA54B07A819681EF028F901
:10EA000007A8E1F7C1FD07A81EF07AF9D9F814B0FC
:10EA1000BBF1000F00F08E81BBF1010F40F070815F
:10EA20009B4F9C4DD7ED007A2868B8EEE70AF0EED0
:10EA3000080AFFF705FC0646E4F74CFA002840F008
:10EA40007481002E40F07181934E2868D6ED007AD3
:10EA5000F0EE000AB8EEE70A40425946FDF708F822
:10EA60000190E4F737FA002840F05F81019B002B0A
:10EA700040F05B812868D7ED007AF7EE000AB8EE27
:10EA8000E70A4042FFF7DCFB0190E4F723FA002895
:10EA900040F04B81019B002B40F04781D6ED007A7E
:10EAA00028685946B8EEE70AF7EE000AFCF7E0FFDF
:10EAB0008346E4F70FFA002840F03781BBF1000FDE
:10EAC00040F033812868D7ED007AF7EE000AB8EEFF
:10EAD000E70A4042FFF7B4FB8346E4F7FBF900285E
:10EAE00040F02381BBF1000F40F01F812868D6ED74
:10EAF000007AF0EE000AB8EEE70A40420121FCF786
:10EB0000B7FF8346E4F7E6F9002840F00E81BBF139
:10EB1000000F40F00A81D7ED007A2868B8EEE70AC6
:10EB2000F0EE080AFFF78CFB8346E4F7D3F90028E0
:10EB300040F0FB80BBF1000F40F0F780D6ED007A8B
:10EB40002868B8EEE70AF1EE000A0121FCF790FF11
:10EB50008346E4F7BFF9002840F0E780BBF1000FDF
:10EB600040F0E3802868D6ED007AF2EE000AB8EEB5
:10EB7000E70A40420121FCF77BFF8346E4F7AAF94C
:10EB8000002840F0D280BBF1000F40F0CE80286812
:10EB9000D7ED007AF0EE080AB8EEE70A4042FFF738
:10EBA0004FFB8346E4F796F9002840F0BE80BBF1A6
:10EBB000000F40F0BA80D6ED007A2868B8EEE70A78
:10EBC000F0EE000A0121FCF753FF8346E4F782F9D7
:10EBD000002840F0AA80BBF1000F40F0A680D7EDDE
:10EBE000007A2868B8EEE70AF7EE000AFFF728FB7C
:10EBF0008346E4F76FF9002840F09780BBF1000FDF
:10EC000040F093802868D6ED007AF7EE000AB8EE5F
:10EC1000E70A40420121FCF72BFF8346E4F75AF94B
:10EC2000002840F08280BBF1000F7ED1D7ED007A42
:10EC30002868B8EEE70AF7EE000AFFF701FB834603
:10EC4000E4F748F9002870D1BBF1000F6DD1D6ED83
:10EC5000007A2868B8EEE70AF0EE000A0121FCF716
:10EC600007FF8346E4F736F900285ED1BBF1000FB9
:10EC70005BD117E00C1FFF1FCC16FF1F3016FF1FC4
:10EC8000ACB104004807FF1F6007FF1F4C07FF1FC0
:10EC90000817FF1F5C07FF1FCC0FFF1F4410FF1F4B
:10ECA00074EF040097ED000A2868B8EEC00AF0EE91
:10ECB000080A4042FFF7C4FA0746E4F70BF9A0BB85
:10ECC0009FBBD6ED007A2868B8EEE70AF1EE000A9D
:10ECD0000121FCF7CDFE0746E4F7FCF828BB27BB73
:10ECE000286896ED000AF2EE000AB8EEC00A40422B
:10ECF0000121FCF7BDFE0546E4F7ECF8A8B9A5B97B
:10ED000023680693069A23680593059B9B1A632B39
:10ED1000F9D94146D9F81000E2F71CFED9F81030B5
:10ED200008F101084345BFF441AE0BB0BDE8F04F18
:10ED3000E4F734BAB84EB94DD6ED007A2868B8EE8B
:10ED4000E70AF0EE080A0121FCF792FE0746E4F715
:10ED5000C1F80028E9D1002FE7D1B14F2868D7EDDD
:10ED6000007AF0EE000AB8EEE70A4042FFF768FAD0
:10ED70008346E4F7AFF80028D7D1BBF1000FD4D118
:10ED80002868D6ED007AF7EE000AB8EEE70A4042AE
:10ED90000121FCF76DFE8346E4F79CF80028C4D1FE
:10EDA000BBF1000FC1D1D7ED007A2868B8EEE70AB1
:10EDB000F7EE000AFFF744FA8346E4F78BF80028E1
:10EDC000B3D1BBF1000FB0D12868D6ED007AF7EED1
:10EDD000000AB8EEE70A40420121FCF749FE8346EB
:10EDE000E4F778F80028A0D1BBF1000F9DD1286886
:10EDF000D7ED007AF0EE000AB8EEE70A4042FFF7DE
:10EE00001FFA8346E4F766F800288ED1BBF1000FA5
:10EE10008BD1D6ED007A2868B8EEE70AF0EE080A42
:10EE20000121FCF725FE8346E4F754F800287FF41F
:10EE30007CAFBBF1000F7FF478AFD7ED007A286884
:10EE4000B8EEE70AF1EE000AFFF7FAF98346E4F7B5
:10EE500041F800287FF469AFBBF1000F7FF465AF84
:10EE60002868D7ED007AF2EE000AB8EEE70A4042D1
:10EE7000FFF7E6F98346E4F72DF800287FF455AF55
:10EE8000BBF1000F7FF451AF2868D6ED007AF0EEA9
:10EE9000080AB8EEE70A40420121FCF7E9FD834683
:10EEA000E4F718F800287FF440AFBBF1000F7FF4BF
:10EEB0003CAFD7ED007A2868B8EEE70AF0EE000A1A
:10EEC000FFF7BEF98346E4F705F800287FF42DAF7D
:10EED000BBF1000F7FF429AFD6ED007A2868B8EEB9
:10EEE000E70AF7EE000A0121FCF7C2FD8346E3F7CB
:10EEF000F1FF00287FF419AFBBF1000F7FF415AFCD
:10EF00002868D7ED007AF7EE000AB8EEE70A40422B
:10EF1000FFF796F98346E3F7DDFF00287FF405AF9E
:10EF2000BBF1000F7FF401AFD6ED007A2868B8EE90
:10EF3000E70AF7EE000A0121FCF79AFD8346E3F7A2
:10EF4000C9FF00287FF4F1AEBBF1000F7FF4EDAEF6
:10EF5000D7ED007A2868B8EEE70AF0EE000AFFF76E
:10EF60006FF98346E3F7B6FF00287FF4DEAEBBF10E
:10EF7000000F7FF4DAAE96ED000A2868B8EEC00AFA
:10EF8000F0EE080A40420121FCF772FD0646E3F765
:10EF9000A1FF00287FF4C9AE002E7FF4C6AED7EDE6
:10EFA000007A2868B8EEE70AF1EE000AFFF748F9A0
:10EFB0000646E3F78FFF00287FF4B7AE002E7FF4FC
:10EFC000B4AE286897ED000AF2EE000AB8EEC00A67
:10EFD0004042FFF735F90546E3F77CFF00287FF450
:10EFE000A4AE002D3FF48CAE9FE6222020F03CFF23
:10EFF000FBE422201FF08CFFF7E422201EF09EFE8F
:10F00000F3E43B21074820F0ABFE07480BB0BDE816
:10F01000F04F1DF01DBC00BFCC0FFF1F5C07FF1F92
:10F020000817FF1F38EF04002808FF1F2DE9F04FD5
:10F03000D04DD1492B688BB0049300230B70CF497E
:10F04000049A0B702B680393039B9B1A092BF9D925
:10F05000CB49DFF8488307A81DF0FAFD07A8E1F7C0
:10F0600093FA07A81DF04CFEC64B07A819681DF0BF
:10F07000EFFD07A8E1F788FA07A81DF041FED8F8D0
:10F080001430012B14BF0D200420E3F775FFD8F8CE
:10F090001030002B00F0C682DFF804A34FF0010906
:10F0A000B64B1B78002B40F03885B34B1B78002BF8
:10F0B00040F03385514607A81DF0CAFD07A8E1F7C7
:10F0C00063FA07A81DF01CFEAF4B1B68012B00F074
:10F0D0001F85032B00F01785002B00F00F8507EE2E
:10F0E000909AB8EE670AE1F707FAA84B07A81968E3
:10F0F0001DF0AEFD07A8E1F747FA07A81DF000FED6
:10F10000D8F814B0BBF1000F00F09182BBF1010FF1
:10F1100040F073829E4C9F4E2068D6ED007AF7EE49
:10F12000000AB8EEE70A40425946FCF7A1FC074640
:10F13000E3F7D0FE002840F07582002F40F0728285
:10F14000954F2068D7ED007AF0EE080AB8EEE70A8E
:10F15000FFF776F80190E3F7BDFE002840F06282E9
:10F16000019B002B40F05E822068D6ED007A594664
:10F17000B8EEE70AF0EE000A4042FCF779FC83465D
:10F18000E3F7A8FE002840F04D82BBF1000F40F0ED
:10F1900049822068D7ED007AF7EE000AB8EEE70A58
:10F1A0004042FFF74DF88346E3F794FE002840F015
:10F1B0003982BBF1000F40F03582D6ED007A20682D
:10F1C000B8EEE70AF7EE000A0121FCF751FC83468E
:10F1D000E3F780FE002840F02582BBF1000F40F0ED
:10F1E00021822068D7ED007AF7EE000AB8EEE70A30
:10F1F0004042FFF725F88346E3F76CFE002840F015
:10F200001182BBF1000F40F00D822068D6ED007A2C
:10F21000F0EE080AB8EEE70A40420121FCF728FCAC
:10F220008346E3F757FE002840F0FC81BBF1000F56
:10F2300040F0F881D7ED007A2068B8EEE70AF7EEE3
:10F24000000AFEF7FDFF8346E3F744FE002840F086
:10F25000E981BBF1000F40F0E581D6ED007A20682E
:10F26000B8EEE70AF7EE000A0121FCF701FC83463D
:10F27000E3F730FE002840F0D581BBF1000F40F0ED
:10F28000D181D7ED007A2068B8EEE70AF7EE000AE0
:10F29000FEF7D6FF8346E3F71DFE002840F0C2814B
:10F2A000BBF1000F40F0BE812068D6ED007AF0EE91
:10F2B000000AB8EEE70A40420121FCF7D9FB834679
:10F2C000E3F708FE002840F0AD81BBF1000F40F0ED
:10F2D000A9812068D7ED007AF0EE080AB8EEE70AB7
:10F2E0004042FEF7ADFF8346E3F7F4FD002840F00F
:10F2F0009981BBF1000F40F09581D6ED007A20682E
:10F30000B8EEE70AF1EE080A0121FCF7B1FB8346EB
:10F31000E3F7E0FD002840F08581BBF1000F40F0ED
:10F320008181D7ED007A2068B8EEE70AF1EE000A95
:10F33000FEF786FF8346E3F7CDFD002840F072819B
:10F34000BBF1000F40F06E812068D6ED007AF1EE3F
:10F350000C0AB8EEE70A40420121FCF789FB83461C
:10F36000E3F7B8FD002840F05D81BBF1000F40F0ED
:10F37000598117E00C1FFF1FCC16FF1F3016FF1F0F
:10F38000ACB104004807FF1F6007FF1F4C07FF1FB9
:10F390005C07FF1FCC0FFF1F0817FF1F4410FF1F44
:10F3A00074EF04002068D7ED007AF0EE080AB8EE9A
:10F3B000E70A4042FEF744FF8346E3F78BFD00284F
:10F3C00040F03081BBF1000F40F02C812068D6ED79
:10F3D000007AF0EE000AB8EEE70A40420121FCF79D
:10F3E00047FB8346E3F776FD002840F01B81BBF125
:10F3F000000F40F01781D7ED007A2068B8EEE70AD9
:10F40000F7EE000AFEF71CFF8346E3F763FD0028D2
:10F4100040F00881BBF1000F40F00481D6ED007A86
:10F420002068B8EEE70AF7EE000A0121FCF720FB9E
:10F430008346E3F74FFD002840F0F480BBF1000F56
:10F4400040F0F080D7ED007A2068B8EEE70AF7EEDA
:10F45000000AFEF7F5FE8346E3F73CFD002840F086
:10F46000E180BBF1000F40F0DD802068D6ED007A2E
:10F47000F0EE080AB8EEE70A40420121FCF7F8FA7C
:10F480008346E3F727FD002840F0CC80BBF1000F56
:10F4900040F0C8802068D7ED007AF7EE000AB8EE99
:10F4A000E70A4042FEF7CCFE8346E3F713FD00284F
:10F4B00040F0B880BBF1000F40F0B480D6ED007A88
:10F4C0002068B8EEE70AF7EE000A0121FCF7D0FA4F
:10F4D0008346E3F7FFFC002840F0A480BBF1000F57
:10F4E00040F0A0802068D7ED007AF7EE000AB8EE71
:10F4F000E70A4042FEF7A4FE8346E3F7EBFC002850
:10F5000040F09080BBF1000F40F08C802068D6ED79
:10F51000007AF0EE000AB8EEE70A40420121FCF75B
:10F52000A7FA8346E3F7D6FC00287BD1BBF1000F96
:10F5300078D1D7ED007A2068B8EEE70AF0EE080A35
:10F54000FEF77EFE8346E3F7C5FC00286AD1BBF1D7
:10F55000000F67D1D6ED007A2068B8EEE70AF1EE29
:10F56000040A0121FCF784FA8346E3F7B3FC002880
:10F5700058D1BBF1000F55D12068D6ED007AF1EEDD
:10F58000080AB8EEE70A40420121FCF771FA834607
:10F59000E3F7A0FC002845D1BBF1000F42D197ED65
:10F5A000000A2068B8EEC00AF1EE000A4042FEF7F9
:10F5B00047FE0746E3F78EFCA0BB9FBBD6ED007A63
:10F5C0002068B8EEE70AF1EE0C0A0121FCF750FAC8
:10F5D0000746E3F77FFC28BB27BB206896ED000AAF
:10F5E000F1EE0C0AB8EEC00A40420121FCF740FAE5
:10F5F0000446E3F76FFCA8B9A4B92B680693069AF2
:10F600002B680593059B9B1A632BF9D94946D8F8BB
:10F610001000E2F79FF9D8F8103009F101094B45C5
:10F62000BFF43EAD0BB0BDE8F04FE3F7B7BDDF4C24
:10F63000DF4F2068D7ED007AF7EE000AB8EEE70A50
:10F640004042FEF7FDFD0646E3F744FC0028E9D101
:10F65000002EE7D1D74E2068D6ED007AF0EE080AEA
:10F66000B8EEE70A0121FCF703FA8346E3F732FC20
:10F670000028D7D1BBF1000FD4D12068D7ED007A94
:10F68000F0EE000AB8EEE70A4042FEF7D9FD8346E5
:10F69000E3F720FC0028C5D1BBF1000FC2D12068E0
:10F6A000D6ED007AF7EE000AB8EEE70A40420121F3
:10F6B000FCF7DEF98346E3F70DFC0028B2D1BBF17D
:10F6C000000FAFD1D7ED007A2068B8EEE70AF7EE69
:10F6D000000AFEF7B5FD8346E3F7FCFB0028A1D145
:10F6E000BBF1000F9ED12068D6ED007AF7EE000A3C
:10F6F000B8EEE70A40420121FCF7BAF98346E3F786
:10F70000E9FB00288ED1BBF1000F8BD12068D7ED2B
:10F71000007AF0EE080AB8EEE70A4042FEF790FDE4
:10F720008346E3F7D7FB00287FF47CAFBBF1000FE3
:10F730007FF478AFD6ED007A2068B8EEE70AF7EEEE
:10F74000000A0121FCF794F98346E3F7C3FB002884
:10F750007FF468AFBBF1000F7FF464AFD7ED007AA0
:10F760002068B8EEE70AF7EE000AFEF769FD834667
:10F77000E3F7B0FB00287FF455AFBBF1000F7FF437
:10F7800051AFD6ED007A2068B8EEE70AF7EE000A2E
:10F790000121FCF76DF98346E3F79CFB00287FF419
:10F7A00041AFBBF1000F7FF43DAF2068D7ED007A89
:10F7B000F0EE000AB8EEE70A4042FEF741FD83464C
:10F7C000E3F788FB00287FF42DAFBBF1000F7FF437
:10F7D00029AF2068D6ED007AF0EE080AB8EEE70A05
:10F7E00040420121FCF744F98346E3F773FB00280C
:10F7F0007FF418AFBBF1000F7FF414AFD7ED007AA0
:10F800002068B8EEE70AF1EE080AFEF719FD834614
:10F81000E3F760FB00287FF405AFBBF1000F7FF436
:10F8200001AFD6ED007A2068B8EEE70AF1EE000AE3
:10F830000121FCF71DF98346E3F74CFB00287FF418
:10F84000F1AEBBF1000F7FF4EDAE2068D7ED007A8A
:10F85000F1EE0C0AB8EEE70A4042FEF7F1FC8346EF
:10F86000E3F738FB00287FF4DDAEBBF1000F7FF437
:10F87000D9AE2068D6ED007AF0EE080AB8EEE70AB5
:10F8800040420121FCF7F4F88346E3F723FB00280C
:10F890007FF4C8AEBBF1000F7FF4C4AE2068D7ED93
:10F8A000007AF0EE000AB8EEE70A4042FEF7C8FC24
:10F8B0008346E3F70FFB00287FF4B4AEBBF1000FE3
:10F8C0007FF4B0AED6ED007A2068B8EEE70AF7EE26
:10F8D000000A0121FCF7CCF88346E3F7FBFA002885
:10F8E0007FF4A0AEBBF1000F7FF49CAED7ED007AA1
:10F8F0002068B8EEE70AF7EE000AFEF7A1FC83469F
:10F90000E3F7E8FA00287FF48DAEBBF1000F7FF437
:10F9100089AED6ED007A2068B8EEE70AF7EE000A65
:10F920000121FCF7A5F88346E3F7D4FA00287FF419
:10F9300079AEBBF1000F7FF475AE2068D7ED007A89
:10F94000F0EE080AB8EEE70A4042FEF779FC83467B
:10F95000E3F7C0FA00287FF465AEBBF1000F7FF437
:10F9600061AE2068D6ED007AF7EE000AB8EEE70A3D
:10F9700040420121FCF77CF88346E3F7ABFA00280C
:10F980007FF450AEBBF1000F7FF44CAED7ED007AA0
:10F990002068B8EEE70AF7EE000AFEF751FC83464E
:10F9A000E3F798FA00287FF43DAE05E05C07FF1FFF
:10F9B0000817FF1FCC0FFF1FBBF1000F7FF432AE03
:10F9C0002068D6ED007AF7EE000AB8EEE70A40426A
:10F9D0000121FCF74DF88346E3F77CFA00287FF419
:10F9E00021AEBBF1000F7FF41DAE2068D7ED007A89
:10F9F000F0EE000AB8EEE70A4042FEF721FC83462B
:10FA0000E3F768FA00287FF40DAEBBF1000F7FF436
:10FA100009AED6ED007A2068B8EEE70AF0EE080AE3
:10FA20000121FCF725F88346E3F754FA00287FF418
:10FA3000F9ADBBF1000F7FF4F5ADD7ED007A20688A
:10FA4000B8EEE70AF1EE040AFEF7FAFB8346E3F7A5
:10FA500041FA00287FF4E6ADBBF1000F7FF4E2AD80
:10FA60002068D7ED007AF1EE080AB8EEE70A4042C6
:10FA7000FEF7E6FB8346E3F72DFA00287FF4D2ADCC
:10FA8000BBF1000F7FF4CEAD96ED000A2068B8EE12
:10FA9000C00AF1EE000A40420121FBF7E9FF0646E9
:10FAA000E3F718FA00287FF4BDAD002E7FF4BAAD5D
:10FAB000D7ED007A2068B8EEE70AF1EE0C0AFEF7FF
:10FAC000BFFB0646E3F706FA00287FF4ABAD002E35
:10FAD0007FF4A8AD206897ED000AF1EE0C0AB8EEAD
:10FAE000C00A4042FEF7ACFB0446E3F7F3F90028F6
:10FAF0007FF498AD002C3FF480AD93E5222020F0F8
:10FB0000B3F9FFF7ECBA22201FF002FAFFF7E7BAC9
:10FB100022201EF013F9FFF7E2BA3B21044820F03F
:10FB20001FF904480BB0BDE8F04F1CF091BE00BFB8
:10FB300080EF04002808FF1F2DE9F04F8B4C8C4903
:10FB400023688BB0049300230B708A49049A0B70CE
:10FB500023680393039B9B1A092BF9D98649874F86
:10FB600007A81DF075F807A8E0F70EFD07A81DF01F
:10FB7000C7F8834B07A819681DF06AF807A8E0F7D3
:10FB800003FD07A81DF0BCF87B69012B14BF0420FE
:10FB90000320E3F7F1F93B69002B00F0E280DFF886
:10FBA000F0B10126734B1B78002B40F09B81704B0A
:10FBB0001B78002B40F09681594607A81DF048F8A5
:10FBC00007A8E0F7E1FC07A81DF09AF86D4B1B6849
:10FBD000012B00F07B81032B00F08081002B00F0D3
:10FBE000798107EE906AB8EE670AE0F785FC664B0C
:10FBF00007A819681DF02CF807A8E0F7C5FC07A8AE
:10FC00001DF07EF8D7F814A0BAF1000F00F0C680FE
:10FC1000BAF1010F40F09380DFF878915B4DD9ED98
:10FC2000007A2868B8EEE70AF0EE080AFEF708FB4B
:10FC30008046E3F74FF9002840F09380B8F1000FB9
:10FC400040F08F80DFF850812868D8ED007AF0EE20
:10FC5000080AB8EEE70A40425146FBF709FF019057
:10FC6000E3F738F900287CD1019B002B79D1286873
:10FC7000D9ED007AF0EE000AB8EEE70A4042FEF74E
:10FC8000DFFA0190E3F726F900286AD1019B002BE7
:10FC900067D1D8ED007A28685146B8EEE70AF7EE4A
:10FCA000000AFBF7E5FE8246E3F714F9002858D175
:10FCB000BAF1000F55D1D9ED007A2868B8EEE70AFD
:10FCC000F7EE000AFEF7BCFA8246E3F703F90028D4
:10FCD00047D1BAF1000F44D1D8ED007A2868B8EEC8
:10FCE000E70AF7EE000A0121FBF7C2FE8246E3F7BE
:10FCF000F1F8002835D1BAF1000F32D199ED000AA0
:10FD00002868B8EEC00AF0EE000A4042FEF798FA02
:10FD10008146E3F7DFF820BBB9F1000F21D1286855
:10FD200098ED000AF0EE080AB8EEC00A4042012140
:10FD3000FBF79EFE0546E3F7CDF890B98DB9236831
:10FD40000693069A23680593059B9B1A632BF9D9A2
:10FD500031463869E1F7FEFD3B690136B342BFF435
:10FD600021AF0BB0BDE8F04FE3F718BA0C1FFF1F2F
:10FD7000CC16FF1F3016FF1FACB104004410FF1F4C
:10FD80004807FF1F6007FF1F4C07FF1F5C07FF1F8F
:10FD900074EF04000817FF1FCC0FFF1FDFF864810A
:10FDA000554DD8ED007A2868B8EEE70AF0EE080A5B
:10FDB0000121FBF75DFE8146E3F78CF80028D0D1E6
:10FDC000B9F1000FCDD1DFF840912868D9ED007A64
:10FDD000F0EE080AB8EEE70A4042FEF731FA824632
:10FDE000E3F778F80028BCD1BAF1000FB9D1286840
:10FDF000D8ED007AF0EE000AB8EEE70A40420121A1
:10FE0000FBF736FE8246E3F765F80028A9D1BAF180
:10FE1000000FA6D1D9ED007A2868B8EEE70AF7EE10
:10FE2000000AFEF70DFA8246E3F754F8002898D14D
:10FE3000BAF1000F95D1D8ED007A2868B8EEE70A3C
:10FE4000F7EE000A0121FBF713FE8246E3F742F8C2
:10FE5000002886D1BAF1000F83D1D9ED007A286845
:10FE6000B8EEE70AF7EE000AFEF7EAF98246E3F792
:10FE700031F800287FF475AFBAF1000F7FF471AF4D
:10FE800098ED000A2868B8EEC00AF0EE000A404279
:10FE90000121FBF7EDFD8046E3F71CF800287FF415
:10FEA00060AFB8F1000F7FF45CAF286899ED000AED
:10FEB000F0EE080AB8EEC00A4042FEF7C1F9054666
:10FEC000E3F708F800283FF439AF4AE722201DF095
:10FED00035FF86E622201FF0C7FF82E622201FF0B2
:10FEE00017F87EE63B2105481FF03AFF04480BB0A7
:10FEF000BDE8F04F1CF0ACBC5C07FF1FBCEF04007A
:10FF00002808FF1FCC0FFF1F0817FF1F2DE9F04F18
:10FF1000CB4CCC4923688BB0049300230B70CA49A7
:10FF2000049A0B7023680393039B9B1A092BF9D93E
:10FF3000C649DFF8349307A81CF08AFE07A8E0F74B
:10FF400023FB07A81CF0DCFEC14B07A819681CF0B6
:10FF50007FFE07A8E0F718FB07A81CF0D1FED9F830
:10FF60001430012B14BF08200320E3F705F8D9F85B
:10FF70001030002B00F0A181DFF8F0A24FF0010853
:10FF8000B14B1B78002B40F0DE82AE4B1B78002B70
:10FF900040F0D982514607A81CF05AFE07A8E0F7A6
:10FFA000F3FA07A81CF0ACFEAA4B1B68012B00F06B
:10FFB000C682032B00F0BF82002B00F0B88207EE50
:10FFC000908AB8EE670AE0F797FAA34B07A819687A
:10FFD0001CF03EFE07A8E0F7D7FA07A81CF090FE39
:10FFE000D9F814B0BBF1000F00F06C81BBF1010F28
:10FFF00040F04E81994F9A4DD7ED007A2868B8EEBF
:020000022000DC
:10000000E70AF0EE080AFEF71BF90646E2F762FF80
:10001000002840F05281002E40F04F81914E286818
:10002000D6ED007AF0EE080AB8EEE70A40425946EB
:10003000FBF71EFD0190E2F74DFF002840F03D81E7
:10004000019B002B40F039812868D7ED007AF0EE53
:10005000000AB8EEE70A4042FEF7F2F80190E2F734
:1000600039FF002840F02981019B002B40F02581B9
:10007000D6ED007A28685946B8EEE70AF7EE000A8E
:10008000FBF7F6FC8346E2F725FF002840F01581D8
:10009000BBF1000F40F01181D7ED007A2868B8EE6F
:1000A000E70AF7EE000AFEF7CBF88346E2F712FF05
:1000B000002840F00281BBF1000F40F0FE80D6ED39
:1000C000007A2868B8EEE70AF7EE000A0121FBF78C
:1000D000CFFC8346E2F7FEFE002840F0EE80BBF145
:1000E000000F40F0EA802868D7ED007AF0EE000AB1
:1000F000B8EEE70A4042FEF7A3F88346E2F7EAFECD
:10010000002840F0DA80BBF1000F40F0D68028686C
:10011000D6ED007AF1EE040AB8EEE70A404201217A
:10012000FBF7A6FC8346E2F7D5FE002840F0C58029
:10013000BBF1000F40F0C180D7ED007A2868B8EE1F
:10014000E70AF0EE000AFEF77BF88346E2F7C2FE0C
:10015000002840F0B280BBF1000F40F0AE80D6ED39
:10016000007A2868B8EEE70AF7EE000A0121FBF7EB
:100170007FFC8346E2F7AEFE002840F09E80BBF194
:10018000000F40F09A802868D7ED007AF7EE000A59
:10019000B8EEE70A4042FEF753F88346E2F79AFECC
:1001A000002840F08A80BBF1000F40F08680D6ED39
:1001B000007A2868B8EEE70AF7EE000A0121FBF79B
:1001C00057FC8346E2F786FE002876D1BBF1000F8C
:1001D00073D1D7ED007A2868B8EEE70AF0EE000A8E
:1001E000FEF72EF88346E2F775FE002865D1BBF1D5
:1001F000000F62D12868D6ED007AF0EE080AB8EE5A
:10020000E70A40420121FBF733FC8346E2F762FE36
:10021000002852D1BBF1000F4FD197ED000A28689A
:10022000B8EEC00AF0EE080A4042FEF709F80746A9
:10023000E2F750FE002840D1002F3ED118E000BF69
:100240000C1FFF1FCC16FF1F3016FF1FACB10400A0
:100250004807FF1F6007FF1F4C07FF1F0817FF1FFE
:100260005C07FF1FCC0FFF1F4410FF1F74EF04003B
:10027000286896ED000AF7EE000AB8EEC00A404280
:100280000121FBF7F5FB0546E2F724FEA8B9A5B965
:1002900023680693069A23680593059B9B1A632B94
:1002A000F9D94146D9F81000E1F754FBD9F81030DC
:1002B00008F101084345BFF463AE0BB0BDE8F04F51
:1002C000E2F76CBFA54EA64DD6ED007A2868B8EED1
:1002D000E70AF0EE080A0121FBF7CAFB0746E2F73E
:1002E000F9FD0028E9D1002FE7D19E4F2868D7ED0E
:1002F000007AF0EE080AB8EEE70A4042FDF7A0FFE8
:100300008346E2F7E7FD0028D7D1BBF1000FD4D137
:100310002868D6ED007AF0EE000AB8EEE70A40420F
:100320000121FBF7A5FB8346E2F7D4FD0028C4D1E9
:10033000BBF1000FC1D1D7ED007A2868B8EEE70A0B
:10034000F7EE000AFDF77CFF8346E2F7C3FD0028C5
:10035000B3D1BBF1000FB0D1D6ED007A2868B8EE6A
:10036000E70AF7EE000A0121FBF782FB8346E2F77A
:10037000B1FD0028A1D1BBF1000F9ED1D7ED007ACD
:100380002868B8EEE70AF7EE000AFDF759FF834642
:10039000E2F7A0FD002890D1BBF1000F8DD12868B5
:1003A000D6ED007AF0EE000AB8EEE70A40420121ED
:1003B000FBF75EFB8346E2F78DFD00287FF47DAFFF
:1003C000BBF1000F7FF479AF2868D7ED007AF1EE2A
:1003D000040AB8EEE70A4042FDF732FF8346E2F72F
:1003E00079FD00287FF469AFBBF1000F7FF465AFA2
:1003F000D6ED007A2868B8EEE70AF0EE000A01218F
:10040000FBF736FB8346E2F765FD00287FF455AF26
:10041000BBF1000F7FF451AFD7ED007A2868B8EE3A
:10042000E70AF7EE000AFDF70BFF8346E2F752FDFD
:1004300000287FF442AFBBF1000F7FF43EAF286885
:10044000D6ED007AF7EE000AB8EEE70A4042012145
:10045000FBF70EFB8346E2F73DFD00287FF42DAF4E
:10046000BBF1000F7FF429AFD7ED007A2868B8EE12
:10047000E70AF7EE000AFDF7E3FE8346E2F72AFDFE
:1004800000287FF41AAFBBF1000F7FF416AFD6ED52
:10049000007A2868B8EEE70AF0EE000A0121FBF7BF
:1004A000E7FA8346E2F716FD00287FF406AFBBF1BA
:1004B000000F7FF402AF2868D7ED007AF0EE080A4B
:1004C000B8EEE70A4042FDF7BBFE8346E2F702FDC5
:1004D00000287FF4F2AEBBF1000F7FF4EEAE96ED94
:1004E000000A2868B8EEC00AF0EE080A404201216E
:1004F000FBF7BEFA0646E2F7EDFC00287FF4DDAE1E
:10050000002E7FF4DAAE286897ED000AF7EE000AB5
:10051000B8EEC00A4042FDF793FE0546E2F7DAFC6A
:1005200000287FF4CAAE002D3FF4B2AEC5E622200B
:100530001FF09AFC43E522201EF0EAFC3FE5222052
:100540001DF0FCFB3BE53B2107481FF009FC074879
:100550000BB0BDE8F04F1CF07BB900BFCC0FFF1F04
:100560005C07FF1F0817FF1FF8EF04002808FF1F94
:100570002DE9F04FBE4CBF4923688BB00493002394
:100580000B70BD49049A0B7023680393039B9B1A5D
:10059000092BF9D9B949BA4F07A81CF059FB07A88C
:1005A000DFF7F2FF07A81CF0ABFBB64B07A81968F2
:1005B0001CF04EFB07A8DFF7E7FF07A81CF0A0FB25
:1005C0007B69012B14BF03200220E2F7D5FC3B69B5
:1005D000002B00F0CB80DFF8C4A20125A64B1B78CE
:1005E000002B40F06181A34B1B78002B40F05C8115
:1005F000514607A81CF02CFB07A8DFF7C5FF07A88A
:100600001CF07EFBA04B1B68012B00F02581032B07
:1006100000F02A81002B00F0238107EE905AB8EEFB
:10062000670ADFF769FF994B07A819681CF010FBF0
:1006300007A8DFF7A9FF07A81CF062FB7B69002B66
:1006400000F09980012B7FD1DFF85482904ED8EDD5
:10065000007A30680193B8EEE70AF0EE000AFDF781
:10066000EFFD8146E2F736FC00287FD1B9F1000F9B
:100670007CD1DFF830B23068DBED007A019BB8EE58
:10068000E70AF0EE000A40421946FBF7F1F981460D
:10069000E2F720FC002869D1B9F1000F66D10821EA
:1006A0007C481FF05DFB7C481CF0D2F83068D8ED28
:1006B000007AF7EE000AB8EEE70A4042FDF7C0FD07
:1006C0008146E2F707FC002850D1B9F1000F4DD167
:1006D000019B3068DBED007A1946B8EEE70AF7EEC9
:1006E000000A4042FBF7C4F98146E2F7F3FB002819
:1006F0003CD1B9F1000F39D1082166481FF030FB19
:1007000065481CF0A5F898ED000A3068B8EEC00AFC
:10071000F7EE000A4042FDF793FD8046E2F7DAFB70
:1007200020BBB8F1000F21D130689BED000AF0EE3C
:10073000000AB8EEC00A40420121FBF799F90646CB
:10074000E2F7C8FB90B98EB923680693069A23682E
:100750000593059B9B1A632BF9D929463869E1F764
:10076000F9F83B690135AB42BFF438AF0BB0BDE8D7
:10077000F04FE2F713BDDFF82C91454ED9ED007A2A
:100780003068B8EEE70AF0EE000A0121FBF770F9D5
:100790008046E2F79FFB0028E8D1B8F1000FE5D1D1
:1007A000DFF8FC803068D8ED007AF0EE000AB8EE91
:1007B000E70A4042FDF744FD8346E2F78BFB002841
:1007C000D4D1BBF1000FD1D13068D9ED007AF7EE6A
:1007D000000AB8EEE70A40420121FBF749F98346D7
:1007E000E2F778FB0028C1D1BBF1000FBED1D8EDF4
:1007F000007A3068B8EEE70AF7EE000AFDF720FD50
:100800008346E2F767FB0028B0D1BBF1000FADD102
:1008100099ED000A3068B8EEC00AF7EE000A4042CF
:100820000121FBF725F98146E2F754FB00289DD111
:10083000B9F1000F9AD1306898ED000AF0EE000A85
:10084000B8EEC00A4042FDF7FBFC0646E2F742FB69
:1008500000283FF478AF89E722201DF06FFADCE62C
:1008600022201FF001FBD8E622201EF051FBD4E627
:100870000C1FFF1FCC16FF1F3016FF1FACB104006A
:100880004410FF1F4807FF1F6007FF1F4C07FF1F93
:100890005C07FF1F70F004002808FF1F74EF0400BE
:1008A0000817FF1FCC0FFF1F3B2104481FF058FA09
:1008B00003480BB0BDE8F04F1BF0CABF34F0040092
:1008C0002808FF1F2DE9F04FC04CC14923688BB0A9
:1008D000049300230B70BF49049A0B7023680393A1
:1008E000039B9B1A092BF9D9BB49DFF8089307A88A
:1008F0001CF0AEF907A8DFF747FE07A81CF000FAC6
:10090000B64B07A819681CF0A3F907A8DFF73CFE4F
:1009100007A81CF0F5F9D9F81430012B14BF0620F4
:100920000220E2F729FBD9F81030002B00F07B8180
:10093000DFF8C4A24FF00108A64B1B78002B40F053
:100940008C82A34B1B78002B40F08782514607A86E
:100950001CF07EF907A8DFF717FE07A81CF0D0F9F6
:100960009F4B1B68012B00F06C82032B00F07182FF
:10097000002B00F06A8207EE908AB8EE670ADFF774
:10098000BBFD984B07A819681CF062F907A8DFF7B0
:10099000FBFD07A81CF0B4F9D9F814B0BBF1000FA7
:1009A00000F04681BBF1010F40F028818E4E8F4D43
:1009B000D6ED007A2868B8EEE70AF7EE000A594645
:1009C000FBF756F80746E2F785FA002840F02B813E
:1009D000002F40F028812868D6ED007AF7EE000A53
:1009E000B8EEE70A40425946FBF742F80746E2F7FD
:1009F00071FA002840F01781002F40F014817C4FDD
:100A00002868D7ED007AF0EE000AB8EEE70A404217
:100A1000FDF716FC0190E2F75DFA002840F0038133
:100A2000019B002B40F0FF802868D6ED007A5946E4
:100A3000B8EEE70AF0EE000A4042FBF719F88346E9
:100A4000E2F748FA002840F0EE80BBF1000F40F0DA
:100A5000EA802868D7ED007AF0EE000AB8EEE70ADF
:100A60004042FDF7EDFB8346E2F734FA002840F000
:100A7000DA80BBF1000F40F0D680D6ED007A28680E
:100A8000B8EEE70AF7EE000A0121FAF7F1FF834614
:100A9000E2F720FA002840F0C680BBF1000F40F0DA
:100AA000C2802868D7ED007AF7EE000AB8EEE70AB0
:100AB0004042FDF7C5FB8346E2F70CFA002840F000
:100AC000B280BBF1000F40F0AE802868D6ED007A0E
:100AD000F0EE080AB8EEE70A40420121FAF7C8FF33
:100AE0008346E2F7F7F9002840F09D80BBF1000F44
:100AF00040F09980D7ED007A2868B8EEE70AF7EE63
:100B0000000AFDF79DFB8346E2F7E4F9002840F078
:100B10008A80BBF1000F40F08680D6ED007A28680D
:100B2000B8EEE70AF7EE000A0121FAF7A1FF8346C3
:100B3000E2F7D0F9002876D1BBF1000F73D1D7EDE1
:100B4000007A2868B8EEE70AF7EE000AFDF778FBAE
:100B50008346E2F7BFF9002865D1BBF1000F62D1EF
:100B60002868D6ED007AF0EE000AB8EEE70A4042B7
:100B70000121FAF77DFF8346E2F7ACF9002852D154
:100B8000BBF1000F4FD197ED000A2868B8EEC00AFC
:100B9000F0EE000A4042FDF753FB0746E2F79AF9F0
:100BA000002840D1002F3ED1286896ED000AF7EECC
:100BB000000AB8EEC00A40420121FAF759FF054683
:100BC000E2F788F978BB75BB18E000BF0C1FFF1F68
:100BD000CC16FF1F3016FF1FACB104004807FF1FE3
:100BE0006007FF1F4C07FF1FCC0FFF1F5C07FF1F95
:100BF0000817FF1F4410FF1F74EF040023680693BB
:100C0000069A23680593059B9B1A632BF9D94146E5
:100C1000D9F81000E0F79EFED9F8103008F101086D
:100C20004345BFF489AE0BB0BDE8F04FE2F7B6BA6A
:100C30008F4F904DD7ED007A2868B8EEE70AF7EEAF
:100C4000000AFDF7FDFA0646E2F744F90028EAD16A
:100C5000002EE8D12868D7ED007AF7EE000AB8EE4A
:100C6000E70A4042FDF7ECFA0646E2F733F90028BE
:100C7000D9D1002ED7D1804E2868D6ED007AF0EE7B
:100C8000000AB8EEE70A0121FAF7F2FE8346E2F71E
:100C900021F90028C7D1BBF1000FC4D12868D7EDD6
:100CA000007AF0EE000AB8EEE70A4042FDF7C8FA13
:100CB0008346E2F70FF90028B5D1BBF1000FB2D19E
:100CC0002868D6ED007AF7EE000AB8EEE70A40424F
:100CD0000121FAF7CDFE8346E2F7FCF80028A2D105
:100CE000BBF1000F9FD1D7ED007A2868B8EEE70A74
:100CF000F7EE000AFDF7A4FA8346E2F7EBF80028C6
:100D000091D1BBF1000F8ED12868D6ED007AF7EEB5
:100D1000000AB8EEE70A40420121FAF7A9FE83462D
:100D2000E2F7D8F800287FF47EAFBBF1000F7FF424
:100D30007AAF2868D7ED007AF0EE080AB8EEE70A35
:100D40004042FDF77DFA8346E2F7C4F800287FF4BD
:100D50006AAFBBF1000F7FF466AFD6ED007A28686A
:100D6000B8EEE70AF7EE000A0121FAF781FE8346A2
:100D7000E2F7B0F800287FF456AFBBF1000F7FF424
:100D800052AFD7ED007A2868B8EEE70AF7EE000A0E
:100D9000FDF756FA8346E2F79DF800287FF443AF4B
:100DA000BBF1000F7FF43FAFD6ED007A2868B8EEB4
:100DB000E70AF7EE000A0121FAF75AFE8346E2F746
:100DC00089F800287FF42FAFBBF1000F7FF42BAF21
:100DD0002868D7ED007AF0EE000AB8EEE70A404244
:100DE000FDF72EFA8346E2F775F800287FF41BAF73
:100DF000BBF1000F7FF417AF96ED000A2868B8EE3C
:100E0000C00AF0EE000A40420121FAF731FE064620
:100E1000E2F760F800287FF406AF002E7FF403AFFE
:100E2000286897ED000AF7EE000AB8EEC00A4042C3
:100E3000FDF706FA0546E2F74DF800283FF4C3AE89
:100E4000F1E622201CF07AFF95E522201FF00CF835
:100E500091E522201EF05CF88DE53B2107481EF04D
:100E60007FFF07480BB0BDE8F04F1BF0F1BC00BF9F
:100E70000817FF1F5C07FF1FCC0FFF1F7CF004004B
:100E80002808FF1F2DE9F04F884ED6F80031A3F156
:100E90000A021D2AADF5017D054640F2C582844C4B
:100EA000844B226804920021049A197023680393EA
:100EB000039B9B1A092BF9D90DF5A4787E49DFF81D
:100EC00020A2013D404601951BF0C2FE4046DFF7DF
:100ED0005BFB40461BF014FF784B404619681BF043
:100EE000B7FE4046DFF750FB40461BF009FF0023EA
:100EF000CDE95433CDE96C338DF8703169936A9341
:100F00008DF8AC316E4B53936E4B529380238DF81A
:100F10005831092042F29F43CDE95803052241F29E
:100F20008833062112A86E936F92CDF85C811AF077
:100F3000B3FB1422152122A81AF0AEFB17221021B0
:100F400032A81AF0A9FB1322122142A81AF0A4FB1E
:100F50001D215D481EF004FF5C481BF079FC172141
:100F60005B481EF0FDFE5B4B584819681BF068FC9F
:100F700056481BF06DFC122157481EF0F1FEDAF8BE
:100F8000001052481BF05CFC50481BF061FC0D2D1A
:100F900042D8DFE815F00902BF0197010E004100B9
:100FA000410041004100410041000902BF01970199
:100FB0000E00DAF80030439323680C930C9A2368F0
:100FC0000B930B9B9B1A132BF9D9D6F8941042A8BC
:100FD0001AF0A2FBD6F898101AF092FB00211AF032
:100FE000BDFB012211460420E0F77CFD6C9B80A82C
:100FF00003F10B02B7EE000A00EB8303002142A8C5
:1010000043F88C0C80AB03EB8203404643F8B41CDE
:101010006C910121FAF7C2FB549B002B00F0778200
:101020002E4DDFF8C090DFF8C0B0D6F8F800A0F180
:101030000A031D2B07D8C0B21CF010FBD6F8FC30F9
:10104000984240F0F6811CF02FFF002840F3E28028
:101050002B68012B2F4600F0E480032B00F01D814C
:10106000002B00F011810023549989F80030236887
:101070000E930E9A23680D930D9B9B1A092BF9D999
:101080000029D2D1019A0D2A38D8DFE812F03302B4
:101090002A022F00210237003700370037003700BF
:1010A000370033022A022F00210200BF7013FF1FF6
:1010B0000C1FFF1F3016FF1FACB104004807FF1FB5
:1010C000C80E05000C0F0500B8F004002808FF1F2B
:1010D000D8F004001817FF1F44E904006007FF1F41
:1010E0004416FF1FB816FF1F1C16FF1F339BCAF8BC
:1010F0000030012200210320E0F7F4FC9F49A04CBE
:101100000FA81BF0A5FD0FA8DFF73EFA0FA81BF0F4
:10111000F7FD21680FA81BF09BFD0FA8DFF734FA3D
:101120000FA81BF0EDFD95490FA81BF091FD0FA82E
:10113000DFF72AFA0FA81BF0E3FD21680FA81BF0C8
:1011400087FD0FA8DFF720FA0FA81BF0D9FD8D4906
:101150000FA81BF07DFD0FA8DFF716FA0FA81BF0F4
:10116000CFFD21680FA81BF073FD0FA8DFF70CFA65
:101170000FA81BF0C5FD84490FA81BF069FD0FA83F
:10118000DFF702FA0FA81BF0BBFD21680FA81BF0C8
:101190005FFD0FA8DFF7F8F90FA81BF0B1FD7B4941
:1011A0000FA81BF055FD0FA8DFF7EEF90FA81BF0F5
:1011B000A7FD3B68012B00F0A681032B00F0848182
:1011C000002B00F07D81DAED007AB8EEE70ADFF758
:1011D00093F96F4B0FA819681BF03AFD0FA8DFF7C2
:1011E000D3F90FA81BF08CFDD6F80001A0F10A027C
:1011F00000231D2A2393CAF800301393339343939B
:101200005BD9644B52934046F6F7F8FA0DF5017D31
:10121000BDE8F08F1DF0BEFE2B68012B2F467FF43A
:101220001CAF1CF055FEC3B2532B89F8003032D1ED
:10123000549B002B00F03A810E2157481A68574BF7
:10124000B3FBF2F3CBF800301EF08AFDDBF80010A0
:1012500053481BF0F5FA52481BF0FAFADBF800305D
:10126000F92B1DDD549900293FF401AF4046DFF70B
:1012700019FE549900293FF4FAAE01201CF058FAE7
:1012800054990029F9D1F2E61EF0FCFCC3B2532BAD
:1012900089F80030CCD05499E9E61DF08FFEC2E702
:1012A00055A81BF0ABF900235A9854931AF09CFBF5
:1012B0005B981AF099FB5499D9E60121C0B21CF051
:1012C00097F99EE7DAF80030339323680A930A9A75
:1012D00023680993099B9B1A132BF9D9D6F88C1014
:1012E00032A81AF019FAD6F890101AF009FA00216B
:1012F0001AF034FA012211460320E0F7F3FB6C9B4D
:1013000080A803F10B02B7EE000A00EB8303002173
:1013100032A875E6DAF80030239323680893089A18
:1013200023680793079B9B1A132BF9D90C211D489F
:101330001EF016FD23991A481BF082FA18481BF07C
:1013400087FAD6F8841022A81AF0E6F9D6F88810A1
:101350001AF0D6F900211AF001FA012211460220F2
:10136000E0F7C0FB6C9B80A803F10B02B7EE000A0C
:1013700000EB8303002122A842E600BF28F104000D
:101380004807FF1F3CF1040050F10400DCED0400AD
:101390004C07FF1F0C0F050050EC0400008793035F
:1013A0002808FF1F18F10400DAF8003013932368AF
:1013B0000693069A23680593059B9B1A132BF9D96C
:1013C0000C2154481EF0CCFC139953481BF038FAFA
:1013D00051481BF03DFAF16F12A81AF09DF9D6F8AA
:1013E00080101AF08DF900211AF0B8F916214B4837
:1013F0001EF0B6FC0023D6F8801047480A221BF0E6
:101400003FFA45481BF024FA012211461046E0F746
:1014100069FB6C9B80A803F10B02B7EE000A00EB9E
:101420008303002112A8EBE50021D8B21CF0E0F8FC
:1014300035E51F213A481EF093FC37481BF008FAA7
:1014400055A800241BF0DAF85A9854941AF0CCFAF4
:101450005B981AF0C9FA334B0125224621462046F3
:101460001D70E0F73FFB224621462846E0F73AFB95
:10147000224621460220E0F735FB22462146032082
:10148000E0F730FB224621460420E0F72BFB152035
:10149000F5F742FBD6F80001A0F10A031D2B3FF639
:1014A000B0AE2946C0B21CF0A3F8AAE61E4A1268E4
:1014B000002A3FF4C1AE022101209047549BBBE6B5
:1014C00022201EF0D1FC7EE622201DF021FD7AE6CE
:1014D000439BCAF80030012200210420E0F702FB00
:1014E0000CE6239BCAF80030012200210220E0F71D
:1014F000F9FA03E60122139BCAF8003000211046D6
:10150000E0F7F0FAFAE522201CF018FC5BE6074F42
:10151000B8E500BFF0F004002808FF1F00F1040048
:10152000A0EC04007C18FF1F5C1EFF1F6007FF1F5C
:101530002DE9F04F2DED028BB7B080228DF83020D1
:1015400009220E92784C099442F29F420F9241F286
:1015500088340522CDE92442744C754A0892002350
:101560000F4608A9CDE90A338DF848301F93209320
:101570008DF8843022932393D4F81C80A6690190BF
:101580000D91451EE1F7E4FB0E216A481EF0E8FBD1
:10159000694B6A4819681BF053F968481BF058F901
:1015A0005FFA88F001211CF023F80121F0B21CF051
:1015B0001FF80D2D0FD8DFE815F0EB019502D802CA
:1015C00008030E000E000E000E000E000E00380381
:1015D000810345036303CDF800804FF0000AB04655
:1015E0004FF0000B0A9B002B53D0009B0026A3F169
:1015F0000A09B9F11D0F40F2AD83A8F10A031D2BB2
:1016000040F2FD83D4F8F800A0F10A031D2B07D89F
:10161000C0B21CF023F8D4F8FC30984240F0438468
:101620001CF042FC002840F31784454B1B68012B3B
:1016300000F01984032B00F03384002B00F02D847C
:10164000404A00231370404A1368049304991368B6
:101650000393039B5B1A632BF9D90D2D0AD8DFE89E
:1016600005F05F5C07590909090909095F5C075919
:10167000364B5E6838461FF031FE5B4652461FF01F
:1016800097FE20F045F93146E0F764F90A9B002BFC
:10169000AFD12F4B1B78002B00F086832D4F05AE6A
:1016A0002D4930461BF0D4FA3046DEF76DFF304648
:1016B0001BF026FB396830461BF0CAFA3046DEF7CD
:1016C00063FF30461BF01CFB244930461BF0C0FA78
:1016D0003046DEF759FF30461BF012FB39683046C2
:1016E0001BF0B6FA3046DEF74FFF30461BF008FB22
:1016F0000D2D3BD8DFE815F01501DE00CC00BA0057
:101700003A003A003A003A003A003A001501DE0089
:10171000CC00BA00124B5E68ACE7124B5E68A9E7DA
:10172000114B5E68A6E700BFC80E05007013FF1FCF
:101730000C0F050068B104005007FF1F2808FF1FA9
:101740006007FF1FB816FF1F0C1FFF1F1C17FF1F8E
:10175000CC16FF1F4807FF1F74F1040088F1040036
:101760005C17FF1F9C17FF1FDC17FF1FBC4DBD4AF6
:1017700028681368BC490344304613601BF068FABC
:101780003046DEF701FF30461BF0BAFA39683046C2
:101790001BF05EFA3046DEF7F7FE30461BF0B0FA7B
:1017A000B24930461BF054FA3046DEF7EDFE3046C3
:1017B0001BF0A6FA396830461BF04AFA3046DEF7CD
:1017C000E3FE30461BF09CFAD4F8E030012B00F029
:1017D000B783A74930461BF03BFA3046DEF7D4FE0C
:1017E00030461BF08DFAA34930461BF031FA3046E3
:1017F000DEF7CAFE30461BF083FA9F4930461BF0E5
:1018000027FA3046DEF7C0FE30461BF079FA9B49D6
:1018100030461BF01DFA3046DEF7B6FE30461BF0B0
:101820006FFA974930461BF013FA3046DEF7ACFEEC
:1018300030461BF065FA934930461BF009FA3046F2
:10184000DEF7A2FE30461BF05BFAD4F80001A0F1EF
:101850000A031D2B40F26D838B4B089308A8F5F704
:10186000CDFF37B0BDEC028BBDE8F08F8749884BC8
:101870000A685B687A4D1A440A60864A2B601360D6
:10188000854A0021136004200122E0F72BF96EE75E
:101890008249834B0A685B68714D1A440A607D4A2D
:1018A0002B6013607F4A0021136003200122E0F7C0
:1018B00019F95CE77C4930461BF0CAF93046DEF77F
:1018C00063FE30461BF01CFA784B1B68012B00F0BE
:1018D0005B83032B00F06C83002B00F06583744B5B
:1018E0005F4D93ED000ADEF707FE724B3046196834
:1018F0001BF0AEF93046DEF747FE30461BF000FA2B
:101900006D496E4B0A685B682B601A440A60614A35
:1019100013606B4A0021136002200122E0F7E2F815
:1019200025E7614930461BF093F93046DEF72CFE7F
:1019300030461BF0E5F95D4B1B68012B00F030834E
:10194000032B00F02983002B00F022835D4B444DD4
:1019500093ED000ADEF7D0FD564B304619681BF0B8
:1019600077F93046DEF710FE30461BF0C9F95649CC
:10197000564B0A685B682B601A440A60454A13603C
:10198000534A1360012200211046E0F7ABF8EEE65F
:101990000122504EE369D4F8188000931046114696
:1019A000E0F7A0F8D6ED0D6AD4ED057AE268236978
:1019B000DFF8189186EEA77A02FB03F3464A062168
:1019C0001160052207EE903AF8EE677A434B67EE16
:1019D000877A1A6017EE900A1FF092FCF36872681B
:1019E0009FED3F7A96ED028A02FB03F307EE903AF1
:1019F000F8EE677A8B4667EE877AB8EE488AFDEE96
:101A0000E77A824617EE901A484619F085FEFCEEFA
:101A1000C87A17EE901A19F073FE064638461FF082
:101A20005DFC52465B461FF0C3FC1FF071FF014690
:101A3000304619F093FE229B36A803F10B0200EB0F
:101A400083030021229143F88C9C00EB8203B7EEC4
:101A5000000A43F8B41C08A80121F9F79FFEC1E56C
:101A60004416FF1FF015FF1FB0F10400C4F104007D
:101A7000ECF10400DCAD040000F2040080B40400CA
:101A800018E6040024E604000C0F0500F815FF1FFB
:101A90005C17FF1F1817FF1F4C16FF1FF415FF1FC1
:101AA0001C17FF1F4816FF1F9CF104006007FF1F53
:101AB0002416FF1F4C07FF1F0016FF1F9C17FF1F58
:101AC0005416FF1F2816FF1F0416FF1FDC17FF1FE9
:101AD0005816FF1FC011FF1F6407FF1FFC06FF1FE2
:101AE0000AD7233C0122236B009311460220D4F82D
:101AF0002C80DFF7F7FFC949C94AD4F8CC3015204C
:101B0000086014211160002B40F02682C54ED4EDF0
:101B10000A7AD6ED0E6A636A226A86EEA77A02FB1B
:101B200003F3DFF8289307EE903AF8EE677A67EE52
:101B3000877A17EE900A1FF0E3FBB36932699FEDD5
:101B4000BA7A96ED058A02FB03F307EE903AF8EEB7
:101B5000677AB8EE488A67EE877A82468B46FDEE52
:101B6000E77A484617EE901A4FE70122236D00935B
:101B700011460320D4F84C80AA4EDFF7B3FFA749E3
:101B8000A74A636B96ED0F0A1020086017211160B9
:101B9000002B6CD1E0F75AFB10EE100A1FF0B0FBDF
:101BA00082468B46736AF2699FED9F7A96ED088AAA
:101BB000DFF89C9202FB03F307EE903AF8EE677AA7
:101BC000B8EE488A67EE877AC9E70122236F00934F
:101BD00011460420D4F86C80924EDFF783FF8F49C2
:101BE0008F4A636D96ED100A122008601321116070
:101BF000002B5AD0E0F7A2FC10EE100A1FF080FB79
:101C000082468B46336BB26A9FED877A96ED0B8ADC
:101C1000DFF8409202FB03F307EE903AF8EE677AA2
:101C2000B8EE488A67EE877A99E701227D4EE3692C
:101C3000D4F81880009310461146DFF753FFD6ED15
:101C4000116AB1E60122236D009311460320D4F8F6
:101C50004C80744EDFF746FF7049714A636B96ED16
:101C6000130A1020086017211160002B92D0E0F7B2
:101C700021FC10EE100A1FF043FB82468B4691E7D1
:101C80000122236F009311460420D4F86C80654E26
:101C9000DFF728FF6149624A636D96ED140A12204E
:101CA000086013211160002BA4D1E0F769FB10EE4E
:101CB000100A1FF025FB82468B46A3E70122236B07
:101CC000009311460220D4F82C80DFF70BFF534914
:101CD000534AD4F8CC301520086014211160002B31
:101CE00040F046814F4ED4ED0A7AD6ED126A636A0F
:101CF000226A86EEA77A02FB03F3DFF8509107EE23
:101D0000903AF8EE677A67EE877A17EE900A1FF03E
:101D1000F7FA3269B369DFED447AD6ED058A02FB42
:101D200003F308EE103AB8EE488A012228EE278A1B
:101D300082468B4602201146DFF7D4FEFDEEC87ABC
:101D4000F8EE688A17EE901A484619F0E5FCFCEEAA
:101D5000E87A5EE69DF800001BF080FCD4F8FC30C9
:101D600098423FF44AAC002F7FF747AC2F4826211A
:101D70001DF0F6FF2E481AF06BFD0BA81AF03EFC82
:101D8000002310980A9319F02FFE119819F02CFED9
:101D9000284B0122394604201A70F5F7F3FB264B35
:101DA0001B78002B7FF47AAC05AE2449244F3046D3
:101DB0001AF04EFF3046DEF7E7FB30461AF0A0FF80
:101DC000396830461AF044FF3046DEF7DDFB304616
:101DD0001AF096FF1B4930461AF03AFF3046DEF7FC
:101DE000D3FB30461AF08CFF396830461AF030FFCA
:101DF0003046DEF7C9FB30461AF082FF50E45FFA46
:101E000088F01BF02BFCD4F8FC3098423FF4FAAB7E
:101E1000002FBFF6F7AB0C482621A9E76407FF1F88
:101E2000FC06FF1FC011FF1F0AD7233C60E8040017
:101E30002808FF1F7C18FF1FCC16FF1F3CF1040071
:101E40004807FF1F28F1040088E804009C17FF1FC3
:101E50001C17FF1F5C17FF1F1DF09CF8564B1B68DB
:101E6000012B7FF4E7AB1CF033F8C3B2534A532B7A
:101E700013707FF4E8AB0A9B53B108A8DFF712F8A0
:101E80000A9B2BB101201BF053FC0A9B002BF9D1BC
:101E90004B4A01231370FFF7D6BB1DF0F3FEE4E7B6
:101EA0001DF08CF8E1E71F2146481DF059FF464818
:101EB0001AF0CEFC0BA800251AF0A0FB10980A958A
:101EC00019F092FD119819F08FFD3D4B01262A461D
:101ED000294628461E70DFF705FE2A462946304669
:101EE000DFF700FE2A4629460220DFF7FBFD2A46DF
:101EF00029460320DFF7F6FD0420F4F70DFED4F8A1
:101F00000001A0F10A031D2B3FF6A6AC3146C0B27A
:101F10001BF06EFB2D480E211DF022FF2A481AF0FF
:101F200097FC019928481AF08BFC27481AF090FC7E
:101F300092E4C0B201211BF05BFB25480F21EBE7C7
:101F4000244930461AF084FE3046DEF71DFB304649
:101F50001AF0D6FE20496FE4204ED4ED367AD6ED45
:101F60000E6AD4F8D430D4F8D02086EEA77AD6E51D
:101F70001A4ED4ED367AD6ED126AD4F8D430D4F8AD
:101F8000D02086EEA77AB6E622201BF0D7FEA6E484
:101F900022201DF069FFD9E422201CF0B9FFD5E40E
:101FA00022201BF0CBFED1E422201DF05DFF96E441
:101FB00022201CF0ADFF92E46007FF1FB816FF1F40
:101FC0007C18FF1FA0EC04002808FF1F64F1040028
:101FD00014F20400D8F10400DCAD0400C011FF1FAE
:101FE0002DE9F04F9D4CD4F80001A0F10A031D2B00
:101FF000ADF5177D40F22D81DFF8D8B2984ADBF8B5
:1020000000100891002008991070DBF80030079349
:10201000079B5B1A092BF8D968AD9249DFF8B89293
:10202000914FDFF8B882DFF8B8A228461AF010FE08
:102030002846DEF7A9FA28461AF062FE8B4B28469E
:1020400019681AF005FE2846DEF79EFA28461AF0AF
:1020500057FE874A874B699280200022CDE96A2289
:10206000CDE982228DF8C8217F9280928DF80422DA
:1020700068938DF8B001092342F29F407E4A7F4960
:10208000126809686D95CDE96E3041F288360520F9
:10209000CDE9846018A819F0FFFA794B794E1A68D7
:1020A000794B28A8196819F0F7FA784B1A68784B19
:1020B00038A8196819F0F0FA764BD9F80020196899
:1020C00048A819F0E9FA3A68D8F8001058A819F0A9
:1020D000E3FA714A71481368714A00681168714ADD
:1020E0001990DAF800001268299039936E484991E6
:1020F0000F2159921DF034FE31686C481AF0A0FB94
:102100006A481AF0A5FB3268013A032A00F2A18658
:10211000DFE802F0633E2202654B66480493092122
:102120001DF01EFE644A049B02922F221A60382280
:10213000624BC8F8002039223A600393604B019348
:102140001A68604B042A00F28C86DFE812F0E7017F
:10215000E101DA01D301CB00584B554A5A480393A9
:10216000092104921DF0FCFD039B2E221A60049BA2
:102170002F221A60474B36221A603722C9F80020F6
:1021800038224D4BC8F8002039223A600293D5E737
:102190004749494B494A04914C480293092103920B
:1021A0001DF0DEFD029B04992D221A60039B2E2256
:1021B0001A60374B2F220A6034221A60334B3522C3
:1021C0001A60344B36221A603722C9F800203822B0
:1021D000C8F8002039223A60B0E7394B3C480193F7
:1021E00009211DF0BDFD344A354B36483349029272
:1021F0002F4A039104922C211A682F4B01602D2144
:1022000019602E4B05902E211960294B2F21196042
:102210001D4B322119601A4B332119601C4B34219C
:1022200019601A4B352119601A4B36211960372174
:10223000C9F800103821C8F8001039213960042A83
:1022400000F21686DFE812F0F3054505F605FB05FA
:10225000EE050021C0B21BF0CBF9CDE67013FF1FD5
:102260003016FF1FACB104008807FF1F4807FF1F8F
:10227000C80E05000C0F05006807FF1F6C07FF1F45
:102280007007FF1FE00FFF1F7407FF1F7807FF1F76
:102290007C07FF1F8407FF1F2418FF1F1C18FF1F48
:1022A0002818FF1F2C18FF1F24F204002808FF1F06
:1022B000A007FF1F94EC04009807FF1F9C07FF1F57
:1022C0009007FF1F9407FF1F88EC04007CEC0400BC
:1022D00070EC04000C1FFF1F8007FF1F8C07FF1FFF
:1022E0002018FF1F18680593D4F89410D4F898307C
:1022F000042800F2F184DFE810F0EE00E000DB00DB
:10230000D6000500D4F89490D4F89870029AD2F8C8
:102310000080039A1068049AD2F800E0B8F1040F24
:1023200008D8DFE808F0AFABA6A10300D4F894907A
:10233000D4F89870042808D8DFE800F087837E7905
:102340000300D4F89490D4F89870BEF1040F66D8C6
:10235000DFE80EF05753674D0300D4F89490D4F89B
:102360009870984618A819F0D7F9414619F0C8F99D
:10237000002119F0F3F9494628A819F0CDF939469A
:1023800019F0BEF9002119F0E9F9794938A819F0D6
:10239000C3F9774919F0B4F9002119F0DFF974494C
:1023A00048A819F0B9F9724919F0AAF9002119F0F1
:1023B000D5F96F4958A819F0AFF96D4919F0A0F98E
:1023C000002119F0CBF96B4B6B491A68D1F89010CA
:1023D000002A40F3B680019B1A68013A032A00F2F2
:1023E000B080DFE812F05D0262025802AB00D4F860
:1023F0008C90D4F890709846B4E7E16FD4F8808060
:10240000B0E7DBF8002012921298D4F87490A76F0E
:10241000DBF800201192119A121A0E2AF8D9984668
:10242000A0E7D4F88490D4F8887098469AE7D4F856
:102430008C90D4F8907088E7D4F88490D4F88870A1
:1024400083E7E16FD4F880307FE7DBF8002010925B
:102450001098D4F87490A76FDBF800200F920F9AB1
:10246000121A0E2AF8D970E7D4F88C90D4F890702C
:1024700060E7D4F88490D4F888705BE7E16FD4F813
:10248000803057E7DBF800200E92DDF838C0D4F832
:102490007490A76FDBF800200D920D9AA2EB0C024E
:1024A0000E2AF7D946E7D4F88C90D4F890702DE72F
:1024B000D4F88490D4F8887028E7029A2C4FD2F888
:1024C0000080039AE16F1068049AD4F88030D2F843
:1024D00000E0B94622E7DBF800200C920C98D4F813
:1024E0007490A76FDBF800200B920B9A121A0E2A39
:1024F000F8D90BE718680593D4F88C10D4F890300D
:10250000F6E618680593D4F88410D4F88830EFE61E
:1025100018680593E16FD4F88030E9E618680593F0
:10252000DBF800200A920A9F616FA36FDBF800209E
:102530000992099AD21B0E2AF8D9D9E60E4A04212B
:102540009164DAF80020002A03DD0B4A0421C2F866
:10255000881032680849013AD1F8D010042A4CD8C2
:10256000DFE812F04E0129016B01F2000C0000BF00
:10257000A08601001C18FF1F00F00F40019B0122E4
:1025800018681146DFF7AEFA059B0122186811465C
:10259000DFF7A8FA029B012218681146DFF7A2FABA
:1025A000039B012218681146DFF79CFA049B012265
:1025B00018681146DFF796FA829A96AB03EB82070A
:1025C00002F10F0103EB810118AB47F88C3C28ABFB
:1025D00047F8883C38AB47F8843C48AB002047F8C4
:1025E000803C58AB47F87C3CB7EE000A41F8B40C8D
:1025F000829005212846F9F7D1F86A9A002A00F05E
:102600000E84B14FDFF8E092DFF8E0A2D4F8F800D2
:10261000A0F10A031D2B07D8C0B21BF01FF8D4F895
:10262000FC30984240F0AB811BF03EFC002840F3A8
:1026300041813B68012BB84600F04381032B00F039
:102640005B81002B00F08881002389F800306A99B3
:10265000DBF800301493149ADBF800301393139BCB
:102660009B1A092BF8D90029D0D1984B1B68012B54
:1026700000F0D081DFF8789215AF954938461AF00E
:10268000E7FA3846DDF780FF38461AF039FBD8F80C
:102690000030012B00F0D182032B00F00583002BCA
:1026A00000F0FE828B4BDFF84CA293ED000AB8EEEF
:1026B000C00ADDF721FFDAF8001038461AF0C8FA30
:1026C0003846DDF761FF38461AF01AFB8249384672
:1026D0001AF0BEFA3846DDF757FF38461AF010FBFD
:1026E000D8F80030012B00F0EB82032B00F0E482DD
:1026F000002B00F0DD82794B93ED000AB8EEC00AA2
:10270000DDF7FAFEDAF8001038461AF0A1FA38467A
:10271000DDF73AFF38461AF0F3FAD9F87420012AA7
:1027200000F0D282D4F8000100233360A0F10A0344
:102730001D2B40F26A816A4B68932846F5F75EF8D4
:102740000DF5177DBDE8F08F019B01221868114639
:10275000DFF7C8F9059B012218681146DFF7C2F9B7
:10276000029B012218681146DFF7BCF9039B012286
:1027700018681146DFF7B6F9829A96AB03EB820729
:1027800002F10E0103EB810118AB47F88C3C28AB3A
:1027900047F8883C38AB47F8843C002048AB47F802
:1027A000803CB7EE000A41F8B40C82900421284620
:1027B000F8F7F4FF21E7019B012218681146DFF7C3
:1027C00091F9059B012218681146DFF78BF9829A6F
:1027D00096AB03EB820702F10C0103EB810118AB0E
:1027E00047F88C3C002028AB47F8883CB7EE000A3D
:1027F00041F8B40C829002212846F8F7CFFFFCE69E
:10280000019B012218681146DFF76CF9829A96AB9A
:1028100002F10B0103EB820218AB42F88C3C96AB41
:1028200003EB8102002042F8B40CB7EE000A82905C
:1028300001212846F8F7B2FFDFE6019B0122186864
:102840001146DFF74FF9059B012218681146DFF7A3
:1028500049F9029B012218681146DFF743F9829A71
:1028600096AB03EB820702F10D0103EB810118AB7C
:1028700047F88C3C28AB47F8883C002038AB47F839
:10288000843CB7EE000A41F8B40C8290032128463C
:10289000F8F784FFB1E6134A0421C2F8881050E625
:1028A000104A8021C2F8C8104BE60E4A2021C2F817
:1028B000C81046E61CF06EFB3B68012BB8467FF45F
:1028C000BDAE1BF005FB19E06007FF1F5007FF1F9F
:1028D000CCED04005016FF1FDCED04004416FF1F72
:1028E0000C0F050000F00F40B816FF1F1C16FF1F4D
:1028F0003411FF1F4C07FF1F1CF060FBC3B2532BAA
:1029000089F800307FF4A3AE6A9B002B74D00E21AF
:10291000CC481A68CC4BB3FBF2F3CAF800301DF078
:102920001FFADAF80010C94819F08AFFC74819F0F1
:102930008FFFDAF80030F92B11DC6BA819F05EFE7E
:10294000002370986A9319F04FF8719819F04CF8B9
:102950006A99002333607BE61DF094F9CEE76A990B
:102960000029F6D02846DEF79DFA6A990029F0D0B2
:1029700001201AF0DDFE6A990029F9D1E9E71F214B
:10298000B3481DF0EDF9B14819F062FF6BA80026BD
:1029900019F034FE70986A9619F026F8719819F0BB
:1029A00023F8AC4B01273246314630461F70DFF723
:1029B00099F8324631463846DFF794F832463146C8
:1029C0000220DFF78FF8324631460320DFF78AF81E
:1029D000324631460420DFF785F81520F4F79CF8DD
:1029E000D4F80001A0F10A031D2B3FF6A4AE39462E
:1029F000C0B21AF0FDFD9EE6974A1268002A86D002
:102A00000221012090476A9B81E70121C0B21AF0A0
:102A1000EFFD90E6914B1B68022B15AF00F3B580DC
:102A2000002B00F37481DFF874928D4813211DF0A0
:102A300097F9D9F85810854819F002FF834819F022
:102A400007FFD4F8E030012B00F0528112218548B5
:102A50001DF086F9019B7D48196819F0F1FE7B484D
:102A600019F0F6FE019B1968002900F091814B1EB8
:102A7000032B44D8012208460021DFF733F87A49B6
:102A800038461AF0E5F83846DDF77EFD38461AF08C
:102A900037F9764938461AF0DBF83846DDF774FD29
:102AA00038461AF02DF9724938461AF0D1F83846EE
:102AB000DDF76AFD38461AF023F96E4938461AF0F8
:102AC000C7F83846DDF760FD38461AF019F96A494B
:102AD00038461AF0BDF83846DDF756FD38461AF08C
:102AE0000FF9664938461AF0B3F83846DDF74CFD61
:102AF00038461AF005F962480F211DF031F9059B9F
:102B0000186803287FF4B9AD01220021DEF7EAFF3F
:102B10005C4938461AF09CF83846DDF735FD3846F2
:102B20001AF0EEF8514938461AF092F83846DDF7B7
:102B30002BFD38461AF0E4F8534938461AF088F865
:102B40003846DDF721FD38461AF0DAF849493846AB
:102B50001AF07EF83846DDF717FD38461AF0D0F83F
:102B6000454938461AF074F83846DDF70DFD384609
:102B70001AF0C6F8414938461AF06AF83846DDF7C7
:102B800003FD38461AF0BCF877E5032B7FF44BAF12
:102B90003E4938461AF05CF83846DDF7F5FC384611
:102BA0001AF0AEF83A4B384619681AF051F8384620
:102BB000DDF7EAFC38461AF0A3F8344938461AF033
:102BC00047F83846DDF7E0FC38461AF099F8304B04
:102BD000384619681AF03CF83846DDF7D5FC384617
:102BE0001AF08EF82B4938461AF032F83846DDF7DD
:102BF000CBFC38461AF084F8254B384619681AF091
:102C000027F83846DDF7C0FC38461AF079F8224933
:102C100038461AF01DF83846DDF7B6FC38461AF08B
:102C20006FF81B4B384619681AF012F83846DDF772
:102C3000ABFC38461AF064F8F5E622201BF07EF86B
:102C400030E500BF50EC0400008793032808FF1F05
:102C5000A0EC04007C18FF1F5C1EFF1FFC16FF1F6A
:102C600048F204005CF2040000EB0400DCAD040058
:102C700014EB040080B4040018E6040024E6040009
:102C800070F2040054E6040068E6040038E2040030
:102C90004807FF1F34F20400BCE204003411FF1F98
:102CA00022201DF0E1F8FDE422201CF031F9F9E4C6
:102CB00022201DF0D9F81EE522201CF029F91AE582
:102CC00022201BF03BF816E500210320DEF70AFF67
:102CD00028E5E16FD4F88030029A694FD2F800807D
:102CE0000398049A0068D2F800E0B946FFF716BBD3
:102CF000162164481DF034F8D4F8E010624800232F
:102D00000A2219F0BDFD604819F0A2FDB5E45F4943
:102D1000384619F09DFF3846DDF736FC384619F085
:102D2000EFFF5B4B3846196819F092FF3846DDF724
:102D30002BFC384619F0E4FF5449384619F088FF57
:102D40003846DDF721FC384619F0DAFF504B38469B
:102D5000196819F07DFF3846DDF716FC384619F082
:102D6000CFFF4C49384619F073FF3846DDF70CFCAD
:102D7000384619F0C5FF464B3846196819F068FF08
:102D80003846DDF701FC384619F0BAFF42493FE703
:102D9000012208460191DEF7A5FED9F874200199B9
:102DA000012A51D03D49384619F052FF3846DDF727
:102DB000EBFB384619F0A4FF3949384619F048FFB3
:102DC0003846DDF7E1FB384619F09AFF35493846B9
:102DD00019F03EFF3846DDF7D7FB384619F090FF73
:102DE0003149384619F034FF3846DDF7CDFB384617
:102DF00019F086FF2D49384619F02AFF3846DDF7CD
:102E0000C3FB384619F07CFF2949384619F020FFEA
:102E10003846DDF7B9FB384619F072FF6FE6DFF888
:102E2000A08022E4D4F89410D4F8983054E72C20F1
:102E3000FFF776BBD4F88410D4F888304CE7D4F888
:102E40008C10D4F8903047E7029B1868DEF74AFEF2
:102E5000A8E7184B0293184B0393184B0493FFF702
:102E60006DB91A460593064B10681946FFF740BA2C
:102E7000034F3B46B94639469846FFF773BA00BF41
:102E8000A0860100A8F204002808FF1F14E3040034
:102E90004807FF1F34F20400E8E2040080F2040057
:102EA000DCAD040094F2040080B4040018E60400D1
:102EB00024E604009807FF1F9C07FF1FA007FF1FC1
:102EC0006007FF1F3A4B1B68022B70B406D0032B20
:102ED00033D0012B1FD070BCFFF782B8354836497C
:102EE0000360364809680360354B364C1960364B31
:102EF0002668364D364C1E6036483749374A03231C
:102F00002B6023601024172304600B6070BC002327
:102F10001360FFF765B83149264C274A236000202B
:102F200008602A482549264B1268032404600220C1
:102F3000086070BC1A60FFF753B8294B9B6D013BCA
:102F4000032B0CD8DFE803F0291F0215234A1F4981
:102F50001A4B032410201460172208601A60214ABB
:102F60001449174B12680120086070BC1A60FFF703
:102F700037B81A4A1549114B042412201460132241
:102F800008601A60EBE7154A10490C4B0224152023
:102F90001460142208601A60E1E7104A0B49074BDD
:102FA000012406201460052208601A60D7E700BFDC
:102FB000FC16FF1FE00FFF1F1417FF1F6807FF1FFE
:102FC0001C18FF1FD416FF1F2018FF1F6C07FF1FC0
:102FD0009407FF1F7407FF1F7007FF1F9007FF1F55
:102FE0003411FF1FD80FFF1F2DE9F04F2DED048B7B
:102FF000B9B08346DFF7ACFE4A4B0B9380238DF8C4
:1030000038300923484E109342F29F430024DFF8E2
:103010003CA1119341F2883105230AAA434F0F9234
:10302000CDE926133046424B0A932146CDE90C44A4
:103030008DF85040219422948DF88C40249425944E
:1030400018F05EFB2146504618F05AFB21463846E0
:1030500018F056FB2146304618F05EFB21465046DC
:1030600018F05AFB2146384618F056FB21463046E8
:103070007460CAF804407C6018F070FB214650462A
:1030800018F06CFB2146384618F068FB294B2A4D96
:103090001C602A4B2C682A4A1C60012313606B6851
:1030A000032C03F1FF332CD0042C1AD04CB1042B89
:1030B00000F26485DFE813F02002230226022902D1
:1030C0004C002049204A0320086002211160042B93
:1030D00000F2A882DFE813F01002130216021902B0
:1030E0003C001849184A1220086013211160042B73
:1030F00000F21A83DFE813F000020302060209025D
:103100002C001049104A1020086017211160042B70
:1031100000F2A683DFE813F0F001F301F601F901F4
:103120001C0000BFC80E05001C17FF1F3818FF1F2A
:103130000C0F0500F415FF1F0011FF1F9007FF1F64
:10314000E00FFF1F6C07FF1F6807FF1F5C17FF1FC3
:10315000DFF86083D8F80C001EF0D2F8D8F8003001
:1031600089468046032C00F08083042C00F0E18225
:10317000002C00F05C824FF0000BBA4C08EE10BA45
:1031800009EE10BA0C9B002B47D0DFF82C83DFF838
:103190002C93D8F800300493049AD8F800300393A5
:1031A000039B9B1A632BF8D9D4F8F800A0F10A030B
:1031B0001D2B07D8C0B21AF051FAD4F8FC3098424F
:1031C00040F0F3811AF070FE002840F3A181D9F895
:1031D0000030012B00F0A381032B00F0E381002BD2
:1031E00000F0B281A04A002313702B68032B00F07B
:1031F000A581042B00F09C81002B00F09381D8F86E
:1032000000300693069AD8F800300593059B9B1A68
:10321000092BF8D90C9B002BBBD108219348DFF870
:10322000A0821CF09DFD924819F012FB914907A85D
:1032300019F00EFD07A8DDF7A7F907A819F060FD42
:10324000D8F8001007A819F003FD07A8DDF79CF9CE
:1032500007A819F055FD884907A819F0F9FC07A837
:10326000DDF792F907A819F04BFDD8F8001007A870
:1032700019F0EEFC07A8DDF787F907A819F040FD63
:103280007E4907A819F0E4FC07A8DDF77DF907A837
:1032900019F036FDD8F8001007A819F0D9FC07A8D6
:1032A000DDF772F907A819F02BFD754907A819F089
:1032B000CFFC07A8DDF768F907A819F021FDD8F8B9
:1032C000001007A819F0C4FC07A8DDF75DF907A8EE
:1032D00019F016FD6B4907A819F0BAFC07A8DDF72D
:1032E00053F907A819F00CFDD8F8001007A819F039
:1032F000AFFC07A8DDF748F907A819F001FD6249FE
:1033000007A819F0A5FC07A8DDF73EF907A819F0F2
:10331000F7FCD8F8001007A819F09AFC07A8DDF709
:1033200033F907A819F0ECFC584907A819F090FCEC
:1033300007A8DDF729F907A819F0E2FCD8F8001072
:1033400007A819F085FC07A8DDF71EF907A819F0F2
:10335000D7FC4F4907A819F07BFC07A8DDF714F943
:1033600007A819F0CDFCD8F8001007A819F070FCD8
:1033700007A8DDF709F907A819F0C2FC454A7868E3
:10338000136879680B441360434B002118600122D5
:103390000846DEF7A7FB41487268036871680B4472
:1033A00003603F4B00211A6003200122DEF79AFBE5
:1033B0003C4ADAF804101368DAF804000344136096
:1033C000394B0122196004200021DEF78BFB374BBB
:1033D0001B68022B00F0B1822B68032B00F00D83D9
:1033E000042B00F02983002B00F0FE82D4F8E020AB
:1033F000002A00F0F4822E4907A819F029FC07A83A
:10340000DDF7C2F807A819F07BFCD8F8001007A870
:1034100019F01EFC07A8DDF7B7F807A819F070FC33
:10342000174907A819F014FC07A8DDF7ADF807A89D
:1034300019F066FCD8F8001007A819F009FC07A8D5
:10344000DDF7A2F807A819F05BFC0C4907A819F0F2
:10345000FFFB07A8DDF798F807A819F051FCD8F88A
:1034600000102FE07013FF1FB816FF1F38F3040081
:103470002808FF1F44F3040058F304006CF3040011
:1034800080F3040094F30400A8F30400B0F10400F6
:10349000C4F10400FC15FF1F5016FF1FF415FF1F99
:1034A0004816FF1FF815FF1F4C16FF1FE00FFF1FE8
:1034B00014F40400F010FF1F0C1FFF1F6007FF1F14
:1034C0004807FF1F07A819F0C3FB07A8DDF75CF842
:1034D00007A819F015FCD4F80001A0F10A031D2B70
:1034E00040F27882CC4B0A930AA8F4F787F939B0F6
:1034F000BDEC048BBDE8F08FDFF854832AE6DFF8DB
:10350000548327E6DFF8508324E6DFF8508321E672
:103510001BF040FDD9F80030012B7FF45DAE1AF0AE
:10352000D7FC13E0796819EE100ADEF713FA66E6A5
:10353000DAF804105846DEF70DFA60E6716818EE06
:10354000100ADEF707FA5AE61CF09CFBC3B2B34A36
:10355000532B13707FF449AE0E21B1481CF000FCD0
:10356000AE4AB048117800230A2219F089F9AD4813
:1035700019F06EF90C9B53B10AA8DDF793FC0C9B74
:103580002BB101201AF0D4F80C9B002BF9D1392172
:10359000A5481CF0E5FBA34819F05AF9A34B0122FA
:1035A0001A7022E61BF00AFDD0E72021A0481CF08B
:1035B000D7FB9C4819F04CF90DA8002519F01EF80E
:1035C00012980C9518F010FA139818F00DFA974B02
:1035D00001262A46294628461E70DEF783FA2A4627
:1035E00029463046DEF77EFA2A4629460220DEF7D3
:1035F00079FA2A4629460320DEF774FA2A46294634
:103600000420DEF76FFA0320F3F786FAD4F80001FE
:10361000A0F10A031D2B3FF665AF3146C0B219F089
:10362000E7FF5FE700234FF000084FF00009012299
:10363000114600200193DEF755FAD5ED057A9FED8E
:103640007D7A7D4C7D4822686168D4ED026AF8EE8F
:10365000677A01FB02F367EE877A95ED027AB8EE9E
:10366000477A08EE103A67EE877AB8EE488AFCEEA1
:10367000E77A28EE268A17EE901A18F04DF8296A94
:103680006E4818F03DF8019B012B00F03E82FDEEE4
:10369000C87A17EE900A1DF021FE42464B461DF0F7
:1036A000B1FF8046584689461DF018FE02460B467B
:1036B000404649461DF07CFE1EF02AF909EE100A2C
:1036C0005E4819EE101A18F049F815215C481CF0F4
:1036D00047FB19EE101A534819F0B2F8514819F087
:1036E000B7F81D2157481CF03BFB4E4819F0B0F8C5
:1036F0002A6B012A00F0A481249B38A803F10B0156
:1037000000EB8303002243F88C7C00EB810393469B
:10371000B7EE000A43F8B42C01210AA8249208EE5F
:1037200010BAF8F73BF82DE500234FF000084FF0F2
:103730000009414C0193012211460420DEF7D2F921
:10374000E16DA26D94ED180A01FB02F207EE902ADA
:10375000F8EE677A27EE800A1CF010FED5ED077AA6
:103760009FED347A3848F8EE677ABDEEC08A67EE8E
:10377000877A95ED047AB8EE477A67EE877AFCEEA1
:10378000E77A17EE901A17F0C7FFA96A2E4817F0CC
:10379000B7FF019B012B18EE100A00F0C9811DF044
:1037A0009DFD42464B461DF02DFF804658468946FA
:1037B0001DF094FD02460B46404649461DF0F8FDBB
:1037C0001EF0A6F8834659461F4817F0C7FF11217F
:1037D0001E481CF0C5FA5946124819F031F8114834
:1037E00019F036F8249B38A803F10B0100EB830392
:1037F000002243F88CAC00EB81039046B7EE000A40
:1038000043F8B42C01210AA808EE102A249209EEEC
:10381000108AF7F7C3FFB5E40C0F0500B816FF1FB9
:10382000ECF204002808FF1FFCF204007C18FF1FC4
:10383000CCE504000AD7233C7013FF1F3818FF1F84
:10384000C0F2040018F304005C17FF1FD8F2040054
:10385000B010FF1FC010FF1FD010FF1FE010FF1F90
:1038600000234FF000084FF00009C84C01930122DB
:1038700011460320DEF736F9E16BA26B94ED100AD6
:1038800001FB02F207EE902AF8EE677A27EE800A33
:103890001CF074FDD5ED067A9FEDBD7ABD48F8EEBB
:1038A000677ABDEEC08A67EE877A95ED037AB8EE47
:1038B000477A67EE877AFCEEE77A17EE901A17F0F0
:1038C0002BFF696AB34817F01BFF019B012B18EE11
:1038D000100A00F040811DF001FD42464B461DF0EC
:1038E00091FE8046584689461DF0F8FC02460B467C
:1038F000404649461DF05CFD1EF00AF808EE100A2D
:10390000A44818EE101A17F029FF249B38A803F1D9
:103910000B0100EB8303002243F88C6C00EB810366
:103920009346B7EE000A43F8B42C01210AA824926A
:1039300009EE10BAF7F732FF24E47A689649736803
:1039400052420A60954A5B421360D4F8E030002B83
:103950007FF451AD2B68002B41D1914907A819F094
:1039600077F907A8DCF710FE07A819F0C9F98D4907
:1039700007A819F06DF907A8DCF706FE07A819F0EB
:10398000BFF9894907A819F063F907A8DCF7FCFD1E
:1039900007A819F0B5F9854907A819F059F907A83A
:1039A000DCF7F2FD07A819F0ABF9814907A819F077
:1039B0004FF907A8DCF7E8FD07A819F0A1F97D4940
:1039C00007A819F045F907A8DCF7DEFD07A819F0EC
:1039D00097F910E50121C0B219F00AFE82E5033B18
:1039E000012B3FF608AD11E07B686B4A5B42136028
:1039F000D4F8E030002BB0D0FDE473685B42664A37
:103A00001360D4F8E030002B7FF4F5AC6A4907A8C6
:103A100019F01EF907A8DCF7B7FD07A819F070F92F
:103A2000604907A819F014F907A8DCF7ADFD07A84D
:103A300019F066F96149A5E7DAF804305B42DEE780
:103A4000D5ED067ADFED526A95ED0B7A5C4BDFF827
:103A500080C1DFF88091F8EE677A27EE267A67EE6C
:103A6000A67AD5ED036AF8EE666AB8EEC98A67EE03
:103A7000A67AD3ED006A534B28EE268A032028EE5F
:103A8000078AFCEEE78A4FF0170E18604E4BCCF811
:103A900000E011464FF0100C4FF00208C3F8008010
:103AA000C9F800C04FF0000BDEF71CF8BDEEC88A65
:103AB00018EE901A3748C6F804B017F02DFE696A60
:103AC000344817F01DFE18EE101A324817F046FE63
:103AD000249BCDF890B003F10C0238A800EB8202D1
:103AE00000EB8300B7EE000A40F88C7C38A800EBAE
:103AF0008303414643F8886C0AA842F8B4BCF7F740
:103B00004DFE08EE10BAFFF73DBB304B0022404699
:103B100049461DF077FD804618EE100A89461DF0D3
:103B2000EFFB02460B46404649461DF041FCB8E516
:103B30001DF0D4FB02460B46404649469046994646
:103B40000022224B1DF05EFD02460B4640464946D0
:103B50001DF02EFC29E61DF0C1FB02460B46404637
:103B60004946904699460022184B1DF04BFD0246EF
:103B70000B46404649461DF01BFCB2E600234FF0C1
:103B800000084FF00009FFF7EDBA00BF7013FF1FE8
:103B90000AD7233C1C17FF1F1C18FF1F2018FF1FEC
:103BA000BCF30400DCAD0400D4F3040080B40400D2
:103BB00018E6040024E60400E8F3040000F404001E
:103BC0008018FF1F9407FF1FE00FFF1F0080764043
:103BD0007007FF1F7407FF1F2DE9F0412DED028BC9
:103BE000A34AA44B116886B00024029102991C706C
:103BF000054613680193019B5B1A092BF9D99E496D
:103C00009E4E9F4F03A819F023F803A8DCF7BCFCD5
:103C100003A819F075F8316803A819F019F803A87A
:103C2000DCF7B2FC03A819F06BF800233B70DEF759
:103C3000B9FAFF28044608BF0024DFF773FC2046CA
:103C4000DFF73EFD8F4B5B68013B51EC100B042B03
:103C500056D8DFE813F0DC00E200E800EE000500D3
:103C60001DF09EFE884B08EE100A83ED038A8749FB
:103C7000DFF8488203A818F0EBFF03A8DCF784FC08
:103C800003A819F03DF8D8F80030012B00F0EB80C4
:103C9000032B00F0E480002B00F0DD807C4CB0EEC4
:103CA000480ADCF729FC216803A818F0D1FF03A813
:103CB000DCF76AFC03A819F023F8744903A818F08C
:103CC000C7FF03A8DCF760FC03A819F019F8D8F8BF
:103CD0000030012B00F0BB80032B00F0B480002BE0
:103CE00000F0AD80B0EE480ADCF706FC216803A8BE
:103CF00018F0AEFF03A8DCF747FC03A819F000F8A2
:103D00003B783BB9284606B0BDEC028BBDE8F041DC
:103D1000FFF76AB95F4903A818F09AFF03A8DCF718
:103D200033FC03A818F0ECFF316803A818F090FFEB
:103D300003A8DCF729FC03A818F0E2FF564903A802
:103D400018F086FF03A8DCF71FFC03A818F0D8FFC3
:103D5000316803A818F07CFF03A8DCF715FC03A862
:103D600018F0CEFF4D4903A818F072FF03A8DCF746
:103D70000BFC03A818F0C4FF316803A818F068FF13
:103D800003A8DCF701FC03A818F0BAFF444903A814
:103D900018F05EFF03A8DCF7F7FB03A818F0B0FFEC
:103DA000316803A818F054FF03A8DCF7EDFB03A863
:103DB00018F0A6FF3B4903A818F04AFF03A8DCF758
:103DC000E3FB03A818F09CFF316803A818F040FF3C
:103DD00003A8DCF7D9FB03A818F092FF324903A827
:103DE00018F036FF03A8DCF7CFFB03A818F088FF14
:103DF000316803A818F02CFF03A8DCF7C5FB03A863
:103E000018F07EFF06B0BDEC028BBDE8F0811DF01E
:103E1000C7FD264B08EE100A27E71DF0C1FD244B15
:103E200008EE100A21E71DF0BBFD224B08EE100A38
:103E30001BE71DF0B5FD204B08EE100A15E7222008
:103E40001CF012F84EE722201BF062F84AE722200D
:103E500019F074FF46E722201CF006F81EE7222026
:103E60001BF056F81AE7222019F068FF16E700BF8A
:103E70000C1FFF1F3016FF1FACB104004807FF1FC7
:103E8000DD0FFF1F0011FF1FF010FF1F28F40400BB
:103E90004C07FF1F44F3040058F304006CF30400C4
:103EA00080F304003CF4040050F40400B010FF1F41
:103EB000C010FF1FD010FF1FE010FF1F6007FF1F83
:103EC0002DE9F04F2DED108B1F21ADF5337DC4484A
:103ED000C44CDFF878831BF043FFC34818F0B8FCEC
:103EE000DEF736FFC14AC249D8F81CB0D8F818909E
:103EF00000235360BF4A5360BF4A5360BF4A5360B8
:103F0000BF4A5360BF4A13602B220A60BE49E36F69
:103F10002C220A60BD492D220A60BD492E220A606A
:103F2000BC492F22002B0A6040F3A685012305938C
:103F30000D21B9481BF014FF0121AB4818F080FC9B
:103F4000A94818F085FC636D13F001030B9300F092
:103F5000E982AC4AB14D1368D8F818A01595013321
:103F60001360A34AD8F81C300A9301211160AC4AAF
:103F70001492D8B20623136005232B6019F038FB86
:103F800001215FFA8AF019F033FBD4ED186AD8EDFD
:103F9000057AD8F80C20D8F81030656C069586EEB6
:103FA000A77A02FB03F307EE903AF8EE677A67EE22
:103FB000877A17EE900A1DF0A3F902460B462846B1
:103FC000CDE900231DF08AF9DDE900231DF0F0F9A9
:103FD0006268A369DFED937A02FB03F308EE103AFF
:103FE000B8EEC88AE36A0D9306460F468E4817213D
:103FF00028EE278A1BF0B4FEE16F7B4818F020FC06
:10400000794818F025FC059D002D40F00E83059B96
:104010000C93FDEEC87A754817EE901A17F07CFBEA
:104020000D9917F06DFB3946054630461DF070FCC2
:104030000146284617F092FB012211461046DDF793
:1040400051FD636D13F0020540F0938229466948E3
:10405000DFED768A17F060FB294617F051FB294601
:1040600017F07CFB0122294602200F95DDF73AFD6F
:1040700001239FED597B0E930993636D6C4A18924F
:1040800013F004056B4A1992CDF80090CDF808B0F2
:10409000B0EE47BAF0EE67BA40F05683294656486C
:1040A0009FED629A17F038FB294617F029FB294645
:1040B00017F054FB0122294603201295DDF712FD6B
:1040C00001239FED457B16930893636D5A4A209216
:1040D00013F00805594A2192CDF81090CDF80CB094
:1040E000B0EE47CAF0EE67CA00F0D283454A1368C3
:1040F00001331360012B226D0793069201F0678252
:10410000079B022B01F06287079B032B01F0F285CE
:104110004B494C481D9112220A60D8F854303C4952
:104120001C901322026004220A60002B42F0DC8003
:10413000D8F85C20D8F8583098ED180A02FB03F341
:1041400007EE903AF8EE677A27EE800A1CF016F92F
:1041500094ED1B6ADFED3C6A86EE267AFDEEC07AAE
:10416000F8EEE77A67EE877A9DED067AB8EEC77AC1
:1041700067EE877A17EE900A1DF0C2F8636A22692B
:10418000DFED287A059D02FB03F309EE903AF8EE85
:10419000E99AA36B1A9341EC1D0B69EEA79A002DC7
:1041A00002F09E80D4F88830002B02F36282DB0F8D
:1041B0001393FDEEE97A114817EE901A17F0ACFA56
:1041C0001A9917F09DFA069B0793054651EC1D0BB3
:1041D0003EE000BFAFF300800000000000000000E0
:1041E00064F404001412FF1F2808FF1FDC17FF1FD0
:1041F0009007FF1F9C17FF1F1C17FF1F5C17FF1F57
:104200003818FF1FE00FFF1F9407FF1F9807FF1FBD
:104210009C07FF1FA007FF1F84F404006807FF1F0F
:104220006C07FF1F0AD7233C94F404000000000031
:104230007407FF1F7007FF1F7C07FF1F7807FF1F12
:104240008407FF1F8007FF1F0000B4437013FF1F88
:104250001DF05EFB0146284617F080FA0122114648
:104260000420DDF73FFC636D13F0100540F034834C
:104270000D9BA1480EEE103A0E9B0FEE103A169BC6
:1042800029460EEE903A17F047FA294617F038FA09
:10429000294617F063FA012229462846DDF722FC59
:1042A000964B1F93964B1E933946012330461B9322
:1042B00017951DF02DFB0FEE900A51EC1B0B1DF016
:1042C00027FB0AEE900A51EC1C0B1DF021FB0AEEB5
:1042D000100A51EC1D0B1DF01BFB9FED857B8DED36
:1042E000107BBDEEC88AFDEEE88ABDEEC99AFDEEF0
:1042F000E99A2C460D90159B1A68149B19680023A7
:10430000CDE98633CDE99E338DF838329B939C936B
:104310008DF874327B4B85937B4B849380238DF88F
:10432000203284AB8993092042F29F4341F2883CBA
:10433000CDE98A03052334A8CDE9A0C317F0ACF971
:1043400018EE101A34A817F0E7F91EEE101A17F03D
:10435000D7F91FEE901A17F001FA199B1A68189BEB
:1043600044A8196817F098F918EE901A44A817F0A5
:10437000D3F91FEE101A17F0C3F91AEE901A17F0BE
:10438000EDF9219B1A68209B54A8196817F084F94D
:1043900019EE101A54A817F0BFF91EEE901A17F074
:1043A000AFF91AEE101A17F0D9F91C9B1A681D9B69
:1043B00064A8196817F070F919EE901A64A817F03C
:1043C000ABF91A9917F09CF90D9917F0C7F91E9BD4
:1043D0001A681F9B74A8196817F05EF9294674A81B
:1043E00017F09AF91B9917F08BF9214617F0B6F9D7
:1043F000059B002B40F0278701230B930E21434898
:10440000434C1BF0ADFC0B99424818F019FA414897
:1044100018F01EFA01230D9323682E932E9A236819
:104420002D932D9B9B1A022BF9D92C213A481BF076
:1044300097FC0D9D3748294618F002FA354818F0C8
:1044400007FA0F2135481BF08BFC0B99314818F007
:10445000F7F9304818F0FCF9012D3BD039463046C9
:104460001DF056FA014634A817F092F951EC1B0BD7
:104470001DF04EFA014644A817F08AF951EC1C0BC6
:104480001DF046FA014654A817F082F951EC1D0BB5
:104490001DF03EFA014664A817F07AF9DDE9100133
:1044A0001DF036FA014674A817F072F90C9B002B28
:1044B00040F0C1870F9B002B40F0A687129B002B7A
:1044C00040F08B87139B002B40F07087179B002BCD
:1044D00040F02487124B1B68013B042B00F2108331
:1044E000DFE813F0BD03F603D4039503E10200BF38
:1044F00000000000000000003818FF1F8C07FF1F9D
:104500008807FF1FC80E05000C0F050098F6040071
:104510000C1FFF1F2808FF1FA8F60400D8F6040090
:10452000E00FFF1F0B9D45489FED458A294617F078
:10453000F3F8294617F0E4F8294617F00FF901229D
:10454000294610460C95DDF7CDFA01230B930D9308
:104550000693636D3B4A149213F002053A4A159292
:10456000CA46CDF828B04FF000064FF000073FF4E0
:104570006DAD364AD4ED196A136801331360012B0F
:10458000A26C099306926BD0D8ED0A7AD8F8202055
:10459000D8F824302E49199186EEA77A02FB03F34E
:1045A0002C4A189207EE903AF8EE677A069B67EE6F
:1045B000877AFDEEE77A17EE905A03FB05F515238F
:1045C0001360254A14230B600223136028461CF055
:1045D00085FEA268E369DFED217A02FB03F308EEB2
:1045E000903AD8F83030D8F82C200293F8EEE88AC8
:1045F00041EC1B0BD8B20121236B0E9368EEA78A06
:10460000009218F0F5FF9DF80000012118F0F0FF6E
:10461000059B002B00F0C887D4F88030002B01F3F5
:104620008282DB0F0F9300F0C1BFE36F002B01F319
:104630008A8241F089860C93EBE400BFDC17FF1FF0
:10464000000000006C07FF1F6807FF1FE00FFF1F3F
:104650007007FF1F7407FF1F9407FF1F0AD7233C33
:1046600098ED0A7AD8F82020D8F82430C6EE877A58
:1046700002FB03F3149A09EE103AB8EE499A152397
:1046800029EE279ADDED067A1360F8EEE77A159A9F
:104690001423136029EE279AC94A0223136019EEE6
:1046A000100A1CF02DFEA268E369099DDFEDC57AB2
:1046B000D8F82CA002FB03F308EE103AD8F83030FB
:1046C0000A93B8EEC88A06460F46D8B22946236B2D
:1046D0000D9328EE278A18F08BFF29465FFA8AF09F
:1046E00018F086FF059D002D41F01382FDEEC87A7B
:1046F000B548DFEDB68A17EE901A17F00DF80D9950
:1047000016F0FEFFFDEEC97A17EE901A17F026F8A4
:10471000AF4B1893AF4B19939FEDA77B01230E93DB
:104720000023CDF80090CDF808B00F93B0EE47BA53
:10473000F0EE67BA012211460220DDF7D3F9636D6E
:1047400013F004053FF4AAACA34A136801331360C5
:10475000012BE26C0893069200F09186089B022BD5
:1047600001F0A8849D499E48209110220A60D8F843
:1047700034309C4921901722026003220A60002BEA
:1047800041F08982D8F83C20D8F8383098ED100AEA
:1047900002FB03F307EE903AF8EE677A27EE800A01
:1047A0001BF0ECFD94ED1A6ADFED8F6ACDF81090E6
:1047B00086EE267AFDEEC07AF8EEE77A67EE877A23
:1047C0009DED067AB8EEC77A67EE877A17EE900A03
:1047D0001CF096FD41EC1C0BCDF80CB0E268236A8E
:1047E000DFED787A814802FB03F309EE103AB8EE68
:1047F000C99A636B1693162129EE279A1BF0B0FA1B
:10480000D4F884107A4818F01BF8794818F020F88A
:10481000059D002D01F0D683D4F88430002B01F3E0
:104820008385DB0F1293FDEEC97A724817EE901A5A
:1048300016F072FF169916F063FF069B0893054663
:1048400051EC1C0B1DF064F80146284616F086FF5B
:104850000C2169481BF084FAB0EE4C0AF0EE6C0AA9
:104860006348022118F018F8614817F0F1FF01229F
:1048700011460320DDF736F90E2160481BF070FA6F
:104880005B4817F0E5FF636D13F008057FF42EAC6D
:1048900029465B48DFED4D9A16F03EFF294616F09B
:1048A0002FFF294616F05AFF0122294604201395AE
:1048B000DDF718F901239FED407B1A930793636D91
:1048C000504A1D9213F010054F4A1C92B0EE47DA81
:1048D000F0EE67DA3FF4CCAC3F4A13680133136063
:1048E000012B226C069200F00987022B01F0D28284
:1048F000032B01F04381D8F8042098ED020A042B21
:10490000D8F8003002FB03F307EE903AF8EE677A2E
:1049100027EE800A01F02B853C4A3D491F92032374
:1049200013603C4A1E9102230B60002313601BF0AE
:1049300025FDD4ED176A9FED2C7AC6EE877ABDEE81
:10494000C0AAB8EECAAA2AEE27AADDED067AF8EECA
:10495000E77A2AEE27AA1AEE100A1CF0D1FC636946
:104960002268DFED187AA56A02FB03F30AEE903A9B
:10497000059BF8EEEAAACDE910016AEEA7AA002B82
:1049800001F0F184A36F002B01F39F85DB0F1793D8
:104990000D9B21481B950EEE103A0E9BFDEEEA7A18
:1049A0000FEE103A169B17EE901A2C460EEE903A28
:1049B00017EE905A32E000BF000000000000000037
:1049C0009007FF1F0AD7233C9C17FF1F0000000021
:1049D0007407FF1F7007FF1FE00FFF1F7C07FF1FFB
:1049E0007807FF1F9807FF1F0000B4435CF5040021
:1049F0002808FF1F1C17FF1F84F5040094F504000E
:104A00005C17FF1F8407FF1F8007FF1F8C07FF1F16
:104A10008807FF1FA007FF1F3818FF1F16F07CFE36
:104A2000214616F06DFEFDEECA7A17EE901A17EECB
:104A3000904A16F093FE394630461CF069FF0FEE9F
:104A4000900A51EC1B0B1CF063FF0AEE900A51EC2C
:104A50001C0B1CF05DFF0AEE100A51EC1D0B1CF044
:104A600057FFBDEEC88AFDEEE88ABDEEC99AFDEE9D
:104A7000E99A0D9000F0CFBED4F88030002B3FF7BC
:104A800055AAD4F88430002B3FF750AAD4F88830C8
:104A9000002B3FF74BAAA36F002BD4BF00230123A9
:104AA0000593FFF745BA9E9BB2A803F10F0200EBF6
:104AB000820200EB830034AD40F88C5CB2A800EBBE
:104AC000830044AD40F8885CB2A800EB830054AD8D
:104AD00040F8845CB2A800EB830064AD40F8805CD1
:104AE000B2A800EB8303002174A843F87C0C9E91CC
:104AF00042F8B41CB7EE000A052184A8F6F74EFE72
:104B00000921B0481BF02CF9AF4817F0A1FE869B95
:104B1000002B63D00A9B0A3B0593059B1D2B40F29B
:104B2000F380AAF10A031D2B40F23A81029B0A3B53
:104B30001D2B40F25781009B0A3B1D2B40F28C81BC
:104B4000039B0A3B1D2B40F29781049B0A3B1D2BC4
:104B500040F2A281ABF10A031D2B40F2AD81A9F115
:104B60000A031D2B40F2B881D8F8F800A0F10A031F
:104B70001D2B0CD8C0B218F071FD054698F8F8004E
:104B800018F06CFDD8F8FC30984240F0A68619F079
:104B90008BF9002840F3B5818C4B1B68012B00F08A
:104BA000B781032B00F0C881002B00F0B481884A44
:104BB00000231370304639461CF0AAFE359D236849
:104BC0003093309A23682F932F9B9B1A092BF9D986
:104BD0002946DCF7BFFE869B002B9ED10D9B0B9ACE
:104BE00001339A420D93BFF617ACD8F8E030012B91
:104BF00000F0C680774B1B6831AC042B00F2DB81E0
:104C0000DFE813F068071F070807F1069D019E9B68
:104C1000B2A803F10E0200EB820200EB830034AD78
:104C200040F88C5CB2A800EB830044AD40F8885C8F
:104C3000B2A800EB830054AD40F8845CB2A800EB4E
:104C40008303002164A843F8800C9E9142F8B41CB1
:104C5000B7EE000A042184A8F6F7A0FD50E79E9B5A
:104C6000B2A803F10B0200EB830334A843F88C0CC9
:104C7000B2AB03EB820300219E9143F8B41CB7EE64
:104C8000000A012184A8F6F789FD39E79E9BB2A8A6
:104C900003F10D0200EB820200EB830034AD40F81B
:104CA0008C5CB2A800EB830044AD40F8885CB2A8ED
:104CB00000EB8303002154A843F8840C9E9142F832
:104CC000B41CB7EE000A032184A8F6F767FD17E7C6
:104CD0009E9BB2A803F10C0200EB820200EB830062
:104CE00034AD40F88C5CB2A800EB8303002144A8EB
:104CF00043F8880C9E9142F8B41CB7EE000A0221DA
:104D000084A8F6F74BFDFBE69DF8280018F0A6FCFA
:104D1000D8F8FC3098423FF404AF069B002B7FF795
:104D200000AF87A8002517F069FC8C98869516F0CF
:104D30005BFE8D9816F058FE274B01242A46294623
:104D400028461C70DCF7CEFE2A4629462046DCF7B2
:104D5000C9FE2A4629460220DCF7C4FE2A46294617
:104D60000320DCF7BFFE2A4629460420DCF7BAFE02
:104D70000B20F1F7D1FED8F8E030012B7FF43AAFE9
:104D8000162116481AF0ECFFD8F8E0100E48002360
:104D90000A2217F075FD0C4817F05AFD31ACC6E138
:104DA0005FFA8AF018F05AFCD8F8FC3098423FF4C9
:104DB000BDAE069B002BBFF6B9AE2B2108481AF0FA
:104DC000CFFF23E0F8F604002808FF1F6007FF1F4D
:104DD000B816FF1F9007FF1F7C18FF1FA8F20400E2
:104DE00004F704009DF8080018F038FCD8F8FC30EF
:104DF00098423FF4A0AE099B002B7FF79CAE73480E
:104E000028211AF0ADFF724817F022FD87A800256F
:104E100017F0F4FB8C98869516F0E6FD8D9816F049
:104E2000E3FD6C4B01242A46294628461C70DCF71A
:104E300059FE2A4629462046DCF754FE2A462946D2
:104E40000220DCF74FFE2A4629460320DCF74AFE03
:104E50000B20F1F761FEC8E69DF8000018F0FEFB9C
:104E6000D8F8FC3098423FF46BAE099B002BBFF69C
:104E700067AE59482821C4E79DF80C0018F0EEFBF6
:104E8000D8F8FC3098423FF460AE089B002B7FF7C7
:104E90005CAE52482821B4E79DF8100018F0DEFB04
:104EA000D8F8FC3098423FF455AE089B002BBFF673
:104EB00051AE4B482821A4E75FFA8BF018F0CEFBE7
:104EC000D8F8FC3098423FF44AAE079B002B7FF79E
:104ED00046AE444828210EE05FFA89F018F0BEFB88
:104EE000D8F8FC3098423FF43FAE079B002BBFF64A
:104EF0003BAE3D4828211AF033FF354817F0A8FC97
:104F00000FE71AF047F8394B1B68012B7FF449AEC5
:104F100018F0DEFF01E01AF0B5FEC3B2344A532B9D
:104F200013707FF447AE869B13B184A8DBF7BAFFFA
:104F3000284A012313703DE61AF040F8EDE72D49A9
:104F4000204617F085FE2046DBF71EFB204617F0B3
:104F5000D7FE2949204617F07BFE2046DBF714FBDD
:104F6000204617F0CDFE2549204617F071FE204659
:104F7000DBF70AFB204617F0C3FE2149204617F055
:104F800067FE2046DBF700FB204617F0B9FE1D49FF
:104F9000204617F05DFE2046DBF7F6FA204617F0B4
:104FA000AFFE1949204617F053FE2046DBF7ECFA16
:104FB000204617F0A5FE154B1B68042B64D8DFE8CC
:104FC00013F0FB046300E404CD04270030F7040071
:104FD0002808FF1F7C18FF1F5CF7040088F70400F7
:104FE000B4F70400E0F704000CF804006007FF1FAA
:104FF000B816FF1F5CF80400DCAD040074F8040070
:1050000080B4040018E6040024E604009407FF1F9F
:10501000CC49204617F01CFE2046DBF7B5FA2046A7
:1050200017F06EFEC849204617F012FE2046DBF747
:10503000ABFA204617F064FEC449204617F008FE7C
:105040002046DBF7A1FA204617F05AFEC049204659
:1050500017F0FEFD2046DBF797FA204617F050FECA
:10506000BC49204617F0F4FD2046DBF78DFA2046B8
:1050700017F046FEB849204617F0EAFD2046DBF758
:1050800083FA204617F03CFEB44B1B68032B01F05B
:105090001181042B01F0BA80002B01F0F580B04B98
:1050A0001B68002B00F00284042B3BD1A54920464D
:1050B00017F0CEFD2046DBF767FA204617F020FEFA
:1050C000A149204617F0C4FD2046DBF75DFA2046D3
:1050D00017F016FE9D49204617F0BAFD2046DBF773
:1050E00053FA204617F00CFE9949204617F0B0FD00
:1050F0002046DBF749FA204617F002FE9549204684
:1051000017F0A6FD2046DBF73FFA204617F0F8FD22
:105110009149204617F09CFD2046DBF735FA2046E2
:1051200017F0EEFD8F4B1B68002B00F08283359E3D
:105130008D4F459D55998D4B659A1868759B7642A4
:105140003E608B4E6D4235608A4D494229608A49E6
:105150008A4D52420A608A4A5B4213600021012252
:10516000DCF7C0FC874B012218680021DCF7BAFC91
:105170007A4B012218680021DCF7B4FC784B01223D
:1051800018680021DCF7AEFC764B0122186800217C
:10519000DCF7A8FC7C49204617F05AFD2046DBF7D7
:1051A000F3F9204617F0ACFD2968204617F050FDB2
:1051B0002046DBF7E9F9204617F0A2FD73492046A7
:1051C00017F046FD2046DBF7DFF9204617F098FD83
:1051D0002968204617F03CFD2046DBF7D5F920462C
:1051E00017F08EFD6A49204617F032FD2046DBF7A6
:1051F000CBF9204617F084FD2968204617F028FDDA
:105200002046DBF7C1F9204617F07AFD614AD8F84D
:10521000000100235360604A5360604A5360604A53
:105220005360604A5360A0F10A031D2B40F22281B3
:105230005D4B849384A8F2F7E1FA0DF5337DBDEC64
:10524000108BBDE8F08F0B981CF048F804460D4613
:1052500022462B46304639461CF0D4F922460646F3
:105260000F462B4651EC1B0B1CF0CCF902460B46AB
:1052700043EC1A2B51EC1C0BB0EE4ABAF0EE6ABAB2
:1052800022462B461CF0BEF902460B4643EC192B76
:1052900051EC1D0BB0EE49CAF0EE69CA22462B460E
:1052A0001CF0B0F9224641EC180B2B46DDE9100149
:1052B000B0EE48DAF0EE68DA1CF0A4F904460D46C8
:1052C00030463946CDE910451CF022FB34AB01468F
:1052D000184616F05DFA51EC1A0B1CF019FB44ABA2
:1052E0000146184616F054FA51EC190B1CF010FB4D
:1052F000014654A816F04CFA51EC180B1CF008FBB0
:10530000014664A816F044FA294620461CF000FB2A
:10531000014674A816F03CFAFFF770B8DDE91012E8
:1053200002F1004328912993DDE928011CF0F0FAED
:105330009DED287B014674A88DED107B16F028FAB0
:10534000FFF7C8B85CE70400DCAD040074E70400B4
:1053500080B4040018E6040024E604009807FF1F48
:105360009C07FF1FA007FF1F1C18FF1F9007FF1FB0
:105370002018FF1F2418FF1F2818FF1F4807FF1FB2
:105380002C18FF1F9407FF1FDCE4040008E504004D
:105390008CF80400DC17FF1F9C17FF1F1C17FF1F52
:1053A0005C17FF1F3818FF1F0C0F050052EC1D1B68
:1053B00002F100438DED26DA2793DDE926011CF08A
:1053C000A7FA9DED267B014664A8B0EE47DAF0EE21
:1053D00067DA16F0DDF9FFF779B852EC1C1B02F121
:1053E00000438DED24CA2593DDE924011CF090FAD9
:1053F0009DED247B014654A8B0EE47CAF0EE67CA83
:1054000016F0C6F9FFF75EB852EC1B1B02F1004321
:105410008DED22BA2393DDE922011CF079FA9DED8E
:10542000227B014644A8B0EE47BAF0EE67BA16F008
:10543000AFF9FFF743B807F100432B932A96DDE954
:105440002A56314628461CF063FA014634A816F065
:105450009FF90F219A481AF083FC46EC105B022159
:10546000984817F019FA974837462E4617F0F0F982
:10547000FFF720B80121C0B218F0BAF8D8E61499A5
:10548000D8F8343010220A60159917220A608E4924
:1054900003220A60002B40F0BB84D8F83C20D8F8E7
:1054A000383098ED100A02FB03F307EE903AF8EE5D
:1054B000677A27EE800A1AF061FF94ED1A6ADFED31
:1054C000836A86EE267AFDEEC07AF8EEE77A67EE1A
:1054D000877A9DED067AB8EEC77A67EE877A17EE7F
:1054E000900A1BF00DFF236AE268DFED797A059DD3
:1054F00002FB03F308EE103AB8EEC88A636B0D9313
:1055000028EE278A06460F463DB1D4F88430002B9A
:1055100001F3E1801CBF059B0C93FDEEC87A6D483A
:105520009FED6D9A17EE901A16F0F6F80D9916F099
:10553000E7F86A4B20936A4B2193012305461693A3
:105540003946002330461293CDF81090CDF80CB0B8
:105550001CF0DEF90146284616F000F90C216148DE
:105560001AF0FEFB47EC106B0221564817F094F935
:10557000544817F06DF90C215B481AF0F1FB18EE56
:10558000100A1BF0BDFE41EC100B02214D4817F034
:1055900083F94C4817F05CF99FED477BB0EE47CAA2
:1055A000F0EE67CAFFF763B9059B0F93FDEEE87A4B
:1055B0004E4817EE901A16F0AFF80E9916F0A0F8B4
:1055C000294616F0CBF8069B0993FFF7B3B8149958
:1055D000D8F8543012220A60159913220A603A4909
:1055E00004220A60002B40F03484D8F85C20D8F8FC
:1055F000583098ED180A02FB03F307EE903AF8EEE4
:10560000677A27EE800A1AF0B9FE94ED1B6ADFED87
:105610002F6A86EE267AFDEEC07AF8EEE77A67EE1C
:10562000877A9DED067AB8EEC77A67EE877A17EE2D
:10563000900A1BF065FE636A2269DFED257A059DFD
:1056400002FB03F308EE103AB8EEC88AA36B0D9381
:1056500028EE278A06460F463DB1D4F88830002B45
:1056600001F317801CBF059B0C93FDEEC87A204800
:10567000DFED199A17EE901A16F04EF80D9916F004
:105680003FF81C4B1D931C4B1C9301231A930023C2
:1056900005461393304639461CF03AF90146284630
:1056A00016F05CF89FED047BB0EE47DAF0EE67DAB7
:1056B000FEF7D4BDAFF30080000000000000000042
:1056C000E8F604002808FF1F9007FF1F0000B443FE
:1056D0000AD7233C1C17FF1F000000007C07FF1F98
:1056E0007807FF1F1CF504002CF504009C17FF1F12
:1056F0005C17FF1F8407FF1F8007FF1FD8F80420D7
:10570000D8F8003098ED020A02FB03F3149A07EE72
:10571000903A03231360159AF8EE677A0223136018
:10572000D54A002327EE800A13601AF027FED4ED35
:10573000176A9FEDD27AC6EE877ABDEEC0AAB8EEA0
:10574000CAAA2AEE27AADDED067AF8EEE77A2AEE53
:1057500027AA1AEE100A1BF0D3FD63692268DFED59
:10576000C87AA56A02FB03F308EE103A059BB8EE6F
:10577000C88A064628EE278A0F46002B40F0C181D2
:105780000E9BC048BDEEC88A0FEE103A169B18EE6D
:10579000101A0EEE903A15F0BFFF294615F0B0FF33
:1057A000FDEECA7A002417EE901AF0EE67FA15F0B3
:1057B000D5FF1121B4481AF0D3FA47EC106B02213F
:1057C000B24817F069F8B14817F042F8B04B1F9390
:1057D000B04B1E9351EC1B0B01231B9317941CF031
:1057E00097F8FDEEE88ABDEEC99AFDEEE99A0AEE59
:1057F000900A0EEE105A254651EC1C0B1CF088F84E
:105800000AEE100A51EC1D0B1CF082F89FED987BFC
:105810008DED107B0D90012211460020DCF762F91E
:1058200011219D481AF09CFA984817F011F8FEF7DC
:1058300062BD9A49204617F00BFA2046DAF7A4FE1B
:10584000204617F05DFA9649204617F001FA2046E7
:10585000DAF79AFE204617F053FA9249204617F0DD
:10586000F7F92046DAF790FE204617F049FA8E49FC
:10587000204617F0EDF92046DAF786FE204617F0AD
:105880003FFA8A49204617F0E3F92046DAF77CFE12
:10589000204617F035FA8649204617F0D9F92046F8
:1058A000DAF772FE204617F02BFA40E47B492046D7
:1058B00017F0CEF92046DAF767FE204617F020FAF7
:1058C0007749204617F0C4F92046DAF75DFE2046F6
:1058D00017F016FA7349FFF7FEBB082175481AF056
:1058E0003FFA2946694816F0ABFF684816F0B0FF4A
:1058F00087A8002416F082FE8C98869416F074F81F
:105900008D9816F071F86C4B0125224621462046F1
:105910001D70DCF7E7F8224621462846DCF7E2F85E
:10592000224621460220DCF7DDF8224621460320EC
:10593000DCF7D8F8224621460420DCF7D3F80B2008
:10594000F1F7EAF8D8F80001A0F10A031D2B3FF6A1
:105950006FAC2946C0B217F04BFE69E457492046A8
:1059600017F076F92046DAF70FFE204617F0C8F94F
:105970004B49204617F06CF92046DAF705FE204621
:1059800017F0BEF94E49FFF758BB4E49204617F0B5
:105990005FF92046DAF7F8FD204617F0B1F94049E3
:1059A000204617F055F92046DAF7EEFD204617F0AD
:1059B000A7F94549FFF741BB3849204617F048F998
:1059C0002046DAF7E1FD204617F09AF934492046DF
:1059D00017F03EF92046DAF7D7FD204617F090F988
:1059E0003049FFF72ABB3549204617F031F92046E8
:1059F000DAF7CAFD204617F083F92949204617F047
:105A000027F92046DAF7C0FD204617F079F92C492E
:105A1000FFF7AABA2B49204617F01AF92046DAF701
:105A2000B3FD204617F06CF91D49204617F010F918
:105A30002046DAF7A9FD204617F062F92249FFF760
:105A400093BA2249204617F003F92046DAF79CFD65
:105A5000204617F055F91249204617F0F9F820466C
:105A6000DAF792FD204617F04BF91949FFF77CBA97
:105A700000000000000000009007FF1F0000B4437A
:105A80000AD7233C3818FF1FF4F504002808FF1F2D
:105A90008C07FF1F8807FF1F84F604008CE70400B3
:105AA000DCAD0400A4E7040080B4040018E60400A0
:105AB00024E6040038F804007C18FF1F2CE70400DB
:105AC00044E70400FCE6040014E7040044F8040082
:105AD000E4E60400BC49204617F0BAF82046DAF79D
:105AE00053FD204617F00CF9B849204617F0B0F8DE
:105AF0002046DAF749FD204617F002F9B449FFF7CE
:105B000033BAA36F002B00F3D4851CBF059B0C9305
:105B100036E6D4F88030002B00F39B851CBF059B34
:105B20000C93FEF7E3BD5A000D21AA480B921AF020
:105B300017F90B99A84816F083FEA74816F088FEBF
:105B4000059B0F9332E55B001721A4480B931AF0D5
:105B500007F9E16FA04816F073FE9F4816F078FE33
:105B60000D219F481AF0FCF80B999B4816F068FE2F
:105B7000994816F06DFE0C95FEF74BBA209A98EDF9
:105B8000020A1360D8F80420D8F8003002FB03F3AF
:105B900007EE903A219AF8EE677A02231360914A51
:105BA000002327EE800A13601AF0E8FBD4ED176A91
:105BB0009FED8D7AC6EE877ABDEEC0AAB8EECAAA6E
:105BC0002AEE27AADDED067AF8EEE77A2AEE27AA72
:105BD0001AEE100A1BF094FB63692268DFED837AEA
:105BE000A56A02FB03F309EE103A059BB8EEC99AC9
:105BF00041EC1C0B29EE279A33B1A36F002B00F365
:105C00009B851CBF059B12930D9B7948BDEEC99ADD
:105C10000EEE103A0E9B19EE101A0FEE103A15F018
:105C20007BFD294615F06CFDFDEECA7A002417EEC7
:105C3000901AB0EE67AA15F091FD11216D481AF087
:105C40008FF8B0EE4C0AF0EE6C0A0221624816F0B2
:105C500023FE614816F0FCFD674B1F93674B1E93B4
:105C6000069B08933946012330461B9317941BF07B
:105C70004FFE0FEE900A51EC1B0B1BF049FE0EEE8F
:105C8000905ABDEEC88AFDEEE88AFDEEE99A0AEE6A
:105C9000900A2546B6E5D8F85030D8F84C20039342
:105CA0001546D8B20121049217F0A2FC0121E8B2F6
:105CB00017F09EFCD4ED1A6AD8ED117AD8F8382086
:105CC000D8F83C3086EEA77A02FB03F307EE903A51
:105CD000F8EE677A67EE877A9DED067AB8EEC77AB6
:105CE00067EE877A17EE900A1BF00AFB41EC1C0B5B
:105CF000FEF774BD2099D8F8543012220A60219919
:105D000013220A60374904220A60002B40F0808485
:105D1000D8F85C20D8F8583098ED180A02FB03F345
:105D200007EE903AF8EE677A27EE800A1AF026FB23
:105D300094ED1B6ADFED2C6A86EE267AFDEEC07AC2
:105D4000F8EEE77A67EE877A9DED067AB8EEC77AC5
:105D500067EE877A17EE900A1BF0D2FA636A22691F
:105D6000DFED227A059D02FB03F309EE103AB8EE4F
:105D7000C99AA36B169341EC1C0B29EE279A3DB1EF
:105D8000D4F88830002B00F3B6841CBF059B129317
:105D9000FDEEC97A1A48DFED1B9A17EE901A15F03E
:105DA000BBFC169915F0ACFC174A1D92174A1C92C1
:105DB000069A08920123002205461A9351EC1C0B07
:105DC0001392079368E400BF8CE70400DCAD040085
:105DD000A4E70400FCF404002808FF1FACF404004E
:105DE000C4F404009807FF1F0000B4430AD7233C03
:105DF0003818FF1F50F604008C07FF1F8807FF1F8D
:105E00005C17FF1F000000008407FF1F8007FF1FB3
:105E1000D8F85030089DD8F84CA00A93D8B229463B
:105E200017F0E6FB29465FFA8AF017F0E1FBD8F895
:105E30003C30D8F83820D8ED117AD4ED1A6A02FB3C
:105E400003F386EEA77A07EE903AF8EE677AFFF74B
:105E50003EBBD8F87030079DD8F86CA00A93D8B232
:105E6000294617F0C5FB29465FFA8AF017F0C0FBF8
:105E7000D8F85C30D8F85820D8ED197AD4ED1B6AE0
:105E800002FB03F386EEA77A07EE903AF8EE677A04
:105E9000FFF7C5BB199A98ED020A1360D8F80420E1
:105EA000D8F8003002FB03F307EE903A189AF8EEA8
:105EB000677A03231360C44A002327EE800A136025
:105EC0001AF05CFA94ED176ADFEDC06A86EE267A66
:105ED000FDEEC07AF8EEE77A67EE877A9DED067AF6
:105EE000B8EEC77A67EE877AFDEEE77A17EE900A8A
:105EF000F0EE67AA1BF0F2F963692268DFEDB47A6D
:105F0000A56A02FB03F30AEE103A059BB8EECAAA93
:105F100041EC1B0B2AEE27AA33B1A36F002B00F331
:105F2000C3821CBF059B0F930D9BAA48FDEECA8A36
:105F30000EEE103A169B18EE901A0EEE903A15F0EF
:105F4000EBFB294615F0DCFB1AEE901A15F006FC67
:105F50001121A14819F004FFB0EE4B0AF0EE6B0AD4
:105F600002219E4816F098FC9C4816F071FC112105
:105F70009B4819F0F5FE1AEE100A1BF0C1F941EC2E
:105F8000100B0221954816F087FC944816F060FC2F
:105F9000944B1F93944B1E93069B0993002401235B
:105FA000304639461B9317941BF0B2FC0FEE105A83
:105FB000BDEEC88ABDEEC99AFDEEE99A0FEE900AD1
:105FC000254619E4059B1293FEF72DBC1899D8F8C5
:105FD000543012220A60199913220A607A49042265
:105FE0000A60002B40F0B682D8F85C20D8F8583010
:105FF00098ED180A02FB03F307EE903AF8EE677A81
:1060000027EE800A1AF0BAF994ED1B6ADFED6F6A89
:1060100086EE267AFDEEC07AF8EEE77A67EE877AAA
:106020009DED067AB8EEC77A67EE877AFDEEE77ADD
:1060300017EE900A17EE905A1BF050F941EC1B0B2B
:10604000636A2269DFED627A02FB03F308EE903A9D
:10605000A36B0E93F8EEE88A059B68EEA78A3BB126
:10606000D4F88830002B00F300821CBF059B0F93EF
:10607000FDEEE87A5D48DFED5E9A17EE901A15F0B6
:106080004BFB0E9915F03CFB294615F067FB594A6E
:106090001D929FED4B7B584A1C92069A0992012350
:1060A00000221A9313920793B0EE47DAF0EE67DA04
:1060B000FEF7D4B81899D8F8343010220A6019992C
:1060C00017220A60404903220A60002B40F07082C8
:1060D000D8F83C20D8F8383098ED100A02FB03F3CA
:1060E00007EE903AF8EE677A27EE800A1AF046F942
:1060F000D4ED1A6A9FED357AC6EE877AFDEEC09A26
:10610000F8EEE99A69EEA79ADDED067AF8EEE77AFD
:1061100069EEA79AFDEEE99A19EE900A1BF0DEF8F7
:1061200041EC1B0B236AE268DFED297A059D02FB37
:1061300003F308EE903AF8EEE88A636B0E9368EE8C
:10614000A78A3DB1D4F88430002B00F39E811CBF98
:10615000059B0F93FDEEE87A28489FED259A17EEF0
:10616000901A15F0D9FA0E9915F0CAFA19EE901A8C
:1061700015F0F4FA0C21224819F0F2FDB0EE4B0AAA
:10618000F0EE6B0A0221154816F086FB0125134834
:10619000169516F05DFB1B4B20939FED097B1A4B68
:1061A0002193069B09930023CDF81090CDF80CB0F5
:1061B00012930895B0EE47CAF0EE67CAFEF757BBD8
:1061C00000000000000000009407FF1F0000B4431F
:1061D0000AD7233C3818FF1F18F604002808FF1FB1
:1061E0002CF604008C07FF1F8807FF1F5C17FF1F9A
:1061F000000000008407FF1F8007FF1F1C17FF1F00
:106200004CF504007C07FF1F7807FF1FBA492046A2
:1062100016F01EFD2046DAF7B7F9204616F070FD9D
:10622000B649204616F014FD2046DAF7ADF92046AF
:1062300016F066FDB249204616F00AFD2046DAF750
:10624000A3F9204616F05CFDAE49204616F000FD8D
:106250002046DAF799F9204616F052FDAA49204661
:1062600016F0F6FC2046DAF78FF9204616F048FDC6
:10627000A649204616F0ECFC2046DAF785F92046C0
:1062800016F03EFDFEF70BBFA149204616F0E0FCDC
:106290002046DAF779F9204616F032FD9749204674
:1062A00016F0D6FC2046DAF76FF9204616F028FDE6
:1062B0009849C0E79849204616F0CAFC2046DAF70C
:1062C00063F9204616F01CFD8C49204616F0C0FCF0
:1062D0002046DAF759F9204616F012FD8F49AAE751
:1062E000059B1393FDF765BFD8F870B0D8F86C9094
:1062F00001215FFA8BF017F07BF901215FFA89F039
:1063000017F076F9D8F85C30D8F85820D8ED197A1B
:10631000D4ED1B6A02FB03F386EEA77A07EE903AF0
:10632000F8EE677AFDF71EBF5B000D217C480B93EA
:1063300019F016FD0B997B4816F082FA794816F091
:1063400087FA1295FEF76FBA1721774819F008FD02
:10635000E16F744816F074FA724816F079FA059BEA
:106360000C93FDF756BE059B1793FEF711BB1D9AC4
:10637000032313601C9A022313606C4A00231360EA
:1063800019F0FCFFD4ED176A9FED697AC6EE877AA3
:10639000BDEEC0AAB8EECAAA2AEE27AADDED067A9B
:1063A000F8EEE77A2AEE27AA1AEE100A1AF0A8FFEA
:1063B00063692268DFED5F7AA56A02FB03F309EEE9
:1063C000903A059BF8EEE99A41EC1D0B69EEA79A0D
:1063D00033B1A36F002B00F39E811CBF059B139369
:1063E0000D9B55481A950EEE103A0E9BFDEEE99A5C
:1063F0000FEE103A169B19EE901A0EEE903A15F029
:106400008BF9294615F07CF9FDEECA7A002417EEC7
:10641000901ACDED0D7A15F0A1F9484B1F93484B1A
:106420001E93069B07933946012330461B9317940E
:106430001BF06EFA0FEE900A51EC1B0B1BF068FA82
:106440000AEE900A51EC1C0B1BF062FA9FED287BC0
:10645000BDEEC88A8DED107BFDEEE88ABDEEC99ACF
:106460000AEE100A2546FFF7D6B95A000D21354825
:106470000B9219F075FC0B992A4816F0E1F929489E
:1064800016F0E6F9059B0F93F2E55B000D212E480F
:106490000B9319F065FC0B99224816F0D1F92148AD
:1064A00016F0D6F90F9555E65A0014460E212748E6
:1064B0000B9219F055FC21461A4816F0C1F91948FB
:1064C00016F0C6F9059B0F932EE55A0014460E21CF
:1064D0001F480B9219F044FC2146124816F0B0F9FF
:1064E000104816F0B5F9059B1793FEF751BA00BF97
:1064F00000000000000000005CE70400DCAD0400C8
:1065000074E7040080B4040018E6040024E60400E4
:106510008CE70400A4E704002CE7040044E704002F
:1065200074F504002808FF1FD4F404009C07FF1F23
:106530000000B4430AD7233C3818FF1F8C07FF1F05
:106540008807FF1FB4F504003CF5040008F60400BA
:1065500074F60400D8F87030D8F86C200293154611
:10656000D8B20121009217F043F8E8B2012117F0E8
:106570003FF8D4ED1B6AD8ED197AD8F85820D8F82E
:106580005C3086EEA77A02FB03F307EE903AF8EE52
:10659000677A069B67EE877AFDEEE77A17EE905AE8
:1065A00003FB05F528461AF099FE41EC1B0B47E565
:1065B000D8F85030D8F84C2002931546D8B20121B3
:1065C000009217F015F80121E8B217F011F8D4ED98
:1065D0001A6A98ED117AD8F83820D8F83C30C6EE0F
:1065E000877A02FB03F309EE903AF8EE699A69EEB6
:1065F000A79ADDED067AF8EEE77A69EEA79A19EE2A
:10660000900A1AF07DFEFDEEE99A41EC1B0B89E53C
:10661000D8F87030D8F86C2003931546D8B2012111
:10662000049216F0E5FF0121E8B216F0E1FFD8F878
:106630005C30D8F85820D8ED197AD4ED1B6A02FBEB
:1066400003F386EEA77A07EE903AF8EE677AFFF743
:1066500079BB5B000D2141480B9319F081FB0B992D
:106660003F4816F0EDF83E4816F0F2F80C95FEF7AC
:106670003DB85B000E213B480B9319F071FB0B9961
:10668000374816F0DDF8364816F0E2F81395FDF7B6
:1066900090BD5B000D2134480B9319F061FB0B9901
:1066A0002F4816F0CDF82E4816F0D2F80C95FEF7CC
:1066B000DCBF5A0014460E212C480B9219F050FBF7
:1066C0002146274816F0BCF8254816F0C1F8059B6E
:1066D0000C93FFF755B85B000D2125480B9319F07B
:1066E0003FFB0B991E4816F0ABF81D4816F0B0F8AA
:1066F0000C95FEF712BF5B000E211E480B9319F09C
:106700002FFB0B99164816F09BF8154816F0A0F8C9
:106710001295FFF73DBB5A0014460E2116480B9206
:1067200019F01EFB21460E4816F08AF80C4816F0A8
:106730008FF8059B139353E65A0014460E210F4819
:106740000B9219F00DFB2146054816F079F8044824
:1067500016F07EF8059B1293FFF756BAECF404008E
:106760002808FF1FD4F50400A4F50400E4F5040094
:106770000CF50400C4F5040064F6040040F60400BF
:106780002DE9F04F2DED048B0246CDB00B46B248FB
:10679000DFF834B3192108EE902A08EE103A19F008
:1067A000DFFAAE4816F054F8DCF7D2FA1821AC48FC
:1067B00019F0D6FAA94816F04BF8DBF8002006923B
:1067C0000699DBF800300593059B5B1A092BF8D975
:1067D000A449DFF8F882A44CA44FDFF8F4921EA875
:1067E00016F036FA1EA8D9F7CFFE1EA816F088FAC2
:1067F0009F4B1EA8196816F02BFA1EA8D9F7C4FEE5
:106800001EA816F07DFA9B4BD8F80010A66900224E
:106810001A60994B3A601A60984BC9F800201A60C8
:10682000974B1A60974B01391A60E369019303296A
:1068300000F29187DFE811F052018A01CA010400D9
:10684000D8F82420D8F83C109FEDA37AE66E01FB1F
:1068500002F307EE903AF8EE677A236F626D0193C8
:1068600067EE877A1221FDEEE77AD8F82830396092
:106870001321C9F80010CDED027A0393002A00F02D
:106880009586012A40F07C8698ED120ADBF756FEC9
:10689000B8EEC88A28EE008AFDEEC87ACDED007AFF
:1068A000012211460420DBF71DF99DF80430DFF8C2
:1068B00024A21846012109EE103A16F099FEF3B20F
:1068C0001846012109EE903A16F092FE1EAB239372
:1068D00080206D4B1E938DF88800092342F29F4063
:1068E00041F2883CCDE92430684A39681F9205207E
:1068F0000025CDE93AC0D9F800208DF8A0500EA8A7
:10690000CDE92055CDE93855359536958DF8DC50D3
:1069100014F0C2FE5E4B3F681F605E4FD9F8002046
:106920003A60D8F84420D8ED137A5B49D8F8007063
:106930000D60012A08BF9FED597A594D59482F60C3
:1069400008BFC7EE877A5849D8F8042003250560A8
:1069500002200860D8F82C1001FB02F350460022F8
:10696000CAF8042094ED027ADFED5B6A27EE878A8D
:10697000D4ED007AF8EE677AB8EEE87A28EE278A46
:1069800007EE903AF8EE677A67EEA67AD4ED016AE0
:10699000F8EE666AFDEEE77A28EE268A17EE901A80
:1069A00028EE078A14F0B8FED8F8081014F0A8FEF4
:1069B000FDEEC87A504617EE901A17EE907A14F052
:1069C000CDFED8F80020013A032A11D8DFE802F002
:1069D000403D3A020299354D00226A60284614F083
:1069E0009BFE039914F08CFE0099284614F0B6FE25
:1069F0000B212F4819F0B4F90099184815F020FF21
:106A0000164815F025FF012211460020DBF76AF831
:106A100001221146D8F80000DBF764F8254B26491F
:106A20005A6F0220012A086000F00E85D8F8002075
:106A3000013A032A00F21881DFE812F09101810186
:106A4000A101FE0002991D4DC6E702991C4DC3E746
:106A500002991C4DC0E700BFA0F804002808FF1FE2
:106A6000BCF80400ACB104007013FF1F6407FF1FE3
:106A70004807FF1FFC15FF1F0416FF1F0016FF1F0E
:106A8000F415FF1FF815FF1F0C0F0500C80E0500B9
:106A90007407FF1F7007FF1F9007FF1F0000B4431C
:106AA0009407FF1F6C07FF1F6807FF1F5C17FF1F7E
:106AB000D8F804003411FF1FE00FFF1F1C17FF1F41
:106AC0009C17FF1FDC17FF1F0C1FFF1F7814FF1FF1
:106AD000FC06FF1F3818FF1F0AD7233CD4ED057AA8
:106AE00098ED126A2269E1685FED056A86EE277A01
:106AF00001FB02F3D8F80C20D8F8301007EE903ADA
:106B0000F8EE677A01FB02F367EE877A07EE103A38
:106B1000B8EEC88AB8EE477A67EE887A27EE267A0A
:106B200006210122BDEEC77AFDEEE77A3960052124
:106B3000D8F81030C9F80010104611468DED027AD1
:106B40000393CDED007ADAF7CDFFAEE6D8F8142046
:106B5000D8F834105FED206A98ED127AE66A01FBEE
:106B600002F307EE903AF8EE677A236BD4F8CC2064
:106B7000019367EEA67A1521FDEEE77AD8F8183072
:106B800039601421C9F80010CDED027A0393002A70
:106B900040F0E484D4ED0A7A626A216AC7EE276A7B
:106BA00001FB02F307EE903AF8EE677A67EEA67AF9
:106BB000B8EEC88A012268EE277A1146FDEEE77A20
:106BC0000220CDED007ADAF78DFF6EE6D8F81C20B2
:106BD000D8F838101FED407AE66C01FB02F307EE9F
:106BE000903AF8EE677A236D626B019367EE877ACD
:106BF0001021FDEEE77AD8F8203039601721C9F866
:106C00000010CDED027A0393002A00F0C184012A1E
:106C100040F0BA8498ED120ADBF74CFCB8EEC88A53
:106C200028EE008AFDEEC87ACDED007A01221146E9
:106C30000320DAF757FF38E6389A4CAB03EB8205AE
:106C400002F10C0145F88CAC2A46554DB7EE000A0E
:106C5000002003EB810142F8885C41F8B40C3890C5
:106C600002211EA8F4F79AFD209A002A40D0019B29
:106C7000DFF85891A3F10A051D2D40F2DA82A6F142
:106C80000A031D2B40F2FB82D4F8F800A0F10A039E
:106C90001D2B07D8C0B216F0E1FCD4F8FC309842A6
:106CA00040F03B8317F000F9002840F310833D4B80
:106CB0001B68012B00F01283032B00F02B83002BA9
:106CC00000F02583384B00221A70DBF800300A935D
:106CD0000A9ADBF800300993099B9B1A632BF8D9B9
:106CE000DAF804103846DAF735FE209B002BC3D1C2
:106CF000D8F800302D4EDFF8CC80DAF804C02C4DE7
:106D0000DFF8BCB02B48DFF8C090C6F800C0D8F858
:106D100004602949224F2E60DBF80450274A0560A1
:106D2000D9F804000860013B79681160032B00F278
:106D30000F85DFE813F02F02DF0160014D00389A64
:106D40004CAB03EB820502F10C0145F88CAC2A46F2
:106D5000B7EE000A1A4D002003EB81017BE7389A59
:106D60004CAB03EB820502F10C0145F88CAC2A46D2
:106D7000B7EE000A134D002003EB81016BE7389A50
:106D80004CAB03EB820502F10C0145F88CAC2A46B2
:106D9000B7EE000A0C4D002003EB81015BE700BF5A
:106DA0005C17FF1F6007FF1FB816FF1F5016FF1F5D
:106DB0005816FF1F5416FF1F4816FF1F4C16FF1FC3
:106DC0009C17FF1FDC17FF1F1C17FF1F2808FF1F42
:106DD0007B68B04AB0490BAD5B422846136015F0A2
:106DE00037FF2846D9F7D0FB284615F089FFAB4B73
:106DF000284619681E4615F02BFF2846D9F7C4FB14
:106E0000284615F07DFFA649284615F021FF2846A3
:106E1000D9F7BAFB284615F073FF3168284615F0FC
:106E200017FF2846D9F7B0FB284615F069FF9D49A2
:106E3000284615F00DFF2846D9F7A6FB284615F081
:106E40005FFF3168284615F003FF2846D9F79CFB01
:106E5000284615F055FF944B1B78002B00F0D48387
:106E6000012200210420DAF73DFEDAF804308F4ECB
:106E70008F485B421321336018F072FF31688D48F0
:106E800015F0DEFC8B4815F0E3FC8B4B5A6F012AA2
:106E900000F04A83894B1A68DAF80460D8F80400D5
:106EA000DBF80410D9F804301344844A13607A687C
:106EB000834F3B683344834E3B60336803448248CE
:106EC000336003680B44814903600B6813440B6013
:106ED000002101220846DAF705FED4F8E030012B44
:106EE00000F058827A49284615F0B2FE2846D9F7B4
:106EF0004BFB284615F004FF7649284615F0A8FEFE
:106F00002846D9F741FB284615F0FAFE7249284673
:106F100015F09EFE2846D9F737FB284615F0F0FEFF
:106F20006E49284615F094FE2846D9F72DFB2846D1
:106F300015F0E6FE6A49284615F08AFE2846D9F77C
:106F400023FB284615F0DCFE6649284615F080FE36
:106F50002846D9F719FB284615F0D2FE6249284683
:106F600015F076FE2846D9F70FFB284615F0C8FE27
:106F70005849284615F06CFE2846D9F705FB2846E7
:106F800015F0BEFE5949284615F062FE2846D9F78D
:106F9000FBFA284615F0B4FE5049284615F058FE75
:106FA0002846D9F7F1FA284615F0AAFE4C4928469A
:106FB00015F04EFE2846D9F7E7FA284615F0A0FE50
:106FC0004849284615F044FE2846D9F7DDFA2846F8
:106FD00015F096FED4F80001A0F10A031D2B40F233
:106FE000F981434B1E931EA8F0F708FC4DB0BDEC91
:106FF000048BBDE8F08FD9F80430264A26490BAD42
:107000005B422846136015F023FE2846D9F7BCFAE8
:10701000284615F075FE214B284619681E4615F0C6
:1070200017FE2846D9F7B0FA284615F069FE1C4924
:10703000284615F00DFE2846D9F7A6FA284615F081
:107040005FFE3168284615F003FE2846D9F79CFA02
:10705000284615F055FE1349284615F0F9FD284637
:10706000D9F792FA284615F04BFE3168284615F0FC
:10707000EFFD2846D9F788FA284615F041FE0A4B5D
:107080001B78002B00F03B83012200210320DAF75C
:1070900029FDEAE62018FF1FE4F804004807FF1F57
:1070A000F8F804000CF90400CC16FF1F1C18FF1F91
:1070B00020F904002808FF1F3411FF1FF415FF1FDB
:1070C000FC15FF1F0416FF1F0016FF1FF815FF1FFA
:1070D00070F90400DCAD040084F9040080B40400FD
:1070E00018E6040024E6040098F90400ACF9040052
:1070F0000C0F0500DBF80430C24AC3490BAD5B42FC
:107100002846136015F0A4FD2846D9F73DFA284615
:1071100015F0F6FDBD4B284619681E4615F098FD82
:107120002846D9F731FA284615F0EAFDB84928462D
:1071300015F08EFD2846D9F727FA284615F0E0FD10
:107140003168284615F084FD2846D9F71DFA2846EF
:1071500015F0D6FDAF4B1B78002B00F0A782AE498F
:10716000284615F075FD2846D9F70EFA284615F081
:10717000C7FDA64B2846196815F06AFD2846D9F7C1
:1071800003FA284615F0BCFD012200210220DAF79F
:10719000A9FC6AE6D8F804309A4A9B490BAD5B42D9
:1071A0002846136015F054FD2846D9F7EDF9284616
:1071B00015F0A6FD954B284619681E4615F048FDAA
:1071C0002846D9F7E1F9284615F09AFD9049284656
:1071D00015F03EFD2846D9F7D7F9284615F090FD61
:1071E0003168284615F034FD2846D9F7CDF92846F0
:1071F00015F086FD8849284615F02AFD2846D9F75E
:10720000C3F9284615F07CFD3168284615F020FDAD
:107210002846D9F7B9F9284615F072FD7D4B1B7841
:10722000002B00F01A82012200211046DAF75AFCE6
:107230001BE619EE100A16F011FAD4F8FC30984249
:107240003FF41DAD2621754818F08AFD484615F01B
:10725000FFFA009B002B7FF712AD21A815F0CEF9A5
:1072600000232698209314F0BFFB279814F0BCFB52
:107270006B4B012106201970F0F784F938E519EEFF
:10728000900A16F0EBF9D4F8FC3098423FF4FCACCD
:107290002621644818F064FD484615F0D9FA009B91
:1072A000002BBFF6F1AC21A815F0A8F90023269811
:1072B000209314F099FB279814F096FB584B012269
:1072C0004FF0FF3106201A70F0F75CF910E517F067
:1072D00061FE554B1B68012B7FF4EEAC16F0F8FDF8
:1072E000C3B2524A532B13707FF4EFAC209B53B1BF
:1072F0001EA8D9F7D7FD209B2BB1012016F018FA54
:10730000209B002BF9D1464B01221A70DDE418F0C6
:10731000B9FCE5E717F052FEE2E71F21444818F0F8
:107320001FFD444815F094FA21A8002515F066F9D0
:107330002698209514F058FB279814F055FB384BED
:1073400001262A46294628461E70DAF7CBFB2A4634
:1073500029463046DAF7C6FB2A4629460220DAF7E4
:10736000C1FB2A4629460320DAF7BCFB2A462946F8
:107370000420DAF7B7FB0620EFF7CEFBD4F80001C4
:10738000A0F10A031D2B3FF62CAE3146C0B216F019
:107390002FF926E62849284615F05AFC2846D9F741
:1073A000F3F8284615F0ACFC2449284615F050FCAB
:1073B0002846D9F7E9F8284615F0A2FC20492846C6
:1073C00015F046FC2846D9F7DFF8284615F098FC5A
:1073D0001A49F6E50121C0B216F00AF994F8000145
:1073E00016F03CF90A210446164818F0B9FC0023AF
:1073F0000A2221460F4815F043FA0E4815F028FAE4
:10740000EFE500BF2018FF1FE4F804004807FF1F46
:10741000F8F80400CC16FF1F0CF9040060E8040023
:107420007C18FF1F88E804006007FF1FB816FF1FC5
:10743000A0EC04002808FF1F48F90400DCAD04009C
:107440005CF9040094B1040003200860C54BC649F0
:10745000C64D08604FF0100EC3F800E01146172328
:107460002B60DAF73FFBD8F80420D8F82C10DFEDBA
:10747000C08ADFF82C9301FB02F307EE903AF8EE96
:10748000677A002267EEA87A4846FDEEE77AC9F8E7
:10749000042017EE901A14F03FF9D8F8081014F0F1
:1074A0002FF9B44AB44BD2ED007A93ED1C7A68EE12
:1074B000277A27EE287A67EE877AFDEEE77A17EECD
:1074C000901A14F04BF9DBF8002008920899DBF8C9
:1074D00000300793079B5B1A042BF8D9D8F80020DB
:1074E000022A00F08180042A6ED0012A7FF4BCAB0E
:1074F000389A4CAB03EB820502F10D0103EB8101DD
:107500009E4B45F88CACB7EE000A00202A4645F8A1
:10751000883C42F8849C41F8B40C389003211EA8A2
:10752000F4F73CF9FFF7A0BB00210320DAF7DAFA01
:10753000D9F80430924E93485B421321336018F01F
:107540000FFC3168904815F07BF98F4815F080F9F1
:107550008E4BD9F804201B681A449DE4D4ED367A8A
:10756000D4F8D420D4F8D010C7EE276A01FB02F378
:1075700007EE903AF8EE677A67EEA67AFFF718BB47
:1075800000230093FFF78CB900230093FFF74EBB55
:1075900098ED120ADAF75AFEB8EEC88A28EE008A89
:1075A000FDEEC87ACDED007AFFF740BB98ED120AE8
:1075B000DAF7E6FEB8EEC88A28EE008AFDEEC87A51
:1075C000CDED007AFFF76CB9389A4CAB03EB82052E
:1075D00002F10D0103EB8101B7EE000A6C4B45F897
:1075E0008CAC00202A4692E7389A4CAB03EB82051C
:1075F00002F10D0103EB8101B7EE000A654B45F87E
:107600008CAC00202A4682E76349284615F020FB0F
:107610002846D8F7B9FF284615F072FB316828468E
:1076200015F016FB2846D8F7AFFF284615F068FB83
:107630005A49284615F00CFB2846D8F7A5FF2846DE
:1076400015F05EFB3168284615F002FB2846D8F796
:107650009BFF284615F054FB02E44F49284615F0DD
:10766000F7FA2846D8F790FF284615F049FB31680D
:10767000284615F0EDFA2846D8F786FF284615F07B
:107680003FFB4649284615F0E3FA2846D8F77CFF29
:10769000284615F035FB3168284615F0D9FA2846FA
:1076A000D8F772FF284615F02BFBBCE53A4928466F
:1076B00015F0CEFA2846D8F767FF284615F020FBCC
:1076C0003168284615F0C4FA2846D8F75DFF2846E9
:1076D00015F016FB3149284615F0BAFA2846D8F7B6
:1076E00053FF284615F00CFB3168284615F0B0FA18
:1076F0002846D8F749FF284615F002FB2FE5264912
:10770000284615F0A5FA2846D8F73EFF284615F07A
:10771000F7FA3168284615F09BFA2846D8F734FF67
:10772000284615F0EDFA1D49284615F091FA28462D
:10773000D8F72AFF284615F0E3FA3168284615F0F5
:1077400087FA2846D8F720FF284615F0D9FA9BE497
:107750000BADFFF78ABB0023009303930293FFF75F
:10776000A4B800BF7C07FF1F9807FF1F7807FF1F03
:107770000AD7233C8018FF1F3411FF1FDC17FF1F9F
:107780002418FF1F34F904002808FF1FF415FF1FF9
:107790005C17FF1F9C17FF1F94F30400A8F304005D
:1077A0001C17FF1F2DE9F04F804DD5F800012DED7E
:1077B000048BA0F10A031D2BADF5177D40F2618209
:1077C0007B4C7C4B226808920021089A1970236830
:1077D0000793079B9B1A092BF9D968AE7649774F17
:1077E000DFF82C82DFF82C92DFF82CA2DFF82CB225
:1077F000304615F02DFA3046D8F7C6FE304615F063
:107800007FFA6F4B3046196815F022FA3046D8F7E8
:10781000BBFE304615F074FA10216A4818F0A0FA41
:10782000694B6A48196815F00BF8684815F010F8AC
:107830000F21674818F094FA664A6448116814F0FA
:10784000FFFF624815F004F81021634818F088FA29
:1078500062495E48096814F0F3FF5C4814F0F8FFD1
:107860000F215F4818F07CFA5E480168574814F011
:10787000E7FF564814F0ECFF10215B4818F070FA4F
:1078800039685248594F14F0DBFF504814F0E0FFBC
:107890000F21574818F064FA39684C48554F14F0D6
:1078A000CFFF4A4814F0D4FF1021534818F058FA7B
:1078B000D8F80010454814F0C3FF444814F0C8FF3E
:1078C0000F214E4818F04CFA3968404814F0B8FFC0
:1078D0003E4814F0BDFF1021494818F041FAD9F88C
:1078E00000103A4814F0ACFF384814F0B1FF0F21F3
:1078F000444818F035FADAF80010344814F0A0FFC4
:10790000324814F0A5FF0023CDE96A33CDE9823374
:107910008DF8C8317F9380938DF804322A4B3A4812
:1079200019686990394B6893802009238DF8B0015C
:1079300042F29F40CDE96E3041F2883C0520254A55
:107940006D96CDE984C00DF1600C6046126813F0AD
:10795000A3FE244821490268096828A813F09CFE68
:10796000164B224A1968126838A813F095FE3A6837
:10797000D8F8001048A813F08FFEDAF80020D9F8E4
:10798000001058A813F088FE002319932993399307
:1079900049935993DBF80030013B032B02F2E78156
:1079A000DFE813F0460126010E013E007013FF1FB1
:1079B0000C1FFF1F3016FF1FACB104007C07FF1F18
:1079C0004807FF1FC0F904006C07FF1F2808FF1FAE
:1079D000D4F904006807FF1FE4F904007407FF1FCF
:1079E000F8F904007007FF1F08FA04007807FF1F6A
:1079F0001CFA04008007FF1F2CFA040040FA040060
:107A000050FA040064FA0400C80E05000C0F0500CB
:107A10008407FF1F8C07FF1F8807FF1FE00FFF1F52
:107A2000A24B03931A462F2313603823C9F8003062
:107A30003923CAF800309E4B00939E4B01939E4B16
:107A400002930E219D4818F08BF99D4B9D481968B3
:107A500014F0F6FE9B4814F0FBFE10219A4818F033
:107A60007FF99A4A9748116814F0EAFE954814F095
:107A7000EFFE0F21964818F073F9964A9148116865
:107A800014F0DEFE8F4814F0E3FE0E21924818F049
:107A900067F9009A8B48116814F0D2FE894814F0F7
:107AA000D7FE10218D4818F05BF98D4A8548116882
:107AB00014F0C6FE834814F0CBFE0F21894818F05D
:107AC0004FF9894A7F48116814F0BAFE7D4814F0D6
:107AD000BFFE0E21854818F043F9019A79481168D4
:107AE00014F0AEFE774814F0B3FE1021804818F071
:107AF00037F9804A7348116814F0A2FE714814F0F7
:107B0000A7FE0F217C4818F02BF97C4A6D481168BC
:107B100014F096FE6B4814F09BFE0E21784818F086
:107B20001FF9029A6748116814F08AFE654814F03C
:107B30008FFE1021734818F013F9D8F8001061482F
:107B400014F07EFE5F4814F083FE0F216E4818F09B
:107B500007F939685B4814F073FE5A4814F078FE50
:107B60000E216A4818F0FCF8039A5648116814F080
:107B700067FE544814F06CFE1021654818F0F0F8C8
:107B8000D9F800104F4814F05BFE4E4814F060FE28
:107B90000F21604818F0E4F8DAF80010494814F0B2
:107BA0004FFE484814F054FE454B1B68042B02F26C
:107BB000C780DFE813F0370333032E0329036B007C
:107BC0003D4A3A4902922E2313602F230B6036233D
:107BD000C8F8003037233B603823C9F80030392318
:107BE000CAF80030324B0093324B0391019328E7DF
:107BF000304A31492D4801922D2313602E233D4AEE
:107C00000B602F230360342313603C4A0291352319
:107C100013603623C8F8003037233B603823C9F897
:107C200000303923CAF80030214B0390009308E755
:107C30001F4A1E4B1F4903932C2313601E480092BA
:107C40002D231A4A0B602E2303602F231360244A2E
:107C5000019132231360244A029033231360254A92
:107C600034231360254A352313603623C8F80030C7
:107C700037233B603823C9F800303923CAF8003075
:107C8000DFE60021C0B215F0B3FC99E5D5F89410F9
:107C9000D5F898A0009B1B68042B02F26080DFE8F7
:107CA00013F0A3029B02920289023B00A007FF1F70
:107CB0009407FF1F9807FF1F9C07FF1F74FA04001B
:107CC0009007FF1F2808FF1FC0F904006C07FF1F63
:107CD000D4F904006807FF1F84FA0400E4F90400E3
:107CE0007407FF1FF8F904007007FF1F94FA0400DF
:107CF00008FA04007C07FF1F1CFA04007807FF1F26
:107D0000A4FA04002CFA040040FA0400B4FA0400B7
:107D100050FA040064FA0400D5F8943008EE903A62
:107D2000D5F8983008EE103A019B1B68042B02F23C
:107D30001180DFE813F032022E022902240205002E
:107D4000D5F89420D5F89890029B1B68042B01F27B
:107D5000FC87DFE813F007020302FE01F9010500CA
:107D6000D5F89430D5F8988003980068042801F27B
:107D7000E187DFE810F0D901D301CC01C50105008E
:107D8000D5F89400D5F8987009EE100A18A8059354
:107D9000049213F0C1FC514613F0B2FCAC490968DF
:107DA00013F0DCFC18EE901A28A813F0B5FC18EEBE
:107DB000101A13F0A5FCA749096813F0CFFC049A28
:107DC00038A8114613F0A8FC494613F099FCA24AC2
:107DD000116813F0C3FC059B48A8194613F09CFCDE
:107DE000414613F08DFC9D4B196813F0B7FC19EE5A
:107DF000101A58A813F090FC394613F081FC984BE8
:107E0000196813F0ABFCDBF80030013B042B51D8B0
:107E1000DFE813F0A400F500C10036010500914B26
:107E2000012218681146D9F75DFE009B01221868EF
:107E30001146D9F757FE019B012218681146D9F760
:107E400051FE029B012218681146D9F74BFE039B95
:107E5000012218681146D9F745FE829B96A803F1C6
:107E60000F0200EB820200EB830018AF40F88C7C1D
:107E700096A800EB830028AF40F8887C96A800EB1A
:107E8000830038AF40F8847C96A800EB830048AFAD
:107E900040F8807C96A800EB8303002158A843F8A3
:107EA0007C0CB7EE000A42F8B41C304682910521E2
:107EB000F3F774FC6A9B002B01F07E816A4FDFF8B8
:107EC000B891DFF8B8A1D5F8F800A0F10A031D2B8E
:107ED00007D8C0B215F0C2FBD5F8FC30984241F08B
:107EE000D58015F0E1FF002841F380803B68012B2D
:107EF000B84601F08280032B01F08280002B01F054
:107F0000B280002389F800306A9923681493149A88
:107F100023681393139B9B1A092BF9D90029D2D1FB
:107F2000524C53480E2117F01BFF2168514814F0A2
:107F300087FC504814F08CFC2368013B0A2B00F2AC
:107F40003585DFE813F0690405046503330533055F
:107F50003907CD056E06C30221027C01414B012287
:107F600018681146D9F7BEFD829B96A803F10B0253
:107F700000EB830318A843F88C0C96AB03EB820349
:107F8000002143F8B41CB7EE000A8291304601216B
:107F9000F3F704FC8EE7334B012218681146D9F73A
:107FA000A1FD009B012218681146D9F79BFD019B9A
:107FB000012218681146D9F795FD829B96A803F116
:107FC0000D0200EB820200EB830018AF40F88C7CBE
:107FD00096A800EB830028AF40F8887C96A800EBB9
:107FE0008303002138A843F8840CB7EE000A42F856
:107FF000B41C304682910321F3F7D0FB5AE7194BAA
:10800000012218681146D9F76DFD009B01221868FE
:108010001146D9F767FD829B96A803F10C0200EB8D
:10802000820200EB830018AF40F88C7C96A800EB2E
:108030008303002128A843F8880CB7EE000A42F811
:10804000B41C304682910221F3F7A8FB32E700BF4F
:108050001C18FF1F2018FF1F2418FF1F2818FF1FC0
:108060002C18FF1F9007FF1F6007FF1F5007FF1FFF
:1080700068B104002808FF1FB816FF1F1C16FF1F59
:10808000B74B012218681146D9F72CFD009B01223D
:1080900018681146D9F726FD019B01221868114680
:1080A000D9F720FD029B012218681146D9F71AFD65
:1080B000829B96A803F10E0200EB820200EB830084
:1080C00018AF40F88C7C96A800EB830028AF40F8EE
:1080D000887C96A800EB830038AF40F8847C96A893
:1080E00000EB8303002148A843F8800CB7EE000A98
:1080F00042F8B41C304682910421F3F74FFBD9E6D5
:10810000D5F88C00D5F8907009EE100A3EE6D5F847
:108110008400D5F8887009EE100A37E6E86FD5F8C4
:10812000807009EE100A31E620681290686FDDF861
:1081300048C0AF6F09EE100A206811901198A0EBAB
:108140000C000E28F8D921E6D5F88C30D5F89080AF
:108150000AE6D5F88430D5F8888005E6EB6FD5F8C7
:10816000808001E623681093109F6B6FD5F87880AC
:1081700020680F900F98C01B0E28F9D9F4E5D5F8A8
:108180008C20D5F89090DFE5D5F88420D5F888903C
:10819000DAE5EA6FD5F88090D6E523680E930E985D
:1081A0006A6FD5F8789023680D930D9B1B1A0E2BE0
:1081B000F9D9C9E5D5F88C3008EE903AD5F8903069
:1081C00008EE103AB0E5D5F8843008EE903AD5F8CC
:1081D000883008EE103AA7E5EB6F08EE903AD5F834
:1081E000803008EE103A9FE523680C936B6F0C9A71
:1081F00008EE903AAB6F08EE103A23680B930B9B96
:108200009B1A0E2BF9D98FE5D5F88C10D5F890A0D4
:1082100040E5D5F88410D5F888A03BE5E96FD5F89E
:1082200080A037E523680A930A9A696FD5F878A089
:1082300023680993099B9B1A0E2BF9D92AE515ACE3
:108240004849204614F004FD2046D8F79DF9204601
:1082500014F056FD444B204619681F4614F0F8FCF4
:108260002046D8F791F9204614F04AFD3F492046B0
:1082700014F0EEFC2046D8F787F9204614F040FDB4
:108280003968204614F0E4FC2046D8F77DF92046F2
:1082900014F036FD3549204614F0DAFC2046D8F7B4
:1082A00073F9204614F02CFD3968204614F0D0FCF8
:1082B0002046D8F769F9204614F022FD2C492046C3
:1082C00014F0C6FC2046D8F75FF9204614F018FDDC
:1082D0003968204614F0BCFC2046D8F755F92046F2
:1082E00014F00EFD2349204614F0B2FC2046D8F7C6
:1082F0004BF9204614F004FD3968204614F0A8FC20
:108300002046D8F741F9204614F0FAFC14211A4807
:1083100017F026FD194B1A48996D14F091FA184878
:1083200014F096FAD5F8E030012B00F050861221B7
:10833000144817F015FD0A4B114819681F4614F030
:108340007FFA0F4814F084FA3B68042B00F2C287CE
:10835000DFE813F0A50B5F0B7F07DD0BC10B00BF40
:108360009007FF1FB0E404004807FF1FDCE404008F
:1083700008E504008CF80400C4FA04001412FF1F7E
:108380002808FF1F5CF2040015ACD649204614F003
:108390005FFC2046D8F7F8F8204614F0B1FCD24B29
:1083A000204619681F4614F053FC2046D8F7ECF815
:1083B000204614F0A5FCCD49204614F049FC204687
:1083C000D8F7E2F8204614F09BFC3968204614F0F8
:1083D0003FFC2046D8F7D8F8204614F091FCC44959
:1083E000204614F035FC2046D8F7CEF8204614F08D
:1083F00087FC3968204614F02BFC2046D8F7C4F8D7
:10840000204614F07DFCBB4B0122586C0021D9F7AB
:1084100069FB002101220846D9F764FBD5F8E0305A
:10842000012B00F0C482B449204614F011FC204610
:10843000D8F7AAF8204614F063FCB049204614F09F
:1084400007FC2046D8F7A0F8204614F059FCAC49A8
:10845000204614F0FDFB2046D8F796F8204614F08D
:108460004FFCA849204614F0F3FB2046D8F78CF8BF
:10847000204614F045FCA449204614F0E9FB2046B0
:10848000D8F782F8204614F03BFCA049204614F0AF
:10849000DFFB2046D8F778F8204614F031FC9C49E1
:1084A000204614F0D5FB2046D8F76EF8204614F08D
:1084B00027FC9249204614F0CBFB2046D8F764F8FD
:1084C000204614F01DFC934900F016BD15AC9249EE
:1084D000204614F0BDFB2046D8F756F8204614F08D
:1084E0000FFC814B204619681F4614F0B1FB204653
:1084F000D8F74AF8204614F003FC8849204614F0C7
:10850000A7FB2046D8F740F8204614F0F9FB39685D
:10851000204614F09DFB2046D8F736F8204614F08C
:10852000EFFB7F49204614F093FB2046D8F72CF848
:10853000204614F0E5FB3968204614F089FB2046FC
:10854000D8F722F8204614F0DBFB764B012218689E
:108550000021D9F7C7FA002101220846D9F7C2FA4B
:10856000D5F8E030012B00F022826F49204614F04C
:108570006FFB2046D8F708F8204614F0C1FB5F498E
:10858000204614F065FB2046D7F7FEFF204614F086
:10859000B7FB6649204614F05BFB2046D7F7F4FF93
:1085A000204614F0ADFB5749204614F051FB2046FD
:1085B000D7F7EAFF204614F0A3FB5349204614F0F6
:1085C00047FB2046D7F7E0FF204614F099FB4F49C0
:1085D000204614F03DFB2046D7F7D6FF204614F086
:1085E0008FFB5349204614F033FB2046D7F7CCFFCE
:1085F000204614F085FB4149204614F029FB204613
:10860000D7F7C2FF204614F07BFB4A4900F074BC48
:1086100015AC4949204614F01BFB2046D7F7B4FFA0
:10862000204614F06DFB304B204619681F4614F0AD
:108630000FFB2046D7F7A8FF204614F061FB3F4907
:10864000204614F005FB2046D7F79EFF204614F085
:1086500057FB3968204614F0FBFA2046D7F794FF01
:10866000204614F04DFB3649204614F0F1FA20461E
:10867000D7F78AFF204614F043FB3968204614F0F0
:10868000E7FA2046D7F780FF204614F039FBD5F8EB
:10869000E030012B00F08B812A4F01223868002145
:1086A000D9F720FA3B68002B01F02783033B012B0D
:1086B00000F27D812449204614F0CAFA2046D7F7FB
:1086C00063FF204614F01CFB0C49204614F0C0FA4E
:1086D0002046D7F759FF204614F012FB1B4900F043
:1086E0000BBC00BF18E904004807FF1F04E90400A1
:1086F00028FB04001013FF1F90E90400DCAD040008
:10870000A4E9040080B4040018E6040024E6040090
:10871000B8E90400CCE9040024ED04003CED0400B9
:1087200054ED04004410FF1F6CED040084ED0400C0
:108730009CED0400B4ED040080F3040044F3040055
:1087400014F404000011FF1FE8F3040000F4040017
:1087500015ACCA49204614F07BFA2046D7F714FF1F
:10876000204614F0CDFAC64B204619681F4614F077
:108770006FFA2046D7F708FF204614F0C1FABF4928
:10878000204614F065FA2046D7F7FEFE204614F086
:10879000B7FA3968204614F05BFA2046D7F7F4FEA2
:1087A000204614F0ADFAB749204614F051FA20469D
:1087B000D7F7EAFE204614F0A3FA3968204614F0F1
:1087C00047FA2046D7F7E0FE204614F099FAAE4962
:1087D000204614F03DFA2046D7F7D6FE204614F086
:1087E0008FFA3968204614F033FA2046D7F7CCFECA
:1087F000204614F085FAD5F8E030012B00F0E7832D
:10880000A24B1B68042B00F2B380DFE813F09C0935
:108810002F0A130AF709DB099D4B1B68022B15ACC5
:1088200040F39283032B51D19A49204614F010FA59
:108830002046D7F7A9FE204614F062FA904B204656
:1088400019681F4614F004FA2046D7F79DFE20460B
:1088500014F056FA8F49204614F0FAF92046D7F75B
:1088600093FE204614F04CFA3968204614F0F0F9D3
:108870002046D7F789FE204614F042FA8649204662
:1088800014F0E6F92046D7F77FFE204614F038FAB8
:108890003968204614F0DCF92046D7F775FE2046EB
:1088A00014F02EFA7D49204614F0D2F92046D7F76D
:1088B0006BFE204614F024FA3968204614F0C8F9FB
:1088C0002046D7F761FE204614F01AFAD5F8E030BA
:1088D000012B00F07C836D4B1968002900F0708437
:1088E0004B1E032B44D8012208460021D9F7FAF881
:1088F0006B49204614F0ACF92046D7F745FE2046D8
:1089000014F0FEF96749204614F0A2F92046D7F783
:108910003BFE204614F0F4F96349204614F098F920
:108920002046D7F731FE204614F0EAF95F49204689
:1089300014F08EF92046D7F727FE204614F0E0F910
:108940005B49204614F084F92046D7F71DFE2046E7
:1089500014F0D6F95749204614F07AF92046D7F793
:1089600013FE204614F0CCF953480F2117F0F8F904
:10897000009B186803281AD101220021D9F7B2F808
:108980004E49204614F064F92046D7F7FDFD2046F5
:1089900014F0B6F94349204614F05AF92046D7F7A7
:1089A000F3FD204614F0ACF94549A5E215AC454964
:1089B000204614F04DF92046D7F7E6FD204614F086
:1089C0009FF9D8F80030012B00F0ED83032B00F065
:1089D000E683002B00F0DF833B4B3C4F93ED000A16
:1089E000B8EEC00AD7F788FD3968204614F030F990
:1089F0002046D7F7C9FD204614F082F934492046B5
:108A000014F026F92046D7F7BFFD204614F078F978
:108A1000D8F80030012B00F0BA83032B00F0B383A9
:108A2000002B00F0AC832B4B93ED000AB8EEC00A8C
:108A3000D7F762FD3968204614F00AF92046D7F7C7
:108A4000A3FD204614F05CF9234B5A6F012A00F075
:108A5000AE83D5F800010023CBF80030A0F10A0363
:108A60001D2B40F287831D4B68933046EEF7C6FE00
:108A70000DF5177DBDEC048BBDE8F08FECFA04001A
:108A80004807FF1F00FB040014FB04009007FF1FB2
:108A9000FC16FF1F38E2040034F20400BCE20400BC
:108AA00000EB0400DCAD040014EB040080B404000F
:108AB00018E6040024E6040070F2040054E6040002
:108AC00068E60400CCED04005016FF1F4C07FF1FA2
:108AD000DCED04004416FF1F3411FF1F0C0F0500CE
:108AE00015ACA049204614F0B3F82046D7F74CFD4A
:108AF000204614F005F99C4B204619681F4614F0D7
:108B0000A7F82046D7F740FD204614F0F9F897491A
:108B1000204614F09DF82046D7F736FD204614F085
:108B2000EFF83968204614F093F82046D7F72CFD6B
:108B3000204614F0E5F88E49204614F089F82046C6
:108B4000D7F722FD204614F0DBF83968204614F0F0
:108B50007FF82046D7F718FD204614F0D1F8854B52
:108B60000122586D0021D8F7BDFF002101220846DF
:108B7000D8F7B8FFD5F8E030012B3FF418AF7E49A5
:108B8000204614F065F82046D7F7FEFC204614F086
:108B9000B7F87A49204614F05BF82046D7F7F4FC82
:108BA000204614F0ADF87649204614F051F82046DE
:108BB000D7F7EAFC204614F0A3F87249204614F0D7
:108BC00047F82046D7F7E0FC204614F099F86E49A4
:108BD000204614F03DF82046D7F7D6FC204614F086
:108BE0008FF86A49204614F033F82046D7F7CCFCBA
:108BF000204614F085F86649204614F029F82046EE
:108C0000D7F7C2FC204614F07BF85C49204614F0EC
:108C10001FF82046D7F7B8FC204614F071F85D49DC
:108C20006AE115AC5C49204614F012F82046D7F7EB
:108C3000ABFC204614F064F84B4B204619681F46E5
:108C400014F006F82046D7F79FFC204614F058F899
:108C50005249204613F0FCFF2046D7F795FC2046EA
:108C600014F04EF83968204613F0F2FF2046D7F78B
:108C70008BFC204614F044F84949204613F0E8FFE5
:108C80002046D7F781FC204614F03AF83968204690
:108C900013F0DEFF2046D7F777FC204614F030F8BB
:108CA000404B012218680021D8F71CFF0021012247
:108CB0000846D8F717FFD5F8E030012B3FF477AE20
:108CC0003949204613F0C4FF2046D7F75DFC204603
:108CD00014F016F82949204613F0BAFF2046D7F7BA
:108CE00053FC204614F00CF83049204613F0B0FF36
:108CF0002046D7F749FC204614F002F821492046C7
:108D000013F0A6FF2046D7F73FFC204613F0F8FFEC
:108D10001D49204613F09CFF2046D7F735FC20461E
:108D200013F0EEFF1949204613F092FF2046D7F7C3
:108D30002BFC204613F0E4FF1D49204613F088FF6A
:108D40002046D7F721FC204613F0DAFF0B492046D6
:108D500013F07EFF2046D7F717FC204613F0D0FF14
:108D60001449C9E0C4F104004807FF1FB0F1040032
:108D700050FB0400A012FF1F64FB0400DCAD0400E4
:108D800078FB040080B4040018E6040024E6040024
:108D90008CFB0400A0FB0400A8B2040094B2040001
:108DA000C0EC04004410FF1FD4EC0400E8EC040005
:108DB000FCEC040010ED040015ACD349204613F080
:108DC00047FF2046D7F7E0FB204613F099FFCF4B33
:108DD000204619681F4613F03BFF2046D7F7D4FB07
:108DE000204613F08DFFCA49204613F031FF20467C
:108DF000D7F7CAFB204613F083FF3968204613F0EB
:108E000027FF2046D7F7C0FB204613F079FFC14962
:108E1000204613F01DFF2046D7F7B6FB204613F07F
:108E20006FFF3968204613F013FF2046D7F7ACFBDD
:108E3000204613F065FFB84B012218680021D8F7CF
:108E400051FE002101220846D8F74CFED5F8E0304B
:108E5000012B3FF4ACADB149204613F0F9FE20469A
:108E6000D7F792FB204613F04BFFAD49204613F095
:108E7000EFFE2046D7F788FB204613F041FFA949B3
:108E8000204613F0E5FE2046D7F77EFB204613F080
:108E900037FFA549204613F0DBFE2046D7F774FBC9
:108EA000204613F02DFFA149204613F0D1FE2046A5
:108EB000D7F76AFB204613F023FF9D49204613F0A5
:108EC000C7FE2046D7F760FB204613F019FF9949EB
:108ED000204613F0BDFE2046D7F756FB204613F080
:108EE0000FFF8F49204613F0B3FE2046D7F74CFB07
:108EF000204613F005FF9049204613F0A9FE2046B6
:108F0000D7F742FB204613F0FBFE8749204613F0BB
:108F10009FFE2046D7F738FB204613F0F1FE834929
:108F2000204613F095FE2046D7F72EFB204613F07F
:108F3000E7FE7F49204613F08BFE2046D7F724FB3F
:108F4000204613F0DDFE32E5002B7FF7BFAC7B49F6
:108F5000204613F07DFE2046D7F716FB204613F07F
:108F6000CFFE6A4B204619681F4613F071FE20465B
:108F7000D7F70AFB204613F0C3FE7049204613F0D2
:108F800067FE2046D7F700FB204613F0B9FE39688C
:108F9000204613F05DFE2046D7F7F6FA204613F080
:108FA000AFFE6749204613F053FE2046D7F7ECFA90
:108FB000204613F0A5FE3968204613F049FE2046EE
:108FC000D7F7E2FA204613F09BFE5E496BE41621C8
:108FD0005D4816F0C5FED5F8E0105C4800230A2273
:108FE00013F04EFC594813F033FCE0E415F0D2FFC7
:108FF0003B68012BB8467EF47EAF14F069FF01E0B8
:1090000015F0DCFFC3B2532B89F800307EF47CAF3F
:109010006A9B002B00F0A4800E214D481A684D4B2E
:10902000B3FBF2F3CAF8003016F09AFEDAF800103B
:10903000464813F005FC454813F00AFCDAF8003006
:10904000F92B13DC6BA813F0D9FA002370986A93FC
:1090500012F0CAFC719812F0C7FC6A990023CBF891
:109060000030FEF752BF16F00DFECBE76A990029DB
:10907000F4D03046D7F716FF6A990029EED00120C8
:1090800014F056FB6A990029F9D1E7E71F2132480D
:1090900016F066FE2D4813F0DBFB6BA8002413F0DE
:1090A000ADFA70986A9412F09FFC719812F09CFCD3
:1090B0002A4B01272246214620461F70D8F712FD71
:1090C000224621463846D8F70DFD22462146022089
:1090D000D8F708FD224621460320D8F703FD224693
:1090E00021460420D8F7FEFC1520EDF715FDD5F834
:1090F0000001A0F10A031D2B3FF6B5AC3946C0B202
:1091000014F076FAAFE400BFA8F304004807FF1F8D
:1091100094F304003CFB04007814FF1F70F9040072
:10912000DCAD040084F9040080B4040018E60400F7
:1091300024E6040098F90400ACF9040014E30400E8
:1091400034F20400E8E20400A8F204002808FF1F3B
:1091500050EC040000879303A0EC04007C18FF1F70
:10916000AE4A1268002A3FF457AF0221012090470F
:109170006A9B51E70121C0B214F03AFA73E422204D
:1091800016F072FE4FE4222015F0C2FE4BE42220BE
:1091900014F0D4FD47E4222016F066FE1CE42220E1
:1091A00015F0B6FE18E4222014F0C8FD14E40021E6
:1091B0000320D8F797FC4CE4DFF89082FEF7B0BEAE
:1091C000012208460291D8F78DFC954B02995A6FFF
:1091D000012A00F0A9859349204613F039FD204665
:1091E000D7F7D2F9204613F08BFD8F49204613F0B4
:1091F0002FFD2046D7F7C8F9204613F081FD8B4993
:10920000204613F025FD2046D7F7BEF9204613F07F
:1092100077FD8749204613F01BFD2046D7F7B4F9A8
:10922000204613F06DFD8349204613F011FD2046C2
:10923000D7F7AAF9204613F063FD7F49204613F0C3
:1092400007FD2046D7F7A0F9204613F059FDFFF798
:109250008FBB012200210220D8F744FC7749204629
:1092600013F0F6FC2046D7F78FF9204613F048FD9F
:109270006D49204613F0ECFC2046D7F785F92046CF
:1092800013F03EFD6E49204613F0E2FC2046D7F76E
:109290007BF9204613F034FD6549204613F0D8FCD5
:1092A0002046D7F771F9204613F02AFD6149204680
:1092B00013F0CEFC2046D7F767F9204613F020FDC7
:1092C0005D49204613F0C4FC2046D7F75DF92046DF
:1092D00013F016FD009B1B68042B47D8DFE813F042
:1092E0001D0353033803E702050001220021042077
:1092F000D8F7F8FB5349204613F0AAFC2046D7F7CD
:1093000043F9204613F0FCFC4749204613F0A0FC2B
:109310002046D7F739F9204613F0F2FC4A49204697
:1093200013F096FC2046D7F72FF9204613F0E8FCFF
:109330003F49204613F08CFC2046D7F725F92046FC
:1093400013F0DEFC3B49204613F082FC2046D7F7A1
:109350001BF9204613F0D4FC3749204613F078FC63
:109360002046D7F711F9204613F0CAFC019B1B6871
:10937000042B47D8DFE813F0B60255023A02010287
:109380000500012200210420D8F7ACFB2D4920461E
:1093900013F05EFC2046D7F7F7F8204613F0B0FC38
:1093A0002149204613F054FC2046D7F7EDF820461B
:1093B00013F0A6FC2449204613F04AFC2046D7F7B8
:1093C000E3F8204613F09CFC1949204613F040FCBA
:1093D0002046D7F7D9F8204613F092FC15492046CD
:1093E00013F036FC2046D7F7CFF8204613F088FC60
:1093F0001149204613F02CFC2046D7F7C5F820462B
:1094000013F07EFC029B1B68042B62D8DFE813F08C
:1094100039016F0154011E01200000BF5C1EFF1FB7
:109420003411FF1F80F20400DCAD040094F204004C
:1094300080B4040018E6040024E60400FCE60400FE
:1094400014E704005CE7040074E704006007FF1FF2
:10945000012200210420D8F745FBD549204613F00E
:10946000F7FB2046D7F790F8204613F049FCD14986
:10947000204613F0EDFB2046D7F786F8204613F080
:109480003FFCCD49204613F0E3FB2046D7F77CF89C
:10949000204613F035FCC949204613F0D9FB20467D
:1094A000D7F772F8204613F02BFCC549204613F07D
:1094B000CFFB2046D7F768F8204613F021FCC149BE
:1094C000204613F0C5FB2046D7F75EF8204613F080
:1094D00017FC039B1B68042B3FF669AADFE803F027
:1094E0009B54391E0300012200210420D8F7FAFA08
:1094F000AF49204613F0ACFB2046D7F745F820468D
:1095000013F0FEFBAB49204613F0A2FB2046D7F731
:109510003BF8204613F0F4FBA749EDE401220021BB
:109520000320D8F7DFFAA849204613F091FB204624
:10953000D7F72AF8204613F0E3FB9E49204613F0A4
:1095400087FB2046D7F720F8204613F0D9FB9F4928
:10955000D2E4012200210220D8F7C4FA9C49204617
:1095600013F076FB2046D7F70FF8204613F0C8FB20
:109570009049204613F06CFB2046D7F705F82046AB
:1095800013F0BEFB9349B7E4012210460021D8F73F
:10959000A9FA9149204613F05BFB2046D6F7F4FF69
:1095A000204613F0ADFB8349204613F051FB2046C3
:1095B000D6F7EAFF204613F0A3FB8849204613F0B4
:1095C00047FB2046D6F7E0FF204613F099FB7B4986
:1095D000204613F03DFB2046D6F7D6FF204613F079
:1095E0008FFB7749204613F033FB2046D6F7CCFF9C
:1095F000204613F085FB7349204613F029FB2046D3
:10960000D6F7C2FF204613F07BFB0C21744816F0FE
:10961000A7FBFFF7CCB9002101220846D8F762FA70
:109620007049204613F014FB2046D6F7ADFF2046C4
:1096300013F066FB5F49204613F00AFB2046D6F77D
:10964000A3FF204613F05CFB674955E4012200218B
:109650000320D8F747FA5C49204613F0F9FA204670
:10966000D6F792FF204613F04BFB5249204613F0E9
:10967000EFFA2046D6F788FF204613F041FB534906
:1096800000E7002101220846D8F72CFA5549204668
:1096900013F0DEFA2046D6F777FF204613F030FBB2
:1096A0004449204613F0D4FA2046D6F76DFF2046F1
:1096B00013F026FB4C49E5E6012200210220D8F7F1
:1096C00011FA4349204613F0C3FA2046D6F75CFF4F
:1096D000204613F015FB3749204613F0B9FA20460F
:1096E000D6F752FF204613F00BFB3A49CAE6012297
:1096F00010460021D8F7F6F93749204613F0A8FAAA
:109700002046D6F741FF204613F0FAFA29492046B1
:1097100013F09EFA2046D6F737FF204613F0F0FAF2
:109720002E49204613F094FA2046D6F72DFF204606
:1097300013F0E6FA2149204613F08AFA2046D6F7BC
:1097400023FF204613F0DCFA1D49204613F080FA6F
:109750002046D6F719FF204613F0D2FA19492046C1
:1097600013F076FA2046D6F70FFF204613F0C8FA1A
:109770000C211B4816F0F4FAABE60122002103206D
:10978000D8F7B0F91049204613F062FA2046D6F710
:10979000FBFE204613F0B4FA0649204613F058FAAF
:1097A0002046D6F7F1FE204613F0AAFA074902E652
:1097B0005CE70400DCAD040074E7040080B404003E
:1097C00018E6040024E604002CE7040044E7040043
:1097D000FCE6040014E7040044F80400E4E6040096
:1097E000DCFA04008CE70400A4E704000122002155
:1097F0000220D8F777F9E249204613F029FA2046EB
:10980000D6F7C2FE204613F07BFADE49204613F05D
:109810001FFA2046D6F7B8FE204613F071FADA494F
:10982000C9E5012210460021D8F75CF9D749204646
:1098300013F00EFA2046D6F7A7FE204613F060FA82
:10984000D049204613F004FA2046D6F79DFE204664
:1098500013F056FACE49204613F0FAF92046D6F70F
:1098600093FE204613F04CFACA49204613F0F0F953
:109870002046D6F789FE204613F042FAC649204614
:1098800013F0E6F92046D6F77FFE204613F038FAAB
:10989000C249204613F0DCF92046D6F775FE204673
:1098A00013F02EFA0C21BE4816F05AFAAAE501224E
:1098B00000210320D8F716F9BA49204613F0C8F959
:1098C0002046D6F761FE204613F01AFAAD4920462D
:1098D00013F0BEF92046D6F757FE204613F010FAD3
:1098E000B1491CE5002101220846D8F7FBF8AF4931
:1098F000204613F0ADF92046D6F746FE204613F079
:10990000FFF9A049204613F0A3F92046D6F73CFE04
:10991000204613F0F5F9A6494DE50021012208463D
:10992000D8F7E0F8A149204613F092F92046D6F77F
:109930002BFE204613F0E4F99249204613F088F9F3
:109940002046D6F721FE204613F0DAF99849E6E4DE
:10995000012200210220D8F7C5F88949204613F0DA
:1099600077F92046D6F710FE204613F0C9F985494D
:10997000204613F06DF92046D6F706FE204613F078
:10998000BFF98149CBE4012210460021D8F7AAF89B
:109990007E49204613F05CF92046D6F7F5FD2046B7
:1099A00013F0AEF97749204613F052F92046D6F766
:1099B000EBFD204613F0A4F97549204613F048F951
:1099C0002046D6F7E1FD204613F09AF9714920466A
:1099D00013F03EF92046D6F7D7FD204613F090F954
:1099E0006D49204613F034F92046D6F7CDFD2046C8
:1099F00013F086F96949204613F02AF92046D6F774
:109A0000C3FD204613F07CF90C21654816F0A8F937
:109A1000ACE4012210460021D8F764F85B492046E7
:109A200013F016F92046D6F7AFFD204613F068F97B
:109A30005449204613F00CF92046D6F7A5FD2046E0
:109A400013F05EF95249204613F002F92046D6F78A
:109A50009BFD204613F054F94E49204613F0F8F8C8
:109A60002046D6F791FD204613F04AF94A49204690
:109A700013F0EEF82046D6F787FD204613F040F9A4
:109A80004649204613F0E4F82046D6F77DFD2046EF
:109A900013F036F90C21424816F062F91AE400215D
:109AA00001220846D8F71EF84049204613F0D0F8A6
:109AB0002046D6F769FD204613F022F931492046A9
:109AC00013F0C6F82046D6F75FFD204613F018F9CC
:109AD0003749FFF7D8BB012200210420D8F702F84C
:109AE0003449204613F0B4F82046D6F74DFD204601
:109AF00013F006F92349204613F0AAF82046D6F7BA
:109B000043FD204613F0FCF82B49FFF7BCBB0122B4
:109B100000210320D7F7E6FF2249204613F098F8EA
:109B20002046D6F731FD204613F0EAF815492046C5
:109B300013F08EF82046D6F727FD204613F0E0F804
:109B40001949FFF7A0BB002101220846D7F7CAFF39
:109B50001A49204613F07CF82046D6F715FD20461A
:109B600013F0CEF80749204613F072F82046D6F7D6
:109B70000BFD204613F0C4F81149FFF741BB00BFAD
:109B8000FCE60400DCAD040014E7040044F8040023
:109B9000E4E6040080B4040018E6040024E60400AF
:109BA000DCFA04002CE7040044E704008CE704001E
:109BB000A4E704005CE7040074E70400A4E60400E2
:109BC000B8E60400012200210420D7F78BFF6D497D
:109BD000204613F03DF82046D6F7D6FC204613F079
:109BE0008FF86949204613F033F82046D6F7CCFCAD
:109BF000204613F085F86549FFF702BB01220021DA
:109C00000320D7F76FFF6249204613F021F8204662
:109C1000D6F7BAFC204613F073F85B49204613F0E0
:109C200017F82046D6F7B0FC204613F069F85949DA
:109C3000FFF7E6BA012200210220D7F753FF564969
:109C4000204613F005F82046D6F79EFC204613F078
:109C500057F84D49204612F0FBFF2046D6F794FCFA
:109C6000204613F04DF84D49FFF7CABA01221046BD
:109C70000021D7F737FF4A49204612F0E9FF204676
:109C8000D6F782FC204613F03BF83F49204612F0FD
:109C9000DFFF2046D6F778FC204613F031F8414923
:109CA000204612F0D5FF2046D6F76EFC204613F072
:109CB00027F83D49204612F0CBFF2046D6F764FC3A
:109CC000204613F01DF83949204612F0C1FF204606
:109CD000D6F75AFC204613F013F83549204612F007
:109CE000B7FF2046D6F750FC204613F009F80C21A8
:109CF000304816F035F8FEF73BBE2F49204612F0EB
:109D0000A7FF2046D6F740FC204612F0F9FF1E4977
:109D1000204612F09DFF2046D6F736FC204612F072
:109D2000EFFF2649FFF7E8B8019B1868D7F7DAFE7E
:109D3000FFF751BA42F2107709EE107AFEF726B813
:109D400042F2107A5146FDF7A5BF42F21078434621
:109D5000FEF70AB842F210794A46FDF7F5BF42F223
:109D6000107308EE103A08EE903AFDF7DDBF144B81
:109D70000093144B0193144B0293144B0393FDF780
:109D800060BE00BF7CE60400DCAD040090E6040089
:109D900054E6040068E604002CE6040040E60400F3
:109DA000F0E5040004E6040080B4040018E60400B2
:109DB00024E60400DCFA0400BCF30400D4F304003D
:109DC0009407FF1F9807FF1F9C07FF1FA007FF1F97
:109DD0002DE9F04F2DED048BC7B0DFF850B30190A3
:109DE000D8F7B6FFB04A1992B04ADFF8448300238F
:109DF0001360AF4A8DF888301360AE4A2F9313601A
:109E0000AD4A30931360AD4A8DF8C4301360AC4A4C
:109E1000189280228DF8702018AA0921CDE91A33F2
:109E2000CDE932331D92DBF8543042F29F42CDE946
:109E30001E1241F28830D8F81C1002910522CDE99B
:109E40003402D8F8181003915A1E032A01F2108226
:109E5000DFE812F00A02E901C8010400DBF8103063
:109E6000DBF824209FED977A974D984CDBF838600B
:109E7000974802FB03F307EE903AF8EE677A122355
:109E800067EE877A2B60FDEEE77A13232360D8F81C
:109E90007030029317EE901AD8F86C30039311F0DB
:109EA0003BFC314611F02CFC002111F057FCDBF893
:109EB00054302068874C2E682360874B87491E608A
:109EC000874B884A18609DF80830874D9FED878A38
:109ED000022418460C6008EE903A01210323002664
:109EE00013602E6013F084FB9DF80C30804D1846F3
:109EF000012109EE103A13F07BFBDBF81420DBF8AC
:109F000000309FED707A7B4802FB03F307EE903A36
:109F1000F8EE677A67EE877AFDEEE77A17EE901A29
:109F200011F0FAFBDBF8281011F0EAFBDBED1B7AED
:109F3000D8F80420D8F80030D8ED026ADBF85400D5
:109F40009BED1A0A87EE887A02FB03F307EE903A3C
:109F5000F8EE677A684B67EEA67A67EE877ABDEE11
:109F6000E77A83ED007A654BC3ED007AD8F72AFBD8
:109F7000634BDBF85400F0EE407A9BED1A0AC3ED18
:109F8000007AD8F71FFB16215E4885ED000A15F010
:109F9000E7FE286817F0B4F941EC100B21465A4847
:109FA00012F07AFC584812F053FC1C21574815F067
:109FB000D7FEDBF8680017F0A3F941EC100B21463F
:109FC000514812F069FC504812F042FCDBF858305E
:109FD000002B00F07483012B00F023834C4B4D4D7C
:109FE0000493D5F800901B680193B2464A4B01993F
:109FF000C3F80090494B0122196000201146D7F7A1
:10A0000071FD474B47495A6F0223012A0B6000F04C
:10A01000D184DBF85430013B032B0AD8DFE813F07E
:10A02000DC00CF0040010400012211460420D7F7D4
:10A0300059FDDBF85C30022B00F0CB80032B00F0E5
:10A040003984012B00F02C84BAF1000F40F38B818E
:10A050000AF101039FED1B8A2B4C069301254F4605
:10A0600029465046D7F776FC12212F4815F078FE86
:10A070002946204612F0E4FB204612F0E9FBDBF80B
:10A080005C30022B00F0EB83032B00F0B883012B34
:10A0900000F09D83DBF85430013B032B4ED8DFE802
:10A0A00003F084897F4900BFC80E0500FC15FF1F1F
:10A0B0000416FF1F0016FF1FF415FF1FF815FF1FE2
:10A0C0000C0F05000AD7233C6407FF1FFC06FF1F87
:10A0D0005C17FF1F9407FF1F7407FF1F6807FF1F10
:10A0E0007007FF1F6C07FF1F9007FF1F0000B4439E
:10A0F0005407FF1F3818FF1F5807FF1FF816FF1FD0
:10A10000F416FF1FB4FB04002808FF1FCCFB04005B
:10A11000D00FFF1F0C17FF1F1017FF1FD40FFF1FBB
:10A120003411FF1FE00FFF1FECFB0400A012FF1F04
:10A130007013FF1FB748019911F02AFBB648394642
:10A1400011F026FB1321B54815F00AFEB44B20464A
:10A15000196812F075FB204612F07AFB1021B14805
:10A1600015F0FEFDB04B2046196812F069FB204641
:10A1700012F06EFBDBF85C30022B00F03E82AB4B42
:10A180005B6F012B00F0A483DBF85430013B032B01
:10A1900000F2A580DFE813F0B605A30590058A005C
:10A1A000A348019911F0F4FAC8E7A248019911F007
:10A1B000EFFAC3E7A048019911F0EAFABEE70122DD
:10A1C00011460220D7F78EFCDBF85C30022B7FF4BF
:10A1D00035AF4FEA860A37E7012211461046D7F716
:10A1E00081FC26E7DBF80C30DBF820209FED937A2A
:10A1F000934D944CDBF834608D4802FB03F307EE7B
:10A20000903AF8EE677A102367EE877A2B60FDEEBE
:10A21000E77A17232360D8F85030029317EE901A8C
:10A22000D8F84C303AE6DBF80830DBF81C209FED1C
:10A23000837A834D834CDBF830607F4802FB03F365
:10A2400007EE903AF8EE677A152367EE877A2B606F
:10A25000FDEEE77A14232360D8F83030029317EE2E
:10A26000901AD8F82C3019E6DBF80430DBF8182007
:10A270009FED727A724D734CDBF82C606D4802FBD7
:10A2800003F307EE903AF8EE677A062367EE877AD3
:10A290002B60FDEEE77A052317EE901A2360FEE5AA
:10A2A000012211460320D7F71DFCC2E6329B5A4E0D
:10A2B00003F10C0246A800EB820200EB83000021B0
:10A2C000034640F88C6C53483291B7EE000A43F8CD
:10A2D000880C42F8B41C18A80221F1F75FFA1A9B07
:10A2E000002B3BD0029B0595DFF87491039DA3F1F1
:10A2F0000A061D2E3AD9A5F10A031D2B5ED9D8F8FE
:10A30000F800A0F10A031D2B07D8C0B213F0A6F97C
:10A31000D8F8FC30984240F0258713F0C5FD00289E
:10A3200040F3A080484B1B68012B00F0A580032B55
:10A3300000F06081002B00F05A81444B00221A701B
:10A34000434A13680F930F9913680E930E9B5B1A81
:10A35000632BF9D91A9B002BCBD1059D069B0135A8
:10A360009D427FF47DAE3B4B0193A2E018EE900A34
:10A3700013F074F9D8F8FC309842BCD02521364847
:10A3800015F0EEFC204612F063FA049B1B68002BCC
:10A39000B1DD1BA812F032F9002320981A9311F0B6
:10A3A00023FB219811F020FB2A4B01930121197006
:10A3B0002A4B07201970EDF7E5F87AE019EE100A3C
:10A3C00013F04CF9D8F8FC30984298D02621484632
:10A3D00015F0C6FC204612F03BFA049B1B68002BCC
:10A3E0008DDA1BA812F00AF9002320981A9311F0B5
:10A3F000FBFA219811F0F8FA164B184A0193194606
:10A4000001230B7007204FF0FF311370EDF7BAF8FE
:10A410004FE000BF5C17FF1F3818FF1F48FC040007
:10A420001017FF1F5CFC0400D40FFF1F3411FF1F27
:10A430001C17FF1FDC17FF1F9C17FF1F0AD7233CA9
:10A440006407FF1FFC06FF1F6007FF1FB816FF1FF2
:10A450000C1FFF1FCC16FF1FC8FC04007C18FF1F39
:10A4600088E8040014F096FD00287FF769AF9E4B42
:10A470001B68012B7FF45BAF13F02AFDC0B29B4B2E
:10A480005328187000F0A18063287FF459AF1A9BFD
:10A4900053B118A8D6F706FD1A9B2BB1012013F073
:10A4A00047F91A9B002BF9D1914B01221A70914B5D
:10A4B0000193914C23681193119A23681093109B78
:10A4C0009B1A312BF9D98D498D4E086804908D481F
:10A4D0008D4D006805908D488D4B8E4A8E4F0168DA
:10A4E000D6F804900691D5F804A0D3F804E0D2F889
:10A4F00004C0796803918949029208680790049919
:10A500007068874A08447D49126808606868059940
:10A5100008447C490860586806997E4B01447B4892
:10A52000016059687E4B07980A441A607A687D4F2B
:10A5300083187A4AC7F800901360DFF814927A4AB9
:10A54000C9F800A0C2F800E0DFF808A2774A039B30
:10A55000774813601E21CAF800C015F001FC71682D
:10A56000744812F06DF9734812F072F91D217248A7
:10A5700015F0F6FB69686F4812F062F96D4812F049
:10A5800067F914216D4815F0EBFB5C4969480968CF
:10A5900012F056F9674812F05BF90E21684815F081
:10A5A000DFFB58496348096812F04AF9614812F024
:10A5B0004FF9DBF85430013B032B00F25786DFE8FC
:10A5C00013F075036F0369035D021A9B002B3FF4C0
:10A5D0006BAF18A8D6F766FC1A9B002B3FF464AF4C
:10A5E000012013F0A5F81A9B002BF9D15CE715F0B8
:10A5F00049FB43E714F0E2FC40E7DBF86030012B55
:10A600007FF4BDADAA457FF4BAAD30214D4815F0B9
:10A61000A7FB5146474812F013F9464812F018F9C3
:10A62000A1E6DBED127AD8F80030D8F80420D8ED96
:10A63000026A454DDBF83C6087EE887A02FB03F343
:10A64000DDED017AB8EEE78A07EE903AF8EE677A28
:10A65000DBF85C3067EEA67A022B67EE877A67EE4E
:10A66000887AFDEEE77A17EE909AC5ED007A1CD94C
:10A67000032B1DD19BED110ADBF85400D7F7A2FF85
:10A68000DBED0F7A314BD5F800900493B8EE677A82
:10A690004FEA460AC0EE077A67EE887AFDEEE77A5F
:10A6A000CDED017AC3ED007AA0E4002B40F0618487
:10A6B000264B04931B6801934FEA460A96E4DBF8A5
:10A6C0005C30DBF84060022B48D9032B49D107EE00
:10A6D000906ADBED146AF8EE677A730086EEA77A6B
:10A6E000C7EE087A40E000BF6007FF1FB816FF1FE3
:10A6F0007C18FF1FCC16FF1F0C1FFF1FFC15FF1F30
:10A700003818FF1F0416FF1FDC17FF1F0016FF1F5E
:10A710009C17FF1F1C17FF1F5C17FF1FF815FF1F5B
:10A72000F415FF1F5016FF1F5416FF1F4C16FF1F76
:10A73000F0FC04002808FF1F10FD0400E0EE0400F8
:10A7400030FD040070FC04000C17FF1FD00FFF1F2A
:10A750005816FF1F4816FF1F00000000002B40F096
:10A7600027845FED037A7300D8F8042098ED027A0D
:10A77000DDED016AAA4D9A46D8F8003002FB03F3DA
:10A7800000EE103AB8EE400AB8EEE68A20EE070A6C
:10A7900020EE270A20EE080A15F0F0FDF0EE407AD0
:10A7A000FDEEE77A9BED130ADBF85400C5ED007A65
:10A7B000D7F708FF28EE000A9A4BD5F800900493CB
:10A7C000FDEEC07ACDED017AC3ED007A0EE4012DE5
:10A7D00000F05983022D02D0EB0700F11284924B56
:10A7E0001F68DBF85830002B00F00484012B02D1E5
:10A7F0008D4B7F421F608D4B1B6801934AE4012DF6
:10A8000016D015F0010240F0E083DBF85830002B41
:10A8100000F06F84012B00F01B8485480E2115F099
:10A820009FFA0199204612F00BF8204612F010F81A
:10A830000F21804815F094FA3946204612F000F8AE
:10A84000204612F005F80C217B4815F089FA019991
:10A85000204611F0F5FF204611F0FAFF1AE405F04A
:10A8600003060521754815F07BFA3146204611F0A4
:10A87000E7FF204611F0ECFF022EDBF8583000F025
:10A88000DA82032E00F07A82012E00F04E82002B35
:10A8900000F0EB83012BCBD1644B1B680193F0E2FA
:10A8A0000B21674815F05CFA5146664811F0C8FF65
:10A8B000FFF7CABBDBF85830002B00F06982012B90
:10A8C0007FF4C2AB049B594A1B681360FFF7BCBB03
:10A8D0005D4B5E4993ED1C7A5D4B5E48D3ED006A9B
:10A8E0005D4A5E4EDFF8889107EE907AF8EEE77ADF
:10A8F00027EE087A67EEA67A03230B6067EE877A65
:10A900005749FDEEE77A0B601023036017231360AD
:10A9100017EE901A00233046736010F039FFD9F813
:10A9200000300D930D9AD9F800300C930C9B9B1AB4
:10A93000042BF8D910214B4815F012FA394620465D
:10A9400011F07EFF204611F083FF0D21464815F0DF
:10A9500007FA0199204611F073FF204611F078FFA5
:10A96000DBF85430022B00F09582042B00F04E826D
:10A97000012B7FF4B4AC329BDFF8F8E046A800EB83
:10A98000830C03F10D02002100EB82026346604656
:10A990004CF88CECDFF8E0C03291B7EE000A40F8DA
:10A9A00088CC43F8846C18A842F8B41C0321F0F753
:10A9B000F5FE94E42A4B274C03201860234B102704
:10A9C0001860254B2760114617241C60D7F78AF8BA
:10A9D000DBF81420DBF800309FED247A1F48244C6C
:10A9E00002FB03F307EE903AF8EE677A002367EE76
:10A9F000877A4360FDEEE77A17EE901A10F08CFE2E
:10AA0000DBF8281010F07CFE23680993099A23686C
:10AA10000893089B9B1A042BF9D9FFF7FABA00BFD9
:10AA20000C17FF1FD00FFF1F1017FF1FD40FFF1FA2
:10AA300028FC040008FC040018FC040000FC0400CE
:10AA4000DCF604002808FF1F3411FF1F9807FF1FC2
:10AA50008018FF1F7C07FF1F7807FF1F1C17FF1FB1
:10AA6000E00FFF1FA4FC0400B8FC04000AD7233C3D
:10AA70000C1FFF1F3818FF1FDC17FF1FC74BC84DE7
:10AA80001B685B422B60C74A3B68526FC64E5B42F5
:10AA9000012A336000F06382C44FC548132115F0CA
:10AAA0005FF93168C34811F0CBFEC24811F0D0FE07
:10AAB0001321C14815F054F92968BE4811F0C0FEB1
:10AAC000BC4811F0C5FE1321BC4815F049F939689E
:10AAD000B84811F0B5FEB74811F0BAFE019B1B78DB
:10AAE000002B00F01182B64E15AD23681393139915
:10AAF00040F2ED2223681293129B5B1A9342F9D91C
:10AB0000B049284612F0A4F82846D5F73DFD28465E
:10AB100012F0F6F83168284612F09AF82846D5F770
:10AB200033FD284612F0ECF8A749284612F090F8B9
:10AB30002846D5F729FD284612F0E2F83168284664
:10AB400012F086F82846D5F71FFD284612F0D8F8EF
:10AB5000002108460122D6F7C5FFDBF85400012288
:10AB60000021D6F7BFFFD8F8E030012B00F0A78115
:10AB70009649284612F06CF82846D5F705FD284678
:10AB800012F0BEF89249284612F062F82846D5F72E
:10AB9000FBFC284612F0B4F88E49284612F058F80B
:10ABA0002846D5F7F1FC284612F0AAF88A4928462B
:10ABB00012F04EF82846D5F7E7FC284612F0A0F828
:10ABC0008649284612F044F82846D5F7DDFC284689
:10ABD00012F096F88249284612F03AF82846D5F73E
:10ABE000D3FC284612F08CF87E49284612F030F843
:10ABF0002846D5F7C9FC284612F082F87449284641
:10AC000012F026F82846D5F7BFFC284612F078F84F
:10AC10007549284612F01CF82846D5F7B5FC284699
:10AC200012F06EF86C49284612F012F82846D5F753
:10AC3000ABFC284612F064F86849284612F008F880
:10AC40002846D5F7A1FC284612F05AF86449284650
:10AC500011F0FEFF2846D5F797FC284612F050F871
:10AC6000D8F80001A0F10A031D2B40F248812368A7
:10AC70001593159A23681493149B9B1AF92BF9D9F1
:10AC80005A4B189318A8ECF7B9FD47B0BDEC048BEC
:10AC9000BDE8F08FDAF80030414D5B422B60F2E600
:10ACA000534B3F4D1B685B422B60ECE6D9F80030FC
:10ACB0003B4D5B422B60E6E6329B4E4E03F10C02AD
:10ACC00046A800EB820200EB83000021034640F817
:10ACD0008C6CB7EE000A48483291FFF7F8BA329B05
:10ACE000444E03F10C0246A800EB820200EB830005
:10ACF0000021034640F88C6CB7EE000A3F483291C1
:10AD0000FFF7E5BA329B3B4E03F10C0246A800EB7D
:10AD1000820200EB83000021034640F88C6CB7EE02
:10AD2000000A37483291FFF7D2BA002B00F0898031
:10AD3000012B7FF47DAD042D324B40F3EE81DBED32
:10AD40001B7AF5EE407AF1EE10FA00F0E681D3EDD1
:10AD5000007A17EE902A002AF8EEE77A40F379821B
:10AD6000294A92ED007A77EE877AFDEEE77A17EEC0
:10AD7000907AC3ED007A0023019359E5002B00F08F
:10AD80006D81012B7FF454AD1E4B1F687F42F2E7AB
:10AD90001C4A2B681360FFF757B900BF4C16FF1F02
:10ADA0002018FF1F3411FF1F1C18FF1F2418FF1F3E
:10ADB00020F904002808FF1F40FD040034F90400B6
:10ADC0004807FF1F54FD040068FD040064FB0400F5
:10ADD000DCAD040078FB040080B4040018E6040035
:10ADE00024E604008CFB0400A0FB04000C0F05000B
:10ADF0005416FF1F3818FF1F1C17FF1F9C17FF1F3B
:10AE0000DC17FF1F1017FF1FF816FF1F329BDFF81C
:10AE100044E346A800EB830C03F10D02002100EB94
:10AE20008202634660464CF88CECB7EE000ADFF80D
:10AE300028C33291B3E5002B3FF47DAF012B7FF4A3
:10AE4000F7AC042DB64B7FF728ADDBED1A7AF5EEA3
:10AE5000407AF1EE10FA3FF420ADD3ED007A17EE10
:10AE6000902A002AF8EEE77A40F3E681AD4A92EDA7
:10AE7000007A77EE877AFDEEE77ACDED017AC3EDC1
:10AE8000007A0027D4E4A84B1F68A54B1B680193E8
:10AE9000FFF700B9329BDFF8BCE246A800EB830C59
:10AEA00003F10D02002100EB8202634660464CF87C
:10AEB0008CECB7EE000ADFF8A4C232916FE59B4933
:10AEC000284611F0C5FE2846D5F75EFB284611F04E
:10AED00017FF9749284611F0BBFE2846D5F754FBCB
:10AEE000284611F00DFF9349284611F0B1FE28467F
:10AEF000D5F74AFB284611F003FF8D49A7E601214B
:10AF0000C0B212F075FBB2E615AD8B498B4E2846E8
:10AF100011F09EFE2846D5F737FB284611F0F0FECB
:10AF20003168284611F094FE2846D5F72DFB2846B7
:10AF300011F0E6FE8249284611F08AFE2846D5F730
:10AF400023FB284611F0DCFE3168284611F080FE14
:10AF50002846D5F719FB284611F0D2FEC5E5002199
:10AF60000320D6F7BFFD029B764F5B685B423B60D8
:10AF700093E59BED110ADBF85400D7F723FBDBF8D0
:10AF80003C30D5F800905B0007EE903AF8EE677A17
:10AF90006D4B049380EE277A4FEA460A27EE087A33
:10AFA000FDEEC77ACDED017AC3ED007AFFF71EB84A
:10AFB000730007EE903ADBED146AF8EE677A86EEDE
:10AFC000A77AC7EE087AFFF7CFBBDBED1A7AF5EE6A
:10AFD000407AF1EE10FA26D1514B1B680193DBED5C
:10AFE0001B7AF5EE407AF1EE10FA6DD14E4B1F68E8
:10AFF000564813E44A4A13685B4201931360FFF713
:10B0000049B8DBED1A7AF5EE407AF1EE10FA47D145
:10B01000DBED1B7A444BF5EE407AF1EE10FA29D1C4
:10B020001F68FFF7DEBB3E4A136807EE903A002B1D
:10B030003C4BF8EEE77A93ED007A40F3D08077EE60
:10B04000877AFDEEE77ACDED017AC2ED007AC6E7A8
:10B05000354B01921F687F42FFF7DFBB1F46304B25
:10B060001B685B420193FFF7E3BB01932E4B1F6804
:10B07000FFF7DEBBD3ED007A17EE902A002AF8EE38
:10B08000E77A40F3CB80324A92ED007A77EE877A06
:10B09000FDEEE77A17EE907AC3ED007AFFF7A1BBD9
:10B0A0001F4BD3ED007A17EE902A002AF8EEE77ACC
:10B0B00040F3A9801B4A92ED007A77EE877AFDEE85
:10B0C000E77AC3ED007AA3E7174A136807EE903AD0
:10B0D000002B1F4BF8EEE77A93ED007A40F389805E
:10B0E00077EE877AFDEEE77A17EE907AC2ED007A76
:10B0F0007EE70B4BDFF868901B685B420193D9F841
:10B1000000300B930B9AD9F800300A930A9B9B1AD4
:10B11000042BF8D90027FFF780BB1F682BE600BF80
:10B12000D40FFF1FF416FF1F1017FF1F7CFD040034
:10B13000DCAD040090FD0400B0F104004807FF1FDF
:10B14000C4F104002418FF1FD00FFF1F38FC0400B7
:10B15000F816FF1F3818FF1F5C17FF1F9C17FF1FF3
:10B160000C1FFF1F2021444814F0FAFD434811F042
:10B170006FFB1BA8002411F041FA20981A9410F0DC
:10B1800033FC219810F030FC3D4B0125224621462E
:10B1900020461D70D6F7A6FC224621462846D6F743
:10B1A000A1FC224621460220D6F79CFC22462146DD
:10B1B0000320D6F797FC224621460420D6F792FCBE
:10B1C0000720EBF7A9FCD8F80001A0F10A031D2B1A
:10B1D0003FF656AD2946C0B212F00AFA50E577EEB6
:10B1E000C77A284BFDEEE77ACDED017AC3ED007A00
:10B1F000F5E677EEC77A244BFDEEE77A17EE907A04
:10B20000C3ED007AF4E6214B93ED007A1D4B77EE07
:10B21000C77AFDEEE77AC3ED007AF9E61C4B93EDB1
:10B22000007A194B77EEC77AFDEEE77A17EE907A3F
:10B23000C3ED007AFFF7D5BA144B93ED007A114BAA
:10B2400077EEC77AFDEEE77ACDED017AC3ED007AAD
:10B2500017E60F4B93ED007A0B4B77EEC77AFDEEB6
:10B26000E77A17EE907AC3ED007A84E5094D0AE497
:10B27000094D0A4CFEF71DBECCE504002808FF1F4F
:10B280007C18FF1FD40FFF1F1017FF1FF416FF1F9E
:10B29000F816FF1F2018FF1F6407FF1FFC06FF1F83
:10B2A0002DE9F04F2DED0E8BDFF830B3B44ADBF80B
:10B2B000003095B00EEE900A0A9300231370B14A45
:10B2C00013700A9ADBF800300993099B9B1A092B2B
:10B2D000F8D9AD49DFF80893DFF808A3AB4FAC4EBF
:10B2E000AC4DAD4CDFF8008311A811F0B1FC11A8F2
:10B2F000D5F74AF911A811F003FDA84B11A8196858
:10B3000011F0A6FC11A8D5F73FF911A811F0F8FC2F
:10B310001521A34814F024FDA24811F099FAA24A7D
:10B32000DFF8C8E2A148A24900231360A14ACAF885
:10B3300000301360A04ACEF8003013609F4A3B6093
:10B340001370D9F824203360022A2B6003600B604D
:10B35000237088F80030059340F0708708EE103AAB
:10B36000974D049340F2F5161F463846D9F7E8FE8C
:10B3700051EC100B16F014FB237807EE900A002B0B
:10B3800041F03D8598F80030002B41F081852B6815
:10B39000042B0ADC002B0CDD023B022B02F297850A
:10B3A000DFE813F0D500CB00DD0023F02003452BB0
:10B3B00002D00137B742D8D10397824FD9ED087A2E
:10B3C0003B687A6897ED027A039CB8EEC88A02FB64
:10B3D00003F328EE278A07EE903AF8EE677A67EED5
:10B3E000877AFDEEE77AF8EEE77AC7EE88AAFDEEF7
:10B3F000EAAAD9ED0B6A97ED057AFA683B697248BB
:10B40000C6EE877A02FB03F3222109EE103AB8EE6A
:10B41000499A29EE279A14F0A3FCD9F82C0015F0CC
:10B420006FFF41EC100B02215E4811F035FA5D48C8
:10B4300011F00EFA2121654814F092FC786915F09C
:10B440005FFF41EC100B0221564811F025FA5548D8
:10B4500011F0FEF91C215E4814F082FC00230A2240
:10B460003969504811F00CFA4E4811F0F1F91E21DB
:10B47000584814F075FC00230A22F968494811F075
:10B48000FFF9484811F0E4F91E21524814F068FC15
:10B4900000230A22F968434811F0F2F9BDEEC99A77
:10B4A000404811F0D5F917214B4814F059FC19EE1A
:10B4B000101A3C4811F0C4F93A4811F0C9F9D7F80C
:10B4C000CC30D9ED0B6A002B53D097ED367AD7F8F4
:10B4D000D430D7F8D020C6EE877A02FB03F309EE0A
:10B4E000903AF8EE699A7B6B69EEA79AFDEEE99ABD
:10B4F000002B00F02987012B40F0AD8699ED0B0A57
:10B50000D6F7D8FFBDEEC0BA7B6D002B00F0A98640
:10B51000012B40F09C8699ED0B0AD7F70FF8FDEE52
:10B52000C0BAD9F80030013B032B02F2D784DFE820
:10B5300013F06700B808B408B008D9F82830002B19
:10B540007FF437AFFDEEE77ACDED047A31E7D9F835
:10B550002830012B7FF42DAFBDEEE78A29E7D9F81B
:10B560002830002B7FF425AFFDEEE77ACDED057A8C
:10B570001FE797ED0A7A7B6A3A6AC6EE877AACE7EC
:10B58000CC16FF1F3016FF1FACB10400FC15FF1FC7
:10B59000F015FF1FF415FF1FDD0FFF1F4807FF1FEA
:10B5A000A4FD04002808FF1F4C16FF1F3018FF1FC2
:10B5B0003418FF1F5016FF1F4416FF1F7C18FF1F73
:10B5C000E016FF1F7013FF1F44FE040068FE040016
:10B5D0008CFE0400ACFE0400CCFE04000C1FFF1F18
:10B5E0004410FF1F1817FF1FDC0FFF1F4816FF1F17
:10B5F0000000000000007A440000B443000026442C
:10B600008DED069AD9F81C30002B00F04281631CA6
:10B610001FED09EA01931FED09DA5FED09DA5FED2D
:10B6200009CA744D744EDFED758A01230293B0EEA2
:10B630004EAABA46724911A811F00AFB11A8D4F714
:10B64000A3FF11A811F05CFB2B68012B00F06D86A5
:10B65000032B00F07486002B00F06C86DDED027A7F
:10B660009FED68CAB8EE670AD4F746FF316811A8A3
:10B6700011F0EEFA11A8D4F787FF11A811F040FBE2
:10B680000299D9F81C00D6F765F95F4B1B780024A6
:10B69000002B40F0FD805D4B5D4FC3ED008A2046DE
:10B6A000C7ED008AD9F74CFD51EC100B16F078F974
:10B6B000182108EE100A574814F052FB98F80010B1
:10B6C000554811F0BDF8544811F0C2F898F8003010
:10B6D000002B40F0D986514911A811F0B9FA11A8F0
:10B6E000D4F752FF11A811F00BFB2B68012B00F0CF
:10B6F000C784032B00F0BF84002B00F0CB8407EE3F
:10B70000904AB8EEE70AD4F7F7FE316811A811F0B5
:10B710009FFA11A8D4F738FF11A811F0F1FA4049A7
:10B7200011A811F095FA11A8D4F72EFF11A811F065
:10B73000E7FA2B68012B00F0A884032B00F0968415
:10B74000002B00F08E84374911A811F09FFA11A840
:10B75000D4F71AFF11A811F0D3FA316811A811F02B
:10B7600077FA11A8D4F710FF11A811F0C9FA2E49E1
:10B7700011A811F06DFA11A8D4F706FF11A811F065
:10B78000BFFA2B68012B00F06784032B00F05F8465
:10B79000002B00F05784B0EE480AD4F7ADFE3168B4
:10B7A00011A811F055FA11A8D4F7EEFE11A811F066
:10B7B000A7FA1E4B1B68413B192B5CD8DFE813F03E
:10B7C000AE03E502D5001E038D030103520383017E
:10B7D000730229021002C6015B00C8028502B6028C
:10B7E0005B003800D50053005B00EE005B005201A7
:10B7F0005B0024016007FF1F4C07FF1F00000000D3
:10B8000074EF040000002C447C18FF1FB016FF1FCB
:10B81000B416FF1FE4FE04002808FF1F14FE0400F6
:10B820002CFE04000816FF1F00FF0400E016FF1F97
:10B83000B24911A811F00CFA11A8D4F7A5FE11A86D
:10B8400011F05EFAAE49AF4811F04CFB002801F050
:10B85000EB80B5EEC08AF1EE10FA4CBF4FF0FF302E
:10B860000120EDF721F81EEE900AF1F7D1FE78B92C
:10B87000D7F730FB60B9D7F72DFB48B9019B0134EE
:10B880009C4200F03683A04B1B78002B3FF403AFA3
:10B8900057469E4B9E481B78102123B99D4B1B7821
:10B8A000002B00F06F8614F05BFA984B9A481978D9
:10B8B00010F0C6FF0221994814F052FA954B9648B1
:10B8C000197810F0BDFF944810F0C2FF9449954CD0
:10B8D00011A811F0BDF911A8D4F756FE11A811F066
:10B8E0000FFA216811A811F0B3F911A8D4F74CFE92
:10B8F00011A811F005FA8C4911A811F0A9F911A8A5
:10B90000D4F742FE11A811F0FBF9216811A811F03B
:10B910009FF911A8D4F738FE11A811F0F1F9834B63
:10B920003968D3ED006A7B6897ED027A9FED806AF3
:10B93000D9F8002001FB03F307EE903AF8EE677A9E
:10B94000F8EEE66A67EE877A7A4B86EEA77A013AD6
:10B9500067EE067AC3ED007A032A00F2D483DFE8AB
:10B9600012F0810668065906B703D9F82810002995
:10B9700001F0078001297FF47EAFD9F82430022B33
:10B9800001F07583D9F80030013B032B01F2B2803E
:10B99000DFE813F0C60B9C08970B860B574911A8DC
:10B9A00011F056F911A8D4F7EFFD11A811F0A8F97C
:10B9B0006149624811F096FA002800F04B85604B0F
:10B9C0009FED60AAB0EE480ABCEEC88A83ED168AE5
:10B9D000D4F792FD5C4911A811F03AF911A8D4F7F7
:10B9E000D3FD11A811F08CF9B8EECA0AD4F784FD82
:10B9F0004C4B11A8196811F02BF911A8D4F7C4FD0C
:10BA000011A811F07DF936E7D9F82420D9F80030D3
:10BA100007930127022AC9F8007000F04D87DAED7C
:10BA2000057ADAF80C10DAF8102088EE270A01FB04
:10BA300002F207EE902AF8EE677A27EE800A14F0F9
:10BA40009DFCBDEEC0EAF7EE000AB8EECE0A39461C
:10BA50003846F0F70DF8079BC9F8003000283FF48E
:10BA60000AAF15E7D9F82430D9F8007002229342C2
:10BA7000C9F8002001F03281DAF8CC30002B40F018
:10BA8000BF85DAED0A7ADAF82430DAF8202088EE79
:10BA9000270A02FB03F307EE903AF8EE677A27EEE7
:10BAA000800A14F06BFCBDEEC0EA0121B8EECE0AAC
:10BAB000F7EE000A0846EFF7DBFFC9F80070002830
:10BAC0003FF4D9AEE4E6D9F82830002B00F08187A6
:10BAD000012B7FF4CDAED9F82430022BD9F80030F9
:10BAE00003F1FF3300F0B086032B01F29980DFE809
:10BAF00013F0950B7C08620B530B00BF80D704003A
:10BB000038FF04002010FF1F7C18FF1FCC16FF1FFA
:10BB100080B204003016FF1F2808FF1F9CB00400ED
:10BB200080FF04004807FF1F98FF04005016FF1F06
:10BB30000000B4432016FF1FD41105001410FF1F8E
:10BB4000A012FF1F3002000088D70400B7498AED19
:10BB50001A8A11A811F07CF811A8D4F715FD11A8C4
:10BB600011F0CEF82B68012B01F00580032B00F0BB
:10BB7000F287002B01F00E80B0EE480AD4F7BCFC2F
:10BB80002B68012B00F0F287032B00F0FE87002BBF
:10BB900000F0F687A64911A811F05AF811A8D4F7B9
:10BBA000F3FC11A811F0ACF8B0EE6C0AD4F7A4FCC9
:10BBB000A04B11A8196811F04BF811A8D4F7E4FCB8
:10BBC00011A811F09DF8D9F80030042B01F0BF80C6
:10BBD000D7F780F900287FF45BAE9FED97AA4DE67A
:10BBE0009649974811F07EF9002800F03887B5EEA5
:10BBF000408AF1EE10FA4FF0000240F056851146EF
:10BC00001046D5F76FFFD7F765F900283FF436AE39
:10BC10003EE686498AED128A11A811F019F811A89A
:10BC2000D4F7B2FC11A811F06BF82B68012B00F0CF
:10BC3000CF87032B00F0C787002B00F0BF87B0EE43
:10BC4000480AD4F759FC2B68012B00F0B287032B6C
:10BC500000F0AA87002B00F0A287754911A810F008
:10BC6000F7FF11A8D4F790FC11A811F049F8B0EE35
:10BC70004C0AD4F741FC6F4B11A8196810F0E8FF8B
:10BC800011A8D4F781FC11A811F03AF8D9F80030C6
:10BC9000032B01F02D80D7F71DF900287FF4F8ADB4
:10BCA0009FED68AAEAE5D9F82430022BD9F80030D4
:10BCB00003F1FF3300F00B86032B00F20783DFE86C
:10BCC00013F09D05F1028E057F05D9F82430022B73
:10BCD000D9F8003000F02E86022B00F0CE8740F21B
:10BCE0004981033B012B18D8DAF8CC30002B41F006
:10BCF000A081DAED0A7ADAF82430DAF8202088EE2A
:10BD0000270A02FB03F307EE903AF8EE677A27EE74
:10BD1000800A14F033FBBDEEC0EAB8EECE0AF7EEAF
:10BD2000000A00210120EFF7A3FEA0E528EE0D8A0E
:10BD3000DBF800300E93FCEEC87A0E9917EE902ACD
:10BD4000DBF800300D930D9B5B1A9A42F8D892E510
:10BD5000364911A810F07CFF11A8D4F715FC11A8E2
:10BD600010F0CEFF3849394811F0BCF8002800F037
:10BD70003183374B9FED37AAB0EE480ABCEEC88A34
:10BD800083ED018AD4F7B8FB24E6D9F82430D9F83A
:10BD900000700322022BC9F8002000F0B585DAF804
:10BDA0003430002B00F01987012B00F08984B8EEA5
:10BDB000CE0A1EEE900AF7EE000A0121EFF758FEB8
:10BDC0007BE62549254811F08DF8002800F0138600
:10BDD000234A1368013B0D2B00F2D480DFE813F0F7
:10BDE000C409CA09B209CE00D200D200D200D200E2
:10BDF000D200D200B809BE09D009D609D9F824303A
:10BE0000D9F800700422022BC9F8002000F03E850A
:10BE1000DAF85430002B00F03A87012BC7D1B0EE8E
:10BE2000480AD6F78BFBBDEEC0EAC0E780D7040016
:10BE300088D704004807FF1F98020000BCB7040021
:10BE40003816FF1FB002000054FF0400E40FFF1F6C
:10BE50000011FF1F70010000DC0B05000810FF1F20
:10BE6000C011FF1F8E4911A810F0F2FE11A8D4F7DF
:10BE70008BFB11A810F044FF8A498B4811F032F86F
:10BE8000002800F08282894B9FED89AAB0EE480A13
:10BE9000BCEEC88A83ED108AD4F72EFB854911A821
:10BEA00010F0D6FE11A8D4F76FFB11A810F028FFF0
:10BEB000B8EECA0AD4F720FB7F4B196811A810F01E
:10BEC000C7FE11A8D4F760FB11A810F019FFD7F72F
:10BED00001F800283FF4D2ACDAE4D6F7FBFF0028E3
:10BEE0007FF4D6AC7548182113F03AFF744810F06F
:10BEF000AFFCDBF800301093109ADBF800300F93A2
:10BF00000F9B9B1A632BF8D9029B01331A460293AD
:10BF1000D9F81C309342BFF48DABB9E4D9F828307E
:10BF2000002B00F01D85012B7FF4A2ACD9F8243042
:10BF3000022B00F0928488EE2D0ADAF80420DAF859
:10BF4000003002FB03F307EE903A9AED027AF8EE26
:10BF5000677A67EE877A27EE800A14F00FFABDEE53
:10BF6000C00A1EEE900AB8EEC00AF7EE000AF2F719
:10BF700067F97CE4012B3FF4B7AECEE69FED51AA02
:10BF800082ED108A464911A810F062FE11A8D4F77C
:10BF9000FBFA11A810F0B4FE2B68012B00F02687E5
:10BFA000032B00F01E87002B00F01687B0EE480A26
:10BFB000D4F7A2FA2B68012B00F00987032B00F0BD
:10BFC0000187002B00F0F9863A4911A810F040FED5
:10BFD00011A8D4F7D9FA11A810F092FEB8EECA0A47
:10BFE000D4F78AFA344B11A8196810F031FE11A861
:10BFF000D4F7CAFA11A810F083FEDBF800300C93D6
:10C000000C9ADBF800300B930B9B9B1A132BF8D97F
:10C010002D4911A810F01CFE11A8D4F7B5FA11A8EB
:10C0200010F06EFE294911A810F012FE11A8D4F7E5
:10C03000ABFA11A810F064FEB0EE480AD4F75CFA2F
:10C0400031683BE7222013F00FFFFFF7A4BB22204B
:10C0500012F05EFFFFF79FBB222011F06FFEFFF78B
:10C060009ABB222013F000FFFFF76DBB222012F0D5
:10C070004FFFFFF768BB222012F04AFFFFF73FBBDC
:10C08000222011F05BFEFFF73ABB222011F056FE92
:10C09000FFF759BB222013F0E7FEFFF730BB00BFCC
:10C0A00080D7040030FF04002C10FF1F7814FF1FFE
:10C0B000A401000088D704004807FF1F64FF0400A4
:10C0C0002808FF1F0C00000018FF040080B40400C3
:10C0D0007A6DCA4B012A1B6800F2D58307EE903AAD
:10C0E000FA6DB96D97ED197AF8EEE77A01FB02F275
:10C0F00067EE877A07EE102AB8EE477AC7EE876AAE
:10C10000BF4BC3ED006A002108460122D5F7EAFCC7
:10C11000012210460021D5F7E5FC01220021022072
:10C12000D5F7E0FC012200210320D5F7DBFC01223A
:10C1300000210420D5F7D6FCD7F8E030012B00F021
:10C14000D480B04911A810F083FD11A8D4F71CFACF
:10C1500011A810F0D5FDAC4911A810F079FD11A877
:10C16000D4F712FA11A810F0CBFDA84911A810F0CD
:10C170006FFD11A8D4F708FA11A810F0C1FDA44969
:10C1800011A810F065FD11A8D4F7FEF911A810F060
:10C19000B7FDA04911A810F05BFD11A8D4F7F4F980
:10C1A00011A810F0ADFD9C4911A810F051FD11A887
:10C1B000D4F7EAF911A810F0A3FD984911A810F0DE
:10C1C00047FD11A8D4F7E0F911A810F099FD8E49A8
:10C1D00011A810F03DFD11A8D4F7D6F911A810F060
:10C1E0008FFD8F4911A810F033FD11A8D4F7CCF9B9
:10C1F00011A810F085FD864911A810F029FD11A89D
:10C20000D4F7C2F911A810F07BFD824911A810F0F3
:10C210001FFD11A8D4F7B8F911A810F071FD7E49DF
:10C2200011A810F015FD11A8D4F7AEF911A810F05F
:10C2300067FD15B0BDEC0E8BBDE8F08F0AEE903AAD
:10C24000784F04934FF4FA740393FFF7D2B8DFEDFD
:10C2500076BAFFF766B97B6D9FED73BA002B7FF45A
:10C2600057A9059B002B00F060829DED057AFB6DC0
:10C27000BA6DD9ED087AD7ED186AB8EEC77A02FB25
:10C2800003F327EE277A07EE903AF8EE677A674BCA
:10C2900067EEA67AC7EE87BAFDEEEBBAC3ED00BA39
:10C2A000FFF73FB9DAED057ADAF81030DAF80C204A
:10C2B00088EE270A02FB03F307EE903AF8EE677A5E
:10C2C00027EE800A14F05AF8BDEEC0EAB8EECE0AA6
:10C2D000F7EE000A00214FF0FF30EFF7C9FB0746E9
:10C2E000002F3FF4C5AAFFF7D3BA514911A810F0A7
:10C2F000AFFC11A8D4F748F911A810F001FD42498C
:10C3000011A810F0A5FC11A8D4F73EF911A810F05F
:10C31000F7FC484911A810F09BFC11A8D4F734F998
:10C3200011A810F0EDFC38497AE7222011F006FD43
:10C33000FFF794B9222013F097FDFFF78FB9222061
:10C3400012F0E6FDFFF78AB9049B002B00F0E581AF
:10C350009DED047AFB6BBA6BD9ED087AD7ED106AC4
:10C36000B8EEC77A02FB03F327EE277A07EE903A7E
:10C37000F8EE677A304B67EEA67A87EE87BABDEEA5
:10C38000CBBA83ED00BAFFF7BFB82C492C4810F0A8
:10C39000A9FD002800F09C812A4B83ED128A2B68AE
:10C3A000012B01F04181032B01F04881002B01F0AA
:10C3B0004081B0EE480AD4F79FF82B68012B01F0BA
:10C3C0004981032B01F03F81002B01F04A819FED51
:10C3D0001EAA63E51D491E4810F084FD002800F0E8
:10C3E000DB81B5EEC08AF1EE10FA4CBF4FF0FF30A2
:10C3F0000120F6F7F9FDFFF7EDBA00BF4416FF1F65
:10C400002C16FF1F6CED0400DCAD040084ED04006D
:10C4100080B4040018E6040024E604009CED040047
:10C42000B4ED04007013FF1F00000000D816FF1FBA
:10C43000B0FF0400C8FF0400D016FF1FDC0B05008E
:10C440002C10FF1F7814FF1F7402000058FF040017
:10C45000E40FFF1FB949BA4810F044FD002840F02E
:10C460004F81B849B64810F03DFD002801F06A80C0
:10C47000B5EEC08AF1EE10FA4CBF4FF0FF3001204C
:10C48000FDF7A6FCFFF7A6BA1B21AF4813F068FC26
:10C49000AE4810F0DDF9AE4911A810F0D9FB11A893
:10C4A000D4F772F811A810F02BFC2B68012B57461B
:10C4B00000F0E181032B00F0AF81002B00F0B88188
:10C4C000A44911A810F0C4FB11A8D4F75DF811A875
:10C4D00010F016FC316811A810F0BAFB11A8D4F7BF
:10C4E00053F811A810F00CFC9B4911A810F0B0FBF8
:10C4F00011A8D4F749F811A810F002FC2B68012B01
:10C5000000F0BD81032B00F08F81002B00F08881AB
:10C51000DDED037AB8EEE70AD3F7EEFF316811A834
:10C5200010F096FB11A8D4F72FF811A810F0E8FB33
:10C530008A4911A810F08CFB11A8D4F725F811A88E
:10C5400010F0DEFB2B68012B00F09181032B00F033
:10C550007781002B00F07081814911A810F096FBC3
:10C5600011A8D4F711F811A810F0CAFB316811A86E
:10C5700010F06EFB11A8D4F707F811A810F0C0FB5B
:10C58000FFF787B913F0ECFB764B70481978764CBF
:10C5900010F056F90221754813F0E2FB744B6B481A
:10C5A000197810F04DF9694810F052F9714911A845
:10C5B00010F04EFB11A8D3F7E7FF11A810F0A0FB75
:10C5C000216811A810F044FB11A8D3F7DDFF11A8D2
:10C5D00010F096FB684911A810F03AFB11A8D3F7A8
:10C5E000D3FF11A810F08CFB216811A810F030FBCC
:10C5F00011A8D3F7C9FF11A810F082FBFFF766B9A5
:10C60000DAED367ADAF8D430DAF8D02088EE270A74
:10C61000FFF73FBA7A6B594B012A1B6800F233814E
:10C6200007EE903AFA6BB96B97ED117AF8EEE77A6C
:10C630005CE5524BD7F8CC20D3ED007AF8EEE77AE0
:10C64000002A40F0B3837B6A3A6A97ED0A7A02FBCC
:10C6500003F367EE877A07EE103AB8EE477AC7EE33
:10C66000876A4DE5454BFA6893ED007A3B69D7ED53
:10C67000057AB8EEC77A02FB03F327EE277A07EEB6
:10C68000903AF8EE677A3E4BC7EE276AC3ED006A30
:10C6900039E5CDED06BAFEF7B5BF8DED06BAFEF76A
:10C6A000B1BFCDED069AFEF7ADBF01211046D5F71B
:10C6B00019FAD6F70FFC00283FF4E0A8FFF7E8B816
:10C6C000B0EE480AD5F7F6FEBDEEC0EAFFF76FBB45
:10C6D0002C492D4810F006FC002800F00D87B5EE1F
:10C6E000C08AF1EE10FA294B00F11986196C012964
:10C6F00000F01B8601210846FAF742F8FFF7CEBB8F
:10C70000234B9FED24AAB0EE480ABCEEC88A83ED05
:10C71000178AD3F7F1FEFFF75DB999ED0B0AD5F74C
:10C7200095FDBDEEC0BAFEF7EFBE99ED0B0AD5F749
:10C7300027FEFDEEC0BAFEF7F4BE00BF5CFF0400AA
:10C740001410FF1FC8B60400F8FD04002808FF1FDE
:10C75000DCFD040008FE040014FE04002CFE0400AE
:10C760000816FF1FCC16FF1F4807FF1F9CB00400D0
:10C770003016FF1F3CED040024ED04004416FF1F9B
:10C780002C16FF1F34FF04002C10FF1F7814FF1F0E
:10C79000A012FF1F34020000BE49BF4810F0A2FBE8
:10C7A000002800F06587BD4B5B68013B042B3FF61A
:10C7B00011A9DFE813F087067A066D066006940675
:10C7C000DAF85430002B00F06885012B7FF47EAD41
:10C7D000B0EE480AD5F7B2FEBDEEC0EA76E5DAF86B
:10C7E0003430002B00F05185012B7FF46FADB0EE9B
:10C7F000480AD5F75FFEBDEEC0EA67E5DAF8CC304F
:10C80000002B40F04384DAED0A7ADAF82430DAF8C3
:10C81000202088EE270A4DE5222012F079FB4FE612
:10C82000222013F021FB73E6222012F071FB6FE649
:10C83000222013F019FB43E6222013F015FB8BE6B0
:10C84000222012F065FB87E6032B3FF611A8DFE8F4
:10C8500013F0FF05EE05DD05CC05B8EEEA0A1EEE85
:10C86000900AF0EE480AF1F7EBFCFFF700B822203F
:10C8700011F064FA70E6222011F060FA20E622201E
:10C8800011F05CFA44E6DFED866A39E4059B002B83
:10C8900000F09483DAF85410002900F06B86012927
:10C8A00040F0A982B8EEEB0A1EEE900AF0EE480ABC
:10C8B000EFF7DEF8FFF701B9B8EEC90AF0EE480A63
:10C8C00039463846EFF7D4F8079BFFF7C5B8032B76
:10C8D0003EF6CEAFDFE813F00400B7030400040017
:10C8E0000021B8EEE90AF0EE480A4FF0FF30EFF70A
:10C8F000BFF80122074600210220D5F7F3F8002FE8
:10C900003EF4B6AFFEF7C4BF049B002B00F061837A
:10C91000DAF83410002900F03B86012940F06B82E0
:10C92000B8EECB0A1EEE900AF0EE480AEFF7A0F838
:10C93000FFF7C3B8022B00F021830CD8012B7EF443
:10C9400097AFB8EEE90AF0EE480A00210120EFF7B0
:10C950008FF8FEF78CBF033B012B3EF689AFF0E763
:10C96000D9F82430022B00F05286D9F80030013B70
:10C97000032B00F2E580DFE813F0DC03CA00C403F8
:10C98000B503D9F82430022B00F00B8388EE2D0A72
:10C99000DAF80420DAF8003002FB03F307EE903AED
:10C9A0009AED027AF8EE677A67EE877A27EE800AC8
:10C9B00013F0E4FCBDEEC00A1EEE900AB8EEC00A09
:10C9C000F7EE000AF1F73CFC00283EF454AFFEF706
:10C9D0005FBFD9F82430022BD9F8003003F1FF33C0
:10C9E00000F0D682032B00F27681DFE813F02204F8
:10C9F00058013E042E042B492B4810F073FA0028EE
:10CA00003EF439AF294BB5EEC08AF1EE10FA186842
:10CA100000F1F2850121F4F78BFDD6F75BFA0028CF
:10CA20003EF42CAFFEF734BF2149224810F05AFAE9
:10CA300000287EF418AF20491E4810F053FA002851
:10CA40007EF411AF1D491B4810F04CFA00287EF40B
:10CA50000AAF1B49174810F045FAFEF704BF194901
:10CA6000194810F03FFA002800F0C982B5EE408A5C
:10CA7000F1EE10FA4FF0000240F0B68211460220AB
:10CA8000D5F730F8D6F726FA00283EF4F7AEFEF7D1
:10CA9000FFBE00BFD4110500E40FFF1F0011FF1FF0
:10CAA000000000002CFF04000810FF1FC011FF1F32
:10CAB00058FF04002010FF1FDC0B0500BCB704006A
:10CAC00044B80400A0DF04003816FF1FDAED0A7A2C
:10CAD000DAF82430DAF8202088EE270A02FB03F384
:10CAE00007EE903AF8EE677A27EE800A13F046FCDC
:10CAF000BDEEC0EA0121B8EECE0AF7EE000A084604
:10CB0000EEF7B6FF00283EF4B6AEFEF7C1BEDAF887
:10CB1000CC30002B40F0F386DAED0A7ADAF82430D4
:10CB2000DAF8202088EE270A02FB03F307EE903A9A
:10CB3000F8EE677A27EE800A13F020FCBDEEC0EA1B
:10CB4000B8EECE0A1EEE900AF7EE000A0121EEF7CB
:10CB50008FFFFEF78CBE222012F0DAF9B0EE480A01
:10CB6000D3F7CAFC2B68012B7FF40EA8222011F00A
:10CB7000E5F8FFF70FB8222011F0E0F8FEF7FCBF50
:10CB8000222013F071F9FFF705B8222012F0C0F946
:10CB9000FFF700B8222013F067F9FEF7EDBF22205F
:10CBA00013F062F9FFF759B8222012F0B1F9FFF73C
:10CBB00054B8222011F0C2F8FFF74FB8222013F02A
:10CBC00053F9FFF73CB8222012F0A2F9FFF737B86B
:10CBD000222011F0B3F8FFF732B8B0EE480AD5F7CB
:10CBE00035FBBDEEC0EAFFF7E2B8DAF8CC3097EDDE
:10CBF000007A002B40F0BF86DAED0A7ADAF82430AA
:10CC0000DAF8202087EE270A02FB03F307EE903ABA
:10CC1000F8EE677A27EE800A13F0B0FBBDEEC0EAAB
:10CC2000914BD3ED007A9AED027A87EEAD0A1EEEB3
:10CC3000902A1EEE103A02FB03F30EEE103ADAF8D9
:10CC40000420DAF8003002FB03F307EE903AF8EE26
:10CC5000677A67EE877A27EE800A13F08FFBBDEEC6
:10CC6000C00AF7EE001AB8EEC01AF0EE610AB8EE8C
:10CC7000CE0AF0F7FDF8FEF7FABDDAED057ADAF83C
:10CC80001030DAF80C2088EE270AFFF73AB8B0EE39
:10CC9000480AD5F775FBBDEEC0EAFFF788B8DAF8A9
:10CCA000CC30002B40F071866F4BDAED0A7A93EDB1
:10CCB000007ADAF82020DAF8243087EE270A02FB1F
:10CCC00003F307EE903AF8EE677A27EE800A13F046
:10CCD00055FBBDEEC0EAD7ED007AA4E70121B8EE1E
:10CCE000E90AF0EE480A0846EEF7C2FEFEF7E5BE96
:10CCF0005E4911A80FF0ACFF11A8D3F745FC11A8AD
:10CD00000FF0FEFF2B68012B00F0BA85032B00F01B
:10CD1000B285002B00F0AA85B0EE480AD3F7ECFBF1
:10CD20002B68012B00F09D85032B00F0D185002B93
:10CD300000F0C9854E4B11A819680FF089FF11A8A2
:10CD4000D3F722FC11A80FF0DBFFFEF7A4BF474981
:10CD500011A80FF07DFF11A8D3F716FC11A80FF052
:10CD6000CFFF2B68012B00F0A985032B00F0A185D4
:10CD7000002B00F09985B0EE480AD3F7BDFB2B6875
:10CD8000012B00F08C85032B00F08485002B00F034
:10CD90007C85374B11A819680FF05AFF11A8D3F7FB
:10CDA000F3FB11A80FF0ACFFFEF712BFD7F8D43099
:10CDB000D7F8D02097ED367A49E4222013F054F8C2
:10CDC000FFF702B9222012F0A3F8FFF7FDB82220E6
:10CDD00010F0B4FFFFF7F8B8222013F045F8FFF782
:10CDE000E5B8222012F094F8FFF7E0B8222010F006
:10CDF000A5FFFFF7DBB8C9F80070FEF73CBD1E21A8
:10CE00001C4812F0ADFF1C480FF022FD1B4911A871
:10CE10000FF01EFF11A8D3F7B7FB11A80FF070FF9A
:10CE2000174B1B68012B00F08482032B00F041821A
:10CE3000002B00F03A82134911A80FF009FF11A846
:10CE4000D3F7A2FB11A80FF05BFF0F4B19680F4F30
:10CE500011A80FF0FDFE11A8D3F796FB11A80FF053
:10CE60004FFFFEF716BD00BFB016FF1F3CFF0400CA
:10CE70004807FF1FBCFD04002808FF1FDCFD04005D
:10CE80006007FF1FCCFD04004C07FF1F7013FF1F3E
:10CE90001B21D048039712F063FFCF48CF4D0FF00E
:10CEA000D7FCCF4911A80FF0D3FE11A8D3F76CFB24
:10CEB00011A80FF025FF2B68012B00F03E82032BF9
:10CEC00000F00382002B00F0FC81C649C64E11A879
:10CED0000FF0BEFE11A8D3F757FB11A80FF010FFFB
:10CEE000316811A80FF0B4FE11A8D3F74DFB11A8BB
:10CEF0000FF006FFBD4911A80FF0AAFE11A8D3F745
:10CF000043FB11A80FF0FCFE2B68012B00F01982E7
:10CF1000032B00F0D281002B00F0E381DDED037ADA
:10CF2000B8EEE70AD3F7E8FA316811A80FF090FEDF
:10CF300011A8D3F729FB11A80FF0E2FEAC4911A804
:10CF40000FF086FE11A8D3F71FFB11A80FF0D8FE33
:10CF50002B68012B00F0F981032B00F0BE81002B20
:10CF600000F0B781A34911A80FF090FE11A8D3F7E4
:10CF70000BFB11A80FF0C4FE316868E7B8EEC90AD0
:10CF8000F0EE480A00210120EEF772FDFEF76FBCBB
:10CF9000032B3EF66DACDFE813F015020202EF0141
:10CFA000DC01B8EEEA0A1EEE900AF0EE480AF1F74C
:10CFB00047F900283EF45FACFEF76ABCB8EEEB0A16
:10CFC0001EEE900AF0EE480A0121EEF751FDFEF741
:10CFD00074BDB8EECB0A1EEE900AF0EE480A0121AD
:10CFE000EEF746FDFEF769BD01210220D4F77AFD78
:10CFF000D5F770FF00283EF441ACFEF749BC07901E
:10D000007D497E480FF06EFF002800F06E81B5EE7E
:10D01000408AF1EE10FA079A00F066840121084672
:10D02000D4F760FDD5F756FF00283EF427ACFEF795
:10D030002FBCDAED367ADAF8D430DAF8D02088EE80
:10D04000270AFEF75EBE0021B8EEC90AF0EE480AD4
:10D050004FF0FF30EEF70CFD01220746002110468D
:10D06000D4F740FD002F3EF403ACFEF711BCDDED1C
:10D07000067A1EEE900AB8EEE70AF0EE480AEEF7DE
:10D08000F7FC00283EF4F7ABFEF702BCDAED367A87
:10D09000DAF8D430DAF8D02088EE270AFFF70AB998
:10D0A000DAF85430002B00F07D84012B7FF422ADA0
:10D0B000B0EE480AD5F742FA13F060F9BDEEC0EAC7
:10D0C00018E5DAF83430002B00F0A084012B7FF44F
:10D0D00011ADB0EE480AD5F7EDF913F04FF9BDEEFA
:10D0E000C0EA07E5DAF85430002B00F06184012B28
:10D0F0007FF426ADB0EE480AD5F720FABDEEC0EABF
:10D100001EE5DAF83430002B00F08684012B7FF422
:10D1100017ADB0EE480AD5F7CDF9BDEEC0EA0FE580
:10D12000DAED057ADAF81030DAF80C2088EE270A02
:10D13000D4E4DAED057ADAF81030DAF80C2088EE6B
:10D14000270AF1E49FED2EAA82ED0F8AFEF71ABF9F
:10D150009FED2CAA82ED118AFEF714BF9FED2AAA3B
:10D1600082ED128AFEF70EBF9FED28AA82ED0D8A8E
:10D17000FEF708BF9FED26AA82ED0E8AFEF702BFDA
:10D180009FED24AA82ED138AFEF7FCBE9FED22AA32
:10D1900082ED148AFEF7F6BEDAF85430002B00F068
:10D1A0005584012B7FF43CAD97ED000AD5F7C6F905
:10D1B000BDEEC0EA34E5DAF83430002B00F04E84DE
:10D1C000012B7FF42DAD97ED000AD5F773F9BDEE75
:10D1D000C0EA25E5F8FD04002808FF1F6007FF1FCF
:10D1E000DCFD040008FE04004C07FF1F14FE0400D1
:10D1F0002CFE04000816FF1FD4B804003816FF1FC9
:10D200004C0100008C0100003C010000A80000005F
:10D2100054010000F40100002400000097ED007AA2
:10D22000DAED057ADAF81030DAF80C2087EE270A02
:10D23000EAE4D94BDAED057A93ED007ADAF80C20BE
:10D24000DAF8103087EE270A39E5DAF85430002B87
:10D2500000F0F383012B7FF43EADCF4B93ED000A3A
:10D26000D5F76CF9BDEEC0EA35E5DAF83430002BBD
:10D2700000F0DA83012B7FF42EADC74B93ED000A4B
:10D28000D5F718F9BDEEC0EA25E5B0EE480AD4F7A7
:10D29000DDFFBDEEC0EAFFF719B8B0EE480AD5F7DA
:10D2A0006FF8BDEEC0EAFFF711B8222012F0DCFDE6
:10D2B000C1E5222011F02CFEBDE5222011F028FE50
:10D2C0002CE6222012F0D0FDFFE5222011F020FEF6
:10D2D000FBE5222012F0C8FD44E6222011F018FEE2
:10D2E00040E6222012F0C0FD18E6AC49AC480FF031
:10D2F000F9FD002800F0C583B5EE408AF1EE10FA82
:10D300004FF0000240F0B28311460320D4F7EAFB4D
:10D31000D5F7E0FD00283EF4B1AAFEF7B9BA186CC3
:10D3200001284FF0FF313FF4E7A94FF0FF30FFF73E
:10D33000E3B9222010F002FD7DE5222010F0FEFC72
:10D34000C3E5222010F0FAFCE8E5222010F0F6FCFC
:10D3500008E6914BD7ED001AD3ED000AF8EEEE7A0D
:10D36000B8EEEA1A67EEA11A67EEA00AB8EEEB0A69
:10D37000EFF77EFDFEF77BBA874BD7ED001AD3EDB2
:10D38000000AF8EEEE7AB8EEEA1A67EEA11A67EE36
:10D39000A00AB8EECB0AEFF76BFDFEF768BA7E4B3A
:10D3A000D7ED001AD3ED000AF8EEEE7AB8EEEA1ADD
:10D3B00067EEA11A67EEA00AB8EEE90AEFF758FD8A
:10D3C000FEF755BA744BD7ED001AD3ED000AF8EE0C
:10D3D000EE7AB8EEEA1A67EEA11A67EEA00AB8EE86
:10D3E000C90AEFF745FDFEF742BAD7ED000A6A4BCE
:10D3F000F8EEEE7AD3ED001AB8EEEA1A67EEA00A5C
:10D40000B8EEEB0AEFF734FDFEF731BAD7ED000ABC
:10D41000614BF8EEEE7AD3ED001AB8EEEA1A67EE39
:10D42000A00AB8EECB0AEFF723FDFEF720BAD7ED3E
:10D43000000A594BF8EEEE7AD3ED001AB8EEEA1A6C
:10D4400067EEA00AB8EEE90AEFF712FDFEF70FBA91
:10D45000514BD7ED000AD3ED001AF8EEEE7AB8EE94
:10D46000EA1A67EEA11A67EEA00AB8EEC90AEFF74A
:10D47000FFFCFEF7FCB94B4B9FED4BAAB0EE480A00
:10D48000BCEEC88A83ED008AD3F736F8FEF7A2BA5D
:10D49000464B9FED47AAB0EE480ABCEEC88A83ED22
:10D4A000008AD3F729F8FEF795BA424B9FED42AABE
:10D4B000B0EE480ABCEEC88A83ED008AD3F71CF8A8
:10D4C000FEF788BA3D4B9FED3EAAB0EE480ABCEE8F
:10D4D000C88A83ED008AD3F70FF8FEF77BBA394B81
:10D4E0009FED39AAB0EE480ABCEEC88A83ED008AE7
:10D4F000D3F702F8FEF76EBA344935480FF0F2FC64
:10D5000000283EF4CBAC334B83ED138A2B68012B00
:10D5100000F03583032B00F02E83002B00F02783CF
:10D52000B0EE480AD2F7E8FF2B68012B00F0188311
:10D53000032B00F00E83002B00F004839FED26AA3E
:10D54000FEF7ACBC254926480FF0CCFC002800F0C3
:10D55000E881244B9A6DB0EE480ABCEEC88A002AD6
:10D5600040F0D78183ED108A9FED1FAAD2F7C4FF48
:10D57000FEF730BA1D4BF0EE480A93ED000A1EEE9E
:10D58000900AB8EEC00A0121EEF772FAFEF795BADA
:10D59000174BF0EE480AF0E7B016FF1FC0B70400C3
:10D5A0003816FF1FE010FF1FAC010000D010FF1F56
:10D5B00098000000C010FF1FA0000000B010FF1F67
:10D5C000C0000000F010FF1FB801000038FF040089
:10D5D0002C10FF1F7814FF1F6402000060FF04007E
:10D5E0001410FF1FA012FF1F2C020000D816FF1FEF
:10D5F000D016FF1F740200004FF0FF31F3F798FFC1
:10D60000D5F768FC00283EF439A9FEF741B9DDEDF5
:10D61000067A1EEE900AB8EEE70AF0EE480A0121FB
:10D62000EEF726FAFEF723B9222010F087FBFEF76B
:10D63000C0BE222012F018FCFEF7BBBE222011F063
:10D6400067FCFEF7B6BE222011F062FC1FED17AAA0
:10D65000FEF724BC222010F071FB1FED1AAAFEF782
:10D660001DBC222012F000FC1FED1EAAFEF716BC06
:10D67000D349D4480FF036FC00283EF4ABA9DAF8C1
:10D680000420DAF80030DAED026A02FB03F307EE59
:10D69000103AB8EE477AC8EE2D7ACB4B5A68013A69
:10D6A00027EE267ABDEEC77AB8EEC77AC7EE086ACB
:10D6B00067EE877ABDEEE67A042A3EF68BA9DFE8AC
:10D6C00002F0A77E552C0300C04A136882ED027A4F
:10D6D000012B08BFFCEEE77A2B6808BFC2ED027A87
:10D6E000012B82ED038A00F00C83032B00F00583ED
:10D6F000002B00F0FE82B0EE480AD2F7FDFE2B6848
:10D70000012B00F0EF82032B00F03283002B00F09E
:10D7100028839FEDAFAAFEF75DB9AE4A136882ED8C
:10D72000027A012B08BFFCEEE77A2B6808BFC2ED36
:10D73000027A012B82ED038A00F00F83032B00F0A5
:10D740000883002B00F00183B0EE480AD2F7D4FE24
:10D750002B68012B00F0F282032B00F0BC82002B1F
:10D7600000F0B2829FED9CAAFEF734B99B4A136881
:10D7700082ED027A012B08BFFCEEE77A2B6808BF26
:10D78000C2ED027A012B82ED038A00F03583032B70
:10D7900000F02E83002B00F02783B0EE480AD2F76A
:10D7A000ABFE2B68012B00F01883032B00F00E83D7
:10D7B000002B00F0E4829FED8AAAFEF70BB9894A9C
:10D7C000136882ED027A012B08BFFCEEE77A2B6822
:10D7D00008BFC2ED027A012B82ED038A00F070824D
:10D7E000032B00F06982002B00F0A482B0EE480AFF
:10D7F000D2F782FE2B68012B00F09582032B00F0FC
:10D800008B82002B00F081829FED77AAFEF7E2B8B1
:10D81000764A136882ED027A012B08BFFCEEE77AA4
:10D820002B6808BFC2ED027A012B82ED038A00F05B
:10D83000E481032B00F0DD81002B00F0D681B0EEF7
:10D84000480AD2F759FE2B68012B00F0C781032B41
:10D8500000F0F781002B00F0ED819FED65AAFEF747
:10D86000B9B8222010F06AFAFFF764BA222012F049
:10D87000FBFAFFF751BA222011F04AFBFFF74CBA2E
:10D88000222010F05BFAFFF747BA222012F0ECFAE0
:10D89000FFF77FBA222011F03BFBFFF77ABA222074
:10D8A00010F04CFAFFF775BA222012F0DDFAFFF7FC
:10D8B00062BA222011F02CFBFFF75DBA222010F093
:10D8C0003DFAFFF758BA222012F0CEFAFFF732BA2B
:10D8D000222011F01DFBFFF72DBAB5EE408AF1EEC4
:10D8E00010FA40F0E882002211460120D4F7FAF83D
:10D8F000D5F7F0FA00283DF4C1AFFDF7C9BFDAED66
:10D90000367ADAF8D430DAF8D02088EE270AFFF732
:10D910000BB983ED0F8A9FED37AAD2F7EDFDFEF725
:10D9200059B8354935480FF0DDFA002800F0E0809D
:10D93000334B9A6D002A40F0BD8083ED148A2B682A
:10D94000012B00F04781032B00F04081002B00F0F9
:10D950006D81B0EE480AD2F7CFFD2B68012B00F0A5
:10D960005E81032B00F05481002B00F04A819FED73
:10D9700025AAFEF72FB8DAED367ADAF8D430DAF8DD
:10D98000D02087EE270AFFF73FB91F4BDAED367A32
:10D9900093ED007ADAF8D020DAF8D43087EE270A4F
:10D9A000FFF78DB9B0EE480AD4F7EAFCFFF780BB69
:10D9B000B0EE480AD4F7E4FCBDEEC0EAFFF7C0B809
:10D9C000DC0B0500E40FFF1F0011FF1FF010FF1F0D
:10D9D000A8020000E010FF1FA0020000D010FF1FEF
:10D9E00044020000C010FF1F68010000B010FF1FBC
:10D9F00060010000E4020000BCB704001410FF1F27
:10DA0000A012FF1F34010000B016FF1FB0EE480A3D
:10DA1000D4F71CFCFFF75DBBB0EE480AD4F716FC48
:10DA2000BDEEC0EAFFF78CB8D84B93ED000AD4F7EF
:10DA30000DFCBDEEC0EAFFF74EB9D44B93ED000AE2
:10DA4000D4F79EFCBDEEC0EAFFF745B997ED000A9A
:10DA5000D4F796FCBDEEC0EAFFF7E2B897ED000AF6
:10DA6000D4F7F4FBBDEEC0EAFFF7DAB801210320DA
:10DA7000D4F738F8D5F72EFA00283DF4FFAEFDF7BD
:10DA800007BF0790C249C3480FF02CFA002800F0E6
:10DA90008580B5EE408AF1EE10FA079A73D0012125
:10DAA0000420D4F71FF8D5F715FA00283DF4E6AEA8
:10DAB000FDF7EEBE83ED128A2B68012B00F0F88093
:10DAC000032B00F0F180002B00F0A181B0EE480A9A
:10DAD000D2F712FD2B68012B00F09281032B00F08E
:10DAE000DC80002B00F0D2809FEDB5AAFDF772BF5D
:10DAF000A949AA480FF0F6F900283DF46BAFA84BEE
:10DB00009A6D002A40F0A48083ED138A2B68012BC4
:10DB100000F0A981032B00F0AE81002B00F0A7815B
:10DB2000B0EE480AD2F7E8FC2B68012B00F0BC816C
:10DB3000032B00F0B281002B00F08E819FEDA2AA92
:10DB4000FDF748BF222012F08FF99FED96AAFEF74D
:10DB5000A5B9222011F0DCF99FED92AAFEF79EB93B
:10DB6000222010F0EBF89FED8FAAFEF797B9222044
:10DB700012F07AF9D4E4222011F0CAF9D0E422207C
:10DB800010F0DCF8CCE411460420D3F7ABFFD5F756
:10DB9000A1F900283DF472AEFDF77ABE7E497D48BA
:10DBA0000FF0A0F900283DF466AED9F80030013B33
:10DBB000032B3DF660AE01A252F823F0DBD8020041
:10DBC0006DCA0200F9D202007FDE0200222011F0AD
:10DBD0009FF9BEE6222010F0B1F8BAE6222010F03C
:10DBE000ADF89FED71AAFDF7F5BE222012F03CF9C9
:10DBF00025E6222011F08CF921E6222010F09EF873
:10DC00001DE6222012F030F99FED68AAFDF7E2BE72
:10DC1000222011F07DF99FED65AAFDF7DBBE2220E1
:10DC200010F08CF89FED61AAFDF7D4BE222012F00F
:10DC30001BF98EE6222012F017F99FED5BAAFDF783
:10DC4000C9BE222011F064F99FED57AAFDF7C2BEAC
:10DC500083ED118A2B68012B00F0FA80032B00F072
:10DC6000F380002B00F0EC80B0EE480AD2F744FCC1
:10DC70002B68012B00F0DD80032B00F0D380002BFC
:10DC800000F0C9809FED4FAAFDF7A4BE222012F03C
:10DC9000EBF89FED4BAAFDF79DBE222011F038F95D
:10DCA0009FED47AAFDF796BE222011F031F90DE74E
:10DCB000222010F043F809E7222011F029F995E518
:10DCC000222010F03BF891E5222012F0CDF89FEDD4
:10DCD00038AAFDF77FBE222011F01AF99FED34AA71
:10DCE000FDF778BE222010F029F89FED32AAFDF74B
:10DCF00071BE222012F0B8F8FDE4222011F008F9DC
:10DD0000F9E4222010F01AF8F5E4222012F0ACF821
:10DD10009FED29AAFDF75EBE222011F0F9F89FEDD4
:10DD200026AAFDF757BE222010F008F89FED22AA80
:10DD3000FDF750BE222012F097F857E522200FF091
:10DD4000FDFF9FED1BAAFDF745BE222012F08CF8C7
:10DD5000FAE4222011F0DCF8F6E422200FF0EEFFC6
:10DD6000F2E4222012F080F89FED12AAFDF732BEF5
:10DD7000222011F0CDF89FED0FAAFDF72BBE222037
:10DD800012F072F89FED0DAAFDF724BEB016FF1F2A
:10DD9000DC0B05003816FF1F44B804001410FF1FE9
:10DDA000A012FF1F640200006001000034010000A7
:10DDB000A0020000A8020000680100004402000068
:10DDC000E802000044010000E8000000222011F0F9
:10DDD0009FF81FED06AAFDF7FDBD22200FF0AEFF54
:10DDE0001FED0AAAFDF7F6BD222012F03DF8D4E49B
:10DDF000222011F08DF8D0E422200FF09FFFCCE418
:10DE000022200FF09BFF1FED12AAFDF7E3BD222099
:10DE100012F02AF85AE6222012F026F81FED17AA6F
:10DE2000FDF7D8BD222011F073F81FED1AAAFDF7F7
:10DE3000D1BD22200FF082FF1FED1EAAFDF7CABD43
:10DE4000222012F011F80FE7222011F061F80BE701
:10DE500022200FF073FF07E7222012F005F81FEDD4
:10DE600026AAFDF7B7BD22200FF068FF58E6222052
:10DE700011F0FAFF54E6222011F04AF850E6B5EE10
:10DE8000408AF1EE10FA4FF000023FF47CAE01211F
:10DE90000420D3F727FEFDF7EEBC222011F038F85E
:10DEA0001FED37AAFDF796BD22200FF047FF1FEDAB
:10DEB0003AAAFDF78FBD012100220846D3F712FED2
:10DEC000D5F708F800283DF4D9ACFDF7E1BCD9F846
:10DED0002830002B7DF46DAAFDF73EBB002306938E
:10DEE000FDF790BB2DE9F0412DED028BA4B00FF0B2
:10DEF000DBFF002840F33381844B854801220C214D
:10DF00001A6011F02DFF0FF0CFFF002840F31A81A7
:10DF10007E4D2B68012B00F01E81032B00F0308119
:10DF2000002B00F0298100237A4E7B4833700A21B0
:10DF300011F016FF794C296879480EF081FC784879
:10DF40000EF086FC23680693069A23680593059BCA
:10DF50009B1A0E2BF9D933782B3BD32B00F2E4809C
:10DF6000DFE813F07310AB0DE2009F0DE200E2005A
:10DF7000E200E200E200E200E200E200E200E20091
:10DF8000E2007A16531634162C16AC16F4113E0E17
:10DF90001C0EF00DE200B70D310E250E500EE00004
:10DFA000710E1414F813DE13BF138E136A139C1230
:10DFB0005D125215E200E214C1148A14161681157E
:10DFC000921506105412E2001512BB0EAF0EE200BD
:10DFD0008E0E8A0EE20060094E0913090209E1085B
:10DFE000C908B808B108A908A5088E087708650807
:10DFF000530834080908E707A407920739070E07F2
:10E00000FC06DD06BB06B70649062706E200E2006D
:10E01000E200E200E200E200E200E200E200E200F0
:10E02000E200E200E200E200E200E200E200E200E0
:10E03000E200E200E200E200E200E200E200E200D0
:10E04000E200E200E200E200E200E200E200E200C0
:10E05000DC0572056E056A0562055B053C051A055F
:10E06000F804D004C904C304E200A20481046004DB
:10E07000E2005504DB02E200A7029C024E040D04FC
:10E080002E02FB0131031303F202EB02620342038F
:10E09000ED03E801A2019301E2004F013F012801D5
:10E0A00012014D102F108711661144113811E00B29
:10E0B000D80BA8119B0B600D3F0D7E0D2F0D4C0B47
:10E0C000090BC60A540A7C0C5A0C130CF10BD00C29
:10E0D000AE0CF20CE200480A080AE709E009C1099F
:10E0E000A2097109D211AF11E200C90FB60F0E10CB
:10E0F0006E0FB3166214E200E2007014D30E2D11FD
:10E10000E2000C11C210A110E2007F106007FF1F97
:10E11000E0FF0400B816FF1F000005000C1FFF1FE2
:10E120002808FF1FF9F73EFB23680893089A236825
:10E130000793079B9B1A632BF9D924B0BDEC028B84
:10E14000BDE8F08110F026FF0028F6DDBB4D2B68FE
:10E15000012B7FF4E2AE0FF0BBFEC3B2E4E610F099
:10E1600019FF00287FF7CFAEB44BB54803220C212E
:10E170001A6011F0F5FDC6E611F084FDC3B2D3E6D6
:10E1800010F01CFFC3B2CFE60A21AE4811F0E8FD43
:10E190000721AD4811F0E4FDAC4AAD48516C0023B5
:10E1A0000A220EF06DFBAA480EF052FB0120EAF79E
:10E1B0007BFBB9E7D3F7F6FFA64D03461B21A64824
:10E1C0006B6511F0CDFD696DA1480EF039FBA048DB
:10E1D0000EF03EFBA14B8C22196828460EF078FF0A
:10E1E000A2E728689B4DD3F7BFFF51EC100B13F04B
:10E1F000D7FB9A4BE86619688C2228460EF068FF18
:10E2000092E72868964ED3F7AFFF51EC100B13F04E
:10E210007FFB012805464FF0110118BF4FF0FF3575
:10E22000904811F09DFD294689480EF009FB884869
:10E230000EF00EFB0A21834811F092FD716D8448A7
:10E2400000230A220EF01CFB81480EF001FB122174
:10E25000854811F085FDB16D7D4800230A220EF03E
:10E260000FFB7B480EF0F4FA0621804811F078FD90
:10E27000F16D774800230A220EF002FB74480EF07D
:10E28000E7FA2846FBF7A4FD4EE7D3F78BFF784B60
:10E290005B68013B042B3FF647AFDFE813F05A1CE5
:10E2A0003D1CEF1BD21B771CD3F77CFF714D724BCB
:10E2B000686319684FF4847228460EF009FF18212C
:10E2C0006E4811F04DFD0023696B61480A220EF083
:10E2D000D7FA5F480EF0BCFA6B6B002B03F0028597
:10E2E0006749684D08A80EF0B3FC08A8D2F74CF9AE
:10E2F00008A80EF005FD296808A80EF0A9FC08A8DA
:10E30000D2F742F908A80EF0FBFC5F4908A80EF00E
:10E310009FFC08A8D2F738F908A80EF0F1FC29688C
:10E3200008A80EF095FC08A8D2F72EF908A80EF060
:10E33000E7FCF9E6D3F736FF464EB36D03280CBF72
:10E340004FF0FF350125042B02F24387DFE813F07D
:10E350005E1758173C174C1BFD1A2868D3F704FFAB
:10E3600051EC100B13F0D4FA15210546474811F073
:10E37000F7FC294636480EF063FA35480EF068FA85
:10E38000434B1B68013B0A2B3FF6CEAE01A252F86D
:10E3900023F000BFF71B0300C71B0300231A030071
:10E3A000F719030029E10200550F0300550F030080
:10E3B000550F0300550F0300DF1B0300C71B0300AD
:10E3C000334F3448172111F0CBFC396820480EF048
:10E3D00037FA1F480EF03CFA2868D3F7C5FE51EC17
:10E3E000100B13F095FA162105462B4811F0B8FCD6
:10E3F000294617480EF024FA15480EF029FA3B6812
:10E40000013B0A2B3FF690AE01A252F823F000BF69
:10E41000D1190300A319030083190300571903003E
:10E4200029E102003D0F03003D0F03003D0F0300F3
:10E430003D0F030033190300A31903006007FF1FFA
:10E44000F0FF040004020500B40805001013FF1FCC
:10E450002808FF1F1412FF1F980805002407FF1F3C
:10E46000A012FF1F680805007C0805009008050041
:10E470000011FF1F7013FF1F3416FF1FA4050500B6
:10E4800070BB04004807FF1F88BB0400E4060500BA
:10E490005007FF1F7006050088060500D3F782FEAF
:10E4A000BA4BBB49986009686C2218460EF010FE02
:10E4B0003AE62868B74ED3F757FE51EC100B13F02D
:10E4C0006FFA0D210546B44811F04AFC284612F0B7
:10E4D00017FF0B46024643EC182B0221B0EE480A08
:10E4E000F0EE680AAD480EF0D7F9AC480EF0B0F97E
:10E4F0003368013B0D2B02F27F85DFE813F09017A4
:10E50000EF19EC19051A7D157D157D157D157D1505
:10E510007D15F5196615F219881B2868A04DD3F7EB
:10E5200023FE51EC100B13F03BFA9E4B2867196841
:10E530008C2228460EF0CCFDF6E5D4F7F3FF9A4B7B
:10E540004FF0FF321A60EFE52868984DD3F70CFEC4
:10E5500051EC100B13F024FA954BA86219684FF494
:10E56000847228460EF0B4FD0B21924811F0F8FB9E
:10E57000A86A12F0C5FE41EC100B052187480EF089
:10E580008BF986480EF064F9CEE52868874DD3F7FD
:10E59000EBFD51EC100B13F0BBF9854B6862196869
:10E5A0004FF4847228460EF093FD0B21824811F03F
:10E5B000D7FB696A794800230A220EF061F977488F
:10E5C0000EF046F9B0E52868784DD3F7CDFD51EC53
:10E5D000100B13F09DF9764B286219684FF4847282
:10E5E00028460EF075FD9FE52868744DD3F7BCFDF5
:10E5F00051EC100B13F0D4F9714BE86419685022F8
:10E6000028460EF065FD0E216E4811F0A9FBE86C5E
:10E6100012F076FE41EC100B022160480EF03CF93E
:10E620005E480EF015F97FE52868674ED3F79CFD2C
:10E6300051EC100B13F0B4F9054600EE105A706857
:10E64000D4F7C0FA0B21614811F08AFB00230A229B
:10E65000716852480EF014F90B215D4811F080FBEF
:10E66000284612F04DFE41EC100B02214B480EF0F3
:10E6700013F94A480EF0ECF80E21564811F070FBE1
:10E680000A223168454800230EF0FAF843480EF09C
:10E69000DFF81C21504811F063FB504BD86812F092
:10E6A0002FFE41EC100B02213C480EF0F5F83B48E0
:10E6B0000EF0CEF81C214A4811F052FB494BD868A5
:10E6C00012F01EFE41EC100B022134480EF0E4F86B
:10E6D00032480EF0BDF81C21434811F041FB434B7A
:10E6E000D86812F00DFE41EC100B02212B480EF001
:10E6F000D3F82A480EF0ACF81C213D4811F030FB4D
:10E700003C4BD86812F0FCFD41EC100B0221234871
:10E710000EF0C2F821480EF09BF81C21364811F08B
:10E720001FFB364BD86812F0EBFD41EC100B0221B9
:10E730001A480EF0B1F819480EF08AF8F4E4286887
:10E740001E4DD3F711FD51EC100B13F029F91C4BA2
:10E75000A8641968502228460EF0BAFC0B2115480F
:10E7600011F0FEFAA86C12F0CBFD41EC100B052164
:10E770000A480EF091F809480EF06AF8D4E4054B07
:10E7800001211868F2F7D4FECEE400BF4410FF1F49
:10E790000007FF1FC011FF1F2C0605002808FF1FE0
:10E7A0003411FF1F1C07FF1F3807FF1F7013FF1FC7
:10E7B0003416FF1F04030500BC0405007814FF1F76
:10E7C0003007FF1F2C0805000011FF1F3403050050
:10E7D000700705007C0705008C070500B010FF1FBF
:10E7E000AC070500C010FF1FCC070500D010FF1FAD
:10E7F000EC070500E010FF1F0C080500F010FF1FDC
:10E80000B54B4FF0FF311868F2F792FE8CE4D3F766
:10E81000C9FCB24BB249586709688C2218460EF001
:10E8200057FC81E42868AF4DD3F79EFC51EC100BE8
:10E8300013F0B6F8AC4BA86619684FF484722846FA
:10E840000EF046FC0A21A94811F08AFAA86E12F0CF
:10E8500057FD41EC100B0221A5480EF01DF8A4480D
:10E860000DF0F6FF60E428689E4DD3F77DFC51EC77
:10E87000100B13F075F89C4B082898BF37201968C7
:10E88000E8664FF4847228460EF022FC0F21994866
:10E8900011F066FAA969964800230A220DF0F0FFEC
:10E8A00093480DF0D5FF3FE428688E4DD3F75CFC0C
:10E8B00051EC100B13F054F88B4B082898BF3820FC
:10E8C000196828674FF4847228460EF001FC0F2166
:10E8D000894811F045FAE969854800230A220DF0BC
:10E8E000CFFF83480DF0B4FF1EE401210322084648
:10E8F000EAF7A4FF18E44FF0FF3103220846EAF7D5
:10E900009DFF11E4D3F74EFC764E05461D217B4852
:10E91000C6F8005111F024FA294675480DF090FF11
:10E9200073480DF095FF1D21754811F019FAD6F8BE
:10E9300000116F4800230A220DF0A2FF6C480DF071
:10E9400087FF694B4FF48472196830460EF0C0FBA4
:10E95000FFF7EABB2868634DD3F706FC51EC100BB8
:10E9600013F01EF8604B286619684FF4847228462D
:10E970000EF0AEFB0C21634811F0F2F9286E12F094
:10E98000BFFC41EC100B022159480DF085FF58489F
:10E990000DF05EFFFFF7C8BB2868524DD3F7E4FBCC
:10E9A00051EC100B12F0FCFF4F4B686619684FF4E6
:10E9B000847228460EF08CFB0B21534811F0D0F9DD
:10E9C000686E12F09DFC41EC100B052148480DF0DB
:10E9D00063FF47480DF03CFFFFF7A6BB2868414D99
:10E9E000D3F7C2FB51EC100B12F092FF3E4BE865DF
:10E9F00019684FF4847228460EF06AFB0B214248D6
:10EA000011F0AEF9E96D3A4800230A220DF038FF03
:10EA100037480DF01DFFFFF787BB01210222084692
:10EA2000EAF70CFFFFF780BB4FF0FF3102220846E8
:10EA3000EAF704FFFFF778BBD8F7A4FDFFF774BB34
:10EA4000D8F7ECFAFFF770BBD3F7ACFB254D264B9C
:10EA5000686519684FF4847228460EF039FB182156
:10EA60002A4811F07DF90023696D21480A220DF032
:10EA700007FF1F480DF0ECFE6B6D002B03F0648167
:10EA80002349244D08A80EF0E3F808A8D1F77CFD2F
:10EA900008A80EF035F9296808A80EF0D9F808A8DA
:10EAA000D1F772FD08A80EF02BF91B4908A80EF04B
:10EAB000CFF808A8D1F768FD08A80EF021F9296859
:10EAC00008A80EF0C5F808A8D1F75EFD08A80EF05A
:10EAD00017F9FFF729BB00BFC011FF1F3411FF1F3B
:10EAE0001C07FF1F7013FF1F3416FF1F20060500B1
:10EAF0002808FF1F1006050000060500C0050500D8
:10EB0000E0050500C804050004030500A405050090
:10EB100048BC04004807FF1F60BC0400D3F742FB59
:10EB2000BC4D03461A21BC48C5F8FC3011F018F959
:10EB3000D5F8FC10B94800230A220DF0A1FEB74811
:10EB40000DF086FEB64B4FF48472196828460EF01D
:10EB5000BFFAD5F8FC30002B43F05881B149B24DD3
:10EB600008A80EF075F808A8D1F70EFD08A80EF059
:10EB7000C7F8296808A80EF06BF808A8D1F704FDBB
:10EB800008A80EF0BDF8A94908A80EF061F808A879
:10EB9000D1F7FAFC08A80EF0B3F8296808A80EF01F
:10EBA00057F808A8D1F7F0FC08A80EF0A9F8FFF76D
:10EBB000BBBA28689E4DD3F7D7FA51EC100B12F070
:10EBC000EFFE172103469B48EB6511F0C9F8E86D8D
:10EBD00012F096FB41EC100B022190480DF05CFE08
:10EBE0008E480DF035FE944B8C22196828460EF0A5
:10EBF0006FFAFFF799BA1321904811F0B1F8904BD2
:10EC00008648996D0DF01CFE84480DF021FE1221FE
:10EC10008C4811F0A5F8864B8048996D0DF010FED8
:10EC20007E480DF015FE1A21874811F099F8874AA1
:10EC30007A48516800230A220DF022FE77480DF031
:10EC400007FE1321824811F08BF8824A734811683D
:10EC500000230A220DF014FE70480DF0F9FD132177
:10EC60007D4811F07DF87D4A6C48116800230A2226
:10EC70000DF006FE69480DF0EBFD1221784811F009
:10EC80006FF8784A6548516D00230A220DF0F8FDAF
:10EC900062480DF0DDFD1721734811F061F8734AE9
:10ECA0005E48116800230A220DF0EAFD5B480DF072
:10ECB000CFFD13216E4811F053F86E4A5748516C3E
:10ECC00000230A220DF0DCFD54480DF0C1FDFFF7D2
:10ECD0002BBAD8F791FEFFF727BA28684D4DD3F726
:10ECE00043FA51EC100B12F05BFE4D4B6861196852
:10ECF0004FF4847228460EF0EBF90B215E4811F0B8
:10ED00002FF8686912F0FCFA41EC100B052143481A
:10ED10000DF0C2FD41480DF09BFDFFF705BA2868D4
:10ED20003C4DD3F721FA51EC100B12F0F1FD3C4BA6
:10ED3000286119684FF4847228460EF0C9F90B2136
:10ED40004E4811F00DF82969344800230A220DF0CD
:10ED500097FD32480DF07CFDFFF7E6B928682D4D90
:10ED6000D3F702FA51EC100B12F0D2FD2C4BE860F5
:10ED700019684FF4847228460EF0AAF9FFF7D4B947
:10ED80002868244DD3F7F0F951EC100B12F008FE6F
:10ED9000234B28644FF48472196828460EF098F9C2
:10EDA000D5ED106A95ED027A354B3648C6EE877A76
:10EDB0000C21C3ED007A10F0D3FF286C12F0A0FAFA
:10EDC00041EC100B022115480DF066FD13480DF0C3
:10EDD0003FFDFFF7A9B928680E4DD3F7C5F951ECEF
:10EDE000100B12F095FD0E4BE86319684FF4847216
:10EDF00028460EF06DF90B21204810F0B1FFE96BA9
:10EE0000064800230A220DF03BFD04480DF020FDCA
:10EE1000FFF78AB97013FF1F880505002808FF1F38
:10EE20003416FF1F8CBF04004807FF1FA0BF04005B
:10EE30001412FF1F700505002407FF1F48F204008D
:10EE40003411FF1FD8040500EC0405000011FF1F5A
:10EE500008050500C011FF1F1C0505007814FF1FE1
:10EE600030050500A012FF1F440505004410FF1FD8
:10EE70005C0505001013FF1F04030500BC0405001A
:10EE80008018FF1FC80405002868C64DD3F76CF929
:10EE900051EC100B12F03CFDC34BA86319684FF402
:10EEA000847228460EF014F9FFF73EB9D3F77AF9C9
:10EEB000BC4FBD4B0028D4BF00200120196887F843
:10EEC000A0004FF4847208AE38460EF001F9B7493D
:10EED00030460DF0BDFE3046D1F756FB30460DF002
:10EEE0000FFF2B68012B03F07080032B03F0688069
:10EEF000002B03F06F80AE4AAE4B97F8A01030465F
:10EF0000002914BF114619460DF0A2FE3046D1F774
:10EF10003BFB30460DF0F4FEA74B304619680DF070
:10EF200097FE3046D1F730FB30460DF0E9FEFFF793
:10EF3000FBB828689B4DD3F717F951EC100B12F072
:10EF40002FFD994B686419684FF4847228460EF0BF
:10EF5000BFF80B21994810F003FF686C12F0D0F94C
:10EF600041EC100B052196480DF096FC94480DF0ED
:10EF70006FFCFFF7D9B828688A4DD3F7F5F851EC44
:10EF8000100B12F00DFD884BA8604FF484721968C5
:10EF900028460EF09DF8D5ED106A95ED027A894B62
:10EFA0008948C6EE877A0C21C3ED007A10F0D8FEAE
:10EFB000A86812F0A5F941EC100B022180480DF071
:10EFC0006BFC7F480DF044FCFFF7AEB82868754D28
:10EFD000D3F7CAF851EC100B12F09AFC724B686030
:10EFE00019684FF4847228460EF072F80B217748A6
:10EFF00010F0B6FE6968724800230A220DF040FC4A
:10F000006F480DF025FCFFF78FB82868654DD3F7E2
:10F01000ABF851EC100B12F07BFC634BA865196840
:10F020004FF4847228460EF053F8FFF77DB8286835
:10F030005C4DD3F799F851EC100B12F069FC5A4B68
:10F04000286019684FF4847228460EF041F8FFF7E3
:10F050006BB82A215E4810F083FE59480DF0F8FB8A
:10F060000E215C4810F07CFE5B4B554819680DF092
:10F07000E7FB53480DF0ECFBD3F7D2FBFFF754B896
:10F080002A21564810F06CFE4D480DF0E1FB0E2190
:10F09000504810F065FE504B494819680DF0D0FB00
:10F0A00047480DF0D5FBD3F729FBFFF73DB8F4F740
:10F0B00007FFFFF739B84FF0FF3100220846EAF7A3
:10F0C000BDFBFFF731B8012100220846EAF7B6FB85
:10F0D000FFF72AB82868424DD3F746F851EC100BD9
:10F0E00012F05EFC3F4BA86619688C2228460DF092
:10F0F000EFFFFFF719B80A213B4810F031FE082155
:10F100003A4810F02DFE3A4A2D48516C00230A224D
:10F110000DF0B6FB2A480DF09BFB4FF0FF30E9F7EE
:10F12000C3FBFFF701B828682D4DD3F71DF851EC4C
:10F13000100B12F035FC2B4B686619688C222846A0
:10F140000DF0C6FF20212B4810F00AFE686E12F069
:10F15000D7F841EC100B022119480DF09DFB18481F
:10F160000DF076FBFEF7E0BF28681D4DD2F7FCFFDF
:10F1700051EC100B12F014FC1A4B286619688C2203
:10F1800028460DF0A5FFFEF7CFBFD3F70BF81A4BBB
:10F190001A4918660968702218460DF099FFFEF7A3
:10F1A000C3BF00BF7013FF1F3416FF1F30BC040025
:10F1B000D8B80400DCB804004C07FF1F04030500A6
:10F1C0002808FF1F8018FF1FC8040500BC040500A5
:10F1D0009004050068B104005007FF1F6404050097
:10F1E0001412FF1F2407FF1F040205005804050026
:10F1F0001013FF1F34040500A012FF1F2807FF1F74
:10F200001521A44810F0ACFDA34BA448996D0DF056
:10F2100017FBA2480DF01CFB4FF0FF30E8F782FD12
:10F22000FEF782BF14219E4810F09AFD9A4B9B482E
:10F23000996D0DF005FB99480DF00AFB0120E8F7E8
:10F2400071FDFEF771BF2868012802F04C86032883
:10F2500002F00C86002802F08A86D2F785FF0E2184
:10F26000904857EC106B10F07BFD00218B480DF09F
:10F27000E7FA8A480DF0ECFA0D218B4810F070FD8A
:10F280003946304612F044FB014684480DF0D8FA66
:10F2900082480DF0DDFA854B854819684FF4847279
:10F2A0000DF016FFFEF740BF2868814DD2F75CFFD6
:10F2B00051EC100B12F02CFB7C4BA86719684FF433
:10F2C000847228460DF004FF08217A4810F048FDAA
:10F2D000A96F724800230A220DF0D2FA6F480DF090
:10F2E000B7FAFEF721BF2868714DD2F73DFF51EC08
:10F2F000100B12F00DFB6D4B686719684FF48472A8
:10F3000028460DF0E5FE0B216B4810F029FD696FD2
:10F31000624800230A220DF0B3FA60480DF098FA13
:10F32000FEF702BF654B0A221A60F8F73BFAFEF7B8
:10F33000FBBE2868624DD2F717FF51EC100B12F09C
:10F340002FFB604B286219686C2228460DF0C0FE26
:10F3500010215D4810F004FD286A11F0D1FF41EC46
:10F36000100B02214D480DF097FA4C480DF070FA41
:10F37000FEF7DABE0B2155484D4E10F0F1FCD2F7E6
:10F3800011FF10210546524810F0EAFC2946434877
:10F390000DF056FA41480DF05BFA052D434B08BFBE
:10F3A00000254FF484721968C6F8F05030460DF00D
:10F3B0008FFED6F8F020012A03F0AB800122002155
:10F3C0000320D2F78FFB434908A80DF041FC08A8A1
:10F3D000D1F7DAF808A80DF093FC3F4B08A819689C
:10F3E0000DF036FC08A8D1F7CFF808A80DF088FC7E
:10F3F000FEF79ABE394F7B6C013B032B3EF694AE71
:10F40000DFE813F0870E670E470E270ED2F7CAFE0D
:10F41000274F264B0028D4BF00200120196887F809
:10F420009F004FF4847208AE38460DF051FE2C490F
:10F4300030460DF00DFC3046D1F7A6F830460DF001
:10F440005FFC2B68012B02F0A285032B02F09A854A
:10F45000002B02F09285234A234B97F89F103046E9
:10F46000002914BF114619460DF0F2FB3046D1F7C2
:10F470008BF830460DF044FC1C4B304619680DF0FB
:10F48000E7FB3046D1F780F830460DF039FCFEF747
:10F490004BBE00BF1C0405001412FF1F2808FF1FED
:10F4A00004040500B8090500C80905003416FF1F4B
:10F4B0007013FF1F280005001C0005005007FF1FE8
:10F4C0004410FF1F0007FF1FA40205009809050054
:10F4D000A4090500CCBD04004807FF1F1013FF1F3F
:10F4E00058BB0400D8B80400DCB804004C07FF1F68
:10F4F000D2F758FEB64FB74B0028D4BF00200120EA
:10F50000196887F89E004FF4847208AE38460DF0F3
:10F51000DFFDB14930460DF09BFB3046D1F734F8A2
:10F5200030460DF0EDFB2B68012B03F01280032B0E
:10F5300003F00A80002B02F02F85A84AA84B97F809
:10F540009E103046002914BF114619460DF080FB6D
:10F550003046D1F719F830460DF0D2FBA14B3046BA
:10F5600019680DF075FB3046D1F70EF830460DF0F6
:10F57000C7FBFEF7D9BDD2F715FE954F954B002876
:10F58000D4BF00200120196887F89D004FF48472D1
:10F5900008AE38460DF09CFD934930460DF058FBFF
:10F5A0003046D0F7F1FF30460DF0AAFB2B68012B57
:10F5B00002F00185032B02F0F984002B02F0F184A4
:10F5C000864A874B97F89D103046002914BF114694
:10F5D00019460DF03DFB3046D0F7D6FF30460DF012
:10F5E0008FFB804B304619680DF032FB3046D0F768
:10F5F000CBFF30460DF084FBFEF796BDD2F7D2FD6F
:10F60000734F744B0028D4BF00200120196887F87D
:10F610009C004FF4847238460DF05AFD0B2173485C
:10F6200010F09EFB97F89C1071480DF009F908AE98
:10F630006F480DF00DF96F4930460DF009FB30466B
:10F64000D0F7A2FF30460DF05BFB2B68012B02F0D8
:10F650008984032B02F08184002B02F079845F4AB5
:10F660005F4B97F89C103046002914BF114619468D
:10F670000DF0EEFA3046D0F787FF30460DF040FB34
:10F68000584B304619680DF0E3FA3046D0F77CFF4E
:10F6900030460DF035FBFEF747BD0B2156484C4E6A
:10F6A00010F05EFBD2F77EFD0F210546534810F0A7
:10F6B00057FB29464E480DF0C3F84D480DF0C8F8E9
:10F6C000444BC6F8E8504FF48472196830460DF088
:10F6D000FFFCD6F8E820012A02F00087012210463C
:10F6E0000021D2F7FFF9464908A80DF0B1FA08A8A1
:10F6F000D0F74AFF08A80DF003FB424B08A8196891
:10F700000DF0A6FA08A8D0F73FFF08A80DF0F8FA08
:10F71000FEF70ABD4FF0FF3104220846EAF78EF8E3
:10F72000FEF702BD2868384DD2F71EFD51EC100BD4
:10F7300012F036F9354BE8621968342228460DF08C
:10F74000C7FCFEF7F1BC2868214DD2F70DFD51EC46
:10F75000100B12F0DDF81F4B082898BF39201968EC
:10F7600028634FF4847228460DF0B2FC0E2128481D
:10F7700010F0F6FA296B1E4800230A220DF080F8DB
:10F780001B480DF065F8FEF7CFBC2868104DD2F786
:10F79000EBFC51EC100B12F0BBF80E4B082898BF95
:10F7A00039201968E8624FF4847228460DF090FC05
:10F7B0000E21184810F0D4FAE96A0D4800230A22F5
:10F7C0000DF05EF80A480DF043F8FEF7ADBC00BF3F
:10F7D0007013FF1F3416FF1F00BA0400D8B80400CE
:10F7E000DCB804004C07FF1FC0B904000009050085
:10F7F0002808FF1F2CB90400D8080500E4080500FC
:10F800004CBD04004807FF1F0011FF1F1807FF1F12
:10F810004C0905003C0905002868B44DD2F7A4FC4A
:10F8200051EC100B12F074F8B14B082898BF392036
:10F830001968E8614FF4847228460DF049FC0E21E6
:10F84000AC4810F08DFAE969AB4800230A220DF0AC
:10F8500017F8A9480CF0FCFFFEF766BC2868A34F18
:10F86000D2F782FC51EC100B12F07AF80D2103460E
:10F87000A248BB6110F074FAB9699F4800230A22BC
:10F880000CF0FEFF9C480CF0E3FFBB699748082B87
:10F890009CBF3923BB61964B4FF4847219680DF0FD
:10F8A00017FC0E21964810F05BFAB96992480023C4
:10F8B0000A220CF0E5FF90480CF0CAFFFEF734BCBA
:10F8C00028688A4DD2F750FC51EC100B12F020F84A
:10F8D000874B082898BF3920196828654FF484722F
:10F8E00028460DF0F5FB0F21864810F039FA296DF6
:10F8F000814800230A220CF0C3FF7F480CF0A8FFC8
:10F90000FEF712BC2868794DD2F72EFC51EC100B93
:10F9100011F0FEFF764B082898BF39201968E8647B
:10F920004FF4847228460DF0D3FB0F21764810F077
:10F9300017FAE96C704800230A220CF0A1FF6E4808
:10F940000CF086FFFEF7F0BB0B217048674E10F0FD
:10F9500007FAD2F727FC0F2105466D4810F000FA90
:10F96000294665480CF06CFF63480CF071FF604B52
:10F97000C6F8EC504FF48472196830460DF0A8FBBD
:10F98000D6F8EC20012A02F0B183012200210220E6
:10F99000D2F7A8F85F4908A80DF05AF908A8D0F7DF
:10F9A000F3FD08A80DF0ACF95B4B08A819680DF041
:10F9B0004FF908A8D0F7E8FD08A80DF0A1F9FEF767
:10F9C000B3BBD2F7EFFB554B55495A6F554B086007
:10F9D000012A0CBF022201221A60F3F773FAFEF724
:10F9E000A3BB2868504DD2F7BFFB51EC100B11F0B0
:10F9F000D7FF4E4B28651968702228460DF068FB2A
:10FA00000A214B4810F0ACF9286D11F079FC41EC5B
:10FA1000100B022138480CF03FFF37480CF018FF5C
:10FA2000FEF782BB2868404DD2F79EFB51EC100BCD
:10FA300011F06EFF3D4B28641968702228460DF0C6
:10FA400047FB08213B4810F08BF9296C2A4800231A
:10FA50000A220CF015FF28480CF0FAFEFEF764BBF2
:10FA60002868314DD2F780FB51EC100B11F098FF54
:10FA70002E4BE8641968702228460DF029FB0C21F2
:10FA80002D4810F06DF9E86C11F03AFC41EC100BC8
:10FA9000022119480CF000FF17480CF0D9FEFEF7C0
:10FAA00043BBD2F77FFB254B2549186109686C22BF
:10FAB00018460DF00DFBFEF737BBD2F773FB1F4B5B
:10FAC0001F49986209686C2218460DF001FBFEF789
:10FAD0002BBBD2F767FB144B1449D8650968702219
:10FAE00018460DF0F5FAFEF71FBB00BF7013FF1F9D
:10FAF0003416FF1F2C0905002808FF1F0C090500FC
:10FB00001C0905006C0905005C0905007C0905005D
:10FB1000880905008CBD04004807FF1F3411FF1F32
:10FB20005007FF1FFC16FF1FA012FF1F2807FF1F13
:10FB3000F4080500BC080500C80805004410FF1FB4
:10FB40000007FF1FD2F72EFBA64E05463321A6481D
:10FB500010F006F93168A5480CF072FEA3480CF0CD
:10FB600077FE0B21A24810F0FBF829469F480CF0C5
:10FB700067FE9E480CF06CFE3368013B0A2B01F2D5
:10FB80001782DFE813F0C90D730EB80D6A10150A5D
:10FB9000F309F309F309F3094710730E954B00229B
:10FBA0001A60D3F7BFFCE6F70DFDFEF7BDBAD2F73A
:10FBB000F9FA914B914998640968602218460DF052
:10FBC00087FAFEF7B1BA8E4B5B68013B042B3EF619
:10FBD000ABAADFE813F00A0CF00BD60BBC0B281015
:10FBE0001421884810F0BCF880480CF031FE86499A
:10FBF000864B4FF0FF30002208601A60D1F71CFFDF
:10FC0000FEF792BA2868824DD2F7AEFA51EC100B8B
:10FC100011F07EFE7F4BC5F8F80019684FF484722E
:10FC200028460DF055FA08217B4810F099F8D5F8D0
:10FC3000F8106E4800230A220CF022FE6B480CF0EC
:10FC400007FEFEF771BAD2F7ADFA744D744B286413
:10FC50001968502228460DF03BFA0D21714810F02A
:10FC60007FF8296C614800230A220CF009FE5F48E6
:10FC70000CF0EEFDFEF758BAD6F7B4F8FEF754BA1A
:10FC800028685D4DD2F770FA51EC100B11F088FE28
:10FC90005A4BE8651968602228460DF019FA1921B7
:10FCA000614810F05DF8E86D11F02AFB41EC100B93
:10FCB00002214E480CF0F0FD4C480CF0C9FDFEF757
:10FCC00033BAD2F76FFA04283EF62EAADFE810F016
:10FCD000CB0BC40BBD0BB60B2E0CD2F763FA0A216B
:10FCE0000546524810F03CF8294640480CF0A8FD63
:10FCF0003E480CF0ADFD042D3EF616AADFE815F0E7
:10FD0000810C7A0C730C6C0CBA0BD2F74BFA484D81
:10FD1000484E00280CBF4FF0FF3301230A2143480F
:10FD2000336010F01DF800230A2229682F480CF0D8
:10FD3000A7FD2E480CF08CFD0A213F4810F010F86A
:10FD400000230A22A96829480CF09AFD27480CF0E4
:10FD50007FFD1421394810F003F8316823480CF076
:10FD60006FFD22480CF074FDAB68023B352B00F2AE
:10FD7000F187DFE813F0701481147D146814ED0727
:10FD80006C14EF07EF07EF07EF07EF07EF07EF0739
:10FD9000EF07EF07EF07EF07EF07EF07EF07EF07B3
:10FDA000EF07EF07EF07EF07EF07EF07EF07EF07A3
:10FDB000EF07EF07EF07EF07EF07EF07EF07EF0793
:10FDC000EF07EF07EF07EF07EF07EF07EF07EF0783
:10FDD000EF07EF07EF07701481147D146814ED0727
:10FDE0006C1400BF5007FF1FD00005002808FF1F3C
:10FDF00004010500BC16FF1F1013FF1F2C07FF1F77
:10FE00000011FF1FB80005003807FF1F1416FF1F61
:10FE10007013FF1F3416FF1F640205007814FF1FC4
:10FE20003007FF1F70020500E8030500040205000B
:10FE30004410FF1F5C07FF1F800B05008C0B0500A3
:10FE40000B21BA48BA4E0FF08BFFD2F7ABF9152150
:10FE50000546B8480FF084FF2946B7480CF0F0FC7F
:10FE6000B5480CF0F5FC1521B2480FF079FF294692
:10FE7000B1480CF0E5FCB0480CF0EAFCAF4BC6F81A
:10FE8000E4504FF48472196830460DF021F9D6F829
:10FE9000E420012A02F02D80002101220846D1F73A
:10FEA00021FEA74908A80CF0D3FE08A8D0F76CFBE8
:10FEB00008A80CF025FFA34B08A819680CF0C8FE91
:10FEC00008A8D0F761FB08A80CF01AFFFEF72CB9C0
:10FED0002868974DD2F748F951EC100B11F018FD36
:10FEE000964BC5F8D00019684FF4847228460DF07F
:10FEF000EFF8FEF719B90B2193488D4E0FF030FF44
:10FF0000D2F750F91021054690480FF029FF2946F5
:10FF100089480CF095FC88480CF09AFC874BC6F891
:10FF2000F4504FF48472196830460DF0D1F8D6F8C9
:10FF3000F420012A02F06381012200210420D1F77C
:10FF4000D1FD834908A80CF083FE08A8D0F71CFB5C
:10FF500008A80CF0D5FE7B4B08A819680CF078FEB9
:10FF600008A8D0F711FB08A80CF0CAFEFEF7DCB811
:10FF7000784B01219A6D0846E9F760FCFEF7D4B88A
:10FF800028686B4DD2F7F0F851EC100B11F0C0FC63
:10FF90006A4BC5F8D40019684FF4847228460DF0F6
:10FFA00097F80B216C480FF0DBFED5F8D4106248AF
:10FFB00000230A220CF064FC5F480CF049FCFEF7B9
:10FFC000B3B82868654DD2F7CFF851EC100B11F09B
:10FFD0009FFC634BE8631968702228460DF078F89F
:10FFE000082160480FF0BCFEE96B534800230A2249
:10FFF0000CF046FC50480CF02BFCFEF795B8286836
:020000023000CC
:10000000564DD2F7B1F851EC100B11F0C9FC544B1E
:10001000A8661968702228460DF05AF8A86E11F0EB
:100020006FF941EC100B022143480CF035FCA86E2F
:1000300011F066F941EC100B05213F480CF02CFC47
:100040003D480CF005FCFEF76FB8D2F7ABF8464B15
:100050004649586109686C2218460DF039F8FEF7D8
:1000600063B82868324DD2F77FF851EC100B11F0CD
:1000700097FC324BA86419684FF4847228460DF03F
:1000800027F80A213A480FF06BFEA86C11F038F9F6
:1000900041EC100B022128480CF0FEFB26480CF026
:1000A000D7FBFEF741B828682F4DD2F75DF851EC29
:1000B000100B11F075FC2D4BE86019686C22284676
:1000C0000DF006F810212B480FF04AFEE86811F0F9
:1000D00017F941EC100B022117480CF0DDFB164814
:1000E0000CF0B6FBFEF720B828681F4DD2F73CF89D
:1000F00051EC100B11F054FC1C4BA86119686C22D8
:1001000028460CF0E5FF11211B480FF029FEA869D5
:1001100011F0F6F841EC100B022107480CF0BCFB83
:1001200005480CF095FBFDF7FFBF00BF5C0B050019
:100130007013FF1F680B05002808FF1F3416FF1FF0
:10014000FCBC04004807FF1F3C0B0500480B0500E2
:1001500014BE04003411FF1FBC040500A012FF1FD1
:100160002807FF1FBC0805004410FF1F0007FF1FE2
:10017000FC0B0500A4020500740305002868AE4DC1
:10018000D1F7F2FF51EC100B11F00AFCAB4BE86514
:100190001968602228460CF09BFF1921A8480FF02F
:1001A000DFFDE86D11F0ACF841EC100B0221A54821
:1001B0000CF072FBA3480CF04BFBFDF7B5BF11210F
:1001C000A1480FF0CDFD9F480CF042FBDFF700F98E
:1001D000FDF7AABFD1F7E6FF9C4B9D49186309685C
:1001E000342218460CF074FFFDF79EBFD1F7DAFFFA
:1001F000984A431E10600A2B3DF696AF01A252F8B2
:1002000023F000BF2F14030025E1020025E10200C6
:100210002314030029E1020025E1020025E1020088
:1002200025E10200EF16030025E1020025E10200AE
:100230002868894DD1F798FF51EC100B11F0B0FBF5
:10024000864B68641968702228460CF041FF0B2128
:1002500083480FF085FD686C11F052F841EC100BEB
:10026000052178480CF018FB76480CF0F1FAFDF700
:100270005BBF2868784DD1F777FF51EC100B11F078
:100280008FFB764BA8641968702228460CF020FF7B
:100290000C2174480FF064FDA86C11F031F841ECAA
:1002A000100B022167480CF0F7FA66480CF0D0FA00
:1002B000FDF73ABF012104220846E9F7BFFAFDF72E
:1002C00033BF6949694A634F00230B601360D1F75C
:1002D00069FF0A28386002F0A080162802F03180F9
:1002E000002801F0A78701380A2802F23781DFE8E9
:1002F00010F0F409EA0999098F0935119A069A064E
:100300009A069A06BD0CEA092B68012B01F0DA86E1
:10031000032B01F0D386002B01F09586544F554BEB
:10032000534819684FF484720CF0D2FE08215248E9
:100330000FF016FDD7F88010424800230A220CF077
:100340009FFA40480CF084FAFDF7EEBE2868424D53
:10035000D1F70AFF51EC100B11F022FB3F4BE8667E
:100360001968702228460CF0B3FE1D2143480FF097
:10037000F7FCE86E10F0C4FF41EC100B052131488A
:100380000CF08AFA2F480CF063FAFDF7CDBE3C4D15
:100390003C4819210FF0E4FC00230A22696C29482B
:1003A0000CF06EFA27480CF053FAD1F7FBFE0B2144
:1003B000064635480FF0D4FC314622480CF040FA8E
:1003C00020480CF045FA192130486E640FF0C8FC43
:1003D000696C1C4800230A220CF052FA19480CF0F0
:1003E00037FA2B4B5022196828460CF071FE192160
:1003F00028480FF0B5FC696C124800230A220CF063
:100400003FFA10480CF024FAFDF78EBE224B4FF055
:10041000FF319A6D0846E9F711FAFDF785BE0B4BDF
:100420005B68013B042B3DF67FAEDFE813F0A508C7
:100430009B08A00875082A081013FF1F2C07FF1F30
:10044000E00B05002808FF1FCC0B05000011FF1F63
:100450001807FF1F5007FF1FA012FF1F2807FF1FCD
:1004600004030500C80805004416FF1F5016FF1FAF
:100470007013FF1F3416FF1F2800050098000500A9
:100480007814FF1F88030500A4030500B0030500CE
:100490003007FF1FCC0305003411FF1FD1F782FE88
:1004A000CA4F03462021CA48C7F8E0300FF058FC75
:1004B0000A22D7F8E010C74800230CF0E1F9C5483C
:1004C0000CF0C6F9D7F8E020012A01F0688608AEE2
:1004D000C149C24D30460CF0BBFB3046D0F754F852
:1004E00030460CF00DFC296830460CF0B1FB30466C
:1004F000D0F74AF830460CF003FCD7F8E420012A84
:1005000001F04686002108460122D1F7EBFAB449F2
:1005100030460CF09DFB3046D0F736F830460CF0F4
:10052000EFFB296830460CF093FB3046D0F72CF8EF
:1005300030460CF0E5FBD7F8E820012A01F02186CF
:10054000012200211046D1F7CDFAA64930460CF021
:100550007FFB3046D0F718F830460CF0D1FB296805
:1005600030460CF075FB3046D0F70EF830460CF0F4
:10057000C7FBD7F8EC20012A01F0FC8500210122FD
:100580000220D1F7AFFA984930460CF061FB3046B3
:10059000CFF7FAFF30460CF0B3FB296830460CF079
:1005A00057FB3046CFF7F0FF30460CF0A9FBD7F8E9
:1005B000F020012A01F0D785002101220320D1F784
:1005C00091FA8A4930460CF043FB3046CFF7DCFF06
:1005D00030460CF095FB296830460CF039FB30466C
:1005E000CFF7D2FF30460CF08BFBD7F8F420012A6E
:1005F00001F0B285002101220420D1F773FA7C4971
:1006000030460CF025FB3046CFF7BEFF30460CF0ED
:1006100077FB296830460CF01BFB3046CFF7B4FF60
:1006200030460CF06DFB734B684819684FF48472C8
:100630000CF04EFDFDF778BD2868644DD1F794FDB0
:1006400051EC100B11F0ACF96A4BC5F8D8001968E1
:100650004FF4847228460CF03BFD0B2166480FF0E6
:100660007FFBD5F8D80010F04BFE41EC100B0521B4
:1006700058480CF011F957480CF0EAF8FDF754BD52
:100680005E4D5F485F4E0B210FF06AFB29685148B1
:100690000CF0D6F84F480CF0DBF80E215A480FF05A
:1006A0005FFB31684B480CF0CBF84A480CF0D0F8AF
:1006B0003368092B05D01A2B01F00885032B7DF434
:1006C00033AD132151480FF04BFB296841480CF022
:1006D000B7F840480CF0BCF82868D3F721FAFDF7CA
:1006E00023BD28684A4DD1F73FFD51EC100B11F0A6
:1006F0000FF9102103464748EB610FF031FBE96920
:10070000344800230A220CF0BBF832480CF0A0F861
:10071000414B6C22196828460CF0DAFCFDF704BD49
:10072000D1F740FD3A4D034614213C486B620FF06F
:1007300017FB696A274800230A220CF0A1F8254814
:100740000CF086F8344B6C22196828460CF0C0FC7B
:10075000FDF7EABC324D33480B210FF001FB0023BB
:10076000296C1C480A220CF08BF81A480CF070F81F
:100770002B6C012B01F0A486312B14BF01204FF00C
:10078000FF300121F5F7FCFFFDF7CEBC244D2548D5
:100790000B210FF0E5FA296C0E4800230A220CF019
:1007A0006FF80C480CF054F8286C302801F0958252
:1007B00001F28C82002801F09082012841F0BD8274
:1007C0004FF0FF31F5F7DCFFFDF7AEBC7013FF1FF4
:1007D000100305002808FF1FD4BC04004807FF1FB2
:1007E000FCBC04004CBD04008CBD0400CCBD040066
:1007F00014BE04003416FF1F040305001416FF1F67
:10080000B80205005007FF1FC4020500D40205000E
:100810004410FF1FA40205000007FF1F8C02050003
:100820007814FF1F80020500D1F7BCFCBE4BBF4906
:10083000C3F8CC0009684FF4847218460CF048FCE9
:10084000FDF772BCD1F7AEFCB94D03460B21B94898
:100850006B600FF085FA6968B74800230A220CF034
:100860000FF8B5480BF0F4FFB44B34221968284652
:100870000CF02EFCFDF758BCD1F794FCAA4DAB4B05
:10088000C5F8C80019684FF4847228460CF020FCA3
:100890000D21AB480FF064FA0023D5F8C810A64824
:1008A0000A220BF0EDFFA4480BF0D2FFD5F8C830B8
:1008B00008AE002B01F04582A24930460CF0C8F981
:1008C0003046CFF761FE30460CF01AFA9E4B3046A8
:1008D00019680CF0BDF93046CFF756FE30460CF0E3
:1008E0000FFAFDF721BC2868984DD1F73DFC51EC7B
:1008F000100B11F055F8964BE86219686C222846E7
:100900000CF0E6FB112193480FF02AFAE86A10F088
:10091000F7FC41EC100B022187480BF0BDFF864825
:100920000BF096FFFDF700BC28688B4FDFF85C8268
:10093000D1F71AFC51EC100B11F032F8874BF86329
:100940001968602238460CF0C3FBD7ED0F6A97EDAB
:10095000107A8349C6EE877A08AE3046C8ED007A31
:100960000CF076F93046CFF70FFE30460CF0C8F9A0
:100970002B68012B01F03883032B01F03083002B0F
:1009800001F06F8298ED000ACFF7B6FD754B304647
:1009900019680CF05DF93046CFF7F6FD30460CF0E3
:1009A000AFF9032170480FF0DBF9F86B10F0A8FCE9
:1009B00041EC100B022160480BF06EFF5E480BF01B
:1009C00047FF032169480FF0CBF9386C10F098FC11
:1009D00041EC100B022158480BF05EFF56480BF01B
:1009E00037FF092162480FF0BBF9D8F8000010F07A
:1009F00087FC41EC100B02214F480BF04DFF4E4895
:100A00000BF026FFFDF790BB5A4B494F49485A4D12
:100A100000260B211E700FF0A3F933460A227968D5
:100A200045480BF02DFF44480BF012FF09215348B5
:100A30000FF096F9112152480FF092F93346696888
:100A40003D480A220BF01CFF3B480BF001FF7B687E
:100A5000013B042B3DF668ABDFE813F074046E0431
:100A6000E703DE0393052868464DD1F77DFB51EC83
:100A7000100B10F04DFF444B686619687022284631
:100A80000CF026FBFDF750BB2868334FDFF8FC80E5
:100A9000D1F76AFB51EC100B10F082FF2F4B38643A
:100AA0001968602238460CF013FBD7ED0F6A97EDFA
:100AB000107A2B49C6EE877A08AE3046C8ED007A28
:100AC0000CF0C6F83046CFF75FFD30460CF018F951
:100AD0002B68012B01F0FD84032B01F0F584002B22
:100AE00001F0318298ED000ACFF706FD1D4B30462C
:100AF00019680CF0ADF83046CFF746FD30460CF0E3
:100B0000FFF8032119480FF02BF9386C10F0F8FBAF
:100B100041EC100B022108480BF0BEFE06480BF01A
:100B200097FEFDF701BB00BF7013FF1F3416FF1FB8
:100B30000011FF1F340305002808FF1F1807FF1FBF
:100B400054BF040064BF04004807FF1F4410FF1F88
:100B50000007FF1F740305001013FF1F2C07FF1F62
:100B6000540305004C07FF1F6CEC040084060500CD
:100B700068030500DD0FFF1FB010FF1F1002050006
:100B800040030500A012FF1F2807FF1FC016FF1F0C
:100B9000D1F708FBAF4AB049B04D906503460968EC
:100BA000AB62104670226B610CF092FAAC4B6C2277
:100BB000196828460CF08CFAFDF7B6BAD2F7B2FCE9
:100BC0004FF0FF30FAF76CFBFDF7AEBAA54EA64822
:100BD00014210FF0C5F8B16DA4480BF031FEA34805
:100BE0000BF036FE2868D1F7BFFA51EC100B10F06D
:100BF0008FFEB26D0346042A3DF696AADFE812F096
:100C00005503440331031E03C7042868D1F7ACFA27
:100C100051EC100B10F07CFE954A1268013A034625
:100C20000A2A3DF681AA01A151F822F0F11203002F
:100C3000CD1203001513030029E1020029E102008F
:100C4000B10E0300B10E0300B10E0300B10E03009C
:100C5000B5150300CD1203002868854ED1F784FA3C
:100C600051EC100B10F054FE0D21054681480FF099
:100C700077F831687D480BF0E3FD7C480BF0E8FD28
:100C80003368013B0A2B3DF64FAA01A252F823F02C
:100C9000B3180300A11803000F19030029E1020093
:100CA00029E10200F50E0300F50E0300F50E030026
:100CB000F50E030053110300A1180300D2F732FC14
:100CC0000120FAF7EDFAFDF72FBAD1F76BFA6A4F68
:100CD0006A4B0028D4BF00200120196887F8DC0087
:100CE0004FF4847208AE38460CF0F2F9644930468D
:100CF0000BF0AEFF3046CFF747FC30460CF000F863
:100D00002B68012B01F01A81032B01F01281002BBB
:100D100001F00A815B4A5C4B97F8DC1030460029F1
:100D200014BF114619460BF093FF3046CFF72CFC49
:100D300030460BF0E5FF554B304619680BF088FF45
:100D40003046CFF721FC30460BF0DAFFFDF7ECB967
:100D5000EEF7F2FE484BD3F8E030012B01F0498169
:100D60004B4908A80BF074FF08A8CFF70DFC08A8A2
:100D70000BF0C6FF474908A80BF06AFF08A8CFF799
:100D800003FC08A80BF0BCFF434908A80BF060FF68
:100D900008A8CFF7F9FB08A80BF0B2FF3F4908A855
:100DA0000BF056FF08A8CFF7EFFB08A80BF0A8FF41
:100DB0003B4908A80BF04CFF08A8CFF7E5FB08A8B3
:100DC0000BF09EFF374908A80BF042FF08A8CFF7A9
:100DD000DBFB08A80BF094FF334908A80BF038FFA1
:100DE00008A8CFF7D1FB08A80BF08AFF294908A86B
:100DF0000BF02EFF08A8CFF7C7FB08A80BF080FF69
:100E00002A4908A80BF024FF08A8CFF7BDFB08A8C3
:100E10000BF076FF214908A80BF01AFF08A8CFF7BE
:100E2000B3FB08A80BF06CFF1D4908A80BF010FFDE
:100E300008A8CFF7A9FB08A80BF062FF194908A87A
:100E40000BF006FF08A8CFF79FFB08A80BF058FF90
:100E5000FDF76AB9A012FF1F2807FF1F4410FF1FEC
:100E60000007FF1F1412FF1FC4FA04002808FF1F09
:100E70005007FF1F0C0005007013FF1F3416FF1FE3
:100E800058BA0400D8B80400DCB804004C07FF1FAF
:100E9000D4EC0400DCAD0400E8EC040080B40400F1
:100EA00018E6040024E60400FCEC040010ED040045
:100EB000B14DB24FB24EB34BA8601968B862B0657D
:100EC000502228460CF004F9AF4B384619687022BE
:100ED0000CF0FEF8AD4B6C22196830460CF0F8F8B7
:100EE000AB49AC48CFF778FCA968AA48CFF75EFCBD
:100EF000FDF71AB9A04EA34BDFF88082A04F196806
:100F0000756030465022C8F800503D630CF0E0F8A0
:100F10009D4B4046196870220CF0DAF89B4B6C220E
:100F2000196838460CF0D4F89B499A48CFF754FC1E
:100F300071689848CFF73AFCFDF7F6B88E4B1A68FF
:100F4000013A032A01F25883DFE812F00A0C100C70
:100F5000510B950C884B1A68013A032A01F29E83C3
:100F6000DFE812F0E80BF60B970BA30C824E854BD3
:100F7000DFF80882824F1968356030465022C8F881
:100F800054503D600CF0A4F87F4B40461968702225
:100F90000CF09EF87D4B384619686C220CF098F8DE
:100FA0007E497C48CFF718FC31687A48CFF7FEFBC2
:100FB0000A217A480EF0D4FE294676480BF040FC10
:100FC00074480BF045FCFDF7AFB875497148B5643E
:100FD000CFF702FC31686F48CFF7E8FB6D487149E5
:100FE000CFF7FAFBB06C10F08BF90B4602210246EA
:100FF00000916848CFF7CCFB6B4B6C4819685422C2
:101000000CF066F80D216A480EF0AAFEB0EE480A10
:10101000F0EE680A02215F480BF03EFC5D480BF0E1
:1010200017FCFDF781B863495A48CFF7D5FB524BFF
:1010300058481968CFF7BAFB11215F480EF090FEAF
:10104000396854480BF0FCFB52480BF001FCFDF7EB
:101050006BB82868D1F788F851EC100B10F0A0FCA1
:10106000564BB8651968564860220CF031F80C21CF
:1010700054480EF075FEB86D10F042F941EC100BBB
:10108000022144480BF008FC42480BF0E1FBFDF75D
:101090004BB82868D1F768F851EC100B10F080FCC1
:1010A000464B78651968464860220CF011F80C210F
:1010B00044480EF055FE786D10F022F941EC100B0B
:1010C000022134480BF0E8FB32480BF0C1FBFDF77E
:1010D0002BB82868D1F748F851EC100B10F060FCE1
:1010E000364B38651968364860220BF0F1FF0C2149
:1010F00034480EF035FE386D10F002F941EC100B5B
:10110000022124480BF0C8FB22480BF0A1FBFDF79D
:101110000BB82868D1F728F851EC100B10F040FC00
:10112000264BF8641968264860220BF0D1FF0C2189
:1011300024480EF015FEF86C10F0E2F841EC100BAC
:10114000022114480BF0A8FB12480BF081FBFCF7BE
:10115000EBBF1B4E194B35601968602230460BF00F
:10116000B7FF0D490B48CFF737FB31680948CFF778
:101170001DFBFCF7D9BF00BF7814FF1FA012FF1F93
:101180004410FF1F3007FF1F2807FF1F0007FF1F26
:10119000280005002808FF1F1C00050004020500A8
:1011A0003C0605005C0605002007FF1FC011FF1F5D
:1011B0002C0605000C0B0500280B05002C07FF1F53
:1011C0001013FF1FC8080500B349B448B564CFF732
:1011D00003FBB34BB34819688C220BF079FFB16D58
:1011E000AE480BF02DFB0C21AF480EF0B9FD29469F
:1011F000AA480BF025FBA9480BF02AFBFCF794BF8B
:10120000AA49A6487564CFF7E7FAE2E7A849A348D8
:101210003564CFF7E1FADCE7A64B5B68012B08D019
:101220000120F1F7E1FEFCF77FBFA34B5B68012BC8
:10123000F6D10120F2F7D0FCFCF776BF9F49974822
:10124000C6F88430CFF7C8FAD6F884109348CFF7A1
:10125000B9FA934B934819688C220BF039FFFCF7CD
:1012600063BF97498D48C6F88030CFF7B5FAD6F8F6
:1012700080108A48CFF7A6FA894B8A4819688C22D1
:101280000BF026FFFCF750BF8E498448F367CFF779
:10129000A3FAF16F8148CFF795FA814B814819681D
:1012A0008C220BF015FFFCF73FBF87497B48B367E3
:1012B000CFF792FAB16F7948CFF784FA784B794833
:1012C00019688C220BF004FFFCF72EBF754D7F4987
:1012D0007248AB62CFF780FAA96A7048CFF772FA0A
:1012E0006F4B8C22196828460BF0F2FEFCF71CBFEE
:1012F000774D7849A8628C22284609680BF0E8FEF1
:1013000072496648CFF768FAA96A6448CFF75AFA73
:10131000FCF70ABF704D71492862342228460968DB
:101320000BF0D6FE69495D48CFF756FA296A5B484B
:10133000CFF73CFAFCF7F8BE694B5B68012B7FF4F2
:101340006FAF76E76B68012B7FF46AAF71E72868AF
:10135000584DD2F7D9F86349C3B250482B60CFF744
:101360003BFA61494D48CFF737FA29684B48CFF728
:101370001DFA5E4B1022196828460BF0A9FEFCF7F7
:10138000D3BE28684C4DD2F7BFF85949C3B2434881
:101390002B60CFF721FA54494048CFF71DFA29684E
:1013A0003E48CFF703FA534B1022196828460BF03A
:1013B0008FFEFCF7B9BE2868494DD2F7A5F84E4913
:1013C000C3B236482B60CFF707FA47493348CFF707
:1013D00003FA29683148CFF7E9F9484B1022196818
:1013E00028460BF075FEFCF79FBE2868444DD2F7E7
:1013F0008BF84449C3B229482B60CFF7EDF93A493D
:101400002648CFF7E9F929682448CFF7CFF93E4BB2
:101410001022196828460BF05BFEFCF785BE756349
:10142000EAE53A4B1868EFF72DFDFCF77DBE384B27
:1014300003221A60F1F746FDFCF776BE0022114642
:101440000320D0F74FFBFCF76FBE002211460220AD
:10145000D0F748FBFCF768BE002211460120D0F708
:1014600041FBFCF761BE002211461046D0F73AFB63
:10147000FCF75ABE012211460420D0F733FBFCF7DB
:1014800053BE244B5B68012B4AD04FF0FF30F1F77D
:10149000ABFDFCF749BE00BF4C0805002808FF1F44
:1014A0002407FF1F1412FF1F5808050048080500F5
:1014B0003C080500E010FF1FD010FF1F5CF5040082
:1014C00068000500500005003400050028000500F4
:1014D0003411FF1F1C07FF1F0011FF1F1807FF1FFC
:1014E000C010FF1F4C0205001C0205001007FF1F63
:1014F000400205000C07FF1F340205000807FF1F0C
:10150000B010FF1F100205000407FF1FC011FF1FCE
:10151000FC16FF1FF010FF1FB04B5B68012BB4D10E
:101520004FF0FF30F2F758FBFCF7FEBD00221146EA
:101530000420D0F7D7FAAA4908A80BF089FB08A81D
:10154000CFF722F808A80BF0DBFBA64B08A8196818
:101550000BF07EFB08A8CFF717F808A80BF0D0FB1C
:10156000FCF7E2BDA04B5B68012B8ED1D8E79F4B07
:101570005B68012B89D1D3E79D4B5B68012B84D13C
:10158000CEE79C4B5B68012B7FF44AAE51E69A494B
:101590009A48C6F88830CFF71FF9D6F888109748D0
:1015A000CFF710F9964B974819688C220BF090FDF5
:1015B000FCF7BABD944D95496861602228460968D8
:1015C0000BF086FD92498D48CFF706F969698B4883
:1015D000CFF7ECF8FCF7A8BD012211460320D0F7A5
:1015E00081FAFCF7A1BD012211460220D0F77AFA58
:1015F000FCF79ABD012211461046D0F773FAFCF7AA
:1016000093BD012211460020D0F76CFAFCF78CBD87
:1016100080497A48CFF7E0F87F4B78481968CFF7D0
:10162000C5F809E57D497548CFF7D6F87C4B734876
:101630001968CFF7BBF87B497048CFF7CDF86C4BF2
:10164000D8680FF05DFE022502460B466B480095F8
:10165000CFF79EF874496948CFF7BEF8624BD86857
:101660000FF04EFE009502460B466448CFF790F807
:101670006E496248CFF7B0F85C4BD8680FF040FE77
:10168000009502460B465D48CFF782F868495B48F3
:10169000CFF7A2F8514BD8680FF032FE0095024602
:1016A0000B465648CFF774F862495448CFF794F880
:1016B000504BD8680FF024FE009502460B464F4869
:1016C000CFF766F8B8E45C494C48CFF785F84D4B46
:1016D0004A48996DCFF776F8AEE458494748CFF7B6
:1016E0007BF8574B4548996DCFF76CF8A4E4EAF7BF
:1016F00051FDFCF719BD4A4E524940483560CFF7BD
:101700006BF831683D48CFF751F84F4B34221968D8
:1017100030460BF0DDFC4BE4494E4C4BB5658C225A
:10172000196830460BF0D4FC0F234949334808931D
:10173000CFF752F8B16D3148CFF744F808A94FF40C
:101740001670CFF719F843492C48CFF745F8089998
:101750002A48CFF72BF808A94FF41770CFF70CF8E9
:101760003D492648CFF738F808992448CFF71EF8A6
:1017700008A94FF41870CEF7FFFF38491F48CFF77C
:101780002BF808991D48CFF711F808A94FF41970E4
:10179000CEF7F2FF32491948CFF71EF808991748DB
:1017A000CFF704F808A94FF41A70CEF7E5FF2D49DA
:1017B0001248CFF711F808991048CEF7F7FF08A99B
:1017C0004FF42870CEF7D8FF27490C48CFF704F81C
:1017D00008990A48CEF7EAFFFFF7EABBE010FF1FBF
:1017E00028BE04004807FF1FC010FF1FD010FF1FB6
:1017F000B010FF1FF010FF1F800005002808FF1F1A
:101800002407FF1F1412FF1F1013FF1F2C07FF1FB9
:1018100028000500FC0A0500C011FF1F7C07050019
:101820000011FF1F8C070500AC070500CC07050061
:10183000EC0705000C080500E80A0500D80A0500B9
:101840003411FF1FF40105001807FF1F1C07FF1FBD
:10185000100105004C010500640105007C01050034
:1018600094010500AC010500C4010500924E9349A6
:101870009348CEF7B1FFB16D91480AF0E1FF914B6B
:10188000B56519688C2230460BF022FC8E498C48D5
:10189000CEF7A2FFB16D8A48CEF794FFFFF788BB61
:1018A000884B8548196805608C220BF011FCFCF709
:1018B0003BBC864E864B356019688C2230460BF057
:1018C00007FC84497E48CEF787FF31687C48CEF715
:1018D00079FFFCF729BCF563FFF78EBBB563FFF713
:1018E0008BBBF564FFF788BB7B4975487564CEF701
:1018F00073FF31687248CEF759FF71487749CEF7C8
:101900006BFF706CFFF76FBB3564FFF775BB744EF0
:10191000744BB5601968342230460BF0D9FB6D4921
:101920006748CEF759FFB1686548CEF73FFFFCF72F
:10193000FBBB6D4F7B6C013B032B00F25086DFE855
:1019400013F00D07B0074D06030768495C4835657D
:10195000CEF742FF3DE4664E3368013B0D2B00F2AB
:101960003586DFE813F08607B9073206B707330676
:10197000330633063306330633068607B9073206C5
:10198000B707574E3368032B00F09987042B00D11B
:101990003561544B5248196834220BF099FBFCF71F
:1019A000C3BB54494648444ECEF716FF39684448F5
:1019B0000AF046FF42480AF04BFFB36D013B032B90
:1019C00000F2FB85DFE813F04B074107F005A406A2
:1019D0003E4EB36D013B032B00F25386DFE813F05C
:1019E0005D075F075006B60643493548F564CEF7F4
:1019F000F3FEFFF7EEBB3E4E3368013B0D2B00F2CA
:101A00002F86DFE813F0480750072C068F062D06B7
:101A10002D062D062D062D062D06480750072C06EF
:101A20008F062F4E3368032B00F0E286042B00D183
:101A3000B5622C4B2A48196834220BF049FBFCF79D
:101A400073BB31282D4D00F0DE8630280ABF0023FD
:101A500068606B602A4B2948196810220BF038FB2C
:101A600028491748CEF7B8FE27491548CEF7B4FEE7
:101A700069681348CEF79AFEFCF756BB3128234D10
:101A800000F0C58630280ABF002368606B60204BD9
:101A90001E48196810220BF01BFB1E490848CEF7A0
:101AA0009BFE19490648CEF797FE69680448CEF7B1
:101AB0007DFEFCF739BB00BF1412FF1FD8010500E3
:101AC0002808FF1F2407FF1FE40105003411FF1F32
:101AD0001C07FF1F1C0005003C060500480605000A
:101AE0000011FF1F1807FF1F1013FF1F54080500E8
:101AF000C011FF1FC406050050080500E010FF1FBD
:101B00001007FF1F4C02050040030500D010FF1F07
:101B10000C07FF1F400205003128A14D00F07B8615
:101B200030280ABF002368606B609E4B9C48196890
:101B300010220BF0CDFA9C499C48CEF74DFE9C49F3
:101B40009A48CEF749FE69689848CEF72FFEFCF711
:101B5000EBBA3128974D00F0748630280ABF002375
:101B600068606B60944B9348196810220BF0B0FAD0
:101B700092498E48CEF730FE8D498C48CEF72CFE28
:101B800069688A48CEF712FEFCF7CEBA31288C4D30
:101B900000F0CA8530280ABF002368606B60894B5B
:101BA0008748196810220BF093FA87497F48CEF7CF
:101BB00013FE7F497D48CEF70FFE69687B48CEF75C
:101BC000F5FDFCF7B1BA814EB36D013B032B00F27A
:101BD0008285DFE813F0B505B705770556067C4F1B
:101BE0007B6C013B032B00F28785DFE813F08D054A
:101BF0008F058405A105774EB36D013B032B00F2E1
:101C0000CB84DFE813F058065A06B8040C06356595
:101C1000FFF7F2B9704B6E481968456460220BF00B
:101C200057FAFFF7C5B92868654DD1F76DFC6649CD
:101C3000C3B25E482B60CEF7CFFD68495B48CEF754
:101C4000CBFD29685948CEF7B1FD5E4B10221968CB
:101C500028460BF03DFAFCF767BA614B61481968FA
:101C6000056054220BF034FAFFF7A2B95E4DD5EDB2
:101C7000007AF5EE407AF1EE10FA7FF4DDA9544BCC
:101C80005A49D3ED0F6A93ED107AC6EE877A08A809
:101C9000C5ED007A0AF0DCFF08A8CEF775FC08A8AD
:101CA0000BF02EF82220D1F7FBFB95ED000ACEF7C2
:101CB00023FC4F4B08A819680AF0CAFF08A8CEF702
:101CC00063FC08A80BF01CF8FFF7B6B9312834D133
:101CD0004FF0FF310120FEF775BD4FF0FF31084690
:101CE000FEF770BD4349444D08A80AF0B1FF08A8AB
:101CF000CEF74AFC08A80BF003F8296808A80AF0F8
:101D0000A7FF08A8CEF740FC08A80AF0F9FF3B4956
:101D100008A80AF09DFF08A8CEF736FC08A80AF02C
:101D2000EFFF296808A80AF093FF08A8CEF72CFC5B
:101D300008A80AF0E5FFFCF7F7B901210846FEF70D
:101D400041BD2F49FEF7B9BD2E492B4D08A80AF019
:101D50007FFF08A8CEF718FC08A80AF0D1FF296871
:101D600008A80AF075FF08A8CEF70EFC08A80AF02C
:101D7000C7FF254908A80AF06BFF08A8CEF704FCA6
:101D800008A80AF0BDFF296808A80AF061FF08A8A2
:101D9000CEF7FAFB08A80AF0B3FFFCF7C5B900BFFD
:101DA000C010FF1F0807FF1F340205002808FF1F8F
:101DB00040030500B010FF1F0407FF1F10020500BD
:101DC000F010FF1F1407FF1F580205001412FF1F19
:101DD0001013FF1F3411FF1F2C07FF1F1C020500EB
:101DE0002007FF1FC011FF1FC016FF1F540305006F
:101DF0004C07FF1FA0BB04004807FF1FB8BB04002F
:101E000078BF040078BC040090BC0400C549C64DEE
:101E100008A80AF01DFF08A8CEF7B6FB08A80AF02C
:101E20006FFF296808A80AF013FF08A8CEF7ACFBDB
:101E300008A80AF065FFBD4908A80AF009FF08A82C
:101E4000CEF7A2FB08A80AF05BFF296808A80AF0F1
:101E5000FFFE08A8CEF798FB08A80AF051FFFCF790
:101E600063B922200EF000F8FEF78CBD0DF0A6F845
:101E700003462868DDB2D0F777F951EC100B0FF06C
:101E800047FD0E210646AA480DF06AFF2946A948DB
:101E90000AF0D6FCA7480AF0DBFC0D21A6480DF09D
:101EA0005FFF3146A3480AF0CBFC013DA1480AF090
:101EB000CFFC032D3DF6EFA9DFE805F0110C07027A
:101EC0009E4BC3F89460FDF7E6B99C4BC3F88C6059
:101ED000FDF7E1B9994BC3F88460FDF7DCB9974B86
:101EE000DE67FDF7D8B90BF0F3FF03462868DDB2D3
:101EF000C1E711460020CFF7F5FD914908A80AF087
:101F0000A7FE08A8CEF740FB08A80AF0F9FE864B0A
:101F100008A819680AF09CFE08A8CEF735FB08A8A7
:101F20000AF0EEFEFCF700B922200DF09DFFFEF74F
:101F3000F1BE22200CF0ECFFFEF7ECBE22200BF0ED
:101F4000FDFEFEF7E7BE22200DF08EFFFEF7CABDB4
:101F500022200DF089FFFDF782BB22200CF0D8FF74
:101F6000FDF77DBB22200BF0E9FEFDF778BB0DF0FD
:101F700089FE03462868DDB27DE722200DF074FF5C
:101F8000FDF769BA22200CF0C3FFFDF764BA2220E6
:101F90000BF0D4FEFDF75FBA22200DF065FFFDF7D0
:101FA000CCBA22200DF060FFFDF70ABB22200CF016
:101FB000AFFFFDF705BB22200BF0C0FEFDF700BB15
:101FC00022200CF0A5FFFCF796BF22200BF0B6FEF6
:101FD000FCF791BF22200DF047FFFCF78CBF2220B9
:101FE0000CF096FFFEF7CEBC22200BF0A7FEFEF70A
:101FF000C9BC544908A80AF02BFE08A8CEF7C4FAB9
:1020000008A80AF07DFE504908A80AF021FE08A899
:10201000CEF7BAFA08A80AF073FE4C4908A80AF0ED
:1020200017FE08A8CEF7B0FA08A80AF069FE4649DC
:1020300008A80AF00DFE08A8CEF7A6FA08A80AF02C
:102040005FFEFCF771B80DF01DFEC3B2013B032B20
:102050003EF664A9DFE803F0261A0E022868374F1F
:10206000D0F782F851EC100B0FF052FCC7F8980033
:10207000FEF755B92868314FD0F776F851EC100BC0
:102080000FF046FCC7F89000FEF749B928682B4FBF
:10209000D0F76AF851EC100B0FF03AFCC7F8880043
:1020A000FEF73DB92868254FD0F75EF851EC100BCC
:1020B0000FF02EFCC7F88000FEF731B90CF07EFF60
:1020C000C3B2C3E70BF004FFC3B2BFE71921204836
:1020D0000DF046FE296817480AF0B2FB15480AF0D1
:1020E000B7FB0020D2F79AFAFCF71EB8114602207F
:1020F000CFF7F8FC174908A80AF0AAFD08A8CEF700
:1021000043FA08A80AF0FCFD074B08A819680AF072
:102110009FFD08A8CEF738FA08A80AF0F1FDFCF7F1
:1021200003B800BFB4BF04004807FF1FC8BF0400C6
:10213000B80905002808FF1FC80905007013FF1F14
:1021400024BD0400A40B0500DCAD0400B80B0500A1
:10215000E8020500ACBD040011460420CFF7C2FC24
:10216000C149FEF74DBA11460320CFF7BBFCBF496A
:10217000FEF728BA11460220CFF7B4FCBC49FEF79F
:1021800003BA11461046CFF7ADFCBA49FEF7DEB9E7
:1021900011460020CFF7A6FCB749FEF7B9B91146A2
:1021A00000200392CFF79EFC039A11461046CFF70A
:1021B00099FC039A02201146CFF794FC039A03205E
:1021C0001146CFF78FFC039A04201146CFF78AFC03
:1021D000AA4908A80AF03CFD08A8CEF7D5F908A836
:1021E0000AF08EFDA64B08A819680AF031FD08A870
:1021F000CEF7CAF908A80AF083FDFEF714BA114613
:102200000420CFF76FFC984908A80AF021FD08A820
:10221000CEF7BAF908A80AF073FD994B08A8196817
:102220000AF016FD08A8CEF7AFF908A80AF068FD75
:10223000FBF77ABF9349944E914D08A80AF008FD28
:1022400008A8CEF7A1F908A80AF05AFDD6ED397A08
:10225000B8EE670ACEF750F9296808A80AF0F8FC2A
:1022600008A8CEF791F908A80AF04AFD874908A8FE
:102270000AF0EEFC08A8CEF787F908A80AF040FD9E
:10228000D6ED3A7AB8EE670ACEF736F9296808A88B
:102290000AF0DEFC08A8CEF777F908A80AF030FDAE
:1022A0007B4908A80AF0D4FC08A8CEF76DF908A865
:1022B0000AF026FDD6ED3B7AB8EE670ACEF71CF998
:1022C000296808A80AF0C4FC08A8CEF75DF908A898
:1022D0000AF016FD6F4908A80AF0BAFC08A8CEF764
:1022E00053F908A80AF00CFDD6ED3C7AB8EE670A5F
:1022F000CEF702F9296808A80AF0AAFC08A8CEF7C8
:1023000043F908A80AF0FCFC634908A80AF0A0FCFD
:1023100008A8CEF739F908A80AF0F2FC96ED3D0AB4
:10232000B8EE400ACEF7E8F8296808A80AF090FC51
:1023300008A8CEF729F908A80AF0E2FC3868FDF7EA
:10234000D2BF5649504E4E4D08A80AF081FC08A84D
:10235000CEF71AF908A80AF0D3FCD6ED397AB8EE10
:10236000670ACEF7C9F8296808A80AF071FC08A81E
:10237000CEF70AF908A80AF0C3FC494908A80AF0F0
:1023800067FC08A8CEF700F908A80AF0B9FCD6ED5A
:102390003A7AB8EE670ACEF7AFF8296808A80AF0CB
:1023A00057FC08A8CEF7F0F808A80AF0A9FC3D49A8
:1023B00008A80AF04DFC08A8CEF7E6F808A80AF02D
:1023C0009FFCD6ED3B7AB8EE670ACEF795F8296800
:1023D00008A80AF03DFC08A8CEF7D6F808A80AF02D
:1023E0008FFC314908A80AF033FC08A8CEF7CCF8D6
:1023F00008A80AF085FCD6ED3C7AB8EE670ACEF75D
:102400007BF8296808A80AF023FC08A8CEF7BCF8D6
:1024100008A80AF075FC254977E7254DD5ED007A27
:10242000F5EE407AF1EE10FA7EF406AE214B224929
:10243000D3ED0F6A93ED107AC6EE877A08A8C5ED42
:10244000007A0AF005FC08A8CEF79EF808A80AF062
:1024500057FC2220D1F724F895ED000ACEF74CF86E
:10246000164B08A8196861E738BE0400F0BD0400E7
:10247000ACBD04006CBD040024BD0400E8BC040035
:102480004807FF1FD80905007013FF1FF409050056
:10249000140A0500340A0500540A0500740A0500F0
:1024A000880A05009C0A0500B00A0500C40A050058
:1024B000C016FF1F1013FF1F540305004C07FF1F1A
:1024C0004FF0FF30FEF75DB922200CF021FDFEF742
:1024D00009BB22200BF032FCFEF704BB114610466C
:1024E000CFF700FBA94908A80AF0B2FB08A8CEF76D
:1024F0004BF808A80AF004FCA54B08A819680AF0D4
:10250000A7FB08A8CEF740F808A80AF0F9FBFBF7EC
:102510000BBE11460320CFF7E5FA9E4908A80AF042
:1025200097FB08A8CEF730F808A80AF0E9FB984B0B
:1025300008A819680AF08CFB08A8CEF725F808A8A7
:102540000AF0DEFBFBF7F0BD22200CF0E1FCFCF70B
:10255000F4BF22200BF0F2FBFCF7EFBF8E498F484F
:10256000CEF73AF939688D480AF06AF98B480AF0D3
:102570006FF9FEF761BD8A4988487563CEF72CF97B
:10258000B16D8648CEF71EF986498448CEF724F906
:10259000716B8248CEF716F9834B844819688C22F8
:1025A0000AF096FDFBF7C0BD81497C48F560CEF787
:1025B00013F9F1687948CEF705F97E4B7E48196822
:1025C0008C220AF085FDFBF7AFBDF5617B4B7C48A3
:1025D000196854220AF07CFDFBF7A6BDFD60794B1B
:1025E0007948196860220AF073FDFBF79DBD7749B1
:1025F000774ADD61CD60D563764B774D19687748B2
:1026000050220AF065FD2968704870220AF060FDCA
:10261000734B6F4819686C220AF05AFD2E6808AD9A
:10262000761BA8190AF03AFD05F8010B24AB9D4270
:10263000F7D16C495948CEF7CFF80A995748CEF7E9
:10264000B5F8FBF771BDEEF73DF9FEF783BBEDF78B
:102650005DFCFEF77FBBECF76FF9FEF77BBB3562E5
:10266000564B5748196854220AF032FDFBF75CBDFF
:10267000EDF77EFFFEF76EBBECF7D8FCFEF76ABB0A
:10268000F560494B494819688C220AF021FDFBF797
:102690004BBD4E494E4A1D624D6355664D4B4F48EA
:1026A000196850220AF014FD4B4B484819687022F3
:1026B0000AF00EFD4A4B464819686C220AF008FDE4
:1026C000FBF732BD484935487563CEF785F8716B25
:1026D0003248CEF777F8374B374819688C220AF022
:1026E000F7FC41492D48CEF777F8B16A2B48CEF771
:1026F00069F8FBF719BD3D62324B33481968602217
:102700000AF0E6FCFBF710BDBD61F5E7FD61F3E7FC
:10271000274922483561CEF75FF831691F48CEF767
:1027200051F84AE7F5629BE701236B60FFF737BA80
:102730007D62E1E72549264A1D61CD62D565ADE799
:10274000F562C8E73563C6E73D6148E7356198E75C
:102750001E491F4A9D610D6315669FE77D603EE738
:102760001A491B4ADD604D60556345E7174E184A0C
:102770001E490A485D619563B560CEF72DF8B168D2
:10278000064800230A220AF07BF835E76CBD0400F6
:102790004807FF1FF0BD04001C0B05002808FF1FA1
:1027A000FC060500040705001C07FF1F3411FF1F6E
:1027B0001C0005002407FF1F1412FF1F2007FF1F26
:1027C000C011FF1F2C07FF1F1013FF1FA012FF1FB8
:1027D0004410FF1F3007FF1F2807FF1F7814FF1F3B
:1027E0000007FF1F40C604002800050060C6040063
:1027F0003A493B487562CDF7EFFF716A3848CDF72B
:10280000D5FFFFF716B901236B60FFF723B901234A
:102810006B60FFF73CB901236B60FFF786B9314964
:102820002F48B563CDF7D8FFB16D2D48CDF7CAFF5E
:102830002D492B48CDF7D0FFB16B2948CDF7C2FF0A
:10284000AAE601236B60FFF78DB928492448B560DB
:10285000CDF7C2FFB1682248CDF7B4FFADE62349FA
:102860001F487560CDF7B8FF71681D48CDF7AAFF06
:10287000A3E67560AAE61E491E4A5D620D611564F5
:10288000BAE61D491648B563CDF7A6FFB16B1448EB
:10289000CDF798FF1FE7B560E2E67560F1E6B56039
:1028A000EFE6BD609BE67561DAE61149114A9D626B
:1028B0008D639566F2E6F5626EE635636CE60F4968
:1028C0000748F560CDF788FFF1680548CDF76EFF42
:1028D000FFF75FB8B56279E6356177E64C0705002A
:1028E0002808FF1FFC060500280705001C0005003E
:1028F000A012FF1F4410FF1F28000500A0060500BE
:102900002DE9F84F824E834C834DDFF86082834F70
:102910000AF08EFB002130460AF09AF93046804ECC
:10292000224629460EF082FB002130460AF090F93B
:1029300030467C4E224629460EF078FB0021304678
:102940000AF086F93046784E224629460EF06EFB94
:10295000002130460AF07CF93046744E2246294662
:102960000EF064FB002130460AF072F93046704EDA
:10297000224629460EF05AFB314640460AF068F9D5
:102980002246294640460EF051FBDFF8E481002143
:1029900038460AF05DF92246294638460EF046FBD5
:1029A000644F314640460AF053F9224629464046D4
:1029B0000EF03CFBDFF8BC81314638460AF048F99E
:1029C0002246294638460EF031FB5B4F31464046E1
:1029D0000AF03EF92246294640460EF027FBDFF872
:1029E0009881314638460AF033F92246294638465E
:1029F0000EF01CFB514F314640460AF029F92246A1
:102A0000294640460EF012FBDFF870813146384609
:102A10000AF01EF92246294638460EF007FB484FB9
:102A2000314640460AF014F92246294640460EF047
:102A3000FDFA314638460AF00BF922462946384657
:102A40000EF0F4FA022203213E4808F025FE05228A
:102A500006213D4808F020FE142215213B4808F0CD
:102A60001BFE172210213A4808F016FE13221221ED
:102A7000384808F011FE3848384B43600025384B81
:102A8000384985604FF0800B4FF0010A4FF009097B
:102A900042F29F4841F2883705262246C56080F8F9
:102AA00010B080F82850C565056680F864508566CA
:102AB00080F890500360C0F86CA0C0F81890C0F87F
:102AC0001C800767466740610EF0B0FA2648234B2A
:102AD000436080F810B0224BC0F86CA02246C0F8CA
:102AE0001890C0F81C80076746678560C56080F84D
:102AF0002850C565056680F864508566036080F8D7
:102B0000905018494061BDE8F84F0EF08FBA00BFF1
:102B10008C16FF1FF806FF1F01CD03003810FF1FA2
:102B2000A416FF1F9816FF1FB40FFF1FC00FFF1F33
:102B3000001205000810FF1F2C10FF1FFC0FFF1FC5
:102B40003816FF1F3818FF1FDC17FF1F9C17FF1FC9
:102B50001C17FF1F5C17FF1FC814FF1FC80E0500BE
:102B6000F00E0500857801005C15FF1F0816FF1F99
:102B70001410FF1FE40FFF1FF00FFF1F2010FF1F97
:102B8000F0B5724C8DB023680393039A23680293C7
:102B9000029B9B1A0E2BF9D96D4D6E480C210BF040
:102BA000D7F82E6836B1304611F06AFF014630463C
:102BB0000BF0CEF823680193019A23680093009BE1
:102BC0009B1A0E2BF9D96448644E4FF4612109F029
:102BD000A5FA0BF069F900287FDC3368012B0DD1D1
:102BE0000A215F480DF0BCF831685E4809F028FE04
:102BF0005C480DB0BDE8F04009F02ABE2368079399
:102C0000079A23680693069B9B1A0E2BF9D9514805
:102C10000C210BF05DFD2F6837B1384611F030FF05
:102C2000014638460BF054FD23680593059A236846
:102C30000493049B9B1A0E2BF9D94B484FF4612146
:102C400009F0E4FA0BF0F0FD002863DC3368042B94
:102C5000C6DD23680B930B9A23680A930A9B9B1A81
:102C60000E2BF9D93B480C210CF05CF92F6837B1D9
:102C7000384611F005FF014638460CF053F9236839
:102C80000993099A23680893089B9B1A0E2BF9D97C
:102C900036484FF4612109F071FB0CF07BF90028F4
:102CA0009EDD03230C21324833600DF059F8316862
:102CB0002C4809F0C5FD2B4809F0CAFD2D48072115
:102CC0000CF030F92C68002C8AD0204611F0D8FE88
:102CD000014620460CF026F982E701230C21264804
:102CE00033600DF03DF831681E4809F0A9FD1D481C
:102CF00009F0AEFD1F4807210BF02AF82F68002FBE
:102D00003FF46BAF384611F0BBFE014638460BF07E
:102D10001FF862E702230C21184833600DF020F8F9
:102D20003168104809F08CFD0E4809F091FD1148FA
:102D300007210BF0CDFC2F68002F87D0384611F00B
:102D40009FFE014638460BF0C3FC7FE70C1FFF1FB8
:102D50004807FF1F080C0500A807FF1F6007FF1F9B
:102D6000000005002808FF1FBC07FF1FD007FF1F3A
:102D7000400C0500280C0500180C0500300C05005F
:102D80002DE9F04FC14EC24CC24FDFF88C9399B081
:102D900001210D200AF070FC356840F2EE280DF09C
:102DA000E5F82378002B00F051833B78DB0740F1F6
:102DB0004D833368D9F800209B1A0E2B40F24683CE
:102DC00033680193019A33680093009B9B1A0E2B82
:102DD000F9D9B14BB1481C68B14F05210CF0C0FFC7
:102DE0000A2200232146AF4809F04AFDAD4809F008
:102DF0002FFDFFF7C5FE0A21AB480CF0B1FFAB4B2E
:102E0000A848196809F01CFDA64809F021FDA84B47
:102E10001D683C46ED1B07F5847860190AF03EF901
:102E200004F8010B4445F8D1DFF8F092DFF8F0B276
:102E3000D9F800505C46A5EB0B050BF18C08601926
:102E40000AF02CF904F8010B4445F8D134219948D3
:102E50000CF086FF0023D9F8001092480A2209F0EE
:102E60000FFD904809F0F4FC934B1D68934BED1A4D
:102E70001C4603F1500860190AF010F904F8010B20
:102E80004445F8D18E4BDFF89CA21C68D046A4EBD9
:102E90000A040AF18C0508EB04000AF0FFF808F8B0
:102EA000010BA845F7D1874B1C68874BE41A98465D
:102EB00003F1340508EB04000AF0F0F808F8010B00
:102EC000A845F7D1814BDFF860821C6808F1100536
:102ED000A4EB080408EB04000AF0E0F808F8010B82
:102EE000A845F7D17A4BDFF844821C6808F1100539
:102EF000A4EB080408EB04000AF0D0F808F8010B72
:102F0000A845F7D1734BDFF828821C6808F110053B
:102F1000A4EB080408EB04000AF0C0F808F8010B61
:102F2000A845F7D16C4BDFF80C821C6808F110053E
:102F3000A4EB080408EB04000AF0B0F808F8010B51
:102F4000A845F7D1654BDFF8F0811C6808F1100542
:102F5000A4EB080408EB04000AF0A0F808F8010B41
:102F6000A845F7D15E4B1C685E4BE41A984603F106
:102F7000540508EB04000AF091F808F8010BA84585
:102F8000F7D1594B1C68594BE41A984603F1600578
:102F900008EB04000AF082F808F8010BA845F7D105
:102FA000534BDFF898911C68C846A4EB090409F15B
:102FB000700508EB04000AF071F808F8010BA84549
:102FC000F7D14C4B1C684C4BE41A984603F16C0546
:102FD00008EB04000AF062F808F8010BA845F7D1E5
:102FE000132146480CF0BCFEDBF858102D4809F0C0
:102FF00027FC2C4809F02CFC122141480CF0B0FEB3
:10300000DAF85810274809F01BFC264809F020FC84
:103010001A213C480CF0A4FE2B4B224859680A2286
:10302000002309F02DFC1F4809F012FC132136483B
:103030000CF096FE2B4B1B4819680A22002309F05E
:103040001FFC184809F004FC132130480CF088FEDE
:103050001A4B144819680A22002309F011FC114880
:1030600009F0F6FB12212A480CF07AFE00230A220E
:10307000D9F854100B4809F003FC0A4809F0E8FBA2
:10308000172124480CF06CFE1B4B59E00C1FFF1F4E
:10309000A821FF1FCC21FF1FC421FF1F500C0500DA
:1030A0007013FF1F2808FF1F000005006007FF1FA7
:1030B0003416FF1F580C05003007FF1F7814FF1F40
:1030C0002407FF1F1807FF1F0011FF1F0407FF1F22
:1030D0000807FF1F0C07FF1F1007FF1F1407FF1F24
:1030E0002007FF1FC011FF1F2C07FF1F1013FF1F1A
:1030F0002807FF1F0007FF1F4410FF1F48F20400AE
:10310000D8040500EC040500080505001C050500B1
:103110003005050044050500D021FF1F1C07FF1FD7
:103120003411FF1F1412FF1FB010FF1FC010FF1F2C
:10313000D010FF1FE010FF1FF010FF1FA012FF1F95
:10314000C94819680A22002309F09AFBC64809F009
:103150007FFB1321C5480CF003FEC54AC248516CE1
:1031600000230A2209F08CFBBF4809F071FB012102
:103170000A200AF081FA01210A200AF039FA012115
:1031800009200AF079FA012109200AF031FACEF774
:1031900053FC012104200AF06FFA01210E200AF0ED
:1031A0006BFA012116200AF067FA012111200AF0BA
:1031B00063FA01210F200AF05FFA0021084601227C
:1031C000CEF790FC012210460021CEF78BFC0122A5
:1031D00000210220CEF786FC012200210320CEF739
:1031E00081FC012200210420CEF77CFCD7F8E420EA
:1031F000012A00F0578315ACD7F8E820012A00F027
:103200000F83D7F8EC20012A00F0C882D7F8F0200D
:10321000012A00F06F82D7F8F420012A00F02882FA
:10322000202194480CF09CFD00230A22D7F8E410DA
:103230008D4809F025FB8C4809F00AFB8E49204691
:1032400009F006FD2046CDF79FF9204609F058FD0C
:103250008A4B1B68012B00F00782032B00F00082D1
:10326000002B00F0F981D7ED397A854DB8EE670A69
:10327000CDF742F92968204609F0EAFC2046CDF74F
:1032800083F9204609F03CFD1B217E480CF068FDC7
:1032900000230A22D7F8F410734809F0F1FA7248B3
:1032A00009F0D6FA7849204609F0D2FC2046CDF73D
:1032B0006BF9204609F024FD704B1B68012B00F0D0
:1032C000C781032B00F0C081002B00F0B981D7ED3E
:1032D0003D7AB8EE670ACDF70FF92968204609F064
:1032E000B7FC2046CDF750F9204609F009FDF86EED
:1032F000A0F10A031D2B40F2DF80386FA0F10A0312
:103300001D2B40F2F280B869A0F10A031D2B40F298
:103310000581F869A0F10A031D2B40F21781F86AB4
:10332000092800F22981386B092800F23C81F86CE9
:10333000092800F24F81386D092800F26281D7F820
:103340000001A0F10A031D2B00F2AE80C0B20121E2
:103350000AF092F9012197F800010AF049F997F86B
:1033600000010AF07BF90A21044648480CF0F8FCF9
:103370003D4800230A22214609F082FA3A4809F022
:1033800067FA33681393139A33681293129B9B1A4C
:10339000092BF9D9D7F8F800A0F10A031D2B40F248
:1033A000448133681593159A33681493149B9B1AC0
:1033B000092BF9D9D7ED106A97ED027A344C3548CC
:1033C000C6EE877A1F21C4ED007A0CF0C9FCB868FC
:1033D0000DF096FF41EC100B0521234809F05CFA33
:1033E000214809F035FA1E212B480CF0B9FC386C45
:1033F0000DF086FF41EC100B05211B4809F04CFA3B
:10340000194809F025FA0F2124480CF0A9FC20687E
:103410000DF076FF41EC100B0521134809F03CFA42
:10342000114809F015FA0E211D480CF099FC0E48C0
:1034300009F00EFACEF712FA07211A480CF090FCA8
:10344000094819B0BDE8F04F09F002BA3368227894
:103450005B1B32B1B3F5FA6F3FF6B2AC0CF086FDF0
:103460009DE44345FAD9ABE42808FF1F5C0505003D
:103470001013FF1FE00C0500040D05006007FF1F7F
:103480004C07FF1F180D0500340D050094B1040012
:103490008018FF1F640D0500840D0500A40D0500B4
:1034A000B40D0500C40D05001821B3480CF058FCFC
:1034B000B24809F0CDF964E70221C0B20AF0DCF8A5
:1034C00033680393039A33680293029B9B1A092B78
:1034D000F9D997F86C0097F8FC100AF089F8386F62
:1034E000A0F10A031D2B3FF60EAF0221C0B20AF075
:1034F000C3F833680593059A33680493049B9B1AB9
:10350000092BF9D997F8700097F8FC100AF070F8B9
:10351000B869A0F10A031D2B3FF6FBAE0221C0B231
:103520000AF0AAF833680793079A33680693069B54
:103530009B1A092BF9D9387E97F8FC100AF058F835
:10354000F869A0F10A031D2B3FF6E9AE0221C0B2D3
:103550000AF092F833680993099A33680893089B34
:103560009B1A092BF9D9387F97F8FC100AF040F81C
:10357000F86A09287FF6D7AE0221C0B20AF07CF8BB
:1035800033680B930B9A33680A930A9B9B1A092B97
:10359000F9D997F82C0097F8FC100AF029F8386B45
:1035A00009287FF6C4AE0221C0B20AF065F833687C
:1035B0000D930D9A33680C930C9B9B1A092BF9D928
:1035C00097F8300097F8FC100AF012F8F86C092808
:1035D0007FF6B1AE0221C0B20AF04EF833680F9305
:1035E0000F9A33680E930E9B9B1A092BF9D997F803
:1035F0004C0097F8FC1009F0FBFF386D09287FF6A6
:103600009EAE0221C0B20AF037F833681193119AC6
:1036100033681093109B9B1A092BF9D997F8FC106B
:1036200097F8500009F0E4FF89E60221C0B20AF0E1
:1036300023F897F8FC1097F8F80009F0D9FFB0E6E6
:1036400022200CF011FC42E622200BF061FC3EE649
:1036500022200AF073FB3AE622200CF005FC02E679
:1036600022200BF055FCFEE522200AF067FBFAE56C
:1036700011460420CEF736FA4149424D204609F062
:10368000E7FA2046CCF780FF204609F039FB29688D
:10369000204609F0DDFA2046CCF776FF204609F0F7
:1036A0002FFB3949204609F0D3FA2046CCF76CFFAE
:1036B000204609F025FB2968204609F0C9FA204672
:1036C000CCF762FF204609F01BFB3049204609F089
:1036D000BFFA2046CCF758FF204609F011FB2968B5
:1036E000204609F0B5FA2046CCF74EFF204609F0F7
:1036F00007FB95E511460320CEF7F4F92449214D47
:10370000204609F0A5FA2046CCF73EFF204609F0F6
:10371000F7FA2968204609F09BFA2046CCF734FFD7
:10372000204609F0EDFA1B49204609F091FA20469F
:10373000CCF72AFF204609F0E3FA2968204609F071
:1037400087FA2046CCF720FF204609F0D9FA124923
:10375000204609F07DFA2046CCF716FF204609F0F6
:10376000CFFA2968204609F073FA2046CCF70CFFFF
:10377000204609F0C5FA4EE5480D05002808FF1F50
:10378000D00C05004807FF1F4CBE040040AF0400EA
:10379000C00C050004BE0400D4AE04001146022093
:1037A000CEF7A0F96149624D204609F051FA204652
:1037B000CCF7EAFE204609F0A3FA2968204609F072
:1037C00047FA2046CCF7E0FE204609F099FA59491D
:1037D000204609F03DFA2046CCF7D6FE204609F0F7
:1037E0008FFA2968204609F033FA2046CCF7CCFE40
:1037F000204609F085FA5049204609F029FA20466A
:10380000CCF7C2FE204609F07BFA2968204609F071
:103810001FFA2046CCF7B8FE204609F071FAF5E40D
:1038200011461046CEF75EF94449414D204609F055
:103830000FFA2046CCF7A8FE204609F061FA296865
:10384000204609F005FA2046CCF79EFE204609F0F6
:1038500057FA3B49204609F0FBF92046CCF794FE85
:10386000204609F04DFA2968204609F0F1F9204672
:10387000CCF78AFE204609F043FA3249204609F087
:10388000E7F92046CCF780FE204609F039FA29688E
:10389000204609F0DDF92046CCF776FE204609F0F7
:1038A0002FFAAEE4114615AC0020CEF71BF92649DD
:1038B0001F4D204609F0CCF92046CCF765FE204686
:1038C00009F01EFA2968204609F0C2F92046CCF713
:1038D0005BFE204609F014FA1C49204609F0B8F9AD
:1038E0002046CCF751FE204609F00AFA2968204606
:1038F00009F0AEF92046CCF747FE204609F000FA61
:103900001349204609F0A4F92046CCF73DFE204695
:1039100009F0F6F92968204609F09AF92046CCF713
:1039200033FE204609F0ECF966E400BFB00C050058
:103930004807FF1FC0BD040080AE0400A00C0500B6
:1039400080BD04002CAE0400900C050038BD0400BE
:10395000BCAD0400704700BF30B583B005460C46CF
:1039600009F0D2FD1C4B984204D800232B80238001
:1039700003B030BD694609F0B5F89DF806309DF8F2
:1039800005109DF80420503B9BB27F2B05D80131D8
:10399000C9B20C2901D81F2A11D900239DF8022091
:1039A0002B80172A9DF801309DF8001003D83B2B7F
:1039B00001D83B2909D90023238003B030BD42EA56
:1039C000411242EA43239BB2E8E75B0143EAC22388
:1039D00043EA51039BB2EFE7FFA5CE1210B5D0F832
:1039E00084448EB00A4644B10023214668460093C1
:1039F00002F02CFF80B90EB010BDD0F8881441B190
:103A0000234668460C9401F0D9F850B900200EB056
:103A100010BD08460EB010BD684603F035F90EB073
:103A200010BD684601F088F90028EFD0E3E700BF39
:103A300070B5D0F884548EB016465DB105F5896531
:103A400000230A4668462946009302F07DFE90B99D
:103A50000EB070BDD0F888040028F9D000F5896454
:103A60000A462B46214668460C9501F03FF848B9B6
:103A700000200EB070BD32462946684603F048F873
:103A80000EB070BD32462146684601F0A7FA002804
:103A9000EED0DDE710B5D0F884448EB00A464CB1C4
:103AA0000020009001232146684602F0CFFE80B935
:103AB0000EB010BDD0F8881441B1012368460C94B3
:103AC00001F07CF850B900200EB010BD08460EB0D1
:103AD00010BD684603F074FF0EB010BD684601F0DB
:103AE000D1F80028EFD0E3E730B5D0F884448FB0A8
:103AF0000A464CB10025012304F58961684600950A
:103B000002F0ACFD0FB030BDD0F888040028F9D029
:103B100000F58961012368460C9401F0CDFA0FB0DD
:103B200030BD00BF10B5D0F884448EB00A463CB119
:103B3000002321466846009302F088FE0EB010BDB7
:103B4000D0F8881431B1234668460C9401F036F859
:103B50000EB010BD08460EB010BD00BFF8B505464A
:103B600090F8CC0408B90146F8BDD5F88434002B90
:103B70004CD0DC69D5F89004013C002854D003688F
:103B8000DB6B9847E0B1D5F8900478B303681B6C01
:103B90009847A8B9D5F8900440B3036801215B6C3D
:103BA0009847074610B3D5F8840458BBD5F8886405
:103BB00033466EB9D5F8900490B900200146D3E79A
:103BC000D5F88404E8B9D5F88834002BF5D0074639
:103BD000184602F009FB06463FB1D5F8900428B11B
:103BE000036800215B6C984700B1A41BD5F88434AE
:103BF000FBB19B794FF40071994089B2A1FB04019C
:103C0000F8BD002704F020FD0646E5E7D5F8883426
:103C1000D5F89004B3B1D3F830440028AFD118469A
:103C200002F0E2FA0646E0E7184604F00DFD06460B
:103C3000DBE7D5F88864002EBFD0D6F83C14A1FB92
:103C40000401F8BD0028B8D01C4698E790F8CC34A1
:103C500063B1D0F8843463B19A79D9694FF40070B4
:103C6000904080B20139A0FB01017047184601461F
:103C70007047D0F888040028F9D0D0F83C14D0F868
:103C80003004A1FB000170472DE9F043D0F89054B7
:103C90008DB04DB198462B680446DB69284698479D
:103CA000B0F5405F064604D8002630460DB0BDE8AA
:103CB000F0834FF400700EF08BF907460028F3D024
:103CC0000DF10409B6F1806F024643462946484685
:103CD0002FD901F069FD064638460EF081F9002E15
:103CE000E2D02B6828461B6A984794F8BC34FF2B17
:103CF00004F1040721D0D4F8C0340293D4F8C434BA
:103D00000393B4F8BC34ADF8043004F5946599E835
:103D10000E00284607F06AF894F8AD34C4F89054C1
:103D2000002BC2D101231A462946384604F0CEFEA4
:103D3000BBE704F059F90646CEE704F2944594F83F
:103D4000C814284605F0CEFCC4F89054284604F068
:103D5000CBFF0028A9D10123D4F890141A46384685
:103D600004F0B4FEA1E700BFF0B5D0F8906485B0D0
:103D70000446E6B190F8CC5495B190F8CD34FE2BC2
:103D80005DD094F8CE043F283CD9336869469B6CDB
:103D9000304698470546284684F8CC5405B0F0BD17
:103DA00090F8CE043F2808D809F058FC28B900251F
:103DB000284684F8CC5405B0F0BD94F8BC34FF2BF1
:103DC00004F1040724D0D4F8C034B4F8BC2401931F
:103DD000D4F8C4340293ADF8002004F594666B4621
:103DE0000ECB304607F002F894F8AD34C4F8906476
:103DF000002BDDD101231A463146384604F066FE19
:103E00000546D5E709F02AFC051E18BF0125CFE7B6
:103E100004F2944694F8C814304605F063FCC4F8E4
:103E20009064304604F060FF0028C1D10123D4F82B
:103E300090141A46384604F049FE0546B8E7336840
:103E400030461B6A9847336830465B6D9847431C81
:103E500097D0051E18BF0125AAE700BFF0B50C4694
:103E6000054685B0284800F0EDF8FE2C85F8CD44D5
:103E700026D03F2C02D9002005B0F0BD0026234BF0
:103E800002938DF804408DF80560039605F594675C
:103E9000C5F8C03404AB13E90E0085F8BC4485F8BE
:103EA000BD64C5F8C464384606F0A0FF95F8AD348B
:103EB000C5F89074F3B1304685F8CC0405B0F0BD78
:103EC00005F294460024FF23214685F8BC3485F88A
:103ED000C844304605F006FCC5F89064304604F04E
:103EE00003FF70B90123D5F890141A46281D04F079
:103EF000EDFDE1E701231A463946281D04F0E6FDF1
:103F0000DAE72046D8E700BF5939030040787D0141
:103F100016481749174A4FF0290C10B4002380F8AF
:103F2000ADC4C0F8A8144FF0FF0C4FF47F41124C01
:103F3000A0F8CC14C0F89424A0F89C340F4A80F860
:103F4000B13480F8C83480F8CEC40460C0F8A0242E
:103F50000B490C4A5DF8044BC0F88434C0F888342F
:103F6000C0F8903480F8B8340DF060B88818FF1F9E
:103F7000032000382C120500380F05009C120500A4
:103F800055390300F806FF1F30B50378DC0783B00E
:103F90001DD504464068E168036804F110020192EF
:103FA0005B6A9847019A0546A8B12378990708D516
:103FB000A3686068E168194403685B6A984750B178
:103FC000237823F001032846237003B030BD012578
:103FD000284603B030BD0025284603B030BD00BFE1
:103FE000F8B543680BB3C3688B4204460E461546CA
:103FF00006D110F8103B05F003052B432370F8BDE4
:10400000FFF7C2FF88B16B0705D504F110073846EA
:10401000E6600023EFE76068036804F110071B699E
:104020003A46314698470028F1D10020F8BD00BF3C
:10403000034B4FF0000C82F800C01B68184700BF0C
:104040005C1DFF1F024A034B034911601860704753
:10405000581DFF1F5C1DFF1F3140030010B50446B3
:10406000808982B018B10023A38102B010BD6368BB
:10407000A1688B42F9D201AA184600F0B7F880B1C6
:10408000019B6060B3F5803F01D298B2EDE7980ADA
:10409000C3F30902A2F51053A0F52150A38180B209
:1040A000E3E74FF6FF70E0E7B1F5807F20D81029F5
:1040B0002DD840234FF0200CB2FBF3F1B1F5806F07
:1040C0001FD210B5B2FBFCF403FB11234FEA910E93
:1040D0000CFB14222EF03F0E013242EA0E02C9B24E
:1040E000D2B2B3FBFCF3DBB203704270817010BD3F
:1040F0003F239C46802910D9B1F5FC7F0FD81B01C6
:10410000DAE7FF21FE230370417081707047202998
:1041100016D880234FF0200CCEE7DB00CCE7B1F5BA
:104120007C7F04D9B1F5FC6F03D89B01C4E75B0128
:10413000C2E7B1F57C6F94BFDB01C3EB0323BBE7A0
:1041400020239C46D6E700BF7F28A2EB010205D8BA
:1041500012B10A4602F8010B10467047B0F5006F25
:104160000FD2012A3FD90A464FEA901C00F03F03C4
:104170006CF03F0002F8020B63F07F034B701046B7
:104180007047B0F5803F14D2022A2CD9C0F38512B3
:104190004FEA103C62F07F0200F03F0060F07F03C6
:1041A0006CF01F0C4A70CA1C81F800C08B7010465E
:1041B0007047032A17D9C0F305324FEA904CC0F379
:1041C000851362F07F0200F03F006CF00F0C63F08B
:1041D0007F0360F07F004A700A1DC87081F800C03C
:1041E0008B70104670470022B6E700BF88423BD272
:1041F00010B4034690F900001C7800282BDA04F074
:10420000E000C02832D004F0F000E02832D004F002
:10421000F800F02824D104F0070404201844884250
:104220001ED8013313F8011B01F0C00CBCF1800F44
:1042300001F03F0141EA841412D18342F2D10F4BC5
:10424000A4F1800199420BD8A4F55843B3F5006F4F
:1042500006D3146001E01460581C5DF8044B7047ED
:1042600000205DF8044B70470020704704F01F04E5
:104270000220D3E704F00F040320CFE77FFF1000F4
:104280007E2843D910B44FF0350C294C002305E0AB
:1042900034F8221081428CBF94461346ACEB0301E4
:1042A000012903EB5102F3D89BB234F8232090424A
:1042B0001BD2204C4FF04B0C002305E034F82210A9
:1042C00081428CBF94461346ACEB0301012903EBFA
:1042D0005102F3D89BB234F82320824204BF04EB8E
:1042E000830460885DF8044B704704EB8304821AF2
:1042F000E3789A42DDDA94F90230012B10D0A3B1B1
:104300009BB2034498B25DF8044B7047A0F161037F
:10431000192B8CBF00230123A0EB431398B27047E5
:1043200002F00102831A98B2DCE74EF2A033E8E70C
:104330008C100500600F050070B500F124038C4659
:104340000546164693E8070084B001AC84E80700F0
:10435000286A4FEA4C12214601F066FE012806D178
:10436000286A3246214601F043FE04B070BD0020A9
:1043700004B070BD10B5044600F0A8FD002384F819
:10438000313084F8333010BD38B513460D46002265
:1043900000F12401006A1C4601F02AFE20B1438985
:1043A0002B8003892380012038BD00BF38B5134618
:1043B0000D46002200F12401006A1C4601F018FE9F
:1043C00020B1C3892B8083892380012038BD00BFA1
:1043D00038B590F831300BB1002038BD04460D4699
:1043E000382219460FF0B8FC0120402384F8313000
:1043F00084F83300256238BD30B40C78202C03D10A
:1044000011F8014F202CFBD0116091600C783CB367
:10441000224D0CE0A4F1220C5FFA8CFC25FA0CFC76
:104420001CF0010F10D12E2C16D10C78C4B12F2CFA
:1044300025D03C2C01F1010109D8212CEAD804F146
:10444000FF3CBCF11E0F16D8002030BC70475C2C1E
:10445000FAD00AD97C2CF7D091600C78002CE6D1E8
:10446000196030BC114601F0ADBC3E3C012CF3D8C4
:10447000002030BC7047202CD7D09160EDE70C466F
:10448000214614F801CBBCF1200FF9D0BCF12F0F5D
:10449000F6D0196030BC114601F094BC0121000532
:1044A0002DE9F04F90F83330DC0783B005466CD52A
:1044B00058068B46904640F1B480D5E90023D5E9F3
:1044C000041018EB020443F10003A14270EB030354
:1044D000C0F0AD80B8F1000F53D0D5E900324646A8
:1044E000D5F82090D9F838441C40C4F3080A002CB1
:1044F00056D1134376D195F831305A064CBFD9F8CE
:104500003414E969A96199F84534D9F82C240239A1
:1045100099401144B6F5007F4FD3D9F81C228A4246
:104520004BD0B6F5806F64D34FF0010A0AFA03FA54
:10453000AAEB040A730A9A4528BF9A468A424FEAB0
:104540004A240AD30AEB01039A4206D209F5047001
:104550000191FFF719FD0199B8B1D9F81402076864
:104560005346D7F814905A46C84770B12346D5E948
:1045700000125B1842F10002361BC5E90032A34469
:10458000AED1404603B0BDE8F08F95F832304FF021
:10459000FF3043F0020385F8323003B0BDE8F08FFE
:1045A000AA6999F84534D9F82C04911E9940640AF7
:1045B00001442144BAF1000FACD0CAF50074B442F2
:1045C0004FF0000209F5047028BF3446FFF708FDDC
:1045D0000028DAD000EB0A012246584608F004FE13
:1045E0002346C4E795F83330A9695B060DD5013140
:1045F00088E7D9F8140203685A461B6998470028CF
:10460000C3D04FF400731C46B1E705F118024846C9
:1046100001F04CFD0028B8DB0CD0A969D5F820903A
:1046200071E795F8313019077FF554AF45E7A1EBF5
:1046300002084FE795F8313013F0500FA5D0A8EBE2
:10464000060840469EE700BFF0B583B001220DF199
:1046500007010446D0E900678569FFF721FF0128BB
:1046600008BF9DF80700A56118BF4FF0FF30C4E9EF
:10467000006703B0F0BD00BF2DE9F84F90F831108E
:10468000D0F818800446002950D01646D0E9002CF6
:104690009C4508BFB2421F4658D056EA07034AD08D
:1046A000080704D5D4E90403B042BB413ED3D4F893
:1046B000209099F845340933751EDBB247F1FF3A73
:1046C000C3F120000AFA00FBDD40A3F1200E2AFA14
:1046D0000EFA45EA0B0545EA0A0594F833A01AF0EC
:1046E000400F2FD112F1FF3A2AFA03F34CF1FF3AAF
:1046F0000AFA00F003432AFA0EFA43EA0A039D423B
:1047000002D352EA0C0C24D14B064CBFD9F83434F6
:10471000E369A36104F118094A4675B1A169206AE9
:1047200001F0C4FC002805F1FF35F5DCC4F8188061
:104730000020BDE8F88F00238361C4E900670120F1
:10474000BDE8F88FE3692B44A361F6E70120BDE8DB
:10475000F88FED1ADEE700BF2DE9F04F064690F81E
:1047600031008FB0002840F0D880174691F83120F2
:1047700012F0500F8B4600F0D08003F00302032AA2
:104780009A4600F0CA80013203F0080142EA0103B0
:104790000293002F00F0CA803A6902F10E08B54A70
:1047A000A2FB0828DBE900214FEAD80808F102083B
:1047B0000A435FFA88F805D0CBF8180000210020E2
:1047C000CBE90001029B002443F0400325460393FC
:1047D000202206A95846FFF763FE00B3202840F0C8
:1047E0009C809DF918209DF81830002AC0F2A18005
:1047F00034B9DBF80020A2F12009DBF8182001927F
:1048000044453CBF0134E4B2002B00F01281202269
:1048100006A958460025FFF743FE0028DED11AF40A
:10482000007F7AD0029B9B0777D5002F75D0444537
:1048300017D2DDF804A0202206A95846FFF730FE63
:10484000631C002861D0202867D12CB9DBF8002038
:10485000DBF818A0A2F12009DCB2A045EBD8CDF816
:1048600004A03822002130469BF833400FF074FA40
:10487000DBF820303362019B7362082386F8313005
:104880003B68C6F82890C4F38014002586F82C40B5
:104890007B60BD81B8F1000F32D008F1FF39DFF83D
:1048A000D8A15FFA89F9AB46012259463046FFF795
:1048B00043FD044688B390F90020002A2DDB202216
:1048C00000210FF049FA002D00F0BA80BBF1010F72
:1048D00000F0D480C1232370A3461E34BB89384620
:1048E0001BB97A68BB689A4205D0FFF7B7FB2BF873
:1048F000020FA345F2D101355FFA85FBD845D3D825
:10490000304600F0E3FA05460CE05846DBF8185054
:1049100000F00CFB002840F09080002586F8315014
:1049200086F8335028460FB0BDE8F08F4FF00308EB
:1049300048E755BB444538BF0024852B7FF448AF7A
:104940002946382230460FF007FA9DF81C209DF8C2
:10495000193086F8303002F03703D20658BF43F0E2
:10496000080386F83130DBF80030DBF820203262B3
:10497000203BDBF818207262B3629BF83330C3F33C
:10498000801386F82C30012522E7C02B28D0C12BBC
:104990007FF43DAF3A4606A9304601F089F9E8B107
:1049A000BB89DBB9BA687B689A4217D11AF4006FE9
:1049B000B3D11AF4884F6FD196F833309C076BD47B
:1049C0001AF4806FA9D11AF4804FABD0D6E9042332
:1049D0003046FFF751FE0028A4D19EE70546F7E6D2
:1049E000029B86F833309DF819309B0744BF039B28
:1049F00086F833300B9BF361DDE90823C6E9042315
:104A0000DDE90C23C6E90223002FCFD04FF00003CD
:104A10003A69BB819DF81B30396879609A427FF40E
:104A2000F6AEBD8ABDF81C30ED1AB5FA85F56D09F4
:104A3000CEE6002F7FF4F3AE6FE7CBF818500CE70B
:104A40008523237086F8309084F80190DAF80030DE
:104A5000002B45D00DF113020DF1160105A8984762
:104A6000BDF814306381BDF8163023819DF81330F2
:104A7000237540E789888888581DFF1FC02323704D
:104A8000029B84F801B063F07F0386F833303B6902
:104A9000E370BB8AA3802EE796F83130D8063FF545
:104AA0003CAF13F001027FF438AF1AF4806F8AD064
:104AB00096F8331089077FF530AF002B3FF42DAF08
:104AC000D6E900310B4304D000200021C6E90001E3
:104AD000B261304600F0F2FB00283FF41EAF21E740
:104AE00045F621236381E381638204E72DE9F043E6
:104AF000044697B0994694F8313001920020149002
:104B0000ADF814006BBB91F8313013F0500F0E4626
:104B100027D013782F2B154627D04FF0000813E02D
:104B2000019D2F78A7B3FFF717FE064634222146D2
:104B300008A8B6B108F058FB204600F0C7F908AE47
:104B400084F8318084F83380294601AB02AA2046DC
:104B5000FFF752FC0546002302AA31462046002DED
:104B6000DED1002017B0BDE8F08315F8011F2F2912
:104B7000FBD0019599B938222046356A0FF0ECF840
:104B80000120402384F83130256284F83300E9E7BE
:104B90004B4602AAFFF7E0FD17B0BDE8F0833822CC
:104BA000002108A8366A0FF0D7F801238DF853309A
:104BB000402310968DF8513008AEAEE719B101F5DB
:104BC0008961FFF793BF0846704700BF90F8313006
:104BD00063B991F8313013F0500F07D00B6813F020
:104BE0001F0C03D113466246FFF7B6BD0020704785
:104BF0008169F8B50446006A01B10131012201F072
:104C000017F90128054632D9012301461A46206AC0
:104C100001F06EF9064650B3A3695BB394F83320F4
:104C2000510612D5591CA94218D022F04002E16960
:104C300084F8332005E0206A01F058FAB8B1A3697E
:104C400039464F1C99423A46F5D3206A4FF0FF325D
:104C5000294601F04BFA50B1A16911B9A56130465E
:104C6000F8BD206A2A4601F041FA0028F6D1002654
:104C70003046F8BD94F8333043F0400384F83330C5
:104C8000ECE700BF90F833309A0736D5C16970B5AC
:104C90000546A1B90024214607E0037803F07F030D
:104CA000037095F830308B4229D301222846FFF754
:104CB00043FB0134E1B20028EFD1002070BD5B0658
:104CC000006A34D5D5E9022490F845340933013A15
:104CD000DBB244F1FF34C3F1200CDA4004FA0CFCDF
:104CE000203B24FA03F342EA0C021A430132002368
:104CF00001F0FEF80028CDD1DFE7002070472C6AD4
:104D0000002385F8313085F833302046FFF73CF931
:104D10000028D2D004F50470FFF736F90028CCD073
:104D2000D4F840040368BDE870401B6A184701F0DE
:104D3000FDF90028AED1C0E790F83130DB0601D490
:104D40000020704710B5002288B000230446FFF70A
:104D500093FC08E020281BD19DF900309DF800202D
:104D6000002B15DB32B1202269462046FFF798FB65
:104D70000028EFD194F83330082243F0020384F87E
:104D8000312084F833302046FFF77CFF08B010BD97
:104D9000002008B010BD00BF2DE9F0414FF0000821
:104DA000494F82B006464446414600223046FFF74E
:104DB000C3FA054630B10078C02867D0C1282BD08F
:104DC000852809D096F8323043F00103002086F898
:104DD000323002B0BDE8F08196F8313003F037038D
:104DE000AB803B6883B10DF103020DF1060101A810
:104DF0009847BDF80630AB812B82BDF80430EB81BB
:104E00006B829DF803306B75326A92F8103243F072
:104E1000010382F8103228780146002202E01F2A9E
:104E20000FD8A95CE30343EA540311FA83F3012A80
:104E30009CB202F10102F2D1852814BF02220422A1
:104E4000EFE796F8303008F101085FFA88F18B42FD
:104E5000ABD2306A012206F1240101F0C9F8002822
:104E6000B0D0356A44802846FFF78EF80028A9D0D4
:104E700005F50470FFF788F80028A3D0D5F84004A2
:104E800003681B6A98470028A3D19BE796F8333044
:104E900013F0400F6B7814BF43F0020303F0FD03DF
:104EA0006B70D6E90401F369326A6B61C5E90201EE
:104EB000D6E90201C5E9060192F8103243F0010378
:104EC00082F810322878A7E7581DFF1F38B590F8F0
:104ED000313043B390F9332090F83330002A044640
:104EE0000CDB056A2846FFF74FF878B994F83230A2
:104EF00043F0010384F83230002038BD03F07F0313
:104F000080F83330BDE83840FFF746BF05F5047040
:104F1000FFF73AF80028E9D0D5F8400403681B6A87
:104F200098470028E2D0012038BD00BF70B590F846
:104F300031305A0605464CD480682B6AD3F83C348D
:104F40001844B0F1806F01D3002070BD2846FFF7F0
:104F50004FFE0028F8D0286AAE6990F84524D0F8B2
:104F60002C34023E96401E4400243119052200F5DF
:104F70000470FFF735F801344FF400720021002867
:104F8000E2D00EF0E9FE286A90F845240123934010
:104F90009C42EAD395F831305B0615D495F833304E
:104FA000AA6863F07F0385F83330D0F83C142B698E
:104FB000E8685218AA606A6940F100005B1842F183
:104FC0000002C5E90432E8602846BDE87040FFF7FA
:104FD0007DBF006A01F0AEF9AFE700BF30B504460F
:104FE00090F831009DB0002510F0180F0C951A951F
:104FF00003D00B6A206A984202D000201DB030BD59
:1050000040F601236846FFF771FD0028F5D03422F1
:1050100021460EA808F0E8F809AA07CA04F12403FB
:1050200083E8070094F833309DF830C084F830C02E
:1050300063F07F03204684F83330FFF747FF0028F2
:10504000DBD0022208230EA815958DF86B208DF871
:105050006930FFF717FED1E738B591F8313013F01A
:10506000500F02D10025284638BD40F602230446E1
:10507000FFF772FB0028F5D0102384F8313020466A
:10508000FFF754FF05460028ECD0A369E361002236
:1050900000232046FFF7F0FA94F83130C12284F85B
:1050A0003320002BDFD0412384F833302046BDE885
:1050B0003840FFF771BE00BFF0B5044697B01F46F9
:1050C00094F8313001920020ADF8140014907BBBAD
:1050D00091F8313013F0500F0D4629D013782F2B53
:1050E000114619D127E0019E3678002E31D0FFF706
:1050F00033FB034602AA294620461BB9C7B1FFF776
:10510000ABFFA8B12146342208A808F06DF820466C
:10511000FFF730F9019908AD01AB02AA2046FFF76D
:105120006BF90646002302AA29462046002EDAD152
:10513000002017B0F0BD013101910B782F2BFAD070
:10514000296A08A8FFF744F90028F1D0019908ADB1
:10515000E2E702AAFFF780FF17B0F0BD2DE9F04F9C
:1051600090F8314083B024079DF830709DF834905A
:105170009DF838A09DF83C8057D5A2F2BC7294B23D
:105180007F2C52D85A1E0B2A01934ED87A1E1E2A03
:105190004BD8B9F1170F48D8BAF13B0F45D8B8F141
:1051A0003B0F42D805460E46FFF790FE00283CD044
:1051B000019B47EA431747EA44244FEA580747EA66
:1051C0004A1747EAC9274FF0000A18F00108A4B2AD
:1051D000BFB218BF4FF06408D346514606F001092C
:1051E00000222846FFF7A8F8F8B10178852946D0B3
:1051F00001F14003DBB2012B17D88C46002203E0FB
:105200001F2A16D810F802C04FEACB3343EA5B03DB
:105210001CFA83F3012A1FFA83FB02F10102EFD18A
:10522000852914BF02220422ECE7002003B0BDE868
:10523000F08F95F830300AF1010A5FFA8AF18B425B
:10524000CED2286A012205F1240100F0D1FE002807
:10525000EBD02C6AA0F802B02046FEF795FE00289D
:10526000E3D004F50470FEF78FFE0028DDD0D4F8FB
:10527000400403681B6A03B0BDE8F04F184795F877
:1052800031302A6A03F03703838092F8103243F0FA
:10529000010382F81032B9F1000F01D00782448275
:1052A000B20703D580F81480078144817307017821
:1052B00042BF80F815808781C4819EE790F8333023
:1052C0009A0762D570B5C56982B00446A5B313F0DC
:1052D000400634D0006AA26890F845C4E1680CF139
:1052E000090C5FFA8CFC013A41F1FF31CCF1200E40
:1052F00022FA0CF201FA0EFEACF1200C21FA0CFCA1
:1053000042EA0E02A16942EA0C02013219B3013DE0
:105310006D1A01312A44019172BBD4E9000163F096
:105320007F03C4E90201C4E9040184F83330204654
:10533000FFF7CCFD02B070BD012002B070BD8169E5
:1053400061B90195C161206A294600F0EFFEC8B13C
:1053500094F83330E1E70195E161DDE7006A0196F9
:1053600001AA00F0A3FE00280CDB10D1019D002D46
:10537000E9D194F83330D0E70199002300F0B8FD6B
:105380000028E5D1002002B070BD00207047A1695F
:10539000206A4FF0FF3200F0A9FE0028E6D1F1E7C5
:1053A0002DE9F04790F833309D07044640F1A38083
:1053B00092461A070E4600F19780BAF1000F00F0EE
:1053C000278123685546206AA169D0F8382402EA6B
:1053D0000309C9F30808B9F1000F40F095800029CE
:1053E00000F0D48094F833305B0640F1EC80D4E9CF
:1053F000023290F845C40CF1090C013B5FFA8CFCB9
:1054000042F1FF32CCF1200E23FA0CF302FA0EFE29
:10541000ACF1200C22FA0CFC43EA0E03E26943EAE9
:105420000C031344994280F0D5800131A16190F8BA
:105430004524D0F82C34023991401944B5F5007F49
:10544000C0F08D80B5F5806FC0F0A6800123934039
:10545000A3EB09036A0A934228BF1346D0F81C2223
:105460008A424FEA43290AD303EB010C624506D274
:10547000002280F810224FF0FF32C0F81C22D0F832
:1054800014020268D2F828803246C04798B34B46CF
:10549000D4E900125B182169606942F10002994267
:1054A0009041C4E900324E44A5EB090507D294F8B7
:1054B0003310236161F07F0184F833106261002DA5
:1054C00081D1D4E9020198429141C0F09480524BBD
:1054D0001B68002B00F09A8094F8333063F07F0350
:1054E000504684F833300DE0D0E90423FFF7C4F8C8
:1054F00000287FF462AF94F8323043F001030020BB
:1055000084F83230BDE8F08790F84524D0F82C3488
:1055100002394FEA5929914049441944B8F1000F22
:105520008CD0C8F50079A9454FF0010200F5047050
:1055300028BFA946FEF754FD0028DCD040444A4667
:105540003146C84407F050FEB8F5007F206A9ED16E
:1055500000F50470FEF718FD002898D1CBE722680B
:1055600027696369BA42626872EB030312D20122AF
:1055700000F50470FEF734FD0028BCD02A46314601
:10558000404407F031FEA9462B4681E7E16949B363
:10559000A1614CE70522EBE7D0F81C328B4206D123
:1055A000002380F810324FF0FF33C0F81C32D0F8DF
:1055B0001402036832465B6A984700289BD04FF478
:1055C0000073994664E704F1180200F06FFD0028AB
:1055D00091DB04D12046FFF70BFB00288BD0A1699B
:1055E000206A24E72046FFF703FB002883D0A16947
:1055F000206AE1611BE794F83310A36061F07F0338
:1056000084F83330E2605046BDE8F087504679E7D1
:10561000D4E9003255E700BF581DFF1F69B170B5CE
:10562000054608460C460FF02BFA2B680246214629
:1056300028465B68BDE87040184770478368C3F32D
:1056400008038BB110B400210269D1540133B3F5C2
:10565000007FF9D1C36802691C680168646A184652
:1056600023465DF8044B18470120704783680269A0
:10567000C3F3080340F2FF1CD154426801EB7201EE
:105680008268416001326345826001D00120704729
:10569000C368016810B41C68646A4A1C026002692D
:1056A000184623465DF8044B184700BF38B5836899
:1056B0000446C3F308030069CAB2C2540D466168C8
:1056C00002EB7102A168626040F2FF120131934265
:1056D000A16005D0290A2046BDE83840FFF7C6BFC3
:1056E000E068216803684A1C5B6A22602269984767
:1056F0000028EFD138BD00BFF8B50025C0E900157E
:1057000006468560A8B2FEF7BBFDA842044607D056
:10571000C1B23046FFF7AAFF00283BD10020F8BDF8
:105720006C1CB4F5803F04D12AE00134B4F5803F0D
:1057300004D0A0B2FEF7A4FDA042F6D0671BB7F5D7
:10574000007F1DD34FF6FF713046FFF7AFFF0028F3
:10575000E4D0B9B23046FFF7A9FF0028DED02546D5
:10576000B5F5803FCED13046BDE8F840FFF766BFC3
:10577000C5F307213046FFF779FF01350028CDD06A
:10578000A542E9B23046EBD2FFF770FF0028EFD117
:105790000020F8BDC4F307213046FFF767FF00285B
:1057A000BCD00135DCE700BF2DE9F04F0F4689B0D2
:1057B000096804901546CA69C7600561384698466D
:1057C0009047B0F5801FC0F0C2800646002301223A
:1057D0000133DBB2202B4FEA420200F0C380964235
:1057E000F6D81C2B00F2BE801A2B4FF0080A00F2EC
:1057F0003B824FF4804301934FF4004303934FF4F3
:10580000807307934FF40053CDF808A00693039BD1
:105810000298019CF31AC34003FA00F94FF4007296
:105820000021284605930EF097FAFF2385F8C4312E
:1058300085F8C531072385F8C231A144FE230194C0
:10584000C5F8C641012485F8BF4185F8C04185F8F7
:10585000C3313B68C5F8CA914AF6552B5B6AA5F877
:10586000FEB12A46002138469847002860D04FF400
:105870000072002128460EF06FFA019B2B64AB6585
:10588000059BEB6520232B726B72AB72EB232B70A5
:1058900076236B709023AB704523EB7058232B71EC
:1058A00046236B714123AB715423EB7104232B66A8
:1058B0004FF48073A5F868300923069A85F86C3098
:1058C00080236E662A656A65C5F848904FF4C372F6
:1058D00085F86DA085F86E4085F86F30F42105F1EC
:1058E00078000EF039FA0026A5F8FEB16A1E00E035
:1058F0000134A4F16B03012BFAD9712CF8D0135D9C
:10590000B4F5007F03EB7606F2D13B68DDF8049036
:105910005B6A2A4649463846984748B13B68CDF805
:10592000049049465B6A2A460C313846984780BB4A
:10593000B8F1000F06D0D8F80030B7495B680F22E5
:10594000404698470024204609B0BDE8F08FB8F1E2
:10595000000FF7D0D8F80030B0495B6815224046F8
:105960009847E8E7A3F10B0A4FEA6A0101228A404F
:105970000291CAF3470A079201335B1001229A4051
:10598000069204229A400392022202FA03F3019340
:105990003DE72246002128460EF0DEF94AF655235F
:1059A000A5F8FE31019B03F1090203F1010A05F29A
:1059B000FF19002393462C4601E014F8013FA1454E
:1059C00003EB7606F9D13B682A465B6A51463846B6
:1059D00098470028ACD03B682A465B6A0AF10C0164
:1059E000384698470028A3D00AF101039B4502D00E
:1059F0009A462B78DFE74FF40072002128469B4639
:105A00000EF0AAF900220AF1030A11462B4601E022
:105A100013F8011F9C4201EB7606F9D13B682A4638
:105A20005B6A594638469847002881D03B682A4629
:105A30005B6A0BF10C013846984700283FF478AFB9
:105A40000BF101018A4564D12B1F05F5FE7243F865
:105A5000046F9A42FBD13B682A465B6A38469847F6
:105A600000283FF465AF3B680BF10D015B6A2A46E5
:105A70003846984700283FF45BAFB8F1000F06D0D6
:105A8000D8F8003066495B680C2240469847019A76
:105A9000069BDFF89CB113449946059B4FF40072B6
:105AA000002128469E000EF057F92846F82306F2FA
:105AB000072600F8013B1322FF214FEA562A0EF079
:105AC0004BF9B60B002402E00134A24524D0B4FB0C
:105AD000F6F306FB13434BB90122B8F1000F05D0D2
:105AE000D8F8003059465B68404698473B6809EB58
:105AF00004015B6A2A463846984700283FF418AFED
:105B0000002CE1D121464FF4007228460EF024F912
:105B1000DAE78B46297879E7B8F1000F2BD0D8F86F
:105B2000003040495B68022240469847059C079A2E
:105B30000734E40804F2FF13B2EB532F4FEA532962
:105B4000FFF4F9AE4FF40072002128460EF004F97C
:105B500007232B70002604E006B92E700136B145EC
:105B600016D9039A3B68B1185B6A2A4638469847AB
:105B70000028F1D1DCE6059C079A0734E40804F21A
:105B8000FF13B2EB532F4FEA5329FFF4DBAED9E7F3
:105B9000B8F1000F77D0D8F8003023495B6816229F
:105BA00040469847039B079A04989918FFF7A4FD6D
:105BB00000283FF4C0AE029A4FF400739340049A59
:105BC00092689A423FF6B7AE18494046FFF726FD65
:105BD000029B4FF0020909FA03F6039B4FF400728F
:105BE000002128461E440EF0B7F88122032385F8D1
:105BF00020200499C5F8349082222B7085F840202B
:105C00004A686A646B658B68AB650023013EAC63D0
:105C1000EB654FF0010912E0C011050060110500AD
:105C2000781105009C11050088110500A0110500E0
:105C30006CCE0400079B99451CD209F101093B6811
:105C400006EB09015B6A2A46384698470446002855
:105C50003FF46EAEB9F1010FECD14FF400720021A8
:105C600028460EF079F8E8E74FF480720792CDF8F5
:105C700008A081E6B8F1000F3FF465AE0B4940463D
:105C8000FFF7CCFC5FE6039B079A04989918FFF78F
:105C900033FD00283FF456AE029A4FF40073934050
:105CA000049A92689A4293D94CE600BFB01105005D
:105CB0002DE9F0410C46154601F11E08AB8934F878
:105CC000027F28461BB96A68AB689A420ED0FEF77D
:105CD000C5F9FEF7D5FA06463846FEF7D1FA8642F0
:105CE00009D14445EAD10120BDE8F081B7FA87F037
:105CF0004009BDE8F0810020BDE8F0812DE9F04FBA
:105D000090F8313083B08846002B4FD090F8303077
:105D1000012B074652D9013ADFF8A4B00B464FF0E9
:105D2000020A8E1800240022514638460193FEF7DD
:105D300003FB00283AD00278C12A37D1019B0546DF
:105D400000F11E0935F8020F24B300F5105292B28B
:105D5000B2F5806F2AD20BEA8424C0F309002043F5
:105D600000F5803019463246FEF7EEF90346E8B1F9
:105D700000244D45E6D197F830200AF1010A5FFA78
:105D80008AFA5245CFD2A3EB08009846002388F840
:105D900000300EE000F5205292B2B2F5006F02D34F
:105DA0000028DFD1EFE7B2F5806F05D3002088F837
:105DB000000003B0BDE8F08F0446DAE70020E5E715
:105DC00000FC0F0070B50C460A686260002319469B
:105DD000A38123611E464FF6FF7517E0FEF73EF9DB
:105DE000A84222D0FEF74CFAF30343EA560353FAD3
:105DF00080F399B22269C3F34E0343EAC133000A28
:105E000010FA83F30132A18922619EB22046002953
:105E1000E4D16268A3689A42E0D12069A682013881
:105E2000FE288CBF0020012070BD002070BD00BF87
:105E30002DE9F84F074691468A46002942D0D7F807
:105E40003034A1F10208434542D908F00703012587
:105E50009D40C8F3C80BEDB246464446D7F82C1413
:105E6000002201EB14313846FEF7BAF8E8B10BF125
:105E7000FF3B834400F2FF101BF8011F0AE04A4574
:105E80002BD0A04510D0D7F83054A54214D913F028
:105E9000FF050CD0013429424FEA4503A4EB06026A
:105EA000EDD0A0452646EED10120BDE8F88F58453B
:105EB0004FF00105E0D101E00026344601254FF006
:105EC000000BCBE7D0F82084D7F830344345BCD85A
:105ED0004FF000080125C346BEE7BAF1000F04D118
:105EE000B9F1010F08BFC7F82064B01CBDE8F88FF6
:105EF0002DE9F843154698468A1ED0F830345119DA
:105F000099423AD80646B8F1000F39D1D0F820347A
:105F1000934288BFC0F82024D6F82C7402F00703FF
:105F200001249C4007EB1231C2F3C809E4B20122FC
:105F300030468F18FEF754F8F8B109F1FF3E864459
:105F400000F2FF101EF801CF1CEA040F14BF01225B
:105F5000002242458CEA040C4FEA44040DD0013D76
:105F60008EF800C018D014F0FF04EDD17045A146A2
:105F70004FF00104E6D13946D9E70020BDE8F883A7
:105F8000D0F820049042C7D38142C5D9994228BF96
:105F90000021C6F82014BFE70120BDE8F88300BF48
:105FA000F8B5D0F8303401338B4201D20020F8BD6F
:105FB00007460C4600F50476002506E0D7F8303495
:105FC0000133A34205F10105F0D3D7F824140022D0
:105FD00001EBD4113046FEF703F8A400C4F3080423
:105FE0000028E3D00459631CE8D1681CF8BD00BF49
:105FF00038B50C460B6890F845C4D0F8381465687D
:10600000023B294003FA0CF303EB5123D0F82C1484
:1060100000F504701944FDF7E3FF18B16368C3F39A
:106020000803184438BD00BF2DE9F843D0F83834D0
:106030000C4649680B401144616090F845141344C4
:1060400001F10902D2B2D3402BB380465D1E00F5A8
:10605000047905E02368013D03F1010323601AD3AD
:10606000267A002EF6D1D8F83034276801339F42C3
:106070003246484612D8D8F8241401EBD711FDF760
:10608000AFFFBF00C7F3080740B1C3595A1C09D07E
:10609000013D2360E4D20120BDE8F8834FF0FF30DA
:1060A000BDE8F8833046BDE8F88300BF38B5D0F8C6
:1060B000303401338B4202D24FF0FF3038BD0C46F2
:1060C000D0F82414154601EBD411002200F5047019
:1060D000FDF786FF0028EFD0A400C4F3080403599D
:1060E0005A1C1ABF2B600120002038BD01291BD982
:1060F00038B5D0F8303401338B420C4601D2002041
:1061000038BDD0F82414154601EBD411012200F556
:106110000470FDF765FF03460028F0D0A400C4F327
:10612000080401201D5138BD00207047D0F83034DC
:106130000133994201D9002070472DE9F04F0546FF
:1061400081B00C4600F504790F464FF00008D5F8F1
:106150002414002201EBD4114846FDF741FFE30966
:1061600098B14FEA840BCBF3080B50F80B20511C6D
:1061700016BF16464FF0000A4FF0010A012C04D951
:10618000D5F830240132944203D9002001B0BDE893
:10619000F08FD5F82414012219444846FDF720FF5A
:1061A0000028F2D040F80B80BAF1000F12D0013471
:1061B000B44208D00023E21B39462846FFF798FE78
:1061C0000028E2D03746D5F830340133B342DCD36F
:1061D0003446BCE7621C5346D21B3946284601B000
:1061E000BDE8F04FFFF784BE2DE9F843D0F82C143A
:1061F0000025064600F504782C46002240464F1C38
:10620000FDF7EEFEB0B100F1FF3E04F58059D6F87F
:10621000300405E081B9083484420AD24C4517D0D5
:106220001EF8011FFF29F5D10834844205F1080545
:10623000F4D3401BBDE8F8830822012319424FEA3A
:10624000430C18BF0135013A5FFA8CF3F6D1E2E74F
:106250003946D2E7F8B5044600234FF0FF3004F585
:106260000477C4F840146160E060C4F81412C4F804
:106270001C02154684F84434237084F810321A4600
:1062800019463846FDF7ACFE042D0CD8064650B131
:106290005DB927490522F01C0DF05AFE18B996F891
:1062A0006C30092B19D00020F8BD6B1E00EB0313D6
:1062B00093F8BE2112F07F02F5D193F8C231002B82
:1062C000F1D000EB05163846D6F8B6512946FDF751
:1062D00087FE06460028DCD1E5E7336D2B44C4F881
:1062E0002434736DC4F82834B36D2B44C4F82C34B3
:1062F000F36DC4F83034336EC4F8343496F86D203E
:1063000084F84524012502F1090305FA03F3C4F8D2
:106310003C34013BC4F83834C4F8200401462A4612
:106320002046FFF785FD402384F844342846F8BD15
:10633000D011050010B50446D0F83414FFF730FE34
:1063400094F845340933DBB2984010BD70B590F92C
:106350000230002B82B004460DDBA56805F1280051
:10636000FDF712FE00283BD1637843F001030020C3
:10637000637002B070BD8068A16901222830FDF70A
:106380002FFE0028F0D0A58805F00F056B0100EB6B
:106390004515C35CE52BE7D02378184A1B0744BF9B
:1063A000E369EB61236A16686B831A0CAA8266B1F3
:1063B0000DF103020DF1060101A8B047BDF804304C
:1063C000BDF806202B836B82EA82A378A56803F0D0
:1063D0007F03A37005F12800FDF7D6FD0028C3D088
:1063E00005F50E70FDF7D0FD0028BDD028680368C4
:1063F0001B6A98470028B7D0BBE700BF581DFF1F96
:10640000024638B552F8105F04462946806802F00B
:1064100081F850B155B123690135AB42A37818BF5B
:1064200003F0BF0363F07F03A37038BDA37843F08C
:106430004003F7E7F8B5047814F0200404D11A4BB0
:1064400042699A42054602D300273846F8BDFFF755
:10645000D7FF07460028F7D0A8682E6982794169DE
:10646000023E96400E440179A9B1214606E00DF0A6
:1064700073FCA8680279E1B28A420BD93144052243
:106480002830FDF7ADFD01344FF4007200210028E3
:10649000EDD1D9E7827969694FF40073934011FA1D
:1064A00083F36B613846F8BD00FE1F0010B504464B
:1064B00080680A462830A169FDF792FD20B1A388C3
:1064C00003F00F0300EB431010BD00BF10B50378BD
:1064D00004462BB1FFF73AFF00232370A37010BDD1
:1064E00000232370A370012010BD00BF38B50378CE
:1064F00004460D4613B1FFF729FF88B1A068A169D2
:1065000000222830FDF76CFD50B1A38803F00F0383
:1065100000EB43112022284606F066FE012038BD1C
:10652000002038BD30B589B00D4669461446FFF7E6
:10653000DDFF28B1BDF81020BDF80E302A80238081
:1065400009B030BD30B589B00D4669461446FFF735
:10655000CDFF28B1BDF81820BDF816302A80238061
:1065600009B030BD0B7813F0700F01D100207047D7
:10657000F0B540F6022389B00D46044601F072F8EA
:1065800038B101221023A27023702046FFF752FF7A
:1065900010B9002009B0F0BD2378226922626BB1E6
:1065A000636933B1A378002223F020032261626182
:1065B000A3702046FFF7CAFE0028EAD0A068A169B0
:1065C00001222830FDF70CFD0028E2D0A38803F05B
:1065D0000F0300EB43111022CA726846202206F016
:1065E00003FE0A2220210DF101000DF0B5FBA06889
:1065F000216A83790239994043690122194428307C
:10660000FDF7EEFC06460028C3D02E27202269465F
:106610008DF8007006F0E8FD2B6A8DF801701A0CF9
:10662000ADF81420694606F120002022ADF81A309A
:1066300006F0DAFDA46804F12800FDF7A5FC0028A7
:10664000A7D004F50E70FDF79FFC0028A1D02068AC
:1066500003681B6A09B0BDE8F04018472DE9F04116
:10666000044694B09846237801920020ADF81400B7
:106670000B90002B40D10B7813F0700F0D463BD0E0
:1066800013782F2B16463BD0002728E0019E367842
:10669000002E50D000F0E6FF034602AA294620460D
:1066A0002BB9B8F1000F27D0FFF75CFF20B3A64647
:1066B000BEE80F000DF12C0CACE80F00BEE80F0097
:1066C000ACE80F002378DEF80020CCF8002020464C
:1066D0000BB1FFF73BFE019E2770A7700BAD314653
:1066E00001AB02AA204601F005F9064602AA294696
:1066F00000232046002EC9D1002014B0BDE8F0814F
:106700000136019633782F2BFAD0AD682422002170
:106710000BA80DF021FB0D95EB79102B03D0202B4E
:106720000FD00C2BE8D120238DF82C3001238DF8CD
:106730002E300BADA8E702AAFFF714FF14B0BDE896
:10674000F0814023F0E700BF2DE9F041044694B00A
:1067500098462378019200200290ADF83800002B73
:1067600036D10B7813F0700F0E4631D013782F2BE3
:10677000154631D000271EE0019D2D78002D40D018
:1067800000F070FFA6460DF1080C08B3BEE80F003C
:106790006646ACE80F00BEE80F00ACE80F002578B5
:1067A000DEF80030CCF8003020460DB1FFF7CEFD0A
:1067B000019D2770A770294601AB0BAA204601F066
:1067C00099F805460BAA314600232046002DD3D167
:1067D000002014B0BDE8F0810135019529782F29FA
:1067E000FAD0A9B9B568242220460DF0B5FAA56003
:1067F000EB79102B03D0202B22D00C2BE8D12023B7
:106800001FE043460BAA00F02DFF14B0BDE8F08155
:10681000B6682422002102A80DF09EFA0496F379AE
:10682000102B03D0202B03D00C2BD1D1202300E040
:1068300040238DF8083001238DF80A3002AE99E725
:10684000402301202370A070C3E700BF19B101F5F8
:106850008961FFF779BF0846704700BFCB6870B504
:106860000D46044693B906780EB1184670BD8D6882
:10687000242231460DF070FAA560EB79102B19D067
:10688000202B11D00C2B15D0304670BD24220021B6
:106890000DF062FA012310222270A370A968EA6841
:1068A0002262A160184670BD402201232270A370AD
:1068B000184670BD2022F8E770B504780CB10020AE
:1068C00070BD05460E46242221460DF045FAAE6005
:1068D000F379102B0BD0202B03D00C2B07D02046A4
:1068E00070BD402301242B70AC70204670BD202366
:1068F000F8E700BF2DE9F04F2DED028B8378DF071D
:1069000083B0054640F18D80884601780E07924697
:1069100000F192808C0608D583685A894369C3EBDD
:1069200042139BB29A4528BF9A46BAF1000F00F075
:10693000B0806A69AF6805F11003880608EE103A66
:1069400056464FF00009C2F3080B3DD5396A01EBFA
:106950005221BBF1000F51D1B6F5007F4ED37A6BB7
:1069600091424BD0B6F5806F6FD3287880064FEAFE
:10697000562305D43879A0EB0900834228BF03468B
:1069800091424FEA43240CD8C818824209D207F139
:106990002800CDE90013FDF7F7FADDE90013002820
:1069A0003FD0F86A026857694246B847002838D095
:1069B0006A69361B2244A0446A616AD02978AF68AC
:1069C0008806C2F3080BC1D497F8059009EA52294A
:1069D000BBF1000F37D1B9F1000F34D1002A3ED1FD
:1069E0004A064CBF3A6A2A6A2A61B9797869023A3A
:1069F0008A4048441118BBF1000FADD0CBF50074AC
:106A0000B4424FF0000207F1280028BF3446FDF7DA
:106A1000E7FA30B100EB0B012246404606F0E4FBFA
:106A2000C6E76B784FF0FF3043F002036B7003B0A2
:106A3000BDEC028BBDE8F08FC36942699B1A9A4591
:106A400028BF9A4671E72A69CFE7F86A0368424689
:106A50001B6998470028E4D04FF40074A8E70B079F
:106A600005D5AA78540602D52A690132BCE72969FE
:106A700018EE102A384601F099FD0028D1DB02D02B
:106A8000AF682A69B1E72B7813F0700FC9D0AAEB71
:106A9000060A504603B0BDEC028BBDE8F08F00BF84
:106AA00070B582B001220DF10701044646690569FF
:106AB000FFF720FF012808BF9DF80700666118BF97
:106AC0004FF0FF30256102B070BD00BF30B54369A3
:106AD00013F4F07F83B00446C3F3431500D089B9A3
:106AE00001220DF107012046FFF704FF40B2012803
:106AF0000BD163691F336361A068383000EB451028
:106B000003B030BD20334361F6E7002003B030BD51
:106B1000F0B503789BB0002613F0180F0896119675
:106B200006D0836817468A689A4204460D4602D00A
:106B300000201BB0F0BDFFF709FCA646BEE80F0021
:106B40000DF1440CACE80F00BEE80F00ACE80F00FC
:106B5000DEF80030CCF80030A368A16903F128000A
:106B60003246FDF73DFA0028E2D0A18801F00F017E
:106B700000EB41112022684606F036FB237813F023
:106B800008033A46294677D108A8FFF767FD002891
:106B9000CED0109EBDF82430A068A3809DF823308D
:106BA0000E99E3700B9BA16100272830E36001225E
:106BB0008DF820708DF82270FDF712FA0028B7D0FA
:106BC000A38803F00F0300EB431513220DF10D0111
:106BD00005F10D0006F008FB9DF80B30EB724EB38B
:106BE000A0688179B31E8B4041693A461944283028
:106BF000FDF7F6F900289BD000F12001202268461D
:106C000006F0F2FAA068314601F0F2FC00288FD0BD
:106C1000A068236A82794169023B93401944283075
:106C20000122FDF7DDF9002882D0202269461044B8
:106C300006F0DAFA00210222082311A819918DF832
:106C400046208DF8443000F0BBFE00283FF470AFC2
:106C5000A46804F12800FDF797F900283FF468AF15
:106C600004F50E70FDF790F900283FF461AF20683D
:106C700003681B6A98475CE740F6012308A8FFF702
:106C800063FD002886D153E70378DA0601D400209B
:106C9000704730B5436983B0044633B1837800222E
:106CA00023F0200302614261837000230FE06361DF
:106CB000A3686A01383303EB45159B5CEBB1E52B08
:106CC00004D02E2B02D0EB7A1B0722D5636913F474
:106CD000F07FC3F3431503F12003E8D101220DF146
:106CE00007012046FFF706FE40B2012803D1636981
:106CF0001F336361DCE763785BB9A378082243F054
:106D0000020320462270A37003B0BDE8304000F0BB
:106D100057BE002003B030BD2DE9F041037807696C
:106D20000446002B3AD00D464169A94243D0002DBC
:106D300038D018072BD5E269AA422FD3D4F808C05F
:106D4000A2789CF806000930C0B26E1E12F0400F07
:106D500026FA00F632D14A1EC240964201D30029DB
:106D600030D15B064CBFDCF82030236A236104F18C
:106D7000100807E02169A06801F018FC002806F15E
:106D8000FF360BDD4246002EF4D1A2780CE09A06C5
:106D9000D4D5A3685B89B5EB431FF6D927610020E2
:106DA000BDE8F0818278056122F02002A270656161
:106DB0000120BDE8F0810120BDE8F081236A334461
:106DC0002361F1E7B61AD2E72DE9F041884615466E
:106DD0000021242204461F469DF818600CF0BCFFD9
:106DE000D8F80800D8F82030A58000F1380205F066
:106DF0000F0502EB4512E360A060D17A0D0712D4B3
:106E000001F017012170D37AE67013F0180F08BF54
:106E100041F0080107F0030308BF2170012B33D0B4
:106E2000022B05D0DBB100202070A070BDE8F081FE
:106E300003232178CD06F6D4CE07F4D407F0080159
:106E40000B43A370958A518B41EA0541456BA561BF
:106E50007D0511D509BB63F07F03A3700FE07B05AF
:106E6000E1D407F0080343F00103A370416B938A58
:106E7000A161518B41EA03412162D369E3617E0440
:106E800004D40120BDE8F0810223D2E7E169204665
:106E9000FFF742FF0028F4D1C5E701F0A9FB002865
:106EA000C1D0A378D7E700BF0378002B3FD12DE9ED
:106EB000F0470B7813F0700F84B00C462CD04B6960
:106EC00013F01F0528D106469046A94601220DF170
:106ED0000F0120465F09C3F3431AFFF70BFD40B2D1
:106EE000012819D16369A2681F3302F1380C4FEAF7
:106EF0004A1263611CF802200CEB4A1C62B12E2A74
:106F000008D0E52A06D09CF80B1011F0080010D02C
:106F10000F2905D00025D9E7002004B0BDE8F0878F
:106F20005106D3D59CF80D9002F01F05CEE7002046
:106F3000704775B10CF10A0101E01CF8012FC30183
:106F400043EA500352FA83F36145D8B2F5D148457C
:106F5000E2D100954346BAB221463046FFF734FFEE
:106F6000DBE700BF03780BB1FFF7F0B901207047F2
:106F70002DE9F0470E46017882B009079DF8287088
:106F80009DF82C809DF830909DF834A057D5A2F242
:106F9000BC7294B27F2C52D85A1E0B2A01934ED841
:106FA0007A1E1E2A4BD8B8F1170F48D8B9F13B0FFB
:106FB00045D8BAF13B0F42D80546FFF7C7F900287C
:106FC0003DD0A868A96928300122FDF709F80028FA
:106FD00035D0AA88019B02F00F0247EA431343EA27
:106FE000442300EB42124FEA5A01F7079BB241EAF1
:106FF000491141EAC82148BF5382B40789B208D574
:107000001AF0010A18BF4FF0640A82F80DA013822B
:10701000D181AC68700744BF1383D18204F128008A
:10702000FCF7B2FF58B104F50E70FCF7ADFF30B1BC
:10703000206803681B6A02B0BDE8F04718470020CB
:1070400002B0BDE8F08700BF83789B0727D510B555
:10705000036A82B00446ABB1016911BB01930162BE
:10706000A068194601F0C4FAB0B1A378227861692A
:10707000E16163F07F03A37022B12046FFF766F958
:1070800002B010BD012002B010BD2169A0686FF0F0
:10709000704201F09DFA68B9002002B010BD0020D6
:1070A000704700238068019301AA01F07FFA00284D
:1070B000F2DBEAD1019B002BD7D0D1E72DE9F047D5
:1070C00083789C0705467BD588461907914600F1D1
:1070D000BD806B6913EB090272D2B9F1000F44D085
:1070E0004F464FF4007AA8682969447914EA53247A
:1070F000C3F3080643D1002E73D100297ED0AA78AD
:10710000520603D5EA699A4200F28F8005F1100217
:1071100001F04CFA002853DB00F09180A86829693F
:1071200083790239994043691944B7F5007F4ED3FA
:10713000B7F5806F66D303797A0A1B1B934228BF89
:107140001346426B8A424FEA432402D35E18B2428E
:107150006ED3C06A0268966A4246B04780B36B69D4
:107160003F1B2344A0446B61BDD1EA699A427DD2A2
:10717000AA78EB6162F07F03AB70484625E0827924
:1071800043690239914019442144002ECDD0C6F5FF
:107190000074BC4228BF3C4601222830FCF720FF87
:1071A00070B1304422464146264406F01DF8B6F53B
:1071B000007FA868D3D12830FCF7E6FE0028CED1A6
:1071C0006B7843F0010300206B70BDE8F0876A69BB
:1071D000EB69BA45544628BF3C469A4207D305227C
:1071E000DBE782794369023991401944CFE7AB78F4
:1071F00013F0200F14BF05220122CEE7296A61B3E4
:1072000029618DE7436B8B4205D1002380F828303C
:107210004FF0FF334363C06A036842465B6A984796
:107220000028CDD04FF4007499E70131296177E748
:10723000002280F828204FF0FF32426389E7284679
:10724000FFF7DEF800287FF469AFB9E7C169FFF7FF
:1072500063FD00287FF43DAFB2E72846FFF7D0F882
:107260000028ADD02969A868296259E7054B1B6839
:107270002BB1AB7863F07F034846AB70A5E7484677
:10728000A3E700BF581DFF1F2DE9F04F8DB08446C6
:10729000156801931446984606468946BCE80F00D7
:1072A00003AF0FC7BCE80F000FC7DCF800303B602E
:1072B0004FF0000E43466560A4F80CE0002B3FD071
:1072C0004FF0010AA9EB0A0189B2490103A8FFF7AF
:1072D00023FD50B3002103A8FFF7F8FB074620B3B6
:1072E00000250DE0FCF7BAFE80465846FCF7C8FFC3
:1072F00083464046FCF7C4FF834516D10D2D18D0B8
:10730000EAB23946304600F0C9FEA389834601350A
:107310002046002BE6D16368A2689342E2D1BBFA13
:107320008BF040090DB0BDE8F08F00200DB0BDE836
:10733000F08F019B0AF1010A5FFA8AFA5345C1D224
:107340000120EFE72DE9F04F8DB007461646019179
:107350009A4602F1150402F120050FCF0DF10C0C35
:10736000ACE80F000FCFACE80F003B68CCF8003062
:107370004FF0000914F8012F4FEAC91343EA5903EB
:1073800052FA83F3A5425FFA83F9F3D1336873604D
:107390004FF00008A6F80C80BAF1000F4BD001277F
:1073A000019BD91B89B2490103A8FFF7B5FC00284E
:1073B00052D0002103A8FFF789FB00284CD0059A82
:1073C00092F8283043F0010382F828300F23574504
:1073D000C3724FF000030CBF47F040023A460373FC
:1073E0004FF00003027080F80D90438300F1010B11
:1073F0000124002506E0ABF8000001340135E4B2B9
:107400000BF1020BB08918B97268B3689A4216D0B2
:107410003046FCF723FE042DEBB2ECD90A2B02D840
:10742000ABF80300E9E70D2CABF80500E5D1013717
:10743000FFB2BA45B4D201200DB0BDE8F08FB8F16B
:10744000000F06D008F101085FFA88F84FF6FF70C8
:10745000E1E74FF00108DEE700200DB0BDE8F08F56
:107460002DE9F843054650F8164BAE680B22202153
:107470000CF072FC23782E2B14BF0120002003D1C6
:1074800014F8013F2E2BFBD0721EA24209D91346DD
:1074900002E09C421A4604D01A46013B11782E297C
:1074A000F7D1A6424FF0000E7CD907277146F1466E
:1074B0004FF0080823782E2B25D0222B25D07C2BAB
:1074C00023D0A3F15B0CBCF1020F1ED9A3F12A0C4F
:1074D000BCF1050F51D9A3F13A0CBCF1050F5AD9F3
:1074E000A3F1210CBCF15D0F55D8B9422BD8A3F103
:1074F000610CBCF1190F46D8203B4EEA080EDBB2F6
:107500005FFA8EFE05E0A24231D0B9421BD80020BE
:107510005F2301F1010C294401348B755FFA8CF370
:10752000062B98BF2B751946B442C3D3AB7D202BD5
:1075300010D090B11EEA090F18BF4FF0020E85F867
:1075400015E0BDE8F8830A2F01D0A24218D2AB7D26
:10755000202B02D10020BDE8F8832B7D2B44012095
:107560007E21312268759975DA75BDE8F883541C5F
:107570000A2708214FF01008D6E72D2BB5D0C4E715
:1075800014460020D0E7A3F1410CBCF1190F98BFBD
:1075900049EA0809BDE703F0C003802BB5D10134E7
:1075A0000020C1E7F146C1E72DE9F04FDFF8B0B0A8
:1075B00091F8148083B00F4604464FF0620900250D
:1075C0004FF07E0A01F11606DBF800300193019BB3
:1075D000B8F1030F2B4428BF4FF003089DB208F108
:1075E0000403DBB205F00F02F918013B092ADBB2F4
:1075F00094BF3032373298458A754FEA1515F1D16C
:1076000007EB0803002183F816A02046FFF784FB50
:1076100001212046FFF75AFA03460B22304619464D
:1076200093B193F800C0BCF1000F14D0DB7A1B07B4
:10763000EED40CF0E5FA0028EAD109F1FF3919F08F
:10764000FF09C1D1484603E06078B0FA80F04009F4
:1076500003B0BDE8F08F012003B0BDE8F08F00BF9C
:107660000C1FFF1F2DE9F04F2DED028B0E468BB046
:10767000896803933378059113F0700F029052D00C
:10768000029B1B78002B4ED113699246974A0C330C
:10769000A2FB0323C3F387029AF8153006929807DA
:1076A0004FF0000318BF571C194630461C4607937D
:1076B00014BFFFB20127FFF72FFB0AF1160308EEF4
:1076C000103AA346A146A0460494756900213046AD
:1076D000C5F34F15FFF7FAF910B30378E52B28D05F
:1076E0003BB3BC4238BF00242E2B2CD0C27A0F2AC9
:1076F0002CD012F0080226D1B9F1000F40F0D3804F
:1077000018EE101A0B220CF07BFA0028DDD19AF843
:10771000153013F0010300F0DD8001230493D4E75A
:107720007378002B3CD000200BB0BDEC028BBDE881
:10773000F08F002C08BFA846BC423CBF0134E4B225
:1077400073B3E52BD0D14FF00009BEE7B9F1000FBC
:1077500019D1069A03F01F0B5A45B6D113F0400910
:10776000B3D0437B07939146BBF1010FADD1691CA8
:107770004B4689B252463046FFF786FD002808BFC7
:107780004FF00009A1E70BF1FF3B5FFA8BFB5B4574
:10779000D9D1437B079A9342E6D04FF0000994E792
:1077A000039B9A05BFD503F00303013B012BBAD815
:1077B000002C08BFA846BC4203D31CE0DCB2A742A1
:1077C00019D000213046FFF781F9631C0028F5D15C
:1077D0007378002BA7D1BC420DD2059D05E02B7913
:1077E00004EB0314E4B2A74205D93046FEF722FEAB
:1077F0000028F4D197E7049B002B4DD17B1EDBB210
:1078000008EB0305ADB25246294630460493FFF714
:1078100099FD002887D069013046FFF77DFA0028DE
:1078200081D000213046FFF751F9044600283FF48B
:107830007AAF202200210CF08FFA0B220AF11601F8
:10784000204605F0D1FC9AF81520049B02F018029E
:107850002273274A1768002F41D00DF123020DF142
:10786000260109A8B847BDF824202282BDF82620A9
:10787000E281049B9DF823206273059991F82820EA
:1078800042F0010281F8282000930298039B2A46C7
:107890003146FFF799FA47E751463046FFF784FE35
:1078A0000028ABD13FE7BBF1010F7FF43CAF00F103
:1078B0000A04194601E010F8011FD30143EA5203FC
:1078C00051FA83F3A042DAB2F5D1079B93427FF4D9
:1078D0002AAF4B46039A11053FF525AFD4E745F68D
:1078E0002122228222836282C7E700BF4FECC44E6E
:1078F000581DFF1FF0B508460978202983B01446AB
:107900001E4603D110F8013F202BFBD020600378E6
:1079100033B32A4D002712E07F2B07F101073DD832
:107920003C2BD9B22CD8212925D92239C9B225FA24
:1079300001F1CA0721D42E2B0DD1037883B12F2B4F
:107940002FD0011D01AAFCF751FCB0B1019BB3F58A
:10795000803FE1D302372761A0600378002BEED18E
:107960002369013BFE2B08D83060204603B0BDE8F8
:10797000F040FFF775BD1F290ED8002003B0F0BD01
:107980005C29FAD004D97C29E5D1002003B0F0BDF0
:107990003E390129F1D9DEE72E2BCED0202BCCD0D9
:1079A000D9E72369013BFE2BE7D80346184613F8B5
:1079B000012B202AFAD02F2AF8D0D5E70121000583
:1079C000F0B583788BB0002201929A0724D5016A22
:1079D000054619B1806800F00BFEE8B10121284688
:1079E000FEF764FDC0B1421E00F10A0C002412F83B
:1079F000011FE30143EA540351FA83F39445DCB2D7
:107A0000F5D1E5270770AE6800232B70AB7006F147
:107A10002800FCF7B9FA10B900200BB0F0BD06F54C
:107A20000E70FCF7B1FA0028F6D0306803681B6AC4
:107A300098470028F0D0EB78002BEED0294601A81B
:107A4000FEF70CFF0028E7D0EB78002BE4D00126EE
:107A500021E001A8FFF73AF8731CF1B25FFA83FC4A
:107A60009EB20028D8D0C37A0F2BD5D1027802F06D
:107A70001F038B42D0D1437BA342CDD10770A968AD
:107A800091F8283043F0010381F8283053060DD4D3
:107A9000EB786345C0D3A988891B89B2490101A845
:107AA000FFF73AF900210028D3D1B5E7AC6804F11B
:107AB0002800FCF769FA0028AED004F50E70FCF738
:107AC00063FA0028A8D0206803681B6A9847A4E7D7
:107AD0002DE9F843DDF82090A2B105460C46984602
:107AE000571801E0BC420DD02B68204649465E6A1B
:107AF000C0472146024628460134B0470028F1D14C
:107B0000BDE8F8830120BDE8F88300BF486810B5E0
:107B10000C4630B10B894A8901339BB29A420B81E2
:107B200001D9206810BD036803495B6801229847AA
:107B300000232068238110BD6CCE04002DE9F04F96
:107B4000054687B0406A8846924600214FF400728D
:107B50000CF002F9286A28B103683B495B680C22E3
:107B60009847286AEE696B6A03933368DFF8E4C0CC
:107B7000DF6AE96804904FEA5A124FF0000967453E
:107B8000ADF81620ADF8149001F101040AF1FF32AE
:107B900026D16AB301EB0A07DFF8BCA00AE0214650
:107BA000039A30460134D84700283ED0A7421ED061
:107BB00033680498D3F824B00028F0D0BDF814300E
:107BC000BDF8162001339BB29A42ADF81430E6D8C6
:107BD000036851465B6801229847ADF81490DEE7D0
:107BE00003AB00932146194B3046B847E8B1286AE9
:107BF00020B1036816495B68022298476B6AB8F1A6
:107C0000100F4FF0F8021A700CBF04200C20012353
:107C1000FF216A6AD15401339842FAD1E8696A6A4D
:107C20000368E9685B6A984718B9002007B0BDE8A7
:107C3000F08FAB68E869E9686A6A194403685B6AAF
:107C4000984707B0BDE8F08F781105000D7B030061
:107C50009C110500D17A03006CCE040070B5446A13
:107C60004FF4007605463246002120460CF074F8A9
:107C70007623EB22637090232270A37008222021C8
:107C8000E01C0CF069F8A4F80B6095F82B306373D6
:107C90000222F823298D227463752B69E361AA6996
:107CA00022624AF65523E181A4F8FE3170BD00BF7F
:107CB00070B504464FF400720021406A0CF04CF895
:107CC000656A2269216805F2BF10FCF7EDF9A36926
:107CD000226921681A4405F2C310013AFCF7E4F95D
:107CE00094F82A3085F8C231E06922690368C5F842
:107CF000C621A169626A5B6AC5F8CA114AF65521B4
:107D0000A5F8FE11BDE870400021184770B546691E
:107D100090F82BE0456A4FF4807304464360A6F563
:107D20008072B2FBFEF202F20110000AA060400075
:107D300000F1A10C9C450DD98033F21AB2FBFEF282
:107D400002F20111090A480000F1A10C6345F3D3C6
:107D5000A1606360A3EB0C0303F180012161A2F633
:107D6000F571B1F5704F4CD2213002FB0E0081331A
:107D7000B0F5803FE36034BF0423062384F82A3043
:107D80000123A06123852046FFF792FF08B9002058
:107D900070BD2046FFF762FFA1681F4BE9824FF4D8
:107DA0000072A5F811202921802285F8242085F869
:107DB00026100B22C5F82730202105F12B000BF0EF
:107DC000CBFF4622412385F8362085F837305421F1
:107DD0003122362385F8381085F8392085F83A3075
:107DE000E069626A036821695B6A98470028CED01F
:107DF0006268E36820461021BDE87040D21AFFF7A0
:107E00009DBE206A0028C2D0036804495B68132223
:107E10009847002070BD00BF87D61200D81105001A
:107E2000F8B5466990F82BC0456A4FF400530361DA
:107E3000A6F58041B1FBFCF101F181034FF48042D2
:107E4000DB0942F2090E0446426083600EEB4300F8
:107E5000904240F2BB8002F50052B11AB1FBFCF136
:107E600001F18103DB090EEB430082424FEA430735
:107E7000F1D3A36062604FF6F473994240F29B80A5
:107E800001FB0C2CA2F50052D21B92B202F500535A
:107E900022854F4AE360ACF50053944594BF4FF000
:107EA0000B0C4FF00C0CA36184F82AC02046FFF79E
:107EB000FFFE08B90020F8BD2046FFF7CFFEA168FD
:107EC000444A454B696202202A6380212922E862E4
:107ED00085F8401085F8422020210B22C5F8433058
:107EE00005F147000BF038FF4622412385F8522068
:107EF00085F8533054213322322385F8541085F805
:107F0000552085F85630E069626A036821695B6A2A
:107F100098470028CED0E06921690368626A5B6AED
:107F2000063198470028C5D04FF400720021606ADE
:107F30000BF012FFE069294BC5F8FC312169036899
:107F4000626A5B6A023198470028B3D0E069216910
:107F50000368626A5B6A083198470028AAD0204A01
:107F6000E0692A6002F1FF5202F500524FF0FF3340
:107F70002032C5F8E421C5F8E831C5F8EC312169B3
:107F80000368626A5B6A01319847002892D0E06911
:107F900021690368626A5B6A07319847002889D0C3
:107FA000A26894F82B30204603EB42022021BDE862
:107FB000F840FFF7C3BD206A00283FF47BAF036899
:107FC00008495B68132298470020F8BD5F0052E71C
:107FD0000004FB000100060087D61200000055AA2D
:107FE00052526141D811050038B504460868C56988
:107FF0002362E16162620846A84700F2FF73DB0A70
:10800000062B6061236024D9102B13D80223B0F50E
:10801000800F84F82B3020462ED2FFF777FE0546DE
:10802000206A05B320B1036819495B680D2298479F
:10803000284638BD202B23D9402B23D9802B23D988
:10804000B3F5806F22D9B3F5004F8CBF8023402356
:10805000DDE7206A20B103680E495B681422984767
:108060000025284638BD0028FAD003680A495B6815
:108070000F229847284638BDFFF7D2FE0546CFE7C6
:108080000423C4E70823C2E71023C0E72023BEE788
:1080900004120500EC11050014120500042A04D88E
:1080A00001EB4202B2F8010070470A2A03D801EB43
:1080B0004202908870470C2A9ABF01EB4201C8889F
:1080C00000207047F8B504780D467CB114F06004C8
:1080D000164607D0012A09D92F2200230A704B70B7
:1080E0000120F8BD2146FEF7E1F910B90020287003
:1080F000F8BD0346A446082711E0027B174203D0CF
:108100000EF1200E5FFA8EFE611CB142EED20CF130
:10811000010CBCF10C0F05F804E0CCB210D0BCF19E
:10812000080F11D013F801EBAEF14102192AE4D97E
:10813000BEF1200FE8D10CF1010CBCF10C0FEED117
:1081400000232B552046F8BD1A78202AF8D0102796
:108150004FF02E0ED8E700BF2DE9F04F8BB003781B
:10816000002488460194002B55D0C3780646002B86
:1081700057D0014601A89146FEF770FB00284AD06F
:10818000F078002843D009F1FF39C144C3464FF0CD
:10819000010AB188A1EB0A0189B2490101A8FEF7E1
:1081A000BBFDC0B3002101A8FEF790FC98B3C27AD2
:1081B0000F2A30D102785FFA8AF102F01F028A4258
:1081C00029D1471C0025042DEAB23ED838886CBB63
:1081D00000F5205292B2B2F5006F3DD3A0B15946DE
:1081E0004A46FBF7B1FF8346A8B1002401350D2DA7
:1081F00007F10207E7D10AF1010AF1785FFA8AF282
:1082000091421FFA8AFAC4D2ABEB0800D846002389
:1082100088F8003002E0002088F800000BB0BDE8CC
:10822000F08FFFF74FFF0BB0BDE8F08F00F5105255
:1082300092B2B2F5806FEED20A4BC0F3090003EAA6
:108240008424204300F58030C9E70A2A94BFB7F898
:108250000300B7F80500BAE7B2F5806FDBD2044639
:10826000C4E700BF00FC0F00FFF776BF2DE9F8431D
:10827000DDE90898BBB105460C4616465F1802E0DA
:10828000C847BC420FD02B6821461B69324628469E
:10829000984703464246204631460134002BEFD131
:1082A0001846BDE8F88301231846BDE8F88300BFEF
:1082B00010B41468B4F5807FA44628BF4FF4807CC6
:1082C00001EB4C00814207D231F8023B13B95368ED
:1082D000013353608842F7D8A4EB0C0414605DF8B6
:1082E000044B704710B41468802CA44628BF4FF08C
:1082F000800C01EB8C00814207D251F8043B13B98A
:108300005368013353608842F7D8A4EB0C0414601F
:108310005DF8044B704700BF2DE9F843C379202B6B
:1083200004460D46174653D0102B2AD00C2B4BD1A8
:10833000027A8369C1F34E0111FA85F1A2F10202BA
:108340008EB2B2FA82F2C1F3462101EB0308520960
:1083500000F50E79520041464846FBF741FE98B3BE
:10836000C6F30806731CB3F5007F865D1ED0184463
:108370000378EA0746EA03234CBF1B09C3F30B0348
:108380003AE0027A8369A2F10202B2FA82F2C1F300
:10839000072152095200194400F50E70FBF720FE28
:1083A00090B16D0005F4FF75435B25E0227AA2F1E0
:1083B0000202B2FA82F2520908F101014846520063
:1083C000FBF70EFE0028D3D14FF0FF30BDE8F88355
:1083D000027A8169A2F10202B2FA82F252095200D3
:1083E00001EBD51100F50E70FBF7FAFD0028EBD07C
:1083F000AD0005F4FE754359E2699A4226BF3B6021
:1084000001200020BDE8F8832DE9F843C379202B33
:1084100005460C46164648D0102B2DD00C2B41D1CA
:10842000C1F34E01836911FA84F11FFA81F8C1F397
:108430004621CF18037A00F50E79022B14BF0122D2
:10844000032239464846FBF7CBFD58B314F001042C
:10845000C8F308033FD0C25C02F00F0242EA0612E2
:10846000C2540133B3F5007F3AD0C6F30712184463
:1084700002700120BDE8F883027A8369022AC1F301
:108480000721194400F50E7014BF01220322FBF7E7
:10849000A7FD034630B1640004F4FF7401201E53AD
:1084A000BDE8F8830020BDE8F883037A8169022BD8
:1084B00014BF0122032201EBD41100F50E70FBF76B
:1084C0008FFD03460028EDD0A40004F4FE740120C3
:1084D0001E51BDE8F883C6540133B3F5007F14D1B3
:1084E0002B7A022B14BF01220322791C4846FBF78A
:1084F00077FD0028D6D0C6F30712002CB8D1037838
:1085000023F00F0343EA1212B2E7C6F3071218442E
:10851000F5E700BF2DE9F041C4688C4282B0054602
:108520000E4690462EBF01270C460027EB6901340A
:10853000A34201AA284605D29FBBEC6801273C4410
:10854000A3422ED3A64221462BD0012C29D9FFF7D6
:10855000E3FE002825DBE9D0019B002BE6D107B123
:10856000EC60EB69A3421CD36FF0704221462846B1
:10857000FFF74AFF0746A0B13EB96B6A002B01DB4B
:10858000013B6B62C8F800400CE0012E09D0EB699A
:108590009E4206D8314622462846FFF735FF00287E
:1085A000EBD10027384602B0BDE8F08101290CD993
:1085B00010B4C4698C4203D35DF8044BFFF7ACBE22
:1085C0004FF0FF305DF8044B70474FF0FF307047BD
:1085D00001290BD910B4C4698C4203D35DF8044B54
:1085E000FFF712BF00205DF8044B70470020704772
:1085F00070B5054682B00C461DE0EB699C421FD861
:10860000FFF78AFE0646002E21464FF0000228465C
:1086100016DBEB699C4213D8FFF7F6FE80B16B6A5C
:10862000002BA4BF01336B62EB68621EA34288BFBC
:10863000EA60019C2EB1012C214601AA2846DCD813
:10864000002002B070BD00BF2DE9F0470646406A29
:10865000002884B01CDAF2790C2A1CD1F7697B1C43
:10866000022B98BF002013D902240025214602AA1C
:108670003046FFF751FE002804F1010306DB57D115
:10868000A7425CD0F26993421C46EFD94FF0FF300D
:1086900004B0BDE8F087F36996F838123469013305
:1086A0000020CDE90230CB0700F1848000214FF09B
:1086B000FF33202A86F83812C6F8443206F51277BE
:1086C00041D0D6F800804B4BD8F80020D6F818A03F
:1086D00095699D4277D1002C00F081800AEB040956
:1086E000136951463A46404698470028CED0029931
:1086F000B1F5807F8E4628BF4FF4807E07EB4E0C8D
:10870000BC450BD9039D3B46002233F8024B0CB904
:10871000013502469C45F8D802B103950AF1010AD9
:10872000A1EB0E01D145029159D0D8F80020D7E72E
:10873000029A002AA4D1A74205F10105A2D1284638
:1087400004B0BDE8F087D6F800A02A4BDAF8002084
:10875000D6F8189095699D4246D1002C3FD009EB80
:108760000408136949463A465046984700288DD078
:10877000DDF808C0BCF1800FE64628BF4FF0800E40
:1087800007EB8E02BA420BD9039D3B46002153F8FA
:10879000044B0CB9013501469A42F8D801B1039552
:1087A00009F10109ACEB0E03C845029317D0DAF8C2
:1087B0000020D6E706F50E70FBF7E6FB00283FF435
:1087C00065AFF27972E723460B4C3A465146404674
:1087D000009402AC0194A84700283FF457AF0398D7
:1087E000706204B0BDE8F08723463A46034C494620
:1087F0005046EDE76D820300B1820300E58203007D
:1088000070B504460023012015464FF0FF32216069
:10881000E371E06004F12806E162C4F83C1284F8D8
:10882000283084F838326263C4F84422CDB1042D74
:1088300001D9002070BD19461A463046FBF7D0FB1F
:1088400005F18055013D00F5DF73290103EB0515A6
:108850000028EED02A79002AEBD05B5C5B06E8D1D9
:10886000AD68002229463046FBF7BAFB0028E0D06D
:10887000B0F80B30B3F5007FDBD1037C2372013BF2
:10888000012BD6D8467B2671731E0022012E637100
:10889000A2710ED0012213465B00DBB29E4202F1B0
:1088A000010105D0CAB2092AF6D10823A371C0E795
:1088B000A271C68A26610EB9466A2661C189B0F8DE
:1088C000113063812944A16190F810C05B0106FB5F
:1088D0000C1103F2FF1301EB53232162B0F81310C4
:1088E000636101B9016AED1A6B18D3405A1CE26149
:1088F0004FF0FF32626240F6F47293420CD94FF6A9
:10890000F47293420AD9C36A23622023E371266377
:10891000C4F84062012070BD0C23F7E71023F5E78F
:10892000F8B58F6B00260D4604468663C6639FB17B
:108930000146242000F0C8F806808670AD6BA06365
:1089400084460FCDACE80F000FCDACE80F002B68CC
:10895000CCF800302046F8BDCB6B002BFAD0014696
:10896000382000F0B1F880F831704786E96BE06399
:10897000342204F039FC2046F8BD00BF10B504468F
:10898000806B10B1FDF7A2FD30B9E06B10B1FBF7C1
:10899000F1FC20B9002010BD0023A36310BD00230B
:1089A000E36310BD002952D02DE9F0410446806BED
:1089B00017461E460D4610B1FDF788FDA0BBE06BC3
:1089C00010B1FBF7D7FCB8BBD5F88084B8F1000F25
:1089D00011D02146242000F077F833460026068087
:1089E0008670D5F88014A0633A46FDF72FFF58BB78
:1089F000A063BDE8F081D5F8843493B121463820D6
:108A000000F062F880F83180A0F83280D5F8841444
:108A1000E06333463A46FCF7D1F8A8B9E063BDE815
:108A2000F0810020BDE8F081D5F880840023A363A5
:108A3000B8F1000FCDD1DEE7D5F880840023E363E1
:108A4000B8F1000FC5D1D6E70120BDE8F0810020C4
:108A5000704700BFF8B50446806B0D46164610B14E
:108A6000FDF734FD38BBE06B10B1FBF783FC38BB7E
:108A7000AF6B77B12146242000F026F80021018059
:108A80008170A063A96B3246FEF70EFA88B9A06325
:108A9000F8BDE86B0028FBD02146382000F014F820
:108AA00080F831704786E063E96B3246FCF78EF858
:108AB00020B10120F8BD0023A363D9E7E063F8BD2E
:108AC0000023E363D4E700BF084670472DE9F04177
:108AD00000260446C0F88814C0F8806401464FF4AC
:108AE000906098461746FFF7EFFF80F8446480F8DF
:108AF0007964A0F87A64D4F88814C4F884044246EF
:108B00000546FDF7A7FB98BB00262146C4F8846400
:108B100040F26C40FFF7D8FF0223C671A0F848640A
:108B200080F84A640372D4F88814C4F8800442467A
:108B30000546FFF765FE30B9194B00201860C4F8F0
:108B40008004BDE8F08105F589663046FDF7BEFC7E
:108B500029463046FDF7B0FE0028EDD0114B1A68CB
:108B6000AAB91D600E4BAFB11C600120BDE8F081B9
:108B700005F589663046FBF7FDFB29463046FBF7D5
:108B800027FC0028C0D0084B1A68002AE9D0044B03
:108B9000002FE9D11A68002AE6D00120BDE8F08153
:108BA000681DFF1F641DFF1F601DFF1F70B5044679
:108BB000002060602073A064E0642046044D4FF400
:108BC0007A76A66040F8105BFFF7ECFE204670BD99
:108BD0001C0E0500002070470020704700207047E1
:108BE000704700BF054B064900229A63186B086066
:108BF0000448096819630270704700BF00100B40F9
:108C0000B01DFF1FAC1DFF1F034B586A80F0807022
:108C1000C0F30060704700BF00100B40014B187894
:108C2000704700BFAC1DFF1F2B4B4FF47A7202FB45
:108C300000F0984230B547D8284C082101239C46C3
:108C40005B001A01B4FBF2F2824201D90139F6D17C
:108C5000224AB2FBF3F282423AD94FEA0C2E1F4C61
:108C60004FEA430C012200E08C46B4FBFCF1814248
:108C7000154603EB0C0102F1010222D9102AF3D1AF
:108C80004EF0F0011648174A4FF47A7303FB0CFCC0
:108C9000124BB3FBFCF30360D36A23F00803D362E7
:108CA000D36A23F47F2323F47F630B4343F46023CD
:108CB000D362536A1B07FCD5D36A43F00803D3621F
:108CC00030BD4EEA0511DDE74FF0000E0123C6E787
:108CD0004FEA0C219C46D5E7DF707200000E270793
:108CE000701DFF1F00100B40014B1878704700BF2C
:108CF000A407FF1F014B1868704700BFB01DFF1F7E
:108D000008B508461022024904F06EFA012008BD99
:108D1000801DFF1F08B508461022024904F064FABE
:108D2000012008BD901DFF1F024B1B680B60012036
:108D3000704700BFA01DFF1F704700BF10B50C217A
:108D4000044604F0A9FB204610BD00BF044B1B786D
:108D500023B1044B18780230C0B27047012070472D
:108D6000741DFF1F7C1DFF1F184B1A7812F0C002E4
:108D70000FD0402A01D000207047587ADA79197A4A
:108D8000013002F03F0300EB034000EB01208002C2
:108D900070475A7A93F806C0D879597910B502F01D
:108DA00003029C7A93F808E00CF0030C5300800057
:108DB00043EAD41340EA8C2001F00F0240EA9E10EF
:108DC0001344073B0130984010BD00BF901DFF1FAA
:108DD0002DE9F04104F08CFC174E184DDFF874803B
:108DE000074604E004F084FCC01B40451BD8346BEC
:108DF0002C40F7D0124A134B00211170326B1A60CD
:108E00001A6832631A68104B1A4209D00F49104B86
:108E10001F2040F27A2208701A600020BDE8F0811D
:108E20000120BDE8F081064A064B1470326B1A60CF
:108E30001B683363EAE700BF00100B4002007F119C
:108E40007D1DFF1FB01DFF1F00007F11A407FF1F26
:108E5000781DFF1F40420F002DE9F843264C237870
:108E60000E46002B37D1254B5A6AD2052AD5234D01
:108E7000DFF89480AB6A43F48033AB6204F038FCD3
:108E8000074604E004F034FCC01B404529D86B6A57
:108E900013F48069F6D0194806F13C0C06F50F76FC
:108EA000436A5B05FCD5ACF1400353F8042F026222
:108EB0009C45FAD10CF1400CB445F1D10120207051
:108EC000BDE8F8839A6A22F480329A629A6A42F480
:108ED00000329A62CBE7FFF77BFF0028C3D1BDE8E1
:108EE000F8830749074B21204FF47E7208701A60FF
:108EF0004846BDE8F88300BF7D1DFF1F00100B40F2
:108F0000A407FF1F781DFF1F40420F002DE9F0410D
:108F10000746884604F0ECFB174D184E044604E063
:108F200004F0E6FB031BB34222D86B6AD907F7D4DF
:108F3000C5F80880EF6004F0DBFB0F4D104E0F4FBB
:108F4000044604E004F0D4FB001BB84210D82B6B9D
:108F50003342F7D00B4B2A6B1A601A682A631A68DF
:108F6000D20705D51B6813F4702F01D1012000E052
:108F70000020BDE8F08100BF00100B4040420F0010
:108F800001000F00B01DFF1F10B5154B84B00C463B
:108F90001968FFF7BBFF08B3124B1A6900925969B1
:108FA000019199690291DB69039304F10F0E00238B
:108FB00001E05CF8102C03F0030C4FEACC0C0133F9
:108FC00022FA0CF223F0030C0CF110010F2B0EF817
:108FD000012D0DEB010CECD10023E37304B010BDA7
:108FE000A41DFF1F00100B4008B5044B044819686E
:108FF000FFF78CFF08B1034B186908BDA41DFF1FC4
:1090000000001A0D00100B4008B5074B07481968FF
:10901000FFF77CFF30B1064B186980F48070C0F315
:10902000002008BD012008BDA41DFF1F00001A0D6F
:1090300000100B402DE9F047DFF8C4A0274BCAF819
:109040000030894604F054FB254E264DDFF8B480ED
:10905000254F044606E004F04BFB001BB84228D81D
:1090600006F084FF31682846FFF750FF0028F2D051
:10907000D8F81030DB05EED50023CAF80030D8F858
:1090800028301A4A1A4923F48033C8F82830137854
:10909000C8F80410CBB117484946FFF737FF30B97D
:1090A0001549164B0E2440F257420C701A60BDE869
:1090B000F087114A114B0A210020117040F24B42F7
:1090C000CAF800001A60BDE8F0874FEA492909484C
:1090D0004946FFF71BFF0028E9D1E1E709900300AB
:1090E000A41DFF1F00001A0D40420F007C1DFF1F32
:1090F0000002FFFF22003A19A407FF1F781DFF1F7F
:10910000A81DFF1F00100B402DE9F041254C2648FB
:10911000A36A23F480330021A362FFF7F7FE05461C
:1091200048B92249224B092040F23D2208701A60BA
:109130002846BDE8F081DFF884801E4BC8F8003077
:1091400004F0D6FA636A0646D80118D41A4F04E030
:1091500006F00CFF636AD90111D404F0C9FA831B2D
:10916000BB42F5D9114A124B0A21002511704FF468
:109170001072C8F800501A602846BDE8F081094B0B
:109180000022C8F800205A6A9207D1D5586B9A6A13
:10919000D96A22F4803241F08061D96258639A62C0
:1091A000C6E700BF00100B400000DB0CA407FF1F48
:1091B000781DFF1F098C030040420F00A81DFF1FF0
:1091C00070B5017A11F0010105D0214B1B6853B332
:1091D000BDE8704018471F4B1C78E4B11E4D1F4A74
:1091E0002E6B3240002A2FD06A68120C1204C2B9CA
:1091F00041721970AB6A1A4823F48033AB62FFF7EF
:1092000085FE08BB1749184B092040F2D33208707D
:109210001A60214605E0104B596A81F08071C1F354
:109220000061084670BD114B19780029F9D0104B28
:1092300010481968FFF76AFE30B1074B196981F4CD
:109240008071C1F30021ECE70121084670BD00BF29
:10925000A81DFF1F7D1DFF1F00100B4002007F1186
:109260000000DB0CA407FF1F781DFF1F6C1DFF1FF4
:10927000A41DFF1F00001A0D2DE9F0478246894604
:1092800004F036FA354E364DDFF80081354F04468E
:1092900004E004F02DFA031BBB4227D831682846AE
:1092A000FFF734FE0028F4D0D8F81030DA05F0D5F6
:1092B0002D4D2E4E2E4A01232B7000202D4B306059
:1092C0005146C8F800902C48C8F80420C8F8383037
:1092D000FFF71CFE0446A0B92849294B042040F2A0
:1092E0009F1208701A602046BDE8F0872349244B7E
:1092F0000A204FF4CC7208701A6000242046BDE8A2
:10930000F087DFF88C901F4BC9F8003004F0F0F9BB
:109310002B780746BBB1DFF84C8003E006F026FE51
:109320002B7883B104F0E4F9C31B4345F6D900233D
:10933000C9F800301149124B25204FF4D172087042
:109340001A600024DAE7336800229B07C9F800207E
:10935000F0D532680C4B1A42D0D0EBE7A41DFF1FAA
:1093600000001A0D40420F00AC1DFF1FB01DFF1F73
:109370004000010002007F1111003A06A407FF1F00
:10938000781DFF1F1D8C030000007F1100100B4093
:10939000A81DFF1F2DE9F041324CA37A13F04000C5
:1093A000154612D1E27A03F03F035B006C1C43EADE
:1093B000D2130C43234208D02B492C4B272440F2D4
:1093C00002320C701A60BDE8F081294B1B780BB992
:1093D00049026D022748FFF799FD40B92249234B06
:1093E0000F2440F20A320C701A60BDE8F081224866
:1093F0002946FFF78BFD40B91B491C4B102440F256
:109400000D320C701A60BDE8F0811C480021FFF796
:109410007DFD38B91449154B11244FF444720C707A
:109420001A60E2E704F064F9154E164DDFF85C802F
:10943000154F044631682846FFF768FD18B1D8F883
:109440001030DB05D1D404F053F9001BB842F1D938
:109450000549064B282040F2133208701A6000209C
:10946000C3E700BF901DFF1FA407FF1F781DFF1F4C
:109470007C1DFF1F00001A2000001A2100001B267F
:10948000A41DFF1F00001A0D40420F0000100B40EA
:109490002DE9F04F83B00190900701D11D465BB9D3
:1094A0003E493F4B252040F2F51208701A60002417
:1094B000204603B0BDE8F08F14463A4A3A4B136099
:1094C0000E4604F015F9DFF8FC90DFF8FC80DFF8B9
:1094D000FCB0DFF8FCA0074606E004F009F9C01B69
:1094E00050452BD806F042FDD9F800104046FFF752
:1094F0000DFD0028F1D0DBF81030DA05EDD5294953
:109500002A4F2B482D0400220A6045F40073294994
:10951000294D4FF0010C87F800C02A60CBF80040BD
:10952000CBF804300B78CBF8380093B10198314672
:10953000FFF7ECFC044670B90024B9E7174A184B52
:1095400018480A21002411704FF4FC7204601A605C
:10955000AEE77602EAE7134A184B136004F0C8F846
:109560003B7806467BB1DFF8688003E006F0FEFC3E
:109570003B7843B104F0BCF8801B4045F6D9094B59
:1095800000241C6094E72B68064900229B070A60B0
:10959000D2D52A680A4B1A428AD0CDE7A407FF1F0A
:1095A000781DFF1FA81DFF1F09900300AC1DFF1FA2
:1095B00002007F117C1DFF1FB01DFF1F1D8C0300CB
:1095C00000007F11A41DFF1F00001A0D00100B40AA
:1095D00040420F00F8B50646007AC0070C46154613
:1095E0001F4613D483B10F4401E0BC420CD0336852
:1095F0002A4621461B6930469847013405F5007517
:109600000028F2D10020F8BD0120F8BD900712D04B
:10961000002BF9D00F4401E0BC42F5D033682A4654
:1096200021461B6930469847013405F5007500282E
:10963000F2D10020E7E70648FFF72AFF0028E3D130
:109640000449054B0C2440F2A1320C701A60F8BD9D
:1096500037003A12A407FF1F781DFF1FF8B5064612
:10966000007AC0070C4615461F4613D483B10F4439
:1096700001E0BC420CD033682A4621465B6A304682
:109680009847013405F500750028F2D10020F8BD97
:109690000120F8BD900712D0002BF9D00F4401E053
:1096A000BC42F5D033682A4621465B6A304698476B
:1096B000013405F500750028F2D10020E7E70648DF
:1096C000FFF7E6FE0028E3D10449054B0E2440F2E3
:1096D0003D420C701A60F8BD27003A19A407FF1F1D
:1096E000781DFF1F2DE9F04FA24C01720023A24903
:1096F000DFF8DC82A14FA24E4372237088F800305D
:109700003B703370D1F800389E4A9F4D43F0406360
:10971000C1F80038136B43F4003313639B4B40F2E2
:1097200003121A605A609A60DA601A615A61EB6A31
:1097300043F0807343F4004391B0EB62EB6AD901CC
:10974000FCD44FF4C870FFF76FFA904B904940F289
:1097500043424FF488601A605A609860DA60512082
:109760001A615A6169638B4903F0C6FE8A4A4FF059
:10977000E023602182F851104FF40032C3F8082131
:10978000EB6A43F00063EB627F4BD96A11F0006132
:10979000FBD10846FFF7BAFB054648B97F4B0121CC
:1097A00040F28E2221701A60284611B0BDE8F08F79
:1097B000DFF8209203254FF4D5714846FFF7A6FB4A
:1097C000002846D1013DF6D13278754B002A14BFEE
:1097D0009A464FF4401A03F08BFF724EDFF8F8B14F
:1097E000DFF8F891054600213046FFF78FFB50B9AE
:1097F0006A4B002517214FF42A72284621701A60FF
:1098000011B0BDE8F08F51465846FFF77FFB0028A6
:10981000EED003F06DFF401B48455B4BE8D81A695A
:10982000002AE0DA604A196911601B695F485A0032
:1098300048BF01234FF0000148BF3B70FFF766FBB4
:109840000546C0B9554B022140F2B12221701A6081
:10985000AAE74D4B1B69B3F5D57F07D04F4B0621C7
:109860004FF4257221701A6000259DE70123DFF86F
:1098700030A13370AFE74E480021FFF747FB0546A4
:1098800030B9464B03214FF42D7221701A608BE7DB
:109890003D4E484F3369484948481B0C1B043B6008
:1098A000FFF772FB054630B93C4B072140F2B92265
:1098B00021701A6078E742494248FFF765FB054688
:1098C00030B9364B08214FF42F7221701A606BE7C4
:1098D00039683D48FFF71AFB054630B92F4B052183
:1098E00040F2BF2221701A605EE739682D48FFF709
:1098F0000DFB38B9294B142140F2C32221701A60A4
:10990000002551E731480221FFF700FB05460028FA
:10991000F0D0B36A23F00603B362B36A43F00203E4
:10992000B3624FF01013736469466FF07F40FFF726
:10993000A3FC18B19DF80D309B0751D446F2A81036
:10994000124C40F2031323606360A360E360236161
:109950006361FFF769F940F243434FF48862236083
:109960006360A2600122E3602361636188F80020E4
:109970001AE700BFA407FF1F00D000407C1DFF1F97
:10998000741DFF1F0080044000100B4000D00440F5
:109990000B007F11E58B030000E400E0781DFF1F42
:1099A0000000304000001A37A01DFF1F0000090210
:1099B00000001A03A41DFF1F901DFF1F00000909CE
:1099C000801DFF1F0000090A00001B0700001A0687
:1099D0006C1DFF1F00001A080000022940420F0002
:1099E0000A4E0B4894F8009037686946FFF744FC2C
:1099F0009DF8103018B103F00F03012B03D084F849
:109A0000009037609AE74CF2503099E7781DFF1FBD
:109A1000F1FFFF80374B5A6A92052DE9F0410E465F
:109A20000DD49A6A22F480329A6272B69A6A42F42B
:109A300000329A629A6A42F480329A6262B603F005
:109A400057FE2C4FDFF8C480054604E003F050FEBB
:109A5000431B434537D87C6A14F40064F6D025488C
:109A600006F13C0C06F50F76436A1B05FCD5ACF1FC
:109A70004003026A43F8042F9C45FAD10CF1400CD4
:109A80006645F1D103F034FE1A4F1B4DDFF87C80A0
:109A9000064604E003F02CFE831B43451DD83C6BB7
:109AA0002C40F7D0154A3B6B136013683B63136877
:109AB00013F002031BD01268114B1A420CBF012095
:109AC0000020BDE8F0810F490F4B1A2040F25632BA
:109AD00008701A602046BDE8F0810A490A4B1D2033
:109AE00040F2613208701A602046BDE8F0811846E5
:109AF000BDE8F08100100B4002007F11B01DFF1F78
:109B000000007F11A407FF1F781DFF1F40420F00B8
:109B10002DE9F047DFF8C4A0274BCAF8003089468A
:109B200003F0E6FD254E264DDFF8B480254F0446B0
:109B300006E003F0DDFD001BB84228D806F016FA57
:109B400031682846FFF7E2F90028F2D0D8F8103043
:109B5000DB05EED50023CAF80030D8F828301A4AC1
:109B60001A4943F48033C8F828301378C8F8041031
:109B7000CBB117484946FFF7C9F930B91549164B1B
:109B80000C2440F2BD320C701A60BDE8F087114A17
:109B9000114B0A210020117040F2B132CAF80000C6
:109BA0001A60BDE8F0874FEA492909484946FFF79E
:109BB000ADF90028E9D1E1E709900300A41DFF1FDA
:109BC00000001A0D40420F007C1DFF1F0002FFFF26
:109BD00032003A12A407FF1F781DFF1FA81DFF1FA8
:109BE00000100B402DE9F04100221D4C4272A36A87
:109BF0001C4823F480330D46A3621146FFF786F913
:109C000040B91949194B092440F2D3320C701A603B
:109C1000BDE8F081002DFBD0154F164B3B6003F0E3
:109C200067FD636ADA01064616D4DFF84C8004E06B
:109C300006F09CF9636ADB010ED403F059FD801B2A
:109C40004045F5D9084A094B0A210020117040F21D
:109C5000D73238601A60DBE700233B602846D7E73D
:109C600000100B400000DB0CA407FF1F781DFF1F36
:109C7000A81DFF1F098C030040420F000A4B1B78F0
:109C800010B504461BB9637A43B9012010BDFFF734
:109C90009FF80028FAD0637A002BF6D020460121E5
:109CA000BDE81040FFF79EBF7D1DFF1F2DE9F0436B
:109CB000047A14F00104ADF5017D0E4617461DD05F
:109CC000930713D1444801233A463146FFF7E0FB9E
:109CD000044630B94149424B0D2040F21142087010
:109CE0001A6020460DF5017DBDE8F08311466846F7
:109CF0004FF4007203F078FA6F46E3E7DFF8E8808C
:109D000098F8003005461BB1FFF762F80028E8D04C
:109D1000344B5B681B0C1B04002B36D12B68DFF81F
:109D2000CC901B6A4B4551D198F800300BBB6B7A35
:109D30002BBB98F80020002A35D1002B3FD12B688F
:109D400031461B6E284698470028CAD002236E6011
:109D50006B722B683946DB6D284698470028C0D0C7
:109D60006B680446013320466B600DF5017DBDE84C
:109D7000F083FFF72DF80028B3D06B7A53B101219F
:109D80002846FFF72FFF0028ABD06B7A022B12D0AA
:109D9000DFF858902A68126A4A45CAD02846904788
:109DA00000289ED0CBE7FFF713F8002899D06B7AF4
:109DB000002BC4D003E06A68B242E9D1C9E70121AF
:109DC0002846FFF70FFF00288BD0B8E728469847B2
:109DD000002886D0D9E700BF01003A18A407FF1F6A
:109DE000781DFF1F00100B407D1DFF1F7D9C030091
:109DF0002DE9F0410446007A10F00105ADF5007D33
:109E0000164613D0930750D0444801236A46FFF703
:109E10003FFB00284ED04FF400726946304603F0F5
:109E2000E3F928460DF5007DBDE8F081DFF80081FB
:109E300098F800300F46002B49D1637A012B4DD0A2
:109E400022683749126A8A425ED198F80020002AB7
:109E500048D1002B4DD139462046FFF759FE88B333
:109E600001236760637231462046FFF7D3FD064643
:109E700040B32C4B5B681B0C1B048BB92368284A2E
:109E80001B6A934245D198F8003013B1FEF7A0FF4A
:109E9000C0B1637A23B101212046FFF7A3FE88B148
:109EA00063680133354663600CE01C480123FFF70B
:109EB000EFFA38B91C491D4B0B204FF45D72087046
:109EC0001A60002528460DF5007DBDE8F081FEF7FB
:109ED0007FFF0028F6D0637A012BB1D16268BA42C5
:109EE000AED1C0E7FEF774FF0028EBD0637A002BF9
:109EF000B1D001212046FFF775FE0028ABD12846DE
:109F00000DF5007DBDE8F081204690470028F6D091
:109F1000A1E7204698470028D4D0C1E711003A11A4
:109F20007D9C030000100B40A407FF1F781DFF1F3E
:109F30007D1DFF1F4FF0FF30704700BF407B704713
:109F4000007C7047407C704701207047007E70475E
:109F5000704700BF043000F0E5BF00BF10B51C2102
:109F6000044603F099FA204610BD00BF2DE9F041E8
:109F7000C37B012B35D0867B04464EB1043000F004
:109F8000D5FFB0F1FF0518BF01252846BDE8F081D7
:109F9000071D384600F044FF207B314600F03EFFAD
:109FA0004FF00108FF21384600F0E0FF84F80E80F2
:109FB000384600F0BBFFA37BB0F1FF0518BF0125B9
:109FC000002BE2D0207B414600F028FFFF213846DD
:109FD00000F0CCFF384600F08BFFA6732846BDE8A2
:109FE000F08100252846BDE8F08100BF2DE9F04151
:109FF000264F82B03B680193019D05F5167580469A
:10A00000ADB2061D05E03B680093009BEB1A1B04F4
:10A0100013D4304600F08AFFFF280446F3D1FD2117
:10A02000304600F0A3FF98F80E30FBB9002388F803
:10A030000F30012002B0BDE8F08198F80E001E2319
:10A0400088F80D300028F5D098F80C00012100F0B8
:10A05000E5FEFF21304600F089FF304600F048FF62
:10A06000002088F80E0002B0BDE8F08198F80C00DE
:10A07000012100F0D3FE2146304600F077FF304644
:10A0800000F036FF002388F80E30CFE70C1FFF1FCB
:10A090002DE9F043234F83B03B680093009D05F505
:10A0A0009675044688469146ADB2061D05E03B68AC
:10A0B0000193019BEB1A1B040ED4304600F036FFCF
:10A0C000FF282074F3D0FE281BD01823A07B6373D5
:10A0D00038B903B0BDE8F083A07B1D23637300286B
:10A0E000F7D0207B012100F099FEFF21304600F0DF
:10A0F0003DFF304600F0FCFE0020A07303B0BDE839
:10A10000F0834A464146304600F01EFF207438B9BD
:10A11000304600F00BFF304600F008FF0120D8E782
:10A120002523D3E70C1FFF1FF0B5002783B0C773AB
:10A130003A460C21044600F059F8A67BA8B91EB98E
:10A140000126304603B0F0BD05460121207B00F01A
:10A1500065FE201DFF21019000F008FF019800F02E
:10A16000C7FE3046A57303B0F0BD09236373002E0C
:10A17000E7D0207B251D012100F050FEFF2128465D
:10A1800000F0F4FE284600F0B3FE3E463046A773CA
:10A1900003B0F0BDC27B022A03D0012A04D0012003
:10A1A000704703685B6E1847FFF7BEBF38B503689A
:10A1B0000D461A6A0C498A4204460CD1C27B022A17
:10A1C00004D0012A0BD02576012038BD5B6E98475C
:10A1D0000028F8D138BD90470028FBD0F3E7FFF7FF
:10A1E000A3FF0028F6D0EEE795A103002DE9F0418A
:10A1F000036884B00F46019236491A6A8A420646BD
:10A2000062D1C27B022A45D0012A5FD0B47B002CE8
:10A210004BD0351D0C2F15D0DFF8BC80D8F800309E
:10A220000393039C04F59674A4B206E0D8F80030BA
:10A230000293029BE31A1B0434D4284600F076FEF6
:10A24000FF28F3D147F04001284600F08FFE0DF1C2
:10A25000040802AC14F8011D284600F087FEA04552
:10A26000F8D1002F0CBF95218721284600F07EFEF3
:10A27000284600F05BFE0A24284600F057FE013C09
:10A2800010F0800F3074A4B201D0002CF4D104B0CF
:10A29000BDE8F0815B6E98470028B7D1FF2004B07D
:10A2A000BDE8F081002FCDD0F8E7351D284600F03D
:10A2B000B7FD307B214600F0B1FDFF21284600F0BC
:10A2C00055FE0123B373A5E79047E5E7FFF72CFFA1
:10A2D000E2E700BF95A103000C1FFF1F2DE9F04727
:10A2E00088B001AC84E80E00054600269DF8040005
:10A2F0002873AE736E736E74904600F08BFD287BEE
:10A30000012100F08BFD754AAA6094E8070005ABB7
:10A3100083E807002F1D0ECB384600F0BDFDAC7B57
:10A32000EE73002C67D0287B012100F077FD0A2412
:10A33000FF21384600F01AFE611E11F0FF04F7D12C
:10A340002146287B00F06AFD0A2400221146284697
:10A35000FFF74CFF0128064604F1FF330AD013F043
:10A36000FF04F2D10123A87B6B73002851D108B000
:10A37000BDE8F0874FF4D57208212846FFF736FF75
:10A38000420756D56E742B68DFF860A19B6D53456C
:10A3900073D1687CDFF85891D9F800300493049E9B
:10A3A000A0F10204B4FA84F4640906F5FA66A4077D
:10A3B000B6B206E0D9F800300593059BF31A1B04EA
:10A3C00059D4372100222846FFF710FF22462921C1
:10A3D0002846FFF70BFF0028ECD12B689B6D5345F7
:10A3E00075D1687C022859D0AB7B002B48D13C4901
:10A3F0003C4800222FE0384600F012FD287B214621
:10A4000000F00CFDFF21384600F0B0FD0123AB73D6
:10A4100089E7287B012100F001FDFF21384600F08B
:10A42000A5FD384600F064FD0020A87308B0BDE823
:10A43000F08702236B740424384600F077FD631E16
:10A4400013F0FF042874F7D1AA289CD006238AE7CA
:10A450000132172A40D031F8023BB0FBF3F34345F9
:10A46000F6D8214B53F82230012043F06053AB6003
:10A4700008B0BDE8F087172375E72846984789E7B5
:10A48000287B012100F0CAFCFF21384600F06EFD58
:10A49000384600F02DFD0023AB73A8E700223A21D7
:10A4A0002846FFF7A3FEA8B9384600F03FFD00F0AC
:10A4B000C000C02804BF03236B74384600F036FD8B
:10A4C000384600F033FD384600F030FD8CE7284672
:10A4D000984787E7122346E71622C2E7065001385D
:10A4E000041305000087930334130500459F030000
:10A4F0000C1FFF1FF8B500220D463A210646FFF754
:10A5000075FEE0B9371D2C1D384600F00FFD04F82C
:10A51000010DA542F8D1B47B14B901242046F8BD41
:10A52000307B012100F07AFCFF21384600F01EFD4F
:10A53000384600F0DDFC0023B3732046F8BDB47B41
:10A5400012237373002CE9D0341D307B012100F0FD
:10A5500065FCFF21204600F009FD2046002400F0A4
:10A56000C7FCB4732046F8BD70B5164682B0002211
:10A570000446FFF73BFEA8B11B236373A07B08B919
:10A5800002B070BD207B251D012100F047FCFF219A
:10A59000284600F0EBFC284600F0AAFC0020A0733F
:10A5A00002B070BD0546102231462046FFF770FD0F
:10A5B0000028E3D0A67B002EE2D0207B012100F012
:10A5C0002DFC201DFF21019000F0D0FC019800F02F
:10A5D0008FFC3046A57302B070BD00BF00B50368A4
:10A5E000244ADB6C934285B00FD16A460921FFF7FC
:10A5F000BBFF38B19DF8003013F0C00308D0402BEA
:10A6000027D0002005B05DF804FB69469847F0E7C5
:10A610009DF809309DF80A209DF806109DF8070066
:10A620009DF808C003F003035B0043EAD2139DF8D2
:10A63000052001F00301800040EA812002F00F02B2
:10A6400040EA9C101344073B0130984005B05DF888
:10A6500004FB9DF809009DF807309DF8082003F0E1
:10A660003F03013000EB034000EB0220800205B005
:10A670005DF804FB0DAA030030B50368164D9B6D11
:10A68000AB4283B004460A4621D1407C032818BF60
:10A69000520212212046FFF7A9FD18B90120E073EC
:10A6A00003B030BDA07B0C2363730028F8D0207B5F
:10A6B000251D012100F0B2FBFF21284600F056FCC9
:10A6C000284600F015FC0020A07303B030BD0191B6
:10A6D0009847019ADAE700BF459F0300F8B50646A0
:10A6E000C07B01280D4614461F4602D173698B4278
:10A6F00005D029463046FFF7BFFF80B175610025C0
:10A7000017B90EE0AF420CD021464FF4007230462C
:10A71000FFF7BEFC013504F500740028F2D10020DB
:10A72000F8BD7369307E3B4473610028F8D1304630
:10A73000BDE8F840FFF7F8BC2DE9F84F9B46C37B16
:10A74000DDF82890DDF82C80012B06460C461546D6
:10A7500002D143698B4205D021463046FFF78CFF7A
:10A76000B0B1746104EB0B0ABBF1000F03D112E02E
:10A77000C847A2450FD04FF4007229463046FFF774
:10A7800087FC07464246204629460134002FEFD178
:10A790000020BDE8F88F7369307E5B447361002848
:10A7A000F7D13046BDE8F84FFFF7BEBC03682DE98E
:10A7B000F0415F69164B9F421FD1C37B012B0446BA
:10A7C0000D46164602D14369994205D029462046D6
:10A7D000FFF752FF70B165614FF4007231462046B9
:10A7E000FFF756FC30B16369207E0133636148B1E5
:10A7F000BDE8F0810020BDE8F081BC460123BDE842
:10A80000F04160472046BDE8F041FFF78DBC00BF36
:10A81000DDA6030030B50368164D9B6DAB4283B0D7
:10A8200004460A4622D1407C032818BF520219214F
:10A830002046FFF7DBFC20B90223E373012003B0BD
:10A8400030BDA07B0E2363730028F8D0207B251D2C
:10A85000012100F0E3FAFF21284600F087FB28469B
:10A8600000F046FB0020A07303B030BD0191984773
:10A87000019AD9E7459F03002DE9F0430368174685
:10A88000DB6C434A934287B005460E4646D102AA86
:10A890000921FFF769FE0446C4B19DF812305A063B
:10A8A0001AD56B7C032B18BF760232464FF020017D
:10A8B000284618BF7F02FFF799FC28B93A462121A4
:10A8C0002846FFF793FC68B326236B73AC7B9CB9D7
:10A8D000204607B0BDE8F0839DF8132003F03F0346
:10A8E0005B0043EAD2137A1C32431342D9D0AC7BCB
:10A8F00027236B73002CEBD02C1D287B012100F04B
:10A900008DFAFF21204600F031FB204600F0F0FADE
:10A9100000242046AC7307B0BDE8F08302A9984735
:10A920000446B9E7024626212846FFF75FFC0028C7
:10A93000CAD1DFF86080D8F800300193019F07F595
:10A940001C57103705F10409BFB206E0D8F80030F3
:10A950000093009BFB1A1B0417D4484600F0E6FA4C
:10A96000FF280646F2D1AB7B002BB1D0287B01211A
:10A970001C4600F053FA3146484600F0F7FA4846C4
:10A9800000F0B6FA0023AB73A2E728236B739DE7B0
:10A990000DAA03000C1FFF1F70B5002282B00E46E7
:10A9A0000A210446FFF722FCA8B11B236373A07B96
:10A9B00008B902B070BD207B251D012100F02EFAE0
:10A9C000FF21284600F0D2FA284600F091FA002034
:10A9D000A07302B070BD0546102231462046FFF735
:10A9E00057FB0028E3D0A67B002EE2D0207B01217C
:10A9F00000F014FA201DFF21019000F0B7FA019831
:10AA000000F076FA3046A57302B070BD70B5002232
:10AA100082B00E4609210446FFF7E8FBA8B11B23CC
:10AA20006373A07B08B902B070BD207B251D012196
:10AA300000F0F4F9FF21284600F098FA284600F0CB
:10AA400057FA0020A07302B070BD054610223146AF
:10AA50002046FFF71DFB0028E3D0A67B002EE2D0A6
:10AA6000207B012100F0DAF9201DFF21019000F088
:10AA70007DFA019800F03CFA3046A57302B070BD33
:10AA800070B5061D15460446304600F06FFA4FF4C7
:10AA900000722946304600F075FAFF21304600F07A
:10AAA00065FAFF21304600F061FA304600F03EFAC8
:10AAB00000F01F03052B207404D0A07B20236373B8
:10AAC00010B970BD012070BD207B012100F0A6F9F6
:10AAD000FF21304600F04AFA304600F009FA002023
:10AAE000A07370BD2DE9F0411A4D82B02B6801931F
:10AAF000019C04F5167407468846A4B2061D05E0BD
:10AB00002B680093009BE31A1B040DD4304600F021
:10AB10000DFAFF28F4D14246FC213846FFF7B0FF7A
:10AB200020B102B0BDE8F08124237B73B87B0028FC
:10AB3000F7D0387B012100F071F9FF21304600F099
:10AB400015FA304600F0D4F90020B87302B0BDE821
:10AB5000F08100BF0C1FFF1F70B5036816469B6D88
:10AB6000214A934282B004460D463AD1407C0328E4
:10AB700018BF6D022A4618212046FFF737FB05460D
:10AB8000A8B10D236373A07B08B902B070BD207B10
:10AB9000251D012100F042F9FF21284600F0E6F9C9
:10ABA000284600F0A5F90020A07302B070BD32461F
:10ABB000FE212046FFF764FF0028E4D0A67B002E8C
:10ABC000E3D0207B012100F029F9201DFF21019015
:10ABD00000F0CCF9019800F08BF93046A57302B073
:10ABE00070BD9847C3E700BF459F030010B4047EC3
:10ABF00034B10468A46A0123A4465DF8044B60479D
:10AC00005DF8044BFFF7A8BF2DE9F04F0746C07B66
:10AC1000022883B00C4690469A465CD03B68214699
:10AC20001B6E3846984700283BD07C61BAF1000F74
:10AC300027D0DFF8B0B02A4D4FF000093E1D3B6829
:10AC4000DB6D5B4531D12B680193019C04F51674D3
:10AC5000A4B205E02B680093009BE31A1B041CD4EC
:10AC6000304600F063F9FF28F4D14246FC21384613
:10AC7000FFF706FF98B109F10109CA4508F5007808
:10AC8000DDD17B69387E53447B6158B93B685B6E8C
:10AC9000384603B0BDE8F04F184724237B73BB7BD5
:10ACA0004BB9002003B0BDE8F08F414638469847C5
:10ACB0000028E0D1F5E7387B012100F0AFF8FF2153
:10ACC000304600F053F9304600F012F90020B87316
:10ACD00003B0BDE8F08F7B698B429FD1A6E700BF30
:10ACE0000C1FFF1FE5AA03002DE9F04F87B0804637
:10ACF0000193C37BDDF840B00392022B0F466CD06A
:10AD0000D8F8003039461B6E40469847002848D096
:10AD1000C8F81470039B6BB3039BDFF8CCA0314DD4
:10AD2000FB18029308F10406019B594638469847E0
:10AD3000D8F80030DB6D5345814636D12B6805933A
:10AD4000059C04F51674A4B205E02B680493049BDB
:10AD5000E31A1B041FD4304600F0E8F8FF28F4D1B2
:10AD60004A46FC214046FFF78BFEB8B1029B0137F3
:10AD7000BB42D9D1D8F81430039A98F8180013447C
:10AD8000C8F8143070B9D8F800305B6E404607B090
:10AD9000BDE8F04F1847242388F80D3098F80E309E
:10ADA0004BB9002007B0BDE8F08F014640469847F8
:10ADB0000028DBD1F5E798F80C00012100F02EF80F
:10ADC000FF21304600F0D2F8304600F091F8002024
:10ADD00088F80E0007B0BDE8F08F43698B428FD131
:10ADE00098E700BF0C1FFF1FE5AA030010B584B051
:10ADF0000DF1040C8CE80E009CE80E000446FFF7F1
:10AE00006DFA20B19DF8053003F00103237604B0FC
:10AE100010BD00BF012102F02FBC00BF02F0E8BB53
:10AE200030B403684268D97AD1B172B6D97ACC0706
:10AE300008D54FF0E024DD68D4F8800128409861FF
:10AE4000C4F88001880708D54FF0E0241D69D4F8C4
:10AE500084012840D861C4F8840149070ED462B641
:10AE60001B68D968914207D0094C0A491C6042F01E
:10AE70008040DA601861196030BC70474FF0E02004
:10AE80005C69D0F8881121401962C0F88811E6E7A2
:10AE900001403F0000003F8010B584B004AC04E9DD
:10AEA0000E00044633B11846236004B0BDE81040DC
:10AEB00000F0A8B99DF804303E2B06D00A48206067
:10AEC00004B0BDE8104000F09DB9084820603B2167
:10AED00000F054FA20683D2100F0FEF920683C2182
:10AEE00000F09EFA2068E0E7B41DFF1FEC1DFF1F75
:10AEF0000268D37AA3B1D80704D54FF0E021906956
:10AF0000C1F80001990704D54FF0E021D069C1F8DC
:10AF100004015B0704D54FF0E023126AC3F808214F
:10AF2000704700BF006800F0ADB900BF026812684A
:10AF30004FF00041FF23D1625363D36A002BFCDA48
:10AF4000906BC0B2704700BF30B50C4683B0054669
:10AF5000FF212046019208F0FFFE2868019B22464F
:10AF6000214600F0B9FA002003B030BD03681A682A
:10AF70004FF00043D3625163D36A002BFCDA936B2A
:10AF8000704700BF30B5531EB3F5007FADF5017DAE
:10AF90001446054613D37AB10368481E196882180F
:10AFA0004FF0004410F8013FCC624B63CB6A002B9A
:10AFB000FCDA90428B6BF5D10DF5017D30BD684612
:10AFC00002F012F96A4628682346114600F084FA16
:10AFD0000DF5017D30BD00BF90F81CC04160BCF193
:10AFE000020FC26001D18368184701F019B800BF91
:10AFF0002DE9F0410468E56815F0807F764D256005
:10B0000048D1DD0700F1C98090F824601F4646EA68
:10B010000626002F00F0B08031B10E784D7846EA58
:10B02000052676BA0231B6B2456895F808C0022FF7
:10B030000CF1FF3C4FEA0C3C0CBF46F0805546F04B
:10B0400010451FFA8CFC6563023F09E012B10EF84F
:10B05000014B7246013B05F47045654516D90468FD
:10B06000E56A15F0F00FF6D013F0010FA46B9646C9
:10B07000ECD1C4F307281AB10EF8028B5470724653
:10B0800005F470456545A3F10203E8D8002F73D09D
:10B090000468C1E7DD075BD490F824701E46BFB298
:10B0A000002E42D021B14D7811F8027B47EA0527E6
:10B0B000456895F808C0022E0CF1FF3C4FEA0C3CA5
:10B0C0000CBF47F0805547F010451FFA8CFC6563B4
:10B0D000023E09E012B10EF8014B7246013B05F445
:10B0E0007045654516D90468E56A15F0F00FF6D08D
:10B0F00013F0010FA46B9646ECD12AB10EF8024B67
:10B10000C4F307245470724605F470456545A3F1F5
:10B110000203E8D84EB10468C4E72AB104F8021B60
:10B12000C1F3072151702246023B7BB10168CC6A12
:10B1300014F0F00FF9D0DD07896B1446EDD512B18C
:10B1400004F8011B2246013B002BEFD1BDE8F08142
:10B1500079B311F8015B012B18BF45F00045656319
:10B1600090F824705E1E9AE7C1F307251AB104F81F
:10B17000025B51702246023B002BE7D00168CC6A8B
:10B1800014F0F00FF8D0DE07896B1446ECD512B13D
:10B1900004F8011B2246013BEEE799B111F8015B6F
:10B1A000012B18BF45F00045656390F824605F1ED1
:10B1B0002DE790F82470012B1ABF47F00045656316
:10B1C0006763CFE790F82460012B1ABF46F0004573
:10B1D00065636663EBE700BF00041F8010B40024C2
:10B1E0008460C460046144618461C46104628484D5
:10B1F0008462C46204634463C0E900125DF8044BD6
:10B20000704700BF436810B41C685A682168114336
:10B2100002682160164C17491460D160164C17491A
:10B2200014611160417A164A5C180C3194F82CC0F4
:10B2300053F8214002EBCC0149680C60017A5C189C
:10B2400003EB810194F818C0CC6902EBCC0149688A
:10B250000C60817A5DF8044B581803EB810390F879
:10B260004000596C02EBC00253681960704700BF80
:10B2700001401F00011000380110007800001F80FD
:10B28000E416050010B4426890F809C0104B9444CD
:10B2900000219CF82CC003EBCC0CDCF804402160AE
:10B2A00090F808C094449CF818C003EBCC0CDCF870
:10B2B00004402160847A00682244064C92F84020C1
:10B2C00003EBC2035B68196004605DF8044B7047D0
:10B2D000E416050001401F0030B5254B4468A34229
:10B2E00010D0437A234493F82CE08E4509D004F122
:10B2F0002B02002312F801CF8C4519D00133042B07
:10B30000F8D130BD0B292CD0072907D1194A137861
:10B3100023F0030343F001031370E2E71C29E0D19B
:10B32000144A137823F0030343F002031370D8E7A1
:10B33000226811686268114211D00F4A02EBCE0EEA
:10B340000025DEF804100D60E11891F82C1002EBD6
:10B35000C10203F10C01556854F821202A604372A0
:10B3600030BD044A137823F003031370B9E700BF1C
:10B3700090130500091FFF1FE416050030B5254B8B
:10B380004468A34210D0037A234493F818E08E4512
:10B3900009D004F11702002312F801CF8C4519D00F
:10B3A0000133042BF8D130BD0C292CD0082907D14A
:10B3B000194A137823F00C0343F004031370E2E7F7
:10B3C0002729E0D1144A137823F00C0343F0080333
:10B3D0001370D8E7226811686268114211D00F49D2
:10B3E00001EBCE0E04EB030CDEF804200025156003
:10B3F0009CF818C004EB830201EBCC01D4694A68C5
:10B400001460037230BD044A137823F00C031370E8
:10B41000B9E700BF90130500091FFF1FE4160500E0
:10B420002A4A43689A4230B413D0827A1A4492F876
:10B4300040208A420BD093F840C08C4525D093F829
:10B4400041C08C453BD093F842C08C453AD030BCCB
:10B4500070470D2913D00E2907D11D4C227822F0F8
:10B46000300242F010022270DFE71B29DDD1184CB8
:10B47000227822F0300242F020022270D5E7144CEC
:10B48000227822F030022270CFE700218C461C681F
:10B4900025685C68254210D00E4C04EBC2020025E2
:10B4A0005268156003EB0C0203EB8C0392F840200A
:10B4B00004EBC2045A6C63681A608172C7E7012109
:10B4C0008C46E4E702218C46E1E700BF90130500BB
:10B4D000091FFF1FE41605000BB1FFF789BD704778
:10B4E00070B4026B4B4B1279DA77C26A12791A7711
:10B4F000026B12791A77826A2AB34368DB689A4230
:10B5000044D9C46A016BD21A236882621D6800F1B3
:10B510002404A5424FF001025AD00468E56815F0F2
:10B52000804F1D682AD12D781E6845F000450136F0
:10B530001E606563374B0979D97612B1C26A1279F8
:10B54000DA7670BC70470168334C436B0A63CC6297
:10B55000CC6824F08044CC601C68304924684FF0EB
:10B56000030C8C4280F825C03AD1197F5A60022919
:10B57000DA603AD170BC9A68184610472D881E6868
:10B5800045F0004502361E606563D3E7C36A1B6859
:10B59000DC8B260402F1FF3133D4C1F30E01D983D1
:10B5A000DC8B016BA4B2DC820C68E58B2D0420D40B
:10B5B000C2F30E05E583E58BADB2E5821D6800247C
:10B5C000013A846200F1240418BF0122A542A4D1EB
:10B5D0000368DC6890F8244044F000445C63A9E709
:10B5E00018461146234670BC184770BC184600F038
:10B5F00017BDE58BC2F3080605F47E453543E583A8
:10B60000D9E7DC8BC1F3080104F47E442143D983DC
:10B61000C6E700BF0080004000000FFFD9AF030065
:10B6200008B50248FFF75CFF08BD00BFB41DFF1F4F
:10B6300008B50248FFF754FF08BD00BFEC1DFF1F0F
:10B6400008B50248FFF74CFF08BD00BF241EFF1FCE
:10B6500008B5084A08490948FFF7C0FD084A0949E2
:10B660000948FFF7BBFD094A09490A48FFF7B6FD3B
:10B6700008BD00BF9013050000C00240B41DFF1FAD
:10B680002414050000D00240EC1DFF1FB814050073
:10B6900000C00A40241EFF1F184B70B553F83160DC
:10B6A000044600206060A163C8B206F58071E162C3
:10B6B00006F18001A16253F83230E26303F18002A7
:10B6C000226303F58072626340F6C4120125626250
:10B6D0004FF448716422A1612262E261C6F8005110
:10B6E0002946C3F88050256001F0C6FF94F83C005D
:10B6F000294601F0C1FF204670BD00BFE4160500D9
:10B70000034A044B914298BF0B464362704700BF07
:10B710001FA1070020A10700002910B40CDB0D4C6D
:10B72000026BA1424FF00103A8BF214603605DF800
:10B73000044B136081617047074B426B4FF0FF343D
:10B7400099420460B8BF1946012414605DF8044BA7
:10B7500081617047E0930400206CFBFF4368C91AC5
:10B7600010B40ED4026B01230360136042685DF8CD
:10B77000044B81EAE173A3EBE1731144C1600361FF
:10B780007047436B4FF0FF34012204601A60EDE70D
:10B79000002910B40EDB026B0123036013604368C1
:10B7A0005DF8044B81EAE172A2EBE1720B44C360E5
:10B7B00002617047436B4FF0FF34012204601A604E
:10B7C000EDE700BF704700BF024B186803681B68B5
:10B7D000184700BF601EFF1F024B586803681B68B4
:10B7E000184700BF601EFF1F024B986803681B6864
:10B7F000184700BF601EFF1F024BD86803681B6814
:10B80000184700BF601EFF1F426808B55AB1154BAC
:10B8100013441B113033DBB2303B032B03D8DFE87A
:10B8200003F01115190D104B1B6800220260ABB11B
:10B830000121084698474FF0FF3008BD0B4B0360CD
:10B84000032008BD0A4B0360002008BD094B0360BC
:10B85000012008BD084B0360022008BD4FF0FF30F7
:10B8600008BD00BF008FFCBF5C1EFF1F307103408E
:10B87000007103401071034020710340F0B58DB09A
:10B880002F4B304A0093071D04460E4608A802A914
:10B8900006930292C4F706FE2B4A06A9384600F02A
:10B8A0003FFE069B0546DB6808A89847009B02A858
:10B8B000DB6898475DB9254B1B682BB1032101203C
:10B8C000984703200DB0F0BD03200DB0F0BD204619
:10B8D000FFF79AFF1E4B616843F820602022227216
:10B8E00021B11C4B0B441B111B495A541B4B53F8E1
:10B8F0002030029302A91A4B009308A80693C4F7BC
:10B90000D1FD114A06A9384600F00AFE069B08A898
:10B91000DB689847009B02A8DB689847236833B12F
:10B920009A68002022F002029A600DB0F0BD074A2A
:10B930001268002AF4D00221012090472368EFE723
:10B94000200F0500C5B70300008793035C1EFF1F8F
:10B95000601EFF1F008FFCBF30E400E05C15050097
:10B960004C15050010B4144C22780ABB134B4FF64B
:10B97000FF711A6010209960D30003F1804303F532
:10B9800060330132D96821F08001D960D968082A72
:10B9900021F04001D960D860EED1084B4FF0E02291
:10B9A0000D2018604FF480610123C2F80411237048
:10B9B0005DF8044B704700BF701EFF1F00800340FE
:10B9C000074A002352F8041F21B10133082BF9D193
:10B9D00018467047034A42F823001846704700BFD4
:10B9E000701EFF1F741EFF1F072812D810B472B6F6
:10B9F000C30003F1804303F560330649DA6800248D
:10BA000022F04002DA6041F8204062B65DF8044B53
:10BA100070477047741EFF1F70B50D4D0024E30082
:10BA200003F1804303F56033DA6802F0C002C02AF4
:10BA300009D155F82400DA68066822F04002366819
:10BA4000DA602146B0470134082CE8D170BD00BF50
:10BA5000741EFF1F2DE9F0411F46134BC3610025E3
:10BA60004FF47A73056280F82850C5624362044639
:10BA700008460E46904609F003F81A2807D92570A3
:10BA800084F81A8084F830702046BDE8F081421CAA
:10BA90003146204601F0A8FB84F81A8084F8307003
:10BAA0002046BDE8F08100BF400E050070B5C56AB4
:10BAB000234BC3610446002D32D06E68013E6E6098
:10BAC00076BB2B681F4ADB6A93422FD1A86D10B159
:10BAD00006F086FAAE652B6D23B305F11800FCF76E
:10BAE0004DFFE56AE5B12B68174A5B68934224D1A4
:10BAF000A86D164B2B6018B106F072FA0023AB65E7
:10BB00002B6D05F11806A3B13046FCF737FF104B3B
:10BB1000AB603046FCF732FF5C21284601F0BCFCEC
:10BB2000204670BD6B6D002BD7D1DAE728469847C9
:10BB3000D7E76B6D002BE7D1E9E728469847EFE799
:10BB4000400E0500D1040000190D00006C0E050028
:10BB5000F80D05002DE9F0410446006984B0002885
:10BB60005ED01F4603680E46904665491A6B8A42AE
:10BB700054D1026D002A60D0B8F1020F4AD93A6858
:10BB80001D6A604B9D424FD1036D002B5CD0114666
:10BB90001846FBF7C1F800284BD02369002B6DD065
:10BBA0001A689568584A954240F08880186D0028B8
:10BBB0006AD042463146FAF79DFE0346002B5DD01F
:10BBC00008F1FF38B446002201E042450DD29CF84E
:10BBD00000E0BEF10A0F65460CF1010C5DD0BEF12C
:10BBE0000D0F69D001329A42EFD12069002838D078
:10BBF0000268464912698A422ED1026D002A63D03A
:10BC0000117808072DD5D0695269801A27D50023ED
:10BC100006F80830032004B0BDE8F081904720BB4F
:10BC2000022004B0BDE8F08100230093A84700285B
:10BC3000B3D1042004B0BDE8F081426D002AEFD0FA
:10BC4000B8F1020F9BD8E5E7406D0028F1D0F8F776
:10BC500013FD0028A1D1ECE703939047039B002834
:10BC6000D5D10022F2540720D5E7B8F1020FD1D97F
:10BC700020693A680028DCD0036881E700230720A8
:10BC8000337004B0BDE8F081586D002834D04246CE
:10BC90003146F8F705FC034690E70D210020531CC0
:10BCA0002870F45C8C4208BF1A463B680133134489
:10BCB0003B6004B0BDE8F0810A21EFE71846424638
:10BCC0003146A847034679E7426D002AC9D092F869
:10BCD00031100907C5D511681069401A51695268B9
:10BCE00061EB0202B0F1004F72F10002B7D36FF0C6
:10BCF000004000288BD1B4E74FF0FF3360E700BF6E
:10BD000061040000F10D0000C90A0000DD0B000015
:10BD1000F0B583B0002307460D461446019300F1A9
:10BD20001C0601AB224629463046FFF713FF0028C8
:10BD3000F7D0072806BF002001230023F876184615
:10BD400003B0F0BD90B170B5054608F099FE441EF1
:10BD50002C190AD2002602E0AC42667005D314F812
:10BD6000010907F0FBFD0028F6D170BD704700BF48
:10BD70002DE9F843144680461A468946089B214619
:10BD80001C30FFF7E7FE074608B1072818D1002C42
:10BD900041D0264614F8015B284607F0DFFD002855
:10BDA000F7D13B2D03D0232D01D05B2D0DD0072FD4
:10BDB00009BF0523002088F81B300120BDE8F88367
:10BDC00088F81B000120BDE8F883013635460136AE
:10BDD000287807F0C3FD04460028F7D15D212846E6
:10BDE00008F036F80028E2D004702846FFF7AAFFD2
:10BDF00098F830304946284643B907F0FFFF00283D
:10BE0000D5D1002388F81B300120D7E708F00CFCBF
:10BE10000028CCD1F5E72378FFDE00BF2DE9F843F9
:10BE200007461AB11C46137816462BB90623FB7633
:10BE300001242046BDE8F8830A9B089A88461C30F6
:10BE40002146FFF787FE814608B1072833D1002C31
:10BE500041D023461C7820461D4607F07FFD6B1C11
:10BE60000028F7D13B2C1FD0232C1DD0B8F1000F98
:10BE700001D05B2CDAD03D21284607F0E9FF80464F
:10BE800090B1002303702846FFF75CFF97F830401D
:10BE900031462846A4B108F0C7FB28B9099A08F131
:10BEA00001031360F876C4E7B9F1070FBED0002490
:10BEB0002046BDE8F8830124F8762046BDE8F883E3
:10BEC00007F09CFF0028EFD1099A08F101031360E5
:10BED000FC760124ADE72378FFDE00BF2DE9F041B9
:10BEE000054688B0C06A0F9F1E4600230793D0B155
:10BEF000036890461B6B394A93420FD1036D002BA8
:10BF00004BD03C79012C4ED0022C1DD094B108238B
:10BF1000EB760124204608B0BDE8F08105919847F2
:10BF200005990028EDD10223EB760124204608B0C4
:10BF3000BDE8F08100290CBF0223012320463B719C
:10BF40003C6008B0BDE8F08107AB01930E9B009305
:10BF50000297334642462846FFF760FF0446002812
:10BF60002FD0EB7E002BD4D1079D002D31D02F4652
:10BF700015F8010B07F0F2FC0028F8D138460797B6
:10BF8000FFF7E0FE3B782BB106F8013B17F8013FC5
:10BF9000002BF9D100233370C8E7436D002BC2D0CA
:10BFA0003C79012CB0D189B10E9B009732462846CE
:10BFB000FFF7DEFE28B1EC7E002CAAD102233B71F4
:10BFC000B4E70024204608B0BDE8F0810523EB76F5
:10BFD000ACE72846FFF7B6FE2B78FFDE61040000D1
:10BFE0002DE9F04385B01D46DDF83080002304467E
:10BFF0000F46164602938DF80C300DF10809CDE975
:10C0000000892B46324639462046FFF767FF002855
:10C01000F5D0E07EB0FA80F0400905B0BDE8F083CD
:10C02000EFF3108272B6437F5BB9017F012930B410
:10C030000BD0032913D00123437702B962B630BC79
:10C0400070470AB962B670477047124C2168B1B1A7
:10C05000114943610B68836108605861EBE70F4D3C
:10C060000F492C688CB143610B68836158614FF0B4
:10C07000E0234FF080540860C3F8044DDBE7064B23
:10C080004161816120601860D5E744618461286066
:10C09000EDE700BF941EFF1FA41EFF1F9C1EFF1F85
:10C0A000981EFF1F70B5EFF3108272B60C4C20681B
:10C0B00080B10C4E00254369236073B19D6102B9C4
:10C0C00062B6836845779847EFF3108272B62068AE
:10C0D0000028F0D102B962B670BD3360EFE700BF4F
:10C0E0009C1EFF1F981EFF1FFFF7DCBF024A13684C
:10C0F00001331360704700BF0C1FFF1F0368C9B2F4
:10C100001B6818470368C9B21B6818470368C9B29F
:10C110001B6818470368C9B21B681847084B10B55D
:10C1200003EB51030446B3FBF1F001F0C3FB054BF5
:10C130001B7803B110BD2046BDE8104003F08EBF50
:10C14000001C4E0E2508FF1F08B5084601F0F6FD3D
:10C15000012008BD08B5084601F0F0FD012008BD2A
:10C1600038B508460D4608F08BFC044601462846C3
:10C1700001F0EEFD204638BD10B5084614461146C4
:10C1800001F0E6FD204610BD0846114602F00EB84B
:10C190000846114601F0EEBF01F006BF08B508469B
:10C1A00001F0A2FD003818BF012008BD08B50846FF
:10C1B00001F078FD003818BF012008BD084611467F
:10C1C00001F0EEBC084601F035BD00BF084601F0A5
:10C1D000CBBC00BF01F04CBC10B50648144600EBC8
:10C1E0005100B0FBF1F001F065FB2046BDE81040C6
:10C1F00001F0E0BB001C4E0E01F0B0BE01F068BEC5
:10C2000001F052BE01F02CBE01F036BE084B10B555
:10C2100003EB51030446B3FBF1F001F0D7FF054BEC
:10C220001B7803B110BD2046BDE8104003F016BFD7
:10C23000001C4E0E2608FF1F08B5084602F0CCF978
:10C24000012008BD08B5084602F0C6F9012008BD66
:10C2500038B508460D4608F013FC0446014628464A
:10C2600002F036FA204638BD10B50846144611468D
:10C2700002F02EFA204610BD0846114602F056BCC8
:10C280000846114602F036BC02F04EBB08B508461F
:10C2900002F078F9003818BF012008BD08B508463B
:10C2A00002F04EF9003818BF012008BD08461146BB
:10C2B00002F0D6B8084602F015B900BF084602F0F1
:10C2C000B3B800BF02F04CB810B50648144600EBF6
:10C2D0005100B0FBF1F001F079FF2046BDE81040BD
:10C2E00001F0E0BF001C4E0E02F0F8BA02F0B0BA46
:10C2F00002F09ABA02F074BA02F07EBA0368064AF3
:10C300001B68934205D110B5C8B202F065F901204F
:10C3100010BDC9B2184700BF45C203000368064AF2
:10C320001B68934205D110B5C8B202F055F901203F
:10C3300010BDC9B2184700BF45C203000368064AD2
:10C340001B68934205D110B5C8B202F045F901202F
:10C3500010BDC9B2184700BF45C203000368064AB2
:10C360001B68934205D110B5C8B202F035F901201F
:10C3700010BDC9B2184700BF45C20300084B10B535
:10C3800003EB51030446B3FBF1F002F055FC054BFF
:10C390001B7803B110BD2046BDE8104003F05EBE1F
:10C3A000000E27072708FF1F08B5084602F0B0FD5A
:10C3B000012008BD08B5084602F0AAFD012008BD0D
:10C3C00038B508460D4608F05BFB04460146284692
:10C3D00002F0A8FD204638BD10B5084614461146A7
:10C3E00002F0A0FD204610BD0846114602F014BF21
:10C3F0000846114602F0F4BE02F04CBE08B50846ED
:10C4000002F066FD003818BF012008BD08B50846D7
:10C4100002F03CFD003818BF012008BD0846114657
:10C4200002F004BD084602F02FBD00BF084602F02E
:10C43000E1BC00BF02F0AABC10B50648144600EBF0
:10C440005100B0FBF1F002F0F7FB2046BDE81040D0
:10C4500002F03EBC000E270702F0F6BD02F0AEBDB2
:10C4600002F098BD02F072BD02F07CBD0368064A7E
:10C470001B68934205D110B5C8B202F049FD0120F6
:10C4800010BDC9B2184700BFB5C303000368064A10
:10C490001B68934205D110B5C8B202F039FD0120E6
:10C4A00010BDC9B2184700BFB5C303000368064AF0
:10C4B0001B68934205D110B5C8B202F029FD0120D6
:10C4C00010BDC9B2184700BFB5C303000368064AD0
:10C4D0001B68934205D110B5C8B202F019FD0120C6
:10C4E00010BDC9B2184700BFB5C30300704700BFF5
:10C4F000704700BF704700BF704700BF704700BF64
:10C5000038B5064CA4F1600554F8083C2046DB68B9
:10C51000183C9847AC42F7D138BD00BFF81EFF1F4A
:10C520002DE9F041036888B004461746002B3DD042
:10C5300000229A600122DA60294DDFF8BC801D4498
:10C540002D1151F8083B029305EB4506F60004A8AF
:10C550005B68984758F8063006F108004044DB68ED
:10C5600001909847029B1F4A029204A9019848F83B
:10C5700006309B689847029B04A8DB6898472368AD
:10C5800019491F6003229A6005F13002531103F12B
:10C59000382320796854403301209B0002F01F02A9
:10C5A00000FA02F21A6008B0BDE8F0810F4AD36BBE
:10C5B00043F40003D36300BF0D4B01221A6003F55F
:10C5C00080730C4A036098680028B5D010339342FA
:10C5D0002360F8D10020206008B0BDE8F08100BFE2
:10C5E000008FFCBFA816050030E400E00080044086
:10C5F0000070034040710340A81EFF1F0368002B1A
:10C600003DD02DE9F0431E4CDFF884801D4A1C44C8
:10C61000241104F13006731104EB4404E40003F127
:10C62000382389B060339F004FF0010958F8043077
:10C63000029206F01F060546134A049209FA06F60E
:10C6400004F108004044DB683E6001909847029B7B
:10C650000E4A0292019848F8043004A99B68984752
:10C66000029B04A8DB6898472A6800239360C2F8FD
:10C670000C90C7F800612B6009B0BDE8F0837047EB
:10C68000008FFCBF200F0500EDC40300A8160500B5
:10C69000A81EFF1F0448054A50F8083B01211B68EB
:10C6A000C2F80C11184700BFA81EFF1F00700340FE
:10C6B0000448054A836901211B68C2F81C11203017
:10C6C000184700BFA81EFF1F007003400448054A1A
:10C6D000036B01211B68C2F82C113830184700BFCA
:10C6E000A81EFF1F007003400448054A836C012107
:10C6F0001B68C2F83C115030184700BFA81EFF1F2E
:10C7000000700340094B0A480A4A0B4910B40B4C0D
:10C710001C6098609C6118621C6398639C64186537
:10C720005DF8044B002004F081BC00BFA81EFF1F71
:10C73000EDC40300F806FF1F01C50300200F05002C
:10C74000F8B50C4671B182B106468F1800253368E2
:10C7500014F8011B1B6830469847BC420544F6D1CB
:10C760002846F8BD0D462846F8BD1546F8E700BF37
:10C7700070B5012A8AB008BF0A22A1B34FF0210E7A
:10C7800002E05FFA86FE2946B1FBF2F502FB1514C2
:10C790005FFA84FC092C0CF1300498BF5FFA84FC2A
:10C7A0000EF1280488BF0CF1370C6C4488BF5FFA87
:10C7B0008CFC91420EF1FF3604F824CCE1D24BB14F
:10C7C0000EF1FF3E5FFA8EFE0EF128036B442D2220
:10C7D00003F8242C036801A95B68CEF1220271449E
:10C7E00098470AB070BD30228DF825204FF0210EF9
:10C7F000E5E700BF2DE9F0418C688AB0DCB1002587
:10C80000884606462F462B46212201A9404600F0C5
:10C810008DFB3368202C22465B6828BF202201A9AB
:10C8200030461544A41A98470744002CEBD13846EB
:10C830000AB0BDE8F081274638460AB0BDE8F0816D
:10C840000029BABF49422D2300230A22FFF790BFD7
:10C8500000B5036883B040F60D22ADF804205B6894
:10C86000022201A9984703B05DF804FB034B02289C
:10C8700088BF034618461B685B6818472808FF1FD7
:10C8800032B9036800B51B685DF804EBC9B21847FC
:10C89000FFF76EBFFFFFFFFF2DE9F04F55EC104B88
:10C8A00087B006460F4610EE102A10EE100A2B46EF
:10C8B000294605F017F8002840F0AA8025F0004925
:10C8C0005F4B4FF0FF322046494605F00BF848B960
:10C8D0005B4B204649464FF0FF3204F0E5FF00284D
:10C8E00000F08D80574B4FF060422046294604F0FF
:10C8F000EFFF00287AD1544B4FF060422046294682
:10C9000004F0C8FF002871D10022002320462946E8
:10C9100004F0C0FF002875D18246002F7BD00FF2B3
:10C920001819D9E9008949494FF0000B00204B46FE
:10C930000BF1010B424604F03BFD5FFA8BF3BB4267
:10C94000F5D302460B462046294604F07BFB0F2F09
:10C9500028BF0F270D460446019705F001F807464A
:10C9600004F0ACFC02460B462046294604F068FB66
:10C9700053460A2204460D4630463946FFF7F8FE74
:10C98000019FDFF8D8902E238DF808300DF10902B1
:10C990007B1E824652FA83FB02AF4FF000084246EC
:10C9A0004B462046294604F003FD0D46044604F09C
:10C9B000D7FFC0B200F1300307F8013F04F08EFC4E
:10C9C00002460B462046294604F03AFBBB45044686
:10C9D0000D46E4D1019A336801325B68D2B202A9F4
:10C9E00030469847504607B0BDE8F08F3368184985
:10C9F0005B680322304607B0BDE8F04F1847336844
:10CA00001449F5E705F100431D464FF0010A84E79C
:10CA100033681149ECE70D4B00222046294604F00B
:10CA200011FB04F09DFF534601460A22304607B031
:10CA3000BDE8F04FFFF79CBE000000A09999B93FF8
:10CA4000FFFFEF7FFFFFEF41FFFFEFC10000E03F7F
:10CA5000C0160500BC160500B816050000002440ED
:10CA600070B50E4D82B02B680093009E044608E01E
:10CA700003F07CFA2B680193019BA2689B1B9342F5
:10CA800007D2236820465B6998470028F0DB02B094
:10CA900070BD4FF0FF3002B070BD00BF0C1FFF1F14
:10CAA0002DE9F0410F460021064690461D46002420
:10CAB00000F0CEF805E012D0E04510D000F0FAF911
:10CAC0000134AC42384600D34DB9FFF7C9FFB0F18D
:10CAD000000C5FFA8CF13046EDDA01233B733046EF
:10CAE000BDE8F081524A2DE9F043A2FB00435B0907
:10CAF000A2FB0342C3EB03145209A0EB84004D4C8C
:10CB00000870C2EB0215A4FB024EA3EB85034FEAAB
:10CB10001E1E4B70484B494E494FDFF82C810EF1D9
:10CB20000400A3FB00430EEB4E04A2EBC4028A7088
:10CB3000C21A03EB52039B08C3EBC303C31A0020C2
:10CB4000CB70024640F26D190DE0B7EBB40F48D33D
:10CB5000B8EB341F34BF4C464FF4B77422449645AB
:10CB600000F101000FD35FFA80FC0CF2B27313F0F6
:10CB7000030506FB03F4E8D040F26D142244964509
:10CB800000F10100EFD22F4E0CF1460CA6FB03067C
:10CB900081F806C0770995B36420F60900FB1737C2
:10CBA0004FF4C87000FB163640F26D10AEEB020E6B
:10CBB00070440122DFF894E000230AE013F80E40ED
:10CBC000844211D80C2AA0EB04000ED001320133AC
:10CBD000D2B2012B5FFA83FCF0D15DB9DFB11D2425
:10CBE00009E04FF4B774B9E7624601304A71087141
:10CBF000BDE8F0831C24A04217D3001BE6E76420A5
:10CC000000FB1737F6094FF4C87000FB16363FB12A
:10CC10004FF4B770CAE7002E14BF1C241D24EAE7A6
:10CC2000002EC1D14FF4B770C0E70122DDE700BF8D
:10CC300089888888ABAAAAAA25499224295C8FC230
:10CC4000285C8F021F85EB510AD7A300C41605008C
:10CC5000F8B50026044606604660866029B108469D
:10CC60000D4607F00DFF074608B92046F8BD013014
:10CC700005F0AEF90028F8D0C4E900070670A760F7
:10CC8000294607F03BFE2046F8BD00BFF8B58842B4
:10CC90004FF00005044605604560856002D08E684F
:10CCA0000F680EB92046F8BD701C05F091F90028F8
:10CCB000F8D0C4E900060570A660394607F01EFEEC
:10CCC0002046F8BD30B5002583B004460560856078
:10CCD00002208DF804108DF8055005F079F950B157
:10CCE0000122206062600570A26001A907F006FEC3
:10CCF000204603B030BD6060204603B030BD00BFA9
:10CD000010B50446006805F06BF9204610BD00BF61
:10CD1000F8B50446154632B9036803B11A7000230A
:10CD2000A3602046F8BD43689A420E461CD90068AD
:10CD3000511C05F019FC074660B1A36820606560CE
:10CD40000BB903702768A5603146384607F0D6FD59
:10CD50002046F8BD206810B105F042F92760002395
:10CD60006360A3602046F8BD0768A5603146384679
:10CD700007F0C4FDECE700BF814203D08A68096870
:10CD8000FFF7C6BF704700BF884238B505460ED0D2
:10CD900000680C4608B105F023F9D4E90012A06838
:10CDA000A8600023C5E9001223606360A3602846E1
:10CDB00038BD00BF38B505460C4649B1084607F0F6
:10CDC0005FFE214602462846FFF7A2FF284638BDEF
:10CDD000A960284638BD00BF30B5436883B0002243
:10CDE00004468DF804108DF805204BB10568012329
:10CDF000A36001A9284607F081FD204603B030BD9D
:10CE00000068022105F0B0FB054640B1A368206030
:10CE100001226260002BEAD103702568E7E72068F1
:10CE200010B105F0DDF82560002320466360A360A3
:10CE300003B030BD2DE9F84304460068A36888427A
:10CE40000D46164609D8C218914206D20F1A4FF065
:10CE5000010936B92046BDE8F8834FF00009002EDD
:10CE6000F8D0626803EB060890450CD908F101017F
:10CE700005F07AFB0028EDD0A368C4E9000813B9D7
:10CE800003702068A368B9F1000F08D1294618443F
:10CE900007F034FDC4F808802046BDE8F883324628
:10CEA000C119184400F0A0F92368002203F80820F3
:10CEB000F0E700BF10B582B000238DF80410012206
:10CEC00001A904468DF80530FFF7B4FF204602B0F3
:10CED00010BD00BF10B58A6809680446FFF7AAFFB5
:10CEE000204610BD826808B50B463AB161B10068B2
:10CEF00007F09AFBB0FA80F0400908BD31B118780C
:10CF0000B0FA80F0400908BD0368F8E7012008BDC9
:10CF100083688B4203D9006808B10844704702480F
:10CF200000230370704700BF081FFF1FBAB138B558
:10CF30000C4621B185689D4202D800230B7038BD94
:10CF4000ED1A02F1FF3C0168654528BF65461944AA
:10CF50002A46204607F042F80023635538BD704743
:10CF6000836843B110B504680968204607F002FAE7
:10CF700020B1001B10BD4FF0FF3070474FF0FF3065
:10CF800010BD00BF2DE9F0418F6897420E4605465F
:10CF900002D213463A461F460023AB60B0682B60AE
:10CFA00090426B6014D3874228BF0746316811F85E
:10CFB0000780CB5533689C180DD0204607F060FDE4
:10CFC000214602462846FFF7A3FE336803F8078090
:10CFD0002846BDE8F081AC60F8E700BF9A422DE931
:10CFE000F04105460E4602D911461A460B4600216D
:10CFF000A960B76829609742696014D39F4228BF2F
:10D000001F46336813F80780D95533689C180DD034
:10D01000204607F035FD214602462846FFF778FEF8
:10D02000336803F807802846BDE8F081AC60F8E774
:10D0300010B5174B0FCB84B0EC468CE80F00154BA6
:10D040005A78910717D51A78124C12F0700218BF4F
:10D050001A7080210023E171122223710523E272EC
:10D06000A37272B64CF001032046984762B623784B
:10D0700013F0700309D1084B064901E0013B02D0CF
:10D080004A78D207FAD504B010BD237004B010BDA1
:10D09000D416050000000240410D0300B0F5805F8A
:10D0A00011D210B5094B5B78DB07044604D504F1B7
:10D0B000A0542078C0B210BD04F1A054FFF7B8FF0F
:10D0C0002078C0B210BD0020704700BF00000240B1
:10D0D000B1F5805F7CD2F8B53E4B5B78DB070F463D
:10D0E000044616460D4620D5B6F5805F304628BF6B
:10D0F0004FF480503B18B3F5805F13D28EB1354AA0
:10D1000015F0030328D0022B12D005F1A05314F818
:10D11000011B93F800C08C4539D101380135002836
:10D12000EED1F8BDC7F58050E9E7FFF781FFDBE7F7
:10D130000128EAD0214605F1A05C667811F8023B8F
:10D14000BCF8004043EA06239C422CD10238023549
:10D150000C460028D4D1E4E70328E9D9214694F805
:10D1600001E011F8043B94F802C0E67843EA0E238C
:10D1700005F1A05443EA0C4343EA066326689E4245
:10D180001CD1043804350C460028B9D1C9E792F8FF
:10D1900000C01CF0700C18BF82F800C019705378E2
:10D1A000DB07FCD5B9E7147814F0700418BF1470CD
:10D1B000ACF800305378DC07FCD5C7E7167816F0DA
:10D1C000700618BF167023605378DE07FCD5D8E7C9
:10D1D000704700BF0000024008B5F5F7D1FDF0F739
:10D1E00081FE02F0C3FEFAE701B441EA000313F046
:10D1F00003036FD1403A41D351F8043B40F8043B5C
:10D2000051F8043B40F8043B51F8043B40F8043B20
:10D2100051F8043B40F8043B51F8043B40F8043B10
:10D2200051F8043B40F8043B51F8043B40F8043B00
:10D2300051F8043B40F8043B51F8043B40F8043BF0
:10D2400051F8043B40F8043B51F8043B40F8043BE0
:10D2500051F8043B40F8043B51F8043B40F8043BD0
:10D2600051F8043B40F8043B51F8043B40F8043BC0
:10D2700051F8043B40F8043B403ABDD2303211D360
:10D2800051F8043B40F8043B51F8043B40F8043BA0
:10D2900051F8043B40F8043B51F8043B40F8043B90
:10D2A000103AEDD20C3205D351F8043B40F8043B60
:10D2B000043AF9D204320AD0D2071CBF11F8013B5C
:10D2C00000F8013B03D30B7803704B78437001BC2B
:10D2D000704700BF0C2A4AD310F0030311D0C3F1EA
:10D2E0000403D21ADB071CBF11F8013B00F8013B15
:10D2F00007D311F8013B00F8013B11F8013B00F89E
:10D30000013B11F003033FF475AF30B4043AC91A7E
:10D31000C3F1040C51F8044B022B19D0032B0BD092
:10D32000240A51F8043B1D0644EA050440F8044B66
:10D330001C46043AF4D216E0240E51F8043B1D02B8
:10D3400044EA050440F8044B1C46043AF4D20AE0CF
:10D35000240C51F8043B1D0444EA050440F8044B36
:10D360001C46043AF4D20432B1EB0C0130BC043A4E
:10D37000A0D3013A11F8013B00F8013BF9D20B7838
:10D3800003704B7843708B78837001BC704700BF8B
:10D3900008B50F4C636B58030DD4636B59050FD45C
:10D3A000636B1A0511D4636BDB04F3D501F084FEC3
:10D3B000636B5803F1D502F001F8636B5905EFD5A3
:10D3C00000F016FE636B1A05EDD501F0D1FAEAE71D
:10D3D0000080044008B5FFF7DBFF00BF014B1022BF
:10D3E0001A80704700200540704700BF0B490A684B
:10D3F00048B108B5EC461318ACF50050834204D28E
:10D400000B60104608BD1046704707F0D3F80C2398
:10D410004FF0FF320360104608BD00BFE407FF1F56
:10D42000002070474FF0FF30704700BF4FF40053AB
:10D430004B600020704700BF012070474FF0FF3065
:10D44000704700BFFEE700BFFEE7FFFFEFF3138367
:10D45000CBB9EFF31080A0B9EFF3058343B94FF4D4
:10D460008070EFF311835BB1984228BF1846704774
:10D470000F2BF6D9054AD05CEFF31183002BF3D1C3
:10D480007047184670474FF0FF307047F0E300E0F8
:10D4900004F09EBD04F09CBD04F0A2BD01F1FF3C70
:10D4A00070B56546002401E070460134B0FBF2FE21
:10D4B00002FB1E03092B03F130068ABF3733F3B298
:10D4C000DBB2904205F8013FEED2631C0022CA5441
:10D4D000C8187CB162461CF8015F10F801ED8CF8A9
:10D4E00000E0A1EB0C030232013B521A23449A42A2
:10D4F0000570EFDB084670BD024B103043F820107A
:10D50000704700BF0002FF1F014B1868704700BF43
:10D5100000D00340034B002210215A615A6018606A
:10D520005961704700D00340704700BF4FF0E02CB6
:10D53000F0B54FF0006ECCF804E14FF0805ECCF80F
:10D5400004E14FF0005ECCF804E1244A2449254868
:10D55000254C4FF0804ECCF804E1282300274EF6EE
:10D56000FF7609254FF0004ECCF804E183B04F6000
:10D570008E60CB604B61CB614B62CB624B63CB6304
:10D580004B64D3605361D3615362D3625363D363FB
:10D5900053640D606760A660E36063612560476067
:10D5A0008660C3604361056057609660D3605361D5
:10D5B000156002F07BFDFFF7B7FF0C4C236800936A
:10D5C000009B132BFAD902F0B3FA23680193019B55
:10D5D000B3F5967FF9D303B0F0BD00BF00900B40C8
:10D5E0000080034000800B40009003400C1FFF1F91
:10D5F0003F2818D810B4124B53F8302092F88042CC
:10D6000034B1012381B982F800315DF8044B7047D1
:10D6100003EBC0035B681A6859B142F003025DF87E
:10D62000044B1A607047704782F880305DF8044BF5
:10D63000704722F002025DF8044B1A60704700BF89
:10D64000E41605003F2805D8034B53F8303001227B
:10D6500083F88021704700BFE41605003F2806D8F4
:10D66000044B53F8303093F80002C0B270470020EA
:10D67000704700BFE41605003F2820D81B4A02EB84
:10D68000C00301295B680FD004291DD052F8300077
:10D69000002280F8802299B1022922D003290DD1DD
:10D6A0004FF481721A60704752F830004FF4A27242
:10D6B00080F880121A601A6822F020021A607047FF
:10D6C0004FF480721A60704752F830104FF4A27213
:10D6D000012081F880021A601A6842F020021A6064
:10D6E000704740F203121A60704700BFE41605004D
:10D6F00072B60D494FF0E02293690868D2F8042D04
:10D7000062B6520102D5322B88BF0130074AC3F5F9
:10D71000EA334FF47A71BF33A2FB032301FB00F01D
:10D7200000EB9310704700BF0C1FFF1F898888888B
:10D730002DE9F843044672B6204F4FF0E02293697A
:10D740003D68D2F8042D62B6520102D5322B88BF53
:10D7500001350CB9BDE8F883DFF86490DFF8648028
:10D76000A9EB0303A8FB03234FF47A7202FB05F530
:10D7700005EB93154FF0E02672B6B1693A68D6F81A
:10D7800004CD62B6A9EB0103A8FB03031CF0806F74
:10D79000C5EB93134FF47A7002D0322988BF01325F
:10D7A00000FB0233B3F57A7F04D3013CD2D005F5F8
:10D7B0007A75E1E702F0DAFBDEE700BF0C1FFF1F1E
:10D7C000BFD40100898888882DE9F84F314B1B6848
:10D7D00007460BB101221A70DFF8D090DFF8D08035
:10D7E00099F80040D8F800302B4D01349C422B783A
:10D7F0002AD303F0FF0A002B3ED15446274EDFF810
:10D80000A8B005E033791B0623D42B78A3420AD1B4
:10D81000FFF71CFE4028F5DDFF28F6DD02F0A6FB31
:10D820002B78A342F4D03F2C29D91D4B403C1B68D8
:10D83000FFB21F551B4A194B01211170BC2289F8F8
:10D8400000A0DA70BDE8F88F9C425FFA84FAD5D068
:10D85000E9E72B78D8F800105A1C8A42DBB203D2D1
:10D860003F2A10D8D1B201E000210A461BF802304D
:10D87000DBB2F3712970C8E74FF0000A54460A4B37
:10D88000FFB21F55D6E7D1B2054A3F3B1268D35CC1
:10D89000DBB2EEE7601FFF1FB01FFF1F00A00640B6
:10D8A000AC1FFF1F641FFF1F681FFF1FA81FFF1F64
:10D8B000F407FF1F324A3349536B70B443F480635B
:10D8C000314D5363314E324C327800232B700B7044
:10D8D000304923700B703049152A0B702ED01B2A4B
:10D8E00048D0002A41D02D4B1B78052B2ED01A2B67
:10D8F00036D0012B2FD02028294B2A4C38BF20208E
:10D90000C0F3443C83F800C0C0F3471C00F01F0084
:10D9100083F801C00422987202209A70D87488207B
:10D920005A754FF0E021187440223C20D870E277FD
:10D930004FF0004370BCC1F8003170471A4B40F201
:10D9400013329A61154B1B78052BD0D1164B4FF42F
:10D950005172DA61CFE7154B4FF451725A64CAE73E
:10D96000134B4FF451729A63C5E7104B40F21332D8
:10D970001A64B8E70E4B40F21332DA63B3E700BF24
:10D98000008004405C1FFF1F541FFF1F5D1FFF1F0F
:10D99000A81FFF1FB01FFF1F641FFF1FF807FF1FF7
:10D9A00000A0064000E400E000C0044000A00440E5
:10D9B00000900440294B9B7800F0030203F0EC0335
:10D9C0001343410700F00F02244948BF43F01003FE
:10D9D000042A8B7003D18B7943F040038B711F4B6A
:10D9E0005B79C20603F0EF031C4A48BF43F0100303
:10D9F00053719379194A03F0EF0310F0200C18BF0C
:10DA000043F010039371C30506D553781178DBB248
:10DA100041F020011170537010F4007017D00F49BD
:10DA20000F488B780F4A43F0A0038B7003780E49A0
:10DA300002EBC30240F24633506840F24732BCF179
:10DA4000000F08BF1346094A03600A607047064B7F
:10DA5000064A1968914208BF1860704700A0064046
:10DA6000F807FF1FE4160500601FFF1FD400D44213
:10DA7000324B5B6B5B0531D510B5314C237823B14C
:10DA800002F074FA2378002BFAD12E4A2E4B4FF075
:10DA9000E0204FF000440021C0F88041D1701B7895
:10DAA000152B3CD01B2B1FD04BB3284B1B7803F0FE
:10DAB0007F03052B3DD01A2B2CD0012B0FD0244BEC
:10DAC000204A244C2448196892F804C0D2790023D3
:10DAD0002370037009B101230B7010BD70471F4BF9
:10DAE00040F203125A64EAE71D4B40F20312DA6374
:10DAF000164B1B7803F07F03052BDCD119E0174B85
:10DB000040F203121A64114B1B7803F07F03052BBC
:10DB1000D1D10EE0124B40F203129A63CFE7114BC2
:10DB200040F203129A61094B1B7803F07F03052B27
:10DB3000C1D10C4B40F20312DA61C0E7008004400F
:10DB4000641FFF1F00A006405D1FFF1FF807FF1F97
:10DB5000101FFF1F541FFF1F5C1FFF1F00A004406A
:10DB60000090044000C004400A4A38B505461378C6
:10DB700003F0FF04002BFAD101212846FFF77CFDBA
:10DB800021462846FFF734FD034A044B52F835205E
:10DB90001A6038BD641FFF1FE4160500601FFF1FD9
:10DBA00009B140F080001E4A137883421CD010B4A3
:10DBB0001C4C646B640513D503F07F03052B2BD03D
:10DBC0001A2B25D0012B1FD0002900F07F0314BF92
:10DBD00060214421052B12D01A2B0BD0012B04D02D
:10DBE00010705DF8044B704770470F4B41F4407163
:10DBF0005964F5E70D4B41F440719963F0E70C4B24
:10DC000041F44071D961EBE7074B00245C64DBE72A
:10DC1000064B00249C63D7E7054B0024DC61D3E767
:10DC2000F807FF1F0080044000A00440009004405B
:10DC300000C00440164A137883420ED01549496B40
:10DC4000490509D5152B1FD01B2B19D0ABB11528B1
:10DC50000ED01B2807D008B1107070470E4B40F251
:10DC600013311964F8E70D4B40F21331D963F3E730
:10DC70000B4B40F213319961EEE707490B64E6E77D
:10DC8000064B0021D963E2E7054B00219961DEE7ED
:10DC90005D1FFF1F0080044000A00440009004406E
:10DCA00000C004400D4B5B6B13F4806313D03F281E
:10DCB00003D90B4B0020186070470A4B10B5084C75
:10DCC00053F8303023600121FFF7D6FC236800228F
:10DCD0001A70012010BD1846704700BF0080044034
:10DCE000101FFF1FE4160500104B5B6B13F48063DD
:10DCF00012D012280BD0142810D10D4B40F2023252
:10DD00005A610C4A537B01200343537370470A4BFB
:10DD100040F20232DA60F4E718467047054A537B56
:10DD200003F0FE0300205373704700BF00800440DF
:10DD300000C0044000A0064000A00440034B5B6B01
:10DD40005B0501D5FFF740BD704700BF0080044070
:10DD50002DE9F84F394B5B6B5A053CD5384B1B68A6
:10DD60000BB101221A704718B84231D2354EDFF894
:10DD7000EC80354CDFF8E09000F1010A13E003F08D
:10DD8000FF0B53B34FF0000B5D46304A1AF8013CCD
:10DD9000535552462E490123BA420B700AF1010A2B
:10DDA00086F800B014D23578D8F800300135AB428F
:10DDB0002378E4D9AB425FFA85FB0FD03F2DE4D93D
:10DDC000244B1AF8012C1B68403D5A555246E1E796
:10DDD000214BBC22DA70BDE8F88F5D466FF043033B
:10DDE00089F8033006E099F804301B060BD4237839
:10DDF000AB42E3D1FFF72AFB4028F4DDFF28F6DD34
:10DE000002F0B4F8F3E72378D8F800105A1C9142D6
:10DE1000DBB203D93F2A0AD8D1B201E000210A4679
:10DE20000A4B9B5CDBB289F807302170DFE7D1B287
:10DE3000084A3F3B1268D35CDBB2F4E70080044041
:10DE4000601FFF1FA81FFF1FB01FFF1F681FFF1FBE
:10DE5000641FFF1FAC1FFF1F00A00640F407FF1F39
:10DE600010B5044C237823B102F080F82378002BFE
:10DE7000FAD110BD641FFF1F084A094B11781A78A8
:10DE80009142C8B2D3B202D2013B181A7047054A78
:10DE90001268013A1344181A704700BFA81FFF1FE9
:10DEA000B01FFF1FF407FF1F064A074B11781A78AF
:10DEB0009142D0B23CBF054A1268CBB238BF9B1822
:10DEC000181A7047541FFF1F5C1FFF1FF007FF1F2A
:10DED0001B4B1C491A780B789A422ED010B55FFA6A
:10DEE00082FE194AD8B21268431C9A4219D93F2BB4
:10DEF0001BD85FFA83FC1548C05CC0B281F800C033
:10DF00001349096861B19E453CBF7244D31A114A56
:10DF1000126828BFAEEB03039A4201D300230B70B3
:10DF200010BD4FF0000C6346E5E70B4C3F3824680A
:10DF3000205C5FFA83FCC0B2E0E74FF0FF3070472F
:10DF4000541FFF1F5C1FFF1FF007FF1F141FFF1F41
:10DF5000101FFF1FEC07FF1F581FFF1F0D4A0E4B1E
:10DF600011781B789942DAB211D00C490968531C18
:10DF7000994207D93F2B06D9094B3F3A1B68985C59
:10DF8000C0B270470023074AD05CC0B270474FF060
:10DF9000FF307047541FFF1F5C1FFF1FF007FF1F5C
:10DFA000581FFF1F141FFF1F0C4B5B6B5B0514D525
:10DFB0000B4B0C48DA78402102F0CB02DA7059742E
:10DFC000DA78094942F03402DA70084A03781268B4
:10DFD000DBB20B700AB1002313707047008004405D
:10DFE00000A006405C1FFF1F541FFF1F101FFF1FD4
:10DFF0002DE9F041504C237913F0300F47D072B621
:10E00000A37D03F0FF01002B58D062B6DFF85C81DE
:10E010004A4898F800304A4A05781668494F5FFA2E
:10E0200083FC494BEDB2D3F800E008E01DB14FF09E
:10E03000000C07F80C304A1E12F0FF0112D0E379F1
:10E040000CF101029642DBB2F0D99542ACF13F00EF
:10E05000F1D03F2A6DD994464A1E12F0FF010EF806
:10E060000030ECD15FFA8CF388F80030374B196838
:10E0700069B1AC453CBF721B02EB0C03344A126819
:10E0800028BFACEB05039A429CBF01230B702A48C2
:10E09000C3781E06DDB216D46A060DD5264B1B7951
:10E0A0005B0609D52B4B2C491B6800220A7003B173
:10E0B0001A70214B3C22DA70BDE8F0814023E279EE
:10E0C000637462B6E3E703791C06E5D5234B244A63
:10E0D000DFF89CE01C7816689EF80030214A224F39
:10E0E000D2F800C0E4B2DBB207E003790023FA5CA7
:10E0F000D2B2C271027D072A11D8A34203F10101F5
:10E100000ED08E42F1D93F290279A3F13F0301D805
:10E110000B46ECE71CF803200B46D2B2E9E7DCB271
:10E12000054B8EF800401A79110644BF7C22DA7044
:10E13000B2E794467DE700BF00A006405C1FFF1FCA
:10E14000F007FF1F141FFF1F581FFF1F101FFF1F87
:10E15000E807FF1F601FFF1F641FFF1FA81FFF1F8F
:10E16000F407FF1FAC1FFF1F681FFF1F541FFF1F77
:10E17000B01FFF1F094B10B4186068B101F14004D3
:10E18000074B084801F11A021A60074B0460283156
:10E190005DF8044B196070474024F1E7581FFF1FDA
:10E1A000EC07FF1FF007FF1FE807FF1F054B186074
:10E1B00018B1054B403119607047034B402119607D
:10E1C000704700BFAC1FFF1FF407FF1F294A2A49F1
:10E1D000536B70B443F40063284D5363284E294CAD
:10E1E000327800232B700B70274923700B7027495E
:10E1F000092A0B7031D03B2A03D1254B40F2133250
:10E200005A60244B1B780A2B2FD03A2B03D1204B7A
:10E210004FF451721A6020281F4B38BF2020C0F3E2
:10E2200044341C70C0F3471400F01F005C700421DC
:10E2300098721A4C997002224FF0880C3C20DA74C4
:10E24000597583F810C04FF0E021D870402384F84E
:10E25000213070BCC1F804217047114B40F21332D9
:10E26000DA600C4B1B780A2BCFD10D4B4FF4517257
:10E270001A61D0E7008004400020FF1FF81FFF1F35
:10E280000808FF1F3420FF1F3C20FF1F0820FF1F2E
:10E2900000D004401008FF1F00B0064000E400E07A
:10E2A00000B00440294B9B7800F0030203F0EC031C
:10E2B0001343410700F00F02244948BF43F0100305
:10E2C000042A8B7003D18B7943F040038B711F4B71
:10E2D0005B79C20603F0EF031C4A48BF43F010030A
:10E2E00053719379194A03F0EF0310F0200C18BF13
:10E2F00043F010039371C30506D553781178DBB250
:10E3000041F020011170537010F4007017D00F49C4
:10E310000F488B780F4A43F0A0038B7003780E49A7
:10E3200002EBC30240F24633506840F24732BCF180
:10E33000000F08BF1346094A03600A607047064B86
:10E34000064A1968914208BF1860704700B006403D
:10E350001008FF1FE41605000420FF1FD400D6425A
:10E36000274B5B6B1B0549D510B5264C237823B191
:10E3700001F0FCFD2378002BFAD12349234B4FF009
:10E38000E02002240022C0F88441CA701B78092BC7
:10E3900029D03B2B1AD01E4B1B7803F07F030A2B8E
:10E3A0001CD03A2B0ED01B4B174A1B4C1B4819682C
:10E3B00092F804C0D27900232370037009B10123BD
:10E3C0000B7010BD164B00221A60ECE7144B5A601C
:10E3D0000F4B1B7803F07F030A2BE2D1114B40F265
:10E3E00003121A61DFE70F4B40F20312DA60084BA9
:10E3F0001B7803F07F030A2BD3D1EFE7704700BFF0
:10E40000008004400820FF1F00B006400808FF1FDE
:10E410001008FF1FB41FFF1FF81FFF1F0020FF1F62
:10E4200000D0044000B004400A4A38B505461378CD
:10E4300003F0FF04002BFAD101212846FFF71CF955
:10E4400021462846FFF7D4F8034A044B52F83520FA
:10E450001A6038BD0820FF1FE41605000420FF1FC6
:10E4600009B140F080001B4A1378834218D010B4E1
:10E47000194C646B24050FD503F07F030A2B24D0BD
:10E480003A2B16D0002900F07F0314BF60214421ED
:10E490000A2B12D03A2B04D010705DF8044B704751
:10E4A00070470E4B41F44071196010705DF8044BD9
:10E4B00070470A4B00241C60E4E7094B41F44071AB
:10E4C000196110705DF8044B7047054B00241C6106
:10E4D000D8E700BF1008FF1F0080044000D00440B0
:10E4E00000B00440124B1A7882420CD01149496B9B
:10E4F000090507D5092A16D03B2A0AD009280DD0CC
:10E500003B2801D0187070470B4A40F2133151601C
:10E51000F8E7094A002109285160F1D1074A40F281
:10E520001331D160EEE7054A0021D160E6E700BF74
:10E530000808FF1F0080044000D0044000B00440E1
:10E540000D4B5B6B13F4006313D03F2803D90B4BC7
:10E550000020186070470A4B10B5084C53F8303053
:10E5600023600121FFF788F8236800221A70012038
:10E5700010BD1846704700BF00800440B41FFF1F45
:10E58000E4160500104B5B6B13F4006312D01728E0
:10E590000BD03C2810D10D4B40F202329A600C4A4D
:10E5A000537B01200343537370470A4B40F20232FE
:10E5B0009A60F4E718467047054A537B03F0FE0360
:10E5C00000205373704700BF0080044000D0044017
:10E5D00000B0064000B004402DE9F84F334B5B6BB0
:10E5E0001A053AD5324B1B6806460BB101221A7048
:10E5F000DFF8D490DFF8D48099F80040D8F80030E4
:10E600002C4D0134A3422B7829D99C425FFA84FA1D
:10E6100014D1294FDFF8ACB005E03B791B0623D4B9
:10E620002B78A3420AD1FEF711FF4028F5DDFF2821
:10E63000F6DD01F09BFC2B78A342F4D0272C29D9DE
:10E640001E4B283C1B68F6B21E551D4A1A4B012171
:10E650001170BC2289F800A0DA70BDE8F88F03F0D1
:10E66000FF0AA3B95446D4E72B78D8F800105A1CF7
:10E670009142DBB208D9272A10D8D1B21BF8023058
:10E68000DBB2FB712970CBE700210A46F6E74FF0B9
:10E69000000A54460B4BF6B21E55D6E7D1B2074AD4
:10E6A000273B1268D35CDBB2EBE700BF008004407D
:10E6B0000420FF1F3C20FF1F00B006403820FF1F32
:10E6C0000820FF1F0C20FF1F3420FF1F0C08FF1F16
:10E6D0002DE9F84F394B5B6B1A053CD5384B1B685D
:10E6E0000BB101221A704718B84231D2354EDFF80B
:10E6F000EC80354CDFF8E09000F1010A13E003F004
:10E70000FF0B53B34FF0000B5D46304A1AF8013C43
:10E71000535552462E490123BA420B700AF1010AA1
:10E7200086F800B014D23578D8F800300135AB4205
:10E730002378E4D9AB425FFA85FB0FD0272DE4D9CB
:10E74000244B1AF8012C1B68283D5A555246E1E724
:10E75000214BBC22DA70BDE8F88F5D466FF04303B1
:10E7600089F8033006E099F804301B060BD42378AF
:10E77000AB42E3D1FEF76AFE4028F4DDFF28F6DD68
:10E7800001F0F4FBF3E72378D8F800105A1C91420B
:10E79000DBB203D9272A0AD8D1B201E000210A4608
:10E7A0000A4B9B5CDBB289F807302170DFE7D1B2FE
:10E7B000084A273B1268D35CDBB2F4E700800440D0
:10E7C0000420FF1F3420FF1F3C20FF1F0C20FF1FD1
:10E7D0000820FF1F3820FF1F00B006400C08FF1F55
:10E7E00010B5044C237823B101F0C0FB2378002B33
:10E7F000FAD110BD0820FF1F084A094B11781A787A
:10E800009142C8B2D3B202D2013B181A7047054AEE
:10E810001268013A1344181A704700BF3420FF1FD2
:10E820003C20FF1F0C08FF1F064A074B11781A787F
:10E830009142D0B23CBF054A1268CBB238BF9B1898
:10E84000181A7047F81FFF1F0020FF1F0408FF1F42
:10E850001B4B1C491A780B789A422ED010B55FFAE0
:10E8600082FE194AD8B21268431C9A4219D93F2B2A
:10E870001BD85FFA83FC1548C05CC0B281F800C0A9
:10E880001349096861B19E453CBF7244D31A114ACD
:10E89000126828BFAEEB03039A4201D300230B702A
:10E8A00010BD4FF0000C6346E5E70B4C3F38246881
:10E8B000205C5FFA83FCC0B2E0E74FF0FF307047A6
:10E8C000F81FFF1F0020FF1F0408FF1FB81FFF1FB6
:10E8D000B41FFF1F0008FF1FFC1FFF1F0D4A0E4B38
:10E8E00011781B789942DAB211D00C490968531C8F
:10E8F000994207D93F2B06D9094B3F3A1B68985CD0
:10E90000C0B270470023074AD05CC0B270474FF0D6
:10E91000FF307047F81FFF1F0020FF1F0408FF1F74
:10E92000FC1FFF1FB81FFF1F0C4B5B6B1B0514D593
:10E930000B4B0C48DA78402102F0CB02DA705974A4
:10E94000DA78094942F03402DA70084A037812682A
:10E95000DBB20B700AB100231370704700800440D3
:10E9600000B006400020FF1FF81FFF1FB41FFF1F4D
:10E970002DE9F041504C237913F0300F47D072B697
:10E98000A37D03F0FF01002B58D062B6DFF85C8155
:10E990004A4898F800304A4A05781668494F5FFAA5
:10E9A00083FC494BEDB2D3F800E008E01DB14FF015
:10E9B000000C07F80C304A1E12F0FF0112D0E37968
:10E9C0000CF101029642DBB2F0D99542ACF13F0066
:10E9D000F1D03F2A6DD994464A1E12F0FF010EF87D
:10E9E0000030ECD15FFA8CF388F80030374B1968AF
:10E9F00069B1AC453CBF721B02EB0C03344A126890
:10EA000028BFACEB05039A429CBF01230B702A4838
:10EA1000C3781E06DDB216D46A060DD5264B1B79C7
:10EA20005B0609D52B4B2C491B6800220A7003B1E9
:10EA30001A70214B3C22DA70BDE8F0814023E27964
:10EA4000637462B6E3E703791C06E5D5234B244AD9
:10EA5000DFF89CE01C7816689EF80030214A224FAF
:10EA6000D2F800C0E4B2DBB207E003790023FA5C1D
:10EA7000D2B2C271027D072A11D8A34203F101016B
:10EA80000ED08E42F1D927290279A3F1270301D8AC
:10EA90000B46ECE71CF803200B46D2B2E9E7DCB2E8
:10EAA000054B8EF800401A79110644BF7C22DA70BB
:10EAB000B2E794467DE700BF00B006400020FF1F8C
:10EAC0000408FF1FB81FFF1FFC1FFF1FB41FFF1FFD
:10EAD000FC07FF1F0420FF1F0820FF1F3420FF1F1B
:10EAE0000C08FF1F3820FF1F0C20FF1FF81FFF1FFF
:10EAF0003C20FF1F094B10B4186068B101F14004BD
:10EB0000074B084801F11A021A60074B04602831CC
:10EB10005DF8044B196070474024F1E7FC1FFF1FAC
:10EB20000008FF1F0408FF1FFC07FF1F054B1860AC
:10EB300018B1054B283119607047034B2821196023
:10EB4000704700BF3820FF1F0C08FF1F2DE9F84F4A
:10EB5000314B1B6807460BB101221A70DFF8D090C9
:10EB6000DFF8D08099F80040D8F800302B4D013400
:10EB70009C422B782AD303F0FF0A002B3ED1544647
:10EB8000274EDFF8A8B005E033791B0623D42B7895
:10EB9000A3420AD1FEF75AFC4028F5DDFF28F6DD36
:10EBA00001F0E4F92B78A342F4D0272C29D91D4B8E
:10EBB000283C1B68FFB21F551B4A194B01211170DD
:10EBC000AC2289F800A0DA70BDE8F88F9C425FFAA9
:10EBD00084FAD5D0E9E72B78D8F800105A1C8A427D
:10EBE000DBB203D2272A10D8D1B201E000210A46B5
:10EBF0001BF80230DBB2F3712970C8E74FF0000A4E
:10EC000054460A4BFFB21F55D6E7D1B2054A273BFF
:10EC10001268D35CDBB2EEE79020FF1FC820FF1F15
:10EC200000C00640C420FF1F9420FF1F9820FF1F34
:10EC3000C020FF1F2008FF1F1D4A1E49536B2DE9EE
:10EC4000F04343F480531C4DDFF87C80DFF87C9068
:10EC50001A4F1B4E5363002388F80030202889F890
:10EC600000303B7033702B7040F213358D6002F52D
:10EC7000103238BF20204FF45175CD60C0F34431BD
:10EC80001170C0F3471E0F4C82F801E000F01F0026
:10EC90002C2190724FF0E02C93701374D1704022AD
:10ECA000082384F82320CCF80431BDE8F08300BFAA
:10ECB0000080044000C004409420FF1FC020FF1FBC
:10ECC000C820FF1F00E400E08420FF1F8C20FF1FEE
:10ECD000294B9B7800F0030203F0EC031343410738
:10ECE00000F00F02244948BF43F01003042A8B7040
:10ECF00003D18B7943F040038B711F4B5B79C206C4
:10ED000003F0EF031C4A48BF43F01003537193799B
:10ED1000194A03F0EF0310F0200C18BF43F0100362
:10ED20009371C30506D553781178DBB241F0200109
:10ED30001170537010F4007017D00F490F488B7882
:10ED40000F4A43F0A0038B7003780E4902EBC30215
:10ED500040F24633506840F24732BCF1000F08BF22
:10ED60001346094A03600A607047064B064A196851
:10ED7000914208BF1860704700C006402408FF1F7A
:10ED8000E41605009020FF1FD400D84238B5124B7E
:10ED90005B6BDB041FD5114C237823B101F0E6F83F
:10EDA0002378002BFAD10E4A0E494FF0E0240023BD
:10EDB00040F203100825C4F88451D3708860C860FD
:10EDC00009490A4C0A4809681579D27923700370F9
:10EDD00009B101230B7038BD008004409420FF1F4F
:10EDE00000C0064000C004404020FF1F8420FF1FD9
:10EDF0008C20FF1F0A4A38B50546137803F0FF043C
:10EE0000002BFAD101212846FEF736FC2146284680
:10EE1000FEF7EEFB034A044B52F835201A6038BD6A
:10EE20009420FF1FE41605009020FF1F09B140F059
:10EE30008000124A1378834217D010B4104C646BD0
:10EE4000E4040ED503F07F03082B02D10D4B002400
:10EE5000DC60002900F07F0314BF60214421082BEF
:10EE600004D010705DF8044B70477047054B41F4B7
:10EE70004071D96010705DF8044B70472408FF1F83
:10EE80000080044000C00440704700BF0D4B5B6B26
:10EE900013F4805313D03F2803D90B4B0020186084
:10EEA00070470A4B10B5084C53F8303023600121ED
:10EEB000FEF7E2FB236800221A70012010BD1846FD
:10EEC000704700BF008004404020FF1FE41605008B
:10EED0000C4B5B6B13F4805312D00E2809D10A4BF4
:10EEE0000A4A40F202315960537B012003435373B5
:10EEF0007047064A537B03F0FE03002053737047AC
:10EF0000184670470080044000C0044000C006401E
:10EF1000034B5B6BDB0401D5FFF718BE704700BFE6
:10EF20000080044079B170B5074E04464518736BF4
:10EF3000DB0404F1010403D514F8010CFFF706FE0D
:10EF4000AC42F4D170BD70470080044010B5044C51
:10EF5000237823B101F00AF82378002BFAD110BDF1
:10EF60009420FF1F084A094B11781A789142C8B2C1
:10EF7000D3B202D2013B181A7047054A1268013A0F
:10EF80001344181A704700BFC020FF1FC820FF1F7E
:10EF90002008FF1F064A074B11781A789142D0B219
:10EFA0003CBF054A1268CBB238BF9B18181A70478D
:10EFB0008420FF1F8C20FF1F1C08FF1F1B4B1C49B8
:10EFC0001A780B789A422ED010B55FFA82FE194A51
:10EFD000D8B21268431C9A4219D93F2B1BD85FFA4A
:10EFE00083FC1548C05CC0B281F800C013490968B1
:10EFF00061B19E453CBF7244D31A114A126828BFC2
:10F00000AEEB03039A4201D300230B7010BD4FF007
:10F01000000C6346E5E70B4C3F382468205C5FFA40
:10F0200083FCC0B2E0E74FF0FF3070478420FF1F41
:10F030008C20FF1F1C08FF1F4420FF1F4020FF1FC4
:10F040001808FF1F8820FF1F0D4A0E4B11781B78F0
:10F050009942DAB211D00C490968531C994207D978
:10F060003F2B06D9094B3F3A1B68985CC0B27047EA
:10F070000023074AD05CC0B270474FF0FF307047A2
:10F080008420FF1F8C20FF1F1C08FF1F8820FF1FEC
:10F090004420FF1F054B064A1B7806491268DBB265
:10F0A0000B700AB100231370704700BF8C20FF1F44
:10F0B0004020FF1F8420FF1F30B43A4B1A79950679
:10F0C00024D5394D3949DB792A780C68D8B2531CDC
:10F0D0009C42D2B231D8364B1A7802F0FF0322B1EB
:10F0E000002213463349C8542A703349096869B16C
:10F0F000324A10789842C2B28ABFA21A9B1A9B1851
:10F100002F4A12689A429CBF01230B70254AD3787C
:10F110001C06D9B21ED44A060DD5224B1B795B06BC
:10F1200009D5284B28491B6800220A7003B11A70C0
:10F130001C4B2C22DA7030BC70471D49097899426B
:10F14000D3D03F2B2CD921493F3A09688854DAB2F1
:10F150002A70CAE713791806DDD51D4B17481D78AC
:10F1600003789D42DCB208D01A4A1268631C9A42A6
:10F1700006D9272B0DD8DAB204E06C23D370CAE786
:10F1800000221346144CE35CDBB2064CE3710270C0
:10F19000C1E7124A273C1568DAB22B5DDBB2F4E70F
:10F1A000DAB29FE700C006408420FF1F1C08FF1F43
:10F1B0008C20FF1F4420FF1F4020FF1FC820FF1F7F
:10F1C0001408FF1F9020FF1F9420FF1F8820FF1F9F
:10F1D000C020FF1F2008FF1F9820FF1FC420FF1F13
:10F1E000094B10B4186068B101F14004074B08489E
:10F1F00001F11A021A60074B046028315DF8044BD4
:10F20000196070474024F1E78820FF1F1808FF1F8E
:10F210001C08FF1F1408FF1F054B186018B1054B91
:10F22000283119607047034B28211960704700BFCF
:10F23000C420FF1F2008FF1F704700BF704700BF9A
:10F24000704700BF431E032B16D872B60B4951F806
:10F25000230078B130B40A4CB0F800C034F8132061
:10F26000456841F82350A2EB0C0224F8132062B643
:10F2700030BC704762B67047002070475C21FF1FAA
:10F28000AC21FF1F013803280BD872B6074B53F887
:10F29000203043B100205B680130002BFBD162B607
:10F2A0007047002070471846F9E700BF8421FF1F10
:10F2B00010B472B61A4A1B4C042312F8011B09073A
:10F2C00043F0010C05D554F8331069B154F83C10E3
:10F2D000C9B10433142BF0D162B6134B00221A705B
:10F2E0005DF8044B00F0A6BC0F4904EBC3020830E4
:10F2F00050600A780D4844F83300013A0A7062B64B
:10F300005DF8044B7047084A094904EBCC03083008
:10F310005860137844F83C10013B137062B6EFE775
:10F32000601905000000FF1FB421FF1F8800400086
:10F33000C8004000421E032A0ED81C4B400140F07A
:10F34000100010B4034472B6194CA05C03281DD8F9
:10F35000DFE800F01416031970470520A05413F0DD
:10F36000080F088814BFC8228822083142EA0042E8
:10F3700059601A6062B65DF8044B70470320EDE7F0
:10F3800008330220EAE708330420E7E7094B53F883
:10F39000220038B1084B53F82200416043F8221094
:10F3A00062B6E8E743F82210034BF7E70000FF1FBF
:10F3B000A421FF1F8421FF1F9421FF1F2DE9F04F7F
:10F3C000DFF80CA3DFF80CB385B03DE0B04D9E082C
:10F3D00005EBC607013A796813F00803D4B2A1F12E
:10F3E000080040F0B88055F836204FEA124C120C55
:10F3F00021F808CC00F0A78021F8063C41F8043C35
:10F40000A44B53F82420002A00F00182A24B53F8A9
:10F410002420506043F82400A04B33F81420944477
:10F4200023F814C000F0E6FB002800F0E98117F093
:10F43000080F9B4B00F1080018BF5B46786045F849
:10F44000363008238AF880309AF880305907DCB2C9
:10F450001BD5944B1B78ABB193490A7802F0FF039C
:10F460002AB1013BDBB20B70002B00F046838F49C1
:10F470000A7802F0FF032AB1013BDBB20B70002BCC
:10F4800000F0EB8104238AF8803014F0080200F0C9
:10F49000CC819AF89020D3B2120997D1DFF8F0917D
:10F4A0009B0809EBC30459F833006468C0F3830078
:10F4B00009287CD00FD80138012808D87C4A158843
:10F4C00042F22100854200F0FB8149F833B001236C
:10F4D0008AF89430B5E70D28F9D1D4E90007754DC5
:10F4E00049F833B0724E744CC9F8102083B240F220
:10F4F000816CC9F818202A6063454FF00102C6E903
:10F500000007227000F2FF80B3F5D06F80F0CB824D
:10F51000B3F5817F00F0268240F2DE8040F20232B5
:10F5200093427BD107F07F07042F00F20881020C81
:10F5300040F00581614911F8273043F0020301F8DA
:10F540002730134670E017F0080F554B18BF5B4685
:10F5500045F8363075E700F06DFB5949594A51F8C6
:10F560002430002B00F05781586841F82400115DC9
:10F5700003F108007860032905D8DFE801F0120FD5
:10F580001502042111551A8817F0080F14BFC8235B
:10F59000882343EA024345F8363052E702211155E9
:10F5A000F1E703211155EEE705211155EBE7414D38
:10F5B0002A683AB34449404C0F88444894F800E024
:10F5C0000678402F3B4628BF4023BEF1000F8EF047
:10F5D000010E84F800E046F0020486F00106067091
:10F5E00009EBC400426014BFC820882040EA0340F1
:10F5F0001A44FB1A9BB249F834000B80002B00F030
:10F6000036812A602A4B1A88B2F5A06F7FF45FAF6B
:10F610009A788AF8982000225A7058E7B3F5A06FBC
:10F6200040F08D8000221346B6F806C02748944566
:10F6300028BF944667460278402F28BF402742F0F3
:10F64000020E3E0409EBCE0846F0C806C8F80430A6
:10F6500049F83E6000263B442670BCEB070782F069
:10F660000106067040F01181BCF13F0F4FF001051B
:10F6700009D946F00206027009EBC60225705360F4
:10F68000882349F8363001238AF894301FE700BFF9
:10F690000000FF1F5C21FF1F6C21FF1FAC21FF1F1B
:10F6A00088004000A821FF1FA921FF1FD421FF1FB0
:10F6B0007C21FF1F5021FF1F4D21FF1FC02007404D
:10F6C0008421FF1FA421FF1F4E21FF1F4C21FF1F7C
:10F6D00000200740C8004000802B00F08B81822B67
:10F6E0002DD107F07F07042F29D8A74A00231380C4
:10F6F000A64B13F827309F0740F1FC8101231370BC
:10F70000A14B022290E742F2210C6345BBD01DD9E8
:10F7100042F2212293420DD1BFB2002F82D19C4BE5
:10F720001A689C4B1A609C4BC0F30740002218706B
:10F73000134679E742F2213293423FF473AF0F232D
:10F740008AF8C03001238AF89430C0E6B3F5086F18
:10F7500000F04A81B3F5106FF1D1904BC0F3074030
:10F760000425187059F835301A0606D40135142DC1
:10F770000CD059F835301A06F8D509EBC503013518
:10F780005868083800F056FA142DF2D1844A854B97
:10F790000292854A0192854E854ADFF84882039499
:10F7A000009200251C4656F8047B2FB138467F682E
:10F7B00000F040FA002FF9D1009BD8F8007043F810
:10F7C000045B46F8045C00932FB138467F6800F074
:10F7D00031FA002FF9D1029B48F8045B43F8045B2F
:10F7E0000293019B23F8025B01932378023B032BD6
:10F7F00000F20981DFE813F03F0104013F01040139
:10F800006C4A45F8360013780133137019E643F853
:10F810002400674BFEE5115D022926D07FF611AE6C
:10F8200003291DD1012313550BE6E0076ED42106F1
:10F8300021D4A20708D5604B93F888200221D2B2C8
:10F8400083F8882083F88010E30603D55A4B1022F2
:10F8500083F8802005B0BDE8F08F00F063FB11E66F
:10F8600017F0080F14BF032302231355E9E53F2FB8
:10F8700098BF0022C5E6504B80220D2183F8C010AE
:10F8800083F88020A207DFD5D5E746F00206027094
:10F89000402F09EBC6003A4628BF402243601004BF
:10F8A000134440F088000121BA1A49F8360021704B
:10F8B00055D02B60414B1A8001238AF8943006E61C
:10F8C00092885AB93E4AE51D14F8011B02F8011F3F
:10F8D000AC42F9D13B4A1268862A3CD03A4C3B48AC
:10F8E00025780278002D85F00105257042F002048C
:10F8F00082F00102027009EBC4024FF00000506078
:10F9000014BFC822882249F83420DEE52A4B2F484C
:10F910002F49304C022583F8945002702E480C6019
:10F920002E4D48608C600D24CD60FF200A618A61F5
:10F9300083F8C04001219F2483F8880083F8800069
:10F9400083F8982083F88C0083F8844083F894101F
:10F9500005B0BDE8F08F224A0F201070BEE73F2FA0
:10F96000A7D890E607F07F07042F3FF6E8AE000C1B
:10F970007FF4E5AE054A12F8273023F0020302F8BF
:10F980002730002213464FE65421FF1FC0200740B6
:10F990000C1FFF1FD021FF1FCC21FF1FA821FF1F1D
:10F9A0009421FF1FA421FF1FAC21FF1F5C21FF1F1B
:10F9B0006C21FF1FB421FF1F002007404E21FF1FB5
:10F9C000C321FF1FC421FF1F4D21FF1F4C21FF1F1B
:10F9D0000000FF1F88004000CC20FF1F0C21FF1FEC
:10F9E000A921FF1F8421FF1F484B49491B780B7039
:10F9F0000B4619E6464A00231380454B022213E6C4
:10FA00004FF001032370434BB34204F101047FF430
:10FA1000CAAE414E039CDFF81481404F002333707F
:10FA2000042518F8013B3E4AAB541B0725D445F08A
:10FA3000020145F0030204350023142D49F831304A
:10FA400049F83230EDD1374F25783A7842F002004C
:10FA500009EBC00C85F00106CCF80430002D4DD127
:10FA6000882382F0010226703A7049F83030012371
:10FA70008AF894302BE52570C5E700F0BBF8002824
:10FA800032D009EBC5030830586049F8357000F0F2
:10FA9000B1F808B345F0010309EBC3020830506028
:10FAA00049F833B0C3E7204A5368002B3FF447AE10
:10FAB000000CBFB204E013690C32002B3FF43FAEE0
:10FAC00011888142F7D15188B942F4D1000A032844
:10FAD0000CBF1A781289A7E533780133337045F0EB
:10FAE000010349F83300A2E7337849F835000133C0
:10FAF0003370CCE7064B022296E500BE2670C82381
:10FB000082F001063E7049F83030BCE5A821FF1FA5
:10FB10005421FF1F6C21FF1FB421FF1F88004000EC
:10FB2000C02007404C21FF1F0C190500601905007B
:10FB300010B500F021FB00231E4A194642F833108D
:10FB400002EBC3000133142B4160F7D11A481B4C60
:10FB5000436B43F480234363D4F80008184B40F010
:10FB60004070C4F80008C2F3072CC2F30744120E19
:10FB700083F89CC083F8B04083F8B420114AFF207A
:10FB80004FF0010C83F8800083F88800187483F824
:10FB900094C011700C4983F884C0702081F835003E
:10FBA0004FF0E0214FF400101023C1F8040113724C
:10FBB00010BD00BF0000FF1F0080044000D00040C7
:10FBC000002007400021074000E400E000F0ACB84E
:10FBD00000F07CB800F056B800F090B800F076B9AC
:10FBE00000F050B90846114600F0BAB8084600F0D7
:10FBF0003BB900BF72B60D490B68B3FA83F00B280E
:10FC000010DC4FF00042C24023EA02030B6062B6F0
:10FC1000074A00EBC000C10002EBC00000235350B4
:10FC20004360704762B60020704700BF3808FF1F6E
:10FC30009803FF1F0E4BC31AB3F5587F10D20D4A1D
:10FC4000127872B972B60C4A0C49A2FB03230868F9
:10FC50004FF000421B0922FA03F303430B6062B624
:10FC60007047074A1278002AECD0FFF721BB00BF8B
:10FC70009803FF1FB421FF1F398EE3383808FF1F98
:10FC8000A821FF1F38B50F4C206878B1438802883F
:10FC9000C11801339A420D7A02D94380284638BDF3
:10FCA000FFF7C8FF00232360284638BD064B1B78AA
:10FCB0002BB10320FFF7C6FA20600028E6D14FF0F1
:10FCC000FF35EBE7B821FF1FA821FF1F10B5094C36
:10FCD000206818B143881844007A10BD064B1B7881
:10FCE0002BB10320FFF7AEFA20600028F2D14FF0CD
:10FCF000FF3010BDB821FF1FA821FF1F084B094A84
:10FD00001B6810B594881BB11A885B88D31A1C44F1
:10FD10000CB1204610BD00F029F9204610BD00BFEF
:10FD2000B821FF1FAC21FF1F0B4B1B789BB110B5F7
:10FD30000A4C206848B1FFF77DFF002303202360B1
:10FD4000FFF780FA30B1FFF775FF0320FFF77AFA6B
:10FD50000028F8D110BD7047A821FF1FB821FF1F50
:10FD60002DE9F04FDFF8F49083B0012289F80020EC
:10FD7000019179B3374FDFF8E880019D364EDFF807
:10FD8000E4A083463868A8B3B0F802E0CEF1400C96
:10FD9000AC4528BFAC460EEB0C040022A4B2327076
:10FDA000A5EB0C05448000F10802BCF1000F0AD05D
:10FDB0000EF1FF3E7244DC441BF8014B02F8014F88
:10FDC000DC45F9D144883F2C0BD805228AF8002065
:10FDD000002DD7D10198002389F8003003B0BDE889
:10FDE000F08F4022028001460420FFF7A3FA002290
:10FDF0003A60EAE798F8002022B34DF2E90408E0FF
:10FE0000013C18D03278B2B900F0B0F898F8002070
:10FE1000C2B10420FFF736FA0728F1D84FF00103EA
:10FE200089F80030FFF7E6FE38600028ACD1013CCD
:10FE300089F80000E6D101234FF0FF30337003B0A2
:10FE4000BDE8F08F00234FF0FF3089F8003003B099
:10FE5000BDE8F08FC021FF1FBC21FF1FBD21FF1F88
:10FE6000A821FF1FD421FF1F00B583B00346012145
:10FE70000DF107008DF80730FFF772FF03B05DF852
:10FE800004FB00BF38B50E4D0E4C286801232370CB
:10FE900028B140880023C0F14000237038BD0A4BD0
:10FEA0001B7813B90020207038BD0420FFF7EAF951
:10FEB0000728F7D8FFF79EFE28600028E9D1F1E770
:10FEC000C021FF1FBD21FF1FA821FF1FF8B5114B47
:10FED0001B788BB1104E114D346801272F7064B11F
:10FEE0000F4B00271F706388238021460420FFF7F3
:10FEF00021FA376000232B70F8BDFFF77BFE084B1B
:10FF0000014620B104201C70FFF714FAF2E71F70BD
:10FF1000F0E700BFA821FF1FC021FF1FBD21FF1F69
:10FF2000D421FF1F38B50E4B1B7853B90D4C2168F7
:10FF300041B103F0FF054B880B800420FFF7FAF96D
:10FF4000256038BDFFF756FE014620B1BDE83840B8
:10FF50000420FFF7EFB9044B01221A7038BD00BF2F
:10FF6000BD21FF1FC021FF1FD421FF1F2DE9F84332
:10FF7000324E337863B1324F3A784AB90122D90709
:10FF80003A7043D49A0726D400225B073A7001D412
:10FF9000BDE8F8832B4B1A68002AF9D0EFF30582ED
:10FFA000002AF5D1EFF3108572B6186800283AD010
:10FFB000254C2178002936D142691A60012323702B
:10FFC000002A37D0916105B962B60025836845776C
:10FFD00098472570DCE7DFF87C8098F80020002A3D
:10FFE000D2D00025DFF870902B4659F823402368C3
:10FFF00020461B690135984708B12369984798F84E
:020000024000BC
:100000000020EBB29A42F0D83378BDE7FFF776FED6
:1000100068B90E4B1B780BB93378B3E7337803F02C
:10002000FE033370AEE7002DB2D162B6B0E700F048
:10003000A1F8EEE7064B1A60C5E700BF3C08FF1FBA
:10004000D521FF1F941EFF1FA01EFF1F6C1505006A
:10005000A41EFF1FF021FF1FD821FF1F70B4104EF8
:10006000104D3478D4B1621ED2B2291D2B4601EB5B
:10007000820101E08B4205D053F8042B8242F9D172
:1000800070BC7047631CDBB2074A3370137845F8C5
:10009000240043F00203137070BC70470123F3E7A0
:1000A000F021FF1FD821FF1F3C08FF1F2A4B2B4ABE
:1000B0006020E1211870597013782948082B34D03A
:1000C0000A2B20D00C2B274B0CBF35215D2112228F
:1000D0008160C2609960DA60234B21491B78214A14
:1000E000CBB101230B621362204B1D491B781D4AC3
:1000F000012B13D9042B1BD884234B6253621C4B56
:1001000001221A707047174B392113228160C26097
:100110009960DA60E0E70B621362E5E780234B62E7
:100120005362134B01221A7070470E4B2121ECE7EA
:10013000082B06D885234B6253620D4B01221A709F
:100140007047102B94BF862387234B625362084B62
:1001500001221A70704700BF004007403D08FF1F92
:1001600000B0034000B00B40F121FF1F3E08FF1F0D
:10017000F221FF1F704700BF10B584B072B6164A57
:1001800016495160702080231070137013781B067D
:10019000FCD5D06862B6124B124C984238BF00EBC7
:1001A000800001A938BF40000A22FDF777F901A9B4
:1001B0002046002311F8012B01333AB10A2B20F815
:1001C000022FF7D11623237004B010BD5B00DBB201
:1001D000237004B010BD00BF0000024000000741C2
:1001E00080969800CC08FF1F08B52DED028BF0EE2D
:1001F000408AB0EE608A00F0B1F9F4EE488AF1EE80
:1002000010FA06D6DFED098AB4EE688AF1EE10FA2C
:1002100002D0BDEC028B08BD04F0CCF988EEA80A30
:10022000BDEC028B2123036008BD00BF000000006D
:1002300008B52DED028BB0EE408A00F053F8B4EE15
:10024000488AF1EE10FA06D6DFED098AB4EEE88AA4
:10025000F1EE10FA02D4BDEC028B08BD04F0AAF94D
:1002600088EEA80ABDEC028B2123036008BD00BF05
:100270000000000010EE103A184A23F000439342A9
:100280001BDDB3F1FF4F02DB30EE400A704700B5D3
:1002900083B0684600F0F2F900F003000128DDEDBC
:1002A000010A9DED000A0CD0022812D070B1012085
:1002B00000F00CF903B05DF804FBDFED090A00F073
:1002C00083B800F003F9B1EE400AF3E700F07CF8E0
:1002D000F0E700F079F8B1EE400AEBE7D80F493FBC
:1002E00000000000B1EEC00A704700BF10EE102AF7
:1002F000C2F3C7537F3B162B22F000412ADC002BB0
:1003000010EE100A18DB1A4919410A4221D0DFED1C
:10031000197A70EE277AF5EEC07AF1EE10FA18DD50
:10032000002A04DA4FF4000242FA03F3184420EAE8
:10033000010300EE103A7047DFED0E7A70EE277A77
:10034000F5EEC07AF1EE10FA03DD002A08DB9FED2E
:100350000A0A7047B1F1FF4FFBD330EE000A704735
:10036000FFEE007A002918BFB0EE670A704700BFA1
:10037000FFFF7F00CAF249710000000010EE103A42
:10038000C3F3C7527F3A162A10EE101A15DC002A62
:100390000CDB0C481041034205D04FF4800313419D
:1003A0000B4423EA000300EE103A7047013203F0D9
:1003B0000043F8D143F07E53F5E7802AF3D130EEC5
:1003C000000A7047FFFF7F0010EE103A23F0004351
:1003D000B3F1485F2CDAFDEEC07A17EE903A002BAD
:1003E00060D020EE007ADFED317A9FED315ADFEDFB
:1003F000315A9FED316ADFED316AA7EE275ADFED02
:10040000307AE7EE055AA7EE256AE7EE067AE7EEC0
:10041000276A67EE266A60EEC00AF6EE007AE7EE1B
:10042000260AB7EE000AD7EE270A30EE600A7047B8
:1004300020EE007ADFED1D7A9FED1D5ADFED1D5A8B
:100440009FED1D6ADFED1D6A1E4AA7EE275A9342F3
:10045000DFED1B7AE5EE075AA5EE876AE6EE077A2E
:10046000E7EE876A66EE876AD5DD174A934214DCA9
:1004700003F17F4307EE903AB7EE006A36EE676A03
:1004800060EEC00AF6EE005AD7EE257AE7EE260AAD
:1004900077EEE07A36EE670A7047B6EE076AF5EE59
:1004A000027AEDE7B7EE000A704700BF4ED747ADBE
:1004B000F6740F317CF293B4010DD037ABAA2A3D0C
:1004C000610BB6BA9999993E0000483F10EE103A78
:1004D00023F00043B3F1485F04DAFDEEC07A17EE73
:1004E000903A5BB360EE007A9FED157ADFED155A16
:1004F0009FED156ADFED156AE7EE875A9FED147AD6
:10050000A5EEA76A20EE275AE6EE276AA6EEA77A9E
:1005100030B9DFED106AE7EE876AA6EE850A70470C
:1005200027EE457AF6EE006AA0EEA67ADFED0A6ABB
:10053000D7EE270AE5EE260A30EE600A704700BFC4
:10054000D3C92E2F342FD7B21BEF3836010D50B937
:100550008988083CABAA2ABEABAA2A3E30B583B034
:10056000CDED010A019D35F0004041D010EE10EABA
:100570002EF00041B1F1FF4F3ADAB0F1FF4F37DC16
:1005800081423BDB0EF000443AD01EF0FF4F56D1C3
:100590000B02002B6FF07D0204DD5B00002B02F1EB
:1005A000FF32FADC15F0FF4F58D103026FF07D0CDB
:1005B00003D45B000CF1FF3CFBD512F17E0F47DB4F
:1005C000CEF3160E4EF400031CF17E0F3ADBC5F39A
:1005D000160141F40000B2EB0C0204D117E00FD079
:1005E0004B00013A13D0191A0029F8DA5B00F8E73A
:1005F000DDED017A60EE277A87EEA70A03B030BD01
:100600001D4B03EB547393ED000A03B030BD181A71
:1006100058BF03461BB9F3E75B000CF1FF3CB3F591
:10062000000FF9DB1CF17E0F1DDBA3F500030CF1BD
:100630007F0C234343EACC5300EE103ADEE7CA15A1
:100640007F3AAFE76FF07D01A1EB0C018840C2E774
:100650006FF07D039B1A01FA03F3B5E74FEAE05C04
:10066000ACF17F0CA9E76FF07D02A2EB0C02134105
:10067000234300EE103AC1E76419050070B510EE8F
:10068000103A884A23F00044944286B0054670DD53
:10069000854A944210EE106A22DC002BDFED837A4B
:1006A000834A24F00F04B0EE407A40F3E280944293
:1006B00070EE677A09BFDFED7F6A9FED7F7A9FED6D
:1006C0007F7A77EEE67A012077EEC76A77EEE67AF0
:1006D000C5ED006A77EEC77AC5ED017A06B070BD48
:1006E000774A944254DDB4F1FF4F49DAE215863A75
:1006F000A4EBC25307EE903ABDEEE77ADFED716AE4
:10070000B8EEC77A77EEC77A8DED037A67EEA67AF0
:10071000BDEEE77AB8EEC77A77EEC77A8DED047A48
:1007200067EEA67AF5EE407AF1EE10FACDED057A95
:1007300040F08E80B5EE407AF1EE10FA14BF02233D
:100740000123614901910221009103A8294600F08B
:10075000CDF8002EC2DA95ED007AD5ED017AB1EE32
:10076000477AF1EE677A85ED007AC5ED017A40426D
:10077000B4E7002285ED000A4260002006B070BD9B
:1007800070EE407A0020C5ED017AC5ED007AA5E74C
:1007900000F0A4F89FED4D7A9FED446AF6EE007AE2
:1007A000E0EE077A9FED447AFDEEE77A17EE900AC5
:1007B000F8EEE76A1F28A6EEC60A66EE877AB1EE63
:1007C000666A1EDC424A411E24F0FF0352F82120D3
:1007D000934216D030EE677A85ED007A30EE470A04
:1007E000002E30EE670A85ED010ABFF677AFB1EE55
:1007F000477AB1EE400A85ED007A85ED010A404264
:100800006CE730EE677AE21517EE103AC3F3C75380
:10081000C3EBD453082BDFDD9FED267A9FED275ADB
:10082000F0EE405AE6EE075A70EE657AE6EE077A89
:10083000D6EE857A35EEE77A17EE103AC3F3C75352
:10084000D21A192A06DCB0EE650A85ED007AC5E7F2
:10085000032376E79FED1F7A9FED1F5AB0EE650ADE
:10086000A6EE070A75EEC07AE6EE077AD6EE857A2E
:10087000B0E7944270EE277A09BFDFED0E6A9FED74
:100880000E7A9FED0E7A77EEA67A4FF0FF3077EE74
:10089000876A77EEE67AC5ED006A77EE877AC5ED6E
:1008A000017A1BE7D80F493FE3CB1640800FC93FC1
:1008B000D00FC93F004435374344353708A3852E50
:1008C000800F494300008043EC19050084F9223F62
:1008D0006C19050000A3852E32318D2410EE103ADC
:1008E00023F0004300EE103A704700BF2DE9F04FAF
:1008F0002DED048BDBB01C4603930691A04B689949
:10090000089253F82150111D824604F1FF38C0F2BD
:100910009882D31E48BF131DDB1002930133DB0006
:100920000793DDE907239B1A0593029B15EB08014A
:10093000A3EB080316D401319FED927A699819440C
:100940001EAA002BA4BF50F8234007EE904A03F1E3
:100950000103ACBFF8EEE77AF0EE477A8B42E2ECA7
:10096000017AEED1002DC0F2DB82039B1EAA02EBBE
:10097000830446AE4FEA830C4046EF180AEB83012E
:10098000B8F1000FDFED7F7A09DB22465346F3EC26
:10099000016A32ED017A8B42E6EE877AF7D10130B7
:1009A000B842E6EC017A04F10404E9D10AAF07EB9E
:1009B0008503043B9FED759ADFED738A05980493D8
:1009C0000AEB0C0407EB850946AE00955AAB03EB26
:1009D0008503002D13ED140A4FEA850B16DD06EB97
:1009E00085033A4660EE097AB0EE407AFDEEE77A8A
:1009F00073ED016AF8EEE77AB342A7EEE87A37EED4
:100A0000A60ABDEEC77AA2EC017AEBD1019000F004
:100A100099FAB0EE408AB4EE000A28EE000AFFF719
:100A200065FCF2EE007AA0EE678A01980028FDEEE0
:100A3000C89AF8EEE97A38EE678A76DD05F1FF3E6E
:100A4000C0F1080357F82E2042FA03FC0CFA03F316
:100A5000D31AC0F1070119EE902A47F82E300B4146
:100A60006244002B09EE902A67DCB5EE408AF1EE75
:100A700010FA40F0BE80009A05F1FF3B5A450EDCAB
:100A80004FEA850C07EB850200219E4652F8043D93
:100A90004A4541EA0301F9D1002940F0F180009B69
:100AA000013B57F82330002B40F0E680049B4FF0C9
:100AB000010C53F8042D0CF1010C002AF9D06B1C29
:100AC000AC449E460299039A01EB030B0BF1804B59
:100AD00069992A440BF1FF3B06EB83051EAB01EB42
:100AE0008B0B03EB8201DBED017A9FED267AF8EEAA
:100AF000E77AB8F1000F0BF1040BC1ED007A0A465A
:100B000001F1040109DB534601E072ED017AF3ECD7
:100B1000016AA342A6EEA77AF7D10EF1010EE645CF
:100B2000A5EC017ADFDD654650E740F09B806B1E47
:100B300057F82330DB11002B97DD19EE902A002D9A
:100B400002F1010209EE902A40F3918139680029EF
:100B50007ED1012D26D03A464FF0010C52F8041FE9
:100B6000002979D00CF10102C1F58071954247F856
:100B70002C1016DD57F82210BB4407EB82020AE066
:100B8000301D050000000000000080430000803B95
:100B90000000C93F1168C1F1FF0142F8041B5A452A
:100BA000F8D1012100280CDD012800F04181022844
:100BB00007D105F1FF3C57F82C2002F03F0247F81F
:100BC0002C20022B7FF451AFB7EE000A30EE488A9A
:100BD00000293FF44AAF0993019000F0B3F938EED1
:100BE000408A099B0198B5EE408AF1EE10FA3FF475
:100BF00042AF9846DDE90732B0EE480A981A0195EF
:100C0000009D00F09FF91FED207A019BB4EEC70A0A
:100C1000F1EE10FAC0F255815FED247A059A60EE8C
:100C2000277A0832FDEEE77A0592F8EEE77A03F1CB
:100C3000010BA7EEC70AFDEEE77ABDEEC00A10EE83
:100C4000102A47F8232017EE903A47F82B302BE074
:100C500001224FF0000C87E70CF1010CAC457FF44A
:100C60007DAF9FE7F6EE007AB4EEE78AF1EE10FA78
:100C700080F2EC800023F8E66B1C9E469C4621E740
:100C8000059B009DA3F1080257F82B300592F04612
:100C900053B9ACF104033B4453F8041D0BF1FF3B83
:100CA000083A0029F8D005920598B7EE000A00F03E
:100CB00049F9BBF1000FC0F229810BF1010646AAE8
:100CC0001FED4E7A4FEA860C07EB860302EB860295
:100CD00073ED017AF8EEE77ABB4267EE807A20EE98
:100CE000070A62ED017AF3D1ACF1040346AA002DA4
:100CF0001FED596A02EB03044FF0000022DB8F491D
:100D0000DFED8F7AB0EE467A2246002303E0984268
:100D100008DBB1EC017AF2EC016A01339D42E6EEA8
:100D2000877AF4DA5AAB03EB8003584543ED287A0F
:100D30004FEA800100F10102A4F1040405D0002D66
:100D40001046DCDADFED7E7AECE7689A022A1DDCD9
:100D5000002A00F38E8010D132ABDFED797A9C440B
:100D60003CED017A634577EE877AF9D143460BB1C2
:100D7000F1EE677A069BC3ED007A19EE903A03F024
:100D800007005BB0BDEC048BBDE8F08F689A032AC6
:100D9000F3D1BBF1000F00F0CB8032A813ED287A1D
:100DA00000EB8B020BF1804372ED017AF0EE476AA3
:100DB00037EE277A904277EEC77A82ED007A77EEA7
:100DC000A67AC2ED017AEFD1BBF1010F40F3B080FA
:100DD00001F5B4720DEB020111ED287A9A0033A9E6
:100DE00000EB830373ED017AF0EE476A37EE277A62
:100DF000994277EEC77A83ED007A77EEA67AC3ED53
:100E0000017AEFD1131DDFED4E7A0344083033ED44
:100E1000017A984277EE877AF9D14346002B58D170
:100E20000699329A339B0A604B60C1ED027AA4E7BF
:100E300005F1FF3C57F82C2002F07F0247F82C20E8
:100E4000BFE608230793002302936AE519EE903A60
:100E5000002D03F1010309EE903AC8BF02233FF7CA
:100E600075AEF7EE007A37EEC88A0223FDE5002161
:100E700098E632ABDFED327A03EB860636ED017A87
:100E8000B34277EE877AF9D143469DED327A93BB30
:100E9000069BBBF1000FC3ED007A77EE677A0CDD9D
:100EA00033AA0123B2EC017A01339B4577EE877AAE
:100EB000F8DA43460BB1F1EE677A069BC3ED017A8F
:100EC0005BE7BDEEC00A9B4610EE102A47F82320D0
:100ED000EAE6DDED326A9DED337A069BF1EE666A55
:100EE000B1EE477AF1EE677AC3ED006A83ED017ADD
:100EF000C3ED027A41E7069BF1EE676ABBF1000F92
:100F000077EE677AC3ED006ACADCD4E7689B022BF0
:100F10000ADC002B0FDC7FF430AFDFED097A25E728
:100F2000039B4FEA830C41E5689B032B7FF425AFBD
:100F3000DFED037A71E7DFED027AA5E7081D050012
:100F40000000000010EE103A33F0004110EE102ABD
:100F500028D0B1F1FF4F22D213F0FF4F23D1DFEDA4
:100F60002C7A2C4A60EE277A904217EE903A34DBC6
:100F70004CF2503CC3F3C751604517EE902AA1F1E3
:100F8000190116DDDFED247ADFED246A002BB0EEC7
:100F9000677AB8BFF0EE667A27EE870A704730EEC0
:100FA000000A704770474CF2503C60454FEAD151FF
:100FB000E8DC0144FE29E5DC002915DC11F1160FFF
:100FC00019DB193122F0FF4242EAC15207EE902AA2
:100FD0009FED130A27EE800A7047DFED127A07EEC5
:100FE000103A27EE270A704722F0FF4242EAC15327
:100FF00000EE103A7047DFED0B7ADFED0B6A002B45
:10100000B0EE677AB8BFF0EE667A27EE870A7047CF
:101010000000004CB03CFFFFCAF24971CAF249F12E
:10102000000000336042A20D6042A28D03460846D4
:10103000194602F08DBC00BF81F0004102E000BF04
:1010400083F0004330B54FEA41044FEA430594EA88
:10105000050F08BF90EA020F1FBF54EA000C55EAC3
:10106000020C7FEA645C7FEA655C00F0E2804FEA94
:101070005454D4EB5555B8BF6D420CDD2C4480EA76
:10108000020281EA030382EA000083EA010180EAA6
:10109000020281EA0303362D88BF30BD11F0004FF4
:1010A0004FEA01314FF4801C4CEA113102D040422A
:1010B00061EB410113F0004F4FEA03334CEA133365
:1010C00002D0524263EB430394EA050F00F0A7807D
:1010D000A4F10104D5F1200E0DDB02FA0EFC22FA78
:1010E00005F2801841F1000103FA0EF2801843FA6C
:1010F00005F359410EE0A5F120050EF1200E012A5D
:1011000003FA0EFC28BF4CF0020C43FA05F3C0189A
:1011100051EBE37101F0004507D54FF0000EDCF113
:10112000000C7EEB00006EEB0101B1F5801F1BD3BC
:10113000B1F5001F0CD349085FEA30004FEA3C0CC0
:1011400004F101044FEA445212F5800F80F09A80B6
:10115000BCF1004F08BF5FEA500C50F1000041EBBA
:10116000045141EA050130BD5FEA4C0C404141EBBE
:101170000101013C28BFB1F5801FE9D291F0000FB9
:1011800004BF01460020B1FA81F308BF2033A3F168
:101190000B03B3F120020CDA0C3208DD02F1140C5F
:1011A000C2F10C0201FA0CF021FA02F10CE002F19A
:1011B0001402D8BFC2F1200C01FA02F120FA0CFC93
:1011C000DCBF41EA0C019040E41AA2BF01EB0451DC
:1011D000294330BD6FEA04041F3C1CDA0C340EDCDA
:1011E00004F11404C4F1200220FA04F001FA02F31D
:1011F00040EA030021FA04F345EA030130BDC4F1DB
:101200000C04C4F1200220FA02F001FA04F340EACF
:101210000300294630BD21FA04F0294630BD94F080
:10122000000F83F4801306BF81F480110134013D67
:101230004EE77FEA645C18BF7FEA655C29D094EAD8
:10124000050F08BF90EA020F05D054EA000C04BF56
:101250001946104630BD91EA030F1EBF0021002041
:1012600030BD5FEA545C05D14000494128BF41F0E0
:10127000004130BD14F580043CBF01F5801130BD44
:1012800001F0004545F0FE4141F470014FF00000CF
:1012900030BD7FEA645C1ABF194610467FEA655C80
:1012A0001CBF0B46024650EA013406BF52EA033522
:1012B00091EA030F41F4002130BD00BF90F0000F10
:1012C00004BF0021704730B54FF4806404F132044C
:1012D0004FF000054FF0000150E700BF90F0000F05
:1012E00004BF0021704730B54FF4806404F132042C
:1012F00010F0004548BF40424FF000013EE700BFFC
:1013000042004FEAE2014FEA31014FEA02701FBF8B
:1013100012F07F4393F07F4F81F06051704732F0BD
:101320007F4208BF704793F07F4F04BF41F4002114
:10133000704730B54FF4607401F0004521F0004172
:101340001CE700BF50EA010208BF704730B54FF0FC
:1013500000050AE050EA010208BF704730B511F0FD
:10136000004502D5404261EB41014FF4806404F135
:1013700032045FEA915C3FF4D8AE4FF003025FEABB
:10138000DC0C18BF03325FEADC0C18BF033202EB3F
:10139000DC02C2F1200300FA03FC20FA02F001FA99
:1013A00003FE40EA0E0021FA02F11444BDE600BF3C
:1013B00070B54FF0FF0C4CF4E06C1CEA11541DBFEB
:1013C0001CEA135594EA0C0F95EA0C0F00F0DEF8B6
:1013D0002C4481EA030621EA4C5123EA4C5350EA9B
:1013E000013518BF52EA033541F4801143F48013EC
:1013F00038D0A0FB02CE4FF00005E1FB02E506F07D
:101400000042E0FB03E54FF00006E1FB03569CF0D1
:10141000000F18BF4EF0010EA4F1FF04B6F5007FD7
:1014200064F5407404D25FEA4E0E6D4146EB060649
:1014300042EAC62141EA55514FEAC52040EA5E50D2
:101440004FEACE2EB4F1FD0C88BFBCF5E06F1ED87C
:10145000BEF1004F08BF5FEA500E50F1000041EBB3
:10146000045170BD06F0004646EA010140EA020060
:1014700081EA0301B4EB5C04C2BFD4EB0C0541EA82
:10148000045170BD41F480114FF0000E013C00F397
:10149000AB8014F1360FDEBF002001F0004170BDBB
:1014A000C4F10004203C35DA0C341BDC04F11404D4
:1014B000C4F1200500FA05F320FA04F001FA05F260
:1014C00040EA020001F0004221F0004110EBD3702D
:1014D00021FA04F642EB06015EEA430E08BF20EA59
:1014E000D37070BDC4F10C04C4F1200500FA04F3FC
:1014F00020FA05F001FA04F240EA020001F000418E
:1015000010EBD37041F100015EEA430E08BF20EA00
:10151000D37070BDC4F1200500FA05F24EEA020E48
:1015200020FA04F301FA05F243EA020321FA04F077
:1015300001F0004121FA04F220EA020000EBD3702E
:101540005EEA430E08BF20EAD37070BD94F0000F2E
:101550000FD101F00046400041EB010111F4801F62
:1015600008BF013CF7D041EA060195F0000F18BF13
:10157000704703F00046520043EB030313F4801F4F
:1015800008BF013DF7D043EA0603704794EA0C0F09
:101590000CEA135518BF95EA0C0F0CD050EA41061F
:1015A00018BF52EA4306D1D181EA030101F000419C
:1015B0004FF0000070BD50EA410606BF10461946C4
:1015C00052EA430619D094EA0C0F02D150EA0136D0
:1015D00013D195EA0C0F05D152EA03361CBF104611
:1015E00019460AD181EA030101F0004141F0FE41B0
:1015F00041F470014FF0000070BD41F0FE4141F434
:10160000780170BD70B54FF0FF0C4CF4E06C1CEA33
:1016100011541DBF1CEA135594EA0C0F95EA0C0FE8
:1016200000F0A7F8A4EB050481EA030E52EA0335A3
:101630004FEA013100F088804FEA03334FF08055C4
:1016400045EA131343EA12634FEA022245EA1115F1
:1016500045EA10654FEA00260EF000419D4208BFA2
:10166000964244F1FD0404F5407402D25B084FEA4F
:101670003202B61A65EB03055B084FEA32024FF4FB
:1016800080104FF4002CB6EB020E75EB030E22BF58
:10169000B61A754640EA0C005B084FEA3202B6EB18
:1016A000020E75EB030E22BFB61A754640EA5C00C7
:1016B0005B084FEA3202B6EB020E75EB030E22BF57
:1016C000B61A754640EA9C005B084FEA3202B6EB58
:1016D000020E75EB030E22BFB61A754640EADC0017
:1016E00055EA060E18D04FEA051545EA16754FEA79
:1016F00006164FEAC30343EA52734FEAC2025FEA97
:101700001C1CC0D111F4801F0BD141EA00014FF025
:1017100000004FF0004CB6E711F4801F04BF0143F6
:101720000020B4F1FD0C88BFBCF5E06F3FF6AFAE12
:10173000B5EB030C04BFB6EB020C5FEA500C50F1A2
:10174000000041EB045170BD0EF0004E4EEA113125
:1017500014EB5C04C2BFD4EB0C0541EA045170BD2C
:1017600041F480114FF0000E013C90E645EA060E70
:101770008DE60CEA135594EA0C0F08BF95EA0C0F9E
:101780003FF43BAF94EA0C0F0AD150EA01347FF4E6
:1017900034AF95EA0C0F7FF425AF104619462CE7BD
:1017A00095EA0C0F06D152EA03353FF4FDAE104620
:1017B000194622E750EA410618BF52EA43067FF471
:1017C000C5AE50EA41047FF40DAF52EA43057FF401
:1017D000EBAE12E74FF0FF3C06E000BF4FF0010C0C
:1017E00002E000BF4FF0010C4DF804CD4FEA410C70
:1017F0007FEA6C5C4FEA430C18BF7FEA6C5C1BD03D
:1018000001B050EA410C0CBF52EA430C91EA030FBD
:1018100002BF90EA020F0020704710F1000F91EA1A
:10182000030F58BF994208BF90422CBFD8176FEAE8
:10183000E37040F0010070474FEA410C7FEA6C5CB6
:1018400002D150EA013C07D14FEA430C7FEA6C5CBD
:10185000D6D152EA033CD3D05DF8040B704700BFE9
:101860008446104662468C461946634600E000BF37
:1018700001B5FFF7B7FF002848BF10F1000F01BD09
:101880004DF808EDFFF7F4FF0CBF012000205DF8D4
:1018900008FB00BF4DF808EDFFF7EAFF34BF012059
:1018A00000205DF808FB00BF4DF808EDFFF7E0FFF2
:1018B00094BF012000205DF808FB00BF4DF808ED43
:1018C000FFF7CEFF94BF012000205DF808FB00BFAA
:1018D0004DF808EDFFF7C4FF34BF012000205DF88C
:1018E00008FB00BF4FEA410C7FEA6C5C02D150EA72
:1018F000013C0AD14FEA430C7FEA6C5C02D152EA08
:10190000033C02D14FF0000070474FF001007047D8
:101910004FEA410212F5001215D211D56FF4787317
:10192000B3EB625212D94FEAC12343F0004343EABA
:10193000505311F0004F23FA02F018BF4042704795
:101940004FF00000704750EA013005D111F000401F
:1019500008BF6FF0004070474FF00000704700BFB5
:101960004A0011D212F5001211D20DD56FF478731E
:10197000B3EB62520ED44FEAC12343F0004343EA73
:10198000505323FA02F070474FF00000704750EABE
:10199000013002D14FF0FF3070474FF00000704728
:1019A0004FEA4102B2F1E04324BFB3F5001CDCF181
:1019B000FE5C0DD901F0004C4FEAC0024CEA5070B9
:1019C000B2F1004F40EB830008BF20F001007047E8
:1019D00011F0804F21D113F13872BCBF01F00040EB
:1019E000704741F480114FEA5252C2F11802C2F11D
:1019F000200C10FA0CF320FA02F018BF40F001009E
:101A00004FEAC1234FEAD32303FA0CFC40EA0C004F
:101A100023FA02F34FEA4303CCE77FEA625307D18C
:101A200050EA01331EBF4FF0FE4040F440007047C3
:101A300001F0004040F0FE4040F40000704700BF5D
:101A400080F0004002E000BF81F0004142001FBF73
:101A50005FEA410392EA030F7FEA226C7FEA236C7C
:101A60006AD04FEA1262D2EB1363C1BFD218414071
:101A700048404140B8BF5B42192B88BF704710F007
:101A8000004F40F4000020F07F4018BF404211F0AA
:101A9000004F41F4000121F07F4118BF494292EA12
:101AA000030F3FD0A2F1010241FA03FC10EB0C003E
:101AB000C3F1200301FA03F100F0004302D54942CB
:101AC00060EB4000B0F5000F13D3B0F1807F06D378
:101AD00040084FEA310102F10102FE2A51D2B1F170
:101AE000004F40EBC25008BF20F0010040EA030065
:101AF0007047490040EB0000013A28BFB0F5000FE5
:101B0000EDD2B0FA80FCACF1080CB2EB0C0200FA9A
:101B10000CF0AABF00EBC25052421843BCBFD040E9
:101B20001843704792F0000F81F4000106BF80F463
:101B300000000132013BB5E74FEA41037FEA226C26
:101B400018BF7FEA236C21D092EA030F04D092F0F1
:101B5000000F08BF0846704790EA010F1CBF002025
:101B6000704712F07F4F04D1400028BF40F0004082
:101B7000704712F100723CBF00F50000704700F0A2
:101B8000004343F0FE4040F4000070477FEA2262C9
:101B900016BF08467FEA23630146420206BF5FEA9A
:101BA000412390EA010F40F4800070474FF000039A
:101BB00004E000BF10F0004348BF40425FEA000C61
:101BC00008BF704743F0964301464FF000001CE009
:101BD00050EA010208BF70474FF000030AE000BF5F
:101BE00050EA010208BF704711F0004302D540429D
:101BF00061EB41015FEA010C02BF8446014600200F
:101C000043F0B64308BFA3F18053A3F50003BCFA29
:101C10008CF2083AA3EBC25310DB01FA02FC6344D6
:101C200000FA02FCC2F12002BCF1004F20FA02F2DD
:101C300043EB020008BF20F00100704702F12002D0
:101C400001FA02FCC2F1200250EA4C0021FA02F231
:101C500043EB020008BF20EADC7070477BB972B921
:101C60000029BEBF00204FF0004106E008BF002859
:101C70001CBF6FF000414FF0FF3000F0A3B9ADF191
:101C8000080C6DE904CE002909DB002B1ADB00F0FB
:101C900035F8DDF804E0DDE9022304B07047404286
:101CA00061EB4101002B1BDB00F028F8DDF804E0BC
:101CB000DDE9022304B0404261EB4101524263EB93
:101CC00043037047524263EB430300F017F8DDF81B
:101CD00004E0DDE9022304B0404261EB41017047BA
:101CE000524263EB430300F009F8DDF804E0DDE95C
:101CF000022304B0524263EB430370472DE9F047DF
:101D0000089E0D4604460F46002B4AD18A4294464F
:101D100065D9B2FA82F343B102FA03FCC3F120029F
:101D20009F4020FA02F217439C404FEA1C4E1FFAD4
:101D30008CF5B7FBFEF1220C0EFB117742EA07424D
:101D400001FB05F090420AD91CEB020201F1FF37BA
:101D500080F01C81904240F2198102396244121ACB
:101D6000A4B2B2FBFEF00EFB102244EA024400FBD8
:101D700005F5A5420AD91CEB040400F1FF3280F0FE
:101D80000781A54240F204816444023840EA0140E0
:101D9000641B00211EB1DC400023C6E90043BDE8FE
:101DA000F0878B4208D9002E00F0ED800021C6E9B3
:101DB00000050846BDE8F087B3FA83F1002949D150
:101DC000AB4202D3824200F2F880841A65EB030230
:101DD00001201746002EE2D0C6E90047DFE702B92E
:101DE000FFDEB2FA82F3002B40F090808A1A4FEAAD
:101DF0001C471FFA8CFE0121B2FBF7F507FB1520EB
:101E0000220C42EA00420EFB05F0904208D91CEB7E
:101E1000020205F1FF3802D2904200F2CB80454623
:101E2000121AA4B2B2FBF7F007FB102244EA0244F4
:101E30000EFB00FEA64508D91CEB040400F1FF329E
:101E400002D2A64500F2BB801046A4EB0E0440EA85
:101E500005409FE7C1F120078B4022FA07FC4CEABE
:101E6000030C05FA01F420FA07F3FD404FEA1C4980
:101E70002343B5FBF9F81FFA8CFE09FB18551C0C1F
:101E800044EA054408FB0EF5A54202FA01F200FA05
:101E900001F00BD91CEB040408F1FF3A80F08880B4
:101EA000A54240F28580A8F102086444641B9DB2FB
:101EB000B4FBF9F309FB134445EA044403FB0EFEAB
:101EC000A64508D91CEB040403F1FF356CD2A645E6
:101ED0006AD9023B644443EA0843A3FB0295A4EB9E
:101EE0000E04AC42C846AE4656D353D056B1B0EB02
:101EF000080264EB0E0404FA07F7CA40CC4017430B
:101F0000C6E9007418460021BDE8F087C3F120013E
:101F100002FA03FC20FA01F225FA01F19D402A435E
:101F20004FEA1C471FFA8CFEB1FBF7F007FB1015B8
:101F3000110C41EA054100FB0EF58D4204FA03F451
:101F400008D91CEB010100F1FF382FD28D422DD9A9
:101F500002386144491B92B2B1FBF7F507FB15113A
:101F600042EA014205FB0EF1914208D91CEB020244
:101F700005F1FF3816D2914214D9023D6244521A3B
:101F800045EA004138E73146304608E73946E6E69B
:101F90001046FBE64845A9D2B9EB020865EB0C0EEA
:101FA000013BA3E74546EAE72B4694E74046D1E7E5
:101FB000D0467BE7023D624432E708460AE76444C4
:101FC000023842E7704700BF002101F0B1BC00BFFA
:101FD000024B0146186800F00BB800BF900FFF1FBE
:101FE000024B0146186802F067BE00BF900FFF1F4A
:101FF0002DE9F04F01F10B06162E83B0044624D8CC
:10200000102900F2BA8000F0A3FA1026182202204C
:10201000B54F3A44A2F1080153688B4200F0BA80F0
:102020005A68D96822F003021A449D68E9608D60FD
:10203000516841F001012046516003F1080500F0AC
:102040008DFA284603B0BDE8F08F36F0070600F1A0
:102050009480B14200F2918000F07AFAB6F5FC7FEC
:10206000C0F09A81730A00F08F80042B00F26F8118
:10207000B30903F1390003F1380CC3009A4F3B4414
:10208000A3F108055B689D4206D10CE0002980F2AF
:102090002781DB689D4206D05A6822F00302911B1B
:1020A0000F29F3DD60463D69DFF850C265457CD0FD
:1020B0006A6822F00302931B0F2B00F37B81002B35
:1020C000C7E904CC80F26C81B2F5007F80F01A8100
:1020D000D308796801334FEA521E012202FA0EF248
:1020E0000A4357F833E0C5F808E007EBC3010839A5
:1020F000E9607A6047F83350CEF80C508310012124
:102100009940914257D8114206D120F0030049006E
:10211000114200F10400FAD007EBC0094D46864693
:10212000D5F80C80454508D11DE1002B80F22481B3
:10213000D8F80C80454500F01681D8F8042022F02C
:102140000302931B0F2BF0DD2046D8E9025408EB65
:10215000060146F00106C8F80460EC60A56043F093
:102160000104C7E90411C1E902CC4C6048F802300F
:1021700000F0F4F908F1080502E00C2323600025C3
:10218000284603B0BDE8F08F4FF4007340204FF0B5
:102190003F0C73E7D3689A4208BF02307FF440AF28
:1021A0003D69DFF858C1654582D17A688310012105
:1021B00099409142A7D9BD686B6823F003094E4549
:1021C00003D8A9EB06030F2B7ADCDFF834B1474BB9
:1021D000DBF800201B680132334405EB090A00F0EC
:1021E000338103F580530F3323F47F6828F00F0801
:1021F0004146204602F0B6F9411C024600F0F38049
:10220000824500F2EE803A4B196841441960084655
:1022100000F04E81DBF80010019301311BBFA2EBEF
:102220000A010918CBF80020196012F0070B00F022
:102230001781CBF108010A44CBF580519044083155
:10224000A1EB0801C1F30B0A51462046009202F0AF
:1022500089F9421CDDE9002300F04F81801A00EB70
:102260000A081968BA6048F001005144BD42506044
:10227000196000F02981B9F10F0F40F227816868D9
:10228000A9F10C0C2CF0070C00F0010040EA0C0046
:1022900068604FF0050E05EB0C00BCF10F0FC0E9B4
:1022A00001EE00F2328150681546124B1A688A42DC
:1022B00038BF1960104B1A688A4238BF196094E021
:1022C000AA1943F0010346F001066E602046BA6089
:1022D000536000F043F90835284603B0BDE8F08F9D
:1022E000D9681A44A1E600BFE408FF1F2422FF1F9B
:1022F000F421FF1F1C22FF1F2022FF1FEC08FF1FDD
:10230000EC0CFF1FB2F5206F4FEA522363D3142B5E
:1023100000F2B78003F15C01C9005B3307EB010EEB
:102320007958AEF1080E8E4500F091804B6823F08D
:102330000303934202D989688E45F7D1D1F80CE0A6
:102340007A68C5E9021ECEF80850CD60D6E6142B97
:1023500059D9542B00F29D80330B03F16F0003F128
:102360006E0CC3008AE60EF1010E1EF0030F05F19C
:1023700008057FF4D5AE51E0424445465368D8F88D
:102380000C1043F00103536055F8083F2046D96014
:102390008B6000F0E3F8F3E6F00806F1080237E698
:1023A0002A442046536843F001035360083500F087
:1023B000D5F8E5E6A919204646F0010643F00104E8
:1023C0006E60C7E90411C1E902CC4C60AB5000F06B
:1023D000C5F80835D4E6930903F13901C90038334B
:1023E0009CE7BD425FD0BD68686820F003084645A1
:1023F000A8EB060302D80F2B3FF762AF204600F090
:10240000ADF80025BCE603F15C0003F15B0CC300F2
:1024100034E659F808394B4540F0968010F0030F28
:1024200000F1FF30F5D17B6823EA01037B604900AE
:1024300099423FF6C0AE19B9BDE649000EF1040E4F
:102440001942FAD0704667E603F11008D0E69A10F8
:102450004FF001087B6808FA02F21A437A6070E7CD
:1024600002EB08014942C1F30B0A51462046009293
:1024700002F078F8431CDDE900237FF4EFAEDA4682
:10248000EFE6542B25D8130B03F16F01C9006E330F
:1024900044E7B3F5AA7F25D8F30B03F1780003F1E5
:1024A000770CC300EAE5294B186840441860B1E690
:1024B000CAF30B0CBCF1000F7FF4ACAEBD68C8448E
:1024C00048F001006860F0E61546EEE6012353602F
:1024D00094E7B3F5AA7F23D8D30B03F17801C900A1
:1024E00077331BE740F25452934223D8B30C03F1E5
:1024F0007D0003F17C0CC300C0E5ABF1080BD844B0
:10250000A8EB02084FF0000AABE605F108012046EF
:10251000009302F0D1FBBD68009B68681968C4E6AF
:1025200040F254518B420BD8930C03F17D01C9004A
:102530007C33F3E64FF47E737F204FF07E0C9DE5F5
:102540004FF47E717E23E9E67B6870E7F421FF1F7C
:10255000014802F05DB800BF6C23FF1F014802F084
:1025600059B800BF6C23FF1F10B4044C03460A4641
:1025700020685DF8044B194600F002B8900FFF1F69
:102580002DE9F84F1746002900F098800C4607F116
:102590000B058046FFF7DCFF162D54F8041C5BD8B2
:1025A00010252A46AF425CD821F003069642A4F1DA
:1025B000080962DABC4BD3F808C009EB0600844571
:1025C00000F09780D0F804C02CF0010303445B684E
:1025D000DB0768D42CF0030C06EB0C03934247DABC
:1025E000CB0710D454F8083CA9EB030ADAF80430FE
:1025F00023F003018C44B444944580F21181731894
:10260000934280F2E88039464046FFF7F1FC0746E6
:10261000E0B154F8043C23F001034B44A0F108025C
:10262000934200F0D280321F242A00F2F580132A50
:1026300000F2AC8003462246116819605168596067
:1026400092689A602146404602F036FB4046FFF70A
:1026500085FF3846BDE8F88F25F00705002D2A468E
:10266000A0DA0C23C8F8003000273846BDE8F88F00
:102670001E46D0E90223D3609A60731B0F2B22D829
:10268000D9F8043003F0010333434E44C9F8043051
:10269000736843F00103736040462746FFF75EFF0F
:1026A0003846BDE8F88FC907ADD454F8083CA9EB0B
:1026B000030ADAF8041021F00301A0E7BDE8F84F9F
:1026C0001146FFF795BCD9F8042009EB050102F08B
:1026D00001024E4443F001032A43C9F804204B6031
:1026E000736843F0010308317360404602F0E4FA76
:1026F000D2E7DCF8040020F0030B06EB0B0C05F12D
:10270000100084454DDAC9073FF57DAF54F8081C29
:10271000A9EB010ADAF8041021F003018B44B34459
:1027200058453FF76CAF5746DAF80C1057F8080FCA
:10273000321F242AC160886000F2DB80132A40F235
:10274000D6802168CAF808106168CAF80C101B2AE4
:1027500000F2DF8008340AF110022168116061681C
:102760005160A16891600AEB0501ABEB050242F0F4
:10277000010299604A60DAF8043003F001032B4348
:102780004046CAF80430FFF7E9FE6EE723680360AD
:10279000636843601B2A68D804F1080200F108034B
:1027A0004AE709EB05029A60ACEB050343F001032D
:1027B000536054F8043C03F001032B43404644F8B3
:1027C000043CFFF7CBFE27464FE750F8043C23F0CC
:1027D00003031E4451E75746DAF80C1057F8080F68
:1027E000321F242AC16088604CD8132A48D9216836
:1027F000CAF808106168CAF80C101B2A56D80834A9
:102800000AF110021E462368136063685360A368D0
:102810009360D1463C4630E7214601F021FA11E7AA
:10282000D0E902135746CB60996057F8081FDAF8D1
:102830000C30CB60321F242A99602DD8132A29D955
:102840002368CAF808306368CAF80C301B2A42D8DB
:1028500008340AF1100322681A6062685A60A2689C
:102860009A606646D1463C4607E7A3688360E36802
:10287000C360242A26D004F1100200F11003DBE625
:102880003A46BFE7214638461E46D14601F0E8F9F0
:102890003C46F2E63B46DEE7214638466646D146F0
:1028A00001F0DEF93C46E8E6E408FF1FA168CAF83B
:1028B0001010E168CAF81410242A20D010340AF14C
:1028C00018029FE7236903616169416104F11802FD
:1028D00000F11803B0E6A368CAF81030E368CAF83C
:1028E0001430242A21D010340AF11803B3E73A46F1
:1028F00033E72146384601F0B3F9164B33E7226936
:10290000CAF818206269CAF81C2018340AF120029B
:1029100078E7A168CAF81010E168CAF81410242AF0
:102920000DD010340AF1180217E72369CAF81830DD
:102930006369CAF81C3018340AF120038BE7226956
:10294000CAF818206269CAF81C2018340AF120025B
:1029500003E700BFE408FF1F2DE9F04F2DED048BC6
:102960009FB08846002192461A9100220021CDE9AD
:1029700004128346414619910F4611F8012B2D2A66
:102980005ED801A050F822F0232B0400412A040055
:10299000412A0400412A0400412A0400412A04007B
:1029A000412A0400412A0400412A04007729040036
:1029B0007729040077290400772904007729040087
:1029C000412A0400412A0400412A0400412A04004B
:1029D000412A0400412A0400412A0400412A04003B
:1029E000412A0400412A0400412A0400412A04002B
:1029F000412A0400412A0400412A0400412A04001B
:102A0000412A0400412A040077290400412A0400D5
:102A1000412A0400412A0400412A0400412A0400FA
:102A2000412A0400412A0400412A0400412A0400EA
:102A3000412A040019320400412A0400053204002E
:102A400000210891302A7CD0002307932F2A1446B6
:102A500040F24B854FF0000938464E464D4612E095
:102A60000130082D1990C8BF09EB89090478C6BF49
:102A700002EB4902A2F13009A3F130062F2C05F137
:102A8000010522466EDD06EB8603392C02EB43037B
:102A9000E6DDA949012201F05BFA002834D1199B37
:102AA0001A46013319935478002D40F0CC85302C10
:102AB00040F0A885C3F101029818013319931C78DE
:102AC000302CF9D0A4F13103082B00F24E83431CC3
:102AD000199F0C930023A4F1300E01253C460A9364
:102AE00006EB86060EEB46060020631C19936478FD
:102AF000A4F13001092900F2F88201308E46002944
:102B000040F0CF84199CF0E70020652C0A950C90CA
:102B1000864601D0452C32D1002D7AD1079B034344
:102B200076D19FED838BBAF1000F01D0CAF80080F7
:102B3000B0EE480AF0EE680A1FB0BDEC048BBDE8A9
:102B4000F08F7A7802F0DF02582A00F08A84013789
:102B500019973A78302AFAD0002A00F0DE80012353
:102B6000079373E77449012201F0F2F9002800F09D
:102B7000D7800A954FF0000ECDF830E07046002364
:102B80000D93002D00F091800A9A1346002A08BF89
:102B90002B4630460A93FEF791FB02460B46CDE9E1
:102BA0000423DDE90C23102DA3EB02032C46A8BF60
:102BB0001024092D099314DD604B03EBC40353E982
:102BC0001223FEF7F5FB0246484690468946FEF77B
:102BD00075FB02460B4640464946FEF733FACDE9FF
:102BE00004010F2D00F3B080099B002B00F05684E8
:102BF000099B40F39483162B40F31085099AC5F185
:102C00002503934280F24085099B2C1B1C44A1E0C4
:102C10000025DDF8648008F10103199398F801405C
:102C20002B2C00F09F822D2C00F02F820023099383
:102C3000A4F13003092B00F22382302C05D1199B1B
:102C4000013319931C78302CFAD0A4F13103082BEE
:102C500095D8199A0D92531C1993A4F13001547808
:102C60002F2C09DC00F050BC013319939CF8014073
:102C70002F2CA2F1300106DD01EB8102392C9C469C
:102C800004EB4202F0DD0D9A9B1A082B40F33C84C2
:102C900044F61F630D93099B002B3FF472AF0D9B0D
:102CA0005B420D93002D7FF46FAF079B034334D13C
:102CB000BEF1000F7FF435AF692C00F0408400F3C3
:102CC0004783492C00F03B844E2C7FF42AAF1C49EB
:102CD00019A802F013FC00283FF423AF199B1B78BE
:102CE000282B00F08585174801F03AFFB0EE408AA6
:102CF000F0EE608ABAF1000F02D0199BCAF80030DA
:102D0000089B002B3FF414AF18EE901A18EE102A0F
:102D100001F1004343EC182B0AE79FED058BE9E72F
:102D2000199B0A955A1C19925C780C90E0E600BF3A
:102D300000000000000000006CCE0400E820050048
:102D4000481D050000120500099B2C1B1C44002C8B
:102D500040F3268314F00F000AD0BF4901EBC001F5
:102D6000DDE90423D1E90001FEF722FBCDE90401EE
:102D700034F00F0340F07D82002307930A9A0096F7
:102D80002B463946584602F045FD1290002800F0C7
:102D90006283DDE90C315B1A0999CDF84CA000295A
:102DA000A8BF002300270C9321EAE173B846BA4676
:102DB0000F9307467968584602F0AAFC814600281E
:102DC00000F02D813A699DED048B0232920007F1EB
:102DD0000C010C30FAF708FAB0EE480AF0EE680A77
:102DE0001CAA1BA9584603F0D1F81A90002800F03D
:102DF00005810121584602F0B5FD8046002800F00B
:102E00000E811B9B002BC0F2FD800C9A0F9D9E181B
:102E1000079A1C9C9B1A2344904A013B9342C4F19D
:102E2000360480F2B080D21A1F2AA4EB020400F309
:102E30001F81012393400A9300230E93079B25448F
:102E40003444A6421D443346A8BF2346AB42A8BF24
:102E50002B46002B02DDE41AED1AF61A0C9B002B10
:102E600000F3AC80002C00F3C080099B002B00F322
:102E7000E080002D00F3CA80002E08DD4146324676
:102E8000584602F0ABFE8046002800F0C8801A9930
:102E90004A46584602F03CFF8246002800F0BF80B8
:102EA0000023C268C36041460D9202F00FFF002864
:102EB000C0F2728400F0FF834146504603F0D0F820
:102EC00055EC104B10EE100A00224FF080432946BB
:102ED000FEF7EAFC00285BD00D9B002B00F0E080A1
:102EE000059B0E935E4B5E4D0022CDE90A23002424
:102EF0000E9A5C4E5C4B16409E4200F0FC80079B95
:102F00008BB1B6F1D46F0ED84FA3D3E9002320467E
:102F10002946FEF7C9FC002840F093810B9B03F182
:102F2000D6639B1B0B93DDE90A01B0EE480AF0EE75
:102F3000680ACDE9040102F095FFDDE9040153ECD4
:102F4000102BFEF735FA53EC182BFEF77BF8CDE982
:102F500004010A91079B2BB9424B0A9A13409E42E7
:102F600000F00C811A99584602F0F8FB4946584681
:102F700002F0F4FB4146584602F0F0FB5146584639
:102F800002F0ECFB16E700230E9301230A9355E7AA
:102F9000364B204629460022FEF70AFA0D9B0446CE
:102FA0000D46002B79D101F1004310901193059B40
:102FB0000E93DDE91023CDE90A2399E741461A462D
:102FC000584602F0ABFD804648B301461A9A58466F
:102FD00002F0F6FC18B30D901A99584602F0BEFBA9
:102FE0000D9B1A93002C7FF740AF1A992246584642
:102FF00002F0F4FD1A9000287FF437AF5746DDF851
:103000004CA010E00F9A0C9ED51A01E749462A46BB
:10301000584602F0E3FD814600287FF42DAF574665
:10302000DDF84CA01A9822239FED098BCBF80030D5
:10303000D3E049460F9A584602F070FD81460028B9
:103040007FF417AFEBE700BF0000C0FFFFFFDF41D9
:10305000000000000000F07FE820050002FCFFFFF8
:103060000000F03F0000F07F0000E07F0000E03F44
:10307000C14AD31A012202FA03F30E930A92DDE643
:103080000023CDF864800D937BE50123099308F1BB
:103090000203199398F80240CAE5CDE9104586E786
:1030A000DDE90412002940F0BA80C2F313030E9246
:1030B000002B40F0BA80B14B002220462946FEF793
:1030C000E9FB002840F0B882AD4B2046294600229B
:1030D000FEF76EF901F1004304460D461690179372
:1030E000DDE91623CDE90A2302E7652C4FF0010E36
:1030F0003FF48FAD0EE5A2F1547305939DED047B73
:10310000DDE90A01B0EE470AF0EE670AB0EE479A31
:10311000F0EE679ACDE9040102F0A4FEDDE90401B6
:1031200053EC102BFEF744F953EC192BFDF78AFFF3
:10313000DFF860C2934B01EA0C0C9C45CDE9040119
:103140007AD918EE902A03F154739A4204D118EEFA
:10315000103A01333FF463AF8B4A4FF0FF33CDE9B0
:103160000432FFE60023099391E7652C00F0E98023
:10317000452C00F0E6804FF0010E96E520462946EA
:1031800007F004FDFEF7E6F80B4602462946204606
:10319000FDF756FF0D9C049D44EA050C0A9CC4F300
:1031A00013065CEA060304460D4600F0AF806CA3EC
:1031B000D3E90023FEF76EFB48B96BA3D3E90023E4
:1031C00020462946FEF784FB00283FF4CBAE9DED58
:1031D000048B57461A98DDF84CA00146584602F079
:1031E000BDFA4946584602F0B9FA4146584602F03F
:1031F000B5FA1299584602F0B1FA3946584602F02B
:10320000ADFA77E501220892791C19917A78002AA3
:103210003FF487AC0F4615E400220892F4E7DDE99D
:103220000412012900F078810E92584B534D002270
:10323000CDE90A2300245BE601F154730A93059358
:1032400088E629462046FEF78BFB012838BF01207F
:10325000FEF734F80D9B04460D46002B40F06C81C0
:1032600001F1004314901593DDE91423CDE90A23FD
:1032700054E6B3F59A7F00F3EE801C11102B444BFB
:10328000079340F3C9829846DDE904234FF0000C10
:10329000E14614F0010F104619464FEA640409F1A3
:1032A000010907D0D8E90023FEF782F84FF0010C9E
:1032B00002460B46012C08F10808EAD1BCF1000FC8
:1032C00001D0CDE90423079B03EBC901059BA3F1C2
:1032D00054730593DDE90423D1E90001FEF768F892
:1032E0002C4BCDE904010B400A462B498B4200F2DE
:1032F000B280A1F580118B4240F22D82224A4FF01C
:10330000FF33CDE904320023079337E518A3D3E94F
:103310000023FEF7BFFA00283FF424AE57E7163328
:10332000FFF612ADDDE90C329A1A1C4B03EBC20317
:10333000DDE90401D3E90023FEF764F941EC180B41
:10334000D8E400230A930C934FF0010EFFF7E6BB7D
:103350006E2C3FF4BCACFFF7E4BB00BFAFF30080C2
:103360009535A094FFFFDF3F35E5AF350000E03F26
:103370009535A094FFFFCF3FE2FBFFFF0000F03F39
:103380000000E03FFFFF9F7CFFFFEF7F0000F0BFEA
:10339000C02005000000F07F0000A07CE8200500B0
:1033A0003FF4EAAC644214F00F020AD0AE4B03EBD8
:1033B000C203DDE90401D3E90023FEF723F9CDE9D7
:1033C000040124113FF4D8AC1F2C3EDC14F0100390
:1033D00018BF6A230793DDE90423DFF8A8824FF0C2
:1033E000000C14F0010F1046194607D0D8E900234D
:1033F000FDF7DEFF4FF0010C02460B46641008F1AA
:103400000808EED1BCF1000F01D0CDE90423079BE1
:1034100093B1DDE90401C1F30A52C2F16B03002B41
:103420000ADD1F2B40F341820020342B049040F32F
:103430005A824FF05C730593DDE9040100220023FA
:10344000FEF71EFA00283FF499AC22239FED808BF3
:10345000CBF800304EE422239FED7F8BCBF8003079
:1034600048E40293089B01931AAB00937F4A1BAB7D
:1034700019A9584601F078FD10F00F0504463FF4F5
:103480004CAC062D7BD19FED728B0137BAF1000F4A
:103490003FF44EABCAF80070FFF74ABB9DED048BBA
:1034A00028E40C9B199C03440C93012805F10103AB
:1034B0001A4615D0284400F1FF3C03E046009C4525
:1034C0000DD001332A46082A1D4606EB8600F5D9A1
:1034D000102BDCBF09EB89094FEA4909EFE70232FB
:1034E000082D42DC1546FFF7FBBA61490122384638
:1034F00000F02EFD002800F0888000231D460A936E
:1035000099461E46FFF736BB44F61F639942A8BF93
:1035100019460D91FFF7BFBBDDE904120E92002A98
:103520007FF483AE5746DDF84CA01A9822239FED16
:10353000488BCBF8003050E6CDE9144594E64D4970
:1035400019A801F0DBFF00283FF4EBAA199B4A49B8
:10355000013B19A8199301F0D1FF10B9199B013350
:1035600019939FED3D8BFFF7C5BB102ADCBF09EB1C
:10357000890901EB490915460020FFF7B6BA1A9AE6
:103580003AB135211CA802F099FD1A99584602F06B
:10359000E5F8013D1B9B042D00F2BC81DFE805F03E
:1035A000032D2A1F03001C9A049203F233421D9B31
:1035B00023F4801343EA02530593E10502D543F057
:1035C000004305932D4A1A409DED048B002A7FF499
:1035D00091AB00F0EFFF22230360FFF78BBB4FF0AE
:1035E000FF336FF00040CDE90430E3057FF556AFBF
:1035F000059BE4E7214B0593F7E71C9B04931D9B78
:103600000593DAE70020FFF75DBA199B1A460133EC
:103610001993547806468146FFF749BA099812492A
:1036200001EBC001DDE90423D1E90001FDF7C0FE93
:1036300041EC180BFFF75EBB9FED097B104D8DED44
:10364000167B00244CE50A950C90FFF751BA00BF99
:103650000000000000000000000000000000F07FFB
:10366000000000000000E0BFE82005004C1D050040
:103670006CCE04003C1D0500401D05000000F07FDD
:103680000000E03F781D0500A34CC5F10F0504EBD9
:10369000C501DDE90423D1E90001FDF789FE099B9D
:1036A0005D1B04EBC504D4E90023FDF781FE41EC6A
:1036B000180BFFF71FBB0D9B5746DDF84CA0002BE6
:1036C00050D0DDE90445954BC5F3130199422A46D4
:1036D00000F0CC800E9B002B00F08380DDE904120B
:1036E0001342144623D0B0EE480AF0EE680A0D9B50
:1036F000002B00F0948002F0B5FB079B51EC100BFF
:103700006BB1C4F30A53C3F16B03002B07DD1C0537
:1037100004F17F53002203F54013FDF749FE0246F2
:103720000B4651EC180BFDF78DFC41EC180B079B79
:103730007BB151EC180B7A4B0022FDF739FE41ECBE
:10374000180B784B18EE902A134013B92223CBF8AC
:1037500000301A9841E502F1547305930023079352
:10376000FFF70CBBDDE90412C2F313030B4314464D
:10377000B0D1079B002B40F0BE806A4B2340A3F5DD
:1037800080136FEA13536FEA035305934FF0FF332F
:1037900004939DED048BCAE7DDE904010D9B03430F
:1037A0005746DDF84CA0C2D1C1F313030C46002BE1
:1037B000BDD121F000431B0D1B05B3F1D66FB6D967
:1037C0007B6913B93B69012BB1DD394601225846AB
:1037D00002F004FA4146074602F078FA0028A6DD16
:1037E000C7E7DDE904010A9B0342A0D00C467AE753
:1037F0004D4919A81CAA01F09DFE05287FF473AA63
:103800001D9B43F0FF4343F4E00305931C9B04938B
:103810009DED048BFFF76EBA4FF0000953E502F0FF
:1038200021FB079B51EC100B002B49D0C4F30A532A
:10383000C3F16B03002B07DD1C0504F17F530D9AC8
:1038400003F54013FDF7B4FD02460B4651EC180B8F
:10385000FDF7F6FB02460B4643EC182B0022002333
:10386000FEF70EF800283FF464AF5EE6079B04996C
:103870001BB32C4B2B40B3F1D46F1ED81B0DC3F1DF
:103880006B034FF0FF3000FA03F399427FF422AF4D
:10389000264B9A423AD0234B134003F580130593ED
:1038A000002304939DED048B41E74FF0FF3202FAB1
:1038B00003F3049A1A400492BEE54FF0FF33E4E7A5
:1038C0000B4610EE102A51EC180BFDF7B9FB02461F
:1038D0000B4643EC182B00220023FDF7D1FF0028F4
:1038E0003FF437AF21E6C2F14B024FF0FF33934074
:1038F0000B400593A0E50B4B2340B3F1D66F3FF788
:103900003EAFB3F15C7F3FF714AF0EE60131C2D199
:10391000FFF788BB002350E6E8200500FFFF0F00FB
:10392000000050390000F07F601D0500FFFFEF7FB1
:1039300010B4054C054B84460A4620685DF8044BDC
:103940006146FFF709B800BF900FFF1F000DFF1F72
:1039500013460A460146022001F00AB9024B1844F8
:10396000407800F008007047A01D0500024A034996
:10397000034800F0BBB800BFF40CFF1F797D0400C2
:10398000700EFF1F0C4B4168994210B5044601D0E0
:1039900004F0F2F9A168094B994202D0204604F0E4
:1039A000EBF9E168064B994204D02046BDE810408F
:1039B00004F0E2B910BD00BF2822FF1F9022FF1FB4
:1039C000F822FF1F2DE9F8432A4C2B4B2B48DFF838
:1039D000C090DFF8C0802A4F186000250423082219
:1039E000294604F15C00274E6566C4E90253C4E928
:1039F0000055C4E90455A56100F0AEF9224B636798
:103A00000822294604F1C400C4E90749C4E909872A
:103A1000C4E91A55C4E91E55C4F8CC502567C4F84A
:103A20008050E66200F098F9184BC4F8DC30294663
:103A300004F16803082204F59670C4F88430C4E9E0
:103A40002298C4E92476C4E93455C4E93855C4F849
:103A50003451C4F8D850C4F8E85000F07DF904F1AE
:103A6000D003C4E93C98C4E93E76C4F8EC30BDE824
:103A7000F88300BF2822FF1F6023FF1F6D39040059
:103A8000D93B0400F93B04000900010012000200C8
:103A9000753B0400993B040010B504460A4800F049
:103AA000B7FD636B23B9094B094A1B68626323B1F5
:103AB000BDE81040044800F0ADBDFFF783FFBDE84E
:103AC0001040014800F0A6BD7023FF1F6023FF1FB8
:103AD00085390400014800F09BBD00BF7023FF1F23
:103AE000014800F097BD00BF7023FF1F2DE9F84388
:103AF00080460F4616464FF00009D6E90154013DB5
:103B000011D4A389012B05F1FF3508D9B4F90E3082
:103B10000133214603D04046B84749EA00096B1CEF
:103B200004F16804EDD13668002EE6D14846BDE8C0
:103B3000F88300BF0EB410B59DB06FF000411FAB0D
:103B4000CDE906010491094953F8042B0290084C71
:103B50000868019302A9059402F01EFB029B002253
:103B60001A701DB0BDE8104003B07047900FFF1FE2
:103B70000802FFFF10B50C46B1F90E1000F0DCFC96
:103B8000002803DB236D0344236510BDA38923F4C0
:103B90008053A38110BD00BF2DE9F0410C46B1F95F
:103BA0000C101F46CB05054616460BD421F4805158
:103BB000A1813B46B4F90E1032462846BDE8F041DB
:103BC00000F0E2BCB4F90E100223002200F09EFCCB
:103BD000B4F90C10EAE700BF10B50C46B1F90E10AD
:103BE00000F094FCA389421C0EBF23F4805343F4DD
:103BF00080532065A38110BDB1F90E1000F074BC94
:103C0000032A70B514D940EA01039B0722D1044668
:103C10000B46194620460E680568B54204F10404B7
:103C200003F1040316D1043A032A20461946F0D8BA
:103C3000541E9AB1421E013901E0C3180CD012F88B
:103C400001EF11F801CFE645A4EB0203F5D0AEEB8E
:103C50000C0070BD541EEDE7184670BD104670BDD7
:103C600088420DD98B1883420AD900EB020CBAB1F5
:103C7000624613F801CD02F801CD9942F9D170479F
:103C80000F2A0ED8034602F1FF3C4AB10CF1010C99
:103C9000013B8C4411F8012B03F8012F6145F9D148
:103CA000704740EA01039B0750D1A2F1100370B5A1
:103CB00001F1200C23F00F0501F1100E00F11004AA
:103CC000AC441B095EF8105C44F8105C5EF80C5CB8
:103CD00044F80C5C5EF8085C44F8085C5EF8045C30
:103CE00044F8045C0EF1100EE64504F11004E9D12D
:103CF000013312F00C0F01EB031102F00F0400EB83
:103D0000031327D0043C24F003064FEA940C1E440E
:103D10001C1F8E465EF8045B44F8045FB442F9D180
:103D20000CF1010402F0030203EB840301EB8401B4
:103D300002F1FF3C4AB10CF1010C013B8C4411F83B
:103D4000012B03F8012F6145F9D170BD02F1FF3C51
:103D500003469BE72246EBE7830730B548D0541E65
:103D6000002A3FD0CAB2034601E0013C3AD303F82F
:103D7000012B9D07F9D1032C2DD9CDB245EA05259C
:103D80000F2C45EA054536D9A4F1100222F00F0C9C
:103D900003F1200EE6444FEA121C03F1100242E93F
:103DA000045542E9025510327245F8D10CF1010276
:103DB00014F00C0F03EB021204F00F0C13D0ACF153
:103DC000040323F003030433134442F8045B9342D7
:103DD000FBD10CF003042CB1C9B21C4403F8011B45
:103DE0009C42FBD130BD64461346002CF4D1F9E768
:103DF00003461446BFE71A46A446E0E730B4134D25
:103E000010F8014B2B5D03F00303012B11F8013B6C
:103E100015F803C00CF0030C224608BF04F1200281
:103E2000BCF1010F1C4606D0D21A0AD1002BE7D1F3
:103E3000204630BC70472033D41AE1D0204630BC35
:103E400070471446204630BC704700BFA11D0500D6
:103E500011F0FF01034644D0820732D110B5046847
:103E600041EA012E4EEA0E4E8EEA0402A2F101331F
:103E700023EA0203A4F1013222EA0402134313F0FD
:103E8000803F0FD150F8044F84EA0E0CA4F10133A7
:103E9000ACF1013223EA040322EA0C02134313F0CB
:103EA000803FEFD0037823B936E010F8013F002BB4
:103EB00032D09942F9D110BD8A4211D09A071846E2
:103EC000CCD0184613F8012B002AF5D110467047C4
:103ED0009907184607D0184601330278002AF7D10F
:103EE00070478207F7D10268A2F1013323EA020387
:103EF00013F0803F08D150F8042FA2F1013323EAD8
:103F0000020313F0803FF6D00378002BE8D010F8BE
:103F1000013F002BFBD17047184610BD30B4047828
:103F20009CB10D7884465DB10A462B4602E012F83A
:103F3000013F2BB1A342FAD1ACEB000030BC70477B
:103F40001CF8014F002CEED1F6E72046F6E700BF43
:103F5000002A3ED040EA01039B0730B584462FD1AA
:103F6000032A2DD90B4608E0043A8446194625D089
:103F70001EF0803F22D1032A22D90468194653F843
:103F8000045BA4F1013EAC4284462EEA040E00F12B
:103F90000400E9D09CF800000C78A0421BD1E64652
:103FA00068B11EF8010F11F8014FA2EB0E03A042F9
:103FB00003F1FF330FD11CEB0303F1D1002030BD1F
:103FC0009CF800000C78844205D1012AF6D0E64620
:103FD000E6E710467047001B30BD00BF40EA010312
:103FE0009B0730B501D1032A0FD8844601F1FF3E6B
:103FF00007E01EF8011F03F8011B541EC1B19C46C7
:1040000022466346002AF4D130BD0B468446194649
:1040100053F8045BA5F1013424EA050414F0803F51
:10402000E4D1043A032A4CF8045B1946EFD8DDE7E3
:104030009444002CE8D003F8011B6345FBD130BD4C
:10404000024A12680123503200F002B8900FFF1F9D
:10405000F0B4074610B33E468C4616F8010B01E05B
:10406000A04216D01CF8014B002CF9D1D8B116F89B
:10407000015B0C4601E0002BF9D014F8013B9D4296
:10408000F9D14DB1002306F8013C16603846F0BC6A
:1040900070475BB13746DEE72E46F6E71768002F1C
:1040A000D9D13846F3E7F0BC106070471660384647
:1040B0003B70ECE701292DE9F0415BD94FF0010895
:1040C000C64600244FF0FF35434608E0A3EB050841
:1040D0001C464FF0010E04EB0E038B4210D200EB96
:1040E0000E0CC75C1CF80560B742EFD332D04FF01E
:1040F00001082546C646444404EB0E038B42EED32A
:104100000127C2F80080BE4600244FF0FF363B4630
:1041100007E09F1B1C464FF0010E04EB0E038B4281
:1041200010D200EB060C10F803801CF80EC0E0451E
:10413000EFD817D001272646BE463C4404EB0E03B9
:104140008B42EED30136681C864201D3176030469D
:10415000BDE8F081C6450ABF74440EF1010E4FF070
:10416000010EB8E7BE450ABF74440EF1010E4FF0D0
:10417000010ED2E701270026E8E700BF2DE9F04F46
:104180009246ADF21C4D05AA81460F46504619468F
:104190001D46FFF78FFF134683460DF2144243F886
:1041A000045F9342FBD1002D00F0DF806C1E06AE51
:1041B0000AF1FF320AEB0400009612F8011FAB1A55
:1041C000013B5344824246F82130F6D105995A46C4
:1041D00051445046FFF714FD00286FD10BF1FF3317
:1041E0000393CBF1010380460646019309EB060ECB
:1041F000009A1EF8043052F82330DBB1B8F1000FFA
:1042000003D0059A9A4200D9AB1A1E444FF0000819
:104210007B1B9E42EAD909EB070045F4006103F0DD
:10422000D1FE07447B1B9E42E0D900200DF21C4DBD
:10423000BDE8F08FC3455B4638BF4346A34210D26A
:10424000591EF21851444A4402E00133A34208D2F5
:1042500012F8010B11F801CF8445F6D0019A1644EB
:10426000D3E7C345039B7ED906EB0B024A440AEB16
:104270000B01029602E0434515D0034612F8010DEA
:1042800011F8016D864203F1010C03F1FF30F2D009
:10429000029E634608F1010898450AD8059B1E4412
:1042A000A5EB0308B4E7434608F101089845029ED0
:1042B000F4D970460DF21C4DBDE8F08FA5EB0B0351
:1042C0005B4538BF5B46013305930BF1FF33019328
:1042D000CBF101030026029345F4006809EB0601C7
:1042E000009A0B5D52F823306BB11E447B1BB34226
:1042F000F4D209EB0700414603F064FE07447B1B40
:10430000B342EBD291E7A34514D2019B0BEB06021B
:104310000AEB030C4A445B4602E00133A34209D294
:1043200012F8010B1CF801EF8645F6D0029A1644EC
:104330001E44DBE7BBF1000F10D00BEB0600484436
:104340000AEB0B0201E0534508D012F801ED10F81A
:1043500001CDE6451346F6D0059BC6E708460DF2AB
:104360001C4DBDE8F08F5B4694E706AB4FF0FF3481
:1043700000932BE72DE9F0410D46097890B00446F3
:10438000002954D06A78002A00F08380AB78002B93
:1043900051D0E8782E68002800F082802B79002B1D
:1043A00057D0284600F06CFB064640F400712046CA
:1043B00003F008FE86425BD8FE2E00F28680801B4A
:1043C00027184022711C6846FFF7C6FC7EB16A1EA2
:1043D0005FFA86FC901912F8013F03F03F03403367
:1043E0006B44A91A6144824203F8401CF3D1013C9A
:1043F000A35D03F03F0340336B4413F8403C1C447F
:10440000A74203D239E04444A74236D314F806C089
:104410000CF03F0C0CF140030DEB030C2046324630
:1044200029461CF8408CFFF7EBFB0028EBD1204617
:1044300010B0BDE8F081007842EA014200E00C468D
:1044400040EA0343611C98B19A426078F7D1013C7D
:10445000EDE7227862B131BA01E099421ED042EA1A
:104460000323204614F8012F002AF6D1994215D0D3
:104470000024204610B0BDE8F081BB5DB819002BC8
:10448000F6D04FF4006103F09DFD0744BC42AED965
:10449000EEE710B0BDE8F041FFF7DABCC41EC6E796
:1044A000120442EA016242EA03232178024600E054
:1044B0002C4641EA0200651C02020029D8D0B3EB69
:1044C000002F6178F4D1023CB1E7014633462A4619
:1044D000204610B0BDE8F041FFF750BE014B93F805
:1044E00028017047000DFF1F38B5074D0022044614
:1044F00008462A60F8F796FF431C00D038BD2B68A9
:10450000002BFBD0236038BD6423FF1F38B50C4659
:10451000084D8446114620461A4600232B60644607
:10452000F8F78CFF431C00D038BD2B68002BFBD064
:10453000236038BD6423FF1F38B50C46084D844600
:10454000114620461A4600232B606446F8F768FFA0
:10455000431C00D038BD2B68002BFBD0236038BD36
:104560006423FF1F38B5074D0022044608462A6021
:10457000F8F73CFF431C00D038BD2B68002BFBD064
:10458000236038BD6423FF1F38B50C46084D8446B0
:10459000114620461A4600232B606446F8F766F958
:1045A000431C00D038BD2B68002BFBD0236038BDE6
:1045B0006423FF1F014B1868704700BF900FFF1F57
:1045C00070B50D4E0D4D761BB61006D0002455F873
:1045D000043B01349847A642F9D1094E094D761B98
:1045E0000DF07EFEB61006D0002455F8043B0134D1
:1045F0009847A642F9D170BDEC220500EC220500D7
:1046000004230500EC220500704700BF704700BF7F
:10461000704700BF704700BFFFFFFFFFFFFFFFFFB6
:10462000A2EB0300704700BF02780B78012A28BF75
:104630009A42F5D16DE9044540EA0104CDE90267EB
:104640006FF0000C4FEA447212B380EA010414F0D8
:10465000070F6AD100F0070420F0070004F00305FB
:1046600021F007014FEAC505F0E8042314F0040F18
:10467000F1E804670CFA05F462EA040266EA04064B
:104680000AD063EA0403624667EA0407664603E069
:10469000F0E80423F1E8046782FA4CF582EA0604A4
:1046A000A4FA8CF46CBB83FA4CF583EA0705A5FAEF
:1046B0008CF595B950E9022351E9026782FA4CF56D
:1046C00082EA0604A4FA8CF483FA4CF583EA07051F
:1046D000A5FA8CF52543DBD09CB92DBAB5FA85F443
:1046E00024F0070427FA04F1DDE9026723FA04F352
:1046F00003F0FF0001F0FF01FDE80445A0EB01001D
:10470000704724BAB4FA84F424F0070426FA04F1BA
:10471000DDE9026722FA04F202F0FF0001F0FF0176
:10472000FDE80445A0EB0100704714F0030F3CD1F5
:1047300010F0030428D150F8082B51F8083B82FAF6
:104740004CF582EA0305A5FA8CF55DB950F8042C06
:1047500051F8043C82FA4CF582EA0305A5FA8CF57F
:10476000002DE8D02DBAB5FA85F424F0070423FA19
:1047700004F122FA04F202F0FF0001F0FF01FDE86B
:104780000445A0EB010070474FEAC40420F0030089
:1047900050F8082B21F0030151F8083B0CFA04F4FF
:1047A00062EA040263EA0403C9E710F003041AD0C2
:1047B000A1EB040120F00300E40750F8042B06D01D
:1047C0000FD28B785FFAA2F4E41A06D12BB1CB7822
:1047D0005FFAB2F4E41A00D11BB920465DF8104B21
:1047E000704701F1040150F8042BCC0721F00301BC
:1047F00051F8043B48D824D222F07F4482FA4CF589
:1048000094EA1325A5FA8CF50AD165B951F8043B51
:1048100084EA0204B4EB036F0ED150F8042BEBE7EB
:104820004FEA132355E035F07F454DD10878FDE878
:104830000445C0F1000070474FEA126203F0FF0325
:1048400047E002EA1C4482FA4CF594EA1345A5FAC3
:104850008CF50AD165B951F8043B84EA0204B4EB43
:10486000034F0CD150F8042BEBE74FEA134330E031
:1048700015EA1C4528D10B884FEA124229E04FEA7D
:10488000124203EA1C4324E002F0FF0482FA4CF5D2
:1048900094EA1365A5FA8CF50AD165B951F8043B81
:1048A00084EA0204B4EB032F09D150F8042BEBE7A0
:1048B0004FEA13630DE015F0FF0F05D10B684FEAC7
:1048C000122223F07F4304E04FF00000FDE804458E
:1048D000704712BA1BBA82FA4CF482EA0304A4FAB3
:1048E0008CF5B5FA85F402FA04F203FA04F34FEA00
:1048F0001260FDE80445A0EB1360704780EA0102F6
:10490000844612F0030F4FD111F0030F32D14DF84E
:10491000044D11F0040F51F8043B0BD0A3F1013208
:104920009A4312F0803F04BF4CF8043B51F8043B1B
:1049300016D100BF51F8044BA3F101329A4312F093
:10494000803FA4F101320BD14CF8043BA24312F09A
:10495000803F04BF51F8043B4CF8044BEAD0234697
:104960000CF8013B13F0FF0F4FEA3323F8D15DF849
:10497000044B704711F0010F06D011F8012B0CF811
:10498000012B002A08BF704711F0020FBFD031F889
:10499000022B12F0FF0F16BF2CF8022B8CF8002010
:1049A00012F47F4FB3D1704711F8012B0CF8012B93
:1049B000002AF9D1704700BFFFFFFFFFFFFFFFFF95
:1049C00001F0FF01102A2BDB10F0070F08D010F8C0
:1049D000013B013A8B422DD010F0070F42B3F6D1C4
:1049E000F0B441EA012141EA014122F007047FF0DD
:1049F00000070023F0E80256083C85EA010586EA34
:104A0000010685FA47F5A3FA87F586FA47F6A5FA6F
:104A100087F68EB9EED1F0BC01F0FF0102F007027B
:104A200032B110F8013B013A83EA010313B1F8D126
:104A30000020704701387047002D06BF3546033807
:104A4000073815F0010F07D1013015F4807F02BF40
:104A5000013015F4C03F0130F0BC0138704700BF91
:104A6000FFFFFFFFFFFFFFFFFFFFFFFFFFFFFFFF56
:104A7000FFFFFFFFFFFFFFFFFFFFFFFFFFFFFFFF46
:104A800090F800F06DE9024520F007016FF0000C8E
:104A900010F0070491F820F040F049804FF0000436
:104AA0006FF00700D1E9002391F840F000F1080011
:104AB00082FA4CF2A4FA8CF283FA4CF3A2FA8CF349
:104AC0004BBBD1E9022382FA4CF200F10800A4FAB0
:104AD0008CF283FA4CF3A2FA8CF3E3B9D1E9042304
:104AE00082FA4CF200F10800A4FA8CF283FA4CF33B
:104AF000A2FA8CF37BB9D1E9062301F1200182FAF5
:104B00004CF200F10800A4FA8CF283FA4CF3A2FAFA
:104B10008CF3002BC6D0002A04BF04301A4612BA08
:104B2000B2FA82F2FDE8024500EBD2007047D1E90B
:104B3000002304F00305C4F100004FEAC50514F09A
:104B4000040F91F840F00CFA05F562EA05021CBF6B
:104B500063EA050362464FF00004A9E7FFFFFFFF89
:104B60009FED010B704700BF000000000000F87FC0
:104B70002DE9F047DFF87CA00646DAF800009846F9
:104B80000F469146FFF744FD184B1C6824B3656837
:104B90001F2D24DC5EB96B1C0235DAF8000063605F
:104BA00044F82570FFF736FD0020BDE8F08704EBE0
:104BB00085010123C1F88890D4F88821AB401A43BD
:104BC000022EC4F88821C1F80881E4D1D4F88C21E0
:104BD0001A43C4F88C21DEE7054C1C60D7E7DAF8ED
:104BE0000000FFF717FD4FF0FF30DEE70425FF1F41
:104BF0007423FF1F940FFF1F024B13B1024800F0F4
:104C000005B8704700000000F17F04000023014652
:104C10001A461846FFF7ACBFF8B5244F0C460646B7
:104C2000FDF796FCBB685D68C4F57E610F3125F029
:104C300003054B1923F47F6323F00F03A3F580547E
:104C4000B4F5805F07DB00213046FFF78BFCBB68C3
:104C50002B44984204D03046FDF780FC0020F8BD7C
:104C600061423046FFF77EFC01300DD0104ABB6830
:104C70002D1B45F001055D60136830461B1B13605A
:104C8000FDF76CFC0120F8BD00213046FFF76AFCFF
:104C9000BA68831A0F2BDEDD43F001035360054B26
:104CA00003491B68C01A0860D5E700BFE408FF1F6E
:104CB000F421FF1FEC0CFF1F002961D0F8B50C4652
:104CC0000646FDF745FC54F8042C7B4FA4F108057B
:104CD00022F0010105EB010CB868DCF804306045F6
:104CE00023F0030300F08B80D207CCF8043032D4D9
:104CF00054F8082CAD1A1144AA6807F10800824242
:104D00006AD00CEB0304D4F804E0EC68D4601EF025
:104D1000010FA26000F0978041F001036B60CCF8B6
:104D20000010B1F5007F35D27868CB08012249091F
:104D300001338A40024357F833107A6007EBC3020D
:104D4000083AC5E9021247F83350CD603046BDE855
:104D5000F840FDF703BC0CEB03025268D00710D4F7
:104D6000194407F10800DCF80830834273D0DCF8FE
:104D70000C20DA60936041F001036B606950D0E76A
:104D8000704741F00103B1F5007F44F8043CCCF8D2
:104D90000010C9D3B1F5206F4FEA512348D28B09D7
:104DA00003F1390003F13802C300F818FB58083842
:104DB000984259D05A6822F003028A4202D99B686D
:104DC0009842F7D1D868C5E902308560DD60304689
:104DD000BDE8F840FDF7C2BB0CEB03025268D207F6
:104DE00063D40B44DCE90212CA60916043F0010213
:104DF0006A603046EB50BDE8F840FDF7AFBB0B44AE
:104E0000D10707D454F8082CAD1A1344D5E902127F
:104E1000CA60916043F001026A60284ABD6012686E
:104E20009A4293D8264B30461968FFF7F5FE8DE776
:104E3000142B0AD9542B1FD80B0B03F16F0003F16D
:104E40006E02C300B1E719448DE703F15C0003F182
:104E50005B02C300A9E741F00103C7E90455C5E9B6
:104E600002006B60695071E779689210012404FABE
:104E700002F20A437A60A6E7B3F5AA7F06D8CB0B05
:104E800003F1780003F17702C3008EE740F2545239
:104E9000934206D88B0C03F17D0003F17C02C30022
:104EA00083E74FF47E737E227FE741F001036B605E
:104EB000CCF800104AE700BFE408FF1FF00CFF1F0A
:104EC0002422FF1F2DE9F0410469B4EB611F2FDD9F
:104ED00000F1140E4E1111F01F0C0EEB84050EEBB9
:104EE00086032BD05EF8261004339D4221FA0CF184
:104EF000CCF1200818D977461A6802FA08F20A435A
:104F000047F8042B53F8041B9D4221FA0CF1F3D807
:104F1000A31B9B00053B9B0801330EEB83044EF85B
:104F20002310C9B1043417E0416174460029F9D156
:104F30000023036100234361BDE8F0819D4288BFE7
:104F400000F11002F4D953F8041B42F8041F9D42EB
:104F5000F9D8A41B0EEB8404A4EB0E039B1074453C
:104F60000361E7D0BDE8F0812DE9F04F2DED028B14
:104F70000C688B46A17885B0302908EE100A92465D
:104F8000029340F0CE816FF00100001BE21C8318F9
:104F9000144612F8011B3029F9D0DFF8008318F805
:104FA0000120002A00F0E5802278002718F802206E
:104FB0003D4626462AB116F8012F18F80220002A8D
:104FC000F9D1B549019301223046FEF7C1FF019B9B
:104FD000814600284DD0002D4ED13278A94602F0EE
:104FE000DF02502A354650D0CBF80060002F69D13F
:104FF0002B1B013B072B394604DD5B10072B01F10E
:105000000101FADC18EE100A00F082FB834600284A
:1050100000F0668200F11406AC42019680F0D28165
:105020000027CDF80C909C49A1463C460CE0202F6F
:1050300019D0384604372A7818F8022002F00F02F7
:10504000824014434D4547D015F8012D2E2AEED14C
:105050004D45ECD301222846FEF77AFF8E49002801
:10506000F0D0202FE5D1002046F8044B0427044659
:10507000E1E7002D00F04281327802F0DF02AD1B43
:10508000502A4FEA85093546AED16A782B2A00F0BE
:1050900025812D2A00F0A5806E1C002018F8021032
:1050A0004A1E182A00F29B80727818F802201039E4
:1050B0000136002A5AD100B149428944CBF8006038
:1050C000002F95D0002B14BF00250625284605B0DB
:1050D000BDEC028BBDE8F08FDDF80C90234646F85E
:1050E000043B1846019BF61AB610CBF8106000F08E
:1050F000E9FB7601DAF80040301AA04275DCC0F214
:10510000EF800027DAF808304B45C0F25181DAF819
:1051100004304B454ADDA3EB09094C4500F382807E
:10512000DAF80C20022A00F06581032A00F0818160
:10513000012A00F06F8118EE100A594600F00EFBAC
:105140005025109A00232846136005B0BDEC028B51
:10515000BDE8F08F01EB810102EB4102A2F11001E9
:1051600016F8012F18F80220002AA4D0192AF1DD20
:10517000A1E74949019301222046FEF7E9FE019B80
:1051800000286DD1617818F80120651C002A69D0CB
:1051900030292C4605D114F8013F302BFBD018F8EC
:1051A0000320B2FA82F77F09012302E7012557B1F4
:1051B000DAF80C30022B5DD0032B5FD0012B00F00E
:1051C000848045F01005109BC3F800B0029B284670
:1051D000C3F8009005B0BDEC028BBDE8F08F2E4601
:1051E00002E70120AA78AE1C58E7061B3146584654
:1051F00000F092FF074678B1721E53110199012702
:1052000051F8231002F01F0307FA03F30B4203D0F7
:10521000BA4200F3E280022731465846B144FFF714
:1052200051FE6FE709F1FF35002F40F0CE80002DD1
:1052300040F0CD806B11019A05F01F0552F8232034
:105240000123AB4013424946584618BF47F00207B6
:10525000A4EB0904FFF736FE0225DAF80490A6E76E
:105260002178254601F0DF01502900F0BF80CBF8FE
:10527000005027E7119BC3F101031193119B002BF1
:105280009FD0DBF81070DDF80480BA00434601922D
:1052900008EB8700002107E06CCE0400601F0500CA
:1052A000984243F8041C3FD91E4653F8042BB2F130
:1052B000FF3FF5D00132022D326000F0BF8014F0C4
:1052C0001F0440F0E78021257DE7BA077FF579AF1D
:1052D000019B1B681F43FB07D3D472E7002081E7C3
:1052E000221A594618EE100AA9EB020900F076FCC2
:1052F00000F1140383460193002703E7727818F83E
:105300000200711C002800F0A0800D4611F8012F4A
:1053100018F802000028F8D1751B4FEA85090E46DF
:105320005DE60234002338E6DBF808309F4280F265
:105330008E803B460BEB830201210133022DCBF81B
:10534000103051617AD09F42B9DA002B40F39B8034
:10535000DBF8142008EB83030BF1180083424FEABB
:10536000520240F2B1804446016842EAC17244F8F8
:10537000042B50F8042B83424FEA5202F4D8A3EBDB
:105380000B03193B9B08013348F8232008EB8303E8
:10539000002A40F09D80A3EB080292104345CBF811
:1053A000102073D0DAF8083009F101094B458ADA88
:1053B00018EE100A594600F0D1F9109A0023136034
:1053C000A32583E6019E002389E6012732E72946CB
:1053D000584600F0A1FE07462CE7B11E584600F0E3
:1053E0009BFE00283FF417AF032715E74FF0000995
:1053F00001274AE6119A002A7FF49DAE02990B60BC
:10540000019B0122CBF810201A60109B6225C3F883
:1054100000B05BE64C457FF48EAE012CEED0611EF1
:10542000584600F079FE00283FF485AEDAF80430E3
:10543000E4E7119A002A3FF47EAEDFE7DAF80030A5
:10544000013BA34234D02225BDE60E46C7E5DBF87A
:10545000041018EE100A013100F05AF90646C8B3DC
:10546000DBF8103002339A000BF10C010C30F7F727
:10547000BBFE594618EE100A00F070F906F1140848
:105480003369B34656E70023CBF810300023CBF83E
:10549000143087E7019B4344C4F1200453F8040C03
:1054A00000F010FAA042BFF60EAFDBF810304CE768
:1054B000631104F01F0458F823200123A340134272
:1054C0000CBF222521257EE6C8F8002043466AB19C
:1054D000043360E7074B08483246842102F0D2FDCE
:1054E000044B05485A46E42102F0CCFDCBF81020CD
:1054F000CCE700BFE81E0500FC1E050010B40468E0
:1055000009E014F8013FA3F1410CBCF1190F98BF59
:105510002033934209D111F8012B002AF1D1013433
:10552000046001205DF8044B704700205DF8044BD7
:10553000704700BF2DE9F04F096885B04B1111F09D
:105540001F01029002EB8303039140F08F801D1F27
:105550000193029B01991C68002341F8043C617887
:105560000134002900F09880DFF87491A846AC4619
:105570009A461E460EE0202900F28C80564506DD34
:10558000C44501D2072B5BDD624551D3082314F8D3
:10559000011FA1B119F801000028ECD00133082B3C
:1055A00006F101063ADCDCF80010090100F00F00FA
:1055B0000843CCF8000014F8011F0029EAD1002E9E
:1055C0006AD0C44501D2072B74DD624552D2111F47
:1055D000634653F8040B41F8040FAB42F9D9A5EB2D
:1055E0000C0323F00303691C04330CF1010C614527
:1055F00038BF04231344002143F8041BAB42FBD9FA
:10560000019B53F8043C2BB9AA4249D055F8043DFC
:10561000002BF9D0052005B0BDE8F08F6245B6D269
:1056200000234CF8043C1946ACF1040C0123BDE7FF
:105630000023ACF104084CF8043CB246C446A6E78B
:10564000C3F10801DCF800308900C1F1200E60468A
:105650009B46476807FA0EF343EA0B0327FA01FB60
:10566000036040F804BF4045F3D38DE7191D019155
:105670001D466EE7039B002BC2D0039B0198C3F12C
:1056800020014FF0FF33CB4050F8041C0B4040F892
:10569000043CB8E7292909D0042005B0BDE8F08F03
:1056A000012305202B6005B0BDE8F08F029901347D
:1056B0000C6084E7DCF80010C3F108039B00C3F121
:1056C000200764460846666806FA07F1014326FA91
:1056D00003F0216044F8040F4445F4D375E700BF9C
:1056E000601F050082B049B15AB16BB113780B60ED
:1056F0001278101E18BF012002B0704701A9002ABD
:10570000F3D1104602B070476FF00100F4E700BF1C
:10571000436C70B505460C464BB153F8240080B17C
:10572000026843F824200023C0E9033370BD21221E
:10573000042102F0C7FC034668640028EDD1002074
:1057400070BD012101FA04F6721D9200284602F094
:10575000B9FC0028F3D0C0E90146E4E731B1436C5D
:105760004A6853F82200086043F82210704700BFCF
:105770002DE9F0410E6980460F461D4601F1140ED9
:105780000020DEF800108CB202FB0453090C4FEA33
:10579000134C02FB01CC01309CB204EB0C4486425A
:1057A0004EF8044B4FEA1C45EBDC3DB1BB68B342FD
:1057B00007DD07EB860301365D613E613846BDE8D3
:1057C000F081796840460131FFF7A2FF0446B0B18D
:1057D0003A69023207F10C0192000C30F7F704FD30
:1057E000D8F844307A6853F82210396043F82270B0
:1057F000274607EB860301365D613E61DEE7034B1A
:1058000003482246BA2102F03DFC00BFE81E050015
:10581000602005002DE9F8431746274A1E46083345
:105820000C46092E82FB03124FEAE3730546C3EBD5
:10583000620339DD4FF0010C00214FEA4C0C634547
:1058400001F10101F9DC2846FFF762FF014668B368
:10585000089B4361092F4FF00103036112DC0A34F6
:105860000927BE420BDDF21BA61814F8013B0A22E1
:10587000303B2846FFF77CFFA6420146F5D108469B
:10588000BDE8F88304F10909C8463C4418F8013B17
:105890000A22303B2846FFF76BFFA0450146F5D1B1
:1058A000A7F108044C44DCE70021CCE70A46034B8F
:1058B0000348D32102F0E6FB398EE338E81E0500E9
:1058C00060200500030C1B04D3B90004102310F062
:1058D0007F4F04BF0002083310F0704F04BF000177
:1058E000043310F0404F04BF80000233002805DB72
:1058F00010F0804F03F1010308BF202318467047C2
:105900000023E4E7036813F0070208D0D9071FD487
:105910009A0722D55B08036001221046704799B2AE
:1059200009B91B0C1022D9B209B908321B0A190790
:1059300004BF1B090432990704BF9B080232D90730
:1059400003D45B0802F1010205D0036010467047E2
:105950000022104670472022DFE79B0802220360E6
:105960001046704738B5436C04460D464BB1586835
:10597000B0B102685A6000220123C0E90435C26058
:1059800038BD2122042102F09DFB034660640028FB
:10599000EDD1094B0948002240F2451102F072FB9B
:1059A0001C220121204602F08DFB0028F1D00122AB
:1059B0000223C0E90123DEE7E81E050060200500A0
:1059C0002DE9F04F0E691569AE4285B08846144640
:1059D00005DB2A46234635460C4616469846A368FC
:1059E0006168AF19BB42B8BF0131FFF791FE01906A
:1059F000002800F08780019B03F1140909EB870A56
:105A0000D14505D24B46002243F8042B9A45FBD8DA
:105A100008F1140808EB860B04F11403D8451A4664
:105A200003EB85055FD22B1B153B23F003030433E7
:105A30001534A54238BF0423CDE902A7AC461F4662
:105A4000924605E0090C29D1C34509F1040948D95A
:105A500058F8041B8DB2002DF4D056464C46002356
:105A600056F8041B22681FFA81FE90B2090C05FB50
:105A70000E00120C034405FB012202EB13429BB201
:105A800043EA0243B44544F8043B4FEA1243E7D8E3
:105A900049F8073058F8041C090CD5D0D9F8003063
:105AA00050461A464C4600260588120C01FB05227A
:105AB00016449BB243EA064344F8043B50F8045BA7
:105AC00022682D0C93B201FB053303EB164384458A
:105AD0004FEA1346E8D8C34549F8073009F10409ED
:105AE000B6D8DDE902A7002F02DC05E0013F03D0B4
:105AF0005AF8043D002BF9D0019B18461F6105B0F0
:105B0000BDE8F08F034B0448019A4FF4B17102F0E5
:105B1000B9FA00BFE81E05006020050012F003037B
:105B20002DE9F0411446064632D10D46A41020D08E
:105B3000D6F84080B8F1000F33D0E3074FF00007EC
:105B400007D4641015D0D8F80000A8B18046E30748
:105B5000F7D5424629463046FFF732FFB5B16968AE
:105B6000736C641053F821202A6043F821500546D5
:105B7000E9D12846BDE8F081424641463046FFF76C
:105B80001FFFC8F8000007608046E0E70546D8E739
:105B9000013B0F4A52F823200023FFF7E9FD054699
:105BA000C4E701213046FFF7B3FD804640B1012331
:105BB00040F27122C0E90432002330640360BCE784
:105BC000044B0548424640F2451102F05BFA00BF23
:105BD000B0210500E81E0500602005002DE9F04712
:105BE0000D4614462F69AB68496807EB62177E1CA7
:105BF0009E4280464FEA621904DD5B009E4201F13D
:105C00000101FADC4046FFF783FD8446002852D0AC
:105C1000B9F1000F00F114020EDD09F105014FEAA0
:105C2000810E134600EB8101002043F8040B8B42E8
:105C3000FBD1AEF114031A44296905F1140314F0E1
:105C40001F0E03EB81012ED0CEF1200910464FF03C
:105C5000000A1C6804FA0EF444EA0A0440F8044BF3
:105C600053F8044B994224FA09FAF2D84B1B153B1E
:105C700023F00303043305F11500814238BF0423E8
:105C8000BAF1000F18BF374642F803A0D8F84430E5
:105C90006A68CCF8107053F822102960604643F807
:105CA0002250BDE8F087043A53F8040B42F8040F81
:105CB0009942F9D8EAE7034B034862464FF4EF7183
:105CC00002F0E0F9E81E0500602005000B6984463B
:105CD0000069C01A16D10CF1140C14310CEB8302BC
:105CE00010B401EB830301E0944508D252F8044D4F
:105CF00053F8041D8C42F7D005D24FF0FF305DF809
:105D0000044B7047704701205DF8044B704700BF9B
:105D10002DE9F84F0F691369FF1A002F0E469046C0
:105D20007FD101F11405143202EB830205EB8303EA
:105D300001E09D4278D253F8041D52F8044DA1426F
:105D4000F7D069D37168FFF7E3FC8146002877D06C
:105D50003569D8F81020C76008F1140E06F1140058
:105D600009F1140A06F110010EEB820200EB85071F
:105D700056464FF0000C5EF8044B51F804BFA3B236
:105D80001CFA8BFCACEB03034FEA144CCCEB1B4C22
:105D90000CEB234C9BB243EA0C43724546F8043BA0
:105DA0004FEA2C4CE7D8A2EB0801153908F1150889
:105DB000424521F0030404F1040438BF04242044C4
:105DC00021F0030238BF002287425244544418D9BC
:105DD0002646014651F8043B1CFA83FC4FEA2C424C
:105DE00002EB13421FFA8CFC4CEA02438F4246F846
:105DF000043B4FEA224CEDD8013F3F1A27F003073E
:105E0000E21923B952F8043D013D002BFAD0C9F83C
:105E100010504846BDE8F88F33460127464698465D
:105E200090E7F9DB00278DE70021FFF771FC814641
:105E300068B101220023C9E904234846BDE8F88F70
:105E4000064B07484A4640F2452102F01BF9034B36
:105E500003484A4640F2372102F014F9E81E0500D3
:105E60006020050082B08DED000B164B019A1340A7
:105E7000A3F15073002B06DD00221946104641ECB9
:105E8000100B02B070475B42B3F1A07F4FEA235280
:105E900009DA4FF40023134100221946104641EC61
:105EA000100B02B07047A2F114031E2BDABF4FF0A3
:105EB0000042DA40012200231946104641EC100B43
:105EC00002B070470000F07FF8B5046900F11406D5
:105ED00006EB8404271F54F8045C2846FFF7F2FC05
:105EE000C0F120030A280B601BDDBE420BD20B3829
:105EF00054F8081C2ED145F07F5343F440130A4652
:105F000043EC102BF8BDB0F10B01F4D005FA01F110
:105F100041F07F53002143F440130A4643EC102B19
:105F2000F8BDC0F10B0C25FA0CF1BE4241F07F53D5
:105F300038BF54F8081C00F1150034BF21FA0CF1E9
:105F4000002105FA00F0014343F440130A4643ECF4
:105F5000102BF8BDC0F1200C854021FA0CF345EA66
:105F60000307A4F10805AE4201FA00F13CBF54F862
:105F70000C0C20FA0CF047F07F5338BF014343F478
:105F800040130A4643EC102BF8BD00BF2DE9F04347
:105F9000884683B0012157EC106B1546FFF7B8FB1C
:105FA0000446002851D0C7F30A59C7F31303B9F1C7
:105FB000000F01D043F48013002E019318D101A8E3
:105FC000FFF7A0FC019A6261012200F12003226127
:105FD000B9F1000F25D0A9F2334909EB030220469D
:105FE000C3F13503C8F800202B6003B0BDE8F0838F
:105FF00068460096FFF786FC034610B3DDE9000211
:10600000C3F1200102FA01F10143DA40616101921A
:10601000002AA26114BF022201222261B9F1000FFD
:10602000D9D1A3F23243C8F8003004EB82031869D7
:10603000FFF748FCC0EB421320462B6003B0BDE8DD
:10604000F083009A6261019AE2E7034B034822461B
:1060500040F20F3102F016F8E81E0500602005003E
:106060002DE9F04383B00E4669460746FFF72CFF43
:1060700001A9304655EC104BFFF726FF33693A690A
:10608000D21ADDE900315B1A03EB4213002B51EC0D
:10609000100B0DDD05EB03594D4602460B4620461D
:1060A0002946FBF7AFFA41EC100B03B0BDE8F083D3
:1060B000C3EB033301EB03573946EEE701394911CE
:1060C00001F1010C116902F1140303EB81018B4210
:1060D00000EB8C0C17D210B5A0F1040E53F8044B52
:1060E0004EF8044F9942F9D88A1AA2F1150323F009
:1060F000030304331844844504D9002340F8043BC7
:106100008445FBD810BD844505D9002340F8043BE5
:106110008445FBD87047704703694A11934200F1E8
:10612000140009DA00EB830302E053F8042DC2B92E
:106130008342FAD80020704710DD11F01F010DD006
:1061400010B450F8224000EB820324FA01F28A4096
:1061500094420CD001205DF8044B704700EB8203A1
:10616000E6E70120704753F8042D002AF2D183425C
:10617000F9D800205DF8044B704700BF49B1FF2AF1
:1061800002D80A70012070478A2303604FF0FF3065
:1061900070470846704700BF2DE9F04F2DED068B84
:1061A000D3B00C460AEE101A90460893824601F0CE
:1061B0001BFF036813931846FEF762FC0822119038
:1061C000002122A8FDF7C8FDA3891F0603D5236976
:1061D000002B00F052879FED847B0023CDE927330D
:1061E000CDE91433CDE916338DED0E7B29AA0D933D
:1061F00026929146129304934446A0467C4BD3F8D2
:10620000E450FEF76BF9034622A8009042461EA90F
:106210005046A847002800F0B080C0F2A6801E9A21
:10622000252A034601D09844E8E7B8EB0407064660
:1062300040F0A78000234FF0FF328DF86F309B466F
:10624000069308F1010898F8003003922B252026C8
:1062500008F10108A3F120025A2A00F2CB80DFE8FE
:1062600012F0F302C900C900EE02C900C900C9005A
:106270006A00C900C90014029002C9001F02D402BA
:10628000C900CF025B005B005B005B005B005B0052
:106290005B005B005B00C900C900C900C900C90000
:1062A000C900C9004C01C900950129024C014C01EB
:1062B0004C01C900C900C900C9002402C900C900B5
:1062C000A202C900C900C900BD01C900B502C900C8
:1062D000C900EF06C900C900C900C900C900C9004A
:1062E000C900C9004C01C9009501EE014C014C01E7
:1062F0004C018302EE017F00C9009502C9006B02C8
:10630000EC063E027F00C900BD017C00C606C90044
:10631000C900CA06C9007C00A3F13002002118F8A8
:10632000013B01EB810102EB4101A3F13002092A9B
:10633000F5D906918EE7504601F056FE4368169354
:106340001846FEF79DFB17900746504601F04CFE9D
:1063500083681493002F40F0D08598F8003077E7D9
:1063600098F800304BF0200B72E70822002122A899
:10637000FDF7F2FC0123984440E7B8EB040706461A
:1063800011D0289B3B442893279B0133072BC9E955
:10639000004727931CDC09F10809049B3B44049344
:1063A000002E7FF447AF289B002B41F019821AEE94
:1063B000103AB3F90C3013F0400F049B18BF4FF0A4
:1063C000FF330493049853B0BDEC068BBDE8F08F07
:1063D0001AEE101A26AA504602F02AFF0028E6D12B
:1063E0000DF1A409D9E700BF000000000000000083
:1063F000000DFF1F0A93002BD5D000228DF8E4304A
:1064000001238DF86F2002930792059303920C925B
:1064100010920B9239AC1BF0020302D002990231A8
:1064200002911BF08401099105D1069902980F1A77
:10643000002F00F38783289E82B10122C9F804202F
:10644000279A013201360DF16F01072A289627920B
:10645000C9F8001000F3BF8309F1080983B1279B35
:106460001CAA01330236C9F80020072B4FF00202A4
:1064700028962793C9F8042000F3C28309F108097C
:10648000099B802B00F08682039B059A9F1A002FA0
:1064900000F3C0821BF4807F40F02282059BC9F884
:1064A00004301E44279BC9F800400133072B28966F
:1064B000279300F33B8309F108091BF0040F05D073
:1064C000069B029A9C1A002C00F3A783049B069A51
:1064D00002998A42ACBF9B185B180493002E40F0CF
:1064E000CD8200232793079B1BB107995046FEF7E7
:1064F000E3FB0DF1A40944467FE60A93089B0733AA
:1065000023F00703B3EC027B8DED0E7BDDE90E5625
:10651000089326F0004309EE903A09EE105AB44B66
:1065200051EC190B4FF0FF32FBF7DCF9002840F07B
:106530000285AF4B51EC190B4FF0FF32FBF7B4F96A
:10654000002840F0F8840022002328463146FBF75B
:10655000A1F9002841F05C809DF86F20A54CA64B66
:106560002BF0800B0A994729C8BF1C460023032142
:1065700007930291059103930C9310930B93002AB8
:106580003FF449AF029B0133029344E7432B0A9344
:1065900003D01BF0100F00F05785089E0822002141
:1065A00024A839ACFDF7D8FB24AB56F8042B2146C0
:1065B000504602F0F7FD03460133059001F02383B6
:1065C000059B089623EAE373029300228DF86F205F
:1065D000079203920C9210920B921CE7089F0A9369
:1065E00057F8044B00238DF86F30002C00F05285D3
:1065F0000A9B532B00F0DE861BF010030B9340F038
:10660000D986039B5D1C01F0E3800B991A46204656
:10661000FEF7D6F90790002801F03B83079B089707
:10662000191B05910B9B039321EAE1710C931093C5
:10663000079373239DF86F2002910A939FE71BF045
:10664000200F0A93089B3CD0073323F007031A4618
:1066500011465B6851F8082B08911946002BC0F2CF
:106660000784039B013300F0A78252EA01032BF059
:10667000800540F0A282039B002B40F0A382AB4632
:1066800000230393059352AC00E1089B53F8042BBD
:106690000692002A80F21484069A089352420692C7
:1066A00098F800304BF0040BD2E598F800304BF02E
:1066B000080BCDE54BF0100B1BF0200F0A93089B45
:1066C000C2D11BF0100F40F006841BF0400F00F009
:1066D000FE8333F9042B0893D1170B46BEE7089BC2
:1066E00053F8042B089347F63003ADF87030782048
:1066F000424B12934BF00205002102230A90002026
:10670000039C8DF86F00601C00F0A98052EA010024
:1067100025F0800B40F0A280002C40F0A186002BD9
:10672000AED115F00103059300F0CF8330238DF82F
:1067300047310DF24714A9E01BF0200F40F0F08321
:106740001BF0100F40F092861BF0400F40F097872F
:106750001BF4007F00F08A86089B049953F8042BF1
:1067600008931170444648E598F80030682B03BF41
:1067700098F801304BF4007B08F101084BF0400B16
:1067800066E598F800308DF86F5061E598F80030B4
:106790006C2B03BF98F801304BF0200B08F1010877
:1067A0004BF0100B54E50A934BF0100B1BF020013B
:1067B00000F05083089B073323F00703596853F810
:1067C000082B08932BF48065002398E70A934BF07D
:1067D000100515F0200100F02E83089B073323F0ED
:1067E0000703596853F8082B0893012387E700BF74
:1067F000FFFFEF7FBC210500BC160500C42105008A
:1068000098F800304BF0800B22E5414611F8013B2F
:106810002A2B01F07782A3F13002092A884698BF1B
:10682000002101F28C8118F8013B01EB810102EBA0
:106830004101A3F13002092AF5D903910AE598F83C
:1068400000304BF0010B03E59DF86F30002B7FF417
:1068500084AD98F800308DF86F60F9E45D46012B47
:1068600000F0AB81022B52AC1FD1129802F00F0343
:106870001209C35C04F8013D42EA0172090952EAB7
:106880000103F3D152AB1B1BAB460593059903984B
:106890009DF86F2081424FF00003B8BF0146079377
:1068A00002910C9310930B9369E602F00703D20850
:1068B00042EA4172C908303352EA0106204604F820
:1068C000013DF2D1E907DDD5302BDBD03023023892
:1068D00004F8013C52AB1B1AAB4605930446D5E7BE
:1068E0000A9B652B40F3DC80DDE90E0100220023CA
:1068F000FAF7C6FF002800F0C8810123C9F8043068
:10690000279BBC4AC9F8002001330136072B289683
:10691000279300F3418509F108091D9B0D9A9342C5
:1069200080F2C982119B139A1E44C9E90023279B58
:1069300028960133072B279300F3928309F1080966
:106940000D9B5C1E002C7FF7B8AD102C279BAA4D29
:1069500040F35E85324610271AEE106A05E009F111
:106960000809103C102C40F3528501331032072BDC
:10697000C9E90057CDE92732F1DD26AA3146504654
:1069800002F056FC002840F08280DDE927320DF14C
:10699000A409E6E7069B029A9F1A002F7FF774ADC1
:1069A000102F279B944D22DD32461AEE106A04E028
:1069B000103F102F09F1080918DD013310321021A2
:1069C000072BCDE92732C9F80050C9F80410EFDDD4
:1069D00026AA314650460DF1A40902F029FC0028F0
:1069E00055D1103F102FDDE92732E6DC1646013382
:1069F0003E44072BCDE92736C9F80050C9F804708A
:106A000000F32085039B059A9F1A002F09F10809BE
:106A10007FF740AD102F279B774D21DD32461AEED0
:106A2000106A04E0103F102F09F1080917DD013347
:106A300010321021072BCDE92732C9F80050C9F8D0
:106A40000410EFDD26AA3146504602F0F1FBF0B902
:106A5000103F102FDDE927320DF1A409E7DC1646BF
:106A600001333E44072BCDE92736C9F80050C9F859
:106A7000047000F3D28109F108090BE51AEE101A2F
:106A800026AA504602F0D4FB00283FF42AAD079B0B
:106A9000002B3FF48CAC07995046FEF70DF986E4C5
:106AA0000D9B012B40F36F81279FC9F80040012304
:106AB0001F440136072FC9F804302896279700F3A2
:106AC000DE8109F10809119B139A01371E44072F33
:106AD000C9E90023CDE9277600F3DF8109F1080930
:106AE000DDE90E0100220023FAF7CAFE002840F07B
:106AF00069810D9B0137013B01341E44072FC9F802
:106B000000402797C9F80430289600F34D8109F119
:106B10000809159BC9F8043001371E44072F20AB24
:106B2000CDE92776C9F800307FF7C5AC1AEE101A08
:106B300026AA504602F07CFB0028A8D1289E0DF121
:106B4000A409BAE4102FDDE927212C4D24DD189388
:106B5000199410261AEE104A0B4604E0103F102F2D
:106B600009F1080915DD01321033072AC9E9005679
:106B7000CDE92723F2DD26AA214650460DF1A409CE
:106B800002F056FB002882D1103F102FDDE92723A9
:106B9000E9DC1946DDE9183401327E18072ACDE90F
:106BA0002726C9F80050C9F8047000F3A3839DF8A4
:106BB0006F2009F108093FE45D460A2A71F10003DC
:106BC00080F03483303201238DF84721AB460593A2
:106BD0000DF247145AE61AEE101A26AA50461893D8
:106BE00002F026FB00287FF452AF289E189B0DF17F
:106BF000A40933E4B8D5040004220500F4210500FB
:106C00001AEE101A26AA504602F012FB00287FF452
:106C10003EAF289E0DF1A40932E4102C279BBE4DF7
:106C20001FDD1AEE10BA102704E0103C102C09F1F9
:106C3000080916DD01331036072BC9E90057CDE9E5
:106C40002736F2DD26AA594650460DF1A40902F076
:106C5000EFFA00287FF41BAF103C102CDDE927363B
:106C6000E8DC01332644072BC9E90054CDE9273677
:106C70007FF72CAC1AEE101A26AA504602F0D8FA6A
:106C800000287FF404AF289E20E41D99002940F3DA
:106C900043830B9D0D9B9D42A8BF1D46002D0BDD20
:106CA000279B01332E44072BC9E9004528962793DB
:106CB00000F3FC8609F108090B9F002DA8BF7F1B7C
:106CC000002F00F3F8810B9B1BF4806F2344059386
:106CD00040F018821D9B0D9A934203DB1BF0010FBD
:106CE00000F0BC84119A13991644C9E90012279A3E
:106CF00028960132072A279200F3E68609F108094F
:106D00000D9AA518D41A059BED1AA542A8BF2546D1
:106D1000002D0DDDC9F80030279BC9F80450013360
:106D20002E44072B2896279300F3F88609F10809CB
:106D3000002DA8BF641B002C7FF7BFAB102C279B36
:106D4000764D40F36583324610271AEE106A05E04F
:106D500009F10809103C102C40F35983013310321B
:106D6000072BC9E90057CDE92732F1DD26AA3146C4
:106D7000504602F05DFA00287FF489AEDDE9273243
:106D80000DF1A409E6E71BF0010F7FF48DAE279FFC
:106D9000C9F8004001231F440136072FC9F8043009
:106DA000289627977FF7B3AE1AEE101A26AA5046F8
:106DB00002F03EFA00287FF46AAEDDE927760DF195
:106DC000A409A6E60D9B5C1E002C7FF7A2AE102C3A
:106DD000524D40F35683CDF80C8010231AEE108AE2
:106DE00005E009F10809103C102C40F348830137F5
:106DF0001036072FC9E90053CDE92776F1DD26AA21
:106E00004146504602F014FA00287FF440AEDDE916
:106E100027760DF1A4091023E5E71AEE101A26AA29
:106E2000504602F005FA00287FF431AE289E0DF19D
:106E3000A409FFF72FBB15F0100358D115F040023D
:106E400000F06E83089850F8042B0890194692B20F
:106E5000012354E41BF0100344D11BF0400200F066
:106E60006E83089850F8042B0890194692B2A9E452
:106E7000524261EB41015D462D20012340E41AEEB0
:106E8000101A26AA504602F0D3F900287FF4FFAD6D
:106E9000DDE927760DF1A40915E61AEE101A26AAE7
:106EA000504602F0C5F900287FF4F1ADDDE9277600
:106EB0000DF1A40914E61BF0010F3FF4FEAA31E521
:106EC000089398F80030FFF7C3B952ACDEE41BF426
:106ED000007F40F0CD8353F8042B0893D1170B4665
:106EE000FFF7BCBB089B53F8042B08936AE4089B8C
:106EF00053F8042B0893012301E4149B002B3FF467
:106F00002CAA149B1B78002B3FF427AA98F800307A
:106F10004BF4806BFFF79CB9F421050004220500B7
:106F2000089B049853F8041B0893C217C1E9000298
:106F30004446FFF762B9DDE90E0102460B46FAF757
:106F4000D1FC002840F0B2860A9B612B00F06685D8
:106F5000412B00F0C885039B01330A9B23F02003DB
:106F6000029300F06684472B04D1039B002B08BFDB
:106F700001230393DDE90E014BF480720029CDF863
:106F800024B04FF000039346C0F2848541EC180B07
:106F9000189307930A9B413B252B00F27983DFE886
:106FA00013F053047703770377034C0450047703FB
:106FB0007703770377037703770377037703770301
:106FC00077037703770377037703770377037703F1
:106FD00077037703770377037703770377037703E1
:106FE000770377037703770377034C0450040A93FE
:106FF0005D46FFF7EEBB0A93B94B12931BF02001DD
:1070000000F0FF80089B073323F00703596853F80B
:10701000082B08931BF0010F0AD052EA010307D096
:107020000A9B8DF8713030234BF0020B8DF87030D5
:107030002BF480650223FFF762BB0A93FFF7B6BB10
:107040000A93A84B1293D9E7089B012153F8042B0C
:1070500002918DF8E4200893059139ACFFF7B5BA99
:107060001AEE101A26AA504602F0E2F800287FF421
:107070000EAD289E0DF1A40962E440215046FAF7B6
:10708000B7FF20602061002800F062864023636122
:10709000FFF7A1B8039B0794062B214628BF0623C0
:1070A000039422460293904C089705930C911091FB
:1070B0000B91FFF764BA102F279B8C4D40F34E8243
:1070C00032461AEE106A05E009F10809103F102F48
:1070D00040F34382013310321021072BCDE92732D0
:1070E000C9F80050C9F80410EEDD26AA3146504612
:1070F00002F09EF800287FF4CAACDDE927320DF1DA
:10710000A409E3E70D9B059DCDF814B0DDF840B070
:10711000CDF82480E31803934A46149FDDF85C8081
:107120000C9B0A941AEE109AB446BBF1000F30D0B3
:1071300093BB013F0BF1FF3B169BC2E90038279B35
:107140000133C444072BCDF8A0C0279362DC08327A
:10715000039B38785B1B8342A8BF0346002B1E4667
:107160000CDD279801309C440728C2E90053CDF874
:10717000A0C0279000F3598138780832002EACBFA8
:10718000841B0446002C0BDC05440C9BBBF1000F58
:10719000CED1002B00F0D4830C9B013B0C93CBE7AA
:1071A000102C27981FDD1026634604E0103C102C9D
:1071B00002F1080216DD01304C4910330728C2E9FC
:1071C0000016CDE92703F1DD26AA4946504602F014
:1071D0002FF800287FF45BAC103C102CDDE927036E
:1071E00029AAE8DC9C460130404B5460A44407289F
:1071F000CDE9270C136000F3FA8338780832054490
:10720000C3E71BF0100300F0BC80089B53F8042B6D
:107210000893FFE626AA4946504602F009F80028DE
:107220007FF435ACDDF8A0C029AA91E705F48060B1
:107230000026CDF8088005952D4BDDF850800AEE2C
:1072400090AA52AC4FF0CC3BB446054605E00A2A62
:1072500071F1000134D352463946501840F1000014
:10726000A3FB006727F0030606EB9706801B161AA0
:1072700061F1000E0BFB06F703FB0E77A6FB03A6DE
:1072800037440AF0010E0526AEFB066E30184FEAB1
:107290005A0A303004F8010C4AEAC77A0CF1010CA2
:1072A000013C7F08002DD2D098F800008445CED153
:1072B000BCF1FF0FCBD00A2A71F1000180F05D8193
:1072C000059DCDF8508052AB1B1BDDF80880CDF832
:1072D00034C01AEE90AAAB460593FFF7D7BA00BFA9
:1072E000C4210500D8210500EC2105000422050079
:1072F000CDCCCCCC1AEE101A26AA5046189301F029
:1073000097FF00287FF4C3AB9DF86F20289E189B41
:107310000DF1A409FFF790B80123C9F80430279BA9
:10732000BE4AC9F8002001330136072B289627935F
:1073300000F37A8109F10809002940F0AE800D9A26
:107340000BF0010313433FF4B8A8119B13999A194A
:10735000C9E90013279B28920133072B279300F3D9
:10736000598209F108090D99C9F8004001338E18B6
:10737000072BCDE92736C9F804107FF79CA8FFF743
:10738000D5BB1BF0400200F0BE80089850F8042BDB
:107390000890194692B23DE61AEE101A26AA5046F7
:1073A00001F046FF00287FF472AB289E0DF1A4097E
:1073B000FFF7B3BA24AE0822002130461F94FCF731
:1073C000CBFC039B5A1C00F0E8800025CDF8088018
:1073D000CDF81CB0A8469B460CE039A9504601F0F8
:1073E000E1FE431C404400F00E84584508DC00F0E8
:1073F0001A8480461F9A525933460435002AECD12C
:10740000CDF81480DDF81CB0DDF80880D2E0164617
:1074100001332644072BC9F80050C9F80440CDE9D0
:1074200027367FF748A8FFF781BB26AA4946504672
:1074300001F0FEFE00287FF42AAB3878DDF8A0C00A
:1074400029AA9BE61AEE101A26AA504601F0F0FE71
:1074500000287FF41CAB289E0DF1A409FFF714B897
:10746000012B5D467FF4FEA9FFF7ACBB089B049996
:1074700053F8042B444611600893FEF7BEBEDDF8B6
:107480000C80C9F8005001372644072FCDE9277634
:10749000C9F804407FF73BAB86E4119B13989A1917
:1074A000C9E90003279B28920133072B279300F398
:1074B000B18109F108090029BFF655AF4F421031DB
:1074C000574D80F26A831AEE101A102605E009F172
:1074D0000809103F102F40F3608301331032072B4F
:1074E000C9E90056CDE92732F1DD26AA50460391BD
:1074F00001F09EFE00287FF4CAAADDE92732039935
:107500000DF1A409E5E7089B1BF400711ABF1146B1
:1075100053F8042B53F8042B089318BFD2B279E523
:10752000089B15F400711ABF114653F8042B53F849
:10753000042B089318BFD2B20123FFF7E0B8089BD1
:107540001BF400711ABF114653F8042B53F8042B97
:10755000089318BFD2B2FFF735B9164601333E443F
:10756000072BCDE92736C9F80050C9F8047000F39D
:10757000438109F10809FFF7A6BB179B1699E41A86
:107580001A462046FCF72AFD98F80120254B0AB13F
:1075900008F101084FF0000C5DE600231946009643
:1075A0001FAA504601F024FE03460133059000F067
:1075B0002A831F94059B002B44D0632B40F3188132
:1075C000591C5046FAF714FD0446002800F01B83AE
:1075D0000790082200213046FCF7BEFB059D00966F
:1075E0002B461FAA2146504601F002FE854240F07C
:1075F000BB83059908970023635421EAE1719DF844
:107600006F20039302910C9310930B93FEF7B7BF77
:107610002D228DF86F20FEF7A1BF00BFB8D5040062
:1076200004220500CDCCCCCC1AEE101A26AA504666
:1076300001F0FEFD00287FF42AAA1D99289E0DF175
:10764000A40979E6059B9DF86F200897CDE90233E0
:107650000C9310930B930793FEF791BF0D9A059926
:10766000A5186D1AD41AA542A8BF2546FFF760BB1E
:1076700013F9042B0893D1170B46FEF7EFBF089BB5
:10768000049953F8042B089311804446FEF7B5BDC6
:10769000039E022124AB01931FAB009332461DAB26
:1076A0005046B0EE480AF0EE680A00F0DDFD029B9D
:1076B000472B044600F09581462B00EB060505D1CB
:1076C0000378302B00F00E831D9E354451EC180BCF
:1076D00000220023FAF7D4F8002800F076812B4628
:1076E0001B1B0D93029B472B00F03B81029B462BFB
:1076F00000F0FB811D9B0B930B9B029A013B412ADF
:107700001D9300F02D829DF828200021002BB8BF8A
:107710000B9B8DF88020BABFC3F101032D222B22D1
:10772000092B8DF8812040F320820DF19705B74E8B
:107730002A46104686FB0321DA17C2EBA10202EBB0
:107740008201A3EB4101303100F8011C1946632985
:10775000134600F1FF32ECDC3033D9B2831E9D4278
:1077600002F8011C40F2CB8213460DF1820201E0C7
:1077700013F8011B02F8011B9D42F9D10DF1990389
:107780000DF182021B1A134420AA9B1A15930D9B1C
:10779000159A012B1A44059240F33E82059B119ADB
:1077A00013440593099B059A23F4806343F4807B7B
:1077B00022EAE27200230C93029210930B93189B1F
:1077C000002B40F0DC809DF86F200393FEF7D7BEBE
:1077D00020460897FDF754F901460590FEF722BFB1
:1077E0001AEE101A26AA504601F022FDFEF7DFBD60
:1077F0000023079339ACECE61AEE101A26AA50467D
:1078000001F016FD00287FF442A9289E0DF1A4097D
:10781000FFF759BA1AEE101A26AA504601F008FDD1
:1078200000287FF434A9DDE927321D990DF1A40960
:1078300041E606230393FFF79DBB039B02215E1CD9
:1078400028E7039E032125E71DA8B0EE480AF0EEC5
:10785000680A00F0E1FB00224FF07F5351EC100B5F
:10786000F9F7A6FD0022002306460F46FAF708F8AE
:1078700008B101231D93664B0593039BCDF82C8023
:10788000013B0AEE90AACDE90C9BDDF814A0109400
:107890002546984606E00022002308F1FF38F9F754
:1078A000EFFFE8B95B4B002230463946F9F780FD1F
:1078B0000F460646FAF72CF80446F9F70FFD0B467B
:1078C000024639463046F9F7BBFB1AF80430B8F1E6
:1078D000FF3FAB46C14605F8013B06460F46DAD1ED
:1078E0004D4BDDF82C80CDF82C90002230463946E7
:1078F000DDF83090CDF830B01AEE90AADDF834B053
:107900000D94109CF9F7E4FF002840F06081424B91
:10791000304639460022F9F7B3FF18B10D9BDE0758
:1079200000F155810B9B002B07DB0B9B01332B4494
:10793000302205F8012BAB42FBD12B1B0D93D1E676
:107940000A9C0D9BDDF814B0DDF824801497E31831
:107950009D4291462A4628BF1A4666460592FFF781
:10796000B9B91D9B0B93DD1C02DB039A93420DDD1D
:107970000A9B023B0A9323F020030293BCE62D22CC
:1079800000238DF86F200393FEF7FCBD0B9B0D9A2F
:107990009342C0F2D880099B13F0010F0B9B00F0BB
:1079A0004081119A13440593099B590503D50B9BFC
:1079B000002B00F33F81059B23EAE37302936723C7
:1079C0000A9300230C931093F9E6249BAB42BFF477
:1079D00087AE30215A1C24921970249B9D42F9D8FD
:1079E0007EE6099BDB0700F1B980249B78E626AA96
:1079F0004946504601F01CFC00287FF448A838781E
:107A0000DDF8A0C029AA0544FFF7BFBB676666661C
:107A1000D8210500000030400000E03F78238DF8B9
:107A2000713030238DF870304BF002030993039BC3
:107A3000632B00F3A9800023079339ACDDE90E1214
:107A40000A9B002A23F020034BF4817B029322DB64
:107A5000002342EC181B18930A9B612B7FF49AAA0F
:107A6000B0EE480AF0EE680A1DA800F0D5FA002230
:107A70004FF07F5351EC100BF9F79AFC00220023D2
:107A800006460F46F9F7FCFE08B101231D93AD4BE6
:107A90000593F2E60793DDE90E2303F1004308EEB8
:107AA000903A2D2308EE102A1893D5E71AEE101AF3
:107AB00026AA504601F0BCFB00287EF4E8AF289EC1
:107AC0000DF1A409FFF7F8B81AEE101A26AA5046CD
:107AD00001F0AEFB00287EF4DAAF1D9B289E0DF16D
:107AE000A409FFF70DB9582399E71D9A099B0B923A
:107AF000002A03F0010340F3118103990B4340F086
:107B0000C1800B9B059366230A93099B5A0500F1DC
:107B10009380059B23EAE373029352E71AEE101A4F
:107B200026AA504601F084FB00287EF4B0AF1D9CCD
:107B30000D9B289E1C1B0DF1A409FFF7F9B800222C
:107B40000392FEF787BB0D9B119A9A180B9B059227
:107B5000002B40F3BD8067230A93D6E7A519B5E54E
:107B60000A9A0F32D2B20121D0E5002940F0AD804F
:107B700030228DF882200DF18302303302F8013B70
:107B800020ABD31A159302E6591C5046FAF730FA87
:107B90000446002837D0079050E701333A44072BBA
:107BA000CDE92732C9F80050C9F804707FF7D9AB86
:107BB0001AEE101A26AA504601F03AFB00287EF46D
:107BC00066AFDDE927320DF1A409FFF7CCBB0C9BB2
:107BD000059A2493D17B15F8013C8B422A4609D1A2
:107BE000302002F8010C249A531E249312F8013C11
:107BF0009942F6D0392B0BBF059B01339B7ADBB240
:107C000002F8013C99E61AEE102AB2F90C3043F062
:107C100040039381FEF7CFBB099BD8077FF5C2AD28
:107C2000BCE50593C0E6039BDDF80880DDF81CB0D9
:107C30000593BFE467230A9314990B78FF2B00F098
:107C40008F8000250B9A284603E001300131FF2B7D
:107C500008D0934206DAD21A4B78002BF5D10B7874
:107C60000135F4E70B92149110900C950C9A109B2F
:107C700017991344059A01FB0323059323EAE37341
:107C800002939CE5119BD5182944662305910A931C
:107C90003BE7039B0293059373239DF86F2008979E
:107CA00003900C9010900A93FEF769BC0F9B264C32
:107CB000002BB4BF2D229DF86F20244BB8BF8DF848
:107CC0006F202BF0800BFEF74DBC0DF1820254E7C4
:107CD000C3F101031A4422EAE27302936723059277
:107CE0000A936EE651EC180B00220023F9F7C8FD49
:107CF00000287FF4E9ACC6F101061D96E5E40223F5
:107D0000159344E5089A98F80130884652F8041B08
:107D1000089241EAE1710391FEF79ABA039A13437C
:107D200005D10123662202930A92059349E6119B2D
:107D30005D1C2A4422EAE2730293662305920A93A9
:107D40003FE600BFC4210500C0210500B8160500AC
:107D50000C23CAF800304FF0FF330493FEF732BB18
:107D600000230C93109381E71AEE102A938943F0B5
:107D700040039381FEF78BBE70B500294BD00646B9
:107D80000C4610B1436B002B48D0636ED80734D536
:107D9000B4F90C30002B3ED02146304600F050F8AC
:107DA000E36A054633B1E169304698470028B8BF19
:107DB0004FF0FF35A3891A063CD4216B41B104F181
:107DC0004003994202D03046FCF776FF002323633C
:107DD000616C21B13046FCF76FFF00236364FBF751
:107DE00079FE636E0022DB07A2811FD5A06DFCF730
:107DF0000DFCFBF775FE284670BDA3899905CBD411
:107E0000A06DFCF705FCB4F90C30002BC4D1656EF5
:107E100015F0010505D00025284670BDFBF73CFE96
:107E2000B3E7A06DFCF7F6FB284670BDA06DFCF72C
:107E3000F1FBDBE721693046FCF73EFFBDE700BF01
:107E4000B1F90C202DE9F0410C461107804647D4CA
:107E5000636842F40062002BA2815EDDA56A002DFA
:107E600058D00023D8F80060C8F8003093B212F45C
:107E7000805256D10123E1694046A847431C67D090
:107E8000A389A56A5F0705D56368C01A236B0BB188
:107E9000E36BC01AE169024600234046A847411C33
:107EA00041D1D8F80030002B3DD01D2B01D0162B2E
:107EB00056D1A3892269226023F400630021616006
:107EC000A381216BC8F8006021B304F140039942FB
:107ED00002D04046FCF7F0FE00202063BDE8F081B0
:107EE0002669BEB193B2256826609A070CBF636904
:107EF0000023AD1BA3600BE02B463246E169676AA5
:107F00004046B847B0F1000CA5EB0C05664417DD00
:107F1000002DF1DC0020BDE8F081E36B002B9DDC3F
:107F2000F8E7206DAEE7B4F90C302269226023F443
:107F30000063A3810022DB046260C2D52065C0E734
:107F4000A38943F040034FF0FF30A381BDE8F081E7
:107F5000D8F80030002B93D01D2B06D0162B04D060
:107F6000A38943F04003A381D5E7C8F80060D1E7B7
:107F700038B50C46054608B1436B03B3B4F90C00A1
:107F800088B1636EDB0701D481050FD528462146F1
:107F9000FFF756FF636EDA07054602D4A3899B05F7
:107FA00008D5284638BD0546284638BDA06DFCF7E3
:107FB0002FFBEBE7A06DFCF72DFB284638BDFBF748
:107FC0006BFDDBE771B1034600EB010C01E063459B
:107FD00006D01A46013311780029F8D1101A7047DB
:107FE000181A70470846704700487047F00DFF1F89
:107FF00038B5074D074C2C1BA41005D0013C55F893
:10800000043D9847002CF9D1BDE838400AF07AB910
:10801000000000000000000053EC102B70B5164E5D
:1080200023F000410025B1420446056021DC10EE3A
:10803000106A0E431DD0114E1E40184666B91946EF
:10804000002210EE100A0E4BF9F7B2F96FF0350569
:108050000246084621F0004120F0FF40091520F4B7
:10806000E000A1F2FE3140F07F53294443F40013B5
:10807000216043EC102B70BDFFFFEF7F0000F07F0D
:108080000000504300B50B4C25681446EE681A46B4
:1080900085B003460D464CB107490095CDE9011462
:1080A0003046064901F0B0F8F5F7CEF904490C4620
:1080B000F3E700BF900FFF1F1422050024220500E4
:1080C0000012050038B5A1FB02148CBBF9F790FF34
:1080D0000546E0B150F8042C22F00302043A242AA9
:1080E00017D8132A1AD91B2AC0E900441DD9242AFB
:1080F00014BF00F1100200F118024FF00003C0E9B4
:10810000024404BF04614461C2E90033936028461D
:1081100038BD2146FBF720FE284638BD0246002325
:10812000C2E900339360284638BD00F10802F6E743
:10813000FCF740FA0C2300250360E8E72DE9F04F37
:1081400003690C69A34283B0C0F28780013C01F14E
:108150001405A30000F11408009355F8243058F8D2
:108160002420013381469A4208EB840005EB840702
:108170000190B2FBF3F63BD34FF0000CAE46404605
:10818000E24663465EF804BB02681FFA8BFC06FBFE
:108190000C334FEA134C4FEA1B4B06FB0BCC9BB244
:1081A000AAEB03031FFA8CFA13FA82F3CAEB12420A
:1081B00002EB23429BB243EA0243774540F8043B7B
:1081C0004FEA224A4FEA1C43DCD2009B58F80330A6
:1081D00073B9019B043B984504D307E0984504F12B
:1081E000FF3403D253F80429002AF7D0C9F810400D
:1081F0004846FDF76BFD00282BDB01364146002386
:1082000055F8040BD1F800C082B29A1A030C12FA86
:108210008CF2C3EB1C4303EB224392B242EA0342CB
:10822000AF4241F8042B4FEA2343E9D258F8242007
:1082300008EB84036AB9043B984504D307E09845EA
:1082400004F1FF3403D253F80429002AF7D0C9F807
:108250001040304603B0BDE8F08F002003B0BDE809
:10826000F08F00BFFFFFFFFF2DE9F04F2DED068BD4
:1082700095B08DED020B0191816B249D099259EC13
:10828000108B0446069341B1C26B4A6001239340B0
:108290008B60FDF763FA0023A363B9F1000AB4BF52
:1082A000012300232B607C4BBCBF2AF0004ACDF891
:1082B0000CA033EA0A0300F0B3809DED027B00229C
:1082C00051EC170BB0EE479AF0EE679A0023F9F7DE
:1082D000D7FA074688B1069A01231360259B002B25
:1082E00000F0CE836D4B259A1360013B00930098FC
:1082F00015B0BDEC068BBDE8F08F12AA13A920467D
:10830000B0EE490AF0EE690AFDF740FEB0EE498A88
:10831000F0EE698A5FEA1A56054640F09980DDE979
:1083200012763E4406F23243202B40F3C283C3F15F
:1083300040030AFA03FA06F2124328FA03F04AEA63
:108340000000F8F7BBFF0123013E0D93A1F1F87186
:10835000534B0022F8F774FE49A3D3E90023F9F741
:1083600027F849A3D3E90023F8F76CFE804630468E
:108370008946F8F7B3FF46A3D3E90023F9F718F8C5
:1083800002460B4640464946F8F75CFE8046894661
:10839000F9F7BEFA00228346002340464946F9F722
:1083A00079FA002840F05F83BBF1160F00F24E838C
:1083B0003C4B03EBCB03D3E9002351EC190BF9F74A
:1083C00069FA002874D00023BF1B0C937B1E0BF1AD
:1083D000FF3B049300F1418300230893BBF1000F9E
:1083E0006DDA089BCDF814B0A3EB0B030893CBF127
:1083F00000030B93019B092B4FF0000B68D8052B52
:1084000040F35583043B01930026019B023B032B61
:1084100000F2A486DFE813F0660463045B043E0404
:10842000069ACAF3130A42F20F735AEA080A136053
:108430001DD1259B002B00F0A0861B4B0093083319
:10844000259A0098136015B0BDEC068BBDE8F08F3F
:1084500018EE903AC3F3130351EC190B43F07F511C
:108460000D97A6F2FF36129F41F4401170E7259B4D
:10847000002B40F0F0830D4B009338E7AFF3008002
:1084800061436F63A787D23FB3C8608B288AC63F1A
:10849000FB799F501344D33F0000F07FB9D504000F
:1084A0000000F83FE8200500542205006022050086
:1084B000BF1B7B1E049300F19B840C900890049BCF
:1084C0005B44CDE9043B00230B93019B092B96D918
:1084D000002301264FF0FF3201930A960792099379
:1084E000079B0F930021E1632046FDF711F90090EF
:1084F000002800F03B86009BA363079B0E2B00F235
:108500001E81002E00F01B810599002940F3728422
:10851000D04B01F00F0203EBC2034FEA2118C9054B
:10852000D3E9006740F12E84CB4B51EC190BD3E912
:108530000823F9F767F841EC180B08F00F084FF023
:10854000030AB8F1000F13D0DFF80C9318F0010FF5
:1085500009D030463946D9E90023F8F729FF0AF156
:10856000010A06460F465FEA680809F10809EDD1DD
:1085700051EC180B32463B46F9F744F841EC1A0B24
:108580000C9B5BB157EC1A6BB44B1AEE100A00222D
:108590003946F9F77FF9002840F04E855046F8F744
:1085A0009DFE53EC1A2BF8F703FFAD4B0022F8F7B2
:1085B00049FD079B8046A1F15079002B00F0A58072
:1085C000059B1093079B0E930A9B002B00F0BC8425
:1085D0000E9AA04BA349DDF800A003EBC20353E9B8
:1085E00002230020F9F70EF842464B46F8F728FD23
:1085F00059EC1A8B41EC180B49461AEE100AF9F7A0
:1086000087F90746F8F76AFE02460B461AEE100A8B
:108610004946F8F715FD303706460AF8017B0F4644
:10862000324651EC180B3B46F9F752F9002840F05E
:108630004F854FF000080AEE105ACDF844B0554669
:108640005BEC18AB08EE104A44462BE00E9B01345D
:108650009C4280F24D85844B504659460022F8F7E3
:10866000A7FE814B002282468B4630463946F8F7FA
:108670009FFE89468046F9F74BF90746F8F72EFE2C
:1086800002460B4640464946F8F7DAFC303705F813
:10869000017B52465B4606460F46F9F7FBF8002879
:1086A00040F0118532463B466C490020F8F7C8FC83
:1086B00052465B46F9F7EEF80028C7D0109B009AA7
:1086C0000593AA4618EE104A1AEE105A02E05245D7
:1086D00000F0E384D1461AF8013D392BF7D001337D
:1086E000DBB28AF80030059B0133059398E15046D0
:1086F000F8F7F4FD53EC1A2BF8F75AFE584B00220A
:10870000F8F7A0FC8046A1F15079584B002251ECBB
:108710001A0BF8F795FC42464B4606460F46F9F70A
:10872000D7F88246002840F0C88430463946424691
:1087300009F10043F9F7AEF8002840F05783139B86
:10874000002BC0F29580059A0E2A00F39180414BD0
:1087500003EBC203D3E90089099B002B1BDA079BBB
:10876000002B18DC40F04083404B00224046494635
:10877000F8F71EFE02460B4651EC190BF9F794F878
:10878000DDF81CA05646002800F0C482099BDDF8E5
:108790000080DF43C6E242464B4651EC190BF8F726
:1087A00031FFF9F7B5F806468346F8F797FD4246DC
:1087B0004B46F8F7FDFD0B46024651EC190BF8F756
:1087C0003FFCDDF800A0334630330AF8013B079B3D
:1087D000012B00F071834FF0010B08EE105A08EEE8
:1087E000904A1D465446DA461DE042464B46304606
:1087F0003946F8F707FFF9F78BF88346F8F76EFD6F
:1088000042464B46F8F7D4FD0AF1010A0B460246F0
:1088100039463046F8F714FC0BF13003AA4504F84A
:10882000013B00F04483104B0022F8F7C1FD002209
:10883000002306460F46F9F723F80028D5D0A246B4
:1088400018EE105A18EE904A059B01330593D14655
:10885000E6E000BFE8200500C02005000000F03F72
:1088600000001C400000E03F0000244000001440D5
:108870000A9A002A00F00C81019A012A40F39D8295
:10888000079B03F1FF380B9B434580F260820B9BF3
:10889000CDF82C80A8EB03039B444FF00008079B06
:1088A000002BC0F23B83049A1A440492089A17469C
:1088B0001A44089201212046FDF754F8064667B194
:1088C000049A002A09DD0899BA421346A8BF3B461C
:1088D000C91AFF1AD31A089104930B9B63B10A9B20
:1088E000002B00F0BF82B8F1000F00F333820B9B26
:1088F000B3EB080240F0228301212046FDF732F855
:10890000BBF1000F824600F3D980019B012B40F39D
:10891000A9814FF000080120BBF1000F40F0DA8080
:10892000049B184410F01F0000F09A81C0F120034E
:10893000042B00F3B28040F02D82089B002B05DD54
:1089400029461A462046FDF749F90546049B002BA7
:1089500005DD51461A462046FDF740F982460C9B3C
:10896000002B40F05D81079B002B40F344810A9B64
:10897000002B40F0C780059B01330593DDF8008094
:10898000DDF81C90012707E0294600230A22204633
:10899000FCF7EEFE0137054651462846FFF7CEFBB1
:1089A000B94500F1300008F8010BEDDC079A002A08
:1089B000C8BF9346009AD8BF4FF0010B03469344BB
:1089C00000272946012220460193FDF707F9514669
:1089D0000546FDF77BF9002840F3E4811BF8013CD4
:1089E000009A0BF1FF3B04E05A4500F0F6811BF8BA
:1089F000013D392B0BF10109F6D001338BF8003022
:108A000051462046FCF7AAFE56B12FB1B74203D01B
:108A100039462046FCF7A2FE31462046FCF79EFE72
:108A200029462046FCF79AFE002389F80030DDE94C
:108A300005231A60259B002B3FF459AC0098C3F81E
:108A4000009015B0BDEC068BBDE8F08F0123BF1B75
:108A50000C937B1E04937FF5BFACC7F10103089311
:108A600000230493BAE45846F8F738FC42464B46D4
:108A7000F8F706FF00287FF497AC0BF1FF3B93E477
:108A8000BD4B0093009815B0BDEC068BBDE8F08F90
:108A9000DDF82C80089F0A9E11E7C0F11C00089B9E
:108AA00003440893049B03440744049345E70126C9
:108AB000ABE4C3F1200308FA03F042E401465A464E
:108AC0002046FDF72BF8019B012B824640F3BE8127
:108AD0004FF00008DAF810300AEB83031869FCF74E
:108AE000F1FEC0F120001BE7314600230A22204698
:108AF000FCF73EFE0F9B002B064640F31983CDF892
:108B000014900793002F00F31B81B8F1000F40F081
:108B1000EE81B046029B009F079903F001027B1E85
:108B20001944019B0A921343089109935146284620
:108B3000FFF704FB314683462846FDF7C7F8424657
:108B4000514681462046FDF7E3F8C26801460BF125
:108B50003003002A42D1049028460793FDF7B6F867
:108B6000049902902046FCF7F9FD029A079B1AB976
:108B70000999002900F0C482B9F1000FC0F279818F
:108B8000019949EA01090A9951EA090900F071813C
:108B9000002A00F3C781089A3B7007F10109974248
:108BA000CB4600F0C581294600230A222046FCF767
:108BB000DFFD4645054631464FF000034FF00A02FF
:108BC000204612D0FCF7D4FD4146064600230A2277
:108BD0002046FCF7CDFD4F468046A7E7204602938E
:108BE000FCF7BCFD029B0122C6E7FCF7C1FD4F4626
:108BF000064680469AE7019B022B7ADC0A9B002BF3
:108C000080D1059B5146013328460593FFF796FA1C
:108C1000DDF800B000F130030BF8013B0027D0E68F
:108C200051462846FDF752F80028BFF69CAE29466B
:108C300000230A222046FCF79BFD059B03F1FF3928
:108C40000A9B0546002B7FF44FAF0F9B002B40F390
:108C50005E82079392E6494B00930333FFF7F0BB24
:108C60001C201CE7DDE9021200297FF452AEC2F39A
:108C70001303002B7FF44DAE414B1340002B00F04B
:108C80002082089B01330893049B013304934FF027
:108C9000010840E601230A93099B059A13440F93A8
:108CA0000133012B1F460793B8BF01270021172F5F
:108CB000E1637FF719AC012204235B0003F1140088
:108CC000B842114602F10102F7D9E1630CE4012335
:108CD0000A93099F002F60DD0F970797E6E70023AF
:108CE0000A93D9E700230A93F3E70F9B0793CDF884
:108CF0001490079B002B7FF449AD51460522204676
:108D0000FCF736FD014682462846FCF7DFFF0028C7
:108D10007FF73CAD009B059F3122984603F8012B5D
:108D20000137009351462046FCF718FD7B1CDDF807
:108D300000900593CDF80080002E7FF46DAE6FE6B5
:108D400031463A462046FCF749FF0646DDE6A3EBEE
:108D50000808A4E5314642462046FCF7DFFE2A46D5
:108D6000014606462046FCF72BFE294605462046CE
:108D7000FCF7F4FCBBE500BFB8D504006022050099
:108D80000000F07F4FF0020AB0EE498AF0EE698AE7
:108D9000FFF7D7BBC0F13C0081E60123099307939D
:108DA000FFF79EBB03D1019BDB073FF517AED9460A
:108DB0001BF8013D302BFAD022E60D9A002A00F074
:108DC000378103F23343049ADDF82C801A4404926D
:108DD000089A17461A4408926CE5059B009A0133DD
:108DE0000593312313700BE64FF0000A5646CDE48D
:108DF0000C9032E600F04981059AC84B564206F0C5
:108E00000F0203EBC203D3E9002351EC190BF8F76F
:108E1000CFFA361141EC1A0B00F09581C04F0023B8
:108E20004FF0020AF20706D5D7E90023F8F7C0FA97
:108E30000AF1010A0123761007F10807F2D1002B8D
:108E40003FF49EAB41EC1A0BFFF79ABB029B002B41
:108E50007FF43EAEDDE90212C2F31303002B3FF4B0
:108E60000BAF35E629460B9A2046FCF757FE054620
:108E700042E5002A12DD2946012220460193FCF733
:108E8000ADFE51460546FCF721FF0028019B40F34B
:108E90002981392B00F007810BF13103B94609F81C
:108EA000013B059B0133374605934646A8E5A2469C
:108EB00018EE105A18EE904A02460B46F8F7C2F820
:108EC00042464B4606460F46F8F702FD60B9424659
:108ED0004B4630463946F8F7D3FC00283FF4B4AC93
:108EE0005FEACB717FF5B0AC009AFFF7F3BB716816
:108EF0002046FCF70DFC0746002800F02881336966
:108F000002339A0006F10C010C30F4F76DF9394682
:108F100001222046FCF762FE8046FBE5DDE90723DF
:108F20009F1AC7E4392B00F0BE80B9460133B6E77B
:108F3000059A013237460592464642E529462046C3
:108F4000FCF7ECFD0546D7E40E98744901EBC0012F
:108F500042464B4651E90201F8F72AFA5AEC1A9BAD
:108F600041EC180B51461AEE100AF8F7D1FC0746EF
:108F7000F8F7B4F902460B461AEE100A5146F8F714
:108F80005FF806460E98DDF800803037012808F8B3
:108F9000017B0F4600F0D5800E9B009ACDF838B0CB
:108FA00013449B46C2465F4B002230463946F8F7D1
:108FB000FFF989468046F8F7ABFC0746F8F78EF9CB
:108FC000303702460B4640464946F8F739F80AF86A
:108FD000017BD34506460F46E5D1DA46DDF838B0C9
:108FE000514B59EC188B002218EE100A4946F8F73D
:108FF00029F832463B46F8F74DFC00286DD118EEB3
:10900000102A4B4648490020F8F71AF832463B46EA
:10901000F8F75EFC00283FF492ABD1460AF1FF3A24
:1090200019F8013C302BF8D0109B01330593F7E47D
:10903000129BC3F13603C6E6079B002B3FF457ABE8
:109040000F9B002B7FF77BAB059A0E93013A354BB4
:1090500010921AEE100A39460022F8F7A9F90246D2
:1090600016460F460AF10100F8F738F932463B463A
:10907000F8F79EF92D4B0022F7F7E4FF47EC1A6B47
:109080008046A1F15079FFF79FBA4FF0020AB0EE87
:1090900049AAF0EE69AAFFF773BA059B013305935D
:1090A0003123FFF71EBB059BBB46013305933923D4
:1090B00037460BF8013B464692E44FF0000A56460D
:1090C00028E6984627E4AA4618EE104A1AEE105AE7
:1090D000109B01330593D146A2E4109B009A05939F
:1090E000FFF7F8BA7FF4DAAEDA077FF5D7AED0E64D
:1090F000DDF844B01AEE105A18EE104AFFF71FBB05
:10910000392BD0D0B9F1000F3FF7C6AEC6E6019BB0
:10911000022B3FF7EAADCDF8149072E5E820050088
:10912000C0200500000024400000E03F00001C407B
:10913000019B022B3FF7D9AD0F9BCDF814900793FD
:10914000E0E4C2464CE74FF0020AFFF719BA124BAF
:1091500012483A4640F2EF21FEF794FF0026E663FC
:1091600031462046FCF7D4FA009050B90A4B0B4820
:10917000002240F2AF11FEF785FF094B0093FFF785
:10918000B6B8009BA3634FF0FF330F9307930123FF
:1091900009960A93FFF7D3BAE81E0500642205007A
:1091A0005422050070B5054684B05BB11C4669B118
:1091B0000E4B2846D3F8E0602346B047431C0FD03F
:1091C00004B070BD00F582740029F1D1074A23462E
:1091D000D2F8E06028460A4601A9B047431CEFD107
:1091E00000228A2322602B6004B070BD000DFF1F97
:1091F00010B582B0049CCDE900344FF0FF3301F08C
:10920000C7FB02B010BD00BF0EB410B583B005ABF4
:10921000064C53F8042B01930146206800F0C4F873
:1092200003B0BDE8104003B0704700BF900FFF1FB0
:109230002DE9F04F9368176883B09246002B70D0E9
:1092400081468A6808680C46083743E0A38913F40E
:10925000906F2ED0D4E90416A0EB010806EB460669
:1092600006EBD67608F1010076102844B04232466B
:1092700084BF064632465B0537D511464846F8F7A7
:10928000B7FE019000283AD042462169F3F7ACFFBF
:10929000A289019B22F4906242F08002A281A6EB97
:1092A000080203EB08006661A260236120602E467D
:1092B000A84642465946FAF7D3FCDAF80830A268C5
:1092C0002068921B40445B1BA2602060CAF80830F3
:1092D0003BB3083757E902B5002DFAD0AA4216462B
:1092E0009046B3D92E46A846E3E74846F9F748F931
:1092F00003460028D3D121694846FBF7DDFCA3894A
:109300000C2243F04003C9F800204FF0FF30A38146
:1093100000220023CAF80820CAF8043003B0BDE8D0
:10932000F08F00200023CAF8043003B0BDE8F08FAE
:109330002DE9F84F4B6E9C0490462DD5936812682A
:1093400043B38B46064602F1080959E9025A5FEA1F
:109350009A0715D0043D002401E0A7420ED055F82D
:10936000041F5A46304601F05BFA431C04F1010425
:10937000F3D10023C8E90133BDE8F88FD8F80830ED
:109380002AF0030AA3EB0A03C8F8083009F1080918
:10939000002BDAD10020ECE701F00CF80023C8E93B
:1093A0000133BDE8F88F00BF2DE9F04F2DED028BA2
:1093B000C5B00DF1500A834608EE101A164600217A
:1093C000082250461C460793FAF7C6FCBBF1000F73
:1093D00004D0DBF83430002B00F0A08618EE102A01
:1093E000536EDB0740F11385B2F90C108AB2950475
:1093F0000BD418EE103A41F4005199815B6E8AB299
:1094000018EE101A23F400534B66100740F1058143
:1094100018EE103A1B69002B00F0FF8002F01A03CF
:109420000A2B00F00A810023CDE91933CDE90D3371
:109430001BAA0C93189291460B930593B046444691
:10944000A84BD3F8E450FBF749F82246034612A98B
:10945000CDF800A05846A847002800F04581C0F28A
:109460003981129A252A034601D01C44E8E7B4EB5F
:109470000806054640F03C81002361788DF84330B2
:1094800004F1010806934FF0FF371E462B2408F124
:109490000108A1F120035A2B00F27881DFE813F0D4
:1094A000B50276017601B0027601760176016A0096
:1094B000760176017D028D0276018802970276019F
:1094C00092025B005B005B005B005B005B005B008B
:1094D0005B005B007601760176017601760176010C
:1094E0007601760176015C028400760176017601D0
:1094F0007601760176017601760176017601E80043
:1095000076017601760133027601DA027601760180
:109510008B0576017601760176017601760176017A
:109520007601760176015C0286007601760176018D
:10953000CD0286007F007601C0027601FD02EA00BE
:10954000ED027F00760133027C0069057601760129
:109550006B0576017C00A1F13003002218F8011B95
:1095600002EB820203EB4202A1F13003092BF5D991
:1095700006928EE75846FEF737FD43680D9318466E
:10958000FBF77EFA0E9005465846FEF72DFD8368E0
:109590000B93002D40F0D68498F8001077E798F8E8
:1095A000001046F0200672E746F01006B40640F1BF
:1095B0008E81079B073323F007031A46596852F838
:1095C000083B07920A460029C0F27084791C00F01B
:1095D000A28526F08001039153EA020100F03F8446
:1095E0000A2B72F1000180F0418530338DF80F3184
:1095F000039E012304930DF20F14049BBB42B8BFDA
:109600003B460393002308939DF84330002B00F062
:10961000CB80039B01330393C6E018EE101A584623
:1096200018EE105A01F040F8002840F05286AA893E
:1096300002F01A030A2B7FF4F6AE18EE101AB1F9F5
:109640000E30002BFFF6EFAE4B6EDB0702D4970512
:1096500040F1128618EE101A23463246584600F0A2
:1096600069FE0590059845B0BDEC028BBDE8F08F12
:1096700046F0100616F0200200F03681079B0733F3
:1096800023F0070319465A6851F8083B079126F45E
:1096900080610391002100208DF84300781C00F0C8
:1096A0001082039820F0800653EA020040F00882FE
:1096B000002F40F03885002940F0D583039B13F03C
:1096C0000103049300F0118430238DF80F310DF263
:1096D0000F1492E7082200215046FAF73DFB0123C0
:1096E0001C44ADE6000DFF1FB4EB080605461BD079
:1096F000199B1A9A01333244072BC9E900861A9242
:1097000019931CDD002A00F0A68318EE101A18AA7F
:109710005846FFF70DFE20BB0DF16C09059B334445
:109720000593002D7FF4A8AE1A9B002B40F0C18555
:1097300018EE103A0022B3F90C30199215E009F135
:109740000809EBE718EE101A18AA5846FFF7F0FDC3
:10975000002800F0A680089B1BB108995846FBF72B
:10976000ABFA18EE103AB3F90C3018EE102A526E1C
:1097700012F0010F9AB200F0A080500600F1B285FD
:10978000059845B0BDEC028BBDE8F08F0029CBD029
:1097900000238DF843300123CDE903338DF8AC105D
:1097A0002BAC002308931F4616F00203099302D046
:1097B000039B0233039316F084030A9305D1069B9F
:1097C000039A9D1A002D00F37B82DDE91903411CE9
:1097D0009DF8432082B101220133C9F804200729F2
:1097E0000DF14302CDE91913C9F8002000F34A82B4
:1097F000084609F108090131099AE2B111AA0233B8
:10980000C9F8002007294FF00202CDE91913C9F861
:10981000042040F35082002B00F0438318EE101A0E
:1098200018AA5846FFF784FD002894D1DDE91903F2
:109830000DF16C09411C0A9A802A00F08481049A77
:10984000BD1A002D00F3D781049AC9F800401344D3
:109850000729CDE91913C9F8042040F36E81002BC4
:1098600000F0758218EE101A18AA5846FFF760FD2E
:1098700000287FF470AF1A9B0DF16C09750705D5B0
:10988000069A0399541A002C00F36B82DDE9052136
:1098900003988142ACBF521812180592002B7FF436
:1098A00051AF089900231993002900F049815846C7
:1098B000FBF702FA0DF16C09C1E59C053FF55DAFC0
:1098C00018EE104AA06DFAF7A5FEA28955E7F0063A
:1098D000079A00F11F83710640F1198332F9043BA6
:1098E0000792DA1711466EE616F01003079940F05A
:1098F000098316F0400000F001831A4651F8043B3A
:1099000007919BB2C3E6079B1A4600238DF84330AC
:10991000134653F8044B0393002C00F01284532990
:1099200000F0658316F0100540F061837B1C00F0A9
:10993000B3843A4629462046FBF742F808900028AF
:1099400000F09F84031B039A049323EAE3732F46DA
:1099500007920393089557E6432902D0F50640F194
:109960002D83079D0822002116A82BACFAF7F4F9E5
:1099700016AB55F8042B21465846FFF713FC034657
:109980000133049000F0B384049B079523EAE3734A
:10999000039300238DF8433003E7079B53F8042B10
:1099A0000692002A80F29C82069A5242CDE9062352
:1099B00098F8001046F0040669E598F800108DF854
:1099C000434064E598F8001046F080065FE54246A3
:1099D00012F8011B2A2900F09684A1F13003092B0B
:1099E00090464FF000073FF654AD18F8011B07EB07
:1099F000870703EB4707A1F13003092BF5D948E5A9
:109A000098F8001046F0010641E59DF84330002B20
:109A10007FF4C2AD202398F800108DF8433036E56E
:109A200098F800106C2903BF98F8011046F0200642
:109A300008F1010846F0100629E598F80010682999
:109A400003BF98F8011046F4007608F1010846F0CB
:109A500040061CE546F010030393039B13F020021D
:109A600000F00682079B073323F0070319465A6864
:109A700051F8083B079101210DE6079A46F00203D1
:109A8000039352F8043B079247F63002ADF84420A6
:109A9000B84A0C9202210022FDE5B70600F1488287
:109AA000F50600F14683740600F1D583B00540F158
:109AB0004083079B059953F8042B07931170BEE46C
:109AC000039601293FF48CAD022944AC11D10C98C6
:109AD00003F00F011B09415C04F8011D43EA027306
:109AE000120953EA0201F3D1039E44AB1B1B0493FA
:109AF00083E503F00701DB0843EA4273D208303103
:109B000053EA0205204604F8011DF2D1039EF30733
:109B1000EBD53029E8D03023023804F8013C44ABBF
:109B20001B1A039E0493044667E5049B1B940122C1
:109B30001C931A9319920DF16C0909F108099DE61D
:109B40000DF16C097BE4069A039D551B002D7FF7F0
:109B500076AE102D40F3BB83099418EE104A07E04F
:109B600000F1020C09F108091046103D102D1EDD10
:109B70008149C9F80010421C10331021072ACDE991
:109B80001923C9F80410EBDD18AA002B74D0214664
:109B900058460DF16C09FFF7CBFB00287FF4DBADD5
:109BA000DDE91903103D102D00F1010CE0DC099CEA
:109BB000714AC9F804502B44BCF1070FCDE919C311
:109BC000C9F8002040F39481002B00F01F8318EEA9
:109BD000101A18AA5846FFF7ABFB00287FF4BBAD5C
:109BE000049ADDE91903BD1A002D00F101010DF100
:109BF0006C097FF729AE102D29DD0994102718EE86
:109C0000104A07E000F1020C09F108091046103D66
:109C1000102D1ADD421C58491033072AC9E90017D4
:109C2000CDE91923EEDD18AA03B3214658460DF1FC
:109C30006C09FFF77DFB00287FF48DADDDE919038A
:109C4000103D102D00F1010CE4DC099C61464A4AEC
:109C5000C9F804502B440729CDE91913C9F800208D
:109C600000F3E78009F108090131EDE54FF0010C3F
:109C700018460DF16C09CAE74FF0010C18460DF1BA
:109C80006C0972E7002B00F0048118EE101A18AA74
:109C90005846FFF74DFB00287FF45DADDDE9190361
:109CA0000DF16C09411CA7E5022311AA1C931B921C
:109CB00001210DF16C09084609F10809411CBAE5BA
:109CC000102D40F3E582DDE919130F94084618EED4
:109CD000104A07E000F1020C09F108091046103D96
:109CE000102D1DDD2549C9F80010421C103310212C
:109CF000072ACDE91923C9F80410EBDD18AA03B32C
:109D0000214658460DF16C09FFF712FB00287FF43D
:109D100022ADDDE91903103D102D00F1010CE1DC4D
:109D20000F9C6046154AC9F804502B440728CDE91A
:109D30001903C9F8002000F3C18009F10809411C8A
:109D400046E518464FF0010C0DF16C09C7E77607A0
:109D5000199353D5069A0399541A002C4EDD0DF130
:109D60006C09102C40F3B082199918EE106A102576
:109D70000DE000BFC4210500D0220500C02205006F
:109D8000881C09F108091146103C102C1ADD4A1CE8
:109D9000B3481033072AC9E90005CDE91923EFDDDF
:109DA00018AA33B331465846FFF7C2FA00287FF4A9
:109DB000D2ACDDE91913103C102C01F101000DF1BA
:109DC0006C09E4DCA64AC9F8044023440728CDE91D
:109DD0001903C9F800207FF759AD7BB118EE101AAE
:109DE00018AA5846FFF7A4FA00287FF4B4AC1A9BCF
:109DF0004CE5012019460DF16C09C5E7DDE9053296
:109E000003998A42ACBF9B185B18059349E5B2F9E8
:109E10000C108F0518EE103A8AB23FF5E8AA18EE3A
:109E2000105A986DFAF7F4FBB5F90C108AB2FFF7E7
:109E3000DEBA002B3FF479AE18EE101A18AA584675
:109E4000FFF776FA00287FF486AC19991A9B013146
:109E50000DF16C09F8E419920DF16C095EE4002F24
:109E60007FF4C3AB039E0027049744ACFFF7C5BB48
:109E7000039B13F0100354D1039A12F0400000F03A
:109E80006B8107991A4651F8043B07919BB2012157
:109E900001E4099A002A64D1184601210DF16C09E8
:109EA000C9E4012118460DF16C09C4E45B4262EB80
:109EB000420203962D200121FFF7EEBB002B00F09C
:109EC000888018EE101A18AA5846FFF731FA0028B1
:109ED0007FF441ACDDE919030DF16C09411C77E415
:109EE00098F800100793FFF7D2BA44ACFFF785BB90
:109EF00009F108090CF101016046A0E416F40072B2
:109F000040F0978151F8043B0791FFF7C0BBB305C0
:109F100000F1888152F8043B0792DA171146FFF7E7
:109F200052BB079951F8043B07910121FFF7B3BBDE
:109F3000079B059853F8041B0793C217C1E9000259
:109F4000FFF77DBA0B9B002B3FF426AB0B9B1B78D6
:109F5000002B3FF421AB98F8001046F48066FFF721
:109F600096BA022311AA1C931B9201200DF16C09D1
:109F7000A2E6039671E53B4B0C9316F0200259D0F4
:109F8000079B073323F0070318465A6850F8083B2D
:109F90000790F40709D553EA020006D08DF8451062
:109FA000302146F002068DF8441026F480610391BA
:109FB0000221FFF770BB2C4B0C93DEE7079B0121BE
:109FC00053F8042B03918DF8AC20079304912BAC2C
:109FD000DFE49DF84320002A40F03281099A002AEC
:109FE0007FF462AE184601210DF16C0927E40021CF
:109FF000082216A81394F9F7AFFE791C00F0BC8074
:10A00000002507942C460CE02BA95846FFF7CAF808
:10A01000421C204400F06B81B84208DC00F07081E3
:10A020000446139A525916AB0435002AECD1049415
:10A03000079CAFE016F0100307980CD116F040040F
:10A0400005D01A4650F8043B07909BB2A1E716F4DE
:10A05000007240F0E18050F8043B079099E700BFA0
:10A06000C0220500C4210500D821050003990497EA
:10A0700044AC9E4608EE90BA01F480664FF0000CA6
:10A08000234606E0BEF10A0F72F1000239D3A6465C
:10A090002A46A6491EEB020040F100000F46A1FB34
:10A0A000001424F0030101EB9401401ABEEB0001FF
:10A0B0004FF0CC3562F1000405FB01F507FB0455B8
:10A0C000A1FB07410D44052704F00101A1FB071B7B
:10A0D00009186408303103F8011C44EAC5740CF116
:10A0E000010C013B6D08002ECCD00B99097861451D
:10A0F000C8D1BCF1FF0FC5D0BEF10A0F72F100024A
:10A100006CD21C4644AB1B1B049F039E049318EEA9
:10A1100090BAFFF772BA0396FFF762BA5846F9F79A
:10A12000BBFCFFF75BB9012903967FF4CDACFFF7C9
:10A130005CBA079B059953F8042B11600793FFF74E
:10A140007EB9062F3B46039A794C079228BF062317
:10A1500004930393FFF725BB039B079913F4007245
:10A1600014BF51F8043B51F8043B07911CBF024651
:10A17000DBB20121FFF78FBA16AB0093002319461B
:10A1800013AA5846FFF734F803460133049000F051
:10A19000AE801394049B002B30D0632B63DC002330
:10A1A00008932BAC0822002116A8F9F7D5FD049DD1
:10A1B00016AB009313AA2B4621465846FFF718F812
:10A1C000854240F0AB80039B049A07930023A3547D
:10A1D0001F4622EAE2730393FFF716BA0E9A0D990F
:10A1E0009B1A18460893F9F7F9FE0B99089B4A78D1
:10A1F0000AB101310B914FF0000C48E7039B079324
:10A20000049B03931F460893FFF7FEB901211846EC
:10A210000DF16C09FFF713BB50F8043B0790224681
:10A22000DBB2B6E612F9043B0792DA171146FFF7E4
:10A23000CAB951F8043B07910246DBB2FFF727BACF
:10A2400001231C9301210DF143031B930DF16C09B4
:10A250000B46FFF7CDBA079B059953F8042B0793DC
:10A260001180FFF7ECB8591C5846F7F7C1FE0446B9
:10A2700000283CD0089095E7886DFAF7CBF9FFF7F6
:10A28000E9B9039B0793CDE90377089FFFF7BCB9B2
:10A2900019981A9B013045E5039B07932046FAF76E
:10A2A000EFFB20EAE0732F46049003930895FFF735
:10A2B000ABB918EE101A18AA5846FFF739F800285B
:10A2C0003FF436AAFFF74DBA199801307AE58C466B
:10A2D0006EE46B6ED90705D4AB899A0502D4A86DDC
:10A2E000FAF798F94FF0FF330593FFF749BA18EEE4
:10A2F000102AB2F90C3043F040039381FFF735BACE
:10A30000079C049746E7079B98F8011053F8047BD5
:10A310000793904647EAE777FFF7B9B818EE102A97
:10A32000938943F040039381FFF715BACDCCCCCC91
:10A33000EC21050070B50C468989ADF58E6D21F0D4
:10A340000201ADF81410616E1B91E189ADF8161091
:10A35000E1690991616A0B911CA9029106914FF480
:10A36000806106460491079118A80021CDE90032CA
:10A370000891FAF749F9DDE9003202A93046FFF702
:10A3800013F8051E07DB02A93046FDF7F1FD002892
:10A3900018BF4FF0FF35BDF814305B0603D5A38915
:10A3A00043F04003A3811898FAF730F928460DF5D9
:10A3B0008E6D70BD9368002B00F085802DE9F04F05
:10A3C000B1F90C300C461907804683B0174698B295
:10A3D00025D523691BB310F002033D682DD04FF043
:10A3E000000ADFF8C0B25646B9465E4533465246CB
:10A3F00028BF5B464046002E52D0E169676AB847E5
:10A40000002856DDD9F808301B1A8244361AC9F8DC
:10A410000830002BE9D1002003B0BDE8F08F2146C1
:10A42000404600F041F9002840F03881B4F90C3082
:10A430003D6898B210F00203D1D110F0010944D167
:10A440004E46009746B38205D4F808B040F18580A7
:10A45000B3455A4600F2B48010F4906F40F0C180CA
:10A46000206801924946F9F7FBFBA368019AA3EB28
:10A470000B012368A1601344B24623600026009AB2
:10A480009368A3EB0A03D1449360002BC3D0B4F9C3
:10A490000C0080B2002ED6D1D5E900960835D1E760
:10A4A000D5E900A60835A0E721464046FDF760FD46
:10A4B00088B3B4F90C3043F040034FF0FF30A38170
:10A4C00003B0BDE8F08F002070471E46BA4699469B
:10A4D000184600951F4666B3002832D04A46D4E994
:10A4E00004132068A568B24228BF3246884204D9C6
:10A4F00005EB030B5A4500F3A780934264DCE16946
:10A50000656A3A464046A847B0F1000BD1DDB9EB89
:10A510000B09C9D00120DAF80830A3EB0B035F4424
:10A52000A6EB0B06CAF80830002B3FF474AF002EE0
:10A53000D2D1009A5668134608320092002EF8D005
:10A540001F6832460A213846FAF73AFA002800F026
:10A550009C800130A0EB0709C0E72068236998427E
:10A5600016D86269B24213D86FF00043B34228BFD5
:10A570003346E16993FBF2F3676A02FB03F340465B
:10A580004A46B847B0F1000A93DDA6EB0A0676E723
:10A59000B345DA4628BFB24652464946F9F760FB52
:10A5A000A3682268A3EB0A035244A3602260002B35
:10A5B000EBD121464046FDF7DBFC0028E5D078E7EB
:10A5C0002068B34632464CE739460192F9F748FB1A
:10A5D000019AA3689B1AA3602368134423609346DF
:10A5E00095E723682169A3EB010B636903EB430A39
:10A5F0000AEBDA7A0BF101034FEA6A0A3344534556
:10A60000524684BF9A46524643052CD511464046D1
:10A61000F7F7EEFC00283BD05A4621690190F2F78B
:10A62000E3FDA289019B22F4906242F08002A281A4
:10A6300003EB0B002361AAEB0B03C4F814A0A36087
:10A640002060B34632460CE739465A46F9F708FB14
:10A6500023685B44236021464046FDF789FC0028BF
:10A660003FF455AF25E74046F7F78AFF0346002839
:10A67000DED121694046FAF71FFBB4F90C300C22F9
:10A6800023F08003C8F8002015E7721C914626E7E6
:10A690000C22B4F90C30C8F800200CE74FF0FF3062
:10A6A000BAE600BF00FCFF7F38B5314B1B6805469A
:10A6B0000C4613B15A6B002A4ED0B4F90C3018076F
:10A6C0009AB21CD5216929B312F0010007D00020ED
:10A6D000A06060694042A06139B1002038BD950793
:10A6E00058BF6069A0600029F7D1120658BF08461C
:10A6F000F4D543F04003A3814FF0FF3038BDD106BD
:10A700002ED5520714D4216943F00803A3819AB2CD
:10A710000029D9D102F42070B0F5007FD4D02146B1
:10A72000284600F047F9B4F90C3021699AB2CBE71A
:10A73000216B51B104F14002914204D02846FAF74E
:10A74000BBFAB4F90C300022226321690022C4E96B
:10A75000001223F02403D7E71846F9F79DF9ACE778
:10A76000092243F040032A604FF0FF30A38138BD37
:10A77000900FFF1F2DE9F04782B0824688461446AD
:10A78000F9F7ACFE012803D108F1FF33FE2B36D9CF
:10A790000DF10409424604F15C0349465046FEF7B8
:10A7A00001FD421C064632D020B39DF804C00025AE
:10A7B00009E023685A1C226083F800C00135B542C5
:10A7C00018D219F801CFA368013B002BA360F0DA7F
:10A7D000A769BB4261462246504602DBBCF10A0F24
:10A7E000E7D100F053F9431CE8D10646304602B0E9
:10A7F000BDE8F0874646304602B0BDE8F0875FFA14
:10A8000088FC8DF804C006460DF10409CFE7A38942
:10A81000304643F04003A38102B0BDE8F08700BF9B
:10A8200030B5536E13F0010FB2F90C30144683B0FB
:10A8300005469AB201D198051CD5900406D4626EE3
:10A8400043F4005342F40052A38162662246284634
:10A85000FFF790FF636EDA07054602D4A3899B05D4
:10A8600002D5284603B030BDA06DF9F7D3FE2846C7
:10A8700003B030BDA06D0191F9F7CAFEB4F90C30F8
:10A8800001999AB2D9E700BF2DE9F04F8BB0DDE90D
:10A89000158A149F0391814605921E46B8F1000F58
:10A8A0005CD0039B002B5ED0059B1D68002F6AD0F7
:10A8B000741E4EB3039B0493043D002601950BE0E8
:10A8C000039B2BBB019B1A68002A3AD0BC455CD283
:10A8D000013C631C664617D0D8F800300293019BF8
:10A8E000DAF8E05053F8042F019307A9434648468D
:10A8F000D8F804B0A847421C3AD000EB060CBC457F
:10A90000DED9029BC8E9003B30460BB0BDE8F08FB2
:10A9100000280EDD049B019D18445A1E07A900F172
:10A92000FF3E11F8013B02F8013F7245F9D1019554
:10A930000490059B1A6804321A60019B1A68002A69
:10A94000C4D1039B0BB1059B1A600CF1FF360022AA
:10A950003046C8F800200BB0BDE8F08F039B00F52F
:10A960008678002BA0D1059B4FF0FF371D689FE72D
:10A9700006468A2100223046C9F80010C8F8002097
:10A980000BB0BDE8F08F3E46BEE76646BCE700BFB1
:10A9900010B584B0054C06980090079801900448C3
:10A9A00000680294FFF770FF04B010BD000DFF1F98
:10A9B000900FFF1F2DE9F0418B890C46990796B047
:10A9C00008D504F143030122C4E90432236016B020
:10A9D000BDE8F081B4F90E100029064625DB6A4671
:10A9E00000F0ACF800281FDB019D05F47045A5F5CB
:10A9F0000055B5FA85F54FF480686D094FF400678E
:10AA000041463046F7F7F4FAE0B1B4F90C30C4F837
:10AA1000148043F0800320602061A38135BB3B4359
:10AA2000A38116B0BDE8F081A38913F0800519D089
:10AA30004FF040080025414630462F46F7F7D8FA38
:10AA40000028E2D1B4F90C309A05C0D423F00303F6
:10AA500004F1430243F002030121C4E90421A3816C
:10AA60002260B4E74FF480682F46C9E7B4F90E10AE
:10AA7000304600F079F810B9B4F90C30CFE7A3896B
:10AA800023F0030343F001031BB2C8E7F8B50D46FA
:10AA90001446064610B1436B002B4CD0B4F90C2081
:10AAA000A369A360170790B21BD52369CBB1EDB2A0
:10AAB00081042F4622D522686169D31A994229DD83
:10AAC0000133A1680139A160511C216015706269D0
:10AAD0009A4227D0A389DB0701D50A2D22D0384618
:10AAE000F8BD21463046FFF7DFFD08BBB4F90C2066
:10AAF000236990B2EDB281042F46DCD442F40052B7
:10AB0000A281626E616922F4005262662268D31AE1
:10AB10009942D5DC21463046FDF72AFA40B9226831
:10AB20000123CEE721463046FDF722FA0028D6D091
:10AB30004FF0FF37D3E7F8F7AFFFAFE770B50C463C
:10AB4000084D03460026204611461C462E60F2F7AB
:10AB50006DFC431C00D070BD2B68002BFBD0236024
:10AB600070BD00BF6423FF1F38B5074D00220446A7
:10AB700008462A60F2F760FC431C00D038BD2B6801
:10AB8000002BFBD0236038BD6423FF1F38B50022A3
:10AB9000002304460D46F6F77DFE28B920462946D7
:10ABA000BDE8384000F00AB8204605F1004100F049
:10ABB00005F8404261EB410138BD00BFD0B50C4BF8
:10ABC000002206460F46F6F7F3FBF6F7C9FE0446E9
:10ABD000F6F774FB074B0022F6F7EAFB02460B463A
:10ABE00030463946F6F72CFAF6F7BAFE2146D0BDC4
:10ABF0000000F03D0000F041636F6E666967496ECA
:10AC00006465783A00000000636F6E6669675061A2
:10AC100067654D6F763A0000636F6E6669675061D5
:10AC2000676553796E633A00636F6E66696750615A
:10AC3000676553657475703A00000000636F6E6657
:10AC4000696750616765526563693A00636F6E6654
:10AC5000696750616765526F73653A00636F6E662E
:10AC60006967506167654D61696E4D756C74693ACD
:10AC700000000000636F6E66696750616765477228
:10AC800065656B4B65793A00636F6E666967506105
:10AC90006765496E6465783A00FFFFFF706167651C
:10ACA0004D756C74692E6A50726F67726573732E7E
:10ACB00076616C3D0000000070616765496E6465F7
:10ACC000782E6A50726F67726573732E76616C3D71
:10ACD00000000000706167654D6F76652E6A5072E6
:10ACE0006F67726573732E76616C3D007061676586
:10ACF00053796E632E6A50726F67726573732E7626
:10AD0000616C3D00706167655265632E6A50726FB9
:10AD100067726573732E76616C3D000070616765C4
:10AD200047726B2E6A50726F67726573732E76610D
:10AD30006C3D00007061676550726F6772616D2EC7
:10AD40006A50726F67726573732E76616C3D000096
:10AD500070616765526F73652E6A50726F677265B6
:10AD600073732E76616C3D0053442E2E62656769C5
:10AD70006E0000006D6963726F53442D3100000056
:10AD80006D6963726F53442D313000006D696372D9
:10AD90006F53442D390000006D6963726F53445F37
:10ADA00049643A2000FFFFFF69676E6F726544696E
:10ADB0007361626C653A2020000000007061676575
:10ADC00053706C6173682E76615370456E61626C6E
:10ADD00065642E76616C3D3100000000FFFFFF00CE
:10ADE0007061676553706C6173682E76615370454E
:10ADF0006E61626C65642E76616C3D30000000000F
:10AE000063757272656E7450696E53746174653ADD
:10AE1000200000005370696E646C6520656E61628D
:10AE20006C652070696E20233A20000070616765B0
:10AE300053706C6173682E766141786973456E61F9
:10AE4000626C65645A2E76616C3D31007061676595
:10AE500053706C6173682E766141786973456E61D9
:10AE6000626C65645A2E76616C3D30005A20656EC6
:10AE700061626C652070696E20233A20000000003A
:10AE80007061676553706C6173682E766141786993
:10AE900073456E61626C6564582E76616C3D31005D
:10AEA0007061676553706C6173682E766141786973
:10AEB00073456E61626C6564582E76616C3D30003E
:10AEC0005820656E61626C652070696E20233A209F
:10AED000000000007061676553706C6173682E76C6
:10AEE00041786973456E61626C65644D332E76619D
:10AEF0006C3D31007061676553706C6173682E76CC
:10AF000041786973456E61626C65644D332E76617C
:10AF10006C3D30004D3320656E61626C6520706958
:10AF20006E20233A200000004D342E637572726546
:10AF30006E7450696E53746174653A2000000000AD
:10AF40007061676553706C6173682E7641786973C0
:10AF5000456E61626C65644D342E76616C3D3100E6
:10AF6000312E7641786973456E61626C65644D344B
:10AF70002E76616C3D3100007061676553706C61C5
:10AF800073682E7641786973456E61626C65644DB5
:10AF9000342E76616C3D3000322E764178697345EF
:10AFA0006E61626C65644D342E76616C3D300000DC
:10AFB000332E7641786973456E61626C65644D34F9
:10AFC0002E76616C3D3100004D3420656E61626CFF
:10AFD000652070696E20233A2000FFFF496E70756E
:10AFE00074436861723A2D2D2D2D2D2D2D2D2D2D73
:10AFF0006162632D2D2D2D2D2D2D2D2D2D2D2D20EF
:10B0000000000000203A2020000000004469736323
:10B0100061726420626F67757320342D2D2D2D2D84
:10B020002D2D2D2D2D0000003E3E3E3E3E3E3E3E4F
:10B030003E3E3E3E3E3E3E3235353A200000000068
:10B040003E3E3E3E3E3E3E3E3E3E3E3E3E3E3E64FA
:10B05000697363617264436861723A2000000000A2
:10B060004469736361726420626F67757320313263
:10B07000372D2D2D2D2D2D2D2D2D2D00496E3A20C6
:10B080000000000072657456616C3A2000FFFFFFFB
:10B09000312E696E7075744865783A202020000062
:10B0A000496E743A00FFFFFF7374657073506572E8
:10B0B0003336303A2000000067656172526174696E
:10B0C0006F5F41786973423A2000000063697263E0
:10B0D000756D666572656E63653A20006C696E65B4
:10B0E000617244697374616E63653A200000000008
:10B0F000616E676C653A20006765617252617469C0
:10B100006F5F41786973204D343A2000646973742D
:10B11000616E63653A20000044697374616E636513
:10B12000546F53746570735F4D334C696E65617213
:10B130003A2000FF44697374616E6365546F537401
:10B140006570735F4D344C696E6561723A2000FF23
:10B15000456E7465722047657441786973537065F4
:10B160006564202D200000007061676543616C6C90
:10B17000657249643A2000FF456E7465722042652D
:10B1800067696E4D6574686F6453657474696E6742
:10B190007300000061757853746174653A20000093
:10B1A00041757850696E20233A2000007061676510
:10B1B00053706C6173682E76614553746F702E7690
:10B1C000616C3D30000000002E2E2E2E2E2E2E2ED5
:10B1D0002E2E2E2E2E2E2E2E2E2E2E456E642042FC
:10B1E0006567696E4D6574686F6453657474696EE4
:10B1F000677300FF456E74657220477265656B4B1F
:10B2000065795061747465726E5F496E69746961C5
:10B210006C0000007265766F6C7574696F6E735F99
:10B220005370696E646C653A20000000636F6E664F
:10B230006967477265656B4B65792E636F756E74D0
:10B240005061747465726E5065723336305F506150
:10B25000747465726E3A20007365676D656E744331
:10B260006F756E743A2000007370696E646C65537C
:10B27000686F72744C656753746570733A2000FF91
:10B280006C696D69745472696767657265643A20A8
:10B29000000000007061676547726B2E7661302E8A
:10B2A00076616C3D300000007061676547726B2EFF
:10B2B0006274312E76616C3D30000000706167650C
:10B2C00047726B2E6274332E76616C3D3000000045
:10B2D0007061676547726B2E6274322E76616C3DC9
:10B2E0003000FFFF456E7465722047657446696CD7
:10B2F000656E616D6546726F6D53657269616C2034
:10B3000000000000696E7075743A2000693A2000F0
:10B3100066696C654E616D6550726F6772616D3AFA
:10B320002000000073697A656F662866696C654E57
:10B33000616D6550726F6772616D293A202000005F
:10B3400066696C654E616D65496E693A2000FFFF64
:10B3500046696C65206E6F7420666F756E642D3063
:10B36000312E00004578697420496E6465782E009E
:10B3700070616765496E6465782E7446696C654EC8
:10B38000616D652E7478743D0000000046696C653F
:10B39000206E6F7420666F756E642D303200000071
:10B3A0003D3D2D2D2D2D2D2D2D2D2D2D2D2D3D4C7E
:10B3B000696E654E756D626572203A20200000004E
:10B3C0005E5E5E5E6E657753697A65436861722082
:10B3D0003A2020002E746674000000002F00000048
:10B3E0002A2A206E6F206D6F72652066696C657306
:10B3F000202A2A007061676546696C654C69737420
:10B400002E766146696C65436F756E742E76616C3D
:10B410003D0000007061676546696C654C69737436
:10B420002E6E322E76616C3D0000000046696C6520
:10B4300020436F756E743A200000000046696C6509
:10B44000206973202E696E69206F72202E746674D5
:10B45000200000002020202066696C65496E64652C
:10B4600078202B206A3A20007061676546696C6518
:10B470004C6973742E7432312E7478743D00000060
:10B48000220000007061676546696C654C697374E1
:10B490002E7432322E7478743D000000706167653E
:10B4A00046696C654C6973742E7431332E747874EC
:10B4B0003D0000007061676546696C654C69737496
:10B4C0002E7432332E7478743D000000706167650D
:10B4D00046696C654C6973742E7432342E747874BA
:10B4E0003D0000007061676546696C654C69737466
:10B4F0002E7432352E7478743D00000070616765DB
:10B5000046696C654C6973742E7432362E74787487
:10B510003D0000007061676546696C654C69737435
:10B520002E7432372E7478743D00FFFF2E494E4939
:10B5300000000000456E74657220476574496E69AD
:10B5400046696C654C69737446726F6D53440000B4
:10B5500043617264206E6F7420666F756E640000C4
:10B560004469722053697A653A20000066696C6507
:10B57000496E646578000000312C206C617374465C
:10B58000696C65496E64657800000000322E206C9D
:10B5900061737446696C65496E64657800000000EB
:10B5A000656E7472792E69734469726563746F7223
:10B5B0007900000066696C6546756C6C4E616D655E
:10B5C0003A200000202020496E6465784F66202EC6
:10B5D000696E693A2020000069436F756E74657268
:10B5E0003A2000004E6F204D6F72652046696C65F1
:10B5F000733A20007061676553706C6173682E74D4
:10B6000031332E7478743D0066696C654E616D65EA
:10B6100050726F6772616D3A2020000046696C6558
:10B62000206E6F7420666F756E642E002A2A2A2A97
:10B630002A2A2A2A2A2A2A2A2A2A2A2A2A2A2A2A6A
:10B640002A2A2A2A2A2A2A2A2A2A2A2A2A2A312E4F
:10B650004C696E65232B313A20000000312E6D6F4E
:10B660007665547970653A2000000000312E6375CC
:10B670007272656E74436F6D6D616E643A20000086
:10B68000312E6E5374723A20000000004D6F7665C3
:10B690005479706520353900706167652037303A1C
:10B6A000200000006E5374722037303A20000000F2
:10B6B000706167652037313A200000006E53747264
:10B6C0002037313A20000000560000006E5374729B
:10B6D0003A2000002020206856616C3A20000000CB
:10B6E0002020207656616C3A20000000706167656A
:10B6F0002037343A200000006E5374722037343AF9
:10B7000020000000656E61626C652F646973616280
:10B710006C6520737465707065722049443A20002E
:10B720006E5374722076616C75653A2000000000DB
:10B73000706167652037383A200000006E537472DC
:10B740002037383A20000000706167652038323AAF
:10B75000200000006E5374722038323A200000003E
:10B760006E65775374723A20000000007072696D44
:10B7700061727949643A20202020202000000000D6
:10B7800073697A655072696D6172793A2020202060
:10B79000000000007365636F6E6461727949643AFA
:10B7A000202020200000000073697A655365636FD4
:10B7B0006E646172793A202000000000530000009E
:10B7C000420000006368617253697A655072696D66
:10B7D0006172793A202020006D756C7469706C6913
:10B7E00065725F5072696D6172793A2020200000A5
:10B7F0006368617253697A655365636F6E646172E1
:10B80000793A20006D756C7469706C6965725F536C
:10B8100065636F6E646172793A20000070616765DC
:10B820002038363A200000006E5374722038363AC1
:10B8300020000000636F756E745479706520533A70
:10B840002000000041000000636F756E7454797031
:10B850006520413A2000000020202D20200000001B
:10B860003D3D3D3D3D3D3D3D3D3D3D3D3D3D3D3D08
:10B870003D3D3D3D3D3D3D3D3D3D3D3D3D3D3D3DF8
:10B8800042616420436F6D6D616E64323A20000046
:10B8900061746F66286E537472293A006E6577532F
:10B8A000697A65436861723A0000000072657456F7
:10B8B000616C3A0045786974204765744772656524
:10B8C0006B4B65794461746146726F6D534400003F
:10B8D000424453585A00FFFF4C6F7700486967682D
:10B8E00000000000706167655370696E646C652EBE
:10B8F0007434322E7478743D000000007061676506
:10B900005370696E646C652E7434332E7478743D94
:10B9100000000000706167655370696E646C652E8D
:10B920007434342E7478743D0000000070616765D3
:10B930005370696E646C652E7434352E7478743D62
:10B9400000000000706167655A2E7434362E7478DA
:10B95000743D0000706167655A2E7434372E747818
:10B96000743D0000706167655A2E7434382E747807
:10B97000743D0000636F6E66696753657475702E61
:10B9800064697374616E63655065725265765F4178
:10B990007869735A3A202000656550726F6D506166
:10B9A000676553657475702E64697374616E636541
:10B9B0005065725265765F417869735A3A2020006B
:10B9C000706167655A2E7434392E7478743D0000A6
:10B9D00070616765582E7436302E7478743D00009F
:10B9E00070616765582E7436312E7478743D00008E
:10B9F00070616765582E7436322E7478743D00007D
:10BA000070616765582E7436332E7478743D00006B
:10BA100070616765416C7465726E617465582E74EF
:10BA200036302E7478743D0070616765416C7465C2
:10BA3000726E617465582E7436312E7478743D00C0
:10BA400070616765416C7465726E617465582E74BF
:10BA500036322E7478743D0070616765416C746590
:10BA6000726E617465582E7436332E7478743D008E
:10BA700070616765582E63322E76616C3D30000030
:10BA800070616765582E63332E76616C3D3100001E
:10BA900070616765416C7465726E617465582E6380
:10BAA000322E76616C3D300070616765416C746563
:10BAB000726E617465582E63332E76616C3D310071
:10BAC00070616765582E63322E76616C3D310000DF
:10BAD00070616765582E63332E76616C3D300000CF
:10BAE00070616765416C7465726E617465582E6330
:10BAF000322E76616C3D310070616765416C746512
:10BB0000726E617465582E63332E76616C3D300021
:10BB1000706167654D6F746F725F332E7435362EAA
:10BB20007478743D00000000706167654D6F746F3C
:10BB3000725F332E7435372E7478743D0000000028
:10BB4000706167654D6F746F725F332E7435382E78
:10BB50007478743D00000000706167654D6F746F0C
:10BB6000725F332E7435392E7478743D00000000F6
:10BB7000706167654D6F746F725F332E63302E7620
:10BB8000616C3D3000000000706167654D6F746F3F
:10BB9000725F332E63312E76616C3D310000000000
:10BBA000706167654D6F746F725F332E63302E76F0
:10BBB000616C3D3100000000706167654D6F746F0E
:10BBC000725F332E63312E76616C3D3000000000D1
:10BBD000706167654D6F746F725F332E7436342EEB
:10BBE0007478743D00000000706167654D6F746F7C
:10BBF000725F342E7435362E7478743D0000000068
:10BC0000706167654D6F746F725F342E7435372EB7
:10BC10007478743D00000000706167654D6F746F4B
:10BC2000725F342E7435382E7478743D0000000035
:10BC3000706167654D6F746F725F342E7435392E85
:10BC40007478743D00000000706167654D6F746F1B
:10BC5000725F342E63302E76616C3D300000000040
:10BC6000706167654D6F746F725F342E63312E762D
:10BC7000616C3D3100000000706167654D6F746F4D
:10BC8000725F342E63302E76616C3D31000000000F
:10BC9000706167654D6F746F725F342E63312E76FD
:10BCA000616C3D3000000000706167654D6F746F1E
:10BCB000725F342E7436342E7478743D00000000A8
:10BCC000706167654D6F72652E74382E7478743D9F
:10BCD00000000000706167654D6F72652E63312E44
:10BCE00076616C3D30000000706167654D6F726574
:10BCF0002E63312E76616C3D310000007061676506
:10BD00004D6F72652E63332E76616C3D30000000FE
:10BD1000676B5370696E646C65456E61626C653DFE
:10BD200030000000706167654D6F72652E63332EC1
:10BD300076616C3D31000000676B5370696E646C16
:10BD400065456E61626C653D31000000706167653C
:10BD50004D6F72652E63352E76616C3D30000000AC
:10BD6000676B5A456E61626C653D30007061676556
:10BD70004D6F72652E63352E76616C3D310000008B
:10BD8000676B5A456E61626C653D31007061676535
:10BD90004D6F72652E63372E76616C3D300000006A
:10BDA000676B58456E61626C653D30007061676518
:10BDB0004D6F72652E63372E76616C3D3100000049
:10BDC000676B58456E61626C653D310070616765F7
:10BDD0004D6F72652E63392E76616C3D3000000028
:10BDE000676B4D33456E61626C653D30000000004D
:10BDF000706167654D6F72652E63392E76616C3D9B
:10BE000031000000676B4D33456E61626C653D31FA
:10BE100000000000706167654D6F72652E633131FF
:10BE20002E76616C3D300000676B4D34456E61626B
:10BE30006C653D3000000000706167654D6F726594
:10BE40002E6331312E76616C3D310000676B4D34CD
:10BE5000456E61626C653D31000000007061676590
:10BE600053657475702E6274312E62636F3D323388
:10BE7000393634007061676553657475702E62746D
:10BE8000312E76616C3D3000706167654C696D697B
:10BE900074732E74302E7478743D00007061676581
:10BEA0004C696D6974732E74312E7478743D000082
:10BEB000706167654C696D6974732E74322E747885
:10BEC000743D0000706167654C696D6974732E7410
:10BED000332E7478743D0000706167654C696D693C
:10BEE00074732E74342E7478743D0000706167652D
:10BEF0004C696D6974732E74352E7478743D00002E
:10BF0000706167654C696D6974732E74372E74782F
:10BF1000743D00004D34204D696E3A202000000031
:10BF2000706167654C696D6974732E74362E747810
:10BF3000743D00004D34204D61783A20200000000F
:10BF4000706167654C696D6974732E7431332E743A
:10BF500078743D0053746F705370696E646C653A09
:10BF600020000000706167654C696D6974732E6311
:10BF7000312E76616C3D3100706167654C696D6989
:10BF800074732E63312E76616C3D3000706167658D
:10BF90004C696D6974732E63322E76616C3D31008D
:10BFA000706167654C696D6974732E63332E7661B9
:10BFB0006C3D3000706167654C696D6974732E6308
:10BFC000322E76616C3D3000706167654C696D6939
:10BFD00074732E63332E76616C3D3100706167653A
:10BFE0004C696D6974732E6274312E62636F3D32D9
:10BFF0003339363400000000706167654C696D6943
:10C0000074732E6274312E76616C3D3000FFFFFF39
:10C010007061676552657475726E732E74302E741C
:10C0200078743D007061676552657475726E732E29
:10C0300074312E7478743D00706167655265747553
:10C04000726E732E74322E7478743D007061676561
:10C0500052657475726E732E74332E7478743D004D
:10C060007061676552657475726E732E74372E74C5
:10C0700078743D007061676552657475726E732ED9
:10C0800074382E7478743D007061676552657475FC
:10C09000726E732E74392E7478743D00706167650A
:10C0A00052657475726E732E7431302E7478743DCF
:10C0B000000000007061676552657475726E732EC2
:10C0C0007431352E7478743D00000000706167652E
:10C0D00052657475726E732E7431362E7478743D99
:10C0E000000000007061676552657475726E732E92
:10C0F0006274312E62636F3D323339363400000092
:10C100007061676552657475726E732E6274312E3C
:10C1100076616C3D3000FFFF7061676545455052A8
:10C120004F4D2E743330312E7478743D0000000072
:10C1300070616765454550524F4D2E743330322E35
:10C140007478743D00000000706167654545505289
:10C150004F4D2E743330302E7478743D0000000043
:10C160006178697349643D5A3A20200070616765BF
:10C17000454550524F4D2E743330332E7478743DF4
:10C180000000000070616765454550524F4D2E74A8
:10C190003330342E7478743D0000000070616765A0
:10C1A000454550524F4D2E743330352E7478743DC2
:10C1B0000000000070616765454550524F4D2E7478
:10C1C0003331362E7478743D00000000706167656D
:10C1D000454550524F4D2E743331332E7478743D93
:10C1E000000000004E6F00005965730070616765C4
:10C1F000454550524F4D2E743331342E7478743D72
:10C200000000000070616765454550524F4D2E7427
:10C210003330362E7478743D000000004357000020
:10C2200043435700636F6E6669674D756C74692E82
:10C23000646972656374696F6E00000070616765A0
:10C24000454550524F4D2E743330372E7478743D1F
:10C250000000000070616765454550524F4D2E74D7
:10C260003330382E7478743D0000000070616765CB
:10C27000454550524F4D2E743330392E7478743DED
:10C280000000000070616765454550524F4D2E74A7
:10C290003331302E7478743D0000000070616765A2
:10C2A000454550524F4D2E743331312E7478743DC4
:10C2B0000000000070616765454550524F4D2E7477
:10C2C0003331322E7478743D000000005269676883
:10C2D000740000004C6566740000000070616765C2
:10C2E000454550524F4D2E743331372E7478743D7E
:10C2F0000000000070616765454550524F4D2E7437
:10C300003530362E7478743D00000000706167652A
:10C31000454550524F4D2E743530372E7478743D4C
:10C320000000000070616765454550524F4D2E7406
:10C330003530382E7478743D0000000070616765F8
:10C34000454550524F4D2E743530392E7478743D1A
:10C350000000000070616765454550524F4D2E74D6
:10C360003531302E7478743D0000000070616765CF
:10C37000454550524F4D2E743531312E7478743DF1
:10C380000000000070616765454550524F4D2E74A6
:10C390003531322E7478743D00000000706167659D
:10C3A000454550524F4D2E743531372E7478743DBB
:10C3B0000000000070616765454550524F4D2E7476
:10C3C0003730362E7478743D000000007061676568
:10C3D000454550524F4D2E743730372E7478743D8A
:10C3E0000000000070616765454550524F4D2E7446
:10C3F0003730382E7478743D000000007061676536
:10C40000454550524F4D2E743730392E7478743D57
:10C410000000000070616765454550524F4D2E7415
:10C420003731302E7478743D00000000706167650C
:10C43000454550524F4D2E743731312E7478743D2E
:10C440000000000070616765454550524F4D2E74E5
:10C450003731322E7478743D0000000052616469F7
:10C46000616C2F4C696E656172204D333A2000007B
:10C470002020646972416E64436865636B65643A49
:10C480002020000070616765454550524F4D2E7465
:10C490003731372E7478743D000000007061676595
:10C4A000454550524F4D2E743930362E7478743DB8
:10C4B0000000000070616765454550524F4D2E7475
:10C4C0003930372E7478743D000000007061676564
:10C4D000454550524F4D2E743930382E7478743D86
:10C4E0000000000070616765454550524F4D2E7445
:10C4F0003930392E7478743D000000007061676532
:10C50000454550524F4D2E743931302E7478743D5C
:10C510000000000052616469616C2F4C696E6561B6
:10C5200072204D343A2000007061676545455052D5
:10C530004F4D2E743931312E7478743D0000000057
:10C5400070616765454550524F4D2E743931322E1A
:10C550007478743D00000000706167654545505275
:10C560004F4D2E743931372E7478743D0000000021
:10C57000454550524F4D20496E6465782061786979
:10C580007349643A20000000636F6E666967496E04
:10C590006465785F4D61696E2E7370656564506582
:10C5A0007263656E745F5370696E646C653A2000E7
:10C5B000636F6E666967496E6465785F4D61696E29
:10C5C0002E737065656450657263656E745F537039
:10C5D000696E646C652020323A20000044697669F7
:10C5E00073696F6E73000000446567726565730060
:10C5F000466978656400000046696C6500000000CB
:10C600005A2D31005A2D3200582D3100582D32004C
:10C610004D332D31000000004D332D32000000005D
:10C620004D342D31000000004D342D32000000004B
:10C6300052616469616C0000417869616C000000BE
:10C64000656550726F6D526563506167652E6D61EF
:10C65000785370645F417869735F583A2000000036
:10C66000636F6E6669675265632E6D61785370649F
:10C670005F417869735F583A200000003461000020
:10C680003462000032610000326200003361000059
:10C69000336200005365676D656E747300000000BF
:10C6A00041637475616C00FF70616765496E692E46
:10C6B00076454550524F4D2E76616C3D000000008E
:10C6C00070616765496E692E7630302E76616C3DFB
:10C6D0000000000070616765496E692E7630382E63
:10C6E00076616C3D0000000070616765496E692EDF
:10C6F0007631362E76616C3D000000007061676512
:10C70000496E692E7632342E76616C3D0000000051
:10C71000636C69636B206D302C30000053656E6470
:10C720005061636B6564446174613A2000FFFFFFF0
:10C7300053657474696E67732E696E69000000003A
:10C74000456E7465722057726974655365747469B7
:10C750006E6773546F5344003B20526F73652045DE
:10C760006E67696E6520496E692066696C650000B8
:10C770003B2056332E312E32000000005B50726594
:10C78000666572656E6365735D0000003B000000C6
:10C790005B3B5D003B204D6F7265000056656E642B
:10C7A0006F7249643D000000256C75003B204175A7
:10C7B00078696C6C6172795F50696E206D75737405
:10C7C0002062652067726561746572207468616EAD
:10C7D0002032342E00000000417578696C6C617263
:10C7E000795F50696E3D00003B20303D44697361C4
:10C7F000626C65642C20313D456E61626C6564003D
:10C800004B6565705374657070657273456E6162D7
:10C810006C65643D000000004B6565705370696E87
:10C82000646C65456E61626C65643D004B65657066
:10C830005A456E61626C65643D0000004B65657031
:10C8400058456E61626C65643D0000004B65657023
:10C850004D33456E61626C65643D00004B656570EB
:10C860004D34456E61626C65643D00003B20537041
:10C87000696E646C650000004D6963726F73746566
:10C8800070735F5370696E646C653D0053746570BE
:10C89000735065723336305F5370696E646C653DFA
:10C8A0000000000047656172526174696F5F5370E8
:10C8B000696E646C653D0000252E35660000000041
:10C8C0003B20506F6C61726974793A204C6F773DF0
:10C8D000312C20486967683D30000000506F6C6162
:10C8E000726974795F5370696E646C653D00000015
:10C8F000256400003B205A20417869730000000045
:10C900004D6963726F73746570735F5A3D00000008
:10C9100053746570735065723336305F5A3D000052
:10C9200044697374616E63655065723336305F5A63
:10C930003D000000506F6C61726974795F5A3D0070
:10C940003B2058204178697300000000586F724105
:10C950006C745853656C65637465643D0000000039
:10C960004D6963726F73746570735F583D000000AA
:10C9700053746570735065723336305F583D0000F4
:10C9800044697374616E63655065723336305F5805
:10C990003D000000506F6C61726974795F583D0012
:10C9A0003B20416C7465726E61746520582041783B
:10C9B000697300004D6963726F73746570735F41D2
:10C9C0006C74583D000000005374657073506572BC
:10C9D0003336305F416C74583D0000004469737415
:10C9E000616E63655065723336305F416C74583DDB
:10C9F00000000000506F6C61726974795F416C7463
:10CA0000583D00003B204D33204178697300000001
:10CA10004D6963726F73746570735F4D333D0000D1
:10CA200053746570735065723336305F4D333D001B
:10CA300047656172526174696F5F4D333D0000005C
:10CA4000506F6C61726974795F4D333D0000000076
:10CA500044697374616E63655065723336305F4D3F
:10CA6000333D000052616469616C4F724C696E65C0
:10CA7000616C5F4D333D00004D33526164697573E5
:10CA80003D0000003B204D342041786973000000D8
:10CA90004D6963726F73746570735F4D343D000050
:10CAA00053746570735065723336305F4D343D009A
:10CAB00047656172526174696F5F4D343D000000DB
:10CAC000506F6C61726974795F4D343D00000000F5
:10CAD00044697374616E63655065723336305F4DBF
:10CAE000343D000052616469616C4F724C696E653F
:10CAF000616C5F4D343D00004D3452616469757363
:10CB00003D0000005B4C696D6974735D00000000BE
:10CB10003B204C696D697420537769746368657351
:10CB2000616E642053746F702070696E73206D7530
:10CB30007374206265206772656174657220746821
:10CB4000616E2032342E00004D696E5F5A3D000048
:10CB50004D61785F5A3D00004D696E5F583D0000A1
:10CB60004D61785F583D00004D696E5F4D333D006B
:10CB70004D61785F4D333D004D696E5F4D343D0032
:10CB80004D61785F4D343D003B2053746F702073CE
:10CB900070696E646C65207768656E206C696D697C
:10CBA0007420686974203D20312E204C65617665C3
:10CBB000207370696E646C652072756E6E696E6745
:10CBC000203D20300000000053746F705370696E78
:10CBD000646C653D000000006553746F703D00009B
:10CBE0003B204E6F726D616C6C7920436C6F736586
:10CBF00064203D20302C204E6F726D616C6C79206A
:10CC00004F70656E203D2031000000004E432D4ED8
:10CC10004F3D00005B52657475726E735D000000DD
:10CC20003B20416C6C2073706565647320616E6499
:10CC300020616363656C6C65726174696F6E7320EB
:10CC400061726520696E20737465707320706572FF
:10CC5000207365636F6E64004D6178537065656421
:10CC60005F5370696E646C653D00000041636365ED
:10CC70006C5F5370696E646C653D00004D61785364
:10CC8000706565645F417869735F5A3D000000001C
:10CC9000416363656C5F417869735F5A3D000000D2
:10CCA0004D617853706565645F417869735F583D85
:10CCB00000000000416363656C5F417869735F58F1
:10CCC0003D0000004D617853706565645F4178698F
:10CCD000735F4D333D000000416363656C5F4178D5
:10CCE00069735F4D333D00004D6178537065656435
:10CCF0005F417869735F4D343D00000041636365B7
:10CD00006C5F417869735F4D343D00005B4D616934
:10CD10006E5D00003B204178697320496473203ABE
:10CD2000205370696E646C65203D20302C205A20A1
:10CD30003D20312C2058203D20322C204D33203DE9
:10CD400020332C204D34203D20340000417869737D
:10CD500049643D00256C64005370656564506572DC
:10CD600063656E746167655F5370696E646C653D81
:10CD7000000000004D617853706565645F5A3D00A6
:10CD8000416363656C5F5A3D000000005370656548
:10CD90006450657263656E746167655F5A3D00003B
:10CDA0004D617853706565645F583D00416363650C
:10CDB0006C5F583D000000005370656564506572FB
:10CDC00063656E746167655F583D00004D6178531F
:10CDD000706565645F4D333D00000000416363652D
:10CDE0006C5F4D333D0000005370656564506572A3
:10CDF00063656E746167655F4D333D004D617853C7
:10CE0000706565645F4D343D0000000041636365FB
:10CE10006C5F4D343D000000537065656450657271
:10CE200063656E746167655F4D343D005B4D756C85
:10CE3000746953796E635D003B53657474696E6702
:10CE40007320617265207368617265642062657425
:10CE50007765656E204F6E6520616E64204D756C40
:10CE6000746953796E632070616765732E000000EA
:10CE70003B436865636B6564206178657320414E50
:10CE800044656420746F67657468657220616E64C0
:10CE90002073746F72656420696E206F6E652076F2
:10CEA00061726961626C652E000000004368656311
:10CEB0006B65645F417865734944733D0000000011
:10CEC00054617267657444697374616E63655F531E
:10CED00070696E646C653D002D2D2D2D2D2D2D2D31
:10CEE0002D2D2D2D2D2D2D2D2D2D2D2D2D2D2D2D72
:10CEF0002D2D2D2D2D2D2D2D2D2D636F6E666967FA
:10CF00004D756C74692E77617665735F5370696EC9
:10CF1000646C650057617665735F5370696E646C0D
:10CF2000653D00003B204357203D20322C204343E9
:10CF300057203D2033000000446972656374696FB7
:10CF40006E5F5370696E646C653D32004469726552
:10CF50006374696F6E5F5370696E646C653D330016
:10CF600054617267657444697374616E63655F5A76
:10CF70003D00000057617665735F5A3D0000000078
:10CF80003B2052696768743D322C204C6566743DC5
:10CF900033000000446972656374696F6E5F5A3DC7
:10CFA00032000000446972656374696F6E5F5A3DB8
:10CFB0003300000054617267657444697374616E74
:10CFC00063655F583D00000057617665735F583DAB
:10CFD00000000000446972656374696F6E5F583DBC
:10CFE00032000000446972656374696F6E5F583D7A
:10CFF0003300000054617267657444697374616E34
:10D0000063655F4D333D000057617665735F4D3357
:10D010003D0000003B20526967687420616E642007
:10D020004357203D20322C204C65667420616E648D
:10D0300020434357203D20330000000044697265BF
:10D040006374696F6E5F4D333D32000044697265F1
:10D050006374696F6E5F4D333D33000054617267D6
:10D06000657444697374616E63655F4D343D00009F
:10D0700057617665735F4D343D0000004469726509
:10D080006374696F6E5F4D343D32000044697265B0
:10D090006374696F6E5F4D343D3300005B496E64AD
:10D0A00065785D003B204178697320496473203ABC
:10D0B000205370696E646C65203D20302C20204D1B
:10D0C00033203D20332C204D34203D2034000000FF
:10D0D000496E64657849643D000000003B20537947
:10D0E0006E6368726F6E697A65204D33616E64207D
:10D0F0005370696E646C650053796E6368726F5F1C
:10D100004D335F616E645F5370696E646C653D00A2
:10D1100053796E6368726F5F50657263656E746198
:10D1200067653D003B204D33000000003B204D343F
:10D13000000000003B202D2D2D2D2D2D2D2D2D2DD2
:10D140002D2D2D2D2D2D202D000000003B20496E72
:10D1500064657820310000003B204469766973697A
:10D160006F6E3A30202044656772656573203A20FF
:10D17000310000004469766973696F6E734F7244C1
:10D180006567726565735F313D0000003B2046694D
:10D190007865643A30202046696C65203A20310079
:10D1A00046697865644F7246696C655F313D000081
:10D1B00053697A655F313D003B20496E6465782094
:10D1C000320000004469766973696F6E734F724470
:10D1D0006567726565735F323D000000466978657A
:10D1E000644F7246696C655F323D000053697A6531
:10D1F0005F323D003B20496E6465782033000000BB
:10D200004469766973696F6E734F724465677265BE
:10D2100065735F333D00000046697865644F724670
:10D22000696C655F333D000053697A655F333D008B
:10D230003B20496E646578203400000044697669BB
:10D2400073696F6E734F72446567726565735F349F
:10D250003D00000046697865644F7246696C655F01
:10D26000343D000053697A655F343D003B20496ED0
:10D2700064657820350000004469766973696F6ED3
:10D28000734F72446567726565735F353D000000DA
:10D2900046697865644F7246696C655F353D00008C
:10D2A00053697A655F353D005B4D6F76655D0000C3
:10D2B00044697374616E63655F5A313D000000001C
:10D2C00044697374616E63655F5A323D000000000B
:10D2D00044697374616E63655F58313D00000000FE
:10D2E00044697374616E63655F58323D00000000ED
:10D2F00044697374616E63655F4D33202D20313D49
:10D300000000000044697374616E63655F4D3320F3
:10D310002D20323D0000000044697374616E636526
:10D320005F4D34202D20313D0000000044697374AE
:10D33000616E63655F4D34202D20323D000000009A
:10D340005B5368617265645D000000003B205365BB
:10D350007474696E677320736861726564206265B6
:10D36000747765656E0000003B204D61696E2C206E
:10D3700053796E632C2052656369702C20526F7351
:10D38000652C20477265656B204B65792C20616E9A
:10D39000642050726F6772616D2070616765730001
:10D3A0003B2053796E6368726F6E697A65204D33E6
:10D3B00020616E64205370696E646C65000000002B
:10D3C0003B2053796E632C2052656369702C204793
:10D3D0007265656B204B65792C20616E64205072FC
:10D3E0006F6772616D207061676573003B205261E9
:10D3F0006469616C3D302C20417869616C3D31007D
:10D4000052616469616C5F417869616C3D00000044
:10D410005B53796E635D00003B205265766F6C75DF
:10D4200074696F6E73203D20302C204465677265EF
:10D430006573203D203100005265766F6C7574690C
:10D440006F6E735F6F725F446567726565733D00F1
:10D450005265766F6C7574696F6E733D00000000E5
:10D460003B2048656C69782054797065203A204CDF
:10D47000656674203D20302C205269676874203D19
:10D480002031000048656C6978547970653D000072
:10D490005B52656369705D003B205374796C652055
:10D4A000313D457175616C20416E676C652C203291
:10D4B0003D5371756172652C20333D536177746FF4
:10D4C0006F7468005374796C653D00003B205261B5
:10D4D0006469616C0000000052616469616C5F57AF
:10D4E000617665733D00000052616469616C5F5351
:10D4F00070696E646C655F446567726565733D0055
:10D5000052616469616C5F417869735F416D706CF1
:10D5100069747564653D00003B20417869616C0069
:10D52000417869616C5F57617665733D000000006A
:10D53000417869616C5F5370696E646C655F416DC1
:10D54000706C69747564653D000000004178696124
:10D550006C5F417869735F44697374616E63653DA4
:10D5600000000000526574726F5370696E646C65E0
:10D5700044697374616E63653D00000052657472A6
:10D580006F4178697344697374616E63653D00002F
:10D590003B204E6F204C617374205365676D656E40
:10D5A00074203A204E6F6E65203D20312C2053654B
:10D5B000676D656E74203D20300000004E6F4C6139
:10D5C00073744C65673D00005B477265656B4B6526
:10D5D000795D00003B205061747465726E547970FF
:10D5E000653A203461203A20322C203462203A20DF
:10D5F000332C203361203A20362C203362203A200D
:10D60000372C203261203A20342C203262203A20FC
:10D61000350000005061747465726E547970653D18
:10D62000000000005061747465726E73506572334F
:10D6300036303D005061747465726E436F756E7460
:10D640003D0000005365676D656E744C656E6774D0
:10D65000683D00005B50726F6772616D5D00000095
:10D660003B205365676D656E74733A20322020410C
:10D67000637475616C203A20330000005365676D58
:10D68000656E74734F7241637475616C3D00000088
:10D690005B526F73655D0000526F73655F6E3D0096
:10D6A000526F73655F643D005370696E646C6552C0
:10D6B00065766F6C7574696F6E733D00416D706C4B
:10D6C00069747564655F5A3D00000000416D706CBF
:10D6D00069747564655F583D00000000416D706CB1
:10D6E00069747564655F4D333D000000416D706C79
:10D6F00069747564655F4D343D0000003B456E64A0
:10D7000020696E690000000053657474696E677368
:10D710002E696E6920436F6D706C6574652E000014
:10D720007669732074332C3100FFFFFF696E695FE7
:10D7300046696C654E616D653A200000496E69204E
:10D7400066696C652000000020646F6573206E6F51
:10D7500074206578697374007669732074312C3194
:10D7600000000000696E692066696C652000000099
:10D77000206E6F742076616C69643A2000000000AE
:10D780007765706F200000002C00000062756666EF
:10D7900065722D546578743A2000000070616765E9
:10D7A000496E692E7431312E7478743D000000008A
:10D7B00070616765496E692E7431322E7478743DDC
:10D7C0000000000070616765496E692E7431332E68
:10D7D0007478743D000000002D2D2D2D2D2D2D2D44
:10D7E0002D2D2D2D2D2D2D2D000000004261643A90
:10D7F00000000000202D20005061747465726E736B
:10D800005065723336300000477265656B4B657941
:10D81000000000005061747465726E436F756E7421
:10D82000000000005365676D656E744C656E67742B
:10D830006800FFFF5265766F6C7574696F6E7300D8
:10D8400052616469616C5F57617665730000000026
:10D85000526563697000000052616469616C5F53D6
:10D8600070696E646C655F4465677265657300001E
:10D8700052616469616C5F417869735F416D706C7E
:10D880006974756465000000417869616C5F576177
:10D8900076657300417869616C5F5370696E646C82
:10D8A000655F416D706C697475646500417869618C
:10D8B0006C5F417869735F44697374616E6365007E
:10D8C000526574726F4178697344697374616E63F1
:10D8D00065000000526574726F5370696E646C6508
:10D8E00044697374616E636500FFFFFF4D61785397
:10D8F000706565645F5370696E646C65000000005C
:10D9000052657475726E7300416363656C5F53702A
:10D91000696E646C650000004D61785370656564E4
:10D920005F417869735F5A00416363656C5F41785A
:10D9300069735F5A000000004D617853706565643B
:10D940005F417869735F5800416363656C5F41783C
:10D9500069735F58000000004D617853706565641D
:10D960005F417869735F4D33000000004163636578
:10D970006C5F417869735F4D330000004D617853EF
:10D98000706565645F417869735F4D340000000025
:10D99000416363656C5F417869735F4D3400FFFFDD
:10D9A000537065656450657263656E746167655F29
:10D9B0005370696E646C65004D756C746953796E53
:10D9C000630000004178697349640000436865633F
:10D9D0006B65645F41786573494473005370656596
:10D9E0006450657263656E746167655F5A0000001C
:10D9F000537065656450657263656E746167655FD9
:10DA000058000000537065656450657263656E74FC
:10DA10006167655F4D3300005370656564506572E2
:10DA200063656E746167655F4D3400004D617853C6
:10DA3000706565645F5A00004D6178537065656478
:10DA40005F5800004D617853706565645F4D330029
:10DA50004D617853706565645F4D34004163636563
:10DA60006C5F5A00416363656C5F58004163636596
:10DA70006C5F4D3300000000416363656C5F4D34A3
:10DA80000000000054617267657444697374616ECC
:10DA900063655F5370696E646C6500005461726702
:10DAA000657444697374616E63655F5A00000000B9
:10DAB00054617267657444697374616E63655F581D
:10DAC0000000000054617267657444697374616E8C
:10DAD00063655F4D3300000054617267657444698B
:10DAE0007374616E63655F4D340000004469726554
:10DAF0006374696F6E5F5370696E646C65000000DB
:10DB0000446972656374696F6E5F5A004469726537
:10DB10006374696F6E5F5800446972656374696FFE
:10DB20006E5F4D3300000000446972656374696F75
:10DB30006E5F4D340000000057617665735F53706F
:10DB4000696E646C6500000057617665735F5A000A
:10DB500057617665735F580057617665735F4D3323
:10DB60000000000057617665735F4D3400FFFFFFD2
:10DB7000536861726564000052616469616C5F4161
:10DB80007869616C0000000048656C6978547970B0
:10DB90006500000053796E6368726F5F4D335F619B
:10DBA0006E645F5370696E646C65000053796E63D8
:10DBB00068726F5F50657263656E7461676500FFC0
:10DBC000526F73655F6E0000526F73655F64000093
:10DBD0005370696E646C655265766F6C7574696FAD
:10DBE0006E730000416D706C69747564655F5A00F6
:10DBF000416D706C69747564655F5800416D706C3F
:10DC000069747564655F4D3300000000416D706C90
:10DC100069747564655F4D3400FFFFFF4469737478
:10DC2000616E63655F5A310044697374616E636548
:10DC30005F5A320044697374616E63655F583100E6
:10DC400044697374616E63655F583200446973742C
:10DC5000616E63655F4D332D31000000446973745C
:10DC6000616E63655F4D332D32000000446973744B
:10DC7000616E63655F4D342D31000000446973743B
:10DC8000616E63655F4D342D3200FFFF5365676D34
:10DC9000656E74734F7241637475616C00000000AF
:10DCA0005061747465726E54797065005374796C48
:10DCB0006500FFFF496E64657849640041757869C5
:10DCC0006C6C6172795F50696E000000507265661D
:10DCD0006572656E636573004469766973696F6E1A
:10DCE000734F72446567726565735F3100000000B1
:10DCF00046697865644F7246696C655F3100000063
:10DD000053697A655F31000072657475726E566191
:10DD10006C3A202000000000636F6E666967496EF0
:10DD20006465785F312E73697A65496E53746570E6
:10DD3000733A2000636F6E666967496E6465785F49
:10DD4000312E73697A65496E556E6974733A200095
:10DD50004469766973696F6E734F72446567726563
:10DD600065735F320000000046697865644F724653
:10DD7000696C655F3200000053697A655F320000AC
:10DD8000636F6E666967496E6465785F322E73698A
:10DD90007A65496E53746570733A2000636F6E66DE
:10DDA0006967496E6465785F322E73697A65496E7A
:10DDB000556E6974733A20004469766973696F6EB1
:10DDC000734F72446567726565735F3300000000CE
:10DDD00046697865644F7246696C655F3300000080
:10DDE00053697A655F3300004469766973696F6EC1
:10DDF000734F72446567726565735F34000000009D
:10DE000046697865644F7246696C655F340000004E
:10DE100053697A655F3400004469766973696F6E8F
:10DE2000734F72446567726565735F35000000006B
:10DE300046697865644F7246696C655F350000001D
:10DE400053697A655F3500FF4D61696E000000001F
:10DE500056656E646F72496400FFFFFF506F6C611E
:10DE6000726974795F4D3400506F6C6172697479B6
:10DE70005F5370696E646C650000000052616469F4
:10DE8000616C4F724C696E65616C5F4D34000000CF
:10DE9000506F6C61726974795F5A0000506F6C61E9
:10DEA000726974795F416C7458000000506F6C6146
:10DEB000726974795F5800004E6F4C6173744C65E1
:10DEC00067000000506F6C61726974795F4D3300B8
:10DED0004E432D4E4F0000004C696D697473000075
:10DEE00052616469616C4F724C696E65616C5F4D23
:10DEF000330000004B656570537465707065727314
:10DF0000456E61626C6564004D6963726F73746520
:10DF100070735F5370696E646C6500005374657054
:10DF2000735065723336305F5370696E646C650090
:10DF300047656172526174696F5F5370696E646C9A
:10DF4000650000004D6963726F73746570735F5A8A
:10DF50000000000053746570735065723336305F93
:10DF60005A00000044697374616E636550657233D2
:10DF700036305F5A000000007765706F20302C311A
:10DF8000383800004D6963726F73746570735F5841
:10DF90000000000053746570735065723336305F53
:10DFA0005800000044697374616E63655065723394
:10DFB00036305F58000000004D6963726F737465FE
:10DFC00070735F416C745800537465707350657260
:10DFD0003336305F416C745800000000446973743C
:10DFE000616E63655065723336305F416C74580002
:10DFF0004D6963726F73746570735F4D3300000019
:10E0000053746570735065723336305F4D33000062
:10E0100047656172526174696F5F4D3300000000A3
:10E0200044697374616E63655065723336305F4D59
:10E03000330000004D3352616469757300000000C5
:10E040004D6963726F73746570735F4D34000000C7
:10E0500053746570735065723336305F4D34000011
:10E0600047656172526174696F5F4D340000000052
:10E07000636F6E66696753657475702E676561724C
:10E08000526174696F5F417869734D343A202000A2
:10E090006C6B6A7364613B6C6A6173646C3B666B46
:10E0A0006A73613B6C646B666A613B736C6A666140
:10E0B0006C733B6B6A666C613B736B6A666C3B733B
:10E0C000616B6A66617364663B6C6B736A6466005D
:10E0D00044697374616E63655065723336305F4DA9
:10E0E000340000004D3452616469757300FFFFFF16
:10E0F0004D696E5F4D3300004D61785F4D33000018
:10E100006553746F7000000053746F705370696EC4
:10E11000646C65004D696E5F5A0000004D61785F68
:10E120005A0000004D696E5F580000004D61785F35
:10E13000580000004D696E5F4D3400002D2D2D2DCF
:10E140002D2D2D2D2D52657475726E56616C2D2DF1
:10E150002D2D2D2D2D2D2D2D2D2D2D2D2D2D2D2DEF
:10E160002D2D2D2D2D2D2D2D2D2D2D2D2D4D696E42
:10E170005F4D343A000000002D2D2D2D2D2D2D2D1D
:10E180002D2D2D2D2D2D2D2D2D2D2D2D2D2D2D2DBF
:10E190002D2D2D2D2D2D2D2D2D2D2D2D2D2D2D2DAF
:10E1A00076616C7565303A004D61785F4D3400FFE3
:10E1B000496E692066696C6520666F756E642E2EE7
:10E1C0002E2E2E2E000000004E6F20436172642E12
:10E1D0002E2E2E2E2E2E2E2E2E2E2E2E2E2E2E2E5F
:10E1E000000000007669732067302C3100FFFFFFCC
:10E1F0006274302E62636F3D353537313500000073
:10E200006274322E62636F3D353537313500000060
:10E210006274332E62636F3D35353731350000004F
:10E22000706167654D61696E2E6274342E62636F32
:10E230003D35353731350000706167654D61696E78
:10E240002E6274342E76616C3D300000706167651B
:10E250004D61696E2E6274352E62636F3D353537C0
:10E2600031350000706167654D61696E2E627435ED
:10E270002E76616C3D300000706167654D61696E9E
:10E280002E6274362E62636F3D35353731350000AE
:10E29000706167654D61696E2E6274362E76616CB1
:10E2A0003D300000706167654D61696E2E627437A4
:10E2B0002E62636F3D35353731350000706167651B
:10E2C0004D61696E2E6274372E76616C3D300000B0
:10E2D000706167654D61696E2E6274302E62636F86
:10E2E0003D35353731350000706167654D61696EC8
:10E2F0002E6274302E76616C3D300000706167656F
:10E300004D61696E2E6274312E62636F3D35353713
:10E3100031350000706167654D61696E2E62743140
:10E320002E76616C3D300000706167654D61696EED
:10E330002E6274322E62636F3D3535373135000001
:10E34000706167654D61696E2E6274322E76616C04
:10E350003D300000706167654D61696E2E627433F7
:10E360002E62636F3D35353731350000706167656A
:10E370004D61696E2E6274332E76616C3D30000003
:10E38000706167654D61696E2E7661322E76616CC3
:10E390003D313000706167654D756C74692E627433
:10E3A000313030312E62636F3D3535373135000005
:10E3B000706167654D756C74692E627431303031EF
:10E3C0002E76616C3D300000706167654D756C7430
:10E3D000692E6274313030322E62636F3D353537CD
:10E3E00031350000706167654D756C74692E62741B
:10E3F000313030322E76616C3D30000070616765DF
:10E400004D756C74692E6274313030332E62636FD7
:10E410003D35353731350000706167654D756C7479
:10E42000692E6274313030332E76616C3D300000DD
:10E43000706167654D756C74692E6274313030346B
:10E440002E62636F3D353537313500007061676589
:10E450004D756C74692E6274313030342E76616C77
:10E460003D300000706167654D756C74692E627493
:10E47000313030302E62636F3D3535373135000035
:10E48000706167654D756C74692E6274313030301F
:10E490002E76616C3D300000706167654D756C745F
:10E4A000692E6274302E62636F3D35353731350029
:10E4B000706167654D756C74692E6274302E76617B
:10E4C0006C3D3000706167654D756C74692E6274C7
:10E4D000312E62636F3D35353731350070616765C8
:10E4E0004D756C74692E6274312E76616C3D30000E
:10E4F000706167654D756C74692E6274322E62634B
:10E500006F3D353537313500706167654D756C7419
:10E51000692E6274322E76616C3D300070616765E1
:10E520004D756C74692E7661302E76616C3D31309C
:10E530000000000070616765496E64657800000046
:10E54000706167654D6F76650000000070616765FA
:10E5500053796E6300000000706167655265630067
:10E560007061676547726B007061676550726F67B5
:10E5700072616D0070616765526F73650000000025
:10E58000706167654F6E65007061676553706C619F
:10E5900073682E76614553746F702E76616C3D31D1
:10E5A00000FFFFFF456E7465722052756E4F6E65F9
:10E5B000537465707065722E0000000031302E615A
:10E5C00078697349643A2020000000002020202050
:10E5D000202020202020202020202020202020203B
:10E5E0002020202020204553746F70200000000060
:10E5F000706167654F6E652E62743330312E7661BF
:10E600006C3D3000706167654F6E652E627433300B
:10E61000312E7478743D000044697361626C6564E6
:10E620000000000022FFFFFF00000000706167652E
:10E630004F6E652E62743330322E76616C3D300041
:10E64000706167654F6E652E62743330322E747858
:10E65000743D0000706167654F6E652E62743330E3
:10E66000332E76616C3D3000706167654F6E652EAC
:10E6700062743330332E7478743D000070616765C6
:10E680004F6E652E62743330342E76616C3D3000EF
:10E69000706167654F6E652E62743330342E747806
:10E6A000743D0000706167654F6E652E6274333093
:10E6B000302E76616C3D3000706167654F6E652E5F
:10E6C00062743330302E7478743D00007061676579
:10E6D0004D756C74692E6274313330312E76616CF5
:10E6E0003D310000706167654D756C74692E627410
:10E6F000313330312E7478743D00000070616765ED
:10E700004D756C74692E6274313330322E76616CC3
:10E710003D300000706167654D756C74692E6274E0
:10E72000313330322E7478743D00000070616765BB
:10E730004D756C74692E6274313330332E76616C92
:10E740003D300000706167654D756C74692E6274B0
:10E75000313330332E7478743D000000706167658A
:10E760004D756C74692E6274313330342E76616C61
:10E770003D300000706167654D756C74692E627480
:10E78000313330342E7478743D0000007061676559
:10E790004D756C74692E6274313330302E76616C35
:10E7A0003D300000706167654D756C74692E627450
:10E7B000313330302E7478743D00FFFF5A20496E9B
:10E7C000697469616C20706F736974696F6E3A2047
:10E7D000200000005A204D617820706F73697469C1
:10E7E0006F6E3A20200000007374617274506F7372
:10E7F0006974696F6E4162735F417869733A202072
:10E80000000000005A20496E697469616C20706FC5
:10E81000736974696F6E5F323A2020007265747597
:10E82000726E506F736974696F6E4162735F417885
:10E8300069733A20200000005370696E646C652093
:10E840004D6F7665204173796E6300007370696E59
:10E85000646C654D6178526F746174696F6E3A00D3
:10E8600020202020202020202020202020202020A8
:10E87000202020202020202020206C696D697450E9
:10E88000696E5F4D6178000020202020202020202C
:10E890002020202020202020202020202020202078
:10E8A00020206C696D697450696E5F4D696E00005F
:10E8B000736C6964655374657073416D706C6974D1
:10E8C000756465202D20656E64506F736974696F7F
:10E8D0006E5F417869733A200000000070616765DF
:10E8E000526F73652E6274332E76616C3D3000007A
:10E8F00070616765526F73652E6274322E76616C3B
:10E900003D30000070616765526F73652E7661302F
:10E910002E76616C3D30000070616765526F7365E3
:10E920002E6274312E76616C3D300000656E64504D
:10E930006F736974696F6E5F5370696E646C653A6A
:10E9400000000000656E64506F736974696F6E5FDC
:10E95000417869733A2000002D2D2D2D2D2D2D2D60
:10E960002D2D2D2D2D2D2D0070616765526F736536
:10E970002E627431302E76616C3D310070616765B6
:10E98000526F73652E627431312E76616C3D3100A9
:10E9900070616765526F73652E627431302E7661D7
:10E9A0006C3D300070616765526F73652E62743123
:10E9B000302E7478743D000070616765526F736526
:10E9C0002E627431312E76616C3D30007061676566
:10E9D000526F73652E627431312E7478743D00FF6E
:10E9E0004B65657020456E61626C65642D5370697E
:10E9F0006E646C653A200000706167654D61696EF8
:10EA00002E627431302E76616C3D31007061676525
:10EA10004D61696E2E627431302E76616C3D30002E
:10EA2000706167654D61696E2E627431302E747845
:10EA3000743D00004B65657020456E61626C6564D5
:10EA40002D5A3A20000000004B65657020456E612C
:10EA5000626C65642D583A20000000004B656570BB
:10EA600020456E61626C65642D4D333A20000000D4
:10EA70004B65657020456E61626C65642D4D343A5E
:10EA800020000000536574456E61626C652849443E
:10EA90005F415849535F342C2066616C73652C20AC
:10EAA00074727565290000006B6565704D6F746F39
:10EAB00072456E61626C65643A000000636F6E6659
:10EAC000696753657475702E6B65657053746570F6
:10EAD00070657273456E61626C65643A2000000077
:10EAE00031312E2E2E2E2E2E2E2E2E2E706167655B
:10EAF0004D61696E2E627431312E76616C3D31004C
:10EB0000706167654D61696E2E627431312E766178
:10EB10006C3D3000706167654D61696E2E627431C5
:10EB2000312E7478743D000031322E2E2E2E2E2E72
:10EB30002E2E2E2E2E2E706167654D61696E2E620F
:10EB40007431312E76616C3D3000000031332E2E51
:10EB50002E2E2E2E2E2E2E2E2E2E2E2E2E6B65652A
:10EB6000704D6F746F72456E61626C65643D31000B
:10EB70004C696D69745F4D696E202D2043435720A9
:10EB80002D20547269707065643A202000FFFFFFE9
:10EB9000456E74657220477265656B4B65795F4D94
:10EBA0006F76655F417869732E2E2E2E2E2E2E2EB7
:10EBB0002E2E2E2E2E2E2E2E2E2E2E2E2E2E2E00A3
:10EBC0007365676D656E7453746570733A200000E9
:10EBD0006D756C7469706C6965723A200000000094
:10EBE00054617267657453746570733A2000000055
:10EBF0003D3D3D3D3D3D3D3D3D3D3D3D3D3D3D3D45
:10EC00003D3D3D3D3D3D3D002020477265656B4BE0
:10EC100065795F4D6F766520202020202020202000
:10EC200020202020202020202020202020202045BF
:10EC300053746F702000000053746F7047726565E5
:10EC40006B4B6579282920697320747275653A00C9
:10EC500063757272656E7453706565643A20000066
:10EC60004178697320706F736974696F6E3A200020
:10EC700020202043617365203100000020202043C4
:10EC800061736520320000002020204361736520FD
:10EC90003300000020202043617365203400000011
:10ECA0002020202020202020202020202020202064
:10ECB000202020202020202020204553746F700029
:10ECC0007061676547726B2E6274302E76616C3DA1
:10ECD000300000007061676547726B2E62743130DE
:10ECE0002E76616C3D3000007061676547726B2E57
:10ECF000627431302E7478743D0000007061676575
:10ED000047726B2E627431312E76616C3D3000009B
:10ED10007061676547726B2E627431312E7478743E
:10ED20003D0000007061676550726F6772616D2E03
:10ED30006274312E76616C3D300000007061676551
:10ED400050726F6772616D2E7661302E76616C3D08
:10ED5000300000007061676550726F6772616D2EE0
:10ED60006274302E76616C3D300000007061676522
:10ED700050726F6772616D2E627431302E76616CE5
:10ED80003D3000007061676550726F6772616D2E73
:10ED9000627431302E7478743D00000070616765D4
:10EDA00050726F6772616D2E627431312E76616CB4
:10EDB0003D3000007061676550726F6772616D2E43
:10EDC000627431312E7478743D00000070616765A3
:10EDD00042452E74312E7478743D00007061676571
:10EDE00042452E74322E7478743D00FF202020207E
:10EDF0002020202020202020202020202020202013
:10EE00002020202020206C696D697450696E00FFFD
:10EE10003E3E3E3E3E3E3E3E3E3E3E3E3E3E3E3E12
:10EE20004D696E53706565642053746F703C3C3C53
:10EE30003C3C3C3C3C3C3C3C3C3C3C3C2000FFFFE4
:10EE4000456E74657220477265656B4B65795F4DE1
:10EE50006F76655F5370696E646C652E2E2E2E2E54
:10EE60002E2E2E2E2E2E2E2E2E2E2E2E2E2E2E2EC2
:10EE70002E2E00007461726765745374657073524E
:10EE80006F756E6465643A20000000002D302D2DF2
:10EE90002D2D2D2D2D2D2D2D2D2D2D2D2D2D2D2DA2
:10EEA0002D2D2D2D2D2D2D2D2D2D2D2D2D2D0000EC
:10EEB000737465707065725F3120706F7369746907
:10EEC0006F6E3A2000000000656E64506F736974C5
:10EED000696F6E5F5370696E646C653A2000000064
:10EEE00063756D756C61746976655F5370696E6486
:10EEF0006C653A20000000002D312D2D2D2D2D2D7B
:10EF00002D2D2D2D2D2D2D2D2D2D2D2D2D2D2D2D31
:10EF10002D2D2D2D2D2D2D2D2D2D00005E5E5E5EB7
:10EF20005E5E5E5E5E5E5E5E5E5E5E5E5E5E5E5E01
:10EF30005E5E5E5E5E5E5E00477265656B4B657928
:10EF4000203461206553746F70206F72206C696D7E
:10EF50006974207472696767657265642E2E2E2E3F
:10EF60002E2E2E2E2E2E2E2E2E2E2E2E2E2E2E2EC1
:10EF70002E2E2E00743230302E7478743D00FFFF38
:10EF8000477265656B4B6579203462206553746FF9
:10EF900070206F72206C696D697420747269676784
:10EFA000657265642E2E2E2E2E2E2E2E2E2E2E2E99
:10EFB0002E2E2E2E2E2E2E2E2E2E2E0047726565D4
:10EFC0006B4B6579203361206553746F70206F72CD
:10EFD000206C696D69742074726967676572656415
:10EFE0002E2E2E2E2E2E2E2E2E2E2E2E2E2E2E2E41
:10EFF0002E2E2E2E2E2E2E00477265656B4B6579B8
:10F00000203362206553746F70206F72206C696DBD
:10F010006974207472696767657265642E2E2E2E7E
:10F020002E2E2E2E2E2E2E2E2E2E2E2E2E2E2E2E00
:10F030002E2E2E00477265656B4B6579203261205C
:10F040006553746F70206F72206C696D69742074E1
:10F0500072696767657265642E2E2E2E2E2E2E2EF7
:10F060002E2E2E2E2E2E2E2E2E2E2E2E2E2E2E00EE
:10F070004449525F4343572000FFFFFF47726565D5
:10F080006B4B6579203262206553746F70206F720C
:10F09000206C696D69742074726967676572656454
:10F0A0002E2E2E2E2E2E2E2E2E2E2E2E2E2E2E2E80
:10F0B0002E2E2E2E2E2E2E00426567696E20526552
:10F0C0007475726E546F5374617274506F73697497
:10F0D000696F6E28290000007374617274506F7339
:10F0E0006974696F6E4162735F417869733A200099
:10F0F0005A20706F736974696F6E3A2000000000C7
:10F100006D61785370645F52657475726E5F41789B
:10F1100069735F5A3A2000005820706F73697469F0
:10F120006F6E3A2000000000706167654D6F766574
:10F130002E6274312E76616C3D300000706167651F
:10F140004D6F76652E7661302E76616C3D30000015
:10F15000706167654D6F76652E6274302E76616CD6
:10F160003D3000FF4D6F746F7250696E3A204869F0
:10F1700067680000706167654D6F76652E62743256
:10F180002E76616C3D300000706167654D6F76656D
:10F190002E6274332E76616C3D30000070616765BD
:10F1A0004D6F76652E74362E7478743D0000000025
:10F1B000706167655265632E7661302E76616C3DB5
:10F1C00030000000706167655265632E6274312EF5
:10F1D00076616C3D30000000706167654D6F76654B
:10F1E0002E627431312E76616C3D3100706167653D
:10F1F0004D6F76652E627431312E76616C3D300034
:10F20000706167654D6F76652E627431312E74784A
:10F21000743D00004D6F746F7250696E3A204869FA
:10F2200067682000636865636B6564436F756E741F
:10F23000203A2000706167654D61696E2E766130FD
:10F240002E76616C3D300000636F6E6669674D61BC
:10F25000696E2E6178697349643A20007374657031
:10F2600070657231206178697349643A202000002A
:10F2700044697361626C6520417869733A202000AB
:10F28000706167654F6E652E627431302E76616CE9
:10F290003D300000706167654F6E652E62743130DD
:10F2A0002E7478743D0000006B6565705374657052
:10F2B00070657273456E61626C65643A202000FF70
:10F2C0007374657073546F4D6F76655F5370696EBC
:10F2D000646C653A200000007374657073546F4D60
:10F2E0006F76655F4D343A2020000000696E636FD1
:10F2F0006D696E67427974653A2000002D2D2D2DC1
:10F300002D2D2D2D2D2D2D2D2D2D2D2D2D53746F7E
:10F31000707065642D2D2D2D2D2D2D2D2D2D2D2D28
:10F320002D2D2D2D2D2D2D2D2D2D2D2D2D2D2D2D0D
:10F330002D2D2D2D2D000000456E64206C6F6F70FB
:10F340000000000070616765496E6465782E766123
:10F35000302E76616C3D300070616765496E646582
:10F36000782E6274332E76616C3D30007061676573
:10F37000496E6465782E6274322E76616C3D300081
:10F3800070616765496E6465782E6274312E7661AE
:10F390006C3D30007061676553796E632E76613025
:10F3A0002E76616C3D3000007061676553796E6345
:10F3B0002E6274312E76616C3D300000706167659D
:10F3C000496E6465782E627431302E76616C3D3002
:10F3D0000000000070616765496E6465782E627494
:10F3E00031302E7478743D0070616765496E6465D4
:10F3F000782E627431312E76616C3D300000000051
:10F4000070616765496E6465782E627431312E745F
:10F4100078743D0070616765496E6465782E62742A
:10F42000302E76616C3D300070616765496E6465B1
:10F43000782E74372E7478743D0000007061676513
:10F4400053796E632E62362E70636F3D300000007C
:10F450007061676553796E632E62352E70636F3D00
:10F460003000FFFF456E746572204D756C74695FE6
:10F4700053696D756C74616E656F757354617267F5
:10F4800065747300312E77617665436F756E743ADB
:10F4900020000000312E636F6E6669674D756C74D5
:10F4A000692E77617665735F5A3A2000322E636F5A
:10F4B0006E6669674D756C74692E77617665735FEA
:10F4C0005A3A2000322E77617665436F756E743A32
:10F4D00020000000332E636F6E6669674D756C7493
:10F4E000692E77617665735F5A3A2000332E776113
:10F4F0007665436F756E743A20000000342E776194
:10F500007665436F756E743A20000000352E776182
:10F510007665436F756E743A20000000312D4D33CF
:10F520002073746570733A2000000000312D4D3354
:10F530002073706565643A2000000000362E776104
:10F540007665436F756E743A20000000322D4D339E
:10F550002073746570733A2000000000636F6E665C
:10F5600069674D756C74692E77617665735F4D338D
:10F570003A200000372E77617665436F756E743AD6
:10F5800020000000332D4D332073746570733A20D2
:10F5900000000000312D4D3320656E61626C6564A2
:10F5A0003F200000382E77617665436F756E743AA0
:10F5B00020000000392E77617665436F756E743ACE
:10F5C0002000000031302E77617665436F756E74D0
:10F5D0003A20000031312E77617665436F756E7485
:10F5E0003A20000031322E77617665436F756E7474
:10F5F0003A200000312D5370696E646C652073747D
:10F600006570733A2000000031332E7761766543D0
:10F610006F756E743A200000322D5370696E646C01
:10F62000652073746570733A20000000322D5370AA
:10F63000696E646C652073706565643A2000000033
:10F6400031342E77617665436F756E743A20000011
:10F65000332D5370696E646C652073746570733AF2
:10F660002000000031352E77617665436F756E742A
:10F670003A20000031362E77617665436F756E74DF
:10F680003A2000005370696E646C6520656E61629B
:10F690006C65643F2000000031372E77617665434A
:10F6A0006F756E743A2000002D2D2D2D2D2D2D2DD2
:10F6B0002D2D2D2D2D2D2D2D2D2D2D2D2D2D2D2D7A
:10F6C0002D2D2D2D2D2D2D2D2D2D2D2D2D2D2D2D6A
:10F6D00020693A200000000031382E2077617665DD
:10F6E000436F756E743A20007374657073546F4D78
:10F6F0006F76655F313A20006D6F76654173796E84
:10F700006300000020202020202020202020202016
:10F7100020202020202020202020202020206C6954
:10F720006D697450696E5F4D696E5F313A202000DB
:10F7300020202020202020202020202020202020C9
:10F74000202020202020202020206C696D6974500A
:10F75000696E5F4D61785F3200000000202020203C
:10F760002020202020202020202020202020202099
:10F770002020202020206C696D697450696E5F4DD7
:10F78000696E5F3200000000202020202020202011
:10F790002020202020202020202020202020202069
:10F7A00020206C696D697450696E5F4D61785F33BC
:10F7B00000000000202020202020202020202020C9
:10F7C00020202020202020202020202020206C69A4
:10F7D0006D697450696E5F4D696E5F3300000000A3
:10F7E0002020202020202020202020202020202019
:10F7F000202020202020202020206C696D6974505A
:10F80000696E5F4D61785F34000000002020202089
:10F8100020202020202020202020202020202020E8
:10F820002020202020206C696D697450696E5F4D26
:10F83000696E5F34000000004553746F703A2020F9
:10F8400000000000706167654D756C74692E62740C
:10F85000313330312E76616C3D3000007061676568
:10F860004D756C74692E6274313430342E76616C4F
:10F870003D300000706167654D756C74692E62746F
:10F88000313430342E7478743D0000007061676547
:10F890004D756C74692E7661302E76616C3D30004A
:10F8A0002043616C6C20426567696E4D6574686FBA
:10F8B0006453657474696E677300000020456E645C
:10F8C00020426567696E4D6574686F645365747432
:10F8D000696E677300000000417869735374657046
:10F8E000733A20007061676553796E632E627433DA
:10F8F0002E70636F3D3000007061676553796E63F1
:10F900002E6274332E76616C3D3000007061676545
:10F9100053796E632E6274322E76616C3D30000036
:10F9200073746570706572506F736974696F6E5F20
:10F93000313A200073746570706572506F7369742A
:10F94000696F6E5F333A20007061676553796E634B
:10F950002E627431302E76616C3D310070616765C6
:10F9600053796E632E627431312E76616C3D3100B5
:10F970007061676553796E632E627431302E7661E3
:10F980006C3D30007061676553796E632E6274312F
:10F99000302E7478743D00007061676553796E6332
:10F9A0002E627431312E76616C3D30007061676576
:10F9B00053796E632E627431312E7478743D00FF7A
:10F9C00073746570706572315F737465703A20206E
:10F9D0000000000073746570706572315F64697255
:10F9E0003A20200073746570706572325F737465BD
:10F9F000703A2020000000007374657070657232E8
:10FA00005F6469723A2020007374657070657233A8
:10FA10005F737465703A2020000000007374657095
:10FA2000706572335F6469723A2020007374657088
:10FA3000706572345F737465703A202000000000B6
:10FA400073746570706572345F6469723A20200067
:10FA500073746570706572355F737465703A2020D9
:10FA60000000000073746570706572355F646972C0
:10FA70003A2020007374657070657249645F313A92
:10FA8000202000007374657070657249645F323ABB
:10FA9000202000007374657070657249645F333AAA
:10FAA000202000007374657070657249645F343A99
:10FAB000202000007374657070657249645F353A88
:10FAC00020200000636F6E6669674D756C74692E47
:10FAD0006178697349643A200000000044697361E9
:10FAE000626C65205A3A2020000000007061676552
:10FAF0004F6E652E6274312E76616C3D30000000D1
:10FB0000706167654F6E652E7661302E76616C3D53
:10FB100030000000706167654F6E652E6274302E94
:10FB200076616C3D3000000070616765526F7365EF
:10FB30002E6274302E76616C3D3000007061676516
:10FB400053796E632E6274302E76616C3D30000006
:10FB5000706167655265632E6274302E76616C3D0C
:10FB600030000000706167655265632E6274313049
:10FB70002E76616C3D300000706167655265632EC2
:10FB8000627431302E7478743D00000070616765D6
:10FB90005265632E627431312E76616C3D30000007
:10FBA000706167655265632E627431312E747874AA
:10FBB0003D00FFFF726574726F417869734368613D
:10FBC0006E676553746570733A200000636F6E66EC
:10FBD00069675265632E726574726F5F41786973ED
:10FBE0004368616E67653A20000000002E2E2E2EBD
:10FBF0002E2E2E2E2E2E2E2E2E2E2E2E693A00003A
:10FC00006C65673A2000000073746570735F537011
:10FC1000696E646C653A200073746570735F417837
:10FC200069733A2000000000302E207374657073F1
:10FC30005F417869733A0000322E207374657073E7
:10FC40005F417869733A00007370696E646C655344
:10FC5000746570735F4E6578743A200061786973DB
:10FC600053746570735F4E6578743A20000000002D
:10FC7000456E64204C6F6F702D2D2D2D2D2D2D2D4B
:10FC80002D2D2D2D2D2D2D2D2D2D2D2D2D2D2D2DA4
:10FC90002D2D2D2D2D2D2D2D2D2D2D2D2D2D3A2094
:10FCA000000000003E3E73746570735F5370696EB0
:10FCB000646C653A000000003E3E73746570735FCB
:10FCC000417869733A000000202020202020202065
:10FCD0002020202020202020202020202020202024
:10FCE000206C696D697450696E5F4D617800000029
:10FCF000737465707065725370696E646C652E679D
:10FD00006574506F736974696F6E28293A2000001A
:10FD100073746570706572417869735F5A2E676598
:10FD200074506F736974696F6E28293A200000005F
:10FD300063756D756C61746976655F5A3A20000071
:10FD400073746570706572506F736974696F6E5FFC
:10FD5000323A2000706167655265632E6274332EFB
:10FD600076616C3D30000000706167655265632EFE
:10FD70006274322E76616C3D300000007061676500
:10FD80005265632E627431302E76616C3D31000015
:10FD9000706167655265632E627431312E76616CD5
:10FDA0003D3100FF456E7465722050726F6772615D
:10FDB0006D46726F6D46696C650000004578697428
:10FDC00020477265656B204B65793A2046696C6502
:10FDD000206E6F7420666F756E64000070616765D9
:10FDE00050726F6772616D2E7446696C654E616DFD
:10FDF000652E7478743D00004578697420477265FB
:10FE0000656B204B65793A2042616420436F6D6DCC
:10FE1000616E64007061676550726F6772616D2E0C
:10FE20007432322E7478743D000000007061676592
:10FE300050726F6772616D2E7432312E7478743D1A
:10FE400000000000636F6E666967477265656B4B03
:10FE500065792E7365676D656E744C656E67746841
:10FE60005F46696C653A0000636F6E66696753654B
:10FE70007475702E64697374616E63655065725237
:10FE800065765F417869735A3A000000636F6E6669
:10FE9000696753657475702E73746570733336308B
:10FEA0005F417869735F5A3A00000000636F6E66C5
:10FEB000696753657475702E6D6963726F737465CD
:10FEC00070735F417869735F5A3A000073686F72AC
:10FED000745365676D656E745374657073417869AA
:10FEE000735A3A003E3E3E3E3E626164436F6D6D22
:10FEF000616E642056616C75653A20200000000038
:10FF00007061676550726F6772616D2E7431352E46
:10FF10007478743D00000000706167654D6F766510
:10FF20002E7431302E7478743D00000046000000BD
:10FF30004800000047000000520000007061676543
:10FF400050726F6772616D2E7434302E7478743D08
:10FF5000000000004A0000004E0000004B000000BE
:10FF60005700000045786974496E6E6572466F727D
:10FF70004C6F6F703E3E3E3E3E3E3E3E00000000F7
:10FF80007061676550726F6772616D2E6274332E97
:10FF900076616C3D300000007061676550726F677C
:10FFA00072616D2E6274322E76616C3D30000000FD
:10FFB0007061676550726F6772616D2E6274313067
:10FFC0002E76616C3D3100007061676550726F671D
:10FFD00072616D2E627431312E76616C3D3100FF9D
:10FFE000312E73657269616C49643A20000000002B
:10FFF000332E73657269616C49643A200000000019
:020000025000AC
:1000000073657269616C49643A20000070616765CC
:1000100043616C6C657249643A0000004D6178532D
:10002000706565643A202000416363656C3A202066
:1000300000000000636F6E6669674D756C74692E11
:1000400077617665735F5370696E646C653A200002
:10005000636F6E6669674D756C74692E776176653E
:10006000735F5A3A20000000636F6E6669674D75D2
:100070006C74692E77617665735F583A20000000D2
:10008000636F6E6669674D756C74692E776176650E
:10009000735F4D343A200000636F6E666967526586
:1000A000632E726574726F5F5370696E646C654322
:1000B00068616E6765000000526573746172742038
:1000C0006D6963726F534420706F7274000000009A
:1000D0002020202020202020202020202020202020
:1000E00020202031323334202020202020202020C6
:1000F000202020207061676543616C6C65724964E3
:100100003A202000312E6178697349643A2020003A
:1001100020202020202020202020202020203536B4
:1001200037202020202020202020202020202020B8
:1001300020202020636F6E6669674D61696E2E61B5
:1001400078697349643A2020000000006D6178539B
:1001500070645F5370696E646C652D2D3630303A73
:10016000202000006D61785370645F417869735F8F
:100170005A2D2D3630343A20200000006D6178531E
:1001800070645F417869735F582D2D3630383A209E
:10019000200000006D61785370645F417869735F7F
:1001A0004D332D2D3631323A202000006D617853C9
:1001B00070645F417869735F4D342D2D3631363A66
:1001C000202000006D7956616C2D2D4178697349AE
:1001D000643A202000000000322E6178697349647F
:1001E0003A202000202020332E6178697349643A38
:1001F00020200000496E6465782061786973496445
:100200003A202000417869732049443A20200000B8
:10021000496E646578313A2020000000204465670B
:10022000726565206F72204469766973696F6E3AF2
:1002300020200000496E646578323A2020000000DA
:10024000496E646578333A2020000000496E646589
:1002500078343A2020000000496E646578353A20F1
:10026000200000006553746F703A202000000000E9
:1002700048656C697820547970653A202000000048
:1002800068656C6978547970653A20005365676DCC
:10029000656E74206F722041637475616C3A202022
:1002A000000000005061747465726E20436F756EBB
:1002B000743A20200000000043616C6C5F37383ACC
:1002C000202020005061676543616C6C6572496451
:1002D0003A20000047657446696C654C6973745F29
:1002E00053445F37383A2000476574496E69466960
:1002F0006C654C69737446726F6D53445F37383A5E
:100300002000000044697374616E63653A20200028
:10031000636F6E66696753657475702E6B65657083
:100320005374657070657273456E61626C65643A92
:1003300000000000496E6465782049443A2020009E
:100340002046696C65206F722046697865643A20A2
:100350002000000070616765526F73652E74313044
:10036000332E7478743D00006B466163746F723A8B
:10037000200000005365676D656E74204C656E67E4
:1003800074683A2020000000312E5265766F6C753B
:1003900074696F6E734F72446567726565733A2056
:1003A00020000000612E6E657756616C3A202000B7
:1003B000322E5265766F6C7574696F6E734F72442E
:1003C0006567726565733A2020000000332E526520
:1003D000766F6C7574696F6E734F72446567726582
:1003E00065733A20200000005370696E646C6520CC
:1003F0005265766F6C7574696F6E732D6139373A1B
:1004000020000000636173652031303020435720A5
:100410006178697349643A20000000006361736584
:100420002031303120434357206178697349643A61
:1004300020000000322E636F6E6669674D756C7424
:10044000692E74617267657444697374616E636563
:100450005F583A20000000002020204343573A20F4
:1004600000000000456E7465722063617365203181
:1004700031303A203E3E3E3E3E3E3E3E3E3E3E3ED9
:100480003E3E3E3E3E3E3E3E3E3E3E3E3E3E000008
:10049000456E7465722063617365203131313A2095
:1004A0003E3E3E3E3E3E3E3E3E3E3E3E3E3E3E3E6C
:1004B0003E3E3E3E3E3E3E3E3E3E00005374657034
:1004C000732F3336303A20004765617220526174D1
:1004D000696F3A2000000000636F6E6669674F6EB7
:1004E000652E6178697349643A200000636F6E6617
:1004F0006967496E6465785F4D61696E2E696E64E7
:10050000657849643A200000636F6E6669674D6FD5
:1005100076652E6178697349643A2000636F6E6670
:10052000696753796E632E6178697349643A200074
:10053000636F6E6669675265632E6178697349649B
:100540003A200000636F6E666967477265656B4BA2
:1005500065792E6178697349643A2000636F6E662D
:100560006967526F73652E6178697349643A200038
:1005700074617267657444697374616E63655F5317
:1005800070696E646C653A00636F6E666967536587
:100590007475702E6C696D69745F4E436F724E4F47
:1005A000203A000072616469616C4F724C696E653B
:1005B00061725F417869735F4D343A20000000003A
:1005C0006E756556616C75653A20202020202020CC
:1005D000202020202020202020202020200000007B
:1005E000636F6E66696753657475702E6375747496
:1005F00065724D6F746F7250696E3A202000000072
:100600004C696D6974204D6178204D343A2020008A
:100610004C696D6974204D696E204D343A2020007C
:100620007261646975734D343A2000006E657744D9
:10063000697374616E63653A2000000041786973E4
:1006400049643A200000000064697374616E636558
:100650005F4D6F76655A323A20000000646973740A
:10066000616E63655F4D6F766558323A2000000019
:1006700063617365203138352D7061676543616C46
:100680006C657249643A20006361736520313835C6
:100690002D6D61785370645F617869733A20000052
:1006A000636F6E666967496E6465785F4D61696EF8
:1006B0002E6D61785370645F417869735F4D333A92
:1006C00020000000706167654D756C74692D636F63
:1006D0006E6669674D756C74692E617869734964DB
:1006E0003A20000063617365203138362D61636301
:1006F000656C5F617869733A200000006178697306
:1007000049643A002E2E2E2E2E2E2E2E2E2E2E2EDA
:100710002E2E2E2E2E2E2E2E616363656C5F417859
:1007200069735F4D333A00002E2E2E2E2E2E2E2E64
:100730002E2E2E2E2E2E2E2E2E2E2E2E6163636505
:100740006C5F417869735F4D343A0000636F6E6689
:100750006967496E6465785F4D61696E2E61636398
:10076000656C5F417869735F4D333A20000000008B
:1007700020202053697A653A20202000496E646564
:1007800078204178697349643A200000636F6E668F
:100790006967496E6465785F312E73697A65496E61
:1007A000556E6974733A202000000000636F6E6616
:1007B0006967496E6465785F322E73697A65496E40
:1007C000556E6974733A202000000000636F6E66F6
:1007D0006967496E6465785F332E73697A65496E1F
:1007E000556E6974733A202000000000636F6E66D6
:1007F0006967496E6465785F342E73697A65496EFE
:10080000556E6974733A202000000000636F6E66B5
:100810006967496E6465785F352E73697A65496EDC
:10082000556E6974733A2020000000005265766F9F
:100830006C7574696F6E733A202000005370696E96
:10084000646C6520000000005A2000005820000061
:100850004D3320004D342000206469726563746953
:100860006F6E3A200000000057617665204469727F
:10087000656374696F6E3A202000000052616469FC
:10088000616C206F7220417869616C3A2020000011
:100890005374796C653A0000636F6E6669674D75D5
:1008A0006C74692E6D756C74694178657349447315
:1008B0003A20200020202043573A200057617665D7
:1008C000733A202000000000416D706C69747564FB
:1008D000653A202000000000436173652032313109
:1008E0002D2D2D005A206E65774553657474696E01
:1008F000673A2000446567726565733A20200000FE
:10090000506F6C61726974793A2020004C696D698E
:1009100074205A204D696E3A200000004C696D69C0
:1009200074204D696E205A3A202000004C696D6990
:1009300074204D6178205A3A202000004C696D697E
:1009400074204D696E20583A202000004C696D6972
:1009500074204D617820583A202000004C696D6960
:1009600074204D696E204D333A2020004C696D692A
:1009700074204D6178204D333A2020004361736527
:10098000203232362D2D2D0058206E657745536567
:100990007474696E673A200043617365203232399E
:1009A0002D2D2D004D33206E657745536574746988
:1009B0006E673A200000000072657475726E4178AF
:1009C000697349643A20000041786973204D617869
:1009D0005370643A200000007061676553706C6169
:1009E00073682E76615370456E61626C65642E7615
:1009F000616C3D007061676553706C6173682E7641
:100A00006141786973456E61626C65645A2E7661E6
:100A10006C3D00007061676553706C6173682E7681
:100A20006141786973456E61626C6564582E7661C8
:100A30006C3D00007061676553706C6173682E7661
:100A40006141786973456E61626C65644D332E76E1
:100A5000616C3D007061676553706C6173682E76E0
:100A60006141786973456E61626C65644D342E76C0
:100A7000616C3D00706167654D6F72652E63332E4A
:100A800076616C3D00000000706167654D6F7265B6
:100A90002E63352E76616C3D000000007061676545
:100AA0004D6F72652E63372E76616C3D000000003D
:100AB000706167654D6F72652E63392E76616C3D8E
:100AC00000000000706167654D6F72652E63313103
:100AD0002E76616C3D0000004D61696E20417869A1
:100AE0007349643A200000004F6E652F4D756C7499
:100AF00069204178697349643A2000004D6F76653A
:100B0000204178697349643A20000000536861729B
:100B10006564204178697349643A200050616765D3
:100B200049643A2000000000506167652043616C11
:100B30006C65722049443A202000000043617365CF
:100B4000203233382D2D2D004D34206E65774553DE
:100B5000657474696E673A20000000004361736534
:100B6000203234312D2D2D005370696E646C652058
:100B70006E65774553657474696E673A20000000AE
:100B80005061747465726E3A20200000526576657B
:100B900072736520446972656374696F6E3A2020D0
:100BA000000000007061676547726B2E627431301F
:100BB0002E76616C3D3100007061676547726B2E67
:100BC000627431312E76616C3D3100005772697468
:100BD0006553657474696E6773546F534400000005
:100BE0005370696E646C65205265766F6C757469BC
:100BF0006F6E732D3235303A2000000072616469E7
:100C000075734D333A2000FF62617564733D353171
:100C10003230303000000000312D73657269616C34
:100C200049643A2000000000626B636D643D30004F
:100C3000322D73657269616C49643A2000000000CE
:100C4000332D73657269616C49643A2000FFFFFFC0
:100C5000426175643A0000002020202020202020DE
:100C60002020202020202020202020202020202084
:100C70002020202020202020656550726F6D416467
:100C800064726573735F4D61696E3A200000000005
:100C9000706167654D6F72652E63333D31000000F2
:100CA000706167654D6F72652E63353D31000000E0
:100CB000706167654D6F72652E63373D31000000CE
:100CC000706167654D6F72652E63393D31000000BC
:100CD000706167654D6F72652E6331313D31000083
:100CE000636F6E66696753657475702E6B656570AA
:100CF0005370696E646C65456E61626C65643A2020
:100D0000000000007061676553706C6173682E7439
:100D1000322E7478743D0000636F6E6669675365A8
:100D20007475702E6B6565704D34456E61626C65CF
:100D3000643A20007061676553706C6173682E744B
:100D4000332E7478743D0000617578696C6C617243
:100D50007950696E206E6F7420656E61626C656497
:100D600000000000636F6E66696753657475702ECE
:100D700067656172526174696F5F5370696E646C0C
:100D8000653A2000636F6E66696753657475702EEF
:100D900067656172526174696F5F417869734D3341
:100DA0003A20000073796E6368726F5F52617469F4
:100DB0006F3A2000496E697469616C697A65642EC6
:100DC0002E2E000076332E312E326A0000000000F5
:100DD0000000000045D4030041C70300590400008F
:100DE0005D04000045D4030045D4030045D403004E
:100DF0000000000000000000510C00003D0C00004D
:100E000059040000190B0000910B0000E10A0000DA
:100E1000410A00000000000000000000510C00002A
:100E20003D0C000059040000190B0000910B00005C
:100E3000E10A0000410A000000000000000000007C
:100E4000850C0000F907000059040000210900008A
:100E50003D0800009D080000F5080000D5100000C6
:100E60007D1100000000000000000000D90C00000F
:100E7000190D0000C90A0000290C0000DD0B00005C
:100E8000290A00002D0B00000D060000F10D0000E6
:100E90004909000065090000D10400006104000058
:100EA000BD050000590A000081090000810A000008
:100EB000090700009906000049060000410B0000E8
:100EC00000000000000000003110000000000000E1
:100ED00000000000610D000045D40300B9040000CB
:100EE0000000000000000000000000000000000002
:100EF000610D000029140000B9040000857801008C
:100F0000997801000000000000000000610D000061
:100F100015150000B904000055780100697801003A
:100F2000A1040000A5040000AD040000B504000009
:100F30000000000000000000CD120000253B03006F
:100F4000E93A0300313A0300953A0300DD39030022
:100F50005D3B03004D3C0300893C0300693D0300F9
:100F6000FF00780180014302880187018C018B0119
:100F7000920191019501F601990198019A013D02B2
:100F80009E012002A801A701AD01AC01B001AF0193
:100F9000B901B801BD01BC01BF01F701C601C4011F
:100FA000C901C701CC01CA01DD018E01F301F101C4
:100FB000F501F4013A02652C3C023B023E02662C2C
:100FC0004202410253028101540286015602890104
:100FD00057028A0159028F015B029001600293015E
:100FE0006302940168029701690296016B02622C08
:100FF0006F029C0172029D0175029F017D02642CAB
:101000008002A6018302A9018802AE01890244027E
:101010008A02B1018B02B2018C0245029202B70131
:101020007B03FD037C03FE037D03FF03AC03860308
:10103000C203A303CC038C03CD038E03CE038F0323
:10104000F203F903F803F703FB03FA03CF04C00428
:101050007D1D632C511F591F531F5B1F551F5D1FA3
:10106000571F5F1F781FF81F791FF91FB31FBC1F81
:10107000CC1FC31FE51FEC1FFC1FF31F4E213221A5
:1010800084218321612C602C762C752C6100E01A60
:10109000E000E017F800E00700010130320101062E
:1010A000390101104A01012E790101068201010472
:1010B000A0010106B3010104CD010110DE010112FE
:1010C000F8010128220201124602010AAD03DB03E6
:1010D000B103E011C303E009D80301183004E02094
:1010E0005004B010600401228A040136C104010ECC
:1010F000D00401446105D026001E0196A01E015AAD
:10110000001F0808101F0806201F0808301F0808C5
:10111000401F0806601F0808701F4A02721F56040D
:10112000761F64027A1F70027C1F7E02801F0808EF
:10113000901F0808A01F0808B01F0802D01F08024F
:10114000E01F08027021F010D024E61A302CD02FB6
:10115000672C0106802C0164002D002641FFE01A57
:1011600044657669636520697320746F6F20736DC1
:10117000616C6C0D0A00000057726974696E67201B
:10118000464154200000000057726974696E672060
:10119000757063617365207461626C650D0A00008F
:1011A00057726974696E6720726F6F740D0A000060
:1011B000466F726D617420646F6E650D0A000000E9
:1011C000466F726D6174206661696C65640D0A001A
:1011D000455846415400FFFF42616420636C7573BB
:1011E00074657220636F756E740D0A0043617264DA
:1011F00020697320746F6F20736D616C6C2E0D0A03
:1012000000000000466F726D617420446F6E650DC2
:101210000A000000466F726D6174204661696C655A
:10122000640D0A000000000000000000398D03007A
:101230003D8D0300E18B0300C1910300F19D03008C
:10124000D59503006D820300698D03007D9C03002A
:10125000AD9C03005D960300D17A030095930300D3
:10126000E98C0300F58C0300D58B0300D98B0300B8
:10127000DD8B0300018D0300158D0300298D030014
:10128000E98F03004D8D0300598E03003590030054
:10129000099103000000000000000000519F0300BE
:1012A0005D9F0300559F03006D9F0300ADA70300E2
:1012B000DDA6030039A70300DDA5030095A1030007
:1012C000EDAB030009AC0300E9AC030079A803000F
:1012D0003D9F0300419F0300499F03004D9F030072
:1012E000ADA1030099A903000DAA0300F5A4030012
:1012F000359F0300459F0300E5AA030015A80300DE
:10130000ED9F030002000300040005000600080032
:101310000A000C00100014001800200028003800FB
:10132000400060008000C0000001800100028002D7
:101330000003FFFF000000800000018000000000AB
:101340000000028000000100011000000000020007
:101350000110010003200000010002000320010031
:1013600004300000032002000320030005400000B9
:101370000540010006500000065001000760000013
:10138000076001000870000007600200087001009B
:101390003C80044000100000041A0000FF7F0000A1
:1013A0000F0E000021B603000C0827FF000200000A
:1013B0000002000000020000000000000B071CFFFC
:1013C0000002000000020000000200000000000017
:1013D0000D0E1B00000200000002000000020000D1
:1013E0000A020906141715160F1A2D000002000034
:1013F00000020000000200000002000000020000E5
:1014000000020000000200000002000000020000D4
:1014100000020000000300000101020204040808A9
:10142000100120003C80044000200000011B00004F
:10143000FF0100000010000031B6030001053D3B34
:10144000000200000007000000020000000700008A
:1014500000153D3B000200000007000000070000EF
:101460000002000020143C00000200000007000001
:1014700000020000061F3A3E3FFFFFFFFFFFFF0094
:10148000000700000002000000020000000200004F
:10149000000200000000000000000000000000004A
:1014A0000000000000000000000000000101020137
:1014B0000400000000000000308004400010000024
:1014C00001410000FF0100000011000041B60300CF
:1014D0002D33FFFF000200000002000000000000AA
:1014E000000000002C34FFFF00020000000200009A
:1014F00000000000000000002E35FF000002000088
:1015000000020000000000002B3637FFFFFFFFFF46
:10151000FFFFFF00000200000002000000020000C8
:1015200000000000000000000000000000000000BB
:1015300000000000000000000000000000000000AB
:10154000010201000000000000000000A1040000F2
:10155000A5040000AD040000B5040000C9B70300F5
:10156000D9B70300E9B70300F9B7030000FFFFFF95
:10157000000000000000000055C1030079C1030015
:1015800009C2030005C2030001C20300FDC103003C
:10159000F9C103001DC10300D9C10300D5C1030077
:1015A000CDC10300C5C10300BDC10300ADC103002F
:1015B0009DC1030099C1030091C1030089C10300CB
:1015C000FDC0030005C103000DC1030015C10300E8
:1015D00061C1030049C103000000000000000000D9
:1015E00045C2030069C20300F9C20300F5C203004B
:1015F000F1C20300EDC20300E9C203000DC2030003
:10160000C9C20300C5C20300BDC20300B5C20300C6
:10161000ADC203009DC203008DC2030089C2030056
:1016200081C2030079C203001DC303003DC3030050
:101630005DC30300FDC2030051C2030039C20300B1
:101640000000000000000000B5C30300D9C3030080
:1016500069C4030065C4030061C403005DC40300E2
:1016600059C403007DC3030039C4030035C403001B
:101670002DC4030025C403001DC403000DC40300D2
:10168000FDC30300F9C30300F1C30300E9C3030072
:101690008DC40300ADC40300CDC403006DC40300BA
:1016A000C1C30300A9C30300F1C40300F5C40300D0
:1016B000F9C40300FDC403006E616E00696E66002C
:1016C0006F7666001F1C1F1E1F1E1F1F1E1F1E1F62
:1016D00000FFFFFF6FF07F030370037813F0800FAC
:1016E000FBD070474008FE4340A004404408FE433E
:1016F00044A004400018FE4300C004403000FE43F4
:10170000309004403400FE43349004401C18FE43E3
:101710001CC004401018FE4310C004400818FE43CB
:1017200008C004400C18FE430CC004400C10FE43DB
:101730000CB004401010FE4310B004401810FE43DB
:1017400018B004401C10FE431CB004401410FE43AB
:1017500014B004400418FE4304C004400010FE43CB
:1017600000B004400008FE4300A004400408FE430B
:1017700004A004400C08FE430CA004400808FE43EB
:1017800008A004401418FE4314C004401818FE4377
:1017900018C004400410FE4304B004400810FE4387
:1017A00008B004406820FE4368D004401400FE43A3
:1017B000149004403800FE43389004403C00FE433F
:1017C0003C9004404000FE43409004404808FE43E3
:1017D00048A004404C08FE434CA004402808FE43A7
:1017E00028A004402C08FE432CA004406020FE43A7
:1017F00060D004406420FE4364D004402010FE43C7
:1018000020B004402410FE4324B004402810FE43BE
:1018100028B004402C10FE432CB004404400FE438A
:10182000449004407000FE43709004407400FE43F6
:10183000749004406800FE43689004405008FE43E2
:1018400050A004405808FE4358A004405C08FE43E2
:101850005CA004405408FE4354A004402018FE43FA
:1018600020C004402418FE4324C004401008FE4356
:1018700010A004401408FE4314A004403818FE438E
:1018800038C004403418FE4334C004403018FE43CE
:1018900030C004403C18FE433CC004402C18FE43BA
:1018A0002CC004402820FE4328D004402C20FE43B6
:1018B0002CD004400020FE4300D004400420FE430E
:1018C00004D004400820FE4308D004400C20FE430E
:1018D0000CD004401020FE4310D004401420FE43DE
:1018E00014D004400000000000000000EDFB0300E5
:1018F000E5FB0300E1FB0300DDFB0300D9FB030074
:10190000D5FB0300D1FB0300CDFB03000001000069
:101910008408FF1F12000000000200004008FF1FA3
:1019200043000000000300009808FF1F00000000B3
:10193000010309049C08FF1F0000000002030904C2
:10194000B408FF1F0000000003030904CC08FF1FB8
:101950000000000000000000000000000000000087
:10196000001519150000000000000080000FC93F9D
:10197000000F494000CB9640000FC9400053FB4088
:1019800000CB164100ED2F41000F4941003162416B
:1019900000537B41003A8A4100CB9641005CA34151
:1019A00000EDAF41007EBC41000FC94100A0D54110
:1019B0000031E24100C2EE410053FB4100F203421C
:1019C000003A0A420083104200CB164200141D4226
:1019D000005C234200A5294200ED2F42003636422A
:1019E000007E3C4200C74242000F4942A200000074
:1019F000F9000000830000006E0000004E000000AF
:101A0000440000001500000029000000FC00000058
:101A10002700000057000000D1000000F500000082
:101A200034000000DD000000C0000000DB0000000A
:101A30006200000095000000990000003C000000DA
:101A4000430000009000000041000000FE00000084
:101A50005100000063000000AB000000DE00000049
:101A6000BB000000C500000061000000B7000000DE
:101A7000240000006E0000003A0000004200000058
:101A80004D000000D2000000E00000000600000051
:101A9000490000002E000000EA00000009000000DC
:101AA000D1000000920000001C000000FE000000B9
:101AB0001D000000EB0000001C000000B100000051
:101AC00029000000A70000003E000000E800000020
:101AD0008200000035000000F50000002E0000002C
:101AE000BB0000004400000084000000E90000008A
:101AF0009C0000007000000026000000B400000000
:101B00005F0000007E00000041000000390000007E
:101B100091000000D60000003900000083000000A2
:101B20005300000039000000F40000009C00000099
:101B3000840000005F0000008B000000BD0000007A
:101B4000F9000000280000003B0000001F0000001A
:101B5000F800000097000000FF000000DE00000019
:101B600005000000980000000F000000EF000000DA
:101B70002F000000110000008B0000005A00000040
:101B80000A0000006D0000001F0000006D00000052
:101B9000360000007E000000CF000000270000009B
:101BA000CB00000009000000B70000004F0000005B
:101BB000460000003F000000660000009E0000009C
:101BC0005F000000EA0000002D000000750000002A
:101BD00027000000BA000000C7000000EB00000072
:101BE000E5000000F10000007B0000003D00000067
:101BF0000700000039000000F70000008A00000024
:101C00005200000092000000EA0000006B0000009B
:101C1000FB0000005F000000B10000001F0000009A
:101C20008D0000005D00000008000000560000006C
:101C3000030000003000000046000000FC0000002F
:101C40007B0000006B000000AB000000F000000013
:101C5000CF000000BC000000200000009A0000003F
:101C6000F4000000360000001D000000A900000084
:101C7000E300000091000000610000005E00000031
:101C8000E60000001B0000000800000065000000E6
:101C900099000000850000005F00000014000000B3
:101CA000A000000068000000400000008D0000005F
:101CB000FF000000D8000000800000004D00000080
:101CC0007300000027000000310000000600000043
:101CD000060000001500000056000000CA000000C9
:101CE00073000000A8000000C900000060000000B0
:101CF000E20000007B000000C00000008C0000003B
:101D00006B0000000000C93F0000F0390000DA3726
:101D10000000A2330000842E0000502B0000C227D8
:101D20000000D0220000C41F0000C61B00004417A2
:101D30000400000007000000090000006E660000BB
:101D4000696E697479000000616E00FF3500000063
:101D5000CEFBFFFFCB0300000100000000000000ED
:101D600034000000CEFBFFFFCB03000001000000A9
:101D700000000000FFFFFFFFBC89D897B2D29C3C57
:101D800033A7A8D523F649393DA7F444FD0FA53262
:101D90009D978CCF08BA5B25436FAC642806681109
:101DA000002020202020202020202828282828202B
:101DB0002020202020202020202020202020202023
:101DC000208810101010101010101010101010108B
:101DD000100404040404040404040410101010107B
:101DE0001010414141414141010101010101010145
:101DF0000101010101010101010101011010101097
:101E00001010424242424242020202020202020216
:101E1000020202020202020202020202101010106A
:101E20002000000000000000000000000000000092
:101E300000000000000000000000000000000000A2
:101E40000000000000000000000000000000000092
:101E50000000000000000000000000000000000082
:101E60000000000000000000000000000000000072
:101E70000000000000000000000000000000000062
:101E80000000000000000000000000000000000052
:101E90000000000000000000000000000000000042
:101EA00000FFFFFF4C435F434F4C4C415445000043
:101EB0004C435F4354595045000000004C435F4D74
:101EC0004F4E4554415259004C435F4E554D45527B
:101ED000494300004C435F54494D45004C435F4D1E
:101EE000455353414745530042616C6C6F63207307
:101EF0007563636565646564000000002F64617448
:101F0000612F6A656E6B696E732F776F726B73707A
:101F10006163652F474E552D746F6F6C63686169FF
:101F20006E2F61726D2D31312F7372632F6E657755
:101F30006C69622D63796777696E2F6E65776C695E
:101F4000622F6C6962632F7374646C69622F6764BB
:101F5000746F612D6765746865782E6300FFFFFFFD
:101F60000000000000000000000000000000000071
:101F70000000000000000000000000000000000061
:101F80000000000000000000000000000000000051
:101F90001011121314151617181900000000000074
:101FA000001A1B1C1D1E1F00000000000000000086
:101FB0000000000000000000000000000000000021
:101FC000001A1B1C1D1E1F00000000000000000066
:101FD0000000000000000000000000000000000001
:101FE00000000000000000000000000000000000F1
:101FF00000000000000000000000000000000000E1
:1020000000000000000000000000000000000000D0
:1020100000000000000000000000000000000000C0
:1020200000000000000000000000000000000000B0
:1020300000000000000000000000000000000000A0
:102040000000000000000000000000000000000090
:102050000000000000000000000000000000000080
:102060002F646174612F6A656E6B696E732F776F71
:10207000726B73706163652F474E552D746F6F6C73
:10208000636861696E2F61726D2D31312F737263D8
:102090002F6E65776C69622D63796777696E2F6E35
:1020A00065776C69622F6C6962632F7374646C6905
:1020B000622F6D707265632E6300FFFFFFFFFFFFED
:1020C0000080E03779C34143176E05B5B5B8934634
:1020D000F5F93FE9034F384D321D30F94877825A00
:1020E0003CBF737FDD4F1575000000000000F03F1E
:1020F00000000000000024400000000000005940E3
:102100000000000000408F40000000000088C34035
:1021100000000000006AF8400000000080842E41AA
:1021200000000000D01263410000000084D79741F6
:102130000000000065CDCD41000000205FA00242FC
:10214000000000E876483742000000A2941A6D4271
:10215000000040E59C30A2420000901EC4BCD64264
:1021600000003426F56B0C430080E03779C341430F
:1021700000A0D8855734764300C84E676DC1AB4385
:10218000003D9160E458E143408CB5781DAF1544A3
:1021900050EFE2D6E41A4B4492D54D06CFF080447E
:1021A000F64AE1C7022DB544B49DD9794378EA4493
:1021B00005000000190000007D000000494E4600A7
:1021C0004E414E0030313233343536373839616262
:1021D00063646566000000003031323334353637D1
:1021E000383941424344454600000000286E756C72
:1021F0006C2900FF202020202020202020202020CB
:10220000202020203030303030303030303030300E
:10221000303030302C2066756E6374696F6E3A20F2
:1022200000000000617373657274696F6E2022256F
:102230007322206661696C65643A2066696C65206A
:10224000222573222C206C696E6520256425732558
:10225000730A00FF496E66696E69747900000000B8
:102260004E614E002F646174612F6A656E6B696EFA
:10227000732F776F726B73706163652F474E552DA7
:10228000746F6F6C636861696E2F61726D2D31318F
:102290002F7372632F6E65776C69622D6379677730
:1022A000696E2F6E65776C69622F6C6962632F733C
:1022B00074646C69622F64746F612E6300FFFFFFAA
:1022C000202020202020202020202020202020200E
:1022D00030303030303030303030303030303030FE
:1022E000F8B500BFF8BC08BC9E467047F94B040027
:1022F0003504000001290300113F030051B603001B
:0423000005C703000A
:04230400F8B500BF69
:0823080024EDFE7F010000003E
:102310000000000002000000E2040000DC050000F4
:102320000E0600004006000072060000A406000031
:102330007805000058020000F4010000840300004A
:10234000EE0200004C0400002C0100002C010000F3
:10235000FFFFFFFF050000000000803F0000803FFE
:10236000DCAD040024E60400140000000000803FFF
:10237000010000000100000009000000030000004F
:102380003100000030000000330000003200000087
:102390003500000034000000370000003600000067
:1023A00039000000380000002B0000002C00000065
:1023B0002D0000002E0000002F000000290000006A
:1023C0007815050000000000E80300000000000090
:1023D00039F20300E015050000000000E8030000EA
:1023E000000000003DF20300481605000000000058
:1023F000E80300000000000041F203000825FF1F71
:10240000280000001A00000040000000400000000A
:1024100001000000280000001A0000004000000039
:1024200009000000280000000A0000002800000049
:102430001A0000004000000028000000080101010F
:10244000EC18050000000000E80300000000000098
:10245000FFFFFFFF010A040009024300020100C060
:1024600032090400000102020100052400100105E8
:102470002401010104240206052406000107058247
:102480000310004009040100020A000000070503D0
:102490000240000007058402400000001201100104
:1024A00002000040C016830476020102030100000E
:1024B0000403090418035400650065006E007300EE
:1024C00079006400750069006E006F001603550006
:1024D0005300420020005300650072006900610053
:1024E0006C0000000C030000000000000000000071
:1024F00000000000000000000000000000000000DC
:1025000000000000E408FF1FE408FF1FEC08FF1FA5
:10251000EC08FF1FF408FF1FF408FF1FFC08FF1F53
:10252000FC08FF1F0409FF1F0409FF1F0C09FF1F00
:102530000C09FF1F1409FF1F1409FF1F1C09FF1FAF
:102540001C09FF1F2409FF1F2409FF1F2C09FF1F5F
:102550002C09FF1F3409FF1F3409FF1F3C09FF1F0F
:102560003C09FF1F4409FF1F4409FF1F4C09FF1FBF
:102570004C09FF1F5409FF1F5409FF1F5C09FF1F6F
:102580005C09FF1F6409FF1F6409FF1F6C09FF1F1F
:102590006C09FF1F7409FF1F7409FF1F7C09FF1FCF
:1025A0007C09FF1F8409FF1F8409FF1F8C09FF1F7F
:1025B0008C09FF1F9409FF1F9409FF1F9C09FF1F2F
:1025C0009C09FF1FA409FF1FA409FF1FAC09FF1FDF
:1025D000AC09FF1FB409FF1FB409FF1FBC09FF1F8F
:1025E000BC09FF1FC409FF1FC409FF1FCC09FF1F3F
:1025F000CC09FF1FD409FF1FD409FF1FDC09FF1FEF
:10260000DC09FF1FE409FF1FE409FF1FEC09FF1F9E
:10261000EC09FF1FF409FF1FF409FF1FFC09FF1F4E
:10262000FC09FF1F040AFF1F040AFF1F0C0AFF1FFB
:102630000C0AFF1F140AFF1F140AFF1F1C0AFF1FAA
:102640001C0AFF1F240AFF1F240AFF1F2C0AFF1F5A
:102650002C0AFF1F340AFF1F340AFF1F3C0AFF1F0A
:102660003C0AFF1F440AFF1F440AFF1F4C0AFF1FBA
:102670004C0AFF1F540AFF1F540AFF1F5C0AFF1F6A
:102680005C0AFF1F640AFF1F640AFF1F6C0AFF1F1A
:102690006C0AFF1F740AFF1F740AFF1F7C0AFF1FCA
:1026A0007C0AFF1F840AFF1F840AFF1F8C0AFF1F7A
:1026B0008C0AFF1F940AFF1F940AFF1F9C0AFF1F2A
:1026C0009C0AFF1FA40AFF1FA40AFF1FAC0AFF1FDA
:1026D000AC0AFF1FB40AFF1FB40AFF1FBC0AFF1F8A
:1026E000BC0AFF1FC40AFF1FC40AFF1FCC0AFF1F3A
:1026F000CC0AFF1FD40AFF1FD40AFF1FDC0AFF1FEA
:10270000DC0AFF1FE40AFF1FE40AFF1FEC0AFF1F99
:10271000EC0AFF1FF40AFF1FF40AFF1FFC0AFF1F49
:10272000FC0AFF1F040BFF1F040BFF1F0C0BFF1FF6
:102730000C0BFF1F140BFF1F140BFF1F1C0BFF1FA5
:102740001C0BFF1F240BFF1F240BFF1F2C0BFF1F55
:102750002C0BFF1F340BFF1F340BFF1F3C0BFF1F05
:102760003C0BFF1F440BFF1F440BFF1F4C0BFF1FB5
:102770004C0BFF1F540BFF1F540BFF1F5C0BFF1F65
:102780005C0BFF1F640BFF1F640BFF1F6C0BFF1F15
:102790006C0BFF1F740BFF1F740BFF1F7C0BFF1FC5
:1027A0007C0BFF1F840BFF1F840BFF1F8C0BFF1F75
:1027B0008C0BFF1F940BFF1F940BFF1F9C0BFF1F25
:1027C0009C0BFF1FA40BFF1FA40BFF1FAC0BFF1FD5
:1027D000AC0BFF1FB40BFF1FB40BFF1FBC0BFF1F85
:1027E000BC0BFF1FC40BFF1FC40BFF1FCC0BFF1F35
:1027F000CC0BFF1FD40BFF1FD40BFF1FDC0BFF1FE5
:10280000DC0BFF1FE40BFF1FE40BFF1FEC0BFF1F94
:10281000EC0BFF1FF40BFF1FF40BFF1FFC0BFF1F44
:10282000FC0BFF1F040CFF1F040CFF1F0C0CFF1FF1
:102830000C0CFF1F140CFF1F140CFF1F1C0CFF1FA0
:102840001C0CFF1F240CFF1F240CFF1F2C0CFF1F50
:102850002C0CFF1F340CFF1F340CFF1F3C0CFF1F00
:102860003C0CFF1F440CFF1F440CFF1F4C0CFF1FB0
:102870004C0CFF1F540CFF1F540CFF1F5C0CFF1F60
:102880005C0CFF1F640CFF1F640CFF1F6C0CFF1F10
:102890006C0CFF1F740CFF1F740CFF1F7C0CFF1FC0
:1028A0007C0CFF1F840CFF1F840CFF1F8C0CFF1F70
:1028B0008C0CFF1F940CFF1F940CFF1F9C0CFF1F20
:1028C0009C0CFF1FA40CFF1FA40CFF1FAC0CFF1FD0
:1028D000AC0CFF1FB40CFF1FB40CFF1FBC0CFF1F80
:1028E000BC0CFF1FC40CFF1FC40CFF1FCC0CFF1F30
:1028F000CC0CFF1FD40CFF1FD40CFF1FDC0CFF1FE0
:10290000DC0CFF1FFFFFFFFF0000020000000000C3
:10291000030000002822FF1F430000000000000009
:1029200000000000000000000000000000000000A7
:102930000000000000000000430000000000000054
:102940000000000000000000000000000000000087
:102950000000000000000000430000000000000034
:102960000000000000000000000000000000000067
:102970000000000000000000430000000000000014
:102980000000000000000000000000000000000047
:1029900000000000000000004300000000000000F4
:1029A0000000000000000000000000000000000027
:1029B00000000000000000004300000000000000D4
:1029C0000000000000000000000000000000000007
:1029D00000000000000000004300000000000000B4
:1029E00000000000000000000000000000000000E7
:1029F00000000000000000007D610400E5560400B6
:102A000000000000A01D05006CCE040000120500AF
:102A1000001205000012050000120500001205005A
:102A2000001205000012050000120500001205004A
:102A3000FFFFFFFFFFFFFFFFFFFFFFFFFFFF0000A4
:102A4000010041534349490000000000000000001C
:102A50000000000000000000000000000000000076
:102A600000004153434949000000000000000000FD
:102A70000000000000000000000000000000000056
:102A80000000000000000000000000002822FF1FDE
:102A90009022FF1FF822FF1F00000000000000002E
:102AA0000000000000000000000000000000000026
:102AB0000000000000000000000000000000000016
:102AC0000000000000000000000000000000000006
:102AD00000000000000000000000000000000000F6
:102AE00000000000000000000000000000000000E6
:102AF00000000000000000000000000000000000D6
:102B000000000000000000000000000000000000C5
:102B100000000000000000000000000000000000B5
:102B200001000000000000000E33CDAB34126DE652
:102B3000ECDE05000B0000000000000000000000BB
:102B40000000000000000000000000000000000085
:102B50000000000000000000000000000000000075
:102B60000000000000000000000000000000000065
:102B70000000000000000000000000000000000055
:102B80000000000000000000000000000000000045
:102B90000000000000000000000000000000000035
:102BA0000000000000000000700EFF1F6823FF1FE0
:00000001FF
