:10000000F8FF022099010000A5D3030061D303008B
:1000100061D3030061D3030061D3030061D3030004
:1000200061D3030061D3030061D30300A5D30300B0
:10003000A5D3030061D30300B9C00300BDC0030012
:10004000A5D30300A5D30300A5D30300A5D30300C4
:10005000A5D30300A5D30300A5D30300A5D30300B4
:10006000A5D30300A5D30300A5D30300A5D30300A4
:10007000A5D30300A5D30300A5D30300A5D3030094
:10008000A5D30300A5D30300A5D30300A5D3030084
:10009000A5D30300A5D30300A5D30300A5D3030074
:1000A000A5D30300A5D30300A5D30300A5D3030064
:1000B000A5D30300A5D30300A5D30300C1DF03002C
:1000C000A5D3030041E90300A5D3030089F0030091
:1000D000A5D30300A5D30300A5D30300A5D3030034
:1000E000A5D30300A5D30300E9B90300A5D30300FA
:1000F000A5D30300A5D30300A5D30300A5D3030014
:1001000065C6030081C603009DC60300B9C603008F
:10011000A5D303008DF30300A5D30300A5D30300EB
:10012000A5D30300A5D30300A5D30300A5D30300E3
:10013000A5D30300A5D30300A5D30300A5D30300D3
:10014000A5D30300A5D30300A5D30300A5D30300C3
:10015000A5D30300A5D30300A5D30300A5D30300B3
:10016000A5D30300A5D30300A5D30300A5D30300A3
:10017000A5D30300A5D30300A5D30300A5D3030093
:10018000A5D30300A5D30300A5D30300A5D3030083
:10019000A5D30300A5D303005A4B4CF2205210B54F
:1001A000DA814DF62812DA8100BF00BF3DF0FEF87B
:1001B000554B4FF030621A63544A9A63544ADA63DB
:1001C0004FF0E0234FF47002C3F8882D514A1369B1
:1001D00013F4807303D153614FF4A85313614E4B52
:1001E0009A78110703D59A7842F008029A704B4B1F
:1001F0004B482A221A704B4BDA1C121AC11E22F0ED
:100200000302994288BF002247493CF0D5FF474B83
:100210004748DA1C121AC11E22F00302994288BF15
:100220000022002143F080FD424943484FF4CC7244
:100230003CF0C2FF414B424A802103F8011B93422C
:10024000FBD14FF0E0233C4AC3F8082D3D4B8A22F6
:100250001A70A3F5805324225A70A0221A709A793A
:100260009207FCD59A79D406FCD4374B9A7902F0E0
:100270000C02082AFAD103221A7146225A719A797D
:100280009006FCD5304A93795906FCD51E4B4FF0A9
:10029000827159640921996420211170917901F0CA
:1002A0000C010C29FAD1294A5A604FF0E023284A60
:1002B0005A6100229A6107221A61264AC3F8202D4A
:1002C00062B63DF01BF9134B5B69DA0705D522488E
:1002D0003DF008F9214B224ADA61224B1B785B067C
:1002E00009D51E4C1E4BE2699A4204D11A483DF0D2
:1002F000F9F80023E3613DF05FF844F049F93CF080
:1003000053FFFEE70020054000800440823F0400C8
:100310000100002B00D0034000D0074000E0074060
:10032000F806FF1F980FFF1FB82205000825FF1FC2
:10033000980FFF1F000000000002FF1F00E400E014
:1003400056E400E00050064000400640C0100500A2
:10035000BFD40100000020205C2B1F6800E0034098
:10036000A5C3945A00F00740FFFFFFFFFFFFFFFF08
:10037000FFFFFFFFFFFFFFFFFFFFFFFFFFFFFFFF8D
:10038000FFFFFFFFFFFFFFFFFFFFFFFFFFFFFFFF7D
:10039000FFFFFFFFFFFFFFFFFFFFFFFFFFFFFFFF6D
:1003A000FFFFFFFFFFFFFFFFFFFFFFFFFFFFFFFF5D
:1003B000FFFFFFFFFFFFFFFFFFFFFFFFFFFFFFFF4D
:1003C000FFFFFFFFFFFFFFFFFFFFFFFFFFFFFFFF3D
:1003D000FFFFFFFFFFFFFFFFFFFFFFFFFFFFFFFF2D
:1003E000FFFFFFFFFFFFFFFFFFFFFFFFFFFFFFFF1D
:1003F000FFFFFFFFFFFFFFFFFFFFFFFFFFFFFFFF0D
:10040000FFFFFFFFFFFFFFFFFFFFFFFFDEF9FFFF23
:100410000548064B1B1AD90F01EBA301491002D066
:10042000034B03B118477047980FFF1F980FFF1F2A
:100430000000000008B5054B1BB105490548AFF3A6
:100440000080BDE80840FFF7E3BF00BF00000000E8
:10045000980FFF1FB022050000207047704700BFB3
:10046000036D0BB101207047406D003818BF0120AB
:10047000704700BF00690B699842D4BF002001207B
:10048000704700BF80698B690028B8BF4042002BCD
:10049000B8BF5B429842D4BF00200120704700BF24
:1004A000036818470B680360704700BF0B68036060
:1004B000704700BF704700BFC36A00F12C0233B120
:1004C0000120D96A52F8043F0860002BF9D1704727
:1004D00010B50446806D18B141F06AFD0023A36594
:1004E000236D2BB104F11800BDE8104038F02EBA8E
:1004F000636D002BF6D110BD10B510EE100A00216F
:10050000F2EE046AF0EE407ABDEEE77AB8EEC77A12
:10051000B4EE677AF1EE10FA04D00131062967EEE5
:10052000A67AF1D1144B1B68012B03D0032B17D0F3
:100530005BB110BDCCB240F0CBFE41EC100B2146BC
:100540000E48BDE810403CF08FB9CCB240F0C0FE80
:1005500041EC100B21460A48BDE810403CF084B93C
:10056000CCB240F0B5FE41EC100B21460548BDE889
:1005700010403CF079B900BF6007FF1FA807FF1FBC
:100580002808FF1FD007FF1F084B1B68012B0146DF
:1005900003D0032B07D01BB1704705483CF012B9BC
:1005A00004483CF00FB904483CF00CB96007FF1F49
:1005B000A807FF1F2808FF1FD007FF1F10B504461C
:1005C000806D00B110BD4FF4807041F0E9FCA06572
:1005D000B0B1236D002202703BB101464FF480722E
:1005E000184637F029FEA06D10BD636D002BE9D0D1
:1005F00001464FF48072184635F068FBA06D10BDBF
:100600000148A06510BD00BFB00FFF1F38B5056DD4
:100610006DB10BB1002038BD1146284636F064FBA1
:100620000028F7D02846BDE8384036F0F5BC446DC8
:10063000002CEFD0204634F007F80028EAD02046FE
:10064000BDE8384034F022BE8A79A2F150031B067F
:1006500020D4F0B54B79046D0D798E784F780978F8
:10066000013385B002F26C72DBB244B103918DE8C4
:10067000E0000421204636F063FC05B0F0BD406D7B
:100680000028FAD003918DE8E000042134F04EFDFB
:1006900005B0F0BD0020704710B5036D82B00C4668
:1006A0002BB30DF1060201A9184635F033FF38B31C
:1006B000BDF80430BDF8062053EA020120D0C2F391
:1006C000451C02F01F00D20AC3F343114000A27080
:1006D0005A0A0139207003F01F0302F5EA62012073
:1006E00084F801C023716171A27102B010BD406D28
:1006F00030B10DF1060201A933F040FE0028D7D138
:10070000002002B010BD00BF10B5036D82B00C46D2
:100710002BB30DF1060201A9184635F0EBFE38B3F4
:10072000BDF80430BDF8062053EA020120D0C2F320
:10073000451C02F01F00D20AC3F343114000A2700F
:100740005A0A0139207003F01F0302F5EA62012002
:1007500084F801C023716171A27102B010BD406DB7
:1007600030B10DF1060201A933F0F6FD0028D7D112
:10077000002002B010BD00BF70B50C460D1D461A1A
:10078000A0193CF073FC04F8010BAC42F8D170BD29
:1007900010B543EC102B04469DF808103CF064F8AB
:1007A0002046BDE810403CF03BB800BF10B5002328
:1007B00004460A223CF04CF82046BDE810403CF0CC
:1007C0002FB800BF10B504463CF022F82046BDE823
:1007D00010403CF025B800BF69B170B50546084629
:1007E0000C4644F02DF92B680246214628465B68EA
:1007F000BDE87040184770470369D3B110B41C6856
:100800000D48E46884420FD1186D18B15DF8044BAF
:1008100036F03CBC586D18B15DF8044B34F0A8BDFF
:1008200000205DF8044B7047184623465DF8044BE2
:1008300018470020704700BF290C0000006990B1E4
:100840000368154A1B69934225D1036D63B118787B
:1008500010F0080007D0D8695B69C01A48BF6FF074
:100860000040704718467047436D002BFAD093F84C
:10087000310010F00800F6D0186919685A695B68F1
:10088000401A62EB0303B0F1004F73F10003EAD3A7
:100890006FF0004070471847DD0B0000036973B12B
:1008A0001A68084952698A4207D1186D08B136F0B2
:1008B000DFB8586D18B133F0AFBE184610474FF08F
:1008C000FF307047410A0000036963B11A680749A5
:1008D00092698A4208D1186D08B136F02BBB586D69
:1008E00008B134F0DBBA704718461047190B000006
:1008F000036923B310B51968124A8C68944282B018
:1009000014D1186D48B101220DF1070135F0DAFF5D
:1009100090B19DF8070002B010BD586D0028F8D0C6
:1009200001220DF1070133F0A3FDF1E701220DF1E2
:1009300007011846A047EBE74FF0FF30EBE74FF019
:10094000FF307047C90A0000036D13B158690021D8
:100950007047436D13B1D3E900017047184619463B
:10096000704700BF036D13B1D86900217047436D14
:1009700013B1D3E90401704718461946704700BF08
:10098000F0B595B00022234F01924FF47A741831DC
:10099000054604A8CDE9122202948DF80C20009798
:1009A00038F040F8129B002B29D05C203CF058FD19
:1009B000019BC360029B03619DF80C300375164BCD
:1009C00003600026154B83600446466004A9183076
:1009D00037F08EFF4FF47A73AB606368104AA760FC
:1009E0000133A6656E602A602E732C6163600D4B27
:1009F000009304A837F0AAFF284615B0F0BD139B5A
:100A0000002BD2D1064A6B60AC602B732A602B613D
:100A1000EDE700BFC40D0500140E05007C0D0500B8
:100A2000E80D0500A00D0500836C13B1184636F0E3
:100A30001FB8C06C08B133F0EFBD4FF0FF30704706
:100A4000036D13B1184636F013B8406D08B133F09A
:100A5000E3BD4FF0FF307047036D33B11B7813F0E7
:100A6000700F14BF012000207047406D30B190F826
:100A7000313013F0500F14BF01200020704700BF29
:100A800010B50446006D80B1037813F0700F00D1EB
:100A900010BD002136F028F9606D0028F8D0BDE8BF
:100AA00010400022002333F0CFBD606D0028EFD04E
:100AB00090F8313013F0500FEAD0BDE8104000221A
:100AC000002333F0C1BD00BF036D13B1184635F0EC
:100AD000F9BE406D08B133F0CBBC4FF0FF3070472A
:100AE00000B5836C83B063B101220DF10701184694
:100AF00035F0E8FE01280CD19DF8070003B05DF841
:100B000004FBC06C28B101220DF1070133F0B0FCE9
:100B1000F0E74FF0FF30F1E7036D13B1184636F000
:100B200009BA406D08B134F0B9B97047836C13B19C
:100B3000184636F0FFB9C06C08B134F0AFB9704751
:100B40008A79A2F150031B0620D4F0B54B79046DCD
:100B50000D798E784F780978013385B002F26C7286
:100B6000DBB244B103918DE8E0000221204636F06B
:100B7000E7F905B0F0BD406D0028FAD003918DE88B
:100B8000E000022134F0D2FA05B0F0BD0020704739
:100B9000836C53B1187810F008000DD0D8695B69E8
:100BA000C01A48BF6FF000407047C36CA3B193F800
:100BB000310010F0080000D17047186919685A69AF
:100BC0005B68401A62EB0303B0F1004F73F100035E
:100BD000F2D36FF0004070471846EDE7036D53B154
:100BE000187810F008000DD0D8695B69C01A48BFAA
:100BF0006FF000407047436DA3B193F8310010F0DF
:100C0000080000D17047186919685A695B68401A72
:100C100062EB0303B0F1004F73F10003F2D36FF006
:100C2000004070471846EDE7036D13B1184636F0E3
:100C30002DBA406D08B134F09BBB7047836C13B183
:100C4000184636F023BAC06C08B134F091BB704737
:100C500000B5836C83B08DF8071043B101220DF10C
:100C60000701184636F012FA03B05DF804FBC06CB9
:100C70000028F9D001220DF1070134F079FB03B00F
:100C80005DF804FB00B5006983B08DF8071060B112
:100C90000368104ADB68934215D1036D43B101220A
:100CA0000DF10701184636F0F1F903B05DF804FBC9
:100CB000406D0028F9D001220DF1070134F058FBF6
:100CC00003B05DF804FB01220DF10701984703B062
:100CD0005DF804FB290C000038B50446806D0C4B10
:100CE000236018B141F064F90023A365236D04F17A
:100CF00018054BB1284637F029FE064BA36028465D
:100D000037F024FE204638BD636D002BF2D1F4E7A6
:100D1000140E0500A00D050038B50446806D0E4B7D
:100D2000236018B141F044F90023A365236D04F159
:100D300018056BB1284637F009FE084BA36028461A
:100D400037F004FE20465C213CF08EFB204638BD87
:100D5000636D002BEED1F0E7140E0500A00D050029
:100D6000F0B4846DA36A01261E60626823681A4489
:100D7000036B626000F1300C93B15A69002A08DB02
:100D80009A6A166059681F6825695A69394459601A
:100D9000521B1969114459615CF8043F002BECD1D6
:100DA000436A124A816900251560DB00556803F12A
:100DB000804303F56033294419610D211160DA681D
:100DC000C16E22F080025025DA60DD6019B96268D8
:100DD000E3689A4201D0F0BC7047C36D012280F8ED
:100DE0002820002BF7D0F0BC184700BF008003403C
:100DF00030B4029C11469C4634B1012C1CD0022C0C
:100E00000ED0002030BC7047056DF5B14FF0FF33B8
:100E1000934274EB0C04F4D3284630BC35F064BF25
:100E2000026D0AB3D36959184CF10003002BE8D1C5
:100E300030BC104635F058BF026D62B15369591885
:100E40004CF10003002BDCD1F2E7406D0028D8D034
:100E500030BC33F0F9BB406D0028D2D0D0E900237C
:100E60008A184CEB0303F3E7406D0028C9D0D0E9A2
:100E700004238A1830BC4CEB030333F0E5BB00BFFE
:100E800038B5044649B108460D4643F0D9FD2368FC
:100E900002465B682946204698472046BDE8384010
:100EA0003BF0BEBC826D836F10B504465068D4F829
:100EB000AC101B1A002BB8BF5B428B4216DBD4F878
:100EC000B00083420BDBE16FCB1A5168106800FB66
:100ED0000313D360D168536899420FD010BD0B44FF
:100EE0000020E367C4F8B0000B46EEE7002158008D
:100EF000C4F8B010C4F8AC10E067E6E704F10C00E9
:100F00003BF064FB0023206AA3603AF055FD606A61
:100F1000BDE810403AF050BD08B5374A374BD2ED26
:100F2000017AD3ED006A9FED366A364BF8EEE66A39
:100F30005B6C86EE267A013BF8EEE77A2DED028BAC
:100F400027EE277A032B53D8DFE803F04C46400204
:100F50002D4B93ED018AB8EEC88A2C4BDFED280AA1
:100F600093ED000A27EE000A3FF026F93FF06AF9F8
:100F7000274B284993ED007A274B0022F0EE487A60
:100F8000D0EE077A83F8902091ED007A72B6DFED0B
:100F9000236A93ED206AC7EEA65AB8EEC77AD3ED5E
:100FA0001F6AC5EE877A67EE867AF4EEE67AC3EDBD
:100FB0001E7AD3ED227AF1EE10FAD8BFF1EE677AFD
:100FC000C3ED237A62B6BDEC028B08BD144B93EDE2
:100FD000018AB8EEC88AC0E7124B93ED018AB8EED9
:100FE000C88ABAE7104B93ED018AB8EEC88AB4E715
:100FF0009FED0E8AB1E700BF3418FF1F7418FF1F62
:10100000DB0FC9401013FF1F5817FF1FC416FF1F27
:101010000017FF1FE016FF1FC814FF1FCDCCCC3CEC
:101020001817FF1F9817FF1FD817FF1F0000000099
:10103000036A8B4210B5044623D0C3698B4200D0AB
:1010400010BD8369002BFBD072B6204AC369A16929
:1010500000201060DB00506803F1804303F560332B
:10106000014419610D211160DA68502122F08002DB
:10107000DA60D96062B620690368BDE810405B6839
:1010800018470069124A03689B6893421BD1C36AE0
:101090002C3033B10121DA6A50F8043F1160002B83
:1010A000F9D194F82430002BCAD004F108003BF0A9
:1010B0008DFA0023E06963603AF07EFC206ABDE8A7
:1010C00010403AF079BC9847EBE700BF008003403E
:1010D000B904000070B50569234B03600446002D78
:1010E00032D06E68013E6E6076BB2B681F4ADB6AA9
:1010F00093422FD1A86D10B140F05AFFAE652B6D11
:1011000023B305F1180037F021FC2569E5B12B6800
:10111000174A5B68934224D1A86D164B2B6018B117
:1011200040F046FF0023AB652B6D05F11806A3B117
:10113000304637F00BFC104BAB60304637F006FC06
:101140005C2128463CF090F9204670BD6B6D002B69
:10115000D7D1DAE728469847D7E76B6D002BE7D160
:10116000E9E728469847EFE7E80D0500D1040000BD
:10117000190D0000140E0500A00D050070B50569DD
:10118000254B03600446002D32D06E68013E6E6030
:1011900076BB2B68214ADB6A934233D1A86D10B12C
:1011A00040F006FFAE652B6D43B305F1180037F034
:1011B000CDFB2569E5B12B68194A5B68934228D1BC
:1011C000A86D184B2B6018B140F0F2FE0023AB6500
:1011D0002B6D05F11806C3B1304637F0B7FB124B43
:1011E000AB60304637F0B2FB5C2128463CF03CF95E
:1011F000204614213CF038F9204670BD6B6D002B61
:10120000D3D1D6E728469847D3E76B6D002BE3D1BF
:10121000E5E728469847EBE7E80D0500D104000014
:10122000190D0000140E0500A00D050070B506692B
:101230007568013D0446756075BB33681F4ADB6AFB
:1012400093422CD1B06D10B140F0B2FEB565336D54
:1012500063B306F1180037F079FB2569E5B12B6817
:10126000174A5B68934225D1A86D164B2B6018B1C5
:1012700040F09EFE0023AB652B6D05F118068BB187
:10128000304637F063FB104BAB60304637F05EFB07
:101290005C2128463CF0E8F80023236170BD30460D
:1012A0009847DAE76B6D002BEAD1ECE7736D002B02
:1012B000CFD1D2E728469847EEE700BFD10400001F
:1012C000190D0000140E0500A00D0500F0B5012B4E
:1012D00095B0054638D0022B40F202200CBF0346E1
:1012E00000230431684637F049FC129B002B34D0B0
:1012F0005C203CF0B5F81F4B0026C0E90036019B8E
:10130000C3601D4B8360029B036104AF9DF80C30EA
:10131000037504463946183037F0EAFA174BA360D4
:101320004FF47A73AB606368154AA66501336E604B
:101330002A602E732C616360124B0093384637F09D
:1013400005FB284615B0F0BD44F20223043168467F
:1013500037F014FC129B002BCAD1139B002BC7D172
:10136000074A6B604FF47A71A9602B732A602B6176
:1013700004AFE1E7140E05007C0D0500C40D050067
:10138000E80D0500A00D050070B54368044621B3C3
:101390009A6812F0020216D0204A18689042204A39
:1013A0002ED9B2FBF1F15A68A0EB020C61451AD3B9
:1013B0000A44121A002401209C60D86003201A609D
:1013C0009860196070BD012403209A60DC60144AA3
:1013D000B2FBF1F21A60986070BDABB19A6822F06E
:1013E00002029A6070BD20690268002501249D6098
:1013F0001268DC60032419609C60BDE870401047EF
:10140000B2FBF1F21A6070BD064A1268002AE5D0FC
:101410000221012090476368E0E700BF7FA9030035
:1014200000879303581EFF1FD0ED1F7A90ED1E7AA0
:10143000836DF4EE477AF1EE10FA70B55A680446FF
:101440004DD0D0ED236AF5EEC06A77EEA67AF1EEC4
:1014500010FAB4EEE77A3CDDF1EE10FAD8BFF0EE08
:10146000477ABDEEE77AC4ED1F7A17EE105A94F86A
:1014700090200AB1002D37D09A68AA4228D01A6865
:10148000002DACBF01234FF0FF339A4217D0E36A1F
:1014900073B104F12C0101261A6850420132186020
:1014A0000CBF1B6B5B6B1E6051F8043F002BF3D12C
:1014B000636F03EB8303DB0001D0013BFDD185EAC1
:1014C000E571A1EBE571201DFFF75EFFA36D9D6047
:1014D00070BDF1EE10FA58BFF0EE477AC1E7FDEEAD
:1014E000C77A17EE905AC2E704F10C003BF06EF891
:1014F000206AA5603AF060FA606A3AF05DFAA26D7F
:10150000E36D956084F89050002BE1D0BDE8704009
:10151000184700BF8368EBB1826D836F5168D0F8C4
:10152000AC2010B55B1A002BB8BF5B4293422DED87
:10153000028B00F104040EDBD0F8B020934236DBBE
:10154000C26F934228DB00212046FFF71DFFBDEC50
:10155000028B10BD7047D0ED2A8AD0E92401F8EE45
:10156000688A07EE903AB8EEE78A40F021FB00EE79
:10157000100AA8EE880AB5EE400AF1EE10FA1ED461
:10158000F1EEC07A2046FDEEE77A17EE901AFFF7EB
:10159000FBFEBDEC028B10BDD0ED2A8AD21A013AB7
:1015A000D0E92601F8EE688A07EE902ADBE7D0F84A
:1015B00088102046FFF7E8FEBDEC028B10BD3EF020
:1015C0001FFEF0EE407ADDE72DE9F041C46A96B0E7
:1015D0000546002C66D02368984A1B6B93425CD169
:1015E000236D002B00F0F2802368954FDB6ABB422D
:1015F00040F00C81A06D18B140F0DAFC0023A36527
:10160000236D002B00F0FA8004F1180037F09EF9EA
:10161000EE6A7468013C7460002C40F0E880336826
:10162000DB6ABB4240F00681B06D10B140F0C0FCF7
:10163000B465336D002B00F0F88006F1180037F028
:1016400085F9EC6A002C00F0D28023687D4A5B6843
:10165000934240F0CA80A06D7B4B236018B140F0EC
:10166000A7FC0023A365236D04F11806002B00F0EE
:10167000D080304637F06AF9744FA760304637F0B3
:1016800065F95C2120463BF0EFFEAA7E0023012A8B
:10169000EB620BD144F202230DE02046984700286C
:1016A00040F0A780AA7E694F012AF3D0022A40F2B7
:1016B000022318BF002366492A4602A837F05EFAC3
:1016C000149B002B73D05C203BF0CAFE5E4B0026BF
:1016D000C0E90036039BC3605E4B8360049B0361DB
:1016E00004469DF81430037506A9183037F000F948
:1016F0006368A66501336360574BA36006A8029731
:1017000037F024F9EE6A002E4FD07368013B736006
:101710000193002B30D132684949D26A8A4272D192
:10172000B06D18B140F044FC019BB365336D002BE4
:1017300057D006F1180037F009F9EE6AE6B13368C0
:10174000404A5B6893426DD1B06D3F4B336018B136
:1017500040F02EFC0023B365336D06F11808002B12
:101760005CD0404637F0F2F8B760404637F0EEF80C
:101770005C2130463BF078FEEC6284B123682F4A4E
:101780001B6B934207D1236DE3B100230120EB765D
:1017900016B0BDE8F081204698470028F5D1012316
:1017A0000020EB7616B0BDE8F081EC62E6E7159C10
:1017B000002C88D106A8029737F0C8F8EE6A002EF0
:1017C000A3D1ECE7636D002BDFD1E8E7636D002B5D
:1017D0003FF468AF23681A4FDB6ABB423FF40AAF9D
:1017E00014E0736D002BA4D1A7E720469847174F4C
:1017F0004BE7EC6A002C3FF455AFF5E6636D002B28
:101800007FF402AF04E73046904796E720469847BA
:10181000FEE6636D002B7FF42CAF2DE7736D002B7C
:101820009FD1A1E730469847A6E7736D002B7FF460
:1018300004AF06E73046984703E700BF61040000A5
:10184000D1040000190D0000140E0500A00D0500C4
:101850008818FF1F7C0D0500C40D050010B5334C22
:1018600033480C213EF064FA102120463AF0D0FFB4
:1018700020463AF0D5FF0E212E483EF059FA542169
:1018800020463AF0C5FF20463AF0CAFF0F212A4809
:101890003EF04EFA502120463AF0BAFF20463AF088
:1018A000BFFF102125483EF043FA4FF484712046D3
:1018B0003AF0AEFF20463AF0B3FF0F2120483EF049
:1018C00037FA702120463AF0A3FF20463AF0A8FFED
:1018D0000F211C483EF02CFA602120463AF098FF78
:1018E00020463AF09DFF142117483EF021FA8C2142
:1018F00020463AF08DFF20463AF092FF132113481C
:101900003EF016FA6C2120463AF082FF20463AF06B
:1019100087FF10210E483EF00BFA204634213AF0A2
:1019200077FF2046BDE810403AF07ABF2808FF1F35
:10193000B8AB0400C8AB0400D8AB0400E8AB0400AB
:10194000FCAB04000CAC04001CAC040034AC040080
:1019500048AC040007EE901AB8EEE77A07EE900A5A
:10196000F8EEE77A10B587EE270A2DED028BDFED52
:10197000276A84B020EE260A3EF0A0FC244BF7EE46
:10198000007A1B68B4EEE70AF1EE10FAA3F1030344
:10199000B0EE408A01AC48BFB1EE408A082B10D8A7
:1019A000DFE803F026280F2A2C2E303205001949D3
:1019B00020463BF035F92046FEF7E6FD20463BF099
:1019C00087F9B0EE480AFEF797FD134B20461968D9
:1019D0003BF026F92046FEF7D7FD20463BF078F98C
:1019E000FDEEC87A17EE900A04B0BDEC028B10BD74
:1019F0000A49DDE70A49DBE70A49D9E70A49D7E797
:101A00000A49D5E70A49D3E70A49D1E70000C842A5
:101A10005007FF1F5CAC04004807FF1F78AC0400B0
:101A200094AC0400ACAC0400C4AC0400DCAC040016
:101A3000F4AC040010AD04002DE9F041064686B078
:101A40000F4690463AB1B34BD3F8E040012C00F07A
:101A500047814FF00008B04C23680193019D236833
:101A60000093009B5B1B092BF9D9042E00F2248202
:101A7000DFE816F05E000701A800D8000500A74DBA
:101A8000A748D5F8906014213EF052F9A54806F019
:101A900001013AF0BDFEA3483AF0C2FE002F00F06B
:101AA0009E819C4E96F8A0100F2081F001013BF022
:101AB00087FD96F8A030002B00F0C9810123C5F8FE
:101AC0008830994903A83BF0ABF803A8FEF75CFD0A
:101AD00003A83BF0FDF8954903A83BF0A1F803A843
:101AE000FEF752FD03A83BF0F3F8914816213EF0B3
:101AF0001FF98C483AF094FE884B8E48D3F89050EA
:101B000011213EF015F90F2186483AF081FE8548F3
:101B10003AF086FE05F00105112187483EF008F9EC
:101B2000294680483AF074FE7E483AF079FE38E063
:101B3000002F00F03881774B93F89C10042081F03F
:101B400001013BF03DFD7D4903A83BF069F803A886
:101B5000FEF71AFD03A83BF0BBF8744903A83BF05D
:101B60005FF803A8FEF710FD03A83BF0B1F86B4B3C
:101B700071481D691121C5F340353EF0D9F8294659
:101B800068483AF045FE67483AF04AFE16216C482C
:101B90003EF0CEF8634804213AF03AFE61483AF04C
:101BA0003FFE112164483EF0C3F85E4829463AF0F2
:101BB0002FFE5C483AF034FE002F40F09D8006B0C6
:101BC000BDE8F081002F00F0DD80524B93F89E10AD
:101BD000162081F001013BF0F3FC5A4903A83BF0C9
:101BE0001FF803A8FEF7D0FC03A83BF071F84F499B
:101BF00003A83BF015F803A8FEF7C6FC03A83BF0CA
:101C000067F8464B5048D3F8905010213EF090F8BA
:101C1000162144483AF0FCFD4248C5F340053AF02D
:101C2000FFFDBEE7002F00F003813A4B93F89F10B1
:101C3000112081F001013BF0C3FC444903A83AF0B4
:101C4000EFFF03A8FEF7A0FC03A83BF041F83749DB
:101C500003A83AF0E5FF03A8FEF796FC03A83BF0C3
:101C600037F82E4B3A481D6D11213EF061F81121D5
:101C70002C483AF0CDFD2B48C5F340053AF0D0FD95
:101C80008FE7002F6ED0234B93F89D100E2081F02C
:101C900001013BF095FC2F4903A83AF0C1FF03A8CE
:101CA000FEF772FC03A83BF013F8204903A83AF0B2
:101CB000B7FF03A8FEF768FC03A83BF009F8174B31
:101CC0002548D3F8D05010213EF032F80E211548A7
:101CD0003AF09EFD1348C5F340053AF0A1FD60E7D8
:101CE00010211E483EF024F821460E483AF090FD9F
:101CF0000C483AF095FDAEE62268194B039219683C
:101D0000039A23680293029B9B1A9942F9D806B062
:101D1000BDE8F0817013FF1F0C1FFF1F00F00F4084
:101D2000A8AE04002808FF1FC0AE04005CAD04008C
:101D3000E0AE040048AF040080AD04003CAD0400F8
:101D400094AD040000AE040040AE040054AE0400A4
:101D500094AE0400ACAD0400ECAD040028AD04006A
:101D60003407FF1FB8F1000FA9D1544BD3F8E82076
:101D700093F89D10002A40F09B800E203BF020FC41
:101D80004F4989E7B8F1000F7FF43BAF4B4BD3F8D5
:101D9000EC2093F89E10002A40F0868016203BF03D
:101DA0000FFC48491AE7B8F1000F7FF4E0AE434B4F
:101DB000D3F8E42093F89C10002A6DD104203BF066
:101DC000FFFB414903A83AF02BFF03A8FEF7DCFB19
:101DD00003A83AF07DFF3D4B03A81968BFE6B8F1B0
:101DE000000F7FF489AE354BD3F8F42093F8A010A0
:101DF0008ABB0F203BF0E4FB354903A83AF010FF03
:101E000003A8FEF7C1FB03A83AF062FF314903A81B
:101E10003AF006FF03A8FEF7B7FB03A83AF058FF15
:101E200016212D483DF084FF2C483AF0F9FC63E67A
:101E3000B8F1000F7FF415AF204BD3F8F02093F8E2
:101E40009F106ABB11203BF0BBFB2549F6E601233E
:101E5000C5F8843035E681F001010F203BF0B0FB7E
:101E6000204903A83AF0DCFE03A8FEF78DFB03A887
:101E70003AF02EFF174903A83AF0D2FE03A8FEF766
:101E800083FB03A83AF024FF162117483DF050FFCA
:101E900012483AF0C5FC2FE681F00101042050E61B
:101EA00081F001011120C6E681F00101162092E6C1
:101EB00081F001010E20ECE6002572E67013FF1F91
:101EC000CCAD040020AE040060AD04004807FF1F45
:101ED000F8AE04005CAD040018AF04002808FF1F32
:101EE00074AE0400C0AE040030AF04002DE9F0472A
:101EF0002DED028B84B00027644EDFF8B4A1DFF82B
:101F0000B491019704460297ADF80C708DF80E70ED
:101F100001A842F095FD014601A83DF009FF3046B9
:101F20003AF07EFC236820465B6998470021804692
:101F300050463DF0FDFE30463AF072FC2421484602
:101F40003DF0F6FE394630463AF062FC5FFA88F51D
:101F500004214F483DF0ECFE28463DF06DFF022184
:101F60004C483DF0E5FE294630463AF051FC3046FB
:101F70003AF056FC7F2D79D018F0800F4CD16B1EB3
:101F80000B2B04D841F21203EB40DB077BD407F1A3
:101F900010036B4401A803F80C5C42F051FD0146AC
:101FA00001A83DF0C5FE013730463AF039FC0B2F51
:101FB000AED101A83FF0F0FF51EC100B3FF0D8FC80
:101FC0003FF086F902460B463348042143EC182BB8
:101FD0003DF0AEFE01A842F033FD014601A83DF000
:101FE000A7FE2A483AF01CFC08212C483DF0A0FE30
:101FF000B0EE480AF0EE680A042124483AF034FCB6
:1020000022483AF00DFCB0EE480AF0EE680A04B03F
:10201000BDEC028BBDE8F087FF2DB8D1142120481C
:10202000204F1A4E3DF084FE01A842F009FD014602
:1020300001A83DF07DFE15483AF0F2FB0DE0236863
:102040005B6998471C21054638463DF071FEE8B2B1
:102050003DF0F2FE30463AF0E3FB236820461B6970
:1020600098470346002B2046E9DCA2E70E481B21D7
:102070003DF05EFE394630463AF0CAFB30463AF053
:10208000CFFB002744E709481921F1E72808FF1F83
:1020900084AF04001CB00400FCAF040004B00400D2
:1020A000A8AF0400C0AF0400E0AF04008CAF040090
:1020B000A81105005CAF0400012805D0032809D051
:1020C00028B19FED070B70470748FFF70FBF074880
:1020D000FFF70CBF0648FFF709BF00BFAFF3008052
:1020E000000000000000F0BFA807FF1F2808FF1F26
:1020F000D007FF1F70B5254C2368012B37D0032B69
:102100003FD0002B38D000252E460E2120483DF030
:102110000FFE30463DF090FE1E483AF081FB3BF04A
:10212000ABFE00280CDD2368012B1DD0032B18D03B
:10213000002BF4D13DF08EFD3BF09EFE0028F2DC3A
:102140003CF010FF0028EEDC042113483DF0F0FDC8
:10215000294610483AF05CFB0E483AF061FB2846ED
:1021600070BD3CF013FFDAE73BF09AFED7E73BF097
:1021700097FEC6B23546C8E73DF06CFDC6B235469F
:10218000C3E73CF003FFC6B23546BEE76007FF1F5A
:1021900010B004002808FF1F20B0040038B5434DDC
:1021A000DFED437AAA6BEB6B95ED107A4148424C18
:1021B00002FB03F32DED048B08EE103AB8EE488ACB
:1021C00095ED129A28EE078A0D2129EE279AF0EE56
:1021D000408A3DF0ADFD18EE100A3FF079F841EC71
:1021E000100B022120463AF03FFB20463AF018FB44
:1021F000112132483DF09CFD286C3FF069F841EC1C
:10220000100B022120463AF02FFB20463AF008FB43
:102210000F212B483DF08CFDC8EE899A19EE100A6B
:102220003FF056F841EC100B022120463AF01CFB1F
:1022300020463AF0F5FA102122483DF079FD18EEDB
:10224000900A3FF045F841EC100B022120463AF08D
:102250000BFB20463AF0E4FA07211B483DF068FDED
:1022600019EE900A3FF034F841EC100B02212046A1
:102270003AF0FAFA20463AF0D3FA28EE298A0821F1
:1022800012483DF055FD18EE100A3FF021F841ECE0
:10229000100B022120463AF0E7FA20463AF0C0FA45
:1022A000B0EE480ABDEC048B38BD00BF7013FF1FB1
:1022B000DB0FC94028B004002808FF1F38B0040015
:1022C0004CB004005CB0040070B0040004B0040022
:1022D00038B5434DDFED437AAA6DEB6D95ED187A75
:1022E0004148424C02FB03F32DED048B08EE103AFB
:1022F000B8EE488A95ED1A9A28EE078A0D2129EE44
:10230000279AF0EE408A3DF013FD18EE100A3EF0D9
:10231000DFFF41EC100B022120463AF0A5FA2046DF
:102320003AF07EFA132132483DF002FD286E3EF06D
:10233000CFFF41EC100B022120463AF095FA2046DF
:102340003AF06EFA0F212B483DF0F2FCC8EE899A64
:1023500019EE100A3EF0BCFF41EC100B02212046A2
:102360003AF082FA20463AF05BFA102122483DF01A
:10237000DFFC18EE900A3EF0ABFF41EC100B02219F
:1023800020463AF071FA20463AF04AFA07211B48F3
:102390003DF0CEFC19EE900A3EF09AFF41EC100B96
:1023A000022120463AF060FA20463AF039FA28EE47
:1023B000298A082112483DF0BBFC18EE100A3EF0B5
:1023C00087FF41EC100B022120463AF04DFA2046DF
:1023D0003AF026FAB0EE480ABDEC048B38BD00BFD7
:1023E0007013FF1FDB0FC94028B004002808FF1F2F
:1023F00078B004004CB004005CB0040070B004007D
:1024000004B004001D4A1E4892ED117AD36B926B02
:10241000C0EE077A10B502FB03F30A21194C2DED2B
:10242000028B08EE103AB8EE488AF0EE408A28EEA9
:10243000278A3DF07DFC18EE900A3EF049FF41EC02
:10244000100B022120463AF00FFA20463AF0E8F944
:102450001A210D483DF06CFC18EE100A3EF038FFD2
:1024600041EC100B022120463AF0FEF920463AF0EA
:10247000D7F9B0EE480ABDEC028B10BD7013FF1FF8
:102480008CB004002808FF1F98B004001D4A1E48A5
:1024900092ED197AD36D926DC0EE077A10B502FBFA
:1024A00003F30A21194C2DED028B08EE103AB8EE19
:1024B000488AF0EE408A28EE278A3DF039FC18EE73
:1024C000900A3EF005FF41EC100B022120463AF045
:1024D000CBF920463AF0A4F91A210D483DF028FC2A
:1024E00018EE100A3EF0F4FE41EC100B02212046DB
:1024F0003AF0BAF920463AF093F9B0EE480ABDEC4A
:10250000028B10BD7013FF1F8CB004002808FF1F42
:10251000B4B004000138032809D8DFE800F0132321
:102520000B02254B5B6D002B44D0012B3ED09FED61
:10253000230A7047204B5B6B002B39D0012BF6D15F
:10254000FFF760BF1C4A92ED057A1369D268C0EEAE
:10255000077A02FB03F300EE103AB8EE400A20EED1
:10256000270A7047144AD2F8CC3073B992ED0A7A30
:10257000536A126AC0EE077A02FB03F300EE103AC8
:10258000B8EE400A20EE270A704792ED367AD2F86C
:10259000D430D2F8D020C0EE077A02FB03F300EE6D
:1025A000103AB8EE400A20EE270A7047FFF76EBFD8
:1025B000FFF7F4BDFFF78CBE7013FF1F0000000093
:1025C00038B5204C204D2DED068B94ED009AD5EDBD
:1025D000009AB5EEC09AF1EE10FAF5EEC09A48BF37
:1025E000B1EE499AF1EE10FA48BFF1EE699A29EE80
:1025F000A90A08EE100AA9EE090A08EE901AB5EE2B
:10260000400AF1EE10FA18D4B1EEC0AA8AEE290AF7
:10261000F8EEE88AB8EEC88A28EE800A3DF096FE09
:10262000CAEE097A85ED000A28EE270A3DF08EFEF3
:10263000BDEC068B84ED000A38BD3DF0E1FDB0EE47
:1026400040AAE3E7B416FF1FB016FF1F38B5384B9A
:102650001B68013B0A2B5DD8DFE803F05D294F5C66
:102660005C060606063C2900324B334D1868334C95
:10267000FFF722FD51EC100B3FF032F9304A31499F
:10268000D062034609686B611046502263643AF0D9
:1026900007FD2D4B2846196870223AF001FD2B4B9F
:1026A000204619686C22BDE838403AF0F9BC214B4D
:1026B000274C1868FFF700FD51EC100B3FF010F9A4
:1026C000244903468C22096863612046BDE83840EE
:1026D0003AF0E6BC174B204C1868FFF7EDFC51ECC4
:1026E000100B3FF0FDF81D490346A3622046096820
:1026F000BDE8384060223AF0D3BC0E4B184C186845
:10270000FFF7DAFC51EC100B3FF0EAF815490346ED
:102710003422D8E738BD074B134C1868FFF7CCFCC0
:1027200051EC100B3FF0DCF810490346CAE700BF3C
:102730005007FF1F6007FF1FA012FF1F4410FF1F5D
:102740007814FF1F3007FF1F2807FF1F0007FF1F18
:102750001412FF1F2407FF1F1013FF1F2C07FF1F5A
:102760000011FF1F1807FF1F3411FF1F1C07FF1F59
:1027700038B51521A448A54C3DF0DAFAA4483AF042
:102780004FF80E21A3483DF0D3FA2168A0483AF053
:102790003FF89F483AF044F82368013B0A2B07D8DA
:1027A000DFE803F07A133D550607070707271300F4
:1027B00038BD994C2368013B032B00F28D80DFE884
:1027C00013F0E800DA007E00CC00944B1868FFF7A5
:1027D00073FC51EC100B3FF083F8914A936D042B7E
:1027E00000F28F80DFE813F0E900E700E500E30086
:1027F0008C008C4C636C012B00F05E81022B00F08E
:102800006581032B00F06C81042B00F07381864BF3
:10281000844819686022BDE838403AF041BC834CD6
:102820002368032B00F03E81042B08D17B4B1868F2
:10283000FFF742FC51EC100B3FF052F8E0617C4B8B
:102840007A4819683422BDE838403AF029BC794CFE
:102850002368013B0D2BABD801A252F823F000BF37
:10286000812A00005D2A0000E3290000BF29000042
:10287000B1270000B1270000B1270000B1270000F8
:10288000B1270000B1270000812A00005D2A000066
:10289000E3290000BF290000604B674D1868FFF76F
:1028A0000BFC51EC100B3FF01BF8AB6D013B0446E9
:1028B000032B3FF67DAFDFE803F0473E352C574B47
:1028C0001868FFF7F9FB51EC100B3FF009F85B4A71
:1028D0005B4BA063106218655A4B4F481968502231
:1028E0003AF0DEFB584B5548196870223AF0D8FB95
:1028F000564B534819686C22BDE838403AF0D0BBBB
:102900005062534B464819688C22BDE838403AF073
:10291000C7BB504B6C6219684748BDE838408C22F1
:102920003AF0BEBB4B4B2C6219684348BDE83840B7
:102930008C223AF0B5BB474BEC6119683E48BDE8C4
:1029400038408C223AF0ACBB424BAC6119683A4833
:10295000BDE838408C223AF0A3BB304B1868FFF733
:10296000ABFB51EC100B3EF0BBFF344A344BE06341
:1029700050625865B0E7294B1868FFF79DFB51EC92
:10298000100B3EF0ADFF2D4A2D4B6063D061D86433
:10299000A2E7224B1868FFF78FFB51EC100B3EF0BB
:1029A0009FFF264A264B20639061986494E710624B
:1029B000A7E7D061A5E79061A3E75061A1E7174BB6
:1029C0001868FFF779FB51EC100B3EF089FF224AA3
:1029D0000346116823631748BDE8384054223AF093
:1029E0005FBB0E4B1868FFF767FB51EC100B3EF016
:1029F00077FF194A0346116863620E48BDE8384004
:102A000054223AF04DBB00BFD0B004005007FF1F66
:102A10002808FF1FE8B004007814FF1F6007FF1F9D
:102A20001412FF1F1013FF1F2C07FF1F0011FF1FA1
:102A30001807FF1FC011FF1F3411FF1FA012FF1F37
:102A40004410FF1F3007FF1F2807FF1F0007FF1F4D
:102A50002407FF1F1C07FF1F2007FF1F2A4B1868B2
:102A6000FFF72AFB51EC100B3EF03AFF274A0346D2
:102A70001168A3612648BDE8384054223AF010BBE3
:102A8000214B1868FFF718FB51EC100B3EF028FFA4
:102A90001E4A03461168E3601D48BDE838405422D1
:102AA0003AF0FEBA184B1868FFF706FB51EC100B12
:102AB0003EF016FFA061C2E6134B1868FFF7FCFA60
:102AC00051EC100B3EF00CFFE062A0E60E4B1868D4
:102AD000FFF7F2FA51EC100B3EF002FF206396E68E
:102AE000094B1868FFF7E8FA51EC100B3EF0F8FEBE
:102AF00060638CE6044B1868FFF7DEFA51EC100BAC
:102B00003EF0EEFEA06382E66007FF1F2007FF1F76
:102B1000C011FF1F564A10B51368516801FB03F33B
:102B200007EE903A2DED028BF8EE677AB0EE408A10
:102B300092ED020A27EE800A04463DF007FC601E73
:102B4000FDEEC07A042800F29080DFE800F01B3927
:102B50002A480300474B1A6883ED038A012A4DD0A7
:102B6000F8EEE77A87EE887ABCEEC77A424A4148A7
:102B7000116883ED027ABDEC028B1022BDE8104093
:102B80003AF08EBA3D4B1A6883ED038A012A40D091
:102B9000F8EEE77A87EE887ABCEEC77A384A37488B
:102BA000E6E7384B1A6883ED038A012A47D0F8EE2E
:102BB000E77A87EE887ABCEEC77A334A3148D7E79E
:102BC000324B1A6883ED038A012A2DD0F8EEE77A9A
:102BD00087EE887ABCEEC77A2D4A2C48C8E72D4B81
:102BE0001A6883ED038A012A34D0F8EEE77A87EE7B
:102BF000887ABCEEC77A284A2648B9E7DFED276A0B
:102C000088EE267AF8EEE77A67EE877ABCEEE77A06
:102C1000ACE7DFED226A88EE267AF8EEE77A67EE17
:102C2000877ABCEEE77AB9E7DFED1C6A88EE267A90
:102C3000F8EEE77A67EE877ABCEEE77ACCE7DFED6D
:102C4000176A88EE267AF8EEE77A67EE877ABCEEA6
:102C5000E77AB2E7DFED116A88EE267AF8EEE77AD6
:102C600067EE877ABCEEE77AC5E7BDEC028B10BD54
:102C70007013FF1FF010FF1F1407FF1FB010FF1F7E
:102C80000407FF1FD010FF1F0C07FF1FC010FF1FFE
:102C90000807FF1FE010FF1F1007FF1F0000B443CD
:102CA00070B5192186B04248424D3DF041F8424886
:102CB00039F0B6FD414B424AD5F8000141490024A4
:102CC0001C60414B14601C60404A414B14605C60C6
:102CD000404A414B54605C60404A414B54605C60E8
:102CE000404B414A1C60414B14601C60404A414BC0
:102CF00014601C60404A414B14601C60404A414BC8
:102D000014601C70404A0C60A0F10A031D2B147063
:102D100036D90A213D483DF00BF8D5F80011264878
:102D200000230A2239F094FD234839F079FD384A0E
:102D300013680293029913680193019B5B1A092B94
:102D4000F9D9344903A839F06BFF03A8FDF71CFC3F
:102D500003A839F0BDFF304B03A8196839F060FFB4
:102D600003A8FDF711FC03A839F0B2FF2A212B4874
:102D70003CF0DEFF104806B0BDE8704039F050BDB1
:102D80002146C0B23AF01CFC95F800013AF04EFC26
:102D90000A21064622483CF0CBFF23460A22314650
:102DA000054839F055FD044839F03AFDB1E700BF58
:102DB000F8B004007013FF1F2808FF1F5816FF1FEC
:102DC0005416FF1F5016FF1F4816FF1F4C16FF1FFB
:102DD000D817FF1F9817FF1F1817FF1F5817FF1F3F
:102DE0003418FF1F1C18FF1F1818FF1F2418FF1F7F
:102DF0002018FF1F6407FF1F2818FF1F1417FF1F4D
:102E0000FC06FF1F3016FF1FCC16FF1F20B1040069
:102E10000C1FFF1F2CB104004807FF1F48B104001E
:102E200014B1040008B53BF027F800280ADD234B55
:102E30001B68012B0CD0032B38D063B1204B002032
:102E4000187008BD3CF08EF81C4B1B68012BF2D1AA
:102E50003BF026F801E03CF0FDFEC0B2184B5328D1
:102E6000187026D1002101220846FEF7E5FD154B1A
:102E70001B68013B032B1ED8DFE803F002070C118F
:102E8000012200210220FEF7D7FD012200210220AD
:102E9000FEF7D2FD012200210320FEF7CDFD012225
:102EA00000210420FEF7C8FD012008BD3CF06EF8AB
:102EB000D3E7002008BD012008BD00BF6007FF1F49
:102EC000B816FF1F4410FF1FF8B51D212DED028B12
:102ED000734C054673483CF02BFF734839F0A0FC57
:102EE000D4F80001A0F10A031D2B40F2B9806268FA
:102EF00023686E4ED4ED027A96ED037A6C4F02FB96
:102F000003F308EE103AB8EE488A6A4A28EE278A98
:102F10000023136088EE070A674A1360674A13604C
:102F2000674A1360674A1360674A1360674A07EE8F
:102F3000905A1360664AF8EEE77A1360654A80EEAD
:102F4000270A13603DF002FA15216348BDEEC00A5E
:102F500087ED000A3CF0ECFE18EE100A3EF0B8F9DE
:102F600041EC100B0221504839F07EFC4E4839F0FC
:102F700057FC2B2159483CF0DBFEF0683EF0A8F9E5
:102F800041EC100B0221484839F06EFC464839F0FC
:102F900047FC0E2152483CF0CBFE2946424839F00E
:102FA00037FC414839F03CFC16214E483CF0C0FE4D
:102FB00039683D4839F02CFC3B4839F031FC336826
:102FC000013B032B1CD8DFE803F0023B2D1E96EDDE
:102FD000067AD4ED057A87EE270AD4ED047AB8EEA6
:102FE000677AD4ED037AF8EE677A20EE070A20EECE
:102FF000270A3DF0ABF93C4BBDEEC00A83ED000A59
:10300000BDEC028BF8BD636D96ED060A002B3FD038
:10301000012BF5D1FFF73AFA334BBDEEC00A83ED31
:10302000000AEDE7636B96ED060A4BB3012BE7D17F
:10303000FFF7E8F92C4BBDEEC00A83ED000ADFE78D
:10304000D4F8CC3096ED067A7BB9D4ED0A7A87EEC7
:10305000270AD4ED097AB8EE677AD4ED087AC2E788
:103060000021C0B23AF0ACFA41E7D4ED367A87EEEF
:10307000270AD4ED357AB8EE677AD4ED347AB2E720
:10308000FFF78CF8184BBDEEC00A83ED000AB7E7D6
:10309000FFF71EF9144BBDEEC00A83ED000AAFE73F
:1030A0007013FF1F74B104002808FF1F4410FF1F96
:1030B0000417FF1F5016FF1F4416FF1F4816FF1F5F
:1030C000FC15FF1FF015FF1FF415FF1FF815FF1F5C
:1030D0000416FF1F0016FF1F94B10400ACB10400DA
:1030E000D8B10400E8B10400CC0FFF1F70B5102167
:1030F000A848A94C84B03CF01BFEA84B197819B91C
:103100002378002B00F0F980A548A64D39F080FB0C
:103110000221A5483CF00CFE2178A14839F078FB4B
:103120009F4839F07DFB01ACA049A14E204639F003
:1031300077FD2046FDF728FA204639F0C9FD2968B9
:10314000204639F06DFD2046FDF71EFA204639F085
:10315000BFFD9849204639F063FD2046FDF714FA7B
:10316000204639F0B5FD2968934D204639F058FDC9
:103170002046FDF709FA204639F0AAFDD5E90023DB
:103180008E4C95ED027A8E4902FB03F307EE903ADE
:1031900023688C4AF8EE677A06EE903A67EE877AF3
:1031A000F8EEE66A126886EEA77A013ADFED867AD3
:1031B00067EE277AC1ED007A032A23D8DFE802F010
:1031C000815F3E026A6D3368012A00F2DF8007EEFC
:1031D000903AEA6DAB6D95ED197AF8EEE77A03FB5C
:1031E00002F267EE877A07EE102AB8EE477AC7EE4A
:1031F000876A764B012200210420C3ED006AFEF7A6
:103200001BFC2368724832680021016071485B42F0
:103210000360714B714852421A60714B1B685B42EC
:10322000036001220846FEF707FCD5F80001A0F173
:103230000A031D2B40F29B8004B070BD6A6B33689B
:10324000012A00F2A08007EE903AEA6BAB6B95ED95
:10325000117AF8EEE77A03FB02F267EE877A07EE5F
:10326000102AB8EE477AC7EE876A584B0122002130
:103270000320C3ED006AFEF7DFFB2368C2E7D6ED4B
:10328000007AD5F8CC30F8EEE77A002B76D0D5F876
:10329000D430D5F8D02095ED367A02FB03F367EEF3
:1032A000877A07EE103AB8EE477A484BC7EE876A3E
:1032B000012200210220C3ED006AFEF7BDFB236856
:1032C000A0E796ED007AEA682B69D5ED057AB8EEAD
:1032D000C77A02FB03F327EE277A07EE903AF8EE5F
:1032E000677A3A4BC7EE276A012200211046C3EDE8
:1032F000006AFEF7A1FB236884E719462848294D98
:1033000039F086FA022128483CF012FD2178244841
:1033100001AC39F07DFA224839F082FA3149204671
:1033200039F07EFC2046FDF72FF9204639F0D0FC1D
:103330002968204639F074FC2046FDF725F920461F
:1033400039F0C6FC2849204639F06AFC2046FDF7D2
:103350001BF9204639F0BCFC2968204639F060FC96
:103360002046FDF711F9204639F0B2FCDCE60121D8
:10337000C0B204B0BDE870403AF022B96B6A2A6A64
:1033800095ED0A7A89E7DFED196A6EE7DFED176AD6
:103390002FE700BF00B204003016FF1FCC16FF1F3E
:1033A0002808FF1F4807FF1F1CB004003CB20400A0
:1033B0004416FF1F50B204007013FF1F5016FF1F6A
:1033C0002016FF1F4410FF1F0000B4432C16FF1FE0
:1033D0001417FF1F1818FF1F1C18FF1F2018FF1FAE
:1033E0004816FF1F14B2040028B2040000000000B9
:1033F000064B1B68012B03D0032B05D013B170477C
:103400003AF084BC3CF018BD3BF06ABD6007FF1F7A
:1034100030B50E4C0E4D83B001460190204639F078
:10342000D1F9204639F0FCF90A4C0199284639F0C7
:10343000C9F9284639F0F4F90199204639F0C2F962
:10344000204603B0BDE8304039F0EAB92808FF1F34
:10345000A807FF1FD007FF1F012804D0032806D0AC
:1034600018B1002070473AF01BBD3CF0F3BB3BF0B5
:103470008DBD00BF2DE9F84F1C215748574F3CF038
:1034800057FC574839F0CCF90E2156483CF050FC17
:103490003968534839F0BCF9514839F0C1F93B68F3
:1034A000092B00F097801A2B00F09280032B00F07C
:1034B0008880DFF85491DFF83481494EDFF834A179
:1034C000002516E0002B44D0072140463CF030FC9C
:1034D00000203CF0B1FC304639F0A2F900243B68F2
:1034E000092B3AD01A2B59D0032B54D001350D2D6E
:1034F0001FD0D9F80030012B27D0032BE2D13BF0AD
:1035000045FDC4B2072140463CF012FC20463CF089
:1035100093FC304639F084F9FF2CE0D10321324886
:103520003CF006FC2E48294639F072F92C4839F057
:1035300077F907212D483CF0FBFB20463CF07CFC52
:10354000BDE8F84F264839F06BB93AF0A9FCC4B28F
:10355000D8E73CF07FFBC4B2D4E71121244805F83A
:103560000A403CF0E5FB234841F06AFA0146214855
:103570003CF0DEFB304639F053F91A211E483CF08E
:10358000D7FB00230A220D21304639F061F930467D
:1035900039F046F9AAE7194BEC54A7E7DFF864B015
:1035A000174805F80B400D213CF0C2FB584641F08E
:1035B00047FA014658463CF0BBFB304639F030F93B
:1035C00094E70E4B00221A605A609A601A7370E7F3
:1035D0000C4BF7E7074BF5E764B204005007FF1FF9
:1035E0002808FF1FE8B004008CB2040084B2040075
:1035F00090B204007C16FF1FA4B204005C16FF1FEB
:10360000C0B204006C16FF1F6007FF1FFFFFFFFF23
:103610002DE9F0412DED028B9EB09F499F4C054650
:1036200002A839F0FDFA00239D4A9E4923600AA8AA
:1036300035F0A4FA1C9B002B00F0B4815C2039F01B
:103640000FFF0B9BC3600C9B03619DF83430037527
:10365000954B036006460027944B83600DF13808B4
:1036600047604146183035F043F97368B765013358
:1036700073608F4BB36009964FF47A738D4E069743
:103680008DF82070059607938B4F0A97404635F0CA
:103690005DF90998002800F03E810368874A1B6B9A
:1036A000934240F03581036D002B00F08B81844AFA
:1036B00013680193019913680093009B5B1A632BB5
:1036C000F9D9002861D00368DFF80C821B694345F3
:1036D00040F0DD80036D002B00F000811A781107A7
:1036E00000F1B680099C002C4FD02368DFF8E481FC
:1036F000DB6A434540F07581A06D18B13EF058FC7F
:103700000023A365236D002B00F0668104F11800EF
:1037100035F01CF9099D6C68013C6C60002C32D1BD
:103720002B68DB6A434540F07381A86D10B13EF011
:103730003FFCAC652B6D002B00F0628105F1180099
:1037400035F004F9099CF4B123685E4A5B68934242
:1037500040F07081A06D544B236018B13EF028FCFE
:103760000023A365236D04F11805002B00F05A8196
:10377000284635F0EBF8A760284635F0E7F85C21DD
:10378000204639F071FE002309934F4B029C4F48AD
:10379000002C08BF1C4613213CF0CAFA204641F019
:1037A0004FF9014620463CF0C3FA494839F038F851
:1037B00020463EF0F1FBB0EE408AF0EE608A099CB4
:1037C0000596002C38D06568013D6560002D33D129
:1037D0002368404ADB6A934240F01781A06D10B124
:1037E0003EF0E6FBA565236D002B00F0F08004F1B0
:1037F000180035F0ABF8099CF4B12368314A5B68D6
:10380000934240F01481A06D274B236018B13EF025
:10381000CFFB0023A365236D04F11805002B00F0F6
:10382000FC80284635F092F8A760284635F08EF8DF
:103830005C21204639F018FE02A839F049FAB0EEB2
:10384000480AF0EE680A1EB0BDEC028BBDE8F081BC
:10385000D8695B69C01A1BD500230A2205A90AA8EA
:1038600039F006F90AA902A839F076FA0AA839F05F
:103870002FFA2368AB4200F0898009980133236056
:10388000002882D003681B6943453FF423AF984763
:103890000028E1D126E700BFA81105001816FF1F78
:1038A0005C16FF1F8818FF1F140E05007C0D050015
:1038B000C40D0500E80D0500A00D05006104000021
:1038C0000C1FFF1F190D00007816050040B30400FF
:1038D0002808FF1FD1040000DD0B0000436D002B02
:1038E0003FF400AF93F8312012077FF5FBAE1A6862
:1038F0001869801A5A695B6862EB0303B0F1004FE4
:1039000073F10003C4D36FF000400028A4D1E9E6AE
:10391000984700287FD14C4B4C48012212211A7045
:103920003CF006FA4A4838F07BFF0B2149483CF04E
:10393000FFF9474838F074FF47490AA839F070F991
:103940000AA8FCF721FE0AA839F0C2F9434B1B680C
:10395000012B49D0032B4FD0002B49D040490AA856
:1039600039F05EF90AA8FCF70FFE0AA839F0B0F9A1
:103970003C4B0AA8196839F053F90AA8FCF704FE71
:103980000AA839F0A5F99FED2E8B18E71D213648BE
:103990003CF0CEF929462E4838F03AFF2C4838F052
:1039A0003FFF9FE61D9B002B7FF448AE2F4E0693F2
:1039B0008DF8203009934FF47A730DF1380805968D
:1039C000079361E6436D002B7FF471AEA3E7636D4F
:1039D000002B7FF40CAF0EE7636D002B7FF496AEE7
:1039E00098E62046984795E622203AF08FF9B5E709
:1039F00022203CF021FAB1E722203BF071FAADE73A
:103A00006B6D002B7FF49AAE9CE620469847F2E659
:103A10002846984796E6099849E6636D002B7FF49F
:103A200000AF01E7636D002B7FF4A2AEA3E6204652
:103A3000984701E720469847A5E600BFAFF300800E
:103A40000000000000000000DD0FFF1FD0B20400E6
:103A50002808FF1FE4B20400F0B204006007FF1F53
:103A60000CB304004C07FF1F20B30400E80D050051
:103A70002DE9F04FADF29C5DAF49824602A839F0C6
:103A8000CFF8AE4905A839F0CBF840F21452002126
:103A900021A840F049F90023A94AAA490DA835F008
:103AA0006DF81F9B002B00F06F845C2039F0D8FC70
:103AB0000E9BC3600F9B03619DF840300375A24BC2
:103AC00003600446A14B8360002511AE456031467A
:103AD000183034F00DFF6368A565013363609C4BBB
:103AE000A3609C4B0D93304634F030FF9A4D4FF05D
:103AF0000008002C00F040812368984ADB6B934259
:103B00004FF0000240F0C583DFF844B20E924FF44C
:103B10007A7704F1180130468DF840201F922092E8
:103B2000CDF834B00F9734F07DFF1F9B002B00F0D1
:103B3000A0835C2039F094FC0E9BC3600F9B036153
:103B40009DF840300375804B036007464FF0000935
:103B50007E4B8360C0F804903146183034F0C8FEC4
:103B60007B68C7F808B001337B604FF47A73C7F8FD
:103B70005890CDF824908DF82C9008950C970A93C6
:103B8000744B0D93304634F0E1FE0C9F002F00F093
:103B90009E843B68724A5B6B934240F0A883B96D88
:103BA000002900F0B0830DA839F03AF80C980028ED
:103BB00000F0F28002686B49136B8B4240F0CD81BC
:103BC000036D002B00F04283926B67498A4240F0FC
:103BD00095831B7813F0700F00F0C78101215848BE
:103BE0003CF0A6F8614838F01BFE0C9F002F57D020
:103BF0003B68DFF88091DB6A4B4540F07C83B86D11
:103C000018B13EF0D5F90023BB653B6D002B00F0E9
:103C10003B8307F1180034F099FEDDF830B0DBF893
:103C20000470013FCBF80470002F37D1DBF800306F
:103C3000DB6A4B4540F08283DBF8580018B13EF058
:103C4000B7F9CBF85870DBF85030002B00F07083D8
:103C50000BF1180034F07AFE0C9FFFB13B68444A28
:103C60005B68934240F08483B86D374B3B6018B17A
:103C70003EF09EF90023BB653B6D07F11809002B50
:103C800000F06E83484634F061FE324BBB6048461C
:103C900034F05CFE38465C2139F0E6FB00230C93DF
:103CA0000DA839F015F80C9F0895002F3FF421AFAF
:103CB0007B68013B7B600193002B7FF41AAF3A686D
:103CC0002C49D26A8A4240F05083B86D18B13EF058
:103CD0006FF9019BBB653B6D002B00F0328307F150
:103CE000180034F033FE0C9F002F3FF402AF3B6806
:103CF0001F4A5B68934240F04383B86D124B3B60B0
:103D000018B13EF055F90023BB653B6D07F118096A
:103D1000002B00F03083484634F018FE0D4BBB609A
:103D2000484634F013FE38465C2139F09DFB002CE8
:103D30007FF4E2AE20E000BFB8C6040054B3040034
:103D40005CB304008818FF1F140E05007C0D0500ED
:103D5000C40D0500A00D0500E80D05008109000057
:103D6000BD05000061040000590A00002808FF1F7B
:103D7000190D0000D10400004FF47A7383490994AF
:103D80000DA88DF82C4008950C940A9338F048FF44
:103D90000C9800287FF40EAF13217D483BF0C8FF3C
:103DA0007C4838F03DFD0DA838F092FF0C9E089538
:103DB000002E39D07568013D7560002D34D133680F
:103DC000754ADB6A934240F01383B06D10B13EF048
:103DD000EFF8B565336D002B00F0E28206F11800B4
:103DE00034F0B4FD0C9DFDB12B686C4A5B689342C6
:103DF00040F03083A86D6A4B2B6018B13EF0D8F8C4
:103E00000023AB652B6D05F11806002B00F0128323
:103E1000304634F09BFD634BAB60304634F096FD8A
:103E200028465C2139F020FB5F49604D594FDFF88F
:103E300094910DA838F0F4FE0DA8FCF7A5FB0DA891
:103E400038F046FF07EE908AB8EEE70A00268DEDBF
:103E5000010AFCF751FB29680DA838F0E1FE0DA816
:103E6000FCF792FB0DA838F033FF51490DA838F04C
:103E7000D7FE0DA8FCF788FB0DA838F029FF9DEDB3
:103E8000010AFCF739FB29680DA838F0C9FE0DA816
:103E9000FCF77AFB0DA838F01BFF0C2145483BF0DE
:103EA00047FF41463B4838F0B3FC3A4838F0B8FC8D
:103EB00021AD284640F0C4FD014628463BF038FFBE
:103EC000384638F0ADFC0A2148463BF031FF013658
:103ED000384638F0A5FCB04505F10D05E9DA0AEBE6
:103EE0004A090AEB89090AF1FF3321AADFF8D8B0A1
:103EF000284E019402EB090501279A467C1E0321F6
:103F000058463BF015FF2146304638F081FCA5EBC2
:103F10000908032128483BF00BFF404640F090FD84
:103F2000014640463BF004FF0AEB070813212348F3
:103F30003BF0FEFE4146304638F06AFC304638F031
:103F40006FFC631E052B00F2CA82DFE813F0F90054
:103F5000F700F500F300BD003F00984700283FF44C
:103F60001BAF0C98002840F0B98102A90DA838F0C9
:103F7000DFFF0028C0F24181152111483BF0D8FE37
:103F8000044838F04DFC0C9F30E600BFA811050036
:103F900060B304002808FF1FD1040000190D0000C1
:103FA000140E0500A00D050074B304004807FF1FA0
:103FB00094B30400ACB30400B0F10400D4B3040023
:103FC000BCB3040024EE0400E4B30400B349019C34
:103FD0000DA838F025FE0DA8FCF7D6FA0DA838F08C
:103FE00077FEAF490DA838F01BFE0DA8FCF7CCFA00
:103FF0000DA838F06DFE08EB480308EB830021ABF9
:104000001D1829460DA838F00BFE0DA8FCF7BCFAC8
:104010000DA838F05DFE284640F012FD0146284606
:104020003BF086FE9F4838F0FBFB9F4B0DA81968BC
:1040300038F0F6FD0DA8FCF7A7FA0DA838F048FEF9
:10404000002C37D06568013D6560002D32D12368B2
:10405000964ADB6A934240F0CE81A06D10B13DF0EC
:10406000A7FFA565236D002B00F0958104F11800D2
:1040700034F06CFC23688E4A5B68934240F0E78121
:10408000A06D8C4B236018B13DF092FF0023A36517
:10409000236D04F11805002B00F0C781284634F089
:1040A00055FC854BA360284634F050FC5C2120462B
:1040B00039F0DAF905A838F00BFE02A838F008FE4E
:1040C0000DF29C5DBDE8F08F7C490DA838F0A8FD8D
:1040D0000DA8FCF759FA0DA838F0FAFD70490DA8A3
:1040E00038F09EFD0DA8FCF74FFA0DA838F0F0FD52
:1040F00029460DA838F094FD0DA8FCF745FA0DA847
:1041000038F0E6FD284640F09BFC014628463BF08F
:104110000FFE304638F084FB634B19680DA838F069
:104120007FFD0DA8FCF730FA0DA838F0D1FD01375E
:104130000D35E3E66249C8E76249C6E76249C4E76C
:104140006249594C0DA838F06BFD0DA8FCF71CFA1C
:104150000DA838F0BDFD52490DA838F061FD0DA83D
:10416000FCF712FA0DA838F0B3FD29460DA838F077
:1041700057FD0DA8FCF708FA0DA838F0A9FD284650
:1041800040F05EFC014628463BF0D2FD304638F058
:1041900047FB21680DA838F043FD0DA8FCF7F4F9A2
:1041A0000DA838F095FD4A490DA838F039FD0DA845
:1041B000FCF7EAF90DA838F08BFD39490DA838F065
:1041C0002FFD0DA8FCF7E0F90DA838F081FD294678
:1041D0000DA838F025FD0DA8FCF7D6F90DA838F08C
:1041E00077FD284640F02CFC014628463BF0A0FD18
:1041F000304638F015FB216890E705A90DA838F086
:1042000097FE0028BFF6B8AE0C9F002F00F0E480A8
:104210003B68304A5B6B934240F0E280D7F858909D
:10422000B9F1000F00F0EA80484640F009FC014671
:1042300048463BF07DFD1B4838F0F2FAB8F1620FBA
:1042400040F3B3800C9F08F10108CFE4436D002BCD
:104250003FF4A2AD926B204B9A424FD1436D002B9D
:104260003FF483AE93F8313013F0500F7FF4B6ACC7
:104270007BE6209B002B7FF45CAC0A9709938DF8BA
:104280002C300C9308957BE47B6D002B7FF4C1AC44
:10429000C3E4214608A8984777E400BF94B404001B
:1042A00000B404002808FF1F4C07FF1FD1040000C2
:1042B000190D0000140E0500A00D05007CB40400CB
:1042C00064B404004CB4040034B4040004B4040026
:1042D0001CB40400BD050000590A000003689A6B75
:1042E0009B4B9A420AD1036D002BB7D071E438463C
:1042F0009847014657E4384698478EE4904700288F
:104300007FF46CAC31E64FF4807001913DF048FED3
:10431000B865002800F0DE80019901703B6DABB1FB
:1043200001464FF48072184633F086FFB96D3AE4C7
:10433000DBF85430002B7FF48BAC8DE45846984763
:104340008AE47B6D002B7FF4CAACCCE47B6D2BB18F
:1043500001464FF48072184631F0B8FCB96D22E482
:104360007B6D002B7FF48EAC8FE438469047BAE427
:104370003846984792E47B6D002B7FF4CCACCDE4BB
:1043800038469847FFF7B5BB209C002C7FF48DABD7
:1043900011AEFFF7A6BB636D002B7FF467AE69E635
:1043A000736D002B7FF41AAD1CE508EB48030C9FDE
:1043B00008EB830321AA02EB0309002F3FD03B68DF
:1043C000644A5B6B934248D1B96D002957D0484687
:1043D0000D223FF0EBFD36E7DFF87C91394627E709
:1043E000384698478146B9F1000F3FF424AF1BE7E8
:1043F00030469847F6E4204698473BE64FF48070F5
:104400003DF0CEFD0146B86500285CD080F80090F4
:10441000386D38B34FF4807233F00EFFD7F85890F0
:10442000B9F1000F3FF407AFFEE6636D002B7FF498
:1044300035AE36E66B6D002B7FF4EAACEBE4464913
:1044400048460D2208F101083FF0B0FD28E420465F
:1044500098472FE628469847E6E4384698470C9F49
:104460000146B4E7786D18B14FF4807231F02EFC3C
:10447000D7F85890B9F1000F3FF4DDAED4E64FF411
:10448000807001913DF08CFD0346B865B8B101998B
:104490000170386D38B119464FF4807233F0CCFE9C
:1044A000B96D0C9F93E7786D38B119464FF480725F
:1044B00031F00CFCB96D0C9F89E7B96D87E7274B8C
:1044C000BB65194683E7254BBB659946ACE6224997
:1044D000FFF769BB214BBB651946FFF764BB204959
:1044E0000DA838F09DFB0DA8FCF74EF80DA838F08C
:1044F000EFFB1C490DA838F093FB0DA8FCF744F81E
:104500000DA838F0E5FB29460DA838F089FB0DA869
:10451000FCF73AF80DA838F0DBFB284640F090FA9B
:10452000014628463BF004FC304638F079F90E4B42
:104530000DA8196838F074FB0DA8FCF725F80DA834
:1045400038F0C6FB072F7FF4F2AD019C78E500BF81
:10455000590A0000BD050000A8110500B00FFF1F9B
:10456000E8B3040000B404004C07FF1F2DE9F04F2E
:10457000A7B003465149019307A838F051FB5049B1
:104580000AA838F04DFB682038F06CFF0C2303605C
:1045900008234360C3181C46049300F168051F46B6
:1045A000204600210C3438F03BFBA542F8D11A21FB
:1045B00044483BF0BDFB444838F032F90023434AFD
:1045C000434912A834F0DAFA249B002B00F0268429
:1045D0005C2038F045FF139BC360149B03619DF87A
:1045E000543003753B4B036006463B4B836000240D
:1045F00000F1180B16A94460584634F079F9736835
:10460000DFF8F4A0B46501337360C6F808A0334B3B
:10461000129316A834F09AF9336831491A6B8A421A
:1046200040F08F84326D002A00F064849B6A2D492B
:104630008B4240F09384D4692B48DFF8C0800A2174
:104640003BF076FB00230A2221461F4838F000F990
:104650001D4838F0E5F8092124483BF069FB019C2E
:104660001948214638F0D4F8174838F0D9F8102105
:104670001F483BF05DFBD8F80010134838F0C8F82D
:10468000114838F0CDF81B481021002C40F0A983C8
:104690006423C8F800303BF04BFBD8F800100A4800
:1046A00038F0B6F8084838F0BBF806230024029723
:1046B000054D039437469946BAE000BFB8C60400DA
:1046C000ACB40400B4B404002808FF1F5CB30400B9
:1046D0008818FF1F140E05007C0D0500A00D0500B5
:1046E0006104000065090000E0B40400ECB40400BB
:1046F000F8B404000CB50400C40D05003807FF1F12
:104700003368744A5B6B934240F02F83B36D002B88
:1047100000F040831846009340F092F9009B014658
:1047200018463BF005FB284638F07AF8119E002E1B
:1047300000F0CA82336868499A6B8A4240F062820C
:10474000326D002A00F0CE82127812F0700F00F065
:104750006282624811213BF0EBFA2846013C38F0B6
:104760005FF8119B002B00F0D4801A685C48116B35
:10477000814240F0C980196D002900F0A782D26AF9
:10478000584EB24240F0AB82986D28B100933DF094
:104790000FFC009B00229A651A6D002A00F0BF8270
:1047A00003F1180034F0D2F8119A5368013B5360BA
:1047B0000093002B38D11168C96AB14240F00E83D2
:1047C000906D28B105923DF0F3FB059A009B93652F
:1047D000136D002B00F0F68202F1180034F0B6F8E9
:1047E000119E0EB33368404A5B68934240F05A838F
:1047F000B06D3E4B336018B13DF0DAFB0023B3657A
:10480000336D002B00F0FE8206F11803184600936A
:1048100034F09CF8009B364AB260184634F096F8A3
:1048200030465C2138F020FE01344C4500F3F18223
:104830003B68304ADB6B934240F0928200224FF497
:104840007A76594616A8CDE92422CDF848A01392CD
:104850008DF85420149634F0E5F8249B002B00F0DA
:1048600052825C2038F0FCFD139A204B0360C2603A
:10487000214B149A8360026100239DF85420436009
:104880000646027516A9183034F032F80023B365D5
:104890000E938DF840307368C6F808A0013373603A
:1048A000164B0D934FF47A7311960F93104B12938E
:1048B00016A834F04BF82146284637F0A9FF1048D7
:1048C00002213BF035FA119E002E7FF419AF0D4BFB
:1048D000314625E7BD050000590A000020B5040057
:1048E00061040000D1040000190D0000140E050041
:1048F000A00D0500810900007C0D0500E80D0500F4
:1049000028B10400A811050018468847002840F087
:1049100033820021A7483E46029F3BF009FAA64891
:1049200037F07EFF0F21A5483BF002FA2146A2484E
:1049300037F06EFF0321A2483BF0FAF9D8F80010D7
:104940009D4837F065FF04F1080303219C48C8F82F
:1049500000303BF0EDF9D8F80010974837F058FFD9
:10496000954837F05DFF974912A838F059F912A819
:10497000FBF70AFE12A838F0ABF9934B1B68012B2A
:1049800000F00983032B00F00A83002B00F0FF8264
:10499000631E00EE103ADFF86492B8EEC00AFBF72F
:1049A000ABFDD9F8001012A838F03AF912A8FBF7BD
:1049B000EBFD12A838F08CF9119C844B0D93002C60
:1049C00039D06568013D6560002D34D12368804A87
:1049D000DB6A934240F00E83A06D10B13DF0E8FA1F
:1049E000A565236D002B00F0EB8204F1180033F075
:1049F000ADFF119CFCB12368764A5B68934240F09E
:104A0000EE82A06D744B236018B13DF0D1FA002303
:104A1000A365236D04F11805002B00F0EE822846F3
:104A200033F094FF6D4BA360284633F08FFF204690
:104A30005C2138F019FDDFF8C8815F4C012505F1D4
:104A4000FF3A032140463BF073F95146204637F0C8
:104A5000DFFE03215A483BF06BF93946204637F018
:104A6000B1FEA5F1020A204637F0DAFEBAF1050FD1
:104A700000F2D782DFE80AF09C9A98966A035849B8
:104A800012A838F0CDF812A8FBF77EFD12A838F076
:104A90001FF9544912A838F0C3F812A8FBF774FDA7
:104AA00012A838F015F9394612A838F0D7F812A82C
:104AB000FBF76AFD12A838F00BF9D9F8001012A81C
:104AC00038F0AEF812A8FBF75FFD12A838F000F935
:104AD0000AA838F0FDF807A838F0FAF87468013C25
:104AE0007460002C2FD13368394ADB6A934240F05E
:104AF0005A82B06D10B13DF05BFAB465336D002B96
:104B000000F01A82584633F021FF3368314A5B685F
:104B1000934240F06C82B06D2F4B336018B13DF082
:104B200047FA0023B365336D002B00F05B825846D3
:104B300033F00CFF294BB360584633F007FF5C217C
:104B4000304638F091FC27B0BDE8F08F264912A816
:104B500038F066F812A8FBF717FD12A838F0B8F87D
:104B6000204912A838F05CF812A8FBF70DFD12A836
:104B700038F0AEF8394612A838F070F812A8FBF7F2
:104B800003FD12A838F0A4F8D9F8001012A838F0E4
:104B900047F812A8FBF7F8FC12A838F099F80C3780
:104BA00001354CE71149D2E71149D0E71149CEE769
:104BB0001149CCE7A81105002808FF1F64B50400BF
:104BC000B0F1040074B504006007FF1FE80D050094
:104BD000D1040000190D0000140E0500A00D050001
:104BE00094B4040000B404007CB4040064B4040071
:104BF0004CB4040034B4040004B404004C07FF1F98
:104C0000E4B304003046904700287FF4A2AD119E23
:104C1000002E59D033685B6BAA4A93426FD1B16DB5
:104C2000002900F0298112A837F0FAFF0E21A648CA
:104C30003BF07EF812A9284637F0C4FD284637F02D
:104C4000EFFD1221A1483BF073F807A912A838F034
:104C50006FF90146284637F0DBFD284637F0E0FDC6
:104C600007A912A838F064F90028C0F28B80019BD4
:104C7000A3425CDD0A2196483BF05AF821462846BB
:104C800037F0C6FD934803213BF052F8119E002EE9
:104C90004AD033688B4A5B6B934240F09880B36D87
:104CA000002B00F0D180184600933FF0C9FE009B16
:104CB000014618463BF03CF8032186483BF038F8A3
:104CC00012A838F005F84CE58349ACE7596D002986
:104CD0003FF41FAED26A814EB2423FF455AD184642
:104CE000904761E5726D002A95D092F8312012F05C
:104CF000500F7FF42EAD5B6B724A93428FD03046DB
:104D0000984701468FE7259B002B7FF4AAAD0E93B1
:104D10008DF840301193724B0F960D93C6E55A6D86
:104D2000002A7FF43DAD3FE56B4B3146C1E7119E54
:104D3000002E00F0C5803368624A5B6B934240F0FE
:104D40000981B16D002900F00E81039E049B06EBE2
:104D5000460003EB800038F015F8731C039389E7D5
:104D6000002239460DA89847A5E5304698470346E6
:104D7000002B3FF4D8ACCDE4119B002B3FF454AD95
:104D80001A68FCE40AA912A838F0D2F80028BFF685
:104D90006EAF6FE74FF4807000933DF001F901466C
:104DA000B065002800F03681009B0370306D00284C
:104DB0007BD04FF4807233F03FFAB36D002B3FF499
:104DC000B2ACA7E4536D002B7FF406AD08E5304686
:104DD00098470346002B3FF46FAF64E710468847BF
:104DE000FEE43AF0A5FFD8F800103E4837F010FD79
:104DF0003C4837F015FD019B06337FF557ACDFF8D3
:104E0000F09018E6736D002B7FF4FEAC06F11803EA
:104E100001E53E46DFF8D890029F0CE6259B002B6B
:104E20007FF4D6AB304B129316A833F08FFD0E21D2
:104E30002E483AF07DFF0AA837F04AFF07A837F05E
:104E400047FF27B0BDE8F08F4FF4807000933DF02E
:104E5000A7F80146B065002800F0E080009B0370D1
:104E6000306D00285DD04FF4807233F0E5F9B36DFA
:104E7000002B3FF421AF16E74FF4807000913DF016
:104E80008FF8B065002800F0C18000990170336D83
:104E9000002B3CD001464FF48072184633F0CCF919
:104EA000B16DC0E630469847BEE4706D18B14FF45E
:104EB000807230F00BFFB36D002B3FF434AC29E46B
:104EC000054942E7BD05000034B5040044B50400BF
:104ED00058B50400B0F10400A8110500D104000089
:104EE000E80D05002808FF1FA00D0500D0B4040040
:104EF0004C07FF1F726D42B39B6A604A93422DD1EB
:104F0000746D002C3FF498AB2469FFF795BB736D6B
:104F10002BB101464FF48072184630F0D7FEB16DC8
:104F200081E6706D18B14FF4807230F0CFFEB36D32
:104F3000002B3FF4C1AEB6E6736D002B7FF4E2ADFB
:104F4000E3E53046904700283FD10E214C483AF027
:104F5000EFFEBDE5304698470146F6E630469847F5
:104F60000446FFF769BB4FF4807000913DF018F8DC
:104F7000B065002846D000990170336DB3B1014689
:104F80004FF48072184633F057F9B16DDDE62220F8
:104F90003AF052FFFCE4222038F0B8FEF8E4222078
:104FA00039F09EFFF4E430469847AEE5736D2BB1BF
:104FB00001464FF48072184630F088FEB16DC4E6A9
:104FC000636D002B7FF411AD13E533682B4A9B6AA8
:104FD0009342C3D1326D002A92D0FFF72CBB2046FA
:104FE000984728E5736D002B7FF4A1ADA2E530460C
:104FF0009847A8E520469847FBE4636D002B7FF4B3
:105000000EAD0FE51F4BB36519469EE61D4BB3650C
:10501000194608E61B4BB365FFF77CBB194BB3651C
:1050200041E6194912A837F0FBFD12A8FBF7ACFACC
:1050300012A837F04DFE154912A837F0F1FD12A85D
:10504000FBF7A2FA12A837F043FE394612A837F050
:1050500005FE12A8FBF798FA12A837F039FED9F826
:10506000001012A837F0DCFD12A8FBF78DFA12A889
:1050700037F02EFE072D7FF492AD29E5650900007B
:10508000D0B40400B00FFF1FE8B3040000B4040064
:105090002DE9F0432DED028B974C9849BDB00026C9
:1050A00005460BA8266037F0BBFD31460EA837F049
:1050B000B7FD314611A837F0B3FD122190483AF000
:1050C00037FE90483FF0BCFC01468E483AF030FE77
:1050D0008D4837F0A5FB33468A4A8C4928A833F01F
:1050E0004DFD3A9B002B00F06C825C2038F0B8F943
:1050F000299BC3602A9B03619DF8AC300375844BE8
:10510000036006460027834B83600DF1B0084760BB
:105110004146183033F0ECFB7368B76501337360B8
:105120007D4BB36027964FF47A737C4E24978DF8AD
:105130009870239625937A4F2897404633F006FCC3
:105140002798002800F030820368764A1B6B934250
:1051500040F02782036D002B00F04382724A1368EF
:105160000293029913680193019B5B1A132BF9D9DF
:1051700048B3DFF8D08103681B69434540F098814C
:10518000036D002B00F0F4811A78110740F194812F
:10519000D8695B69C01A40F18C8100230A2223A9D7
:1051A00028A837F065FC28A90BA837F0D5FD28A85A
:1051B00037F08EFD2368AB4200F07E8127980133E3
:1051C00023600028D7D100210BA837F089FE574D66
:1051D00003782B6001220BA928A837F0BBFE28A971
:1051E0000EA837F0B9FD28A837F072FD0BA950487A
:1051F00037F0AAFD2D214F483AF09AFD2168424828
:1052000037F006FB404837F00BFB0C214A483AF0D8
:105210008FFD29683C4837F0FBFA3B4837F000FB2C
:10522000122146483AF084FD4149374837F0CAFA1E
:10523000354837F0F5FA082141483AF079FD0EA9D2
:10524000314837F0BFFA304837F0EAFA2B680D3BA7
:105250004D2B00F20482DFE813F0A10002020202EB
:10526000020202020202020202020202020202021E
:10527000020202020202020202020202020202020E
:1052800002020202020202020202020202020202FE
:1052900002020202020202020202020202020202EE
:1052A00002020202020202020202020202020202DE
:1052B00002020202020228040202020202020202A6
:1052C0000202A100A100A100A100A10090023604E9
:1052D0008D04A1006F027700770002021802A1007E
:1052E000A10002020704A100FD020202B1023A027B
:1052F000A1000202A10000BF1816FF1FA81105009F
:1053000088B504007C16FF1F2808FF1F8818FF1FA0
:10531000140E05007C0D0500C40D0500E80D050008
:10532000A00D0500610400000C1FFF1FDC16FF1F0D
:105330000816FF1FACB50400DCB50400ECB5040092
:1053400000B60400DD0B000001210BA837F0C8FDFA
:105350000178AF4837F028FD02220BA928A837F0C2
:10536000F9FD28A90EA837F0F7FC28A837F0B0FC03
:105370001B21A8483AF0DCFCA549A74837F022FADF
:10538000A54837F04DFAA5480C213AF0D1FCA248C7
:105390000EA937F017FAA04837F042FAA04B0E9C3E
:1053A000002C08BF1C4620463CF0F6FD0B219D4812
:1053B000B0EE408AF0EE608A3AF0BAFC0EA9964848
:1053C00037F000FA944837F02BFA0C2196483AF05F
:1053D000AFFC20463FF034FB014620463AF0A8FCE3
:1053E0008D4837F01DFA072190483AF0A1FCB0EE45
:1053F000480AF0EE680A0221874837F035FA8648F5
:1054000037F00EFA8A481A213AF092FC824837F0B7
:1054100007FA279C2396002C38D06568013D65600B
:10542000002D33D12368834ADB6A934240F0148114
:10543000A06D10B13CF0BCFDA565236D002B00F004
:10544000D58004F1180033F081FA279CF4B1236869
:10545000794A5B68934240F0DC83A06D774B236010
:1054600018B13CF0A5FD0023A365236D04F11805D8
:10547000002B00F0C483284633F068FAA760284662
:1054800033F064FA20465C2137F0EEFF11A837F0C4
:105490001FFC0EA837F01CFC0BA837F019FCB0EE6F
:1054A000480AF0EE680A3DB0BDEC028BBDE8F0831F
:1054B000984700287FF471AE279D002D3FF483AEFE
:1054C0002B68DFF87091DB6A4B4540F09980A86D3E
:1054D00018B13CF06DFD0023AB652B6D002B00F087
:1054E0008A8005F1180033F031FADDF89C80D8F895
:1054F0000450013DC8F80450002D36D1D8F80030D2
:10550000DB6A4B4540F0BC80D8F8580018B13CF03D
:105510004FFDC8F85850D8F85030002B00F0968056
:1055200008F1180033F012FA279DF5B12B68424AB2
:105530005B68934240F07083A86D404B2B6018B1BC
:105540003CF036FD0023AB652B6D05F11808002BF0
:1055500000F05A83404633F0F9F9AF60404633F02B
:10556000F5F928465C2137F07FFF002327932AE6D0
:10557000436D002BA0D093F8312012079CD51A68F8
:105580001869801A5A695B6862EB0303B0F1004F37
:1055900073F100038DD36FF0004000287FF4FDAD60
:1055A0008AE7984700286ED1254B264801220F2113
:1055B0001A703AF0BDFB184837F032F99FED128BA4
:1055C00027E73B9B002B7FF490AD1F4E24938DF873
:1055D000983027934FF47A73239625930DF1B008F2
:1055E000A9E5436D002B7FF4B9ADDDE7636D002BBA
:1055F0007FF427AF29E76B6D002B7FF472AF74E760
:105600002846984771E700BF000000000000F0BF87
:105610003816FF1F84B604002808FF1FA0B6040038
:105620007816050010B804001CB804002CB804005B
:1056300034B80400D1040000190D0000140E050058
:10564000DD0FFF1F9CB50400E80D0500D8F85430AD
:10565000002B7FF465AF67E720469847F5E66A4C74
:105660006A4801232E2123703AF062FB21786848B2
:1056700037F0CEF8664837F0D3F89FED618BC8E677
:105680004046984750E7279868E501210BA837F076
:1056900027FC01785F4837F087FB02220BA928A876
:1056A00037F058FC28A90EA837F056FB28A837F089
:1056B0000FFB092158483AF03BFB5649544837F054
:1056C00081F8534837F0ACF8544809215DE60121D0
:1056D0000BA837F005FC20AC0178204637F0DAFA49
:1056E0004F49204637F0E6FB002800F0988201235E
:1056F0004C482B600D213AF01BFB02220BA928A875
:1057000037F028FC28A90EA837F026FB28A837F088
:10571000DFFA29683E4837F07BF8052142483AF025
:1057200007FB0EA93A4837F04DF8394837F078F8BA
:10573000204637F0CDFA31E601210BA837F0D0FB37
:1057400001783A4837F030FB02220BA928A837F03D
:1057500001FC28A90EA837F0FFFA28A837F0B8FAFC
:10576000092133483AF0E4FA3249294837F02AF857
:10577000274837F055F83048A7E701210BA837F044
:10578000AFFB01782D4837F00FFB02220BA928A8A8
:1057900037F0E0FB28A90EA837F0DEFA28A837F08A
:1057A00097FA092126483AF0C3FA2449184837F0F5
:1057B00009F8174837F034F8224886E701210BA88A
:1057C00037F08EFB0178204837F0EEFA02220BA961
:1057D00028A837F0BFFB28A90EA837F0BDFA28A8E3
:1057E00037F076FA092119483AF0A2FA1649084822
:1057F00036F0E8FF064837F013F8154865E700BFB4
:105800000000000000000000DC0FFF1FE0B70400F4
:105810002808FF1FE40FFF1FB0B60400BCB6040049
:105820003CB70400B4B70400D8B70400F00FFF1F62
:105830006CB604002C10FF1F78B604000810FF1F80
:1058400018B6040024B604001410FF1F9CB704000F
:10585000A8B7040001210BA837F042FB017814A877
:1058600037F018FA02220BA928A837F073FB28A9F1
:105870000EA837F071FA28A837F02AFA142200236C
:1058800028A90EA837F03AFB0621A1483AF050FAB1
:105890000EA9A04836F096FF9E4836F0C1FF9E4BF9
:1058A00093E803000390ADF8101028A803A93EF078
:1058B0001DFB0022034604460EA917A837F076FB0D
:1058C00022460EA91AA837F045FB082193483AF062
:1058D0002FFA1AA98F4836F075FF8E4836F0A0FFD0
:1058E000012300221AA91DA837F060FB08218B486C
:1058F0003AF01EFA1AA9874836F064FF20AC8548B2
:1059000036F08EFF01221AA9204637F023FB102122
:1059100083483AF00DFA14A97E4836F053FF7D48CB
:1059200036F07EFF10217F483AF002FA17A9794835
:1059300036F048FF774836F073FF10217A483AF086
:10594000F7F91DA9734836F03DFF724836F068FF3D
:10595000102176483AF0ECF921466E4836F032FFD5
:105960006C4836F05DFF724914A837F0A3FA00289E
:1059700000F06A816F4B00221A606D491DA837F054
:1059800099FA002800F057816B4B00221A6000231F
:105990000A2205A917A837F0B1FA05A83CF0FCFACD
:1059A00051EC100B3BF0E4FFDFF8C481634DC8F805
:1059B000000000230A2208A9204637F09FFA08A811
:1059C0003CF0EAFA51EC100B3BF0D2FF13212860B7
:1059D0005B483AF0ADF905A83FF032F8014605A85A
:1059E0003AF0A6F94B4836F01BFF162155483AF01D
:1059F0009FF9D8F800003BF06BFC41EC100B022142
:105A0000444836F031FF434836F00AFF13214E4830
:105A10003AF08EF908A83FF013F8014608A83AF0CA
:105A200087F93C4836F0FCFE162148483AF080F9E8
:105A300028683BF04DFC41EC100B0221354836F054
:105A400013FF344836F0ECFE204637F041F91DA82C
:105A500037F03EF91AA837F03BF917A837F038F9B4
:105A600014A837F035F999E401210BA837F038FA7A
:105A70000178374837F098F902220BA928A837F0A7
:105A800069FA28A90EA837F067F928A837F020F995
:105A9000092130483AF04CF92D491E4836F092FE63
:105AA0001C4836F0BDFE2C480FE60B212B483AF07F
:105AB0003FF9184836F0B4FE29480EA937F044F9EA
:105AC0009FED118BA5E401210BA837F009FA0178AD
:105AD000244837F069F902220BA928A837F03AFACE
:105AE00028A90EA837F038F928A837F0F1F80921CD
:105AF0001D483AF01DF91B49064836F063FE05487B
:105B000036F08EFE1948E0E50000000000000000BD
:105B10004CB604002808FF1F50B80400E0B604008B
:105B2000ECB6040000B7040014B7040028B7040062
:105B30003CB70400EC16FF1FFC16FF1F4407FF1FB5
:105B400044B7040058B7040070B7040084B70400D9
:105B50002010FF1FC8B60400D4B604000CB6040021
:105B60003810FF1F2C10FF1F30B604003CB6040095
:105B70004007FF1F0023142228A90EA837F0BEF902
:105B80005C495D4D5D4C28A83EF042FA3CF004FAB9
:105B900051EC100B3BF0ECFE5949286000203EF020
:105BA00037FA3CF0F9F951EC100B3BF0E1FE06211D
:105BB000206054483AF0BCF80EA9534836F002FE73
:105BC000092152483AF0B4F828683BF081FB41ECD7
:105BD000100B02214C4836F047FE09214C483AF0A0
:105BE000A7F820683BF074FB41EC100B02214648FB
:105BF00036F03AFE444836F013FEFFF7CFBB636D34
:105C0000002B7FF438AC39E46B6D002B7FF4A2AC31
:105C1000A3E42046984739E428469847A5E43D493F
:105C2000204637F047F9C0B102230D213A482B60D6
:105C30003AF07EF861E539491DA837F03BF9A0B18B
:105C4000374B01221A60A2E6344914A837F032F922
:105C5000A0B1344B01221A608FE63349204637F059
:105C600029F9A0B103232B6047E530491DA837F07F
:105C700021F9B0B12A4B02221A6088E62B4914A8F8
:105C800037F018F9B0B1274B02221A6075E628499F
:105C9000204637F00FF900283FF42FAD04232B6086
:105CA0002BE521491DA837F005F960B11C4B0322F3
:105CB0001A606CE61C4914A837F0FCF870B1194B57
:105CC00003221A6059E61A491DA837F0F3F8002894
:105CD0003FF45DAE124B04221A6058E6144914A832
:105CE00037F0E8F800283FF448AE0E4B04221A6063
:105CF00043E600BF48B60400B016FF1FB416FF1FEE
:105D0000B81105004CB604002808FF1F54B6040063
:105D100060B60400C4B70400C8B7040054B8040057
:105D2000FC16FF1FEC16FF1F40B7040020DF040025
:105D3000840B05002DE9F041BA4BC6B01D6804AED6
:105D40003446AD1B601937F091F904F8010B46ABEE
:105D50009C42F7D1B449B54D01A836F061FF01A8C6
:105D6000FAF712FC01A836F0B3FF2B68012B01F003
:105D70005A80032B01F05280002B01F04A80D6EDAF
:105D8000007AAB4CB8EE670AFAF7B6FB216801A8B7
:105D900036F046FF01A8FAF7F7FB01A836F098FFA6
:105DA000A44901A836F03CFF01A8FAF7EDFB01A8D1
:105DB00036F08EFF2B68012B01F02680032B01F0BB
:105DC0001E80002B01F01680D6ED017AB8EE670A2E
:105DD000FAF792FB216801A836F022FF01A8FAF732
:105DE000D3FB01A836F074FF934901A836F018FFE1
:105DF00001A8FAF7C9FB01A836F06AFF2B68012B4E
:105E000000F0F387032B00F0EB87002B00F0E38713
:105E100096ED020AFAF770FB216801A836F000FF40
:105E200001A8FAF7B1FB01A836F052FF834901A897
:105E300036F0F6FE01A8FAF7A7FB01A836F048FFF6
:105E40002B68012B00F0C287032B00F09187002BF9
:105E500000F089877A4B7B4A96F89C1001A80029AC
:105E600014BF1146194636F0DBFE01A8FAF78CFB89
:105E700001A836F02DFF216801A836F0D1FE01A857
:105E8000FAF782FB01A836F023FF6F4901A836F02C
:105E9000C7FE01A8FAF778FB01A836F019FF2B68B6
:105EA000012B00F05B87032B00F05387002B00F0E1
:105EB0004B87D6ED037AB8EE670AFAF71DFB216827
:105EC00001A836F0ADFE01A8FAF75EFB01A836F096
:105ED000FFFE5E4901A836F0A3FE01A8FAF754FBC5
:105EE00001A836F0F5FE2B68012B00F02887032B64
:105EF00000F02087002B00F01887D6ED047AB8EE6A
:105F0000670AFAF7F9FA216801A836F089FE01A8B4
:105F1000FAF73AFB01A836F0DBFE4D4901A836F04E
:105F20007FFE01A8FAF730FB01A836F0D1FE2B68FE
:105F3000012B00F0F586032B00F0ED86002B00F01E
:105F4000E5867769DFF8208100EE107AFAF7D4FA57
:105F5000216801A836F064FE01A8FAF715FB01A834
:105F600036F0B6FE23213B4839F0E2FED8F81400A3
:105F70003BF0AEF941EC100B0821374836F074FCC9
:105F8000354836F04DFC2721344839F0D1FE3846EB
:105F90003BF09EF941EC100B08212F4836F064FCD1
:105FA0002D4836F03DFC2E4901A836F039FE01A8F7
:105FB000FAF7EAFA01A836F08BFE2B68012B00F005
:105FC000A086032B00F09886002B00F090861C4BD7
:105FD0001C4A96F89D1001A8002914BF11461946C5
:105FE00036F01EFE01A8FAF7CFFA01A836F070FECF
:105FF000216801A836F014FE01A8FAF7C5FA01A835
:1060000036F066FE174901A836F00AFE01A8FAF735
:10601000BBFA01A836F05CFE2B68012B00F062860B
:1060200024E000BF3416FF1F64B804006007FF1FA0
:106030004C07FF1F7CB8040094B80400ACB80400FF
:106040005CB8040058B80400C4B80400D4B8040014
:10605000E4B80400F4B804002808FF1F18B90400CD
:1060600040B9040050B904007013FF1F032B00F067
:106070003486002B00F02C86D6ED087AB8EE670A3D
:10608000FAF73AFA216801A836F0CAFD01A8FAF732
:106090007BFA01A836F01CFEB84901A836F0C0FD15
:1060A00001A8FAF771FA01A836F012FE2B68012B4D
:1060B00000F00986032B00F00186002B00F0F98523
:1060C000D6ED097AB8EE670AFAF716FA216801A840
:1060D00036F0A6FD01A8FAF757FA01A836F0F8FD48
:1060E000A74901A836F09CFD01A8FAF74DFA01A8CE
:1060F00036F0EEFD2B68012B00F0D685032B00F067
:10610000CE85002B00F0C68596ED0A0AFAF7F4F961
:10611000216801A836F084FD01A8FAF735FA01A834
:1061200036F0D6FD974901A836F07AFD01A8FAF7B6
:106130002BFA01A836F0CCFD2B68012B00F0A585C9
:10614000032B00F09D85002B00F095858E4B8F4A28
:1061500096F89E1001A8002914BF1146194636F082
:106160005FFD01A8FAF710FA01A836F0B1FD216829
:1061700001A836F055FD01A8FAF706FA01A836F095
:10618000A7FD834901A836F04BFD01A8FAF7FCF9F9
:1061900001A836F09DFD2B68012B00F06785032BCD
:1061A00000F05F85002B00F05785D6ED347AB8EE0D
:1061B000670AFAF7A1F9216801A836F031FD01A8B4
:1061C000FAF7E2F901A836F083FD724901A836F02A
:1061D00027FD01A8FAF7D8F901A836F079FD2B6858
:1061E000012B00F03485032B00F02C85002B00F0F0
:1061F0002485D6ED357AB8EE670AFAF77DF921687D
:1062000001A836F00DFD01A8FAF7BEF901A836F095
:106210005FFD614901A836F003FD01A8FAF7B4F962
:1062200001A836F055FD2B68012B00F00185032BEA
:1062300000F0F984002B00F0F18496ED360AFAF7AD
:106240005BF9216801A836F0EBFC01A8FAF79CF98C
:1062500001A836F03DFD514901A836F0E1FC01A846
:10626000FAF792F901A836F033FD2B68012B00F004
:10627000D084032B00F0C884002B00F0C084424B74
:10628000424A96F8DC1001A8002914BF11461946AD
:1062900036F0C6FC01A8FAF777F901A836F018FD28
:1062A000216801A836F0BCFC01A8FAF76DF901A835
:1062B00036F00EFDD6F8CC30012B00F06084384962
:1062C000384F01A836F0ACFC01A8FAF75DF901A837
:1062D00036F0FEFC396801A836F0A2FC01A8FAF7F6
:1062E00053F901A836F0F4FC2F4901A836F098FCC8
:1062F00001A8FAF749F901A836F0EAFC396801A8C3
:1063000036F08EFC01A8FAF73FF901A836F0E0FC60
:10631000264901A836F084FC01A8FAF735F901A84E
:1063200036F0D6FC396801A836F07AFC01A8FAF7F5
:106330002BF901A836F0CCFC1D4901A836F070FC01
:1063400001A8FAF721F901A836F0C2FC396801A8C2
:1063500036F066FC01A8FAF717F901A836F0B8FC88
:10636000144901A836F05CFC01A8FAF70DF901A860
:1063700036F0AEFC2B68012B1EE000BF60B90400B4
:1063800070B9040080B904005CB8040058B8040077
:1063900090B90400A8B90400C0B90400D8B9040039
:1063A00040BA04004807FF1F50BA040060BA040056
:1063B00078BA040090BA040000F0D385032B00F0F3
:1063C000CB85002B00F0C385D6ED0E7AB8EE670AB8
:1063D000FAF792F8216801A836F022FC01A8FAF732
:1063E000D3F801A836F074FCB84901A836F018FCBF
:1063F00001A8FAF7C9F801A836F06AFC2B68012B4E
:1064000000F0A085032B00F09885002B00F090850C
:10641000D6ED0F7AB8EE670AFAF76EF8216801A890
:1064200036F0FEFB01A8FAF7AFF801A836F050FCF1
:10643000A74901A836F0F4FB01A8FAF7A5F801A8CE
:1064400036F046FC2B68012B00F06D85032B00F025
:106450006585002B00F05D8596ED100AFAF74CF883
:10646000216801A836F0DCFB01A8FAF78DF801A835
:1064700036F02EFC974901A836F0D2FB01A8FAF7B6
:1064800083F801A836F024FC2B68012B00F03C8532
:10649000032B00F03485002B00F02C858E4B8F4AA7
:1064A00096F89F1001A8002914BF1146194636F02E
:1064B000B7FB01A8FAF768F801A836F009FC2168D3
:1064C00001A836F0ADFB01A8FAF75EF801A836F096
:1064D000FFFB736B002B00F0B682814901A836F0F8
:1064E0009FFB01A8FAF750F801A836F0F1FB3968D4
:1064F00001A836F095FB01A8FAF746F801A836F096
:10650000E7FB784901A836F08BFB01A8FAF73CF8C5
:1065100001A836F0DDFB396801A836F081FB01A83F
:10652000FAF732F801A836F0D3FB6F4901A836F02C
:1065300077FB01A8FAF728F801A836F0C9FB2B6809
:10654000012B00F0D284032B00F0CA84002B00F052
:10655000C28496ED110AF9F7CFFF216801A836F041
:106560005FFB01A8FAF710F801A836F0B1FB5F490C
:1065700001A836F055FB01A8FAF706F801A836F095
:10658000A7FB2B68012B00F0A184032B00F099845A
:10659000002B00F09184D6ED167AB8EE670AF9F771
:1065A000ABFF216801A836F03BFB01A8F9F7ECFF2F
:1065B00001A836F08DFB4E4901A836F031FB01A849
:1065C000F9F7E2FF01A836F083FB2B68012B00F0FE
:1065D0006E84032B00F06684002B00F05E8498ED3F
:1065E000170AB8EE400AF9F787FF216801A836F0CC
:1065F00017FB01A8F9F7C8FF01A836F069FB3D4970
:1066000001A836F00DFB01A8F9F7BEFF01A836F08E
:106610005FFB2B68012B00F03B84032B00F03384DD
:10662000002B00F02B8496ED180AF9F765FF21681E
:1066300001A836F0F5FA01A8F9F7A6FF01A836F08F
:1066400047FB2D4901A836F0EBFA01A8F9F79CFFAA
:1066500001A836F03DFB2B68012B00F00A84032BC8
:1066600000F00284002B00F0FB831B4B1B4A96F8C2
:10667000A01001A8002914BF1146194636F0D0FA1F
:1066800001A8F9F781FF01A836F022FB216801A8D3
:1066900036F0C6FA01A8F9F777FF01A836F018FB23
:1066A000736D002B00F05582144901A836F0B8FA3A
:1066B00001A8F9F769FF01A836F00AFB396801A8BB
:1066C00036F0AEFA01A8F9F75FFF19E0A8BA0400A6
:1066D000C0BA0400D8BA04005CB8040058B804007A
:1066E000F0BA040008BB040050BB040068BB0400FF
:1066F00080BB040098BB0400B0BB0400C8BB04000E
:1067000001A836F0E5FAB94901A836F089FA01A8DE
:10671000F9F73AFF01A836F0DBFA396801A836F03C
:106720007FFA01A8F9F730FF01A836F0D1FAB04995
:1067300001A836F075FA01A8F9F726FF01A836F08E
:10674000C7FA2B68012B00F08783032B00F08083AE
:10675000002B00F0798396ED190AF9F7CDFE216838
:1067600001A836F05DFA01A8F9F70EFF01A836F08E
:10677000AFFAA04901A836F053FA01A8F9F704FFCF
:1067800001A836F0A5FA2B68012B00F05983032BE2
:1067900000F05283002B00F04B83D6ED407AB8EE28
:1067A000670AF9F7A9FE216801A836F039FA01A8AD
:1067B000F9F7EAFE01A836F08BFAD6F8E030002BA4
:1067C00040F0C5818C4901A836F02AFA01A8F9F7F2
:1067D000DBFE01A836F07CFA396801A836F020FA11
:1067E00001A8F9F7D1FE01A836F072FAD6F8E43024
:1067F000002B40F09681814901A836F011FA01A8DA
:10680000F9F7C2FE01A836F063FA396801A836F03C
:1068100007FA01A8F9F7B8FE01A836F059FA784945
:1068200001A836F0FDF901A8F9F7AEFE01A836F08F
:106830004FFA396801A836F0F3F901A8F9F7A4FE78
:1068400001A836F045FAD6F8E830002B40F0538125
:106850006C4901A836F0E4F901A8F9F795FE01A802
:1068600036F036FA396801A836F0DAF901A8F9F7F6
:106870008BFE01A836F02CFA634901A836F0D0F956
:1068800001A8F9F781FE01A836F022FA396801A8BB
:1068900036F0C6F901A8F9F777FE01A836F018FA24
:1068A000D6F8EC30002B40F01081584901A836F0A2
:1068B000B7F901A8F9F768FE01A836F009FA3968B6
:1068C00001A836F0ADF901A8F9F75EFE01A836F08F
:1068D000FFF94F4901A836F0A3F901A8F9F754FED2
:1068E00001A836F0F5F9396801A836F099F901A840
:1068F000F9F74AFE01A836F0EBF9D6F8F030002B94
:1069000040F0CD80434901A836F08AF901A8F9F793
:106910003BFE01A836F0DCF9396801A836F080F9B1
:1069200001A8F9F731FE01A836F0D2F93A4901A8D9
:1069300036F076F901A8F9F727FE01A836F0C8F974
:10694000396801A836F06CF901A8F9F71DFE01A815
:1069500036F0BEF9D6F8F430002B40F08A802F498B
:1069600001A836F05DF901A8F9F70EFE01A836F08E
:10697000AFF9396801A836F053F901A8F9F704FE18
:1069800001A836F0A5F9264901A836F049F901A871
:10699000F9F7FAFD01A836F09BF9396801A836F03D
:1069A0003FF901A8F9F7F0FD01A836F091F91D496A
:1069B00001A836F035F901A8F9F7E6FD01A836F08F
:1069C00087F9396801A836F02BF901A8F9F7DCFD41
:1069D00001A836F07DF9144901A836F021F901A883
:1069E000F9F7D2FD01A836F073F91FE0E0BB04000F
:1069F00028BC040040BC040054BC04007CBC04005F
:106A000090BC0400CCBC0400E0BC04000CBD04003D
:106A100020BD04004CBD040060BD040094BD040012
:106A2000A8BD0400DCBD0400F4BD0400396801A861
:106A300036F0F6F801A8F9F7A7FD01A836F048F9F5
:106A400046B0BDE8F081CD4901A836F0E9F801A8CB
:106A5000F9F79AFD01A836F03BF9396801A836F03C
:106A6000DFF801A8F9F790FD01A836F031F9C44923
:106A700048E5C44901A836F0D3F801A8F9F784FD28
:106A800001A836F025F9396801A836F0C9F801A83F
:106A9000F9F77AFD01A836F01BF9BB4974E7BB4949
:106AA00001A836F0BDF801A8F9F76EFD01A836F08F
:106AB0000FF9396801A836F0B3F801A8F9F764FDB9
:106AC00001A836F005F9B24931E7B24901A836F01C
:106AD000A7F801A8F9F758FD01A836F0F9F83968C8
:106AE00001A836F09DF801A8F9F74EFD01A836F08F
:106AF000EFF8A949EEE6A94901A836F091F801A8F6
:106B0000F9F742FD01A836F0E3F8396801A836F03C
:106B100087F801A8F9F738FD01A836F0D9F8A0499F
:106B2000ABE6A04901A836F07BF801A8F9F72CFDE7
:106B300001A836F0CDF8396801A836F071F801A83F
:106B4000F9F722FD01A836F0C3F8974968E697499E
:106B500039E6974901A836F063F801A8F9F714FD62
:106B600001A836F0B5F8396801A836F059F801A83F
:106B7000F9F70AFD01A836F0ABF88E49C4E58E4955
:106B80008E4F01A836F04CF801A8F9F7FDFC01A8DA
:106B900036F09EF8396801A836F042F801A8F9F7F6
:106BA000F3FC01A836F094F8854901A836F038F8CE
:106BB00001A8F9F7E9FC01A836F08AF8396801A8BC
:106BC00036F02EF801A8F9F7DFFC01A836F080F8BE
:106BD0007C4901A836F024F801A8F9F7D5FC01A8F2
:106BE00036F076F8396801A836F01AF801A8F9F7F6
:106BF000CBFC01A836F06CF87349FFF79EBB22204E
:106C000039F01AF9FFF73BBB222038F069F9FFF79A
:106C100036BB222037F07AF8FFF731BB222039F05B
:106C20000BF9FFF70ABB222038F05AF9FFF705BB32
:106C3000222037F06BF8FFF700BB222039F0FCF878
:106C4000FFF7D7BA222038F04BF9FFF7D2BA22204B
:106C500037F05CF8FFF7CDBA222039F0EDF8FFF7F6
:106C6000A4BA222038F03CF9FFF79FBA222037F06F
:106C70004DF8FFF79ABA222039F0DEF8FFF766BA2E
:106C8000222038F02DF9FFF761BA222037F03EF8C4
:106C9000FFF75CBA222039F0CFF8FFF735BA22208F
:106CA00038F01EF9FFF730BA222037F02FF8FFF73F
:106CB0002BBA222039F0C0F8FFF702BA222038F0B0
:106CC0000FF9FFF7FDB9222037F020F8FFF7F8B9E8
:106CD000222039F0B1F8FFF7CFB9222038F000F9BF
:106CE000FFF7CAB9222037F011F8FFF7C5B9222003
:106CF00039F0A2F8FFF76BB9222038F0F1F8FFF76E
:106D000066B9222037F002F8FFF761B9222039F086
:106D100093F8FFF716B9222038F0E2F8FFF711B91F
:106D2000222036F0F3FFFFF70CB9222039F084F867
:106D3000FFF7E3B8222038F0D3F8FFF7DEB82220BF
:106D400036F0E4FFFFF7D9B8222039F075F8FFF7E5
:106D5000B0B8222038F0C4F8FFF7ABB8222036F0E4
:106D6000D5FFFFF7A6B8222039F066F8FFF772B812
:106D7000222038F0B5F8FFF76DB800BF20BB040043
:106D800038BB0400B8BD0400CCBD040070BD0400D5
:106D900084BD04002CBD040040BD0400ECBC040014
:106DA00000BD0400A4BC0400B8BC040068BC04001E
:106DB000F8BB040010BC0400F0B904004807FF1F32
:106DC00000BA040010BA040028BA0400222036F0E9
:106DD0009DFFFFF73FB8222039F02EF8FFF718B8D3
:106DE000222038F07DF8FFF713B8222036F08EFF0E
:106DF000FFF70EB8222039F01FF8FEF7E5BF22207A
:106E000038F06EF8FEF7E0BF222036F07FFFFEF785
:106E1000DBBF222039F010F8FEF7B1BF222038F096
:106E20005FF8FEF7ACBF222036F070FFFEF7A7BF79
:106E3000222039F001F8B0E4222038F051F8ACE417
:106E4000222036F063FFA8E4222038F0F5FF82E428
:106E5000222038F045F87EE4222036F057FF7AE40D
:106E6000222038F0E9FF00E4222038F039F8FFF75B
:106E7000FCBB222036F04AFFFFF7F7BB222038F098
:106E8000DBFFFFF7D0BB222038F02AF8FFF7CBBB9F
:106E9000222036F03BFFFFF7C6BB222038F0CCFFA4
:106EA000FFF79DBB222038F01BF8FFF798BB22208C
:106EB00036F02CFFFFF793BB222038F0BDFFFFF721
:106EC0006ABB222038F00CF8FFF765BB222036F0B1
:106ED0001DFFFFF760BB222038F0AEFFFFF739BB84
:106EE000222037F0FDFFFFF734BB222036F00EFFE3
:106EF000FFF72FBB222038F09FFFFFF7CFBA2220E9
:106F000037F0EEFFFFF7CABA222036F0FFFEFFF798
:106F1000C5BA222038F090FFFFF79EBA222037F042
:106F2000DFFFFFF799BA222036F0F0FEFFF794BAA0
:106F3000222038F081FFFFF76BBA222037F0D0FF14
:106F4000FFF766BA222036F0E1FEFFF761BA222091
:106F500038F072FFFFF738BA222037F0C1FFFFF791
:106F600033BA222036F0D2FEFFF72EBA70B5B44BFA
:106F7000C8B01D6806AC2D1B601936F077F804F810
:106F8000010B48AB9C42F7D1AE4A136802930299B9
:106F900013680193019B5B1AC72BF9D9AA49AB4E21
:106FA00003A835F03DFE03A8F9F7EEFA03A835F083
:106FB0008FFE3368012B00F00A82032B00F06F82F2
:106FC000002B00F06882A24CA24DD4ED067AB8EEF8
:106FD000670AF9F791FA296803A835F021FE03A89A
:106FE000F9F7D2FA03A835F073FE9B4903A835F0F0
:106FF00017FE03A8F9F7C8FA03A835F069FE33684D
:10700000012B00F04482032B00F03D82002B00F0A6
:107010003682D4ED077AB8EE670AF9F76DFA296877
:1070200003A835F0FDFD03A8F9F7AEFA03A835F083
:107030004FFE8A4903A835F0F3FD03A8F9F7A4FA37
:1070400003A835F045FE3368012B00F01482032BB2
:1070500000F00D82002B00F00682D4ED0B7AB8EE22
:10706000670AF9F749FA296803A835F0D9FD03A89A
:10707000F9F78AFA03A835F02BFE794903A835F011
:10708000CFFD03A8F9F780FA03A835F021FE336895
:10709000012B00F0E481032B00F0DD81002B00F0D8
:1070A000D681D4ED0C7AB8EE670AF9F725FA29688B
:1070B00003A835F0B5FD03A8F9F766FA03A835F083
:1070C00007FE684903A835F0ABFD03A8F9F75CFAA1
:1070D00003A835F0FDFD3368012B00F0B481032BCC
:1070E00000F0AD81002B00F0A681D4ED137AB8EE4C
:1070F000670AF9F701FA296803A835F091FD03A89A
:10710000F9F742FA03A835F0E3FD574903A835F033
:1071100087FD03A8F9F738FA03A835F0D9FD3368DD
:10712000012B00F08481032B00F07D81002B00F007
:107130007681D4ED147AB8EE670AF9F7DDF929689B
:1071400003A835F06DFD03A8F9F71EFA03A835F082
:10715000BFFD464903A835F063FD03A8F9F714FA0B
:1071600003A835F0B5FD3368012B00F05481032BE3
:1071700000F04D81002B00F04681D4ED1B7AB8EE73
:10718000670AF9F7B9F9296803A835F049FD03A89A
:10719000F9F7FAF903A835F09BFD0921344838F0D6
:1071A000C7FD00230A22E16E324835F051FB314819
:1071B00035F036FB304903A835F032FD03A8F9F766
:1071C000E3F903A835F084FD3368012B00F0178143
:1071D000032B00F01081002B00F00981D4ED1C7A04
:1071E000B8EE670AF9F788F9296803A835F018FDA1
:1071F00003A8F9F7C9F903A835F06AFD09211F486A
:1072000038F096FD00230A22216F1A4835F020FB42
:10721000184835F005FB1A4903A835F001FD03A80D
:10722000F9F7B2F903A835F053FD3368012B00F0EC
:10723000DA80032B00F0D380002B00F0CC8021E01B
:107240003416FF1F0C1FFF1F08BE04006007FF1F3E
:107250007013FF1F4C07FF1F1CBE040030BE04004C
:1072600044BE040058BE04006CBE040080BE04008E
:1072700094BE04002808FF1FA0BE0400B4BE040092
:10728000C0BE0400D4ED3E7AB8EE670AF9F734F9CF
:10729000296803A835F0C4FC03A8F9F775F903A819
:1072A00035F016FD0D21804838F042FD0023D4F85A
:1072B000C8107E480A2235F0CBFA7C4835F0B0FA87
:1072C000D4F8C830002B6AD079497A4D03A835F03C
:1072D000A7FC03A8F9F758F903A835F0F9FC2968C9
:1072E00003A835F09DFC03A8F9F74EF903A835F083
:1072F000EFFCD4F8FC30002B53D16F4903A835F0D4
:107300008FFC03A8F9F740F903A835F0E1FC2968E0
:1073100003A835F085FC03A8F9F736F903A835F082
:10732000D7FC664903A835F07BFC03A8F9F72CF9D4
:1073300003A835F0CDFC296803A835F071FC03A83B
:10734000F9F722F903A835F0C3FC5D4903A835F02D
:1073500067FC03A8F9F718F903A835F0B9FC296808
:1073600003A835F05DFC03A8F9F70EF903A835F082
:10737000AFFC544903A835F053FC03A8F9F704F90E
:1073800003A835F0A5FC296803A835F049FC03A83B
:10739000F9F7FAF803A835F09BFC48B070BD4A49EC
:1073A00093E74A4903A835F03BFC03A8F9F7ECF84A
:1073B00003A835F08DFC296803A835F031FC03A83B
:1073C000F9F7E2F803A835F083FC4149AAE7222047
:1073D00036F09CFCF7E5222038F02EFD52E7222003
:1073E00037F07EFD4EE7222036F090FC4AE722205F
:1073F00038F022FDF2E6222037F072FDEEE6222080
:1074000036F084FCEAE6222038F016FDB5E62220AC
:1074100037F066FDB1E6222036F078FCADE622209A
:1074200038F00AFD85E6222037F05AFD81E6222059
:1074300036F06CFC7DE6222038F0FEFC55E622207A
:1074400037F04EFD51E6222036F060FC4DE622205A
:1074500038F0F2FC25E6222037F042FD21E622201A
:1074600036F054FC1DE6222038F0E6FCF5E522203B
:1074700037F036FDF1E5222036F048FCEDE522201C
:1074800038F0DAFCC5E5222037F02AFDC1E52220DC
:1074900036F03CFCBDE5222038F0CEFC93E52220FE
:1074A00037F01EFD8FE500BFD4BE04002808FF1F83
:1074B000E4BE04004807FF1F0CBF040020BF040007
:1074C0005CBF040078BF0400F8BE040034BF0400B1
:1074D00048BF040070B5BB4BC6B01D6804AE34464F
:1074E000AD1B601935F0C2FD04F8010B46AB9C42A0
:1074F000F7D1B549B54D01A835F092FB01A8F9F7D0
:1075000043F801A835F0E4FB2B68012B00F0A081C3
:10751000032B00F01182002B00F00A82D6ED1D7AB9
:10752000AB4CB8EE670AF8F7E7FF216801A835F021
:1075300077FB01A8F9F728F801A835F0C9FBA549A0
:1075400001A835F06DFB01A8F9F71EF801A835F088
:10755000BFFB2B68012B00F0E781032B00F0E081DB
:10756000002B00F0D981D6ED1E7AB8EE670AF8F745
:10757000C3FF216801A835F053FB01A8F9F704F80F
:1075800001A835F0A5FB944901A835F049FB01A8F5
:10759000F8F7FAFF01A835F09BFB2B68012B00F0F0
:1075A000B781032B00F0B081002B00F0A981D6ED4C
:1075B0001F7AB8EE670AF8F79FFF216801A835F037
:1075C0002FFB01A8F8F7E0FF01A835F081FB834904
:1075D00001A835F025FB01A8F8F7D6FF01A835F082
:1075E00077FB2B68012B00F08781032B00F0808153
:1075F000002B00F07981D6ED207AB8EE670AF8F713
:107600007BFF216801A835F00BFB01A8F8F7BCFF50
:1076100001A835F05DFB724901A835F001FB01A816
:10762000F8F7B2FF01A835F053FB2B68012B00F0EF
:107630005781032B00F05081002B00F04981D6EDDB
:10764000217AB8EE670AF8F757FF216801A835F0EC
:10765000E7FA01A8F8F798FF01A835F039FB61496E
:1076600001A835F0DDFA01A8F8F78EFF01A835F082
:107670002FFB2B68012B00F02781032B00F02081CA
:10768000002B00F01981D6ED227AB8EE670AF8F7E0
:1076900033FF216801A835F0C3FA01A8F8F774FF99
:1076A00001A835F015FB504901A835F0B9FA01A839
:1076B000F8F76AFF01A835F00BFB2B68012B00F0EF
:1076C000F780032B00F0F080002B00F0E980D6ED6E
:1076D000237AB8EE670AF8F70FFF216801A835F0A2
:1076E0009FFA01A8F8F750FF01A835F0F1FA3F49D9
:1076F00001A835F095FA01A8F8F746FF01A835F082
:10770000E7FA2B68012B00F0C780032B00F0C08044
:10771000002B00F0B980D6ED247AB8EE670AF8F7AE
:10772000EBFE216801A835F07BFA01A8F8F72CFFE1
:1077300001A835F0CDFA2E4901A835F071FA01A85B
:10774000F8F722FF01A835F0C3FA2B68012B00F0EF
:107750009780032B00F09080002B00F08980D6EDFD
:10776000257AB8EE670AF8F7C7FE216801A835F058
:1077700057FA01A8F8F708FF01A835F0A9FA1D4942
:1077800001A835F04DFA01A8F8F7FEFE01A835F082
:107790009FFA2B68012B67D0032B61D0002B5BD0A5
:1077A00096ED260A144DB8EE400AF8F7A5FE2168BA
:1077B00001A835F035FA01A8F8F7E6FE01A835F082
:1077C00087FA1BE03416FF1F90BF04006007FF1FFD
:1077D0004C07FF1FA4BF0400B8BF0400CCBF0400C7
:1077E000E0BF0400F4BF040008C004001CC0040093
:1077F00034C004004CC004004807FF1F504901A8D2
:1078000035F00EFA01A8F8F7BFFE01A835F060FACE
:10781000296801A835F004FA01A8F8F7B5FE01A817
:1078200035F056FA474901A835F0FAF901A8F8F7FA
:10783000ABFE01A835F04CFA296801A835F0F0F943
:1078400001A8F8F7A1FE01A835F042FA46B070BDD4
:10785000222036F05BFA61E6222038F0EDFA9FE74D
:10786000222037F03DFB9BE7222036F04FFA97E7C6
:10787000222038F0E1FA72E7222037F031FB6EE780
:10788000222036F043FA6AE7222038F0D5FA42E7A0
:10789000222037F025FB3EE7222036F037FA3AE780
:1078A000222038F0C9FA12E7222037F019FB0EE740
:1078B000222036F02BFA0AE7222038F0BDFAE2E661
:1078C000222037F00DFBDEE6222036F01FFADAE642
:1078D000222038F0B1FAB2E6222037F001FBAEE602
:1078E000222036F013FAAAE6222038F0A5FA82E622
:1078F000222037F0F5FA7EE6222036F007FA7AE603
:10790000222038F099FA52E6222037F0E9FA4EE6C2
:10791000222036F0FBF94AE6222038F08DFA22E6E2
:10792000222037F0DDFA1EE6222036F0EFF91AE6C3
:10793000222038F081FAF1E5222037F0D1FAEDE586
:1079400064C0040080C004002DE9F043884B1B682C
:10795000013BA1B00A2B00F20881DFE813F0F70722
:107960008D089908D30806011F097F0A950C190E86
:107970009F0F21017F49204635F052F92046F8F744
:1079800003FE204635F0A4F93368012B06F0648726
:10799000032B06F05C87002B06F0548776492046BF
:1079A00035F03EF92046F8F7EFFD204635F090F926
:1079B0002968204635F034F92046F8F7E5FD2046E1
:1079C00035F086F96D49204635F02AF92046F8F75A
:1079D000DBFD204635F07CF93368012B06F02D875E
:1079E000032B06F02587002B06F01D87DFF8AC81FE
:1079F000D8F80030002B44F086806149204635F0ED
:107A00000FF92046F8F7C0FD204635F061F92968E6
:107A1000204635F005F92046F8F7B6FD204635F04A
:107A200057F95849204635F0FBF82046F8F7ACFDE9
:107A3000204635F04DF93368012B06F02380032BE7
:107A400006F01B80002B06F0138098ED030AF8F770
:107A500053FD2968204635F0E3F82046F8F794FDF9
:107A6000204635F035F9D8F80430302B05F0E780A2
:107A700004F2BB87002B05F0E280012B27D142499D
:107A8000204635F0CDF82046F8F77EFD204635F04B
:107A90001FF93368012B06F0F381032B06F0EB810D
:107AA000002B06F0D4813949204635F0B9F820463C
:107AB000F8F76AFD204635F00BF92968204635F0C5
:107AC000AFF82046F8F760FD204635F001F930495F
:107AD000204635F0A5F82046F8F756FD204635F04B
:107AE000F7F83368012B05F0CB80032B05F0C3803A
:107AF000002B05F0C8863B6B002B02F00080254967
:107B0000204635F08DF82046F8F73EFD204635F04A
:107B1000DFF82968204635F083F82046F8F734FD71
:107B2000204635F0D5F81C49204635F079F8204636
:107B3000F8F72AFD204635F0CBF83368012B05F025
:107B4000B186032B05F0A986002B05F0A18697EDE1
:107B50000B0AF8F7D1FC2968204635F061F8204679
:107B6000F8F712FD204635F0B3F821B0BDE8F083F8
:107B70005007FF1F04C1040090D504001CC104007D
:107B80005CC5040034C1040084C1040078C504004D
:107B90004CC1040068C104006CC10400F010FF1F58
:107BA000D24FD3497B6DD34E04AC204603F010086E
:107BB00035F036F82046F8F7E7FC204635F088F82F
:107BC0003368012B05F04C83032B05F04483002B15
:107BD00005F03C83C849C94D204635F021F82046C0
:107BE000F8F7D2FC204635F073F82968204635F0C6
:107BF00017F82046F8F7C8FC204635F069F8C04968
:107C0000204635F00DF82046F8F7BEFC204635F04A
:107C10005FF83368012B05F01483032B05F00C8308
:107C2000002B05F004833B6C012B0CBFB549B64912
:107C3000204634F0F5FF2046F8F7A6FC204635F044
:107C400047F82968204634F0EBFF2046F8F79CFC03
:107C5000204635F03DF8AD49204634F0E1FF20469E
:107C6000F8F792FC204635F033F83368012B05F025
:107C7000D982032B05F0D182002B05F0878197ED87
:107C8000170AF8F739FC2968204634F0C9FF204666
:107C9000F8F77AFC204635F01BF89D49204634F071
:107CA000BFFF2046F8F770FC204635F011F8336826
:107CB000012B05F06281032B05F0EB82002B01F014
:107CC0006287B8F1000F41F01D879249204634F0D9
:107CD000A7FF2046F8F758FC204634F0F9FF296842
:107CE000204634F09DFF2046F8F74EFC204634F045
:107CF000EFFF8949204634F093FF2046F8F744FC13
:107D0000204634F0E5FF3368012B04F0E687032BAF
:107D100004F0DE87002B04F0D687D7ED0A7AB8EEA0
:107D2000E70AF8F7E9FB2968204634F079FF204696
:107D3000F8F72AFC204634F0CBFF7849204634F08F
:107D40006FFF2046F8F720FC204634F0C1FF33686F
:107D5000012B04F0B387032B05F09085002B05F071
:107D60008885D7ED007AB8EEE70AF8F7C5FB2968F1
:107D7000204634F055FF2046F8F706FC204634F044
:107D8000A7FF6749204634F04BFF2046F8F7FCFB7D
:107D9000204634F09DFF3368012B05F06585032BE9
:107DA00005F05D85002B05F05585D7ED057AB8EE19
:107DB000E70AF8F7A1FB2968204634F031FF204696
:107DC000F8F7E2FB204634F083FF1521554837F0E1
:107DD000AFFFF96B544834F01BFD534834F020FDDD
:107DE0005249204634F01CFF2046F8F7CDFB2046D0
:107DF00034F06EFF3368012B05F02785032B05F067
:107E00001F85002B05F01785D7ED1E7AB8EEE70A1F
:107E1000F8F772FB2968204634F002FF2046F8F795
:107E2000B3FB204634F054FF3149204634F0F8FECD
:107E30002046F8F7A9FB204634F04AFF3368012BAF
:107E400005F0F484032B05F0EC84002B05F0E484AA
:107E50003749204634F0E4FE2046F8F795FB2046EB
:107E600034F036FF2968204634F0DAFE2046F8F771
:107E70008BFB204634F02CFF2E49204634F0D0FEF8
:107E80002046F8F781FB204634F022FF3368012BAF
:107E900005F0BD84032B05F0B584002B05F0AD84FF
:107EA000D7ED067AB8EEE70AF8F726FB29682046F0
:107EB00034F0B6FE2046F8F767FB204634F008FFA2
:107EC0001D49204634F0ACFE2046F8F75DFB204605
:107ED00034F0FEFE3368012B05F08A84032B05F095
:107EE0008284002B05F07A8428E000BF1412FF1F63
:107EF00084C104006007FF1F70D004004C07FF1FFF
:107F00001CC104009CC10400A0C1040004C1040001
:107F1000ECC0040064C10400B0C0040098C00400B8
:107F2000C8C00400A4C104002808FF1F34C1040015
:107F300054B80400BCC10400D4C10400D7ED017AD8
:107F4000B8EEE70AF8F7D8FA2968204634F068FE58
:107F50002046F8F719FB204634F0BAFED4492046F3
:107F600034F05EFE2046F8F70FFB204634F0B0FEFA
:107F70003368012B05F02D84032B05F02584002B9D
:107F800005F01D84D7ED0B7AB8EEE70AF8F7B4FADE
:107F90002968204634F044FE2046F8F7F5FA2046DA
:107FA00034F096FEC349204634F03AFE2046F8F7F6
:107FB000EBFA204634F08CFE3368012B05F0FA838F
:107FC000032B05F0F283002B05F0EA837B6DD807C5
:107FD0004CBFB949B949204634F022FE2046F8F793
:107FE000D3FA204634F074FE2968204634F018FE97
:107FF0002046F8F7C9FA204634F06AFEB049204618
:1080000034F00EFE2046F8F7BFFA204634F060FE4A
:108010003368012B05F0BF83032B05F0B783002BDA
:1080200005F0AF8397ED180AF8F766FA296820463D
:1080300034F0F6FD2046F8F7A7FA204634F048FE63
:10804000A049204634F0ECFD2046F8F79DFA204682
:1080500034F03EFE3368012B05F08E83032B05F0D0
:108060008683002B05F07E837B6C012B0CBF964929
:108070009649204634F0D4FD2046F8F785FA20468C
:1080800034F026FE2968204634F0CAFD2046F8F771
:108090007BFA204634F01CFE8D49204634F0C0FDAA
:1080A0002046F8F771FA204634F012FE3368012BAF
:1080B00005F05383032B05F04B83002B05F043831E
:1080C000D7ED1F7AB8EEE70AF8F716FA29682046C6
:1080D00034F0A6FD2046F8F757FA204634F0F8FDB4
:1080E0007C49204634F09CFD2046F8F74DFA2046A6
:1080F00034F0EEFD3368012B05F02083032B05F0EF
:108100001883002B05F010837349204634F088FD56
:108110002046F8F739FA204634F0DAFD296820467F
:1081200034F07EFD2046F8F72FFA204634F0D0FDDB
:108130006A49204634F074FD2046F8F725FA2046B7
:1081400034F0C6FD3368012B05F0E982032B05F0FE
:10815000E182002B05F0D982D7ED077AB8EEE70A65
:10816000F8F7CAF92968204634F05AFD2046F8F796
:108170000BFA204634F0ACFD5949204634F050FD4E
:108180002046F8F701FA204634F0A2FD3368012BAF
:1081900005F0B682032B05F0AE82002B05F0A68217
:1081A000D7ED027AB8EEE70AF8F7A6F92968204673
:1081B00034F036FD2046F8F7E7F9204634F088FD24
:1081C0004849204634F02CFD2046F8F7DDF92046DA
:1081D00034F07EFD3368012B05F08382032B05F01C
:1081E0007B82002B05F07382D7ED0C7AB8EEE70A9C
:1081F000F8F782F92968204634F012FD2046F8F796
:10820000C3F9204634F064FD3749204634F008FDB8
:108210002046F8F7B9F9204634F05AFD3368012BAF
:1082200005F05082032B05F04882002B05F04082B8
:108230007B6D99074CBF20492049204634F0F0FC63
:108240002046F8F7A1F9204634F042FD296820467F
:1082500034F0E6FC2046F8F797F9204634F038FD74
:108260002249204634F0DCFC2046F8F78DF9204600
:1082700034F02EFD3368012B05F01582032B05F039
:108280000D82002B05F0058297ED190AF8F734F9F5
:108290002968204634F0C4FC2046F8F775F92046DA
:1082A00034F016FD1249204634F0BAFC204621E095
:1082B000ECC1040004C2040068C1040064C10400ED
:1082C0001CC2040034C204004CC2040054C20400A6
:1082D0005CC2040074C2040020DF04008CC20400ED
:1082E000A4C20400BCC20400D4C20400ECC2040056
:1082F00004C30400F8F748F9204634F0E9FC336879
:10830000012B05F0C181032B05F0B981002B05F08D
:10831000B181BB6C012B0CBFD449D549204634F048
:108320007FFC2046F8F730F9204634F0D1FC29686C
:10833000204634F075FC2046F8F726F9204634F044
:10834000C7FCCC49204634F06BFC2046F8F71CF9FA
:10835000204634F0BDFC3368012B05F08681032BE9
:1083600005F07E81002B05F07681D7ED207AB8EEFE
:10837000E70AF8F7C1F82968204634F051FC204696
:10838000F8F702F9204634F0A3FCBB49204634F04C
:1083900047FC2046F8F7F8F8204634F099FC33689B
:1083A000012B05F05381032B05F03A81002B05F0DA
:1083B0003281B249204634F033FC2046F8F7E4F825
:1083C000204634F085FC2968204634F029FC2046FC
:1083D000F8F7DAF8204634F07BFCA949204634F05F
:1083E0001FFC2046F8F7D0F8204634F071FC3368C3
:1083F000012B05F00B81032B05F00381002B05F009
:10840000FB80D7ED087AB8EEE70AF8F775F8296827
:10841000204634F005FC2046F8F7B6F8204634F044
:1084200057FC9849204634F0FBFB2046F8F7ACF89F
:10843000204634F04DFC3368012B05F0D880032B27
:1084400005F0D080002B05F0C880D7ED037AB8EE98
:10845000E70AF8F751F82968204634F0E1FB204696
:10846000F8F792F8204634F033FC8749204634F080
:10847000D7FB2046F8F788F8204634F029FC33680B
:10848000012B05F0A580032B05F09D80002B05F046
:108490009580D7ED0D7AB8EEE70AF8F72DF8296840
:1084A000204634F0BDFB2046F8F76EF8204634F045
:1084B0000FFC7649204634F0B3FB2046F8F764F809
:1084C000204634F005FC3368012B05F07280032B45
:1084D00005F06A80002B05F062807B6D5A074CBF67
:1084E0006B496C49204634F09BFB2046F8F74CF86A
:1084F000204634F0EDFB2968204634F091FB2046FD
:10850000F8F742F8204634F0E3FB6349204634F0A4
:1085100087FB2046F8F738F8204634F0D9FB33685B
:10852000012B05F03780032B05F02F80002B05F081
:10853000278097ED1A0AF7F7DFFF2968204634F005
:108540006FFB2046F8F720F8204634F0C1FB534972
:10855000204634F065FB2046F8F716F8204634F044
:10856000B7FB3368012B05F00680032B04F0FE8770
:10857000002B04F0EC87FB6BDFF83C8103F004096F
:10858000D8F83430002B04F04B82FB6C012B0CBF6D
:1085900036493749204634F043FB2046F7F7F4FFCD
:1085A000204634F095FB2968204634F039FB2046FC
:1085B000F7F7EAFF204634F08BFB1221384837F0FA
:1085C000B7FB00230A22D8F83410364834F040F9BB
:1085D000344834F025F91221334837F0A9FB4946D5
:1085E000304834F015F92F4834F01AF92F49204655
:1085F00034F016FB2046F7F7C7FF204634F068FB3F
:108600003368012B04F0AD87032B04F0A587002B02
:1086100004F03185D7ED217AB8EEE70AF7F76CFF61
:108620002968204634F0FCFA2046F7F7ADFF2046D3
:1086300034F04EFB1E49204634F0F2FA2046F7F79C
:10864000A3FF204634F044FB3368012B04F00E8571
:10865000032B04F00685002B04F0FE841549204608
:1086600034F0DEFA2046F7F78FFF27E04CC2040013
:1086700054C204001CC3040034C304008CDF040093
:108680004CC3040064C304007CC3040094C304000E
:1086900068C1040064C10400ACC30400C4C3040086
:1086A000DCC304002808FF1FF0C3040004C4040056
:1086B0001CC40400DCDF04007013FF1F204634F0EC
:1086C00007FB2968204634F0ABFA2046F7F75CFF39
:1086D000204634F0FDFA8F49204634F0A1FA2046B6
:1086E000F7F752FF204634F0F3FA3368012B04F019
:1086F000AE84032B04F0A684002B04F09E84D7EDF7
:10870000097AB8EEE70AF7F7F7FE2968204634F051
:1087100087FA2046F7F738FF204634F0D9FA7E4929
:10872000204634F07DFA2046F7F72EFF204634F03D
:10873000CFFA3368012B04F07B84032B04F073849D
:10874000002B04F06B84D7ED047AB8EEE70AF7F754
:10875000D3FE2968204634F063FA2046F7F714FF69
:10876000204634F0B5FA6D49204634F059FA2046D7
:10877000F7F70AFF204634F0ABFA3368012B04F018
:108780004884032B04F04084002B04F03884D7ED98
:108790000E7AB8EEE70AF7F7AFFE2968204634F004
:1087A0003FFA2046F7F7F0FE204634F091FA5C4994
:1087B000204634F035FA2046F7F7E6FE204634F03E
:1087C00087FA3368012B04F01584032B04F00D8421
:1087D000002B04F005847B6D1B074CBF51495249A7
:1087E000204634F01DFA2046F7F7CEFE204634F03E
:1087F0006FFA2968204634F013FA2046F7F7C4FED2
:10880000204634F065FA1221484837F091FA0023E7
:108810000A22D8F85410464834F01AF8444833F085
:10882000FFFF1221434837F083FA4946404833F0AE
:10883000EFFF3F4833F0F4FF3F49204634F0F0F9B2
:108840002046F7F7A1FE204634F042FA3368012BA8
:1088500004F05782032B04F04F82002B04F0478270
:1088600097ED1B0AF7F748FE2968204634F0D8F93F
:108870002046F7F789FE204634F02AFA2F49204691
:1088800034F0CEF92046F7F77FFE204634F020FA88
:108890003368012B04F02682032B04F0FB82002BAB
:1088A00004F0F382D8F85430002B04F0B2803B6D12
:1088B000012B0CBF22492349204634F0B1F9204650
:1088C000F7F762FE204634F003FA2968204634F0B8
:1088D000A7F92046F7F758FE204634F0F9F91A496F
:1088E000204634F09DF92046F7F74EFE204634F03E
:1088F000EFF93368012B04F02586032B04F0CF81B8
:10890000002B04F0C78197ED220AB8EEC00AFFF7EA
:1089100020B900BF34C404004CC4040064C4040083
:108920007CC4040068C1040064C1040094C4040051
:108930002808FF1FF0C30400A8C40400C0C404003A
:108940004CC2040054C20400D8C40400804F814BC0
:10895000814AB86DD3F80451804B126879691A7056
:1089600003029BB243EA0263CAB213432A0402F42D
:108970007F0213437A4A7B4E15707B4A10707B4A04
:1089800004AC11707A4A7B491360204634F048F9F0
:108990002046F7F7F9FD204634F09AF93368012BA9
:1089A00004F07284032B04F06A84002B04F06284C8
:1089B000D7ED007A704DB8EEE70AF7F79DFD29680C
:1089C000204634F02DF92046F7F7DEFD204634F03E
:1089D0007FF96A49204634F023F92046F7F7D4FDA1
:1089E000204634F075F93368012B04F03E84032BE4
:1089F00004F09683002B04F08E83D7ED0A7AB8EE4C
:108A0000E70AF7F779FD2968204634F009F920468E
:108A1000F7F7BAFD204634F05BF95949204634F0A7
:108A2000FFF82046F7F7B0FD204634F051F93368DF
:108A3000012B04F06B83032B04F06383002B04F001
:108A40001582D7ED057AB8EEE70AF7F755FD2968E4
:108A5000204634F0E5F82046F7F796FD204634F03E
:108A600037F9BB6D013B032B06F23883DFE813F0C7
:108A70005113CA128014DE11424FBB6D042B06F253
:108A80002883DFE813F07317D7164D16C315FC14AF
:108A90003D4F3E48152137F04BF900230A22396833
:108AA0003B4833F0D5FE3A4833F0BAFE2721394827
:108AB00037F03EF90023796935480A2233F0C8FEC1
:108AC000334833F0ADFE3B68032B04F07584042B70
:108AD00004F0E883002B04F01981224E264D04ACEB
:108AE0007B68013B042B3EF6F2AF01A252F823F063
:108AF0001FBC000095BB00000DBB000081BA000048
:108B000075790000244F3B68013B0D2B3FF62DA8E3
:108B100001A252F823F000BF9DC500001BC4000055
:108B20007DC80000BDC200006B7B00006B7B0000B5
:108B30006B7B00006B7B00006B7B00006B7B00009D
:108B40003BC10000DDBF0000FBC6000041BE0000CD
:108B50003411FF1F7013FF1F3C07FF1F8218FF1FF8
:108B60008118FF1F6007FF1F8318FF1F8018FF1F5A
:108B7000E816FF1F98C004004C07FF1FB0C0040098
:108B8000C8C004001412FF1F0011FF1FF0C404002E
:108B90002808FF1F08C50400C011FF1F04ACA1492D
:108BA000A14E204634F03CF82046F7F7EDFC204675
:108BB00034F08EF83368012B04F09C86032B04F00C
:108BC0009486002B04F08C86DFF88C82974DD8EDCC
:108BD0000B7AB8EE670AF7F78FFC2968204634F065
:108BE0001FF82046F7F7D0FC204634F071F8904982
:108BF000204634F015F82046F7F7C6FC204634F03E
:108C000067F83368012B04F06686032B04F05E8658
:108C1000002B04F05686D8ED017AB8EE670AF7F714
:108C20006BFC2968204633F0FBFF2046F7F7ACFCCD
:108C3000204634F04DF87F49204633F0F1FF2046BE
:108C4000F7F7A2FC204634F043F83368012B04F018
:108C50003386032B04F02B86002B04F07582D8EDAD
:108C6000027AB8EE670AF7F747FC2968204633F026
:108C7000D7FF2046F7F788FC204634F029F86E49E4
:108C8000204633F0CDFF2046F7F77EFC204634F037
:108C90001FF83368012B04F05282032B04F04A8240
:108CA000002B04F04282654F7B6F002B00F0318770
:108CB0006349204633F0B4FF2046F7F765FC2046B1
:108CC00034F006F82968204633F0AAFF2046F7F76B
:108CD0005BFC204633F0FCFF5A49204633F0A0FFEE
:108CE0002046F7F751FC204633F0F2FF3368012BA2
:108CF00004F0C681032B04F05381002B04F04B8158
:108D000097ED1C0AF7F7F8FB2968204633F088FF37
:108D10002046F7F739FC204633F0DAFFD8F8403028
:108D2000302B03F0218703F25886002B03F01C87B9
:108D3000012B27D14449204633F072FF2046F7F734
:108D400023FC204633F0C4FF3368012B05F05C8020
:108D5000032B05F05480002B04F0F2873B4920469A
:108D600033F05EFF2046F7F70FFC204633F0B0FFEC
:108D70002968204633F054FF2046F7F705FC2046CB
:108D800033F0A6FF3249204633F04AFF2046F7F77A
:108D9000FBFB204633F09CFF3368012B04F0388244
:108DA000032B04F03082002B04F0288298ED130A84
:108DB000F7F7A2FB2968204633F032FF2046F7F789
:108DC000E3FB204633F084FF2249204633F028FF9E
:108DD0002046F7F7D9FB204633F07AFF3368012BA2
:108DE00004F00782032B04F0C381002B04F0BB8145
:108DF00098ED120AF7F780FB2968204633F010FF40
:108E00002046F7F7C1FB204633F062FFD8F8003068
:108E1000013B032B3EF6A9AEDFE813F0C60E3C0E75
:108E20000D12A40DC8C004006007FF1F4C07FF1FF0
:108E300098C00400B0C004004CC104003411FF1FEE
:108E400068C104006CC1040084C104004CC2040069
:108E5000BCC10400D4C104007814FF1F04ACD7497E
:108E6000D74E204633F0DCFE2046F7F78DFB204638
:108E700033F02EFF3368012B04F07081032B04F0D4
:108E80006881002B04F05983DFF87483CD4DD8ED51
:108E9000007AB8EE670AF7F72FFB2968204633F00F
:108EA000BFFE2046F7F770FB204633F011FFC6499E
:108EB000204633F0B5FE2046F7F766FB204633F038
:108EC00007FF3368012B04F03383032B04F02B835B
:108ED000002B04F02383D8ED0A7AB8EE670AF7F77F
:108EE0000BFB2968204633F09BFE2046F7F74CFB2E
:108EF000204633F0EDFEB549204633F091FE204682
:108F0000F7F742FB204633F0E3FE3368012B04F011
:108F10000083032B04F0F882002B04F0F082D8EDDC
:108F2000057AB8EE670AF7F7E7FA2968204633F0C2
:108F300077FE2046F7F728FB204633F0C9FEA44908
:108F4000204633F06DFE2046F7F71EFB204633F037
:108F5000BFFE3368012B04F0CD82032B04F0838520
:108F6000002B04F07B85D8ED177AB8EE670AF7F787
:108F7000C3FA2968204633F053FE2046F7F704FB76
:108F8000204633F0A5FE9349204633F049FE2046A3
:108F9000F7F7FAFA204633F09BFE3368012B04F012
:108FA0005885032B04F05085002B04F09E8298ED29
:108FB0001B0AF7F7A1FA2968204633F031FE204654
:108FC000F7F7E2FA204633F083FE8349204633F078
:108FD00027FE2046F7F7D8FA204633F079FE3368AB
:108FE000012B04F07D82032B04F07582002B04F02A
:108FF0006D8298ED1A0AF7F77FFA2968204633F058
:109000000FFE2046F7F7C0FA204633F061FE7349A1
:10901000204633F005FE2046F7F7B6FA204633F037
:1090200057FE3368012B04F00A85032B04F00285F8
:10903000002B04F0FA84D8ED187AB8EEE70AF7F7B7
:109040005BFA2968204633F0EBFD2046F7F79CFADF
:10905000204633F03DFE6249204633F0E1FD2046D4
:10906000F7F792FA204633F033FE3368012B04F011
:10907000D784032B04F04884002B04F04084594F1C
:109080007B6F002B00F048855749204633F0C8FD20
:109090002046F7F779FA204633F01AFE2968204671
:1090A00033F0BEFD2046F7F76FFA204633F010FE8E
:1090B0004E49204633F0B4FD2046F7F765FA2046C6
:1090C00033F006FE3368012B03F0DF85032B03F03A
:1090D000CD85002B04F0278497ED1C0AF7F70CFAD6
:1090E0002968204633F09CFD2046F7F74DFA2046CC
:1090F00033F0EEFDD8F85830002B03F0AF84012B8D
:1091000040F0B6803A49204633F08AFD2046F7F712
:109110003BFA204633F0DCFD3368012B04F0068671
:10912000032B04F0FE85002B04F0F6853149204620
:1091300033F076FD2046F7F727FA204633F0C8FDD6
:109140002968204633F06CFD2046F7F71DFA2046CB
:1091500033F0BEFD2849204633F062FD2046F7F784
:1091600013FA204633F0B4FD3368012B04F0CF85A9
:10917000032B04F0C785002B04F0BF85D8ED0F7AD0
:10918000B8EE670AF7F7B8F92968204633F048FDCA
:109190002046F7F7F9F9204633F09AFD17492046A3
:1091A00033F03EFD2046F7F7EFF9204633F090FD0F
:1091B0003368012B04F09C8524E000BF98C00400B4
:1091C0006007FF1F4C07FF1FB0C00400C8C00400A9
:1091D00004C204001CC2040034C204005CC20400C7
:1091E0004CC104003411FF1F68C104006CC10400AD
:1091F00084C10400B8C50400BCC10400D4C104008B
:10920000A012FF1F032B04F06E85002B04F066856F
:1092100098ED120AF7F770F92968204633F000FD3F
:109220002046F7F7B1F9204633F052FDC9492046F0
:1092300033F0F6FC2046F7F7A7F9204633F048FD57
:109240003368012B04F04585032B04F03D85002B8A
:1092500004F0358598ED110AF7F74EF92968204694
:1092600033F0DEFC2046F7F78FF9204633F030FD6F
:10927000D8F85430013B032B3EF677ACDFE813F00F
:10928000C20814087C07F20604ACB349B34E20466A
:1092900033F0C6FC2046F7F777F9204633F018FD87
:1092A0003368012B03F01E86032B03F01686002B78
:1092B00003F00E86DFF8D482A94DD8ED117AB8EE0E
:1092C000670AF7F719F92968204633F0A9FC204608
:1092D000F7F75AF9204633F0FBFCA249204633F059
:1092E0009FFC2046F7F750F9204633F0F1FC336835
:1092F000012B03F0E885032B03F0E085002B03F03E
:10930000D885D8ED0C7AB8EE670AF7F7F5F8296832
:10931000204633F085FC2046F7F736F9204633F037
:10932000D7FC9149204633F07BFC2046F7F72CF917
:10933000204633F0CDFC3368012B03F0B585032BB9
:1093400003F0AD85002B04F06683D8ED167AB8EEF5
:10935000670AF7F7D1F82968204633F061FC204608
:10936000F7F712F9204633F0B3FC8049204633F07A
:1093700057FC2046F7F708F9204633F0A9FC33687C
:10938000012B04F04383032B04F03B83002B04F0F8
:109390003383D8ED047AB8EE670AF7F7ADF8296899
:1093A000204633F03DFC2046F7F7EEF8204633F038
:1093B0008FFC6F49204633F033FC2046F7F7E4F882
:1093C000204633F085FC3368012B04F01083032B17
:1093D00004F00883002B04F0008398ED030AF7F7EC
:1093E0008BF82968204633F01BFC2046F7F7CCF8B1
:1093F000204633F06DFC5F49204633F011FC2046D7
:10940000F7F7C2F8204633F063FC3368012B04F011
:10941000DF82032B03F06186002B03F0598698ED61
:10942000060AF7F769F82968204633F0F9FB204669
:10943000F7F7AAF8204633F04BFC4F49204633F0AB
:10944000EFFB2046F7F7A0F8204633F041FC3368E5
:10945000012B03F03886032B03F03086002B03F03A
:10946000FB84464F7B6F002B00F05183444920461C
:1094700033F0D6FB2046F7F787F8204633F028FC78
:109480002968204633F0CCFB2046F7F77DF82046CC
:1094900033F01EFC3B49204633F0C2FB2046F7F771
:1094A00073F8204633F014FC3368012B03F0ED858C
:1094B000032B03F0F485002B03F0EC8597ED1C0AD9
:1094C000F7F71AF82968204633F0AAFB2046F7F789
:1094D0005BF8204633F0FCFBD8F81430002B03F087
:1094E0005A83012B27D11B49204633F099FB204694
:1094F000F7F74AF8204633F0EBFB3368012B04F012
:109500002E84032B04F02684002B04F01E841E49B5
:10951000204633F085FB2046F7F736F8204633F037
:10952000D7FB2968204633F07BFB2046F7F72CF861
:10953000204633F0CDFBD8F80830023B052B02F271
:10954000FF83DFE813F025143B140F146714511444
:10955000D51300BFECC10400C8C004006007FF1FA2
:109560004C07FF1F98C00400B0C0040084C1040071
:10957000BCC10400D4C104004CC104003411FF1F5D
:1095800068C104006CC10400B8C504004410FF1F8A
:1095900004ACB449B44E204633F042FB2046F6F703
:1095A000F3FF204633F094FB3368012B03F08185F1
:1095B000032B04F00882002B04F00082DFF8D8822D
:1095C000AA4DD8ED0C7AB8EE670AF6F795FF296830
:1095D000204633F025FB2046F6F7D6FF204633F031
:1095E00077FBA349204633F01BFB2046F6F7CCFF60
:1095F000204633F06DFB3368012B04F0DA81032B36
:1096000004F0D281002B04F0CA81D8ED167AB8EEAE
:10961000670AF6F771FF2968204633F001FB204600
:10962000F6F7B2FF204633F053FB9249204633F061
:10963000F7FA2046F6F7A8FF204633F049FB3368D7
:10964000012B04F0A781032B04F09F81002B04F071
:109650009781D8ED117AB8EE670AF6F74DFF2968C1
:10966000204633F0DDFA2046F6F78EFF204633F031
:109670002FFB8149204633F0D3FA2046F6F784FFCA
:10968000204633F025FB3368012B04F07481032B53
:1096900004F06C81002B04F06481D8ED077AB8EEF9
:1096A000670AF6F729FF2968204633F0B9FA204601
:1096B000F6F76AFF204633F00BFB7049204633F083
:1096C000AFFA2046F6F760FF204633F001FB33681F
:1096D000012B04F04181032B04F03981002B04F0AD
:1096E000318198ED080AF6F707FF2968204633F024
:1096F00097FA2046F6F748FF204633F0E9FA60492A
:10970000204633F08DFA2046F6F73EFF204633F030
:10971000DFFA3368012B04F01081032B04F0088179
:10972000002B03F01B8498ED0B0AF6F7E5FE296881
:10973000204633F075FA2046F6F726FF204633F030
:10974000C7FA5049204633F06BFA2046F6F71CFF63
:10975000204633F0BDFA3368012B03F0FA83032B64
:1097600003F0F283002B03F0EA834749204633F0ED
:1097700057FA2046F6F708FF204633F0A9FA296881
:10978000204633F04DFA2046F9F742FE204633F0EA
:109790009FFAD8F81430002B03F04981012B00F018
:1097A000C9813A49204633F03BFA2046F6F7ECFEF1
:1097B000204633F08DFA3368012B03F07584032BB8
:1097C00004F0AC80002B04F0A480D8F82830002BE3
:1097D00003F0F881012B00F0A2812968204633F0C4
:1097E0001FFA2046F6F7D0FE204633F071FAD8F87B
:1097F0002430022B03F00C82032B27D1244920466E
:1098000033F00EFA2046F6F7BFFE204633F060FA3A
:109810003368012B04F03082032B04F02882002BE4
:1098200004F039821B49204633F0FAF92046F6F756
:10983000ABFE204633F04CFA2968204633F0F0F9AD
:109840002046F6F7A1FE204633F042FAD8F8003061
:10985000013B032B3EF689A9DFE813F07A03DF0210
:109860004802BE0198C004006007FF1F4C07FF1F9D
:10987000B0C00400C8C0040084C10400BCC104001E
:10988000D4C104001CC204007C16FF1FECC10400FC
:1098900004C2040020C604004410FF1F04ACBE49EB
:1098A000BE4E204633F0BCF92046F6F76DFE20464A
:1098B00033F00EFA3368012B03F05A83032B03F0C5
:1098C0005283002B03F03683DFF80883B44DD8EDC4
:1098D0000A7AB8EE670AF6F70FFE2968204633F0D9
:1098E0009FF92046F6F750FE204633F0F1F9AD49D6
:1098F000204633F095F92046F6F746FE204633F031
:10990000E7F93368012B03F01083032B03F008837E
:10991000002B03F00083D8ED007AB8EE670AF6F763
:10992000EBFD2968204633F07BF92046F6F72CFE44
:10993000204633F0CDF99C49204633F071F920469A
:10994000F6F722FE204633F0C3F93368012B03F00B
:10995000DD82032B03F0D582002B03F0CD82D8EDFE
:10996000057AB8EE670AF6F7C7FD2968204633F096
:1099700057F92046F6F708FE204633F0A9F98B493F
:10998000204633F04DF92046F6F7FEFD204633F031
:109990009FF93368012B03F0AA82032B03F0248480
:1099A000002B03F01C8498ED0F0AF6F7A5FD29683B
:1099B000204633F035F92046F6F7E6FD204633F031
:1099C00087F97B49204633F02BF92046F6F7DCFD7A
:1099D000204633F07DF93368012B03F0FB83032B22
:1099E00003F0F383002B03F0EB8398ED100AF6F7F6
:1099F00083FD2968204633F013F92046F6F7C4FDAD
:109A0000204633F065F96B49204633F009F92046CA
:109A1000F6F7BAFD204633F05BF93368012B03F00B
:109A2000CA83032B03F0C283002B03F0BA8398EDA3
:109A3000170AF6F761FD2968204633F0F1F8204651
:109A4000F6F7A2FD204633F043F95B49204633F098
:109A5000E7F82046F6F798FD204633F039F93368E9
:109A6000012B03F02681032B03F01E81002B03F052
:109A70008483524F7B6F002B47D05149204633F0EF
:109A8000CFF82046F6F780FD204633F021F929680B
:109A9000204633F0C5F82046F6F776FD204633F031
:109AA00017F94849204633F0BBF82046F6F76CFD1D
:109AB000204633F00DF93368012B03F06D83032B3F
:109AC00003F06583002B03F05D8397ED1C0AF6F726
:109AD00013FD2968204633F0A3F82046F6F754FD1D
:109AE000204633F0F5F8D8F84430013B032B3EF61E
:109AF0003CA8DFE813F0EF088B06D10525053249B5
:109B0000FDF7FEBF2E49FEF7E1B82F49B6E72E4913
:109B1000ADE42D49FFF7CDB82B49FFF7B6BA2B4975
:109B2000204633F07DF82046F6F72EFD204633F030
:109B3000CFF852E62649204633F072F82046F6F771
:109B400023FD204633F0C4F83368012B04F0528122
:109B5000032B04F04A81002B04F042811B4920466C
:109B600033F05EF82046F6F70FFD204633F0B0F8EC
:109B70002968204633F054F82046F6F705FD2046C4
:109B800033F0A6F80DE6222036F056F9B8F1000FB2
:109B90003EF49BA8B6E700BFC8C004006007FF1FE3
:109BA0004C07FF1F98C00400B0C0040084C104002B
:109BB000BCC10400D4C104004CC104003411FF1F17
:109BC00068C104006CC1040064C10400B8C504008D
:109BD000ECC104001013FF1FD549204633F020F8D4
:109BE0002046F6F7D1FC204633F072F83368012B9B
:109BF00003F0C087032B03F0B887002B03F0B08776
:109C0000CC49204633F00CF82046F6F7BDFC204640
:109C100033F05EF82968204633F002F82046F6F764
:109C2000B3FC204633F054F8C349204632F0F8FF25
:109C30002046F6F7A9FC204633F04AF83368012B9A
:109C400003F08987032B03F08187002B03F07987CA
:109C5000D8ED107AB8EE670AF6F74EFC2968204670
:109C600032F0DEFF2046F6F78FFC204633F030F866
:109C7000B249204632F0D4FF2046F6F785FC204654
:109C800033F026F83368012B03F05687032B03F0DB
:109C90004E87002B03F00A87D8ED1A7AB8EE670AD0
:109CA000F6F72AFC2968204632F0BAFF2046F6F77C
:109CB0006BFC204633F00CF8A149204632F0B0FF8F
:109CC0002046F6F761FC204633F002F83368012B9A
:109CD00003F0E786032B03F0DF86002B03F0D78623
:109CE00098ED150AB8EE400AFDF733BF90492046BB
:109CF00032F096FF2046F6F747FC204632F0E8FFA8
:109D00003368012B03F05E87032B03F05687002B8B
:109D100003F04E878B49204632F082FF2046F6F74B
:109D200033FC204632F0D4FF2968204632F078FF19
:109D30002046F6F729FC204632F0CAFF7E4920462D
:109D400032F06EFF2046F6F71FFC204632F0C0FFCF
:109D50003368012B03F02787032B03F01F87002BA9
:109D600003F01787D8ED0F7AB8EE670AF6F7C4FB51
:109D70002968204632F054FF2046F6F705FC2046BD
:109D800032F0A6FF6D49204632F04AFF2046F6F732
:109D9000FBFB204632F09CFF3368012B03F0F48676
:109DA000032B03F0EC86002B03F02087D8ED197A03
:109DB000B8EE670AF6F7A0FB2968204632F030FFBC
:109DC0002046F6F7E1FB204632F082FF5C49204650
:109DD00032F026FF2046F6F7D7FB204632F078FF18
:109DE0003368012B03F0FD86032B03F0F586002B6F
:109DF00003F0ED8698ED140AB8EE400AFDF7A9BE0F
:109E0000514B1F680DF17C093F1BE01933F02EF90F
:109E100004F8010B4C45F8D101AC4549204632F01D
:109E2000FFFE2046F6F7B0FB204632F051FF3368C4
:109E3000012B03F01787032B03F00F87002B03F090
:109E400007874249204632F0EBFE2046F6F79CFB9E
:109E5000204632F03DFF2968204632F0E1FE2046E0
:109E6000F6F792FB204632F033FF3349204632F0BA
:109E7000D7FE2046F6F788FB204632F029FF3368EC
:109E8000012B03F0E086032B03F0D886002B03F0B0
:109E9000D086D8ED0E7AB8EE670AF6F72DFB296862
:109EA000204632F0BDFE2046F6F76EFB204632F02B
:109EB0000FFF2249204632F0B3FE2046F6F764FB3E
:109EC000204632F005FF3368012B03F0AD86032BEB
:109ED00003F0A586002B03F09D86D8ED187AB8EE26
:109EE000670AF6F709FB2968204632F099FE2046FA
:109EF000F6F74AFB204632F0EBFE1149204632F0DD
:109F00008FFE2046F6F740FB204632F0E1FE336834
:109F1000012B03F07A86032B03F07286002B03F0EB
:109F20006A8698ED130AB8EE400AFDF712BE00BF2C
:109F3000ECC00400DCDF04001CC1040034C10400D8
:109F400004C104008CDF04000007FF1F20DF0400B1
:109F5000CE49204632F064FE2046F6F715FB204637
:109F600032F0B6FE3368012B03F0DC85032B03F0DF
:109F7000D485002B03F0CC85C549204632F050FE35
:109F80002046F6F701FB204632F0A2FE2968204663
:109F900032F046FE2046F6F7F7FA204632F098FEF9
:109FA000BC49204632F03CFE2046F6F7EDFA20464A
:109FB00032F08EFE3368012B03F0A585032B03F0EE
:109FC0009D85002B03F09585D8ED0D7AB8EE670AD4
:109FD000F6F792FA2968204632F022FE2046F6F77C
:109FE000D3FA204632F074FEAB49204632F018FE18
:109FF0002046F6F7C9FA204632F06AFE3368012B94
:10A0000003F07285032B03F06A85002B03F0628551
:10A01000D8ED177AB8EE670AF6F76EFA2968204687
:10A0200032F0FEFD2046F6F7AFFA204632F050FE41
:10A030009A49204632F0F4FD2046F6F7A5FA20466C
:10A0400032F046FE3368012B03F03F85032B03F00B
:10A050003785002B03F02F8598ED120AB8EE400AE1
:10A06000FDF777BD8949204632F0DAFD2046F6F744
:10A070008BFA204632F02CFE3368012B04F040802E
:10A08000032B04F03880002B04F0308084492046F4
:10A0900032F0C6FD2046F6F777FA204632F018FE79
:10A0A0002968204632F0BCFD2046F6F76DFA2046BE
:10A0B00032F00EFE7749204632F0B2FD2046F6F728
:10A0C00063FA204632F004FE3368012B04F0098065
:10A0D000032B04F00180002B03F0F987D8ED047AFC
:10A0E000B8EE670AF6F708FA2968204632F098FDBC
:10A0F0002046F6F749FA204632F0EAFD6649204646
:10A1000032F08EFD2046F6F73FFA204632F0E0FDB1
:10A110003368012B03F0D687032B03F0CE87002B87
:10A1200004F02E81D8ED0E7AB8EE670AF6F7E4F95E
:10A130002968204632F074FD2046F6F725FA2046BD
:10A1400032F0C6FD5549204632F06AFD2046F6F74A
:10A150001BFA204632F0BCFD3368012B04F00B8162
:10A16000032B04F00381002B04F0FB8098ED090A17
:10A17000B8EE400AFDF7EDBC4449204632F050FDF0
:10A180002046F6F701FA204632F0A2FD3368012B93
:10A1900004F0E280032B04F0DA80002B04F0D2807C
:10A1A0004049204632F03CFD2046F6F7EDF92046C6
:10A1B00032F08EFD2968204632F032FD2046F6F757
:10A1C000E3F9204632F084FD3249204632F028FD82
:10A1D0002046F6F7D9F9204632F07AFD3368012B94
:10A1E00004F0AB80032B04F0A380002B04F09B80D1
:10A1F000D8ED037AB8EE670AF6F77EF929682046AB
:10A2000032F00EFD2046F6F7BFF9204632F060FD31
:10A210002149204632F004FD2046F6F7B5F92046E4
:10A2200032F056FD3368012B04F07880032B04F0E4
:10A230007080002B04F06880D8ED0D7AB8EE670AC4
:10A24000F6F75AF92968204632F0EAFC2046F6F77C
:10A250009BF9204632F03CFD1049204632F0E0FCEC
:10A260002046F6F791F9204632F032FD3368012B93
:10A2700004F04580032B04F03D80002B04F0358072
:10A2800098ED080AB8EE400AFDF763BCECC0040084
:10A2900054B804001CC1040034C1040004C104000B
:10A2A000DCDF04008CDF04009B4B1F683F1BE019C0
:10A2B00032F0DCFE04F8010B20AB9C42F7D11D21EB
:10A2C000964835F035FD00230A220699944832F06D
:10A2D000BFFA01AC924832F0A3FA9249204632F01C
:10A2E0009FFC2046F6F750F9204632F0F1FC336827
:10A2F000012B04F01182032B04F00982002B04F0DF
:10A3000001828949204632F08BFC2046F6F73CF961
:10A31000204632F0DDFC2968204632F081FC2046E0
:10A32000F6F732F9204632F0D3FC19217F4835F098
:10A33000FFFC00230A22D8F80810794832F088FA86
:10A340007B49204632F06CFC2046F6F71DF920468A
:10A3500032F0BEFC3368012B04F0CF81032B04F0F4
:10A36000C781002B04F0BF81D8ED027AB8EE670AEE
:10A37000F6F7C2F82968204632F052FC2046F6F77C
:10A3800003F9204632F0A4FC6A49204632F048FC2A
:10A390002046F6F7F9F8204632F09AFC3368012B94
:10A3A00004F09C81032B04F09481002B04F0EC80DA
:10A3B000D8ED0C7AB8EE670AF6F79EF829682046C1
:10A3C00032F02EFC2046F6F7DFF8204632F080FC13
:10A3D0005949204632F024FC2046F6F7D5F82046AD
:10A3E00032F076FC3368012B04F0C980032B04F0B3
:10A3F000C180002B04F0B98098ED070AB8EE400A3E
:10A40000FDF7A7BB4749204632F00AFC2046F6F785
:10A41000BBF8204632F05CFC3368012B03F0388730
:10A42000032B03F03087002B03F028874349204695
:10A4300032F0F6FB2046F6F7A7F8204632F048FC4B
:10A440002968204632F0ECFB2046F6F79DF82046BE
:10A4500032F03EFC3649204632F0E2FB2046F6F769
:10A4600093F8204632F034FC3368012B03F0018767
:10A47000032B03F0F986002B03F0F186D8ED017A67
:10A48000B8EE670AF6F738F82968204632F0C8FBBC
:10A490002046F6F779F8204632F01AFC2549204686
:10A4A00032F0BEFB2046F6F76FF8204632F010FC83
:10A4B0003368012B03F0CE86032B03F0C686002BF6
:10A4C00003F0A685D8ED0B7AB8EE670AF6F714F814
:10A4D0002968204632F0A4FB2046F6F755F82046BE
:10A4E00032F0F6FB1449204632F09AFB2046F6F78C
:10A4F0004BF8204632F0ECFB3368012B03F08385E8
:10A50000032B03F07B85002B03F0738598ED060A7F
:10A51000B8EE400AFDF71DBB2807FF1FC0C50400A9
:10A520002808FF1FECC0040020DF0400E0C5040081
:10A530001CC1040034C1040004C1040054B8040068
:10A54000AB49204632F06CFB2046F6F71DF820465A
:10A5500032F0BEFB3368012B03F0C286032B03F0FD
:10A56000BA86002B03F0B286A249204632F058FB8F
:10A570002046F6F709F8204632F0AAFB2968204663
:10A5800032F04EFB2046F5F7FFFF204632F0A0FBED
:10A590009949204632F044FB2046F5F7F5FF204666
:10A5A00032F096FB3368012B03F08B86032B03F00C
:10A5B0008386002B03F07B86D8ED047AB8EE670A19
:10A5C000F5F79AFF2968204632F02AFB2046F5F776
:10A5D000DBFF204632F07CFB8849204632F020FB2E
:10A5E0002046F5F7D1FF204632F072FB3368012B8D
:10A5F00003F05886032B03F05086002B03F0D4861B
:10A60000D8ED097AB8EE670AF5F776FF2968204693
:10A6100032F006FB2046F5F7B7FF204632F058FB34
:10A620007749204632F0FCFA2046F5F7ADFF204688
:10A6300032F04EFB3368012B03F0B186032B03F09D
:10A64000A986002B03F0A186D8ED0E7AB8EE670A32
:10A65000F5F752FF2968204632F0E2FA2046F5F776
:10A6600093FF204632F034FB6649204632F0D8FA98
:10A670002046F5F789FF204632F02AFB3368012B8C
:10A6800004F07C80032B04F07480002B03F08D8594
:10A6900098ED160AFDF75DBA5549204632F0C0FA2A
:10A6A0002046F5F771FF204632F012FB3368012B8C
:10A6B00003F0C685032B03F0BE85002B03F0B6859F
:10A6C0005149204632F0ACFA2046F5F75DFF2046AE
:10A6D00032F0FEFA2968204632F0A2FA2046F5F759
:10A6E00053FF204632F0F4FA4349204632F098FAFC
:10A6F0002046F5F749FF204632F0EAFA3368012B8D
:10A7000003F08F85032B03F08785002B03F07F85F3
:10A71000D8ED037AB8EE670AF5F7EEFE2968204611
:10A7200032F07EFA2046F5F72FFF204632F0D0FABD
:10A730003249204632F074FA2046F5F725FF2046CC
:10A7400032F0C6FA3368012B03F05C85032B03F06B
:10A750005485002B03F04C85D8ED087AB8EE670AD3
:10A76000F5F7CAFE2968204632F05AFA2046F5F776
:10A770000BFF204632F0ACFA2149204632F050FA65
:10A780002046F5F701FF204632F0A2FA3368012B8C
:10A7900003F02985032B03F02185002B03F0198595
:10A7A000D8ED0D7AB8EE670AF5F7A6FE29682046BF
:10A7B00032F036FA2046F5F7E7FE204632F088FA06
:10A7C0001049204632F02CFA2046F5F7DDFE2046EF
:10A7D00032F07EFA3368012B03F0F684032B03F08A
:10A7E000EE84002B03F0E68498ED150AFDF7B1B96D
:10A7F000ECC00400DCDF04001CC1040034C1040010
:10A8000004C10400ECC104008CDF04009A49204616
:10A8100032F006FA2046F5F7B7FE204632F058FA35
:10A820003368012B03F0A087032B03F09887002BDC
:10A8300003F090879149204632F0F2F92046F5F76F
:10A84000A3FE204632F044FA2968204632F0E8F9A7
:10A850002046F5F799FE204632F03AFA884920461C
:10A8600032F0DEF92046F5F78FFE204632F030FA5E
:10A870003368012B03F06987032B03F06187002BFA
:10A8800003F05987D8ED027AB8EE670AF5F734FE7F
:10A890002968204632F0C4F92046F5F775FE2046B7
:10A8A00032F016FA7749204632F0BAF92046F5F729
:10A8B0006BFE204632F00CFA3368012B03F036872A
:10A8C000032B03F02E87002B03F00E86D8ED077ABA
:10A8D000B8EE670AF5F710FE2968204632F0A0F9B5
:10A8E0002046F5F751FE204632F0F2F9664920463F
:10A8F00032F096F92046F5F747FE204632F0E8F9A7
:10A900003368012B03F0EB85032B03F0E385002B69
:10A9100003F0DB85D8ED0C7AB8EE670AF5F7ECFDAD
:10A920002968204632F07CF92046F5F72DFE2046B6
:10A9300032F0CEF95549204632F072F92046F5F74B
:10A9400023FE204632F0C4F93368012B03F0488718
:10A95000032B03F04087002B03F09B8398ED140A30
:10A96000FDF7F7B84449204632F05AF92046F5F78A
:10A970000BFE204632F0ACF93368012B03F0108453
:10A98000032B03F00884002B03F000844049204689
:10A9900032F046F92046F5F7F7FD204632F098F9F7
:10A9A0002968204632F03CF92046F5F7EDFD2046B7
:10A9B00032F08EF93249204632F032F92046F5F76E
:10A9C000E3FD204632F084F93368012B03F0D9838C
:10A9D000032B03F0D183002B03F0C983D8ED097A50
:10A9E000B8EE670AF5F788FD2968204632F018F9B5
:10A9F0002046F5F7C9FD204632F06AF92149204684
:10AA000032F00EF92046F5F7BFFD204632F060F92E
:10AA10003368012B03F0A683032B03F09E83002BE6
:10AA200003F09683D8ED0A7AB8EE670AF5F764FD6D
:10AA30002968204632F0F4F82046F5F7A5FD2046B7
:10AA400032F046F91049204632F0EAF82046F5F790
:10AA50009BFD204632F03CF93368012B03F07383F1
:10AA6000032B03F06B83002B03F0638398ED0F0A35
:10AA7000B8EE400AFDF76DB8ECC0040020DF04001A
:10AA80001CC1040034C1040004C10400ECC1040072
:10AA9000DCDF04008949204632F0C2F82046F5F791
:10AAA00073FD204632F014F93368012B03F00C8655
:10AAB000032B03F00486002B03F0FC85804920461D
:10AAC00032F0AEF82046F5F75FFD204632F000F98F
:10AAD0002968204632F0A4F82046F5F755FD2046B7
:10AAE00032F0F6F87749204632F09AF82046F5F72A
:10AAF0004BFD204632F0ECF83368012B03F0D5858E
:10AB0000032B03F0CD85002B03F0C585D8ED057A26
:10AB1000B8EE670AF5F7F0FC2968204632F080F8B5
:10AB20002046F5F731FD204632F0D2F8664920463E
:10AB300032F076F82046F5F727FD204632F0C8F8C7
:10AB40003368012B03F0A285032B03F09A85002BB9
:10AB500003F0EA82D8ED067AB8EE670AF5F7CCFC86
:10AB60002968204632F05CF82046F5F70DFD2046B6
:10AB700032F0AEF85549204632F052F82046F5F74B
:10AB800003FD204632F0A4F83368012B03F0C7829E
:10AB9000032B03F0BF82002B03F0B78298ED0D0A60
:10ABA000B8EE400AFCF7D5BF4449204632F038F8E9
:10ABB0002046F5F7E9FC204632F08AF83368012B8D
:10ABC00003F06282032B03F05A82002B03F05282BF
:10ABD0003F49204632F024F82046F5F7D5FC2046C0
:10ABE00032F076F82968204632F01AF82046F5F758
:10ABF000CBFC204632F06CF83249204632F010F897
:10AC00002046F5F7C1FC204632F062F83368012B8C
:10AC100003F02B82032B03F02382002B03F01B8213
:10AC2000D8ED037AB8EE670AF5F766FC2968204686
:10AC300031F0F6FF2046F5F7A7FC204632F048F841
:10AC40002149204631F0ECFF2046F5F79DFC2046D7
:10AC500032F03EF83368012B03F0F881032B03F048
:10AC6000F081002B03F0E881D8ED047AB8EE670A92
:10AC7000F5F742FC2968204631F0D2FF2046F5F76F
:10AC800083FC204632F024F81049204631F0C8FFFA
:10AC90002046F5F779FC204632F01AF83368012B8C
:10ACA00003F0C581032B03F0BD81002B03F0B581B8
:10ACB00098ED0C0AB8EE400AFCF74BBFECC004005C
:10ACC00020DF04001CC1040034C1040004C10400DE
:10ACD00054B80400C149204631F0A2FF2046F5F7E0
:10ACE00053FC204631F0F4FF3368012B03F06E85EE
:10ACF000032B03F06685002B03F05E85B8492046E0
:10AD000031F08EFF2046F5F73FFC204631F0E0FFA2
:10AD10002968204631F084FF2046F5F735FC2046AF
:10AD200031F0D6FFAF49204631F07AFF2046F5F7E3
:10AD30002BFC204631F0CCFF3368012B03F0378524
:10AD4000032B03F02F85002B03F02785D8ED0B7A1A
:10AD5000B8EE670AF5F7D0FB2968204631F060FFAE
:10AD60002046F5F711FC204631F0B2FF9E492046FF
:10AD700031F056FF2046F5F707FC204631F0A8FFDA
:10AD80003368012B03F00485032B03F0FC84002BB4
:10AD900003F05A83D8ED017AB8EE670AF5F7ACFBF9
:10ADA0002968204631F03CFF2046F5F7EDFB2046B0
:10ADB00031F08EFF8D49204631F032FF2046F5F705
:10ADC000E3FB204631F084FF3368012B03F0378327
:10ADD000032B03F02F83002B03F02783D8ED067A93
:10ADE000B8EE670AF5F788FB2968204631F018FFAE
:10ADF0002046F5F7C9FB204631F06AFF7C49204622
:10AE000031F00EFF2046F5F7BFFB204631F060FF22
:10AE10003368012B03F04781032B03F03F81002BA4
:10AE200003F0468198ED130AFCF793BE6B49204668
:10AE300031F0F6FE2046F5F7A7FB204631F048FF3B
:10AE40003368012B03F01884032B03F01084002BCC
:10AE500003F008846749204631F0E2FE2046F5F70A
:10AE600093FB204631F034FF2968204631F0D8FEAC
:10AE70002046F5F789FB204631F02AFF5949204644
:10AE800031F0CEFE2046F5F77FFB204631F020FF63
:10AE90003368012B03F0E183032B03F0D983002BEC
:10AEA00003F0D183D7ED097AB8EEE70AF5F724FB72
:10AEB0002968204631F0B4FE2046F5F765FB2046B0
:10AEC00031F006FF4849204631F0AAFE2046F5F74A
:10AED0005BFB204631F0FCFE3368012B03F0AE83B0
:10AEE000032B03F0A683002B03F06283D7ED047AD3
:10AEF000B8EEE70AF5F700FB2968204631F090FE2E
:10AF00002046F5F741FB204631F0E2FE3749204666
:10AF100031F086FE2046F5F737FB204631F0D8FEAB
:10AF20003368012B03F03F83032B03F03783002B9F
:10AF300003F02F83D7ED0E7AB8EEE70AF5F7DCFAC7
:10AF40002968204631F06CFE2046F5F71DFB2046AF
:10AF500031F0BEFE2849204631F062FE2046F5F76A
:10AF600013FB204631F0B4FE3368012B02F0C4809D
:10AF7000032B02F0BC80002B02F0B4807B6F002B0F
:10AF800041F030851D49204631F04AFE2046F5F754
:10AF9000FBFA204631F09CFE2968204631F040FE45
:10AFA0002046F5F7F1FA204631F092FE144920468A
:10AFB00031F036FE2046F5F7E7FA204631F088FEFC
:10AFC0003368012B01F02085032B01F01885002B3D
:10AFD00001F0108597ED1C0AFCF7BBBDECC0040026
:10AFE00054B8040004C104001CC1040034C10400AE
:10AFF000ECC10400DCDF04004CC1040064C10400A7
:10B000006CC10400D149204631F00AFE2046F5F714
:10B01000BBFA204631F05CFE3368012B03F0048359
:10B02000032B03F0FC82002B03F0F482C849204676
:10B0300031F0F6FD2046F5F7A7FA204631F048FE3C
:10B040002968204631F0ECFD2046F5F79DFA2046B0
:10B0500031F03EFEBF49204631F0E2FD2046F5F7D3
:10B0600093FA204631F034FE3368012B03F0CD8291
:10B07000032B03F0C582002B03F0BD82D7ED077AC6
:10B08000B8EEE70AF5F738FA2968204631F0C8FD2E
:10B090002046F5F779FA204631F01AFEAE492046EF
:10B0A00031F0BEFD2046F5F76FFA204631F010FE74
:10B0B0003368012B03F09A82032B03F09282002B5A
:10B0C00003F08A82D7ED027AB8EEE70AF5F714FAB0
:10B0D0002968204631F0A4FD2046F5F755FA2046B0
:10B0E00031F0F6FD9D49204631F09AFD2046F5F7F6
:10B0F0004BFA204631F0ECFD3368012B03F06782F8
:10B10000032B03F05F82002B03F05782D7ED0C7AFC
:10B1100012E70B21924834F00BFEB96D914831F0E3
:10B1200077FB904831F07CFB8849204631F078FD70
:10B130002046F5F729FA204631F0CAFD3368012B85
:10B1400003F00E82032B03F00682002B03F0FE8136
:10B150008549204631F064FD2046F5F715FA204672
:10B1600031F0B6FD2968204631F05AFD2046F5F74A
:10B170000BFA204631F0ACFD7649204631F050FD07
:10B180002046F5F701FA204631F0A2FD3368012B85
:10B1900003F0D781032B03F0CF81002B03F0C7818D
:10B1A000D7ED067AB8EEE70AF5F7A6F92968204642
:10B1B00031F036FD2046F5F7E7F9204631F088FDFD
:10B1C0006549204631F02CFD2046F5F7DDF9204693
:10B1D00031F07EFD3368012B03F0A481032B03F0D3
:10B1E0009C81002B03F09481D7ED017AB8EEE70A39
:10B1F000F5F782F92968204631F012FD2046F5F76F
:10B20000C3F9204631F064FD5449204631F008FD71
:10B210002046F5F7B9F9204631F05AFD3368012B85
:10B2200003F07181032B03F06981002B03F061812E
:10B23000D7ED0B7A80E64549204631F0F1FC2046F7
:10B24000F5F7A2F9204631F043FD3368012B03F0F6
:10B250003781032B03F02F81002B03F02781434913
:10B26000204631F0DDFC2046F5F78EF9204631F01E
:10B270002FFD2968204631F0D3FC2046F5F784F9EC
:10B28000204631F025FD3449204631F0C9FC2046E6
:10B29000F5F77AF9204631F01BFD3368012B03F0F6
:10B2A0000081032B03F0F880002B03F0F080D8ED31
:10B2B000077AB8EE670AF5F71FF92968204631F0DA
:10B2C000AFFC2046F5F760F9204631F001FD234937
:10B2D000204631F0A5FC2046F5F756F9204631F01E
:10B2E000F7FC3368012B03F0CD80032B03F0C580FE
:10B2F000002B03F0BD80D8ED087AB8EE670AF5F7A9
:10B30000FBF82968204631F08BFC2046F5F73CF924
:10B31000204631F0DDFC0F49204631F081FC20460B
:10B32000F5F732F9204631F0D3FC3368012B03F0F6
:10B330009A80032B03F09280002B03F08A8098ED13
:10B340000E0AB8EE400AFCF704BC00BFECC00400D3
:10B3500020DF040004C104001CC1040034C1040047
:10B36000E0C004002808FF1F54B804008CDF04006C
:10B370009949204631F054FC2046F5F705F920465E
:10B3800031F0A6FC3368012B03F04A80032B03F055
:10B390004280002B03F03A809049204631F040FC77
:10B3A0002046F5F7F1F8204631F092FC2968204656
:10B3B00031F036FC2046F5F7E7F8204631F088FCFE
:10B3C0008749204631F02CFC2046F5F7DDF8204671
:10B3D00031F07EFC3368012B03F01380032B03F064
:10B3E0000B80002B03F00380D7ED087AB8EEE70A54
:10B3F000F5F782F82968204631F012FC2046F5F76F
:10B40000C3F8204631F064FC7649204631F008FC50
:10B410002046F5F7B9F8204631F05AFC3368012B85
:10B4200002F0E087032B02F0D887002B02F0D087D0
:10B43000D7ED037AB8EEE70AF5F75EF829682046FB
:10B4400031F0EEFB2046F5F79FF8204631F040FC46
:10B450006549204631F0E4FB2046F5F795F8204693
:10B4600031F036FC3368012B02F0AD87032B02F07C
:10B47000A587002B02F09D87D7ED0D7A5CE504AC23
:10B480005A495B4E204631F0CBFB2046F5F77CF85D
:10B49000204631F01DFC3368012B03F03B83032B66
:10B4A00003F03383002B03F0FF815249524D2046B5
:10B4B00031F0B6FB2046F5F767F8204631F008FC7E
:10B4C0002968204631F0ACFB2046F5F75DF82046B0
:10B4D00031F0FEFB4949204631F0A2FB2046F5F74A
:10B4E00053F8204631F0F4FB3368012B03F0D78189
:10B4F000032B03F0CF81002B03F0C781D7ED097A2E
:10B50000B8EEE70AF4F7F8FF2968204631F088FB27
:10B510002046F5F739F8204631F0DAFB3849204665
:10B5200031F07EFB2046F5F72FF8204631F0D0FBB6
:10B530003368012B03F0A481032B03F09C81002BC3
:10B5400003F09481D7ED047AB8EEE70AF4F7D4FF5C
:10B550002968204631F064FB2046F5F715F82046AF
:10B5600031F0B6FB1C49204631F05AFB2046F5F776
:10B570000BF8204631F0ACFB3368012B03F07181EE
:10B58000032B03F09B81002B03F0938197ED0E0AB0
:10B59000B8EEC00AF4F7B0FF2968204631F040FB4E
:10B5A0002046F4F7F1FF204631F092FB1549204682
:10B5B00031F036FB2046F4F7E7FF204631F088FBF8
:10B5C0003368012B01F05C84032B01F05484002BC1
:10B5D00001F047840C4FD1E4ECC004008CDF040080
:10B5E00004C104001CC1040034C10400C8C004002C
:10B5F0006007FF1FDCDF04004C07FF1FB0C0040022
:10B6000098C004004CC104003411FF1F04ACCE49A3
:10B61000CE4E204631F004FB2046F4F7B5FF20461D
:10B6200031F056FB3368012B03F04C82032B03F0FF
:10B630004482002B03F03C82C549C64D204631F0C0
:10B64000EFFA2046F4F7A0FF204631F041FB2968CD
:10B65000204631F0E5FA2046F4F796FF204631F017
:10B6600037FBBD49204631F0DBFA2046F4F78CFF6A
:10B67000204631F02DFB3368012B03F01482032B9D
:10B6800003F00C82002B03F00482D7ED087AB8EEA9
:10B69000E70AF4F731FF2968204631F0C1FA204665
:10B6A000F4F772FF204631F013FBAC49204631F02D
:10B6B000B7FA2046F4F768FF204631F009FB3368FB
:10B6C000012B03F0E181032B03F0D981002B03F060
:10B6D0004581D7ED037AB8EEE70AF4F70DFF296844
:10B6E000204631F09DFA2046F4F74EFF204631F017
:10B6F000EFFA9B49204631F093FA2046F4F744FFD5
:10B70000204631F0E5FA3368012B03F02281032B48
:10B7100003F01A81002B03F0128197ED0D0A37E731
:10B7200004AC8949894E204631F07AFA2046F4F774
:10B730002BFF204631F0CCFA3368012B03F0FA805E
:10B74000032B03F0F280002B03F0EA808549814D42
:10B75000204631F065FA2046F4F716FF204631F016
:10B76000B7FA2968204631F05BFA2046F4F70CFF5F
:10B77000204631F0ADFA7849204631F051FA2046A2
:10B78000F4F702FF204631F0A3FA3368012B03F0EF
:10B79000C280032B03F0BA80002B03F0B280D7EDF8
:10B7A000077AB8EEE70AF4F7A7FE2968204631F0D9
:10B7B00037FA2046F4F7E8FE204631F089FA674967
:10B7C000204631F02DFA2046F4F7DEFE204631F017
:10B7D0007FFA3368012B03F08F80032B03F08780FF
:10B7E000002B03F07F80D7ED027AB8EEE70AF4F77A
:10B7F00083FE2968204631F013FA2046F4F7C4FE90
:10B80000204631F065FA5649204631F009FA2046C3
:10B81000F4F7BAFE204631F05BFA3368012B03F0EF
:10B820005C80032B03F05480002B03F04C8097EDD9
:10B830000C0AADE604AC4449444E204631F0F0F920
:10B840002046F4F7A1FE204631F042FA3368012B7E
:10B8500003F0FC80032B03F0F480002B03F0EC805A
:10B8600041493C4D204631F0DBF92046F4F78CFE8F
:10B87000204631F02DFA2968204631F0D1F92046D2
:10B88000F4F782FE204631F023FA3349204631F0A6
:10B89000C7F92046F4F778FE204631F019FA3368EC
:10B8A000012B03F0C480032B03F0BC80002B03F0BA
:10B8B000B480D7ED067AB8EEE70AF4F71DFE2968E2
:10B8C000204631F0ADF92046F4F75EFE204631F017
:10B8D000FFF92249204631F0A3F92046F4F754FE3F
:10B8E000204631F0F5F93368012B03F09180032BEA
:10B8F00003F08980002B03F08180D7ED017AB8EE48
:10B90000E70AF4F7F9FD2968204631F089F9204665
:10B91000F4F73AFE204631F0DBF91149204631F0C8
:10B920007FF92046F4F730FE204631F0D1F9336834
:10B93000012B03F05E80032B03F05680002B03F0F5
:10B940004E8097ED0B0A23E6C8C004006007FF1F76
:10B950008CDF04004C07FF1FB0C0040098C0040037
:10B96000ECC0040020DF040054B8040004ACCE494D
:10B97000CE4E204631F054F92046F4F705FE20461D
:10B9800031F0A6F93368012B03F02480032B03F078
:10B990001C80002B03F01480C549C64D204631F0B1
:10B9A0003FF92046F4F7F0FD204631F091F929687F
:10B9B000204631F035F92046F4F7E6FD204631F017
:10B9C00087F9BD49204631F02BF92046F4F7DCFD1C
:10B9D000204631F07DF93368012B02F0EC87032B10
:10B9E00002F0E487002B02F0DC87D7ED0A7AB8EE8C
:10B9F000E70AF4F781FD2968204631F011F9204665
:10BA0000F4F7C2FD204631F063F9AC49204631F02D
:10BA100007F92046F4F7B8FD204631F059F93368AC
:10BA2000012B02F0B987032B02F0B187002B02F043
:10BA3000EB86D7ED007AB8EEE70AF4F75DFD2968EA
:10BA4000204631F0EDF82046F4F79EFD204631F017
:10BA50003FF99B49204631F0E3F82046F4F794FD86
:10BA6000204631F035F93368012B02F0C886032BEC
:10BA700002F0C086002B02F0B88697ED050A87E534
:10BA80009049204631F0CCF82046F4F77DFD204661
:10BA900031F01EF93368012B03F05080032B03F0C3
:10BAA0004880002B03F05E808749204631F0B8F8CB
:10BAB0002046F4F769FD204631F00AF9296820464E
:10BAC00031F0AEF82046F4F75FFD204631F000F982
:10BAD0007E49204631F0A4F82046F4F755FD204673
:10BAE00031F0F6F83368012B03F03780032B03F0B5
:10BAF0002F80002B03F02780DFF8E481D8F8003096
:10BB0000002B3BF47AAF7249FBF778BF6D492046B2
:10BB100031F086F82046F4F737FD204631F0D8F8AA
:10BB20003368012B02F0EC87032B02F0E487002B33
:10BB300002F0DC876749204631F072F82046F4F7BE
:10BB400023FD204631F0C4F82968204631F068F81A
:10BB50002046F4F719FD204631F0BAF85B4920463B
:10BB600031F05EF82046F4F70FFD204631F0B0F8D2
:10BB70003368012B02F0B587032B02F0AD87002B51
:10BB800002F0A587DFF85C81D8F80030002BBAD12D
:10BB9000FBF733BF4B49204631F042F82046F4F71B
:10BBA000F3FC204631F094F83368012B02F0EA866A
:10BBB000032B02F0E286002B02F0DA86464920468B
:10BBC00031F02EF82046F4F7DFFC204631F080F803
:10BBD0002968204631F024F82046F4F7D5FC2046A9
:10BBE00031F076F83949204631F01AF82046F4F75A
:10BBF000CBFC204631F06CF83368012B02F0B386A1
:10BC0000032B02F00B86002B02F00386DFF8D880AE
:10BC1000D8F80030002B7FF476AFFBF7EEBE294951
:10BC2000204630F0FDFF2046F4F7AEFC204631F010
:10BC30004FF83368012B02F01D87032B02F01587A4
:10BC4000002B02F00D872549204630F0E9FF204601
:10BC5000F4F79AFC204631F03BF82968204630F092
:10BC6000DFFF2046F4F790FC204631F031F8174909
:10BC7000204630F0D5FF2046F4F786FC204631F010
:10BC800027F83368012B02F0E686032B02F04C877D
:10BC9000002B02F04487DFF85480D8F80030002BE6
:10BCA0007FF431AFFBF7A9BEC8C004006007FF1FD7
:10BCB00070D004004C07FF1FECC0040098C00400C3
:10BCC000B0C0040004C104004CD004001CC1040036
:10BCD00068C50400F8D5040004EC0400F0D00400AA
:10BCE000E010FF1FD010FF1FC010FF1FB010FF1F7C
:10BCF000AB49204630F094FF2046F4F745FC20463F
:10BD000030F0E6FF3368012B02F04A87032B02F084
:10BD10004287002B02F04987A249204630F080FF7D
:10BD20002046F4F731FC204630F0D2FF2968204647
:10BD300030F076FF2046F4F727FC204630F0C8FFAD
:10BD4000D8F80030013B032B3BF60FAF01A252F8AD
:10BD500023F000BF519F0000019E0000ED9C0000F9
:10BD6000D99B00008E49204630F05AFF2046F4F758
:10BD70000BFC204630F0ACFF3368012B02F0FC8650
:10BD8000032B02F0F486002B02F02D878649C4E7CE
:10BD90008349204630F044FF2046F4F7F5FB204667
:10BDA00030F096FF3368012B02F02C87032B02F052
:10BDB0002487002B02F01C877C49AEE77849204697
:10BDC00030F02EFF2046F4F7DFFB204630F080FFF6
:10BDD0003368012B02F02087032B02F01887002B19
:10BDE00002F0ED86724998E76D49204630F018FF61
:10BDF0002046F4F7C9FB204630F06AFF3368012B78
:10BE000002F0EC86032B02F0E486002B02F0DC86C5
:10BE1000684982E76249204630F002FF2046F4F785
:10BE2000B3FB204630F054FF3368012B02F0AE869E
:10BE3000032B02F0A686002B02F0BC865E496CE75D
:10BE400004AC5E495E4E204630F0EAFE2046F4F730
:10BE50009BFB204630F03CFF3368012B02F0A487A7
:10BE6000032B02F09C87002B02F094875549564D16
:10BE7000204630F0D5FE2046F4F786FB204630F011
:10BE800027FF2968204630F0CBFE2046F4F77CFBE4
:10BE9000204630F01DFF4D49204630F0C1FE2046BF
:10BEA000F4F772FB204630F013FF3368012B02F0E9
:10BEB0006C87032B02F06487002B02F05C87D7EDC0
:10BEC0000A7AB8EE670AF4F717FB2968204630F0C3
:10BED000A7FE2046F4F758FB204630F0F9FE3C4917
:10BEE000204630F09DFE2046F4F74EFB204630F011
:10BEF000EFFE3368012B02F03987032B02F0318704
:10BF0000002B02F02987D7ED0B7AB8EE670AF4F719
:10BF1000F3FA2968204630F083FE2046F4F734FB1C
:10BF2000204630F0D5FE2B49204630F079FE2046E1
:10BF3000F4F72AFB204630F0CBFE3368012B02F0E9
:10BF40000687032B02F0FE86002B02F0F686D7ED63
:10BF50000C7AB8EE670AF4F7CFFA2968204630F079
:10BF60005FFE2046F4F710FB204630F0B1FE1A4980
:10BF7000204630F055FE2046F4F706FB204630F010
:10BF8000A7FE3368012B02F05186032B02F049868D
:10BF9000002B02F00E8797ED140AFBF7DABD00BF05
:10BFA00004C2040010C6040004C60400FCC504005A
:10BFB00000C604000CC6040008C60400C8C0040083
:10BFC0006007FF1FA8C504004C07FF1FB0C0040096
:10BFD000ECC0040098C0040004C1040004ACAE49E5
:10BFE000AE4E204630F01CFE2046F4F7CDFA204637
:10BFF00030F06EFE3368012B02F02687032B02F02F
:10C000001E87002B02F01687A549A64D204630F06A
:10C0100007FE2046F4F7B8FA204630F059FE2968AA
:10C02000204630F0FDFD2046F4F7AEFA204630F011
:10C030004FFE9D49204630F0F3FD2046F4F7A4FA68
:10C04000204630F045FE3368012B02F0EE86032BCC
:10C0500002F0E686002B02F0DE86D7ED047AB8EE19
:10C06000670AF4F749FA2968204630F0D9FD2046DE
:10C07000F4F78AFA204630F02BFE8C49204630F047
:10C08000CFFD2046F4F780FA204630F021FE3368D9
:10C09000012B02F0BB86032B02F0B386002B02F0CB
:10C0A000AB86D7ED057AB8EE670AF4F725FA29686A
:10C0B000204630F0B5FD2046F4F766FA204630F011
:10C0C00007FE7B49204630F0ABFD2046F4F75CFAD2
:10C0D000204630F0FDFD3368012B02F08886032BEB
:10C0E00002F08086002B02F07886D7ED067AB8EE53
:10C0F000670AF4F701FA2968204630F091FD2046DE
:10C10000F4F742FA204630F0E3FD6A49204630F069
:10C1100087FD2046F4F738FA204630F0D9FD336821
:10C12000012B02F05586032B02F04D86002B02F006
:10C13000458697ED120AFBF70CBD04AC5649574EE5
:10C14000204630F06DFD2046F4F71EFA204630F010
:10C15000BFFD3368012B02F0B787032B02F0AF87D6
:10C16000002B02F0A78754494E4D204630F058FD71
:10C170002046F4F709FA204630F0AAFD2968204647
:10C1800030F04EFD2046F4F7FFF9204630F0A0FDD8
:10C190004549204630F044FD2046F4F7F5F92046A5
:10C1A00030F096FD3368012B02F07F87032B02F0FD
:10C1B0007787002B02F06F87D7ED017AB8EE670A18
:10C1C000F4F79AF92968204630F02AFD2046F4F762
:10C1D000DBF9204630F07CFD3449204630F020FD6C
:10C1E0002046F4F7D1F9204630F072FD3368012B78
:10C1F00002F04C87032B02F04487002B02F03E85AF
:10C20000D7ED027AB8EE670AF4F776F92968204686
:10C2100030F006FD2046F4F7B7F9204630F058FD1F
:10C220002349204630F0FCFC2046F4F7ADF92046C7
:10C2300030F04EFD3368012B02F01B85032B02F01A
:10C240001385002B02F00B85D7ED037AB8EE670A51
:10C25000F4F752F92968204630F0E2FC2046F4F762
:10C2600093F9204630F034FD1249204630F0D8FCD6
:10C270002046F4F789F9204630F02AFD3368012B77
:10C2800002F08C86032B02F08486002B02F0FB84E4
:10C2900097ED110AFBF75DBCC8C004006007FF1FE3
:10C2A0008CC504004C07FF1FB0C00400ECC00400A4
:10C2B00098C0040004C1040084C5040004ACAE4965
:10C2C000AE4E204630F0ACFC2046F4F75DF9204637
:10C2D00030F0FEFC3368012B02F07E86032B02F067
:10C2E0007686002B02F06E86A549A64D204630F0DA
:10C2F00097FC2046F4F748F9204630F0E9FC29681D
:10C30000204630F08DFC2046F4F73EF9204630F010
:10C31000DFFC9D49204630F083FC2046F4F734F9D9
:10C32000204630F0D5FC3368012B02F04686032B03
:10C3300002F02A86002B02F02286D7ED0A7AB8EEA8
:10C34000670AF4F7D9F82968204630F069FC2046DE
:10C35000F4F71AF9204630F0BBFC8C49204630F047
:10C360005FFC2046F4F710F9204630F0B1FC33684A
:10C37000012B02F0FF85032B02F0F785002B02F062
:10C38000EF85D7ED0B7AB8EE670AF4F7B5F82968B0
:10C39000204630F045FC2046F4F7F6F8204630F011
:10C3A00097FC7B49204630F03BFC2046F4F7ECF844
:10C3B000204630F08DFC3368012B02F0CC85032B36
:10C3C00002F0C485002B02F0BC85D7ED0C7AB8EEE4
:10C3D000670AF4F791F82968204630F021FC2046DE
:10C3E000F4F7D2F8204630F073FC6A49204630F06A
:10C3F00017FC2046F4F7C8F8204630F069FC336893
:10C40000012B02F0D585032B02F0CD85002B02F025
:10C41000108697ED100AFBF79CBB04AC5649574EAB
:10C42000204630F0FDFB2046F4F7AEF8204630F011
:10C430004FFC3368012B02F07F85032B02F07785D8
:10C44000002B02F06F8554494E4D204630F0E8FB3A
:10C450002046F4F799F8204630F03AFC2968204647
:10C4600030F0DEFB2046F4F78FF8204630F030FC49
:10C470004549204630F0D4FB2046F4F785F82046A5
:10C4800030F026FC3368012B02F04785032B02F0C5
:10C490003F85002B02F03785D7ED047AB8EE670AA6
:10C4A000F4F72AF82968204630F0BAFB2046F4F762
:10C4B0006BF8204630F00CFC3449204630F0B0FBDD
:10C4C0002046F4F761F8204630F002FC3368012B77
:10C4D00002F01485032B02F00C85002B02F0CC85B2
:10C4E000D7ED057AB8EE670AF4F706F82968204612
:10C4F00030F096FB2046F4F747F8204630F0E8FB92
:10C500002349204630F08CFB2046F4F73DF82046C6
:10C5100030F0DEFB3368012B02F0A985032B02F01B
:10C52000A185002B02F09985D7ED067AB8EE670A4F
:10C53000F3F7E2FF2968204630F072FB2046F4F75B
:10C5400023F8204630F0C4FB1249204630F068FB47
:10C550002046F4F719F8204630F0BAFB3368012B77
:10C5600002F07685032B02F06E85002B02F06685C3
:10C5700097ED0E0AFBF7EDBAC8C004006007FF1F75
:10C58000A0C504004C07FF1FB0C00400ECC00400AD
:10C5900098C0040004C1040088C5040004ACAE497E
:10C5A000AE4E204630F03CFB2046F3F7EDFF204630
:10C5B00030F08EFB3368012B02F09684032B02F0DF
:10C5C0008E84002B02F08684A549A64D204630F0CB
:10C5D00027FB2046F3F7D8FF204630F079FB296887
:10C5E000204630F01DFB2046F3F7CEFF204630F00A
:10C5F0006FFB9D49204630F013FB2046F3F7C4FF44
:10C60000204630F065FB3368012B02F05E84032B7B
:10C6100002F05684002B02F04E84D7ED017AB8EE7A
:10C62000670AF3F769FF2968204630F0F9FA2046D7
:10C63000F3F7AAFF204630F04BFB8C49204630F040
:10C64000EFFA2046F3F7A0FF204630F041FB3368B5
:10C65000012B02F02B84032B02F02384002B02F029
:10C660001B84D7ED027AB8EE670AF3F745FF296815
:10C67000204630F0D5FA2046F3F786FF204630F00A
:10C6800027FB7B49204630F0CBFA2046F3F77CFFAE
:10C69000204630F01DFB3368012B02F0F883032B9A
:10C6A00002F0F083002B02F0E883D7ED037AB8EEB6
:10C6B000670AF3F721FF2968204630F0B1FA2046D7
:10C6C000F3F762FF204630F003FB6A49204630F062
:10C6D000A7FA2046F3F758FF204630F0F9FA3368FE
:10C6E000012B02F0C583032B02F0BD83002B02F067
:10C6F000B58397ED0D0AFBF72CBA04AC5649574E9B
:10C70000204630F08DFA2046F3F73EFF204630F009
:10C71000DFFA3368012B02F00183032B02F0F98268
:10C72000002B02F0F18254494E4D204630F078FA49
:10C730002046F3F729FF204630F0CAFA2968204640
:10C7400030F06EFA2046F3F71FFF204630F0C0FAB3
:10C750004549204630F064FA2046F3F715FF20469D
:10C7600030F0B6FA3368012B02F0C982032B02F0D5
:10C77000C182002B02F0B982D7ED077AB8EE670AC2
:10C78000F3F7BAFE2968204630F04AFA2046F3F75C
:10C79000FBFE204630F09CFA3449204630F040FA47
:10C7A0002046F3F7F1FE204630F092FA3368012B71
:10C7B00002F09682032B02F08E82002B02F086821A
:10C7C000D7ED087AB8EE670AF3F796FE2968204697
:10C7D00030F026FA2046F3F7D7FE204630F078FAFC
:10C7E0002349204630F01CFA2046F3F7CDFE2046C0
:10C7F00030F06EFA3368012B02F06382032B02F0F3
:10C800005B82002B02F05382D7ED097AB8EE670AFB
:10C81000F3F772FE2968204630F002FA2046F3F75B
:10C82000B3FE204630F054FA1249204630F0F8F9B1
:10C830002046F3F7A9FE204630F04AFA3368012B70
:10C8400002F03082032B02F02882002B02F02082BB
:10C8500097ED130AFBF77DB9C8C004006007FF1FFE
:10C8600080C504004C07FF1FB0C00400ECC00400EA
:10C8700098C0040004C1040098C5040004ACD34966
:10C88000D34E204630F0CCF92046F3F77DFE20460B
:10C8900030F01EFA3368012B02F0C683032B02F03E
:10C8A000BE83002B02F0B683CA49CB4D204630F040
:10C8B000B7F92046F3F768FE204630F009FA2968F8
:10C8C000204630F0ADF92046F3F75EFE204630F00A
:10C8D000FFF9C249204630F0A3F92046F3F754FE91
:10C8E000204630F0F5F93368012B02F08E83032BDC
:10C8F00002F08683002B02F07E83D7ED077AB8EE34
:10C90000670AF3F7F9FD2968204630F089F92046D7
:10C91000F3F73AFE204630F0DBF9B149204630F01B
:10C920007FF92046F3F730FE204630F0D1F9336826
:10C93000012B02F05B83032B02F05383002B02F0E8
:10C940008981D7ED087AB8EE670AF3F7D5FD296833
:10C95000204630F065F92046F3F716FE204630F009
:10C96000B7F9A049204630F05BF92046F3F70CFEFA
:10C97000204630F0ADF93368012B02F06681032BBD
:10C9800002F05E81002B02F05681D7ED097AB8EEF5
:10C99000670AF3F7B1FD2968204630F041F92046D7
:10C9A000F3F7F2FD204630F093F98F49204630F03E
:10C9B00037F92046F3F7E8FD204630F089F933686F
:10C9C000012B02F0B581032B02F0AD81002B02F0A8
:10C9D000408297ED0F0AFBF7BCB8312B3CF4AAA9B3
:10C9E000FCF7D0B98149FEF7CEBA312B3BF447A80A
:10C9F000FBF76DB8222033F01FFAFEF7EBBA2220C6
:10CA000032F06EFAFEF7E6BA222031F07FF9FEF737
:10CA1000E1BA3B6D012B0CBF75497649FBF74CBF62
:10CA2000FB6C012B0CBF72497249FBF7B3BD724915
:10CA3000204630F0F5F82046F3F7A6FD204630F00A
:10CA400047F93368012B01F0EE81032B01F0E681F9
:10CA5000002B01F0DE816949FDF781B86849204665
:10CA600030F0DEF82046F3F78FFD204630F030F945
:10CA70003368012B01F0AF81032B01F0A781002B5C
:10CA800001F09F815D49204630F0CAF82046F3F757
:10CA90007BFD204630F01CF92968204630F0C0F8B4
:10CAA0002046F3F771FD204630F012F95549204633
:10CAB00030F0B6F82046F3F767FD204630F008F96D
:10CAC0003368012B01F07881032B01F07081002B7A
:10CAD00001F06881D8ED107AB8EE670AF3F70CFD23
:10CAE0002968204630F09CF82046F3F74DFD20469B
:10CAF00030F0EEF84449204630F092F82046F3F743
:10CB000043FD204630F0E4F83368012B01F0458105
:10CB1000032B01F03D81002B01F0358198ED140AC3
:10CB2000F3F7EAFC2968204630F07AF82046F3F75C
:10CB30002BFD204630F0CCF82F49204630F070F81D
:10CB40002046F3F721FD204630F0C2F83368012B70
:10CB500001F01481032B01F00C81002B01F0048102
:10CB600098ED130AFCF778BB2549204630F058F8B9
:10CB70002046F3F709FD204630F0AAF83368012B70
:10CB800001F08480032B01F07C80002B01F0D38026
:10CB90001E49FCF7E4B81849204630F041F8204619
:10CBA000F3F7F2FC204630F093F83368012B01F0E4
:10CBB0008180032B01F07980002B01F071800F49F7
:10CBC000FCF7A6BC0D49FCF7ABBF00BFC8C0040012
:10CBD0006007FF1F90C504004C07FF1FB0C0040092
:10CBE000ECC0040098C0040004C1040068C1040043
:10CBF0009CC10400A0C10400ECC10400B0C5040045
:10CC000084C10400BCC10400D4C1040054C20400A7
:10CC1000E649204630F004F82046F3F7B5FC2046FC
:10CC200030F056F83368012B01F00C81032B01F032
:10CC30000481002B01F0FC80DD49FCF7F4BDDD49E7
:10CC400020462FF0EDFF2046F3F79EFC204630F003
:10CC50003FF83368012B01F00481032B01F0FC80C5
:10CC6000002B01F00381D449FAF71EBF222032F0D5
:10CC700037F9FCF731BA222032F032F9FAF73BBF2C
:10CC8000222031F043F8FAF736BF222031F03EF887
:10CC9000FCF722BA222033F0CFF8FBF734BE222073
:10CCA00032F01EF9FBF72FBE222032F019F9FCF703
:10CCB000E0BE222031F02AF8FCF7DBBE222031F062
:10CCC00025F8FBF74EB8222033F0B6F8FBF725B86D
:10CCD000222032F005F9FBF720B8222031F016F8B7
:10CCE000FBF71BB8222031F011F8FBF7DBBD222047
:10CCF00033F0A2F8FBF7B4BD222032F0F1F8FBF7D5
:10CD0000AFBD222031F002F8FBF7AABD04ACAB495D
:10CD1000AB4E20462FF084FF2046F3F735FC20462B
:10CD20002FF0D6FF3368012B01F05E81032B01F059
:10CD30005681002B01F04E81A249A34D20462FF0D1
:10CD40006FFF2046F3F720FC20462FF0C1FF296833
:10CD500020462FF065FF2046F3F716FC20462FF003
:10CD6000B7FF2A21994832F0E3FF00230A227969AC
:10CD700097482FF06DFD96482FF052FD95492046BB
:10CD80002FF04EFF2046F3F7FFFB20462FF0A0FFC9
:10CD90003368012B01F01981032B01F01181002B65
:10CDA00001F00981D7ED057AB8EE670AF3F7A4FB25
:10CDB000296820462FF034FF2046F3F7E5FB204694
:10CDC0002FF086FF844920462FF02AFF2046F3F7F4
:10CDD000DBFB20462FF07CFF3368012B01F0E6805F
:10CDE000032B01F0DE80002B01F0D680D7ED027A14
:10CDF000B8EE670AF3F780FB296820462FF010FF92
:10CE00002046F3F7C1FB20462FF062FF734920460E
:10CE10002FF006FF2046F3F7B7FB20462FF058FF10
:10CE20003368012B01F0B380032B01F0AB80002BA2
:10CE300001F0A380D7ED087AB8EE670AF3F75CFB40
:10CE4000296820462FF0ECFE2046F3F79DFB204694
:10CE50002FF03EFFFBF744BE222032F0EDFFFCF73F
:10CE600000BB222032F0E8FFFEF7B4BB222032F0F4
:10CE7000E3FFFBF7E6BD222032F032F8FEF7AABB53
:10CE8000222030F043FFFEF7A5BB222032F0D4FF72
:10CE9000FBF708BD222032F023F8FBF703BD222068
:10CEA00032F01EF8FCF751BA222030F02FFFFCF7C9
:10CEB0004CBA222032F0C0FFFCF723BA222032F015
:10CEC0000FF8FCF71EBA222030F020FFFCF719BA49
:10CED000222032F0B1FFFCF7EDB9222032F000F849
:10CEE000FCF7E8B9222030F011FFFCF7E3B922206B
:10CEF00030F00CFFFCF757BD222032F09DFFFCF70D
:10CF00002EBD222031F0ECFFFCF729BD222030F0AD
:10CF1000FDFEFCF724BD222032F08EFFFCF7FBBCA7
:10CF2000222031F0DDFFFCF7F6BC222030F0EEFECF
:10CF3000FCF7F1BC222032F07FFFFCF7C5BC2220B9
:10CF400032F07AFFFCF711BC222031F0C9FFFCF768
:10CF50000CBC222030F0DAFEFCF707BC222032F0B5
:10CF60006BFFFCF7E0BB222031F0BAFFFCF7ACBC52
:10CF7000222030F0CBFEFCF7A7BC222030F0C6FE0A
:10CF8000B8F1000F3AF4A1AEFCF7BCBD222032F09C
:10CF900053FFFAF774BE222032F04EFFFBF7B0BE0B
:10CFA000222031F09DFFFBF7ABBE00BF04C204009E
:10CFB00014C6040084C1040070C50400C8C0040085
:10CFC0006007FF1F70D004004C07FF1F30C504002E
:10CFD0002808FF1F98C00400B0C00400ECC0040083
:10CFE000222032F029FFFBF7F6BB222031F078FF38
:10CFF000FBF7F1BB222030F089FEFBF7ECBB2220CF
:10D0000032F01AFFFBF7C3BB222031F069FFFBF7B8
:10D01000BEBB222030F07AFEFBF7B9BB222032F0F3
:10D020000BFFFBF790BB222031F05AFFFBF78BBBC5
:10D03000222030F06BFEFBF786BB222032F0FCFE94
:10D04000FBF75DBB222031F04BFFFBF758BB2220E2
:10D0500030F05CFEFBF753BB222032F0EDFEFBF715
:10D06000FDBA222031F03CFFFBF7F8BA222030F065
:10D070004DFEFBF7F3BA222032F0DEFEFBF7CABA10
:10D08000222030F043FEFBF73BBE222030F03EFE74
:10D09000FCF714BA222032F0CFFEFCF70FBA2220A0
:10D0A00031F01EFFFCF70ABA222030F02FFEFCF709
:10D0B0008CBB222030F02AFEFCF780BA222031F00F
:10D0C0000FFFFCF7CEB9222030F020FEFCF7C9B9E3
:10D0D000222032F0B1FEFCF7A2B9222031F000FF8D
:10D0E000FCF79DB9222032F0A7FEFDF747BF2220B2
:10D0F00031F0F6FEFDF742BF222030F007FEFDF7CB
:10D100003DBF222031F0ECFEFBF79BBC222030F02B
:10D11000FDFDFBF796BC222032F08EFEFBF76DBCC6
:10D12000222031F0DDFEFBF768BC222032F084FEC5
:10D13000FBF7B9BD222031F0D3FEFBF7B4BD2220AE
:10D1400030F0E4FDFBF7AFBD222032F075FEFBF7B7
:10D1500086BD222031F0C4FEFBF796BE222030F0BF
:10D16000D5FDFBF791BE222032F066FEFBF740BEF4
:10D17000222031F0B5FEFBF73BBE222032F05CFEF0
:10D18000FCF777BC222032F057FEFCF79EBC222031
:10D1900031F0A6FEFCF799BC222030F0B7FDFCF779
:10D1A00094BC222032F048FEFCF741BC222031F032
:10D1B00097FEFCF73CBC222030F0A8FDFCF737BC02
:10D1C000222032F039FEFCF710BC222031F088FE1C
:10D1D000FCF70BBC222030F099FDFCF706BC2220A6
:10D1E00032F02AFEFCF7DFBB222031F079FEFCF79B
:10D1F000DABB222030F08AFDFBF7FABD222032F0A4
:10D200001BFEFBF7D3BD222031F06AFEFBF7CEBD3B
:10D21000222030F07BFDFBF7C9BD222031F060FEFB
:10D22000FAF72DBD222030F071FDFAF728BD22203B
:10D2300032F002FEFAF7F7BC222031F051FEFAF785
:10D24000F2BC222030F062FDFAF7EDBC222032F071
:10D25000F3FDFAF7BFBC222031F042FEFAF7BABC68
:10D26000222030F053FDFAF7B5BC222030F04EFDFD
:10D27000FBF7C3BB222032F0DFFDFBF799BB222076
:10D2800031F02EFEFBF794BB222030F03FFDFBF780
:10D290008FBB222031F024FEB8F1000F3AF415AD17
:10D2A000FCF730BC04ACE149E14E20462FF0B8FC5D
:10D2B0002046F3F769F920462FF00AFD3368012B69
:10D2C00000F0F285032B00F0EA85002B00F0E285E8
:10D2D000D849D94D20462FF0A3FC2046F3F754F946
:10D2E00020462FF0F5FC296820462FF099FC2046B7
:10D2F000F3F74AF920462FF0EBFCD04920462FF0F7
:10D300008FFC2046F3F740F920462FF0E1FC33680C
:10D31000012B00F0BA85032B00F0EE85002B00F006
:10D32000E685D7ED077AB8EE670AF3F7E5F82968DE
:10D3300020462FF075FC2046F3F726F920462FF003
:10D34000C7FCBF4920462FF06BFC2046F3F71CF9C1
:10D3500020462FF0BDFC3368012B00F0C385032B62
:10D3600000F0BB85002B00F0B385D7ED047AB8EE52
:10D37000670AF3F7C1F8296820462FF051FC2046D0
:10D38000F3F702F920462FF0A3FCAE4920462FF018
:10D3900047FC2046F3F7F8F820462FF099FC336855
:10D3A000012B00F09085032B00F08885002B00F006
:10D3B0008085D7ED0A7A3FE504AC9C499C4E204617
:10D3C0002FF02EFC2046F3F7DFF820462FF080FCEC
:10D3D0003368012B00F0CC85032B00F0C485002BB3
:10D3E00000F0BC859849944D20462FF019FC20464A
:10D3F000F3F7CAF820462FF06BFC296820462FF07F
:10D400000FFC2046F3F7C0F820462FF061FC8B4953
:10D4100020462FF005FC2046F3F7B6F820462FF003
:10D4200057FC3368012B00F09485032B00F08C85AA
:10D43000002B00F08485D7ED067AB8EE670AF3F783
:10D440005BF8296820462FF0EBFB2046F3F79CF8A9
:10D4500020462FF03DFC7A4920462FF0E1FB204684
:10D46000F3F792F820462FF033FC3368012B00F0DD
:10D470006185032B00F05985002B00F05185D7ED15
:10D48000037AB8EE670AF3F737F8296820462FF0D9
:10D49000C7FB2046F3F778F820462FF019FC6949BE
:10D4A00020462FF0BDFB2046F3F76EF820462FF004
:10D4B0000FFC3368012B00F02E85032B00F026852E
:10D4C000002B00F01E85D7ED097AB5E4222032F05A
:10D4D000B3FCFBF78EBD222031F002FDFBF789BDC6
:10D4E000222030F013FCFBF784BD222032F0A4FC94
:10D4F000FBF75DBD222030F009FCFBF734BD222094
:10D5000032F09AFCFBF70BBD222031F0E9FCFBF76F
:10D5100006BD222030F0FAFBFBF701BD222032F0DD
:10D520008BFCFBF7D8BC222031F0DAFCFBF7D3BC34
:10D53000222030F0EBFBFBF7CEBC222032F07CFC4B
:10D54000FBF7A2BC222030F0E1FBFBF7DCB9222084
:10D5500032F072FCFBF70FB8222031F0C1FCFBF770
:10D5600059B8222030F0D2FBFBF754B8222031F01A
:10D57000B7FCFBF700B8222030F0C8FBFAF7FBBF7E
:10D58000222032F059FCFAF7D4BF222031F0A8FC57
:10D59000FAF7CFBF222030F0B9FBFAF7CABF22203A
:10D5A00032F04AFCFAF799BF222031F099FCFAF7E1
:10D5B00094BF222030F0AAFBFAF78FBF222032F06E
:10D5C0003BFCFAF766BF222031F08AFCFAF761BF14
:10D5D000222030F09BFBFAF75CBF222032F02CFCBB
:10D5E000FAF733BF222031F07BFCFAF72EBF22205E
:10D5F00030F08CFBFAF729BF222032F01DFCFAF73D
:10D6000000BF222031F06CFCFAF7FBBE222030F084
:10D610007DFBFAF7F6BE222032F00EFCFAF7C9BE07
:10D62000222031F05DFCFAF7C4BE00BFC8C0040080
:10D630006007FF1FDCDF04004C07FF1F98C00400D9
:10D64000B0C00400ECC004008CDF0400222030F0E5
:10D650005DFBFAF7AEBE222032F0EEFBFAF785BE94
:10D66000222031F03DFCFAF780BE222030F04EFB44
:10D67000FAF77BBE222032F0DFFBFAF74ABE222007
:10D6800031F02EFCFAF745BE222030F03FFBFAF7CE
:10D6900040BE222032F0D0FBFAF7F6BD222031F056
:10D6A0001FFCFAF7F1BD222030F030FBFAF7ECBD99
:10D6B000222032F0C1FBFAF7BBBD222031F010FC72
:10D6C000FAF7B6BD222030F021FBFAF7B1BD2220D7
:10D6D00032F0B2FBFAF788BD222031F001FCFAF7F4
:10D6E00083BD222030F012FBFAF77EBD222032F0FB
:10D6F000A3FBFAF755BD222031F0F2FBFAF750BD3B
:10D70000222030F003FBFAF74BBD222032F094FBCD
:10D71000FAF722BD222031F0E3FBFAF71DBD2220EB
:10D7200030F0F4FAFAF718BD222032F085FBFAF750
:10D73000EBBC222031F0D4FBFAF7E6BC222030F01B
:10D74000E5FAFAF7E1BC222032F076FBFAF7B8BC32
:10D75000222031F0C5FBFAF7B3BC222030F0D6FA14
:10D76000FAF7AEBC222032F067FBFAF77DBC22202C
:10D7700031F0B6FBFAF778BC222030F0C7FAFAF79E
:10D7800073BC222032F058FBFAF74CBC222031F057
:10D79000A7FBFAF747BC222030F0B8FAFAF742BCF0
:10D7A000222032F049FBFAF711BC222031F098FB1D
:10D7B000FAF70CBC222030F0A9FAFAF707BC2220B5
:10D7C00032F03AFBFAF7DEBB222031F089FBFAF7A0
:10D7D000D9BB222030F09AFAFAF7D4BB222032F0DB
:10D7E0002BFBFAF7ABBB222031F07AFBFAF7A6BB92
:10D7F000222030F08BFAFAF7A1BB222032F01CFB7A
:10D80000FAF74EBB222031F06BFBFAF749BB22201E
:10D8100030F07CFAFAF744BB222032F00DFBFAF725
:10D8200017BB222031F05CFBFAF712BB222030F04C
:10D830006DFAFAF70DBB222032F0FEFAFAF7E4BADD
:10D84000222031F04DFBFAF7DFBA222030F05EFAE9
:10D85000FAF7DABA222032F0EFFAFAF7A6BA222063
:10D8600031F03EFBFAF7A1BA222030F04FFAFAF776
:10D870009CBA222032F0E0FAFAF773BA222031F093
:10D880002FFBFAF76EBA222032F0D6FAFAF733B944
:10D89000222032F0D1FAFAF75AB9222031F020FBD7
:10D8A000FAF755B9222030F031FAFAF750B92220B0
:10D8B00031F016FBFBF7D3B9222030F027FAFBF743
:10D8C000CEB9222032F0B8FAFBF7A5B9222031F008
:10D8D00007FBFBF7A0B9222030F018FAFBF79BB941
:10D8E000222032F0A9FAFBF76FB9222031F0F8FAC2
:10D8F000FBF76AB9222030F009FAFBF765B922205C
:10D9000032F09AFAFBF7BBBB222031F0E9FAFBF7C1
:10D91000B6BB222032F090FAFBF757BF222031F03D
:10D92000DFFAFBF752BF222032F086FAFBF7D4BBB6
:10D93000222031F0D5FAFBF7F6BE222030F0E6F9CE
:10D94000FBF7F1BE222032F077FAFBF7CABE2220A5
:10D9500031F0C6FAFBF7C5BE222030F0D7F9FBF74D
:10D96000C0BE222032F068FAFBF797BE222031F0C9
:10D97000B7FAFBF792BE222030F0C8F9FBF78DBE54
:10D98000222032F059FAFBF764BE222031F0A8FAC7
:10D99000FBF75FBE222030F0B9F9FBF75ABE222018
:10D9A00032F04AFAFBF731BE222031F099FAFBF748
:10D9B0002CBE222030F0AAF9FBF727BE222032F03D
:10D9C0003BFAFBF7FBBD222031F08AFAFBF7F6BDEC
:10D9D000222030F09BF9FBF722BD222032F02CFAF6
:10D9E000FBF7FBBC222031F07BFAFBF7F6BC2220D0
:10D9F00030F08CF9FBF7F1BC222032F01DFAFBF776
:10DA0000C8BC222031F06CFAFBF7C3BC222030F0F6
:10DA10007DF9FBF7BEBC222032F00EFAFBF795BC75
:10DA2000222030F073F9FBF72ABB222032F004FAEF
:10DA3000FBF701BB222031F053FAFBF7FCBA22209E
:10DA400030F064F9FBF7F7BA222031F049FAFBF71E
:10DA5000AEBA222030F05AF9FBF7A9BA222032F0F0
:10DA6000EBF9FBF780BA222031F03AFAFBF77BBAE8
:10DA7000222032F0E1F9F9F7E8BF222031F030FA44
:10DA8000F9F7E3BF222030F041F9F9F7DEBF222099
:10DA900032F0D2F9FCF724B9222031F021FAFCF758
:10DAA0001FB9222030F032F9FCF71AB9222032F0E7
:10DAB000C3F9FCF7F1B8222032F0BEF9FCF7CCBA7A
:10DAC000222031F00DFAFCF7C7BA222030F01EF9FF
:10DAD000FCF7C2BA222032F0AFF9FCF799BA222043
:10DAE00031F0FEF9FCF794BA222030F00FF9FCF780
:10DAF0008FBA222032F0A0F9FCF766BA222031F06A
:10DB0000EFF9FCF761BA222030F000F9FCF75CBABB
:10DB1000222032F091F9FCF72FBA222031F0E0F9FF
:10DB2000FCF72ABA222030F0F1F8FCF725BA2220BF
:10DB300031F0D6F9FCF7B0B8222030F0E7F8FCF766
:10DB4000ABB8222032F078F9FCF782B8222031F00D
:10DB5000C7F9FCF77DB8222030F0D8F8FCF778B888
:10DB6000222032F069F9FCF74BB8222031F0B8F9E5
:10DB7000FCF746B8222030F0C9F8FCF741B8222063
:10DB800031F0AEF9FCF712B9222030F0BFF8FCF703
:10DB90000DB9222032F050F9FCF7E4B8222031F020
:10DBA0009FF9FCF7DFB8222030F0B0F8FCF7DAB8C4
:10DBB000222032F041F9FCF7ADB8222031F090F983
:10DBC000FCF7A8B8222030F0A1F8FCF7A3B8222077
:10DBD00032F032F9FCF70EB9222031F081F9FCF76E
:10DBE00009B9222030F092F8FCF704B9222032F073
:10DBF00023F9FCF7DBB8222032F01EF9FCF791B9CB
:10DC0000222031F06DF9FCF78CB9222030F07EF83B
:10DC1000FCF787B9222032F00FF9FCF75EB9222019
:10DC200031F05EF9FCF759B9222030F06FF8FCF7BB
:10DC300054B9222032F000F9FCF72BB9222031F040
:10DC40004FF9FCF726B9222030F060F8FCF721B933
:10DC5000222032F0F1F8FCF7F4B8222031F040F93C
:10DC6000FCF7EFB8222030F051F8FCF7EAB8222098
:10DC700031F036F9FBF7D6BD222030F047F8FBF73C
:10DC8000D1BD222031F02CF9FEF782BF222030F0E6
:10DC90003DF8FEF77DBF222032F0CEF8FBF7C2BD83
:10DCA000222032F0C9F8FEF78ABF222031F018F99D
:10DCB000FEF785BF222030F029F8FEF780BF222032
:10DCC00032F0BAF8FBF7C6BA222031F009F9FBF7B7
:10DCD000C1BA222030F01AF8FBF7BCBA222032F089
:10DCE000ABF8FBF795BA222031F0FAF8FBF790BABF
:10DCF000222030F00BF8FBF78BBA222032F09CF890
:10DD0000FBF73CBA222031F0EBF8FBF737BA2220C0
:10DD10002FF0FCFFFBF732BA222032F08DF8FBF730
:10DD200005BA222031F0DCF8FBF700BA22202FF0F0
:10DD3000EDFFFBF7FBB9222032F07EF8FEF728BF9B
:10DD4000222032F079F8FBF709B8222032F074F87B
:10DD5000FBF7DDBB222031F0C3F8FBF7D8BB222054
:10DD60002FF0D4FFFBF7D3BB222032F065F8FEF78B
:10DD7000F7BE222031F0B4F8FEF7F2BE22202FF0D9
:10DD8000C5FFFEF7EDBE222032F056F8FEF7C6BE04
:10DD9000222031F0A5F8FEF7C1BE22202FF0B6FFF9
:10DDA000FEF7BCBE222032F047F8FEF793BE2220D9
:10DDB00031F096F8FEF78EBE22202FF0A7FFFEF777
:10DDC00089BE222032F038F8FEF75CBE222031F006
:10DDD00087F8FEF757BE22202FF098FFFEF752BEBD
:10DDE000222032F029F8FBF7B9BE222031F078F872
:10DDF000FBF7B4BE22202FF089FFFBF7AFBE222035
:10DE000031F06EF8FAF7AABF22202FF07FFFFAF761
:10DE1000A5BF222032F010F8FEF71DBE222031F0FF
:10DE20005FF8FEF718BE22202FF070FFFEF713BE3A
:10DE3000222032F001F8FEF7FFBE222031F050F828
:10DE4000FEF7FABE22202FF061FFFEF7F5BE22207A
:10DE500031F0F2FFF9F727BE222031F041F8FEF74A
:10DE600002BF22202FF052FFFEF7FDBE222031F02C
:10DE7000E3FFFEF7F8BE222031F032F8F9F713BEC7
:10DE800022202FF043FFF9F70EBE22202FF03EFF95
:10DE9000FFF747BA222031F0CFFFFFF719BA22204F
:10DEA00031F01EF8FFF714BA22202FF02FFFFFF7F2
:10DEB0000FBA222031F0C0FFFFF77BBA222031F0E9
:10DEC0000FF8FFF776BA22202FF020FFFFF771BA84
:10DED000222031F0B1FFFFF748BA222031F000F8DC
:10DEE000FFF743BA22202FF011FFFFF73EBA22209E
:10DEF00031F0A2FFFFF715BA222030F0F1FFFFF753
:10DF000010BA222031F098FFFFF7DDBA222030F05E
:10DF1000E7FFFFF7D8BA22202FF0F8FEFFF7D3BAB9
:10DF2000222031F089FFFFF7AABA222030F0D8FF73
:10DF3000FFF7A5BA22202FF0E9FEFFF7A0BA2220B2
:10DF400031F07AFFFFF777BA222030F0C9FFFFF7F0
:10DF500072BA22202FF0DAFEFFF76DBA222031F0DC
:10DF60006BFFFFF73FBA222030F0BAFFFFF73ABA53
:10DF700022202FF0CBFEFFF735BA222031F05CFFD4
:10DF8000FEF758BF222030F0ABFFFEF753BF222030
:10DF90002FF0BCFEFEF74EBF222031F04DFFFEF702
:10DFA00025BF222030F09CFFFEF720BF22202FF05B
:10DFB000ADFEFEF71BBF222031F03EFFFEF7F2BEA2
:10DFC000222030F08DFFFEF7EDBE22202FF09EFEC6
:10DFD000FEF7E8BE222031F02FFFFEF7ADBE222073
:10DFE00030F07EFFFEF7A8BE22202FF08FFEFEF756
:10DFF000A3BE222031F020FFFCF788BA222030F0A7
:10E000006FFFFCF783BA22202FF080FEFCF77EBA68
:10E01000222031F011FFFCF755BA222031F00CFF1D
:10E02000FCF746BE222030F05BFFFCF741BE222009
:10E030002FF06CFEFCF73CBE222031F0FDFEFCF719
:10E0400013BE222030F04CFFFCF70EBE22202FF032
:10E050005DFEFCF709BE222031F0EEFEFCF7E0BDCC
:10E06000222030F03DFFFCF7DBBD22202FF04EFEDA
:10E07000FCF7D6BD222031F0DFFEFCF7A9BD22203F
:10E0800030F02EFFFCF7A4BD22202FF03FFEFCF75E
:10E090009FBD222031F0D0FEFCF760BC222030F082
:10E0A0001FFFFCF7BFBE22202FF030FEFCF7BABEE8
:10E0B000222031F0C1FEFCF7B5BE222030F010FF67
:10E0C000FCF730B822202FF021FEFCF72BB82220DD
:10E0D00031F0B2FEFCF702B8222030F001FFFBF76E
:10E0E000FDBF22202FF012FEFBF7F8BF222031F0F7
:10E0F000A3FEFBF7CBBF222030F0F2FEFBF7C6BF3A
:10E1000022202FF003FEFBF7C1BF222031F094FE46
:10E11000FCF744BD222030F0E3FEFCF73FBD222097
:10E120002FF0F4FDFCF73ABD222031F085FEFCF71C
:10E1300011BD222031F080FEFCF798BC222030F087
:10E14000CFFEFCF793BC22202FF0E0FDFCF78EBC45
:10E15000222031F071FEFCF765BC222030F0C0FEB9
:10E16000FCF760BC22202FF0D1FDFCF75BBC222025
:10E1700031F062FEFCF732BC222030F0B1FEFCF739
:10E180002DBC22202FF0C2FDFCF728BC222031F04C
:10E1900053FEFCF7FBBB222030F0A2FEFCF7F6BBDF
:10E1A00022202FF0B3FDFCF7F1BB222031F044FE1A
:10E1B000FCF76EBA222031F03FFEFCF715BB22209F
:10E1C00030F08EFEFCF710BB22202FF09FFDFCF7F5
:10E1D0000BBB222031F030FEFCF7E2BA222030F0F7
:10E1E0007FFEFCF7DDBA22202FF090FDFCF7D8BAB5
:10E1F000222031F021FEFCF7AFBA222030F070FE71
:10E20000FCF7AABA22202FF081FDFCF7A5BA222044
:10E2100031F012FEFCF77CBA222030F061FEFCF7F0
:10E2200077BA22202FF072FDFCF772BA222031F06B
:10E2300003FEFCF745BA222030F052FEFCF740BA4C
:10E2400022202FF063FDFCF73BBA222030F048FE7D
:10E25000FCF738B922202FF059FDFCF733B9222002
:10E2600031F0EAFDFCF70AB9222030F039FEFCF764
:10E2700005B922202FF04AFDFCF700B9222031F029
:10E28000DBFDFCF7D3B8222030F02AFEFCF7CEB835
:10E2900022202FF03BFDFCF7C9B8222030F020FEF1
:10E2A000FCF7AEB922202FF031FDFCF7A9B92220EE
:10E2B00031F0C2FDFCF780B9222030F011FEFCF7EE
:10E2C0007BB922202FF022FDFCF776B9222031F015
:10E2D000B3FDFCF749B9222030F002FEFCF744B947
:10E2E00022202FF013FDFCF73FB9222031F0A4FDCE
:10E2F000FBF7C6BF222030F0F3FDFBF7C1BF2220A1
:10E300002FF004FDFBF7BCBF222031F095FDFBF799
:10E3100093BF222030F0E4FDFBF78EBF22202FF0C8
:10E32000F5FCFBF789BF222031F086FDFBF760BFCB
:10E33000222030F0D5FDFBF75BBF22202FF0E6FC5A
:10E34000FBF756BF222031F077FDFBF729BF2220D3
:10E3500030F0C6FDFBF724BF22202FF0D7FCFBF7DF
:10E360001FBF222031F068FDFBF700BF222030F0F4
:10E37000B7FDFBF7FBBE22202FF0C8FCFBF7F6BE73
:10E38000222031F059FDFBF7CDBE222031F054FDA3
:10E39000FCF75AB9222030F0A3FDFCF755B9222032
:10E3A0002FF0B4FCFCF750B9222031F045FDFCF70A
:10E3B00027B9222031F040FDFDF75EB8222030F071
:10E3C0008FFDFDF759B822202FF0A0FCFDF754B8BF
:10E3D000222031F031FDFDF72BB8222030F080FDF6
:10E3E000FDF726B822202FF091FCFDF721B822205E
:10E3F00031F022FDFCF7F8BF222030F071FDFCF770
:10E40000F3BF22202FF082FCFCF7EEBF222031F078
:10E4100013FDFCF7C1BF222030F062FDFCF7BCBF4A
:10E4200022202FF073FCFCF7B7BF222031F004FD4F
:10E43000FCF7D4BC222030F053FDFCF7CFBC2220E7
:10E440002FF064FCFCF7CABC222031F0F5FCFCF78D
:10E45000A1BC222031F0F0FCFCF771BF222030F08B
:10E460003FFDFCF76CBF22202FF050FCFCF767BF8C
:10E47000222031F0E1FCFCF73EBF222030F030FDDD
:10E48000FCF739BF22202FF041FCFCF734BF2220DB
:10E4900031F0D2FCFCF70BBF222030F021FDFCF75D
:10E4A00006BF22202FF032FCFCF701BF222031F002
:10E4B000C3FCFCF7D4BE222030F012FDFCF7CFBE27
:10E4C00022202FF023FCFCF7CABE222031F0B4FC3E
:10E4D000FCF720BA222030F003FDFCF71BBA222003
:10E4E0002FF014FCFCF716BA222031F0A5FCFCF743
:10E4F000EDB9222031F0A0FCFCF79ABE222030F0CA
:10E50000EFFCFCF795BE22202FF000FCFCF790BE3C
:10E51000222031F091FCFCF767BE222030F0E0FCB5
:10E52000FCF762BE22202FF0F1FBFCF75DBE22203B
:10E5300031F082FCFCF734BE222030F0D1FCFCF735
:10E540002FBE22202FF0E2FBFCF72ABE222031F062
:10E5500073FCFCF7FDBD222030F0C2FCFCF7F8BDD7
:10E5600022202FF0D3FBFCF7F3BD222031F064FC16
:10E57000FBF742BF222030F0B3FCFBF73DBF222067
:10E580002FF0C4FBFBF738BF222031F055FCFBF71E
:10E590000FBF222031F050FCFCF7CCBC222030F021
:10E5A0009FFCFCF7C7BC22202FF0B0FBFCF7C2BCDD
:10E5B000222031F041FCFCF799BC222031F03CFCD8
:10E5C000FCF7A4BD222030F08BFCFCF79FBD22207D
:10E5D0002FF09CFBFCF79ABD222031F02DFCFCF7BC
:10E5E00071BD222030F07CFCFCF76CBD22202FF0A6
:10E5F0008DFBFCF767BD222031F01EFCFCF73EBD11
:10E60000222030F06DFCFCF739BD22202FF07EFB7C
:10E61000FCF734BD222031F00FFCFCF707BD2220AF
:10E6200030F05EFCFCF702BD22202FF06FFBFCF700
:10E63000FDBC222030F054FCFCF758BC22202FF007
:10E6400065FBFCF753BC222031F0F6FBFCF72ABC3B
:10E65000222030F045FCFCF725BC22202FF056FB91
:10E66000FCF720BC222031F0E7FBFCF7F3BB2220B3
:10E6700030F036FCFCF7EEBB22202FF047FBFCF716
:10E68000E9BB222030F02CFCFCF764BA22202FF0EA
:10E690003DFBFCF75FBA222031F0CEFBFCF736BA27
:10E6A000222030F01DFCFCF731BA22202FF02EFB87
:10E6B000FCF72CBA222031F0BFFBFCF7FFB9222077
:10E6C00030F00EFCFCF7FAB922202FF01FFBFCF70C
:10E6D000F5B9222030F004FCFBF76ABE22202FF0AF
:10E6E00015FBFBF765BE222031F0A6FBFBF73CBE15
:10E6F000222030F0F5FBFBF737BE22202FF006FB7F
:10E70000FBF732BE222031F097FBFBF7FABD222047
:10E7100030F0E6FBFBF7F5BD22202FF0F7FAFBF710
:10E72000F0BD222030F0DCFBFCF7D0B822202FF027
:10E73000EDFAFCF7CBB8222031F07EFBFCF7A2B853
:10E74000222030F0CDFBFCF79DB822202FF0DEFA1E
:10E75000FCF798B8222031F06FFBFCF76BB8222051
:10E7600030F0BEFBFCF766B822202FF0CFFAFCF7A2
:10E7700061B8222030F0B4FBFBF78ABF22202FF0D3
:10E78000C5FAFBF785BF222030F0AAFBFCF702BBDD
:10E7900022202FF0BBFAFCF7FDBA222031F04CFB0F
:10E7A000FCF7D4BA222030F09BFBFCF7CFBA222032
:10E7B0002FF0ACFAFCF7CABA222031F03DFBFCF78F
:10E7C0009DBA222030F08CFBFCF798BA22202FF063
:10E7D0009DFAFCF793BA222030F082FBFCF7BEB81A
:10E7E00022202FF093FAFCF7B9B8222031F024FB55
:10E7F000FDF743B9222030F073FBFDF73EB922202C
:10E800002FF084FAFDF739B9222031F015FBFDF71E
:10E8100010B9222031F010FBFDF7F8B9222030F0BA
:10E820005FFBFDF7F3B9222031F006FBF9F7DEB804
:10E83000222030F055FBF9F7D9B822202FF066FAE4
:10E84000F9F7D4B8222031F0F7FAF9F7A7B8222067
:10E8500030F046FBF9F7A2B822202FF057FAF9F76B
:10E860009DB822202FF052FAFCF790BE222031F002
:10E87000E3FAFCF767BE222030F032FBFCF762BE01
:10E8800022202FF043FAFCF75DBE222031F0D4FAAB
:10E89000FCF734BE222030F023FBFCF72FBE2220F1
:10E8A0002FF034FAFCF72ABE222031F0C5FAFCF72B
:10E8B000FCBD222031F0C0FAFCF768BE222030F007
:10E8C0000FFBFCF763BE222031F0B6FAFCF7AFBFB6
:10E8D000222030F005FBFCF7AABF22202FF016FA09
:10E8E000FCF7A5BF222031F0A7FAFCF77CBF22205D
:10E8F00030F0F6FAFCF777BF22202FF007FAFCF78A
:10E9000072BF222031F098FAFCF749BF222030F084
:10E91000E7FAFCF744BF22202FF0F8F9FCF73FBFDD
:10E92000222031F089FAFCF711BF222030F0D8FA0A
:10E93000FCF70CBF22202FF0E9F9FCF707BF2220DB
:10E9400031F07AFAFCF7E9BE222030F0C9FAFCF780
:10E95000E4BE22202FF0DAF9FCF7DFBE222031F0EE
:10E960006BFAFCF7B6BE22202FF0D0F9FDF74EB9B6
:10E97000222031F061FAFDF721B9222030F0B0FAFF
:10E98000FDF71CB922202FF0C1F9FDF717B922209D
:10E9900030F0A6FAFDF74DB822202FF0B7F9FDF7B9
:10E9A00048B8222031F048FAFDF71FB8222030F095
:10E9B00097FAFDF71AB822202FF0A8F9FDF715B83D
:10E9C000222031F039FAFCF7E7BF222030F088FA34
:10E9D000FCF7E2BF22202FF099F9FCF7DDBF2220DF
:10E9E00031F02AFAFCF7ADBF222030F079FAFCF7BB
:10E9F000A8BF22202FF08AF9FCF7A3BF222031F014
:10EA00001BFAFCF77ABF222030F06AFAFCF775BFD8
:10EA100022202FF07BF9FCF770BF222031F00CFA96
:10EA2000FCF747BF222030F05BFAFCF742BF222000
:10EA30002FF06CF9FCF73DBF222031F0FDF9FCF717
:10EA40000FBF222030F04CFAFCF70ABF22202FF033
:10EA50005DF9FCF705BF22202FF058F9FDF71BB92F
:10EA6000222031F0E9F9FDF7EEB8222030F038FA33
:10EA7000FDF7E9B822202FF049F9FDF7E4B822208C
:10EA800030F02EFAFCF725BE22202FF03FF9FCF7DC
:10EA900020BE222031F0D0F9FCF7F7BD222030F063
:10EAA0001FFAFCF7F2BD22202FF030F9FCF7EDBD84
:10EAB000222031F0C1F9FCF7BFBD222030F010FA5E
:10EAC000FCF7BABD22202FF021F9FCF7B5BD2220BA
:10EAD00031F0B2F9FDF756B8222030F001FAFDF717
:10EAE00051B822202FF012F9FDF74CB8222031F056
:10EAF000A3F9FDF71FB8222030F0F2F9FDF71AB89C
:10EB000022202FF003F9FDF715B8222030F0E8F9A4
:10EB1000FCF7CBBC22202FF0F9F8FCF7C6BC222072
:10EB200031F08AF9FDF7B7B8222030F0D9F9FDF7B6
:10EB3000B2B8222030F0D4F9FCF7B6BF22202FF073
:10EB4000E5F8FCF7B1BF222031F076F9FCF7D4BF2D
:10EB5000222030F0C5F9FCF7CFBF22202FF0D6F8E5
:10EB6000FCF7CABF222031F067F9FCF79DBF2220D5
:10EB700030F0B6F9FDF70AB922202FF0C7F8FDF7FB
:10EB800005B9222030F0ACF9FDF758B922202FF05A
:10EB9000BDF8FDF753B9222030F0A2F9FDF7BCB85B
:10EBA00022202FF0B3F8FDF7B7B8222031F044F956
:10EBB000FDF7B2B8222031F03FF9FDF73FB922202E
:10EBC00031F03AF9FDF70EB9222031F035F9FDF7B1
:10EBD0001FB9222030F084F9FDF71AB922202FF056
:10EBE00095F8FDF715B9222031F026F9FDF7CEB8DA
:10EBF000222031F021F9FDF7DFB8222030F070F942
:10EC0000FDF7DAB822202FF081F8FDF7D5B82220E1
:10EC100030F066F9FDF7E6B822202FF077F8FDF71F
:10EC2000E1B8222030F05CF9FDF7B5B922202FF0D1
:10EC30006DF8FDF7B0B9222031F0FEF8FDF7A5BE62
:10EC4000222030F04DF9FDF7A0BE22202FF05EF813
:10EC5000FDF79BBE222031F0EFF8FDF772BE2220B7
:10EC600031F0EAF8FDF7F0BA222030F039F9FDF77B
:10EC7000EBBA22202FF04AF8FDF7E6BA222031F055
:10EC8000DBF8FDF7BDBA222031F0D6F8FDF700BB66
:10EC9000222031F0D1F8FDF7DBBD222030F020F941
:10ECA000FDF7D6BD22202FF031F8FDF7D1BD22208F
:10ECB00031F0C2F8FDF7A8BD222030F011F9FDF7C0
:10ECC000A3BD22202FF022F8FDF79EBD222031F0B7
:10ECD000B3F8FDF775BD222030F002F9FDF770BDE5
:10ECE00022202FF013F8FDF76BBD222031F0A4F89D
:10ECF000FDF742BD222030F0F3F8FDF73DBD2220A4
:10ED00002FF004F8FDF738BD222031F095F8FDF71B
:10ED10000ABD222030F0E4F8FDF705BD22202EF0D8
:10ED2000F5FFFDF700BD222030F0DAF8FDF751BE07
:10ED300022202EF0EBFFFDF74CBE222031F07CF8B4
:10ED4000FDF705B9222030F0CBF8FDF700B92220FD
:10ED50002EF0DCFFFDF7FBB8222031F06DF8FDF757
:10ED6000D2B8222030F0BCF8FDF7CDB822202EF02A
:10ED7000CDFFFDF7C8B8222031F05EF8FDF79FB84F
:10ED8000222030F0ADF8FDF79AB822202EF0BEFF19
:10ED9000FDF795B8222031F04FF8FDF767B8222033
:10EDA00030F09EF8FDF762B822202EF0AFFFFDF79D
:10EDB0005DB8222031F040F8FDF7EDB8222031F0A7
:10EDC0003BF8FDF7B6B9222030F08AF8FDF7B1B96B
:10EDD00022202EF09BFFFDF7ACB9222031F02CF859
:10EDE000FDF783B9222030F07BF8FDF77EB92220B1
:10EDF0002EF08CFFFDF779B9222031F01DF8FDF7D8
:10EE000050B9222030F06CF8FDF74BB922202EF0DB
:10EE10007DFFFDF746B9222031F00EF8FDF71DB950
:10EE2000222030F05DF8FDF718B922202EF06EFF99
:10EE3000FDF713B9222030F0FFFFFDF7E5B82220DF
:10EE400030F04EF8FDF7E0B822202EF05FFFFDF71E
:10EE5000DBB8222030F0F0FFFDF7BBBD222030F000
:10EE6000EBFFFDF746BC222030F03AF8FDF741BC3D
:10EE700022202EF04BFFFDF73CBC222030F0DCFFBF
:10EE8000FDF713BC222030F02BF8FDF70EBC22203A
:10EE90002EF03CFFFDF709BC222030F0CDFFFDF73E
:10EEA000E0BB222030F01CF8FDF7DBBB22202EF067
:10EEB0002DFFFDF7D6BB222030F0BEFFFDF7ADBB26
:10EEC000222030F00DF8FDF7A8BB22202EF01EFF07
:10EED000FDF7A3BB222030F0AFFFFDF775BB22206A
:10EEE0002FF0FEFFFDF770BB22202EF00FFFFDF785
:10EEF0006BBB22202FF0F4FFFDF7F2BA22202EF098
:10EF000005FFFDF7EDBA222030F096FFFDF7C4BAF9
:10EF100022202FF0E5FFFDF7BFBA22202EF0F6FEEB
:10EF2000FDF7BABA222030F087FFFDF78CBA222015
:10EF30002FF0D6FFFDF787BA22202EF0E7FEFDF76F
:10EF400082BA222030F078FFFDF73FBA22202FF05E
:10EF5000C7FFFDF73ABA22202EF0D8FEFDF735BAEA
:10EF6000222030F069FFFDF70CBA22202FF0B8FF05
:10EF7000FDF707BA22202EF0C9FEFDF702BA2220C3
:10EF800030F05AFFFDF7D9B922202FF0A9FFFDF785
:10EF9000D4B922202FF0A4FFFDF77AB922202EF059
:10EFA000B5FEFDF775B922202FF09AFFFDF731BAB3
:10EFB00022202EF0ABFEFDF72CBA22202EF0A6FE6A
:10EFC000FDF7BBB9222030F037FFFDF78DB92220C5
:10EFD0002FF086FFFDF788B922202EF097FEFDF76F
:10EFE00083B922202FF07CFFFDF7ABBC22202EF04E
:10EFF0008DFEFDF7A6BC222030F01EFFFDF77DBC84
:10F0000022202FF06DFFFDF778BC22202EF07EFE2F
:10F01000FDF773BC222030F00FFFFDF745BC222026
:10F020002FF05EFFFDF740BC22202EF06FFEFDF7B3
:10F030003BBC222030F000FFFDF7EBB9222030F07E
:10F04000FBFEFDF795BA22202FF04AFFFDF790BA9C
:10F0500022202EF05BFEFDF78BBA222030F0ECFE72
:10F06000FDF762BA22202FF03BFFFDF75DBA2220A8
:10F070002EF04CFEFDF758BA222030F0DDFEFDF7F1
:10F080002FBA22202FF02CFFFDF7BAB822202EF045
:10F090003DFEFDF7B5B8222030F0CEFEFDF78CB86E
:10F0A00022202FF01DFFFDF787B822202EF02EFE24
:10F0B000FDF782B8222030F0BFFEFDF754B82220C1
:10F0C0002FF00EFFFDF74FB822202EF01FFEFDF7A8
:10F0D0004AB8124E124D04ACFCF768BA11492046EA
:10F0E0002DF09EFD2046F1F74FFA20462DF0F0FD61
:10F0F0003368012B06D0032B0BD033B9222030F01C
:10F100009BFE02E022202EF001FED7ED167AFBF7DF
:10F1100013BF22202FF0E4FEF7E700BF6007FF1FB8
:10F120004C07FF1FECC004002DE9F04784B06F4985
:10F130006F4DDFF8E0A1DFF8E091DFF8E0816D4F7F
:10F140006D4C064601A82DF06BFD01A8F1F71CFAE5
:10F1500001A82DF0BDFD07EE906AB8EE670AF1F741
:10F16000CBF9296801A82DF05BFD01A8F1F70CFA95
:10F1700001A82DF0ADFD614901A82DF051FD01A8B8
:10F18000F1F702FA01A82DF0A3FD9AF8003000EE85
:10F19000103AB8EE400AF1F7AFF9296801A82DF04E
:10F1A0003FFD01A8F1F7F0F901A82DF091FD5449B8
:10F1B00001A82DF035FD01A8F1F7E6F901A82DF021
:10F1C00087FD99F8003000EE103AB8EE400AF1F7EA
:10F1D00093F9296801A82DF023FD01A8F1F7D4F9CE
:10F1E00001A82DF075FD474901A82DF019FD01A8D2
:10F1F000F1F7CAF901A82DF06BFD98F8003000EE88
:10F20000103AB8EE400AF1F777F9296801A82DF015
:10F2100007FD01A8F1F7B8F901A82DF059FD3A4909
:10F2200001A82DF0FDFC01A8F1F7AEF901A82DF021
:10F230004FFD3B7800EE103AB8EE400AF1F75CF96A
:10F24000296801A82DF0ECFC01A8F1F79DF901A8AF
:10F250002DF03EFD2D4901A82DF0E2FC01A8F1F7AB
:10F2600093F901A82DF034FD296801A82DF0D8FCF0
:10F2700001A8F1F789F901A82DF02AFD10212448F1
:10F2800030F056FD314600230A2220462DF0E0FAE8
:10F2900020462DF0C5FA9AF8001000230A222046D5
:10F2A0002DF0D6FA20462DF0BBFA99F80010002375
:10F2B0000A2220462DF0CCFA20462DF0B1FA98F81B
:10F2C000001000230A2220462DF0C2FA20462DF01D
:10F2D000A7FA397800230A2220462DF0B9FA2046F1
:10F2E00004B0BDE8F0472DF09BBA00BF28C604006B
:10F2F0004807FF1F8218FF1F2808FF1F40C6040091
:10F3000054C6040068C604007CC6040090C604000D
:10F310009CC604008018FF1F8318FF1F8118FF1F61
:10F32000F0B5B34B2DED028BD3F884049BB00028CD
:10F3300004F0BA810AAC00250146AE4A0A950123C1
:10F34000204627F06BFA002844F0C281AA49AB4856
:10F35000AB4DF1F795FD0123A64AA54905A8F1F7A4
:10F36000B5FFA84905A8F1F78BFDA74905A8F1F756
:10F3700087FDA64905A8F1F783FDA4499F48F1F749
:10F380007FFDA34905A8F1F77BFDA2499B48F1F752
:10F3900077FDA14905A8F1F773FD9F499748F1F75B
:10F3A0006FFD9E4905A8F1F717FA9C499348F1F7BC
:10F3B00013FAD5F804219A49204634F0A3FB2146DC
:10F3C00005A8F1F75DFD8D482146F1F759FD9549F6
:10F3D00005A8F1F755FD099B6BB11A68D668924AEA
:10F3E000964244F08081186D002803F0F7838F491E
:10F3F0000E2227F04BFED5F800218949204634F033
:10F4000081FB214605A8F1F73BFD894905A8F1F7E5
:10F4100037FD884905A8F1F7DFF9D5F8E0208049E4
:10F42000204634F06FFB214605A8F1F729FD099B22
:10F430006BB11A68D6687C4A964244F0C384186D52
:10F44000002803F007847C49132227F01FFED5F81B
:10F45000E4207349204634F055FB214605A8F1F716
:10F460000FFD099B6BB11A68D6686F4A964244F04B
:10F470006D84186D002803F0E38370490D2227F096
:10F4800005FED5F8E8206649204634F03BFB2146CE
:10F4900005A8F1F7F5FC6A4905A8F1F79DF9D5F83B
:10F4A000EC205F49204634F02DFB214605A8F1F7FA
:10F4B000E7FC644905A8F1F78FF9D5F8F020584921
:10F4C000204634F01FFB214605A8F1F7D9FC5E4920
:10F4D00005A8F1F781F9D5F8F4205149204634F018
:10F4E00011FB214605A8F1F7CBFC584905A8F1F717
:10F4F000C7FC099B6BB11A68D6684B4A964244F028
:10F500002B84186D002803F0B9835149132227F08A
:10F51000BDFD2A684249204634F0F4FA214605A888
:10F52000F1F7AEFC099B6BB11A68D6683E4A964269
:10F5300044F03084186D002803F096834549142266
:10F5400027F0A4FD6A683649204634F0DBFA2146EC
:10F5500005A8F1F795FC404905A8F1F73DF995EDAF
:10F56000028AF7EE000AB0EE480A30F025FEB5EE4A
:10F57000400AF1EE10FA03F0278318EE100A31F07A
:10F58000A7FE02460B462046344934F0BBFA21461A
:10F5900005A8F1F775FC12212F4830F0C9FB174878
:10F5A0002146F1F76DFC2E4905A8F1F769FC2D49BC
:10F5B00005A8F1F711F995F89C202B49204634F065
:10F5C000A1FA214605A8F1F75BFC284905A8F1F747
:10F5D00057FC099B002B4FD01A68D668124A9642F6
:10F5E00044F0AE83186D002803F0208340E000BF94
:10F5F0008418FF1FB0C60400C0C604002808FF1FFF
:10F600007013FF1FD8C60400F0C60400FCC6040037
:10F610000CC7040010C7040014C704001CC7040072
:10F6200028C704002CC70400290C000058C7040098
:10F6300068C7040080C7040098C70400ACC7040072
:10F64000BCC70400CCC70400DCC70400ECC704003E
:10F65000F8C704000CC8040024C8040038C804001B
:10F6600040C804005CC8040070C8040074C80400EA
:10F67000B8490D2227F00AFDEA68B749204634F060
:10F6800041FA214605A8F1F7FBFB099B6BB11A680B
:10F69000D668B24A964244F06583186D002803F09C
:10F6A000BB82AF490E2227F0F1FC2A69AA49204605
:10F6B00034F028FA214605A8F1F7E2FBA94905A88C
:10F6C000F1F78AF895ED058AF7EE000AB0EE480AE0
:10F6D00030F072FDB5EE400AF1EE10FA03F06A82E6
:10F6E00018EE100A31F0F4FD02460B4620469E4902
:10F6F00034F008FA214605A8F1F7C2FB099B6BB16B
:10F700001A68D668954A964244F04A83186D0028D4
:10F7100003F0788295490B2227F0B8FC95F89D20DC
:10F720009349204634F0EEF9214605A8F1F7A8FBED
:10F73000904905A8F1F7A4FB8F4905A8F1F74CF80B
:10F74000D5F8CC208449204634F0DCF9214605A8C0
:10F75000F1F796FB099B6BB11A68D6687F4A96420F
:10F7600044F02483186D002803F0428283490D225F
:10F7700027F08CFC2A6A7849204634F0C3F92146E8
:10F7800005A8F1F77DFB7E4905A8F1F725F86A6A1F
:10F790007149204634F0B6F9214605A8F1F770FB0F
:10F7A000784905A8F1F718F895ED0A8AF7EE000AEE
:10F7B000B0EE480A30F000FDB5EE400AF1EE10FA66
:10F7C00003F0EE8118EE100A31F082FD02460B467E
:10F7D0002046654934F096F9214605A8F1F750FB1B
:10F7E000099B6BB11A68D6685C4A964244F0E48281
:10F7F000186D002803F0568263490B2227F046FC5F
:10F8000095F89E205A49204634F07CF9214605A8F7
:10F81000F1F736FB5D4905A8F1F732FB099B6BB1A7
:10F820001A68D6684D4A964244F0A882186D00289E
:10F8300003F02E825649102227F028FCD5F8D0205C
:10F840004549204634F05EF9214605A8F1F718FB3A
:10F85000099B6BB11A68D668404A964244F094827C
:10F86000186D002803F032824A49112227F00EFC5D
:10F87000D5F8D4203849204634F044F9214605A86B
:10F88000F1F7FEFA099B6BB11A68D668334A9642C3
:10F8900044F03882186D002803F00E823E4914228D
:10F8A00027F0F4FB95ED368AF7EE000AB0EE480A31
:10F8B00030F082FCB5EE400AF1EE10FA03F06681FA
:10F8C00018EE100A31F004FD02460B462046264988
:10F8D00034F018F9214605A8F1F7D2FA2F4905A806
:10F8E000F0F77AFF95F8DC202149204634F00AF938
:10F8F000214605A8F1F7C4FA294905A8F1F7C0FA8D
:10F90000284905A8F0F768FFAA6B1349204634F090
:10F91000F9F8214605A8F1F7B3FA234905A8F0F74D
:10F920005BFFEA6B0C49204634F0ECF8214605A851
:10F93000F1F7A6FA1D4905A8F0F74EFF95ED108ADC
:10F94000F7EE000AB0EE480A30F036FCB5EE400A99
:10F950002EE000BF80C8040028C70400290C000066
:10F9600090C80400A0C8040038C80400B4C804004B
:10F9700070C80400C0C80400CCC80400E0C804007B
:10F98000F0C8040000C9040014C9040020C9040020
:10F9900034C9040048C904005CC9040074C90400E7
:10F9A00084C9040090C90400A0C90400B0C90400BF
:10F9B000F1EE10FA03F0E08018EE100A31F088FC46
:10F9C00002460B462046BA4934F09CF8214605A869
:10F9D000F1F756FAB74905A8F0F7FEFE95F89F2013
:10F9E000B549204634F08EF8214605A8F1F748FACB
:10F9F000B24905A8F0F7F0FE95ED118AF7EE000A7E
:10FA0000B0EE480A30F0D8FBB5EE400AF1EE10FA3D
:10FA100003F0A88018EE100A31F05AFC02460B469B
:10FA20002046A34934F06EF8214605A8F1F728FADC
:10FA3000099B6BB11A68D668A14A964244F0988136
:10FA4000186D002803F06A819E49122227F01EFBE0
:10FA50006A6B9D49204634F055F8214605A8F1F718
:10FA60000FFA099B6BB11A68D668954A964244F022
:10FA70006181186D002803F047819449092227F01D
:10FA800005FB95ED128AF7EE000AB0EE480A30F059
:10FA900093FBB5EE400AF1EE10FA03F0598018EE30
:10FAA000100A31F015FC02460B462046804934F01E
:10FAB00029F8214605A8F1F7E3F9854905A8F1F7EA
:10FAC000DFF9099B6BB11A68D6687D4A964244F00B
:10FAD0000781186D002803F00D817E490E2227F062
:10FAE000D5FAAA6D7849204634F00CF8214605A8CD
:10FAF000F1F7C6F9099B6BB11A68D668704A96424D
:10FB000044F0F480186D002803F0EA8072490F2257
:10FB100027F0BCFAEA6D6C49204633F0F3FF21462A
:10FB200005A8F1F7ADF9099B6BB11A68D668644A6C
:10FB3000964244F0E180186D002803F04F81674938
:10FB40000D2227F0A3FA95ED188AF7EE000AB0EE21
:10FB5000480A30F031FBB5EE400AF1EE10FA02F03F
:10FB6000ED8718EE100A31F0B3FB02460B46204633
:10FB70004F4933F0C7FF214605A8F1F781F95849ED
:10FB800005A8F0F729FE95F8A0204B49204633F050
:10FB9000B9FF214605A8F1F773F9099B6BB11A6803
:10FBA000D668474A964244F07180186D002803F0E9
:10FBB0000B814C49122227F069FA95ED198AF7EE6C
:10FBC000000AB0EE480A30F0F7FAB5EE400AF1EE5E
:10FBD00010FA02F0A98718EE100A31F079FB0246FC
:10FBE0000B462046324933F08DFF214605A8F1F738
:10FBF00047F93D4905A8F0F7EFFD6A6D3249204607
:10FC000033F080FF214605A8F1F73AF9374905A8F6
:10FC1000F0F7E2FD95ED1A8AF7EE000AB0EE480A19
:10FC200030F0CAFAB0EE480AF7EE000A30F0C4FA33
:10FC3000B5EE400AF1EE10FA02F06C8718EE100AE9
:10FC400031F046FB02460B462046194933F05AFF75
:10FC5000214605A8F1F714F9254905A8F1F710F98F
:10FC6000244905A8F1F70CF9214905A8F1F708F98D
:10FC7000214905A8F1F704F9099B6BB11A68D66808
:10FC80000F4A964244F00880186D002803F0BA80AD
:10FC90001A49062227F0FAF9AA690B49204633F0DF
:10FCA00031FF214605A8F1F7EBF8099B28E000BFDA
:10FCB00038C80400C0C9040070C80400D0C90400DA
:10FCC000290C0000E4C9040028C70400F8C9040096
:10FCD00004CA040010CA040020CA040030CA040088
:10FCE00040CA040050CA040064CA040078CA040070
:10FCF0000CC7040084CA040090CA0400C8CA0400E7
:10FD00006BB11A68D668A84A964243F0E387186D2B
:10FD1000002803F06D80A549062227F0B7F9EA69AB
:10FD2000A349204633F0EEFE214605A8F1F7A8F8D6
:10FD3000099B6BB11A68D6689B4A964243F0A0872C
:10FD4000186D002803F036809A49062227F09EF9A4
:10FD5000EA6A9749204633F0D5FE214605A8F1F717
:10FD60008FF8099B6BB11A68D6688F4A964243F0A8
:10FD70009987186D002803F013808F49062227F019
:10FD800085F92A6B8A49204633F0BCFE214605A836
:10FD9000F1F776F8099B6BB11A68D668824A9642E9
:10FDA00043F0B687186D002802F0F08783490722D8
:10FDB00027F06CF9EA6C7E49204633F0A3FE214619
:10FDC00005A8F1F75DF8099B6BB11A68D668764A09
:10FDD000964243F0A387186D002802F0CD8778493A
:10FDE000072227F053F92A6D7149204633F08AFE25
:10FDF000214605A8F1F744F8099B6BB11A68D6684B
:10FE0000694A964243F09087186D002803F05E809F
:10FE10006C49072227F03AF9EA6E6549204633F02B
:10FE200071FE214605A8F1F72BF8674905A8F0F700
:10FE3000D3FC2A6F5E49204633F064FE214605A8B4
:10FE4000F1F71EF8614905A8F1F71AF8099B6BB1A3
:10FE50001A68D668544A964243F00087186D002805
:10FE600003F02A805A490C2227F010F9D5F8C8204F
:10FE70004F49204633F046FE214605A8F1F700F829
:10FE8000544905A8F0F7A8FCD5F8F82048492046C1
:10FE900033F038FE214605A8F0F7F2FF4E4905A8D9
:10FEA000F0F7EEFF099B6BB11A68D6683E4A96429E
:10FEB00043F0DA86186D002803F01C8047490622BB
:10FEC00027F0E4F8D5F8FC203949204633F01AFE33
:10FED000214605A8F0F7D4FF414905A8F0F7D0FF67
:10FEE000404905A8F0F7CCFF3D4905A8F0F7C8FF49
:10FEF0003D4905A8F0F7C4FF099B6BB11A68D668A5
:10FF0000294A964243F06E86186D002802F0E88771
:10FF10003649112227F0BAF86A6F2549204633F096
:10FF2000F1FD214605A8F0F7ABFF099B6BB11A68FC
:10FF3000D6681D4A964243F08B86186D002803F060
:10FF400001802B490E2227F0A1F8AA6F18492046FC
:10FF500033F0D8FD214605A8F0F792FF099B6BB15D
:10FF60001A68D668104A964243F05486186D0028E5
:10FF700002F0DE871F49102227F088F8EA6F0C494B
:10FF8000204633F0BFFD214605A8F0F779FF1A4956
:10FF900005A8F0F721FCD5F880200549204633F06C
:10FFA000B1FD214605A829E0290C0000D0CA0400B3
:10FFB00028C70400D8CA0400E0CA0400E8CA040044
:10FFC000F0CA0400F8CA040000CB040008CB040007
:10FFD00048CB040058CB040060CB04008CCB040059
:10FFE0000CC7040094CB0400A0CB0400D8CB0400C1
:10FFF000ECCB0400FCCB040010CC0400F0F740FF75
:020000021000EC
:10000000A94905A8F0F7E8FBD5F88420A7492046C0
:1000100033F078FD214605A8F0F732FFA44905A882
:10002000F0F7DAFBD5F88820A049204633F06AFDC6
:10003000214605A8F0F724FF9E4905A8F0F7CCFB60
:10004000D5F88C209949204633F05CFD214605A85F
:10005000F0F716FF984905A8F0F7BEFBD5F89020F9
:100060009249204633F04EFD214605A8F0F708FFDF
:10007000099B6BB11A68D668904A964243F0428554
:10008000186D002802F04A878D49112226F0FEFFE4
:10009000D5F894208549204633F034FD214605A843
:1000A000F0F7EEFE874905A8F0F796FBD5F8982003
:1000B0007E49204633F026FD214605A8F0F7E0FEF4
:1000C000814905A8F0F7DCFE804905A8F0F7D8FEC5
:1000D0007D4905A8F0F7D4FE7D4905A8F0F7D0FECC
:1000E000099B6BB11968754ACD68954243F010853C
:1000F000186D002802F008877649072226F0C6FF0F
:10010000754E7649B26D204633F0FCFC214605A8B9
:10011000F0F7B6FE724905A8F0F7B2FE099B6BB185
:100120001A68D568654A954243F05685186D0028CF
:1001300002F0A4866B49112226F0A8FF32686749B5
:10014000204633F0DFFC214605A8F0F799FE099B15
:100150006BB11A68D568594A954243F06785186DA6
:10016000002802F0818660490E2226F08FFFB26AD5
:100170005A49204633F0C6FC214605A8F0F780FE18
:10018000099B6BB11A68D5684C4A954243F0548577
:10019000186D002802F086865449182226F076FF52
:1001A00072694E49204633F0ADFC214605A8F0F7B0
:1001B00067FE4F4905A8F0F763FE099B6BB11A680B
:1001C000D5683E4A954243F05585186D002802F0E7
:1001D0005F8648490B2226F059FF72683F49204646
:1001E00033F090FC214605A8F0F74AFE099B6BB15D
:1001F0001A68D568314A954243F01285186D002877
:1002000002F028863C49082226F040FFF26A334972
:10021000204633F077FC214605A8F0F731FE099B14
:100220006BB11A68D568254A954243F00B85186D65
:10023000002802F005863149122226F027FFB26914
:100240002649204633F05EFC214605A8F0F718FE4B
:100250002B4905A8F0F714FE099B6BB11A68D56805
:10026000164A954243F02485186D002802F0DE8579
:1002700024490B2226F00AFFB2681849204633F0C1
:1002800041FC214605A8F0F7FBFD099B002B3FD060
:100290001A68D568094A954243F01085186D002800
:1002A00002F0BA8530E000BF20CC040028C704006B
:1002B00034CC040044CC040058CC0400290C0000C9
:1002C00068CC04007CCC04000CC704008CCC040077
:1002D00094CC0400CCCC04003411FF1FD4CC040017
:1002E000ECC70400D8CB0400ECCB0400D8CC04004D
:1002F00074C80400F4CC040000CD04000CCD04004C
:10030000C0C8040020CD0400B149082226F0BEFE7A
:10031000326BB049204633F0F5FB214605A8F0F7D3
:10032000AFFDAD4905A8F0F757FAF269A949204693
:1003300033F0E8FB214605A8F0F7A2FDA74905A880
:10034000F0F79EFDA64905A8F0F746FAF268A14924
:10035000204633F0D7FB214605A8F0F791FDA149CF
:1003600005A8F0F739FA726B9A49204633F0CAFBB8
:10037000214605A8F0F784FD9B4905A8F0F72CFA63
:10038000326A9449204633F0BDFB214605A8F0F7B8
:1003900077FD964905A8F0F773FD954905A8F0F794
:1003A0001BFA32698B49204633F0ACFB214605A885
:1003B000F0F766FD099B6BB11A68D5688D4A9542C6
:1003C00043F08284186D002802F0B0868A49092221
:1003D00026F05CFEB26B7F49884D204633F092FBDD
:1003E000214605A8F0F74CFD854905A8F0F7F4F97A
:1003F000726A7849204633F085FB214605A8F0F75C
:100400003FFD804905A8F0F73BFD7F4905A8F0F7BF
:1004100037FD7C4905A8F0F733FD7C4905A8F0F7C6
:100420002FFD7B4905A8F0F7D7F9AA6D6949204649
:1004300033F068FB214605A8F0F722FD754905A8B1
:10044000F0F71EFD744905A8F0F7C6F96A6D614919
:10045000204633F057FB214605A8F0F711FD6F4900
:1004600005A8F0F70DFD6E4905A8F0F7B5F92A6863
:100470006C49204633F046FB214605A8F0F700FD05
:10048000694905A8F0F7A8F9AA6A6649204633F039
:1004900039FB214605A8F0F7F3FC099B6BB11A68FC
:1004A000D768544A974243F0EB82186D002802F057
:1004B00033865E49182226F0E9FD6A6959492046CB
:1004C00033F020FB214605A8F0F7DAFC099B6BB15D
:1004D0001A68D768474A974243F0D882186D0028B7
:1004E00002F038865249172226F0D0FD95ED178A82
:1004F000F7EE000AB0EE480A2FF05EFEB5EE400AB5
:10050000F1EE10FA02F0FC8218EE100A30F0E0FE74
:1005100002460B462046474933F0F4FA214605A827
:10052000F0F7AEFC42494448F0F756F942482146FC
:10053000F0F7A6FC41494048F0F74EF9A96F3E4854
:10054000F0F740F93E4905A8F0F746F9AA6F35499A
:10055000204633F0D7FA214605A8F0F791FC394937
:1005600005A8F0F78DFC2B6C012B0CBF36493749E1
:1005700005A8F0F785FC364905A8F0F781FC354958
:1005800005A8F0F729F96A682649204633F0BAFA37
:10059000214605A8F0F774FC099B6BB11A68D7686F
:1005A000144A974243F03282186D002802F0C88541
:1005B0002949082226F06AFDEA6A1A49204633F0E2
:1005C000A1FA214605A8F0F75BFC099B46E000BFB5
:1005D0002CCD0400D4CC040038CD040084C9040020
:1005E0004CCD04005CCD040068CD040004CA0400B6
:1005F0007CCD0400290C00008CCD04001412FF1FD8
:1006000098CD04000CC70400ACCD0400B8CD0400A4
:10061000CCCC0400F0CD04002CCE0400ECC70400C8
:10062000D8CB040028C70400ECCB0400D8CC0400CD
:1006300040CE040038C804002808FF1F58CE04002C
:1006400094CE0400A4CE0400B8CE0400CCCE0400A6
:1006500074C80400F4CC040000CD04006BB11A6827
:10066000D768B24A974243F00582186D002802F01D
:100670009985AF49122226F009FDAA69AD492046A5
:1006800033F040FA214605A8F0F7FAFB099B6BB15D
:100690001A68D768A54A974243F07380186D0028FE
:1006A00002F07685A449112226F0F0FC95ED188A17
:1006B000F7EE000AB0EE480A2FF07EFDB5EE400AD4
:1006C000F1EE10FA02F0128218EE100A30F000FE7D
:1006D00002460B462046994933F014FA214605A8F4
:1006E000F0F7CEFB964905A8F0F776F8EA6F914946
:1006F000204633F007FA214605A8F0F7C1FB9149DF
:1007000005A8F0F7BDFB6B6C012B0CBF8E498F4920
:1007100005A8F0F7B5FB8E4905A8F0F7B1FB099BDA
:100720006BB11A68D768814A974243F05D81186DB2
:10073000002802F0238587490B2226F0A7FCAA682F
:100740007C49204633F0DEF9214605A8F0F798FBF6
:10075000099B6BB11A68D768744A974243F04A8183
:10076000186D002802F000857B49082226F08EFCD7
:100770002A6B7049204633F0C5F9214605A8F0F7E9
:100780007FFB764905A8F0F727F8EA696949204612
:1007900033F0B8F9214605A8F0F772FB704905A8B7
:1007A000F0F71AF895ED198AF7EE000AB0EE480A4C
:1007B0002FF002FDB5EE400AF1EE10FA02F08C8146
:1007C00018EE100A30F084FD02460B4620465B49C5
:1007D00033F098F9214605A8F0F752FB099B6BB15D
:1007E0001A68D768514A974243F00A81186D002869
:1007F00002F014855B49082226F048FCD5F88020D9
:100800004C49204633F07EF9214605A8F0F738FB25
:100810004C4905A8F0F734FBAB6C012B0CBF5249D7
:10082000524905A8F0F72CFB514905A8F0F728FB21
:10083000099B6BB11A68D7683C4A974243F0AA807B
:10084000186D002802F0E0844A490C2226F01EFCB4
:10085000EA683849204633F055F9214605A8F0F7F3
:100860000FFB099B6BB11A68D768304A974243F077
:100870009780186D002802F0E5843F49092226F090
:1008800005FC6A6B2B49204633F03CF9214605A84C
:10089000F0F7F6FA394905A8EFF79EFF2A6A2549CD
:1008A000204633F02FF9214605A8F0F7E9FA099B15
:1008B0006BB11A68D7681D4A974243F08F80186D54
:1008C000002802F0B5842E49122226F0DFFB95EDB8
:1008D0001A8AF7EE000AB0EE480A2FF06DFCB5EE6A
:1008E000400AF1EE10FA02F0ED8018EE100A30F036
:1008F000EFFC02460B462046104933F003F921462F
:1009000005A8F0F7BDFA099B002B3DD01A68D768FF
:10091000064A974243F03880186D002802F06A8436
:100920001849092226F0B2FB2EE000BF290C000076
:100930000CCD040028C70400E0CE040038C8040031
:10094000F4CE040000CF040014CF040024CF040030
:10095000C0C8040020CD04002CCD040038CD040014
:1009600034CF040048CF040054CF040064CF040007
:1009700084C904004CCD04005CCD040068CD0400A3
:1009800074CF040088CF0400D5F88420AD492046F8
:1009900033F0B8F8214605A8F0F772FAAA4905A87D
:1009A000F0F76EFAEB6C012B0CBFA849A84905A81B
:1009B000F0F766FAA74905A8F0F762FA099B6BB150
:1009C0001A68D768A44A974242F0F087186D002849
:1009D00002F00684A1490C2226F058FB2A699949A5
:1009E000204633F08FF8214605A8F0F749FA9C49D4
:1009F00005A8EFF7F1FEAA6B9249204633F082F882
:100A0000214605A8F0F73CFA964905A8EFF7E4FE61
:100A10006A6A8C49204633F075F8214605A8F0F73C
:100A20002FFA099B6BB11A68D7688B4A974242F03C
:100A30009686186D002802F0C9838B49122226F091
:100A400025FB95ED1B8AF7EE000AB0EE480A2FF061
:100A5000B3FBB5EE400AF1EE10FA02F0298018EE71
:100A6000100A30F035FC02460B4620467F4933F031
:100A700049F8214605A8F0F703FA099B6BB11A68FB
:100A8000D768754A974242F07086186D002802F0C8
:100A900093837749092226F0F9FAD5F88820694925
:100AA000204633F02FF8214605A8F0F7E9F966490A
:100AB00005A8F0F7E5F92B6D6E4D012B0CBF6E49C3
:100AC0006E4905A8F0F7DCF96D4905A8F0F7D8F9EB
:100AD0006C4905A8F0F7D4F9694905A8F0F7D0F9F1
:100AE000694905A8F0F7CCF9684905A8EFF774FE45
:100AF0002A685449204633F005F8214605A8F0F746
:100B0000BFF9099B6BB11A68D768534A974242F004
:100B10003286186D002802F0F9835D49082226F01C
:100B2000B5FA6A685B49204632F0ECFF214605A819
:100B3000F0F7A6F9584905A8F0F7A2F9099B6BB19F
:100B40001A68D768444A974242F00C87186D00280B
:100B500002F0D2835149172226F098FA2A6B3949BC
:100B6000204632F0CFFF214605A8F0F789F94C491D
:100B700005A8EFF731FE95ED0B8AF7EE000AB0EE0F
:100B8000480A2FF019FBB5EE400AF1EE10FA01F019
:100B9000858718EE100A30F09BFB02460B46204674
:100BA000324932F0AFFF214605A8F0F769F93D4917
:100BB00005A8F0F765F9099B6BB11A68D768264A52
:100BC000974242F0D586186D002802F0B38336496B
:100BD000112226F05BFAAA681A49204632F092FFE9
:100BE000214605A8F0F74CF9099B6BB11A68D76844
:100BF000194A974242F07A86186D002802F09083D5
:100C00002A490E2226F042FA2A6A0E49204632F07C
:100C100079FF214605A8F0F733F9099B6BB11A68F3
:100C2000D7680D4A974242F09786186D002802F067
:100C3000A9831F49182226F029FA6A69014920462A
:100C400038E000BF28C7040094CF0400BCCF0400E4
:100C5000CCCF040004CA0400290C00007CCD0400A1
:100C60008CCD040098CD0400DCCF040038C804000B
:100C7000F0CF04000011FF1FFCCF04000CD00400D3
:100C80000CC704001CD0040024D00400CCCC040009
:100C900050D00400D4CC04005CD0040078D0040010
:100CA00090D00400ECC70400D8CB0400ECCB0400C7
:100CB000D8CC040032F026FF214605A8F0F7E0F872
:100CC000AE4905A8F0F7DCF8AD4905A8EFF784FDBB
:100CD000EA68AC49204632F015FF214605A8F0F736
:100CE000CFF8099B6BB11A68D768A74A974242F0C0
:100CF0001586186D002802F03B83A449092226F0CE
:100D0000C5F96A6A9F49204632F0FCFE214605A8D3
:100D1000F0F7B6F89E49132205A8EFF76DFDAA6912
:100D20009849204632F0EEFE214605A8F0F7A8F8D3
:100D3000984905A8F0F7A4F8974905A8EFF74CFDE6
:100D40002A699049204632F0DDFE214605A8F0F7D9
:100D500097F8099B6BB11A68D7688B4A974242F0A3
:100D6000B385186D002802F0F9828C49092226F01B
:100D70008DF9AA6A8349204632F0C4FE214605A8AF
:100D8000F0F77EF8864905A8EFF726FDEA697D4968
:100D9000844D204632F0B6FE214605A8F0F770F8E3
:100DA000814905A8F0F76CF8804905A8F0F768F8C4
:100DB0007F4905A8F0F764F87E4905A8EFF70CFD18
:100DC0002A687049204632F09DFE214605A8F0F7BA
:100DD00057F8794905A8F0F753F8099B6BB11A68E1
:100DE000D768694A974242F07585186D002802F06D
:100DF000AB8272490E2226F049F96A6861492046A1
:100E000032F080FE214605A8F0F73AF80E216B4833
:100E10002EF08EFF69686A48EFF7C8FC68482146E3
:100E2000F0F72EF8099B6BB11A68D768564A9742BB
:100E300042F05685186D002802F040826149072271
:100E400026F024F995ED038AF7EE000AB0EE480A81
:100E50002FF0B2F9B5EE400AF1EE10FA01F0148667
:100E600018EE100A30F034FA02460B462046564976
:100E700032F048FE214605A8F0F702F8534905A8CC
:100E8000EFF7FEFF099B6BB11A68D5683E4A9542A1
:100E900042F05085186D002802F006824C49152258
:100EA00026F0F4F84B4D37492A68204632F02AFEE6
:100EB000214605A8EFF7E4FF099B6BB11A68D768D4
:100EC000314A974242F03C85186D002802F00A82B0
:100ED00041490E2226F0DAF86A682A49204632F0A3
:100EE00011FE214605A8EFF7CBFF099B6BB11A68ED
:100EF000D768254A974242F04185186D002802F0D4
:100F0000E7813649072226F0C1F895ED038AF7EE0E
:100F1000000AB0EE480A2FF04FF9B5EE400AF1EEA4
:100F200010FA01F0A78518EE100A30F0D1F9024648
:100F30000B462046244932F0E5FD214605A8EFF78F
:100F40009FFF274D274905A8EFF79AFF264905A8D7
:100F5000EFF742FC2A680B49204632F0D3FD2146C8
:100F600005A8EFF78DFF099B002B47D01A68D768BB
:100F7000054A974242F0D88438E000BFA4D004006C
:100F80004CCD040028C70400290C00005CCD0400EF
:100F900068CD0400ACD004007CCD04008CCD0400EE
:100FA00098CD0400B010FF1FB4D00400CCD00400D2
:100FB000D8D00400F4D004000CD1040020D10400E7
:100FC0002808FF1F30D1040038C8040038D10400BD
:100FD00044D10400C010FF1F5CD104006CD1040098
:100FE000D010FF1F74D1040080D10400186D0028B8
:100FF00002F05081B6490E2226F048F86A68B549D9
:10100000204632F07FFD214605A8EFF739FF099B06
:101010006BB11A68D768B04A974242F09784186D4E
:10102000002802F02D81AD49072226F02FF895ED1A
:10103000038AF7EE000AB0EE480A2FF0BDF8B5EECD
:10104000400AF1EE10FA01F00B8518EE100A30F0AC
:101050003FF902460B462046A14932F053FD214696
:1010600005A8EFF70DFF9F4D9F4905A8EFF708FF73
:101070009E4905A8EFF7B0FB2A689649204632F052
:1010800041FD214605A8EFF7FBFE099B6BB11A68ED
:10109000D768914A974242F08F84186D002802F079
:1010A000E58093490E2225F0F1FF6A6889492046C0
:1010B00032F028FD214605A8EFF7E2FE099B6BB14F
:1010C0001A68D768844A974242F07C84186D0028D9
:1010D00002F0C2808749072225F0D8FF95ED038AE8
:1010E000F7EE000AB0EE480A2FF066F8B5EE400AB7
:1010F000F1EE10FA01F0AA8418EE100A30F0E8F8C8
:1011000002460B462046764932F0FCFC214605A8F3
:10111000EFF7B6FE784D794905A8EFF7B1FE7849AB
:1011200005A8EFF759FB2A686A49204632F0EAFC25
:10113000214605A8EFF7A4FE724905A8EFF74CFB7E
:101140006A686449204632F0DDFC214605A8EFF7C5
:1011500097FE099B6BB11A68D7685F4A974242F0C5
:101160003784186D002801F001876749072225F0B0
:101170008DFF95ED038AF7EE000AB0EE480A2FF0D6
:101180001BF8B5EE400AF1EE10FA01F0558418EEA6
:10119000100A30F09DF802460B462046504932F0C6
:1011A000B1FC214605A8EFF76BFE5849584D05A83C
:1011B000EFF766FE574905A8EFF762FE534905A809
:1011C000EFF75EFE544905A8EFF706FB2A68414990
:1011D000204632F097FC214605A8EFF751FE4F4913
:1011E00005A8EFF74DFE099B6BB11A68D7683A4A1C
:1011F000974242F00385186D002801F0AD864849FA
:101200000B2225F043FF6A683249204632F07AFC0F
:10121000214605A8EFF734FE424905A8EFF7DCFAAE
:10122000AA682C49204632F06DFC214605A8EFF74C
:1012300027FE3D4905A8EFF7CFFAEA682549204681
:1012400032F060FC214605A8EFF71AFE099B6BB14E
:101250001A68D768204A974242F0D684186D002851
:1012600001F0988631490C2225F010FF95ED0D8A8A
:10127000F7EE000AB0EE480A2EF09EFFB5EE400AE7
:10128000F1EE10FA01F0CE8318EE100A30F020F8DB
:1012900002460B462046124932F034FC214605A88E
:1012A000EFF7EEFD0C2121482EF042FD686B30F087
:1012B0000FF80B460621024600911D48EFF768FA29
:1012C0001B482146EFF7DCFD099B002B40D031E0A5
:1012D00098D1040028C70400290C0000A8D10400FC
:1012E00038C80400E010FF1FB0D10400BCD10400D6
:1012F000D4D10400E4D10400F010FF1FECD10400AD
:10130000F8D1040010D2040020D204000CC704005D
:10131000C011FF1F28D20400CCCC040074C8040004
:10132000F4CC040000CD04000CCD040030D2040045
:101330002808FF1F1A68D768B74A974242F0C4834B
:10134000186D002801F01C86B4490C2225F09EFE81
:1013500095ED118AF7EE000AB0EE480A2EF02CFF48
:10136000B5EE400AF1EE10FA01F0528318EE100AC1
:101370002FF0AEFF02460B462046A94932F0C2FBD1
:10138000214605A8EFF77CFDA64905A8EFF778FDF3
:10139000099B6BB11A68D7689F4A974242F028842C
:1013A000186D002801F01E869F490B2225F06EFE65
:1013B0002A699E49204632F0A5FB214605A8EFF791
:1013C0005FFD099B6BB11A68D768934A974242F058
:1013D0009383186D002801F0FB859549082225F0BC
:1013E00055FE6A699149204632F08CFB214605A8DA
:1013F000EFF746FD8F49122205A8EFF7FDF9AA691C
:101400008A49204632F07EFB214605A8EFF738FDD9
:10141000894905A8EFF7E0F995ED0E8AF7EE000A85
:10142000B0EE480A2EF0C8FEB5EE400AF1EE10FA12
:1014300001F0E48218EE100A2FF04AFF02460B4634
:101440002046774932F05EFB214605A8EFF718FDEC
:10145000099B6BB11A68D7686F4A974242F02283A2
:10146000186D002801F0AA8574490C2225F00EFEA3
:1014700095ED128AF7EE000AB0EE480A2EF09CFEB7
:10148000B5EE400AF1EE10FA01F0AE8218EE100A45
:101490002FF01EFF02460B462046614932F032FB18
:1014A000214605A8EFF7ECFC654905A8EFF7E8FC35
:1014B000099B6BB11A68D768574A974242F0F88285
:1014C000186D002801F070855E490C2225F0DEFDC4
:1014D000EA695649204632F015FB214605A8EFF788
:1014E000CFFC594905A8EFF777F92A6A4F492046FA
:1014F00032F008FB214605A8EFF7C2FC099B6BB14F
:101500001A68D768444A974242F0D882186D00287A
:1015100001F0A4854D49132225F0B8FD6A6A4349BC
:10152000204632F0EFFA214605A8EFF7A9FC099B07
:101530006BB11A68D768384A974242F08982186DB1
:10154000002801F081854249102225F09FFD95ED8C
:101550000F8AF7EE000AB0EE480A2EF02DFEB5EE27
:10156000400AF1EE10FA01F0358218EE100A2FF061
:10157000AFFE02460B462046294932F0C3FA214607
:1015800005A8EFF77DFC099B6BB11A68D768224A62
:10159000974242F06382186D002801F0B3852D490F
:1015A000102225F073FD95ED138AF7EE000AB0EED8
:1015B000480A2EF001FEB5EE400AF1EE10FA01F0F5
:1015C000DF8118EE100A2FF083FE02460B462046FC
:1015D000134932F097FA214605A8EFF751FC1E494E
:1015E00005A8EFF74DFC099B6BB11A68D7680A4A4A
:1015F000974242F05182186D002801F03985174951
:101600000C2225F043FDAA6A0849204632F07AFAF6
:10161000214605A824E000BF290C000040D20400A8
:1016200038C80400C0C8040020CD040028C7040046
:101630002CCD040038CD040050D2040060D2040048
:1016400084C904004CCD04005CCD040068CD0400C6
:1016500070D2040084D2040004CA04007CCD0400CB
:10166000EFF70EFCB54905A8EFF7B6F8EA6AB449FA
:10167000204632F047FA214605A8EFF701FCB149B0
:1016800005A8EFF7A9F82A6BAD49204632F03AFADF
:10169000214605A8EFF7F4FBAB4905A8EFF79CF846
:1016A00095ED108AF7EE000AB0EE480A2EF084FDA0
:1016B000B5EE400AF1EE10FA01F0588118EE100A6A
:1016C0002FF006FE02460B462046A04932F01AFAD9
:1016D000214605A8EFF7D4FB099B6BB11A68D768C0
:1016E0009B4A974242F0AE81186D002801F0A28417
:1016F0009849102225F0CAFC95ED148AF7EE000AED
:10170000B0EE480A2EF058FDB5EE400AF1EE10FAA0
:1017100001F0228118EE100A2FF0DAFD02460B4686
:1017200020468A4932F0EEF9214605A8EFF7A8FBDA
:10173000894905A8EFF7A4FB884905A8EFF7A0FBA6
:10174000854905A8EFF79CFB854905A8EFF798FBAD
:10175000844905A8EFF794FB834905A8EFF790FBB0
:10176000824905A8EFF738F8726F7549204632F0C4
:10177000C9F9214605A8EFF783FB099B6BB11A68ED
:10178000D568734A954242F06F81186D002801F0C8
:1017900047847749132225F079FC96ED1C8AF7EEF1
:1017A000000AB0EE480A2EF007FDB5EE400AF1EE51
:1017B00010FA01F0C78018EE100A2FF089FD0246DA
:1017C0000B462046614932F09DF9214605A8EFF706
:1017D00057FB634905A8EFF753FB664905A8EFF7E8
:1017E0004FFB099B6BB11968594ACD68954242F08D
:1017F0007181186D002801F009845F49072225F0E6
:1018000045FC5E4D4E492A685D4E204632F07AF91D
:10181000214605A8EFF734FB5A4905A8EFF730FB3E
:10182000594905A8EEF7D8FFB26D4549204632F078
:1018300069F9214605A8EFF723FB544905A8EFF7FE
:101840001FFB099B6BB11A68D768414A974242F067
:101850004781186D002801F0CF834D49112225F0F2
:1018600015FC6A683649204632F04CF9214605A835
:10187000EFF706FB474905A8EEF7AEFFAA68304927
:10188000204632F03FF9214605A8EFF7F9FA424920
:1018900005A8EEF7A1FFEA6A2949204632F032F99D
:1018A000214605A8EFF7ECFA3C4905A8EFF7E8FA5E
:1018B000099B6BB11A68D768254A974242F0168196
:1018C000186D002801F00A8635490B2225F0DEFB51
:1018D000EA681B49204632F015F9214605A8EFF7C2
:1018E000CFFA304905A8EEF777FF2A691449204658
:1018F00032F008F9214605A8EFF7C2FA2A4905A8EF
:10190000EEF76AFF2A6B0E49204632F0FBF82146BB
:1019100005A8EFF7B5FA254905A8EFF7B1FA24496C
:1019200005A8EEF759FF6A690549204632F0EAF842
:10193000214605A8EFF7A4FA3CE000BF8CCD0400D7
:1019400028C7040098CD040098D2040038C80400C9
:10195000290C0000ACD204000CC70400C0D2040063
:10196000CCD20400E8D2040020D3040078D00400D4
:1019700090D0040040D30400CCCC04007814FF1FA6
:10198000A012FF1F6CD3040080D30400ECC7040036
:10199000D8CB0400ECCB0400D8CC040074C80400FD
:1019A000F4CC040000CD04000CCD0400C0C8040039
:1019B00020CD0400099B6BB11A68D768AD4A9742E5
:1019C00041F0A386186D002801F07E85AA490822FF
:1019D00025F05CFBAA69A949204632F093F821461C
:1019E00005A8EFF74DFAA64905A8EEF7F5FE6A6BD4
:1019F000A249204632F086F8214605A8EFF740FAC2
:101A0000A04905A8EFF73CFA099B6BB11A68D768A3
:101A1000984A974241F07F86186D002801F0728540
:101A200099490C2225F032FBEA699449204632F0AC
:101A300069F8214605A8EFF723FA099B6BB11A68EC
:101A4000D7688C4A974241F0F186186D002801F062
:101A50004F858E49092225F019FB2A6A87492046BD
:101A600032F050F8214605A8EFF70AFA884905A890
:101A7000EEF7B2FEAA6B8149204632F043F82146C8
:101A800005A8EFF7FDF9834905A8EFF7F9F9099BD8
:101A90006BB11A68D768774A974241F03086186D63
:101AA000002801F057857C490C2225F0EFFA6A6A7C
:101AB0007249204632F026F8214605A8EFF7E0F9F2
:101AC000099B6BB11A68D7686A4A974241F0C6868B
:101AD000186D002801F034857049092225F0D6FAE6
:101AE000AA6A6649204632F00DF8214605A8EFF7AC
:101AF000C7F9099B6BB11A68D7685E4A974241F0F3
:101B00004686186D002801F011856549132225F0DD
:101B1000BDFAEA6B5949204631F0F4FF214605A889
:101B2000EFF7AEF95F4905A8EFF7AAF95E4905A8F6
:101B3000EFF7A6F95B4905A8EFF7A2F95B4905A8FD
:101B4000EFF79EF9099B6BB11A68D768494A97422B
:101B500041F02386186D002801F0DE8454491722D5
:101B600025F094FA6A6C4549204631F0CBFF2146B6
:101B700005A8EFF785F9099B6BB11A68D7683D4A4C
:101B8000974241F01086186D002801F037844949CA
:101B90000C2225F07BFA95ED138AF7EE000AB0EEE1
:101BA000480A2EF009FBB5EE400AF1EE10FA00F0FB
:101BB000BF8618EE100A2FF08BFB02460B4620461C
:101BC0003D4931F09FFF214605A8EFF759F93B4900
:101BD00005A8EFF755F9099B6BB11A68D768254A34
:101BE000974241F04786186D002801F0FD83344983
:101BF0000A2225F04BFA2A6C2049204631F082FF58
:101C0000214605A8EFF73CF9099B6BB11A68D76824
:101C1000184A974241F03486186D002801F04A8432
:101C20002849092225F032FA95ED128AF7EE000ACA
:101C3000B0EE480A2EF0C0FAB5EE400AF1EE10FA06
:101C400000F06C8618EE100A2FF042FB02460B469D
:101C50002046194931F056FF214605A8EFF710F943
:101C6000104905A8EFF70CF9174905A8EFF708F98F
:101C70002CE000BF290C00002CCD040028C7040074
:101C800038CD040084C904004CCD04005CCD0400B0
:101C900068CD040004CA04007CCD04008CCD04008F
:101CA00098CD04000CC7040090D3040098D304001E
:101CB000B8D30400D0D3040038C80400E0D3040033
:101CC00004D40400F0D4040010D40400BC4905A8D6
:101CD000EFF7D6F8BB4905A8EFF7D2F8099B6BB12F
:101CE0001A68D568B84A954241F01B85186D0028DE
:101CF00001F0D683B549062225F0C8F9F26DB44942
:101D0000204631F0FFFE214605A8EFF7B9F8B149AA
:101D100005A8EFF7B5F8099B6BB11A68D568AA4A10
:101D2000954241F0A185186D002801F05383AA491E
:101D30000D2225F0ABF9326CA549204631F0E2FEC8
:101D4000214605A8EFF79CF8A449172205A8EEF74D
:101D500053FD96ED148AF7EE000AB0EE480A2EF015
:101D60002BFAB5EE400AF1EE10FA00F0CD8518EE30
:101D7000100A2FF0ADFA02460B462046984931F082
:101D8000C1FE214605A8EFF77BF894499548EEF788
:101D900023FD306D2FF09CFA0B4606210246009180
:101DA0009048EEF7F5FC8F482146EFF769F8099B5C
:101DB0006BB11A68D568844A954241F06785186D01
:101DC000002801F0FD828849162225F05FF996ED82
:101DD000138AF7EE000AB0EE480A2EF0EDF9B5EEE0
:101DE000400AF1EE10FA00F0858518EE100A2FF087
:101DF0006FFA02460B462046794931F083FE2146B0
:101E000005A8EFF73DF8794905A8EFF739F87849C3
:101E100005A8EEF7E1FCF26B6D49204631F072FE49
:101E2000214605A8EFF72CF8724905A8EEF7D4FC77
:101E300096ED128AF7EE000AB0EE480A2EF0BCF9D1
:101E4000B5EE400AF1EE10FA00F04A8518EE100ADD
:101E50002FF03EFA02460B462046614931F052FE11
:101E6000214605A8EFF70CF8634905A8EEF7B4FC86
:101E700096ED118AF7EE000AB0EE480A2EF09CF9B2
:101E8000B5EE400AF1EE10FA00F0208518EE100AC7
:101E90002FF01EFA02460B462046514931F032FE21
:101EA000214605A8EEF7ECFF544905A8EEF794FC8F
:101EB00096ED1B8AF7EE000AB0EE480A2EF07CF988
:101EC000B5EE400AF1EE10FA00F0F68418EE100AB2
:101ED0002FF0FEF902460B462046414931F012FE32
:101EE000214605A8EEF7CCFF099B6BB11A68D568AF
:101EF000354A954241F00085186D002801F0568260
:101F00003F49122225F0C2F896ED1A8AF7EE000A30
:101F1000B0EE480A2EF050F9B5EE400AF1EE10FA94
:101F200000F0C08418EE100A2FF0D2F902460B46DA
:101F300020462B4931F0E6FD214605A8EEF7A0FF2B
:101F4000304905A8EEF79CFF099B6BB11A68D5686C
:101F50001D4A954241F0D684186D002801F01C827C
:101F600029490A2225F092F8326E1949204631F0AB
:101F7000C9FD214605A8EEF783FF114905A8EEF734
:101F80007FFF224905A8EEF77BFF0D4905A8EEF774
:101F900077FF1F4905A8EEF773FF099B002B3BD085
:101FA0001968094ACD68954241F0B284186D00283D
:101FB00001F0E48217490C2225F068F82CE000BFFC
:101FC0000CC7040018D40400290C000044D40400F9
:101FD00028C704004CD4040058D4040068D404007A
:101FE00038C804002808FF1F80D4040098D40400D7
:101FF000A0D40400B0D40400CCD40400E4D4040081
:10200000FCD4040010D504003CD5040048D50400DD
:1020100054D5040094D50400B94DBA49AA682046A5
:1020200031F070FD214605A8EEF72AFF099B6BB140
:102030001A68D668B44A964241F00484186D0028A4
:1020400001F09282B1490F2225F020F895ED038A24
:10205000F7EE000AB0EE480A2EF0AEF8B5EE400AF0
:10206000F1EE10FA00F0148418EE100A2FF030F997
:1020700002460B462046A64931F044FD214605A8FC
:10208000EEF7FEFE099B6BB11A68D6689E4A96422F
:1020900041F0DE83186D002801F084829D490D22F5
:1020A00024F0F4FF2A699749204631F02BFD2146A0
:1020B00005A8EEF7E5FE984905A8EEF78DFB95ED2E
:1020C000068AF7EE000AB0EE480A2EF075F8B5EE73
:1020D000400AF1EE10FA00F0D28318EE100A2FF049
:1020E000F7F802460B462046894931F00BFD2146A0
:1020F00005A8EEF7C5FE894905A8EEF7C1FE884997
:1021000005A8EEF7BDFE854905A8EEF7B9FE7F49A3
:1021100005A8EEF761FB95ED088AF7EE000AB0EE30
:10212000480A2EF049F8B5EE400AF1EE10FA00F038
:102130009D8318EE100A2FF0CBF802460B4620467E
:10214000734931F0DFFC214605A8EEF799FE71498D
:1021500005A8EEF741FBEA696A49204631F0D2FC56
:10216000214605A8EEF78CFE099B6BB11A68D6686C
:10217000654A964241F0ED82186D002801F0088210
:1021800065490E2224F082FFE86A2FF0A1F80B4681
:1021900002465F49204631F0B5FC214605A8EEF71E
:1021A0006FFE604905A8EEF76BFE099B6BB11A68DC
:1021B000D668554A964241F03F83186D002801F0D9
:1021C00019825949112224F061FF6D6A07EE905A75
:1021D000F7EE000AB8EE670A2DF0EEFFB5EE400A02
:1021E000F1EE10FA14BF4A4946492A46204631F01A
:1021F00089FC214605A8EEF743FE484905A8EEF7FD
:102200003FFE4A4905A8EEF73BFE444905A8EEF714
:1022100037FE099B6BB119683B4ACD68954241F086
:102220000B84186D002801F0DB814149072224F05E
:102230002DFF404D33496A6C204631F063FC214646
:1022400005A8EEF71DFE099B6BB11A68D6682E4AE9
:10225000964241F06C82186D002801F0B781364932
:10226000072224F013FF95ED0F8AF7EE000AB0EE77
:10227000480A2DF0A1FFB5EE400AF1EE10FA00F089
:10228000EC8218EE100A2FF023F802460B46204687
:102290001F4931F037FC214605A8EEF7F1FD099BF7
:1022A0006BB11A68D668184A964241F04682186D9A
:1022B000002801F081812149072224F0E7FE95EDF5
:1022C000108AF7EE000AB0EE480A2DF075FFB5EE61
:1022D000400AF1EE10FA00F0B78218EE100A2EF064
:1022E000F7FF02460B462046094931F00BFC214618
:1022F00005A8EEF7C5FD124905A8EEF7C1FD21E0DE
:102300004410FF1F28C70400290C0000A4D50400B6
:1023100038C80400B4D50400C4D504000CC70400B8
:10232000D4D50400E0D50400FCD5040010D6040088
:10233000CCCC04001013FF1F18D6040020D60400D4
:10234000ECC70400099B6BB11A68D668B54A96427F
:1023500041F0F981186D002801F08881B2491322FB
:1023600024F094FE95ED178AF7EE000AB0EE480AC5
:102370002DF022FFB5EE400AF1EE10FA00F05B827C
:1023800018EE100A2EF0A4FF02460B462046A7497D
:1023900031F0B8FB214605A8EEF772FD099B6BB141
:1023A0001A68D6689F4A964241F07C82186D0028D0
:1023B00001F052819E49112224F068FE2A689D494D
:1023C000204631F09FFB214605A8EEF759FD9A49BA
:1023D00005A8EEF701FA6A699649204631F092FBAA
:1023E000214605A8EEF74CFD944905A8EEF7F4F94F
:1023F000AA6A9049204631F085FB214605A8EEF7F0
:102400003FFD8F4905A8EEF73BFD099B6BB11A68AC
:10241000D668844A964241F04B82186D002801F03C
:10242000398188490B2224F031FE6A6881492046AF
:1024300031F068FB214605A8EEF722FD099B6BB140
:102440001A68D668774A964241F05381186D002881
:1024500001F016817C49082224F018FEAA6975490A
:10246000204631F04FFB214605A8EEF709FD099BF8
:102470006BB11A68D6686B4A964241F00D82186DAE
:10248000002801F0DF807149122224F0FFFDEA6A82
:102490006849204631F036FB214605A8EEF7F0FCEE
:1024A0006B4905A8EEF798F995ED138AF7EE000A47
:1024B000B0EE480A2DF080FEB5EE400AF1EE10FABB
:1024C00000F0B08118EE100A2EF002FF02460B4613
:1024D0002046564931F016FB214605A8EEF7D0FC00
:1024E0005C4905A8EEF7CCFC5B4905A8EEF774F94A
:1024F000AA685049204631F005FB214605A8EEF7B1
:10250000BFFC099B6BB11A68D668464A964241F0F7
:10251000D581186D002801F08B805049082224F0E5
:10252000B5FDEA694349204631F0ECFA214605A899
:10253000EEF7A6FC4A4905A8EEF74EF92A6B3D498D
:10254000204631F0DFFA214605A8EEF799FC099BF9
:102550006BB11A68D668334A964241F05D82186DB5
:10256000002801F05B803F490C2224F08FFD95ED9F
:10257000148AF7EE000AB0EE480A2DF01DFEB5EE03
:10258000400AF1EE10FA00F0448118EE100A2EF025
:102590009FFE02460B462046244931F0B3FA2146FD
:1025A00005A8EEF76DFC304905A8EEF769FC2F4948
:1025B00005A8EEF711F9EA681E49204631F0A2FAA3
:1025C000214605A8EEF75CFC294905A8EEF704F9B9
:1025D0002A6A1849204631F095FA214605A8EEF7F7
:1025E0004FFC244905A8EEF7F7F86A6B114920461D
:1025F00031F088FA214605A8EEF742FC1E4905A8ED
:10260000EEF7EAF895ED158AF7EE000AB0EE480A03
:102610002DF0D2FDB5EE400AF1EE10FA00F0F08098
:102620002CE000BF290C000028D6040038C80400A4
:10263000D8CB040028C70400ECCB0400D8CC04009D
:1026400074C80400F4CC040000CD04000CCD0400D8
:102650003CD60400C0C8040020CD04002CCD0400EA
:1026600038CD04004CD6040084C904004CCD0400CD
:102670005CCD040068CD04005CD6040018EE100A9E
:102680002EF026FE02460B462046C24931F03AFAA9
:10269000214605A8EEF7F4FBBF4905A8EEF7F0FBCD
:1026A000BE4905A8EEF798F82A69BD49204631F0E1
:1026B00029FA214605A8EEF7E3FB099B6BB11A68DE
:1026C000D668B84A964241F0AD81186D002800F0F6
:1026D0009B87B549092224F0D9FC6A6AB049204693
:1026E00031F010FA214605A8EEF7CAFBAF4905A85C
:1026F000EEF772F8AA6BAA49204631F003FA214698
:1027000005A8EEF7BDFBAA4905A8EEF765F895ED1B
:10271000168AF7EE000AB0EE480A2DF04DFDB5EE30
:10272000400AF1EE10FA62D018EE100A2EF0D0FD39
:1027300002460B462046974931F0E4F9214605A8A8
:10274000EEF79EFB9B4905A8EEF79AFB099CB4B1F6
:102750002368994ADB6A934241F06A81A06D18B1FF
:102760002FF026FC0023A365236D002B00F0B58716
:1027700004F1180026F0EAF805A8EEF757FD8F4996
:102780008F48904CEEF77CFB8F4902A82AF048FA5C
:1027900002A8EDF7F9FE02A82AF09AFA216802A829
:1027A0002AF03EFA02A8EDF7EFFE02A82AF090FA0E
:1027B000864902A82AF034FA02A8EDF7E5FE02A83D
:1027C0002AF086FA216802A82AF02AFA02A8EDF770
:1027D000DBFE02A82AF07CFA099B7D4A059213B120
:1027E00005A8EEF723FD1BB0BDEC028BF0BDFDEE9E
:1027F000C87A6B4917EE902A204631F083F99DE79D
:10280000FDEEC87A664917EE902A204631F07AF933
:102810003EE7FDEEC87A624917EE902A204631F075
:1028200071F9BCE6FDEEC87A5D4917EE902A2046A4
:1028300031F068F950E6FDEEC87A594917EE902A52
:10284000204631F05FF9A5E5FDEEC87A544917EE50
:10285000902A204631F056F949E5FDEEC87A5049F4
:1028600017EE902A204631F04DF914E5FDEEC87AB6
:102870004B4917EE902A204631F044F963E4FDEE0F
:10288000C87A474917EE902A204631F03BF92EE4EA
:10289000FDEEC87A424917EE902A204631F032F90F
:1028A000FFF7ECBBFDEEC87A3D4917EE902A2046B3
:1028B00031F028F9FFF740BBFDEEC87A384917EE32
:1028C000902A204631F01EF9FFF70ABBFDEEC87AC8
:1028D000334917EE902A204631F014F9FFF7E0BA99
:1028E000FDEEC87A2E4917EE902A204631F00AF9FB
:1028F000FFF7B6BAFDEEC87A294917EE902A2046AE
:1029000031F000F9FFF77BBAFDEEC87A244917EEE3
:10291000902A204631F0F6F8FFF733BAFDEEC87A78
:102920001F4917EE902A204631F0ECF8FFF794B9D2
:10293000FDEEC87A1A4917EE902A204631F0E2F8E7
:10294000FFF741B9FDEEC87A154917EE902A2046E7
:1029500031F0D8F8FEF739BFFDEEC87A104917EE0E
:10296000902A204631F0CEF8FEF7DEBEFDEEC87AA2
:102970000B4917EE902A204631F0C4F8FEF7A8BEA6
:10298000FDEEC87A064917EE902A204631F0BAF8D3
:10299000FEF721BE38C8040004CA04007CCD040040
:1029A00028C70400290C00008CCD040098CD040039
:1029B0006CD604007CD60400D104000088D6040044
:1029C0002808FF1F4807FF1FA0D604004CF1040091
:1029D000E80D0500FDEEC87AD54917EE902A20468D
:1029E00031F090F8FEF7CBBDFDEEC87AD04917EE76
:1029F000902A204631F086F8FEF752BDFDEEC87AE7
:102A0000CB4917EE902A204631F07CF8FEF71CBD2A
:102A1000FDEEC87AC64917EE902A204631F072F8CA
:102A2000FEF7AEBCFDEEC87AC14917EE902A2046EB
:102A300031F068F8FEF732BCFDEEC87ABC4917EEFB
:102A4000902A204631F05EF8FEF7ABBBFDEEC87A67
:102A5000B74917EE902A204631F054F8FEF756BBDE
:102A6000FDEEC87AB24917EE902A204631F04AF8B6
:102A7000FEF7F5BAFDEEC87AAD4917EE902A20466A
:102A800031F040F8FEF759BAFDEEC87AA84917EEC2
:102A9000902A204631F036F8FEF7ECB9FDEEC87A00
:102AA000A34917EE902A204631F02CF8FEF77BB8A8
:102AB000FDEEC87A9E4917EE902A204631F022F8A2
:102AC000FDF7D7BFFDEEC87A994917EE902A204648
:102AD00031F018F8FDF713BFFDEEC87A944917EEF0
:102AE000902A204631F00EF8FDF774BEFDEEC87A4C
:102AF0008F4917EE902A204631F004F8FDF7EEBD1D
:102B0000FDEEC87A8A4917EE902A204630F0FAFF87
:102B1000FDF704BDFDEEC87A854917EE902A2046E0
:102B200030F0F0FFFDF794B8FDEEC87A804917EE5B
:102B3000902A204630F0E6FFFDF757B8FDEEC87A40
:102B40007B4917EE902A204630F0DCFFFDF713B8E2
:102B5000FDEEC87A764917EE902A204630F0D2FF73
:102B6000FCF7A7BFFDEEC87A714917EE902A204600
:102B700030F0C8FFFCF758BFFDEEC87A6C4917EE7D
:102B8000902A204630F0BEFFFCF720BFFDEEC87A49
:102B9000674917EE902A204630F0B4FFFCF79ABE42
:102BA000FDEEC87A624917EE902A204630F0AAFF5F
:102BB000FCF712BEFDEEC87A5D4917EE902A20465A
:102BC00030F0A0FFFCF796BDFDEEC87A584917EE2D
:102BD000902A204630F096FFFCF7D9BC586D0028AB
:102BE0003CF409AC53490E2222F0C2FBFCF703BCB3
:102BF000586D00283CF4BEAD4F490D2222F0B8FBC1
:102C0000FCF7B8BD586D00283CF488AD4B490B2249
:102C100022F0AEFBFCF782BD586D00283CF445ADB8
:102C200047490E2222F0A4FBFCF73FBD586D002857
:102C30003CF422AD43490D2222F09AFBFCF71CBD67
:102C4000586D00283CF41DAC3F490D2222F090FB4A
:102C5000FCF717BC586D00283CF4F9AB3B49132234
:102C600022F086FBFCF7F3BB586D00283CF46AACFD
:102C70003749142222F07CFBFCF764BC586D002815
:102C80003CF447AC3349132222F072FBFCF741BC01
:102C9000586D00283CF4D2AD2F49102222F068FB79
:102CA000FCF7CCBD586D00283CF4AAAD2B490B2293
:102CB00022F05EFBFCF7A4BD586D00283CF4F2AD99
:102CC0002749142222F054FBFCF7ECBD586D002874
:102CD0003CF4CEAD2349112222F04AFBFCF7C8BDDB
:102CE000586D00283CF416AF1F490F2222F040FB1C
:102CF000FCF710BF586D00283CF4F3AE1B490E22C0
:102D000022F036FBFCF7EDBE586D00283CF4B9AE5E
:102D10001749092222F02CFBFCF7B3BE586D00289E
:102D20003CF496AE1349122222F022FBFCF790BE2F
:102D300028C7040058C70400E0C80400B4C8040051
:102D400090C8040080C80400ACC7040098C7040001
:102D50000CC80400F8C7040034C9040014C90400F6
:102D60005CC9040048C9040020CA040010CA040059
:102D7000F8C90400E4C90400586D00283DF433A8E4
:102D8000C049072222F0F4FAFDF72DB8586D00284B
:102D90003DF410A8BC49072222F0EAFAFDF70AB870
:102DA000586D00283CF4EDAFB849062222F0E0FA55
:102DB000FCF7E7BF586D00283CF4CAAFB4490622BF
:102DC00022F0D6FAFCF7C4BF586D00283CF4F5AEEB
:102DD000B049122222F0CCFAFCF7EFBE586D002861
:102DE0003CF4B1AEAC490D2222F0C2FAFCF7ABBE06
:102DF000586D00283CF493AFA849062222F0B8FA97
:102E0000FCF78DBF586D00283CF446AFA44906225C
:102E100022F0AEFAFCF740BF586D00283DF478AAC6
:102E2000A049082222F0A4FAFDF772BA586D0028D2
:102E30003DF422AA9C490B2222F09AFAFDF71CBA13
:102E4000586D00283DF4FBA99849122222F090FA0F
:102E5000FDF7F5B9586D00283DF4D8A9944908222A
:102E600022F086FAFDF7D2B9586D00283DF47FA90B
:102E700090490E2222F07CFAFDF779B9586D0028AE
:102E80003DF45CA98C49112222F072FAFDF756B983
:102E9000586D00283DF4A1A988490B2222F068FA58
:102EA000FDF79BB9586D00283DF47AA98449182292
:102EB00022F05EFAFDF774B9586D00283CF4D6AFE5
:102EC00080490C2222F054FAFCF7D0BF586D00283C
:102ED0003CF4A2AF7C49072222F04AFAFCF79CBFDF
:102EE000586D00283DF418A87349112222F040FAC9
:102EF000FDF712B8586D00283CF4E4AF7349062280
:102F000022F036FAFCF7DEBF586D00283DF4F8A831
:102F10006F49072222F02CFAFDF7F2B8586D00280D
:102F20003DF4B6A86B49112222F022FAFDF7B0B8A1
:102F3000586D00283DF422A86749102222F018FAA3
:102F4000FDF71CB8586D00283CF4FFAF59490E221C
:102F500022F00EFAFCF7F9BF586D00283EF453A991
:102F600056490B2222F004FAFEF74DB9586D00289D
:102F70003EF4FFA85949072222F0FAF9FEF7F9B802
:102F8000586D00283EF4E4A955490C2222F0F0F9CE
:102F9000FEF7DEB9586D00283EF468A951490C22AD
:102FA00022F0E6F9FEF762B9586D00283EF490AAC7
:102FB0004D490C2222F0DCF9FEF78ABA586D002840
:102FC0003EF456AA49490C2222F0D2F9FEF750BA33
:102FD000586D00283EF405AA3249082222F0C8F9AB
:102FE000FEF7FFB9586D00283EF4E2A92E490B22E6
:102FF00022F0BEF9FEF7DCB9586D00283EF431AC82
:103000002D49112222F0B4F9FEF72BBC586D00288F
:103010003EF4F7AB2E49072222F0AAF9FEF7F1BBE6
:10302000586D00283EF4B9AB3149132222F0A0F9C3
:10303000FEF7B3BB586D00283EF45EAB2D4910225D
:1030400022F096F9FEF758BB586D00283EF47FAA8F
:103050002949102222F08CF9FEF779BA586D002820
:103060003EF45CAA2549132222F082F9FEF756BAF3
:10307000586D00283EF4C7AA21490C2222F078F9A5
:10308000FEF7C1BAF0CA0400E8CA0400E0CA0400AE
:10309000D8CA040050CA040030CA0400D0CA0400D0
:1030A000C8CA04002CCD040020CD04000CCD0400BF
:1030B00000CD0400ECCB0400D8CB0400F4CC040019
:1030C000D8CC040048CB0400F8CA04008CCB040020
:1030D000CCCC040068CC0400FCCB040020D204005B
:1030E00040D2040030D204004CCD040060D2040071
:1030F00090D00400ACD2040070D2040068CD04006B
:103100007CCD0400586D00283EF44DAAC049102221
:1031100022F02EF9FEF747BA586D00283DF4CDA9EC
:10312000BC49182222F024F9FDF7C7B9586D0028D0
:103130003DF450A9B849092222F01AF9FDF74AB91D
:10314000586D00283DF438AAB449082222F010F93D
:10315000FDF732BA586D00283DF4C8A9B0491722CE
:1031600022F006F9FDF7C2B9586D00283DF400AB16
:10317000AC49082222F0FCF8FDF7FABA586D002895
:103180003DF4DDAAA8490B2222F0F2F8FDF7D7BAE8
:10319000586D00283DF48AAAA449112222F0E8F8CB
:1031A000FDF784BA586D00283DF467AAA0491222A1
:1031B00022F0DEF8FDF761BA586D00283DF46DACE1
:1031C0009C49092222F0D4F8FDF767BC586D00280D
:1031D0003DF437AC9849122222F0CAF8FDF731BC11
:1031E000586D00283DF4FAAB94490C2222F0C0F847
:1031F000FDF7F4BB586D00283DF4C6AB9049092299
:1032000022F0B6F8FDF7C0BB586D00283DF420ABA6
:103210008C490C2222F0ACF8FDF71ABB586D00283F
:103220003DF4ECAA8849082222F0A2F8FDF7E6BA9C
:10323000586D00283DF44BAB8449122222F098F8D7
:10324000FDF745BB586D00283DF41BAB80490922B2
:1032500022F08EF8FDF715BB586D00283DF43EAF07
:103260007C49072222F084F8FDF738BF586D00280A
:103270003DF41BAF78490E2222F07AF8FDF715BF16
:10328000586D00283DF4D3AE7449072222F070F83F
:10329000FDF7CDBE586D00283DF4B0AE70490E224A
:1032A00022F066F8FDF7AABE586D00283DF4FAAD8D
:1032B0006C49152222F05CF8FDF7F4BD586D00282A
:1032C0003DF4C0AD6849072222F052F8FDF7BABDBF
:1032D000586D00283DF419AE6449072222F048F8E1
:1032E000FDF713BE586D00283DF4F6AD60490E227F
:1032F00022F03EF8FDF7F0BD586D00283DF42EACED
:103300005C49172222F034F8FDF728BC586D0028DC
:103310003DF407AC5849082222F02AF8FDF701BC19
:10332000586D00283DF470AC54490E2222F020F86C
:10333000FDF76ABC586D00283DF44DAC5049112290
:1033400022F016F8FDF747BC586D00283DF455AD46
:103350004C490E2222F00CF8FDF74FBD586D0028A5
:103360003DF407AD2C49092222F002F8FDF701BD1A
:10337000586D00283DF4C5AC3549092221F0F8FF0D
:10338000FDF7BFBC586D00283DF457AC2149182209
:1033900021F0EEFFFDF751BC586D00283EF4E4AD7E
:1033A00039490A2221F0E4FFFEF7DEBD586D0028FE
:1033B0003EF4AAAD3549122221F0DAFFFEF7A4BD92
:1033C000586D00283EF403AD3149162221F0D0FF9C
:1033D000FEF7FDBC586D00283EF4ADAC2D490D2222
:1033E00021F0C6FFFEF7A7BC586D00283EF403ACE1
:1033F00029490A2221F0BCFFFEF7FDBB586D0028C9
:103400003EF4C9AB25490C2221F0B2FFFEF7C3BB45
:1034100084D20400D8CC04008CCD040000CD04007C
:1034200040CE04002CCD040020CD0400E0CE0400EA
:103430000CCD0400F0CF0400DCCF04007CCD0400F0
:1034400088CF04004CCD040048CF040074CF0400A2
:103450005CCD0400E4D10400D4D10400A8D1040060
:1034600098D1040044D1040030D104006CD1040090
:103470005CD1040078D0040050D00400ECCB0400F0
:10348000D8CB040020D104003CD50400FCD40400B7
:1034900080D4040058D4040004D40400D0D3040021
:1034A000586D00283EF42AACC249062221F060FF84
:1034B000FEF724BC586D00283EF4B6ABBE49092285
:1034C00021F056FFFEF7B0BB586D00283EF482AAEB
:1034D000BA49082221F04CFFFEF77CBA586D00284B
:1034E0003EF4F6A9B6490B2221F042FFFEF7F0B9EF
:1034F000586D00283EF4B1AAB249092221F038FFE4
:10350000FEF7ABBA586D00283EF48EAAAE490C22E5
:1035100021F02EFFFEF788BA586D00283EF422AB4A
:10352000AA49172221F024FFFEF71CBB586D002882
:103530003EF4EFAAA649132221F01AFFFEF7E9BADA
:10354000586D00283EF4CCAAA249092221F010FFB0
:10355000FEF7C6BA586D00283EF4A9AA9E490C226F
:1035600021F006FFFEF7A3BA586D00283EF46EADB9
:103570009A490F2221F0FCFEFEF768BD586D002825
:103580003EF44AAD96490C2221F0F2FEFEF744BD0E
:10359000586D00283EF4F8AD92490E2221F0E8FE65
:1035A000FEF7F2BD586D00283EF47CAD8E490D2229
:1035B00021F0DEFEFEF776BD586D00283EF47FAEAA
:1035C0008A49072221F0D4FEFEF779BE586D002803
:1035D0003EF449AE8649072221F0CAFEFEF743BEFB
:1035E000586D00283EF425AE8249072221F0C0FE26
:1035F000FEF71FBE586D00283EF4E7AD7E4911224C
:1036000021F0B6FEFEF7E1BD586D00283FF465A835
:103610007049092221F0ACFEFFF75FB8586D002811
:103620003EF4A5AF75490C2221F0A2FEFEF79FBF24
:10363000586D00283EF475AF6049082221F098FECD
:10364000FEF76FBF586D00283EF421AF6C4912227F
:1036500021F08EFEFEF71BBF586D00283EF4AEAE83
:103660006849112221F084FEFEF7A8BE586D00289B
:103670003EF478AE6449132221F07AFEFEF772BE62
:10368000586D00283EF4EAAE6049082221F070FE31
:10369000FEF7E4BE586D00283EF4C7AE48490B2241
:1036A00021F066FEFEF7C1BED3F888140AAC0029EB
:1036B0003BF44CAE1690564A0123204621F066FAA0
:1036C00000283BF443AE204621F0C4FAFBF73EBE8F
:1036D000204624F05DF9FBF739BE636D002B7FF4C3
:1036E00047A8FFF749B84B4918460E22B047FBF7E9
:1036F00082BE464918460822B047FEF7AFBE36499B
:1037000018460C22B847FEF7D2B92C4918460822B1
:10371000B847FEF75FB92C4918460C22B847FEF7A8
:1037200083B9244918460622A847FEF7E7BA30496C
:1037300018460722B047FEF796BD2C4918460722C7
:10374000B047FEF7BCBD304918461322B047FEF71C
:1037500009BE244918460E22B047FEF715BD2E4972
:1037600018461222B847FDF76CB92C4918460922B1
:10377000B847FDF792B92A4918460822B847FDF71D
:10378000D0B9284918461122B847FCF78FBF104915
:1037900018461322B847FEF7BCB90C491846172241
:1037A000B847FEF7DFB9204918460C22B847FEF7A4
:1037B000F2B900BF44D40400F0D404002CCD0400BE
:1037C000F4CC04005CCD04004CCD0400B8D304005C
:1037D00098CD04008CCD04007CCD0400A4D5040059
:1037E00094D50400C4D50400B4D5040020D6040048
:1037F00018D60400CCCC0400FCD504004CD6040040
:103800000CCD0400D8CB040028D6040000CD040061
:10381000B0C6040058C70400DCCF0400F0CF040099
:1038200050D00400E0CE0400D0D30400BB491846B9
:103830000922B847FEF711B9B94918461122B04715
:10384000FEF7C3BCB74918460F22B047FEF7FEBBD0
:10385000B54918460D22B047FEF724BCB3491846B7
:103860000922B847FEF73CB9B14918460D22A847CE
:10387000FEF761BAAF4918460A22B847FEF7BBB94E
:10388000AD4918460922B847FEF7CEB9AB491846EC
:103890001622A847FEF79BBAA94918461222B0473C
:1038A000FEF7F5BDA74918461122B047FEF786BDC1
:1038B000A54918460B22B047FEF7B7BDA3491846E5
:1038C0000822B047FEF72DBE984918460922B8478E
:1038D000FDF74FBA9E4918460E22B847FDF78DBA3C
:1038E0009C4918460722B847FDF7ACBA9A491846D2
:1038F0000E22B847FDF788B9984918461222A84702
:10390000FEF702BB964918460A22A847FEF72CBBD1
:1039100094490C221846A847FEF77EBB7F491846FB
:103920000922B847FDF7EDB98F4918460E22B8476E
:10393000FDF764BB8D4918461522A847FDF7B2BABA
:103940008B4918460E22B847FDF7C6BA8949184672
:103950000722B847FDF76BBB874918461822B847BE
:10396000FDF76BB9854918461722B847FDF7F6B839
:10397000744918461122B847FDF72DB980491846F9
:103980000722B847FDF7C1BA7E4918460922B84751
:10399000FCF7FABF7C4918460C22B847FCF758BF21
:1039A0005E4918460922B847FCF76BBF77491846AD
:1039B0000C22B847FDF712B8754918460E22B847D1
:1039C000FDF773BB734918460722B847FDF786BB5E
:1039D000714918460722B847FDF7CBBB6F49184617
:1039E0001222B847FCF773BF6D4918460B22B8473F
:1039F000FCF7A5BE554918460822B847FCF7B8BEE3
:103A0000684918460822B847FCF7F8BE66491846C8
:103A10000822B847FCF7D0BD644918460C22B047CD
:103A2000FEF7A5BD414918460922B047FEF755BE2D
:103A300020469847FEF7A0BE5D4907221846A847D2
:103A4000FEF7F7BB5B4918461022B847FDF754BE96
:103A5000594918461022B847FDF779BD574918460D
:103A60001022B847FDF79FBD554918461322A847B5
:103A7000FDF793BE324918461222B847FCF7FDBD48
:103A80003D4918461822B847FCF717BD4D4918465E
:103A90001722B847FCF72ABD3C4918460C22B84704
:103AA000FDF7B1BD484918460C22B847FDF7E0BC08
:103AB000354918460C22B847FDF70ABD4349184658
:103AC0001322B847FDF72ABD414918460C22B847D2
:103AD000FDF73EBC364907221846A847FDF791BEC0
:103AE000184918461122B847FDF7BBBE16491846BB
:103AF0000B22B847FDF7ECBE144918460822B84718
:103B0000FDF76FBC334918461122B047FCF7C0BA25
:103B1000274907221846A847FCF7F2BA5CCD0400F3
:103B2000FCD50400A4D50400B4D504008CCD040059
:103B300058D4040004D40400F0D4040080D4040059
:103B40000CCD0400D8CB0400F4CC04002CCD040030
:103B500020D1040030D10400ECCB0400FCD40400DC
:103B60003CD5040094D5040098D1040044D104004D
:103B70005CD10400A8D10400D8CC040078D00400A3
:103B80006CD1040088CF04004CCD04007CCD04002F
:103B9000D4D10400E4D1040020D2040074CF040086
:103BA00020CD040048CF040000CD04004CD6040012
:103BB000CCCC0400ACD2040070D2040084D2040047
:103BC00090D0040040CE040060D2040068CD040010
:103BD00040D2040068CC04007D4918461122A84751
:103BE000FCF7ACBA7A4918461122B047FCF794B9F1
:103BF000784918460B22B847FDF7DABB76491846D4
:103C00000B22B847FDF7FFBA744918460C22B84793
:103C1000FDF72CBB724918461022B047FCF7AEB92D
:103C2000704918460822A847FCF7F0BA6E491846B2
:103C30000E22A847FCF79BBA6C4918461822A847E1
:103C4000FCF7AEBA6A4918461222A847FCF7F7BA41
:103C5000654918460E22B047FCF777B96549184602
:103C60000C22B047FCF702B9634918460622B04758
:103C7000FCF728B9584918460B22A847FCF7ADBAFB
:103C80005E4918460622B047FCF762B85C49184600
:103C90001222B047FBF791BF5A4918460622B04797
:103CA000FBF7FABF584918460622B047FCF769B837
:103CB000484918460B22A847FCF7DEBA5349184674
:103CC0000822A847FCF724BB514918460922A847F7
:103CD000FCF780BB4F4918460622B047FCF71FB8D7
:103CE0004D4918460E22B047FBF7FBBE4B4918461C
:103CF0000F22B047FBF70EBF494918460D22B047C7
:103D0000FBF721BF474918461422B047FBF7CABD4D
:103D1000454918460722B047FCF74CB843491846B6
:103D20000722B047FCF75FB8414918460722B04761
:103D3000FCF772B83F4918460922B047FBF7A1BE0D
:103D40003D4918460D22B047FBF796BC3B49184643
:103D50000D22B047FBF795BB394918461322B047EF
:103D6000FBF7D7BB374918460E22B047FBF79DBC7F
:103D7000354918461222B047FBF76ABE3349184648
:103D80001022B047FBF75ABD314918461122B047FF
:103D9000FBF76EBD2F4918461422B047FBF7D2BB84
:103DA0002D4918460B22B047FBF7B8BC2B491846E3
:103DB0000D22B047FBF7DEBC294918460B22B0475D
:103DC000FBF71EBD274918461322B047FBF73FBB40
:103DD000D8CB040020CD0400F4CC040030D2040081
:103DE000FCCB040000CD0400ECCB0400D8CC0400D4
:103DF0000CCD040048CB04008CCB0400D8CA0400CE
:103E000050CA0400C8CA0400E0CA04002CCD040053
:103E10008CCD0400D0CA040010CA040020CA0400DB
:103E200030CA04005CC90400E8CA0400F0CA0400F7
:103E3000F8CA0400F8C9040080C80400ACC7040034
:103E4000F8C7040090C80400E4C9040034C90400A1
:103E500048C904000CC80400B4C80400E0C8040049
:103E600014C9040098C704002DE9F0412DED028B20
:103E70000C46A8B00E2105469E4817461E462BF05C
:103E800057FF9D4830F0DCFD01469B482BF050FF6A
:103E90009A4828F0C5FC002397491A4607A827F03E
:103EA000C1FD07A8EDF790FB002800F041815022EA
:103EB0000DEB020107A827F013FF002800F0FF8098
:103EC0005023009322466B44294607A828F070F837
:103ED000002800F07F818A4904A828F0A1FE04A8E8
:103EE000ECF752FB04A828F0F3FE002E40F0A88166
:103EF00014A904A828F094FE04A8ECF745FB04A834
:103F000028F0E6FEDFF824827E4904A828F088FE27
:103F100004A8ECF739FB04A828F0DAFE07EE907A43
:103F2000B8EEE70AECF7E8FA774B04A8196828F02E
:103F300077FE04A8ECF728FB04A828F0C9FE35B1E9
:103F4000284630F07DFD014628462BF0F1FE6B48F7
:103F500028F066FC34B1204630F072FD0146204660
:103F60002BF0E6FE654828F05BFC654805212BF048
:103F7000DFFE002E00F0858122202BF05DFF14A8CB
:103F800030F05EFD014614A82BF0D2FE22202BF06B
:103F900053FF01215B482BF0CBFE3946574828F0F0
:103FA00037FC564828F03CFC0D2158482BF0C0FE49
:103FB00014A830F045FD014614A82BF0B9FE4F4877
:103FC00028F02EFC524904A828F02AFE04A8ECF799
:103FD000DBFA04A828F07CFED8F80030012B00F0B2
:103FE0005881032B00F06581002B00F05E8129468B
:103FF00004A828F015FE474D04A8ECF7C5FA04A85C
:1040000028F066FE296804A828F00AFE04A8ECF748
:10401000BBFA04A828F05CFE3F4904A828F000FE83
:1040200004A8ECF7B1FA04A828F052FED8F8003042
:10403000012B00F04E81032B00F04781002B00F094
:104040004081214604A828F0EBFD04A8ECF79CFA77
:1040500004A828F03DFE296804A828F0E1FD04A882
:10406000ECF792FA04A828F033FE2C4904A828F0B3
:10407000D7FD04A8ECF788FA04A828F029FED8F8A0
:104080000030012B00F01981032B00F00A81002B76
:1040900000F0038114A904A828F0C2FD04A8ECF7DD
:1040A00073FA04A828F014FE296804A828F0B8FDC3
:1040B00004A8ECF769FA04A828F00AFEACE009218C
:1040C00017489FED188A2BF033FE07A830F0B8FC94
:1040D000014607A82BF02CFE13480C212BF028FEDC
:1040E00007A827F0CBFCB0EE480A28B0BDEC028B45
:1040F000BDE8F081ACD604006C16FF1F2808FF1F36
:1041000000D7040008D704004807FF1F0CD704009D
:104110001CD704004C07FF1F30D7040044D704000D
:10412000E4D6040000000000F0D604006007FF1F82
:1041300009217448744C9FED758A2BF0F9FD744881
:1041400030F07EFC014672482BF0F2FD0F217148E1
:104150002BF0EEFD704828F063FB704914A828F09E
:104160005FFD14A8ECF710FA14A828F0B1FD21683F
:1041700014A828F055FD14A8ECF706FA14A828F0A6
:10418000A7FD674914A828F04BFD14A8ECF7FCF92B
:1041900014A828F09DFD216814A828F041FD14A85A
:1041A000ECF7F2F914A828F093FD5E4914A828F062
:1041B00037FD14A8ECF7E8F914A828F089FD216868
:1041C00014A828F02DFD14A8ECF7DEF914A828F0A7
:1041D0007FFD85E7102154482BF0AAFD4E4828F0BA
:1041E0001FFB524804212BF0A3FD35B1284630F0C7
:1041F00027FC014628462BF09BFD4D4803212BF060
:1042000097FD34B1204630F01BFC014620462BF0D0
:104210008FFD414828F004FB464A13680493049933
:1042200013680393039B5B1A632BF9D914A82DF031
:10423000B3FE51EC100B2DF09BFB08EE100A4FE77C
:10424000DFF8F480D8F80030012B56D0032B50D083
:10425000002B4AD014A904A828F0E2FC04A8ECF72B
:1042600093F904A828F034FDD8F80030012B38D099
:10427000032B32D0002B7FF447AE22202BF0DCFD45
:1042800042E614A830F0DCFB014614A82BF050FDE8
:104290007FE6222029F03AFDA9E622202BF0CCFD72
:1042A000F8E622202AF01CFEF4E622202BF0C4FDC2
:1042B0009DE622202AF014FE99E6222029F026FD10
:1042C000E8E622202BF0B8FDBBE622202AF008FE0B
:1042D000B7E6222029F01AFDB3E622202AF000FEDC
:1042E00012E6222029F012FD0EE622202BF0A4FD7A
:1042F000B0E722202AF0F4FDACE7222029F006FDE9
:10430000A8E700BFBCD604004807FF1F000000005C
:104310006C16FF1FC8D604002808FF1FD8D604005B
:10432000D8FA040038F1040058D704006CD7040010
:1043300074D704000C1FFF1F6007FF1F10B5134840
:104340001349144C00234FF4BA72FFF78DFD124944
:104350000E4884ED030A00234FF4F872FFF784FD42
:10436000BDEEC00A0D49094884ED040A4FF41B72E2
:104370000123FFF779FD0A4B84ED060A20461968F0
:10438000BDE810406C2228F08BBE00BF88D7040027
:1043900078D704004410FF1F94D70400A4D704006A
:1043A0000007FF1F10B50D480D490E4C01234FF4B7
:1043B0001972FFF759FD0C49084884ED130A4FF4B0
:1043C0001D720123FFF750FD084B84ED120A2046B1
:1043D0001968BDE81040502228F062BED0E4040005
:1043E000B4D704007814FF1F60D804003007FF1F03
:1043F00038B52A4D2A492B4C284600234FF40B721E
:10440000FFF732FDBDEEC00A2846274984ED100AA9
:1044100001234FF49A72FFF727FD2846234984EDC4
:10442000140A0123E822FFF71FFD2846204984EDE6
:10443000130A00234FF43972FFF716FDBDEEC00AD0
:1044400028461C4984ED0F0A01234FF43A72FFF706
:104450000BFD2846184984ED120A01234FF4A2727D
:10446000FFF702FD2846154984ED110A01234FF498
:104470001872FFF7F9FC2846114984ED1A0A4FF427
:1044800030720123FFF7F0FC0E4B84ED1B0A196814
:1044900020467022BDE8384028F002BED0D7040084
:1044A000C0D70400A012FF1FD8D70400F0D7040023
:1044B00008D8040014D804002CD8040040D8040004
:1044C00054D804002807FF1F38B53C4D3C493D4CEB
:1044D000284600234FF44A72FFF7C6FCBDEEC00A1F
:1044E0002846394984ED1D0A00234FF44B72FFF72B
:1044F000BBFCBDEEC00A2846344984ED1E0A0023E9
:104500004FF44C72FFF7B0FCBDEEC00A28463049AC
:1045100084ED1F0A00234FF44172FFF7A5FCBDEEA6
:10452000C00A28462B4984ED200A00234FF4447228
:10453000FFF79AFCBDEEC00A2846274984ED210A00
:1045400000234FF44572FFF78FFCBDEEC00A2846EA
:10455000224984ED220A00234FF44272FFF784FCC3
:10456000BDEEC00A28461E4984ED230A00234FF4FD
:104570004372FFF779FCBDEEC00A2846194984ED65
:10458000240A00234FF45672FFF76EFCBDEEC00AFA
:104590002846154984ED250A4FF457720023FFF78A
:1045A00063FC124BBDEEC00A196884ED260A204652
:1045B0004FF48472BDE8384028F072BD80D8040002
:1045C0006CD804007013FF1F88D8040098D804002A
:1045D000A8D80400B8D80400C8D80400D8D804006B
:1045E000ECD80400FCD8040010D904003416FF1FD6
:1045F00070B52DED028B0546A8B0BA480C460E21C9
:104600002BF096FBB84830F01BFA0146B6482BF069
:104610008FFBB64828F004F90023B3491A4607A8CF
:1046200027F000FA07A8ECF7CFFF002800F0DC80A5
:1046300050220DEB020107A827F052FB002800F0E2
:10464000B9805023009322466B44294607A827F0DF
:10465000AFFC002800F01A8135B1284630F0F0F99F
:10466000014628462BF064FBA04828F0D9F834B165
:10467000204630F0E5F9014620462BF059FB9B48D7
:104680009B4E28F0CDF814A830F0DAF9014614A8B2
:104690002BF04EFB954828F0C3F8964904A828F063
:1046A000BFFA04A8EBF770FF04A828F011FB3368E9
:1046B000012B00F05981032B00F03E81002B00F00C
:1046C0004781294604A828F0ABFA8B4D04A8EBF7E4
:1046D0005BFF04A828F0FCFA296804A828F0A0FAD7
:1046E00004A8EBF751FF04A828F0F2FA834904A8C4
:1046F00028F096FA04A8EBF747FF04A828F0E8FA98
:104700003368012B00F02881032B00F01D81002B62
:1047100000F01681214604A828F082FA04A8EBF7DD
:1047200033FF04A828F0D4FA296804A828F078FAFE
:1047300004A8EBF729FF04A828F0CAFA704904A8D6
:1047400028F06EFA04A8EBF71FFF04A828F0C0FABF
:104750003368012B00F00481032B00F0BE80002B96
:1047600000F0B78014A904A828F05AFA04A8EBF7BF
:104770000BFF04A828F0ACFA296804A828F050FA26
:1047800004A8EBF701FF04A828F0A2FA5D4A136819
:104790000493049913680393039B5B1A632BF9D961
:1047A00014A82DF0F9FB51EC100B2DF0E1F808EEF8
:1047B000100A10E0092154489FED548A2BF0B8FAF2
:1047C00007A830F03DF9014607A82BF0B1FA504890
:1047D0000C212BF0ADFA07A827F050F9B0EE480AEB
:1047E00028B0BDEC028B70BD09214A484A4C9FEDB0
:1047F000478A2BF09DFA3C4830F022F901463A48AE
:104800002BF096FA0F2145482BF092FA374828F002
:1048100007F8434914A828F003FA14A8EBF7B4FEEC
:1048200014A828F055FA216814A828F0F9F914A85A
:10483000EBF7AAFE14A828F04BFA3A4914A828F07E
:10484000EFF914A8EBF7A0FE14A828F041FA2168AC
:1048500014A828F0E5F914A8EBF796FE14A828F0A0
:1048600037FA314914A828F0DBF914A8EBF78CFECD
:1048700014A828F02DFA216814A828F0D1F914A85A
:10488000EBF782FE14A828F023FAA4E710212748AA
:104890002BF04EFA154827F0C3FF254804212BF0D2
:1048A00047FA35B1284630F0CBF8014628462BF0C0
:1048B0003FFA204803212BF03BFA34B1204630F078
:1048C000BFF8014620462BF033FA084827F0A8FF2E
:1048D0005CE722202BF0B0FA44E722202AF000FB0C
:1048E00040E700BFACD604006C16FF1F2808FF1F6E
:1048F0006007FF1F1CD704004C07FF1F30D70400C0
:1049000044D704000C1FFF1FE4D604000000000081
:10491000F0D60400BCD604004807FF1FC8D6040028
:10492000D8D60400D8FA040038F1040058D704009F
:104930006CD7040074D7040022202AF0D1FAC0E614
:1049400022202BF079FAE5E622202AF0C9FAE1E6E6
:1049500022202BF071FAB4E6222029F0D7F9D9E60B
:10496000222029F0D3F9FDE6222029F0CFF9A8E68C
:104970002DE9F041CC49CD48CD4CDFF8D483CD4F63
:10498000CD4ECE4D2DED028BFFF732FEFDEEC07AFF
:10499000CB49C648C4ED057A17EE903A88F8003046
:1049A000FFF726FEFDEEC07AC649C048C4ED167A70
:1049B00017EE903A3B70FFF71BFEBDEEC00A636D29
:1049C000B949C148337084ED0A0AFFF711FEFDEEC4
:1049D000C07ABE4A17EE903A5820C2ED0A7A2B7080
:1049E000FAF7A2FBBA49B148FFF702FEFDEEC07A22
:1049F000B849AE48C4ED067A17EE903A88F8003010
:104A0000FFF7F6FDFDEEC07AB349A848C4ED077A7A
:104A100017EE903A3B70FFF7EBFDFDEEC07AAF4921
:104A2000A248C4ED087A17EE903A3370FFF7E0FD24
:104A3000FDEEC07A4C2017EE903AC4ED097A2B7047
:104A4000FAF772FBA649994800234FF46872FFF702
:104A50000BFABDEEC00AA349944884ED000A002376
:104A60004FF45572FFF700FABDEEC00A9E498F4819
:104A700084ED010A00234FF45472FFF7F5F9BDEEFF
:104A8000C00A9A49894884ED020A00234FF45872FB
:104A9000FFF7EAF9BDEEC00A9549844884ED030AA0
:104AA00000234FF45172FFF7DFF9BDEEC00A9149C0
:104AB0007E4884ED040A00234FF46B72FFF7D4F9AB
:104AC000BDEEC00A8C49794884ED0A0A00234FF4F0
:104AD0004072FFF7C9F9BDEEC00A8849734884EDFA
:104AE0000B0A00234FF46372FFF7BEF9BDEEC00A54
:104AF00083496E4884ED0C0A00234FF46972FFF776
:104B0000B3F9BDEEC00A7F49684884ED0D0A002361
:104B10004FF46772FFF7A8F9BDEEC00A7A496348FF
:104B200084ED0E0A01234FF4C272FFF79DF9774915
:104B30005E4884ED170A01234FF42372FFF794F9BE
:104B400073495A4884ED180A01238C22FFF78CF927
:104B50007049564884ED190A0123F422FFF784F9BD
:104B60006D49524884ED1A0A01234FF48072FFF711
:104B70007BF94FF4327269494C4884ED1B0A0023DB
:104B8000FFF772F9B0EE088AB4EE480AF1EE10FAB7
:104B90000CBF4FF0FF3201222264614943484FF4B9
:104BA00033720023FFF760F9B4EE480AF1EE10FA11
:104BB0000CBF4FF0FF32012262645A493B484FF468
:104BC00034720023FFF750F9B4EE480AF1EE10FA00
:104BD0000CBF4FF0FF3201223448A2645249002337
:104BE0004FF43572FFF740F9B4EE480AF1EE10FACF
:104BF0000CBF4FF0FF30012000234FF43672E06409
:104C00004A492A48FFF730F9B4EE480AF1EE10FAA3
:104C10000CBF4FF0FF3301233B21454823652BF0A8
:104C200087F8A16F434827F0F3FD424827F0F8FDCD
:104C300041491E4800239422FFF716F9BDEEC00A31
:104C40003E491A4884ED1E0A00232C22FFF70CF976
:104C5000BDEEC00A3A49154884ED1F0A00233822E8
:104C6000FFF702F9BDEEC00A3649104884ED200A6C
:104C700000235422FFF7F8F8BDEEC00A32490B4872
:104C800084ED210A6C220023FFF7EEF8BDEC028BC5
:104C90002E4BBDEEC00A204684ED220A1968BDE8FD
:104CA000F0418C2228F0FCB920D9040038D9040046
:104CB0001412FF1F8318FF1F8118FF1F8218FF1F88
:104CC00044D904004CD90400F8E404001013FF1F79
:104CD0005CD9040070D9040084D9040098D9040078
:104CE0006CD80400ACD90400B8D90400C4D90400BD
:104CF000D0D9040088D80400DCD90400E4D9040029
:104D0000ECD90400F8D9040004DA04001CDA040029
:104D100030DA040044DA040058DA04006CDA0400E3
:104D200080DA04008CDA040098DA0400A8DA0400BF
:104D300058CE04002808FF1FB8DA0400C8DA0400BF
:104D4000D0DA0400D8DA0400E4DA04002407FF1FF4
:104D50008018FF1F2DE9F84FB54CDFF84CB3B54E66
:104D6000DFF848A3E36AB44FDFF844938BF80030D0
:104D70002368DFF840838AF80030B36D89F800308B
:104D80003846236CAD4988F80030FFF731FCFDEE62
:104D9000C07AAB4DAB49C4ED0B7A17EE903A38466A
:104DA000C6ED057A8BF80030C5ED117AFFF720FCCF
:104DB000FDEEC07A384617EE903AA349C4ED007A6A
:104DC000C5ED007AC6ED157A8AF80030FFF710FCC1
:104DD000FCEEC07A9D499E48C6ED167A17EE903AD1
:104DE000C5ED057AC5ED0A7A89F80030FFF700FCB9
:104DF000FDEEC07A142017EE903AC4ED107A88F8D0
:104E00000030FAF791F93846924900234FF4607266
:104E1000FFF72AF8FDEEC07A4FF46A7238468E49E1
:104E2000C4ED017A0023C5ED0C7AC6ED007AFFF7D8
:104E30001BF8236B8BF80030636B8AF80030FDEEB3
:104E4000C07AA36B89F800303846E36B8349C4ED20
:104E5000027AC5ED167AC6ED0A7A88F80030FFF7B7
:104E6000C7FBFDEEC07A384617EE903A7C498BF8C6
:104E70000030C4ED0C7AC5ED127AC6ED067AFFF764
:104E8000B7FBFDEEC07A384617EE903A75498AF8BE
:104E90000030C4ED0D7AC5ED137AC6ED077AFFF741
:104EA000A7FBFDEEC07A7049C4ED0E7A17EE903A7A
:104EB000384689F80030C5ED147AC6ED087AFFF758
:104EC00097FBFDEEC07A3020C4ED0F7AC5ED157A60
:104ED000C6ED097AFCEEC07A17EE903A88F80030F9
:104EE000FAF722F93846614900234FF47972FEF748
:104EF000BBFFFDEEC07A38465D49C4ED037A00235E
:104F00004FF47C72C5ED0D7AC6ED017AFEF7ACFF69
:104F1000FDEEC07A38465749C4ED047A00234FF4B9
:104F20007072C5ED177AC6ED0B7AFEF79DFFFDEEA8
:104F3000C07A38465049C4ED057A00234FF47572A3
:104F4000C5ED0E7AC6ED027AFEF78EFFFDEEC07A51
:104F500038464A49C4ED067A00234FF44772C5ED3E
:104F6000187AC6ED0C7AFEF77FFFFDEEC07A384660
:104F70004349C4ED077A00234FF44872C5ED0F7A18
:104F8000C6ED037AFEF770FFFDEEC07A38463D4964
:104F9000C4ED087A00234FF47172C5ED197AC6ED9D
:104FA0000D7AFEF761FFFDEEC07A38463649C4ED52
:104FB000097A00234FF47472C5ED107AC6ED047AB5
:104FC000FEF752FFFDEEC07A38463049C4ED0A7A4A
:104FD00000230422C5ED1A7AC6ED0E7AFEF744FFCF
:104FE0003846BDEEC00A2A4F2A4987ED1D0A012323
:104FF0001822FEF739FF284B87ED1C0A196838463E
:105000008C2228F04DF8254B20461968502228F0B4
:1050100047F8234B30461968702228F041F8214B9D
:10502000284619686C22BDE8F84F28F039B800BF4F
:105030007814FF1FA012FF1FF0DA040020D904002B
:105040004410FF1F44D90400F8DA040008DB040010
:10505000D0E404006CD8040088D804005CD90400B3
:1050600070D9040084D9040098D90400ACD9040094
:10507000DCD90400B8D90400E4D90400C4D9040080
:10508000ECD90400D0D90400F8D9040014DB0400E2
:105090003411FF1F2CDB04001C07FF1F3007FF1F0C
:1050A0002807FF1F0007FF1F8018FF1F8318FF1F1F
:1050B0008118FF1F8218FF1F2DE9F043934CDFF882
:1050C000C092934EDFF8BC82A36A924F92499348F4
:1050D00089F8003083B00025636C337088F8005085
:1050E0003D70FFF785FAFDEEC07A8D498B48C4ED1F
:1050F0000A7A17EE903A89F80030FFF779FAFDEE58
:10510000C07A642017EE903AC4ED117A3370FAF742
:105110000BF88449814801234FF42172FEF7A4FE65
:1051200081497E4884ED0F0A01234FF4E272FEF7B5
:105130009BFE7E49794884ED100A01234FF42E72BC
:10514000FEF792FE7A49754884ED170A2B464FF414
:105150004F72FEF789FEBDEEC00A4FF450727549DA
:105160006E4884ED000A2B46FEF77EFEE36A89F85E
:105170000030236B3370BDEEC00A636B6E49674825
:1051800088F80030A36B3B7084ED050AFFF730FA16
:10519000FDEEC07A69496148C4ED0B7A17EE903A8A
:1051A00089F80030FFF724FAFDEEC07A64495B48C5
:1051B000C4ED0C7A17EE903A3370FFF719FAFDEE52
:1051C000C07A60495548C4ED0D7A17EE903A88F8D8
:1051D0000030FFF70DFAFDEEC07A342017EE903A5A
:1051E000C4ED0E7A3B70F9F79FFF57494B482B46A9
:1051F0004FF45C72FEF738FEBDEEC00A53494748D3
:1052000084ED010A2B464FF46D72FEF72DFEBDEEC4
:10521000C00A4F49414884ED060A01234FF48A72BF
:10522000FEF722FE4B4A84ED130A1368019301989E
:1052300040F6B73113680093009B1B1A8B42F9D9D3
:105240004549364800234FF45B72FEF70DFEBDEE74
:10525000C00A4249314884ED020A00234FF45972D2
:10526000FEF702FEBDEEC00A3D492C4884ED070A58
:1052700001234FF48E72FEF7F7FD3A49274884ED7B
:10528000140A00234FF44E72FEF7EEFDBDEEC00A85
:105290003549224884ED030A00234FF44D72FEF78E
:1052A000E3FDBDEEC00A31491C4884ED080A012324
:1052B0004FF40272FEF7D8FD2D49184884ED150A07
:1052C00000234FF46172FEF7CFFDBDEEC00A2949FD
:1052D000124884ED040A00234FF45372FEF7C4FD14
:1052E000BDEEC00A24490D4884ED090A4422012379
:1052F000FEF7BAFD214B0548196884ED160A6022B5
:1053000003B0BDE8F04327F0CBBE00BF1013FF1F72
:105310008318FF1F8218FF1F20D90400F8E404003F
:1053200044D9040040DB040048DB040050DB0400E7
:105330006CD8040088D804005CD9040070D904003B
:1053400084D9040098D90400ACD90400DCD9040045
:1053500064DB04000C1FFF1FB8D90400E4D904006B
:1053600070DB0400C4D90400ECD904007CDB040029
:10537000D0D90400F8D904008CDB04002C07FF1FEF
:105380008018FF1F8118FF1F2DE9F0437C4CDFF8C8
:105390005492E368DFF850827A4D7B4F89F80030F1
:1053A000A3697A4E88F80030636A3B7083B0236B40
:1053B000774933702846FFF71BF9FCEEC07A284680
:1053C000CDED017A9DF80430724989F80030E36030
:1053D000FFF70EF9FCEEC07A2846CDED017A9DF874
:1053E00004306D4988F80030A361FFF701F9FCEE45
:1053F000C07A6A49CDED017A9DF80430636228468F
:105400003B70FFF7F5F8FCEEC07A4FF4AE70CDEDCF
:10541000017A9DF8043023633370F9F785FE28463E
:105420005F49604E00234FF47272FEF71DFDBCEE23
:10543000C00A28465C4984ED010A00234FF47772C4
:10544000FEF712FDBCEEC00A2846584984ED020A58
:105450000123A822FEF708FD2846554984ED0D0AD0
:1054600001234FF4C672FEF7FFFC2846514984ED34
:10547000110A00234FF47A72FEF7F6FCBDEEC00A63
:1054800028464D4984ED040A00234FF47D72FEF74F
:10549000EBFCBDEEC00A2846484984ED050A01230D
:1054A0004FF4AA72FEF7E0FC2846454984ED0E0A47
:1054B00001234FF49E72FEF7D7FC2846414984ED44
:1054C000120A00234FF45E72FEF7CEFCBDEEC00A56
:1054D00028463D4984ED070A00234FF45F72FEF72A
:1054E000C3FCBDEEC00A01232846384984ED080AF2
:1054F0004FF4A672FEF7B8FC316884ED0F0A20461F
:10550000542227F0CDFD2846314901234FF4FA7289
:10551000FEF7AAFC28462F4984ED130A00234FF416
:105520005272FEF7A1FCBDEEC00A28462A4984ED5E
:105530000A0A00234FF45D72FEF796FCBDEEC00A26
:1055400001232846254984ED0B0A0C22FEF78CFC2A
:10555000316884ED100A2046542227F0A1FD284628
:105560001F4924220123FEF77FFC316884ED140AD1
:105570005422204603B0BDE8F04327F091BD00BFA0
:10558000C011FF1FC4E404008118FF1F8218FF1F11
:105590005CD9040070D9040084D9040098D90400AF
:1055A000ACD904002007FF1FDCD904009CDB0400F9
:1055B000A8DB0400B8D90400E4D90400B4DB04007B
:1055C000C0DB0400C4D90400ECD90400CCDB040027
:1055D000DCDB0400D0D90400F8D90400ECDB0400C3
:1055E000FCDB04008018FF1F8318FF1FF0B5374D48
:1055F0003749384C384E394F83B02846FEF7F8FF0C
:10560000FCEEC07A364ACDED017A9DF8043035497A
:10561000354863621370FEF7EBFFFCEEC07A334A45
:10562000CDED017A9DF8043031493248A360137002
:10563000FEF7DEFFFCEEC07A2F4ACDED017A9DF831
:1056400004302E492E481370F365FEF7D1FFFCEEAF
:10565000C07A2C4ACDED017A9DF804303B604FF4BE
:10566000DA701370F9F760FD2846274901234FF4DB
:105670009672FEF7F9FB2846244984ED0B0A0123B4
:105680004FF41F72FEF7F0FB2846214984ED080A0B
:1056900000232022FEF7E8FB1E4BBDEEC00A19686E
:1056A00084ED070A3846542227F0FAFC1A4B30469C
:1056B0001968702227F0F4FC184B19686C222046F8
:1056C00003B0BDE8F04027F0EBBC00BFECE4040001
:1056D0000CDC04004410FF1FA012FF1FC011FF1FAD
:1056E0008018FF1F20DC040088D704008318FF1FE8
:1056F0002CDC0400D0D704008118FF1F44D904001B
:10570000C4E404008218FF1FA4D7040078D7040063
:1057100094D704002007FF1F2807FF1F0007FF1F63
:105720002DE9F84FE04DDFF834A46B69DFF83084E1
:10573000DE4CDFF83094DE4F8AF800302B68DD4E07
:1057400088F800306B683B702046D9F80031DA49A0
:105750003370FEF74DFFFDEEC07A204617EE903A0B
:10576000D649C5ED057A8AF80030FEF741FFBDEE57
:10577000C00A2B68D24988F80030204685ED010A1E
:10578000FEF736FFFDEEC07ACE49CF48C5ED017A6F
:1057900017EE903A3B70FEF72BFFFDEEC07A6820C3
:1057A00017EE903AC9ED407A3370F9F7BDFC204608
:1057B000C649DFF8B483DFF8B4B3C54F00234FF414
:1057C0006272FEF751FBBDEEC00A2046C14985ED6D
:1057D000020A00234FF46C72FEF746FBBDEEC00ACE
:1057E0002046BD4985ED080A00239C22FEF73CFBBC
:1057F000BDEEC00A2046B94985ED0C0A0123B4224A
:10580000FEF732FB2046B64985ED0B0A00234FF424
:105810006F72FEF729FBBDEEC00A2046B14985ED47
:10582000090A00234FF44972FEF71EFBBDEEC00AC1
:105830002046AD4985ED030A00234FF47672FEF74A
:1058400013FBBDEEC00A2046A84985ED0A0A0023D5
:105850004FF44672FEF708FBBDEEC00A2046A4498D
:1058600085ED040A0023C022FEF7FEFABDEEC00A51
:105870002046A04988ED000A00234FF40F72FEF77E
:10588000F3FABDEEC00A01234FF4B0729A4988EDD5
:10589000010A2046FEF7E8FA012010EE106AEDF743
:1058A00039F90C2158462AF043FA30462BF010FD06
:1058B000924E41EC100B0221304626F0D5FF3046C7
:1058C00026F0AEFF1B218E482AF032FA00230A226E
:1058D000D8F80810304626F0BBFF304626F0A0FF6F
:1058E0001B2188482AF024FAD8F80C002BF0F0FC91
:1058F00041EC100B0221304626F0B6FF304626F070
:105900008FFF204680490023A022FEF7ADFABDEEAE
:10591000C00A20467D4987ED000A00234FF431720A
:10592000FEF7A2FABDEEC00A01234FF4B472784923
:1059300087ED010A2046FEF797FA022010EE10AA22
:10594000EDF7E8F858460C212AF0F2F950462BF012
:10595000BFFC41EC100B0221304626F085FF30469B
:1059600026F05EFF1B216B48DFF804B2DFF804A2CB
:105970002AF0DEF900230A22B968304626F068FFD3
:10598000304626F04DFF1B2163482AF0D1F9F86814
:105990002BF09EFC41EC100B0221304626F064FFF8
:1059A000304626F03DFF20465C495D4E002398229C
:1059B000FEF75AFABDEEC00A20465A498BED000A9E
:1059C00000234FF41472FEF74FFABDEEC00A564999
:1059D0008BED010A01234FF411722046FEF744FAC1
:1059E0000320EDF797F82046504900234FF4D67274
:1059F000FEF73AFABDEEC00A20464D498AED000A8C
:105A000000234FF41372FEF72FFABDEEC00A494986
:105A10008AED010A01234FF428722046FEF724FA8A
:105A20000420EDF777F82046434900234FF4DC7259
:105A3000FEF71AFABDEEC00A2046404986ED000A7C
:105A400000234FF40672FEF70FFABDEEC00A3C4980
:105A500086ED010A204601234FF42A72FEF704FA6C
:105A60000520EDF757F8374B28461968342227F000
:105A700017FB354B40461968102227F011FB334BBA
:105A800038461968102227F00BFB314B584619682D
:105A9000102227F005FB2F4B50461968102227F0E3
:105AA000FFFA2D4B304667E00011FF1FB8E40400F9
:105AB0008118FF1F8218FF1F20D9040044D9040059
:105AC00034DC04003CDC04004CDC04006CD8040032
:105AD000C010FF1F88D8040014DB04002CDB040076
:105AE000ECD90400C4D90400F8D90400D0D90400CA
:105AF00058DC040070DC040080DC04002808FF1F70
:105B000098DC0400B4DC0400D0DC0400E8DC040011
:105B1000F8DC040000DD04001CDD040038DD0400B6
:105B2000F010FF1F50DD040060DD040068DD04009C
:105B300080DD040090DD040098DD0400B0DD040089
:105B4000C0DD04001807FF1F0407FF1F0807FF1F21
:105B50000C07FF1F1007FF1F1407FF1F8018FF1FF0
:105B60008318FF1F7013FF1FB010FF1F88DC040095
:105B7000D010FF1FE010FF1F1968102227F090FAC5
:105B8000044B484619684FF48472BDE8F84F27F07B
:105B900087BA00BF3416FF1F2DE9F0437F4B804CBE
:105BA000DFF868821B68DFF860927E4E7E4F7F4D83
:105BB00088F80030A36D62697D497E48337083B0F8
:105BC000D9F804313A702B70FEF712FDFDEEC07A61
:105BD0007949C4ED057AFCEEC07A764817EE903A22
:105BE0003B70FEF705FDFDEEC07A7449C4ED167AF0
:105BF000FCEEC07A724817EE903A3370FEF7F8FC6C
:105C0000FDEEC07A0020C9ED417AFCEEC07A17EEB5
:105C1000903A2B70F9F788FA6A4A13680193019950
:105C200013680093009B5B1A0E2BF9D966496148F3
:105C300000234FF45A72FEF717F9BDEEC00A4FF475
:105C4000647262495B4884ED000A0023FEF70CF998
:105C5000A3693B70E3693370BDEEC00A236A2B7001
:105C60005B49636A534888F8003084ED0A0AFEF7FE
:105C7000BFFCFDEEC07A57494E48C4ED067A17EED8
:105C8000903A3B70FEF7B4FCFDEEC07A52494948A9
:105C9000C4ED077A17EE903A3370FEF7A9FCFDEEDB
:105CA000C07A4E494348C4ED087A17EE903A2B70FB
:105CB000FEF79EFCFDEEC07A082017EE903AC4ED88
:105CC000097A88F80030F9F72FFA45493948002356
:105CD0004FF46E72FEF7C8F8BDEEC00A4149354870
:105CE00084ED010A00234FF47372FEF7BDF8BDEE98
:105CF000C00A3D492F4884ED0B0A00234FF4787207
:105D0000FEF7B2F8BDEEC00A38492A4884ED020A0F
:105D100000234FF47B72FEF7A7F8BDEEC00A3449AA
:105D2000244884ED0C0A00234FF47E72FEF79CF8A1
:105D3000BDEEC00A2F491F4884ED030A00234FF42B
:105D40007F72FEF791F8BDEEC00A2B49194884ED29
:105D50000D0A00234FF46572FEF786F8BDEEC00A07
:105D60002649144884ED040A00234FF46672FEF7B6
:105D70007BF8234B0A481968BDEEC00A8C2284EDDB
:105D80000E0A27F08DF91F4B1F4819684FF48472D3
:105D900003B0BDE8F04327F083B900BF3C07FF1F05
:105DA0003411FF1F8318FF1F8018FF1F8118FF1F6A
:105DB00020D90400C8DD040044D90400D0DD04006B
:105DC0004CDC04000C1FFF1F6CD8040088D80400B2
:105DD0005CD9040070D9040084D9040098D9040067
:105DE000ACD90400DCD90400B8D90400E4D904001B
:105DF000C4D90400ECD90400D0D90400F8D90400B7
:105E00001C07FF1F3416FF1F7013FF1F8218FF1F90
:105E10002DE9F0432DED028BD94DDA49DA4CDB4EFA
:105E2000DB4FDFF81084DFF8109485B02846FEF7CA
:105E3000DFFBB7EE008AFCEEC07AB4EEC80A17EEBC
:105E4000903AF1EE10FAACBF012200222846D14967
:105E500084F8A0203370FEF7CBFBB4EEC80AF1EE55
:105E600010FAFCEEC07AACBF0123002384F89C300A
:105E700017EE903A2846C8493B70FEF7B9FBFCEE96
:105E8000C07AC649C4ED157A17EE903A284688F8CC
:105E90000030FEF7ADFBFCEEC07AB4EEC80A17EE98
:105EA000903AF1EE10FA89F800304FF4E670ACBF8A
:105EB0000123002384F89D30F9F736F92846B849C4
:105EC000FEF796FBB4EEC80AF1EE10FAACBF012360
:105ED0000023B449B44884F8DC3089F80030FEF778
:105EE00087FBFDEEC07AB14AB149C2ED117A17EED7
:105EF000903A284688F80030FEF77AFBB4EEC80ADC
:105F0000F1EE10FAACBF01230023AA49AA4884F895
:105F10009E303B70FEF76CFBFDEEC07AA74A17EE91
:105F2000903AB020C2ED187A3370F9F7FDF82846A0
:105F3000A349FEF75DFBFCEEC07AB4EEC80A17EE8B
:105F4000903AF1EE10FA89F800309E499E48ACBFB5
:105F50000123002384F89F30FEF74AFBFDEEC07A50
:105F6000284617EE903A994988F80030C4ED3F7AF8
:105F7000FEF73EFBFDEEC07A9549C4ED0D7A17EEB3
:105F8000903A28463B70FEF733FBFDEEC07A4FF4A3
:105F9000D07017EE903AC4ED387A3370F9F7C4F840
:105FA00028468C490023C822FDF75EFFBDEEC00ADB
:105FB0002846894984ED000A0023F422FDF754FFA6
:105FC000BDEEC00A2846854984ED010A01234FF43D
:105FD0008672FDF749FF2846814984ED020A0023B5
:105FE000C422FDF741FFBDEEC00A28467D4984ED7D
:105FF000030A00234FF4EA72FDF736FFBDEEC00A34
:106000004FF4007201232846774984ED040AFDF716
:106010002BFF764984ED050A01A826F001FE01A8B0
:10602000EAF7B2FA01A826F053FE714B01A81968ED
:1060300026F0F6FD01A8EAF7A7FA002601A826F047
:1060400047FE334628466B49C4F8CC604FF40D72C6
:10605000FDF70AFFBDEEC00A33462846664984EDC7
:10606000080A4FF4F272FDF7FFFEBDEEC00A2846A3
:10607000624984ED090A01234FF4F472FDF7F4FE3E
:10608000334628465E4984ED0A0A4FF40E72FDF746
:10609000EBFEBDEEC00A334628465A4984ED340A69
:1060A000CC22FDF7E1FEBDEEC00A2846564984ED3C
:1060B000350A0123D822FDF7D7FE33462846534937
:1060C00084ED360A5C22FDF7CFFEBDEEC00A3346F2
:1060D00028464F4984ED0E0A4FF40872FDF7C4FEBE
:1060E000BDEEC00A28464B4984ED0F0A01234FF448
:1060F0000972FDF7B9FE2846474984ED100A0123CD
:106100004FF4CC72FDF7B0FE2846444984ED110AE5
:1061100001234FF42C72FDF7A7FE33462846404971
:1061200084ED120A6022FDF79FFEBDEEC00A3346E1
:1061300028463C4984ED160A4FF4CA72FDF794FED6
:10614000BDEEC00A01234FF4BE722846364984EDE5
:10615000170AFDF789FE1F21344884ED180A29F03B
:10616000E7FD206E324E2BF0B3F841EC100B02210C
:10617000304626F079FB304626F052FB3F215DE0A9
:106180004CDC0400DCDD04007013FF1F8218FF1FCD
:106190008118FF1FE8DD0400FCDD040010DE0400B0
:1061A0001CDE040044D90400F8E404001013FF1FAF
:1061B0002CDE040038DE0400D0D70400A012FF1F3C
:1061C00044DE040050DE040058DE040060DE0400FB
:1061D00074DE040088DE04009CDE0400B0DE0400EF
:1061E000C4DE0400D4DE0400E4DE0400F8DE0400B3
:1061F0004807FF1F04DF040014DF040024DF04004D
:1062000038DF040048DF04005CDF040070DF0400B6
:1062100080DF040090DF0400A0DF0400B4DF04008E
:10622000C0DF0400D0DF0400E0DF0400F0DF040082
:106230002808FF1F8318FF1F8018FF1F114829F02F
:1062400077FD304626F0ECFA28460F4901234FF43B
:106250001672FDF709FE28460C4984ED190A4FF421
:1062600026720123FDF700FE094B84ED1A0A196816
:106270004FF48472204605B0BDEC028BBDE8F043BC
:1062800026F00EBF10E0040050E0040064E00400BB
:106290003416FF1F2DE9F0432DED028B844985480C
:1062A000854D864EDFF86892DFF86882844F854C12
:1062B0008DB0FEF79DF9FDEEC07A83497D48C5EDAE
:1062C000137A17EE903A3370FEF792F9FDEEC07A2A
:1062D0007E497848C5ED147A17EE903A89F8003077
:1062E000FEF786F9FDEEC07A79497248C5ED3E7A2F
:1062F00017EE903A88F80030FEF77AF9FDEEC07A92
:106300004FF4107017EE903AC5ED327A3B70F8F703
:106310000BFF70496748FEF76BF923680B930B9AE4
:1063200023680A930A9B9B1A632BF9D92368099364
:10633000FDEEC07A099AC5ED067A23680893089B9A
:106340009B1A632BF9D9FCEEC07A6349594817EEC2
:10635000903A3370FEF74CF9FDEEC07A5F4955482C
:10636000C5ED077A17EE903A89F80030FEF740F94C
:10637000FDEEC07A5A494F48C5ED0B7A17EE903AB8
:1063800088F80030FEF734F9FDEEC07A4FF4D4708F
:1063900017EE903AC5ED0C7A3B70F8F7C5FE23680E
:1063A0000793079A23680693069B9B1A632BF9D9D8
:1063B0004C494048FEF71CF93821B0EE408A4A4863
:1063C00029F0B6FC18EE100A2AF082FF41EC100BFF
:1063D0000221464826F048FA444826F021FA23686C
:1063E0000593059A23680493049B9B1A632BF9D9A0
:1063F00023680393FDEEC87A039AC5ED1B7A17EE66
:10640000901A23680293029B9B1A632BF9D9236885
:106410000193019A317023680093009B9B1A632BB0
:10642000F9D92F213248334C29F082FC0A223178E5
:106430002E48002326F00CFA2C4826F0F1F92E49BC
:106440001C48FEF7D5F8FDEEC07A2C492C48C5ED66
:106450001C7A17EE903A89F80030FEF7C9F8FDEE85
:10646000C07A28492648C4ED067A17EE903A88F893
:106470000030FEF7BDF8FDEEC07A4FF4B87017EEAD
:10648000903AC4ED077A3B70F8F74EFE1E4B0A486F
:1064900019684FF4847226F003FE1C4B19683422ED
:1064A00020460DB0BDEC028BBDE8F04326F0F8BDF0
:1064B00070E0040058DE04007013FF1F8018FF1FF7
:1064C0008218FF1F0C1FFF1F78E0040080E004000B
:1064D00088E0040094E004009CE00400A4E00400D0
:1064E000ACE00400B4E00400BCE004002808FF1F96
:1064F000F8E004000011FF1F28E1040084D9040023
:10650000B8E4040098D904003416FF1F1807FF1FD1
:106510008318FF1F8118FF1FF0B50023A3B0354972
:106520001A4601A825F07EFA0C9C002C73D0236833
:1065300031491A6B8A4269D1226D002A00F0258206
:10654000DB6A2E4FBB4240F05182A06D18B12BF098
:106550002FFD0023A365236D002B00F03F8204F183
:10656000180022F0F3F90C9D6C68013C6C60002C63
:1065700040F01C822B68DB6ABB4240F05C82A86D55
:1065800010B12BF015FDAC652B6D002B00F04E8289
:1065900005F1180022F0DAF90C9C002C00F00682BC
:1065A0002368174A5B68934240F0FE81A06D154B4B
:1065B000236018B12BF0FCFC0023A365236D04F1CC
:1065C0001805002B00F01882284622F0BFF90E4E65
:1065D000A660284622F0BAF95C21204626F044FF46
:1065E0009DF81E200023012A0C9319D144F20223A6
:1065F0001BE000BF6C16FF1F61040000D104000007
:10660000190D0000140E0500A00D0500204690474E
:10661000002840F0CD819DF81E20994E012AE5D03A
:10662000022A40F2022318BF0023964901AA0EA8AD
:1066300022F0A4FA209B002B00F095815C2026F02C
:106640000FFF0F9BC360109B03619DF844300375DF
:106650008D4B036004468D4B83600025456012A975
:10666000183022F045F96368A56501336360884BF3
:10667000A36012A80E9622F069F90C9D002D00F07F
:1066800070816F68013F6F60002F33D12B68814AA2
:10669000DB6A934240F0A781A86D10B12BF088FC13
:1066A000AF652B6D002B00F07A8105F1180022F008
:1066B0004DF90C9DF5B12B68774A5B68934240F029
:1066C000AD81A86D704B2B6018B12BF071FC0023CD
:1066D000AB652B6D05F11807002B00F09A81384649
:1066E00022F034F9AE60384622F030F928465C21B9
:1066F00026F0BAFE0C94002C00F0E7802368674D6A
:106700001B6BAB4240F0DC80236D002B00F0388126
:106710000023142162488DF81F3029F009FB6148DD
:1067200026F07EF80E21604829F002FB5F482EF02B
:1067300087F901465D4829F0FBFA5A4826F070F8BF
:106740000C9C002C56D023681A6BAA4240F03B8167
:10675000226D002A00F03281DB6A4E4FBB4240F0CE
:106760004881A06D18B12BF023FC0023A365236D95
:10677000002B00F0568104F1180022F0E7F80C9D80
:106780006C68013C6C60002C32D12B68DB6ABB4228
:1067900040F05481A86D10B12BF00AFCAC652B6D54
:1067A000002B00F02E8105F1180022F0CFF80C9C90
:1067B000F4B12368384A5B68934240F02781A06DAA
:1067C000314B236018B12BF0F3FB0023A365236D3D
:1067D00004F11805002B00F03481284622F0B6F8A9
:1067E000A660284622F0B2F85C21204626F03CFE46
:1067F00000230C93FFF70CFBFDF766FEFFF74AFD45
:10680000FFF7CAF9FEF7B4F8FEF78AFFFEF7BCFD02
:10681000FEF7A0FAFDF7C6FDFDF7EAFDFDF78EFDD8
:10682000FEF7E4FEFEF748FC2149224C0EA826F0B4
:10683000F7F90EA8E9F7A8FE0EA826F049FA216894
:106840000EA826F0EDF90EA8E9F79EFE0EA826F098
:106850003FFA19490EA826F0E3F90EA8E9F794FECD
:106860000EA826F035FA21680EA826F0D9F90EA850
:10687000E9F78AFE0EA826F02BFA104959E000BF6E
:10688000A00D05008818FF1F140E05007C0D0500E3
:10689000C40D0500D1040000190D000061040000C2
:1068A00030E104002808FF1FACD604006C16FF1F5F
:1068B00038F104004807FF1FD8FA040064E104001F
:1068C0002046984700287FF423AF012318215F4812
:1068D0008DF81F3029F02CFA5D485E4C25F0A0FFA2
:1068E0005D490EA826F09CF90EA8E9F74DFE0EA80A
:1068F00026F0EEF921680EA826F092F90EA8E9F725
:1069000043FE0EA826F0E4F954490EA826F088F9B3
:106910000EA8E9F739FE0EA826F0DAF921680EA8CC
:1069200026F07EF90EA8E9F72FFE0EA826F0D0F982
:106930004B490EA826F074F90EA8E9F725FE0EA81B
:1069400026F0C6F921680EA826F06AF90EA8E9F724
:106950001BFE0EA826F0BCF901A825F08FF823B085
:10696000F0BD0C94CAE6219C002C7FF467AE12A8FF
:106970000E9621F0EBFF0C9D002D7FF482AEA4E774
:10698000636D002B7FF4C4AE9FE7626D002A3FF475
:1069900042AEDB6A334FBB423FF4D7AD26E06B6DAE
:1069A000002B7FF482AE84E6204698472E4E17E6F1
:1069B0000C9C002C3FF42FAE2368C1E5626D002AC9
:1069C0007FF4CAAE16E72046904700283FF412AF86
:1069D0000C9C002C3FF40EAF2368BDE6636D002BCA
:1069E0007FF4BDADBFE52846984762E6204698474C
:1069F000B9E520469847C2E6636D002B7FF4E4AD0D
:106A0000E5E56B6D002B7FF4CEAED0E620469847CF
:106A1000EEE66B6D002B7FF462AE63E62846984786
:106A200068E6636D002B7FF4A6AEA8E66B6D002BC5
:106A30007FF4AEADB0E528469847ADE528469847C7
:106A4000B5E6636D002B7FF4C8AEC9E648E10400EB
:106A50002808FF1F4807FF1FD8D60400D8FA0400F3
:106A600038F10400D1040000A00D050030B5CFB00E
:106A7000B649044630A826F0D3F8B44933A826F026
:106A8000CFF8B34936A826F0CBF8B24939A826F09A
:106A9000C7F8B1493CA826F0C3F8B0493FA826F092
:106AA000BFF8AF4942A826F0BBF8AE4945A826F08A
:106AB000B7F8AD4948A826F0B3F80122AB4B944291
:106AC0001A7000F05D810B2C00F04883023C082C0A
:106AD0000ED8DFE814F0100315031A030D001F038E
:106AE000240329032E030900A14930A826F04AF9FE
:106AF00036A933A826F028F933A99E489E4C4BAD01
:106B000025F060FE9B4825F08BFE33A9284626F031
:106B1000A5F82846E9F738FD284626F0D9F848A90F
:106B2000284626F09BF82846E9F72EFD284626F051
:106B3000CFF823682D932D9A23682C932C9B9B1AB6
:106B40000E2BF9D930A9284626F088F839A928460D
:106B500026F0A8F9014633A826F0F6F8284626F0D4
:106B6000B7F839A9834825F02DFE824825F058FE54
:106B700039A9284626F072F82846E9F705FD284687
:106B800026F0A6F848A9284626F068F82846E9F72E
:106B9000FBFC284626F09CF823682B932B9A23684D
:106BA0002A932A9B9B1A0E2BF9D93CA933A826F0CD
:106BB000CBF83CA96F4825F005FE6E4825F030FE65
:106BC0003CA9284626F04AF82846E9F7DDFC284685
:106BD00026F07EF848A9284626F040F82846E9F72E
:106BE000D3FC284626F074F823682993299A236851
:106BF0002893289B9B1A092BF9D93FA933A826F083
:106C0000A3F83FA95B4825F0DDFD5A4825F008FEB2
:106C10003FA9284626F022F82846E9F7B5FC284681
:106C200026F056F848A9284626F018F82846E9F72D
:106C3000ABFC284626F04CF823682793279A236854
:106C40002693269B9B1A0E2BF9D942A933A826F02E
:106C50007BF833A9474825F0B5FD464825F0E0FD0F
:106C600042A9284625F0FAFF2846E9F78DFC284678
:106C700026F02EF848A9284625F0F0FF2846E9F727
:106C800083FC284626F024F823682593259A236858
:106C90002493249B9B1A0E2BF9D945A933A826F0DF
:106CA00053F833A9334825F08DFD324825F0B8FD5F
:106CB00045A9284625F0D2FF2846E9F765FC284675
:106CC00026F006F848A9284625F0C8FF2846E9F727
:106CD0005BFC284625F0FCFF23682F932F9A23683E
:106CE0002E932E9B9B1A092BF9D92449284625F06F
:106CF00097FF2846E9F748FC284625F0E9FF48A910
:106D0000284625F0ABFF2846E9F73EFC284625F04B
:106D1000DFFF48A825F0DCFF45A825F0D9FF42A8F1
:106D200025F0D6FF3FA825F0D3FF3CA825F0D0FFE3
:106D300039A825F0CDFF36A825F0CAFF33A825F0E5
:106D4000C7FF30A825F0C4FF4FB030BDA811050023
:106D500070E10400D8FA040080E10400F0FC0400B3
:106D600090E10400DCFC04005CAD04003016FF1F61
:106D7000F4E404002808FF1F0C1FFF1F08E50400AF
:106D80004BADC649C64C284625F04AFF2846E9F7D0
:106D9000FBFB284625F09CFF48A9284625F05EFF0E
:106DA0002846E9F7F1FB284625F092FF2368119366
:106DB000119A23681093109B9B1A092BF9D9B94992
:106DC000284625F02DFF2846E9F7DEFB284625F06A
:106DD0007FFF48A9284625F041FF2846E9F7D4FB64
:106DE000284625F075FFB049284625F019FF2846AA
:106DF000E9F7CAFB284625F06BFF48A9284625F08D
:106E00002DFF2846E9F7C0FB284625F061FF2368DF
:106E10000F930F9A23680E930E9B9B1A092BF9D997
:106E2000A249284625F0FCFE2846E9F7ADFB284696
:106E300025F04EFF48A9284625F010FF2846E9F71F
:106E4000A3FB284625F044FF9949284625F0E8FE93
:106E50002846E9F799FB284625F03AFF48A9284635
:106E600025F0FCFE2846E9F78FFB284625F030FF89
:106E700023680D930D9A23680C930C9B9B1A092B86
:106E8000F9D98C49284625F0CBFE2846E9F77CFB4A
:106E9000284625F01DFF48A9284625F0DFFE284694
:106EA000E9F772FB284625F013FF8349284625F0B1
:106EB000B7FE2846E9F768FB284625F009FF48A9F0
:106EC000284625F0CBFE2846E9F75EFB284625F04C
:106ED000FFFE23680B930B9A23680A930A9B9B1A65
:106EE000092BF9D97549284625F09AFE2846E9F775
:106EF0004BFB284625F0ECFE48A9284625F0AEFEBF
:106F00002846E9F741FB284625F0E2FE6C49284671
:106F100025F086FE2846E9F737FB284625F0D8FEFF
:106F200048A9284625F09AFE2846E9F72DFB284671
:106F300025F0CEFE23680993099A23680893089BDD
:106F40009B1A092BF9D95F49284625F069FE284686
:106F5000E9F71AFB284625F0BBFE48A9284625F08C
:106F60007DFE2846E9F710FB284625F0B1FE56497C
:106F7000284625F055FE2846E9F706FB284625F069
:106F8000A7FE48A9284625F069FE2846E9F7FCFA3D
:106F9000284625F09DFE23680793079A23680693E9
:106FA000069B9B1A092BF9D94849284625F038FE3B
:106FB0002846E9F7E9FA284625F08AFE48A9284636
:106FC00025F04CFE2846E9F7DFFA284625F080FE3A
:106FD0003F49284625F024FE2846E9F7D5FA2846F9
:106FE00025F076FE48A9284625F038FE2846E9F720
:106FF000CBFA284625F06CFE23680593059A236892
:107000000493049B9B1A092BF9D93249284625F091
:1070100007FE2846E9F7B8FA284625F059FE48A9A0
:10702000284625F01BFE2846E9F7AEFA284625F04B
:107030004FFE2949284625F0F3FD2846E9F7A4FA32
:10704000284625F045FE48A9284625F007FE284693
:10705000E9F79AFA284625F03BFE23680393039A42
:1070600023680293029B9B1A092BF9D91B492846D6
:1070700025F0D6FD2846E9F787FA284625F028FEB0
:1070800048A9284625F0EAFD2846E9F77DFA284672
:1070900025F01EFE23680193019A21E0A0E104007F
:1070A0000C1FFF1FB8E10400CCE10400E4E1040080
:1070B000F8E1040010E2040024E204003CE20400D1
:1070C00050E2040068E204007CE2040094E2040060
:1070D000A8E20400C0E20400D4E20400ECE20400F0
:1070E00023680093009B9B1A092BF9D91349284662
:1070F00025F096FDE0E5124930A825F043FEF7E4BF
:10710000104930A825F03EFEF2E40F4930A825F0E2
:1071100039FEEDE40D4930A825F034FEE8E40C49D1
:1071200030A825F02FFEE3E40A4930A825F02AFE16
:10713000DEE4094930A825F025FED9E400E3040087
:1071400000E50400B4E40400C0E40400CCE404005E
:10715000D8E40400E0E40400E8E404004BADC649D0
:10716000C64C284625F05CFD2846E9F70DFA28466E
:1071700025F0AEFD48A9284625F070FD2846E9F720
:1071800003FA284625F0A4FD23682393239A236855
:107190002293229B9B1A092BF9D9B949284625F03D
:1071A0003FFD2846E9F7F0F9284625F091FD48A96A
:1071B000284625F053FD2846E9F7E6F9284625F04C
:1071C00087FDB049284625F02BFD2846E9F7DCF974
:1071D000284625F07DFD48A9284625F03FFD284694
:1071E000E9F7D2F9284625F073FD23682193219A07
:1071F00023682093209B9B1A092BF9D9A249284682
:1072000025F00EFD2846E9F7BFF9284625F060FD78
:1072100048A9284625F022FD2846E9F7B5F9284671
:1072200025F056FD9949284625F0FAFC2846E9F74D
:10723000ABF9284625F04CFD48A9284625F00EFD5F
:107240002846E9F7A1F9284625F042FD23681F9357
:107250001F9A23681E931E9B9B1A092BF9D98C49F0
:10726000284625F0DDFC2846E9F78EF9284625F06A
:107270002FFD48A9284625F0F1FC2846E9F784F9B6
:10728000284625F025FD8349284625F0C9FC2846D7
:10729000E9F77AF9284625F01BFD48A9284625F08C
:1072A000DDFC2846E9F770F9284625F011FD236832
:1072B0001D931D9A23681C931C9B9B1A092BF9D9BB
:1072C0007549284625F0ACFC2846E9F75DF92846C3
:1072D00025F0FEFC48A9284625F0C0FC2846E9F721
:1072E00053F9284625F0F4FC6C49284625F098FC13
:1072F0002846E9F749F9284625F0EAFC48A9284636
:1073000025F0ACFC2846E9F73FF9284625F0E0FCDB
:1073100023681B931B9A23681A931A9B9B1A092BA9
:10732000F9D95F49284625F07BFC2846E9F72CF976
:10733000284625F0CDFC48A9284625F08FFC284694
:10734000E9F722F9284625F0C3FC5649284625F0DE
:1073500067FC2846E9F718F9284625F0B9FC48A942
:10736000284625F07BFC2846E9F70EF9284625F04B
:10737000AFFC23681993199A23681893189B9B1ADA
:10738000092BF9D94849284625F04AFC2846E9F74F
:10739000FBF8284625F09CFC48A9284625F05EFC11
:1073A0002846E9F7F1F8284625F092FC3F4928469F
:1073B00025F036FC2846E9F7E7F8284625F088FC52
:1073C00048A9284625F04AFC2846E9F7DDF8284672
:1073D00025F07EFC23681793179A23681693169B53
:1073E0009B1A092BF9D93249284625F019FC284661
:1073F000E9F7CAF8284625F06BFC48A9284625F08D
:107400002DFC2846E9F7C0F8284625F061FC2949FB
:10741000284625F005FC2846E9F7B6F8284625F069
:1074200057FC48A9284625F019FC2846E9F7ACF88E
:10743000284625F04DFC23681593159A236814936C
:10744000149B9B1A092BF9D91B49284625F0E8FB08
:107450002846E9F799F8284625F03AFC48A9284635
:1074600025F0FCFB2846E9F78FF8284625F030FC8C
:1074700023681393139A21E014E304000C1FFF1FE9
:1074800030E3040048E3040064E304007CE3040008
:1074900098E30400B0E30400CCE30400E4E3040058
:1074A00000E4040018E4040030E4040044E40400B0
:1074B0005CE4040070E4040088E404002368129390
:1074C000129B9B1A092BF9D90249284625F0A8FBE3
:1074D000FFF7F2BB9CE4040030B5A1B004460D46B2
:1074E00008A8784925F09CFB76490BA825F098FB65
:1074F00075490EA825F094FB744911A825F090FB5E
:10750000734914A825F08CFB724917A825F088FB55
:1075100071491AA825F084FB0122704B94421A701D
:107520005FD00B2C46D0012D00F08380013541D176
:107530000EA90BA825F008FC0BA969481DAC25F085
:1075400041F9674825F06CF90BA9204625F086FB28
:107550002046E9F719F8204625F0BAFB1AA920467B
:1075600025F07CFB2046E9F70FF8204625F0B0FB1C
:107570005C4B1A68059205991A680492049A521A8B
:10758000092AF9D911A90BA825F0DEFB0BA9204681
:1075900025F064FB2046E8F7F7FF204625F098FB2E
:1075A0001AA9204625F05AFB2046E8F7EDFF2046B1
:1075B00025F08EFB1AA825F08BFB17A825F088FB79
:1075C00014A825F085FB11A825F082FB0EA825F054
:1075D0007FFB0BA825F07CFB08A825F079FB21B0E8
:1075E00030BD95424AD00135E4D11DAC3E4920461C
:1075F00025F016FB2046E8F7C7FF204625F068FB7C
:107600001AA9204625F02AFB2046E8F7BDFF2046B0
:1076100025F05EFB334B1A68019201991A680092BB
:10762000009A521A092AF9D93049204625F0F8FA69
:10763000B0E71DAC14A90BA825F086FB0BA92046CA
:1076400025F00CFB2046E8F79FFF204625F040FB85
:107650001AA9204625F002FB2046E8F795FF2046B0
:1076600025F036FB1F4B1A68079207991A68069295
:10767000069A521A092AF9D917A984E71DAC1C49A0
:10768000204625F0CDFA2046E8F77EFF204625F07B
:107690001FFB1AA9204625F0E1FA2046E8F774FFFF
:1076A000204625F015FB0F4B1A68039203991A68C0
:1076B0000292029A521A092AF9D90E49204625F057
:1076C000AFFA67E7A811050080E10400F0FC0400B0
:1076D00090E10400DCFC04005CAD0400CC16FF1F4C
:1076E0002808FF1F0C1FFF1FCCE10400E4E1040089
:1076F000F8E1040010E2040090F8903010B5044660
:10770000FBB9826D0123526880F8903072B6DFEDCC
:107710000F6AD0ED207A90ED1F7A67EEA67AF4EE2C
:10772000C77AC0ED1E7AD0ED227AF1EE10FAD8BFFA
:10773000F1EE677AC0ED237A62B602E0012025F00F
:10774000DFFFA368002BF9D110BD00BF00000000CF
:1077500038B590F86430124A0260044600F10C0516
:107760008BB9104B6360284624F030FF0023A360E0
:10777000206A24F021F9606A24F01EF9284624F0DA
:1077800025FF204638BD284624F020FF0023206A2C
:10779000A36024F011F9606A24F00EF9E1E700BF5C
:1077A0007C0E0500700E050010B5034B0360044607
:1077B000FFF7CEFF204610BDB40E050010B5054BF7
:1077C00003600446FFF7C4FF2046B82125F04CFEB5
:1077D000204610BDB40E050010B5034B03600446EF
:1077E000FFF7B6FF204610BD980E050010B5054BFB
:1077F00003600446FFF7ACFF2046942125F034FED9
:10780000204610BD980E050010B50446FFF7A0FFF6
:107810002046782125F028FE204610BD88422FD032
:107820002DE9F843804689461646051DA94516D020
:107830002868D8F80010B0472F462C46043580B190
:10784000B84555F8044C06D0A7EB0802414608F1AC
:1078500004002CF0EDF9A945C8F80040E8D1BDE8D6
:10786000F88355F8047C03E054F8043C44F80439E8
:1078700054F8041C3846B0470028F5D12760D5E7F6
:10788000704700BF0B1A402B2DE9F0411BDD074666
:107890004037884639461646FFF7C0FF474510D0A7
:1078A0003D683C4603E054F8043C44F8043954F87D
:1078B000041C2846B0470028F5D10437B845256098
:1078C000EED1BDE8F081FFF7A9FFBDE8F08100BF70
:1078D0002DE9F04F9846531E83B003EBD373B1EB01
:1078E000630F0C9E01920F46044645DA4FEA630986
:1078F0008A4600E0DA460AF101056FF0404303EBE7
:10790000450354F8350054F823104FEA450B04EBB7
:10791000C505B04718B10BF1FF3B04EB8B05296897
:1079200044F82A10CB45E5DB019BDA072AD50BF199
:10793000FF3909EBD979BB454FEA690908DC16E044
:1079400054F8291044F82B104F45CB460FDA9146D6
:1079500054F829004146B04709F1FF3202EBD272D8
:10796000521004EB89050028EAD104EB8B05C5F819
:10797000008003B0BDE8F08F019BDB0700EB8105C1
:10798000F5D48B46019B023B03EBD373BBEB630F38
:10799000CDD10BF1010304EBC3025B0052F8042CC0
:1079A0002A6003F1FF3B04EB8B05C0E72DE9F04FA4
:1079B0008946091A402983B040F3908007469246D1
:1079C00098464E46002A61D007F1040BCC10786827
:1079D00057F82410C0470AF1FF3A59F8041C002850
:1079E00037D057F82400C047002845D03B6857F8E7
:1079F00024203A6047F82430786839684D465E465E
:107A000002E056F8040F3968C0470028F9D12C1F4E
:107A100021683868C0472546043C0028F8D1AE42AA
:107A200009D233462968326843F8041B2A6070681B
:107A300039681E46E8E74946434652463046FFF756
:107A4000B5FFF11B402949DDBAF1000F1ED0B14648
:107A5000BCE77868C047A0B959F8041C57F824005F
:107A6000C0473B680028C2D059F8042C3A6049F856
:107A7000043C78683968C1E759F8041C7868C04745
:107A800078BBD7E9000139607860B7E78C10A51E94
:107A90006D10CDF8008057F825302246294638462B
:107AA000FFF716FF07EB8509013D59F8043DCDF8B6
:107AB0000080224629463846FFF70AFF002DF3D101
:107AC00056F8043D3A683260F41BCDF80080A210ED
:107AD00000213846FFF7FCFE042CF1DC03B0BDE8C2
:107AE000F08F3B68C0E700BF836833B15E4B1B6813
:107AF00013B101210220184770472DE9F04100F130
:107B00002C0606EB8105AE422DED028B0446B0EE4D
:107B1000408A88464FEA81070FD0BA10B2FA82F243
:107B2000C2F11F02520029463046504BFFF73EFF7C
:107B30004E4A29463046FFF7A5FEE06AA0658369F4
:107B4000002B00F08980002BB8BF5B420361B8F1C5
:107B5000010F4FF00003836010DD07F1280121447D
:107B6000B4465CF8042F9369002BB8BF5B421361E5
:107B700007696145C7EB43035361F2D1AE426FD051
:107B800004F130039D42466A07D053F8042B526A31
:107B9000964228BF16469D42F7D10023251D84F842
:107BA000903084F82830284623F0F2FE20622846E0
:107BB00023F0EEFE606223F0BDFE616904F108006F
:107BC00023F044FE07EE906A94ED1C7ADFED286AFC
:107BD000A36DB8EE477AF8EE677A002267EE877AEF
:107BE00087EEA67AD3ED067A5B68E267F8EEE77A6D
:107BF00084ED217AC4ED207A72B6D4F88430C4F8CA
:107C0000883062B672B694ED207AD4ED1F7A28EEF1
:107C1000070AB4EEE70AD4ED227A84ED1E0AF1EEEB
:107C200010FAD8BFF1EE677AC4ED237A62B6114A32
:107C3000236AE16900201060DB00506803F1804393
:107C400003F5603301440D2019611060DA6850219A
:107C500022F08002DA60D960BDEC028BBDE8F081D1
:107C6000E36A5E6A99E700BF581EFF1F85040000A3
:107C700000247449008003402DE9F04F474D2DED5D
:107C8000048BD5F80031CBB0A3F10A021D2A009075
:107C90007FD9434C434B226803920021039A197009
:107CA00023680293029B9B1A092BF9D925AF3E4901
:107CB0003E4E384624F0B4FF3846E8F765FC3846B7
:107CC00025F006F83A4B3846196824F0A9FF3846E3
:107CD000E8F75AFC384624F0FBFF364A3648374965
:107CE0002A9700231360364A33601360354A0360D5
:107CF0001360354A0B601360344A27931360344A8B
:107D000028938DF8BC303C933D938DF8F8303F9329
:107D10008DF824310123136040932E4B26932E4B74
:107D2000259380238DF8A43009232B9342F29F439F
:107D300014214FF005082C932848294ECDF80881CE
:107D400041F28833419327F0F3FF264824F068FD81
:107D50000C21254827F0ECFFB16D224824F058FD96
:107D6000204824F05DFD214B214AB16DC2F800800E
:107D70000620D5F81C80D5F81890019118600429C8
:107D800000F22A85DFE811F048018C015C017401E2
:107D900038000021D8B225F013FC7AE77013FF1FDA
:107DA0000C1FFF1F3016FF1F2CB104001417FF1FFC
:107DB0004807FF1F2818FF1F2018FF1F2418FF1F48
:107DC0005016FF1F4416FF1F1818FF1F1C18FF1F17
:107DD000E00FFF1F700E0500980E050024E504005B
:107DE0001412FF1F2808FF1F3CE504006407FF1F53
:107DF000FC06FF1F0AD7233C96ED097A30690099EB
:107E00005FED047AD5F87080D5F86C90D6F838B06C
:107E1000B8EEC78A00FB01FA12201860844628EEEB
:107E2000278A13201060B249DFF8FCE2C1F800C0D5
:107E3000019BB049CEF800305FFA88F3086018461D
:107E4000012109EE103A25F0BBFB5FFA89F31846D1
:107E5000012109EE903A25F0B3FBA74BA74A196818
:107E6000126815A823F000FC0023169323680593DD
:107E7000059A23680493049B9B1A042BF9D9514655
:107E800015A823F031FC594623F022FC0122B06DE5
:107E90001146E9F7D1FDB36D002B40F02D83DFF8DB
:107EA0008CB2DBF87420012A40F05E8307EE90AAC2
:107EB0009BED1C7A9249934A9FED930A934BF8EEFF
:107EC000E77A032067EE877A08601021116027EEB9
:107ED000800A17221A6028F039FAFDEEC07ADBF822
:107EE0000C30DFF84CB217EE90AA5345BCBF009A95
:107EF00002FB03FA012211460320E9F79DFD00234E
:107F000051465846CBF8043023F0EEFB804B996A7B
:107F100023F0DEFB23680793079A23680693069BEA
:107F20009B1A042BF9D93F9B4AA803F10C0200EBE2
:107F3000820C00EB8300002115AA40F8682C40F861
:107F400064BCB7EE000A4CF8901C38463F91022101
:107F5000FFF7CAFD279B002B3CD0DFED6B8ADFF8D3
:107F6000D4A1DFF8D4B125F087FF002840F3C08109
:107F7000DAF80030012B00F0C581032B00F07B8282
:107F8000002B00F0D48100238BF80030A8F10A0305
:107F90001D2B40F23C81A9F10A031D2B40F26F8199
:107FA000D5F8F800A0F10A031D2B07D8C0B225F0C0
:107FB0003DFBD5F8FC30984240F063822368119372
:107FC000119A23681093109B9B1A092BF9D9279BB0
:107FD000002BC8D14F4CB06D002840F04F82169B4B
:107FE0004D4A13605B4202464C490A604C4A0021EC
:107FF00013600122E9F720FD2468022C00F0CF82F3
:108000000B2C64D1B36D042B61D8DFE813F0E500CD
:10801000CB00B10097005B00306896ED057A0099BF
:10802000DFED397AD6F828B0B8EEC78A00FB01FA3E
:10803000032018608446022028EE278A1060F2E6AA
:10804000B06896ED077A0099DFED2F7AD5F8308089
:10805000D5F82C90D6F830B0B8EEC78A00FB01FAFC
:10806000152018608446142028EE278A1060DAE66E
:10807000F06896ED087A0099DFED237AD5F8508004
:10808000D5F84C90D6F834B0B8EEC78A00FB01FAA8
:10809000102018608446172028EE278A1060C2E658
:1080A00096ED067A7068DFED187A0099D6F82CB054
:1080B000B8EEC78A00FB01FA28EE278A05204FF0A8
:1080C000060CB0E6D5F8E030012B40F06F83D5F810
:1080D0000001A0F10A031D2B40F20982114B2593E8
:1080E0003846FFF735FB4BB0BDEC048BBDE8F08F95
:1080F0006C07FF1F6807FF1F6407FF1FFC06FF1FB9
:108100009407FF1F7407FF1F0AD7233C7007FF1F48
:10811000A012FF1F5007FF1F5016FF1F4416FF1F1E
:108120001818FF1F980E05009007FF1F3411FF1F3E
:108130001817FF1F6007FF1FB816FF1FD5F8E030A4
:10814000012BC4D0A54912A824F06AFD12A8E8F7B3
:108150001BFA12A824F0BCFDA14912A824F060FD6E
:1081600012A8E8F711FA12A824F0B2FD9D49BEE268
:10817000D5F8E030012BAAD09B4912A824F050FD7D
:1081800012A8E8F701FA12A824F0A2FD944912A857
:1081900024F046FD12A8E8F7F7F912A824F098FD9C
:1081A0009249A4E2D5F8E030012B90D0904912A872
:1081B00024F036FD12A8E8F7E7F912A824F088FDAC
:1081C000874912A824F02CFD12A8E8F7DDF912A8BF
:1081D00024F07EFD87498AE2D5F8E030012B3FF498
:1081E00076AF854912A824F01BFD12A8E8F7CCF958
:1081F00012A824F06DFD7A4912A824F011FD12A8EE
:10820000E8F7C2F912A824F063FD7C496FE219EE89
:10821000100A25F00BFAD5F8FC3098423FF4BBAEBB
:10822000009B012B7FF4B7AE00238DF8243172B68A
:10823000DFED766ADDED457A9DED447A67EEA67A4C
:10824000F4EEC77ACDED437ADDED477AF1EE10FA20
:10825000D8BFF1EE677ACDED487A62B628A824F04F
:10826000B5F9674C2D980023279323F0A5FB2E9892
:1082700023F0A2FB20680121FFF72EF9ABE619EEEF
:10828000900A25F0D3F9D5F8FC3098423FF488AE37
:10829000009B01337FF484AE00238DF8243172B645
:1082A000DFED5A6ADDED457A9DED447A67EEA67AF8
:1082B000F4EEC77ACDED437ADDED477AF1EE10FAB0
:1082C000D8BFF1EE677ACDED487A62B628A824F0DF
:1082D0007DF94B4C2D980023279323F06DFB2E98AE
:1082E00023F06AFB20684FF0FF31FFF7F5F872E6E4
:1082F00026F038FE00287FF749AEDAF80030012B6F
:108300007FF43BAE25F0CCFDC3B26E2B8BF8003072
:1083100014D1DAF80000E9F7CFFE51EC100B29F088
:10832000DFFA07EE900A7061B8EEE78A1DE027F0E9
:1083300091FCC3B26E2B8BF80030EAD06F2B67D163
:10834000DAF80000E9F7B8FE51EC100B29F0C8FA92
:10835000B36D013B032B0AD8DFE803F03830280265
:1083600007EE900AB8EEE78A706228EE288A254B5D
:10837000254819688C2224F093FE00238DF82431BF
:1083800072B6DDED457A9DED447A68EE277AF4EE1B
:10839000C77ACDED437ADDED477AF1EE10FAD8BF1A
:1083A000F1EE677ACDED487A62B6EFE507EE900A16
:1083B000B8EEE78A306228EE288AD8E707EE900AFE
:1083C000B8EEE78AF06128EE288AD0E707EE900A37
:1083D000B8EEE78AB06128EE288AC8E7ACE6040068
:1083E0005CAD0400C4E604007CE6040094E60400EE
:1083F0004CE6040064E604000CE7040024E70400F3
:108400005007FF1F2407FF1F1412FF1F000000006A
:10841000532B7FF4BBAD00238DF8243172B65FED92
:10842000056ADDED457A9DED447A67EEA67AF4EEB5
:10843000C77ACDED437ADDED477AF1EE10FAD8BF79
:10844000F1EE677ACDED487A62B623680F930F9A02
:1084500023680E930E9B9B1A042BF9D93846FFF71D
:108460004BF923680D930D9A23680C930C9B9B1A70
:10847000632BF9D9AEE526F089FD5AE7169A5342E7
:10848000B2E52021B44827F053FCB44824F0C8F9E1
:1084900028A8002424F09AF82D98279423F08CFA29
:1084A0002E9823F089FA224621462046E9F7C4FA9D
:1084B000224621460120E9F7BFFA22462146022042
:1084C000E9F7BAFA224621460320E9F7B5FA22462F
:1084D00021460420E9F7B0FAA14B1868FEF7C6FA66
:1084E000D5F80001A0F10A031D2B3FF6F7AD0121DD
:1084F000C0B225F065F8F1E53F9B4AA803F10B02F5
:1085000000EB830315A843F8680C4AAB03EB820326
:10851000002143F8901CB7EE000A3F913846012134
:10852000FFF7E2FA23680B930B9A23680A930A9BDE
:108530009B1A042BF9D900238DF8243172B6DDED96
:10854000457A9DED447A68EE277AF4EEC77ACDED50
:10855000437ADDED477AF1EE10FAD8BFF1EE677A93
:10856000CDED487A62B6F5E4DDF8FCC04AAA02EB2C
:108570008C0015AA40F8682C40F8643CB7EE000A5D
:10858000012138463F93FFF7AFFA23680993099A10
:1085900023680893089B9B1A042BF9D9CBE7714BEE
:1085A0005A6F012A00F0CB80B36D042B3FF68FADDC
:1085B000DFE803F08354391E0300D5F8E030012BC7
:1085C0003FF485AD684912A824F02AFB12A8E7F70A
:1085D000DBFF12A824F07CFB644912A824F020FBE6
:1085E00012A8E7F7D1FF12A824F072FB60497EE0E1
:1085F000D5F8E030012B3FF46AAD5E4912A824F0B3
:108600000FFB12A8E7F7C0FF12A824F061FB57493F
:1086100012A824F005FB12A8E7F7B6FF12A824F071
:1086200057FB554963E0D5F8E030012B3FF44FADDF
:10863000524912A824F0F4FA12A8E7F7A5FF12A8ED
:1086400024F046FB494912A824F0EAFA12A8E7F7F9
:108650009BFF12A824F03CFB494948E0D5F8E030E4
:10866000012B3FF434AD474912A824F0D9FA12A8DF
:10867000E7F78AFF12A824F02BFB3C4912A824F04C
:10868000CFFA12A8E7F780FF12A824F021FB3D499A
:1086900012A824F0C5FA12A8E7F776FF12A824F072
:1086A00017FB324912A824F0BBFA12A8E7F76CFFB7
:1086B00012A824F00DFB344919E0D5F8E030012B65
:1086C0003FF405AD314912A824F0AAFA12A8E7F741
:1086D0005BFF12A824F0FCFA244912A824F0A0FAA7
:1086E00012A8E7F751FF12A824F0F2FA284912A8BD
:1086F00024F096FA12A8E7F747FF12A824F0E8FA48
:10870000244912A824F08CFA12A8E7F73DFF12A81A
:1087100024F0DEFA204912A824F082FA12A8E7F722
:1087200033FF12A824F0D4FA1C4912A824F078FAD6
:1087300012A8E7F729FF12A824F0CAFAC7E400211B
:108740000320E9F779F9164B164A1C60164B5B6853
:108750005B42136028E700BF4CE504002808FF1FB8
:108760005007FF1F3411FF1FFCE504005CAD04003F
:1087700010E60400D4E50400E8E50400ACE50400DC
:10878000C0E5040070E5040084E5040024E604006C
:1087900038E6040000B4040098E50400A4E50400F1
:1087A000E00FFF1F1C18FF1F1817FF1F0F4912A80B
:1087B00024F036FA12A8E7F7E7FE12A824F088FAA8
:1087C0000B4912A824F02CFA12A8E7F7DDFE12A834
:1087D00024F07EFA07498AE74FF0000A9FED068AE7
:1087E000D34605204FF0060CFFF71DBBDCE6040066
:1087F0005CAD0400F4E60400000000002DE9F04F39
:108800002DED048BDFF8B882994C9FED9A8ADFF842
:10881000B4B2DFF8B4A2A1B005460190EAF740FA7D
:1088200098ED0F5A98ED107AD4ED025AD4ED017AF2
:10883000D8F82810904AD8ED176A9048E769A669D9
:1088400085EE076A80238DF84C30D8F8003001FBA4
:1088500003F38B494FF00009CDF8489094ED007A6E
:10886000B8EE477AF8EE677A27EE257A27EE277A70
:1088700007EE903A834BBDEEC77A83ED006AF8EEBF
:10888000677A00230B6082ED007A92ED007A7E4BCE
:108890007E4A67EE887AB8EEC77AFDEEE77A05FB86
:1088A00003F327EE267ACBED007A0493784BDBF8BE
:1088B0000010C3F80090FDEEC77A02230360032383
:1088C0007448136017EE905A22F00EFFD8F8141077
:1088D00022F0FEFEC0F8049004996E4822F026FFB4
:1088E000012211464846E9F7A7F86B49DAF87420E7
:1088F00002230B60012A049B029300F0C686D8F87D
:108900004430664A1360013B032B6FD8DFE813F055
:10891000CD046E05040061046149624A636B276DF2
:10892000E66C1020086017211160002B00F0018711
:10893000012B10D198ED150AE9F764FDDDED017A00
:108940004F4BB6EE007AF8EEE77A20EE070A67EEB4
:10895000807AC3ED007AD8F83420D8F80C309FED37
:10896000457ADFF86891DFF868B14F4802FB03F3FE
:1089700007EE903AF8EE677A414B67EE877A192155
:10898000FDEEE77AC9ED007AD3ED007AFDEEE77AE5
:10899000CBED007A27F0CCF9DBF80010434823F048
:1089A00037FFD9F80010424822F09EFED8F8201078
:1089B00022F08EFE334ADFED3F7A92ED000ADFEDC2
:1089C0003E0A20EE270A814627F0F6FB27F03AFC04
:1089D0002B4BD3ED007A20EE270A0122BDEEC00A10
:1089E000114689ED010A0320E9F726F8FBB2184683
:1089F000012108EE903A24F0E3FDF3B2184601217C
:108A000009EE103A24F0DCFD00212846E8F7A2FF29
:108A100012212A4827F08CF9244823F001FFDAF8C4
:108A20007430DFF8B0A00021012BB7EE000ADAF8AD
:108A30006830CAF8681000F0C38503F10B020AEB36
:108A400082020AEB8303DFF84C90C3F82C90504667
:108A500051600121FFF748F8D8F84430013B032B5F
:108A60004ED8DFE813F0A1036A033900550300BFB5
:108A70007013FF1F0AD7233C7418FF1F6807FF1FDE
:108A80000017FF1FC416FF1FE00FCC0C6C07FF1F61
:108A90009007FF1F3418FF1FE00FFF1F9407FF1FF1
:108AA0007407FF1F7007FF1F9CE704002808FF1FC3
:108AB0001817FF1F00000000DB0FC940B8E70400D3
:108AC0001013FF1FE416FF1F3411FF1FE016FF1FD6
:108AD0001417FF1F5C15FF1FB548DFF810C3826E27
:108AE00002F10B0300EB830300EB8202002181669D
:108AF000B7EE000AC2F82CC059600121FEF7F4FF5E
:108B0000E8F70AFA129980228DF84C2021B1A94B7E
:108B10000B441B11A8495A54A7F10A030193A74B10
:108B200014931A9316A9A64B16931CA8E7F7BAFC40
:108B3000A44A9FEDA58A9E4F1AA912A823F0D8FC3B
:108B40001A9B1CA8DB689847149B16A8DB689847FB
:108B500013219E4827F0ECF829469D4823F058FE43
:108B60009B4823F05DFEA6F10A0B002DD9F80460A6
:108B700000F3B48125F080F900284FF0010640F39E
:108B8000FB81944B1B68012B00F0FD81032B00F04F
:108B9000A182002B00F07D828F4A00231370019B7D
:108BA0001D2B40F2F381BBF11D0F40F23282D4F84D
:108BB000F800A0F10A031D2B07D8C0B224F036FD3F
:108BC000D4F8FC30984240F00F85DFF88482D8F862
:108BD000003014931499D8F800301193119B5B1A4C
:108BE000312BF8D9002EC0D1314630460122E8F7AA
:108BF00023FF012210463146E8F71EFF31460122CD
:108C00000220E8F719FF314601220320E8F714FF9C
:108C1000314601220420E8F70FFF704B704F58686F
:108C2000704BD7ED007A59686F4D704B704A5B6896
:108C3000704E52683360B8EEE77AD5ED007A6E4B2D
:108C400077EEC77A1860FDEEE77A6C4B6C481960D6
:108C500017EE905A6B4B28211A6027F069F82946C5
:108C60005B4823F0D5FD5A4823F0DAFD66493268A7
:108C7000D9F80430654E0D60654933605B420B6086
:108C8000644B65493D6052421AA81A60634D23F057
:108C9000C7FF1AA8E7F778FC1AA824F019F8296882
:108CA0001AA823F0BDFF1AA8E7F76EFC1AA824F053
:108CB0000FF85B491AA823F0B3FF1AA8E7F764FC82
:108CC0001AA824F005F829681AA823F0A9FF1AA801
:108CD000E7F75AFC1AA823F0FBFF524B1B78002B36
:108CE00000F044841421504827F022F831683848B5
:108CF00023F08EFD364823F093FD12214B4827F0D8
:108D000017F83968324823F083FD314823F088FD95
:108D10000F21474827F00CF82D4823F081FDD4F8A7
:108D2000E030012B00F0028442491AA823F078FFBA
:108D30001AA8E7F729FC1AA823F0CAFF3E491AA887
:108D400023F06EFF1AA8E7F71FFC1AA823F0C0FF54
:108D50003A491AA823F064FF1AA8E7F715FC1AA8E5
:108D600023F0B6FF36491AA823F05AFF1AA8E7F7EE
:108D70000BFC1AA823F0ACFF32491AA823F050FFCD
:108D80001AA8E7F701FC1AA823F0A2FF2E491AA897
:108D900023F046FF1AA8E7F7F7FB1AA823F098FF7D
:108DA0002A491AA823F03CFF1AA8E7F7EDFB51E087
:108DB000C814FF1F008FFCBF30E400E0C80E0500A0
:108DC000190F00005FE3160000000000CCE704006C
:108DD0002808FF1F6007FF1FB816FF1FD817FF1FC7
:108DE0004416FF1F9817FF1F0017FF1F1817FF1FBC
:108DF0005817FF1F4816FF1F5816FF1F5416FF1F56
:108E000030E804004C16FF1F1C18FF1F5016FF1FF0
:108E10001818FF1F2018FF1F5CE804004807FF1FF9
:108E200070E80400CC16FF1FACE80400C4E804009E
:108E3000D8E8040010E904005CAD040024E9040053
:108E400000B4040098E50400A4E5040038E9040037
:108E50000C1FFF1F1AA823F03BFFC2491AA823F0DA
:108E6000DFFE1AA8E7F790FB1AA823F031FFBE49EE
:108E70001AA823F0D5FE1AA8E7F786FB1AA823F054
:108E800027FFBA491AA823F0CBFE1AA8E7F77CFB04
:108E90001AA823F01DFFB6491AA823F0C1FE1AA88C
:108EA000E7F772FB1AA823F013FFB2491AA823F0C0
:108EB000B7FE1AA8E7F768FB1AA823F009FFD4F851
:108EC0000001A0F10A031D2B40F2DA8312A823F05F
:108ED0007DFB21B0BDEC048BBDE8F08FDFF8BC82D8
:108EE000D8F8003008930899D8F800300793079B0A
:108EF0005B1A632BF8D9D9F804102846E8F72AFD45
:108F0000002EB8BF7642B5423FF734AE12A823F028
:108F10005DFB97F89030CBB9BB6D5B68012387F898
:108F2000903072B6D7ED207A97ED1F7A67EE887A87
:108F3000F4EEC77AC7ED1E7AD7ED227AF1EE10FA79
:108F4000D8BFF1EE677AC7ED237A62B68A48FEF79A
:108F5000D3FBD8F800300A930A99D8F80030099367
:108F6000099B5B1AB3F5FA7FF7D324F085FF00283D
:108F70004FF000063FF705AE25F0F4FF7F4B1B686E
:108F8000012B7FF403AE24F08BFF84E018EE900AEF
:108F900024F04CFBD4F8FC3098423FF404AE262178
:108FA0007748DFF8F88126F0C3FE764823F038FCD6
:108FB00012A823F00BFB0026734823F007FB386A46
:108FC000BE6022F0F9FC786A22F0F6FC6F4823F0CC
:108FD000FDFADAF82000CAF8086022F0EDFCDAF8B1
:108FE000240022F0E9FC01210A20FEF775FAD8F8E6
:108FF00000300E930E99D8F800300D930D9B5B1A3C
:10900000B3F5FA7FF7D3BBF11D0F4FF000063FF623
:10901000CEAD19EE100A24F009FBD4F8FC309842CA
:109020003FF4C5AD26215A48DFF8708126F080FE56
:10903000544823F0F5FB12A823F0C8FA0026524842
:1090400023F0C4FA386ABE6022F0B6FC786A22F0D7
:10905000B3FC4E4823F0BAFADAF82000CAF80860E8
:1090600022F0AAFCDAF8240022F0A6FC4FF0FF312F
:109070000A20FEF731FAD8F8003010931099D8F88A
:1090800000300F930F9B5B1AB3F5FA7FF7D30026DE
:109090008DE526F0DFFDC3B23E4A532B13707FF4FB
:1090A0007EAD12A823F092FA97F89030ABB1DFF8BA
:1090B000EC803148FEF720FBD8F800300C930C9977
:1090C000D8F800300B930B9B5B1AB3F5FA7FF7D3FC
:1090D000002664E525F05AFFDDE7BB6D5B680123E0
:1090E00087F8903072B6D7ED207A97ED1F7A67EE49
:1090F000887AF4EEC77AC7ED1E7AD7ED227AF1EEC0
:1091000010FAD8BFF1EE677AC7ED237A62B6CEE7E0
:109110002148DFF88CC0826E02F10B0300EB830361
:1091200000EB820200218166B7EE000AC2F82CC073
:1091300059600121FEF7D8FCE2E41748DFF864C06B
:10914000826E02F10B0300EB830300EB820200212D
:109150008166B7EE000AC2F82CC059600121FEF703
:10916000C3FCCDE45CAD04004CE9040000B4040091
:1091700098E50400A4E504005C15FF1F6007FF1FCD
:10918000E0E704002808FF1FD414FF1F6815FF1F25
:1091900008E80400B816FF1FC814FF1F0C1FFF1FAC
:1091A0005817FF1F9817FF1FCD48DFF878C3826E4E
:1091B00002F10B0300EB830300EB820200218166C6
:1091C000B7EE000AC2F82CC059600121FEF78CFCF2
:1091D00096E4C449C44A636D276FE66E12200860A6
:1091E00013211160002B00F0AA82012B10D198ED01
:1091F000160AE9F74BF9DDED017ABC4BB6EE007AC1
:10920000F8EEE77A20EE070A67EE807AC3ED007A7F
:10921000D8F83820D8F810309FEDB57ADFF80893E9
:10922000DFF8F4B2B34802FB03F307EE903AF8EE2E
:10923000677AAE4B67EE877A1921FDEEE77AC9EDC2
:10924000007AD3ED007AFDEEE77ACBED007A26F0D6
:109250006FFDDBF80010A84823F0DAFAD9F8001007
:10926000A64822F041FAD8F8241022F031FAA44A94
:10927000DFEDA47A92ED000ADFEDA30A20EE270AC3
:10928000814626F099FF26F0DDFF984BD3ED007A5A
:1092900020EE270A0122BDEEC00A114689ED010A1F
:1092A0000420E8F7C9FBFFF7A1BBDDED017AD8ED9B
:1092B000135A94ED057A8D4BD8F82C20DFED8C6A8B
:1092C000DFF86092DFF860B29048E769A669B8EE0F
:1092D000E76AC5EE877A062194ED047AB8EE477AFC
:1092E000F6EE005A67EE877A94ED037AB8EE477A85
:1092F00067EE877A67EEA57A67EE867AC3ED007A25
:10930000D8F8043002FB03F207EE902AF8EE677AF1
:10931000744A754B116067EEA67A0522FDEEE77A76
:109320001A6015210023CBED007AC9F8043026F02D
:10933000FFFCD9F80410704823F06AFA6E4823F055
:109340006FFA1121724826F0F3FC684B186827F079
:10935000BFFF41EC100B0221674823F085FA6648F5
:1093600023F05EFA18216B4826F0E2FC5F4B62485E
:10937000D3ED007A684BFDEEE77A17EE901AC3ED55
:10938000007A23F045FADBF80010484622F0ACF9E9
:10939000D8F8181022F09CF9594ADFED5A7A92ED6C
:1093A000000ADFED590A20EE270A834626F004FF63
:1093B00026F048FF4D4B5948D3ED007A20EE270A9E
:1093C0001721BDEEC00A8BED010A26F0B1FCD9F8D9
:1093D0000410494823F01CFA474823F021FA0122DF
:1093E00011461046E8F728FBFFF700BB3D493E4A0F
:1093F000DDED017AD4F8CC30276BE66AD8ED145A4B
:10940000152008601421F8EEE76A1160002B00F0C7
:10941000818194ED367AC5EE877A94ED357AB8EE8F
:10942000477AB6EE006A67EE877A94ED347A2F4B6E
:10943000D8F83020DFF8F090DFF8DCB02D48B8EE37
:10944000477A192167EE877A9FED297A67EE867A47
:1094500067EEA67AC3ED007AD8F8083002FB03F372
:1094600007EE903AF8EE677A204B67EE877AFDEECA
:10947000E77AC9ED007AD3ED007AFDEEE77ACBED1D
:10948000007A26F055FCDBF800101B4823F0C0F9E9
:10949000D9F80010224822F027F9D8F81C1022F041
:1094A00017F9174ADFED177A92ED000ADFED160A79
:1094B00020EE270A814626F07FFE26F0C3FE0B4BE6
:1094C000D3ED007A20EE270A0122BDEEC00A114634
:1094D00089ED010A0220E8F7AFFAFFF787BA00BF6B
:1094E000C814FF1F7407FF1F7007FF1F0017FF1F1F
:1094F0000AD7233C9CE704002808FF1F5817FF1FCA
:10950000C416FF1F00000000DB0FC9403CE7040049
:1095100054E7040068E704001417FF1F84E7040001
:109520009817FF1FD817FF1FE016FF1F86491AA8BC
:1095300023F076FB1AA8E7F727F81AA823F0C8FB50
:1095400082491AA823F06CFB1AA8E7F71DF81AA89D
:1095500023F0BEFB7E491AA823F062FB1AA8E7F7A6
:1095600013F81AA823F0B4FB78499FE479491AA8A4
:1095700023F056FB1AA8E7F707F81AA823F0A8FB70
:1095800029681AA823F04CFB1AA8E6F7FDFF1AA8D1
:1095900023F09EFB70491AA823F042FB1AA8E6F7B5
:1095A000F3FF1AA823F094FB29681AA823F038FBCC
:1095B0001AA8E6F7E9FF1AA823F08AFBFFF792BB87
:1095C0000AEB830003F10C02DFF8B891C0F82C908D
:1095D00003460AEB8202614818635160504602213B
:1095E000FEF782FAFFF738BA20215D4E5D4826F07B
:1095F0009FFB5D48002523F013F906F10C0022F0D3
:10960000E5FF306AB56022F0D7F9706A22F0D4F92C
:10961000564822F0DBFFDAF82000CAF8085022F0A2
:10962000CBF9DAF8240022F0C7F9514B01262A467B
:10963000294628461E70E8F7FFF92A462946304693
:10964000E8F7FAF92A4629460220E8F7F5F92A460A
:1096500029460320E8F7F0F92A4629460420E8F7CE
:10966000EBF90A20FDF702FAD4F80001A0F10A0391
:109670001D2B3FF62BAC3146C0B223F0A1FF25E4F1
:109680000121C0B223F09CFF20E403230B60394B7F
:10969000324893ED009A384BDFF8ECC00392032276
:1096A0001A604FF0100E354BC0F80490CCF800E073
:1096B000DBF80010DAED1C8ADFF8D0904FF0170CC1
:1096C000C3F800C022F010F82D4B596E22F000F8BC
:1096D000DDED027AF8EEE77A28EE887A67EE897A8D
:1096E00067EE877AFDEEE77A17EE901A22F01EF801
:1096F000039A03201146E8F79FF9D9F80030069342
:10970000069AD9F800300593059B9B1A042BF8D9CB
:10971000FFF7F5B894ED0A7AC5EE877A94ED097AE9
:10972000B8EE477AB6EE006A67EE877A94ED087A6B
:109730007DE698ED150AE8F731FDFFF7FFB898EDE3
:10974000160AE8F7C5FD56E5E8E804005CAD04003C
:10975000FCE8040084E8040098E804001817FF1FE0
:10976000C814FF1F4CE504002808FF1F6815FF1FE1
:109770007818FF1F7C18FF1F9807FF1F7807FF1F2F
:109780004410FF1F3418FF1F7C07FF1F0C1FFF1F13
:109790002DE9F04F5B4E2DED088BD6F80031ADF57D
:1097A000677D9046A3F10A021D2A0390059140F2BD
:1097B000A3809CAF544B7B60C29380233B748DF895
:1097C00014330123FB66DC930923BB61C79342F288
:1097D0009F43FB61C89341F2883300254FF0050990
:1097E0004A4A3B67DD934A4CC7F87490C1ABC693B5
:1097F000CDF878933A600321C7E902557F6187F875
:109800002850FD653D6687F86450BD6687F8905026
:10981000C395C4958DF82C53D895D9958DF8685378
:10982000DB954CA8C19202228DF8945321F01CFFC5
:1098300023680893374B3849C3F80090374B089A90
:109840001D7006230B60D6F81C90B3690293236841
:109850000793079B9B1A092BF9D931498CA823F050
:10986000DFF98CA8E6F790FE8CA823F031FA2D4B97
:109870008CA8196823F0D4F98CA8E6F785FE8CA88B
:1098800023F026FAB8F1000F2ADD4FF0000B012576
:10989000052206215CA821F0E7FE142215216CA800
:1098A00021F0E2FEDFF88CA0172210217CA821F025
:1098B000DBFE132212218CA821F0D6FEDAF8582004
:1098C00000235D936D937D938D934D93531E032BD6
:1098D00001F2FD86DFE813F014013B01780130004E
:1098E0001149124A124B00250D600321116002221A
:1098F0001A604FF0010BCBE7D8B2002123F060FED5
:1099000057E700BF7013FF1F700E0500980E05008B
:109910000C1FFF1FFC06FF1F6407FF1F3016FF1FF1
:109920002CB104004807FF1F9007FF1F6C07FF1FA3
:109930006807FF1F3411FF1F039BDAF81010974AC6
:10994000DAED097ADAF8388003FB01F112231360AB
:10995000934A1323136000238D93336F01938CA8D4
:10996000F36E0293B8EEE78A21F0BEFE414621F085
:10997000AFFE23681093109A23680F930F9B9B1AD6
:10998000042BF9D9DAF85820844B1868844B1968ED
:10999000844B1A60844B1860844B19609DF8043026
:1099A000012118460AEE103A23F00AFE9DF808300D
:1099B000012118460AEE903A23F002FE2368129322
:1099C000DAF800300493DAF82830129ADAF81480C2
:1099D0000BEE103A23681193119B9B1A042BF9D9B3
:1099E000049B059A02FB03F949464CA821F07CFE32
:1099F0001BEE101A21F06CFEDAF874206C4B022179
:109A0000012A196000F0FC83002D40F02F8401230F
:109A10000593BBF1000F41F03F82664BDFED668A94
:109A2000D3F890209FED659AD3F8D030DFF8949169
:109A30001DB9BBF1000F01F09380D6F8F800A0F13A
:109A40000A031D2B07D8C0B223F0F0FDD6F8FC3076
:109A5000984241F08B8223682293229A23682193B3
:109A6000219B9B1A042BF9D924F006FA002840F315
:109A70007A87D9F80030012B00F07C87032B40F067
:109A8000E78425F083FAC3B24D4A6F2B137000F2BE
:109A9000E784412B40F2C980423B2D2B00F2C58068
:109AA000DFE813F0B900C300C300C300C300C30064
:109AB000C300C300C300C300C300C300C300C3008E
:109AC000C300C300C300D900C300C300C300C30068
:109AD000C300C300DA012201C300C300C300C300F6
:109AE000C300C300C3003603C300C300C300C300E8
:109AF000C300C300C3008302E802C3003F026F0239
:109B0000039BDAF80410254ADAED067ADAF82C809D
:109B100003FB01F106231360214A05231360002390
:109B20005D93F36901935CA8B3690293B8EEE78A89
:109B300021F0DAFD414621F0CBFD23680A930A9A11
:109B400023680993099B9B1A042BF9D91AE7039BF5
:109B5000DAF80810114ADAED077ADAF8308003FBF8
:109B600001F1152313600E4A1423136000236D9333
:109B7000336B01936CA8F36A0293B8EEE78A21F085
:109B8000B3FD414621F0A4FD23680C930C9A236891
:109B90000B930B9B9B1A042BF9D9F3E66407FF1F69
:109BA000FC06FF1F9407FF1F7407FF1F7007FF1FAE
:109BB000E00FFF1F00F00F40000000000AD7233C19
:109BC000B816FF1F6007FF1F039BDAF80C109C4AB2
:109BD000DAED087ADAF8348003FB01F11023136020
:109BE000984A1723136000237D93336D01937CA85B
:109BF000F36C0293B8EEE78A21F076FD414621F03E
:109C000067FD23680E930E9A23680D930D9B9B1A94
:109C1000042BF9D9B6E6E8F76DFA8B4BCAF8580071
:109C200019688A488C2223F03BFA55B1019B0A3B04
:109C30001D2B40F2C3800125029B0A3B1D2B40F2E5
:109C40009D8623684893489A23684793479B9B1AAD
:109C5000042BF9D9ECE616217D4826F069F8D6F8F0
:109C6000E4107C4800230A2222F0F2FD794822F019
:109C7000D7FD002387F8903072B6D7ED207A97EDA4
:109C80001F7A67EEA87AF4EEC77AC7ED1E7AD7ED91
:109C9000227AF1EE10FAD8BFF1EE677AC7ED237A97
:109CA00062B623682493249A23682393239B9B1AE8
:109CB000042BF9D93846FDF71FFDDAF87420012A84
:109CC00001F0A383002101220846E7F7B5FED6F88C
:109CD000E030012B01F07F83D6F8E430002B01F057
:109CE0005D824FF0000BA0E7DDF80C83B8F1000FA8
:109CF0009BD1DAF80410DAED067A49425CA8B8EE96
:109D0000E78A21F0F1FC012211461046E7F794FEA4
:109D1000DB9BCDF86C83E6AA02EB83025CA942F8D8
:109D2000681CE6AA02EB8303B7EE000A43F8648CD2
:109D30000121C1A8FDF7D8FE28EE098A8DF8948389
:109D400072B6DDEDE17A9DEDE07A67EEA87AF4EE89
:109D5000C77ACDEDDF7ADDEDE37AF1EE10FAD8BF08
:109D6000F1EE677ACDEDE47A62B623682893289AFB
:109D700023682793279B9B1A042BF9D900238DF87E
:109D8000943372B6DDEDE17A9DEDE07A68EE277AE4
:109D9000F4EEC77ACDEDDF7ADDEDE37AF1EE10FA7D
:109DA000D8BFF1EE677ACDEDE47A62B64FF0FF33BB
:109DB0000393019B0A3B1D2B3FF63DAF1AEE100AA1
:109DC00023F034FCD6F8FC3098423FF434AF039BC8
:109DD000012B7FF430AF00238DF8943372B6DDEDA4
:109DE000E17A9DEDE07A67EEA87AF4EEC77ACDEDE0
:109DF000DF7ADDEDE37AF1EE10FAD8BFF1EE677AA3
:109E0000CDEDE47A62B6C4A822F0E0FB0025C99843
:109E1000C39521F0D1FDCA9821F0CEFDD6F8C83007
:109E2000002B41F0FA80DAF85830013B032B00F2A6
:109E30006486DFE813F07D0687067306590600BFC7
:109E40006407FF1FFC06FF1F1C07FF1F3411FF1FC5
:109E500060E904002808FF1FDDF80C83B8F1000F4B
:109E60007FF4E3AEDAED067ADAF804105CA8B8EE17
:109E7000E78A21F039FC012211461046E7F7DCFDA4
:109E8000DB9BCDF86C83E6AA02EB83025CA942F867
:109E9000681CE6AA02EB8303B7EE000A43F8648C61
:109EA0000121C1A8FDF720FE28EE098A8DF89483D0
:109EB00072B6DDEDE17A9DEDE07A67EEA87AF4EE18
:109EC000C77ACDEDDF7ADDEDE37AF1EE10FAD8BF97
:109ED000F1EE677ACDEDE47A62B623682693269A8E
:109EE00023682593259B9B1A042BF9D900238DF811
:109EF000943372B6DDEDE17A9DEDE07A68EE277A73
:109F0000F4EEC77ACDEDDF7ADDEDE37AF1EE10FA0B
:109F1000D8BFF1EE677ACDEDE47A62B60123039300
:109F200084E6D9F80000E8F7C7F851EC100B27F0E9
:109F3000D7FCAB4BCAF81400196880468C22A9489C
:109F400023F0AEF8002387F8903072B607EE908ABF
:109F5000F8EEE77AD7ED206A97ED1F7A67EE897AF7
:109F600067EEA67AF4EEC77AC7ED1E7AD7ED227AAD
:109F7000F1EE10FAD8BFF1EE677AC7ED237A62B638
:109F800053E6D9F80000E8F797F851EC100B27F0EA
:109F9000A7FCDAF85830013B032B00F27B81DFE8A5
:109FA00013F0A101AA0198017101D7F80880B8F156
:109FB000000F7FF43AAEDAED057A0499F8EEE77A0D
:109FC0004CA867EE899A21F08FFB0122114640468A
:109FD000E7F732FDDAF87430012B01F05D82BB6ED9
:109FE000C7F8688007EB83024CA9D162B7EE000A7C
:109FF000C2F8308001213846FDF776FD002387F84E
:10A00000903072B6D7ED207A97ED1F7A67EEA87A76
:10A01000F4EEC77AC7ED1E7AD7ED227AF1EE10FA88
:10A02000D8BFF1EE677AC7ED237A62B62368309322
:10A03000309A23682F932F9B9B1A042BF9D9002366
:10A0400087F8903072B6D7ED207A97ED1F7A69EED7
:10A05000A77AF4EEC77AC7ED1E7AD7ED227AF1EE31
:10A0600010FAD8BFF1EE677AC7ED237A62B64FF0E7
:10A07000010BDAE5D7F80880B8F1000F7FF4D5AD11
:10A08000049BDAED057AC3F1000BF8EEE77A594646
:10A090004CA867EE899A21F027FB01221146404621
:10A0A000E7F7CAFCDAF87430012B01F0B481BB6E1B
:10A0B000C7F8688007EB83024CA9D162B7EE000AAB
:10A0C000C2F8308001213846FDF70EFD002387F8E5
:10A0D000903072B6D7ED207A97ED1F7A67EEA87AA6
:10A0E000F4EEC77AC7ED1E7AD7ED227AF1EE10FAB8
:10A0F000D8BFF1EE677AC7ED237A62B6236834934E
:10A10000349A23683393339B9B1A042BF9D996E72F
:10A110001021354825F00CFED6F8E810334800230E
:10A120000A2222F095FB314822F07AFB10213048B8
:10A1300025F0FEFDD6F8EC102C4800230A2222F070
:10A1400087FB2A4822F06CFB11212A4825F0F0FDFC
:10A15000D6F8F010254800230A2222F079FB234884
:10A1600022F05EFB1121244825F0E2FDD6F8F41020
:10A170001E4800230A2222F06BFB1C4822F050FBF1
:10A1800000238DF8943372B6DDEDE17A9DEDE07A2F
:10A1900067EEA87AF4EEC77ACDEDDF7ADDEDE37AEB
:10A1A000F1EE10FAD8BFF1EE677ACDEDE47A62B63F
:10A1B00023682A932A9A23682993299B9B1A042BA4
:10A1C000F9D9C1A8FDF798FADAF85830013B032B0A
:10A1D00000F2B780DFE813F0280132011E01980079
:10A1E0001C07FF1F3411FF1FB4E904002808FF1FDC
:10A1F000C8E90400DCE90400F0E904000AD7233CC4
:10A200009AED1C7A5FED036ACA4ADFF870C3CA4947
:10A21000CA4807EE909A27EE267AF8EEE77AD2ED52
:10A22000006A67EEA67A032267EE877A1A60FDEE6F
:10A23000E77A1023CCF8003017230A60036017EE8A
:10A24000901A00237CA87D9321F04EFA1BEE101A81
:10A2500021F03EFA23681493149A23681393139BF6
:10A260009B1A042BF9D9002D3FF4D1ABDAF8583002
:10A27000013B032B01F23182DFE813F06605AA05EA
:10A280002205C50407EE900AB8EEE78ACAF8240052
:10A2900028EE098AAA4BAB4819688C2222F000FFED
:10A2A00000238DF8943372B6DDEDE17A9DEDE07A0E
:10A2B00068EE277AF4EEC77ACDEDDF7ADDEDE37A4A
:10A2C000F1EE10FAD8BFF1EE677ACDEDE47A62B61E
:10A2D000ABE407EE900AB8EEE78ACAF8200028EE51
:10A2E000098AD7E707EE900AB8EEE78ACAF818009D
:10A2F00028EE098ACEE707EE900AB8EEE78ACAF898
:10A300001C0028EE098AC5E7012200210420E7F796
:10A3100093FB21218C488D4D25F00AFD8C4822F0BD
:10A320007FFAD6F8F4308B482B60112125F000FD20
:10A330002968874800230A2222F08AFA844822F0FA
:10A340006FFA2121844825F0F3FC0023D6F8E010B1
:10A350007F480A2222F07CFA7D4822F061FAD6F882
:10A36000E030012B00F0FE87784B1B68002B40F09B
:10A370004B860DF592787949404622F051FC4046D3
:10A38000E6F702F9404622F0A3FC7549404622F068
:10A3900047FC4046E6F7F8F8404622F099FC714940
:10A3A000404622F03DFC4046E6F7EEF8404622F0FB
:10A3B0008FFC6D49404622F033FC4046E6F7E4F856
:10A3C000404622F085FC6949404622F029FC40467F
:10A3D000E6F7DAF8404622F07BFC6549404622F079
:10A3E0001FFC4046E6F7D0F8404622F071FC614879
:10A3F000212125F09DFC564822F012FA23682C9367
:10A400002C9A23682B932B9B9B1AB3F57A7FF8D356
:10A41000002516E4012200210320E7F70DFB4B4B3A
:10A42000D6F8F0201A608CE7012210460021E7F7E9
:10A4300003FB464BD6F8E8201A6082E70122002190
:10A440000220E7F7F9FA414BD6F8EC201A6078E7DA
:10A45000002B00F08183484B00221A70FFF7E5BB08
:10A4600003F15B02D2B22D2A3FF6DFABA53B2D2BC9
:10A470003FF6DBAB01A252F823F000BFCDA80100EC
:10A480009DA701002B9C01002B9C01002B9C01002F
:10A490002B9C010003A7010035A801002B9C0100A3
:10A4A0002B9C01002B9C01002B9C01002B9C01008C
:10A4B0002B9C01002B9C01002B9C01002B9C01007C
:10A4C0002B9C01002B9C01002B9C01002B9C01006C
:10A4D0002B9C01002B9C01002B9C01002B9C01005C
:10A4E0002B9C01002B9C01002B9C01002B9C01004C
:10A4F0002B9C01002B9C01002B9C0100179C010050
:10A500002B9C01002B9C01002B9C01002B9C01002B
:10A510002B9C01002B9C01002B9C01002B9C01001B
:10A520002B9C01002B9C01002B9C01005BA60100D1
:10A5300081A501007C18FF1F9807FF1F7807FF1FE8
:10A540001C07FF1F3411FF1F04EA0400C816FF1F79
:10A550002808FF1F28EA04003CEA040080EA0400FF
:10A560005CAD040094EA040000B4040098E5040023
:10A57000A4E50400A8EA0400B816FF1F7C07FF1F2B
:10A58000DDF80C83B8F1000F7FF44FAB736DDAF890
:10A590001010DAED097A012B14BF01234FF0FF33BD
:10A5A00003FB01F18CA8B8EEE78A039321F09CF835
:10A5B000012211460420E7F73FFADB9BCDF86C83BC
:10A5C000E6AA02EB83028CA942F8681CE6AA02EB19
:10A5D0008303B7EE000A43F8648C0121C1A8FDF79C
:10A5E00083FA28EE098A8DF8948372B6DDEDE17A5C
:10A5F0009DEDE07A67EEA87AF4EEC77ACDEDDF7ACA
:10A60000DDEDE37AF1EE10FAD8BFF1EE677ACDED29
:10A61000E47A62B623684093409A23683F933F9B55
:10A620009B1A042BF9D900238DF8943372B6DDED13
:10A63000E17A9DEDE07A68EE277AF4EEC77ACDED07
:10A64000DF7ADDEDE37AF1EE10FAD8BFF1EE677A4A
:10A65000CDEDE47A62B6FFF7E9BADDF80C83B8F124
:10A66000000F7FF4E2AA736DDAF81010DAED097AC0
:10A67000012B14BF4FF0FF33012303FB01F18CA822
:10A68000B8EEE78A039321F02FF801221146042047
:10A69000E7F7D2F9DB9BCDF86C83E6AA02EB8302E5
:10A6A0008CA942F8681CE6AA02EB8303B7EE000A05
:10A6B00043F8648C0121C1A8FDF716FA28EE098A37
:10A6C0008DF8948372B6DDEDE17A9DEDE07A67EE68
:10A6D000A87AF4EEC77ACDEDDF7ADDEDE37AF1EE1C
:10A6E00010FAD8BFF1EE677ACDEDE47A62B623684E
:10A6F0003E933E9A23683D933D9B9B1A042BF9D9C8
:10A7000091E7DDF80C83B8F1000F7FF48EAADAF838
:10A710000C10DAED087A49427CA8B8EEE78A20F0FE
:10A72000E3FF012211460320E7F786F9DB9BCDF812
:10A730006C83E6AA02EB83027CA942F8681CE6AAB5
:10A7400002EB8303B7EE000A43F8648C0121C1A831
:10A75000FDF7CAF928EE098A8DF8948372B6DDED0B
:10A76000E17A9DEDE07A67EEA87AF4EEC77ACDED56
:10A77000DF7ADDEDE37AF1EE10FAD8BFF1EE677A19
:10A78000CDEDE47A62B623683A933A9A2368399316
:10A79000399B9B1A042BF9D9FFF7F0BADDF80C832B
:10A7A000B8F1000F7FF441AADAED077ADAF8081061
:10A7B0006CA8B8EEE78A20F097FF0122114602202C
:10A7C000E7F73AF9DB9BCDF86C83E6AA02EB83024C
:10A7D0006CA942F8681CE6AA02EB8303B7EE000AF4
:10A7E00043F8648C0121C1A8FDF77EF928EE098A9F
:10A7F0008DF8948372B6DDEDE17A9DEDE07A67EE37
:10A80000A87AF4EEC77ACDEDDF7ADDEDE37AF1EEEA
:10A8100010FAD8BFF1EE677ACDEDE47A62B623681C
:10A820003893389A23683793379B9B1A042BF9D9AE
:10A83000FFF75CBBDDF80C83B8F1000F7FF4F5A9DE
:10A84000DAED087ADAF80C107CA8B8EEE78A20F086
:10A850004BFF012211460320E7F7EEF8DB9BCDF812
:10A860006C83E6AA02EB83027CA942F8681CE6AA84
:10A8700002EB8303B7EE000A43F8648C0121C1A800
:10A88000FDF732F928EE098A8DF8948372B6DDED72
:10A89000E17A9DEDE07A67EEA87AF4EEC77ACDED25
:10A8A000DF7ADDEDE37AF1EE10FAD8BFF1EE677AE8
:10A8B000CDEDE47A62B623683C933C9A23683B93DF
:10A8C0003B9B9B1A042BF9D9FFF710BBDDF80C83D7
:10A8D000B8F1000F7FF4A9A9DAF80810DAED077AC9
:10A8E00049426CA8B8EEE78A20F0FEFE012211462C
:10A8F0000220E7F7A1F8DB9BCDF86C83E6AA02EB18
:10A9000083026CA942F8681CE6AA02EB8303B7EE47
:10A91000000A43F8648C0121C1A8FDF7E5F828EE90
:10A92000098A8DF8948372B6DDEDE17A9DEDE07AC7
:10A9300067EEA87AF4EEC77ACDEDDF7ADDEDE37A43
:10A94000F1EE10FAD8BFF1EE677ACDEDE47A62B697
:10A9500023683693369A23683593359B9B1A042BCC
:10A96000F9D9FFF70BBA24F0FDFAD9F80030012B22
:10A970007FF484A823F094FAFFF785B81AEE900AC2
:10A9800022F054FED6F8FC3098423FF45AA9039BBB
:10A9900001337FF456A91C21BD4825F0C9F9BD48F3
:10A9A00021F03EFFD6F8FC10BA4800230A2221F01D
:10A9B0004FFFB84821F034FF00238DF8943372B66E
:10A9C000DDEDE17A9DEDE07A67EEA87AF4EEC77AE4
:10A9D000CDEDDF7ADDEDE37AF1EE10FAD8BFF1EEDE
:10A9E000677ACDEDE47A62B6C4A821F0EFFD0025C8
:10A9F000C998C39520F0E0FFCA9820F0DDFFD6F893
:10AA0000C830002B40F05C830DF59278DAF85830AE
:10AA1000013B032B0CD8DFE803F05D534902012210
:10AA200000210420E7F708F89B4BD6F8F4201A60C1
:10AA3000D6F8E030012B00F0C284974B1B68002B46
:10AA400000F0ED839549404622F0EAF84046E5F7EC
:10AA50009BFD404622F03CF99149404622F0E0F847
:10AA60004046E5F791FD404622F032F923684693CF
:10AA7000469A23684593459B9B1A092BF9D9894926
:10AA8000404622F0CDF84046E5F77EFD404622F0F4
:10AA90001FF98349404622F0C3F84046E5F774FDAC
:10AAA000404622F015F90025FFF7CBB8012200211E
:10AAB0000320E6F7C1FF784BD6F8F0201A60B7E71D
:10AAC000012200210220E6F7B7FF734BD6F8EC20F5
:10AAD0001A60ADE7012210460021E6F7ADFF6E4B8C
:10AAE000D6F8E8201A60A3E7012200210420E6F747
:10AAF000A3FF694BD6F8F4201A60D6F8E030012B9A
:10AB000000F04F84644B1B68002B00F0EB830121A5
:10AB10000846FCF7E1FC0025FFF78EB80122002172
:10AB20000320E6F789FF5C4BD6F8F0201A60E4E7D3
:10AB3000012210460021E6F77FFF574BD6F8E820A8
:10AB40001A60DAE7012200210220E6F775FF524B76
:10AB5000D6F8EC201A60D0E725F07CF8FEF793BF1A
:10AB6000059B002B40F04982DAF85830013B032B5B
:10AB700000F24382DFE803F03E352C024A4C8D9B05
:10AB80002360012200210420E6F756FF474BDAF844
:10AB900074204D981860464B21681960012A00F016
:10ABA0007C83D6F80001A0F10A031D2B40F2278216
:10ABB000404BC193C1A81C46FCF7CAFD38463C6017
:10ABC000FCF7C6FD0DF5677DBDEC088BBDE8F08F89
:10ABD000354C7D9B2360012200210320E6F72CFFEA
:10ABE000D4E7314C6D9B2360012200210220E6F75F
:10ABF00023FFCBE72C4C5D9B2360012200211046F4
:10AC0000E6F71AFFC2E7012211460420E6F714FF17
:10AC1000DB9BE6A903F10B0201EB83038CA943F84C
:10AC2000681CE6AB03EB82034FF00009B7EE000AA5
:10AC300043F8909C0121C1A8CDF86C93FCF754FF18
:10AC40008DF8949372B6DFED1C6ADDEDE17A9DED2F
:10AC5000E07A67EEA67AF4EEC77ACDEDDF7ADDED25
:10AC6000E37AF1EE10FAD8BFF1EE677ACDEDE47A2F
:10AC700062B623681C931C9A23681B931B9B9B1A28
:10AC8000092BF9D99FED0D7ADAED097AE2E000BFE0
:10AC9000F0EA04002808FF1FC816FF1FCCE10400DB
:10ACA0005CAD0400E4E104004416FF1F1017FF1F11
:10ACB000D80FFF1F980E0500000000000AD7233CA4
:10ACC000012211460320E6F7B7FEDB9BE6A903F15C
:10ACD0000B0201EB83037CA943F8681CE6AB03EB92
:10ACE00082034FF00009B7EE000A43F8909C01215F
:10ACF000C1A8CDF86C93FCF7F7FE8DF8949372B66B
:10AD00005FED136ADDEDE17A9DEDE07A67EEA67AFC
:10AD1000F4EEC77ACDEDDF7ADDEDE37AF1EE10FAED
:10AD2000D8BFF1EE677ACDEDE47A62B623681A9364
:10AD30001A9A23681993199B9B1A092BF9D91FEDAD
:10AD4000217ADAED087A85E0012211461046E6F70D
:10AD500073FEDB9BE6A903F10B0201EB83035CA905
:10AD600043F8681CE6AB03EB82034FF00009B7EE33
:10AD7000000A43F8909C0121C1A8CDF86C93FCF720
:10AD8000B3FE8DF8949372B65FED356ADDEDE17A2E
:10AD90009DEDE07A67EEA67AF4EEC77ACDEDDF7A24
:10ADA000DDEDE37AF1EE10FAD8BFF1EE677ACDED82
:10ADB000E47A62B623681693169A23681593159B56
:10ADC0009B1A092BF9D91FED437ADAED067A41E097
:10ADD000012211460220E6F72FFE00238DF894335E
:10ADE00072B65FED4B6ADDEDE17A9DEDE07A67EEDC
:10ADF000A67AF4EEC77ACDEDDF7ADDEDE37AF1EEF7
:10AE000010FAD8BFF1EE677ACDEDE47A62B6DB9B3B
:10AE1000E6A803F10B0200EB83036CA843F8680C6F
:10AE2000E6AB03EB8203002143F8901CDB91B7EE05
:10AE3000000A0121C1A8FCF757FE23681893189A4D
:10AE400023681793179B9B1A092BF9D91FED657A75
:10AE5000DAED077AF8EEE77A002367EE877A8DF865
:10AE6000943372B6DDEDE16A9DEDE07A67EEA67A85
:10AE7000F4EEC77ACDEDDF7ADDEDE37AF1EE10FA8C
:10AE8000D8BFF1EE677ACDEDE47A62B60023059380
:10AE9000BBF1000F3EF4C1AD012211460020E6F7E0
:10AEA000CBFD23681E931E9A23681D931D9B9B1A3E
:10AEB000042BF9D9DAF87420012A00F05581BB6E11
:10AEC00003F10B0207EB83034CA8D86207EB820364
:10AED0000021B9665960B7EE000A01213846FCF737
:10AEE00003FE002387F8903072B65FED8D6AD7EDD0
:10AEF000207A97ED1F7A67EEA67AF4EEC77AC7ED4F
:10AF00001E7AD7ED227AF1EE10FAD8BFF1EE677A09
:10AF1000C7ED237A62B623682093209A23681F9393
:10AF20001F9B9B1A092BF9D9002387F8903072B622
:10AF300007EE908A1FED9F7AD7ED206AF8EEE77A48
:10AF400067EE877A97ED1F7A67EEA67AF4EEC77AF6
:10AF5000C7ED1E7AD7ED227AF1EE10FAD8BFF1EEE6
:10AF6000677AC7ED237A62B6FEF757BD2021CF4836
:10AF700024F0DEFECE4821F053FC9FA8002421F0EF
:10AF800025FB386ABC6020F017FD786A20F014FDBC
:10AF9000C4A821F01BFBC998C39420F00DFDCA98EA
:10AFA00020F00AFDC34B01252246214620461D7094
:10AFB000E6F742FD224621462846E6F73DFD2246B9
:10AFC00021460220E6F738FD224621460320E6F717
:10AFD00033FD224621460420E6F72EFD2846FBF7E6
:10AFE00045FDD6F80001A0F10A031D2B3FF6E0ADA8
:10AFF0002946C0B222F0E4FADAE5AF4CC6E50121F9
:10B00000C0B222F0DDFAD3E52321AC4824F090FE53
:10B01000A74821F005FCFFF7F1B987F8905072B608
:10B02000D7ED207A97ED1F7A67EEA87AF4EEC77A0B
:10B03000C7ED1E7AD7ED227AF1EE10FAD8BFF1EE05
:10B04000677AC7ED237A62B623684293429A2368EF
:10B050004193419B9B1A042BF9D99FA821F0B6FA82
:10B060000025386ABD6020F0A7FC786A20F0A4FCB7
:10B07000DAF87420012A00F0258300210122084615
:10B08000E6F7DAFCD6F8E030012B00F00183D6F8C1
:10B09000E430002B00F0A182DAF85830013B4FF089
:10B0A000000B032B3FF62EAD01A252F823F000BF98
:10B0B00031AB010045AB01001DAB0100E9AA010065
:10B0C00087F8905072B6D7ED207A97ED1F7A67EE29
:10B0D000A87AF4EEC77AC7ED1E7AD7ED227AF1EEA0
:10B0E00010FAD8BFF1EE677AC7ED237A62B623680B
:10B0F0004493449A23684393439B9B1A042BF9D9A6
:10B100009FA821F063FA0025386ABD6020F054FC46
:10B11000786A20F051FCDAF87420012A00F0588295
:10B12000002101220846E6F787FCD6F8E030012B23
:10B1300000F03482D6F8E430002B00F0EE81DAF82B
:10B140005830013B4FF0000B0DF59278032B3FF682
:10B1500074AC01A252F823F0D5AA0100C1AA0100E3
:10B16000ADAA01001FAA010011460320E6F764FC06
:10B17000BB6E07EB830003F10C0207EB820C4CAAB9
:10B180000021C2627CAA0263B966CCF80410B7EE53
:10B19000000A02213846FCF7A7FCA2E60DF59278DA
:10B1A000474940469B4621F03BFD4046E5F7ECF918
:10B1B000404621F08DFD4349404621F031FD404697
:10B1C000E5F7E2F9404621F083FD3F49404621F092
:10B1D00027FD4046E5F7D8F9404621F079FD3B4987
:10B1E000404621F01DFD4046E5F7CEF9404621F0EE
:10B1F0006FFD3749404621F013FD4046E5F7C4F99D
:10B20000404621F065FD3349404621F009FD4046A6
:10B21000E5F7BAF9404621F05BFDFEF706BD2E4981
:10B22000404621F0FDFC4046E5F7AEF9404621F0EE
:10B230004FFD2449404621F0F3FC4046E5F7A4F9D0
:10B24000404621F045FD2549404621F0E9FC4046B5
:10B25000E5F79AF9404621F03BFD1C49404621F0B4
:10B26000DFFC4046E5F790F9404621F031FD1849F2
:10B27000404621F0D5FC4046E5F786F9404621F0EE
:10B2800027FD1449404621F0CBFC4046E5F77CF908
:10B29000404621F01DFDFFF7D5BB00210320E6F756
:10B2A000CBFB0F4B7D9A1A607BE400BF4CE504009A
:10B2B0002808FF1F7818FF1F4416FF1FCCEA040060
:10B2C0008CE904005CAD0400A0E9040000B40400B3
:10B2D00098E50400A4E5040080EA040094EA040070
:10B2E000D416FF1F0DF59278DC49404621F098FCFA
:10B2F0004046E5F749F9404621F0EAFCD849404686
:10B3000021F08EFC4046E5F73FF9404621F0E0FC95
:10B31000D449404621F084FC4046E5F735F94046E3
:10B3200021F0D6FCD049404621F07AFC4046E5F7B2
:10B330002BF9404621F0CCFCCC49404621F070FC72
:10B340004046E5F721F9404621F0C2FCC849404695
:10B3500021F066FC4046E5F717F9404621F0B8FCBD
:10B36000FFF7D5BB0DF59278C249404621F058FC55
:10B370004046E5F709F9404621F0AAFCB8494046A5
:10B3800021F04EFC4046E5F7FFF8404621F0A0FCD6
:10B390001F21B94824F0CCFCB84821F041FAFFF74E
:10B3A0002DB80DF59278B349404621F039FC40465E
:10B3B000E5F7EAF8404621F08BFCA949C7E7AD491B
:10B3C000404621F02DFC4046E5F7DEF8404621F0EE
:10B3D0007FFCA34956E70DF59278A949404621F034
:10B3E0001FFC4046E5F7D0F8404621F071FC9C492F
:10B3F000404621F015FC4046E5F7C6F8404621F0EE
:10B4000067FC4FF0000BFEF710BC00210320E6F7AD
:10B4100013FBFEF757BC9B4B9AED1C7AD3ED006AE9
:10B42000CDF8F48107EE90BAF8EEE77A27EE097AC4
:10B4300067EEA67A7CA867EE677AFDEEE77A17EEEC
:10B44000901A20F051F91BEE101A20F041F92368F0
:10B450003293329A23683193319B9B1A042BF9D98A
:10B46000012211460320E6F7E7FABB6E07EB8300E3
:10B4700003F10C0207EB820C4CAA0021C2627CAAE9
:10B480000263B966CCF80410B7EE000A0221384610
:10B49000FCF72AFBFEF71ABE7A4BDDED047AD3EDFA
:10B4A000006A9AED1C7ACDF8F481F8EEE77A27EE7F
:10B4B000097A67EEA67A7CA867EE877AFDEEE77ACE
:10B4C00017EE901A20F010F91BEE101A20F000F978
:10B4D00023682E932E9A23682D932D9B9B1A042B61
:10B4E000F9D9012211460320E6F7A6FABB6E07EB55
:10B4F000830003F10C0207EB820C4CAA0021C2620C
:10B500007CAA0263B966CCF80410B7EE000A0221E7
:10B510003846FCF7E9FAFEF771BD0DF592785A4905
:10B5200040469B4621F07CFB4046E5F72DF840461F
:10B5300021F0CEFB4A49404621F072FB4046E5F738
:10B5400023F8404621F0C4FB5049404621F068FBF7
:10B550004046E5F719F8404621F0BAFB424940461B
:10B5600021F05EFB4046E5F70FF8404621F0B0FBC6
:10B570003E49404621F054FB4046E5F705F8404679
:10B5800021F0A6FB3A49404621F04AFB4046E4F749
:10B59000FBFF404621F09CFBFFF738BA0DF592788F
:10B5A0003749404621F03CFB4046E4F7EDFF40467A
:10B5B00021F08EFB2A49404621F032FB4046E4F759
:10B5C000E3FF404621F084FB4FF0000BFFF71EBA6B
:10B5D00029460320E6F730FAA2E50DF592782A49CC
:10B5E00040469B4621F01CFB4046E4F7CDFF404619
:10B5F00021F06EFB1A49404621F012FB4046E4F769
:10B60000C3FF404621F064FB2049404621F008FB7F
:10B610004046E4F7B9FF404621F05AFB1249404644
:10B6200021F0FEFA4046E4F7AFFF404621F050FB20
:10B630000E49404621F0F4FA4046E4F7A5FF4046A3
:10B6400021F046FB0A49404621F0EAFA4046E4F779
:10B650009BFF404621F03CFBFEF7E5BB80EA04007F
:10B660005CAD040094EA040000B4040098E5040012
:10B67000A4E504006CEA040060EA04002808FF1F47
:10B6800078E904007C18FF1F8CE90400A0E904009D
:10B690000DF592781349404621F0C2FA4046E4F78E
:10B6A00073FF404621F014FB0F49404621F0B8FAE1
:10B6B0004046E4F769FF404621F00AFB4FF0000BDB
:10B6C000FEF7B1BB29460320E6F7B6F9D5E49FEDB6
:10B6D000078ACDF80490FEF757B900230593FEF7CB
:10B6E00098B900BF78E904005CAD040000000000D8
:10B6F0002DE9F04F00F12C052DED028B05EB8106B5
:10B70000B54285B004468846B0EE408A4FEA8107CC
:10B710000FD0BA10B2FA82F2C2F11F0252003146C3
:10B720002846A44BFCF742F9A24A31462846FCF7CA
:10B73000A9F8D4F82CE0C4F858E0B8F1010F40F3B0
:10B740002281E019DEF810C028302A4652F8041F82
:10B750000B699042CCEB43034B61F7D1DEF81C3010
:10B76000DEF820B00193B54200F0068104F1300309
:10B770009E4200F00B81DEF824501A4611681046F4
:10B780004A6A954228BF1546021D9642F6D1DEF858
:10B7900018901A68916989EAE97681EAE172A6EB64
:10B7A000E976A2EBE172B2429A46ACBF32468946D4
:10B7B000504503F10403ECD1BCF1000F00F0C3804D
:10B7C00007EE902AF8EEE77A67EE887AFCEEE77AE1
:10B7D00017EE903A002B00F0B680DEF81830002B00
:10B7E000B8BF5B4207EE903AB8F1000FF8EEE75AA7
:10B7F00040F3D48007EE90CAE119B8EEE75ADFEDC6
:10B800006E6A283104F1280252F8043FD3ED047A1D
:10B810009B69F8EEE77A002B87EE857AB8BF5B422A
:10B8200007EE903A27EE257AF8EEE77A87EE276A58
:10B83000B4EE666AF1EE10FAC8BFF0EE466A8A42CC
:10B84000E2D1C5EEA67A04F1040A4FF0000984F8AB
:10B85000289050466D00FCEEE77A17EE907A20F0C3
:10B8600097F82062504620F093F8606220F062F86A
:10B8700061690AF104001FF0E9FFA16D019E4868AB
:10B88000C968C4F88870A1EB0008A7FB0773C4E976
:10B89000206BC4E92873A067B8F1000FABFB0B0164
:10B8A0000297A6FB067BB8BFC8F10008C4E92601D1
:10B8B000C01B2A46039361EB0B01C4E9247BC4F847
:10B8C000A850C4F87C804B4626F0B0F910EB080075
:10B8D00041EBE871CA0F121841F10001560846EA1F
:10B8E000C176B04534D3029BD81B039B2A4663EB39
:10B8F0000B014B4626F09AF9864236DCC4F8B0605C
:10B90000C4F8AC6001995046E5F73EFDA268002AF4
:10B9100047D0236A29490120D0600025E06995605D
:10B9200003249460DB000D604A6803F1804303F553
:10B93000603302440D241A610C60DA68502122F051
:10B940008002DA60D96005B0BDEC028BBDE8F08FF3
:10B950000D2021F05FFE192021F0D2FE0D2021F0F4
:10B9600059FE192021F0CCFEF2E7C0EB4606C4F8E0
:10B97000AC00C4F8B060C5E7E36A9A695D6A002A62
:10B98000B8BF524218E7DEF810C0E7E6DEF818202C
:10B99000DEF82450002AB8BF52420DE7DFED066AF8
:10B9A0004FE7074B1B68002BB3D0022101209847BB
:10B9B000A268AEE7750400000000000000800340AC
:10B9C000581EFF1F2DE9F04F2DED048BC5B00B461F
:10B9D00009EE100AC449009303A8B0EE408AF0EEC5
:10B9E000608A984621F01CF9C04AC14CDFF8509398
:10B9F000DFF850B3BF48E569A66900231370BE4A5B
:10BA0000C9F800302F21CBF80030176824F090F9E6
:10BA1000BA4820F005FF0E21B94824F089F918EE44
:10BA2000100A25F055FC41EC100B0221B34820F020
:10BA30001BFFB24820F0F4FE0C21B24824F078F944
:10BA400018EE900A25F044FC41EC100B0221AB48A3
:10BA500020F00AFFA94820F0E3FE0D21AA4824F0B7
:10BA600067F968EE288A18EE900A25F031FC41EC5F
:10BA7000100B0221A14820F0F7FEA04820F0D0FED4
:10BA80001721A24824F054F99C4820F0C9FE4346EF
:10BA9000002B40F01981984A1368022B00F05A815C
:10BAA00000F20E81012B40F00F81994903A821F08B
:10BAB00069F9256BE66A1523EFB201213846C9F80A
:10BAC00000301423CBF8003021F07AFD94F82C00DC
:10BAD000012121F075FD012211460220E5F7ACFF9E
:10BAE00085498B6BCA6CD1F860A002FB03F308EEAA
:10BAF000103A814887490068874A884B0860D9F81E
:10BB0000001011603846DBF800201A6001215FFA4E
:10BB100086F821F055FD0121404621F051FD00231A
:10BB2000CDE91833CDE930338DF880302D932E9345
:10BB30008DF8BC307A4B17937A4B169380238DF88F
:10BB4000683016ABD9F80010DFED777A1B93092027
:10BB500042F29F43B8EEC88A0DF11809CDE91C03E3
:10BB6000DBF80020052341F2883C4846CDE932C38A
:10BB700028EE278A1FF078FDB8EEC90ABDEEC88A04
:10BB800020EE280A24F0E2FB684B5A6F684B022132
:10BB9000012AF0EE408A19600BD103226548DFF8D4
:10BBA000A8C165491A60102303601723CCF8002050
:10BBB0000B6018EE101A48461FF096FD51461FF014
:10BBC00087FDFDEEE87ADFF834B1DFF880A117EEEB
:10BBD000901A1FF0C5FD309B44A803F10B0200EB47
:10BBE0008303002143F88C9C00EB82030791309182
:10BBF00043F8B41CB7EE000A012116A8FFF778FD40
:10BC0000DFF84C9116E0A6F10A031D2B40F2C68026
:10BC1000D4F8F830D8B20A3B1D2B06D821F006FD27
:10BC2000D4F8FC30984240F00182E7F7FBF8002896
:10BC300040F04581189BA5F10A02002B00F0168107
:10BC40001D2AE0D8384621F0F1FCD4F8FC30024639
:10BC50009A424FF016014846D5D024F069F858466C
:10BC600020F0DEFDF5EEC08AF1EE10FACBDD19A86A
:10BC7000002620F0ABFC1E9818961FF09DFE1F9822
:10BC800001251FF099FE2D4B2A46314630461D7086
:10BC9000E5F7D2FE2A4631462846E5F7CDFE2A468C
:10BCA00031460220E5F7C8FE2A4631460320E5F773
:10BCB000C3FE31462A460420E5F7BEFE2946ADE024
:10BCC000033B012B7FF6F1AE7B1E032B00F2FD81BF
:10BCD00001A252F823F000BF55BD0100ABBA01002C
:10BCE000ABBF010061BF0100A8110500CC16FF1F0A
:10BCF0007013FF1F10EB04004410FF1F2808FF1FE4
:10BD000040EB040050EB040060EB040070EB040017
:10BD100020DF04009407FF1F7407FF1F7007FF1F39
:10BD2000700E0500B40E05000AD7233C3411FF1F26
:10BD3000E00FFF1F7C07FF1F7807FF1F7818FF1F0A
:10BD40006407FF1FFC06FF1F9807FF1F08E8040099
:10BD5000F0E70400A74903A821F014F8E569A669F3
:10BD60000623EFB201213846C9F800300523CBF88D
:10BD7000003021F025FC207E012121F021FC012250
:10BD800011461046E5F758FE9B494B6B8A6CD1F87B
:10BD90005CA002FB03F308EE103AAAE6404621F04D
:10BDA00045FCD4F8FC3002469A424FF0260150463A
:10BDB0003FF42EAF23F0BCFF584620F031FDF5EEE6
:10BDC000C08AF1EE10FA7FF523AF19A8002620F003
:10BDD000FDFB1E9818961FF0EFFD1F9801251FF020
:10BDE000EBFD864B2A46314630461D70E5F724FEB2
:10BDF0002A4631462846E5F71FFE2A4631460220EC
:10BE0000E5F71AFE2A4631460320E5F715FE3146CE
:10BE10002A460420E5F710FE4FF0FF310820FBF71B
:10BE20005BFBD4F80001A0F10A031D2B40F247810F
:10BE3000012334E00122002110460193E5F7FCFDC7
:10BE4000019B0193012200210220E5F7F5FD019BF2
:10BE50000193012200210320E5F7EEFD019B0193F0
:10BE6000012200210420E5F7E7FD019B009A4AB179
:10BE70006348079C02686349224402600A68079885
:10BE800002440A600F216048009323F051FF079994
:10BE90005E4820F0BDFC5D4820F0C2FC009B009392
:10BEA00016A85B4B1693FBF753FC03A820F010FF7A
:10BEB000009B184645B0BDEC048BBDE8F08F0190A7
:10BEC0001721544823F034FF504820F0A9FC189A59
:10BED000019B002A00F0E8804F4C50481568019300
:10BEE0000E214F4AB2FBF5F2226023F021FF2168B8
:10BEF000464820F08DFC454820F092FC2268019BCA
:10BF0000F92A11DD189ADAB116A80193E4F7CAFFED
:10BF1000189A019BA2B11C46012021F0F1FB189B4D
:10BF2000002BF9D123460BE019A820F04FFB00228B
:10BF30001E9818921FF040FD1F981FF03DFD019BB9
:10BF40002D4A1268013A032A90D801A151F822F033
:10BF500035BE010043BE010051BE01005FBE0100BD
:10BF6000304903A820F00EFF256FE66E1223EFB2D2
:10BF700001213846C9F800301323CBF8003021F0F6
:10BF80001FFB94F86C00012121F01AFB01221146DD
:10BF90000420E5F751FD18490B6C4A6DD1F868A0F3
:10BFA00002FB03F308EE103AA3E51F4903A820F0B3
:10BFB000E9FE256DE66C1023EFB201213846C9F881
:10BFC00000301723CBF8003021F0FAFA94F84C0037
:10BFD000012121F0F5FA012211460320E5F72CFD9D
:10BFE0000549CB6B0A6DD1F864A002FB03F308EEA0
:10BFF000103A7EE554B804004410FF1F7818FF1F64
:10C000004416FF1FF015FF1FE0EB04002808FF1F78
:10C01000B40E0500B8EB04001C16FF1FD0EB0400A3
:10C0200000879303DCDF04008CDF04002D212A4805
:10C0300023F07EFE294820F0F3FB19A8002520F00C
:10C04000C5FA1E9818951FF0B7FC1F981FF0B4FC96
:10C05000234B01262A46294628461E70E5F7ECFCAC
:10C060002A4629463046E5F7E7FC2A4629460220BB
:10C07000E5F7E2FC2A4629460320E5F7DDFC2A46DF
:10C0800029460420E5F7D8FC0820FAF7EFFCD4F89D
:10C090000001A0F10A031D2B3FF6CAAEC0B2314623
:10C0A00021F08EFA3346FAE60E490C68002C3FF474
:10C0B00013AF02210120A047189A019B0CE7C0B2E0
:10C0C000294621F07DFA2B46E9E64FF0000A08EEFA
:10C0D00010AAEFB20DE500BF88EB04002808FF1F8F
:10C0E0007818FF1F581EFF1F2DE9F04FAD4DD5F8F2
:10C0F00000012DED028BA0F10A031D2BADF5177D7C
:10C1000040F21781A84CA94B226808920021089A96
:10C11000197023680793079B9B1A092BF9D968AEFE
:10C12000A349DFF8D892DFF8D8A2DFF8D8823046EA
:10C1300020F076FD3046E4F727FA304620F0C8FDBF
:10C140009C4B3046196820F06BFD3046E4F71CFA32
:10C15000304620F0BDFD984B69930023CDE96A334A
:10C16000CDE982338DF8C8317F9380938DF8043206
:10C170008020924B68938DF8B001092342F29F40D2
:10C180008F4A9049126809686D96CDE96E3041F288
:10C1900088370520CDE9847018A81FF065FA8A4B0E
:10C1A0008A4F1A688A4B28A819681FF05DFA894BD4
:10C1B0001A68894B0DF1E00B196858461FF054FAC4
:10C1C000D9F80020DAF8001048A81FF04DFA3A68B4
:10C1D000D8F8001058A81FF047FA002319932993A4
:10C1E000CBF80430499359937C4B1B68013B032BDC
:10C1F00000F29E85DFE803F0613C200278480921C7
:10C2000023F096FDDFF800C2DFF800E22F23CCF820
:10C2100000303823C8F8003039233B60714B01935C
:10C22000714A1368042B00F28B85DFE813F0CF030B
:10C23000C803C003B80387006C48092123F078FDC8
:10C24000DFF8C8E1DFF8C0C12E23CEF800302F237D
:10C25000CCF800303623CAF800303723C9F8003054
:10C260003823C8F8003039233B605E4B0193D7E791
:10C270005F48092123F05CFD5A4BDFF890E1019300
:10C280001A462D231360DFF880C1534A2E23CEF8BF
:10C2900000302F23CCF80030342313604D4A35236F
:10C2A00013603623CAF800303723C9F8003038232A
:10C2B000C8F8003039233B60B2E74B4A4D48029240
:10C2C000092123F035FD4C4805902C21016045489B
:10C2D000DFF838E1DFF830C1029A424B01932D219B
:10C2E00001602E213A48CEF800102F21CCF8001022
:10C2F000322101603448136833210160364834210B
:10C3000001603448352101603621CAF80010372118
:10C31000C9F800103821C8F8001039213960042B01
:10C3200000F21685DFE813F0EE04D204F004F50401
:10C33000E9040021C0B221F043F9E3E62E4BD5F821
:10C3400094101868D5F898800593042800F2C184E9
:10C35000DFE810F011030303F702EB020500D5F844
:10C3600094300293019BDEF80070D5F898A0DCF8B9
:10C3700000E01B68042B00F2D684DFE813F0C7024C
:10C38000C002B702B2020500D5F89430D5F89890F3
:10C39000042F00F2C384DFE817F094028D028402B8
:10C3A0006C023B007013FF1F0C1FFF1F3016FF1F96
:10C3B0002CB104004807FF1F700E0500B40E0500E5
:10C3C0006807FF1F6C07FF1F7007FF1F8807FF1F0D
:10C3D0007407FF1F7807FF1F7C07FF1FE00FFF1F79
:10C3E00014EC04009807FF1F9007FF1F08EC0400DF
:10C3F000FCEB0400F0EB04009407FF1F8007FF1F15
:10C400008407FF1F8C07FF1FA007FF1F9C07FF1F4C
:10C41000D5F89400D5F8987008EE100ABEF1040F14
:10C420000CD8DFE81EF02E0222021C0217020500C3
:10C43000D5F89400D5F8987008EE100A18A8049260
:10C4400003931FF051F941461FF042F9CF490968A3
:10C450001FF06CF9029928A81FF046F951461FF009
:10C4600037F9CB4909681FF061F9039B5846194613
:10C470001FF03AF949461FF02BF9C64B19681FF017
:10C4800055F918EE101A48A81FF02EF939461FF07A
:10C490001FF9C14B19681FF049F9C04958A81FF08E
:10C4A00023F9BE491FF014F9BD4B19681FF03EF97E
:10C4B000049A106801221146E5F7BEFA059B186838
:10C4C000272840F3E782019B1868272840F3DD8284
:10C4D000829B96A803F10D0200EB820200EB830021
:10C4E00018AF40F88C7C96A800EB830028AF40F88A
:10C4F000887C96A800EB8303002143F884BCB7EE48
:10C50000000A42F8B41C304682910321FFF7F0F88C
:10C510006A9B002B00F0EE83A24FDFF8D492DFF885
:10C52000D4A2D5F8F800A0F10A031D2B07D8C0B299
:10C5300021F07CF8D5F8FC30984240F0C38221F01D
:10C540009BFC002840F352823B68012BB84600F068
:10C550005482032B00F08682002B00F0808200239F
:10C5600089F800306A9923681493149A2368139306
:10C57000139B9B1A092BF9D90029D2D18A4B1B682E
:10C58000082B15AC00F0E582092B40F0C5808749E7
:10C59000204620F045FB2046E3F7F6FF204620F03A
:10C5A00097FB834B204619681F4620F039FB204635
:10C5B000E3F7EAFF204620F08BFB7E49204620F07F
:10C5C0002FFB2046E3F7E0FF204620F081FB39688F
:10C5D000204620F025FB2046E3F7D6FF204620F03A
:10C5E00077FB7549204620F01BFB2046E3F7CCFF84
:10C5F000204620F06DFB3968204620F011FB2046D4
:10C60000E3F7C2FF204620F063FB6C4B0122186861
:10C610000021E5F711FA002101220846E5F70CFA9E
:10C62000D5F8E030012B77D06549204620F0F8FAA4
:10C630002046E3F7A9FF204620F04AFB6149204647
:10C6400020F0EEFA2046E3F79FFF204620F040FB63
:10C650005D49204620F0E4FA2046E3F795FF2046A6
:10C6600020F036FB5949204620F0DAFA2046E3F75D
:10C670008BFF204620F02CFB5549204620F0D0FAB5
:10C680002046E3F781FF204620F022FB5149204657
:10C6900020F0C6FA2046E3F777FF204620F018FB8B
:10C6A0004D49204620F0BCFA2046E3F76DFF2046B6
:10C6B00020F00EFB4349204620F0B2FA2046E3F773
:10C6C00063FF204620F004FB4449204620F0A8FAEE
:10C6D0002046E3F759FF204620F0FAFA3B4920466E
:10C6E00020F09EFA2046E3F74FFF204620F0F0FAB4
:10C6F0003749204620F094FA2046E3F745FF2046CC
:10C7000020F0E6FA3349204620F08AFA2046E3F783
:10C710003BFF204620F0DCFA3149204620F080FA29
:10C720002046E3F731FF204620F0D2FAD8F8003057
:10C73000012B00F0C782032B00F0C082002B00F019
:10C74000B982284B284F93ED000AB8EEC00AE3F7F0
:10C75000D3FE3968204620F063FA2046E3F714FF41
:10C76000204620F0B5FA2149204620F059FA20460B
:10C77000E3F70AFF204620F0ABFAD8F80030012B8F
:10C7800000F09482032B00F08D8235E0FC15FF1F32
:10C79000F015FF1FF415FF1F2418FF1FA0860100CE
:10C7A0002818FF1F6007FF1F5007FF1FA4EC04009D
:10C7B0004807FF1FBCEC0400D4EC04004410FF1F2A
:10C7C000ECEC04005CAD040004ED040000B40400D3
:10C7D00098E50400A4E504001CED040034ED040019
:10C7E0004CED04005016FF1F4C07FF1F5CED0400CA
:10C7F000B816FF1F1C16FF1F002B00F04F82A84B1E
:10C8000093ED000AB8EEC00AE3F776FE39682046D9
:10C8100020F006FA2046E3F7B7FE204620F058FA4B
:10C82000A04B5A6F012A00F06082D5F800019E4AA1
:10C8300000231360A0F10A031D2B40F22A829B4BB8
:10C8400068933046FAF784FF0DF5177DBDEC028B37
:10C85000BDE8F08FD5F88C30D5F89090EEE5D5F89E
:10C860008400D5F888A00290E8E5E96FD5F88080CB
:10C87000E4E58F4FD5F88C30D5F8909008EE107A1B
:10C88000CCE520681290686FDDF848C0AF6F08EE05
:10C89000100A206811901198A0EB0C000E28F8D90E
:10C8A000CCE5834FD5F88400D5F888A0029008EE37
:10C8B000107AB3E57E4FE96FD5F8808008EE107AE4
:10C8C000ACE520681090686FDDF840C0AF6F08EEEF
:10C8D000100A20680F900F98A0EB0C000E28F8D9D2
:10C8E0009CE5D5F88C30D5F8909051E5DFF8C091F3
:10C8F000D5F884300293D5F888A04B4648E5DFF898
:10C90000B091E96FD5F880804B4641E523680E93DE
:10C91000DDF838C06B6FD5F8789020680D900D98D1
:10C92000A0EB0C000E28F8D932E5D5F88C30029334
:10C93000019BDEF80070D5F890A0DCF800E01B68E1
:10C9400018E5D5F884300293019BDEF80070D5F825
:10C9500088A0DCF800E01B680CE5019BDFF850A123
:10C96000DEF80070E96FDCF800E0D5F880801B6825
:10C97000CDF808A0FEE423680C930C986B6FD5F8F3
:10C9800078A0029323680B930B9B1B1A0E2BF9D9EB
:10C99000019BDEF800701B68DCF800E0EAE4454B20
:10C9A000D5F88C101868D5F890800593CDE4414BEC
:10C9B000D5F884101868D5F888800593C5E43D4BF8
:10C9C000E96F1868D5F880800593BEE4394B05936C
:10C9D000186823680A930A9F696FD5F878802368DE
:10C9E0000993099BDB1B0E2BF9D9AEE422F0BAFAAE
:10C9F0003B68012BB8467FF4ACAD21F051FAC3B2CD
:10CA0000532B89F800307FF4ADAD6A9B002B00F00A
:10CA100096800E2128481A68284BB3FBF2F3CAF817
:10CA2000003023F085F9DAF8001025481FF0F0FEF9
:10CA300023481FF0F5FEDAF80030F92B15DC6BA85F
:10CA40001FF0C4FD002370986A931EF0B5FF719823
:10CA50001EF0B2FF6A99144A0023136083E523F0A5
:10CA6000F9F8CCE722F092FAC9E76A990029F2D0E6
:10CA70003046E4F717FA6A990029ECD0012020F03B
:10CA80003FFE6A990029F9D1E5E701221146E4F752
:10CA9000D3FF1DE501221146E4F7CEFF13E500BFE9
:10CAA0004416FF1F3411FF1FE00FFF1FB40E0500D7
:10CAB000A08601009407FF1FD0EB040000879303BA
:10CAC0002808FF1F1F21A84823F032F9A7481FF0AC
:10CAD000A7FE6BA800241FF079FD70986A941EF0E1
:10CAE0006BFF71981EF068FFA14B0127224621467B
:10CAF00020461F70E4F7A0FF224621463846E4F79F
:10CB00009BFF224621460220E4F796FF224621465B
:10CB10000320E4F791FF224621460420E4F78CFF2E
:10CB20001520F9F7A3FFD5F80001A0F10A031D2B8A
:10CB30003FF685AE3946C0B220F042FD7FE68D4A11
:10CB40001268002A3FF465AF0221012090476A9BDA
:10CB50005FE78949204620F063F82046E3F714FD9B
:10CB6000204620F0B5F8854B204619681F4620F076
:10CB700057F82046E3F708FD204620F0A9F8804941
:10CB8000204620F04DF82046E3F7FEFC204620F03A
:10CB90009FF83968204620F043F82046E3F7F4FC7C
:10CBA000204620F095F87749204620F039F82046B5
:10CBB000E3F7EAFC204620F08BF83968204620F0A5
:10CBC0002FF82046E3F7E0FC204620F081F86E4B7A
:10CBD000012218680021E4F72FFF002101220846F6
:10CBE000E4F72AFFD5F8E030012B3FF495AD674913
:10CBF000204620F015F82046E3F7C6FC204620F03A
:10CC000067F86349204620F00BF82046E3F7BCFCA8
:10CC1000204620F05DF85F49204620F001F82046CC
:10CC2000E3F7B2FC204620F053F85B4920461FF0A2
:10CC3000F7FF2046E3F7A8FC204620F049F85749C3
:10CC400020461FF0EDFF2046E3F79EFC204620F033
:10CC50003FF8534920461FF0E3FF2046E3F794FCDA
:10CC6000204620F035F84F4920461FF0D9FF2046D6
:10CC7000E3F78AFC204620F02BF8454920461FF0B8
:10CC8000CFFF2046E3F780FC204620F021F84649FC
:10CC90001BE50121C0B220F093FCD0E5222023F057
:10CCA000CBF8ACE5222022F01BF9A8E5222021F0E8
:10CCB0002DF8A4E5222023F0BFF842E5222022F03F
:10CCC0000FF93EE5222021F021F83AE5E96FD5F889
:10CCD0008080019BDFF8D4A0DEF800701B68DCF8D0
:10CCE00000E0CDF808A0FFF745BB00210320E4F7E2
:10CCF000A3FE9AE5DFF8C08040E4D5F89410D5F89B
:10CD00009880E6E72C2064E6D5F88410D5F8888072
:10CD1000DFE7D5F88C10D5F89080DAE7234F08EEDE
:10CD2000107AFFF77BBBDFF884904B46FFF730BBF0
:10CD30001F4BDFF888E0DFF888C00193FFF770BA77
:10CD40001C4BDFF86880186805934146FFF7FDBA71
:10CD5000164F029708EE107AB946BA46B8463B46D7
:10CD60003946FFF76BBB00BF20EC04002808FF1F0B
:10CD70007818FF1F581EFF1F28B204004807FF1F26
:10CD800014B2040040EC04004410FF1F54EC0400F3
:10CD90005CAD040068EC040000B4040098E50400F5
:10CDA000A4E504007CEC040090EC0400A0860100E3
:10CDB0009807FF1F9407FF1F6007FF1F9C07FF1FB7
:10CDC000A007FF1F2DE9F04F2DED0A8BDFF86893C8
:10CDD000CA49D9F83C30CA4CD9ED117AD4F81C8034
:10CDE000D4F818B0D9F85860CBB000220293D9F823
:10CDF00000304A60D9F8501003915A1ED9F830100B
:10CE00000091F8EE678AB0EE40BAF0EE609AF0EE6C
:10CE100041AAB0EE618A032A00F28D83DFE812F0A6
:10CE200058013F0126010400012211460420D4F8D4
:10CE30007080D4F86CB0E4F7FFFDD9F84030D9ED3C
:10CE4000157A0193D9F86830B8EE679A0CEE903AEB
:10CE5000D9F8003013271225AA4A9FEDABAA136018
:10CE6000AA4B1D60AA4B1F605FFA88F31846012188
:10CE70000CEE103A20F0A4FB5FFA8BF31846012168
:10CE80000BEE903A20F09CFBDDE90001E5F798FB02
:10CE9000012211460020E4F7CFFD9E4B1D939E4BCF
:10CEA0001C9380238DF880301CAB3A4621930CAF45
:10CEB000092042F29F4341F2883C2946CDE92203F2
:10CEC000002505233846CDE938C3CDE91E55CDE907
:10CED00036558DF89850339534958DF8D4501EF012
:10CEE000C3FB2BEE290A0D9523F030FA8B4B8C4AAD
:10CEF0008C491D60F0EE409A02232AEE880A4FF01A
:10CF0000030A0B60C2F800A023F020FADDED017ADD
:10CF100029EE0A7AF8EEE77A384667EE877ABDEEB0
:10CF2000C08AFDEEE77A17EE901A1EF0DDFB1CEECC
:10CF3000901A1EF0CDFBFDEEE97A17EE901A1EF066
:10CF4000F5FBDDED007A7848F8EEE77A68EE8A8A3C
:10CF500067EEA87AFDEEE77A17EE901A1EF0C4FB92
:10CF600031461EF0B5FB704B18EE101A18465D6086
:10CF70001EF0DCFB6D496E4A4E6F0223012E1360DA
:10CF800000F08C811946369B674E369503F10C02F2
:10CF90004AA800EB820200EB8300B7EE000A40F8DB
:10CFA0008C6C4AA800EB83031CA843F8887C42F8E9
:10CFB000B45CFEF79DFBDFF884A1DAF8003007933C
:10CFC0000799DAF800300693069B5B1AB3F5FA7FEF
:10CFD000F7D31E9B002B36D0A8F10A06ABF10A0549
:10CFE000544FDFF85C811CEE10BA1B68B8FBF3F3FA
:10CFF000F92B3B6040F2B6811D2E40F2A3801D2D1F
:10D0000040F2DA80D4F8F800A0F10A031D2B07D80B
:10D01000C0B220F00BFBD4F8FC30984240F04C82B8
:10D02000E5F700FF002840F0B781DAF800300B93F5
:10D030000B99DAF800300A930A9B5B1A042BF8D993
:10D040001E9B002BD1D14FF0000B0021012208467E
:10D05000E4F7F2FCD9F80020013A032A00F2F98043
:10D06000DFE812F0D601D001F200CA010122114618
:10D070000320D4F85080D4F84CB0E4F7DDFCD9F8A4
:10D080003C30D9ED147A0193D9F86430B8EE679A40
:10D090000CEE903A1727D9F800301025DCE6012273
:10D0A00011460220D4F83080D4F82CB0E4F7C4FC48
:10D0B000D9F83830D9ED137A0193D9F86030B8EE49
:10D0C000679A0CEE903A1427D9F800301525C3E67C
:10D0D000012211461046E4F7AFFCD9F83430D9EDFF
:10D0E000127A0193D9F85C30B8EE679A0CEE903A58
:10D0F0000527D9F800300625AEE600BF1817FF1F38
:10D100007013FF1F9407FF1F0AD7233C7407FF1FEC
:10D110007007FF1F700E0500B40E05009007FF1F7B
:10D120006C07FF1F6807FF1F3418FF1F3411FF1F14
:10D13000E00FFF1F1C16FF1F4410FF1F0C1FFF1FD7
:10D1400000879303584620F071FAD4F8FC309842D7
:10D150003FF455AF2221BC4822F0EAFDBB481FF046
:10D160005FFB1FA800261FF031FA24981E961EF0C0
:10D1700023FC25984FF0010B1EF01EFCB44B5A46C1
:10D180003146304683F800B0E4F756FC5A46314643
:10D190005846E4F751FC5A4631460220E4F74CFC6D
:10D1A0005A4631460320E4F747FC31465A460420EC
:10D1B000E4F742FC59463AE01BEE900A20F036FABA
:10D1C000D4F8FC3098423FF41DAF22219E4822F053
:10D1D000AFFD9E481FF024FB1FA800261FF0F6F9A4
:10D1E00024981E961EF0E8FB25984FF0010B1EF0C8
:10D1F000E3FB974B5A463146304683F800B0E4F7DC
:10D200001BFC5A4631465846E4F716FC5A4631464E
:10D210000220E4F711FC5A4631460320E4F70CFCE7
:10D2200031465A460420E4F707FC4FF0FF3109204D
:10D23000FAF752F9D4F80001A0F10A031D2B40F2CD
:10D2400075814FF0010B1EE0012200210320E4F75D
:10D25000F3FB804E804B0D9F31685A6F7F4D804BA2
:10D26000804C8148394431605F6829685E68394480
:10D27000296021683144216001680D9C012A214404
:10D28000016000F00981794B1C931CA8FAF760FA41
:10D2900058464BB0BDEC0A8BBDE8F08F744B91ED56
:10D2A0001C7A5D60734BC2F800A0D3ED006A724B2C
:10D2B000724AC3F800A0F8EEC87A27EE0A7A67EE41
:10D2C000A67A6F4B6A4867EE877A1025FDEEE77AFB
:10D2D000156017EE901A17221A601EF027FA039AAB
:10D2E000029B634802FB03F307EE903AF8EE677A7D
:10D2F00067EE8A7AFDEEE77A17EE901A1EF0F4F9DF
:10D30000D9F864105A481EF0E3F95046DFF884A1BA
:10D3100031463246E4F790FBDAF800300593059980
:10D32000DAF800300493049B5B1A042BF8D9369B7F
:10D330004AAA02EB830503F10D0102EB8101484A81
:10D3400045F88C2C00204A4A369045F8887C45F8F0
:10D35000842CB7EE000A41F8B40C03211CA8FEF798
:10D36000C7F92AE6DAF8003009930999DAF80030AB
:10D370000893089B5B1AB3F5FA7FF7D31CA8E3F771
:10D3800091FD1E9B002B3FF45EAE012020F0B8F90A
:10D390001E9B002BF9D156E617218346394822F00F
:10D3A000C7FC2A481FF03CFA1E9A002A42D00E21E0
:10D3B00035481468354AB2FBF4F23A6022F0B8FC02
:10D3C000396822481FF024FA20481FF029FA3A68E9
:10D3D000F92A23DD1E9A002A3FF437AE1CA8E3F792
:10D3E00061FD1E9A002A3FF430AE012020F088F93A
:10D3F0001E9B002BF9D128E6012200210420E4F72E
:10D400001BFB26E7012200210220E4F715FB20E7A1
:10D41000012200211046E4F70FFB1AE71FA81FF0B6
:10D42000D5F8249800221E921EF0C6FA25981EF008
:10D43000C3FA0AE616490C68002CB8D00221012074
:10D44000A0471E9AB3E700BF6CED04002808FF1F39
:10D450007818FF1F4416FF1F3411FF1F5016FF1FBF
:10D460003418FF1FFC15FF1FF015FF1FB40E050039
:10D470001817FF1F7C18FF1F9807FF1F7C07FF1F4F
:10D480007807FF1FB8EB0400D0EB0400008793037C
:10D49000581EFF1F0C1FFF1F00210320E4F7CCFACA
:10D4A000294B2A485D68026829495C682A44026061
:10D4B0000A6822440A60E6E61F21264822F038FC6A
:10D4C00025481FF0ADF91FA800251FF07FF824980C
:10D4D0001E951EF071FA25981EF06EFA1F4B4FF044
:10D4E000010B2A462946284683F800B0E4F7A4FA3F
:10D4F0002A4629465846E4F79FFA2A46294602203A
:10D50000E4F79AFA2A4629460320E4F795FA2A46D0
:10D5100029460420E4F790FA0920F9F7A7FAD4F88D
:10D520000001A0F10A031D2B3FF68BAE5946C0B295
:10D5300020F046F8A7E600229FED099A01920CEE32
:10D54000902A0527062587E41817FF1F4816FF1F96
:10D55000F415FF1F20EC04002808FF1F7818FF1F98
:10D56000000000002DE9F04F2B4B2C491B682DEDDE
:10D570000C8B002209EE900AD9B04A60042B00F20D
:10D58000D985DFE813F08502B502E702190305002B
:10D59000234B244993ED157ADFED237A4C6B086F0A
:10D5A000CA6E93ED10BA9F6E0090F8EE47AA0192F2
:10D5B0006AEEA7AA002C00F0A585012C40F090850A
:10D5C000D3ED0B6A91ED197ACB6D896DC6EE877A32
:10D5D00001FB03F300EE103AB8EE400A20EE270AF2
:10D5E000BDEEC08AC3B20CEE103AD3B2012211468E
:10D5F00004200BEE903AE4F71FFA4FF0130B1224BD
:10D600000A4B1968042900F28285DFE811F00F0245
:10D610004B030B03D9011100EC16FF1F1817FF1F56
:10D620004410FF1F7013FF1F0AD7233CFC16FF1F77
:10D63000C349C448D1ED197A90ED0B6A8A6DCB6D60
:10D64000D1F870909FEDC07AD1F86CA090ED109A4F
:10D65000866EC6EE276A02FB03F3012211464FF0E5
:10D660001308122507EE903AF8EE677A67EEA67A6D
:10D67000FDEEE78AD0ED157AB8EE67AA04202AEE0F
:10D6800007AAE4F7D9F95FFA89F30DEE103AAF4B28
:10D6900019685FFA8AF30CEE903AAD4AAD4B14600C
:10D6A000AD4AC2F800B0AD4A1160AD4A1560AD4A4E
:10D6B000C2F80080AC4A1CEE100A12681A60012100
:10D6C0001FF07EFF1BEE900A01211FF079FF1DEE77
:10D6D000100A01211FF074FF1CEE900A01211FF0B7
:10D6E0006FFFA24BA2482B932A9080232AA88DF883
:10D6F000B8302F9042F29F43092041F2883C5A46AD
:10D700002146CDE93003002405230AA8CDE946C30C
:10D71000CDE92C44CDE944448DF8D0404194429465
:10D720008DF80C411DF0A0FF924BB8EEC80AD3ED66
:10D73000007AB8EEE98A20EE270A20EE080A22F0E5
:10D7400005FEF8EECB7AFDEEC09A67EEAA7A0AA83B
:10D75000FDEEE77A0B9417EE901A1DF0C5FF3946DF
:10D760001DF0B6FF19EE901A1DF0FAFF4246294649
:10D770001AA81DF079FF804BF8EEE87A93ED007A55
:10D7800067EE877A27EE880A22F0E0FDF8EEC97A84
:10D79000BDEEC08A67EE8A7A1AA8FDEEE77A1B947E
:10D7A00017EE901A1DF0A0FF31461DF091FF18EE04
:10D7B000101A1DF0D5FF7149714A4B6F0221012BE0
:10D7C000116040F09D83684B6E4D6F4C19686F4837
:10D7D000032313602B6010232360172303600029A9
:10D7E00040F0A983F8EEE97A644B9FED578A93EDF8
:10D7F0001C7A674B534CD3ED006A664827EE087AD3
:10D8000067EEA67A002367EE877A4360FDEEE77A3B
:10D8100017EE901A1DF0A4FF226DE36B5D4802FB2A
:10D8200003F307EE903AF8EE677A67EE887AFDEE3A
:10D83000E77A17EE901A1DF057FF616E5548564C67
:10D840001DF046FF012211460320E4F7F5F8236896
:10D850000393039A23680293029B9B1A042BF9D922
:10D86000449B58A803F10D0200EB820200EB8300F9
:10D870001AAD40F88C5C58A800EB83000AAD40F864
:10D88000885C58A800EB83030021424843F8840CCD
:10D89000449142F8B41CB7EE000A03212AA8FDF710
:10D8A00027FF23680593059A23680493049B9B1A1A
:10D8B000B3F5FA7FF8D32C9B002B73D0009A374E28
:10D8C000374F1F4DDDF804B0A2F10A081B68B7FB03
:10D8D000F3F3F92B336040F23583B8F11D0F40F2BA
:10D8E0007482ABF10A031D2B40F2B682A9F10A0340
:10D8F0001D2B40F2ED82AAF10A031D2B40F2F682A5
:10D90000D5F8F800A0F10A031D2B07D8C0B21FF00C
:10D910008DFED5F8FC30984240F08183E5F782FA1D
:10D92000002840F04D8323680993099923680893E0
:10D93000089B5B1A042BF9D92C9B002BC6D131E034
:10D940007013FF1F4410FF1F0AD7233CFC16FF1F54
:10D950006C07FF1F9007FF1F6807FF1F9407FF1F3B
:10D960007407FF1F7007FF1FEC16FF1F700E0500E6
:10D97000B40E05004007FF1F4407FF1F3411FF1FAF
:10D98000E00FFF1F9807FF1F7C07FF1F7807FF1F8F
:10D990007C18FF1F1817FF1F0C1FFF1F1C16FF1FEF
:10D9A000008793034FF0000BB94B1A68042A00F26A
:10D9B000B481DFE812F0FE010402F801F201AD01CA
:10D9C000B449B548D1ED117A90ED0B6A8A6BCB6BF7
:10D9D000D1F850909FEDB17AD1F84CA090ED0F9A0C
:10D9E000466EC6EE276A02FB03F3012211464FF092
:10D9F0001708102507EE903AF8EE677A67EEA67AD8
:10DA0000FDEEE78AD0ED147AB8EE67AA03202AEE7D
:10DA100007AAE4F711F85FFA89F30DEE103AA04B6C
:10DA200019685FFA8AF30CEE903A36E69A4A9949F9
:10DA300092ED0B6AD1ED027A9FED987A92ED0C9AF5
:10DA4000966DC6EE276AD1E9001301FB03F30020AF
:10DA50004FF0020807EE903AF8EE677A372367EE48
:10DA6000A67A1D46FDEEE78AD2ED117A0122B8EEC4
:10DA700067AA11462AEE07AA0CEE903AE3F7DCFFFC
:10DA8000874A0DEE105AAA46A9461168032504E6F6
:10DA9000814A804992ED0B6AD1ED026A4B680968B0
:10DAA0009FED7E7A92ED0CBA976DC6EE267A01FB59
:10DAB00003F300204FF0020B00EE103AD2ED116A92
:10DAC000B8EE400A3723F8EE66AA20EE270A0122B4
:10DAD0001C4611466AEE87AABDEEC08A0BEE903A4C
:10DAE0000CEE104AE3F7A8FF01940094032487E5A5
:10DAF0006849DFED6A7ACA680B69D1ED056ACC69BD
:10DB00008D69009402FB03F300EE103A624B01951D
:10DB100093ED0B6A93ED0DBADF6D86EE267A012246
:10DB2000114610464FF0050BB8EE400A20EE070AEA
:10DB300093ED127AF8EE47AABDEEC08A6AEEA7AA64
:10DB4000E3F77AFFE3B20CEE103AEBB20BEE903A49
:10DB5000062455E54F49DFED517A0A6A4B6AD1ED4B
:10DB60000A6A0C6BCD6A009402FB03F300EE103AD4
:10DB7000494B019593ED0B6A93ED0EBA1F6E86EE3D
:10DB8000267A0122114602204FF0140BB8EE400A0B
:10DB900020EE070A93ED137AF8EE47AABDEEC08A8D
:10DBA0006AEEA7AAE3F748FFE3B20CEE103AEBB235
:10DBB0000BEE903A152423E5374A364992ED146A64
:10DBC000DFED367A4C6B086D92ED0FBAD2ED0B6A31
:10DBD000576ECA6C91ED117ACB6B0090F8EE46AAA5
:10DBE000896B01926AEEA7AA002C00F07D82C6EE36
:10DBF000877A01FB03F300EE103AB8EE400A20EEFC
:10DC0000270ABDEEC08AC3B20CEE103AD3B201228D
:10DC1000114603200BEE903A4FF0170BE3F70CFF81
:10DC20001024EDE41B491C48D1ED0A7A90ED0B6AF3
:10DC30000A6A4B6AD1F830909FED187AD1F82CA07F
:10DC400090ED0E9A066EC6EE276A02FB03F30122E0
:10DC500011464FF01408152507EE903AF8EE677A52
:10DC600067EEA67AFDEEE78AD0ED137AB8EE67AAE2
:10DC700002202AEE07AAE3F7DFFE5FFA89F30DEE32
:10DC8000103A074B19685FFA8AF30CEE903A04E5F4
:10DC9000EC16FF1F7013FF1F4410FF1F0AD7233C11
:10DCA000FC16FF1FB949BA48D1ED057A90ED0B6A11
:10DCB000CA680B69D1F81C909FEDB67AD1F818A00C
:10DCC00090ED0D9AC66DC6EE276A02FB03F30122A2
:10DCD00011464FF00508062507EE903AF8EE677AF0
:10DCE00067EEA67AFDEEE78AD0ED127AB8EE67AA63
:10DCF00010462AEE07AAE3F79FFE5FFA89F30DEEBE
:10DD0000103AA54B19685FFA8AF30CEE903AC4E416
:10DD1000012200210420E3F78FFE9F4B1A68042A9A
:10DD200009D8DFE802F028342E2203000122002166
:10DD30000420E3F781FE994C0B9E21689848994B8B
:10DD40000B9D5A6F314421600168012A294401600A
:10DD500000F0A481944B2A932AA8F9F7F9FC5846BD
:10DD600059B0BDEC0C8BBDE8F08F012200210320DF
:10DD7000E3F762FEDFE7002101220846E3F75CFEDD
:10DD8000D9E7012200210220E3F756FED3E7012262
:10DD900000211046E3F750FECDE7012200210320C9
:10DDA000E3F74AFEB9E7012200210220E3F744FE2F
:10DDB000B3E7002101220846E3F73EFEADE701226A
:10DDC00000211046E3F738FEA7E71CEE100A1FF00B
:10DDD0002DFCD5F8FC3098423FF483AD22217348E6
:10DDE00021F0A6FF72481EF01BFD2DA800261EF094
:10DDF000EDFB32982C961DF0DFFD33984FF0010BB0
:10DE00001DF0DAFD6B4B5A463146304683F800B0C0
:10DE1000E3F712FE5A4631465846E3F70DFE5A46DE
:10DE200031460220E3F708FE5A4631460320E3F765
:10DE300003FE31465A460420E3F7FEFD5946092009
:10DE4000F9F74AFBD5F80001A0F10A031D2B40F2B7
:10DE500020814FF0010B7DE71BEE900A1FF0E6FBDF
:10DE6000D5F8FC3098423FF441AD22214F4821F0D3
:10DE70005FFF4F481EF0D4FC2DA800261EF0A6FB25
:10DE800032982C961DF098FD33984FF0010B1DF041
:10DE900093FD484B5A463146304683F800B0E3F7CD
:10DEA000CBFD5A4631465846E3F7C6FD5A46314641
:10DEB0000220E3F7C1FD5A4631460320E3F7BCFDDB
:10DEC00031465A460420E3F7B7FD4FF0FF31B6E77D
:10DED0001DEE100A1FF0AAFBD5F8FC3098427FF423
:10DEE0007DAFAAF10A031D2B3FF60AAD1CEE900A86
:10DEF0001FF09CFBD5F8FC3098423FF401ADB4E72D
:10DF0000449B449403F10C0258A800EB820200EBFE
:10DF100083001AAD40F88C5C58A800EB83030AA874
:10DF200043F8880CB7EE000A42F8B44C2AA8FDF773
:10DF3000DFFB214CB5E4184B1B68002B6BD1F8EECE
:10DF4000C87A51E423680793079A23680693069BCF
:10DF50009B1AB3F5FA7FF8D32D21184821F0E8FE7B
:10DF600013481EF05DFC2C9B002B3FF41BAD2AA830
:10DF7000E2F798FF2C9B002B3FF414AD01201FF01B
:10DF8000BFFB2C9B002BF9D10CE500BF7013FF1FCA
:10DF90004410FF1F0AD7233CFC16FF1F4416FF1F27
:10DFA000F015FF1F3411FF1FB40E05006CED0400C7
:10DFB0002808FF1F7818FF1F0C1FFF1F90ED04009B
:10DFC00017218346654821F0B3FE65481EF028FC02
:10DFD0002C9A002A00F08C800E2162481468624A54
:10DFE000B2FBF4F2326021F0A3FE31685C481EF00F
:10DFF0000FFC5B481EF014FC3268F92A5EDC2DA889
:10E000001EF0E4FA329800222C921DF0D5FC3398D1
:10E010001DF0D2FCC8E4DFED557AFFF7E5BB1F2108
:10E02000534821F085FE4E481EF0FAFB2DA800242F
:10E030001EF0CCFA32982C941DF0BEFC33981DF0E3
:10E04000BBFC4C4B4FF0010B22462146204683F887
:10E0500000B0E3F7F1FC224621465846E3F7ECFC1A
:10E06000224621460220E3F7E7FC22462146032010
:10E07000E3F7E2FC224621460420E3F7DDFC092019
:10E08000F8F7F4FCD5F80001A0F10A031D2B3FF6C8
:10E09000E0AE5946C0B21FF093FA5BE600210320C0
:10E0A000E3F7CAFC344B35485D68026834495C6864
:10E0B0002A4402600A6822440A604BE62C9A002A2D
:10E0C0003FF472AC2AA8E2F7EDFE2C9A002A3FF446
:10E0D0006BAC01201FF014FB2C9B002BF9D163E4E7
:10E0E0009FED288AFFF77EBA274B93ED008A8AE5D9
:10E0F00026490C68002C3FF46FAF02210120A04795
:10E100002C9A69E7224B93ED008AFFF76BBA37230D
:10E1100000269FED16AA0CEE903A08EE906A09EEE2
:10E12000106A0DEE103A9A4699464FF029082825B4
:10E13000FFF7B3BA372300270BEE903ADFED0BAAB7
:10E1400001930CEE103A08EE107A0BEE107A009361
:10E150004FF0290B2824FFF753BA00BFB8EB040097
:10E160002808FF1FD0EB0400008793030000000085
:10E1700020EC04007818FF1F1817FF1F4816FF1F18
:10E18000F415FF1F00000000D016FF1F581EFF1FD0
:10E19000D816FF1F2DE9F04F2DED068B0346D9B0A1
:10E1A0003221D048D04DDFF8A8B308EE903AB0EE57
:10E1B000609AB0EE408A21F0BBFDCC481EF030FBE7
:10E1C0000E21CB4821F0B4FD18EE100A23F080F8A0
:10E1D00041EC100B0221C5481EF046FBC3481EF05F
:10E1E0001FFB0C21C34821F0A3FD19EE100A23F0F8
:10E1F0006FF841EC100B0221BC481EF035FBBB4808
:10E200001EF00EFB0D21BC4821F092FD28EE098A7C
:10E21000002418EE100A23F05BF841EC100B0221E9
:10E22000B2489FEDB69A1EF01FFBB0481EF0F8FAF8
:10E230001721B34821F07CFDAC481EF0F1FA012211
:10E2400011462046E3F7F8FBAE4BAF4A1C60AF4BDC
:10E250002B9203261E60AE4B8DF8D04002271F6024
:10E26000AC4B2A9380230DF128088DF8B830092093
:10E2700042F29F4341F2883CCDE930033146052309
:10E280003A460DF1A8094046CDE946C3CDE92C44F4
:10E29000CDE94444419442948DF80C41CDF8BC90B2
:10E2A0001DF0E2F9D5ED117A95ED0C7A9A4BCBF889
:10E2B0000060F8EE677AB8EE477A67EE897A102147
:10E2C00067EE877A1960FDEEE77A944B17221AA859
:10E2D0001A6017EE906A1DF0C7F9F8EEE88A904BC5
:10E2E00028EE888A5C60B0EE480AC8F8044022F044
:10E2F0002DF88C4BFDEEC07A17EE904AB8EEE70A87
:10E30000D3ED007A884B20EE270AD3ED1C7A67EE16
:10E31000897A20EE270A22F019F8D5ED147A76488A
:10E32000F8EE678AD5ED0F7A68EE898AF8EE677A9B
:10E330000D2168EEA78ABDEEC0AA21F0F9FC18EE07
:10E34000100A22F0C5FF41EC100B394667481EF059
:10E350008BFA66481EF064FA1421744821F0E8FC38
:10E36000214662481EF054FA60481EF059FAB5EE94
:10E37000C08AF1EE10FAFDEEE88A0CD51AEE103ADA
:10E380005B420AEE103A18EE903A5B4208EE903A81
:10E39000B1EE488A7642A96D40461DF099F93146A2
:10E3A00040461DF0A1F9214640461DF0D9F9222131
:10E3B0005F4821F0BDFC4D481EF032FA0D214E4859
:10E3C00021F0B6FC18EE100A22F082FF41EC100B8F
:10E3D00041EC190B022145481EF046FA43481EF055
:10E3E0001FFA1421514821F0A3FC21463F481EF09A
:10E3F0000FFA3E481EF014FA14214E4821F098FC02
:10E40000D8F8041039481EF003FA38481EF008FA0C
:10E410001521494821F08CFC484B344819681EF0FE
:10E42000F7F932481EF0FCF91421454821F080FC30
:10E43000444B2E4819681EF0EBF92C481EF0F0F9F9
:10E4400022213B4821F074FC28481EF0E9F9364BA4
:10E450003D4A5B6F0226012B166000F043810D21BF
:10E460002548DFF8F0A021F063FCB0EE490AF0EE99
:10E47000690A31461D481EF0F7F91C481EF0D0F914
:10E4800014212A4821F054FC214618481EF0C0F9F6
:10E4900016481EF0C5F9449B58A803F10B0200EB87
:10E4A0008303002143F88C8C00EB8203449143F8F2
:10E4B000B41CB7EE000A01214846FDF719F9DAF855
:10E4C000002005920599DAF800300493049B5B1A4A
:10E4D000B3F5FA7FF7D32C9A002A00F0AA811B4EDD
:10E4E0003AE000BFC0ED04004410FF1F2808FF1FE2
:10E4F00040EB040050EB040060EB04000AD7233C1F
:10E5000070EB04009007FF1F700E05006C07FF1FE3
:10E510006807FF1FB40E05007C07FF1F7807FF1F69
:10E520001817FF1F7C18FF1F3411FF1FF4ED0400A4
:10E530000CEE040030EE040048EE04005016FF1FFD
:10E5400060EE0400FC15FF1FE00FFF1F1C16FF1FED
:10E550009807FF1F0C1FFF1FB74DB84CB84F4FF067
:10E56000000B1368B5FBF3F3F92B336040F2A08086
:10E57000D4F8F800A0F10A031D2B07D8C0B21FF091
:10E5800055F8D4F8FC30984240F009811FF074FC33
:10E59000002869DD3B68012B6BD0032B00F08580E0
:10E5A000002B7FD0A74B00221A70DAF800300993B5
:10E5B000099ADAF800300893089B9B1A042BF8D9C3
:10E5C0002C9A002ACDD1A04CD8F8042023689F4D66
:10E5D0009F4813442360D8F804202B682221134459
:10E5E0002B6021F0A5FB9B481EF01AF914219A48D4
:10E5F00021F09EFBD8F8041096481EF009F99548C2
:10E600001EF00EF91521954821F092FB21689148E2
:10E610001EF0FEF88F481EF003F91421904821F0F7
:10E6200087FB29688B481EF0F3F88A481EF0F8F83B
:10E630001B218C4821F07CFB86481EF0F1F88A4BA8
:10E640005A6F012A00F0E580884A0023C8F8043098
:10E650005360874B2A934846F9F77AF8584659B0E1
:10E66000BDEC068BBDE8F08F20F07CFC3B68012BF5
:10E6700093D11FF015FCC3B2724A532B137094D17F
:10E680002C9B002B78D01B68B5FBF3F3F92B336080
:10E6900040F28180002101220846E3F7CDF94FF0D6
:10E6A000010B82E721F0D6FAE5E720F06FFCE2E704
:10E6B000DAF8002007920799DAF800300693069BF3
:10E6C0005B1AB3F5FA7FF7D34846E2F7EBFB2C9BD6
:10E6D000002B3FF478AF01201FF012F82C9B002B89
:10E6E000F9D170E7614BDFF8A0A100215960DAF899
:10E6F00000100391032003991060CBF80000DAF8B2
:10E7000000300293029B5B1A042BF8D91AEE101A00
:10E7100056481DF025F818EE901A54481CF0E4FFF6
:10E72000696E52481CF0D4FF012211460320E3F722
:10E7300083F9DAF8002001920199DAF800300093A9
:10E74000009B5B1A042BF8D9449A58AB02F10C01D8
:10E7500003EB820403EB81010020444B449044F816
:10E760008C8C44F8883CB7EE000A41F8B40C0221C6
:10E770004846FCF7BDFFA2E63E4A1268002A82D056
:10E780000221012090472C9B1B68B5FBF3F3F92B6A
:10E7900033603FF67FAF4846E2F784FB7AE71F21FC
:10E7A000354821F0C5FA2B481EF03AF82DA800256F
:10E7B0001DF00CFF32982C951DF0FEF833981DF0DB
:10E7C000FBF82E4B4FF0010B2A462946284683F8CA
:10E7D00000B0E3F731F92A4629465846E3F72CF909
:10E7E0002A4629460220E3F727F92A46294603202C
:10E7F000E3F722F90820F8F739F9D4F80001A0F17D
:10E800000A031D2B3FF625AF5946C0B21EF0D8FEB5
:10E810001FE700210320E3F70FF9144C1849606843
:10E820000B68184A03440B60136861680B4413605B
:10E830000AE79346C7E600BF008793037013FF1FE4
:10E840006007FF1FB816FF1F5016FF1FFC15FF1FA4
:10E8500078EE04002808FF1F30EE040048EE0400A4
:10E8600060EE04009CEE04003411FF1F1817FF1F18
:10E87000B40E0500581EFF1F20EC04007818FF1F7F
:10E880004816FF1FF415FF1F0C1FFF1F2DE9F04F47
:10E89000CD4CCE4923688BB0049300230B70CC4938
:10E8A000049A0B7023680393039B9B1A092BF9D9D5
:10E8B000C849DFF83C9307A81EF0B2F907A8E1F7B2
:10E8C00063FE07A81EF004FAC34B07A819681EF0E0
:10E8D000A7F907A8E1F758FE07A81EF0F9F9D9F83B
:10E8E0001430012B14BF08200420E4F7EDFAD9F806
:10E8F0001030002B00F0C381DFF8F8A24FF00108C0
:10E90000B34B1B78002B40F02683B04B1B78002BB9
:10E9100040F02183514607A81EF082F907A8E1F7CD
:10E9200033FE07A81EF0D4F9AC4B1B68012B00F096
:10E930000E83032B00F00783002B00F0008307EE0B
:10E94000908AB8EE670AE1F7D7FDA54B07A81968CA
:10E950001EF066F907A8E1F717FE07A81EF0B8F940
:10E96000D9F814B0BBF1000F00F08E81BBF1010F9C
:10E9700040F070819B4F9C4DD7ED007A2868B8EE2F
:10E98000E70AF0EE080AFFF705FC0646E4F74AFA44
:10E99000002840F07481002E40F07181934E286869
:10E9A000D6ED007AF0EE000AB8EEE70A404259468A
:10E9B000FDF708F80190E4F735FA002840F05F8190
:10E9C000019B002B40F05B812868D7ED007AF7EEC1
:10E9D000000AB8EEE70A4042FFF7DCFB0190E4F7DB
:10E9E00021FA002840F04B81019B002B40F0478129
:10E9F000D6ED007A28685946B8EEE70AF7EE000A25
:10EA0000FCF7E0FF8346E4F70DFA002840F0378179
:10EA1000BBF1000F40F033812868D7ED007AF7EEA4
:10EA2000000AB8EEE70A4042FFF7B4FB8346E4F77A
:10EA3000F9F9002840F02381BBF1000F40F01F815D
:10EA40002868D6ED007AF0EE000AB8EEE70A4042F8
:10EA50000121FCF7B7FF8346E4F7E4F9002840F012
:10EA60000E81BBF1000F40F00A81D7ED007A2868D3
:10EA7000B8EEE70AF0EE080AFFF78CFB8346E4F7EE
:10EA8000D1F9002840F0FB80BBF1000F40F0F78087
:10EA9000D6ED007A2868B8EEE70AF1EE000A012107
:10EAA000FCF790FF8346E4F7BDF9002840F0E780CB
:10EAB000BBF1000F40F0E3802868D6ED007AF2EE5B
:10EAC000000AB8EEE70A40420121FCF77BFF8346CB
:10EAD000E4F7A8F9002840F0D280BBF1000F40F025
:10EAE000CE802868D7ED007AF0EE080AB8EEE70A83
:10EAF0004042FFF74FFB8346E4F794F9002840F0CB
:10EB0000BE80BBF1000F40F0BA80D6ED007A2868D5
:10EB1000B8EEE70AF0EE000A0121FCF753FF834646
:10EB2000E4F780F9002840F0AA80BBF1000F40F024
:10EB3000A680D7ED007A2868B8EEE70AF7EE000A5B
:10EB4000FFF728FB8346E4F76DF9002840F0978033
:10EB5000BBF1000F40F093802868D6ED007AF7EE05
:10EB6000000AB8EEE70A40420121FCF72BFF83467A
:10EB7000E4F758F9002840F08280BBF1000F7ED105
:10EB8000D7ED007A2868B8EEE70AF7EE000AFFF73B
:10EB900001FB8346E4F746F9002870D1BBF1000F72
:10EBA0006DD1D6ED007A2868B8EEE70AF0EE000ADB
:10EBB0000121FCF707FF8346E4F734F900285ED112
:10EBC000BBF1000F5BD117E00C1FFF1FCC16FF1F1E
:10EBD0003016FF1F2CB104004807FF1F6007FF1FFE
:10EBE0004C07FF1F0417FF1F5C07FF1FCC0FFF1F01
:10EBF0004410FF1FF4EE040097ED000A2868B8EEF9
:10EC0000C00AF0EE080A4042FFF7C4FA0746E4F7EC
:10EC100009F9A0BB9FBBD6ED007A2868B8EEE70AD9
:10EC2000F1EE000A0121FCF7CDFE0746E4F7FAF801
:10EC300028BB27BB286896ED000AF2EE000AB8EE62
:10EC4000C00A40420121FCF7BDFE0546E4F7EAF8A0
:10EC5000A8B9A5B923680693069A23680593059B6E
:10EC60009B1A632BF9D94146D9F81000E2F772FEDE
:10EC7000D9F8103008F101084345BFF441AE0BB09C
:10EC8000BDE8F04FE4F732BAB84EB94DD6ED007A90
:10EC90002868B8EEE70AF0EE080A0121FCF792FEB8
:10ECA0000746E4F7BFF80028E9D1002FE7D1B14FBC
:10ECB0002868D7ED007AF0EE000AB8EEE70A404285
:10ECC000FFF768FA8346E4F7ADF80028D7D1BBF127
:10ECD000000FD4D12868D6ED007AF7EE000AB8EE1E
:10ECE000E70A40420121FCF76DFE8346E4F79AF8FB
:10ECF0000028C4D1BBF1000FC1D1D7ED007A28683C
:10ED0000B8EEE70AF7EE000AFFF744FA8346E4F7A5
:10ED100089F80028B3D1BBF1000FB0D12868D6ED37
:10ED2000007AF7EE000AB8EEE70A40420121FCF74C
:10ED300049FE8346E4F776F80028A0D1BBF1000F26
:10ED40009DD12868D7ED007AF0EE000AB8EEE70A08
:10ED50004042FFF71FFA8346E4F764F800288ED19B
:10ED6000BBF1000F8BD1D6ED007A2868B8EEE70A28
:10ED7000F0EE080A0121FCF725FE8346E4F752F87D
:10ED800000287FF47CAFBBF1000F7FF478AFD7EDA4
:10ED9000007A2868B8EEE70AF1EE000AFFF7FAF900
:10EDA0008346E4F73FF800287FF469AFBBF1000F1A
:10EDB0007FF465AF2868D7ED007AF2EE000AB8EE6E
:10EDC000E70A4042FFF7E6F98346E4F72BF800280C
:10EDD0007FF455AFBBF1000F7FF451AF2868D6ED3B
:10EDE000007AF0EE080AB8EEE70A40420121FCF78B
:10EDF000E9FD8346E4F716F800287FF440AFBBF145
:10EE0000000F7FF43CAFD7ED007A2868B8EEE70A30
:10EE1000F0EE000AFFF7BEF98346E4F703F8002896
:10EE20007FF42DAFBBF1000F7FF429AFD6ED007A50
:10EE30002868B8EEE70AF7EE000A0121FCF7C2FDE8
:10EE40008346E3F7EFFF00287FF419AFBBF1000F13
:10EE50007FF415AF2868D7ED007AF7EE000AB8EE18
:10EE6000E70A4042FFF796F98346E3F7DBFF002805
:10EE70007FF405AFBBF1000F7FF401AFD6ED007A50
:10EE80002868B8EEE70AF7EE000A0121FCF79AFDC0
:10EE90008346E3F7C7FF00287FF4F1AEBBF1000F14
:10EEA0007FF4EDAED7ED007A2868B8EEE70AF0EE11
:10EEB000000AFFF76FF98346E3F7B4FF00287FF4F9
:10EEC000DEAEBBF1000F7FF4DAAE96ED000A2868E3
:10EED000B8EEC00AF0EE080A40420121FCF772FDCC
:10EEE0000646E3F79FFF00287FF4C9AE002E7FF4AB
:10EEF000C6AED7ED007A2868B8EEE70AF1EE000A50
:10EF0000FFF748F90646E3F78DFF00287FF4B7AE18
:10EF1000002E7FF4B4AE286897ED000AF2EE000AE6
:10EF2000B8EEC00A4042FFF735F90546E3F77AFF2D
:10EF300000287FF4A4AE002D3FF48CAE9FE6222083
:10EF400020F07AFFFBE422201FF0CAFFF7E4222022
:10EF50001EF0DCFEF3E43B21074820F0E9FE074801
:10EF60000BB0BDE8F04F1DF05BBC00BFCC0FFF1F26
:10EF70005C07FF1F0417FF1FB8EE04002808FF1FDF
:10EF80002DE9F04FD04DD1492B688BB0049300236D
:10EF90000B70CF49049A0B702B680393039B9B1A49
:10EFA000092BF9D9CB49DFF8488307A81DF038FEB3
:10EFB00007A8E1F7E9FA07A81DF08AFEC64B07A8E3
:10EFC00019681DF02DFE07A8E1F7DEFA07A81DF06D
:10EFD0007FFED8F81430012B14BF0D200420E3F776
:10EFE00073FFD8F81030002B00F0C682DFF804A3BE
:10EFF0004FF00109B64B1B78002B40F03885B34B1E
:10F000001B78002B40F03385514607A81DF008FE01
:10F0100007A8E1F7B9FA07A81DF05AFEAF4B1B6825
:10F02000012B00F01F85032B00F01785002B00F04B
:10F030000F8507EE909AB8EE670AE1F75DFAA84BE4
:10F0400007A819681DF0ECFD07A8E1F79DFA07A8CD
:10F050001DF03EFED8F814B0BBF1000F00F0918215
:10F06000BBF1010F40F073829E4C9F4E2068D6ED9D
:10F07000007AF7EE000AB8EEE70A40425946FCF77C
:10F08000A1FC0746E3F7CEFE002840F07582002F72
:10F0900040F07282954F2068D7ED007AF0EE080AB2
:10F0A000B8EEE70AFFF776F80190E3F7BBFE002819
:10F0B00040F06282019B002B40F05E822068D6ED1A
:10F0C000007A5946B8EEE70AF0EE000A4042FCF733
:10F0D00079FC8346E3F7A6FE002840F04D82BBF1A1
:10F0E000000F40F049822068D7ED007AF7EE000A61
:10F0F000B8EEE70A4042FFF74DF88346E3F792FE89
:10F10000002840F03982BBF1000F40F03582D6ED87
:10F11000007A2068B8EEE70AF7EE000A0121FCF752
:10F1200051FC8346E3F77EFE002840F02582BBF1C8
:10F13000000F40F021822068D7ED007AF7EE000A38
:10F14000B8EEE70A4042FFF725F88346E3F76AFE88
:10F15000002840F01182BBF1000F40F00D822068C2
:10F16000D6ED007AF0EE080AB8EEE70A4042012137
:10F17000FCF728FC8346E3F755FE002840F0FC81AD
:10F18000BBF1000F40F0F881D7ED007A2068B8EEAF
:10F19000E70AF7EE000AFEF7FDFF8346E3F742FEBB
:10F1A000002840F0E981BBF1000F40F0E581D6ED89
:10F1B000007A2068B8EEE70AF7EE000A0121FCF7B2
:10F1C00001FC8346E3F72EFE002840F0D581BBF119
:10F1D000000F40F0D181D7ED007A2068B8EEE70A41
:10F1E000F7EE000AFEF7D6FF8346E3F71BFE002882
:10F1F00040F0C281BBF1000F40F0BE812068D6ED27
:10F20000007AF0EE000AB8EEE70A40420121FCF76E
:10F21000D9FB8346E3F706FE002840F0AD81BBF141
:10F22000000F40F0A9812068D7ED007AF0EE080ABF
:10F23000B8EEE70A4042FEF7ADFF8346E3F7F2FD82
:10F24000002840F09981BBF1000F40F09581D6ED88
:10F25000007A2068B8EEE70AF1EE080A0121FCF70F
:10F26000B1FB8346E3F7DEFD002840F08581BBF16A
:10F27000000F40F08181D7ED007A2068B8EEE70AF0
:10F28000F1EE000AFEF786FF8346E3F7CBFD002888
:10F2900040F07281BBF1000F40F06E812068D6ED26
:10F2A000007AF1EE0C0AB8EEE70A40420121FCF7C1
:10F2B00089FB8346E3F7B6FD002840F05D81BBF192
:10F2C000000F40F0598117E00C1FFF1FCC16FF1FE5
:10F2D0003016FF1F2CB104004807FF1F6007FF1FF7
:10F2E0004C07FF1F5C07FF1FCC0FFF1F0417FF1FFA
:10F2F0004410FF1FF4EE04002068D7ED007AF0EE12
:10F30000080AB8EEE70A4042FEF744FF8346E3F7F7
:10F3100089FD002840F03081BBF1000F40F02C81C6
:10F320002068D6ED007AF0EE000AB8EEE70A404217
:10F330000121FCF747FB8346E3F774FD002840F00A
:10F340001B81BBF1000F40F01781D7ED007A2068D8
:10F35000B8EEE70AF7EE000AFEF71CFF8346E3F774
:10F3600061FD002840F00881BBF1000F40F00481EE
:10F37000D6ED007A2068B8EEE70AF7EE000A012120
:10F38000FCF720FB8346E3F74DFD002840F0F480B6
:10F39000BBF1000F40F0F080D7ED007A2068B8EEA6
:10F3A000E70AF7EE000AFEF7F5FE8346E3F73AFDBB
:10F3B000002840F0E180BBF1000F40F0DD802068C4
:10F3C000D6ED007AF0EE080AB8EEE70A40420121D5
:10F3D000FCF7F8FA8346E3F725FD002840F0CC80DF
:10F3E000BBF1000F40F0C8802068D7ED007AF7EE3F
:10F3F000000AB8EEE70A4042FEF7CCFE8346E3F788
:10F4000011FD002840F0B880BBF1000F40F0B4803F
:10F41000D6ED007A2068B8EEE70AF7EE000A01217F
:10F42000FCF7D0FA8346E3F7FDFC002840F0A48007
:10F43000BBF1000F40F0A0802068D7ED007AF7EE16
:10F44000000AB8EEE70A4042FEF7A4FE8346E3F75F
:10F45000E9FC002840F09080BBF1000F40F08C8068
:10F460002068D6ED007AF0EE000AB8EEE70A4042D6
:10F470000121FCF7A7FA8346E3F7D4FC00287BD1EF
:10F48000BBF1000F78D1D7ED007A2068B8EEE70A1B
:10F49000F0EE080AFEF77EFE8346E3F7C3FC002881
:10F4A0006AD1BBF1000F67D1D6ED007A2068B8EEC3
:10F4B000E70AF1EE040A0121FCF784FA8346E3F738
:10F4C000B1FC002858D1BBF1000F55D12068D6ED12
:10F4D000007AF1EE080AB8EEE70A40420121FCF793
:10F4E00071FA8346E3F79EFC002845D1BBF1000F7B
:10F4F00042D197ED000A2068B8EEC00AF1EE000A8A
:10F500004042FEF747FE0746E3F78CFCA0BB9FBBDB
:10F51000D6ED007A2068B8EEE70AF1EE0C0A012178
:10F52000FCF750FA0746E3F77DFC28BB27BB2068B1
:10F5300096ED000AF1EE0C0AB8EEC00A4042012135
:10F54000FCF740FA0446E3F76DFCA8B9A4B92B68B0
:10F550000693069A2B680593059B9B1A632BF9D992
:10F560004946D8F81000E2F7F5F9D8F8103009F15B
:10F5700001094B45BFF43EAD0BB0BDE8F04FE3F7DA
:10F58000B5BDDF4CDF4F2068D7ED007AF7EE000AFB
:10F59000B8EEE70A4042FEF7FDFD0646E3F742FCFF
:10F5A0000028E9D1002EE7D1D74E2068D6ED007AA9
:10F5B000F0EE080AB8EEE70A0121FCF703FA8346E9
:10F5C000E3F730FC0028D7D1BBF1000FD4D120687D
:10F5D000D7ED007AF0EE000AB8EEE70A4042FEF7F7
:10F5E000D9FD8346E3F71EFC0028C5D1BBF1000F0F
:10F5F000C2D12068D6ED007AF7EE000AB8EEE70A2D
:10F6000040420121FCF7DEF98346E3F70BFC0028BA
:10F61000B2D1BBF1000FAFD1D7ED007A2068B8EEC0
:10F62000E70AF7EE000AFEF7B5FD8346E3F7FAFBBB
:10F630000028A1D1BBF1000F9ED12068D6ED007A41
:10F64000F7EE000AB8EEE70A40420121FCF7BAF9EA
:10F650008346E3F7E7FB00288ED1BBF1000F8BD187
:10F660002068D7ED007AF0EE080AB8EEE70A4042CB
:10F67000FEF790FD8346E3F7D5FB00287FF47CAFCF
:10F68000BBF1000F7FF478AFD6ED007A2068B8EEBA
:10F69000E70AF7EE000A0121FCF794F98346E3F745
:10F6A000C1FB00287FF468AFBBF1000F7FF464AFAB
:10F6B000D7ED007A2068B8EEE70AF7EE000AFEF709
:10F6C00069FD8346E3F7AEFB00287FF455AFBBF13D
:10F6D000000F7FF451AFD6ED007A2068B8EEE70A4C
:10F6E000F7EE000A0121FCF76DF98346E3F79AFB78
:10F6F00000287FF441AFBBF1000F7FF43DAF2068DD
:10F70000D7ED007AF0EE000AB8EEE70A4042FEF7C5
:10F7100041FD8346E3F786FB00287FF42DAFBBF164
:10F72000000F7FF429AF2068D6ED007AF0EE080ACA
:10F73000B8EEE70A40420121FCF744F98346E3F7BB
:10F7400071FB00287FF418AFBBF1000F7FF414AFFA
:10F75000D7ED007A2068B8EEE70AF1EE080AFEF766
:10F7600019FD8346E3F75EFB00287FF405AFBBF18C
:10F77000000F7FF401AFD6ED007A2068B8EEE70AFB
:10F78000F1EE000A0121FCF71DF98346E3F74AFB7D
:10F7900000287FF4F1AEBBF1000F7FF4EDAE2068DE
:10F7A000D7ED007AF1EE0C0AB8EEE70A4042FEF718
:10F7B000F1FC8346E3F736FB00287FF4DDAEBBF1B6
:10F7C000000F7FF4D9AE2068D6ED007AF0EE080A7B
:10F7D000B8EEE70A40420121FCF7F4F88346E3F76C
:10F7E00021FB00287FF4C8AEBBF1000F7FF4C4AE4C
:10F7F0002068D7ED007AF0EE000AB8EEE70A404242
:10F80000FEF7C8FC8346E3F70DFB00287FF4B4AE97
:10F81000BBF1000F7FF4B0AED6ED007A2068B8EEF1
:10F82000E70AF7EE000A0121FCF7CCF88346E3F77C
:10F83000F9FA00287FF4A0AEBBF1000F7FF49CAE74
:10F84000D7ED007A2068B8EEE70AF7EE000AFEF777
:10F85000A1FC8346E3F7E6FA00287FF48DAEBBF106
:10F86000000F7FF489AED6ED007A2068B8EEE70A83
:10F87000F7EE000A0121FCF7A5F88346E3F7D2FA78
:10F8800000287FF479AEBBF1000F7FF475AE2068DD
:10F89000D7ED007AF0EE080AB8EEE70A4042FEF72C
:10F8A00079FC8346E3F7BEFA00287FF465AEBBF12E
:10F8B000000F7FF461AE2068D6ED007AF7EE000A03
:10F8C000B8EEE70A40420121FCF77CF88346E3F7F3
:10F8D000A9FA00287FF450AEBBF1000F7FF44CAEC4
:10F8E000D7ED007A2068B8EEE70AF7EE000AFEF7D7
:10F8F00051FC8346E3F796FA00287FF43DAE05E01D
:10F900005C07FF1F0417FF1FCC0FFF1FBBF1000F89
:10F910007FF432AE2068D6ED007AF7EE000AB8EE3A
:10F92000E70A40420121FCF74DF88346E3F77AFAF3
:10F9300000287FF421AEBBF1000F7FF41DAE2068DC
:10F94000D7ED007AF0EE000AB8EEE70A4042FEF783
:10F9500021FC8346E3F766FA00287FF40DAEBBF185
:10F96000000F7FF409AED6ED007A2068B8EEE70A02
:10F97000F0EE080A0121FCF725F88346E3F752FA76
:10F9800000287FF4F9ADBBF1000F7FF4F5ADD7EDA2
:10F99000007A2068B8EEE70AF1EE040AFEF7FAFBF7
:10F9A0008346E3F73FFA00287FF4E6ADBBF1000F92
:10F9B0007FF4E2AD2068D7ED007AF1EE080AB8EEE8
:10F9C000E70A4042FEF7E6FB8346E3F72BFA0028FE
:10F9D0007FF4D2ADBBF1000F7FF4CEAD96ED000AFF
:10F9E0002068B8EEC00AF1EE000A40420121FBF7A0
:10F9F000E9FF0646E3F716FA00287FF4BDAD002EB6
:10FA00007FF4BAADD7ED007A2068B8EEE70AF1EEE0
:10FA10000C0AFEF7BFFB0646E3F704FA00287FF462
:10FA2000ABAD002E7FF4A8AD206897ED000AF1EE93
:10FA30000C0AB8EEC00A4042FEF7ACFB0446E3F7FE
:10FA4000F1F900287FF498AD002C3FF480AD93E5E8
:10FA5000222020F0F1F9FFF7ECBA22201FF040FA43
:10FA6000FFF7E7BA22201EF051F9FFF7E2BA3B2177
:10FA7000044820F05DF904480BB0BDE8F04F1CF0DD
:10FA8000CFBE00BF00EF04002808FF1F2DE9F04F94
:10FA90008B4C8C4923688BB0049300230B708A49EC
:10FAA000049A0B7023680393039B9B1A092BF9D9C3
:10FAB0008649874F07A81DF0B3F807A8E0F764FD53
:10FAC00007A81DF005F9834B07A819681DF0A8F8D1
:10FAD00007A8E0F759FD07A81DF0FAF87B69012B8C
:10FAE00014BF04200320E3F7EFF93B69002B00F07B
:10FAF000E280DFF8F0B10126734B1B78002B40F059
:10FB00009B81704B1B78002B40F09681594607A8CB
:10FB10001DF086F807A8E0F737FD07A81DF0D8F814
:10FB20006D4B1B68012B00F07B81032B00F0808163
:10FB3000002B00F0798107EE906AB8EE670AE0F7D3
:10FB4000DBFC664B07A819681DF06AF807A8E0F708
:10FB50001BFD07A81DF0BCF8D7F814A0BAF1000FE0
:10FB600000F0C680BAF1010F40F09380DFF8789181
:10FB70005B4DD9ED007A2868B8EEE70AF0EE080A86
:10FB8000FEF708FB8046E3F74DF9002840F093802C
:10FB9000B8F1000F40F08F80DFF850812868D8ED71
:10FBA000007AF0EE080AB8EEE70A40425146FBF749
:10FBB00009FF0190E3F736F900287CD1019B002B67
:10FBC00079D12868D9ED007AF0EE000AB8EEE70A9C
:10FBD0004042FEF7DFFA0190E3F724F900286AD1EA
:10FBE000019B002B67D1D8ED007A28685146B8EE0A
:10FBF000E70AF7EE000AFBF7E5FE8246E3F712F9A3
:10FC0000002858D1BAF1000F55D1D9ED007A2868F3
:10FC1000B8EEE70AF7EE000AFEF7BCFA8246E3F711
:10FC200001F9002847D1BAF1000F44D1D8ED007A8C
:10FC30002868B8EEE70AF7EE000A0121FBF7C2FEDA
:10FC40008246E3F7EFF8002835D1BAF1000F32D140
:10FC500099ED000A2868B8EEC00AF0EE000A4042AA
:10FC6000FEF798FA8146E3F7DDF820BBB9F1000F03
:10FC700021D1286898ED000AF0EE080AB8EEC00A13
:10FC800040420121FBF79EFE0546E3F7CBF890B911
:10FC90008DB923680693069A23680593059B9B1AE2
:10FCA000632BF9D931463869E1F754FE3B690136D7
:10FCB000B342BFF421AF0BB0BDE8F04FE3F716BA83
:10FCC0000C1FFF1FCC16FF1F3016FF1F2CB10400A6
:10FCD0004410FF1F4807FF1F6007FF1F4C07FF1F4F
:10FCE0005C07FF1FF4EE04000417FF1FCC0FFF1F7B
:10FCF000DFF86481554DD8ED007A2868B8EEE70A40
:10FD0000F0EE080A0121FBF75DFE8146E3F78AF871
:10FD10000028D0D1B9F1000FCDD1DFF8409128688B
:10FD2000D9ED007AF0EE080AB8EEE70A4042FEF795
:10FD300031FA8246E3F776F80028BCD1BAF1000F19
:10FD4000B9D12868D8ED007AF0EE000AB8EEE70ADB
:10FD500040420121FBF736FE8246E3F763F80028B4
:10FD6000A9D1BAF1000FA6D1D9ED007A2868B8EE72
:10FD7000E70AF7EE000AFEF70DFA8246E3F752F8BB
:10FD8000002898D1BAF1000F95D1D8ED007A2868F3
:10FD9000B8EEE70AF7EE000A0121FBF713FE8246F0
:10FDA000E3F740F8002886D1BAF1000F83D1D9EDEE
:10FDB000007A2868B8EEE70AF7EE000AFEF7EAF9DB
:10FDC0008246E3F72FF800287FF475AFBAF1000FF1
:10FDD0007FF471AF98ED000A2868B8EEC00AF0EE23
:10FDE000000A40420121FBF7EDFD8046E3F71AF8D7
:10FDF00000287FF460AFB8F1000F7FF45CAF286893
:10FE000099ED000AF0EE080AB8EEC00A4042FEF78B
:10FE1000C1F90546E3F706F800283FF439AF4AE791
:10FE200022201DF073FF86E6222020F005F882E6EE
:10FE300022201FF055F87EE63B2105481FF078FF91
:10FE400004480BB0BDE8F04F1CF0EABC5C07FF1F94
:10FE50003CEF04002808FF1FCC0FFF1F0417FF1FF3
:10FE60002DE9F04FCB4CCC4923688BB00493002391
:10FE70000B70CA49049A0B7023680393039B9B1A67
:10FE8000092BF9D9C649DFF8349307A81CF0C8FE3E
:10FE900007A8E0F779FB07A81CF01AFFC14B07A8D9
:10FEA00019681CF0BDFE07A8E0F76EFB07A81CF060
:10FEB0000FFFD9F81430012B14BF08200320E3F7FB
:10FEC00003F8D9F81030002B00F0A181DFF8F0A280
:10FED0004FF00108B14B1B78002B40F0DE82AE4B97
:10FEE0001B78002B40F0D982514607A81CF098FEE1
:10FEF00007A8E0F749FB07A81CF0EAFEAA4B1B681D
:10FF0000012B00F0C682032B00F0BF82002B00F013
:10FF1000B88207EE908AB8EE670AE0F7EDFAA34BD5
:10FF200007A819681CF07CFE07A8E0F72DFB07A8BE
:10FF30001CF0CEFED9F814B0BBF1000F00F06C81BC
:10FF4000BBF1010F40F04E81994F9A4DD7ED007AE9
:10FF50002868B8EEE70AF0EE080AFEF71BF9064635
:10FF6000E2F760FF002840F05281002E40F04F8100
:10FF7000914E2868D6ED007AF0EE080AB8EEE70A4E
:10FF800040425946FBF71EFD0190E2F74BFF002867
:10FF900040F03D81019B002B40F039812868D7ED6E
:10FFA000007AF0EE000AB8EEE70A4042FEF7F2F8F7
:10FFB0000190E2F737FF002840F02981019B002BD8
:10FFC00040F02581D6ED007A28685946B8EEE70A58
:10FFD000F7EE000AFBF7F6FC8346E2F723FF002862
:10FFE00040F01581BBF1000F40F01181D7ED007A90
:10FFF0002868B8EEE70AF7EE000AFEF7CBF883466A
:020000022000DC
:10000000E2F710FF002840F00281BBF1000F40F042
:10001000FE80D6ED007A2868B8EEE70AF7EE000A0F
:100020000121FBF7CFFC8346E2F7FCFE002840F0FD
:10003000EE80BBF1000F40F0EA802868D7ED007A2F
:10004000F0EE000AB8EEE70A4042FEF7A3F8834656
:10005000E2F7E8FE002840F0DA80BBF1000F40F044
:10006000D6802868D6ED007AF1EE040AB8EEE70AE9
:1000700040420121FBF7A6FC8346E2F7D3FE0028AD
:1000800040F0C580BBF1000F40F0C180D7ED007A91
:100090002868B8EEE70AF0EE000AFEF77BF8834620
:1000A000E2F7C0FE002840F0B280BBF1000F40F044
:1000B000AE80D6ED007A2868B8EEE70AF7EE000ABF
:1000C0000121FBF77FFC8346E2F7ACFE002840F0FD
:1000D0009E80BBF1000F40F09A802868D7ED007A2F
:1000E000F7EE000AB8EEE70A4042FEF753F88346FF
:1000F000E2F798FE002840F08A80BBF1000F40F044
:100100008680D6ED007A2868B8EEE70AF7EE000A96
:100110000121FBF757FC8346E2F784FE002876D1E5
:10012000BBF1000F73D1D7ED007A2868B8EEE70A6B
:10013000F0EE000AFEF72EF88346E2F773FE002881
:1001400065D1BBF1000F62D12868D6ED007AF0EEE0
:10015000080AB8EEE70A40420121FBF733FC834668
:10016000E2F760FE002852D1BBF1000F4FD197EDAE
:10017000000A2868B8EEC00AF0EE080A4042FEF70E
:1001800009F80746E2F74EFE002840D1002F3ED185
:1001900018E000BF0C1FFF1FCC16FF1F3016FF1FFB
:1001A0002CB104004807FF1F6007FF1F4C07FF1F0B
:1001B0000417FF1F5C07FF1FCC0FFF1F4410FF1F1A
:1001C000F4EE0400286896ED000AF7EE000AB8EE97
:1001D000C00A40420121FBF7F5FB0546E2F722FE8B
:1001E000A8B9A5B923680693069A23680593059BC9
:1001F0009B1A632BF9D94146D9F81000E1F7AAFB05
:10020000D9F8103008F101084345BFF463AE0BB0D4
:10021000BDE8F04FE2F76ABFA54EA64DD6ED007AD5
:100220002868B8EEE70AF0EE080A0121FBF7CAFBDE
:100230000746E2F7F7FD0028E9D1002FE7D19E4FEE
:100240002868D7ED007AF0EE080AB8EEE70A4042D7
:10025000FDF7A0FF8346E2F7E5FD0028D7D1BBF10B
:10026000000FD4D12868D6ED007AF0EE000AB8EE7F
:10027000E70A40420121FBF7A5FB8346E2F7D2FDE6
:100280000028C4D1BBF1000FC1D1D7ED007A286896
:10029000B8EEE70AF7EE000AFDF77CFF8346E2F7C7
:1002A000C1FD0028B3D1BBF1000FB0D1D6ED007A6B
:1002B0002868B8EEE70AF7EE000A0121FBF782FB97
:1002C0008346E2F7AFFD0028A1D1BBF1000F9ED11C
:1002D000D7ED007A2868B8EEE70AF7EE000AFDF7D6
:1002E00059FF8346E2F79EFD002890D1BBF1000F35
:1002F0008DD12868D6ED007AF0EE000AB8EEE70A54
:1003000040420121FBF75EFB8346E2F78BFD0028AC
:100310007FF47DAFBBF1000F7FF479AF2868D7ED94
:10032000007AF1EE040AB8EEE70A4042FDF732FF28
:100330008346E2F777FD00287FF469AFBBF1000F39
:100340007FF465AFD6ED007A2868B8EEE70AF0EEE4
:10035000000A0121FBF736FB8346E2F763FD002824
:100360007FF455AFBBF1000F7FF451AFD7ED007AAA
:100370002868B8EEE70AF7EE000AFDF70BFF8346A0
:10038000E2F750FD00287FF442AFBBF1000F7FF48D
:100390003EAF2868D6ED007AF7EE000AB8EEE70A1D
:1003A00040420121FBF70EFB8346E2F73BFD0028AC
:1003B0007FF42DAFBBF1000F7FF429AFD7ED007AAA
:1003C0002868B8EEE70AF7EE000AFDF7E3FE834679
:1003D000E2F728FD00287FF41AAFBBF1000F7FF48D
:1003E00016AFD6ED007A2868B8EEE70AF0EE000AFC
:1003F0000121FBF7E7FA8346E2F714FD00287FF4BA
:1004000006AFBBF1000F7FF402AF2868D7ED007A8A
:10041000F0EE080AB8EEE70A4042FDF7BBFE83465D
:10042000E2F700FD00287FF4F2AEBBF1000F7FF48D
:10043000EEAE96ED000A2868B8EEC00AF0EE080AA3
:1004400040420121FBF7BEFA0646E2F7EBFC00282A
:100450007FF4DDAE002E7FF4DAAE286897ED000A57
:10046000F7EE000AB8EEC00A4042FDF793FE0546DB
:10047000E2F7D8FC00287FF4CAAE002D3FF4B2AEFC
:10048000C5E622201FF0D8FC43E522201EF028FDFF
:100490003FE522201DF03AFC3BE53B2107481FF0D9
:1004A00047FC07480BB0BDE8F04F1CF0B9B900BFDE
:1004B000CC0FFF1F5C07FF1F0417FF1F78EF04001E
:1004C0002808FF1F2DE9F04FBE4CBF4923688BB0B1
:1004D000049300230B70BD49049A0B7023680393A7
:1004E000039B9B1A092BF9D9B949BA4F07A81CF0ED
:1004F00097FB07A8E0F748F807A81CF0E9FBB64B04
:1005000007A819681CF08CFB07A8E0F73DF807A8BE
:100510001CF0DEFB7B69012B14BF03200220E2F7F5
:10052000D3FC3B69002B00F0CB80DFF8C4A201258F
:10053000A64B1B78002B40F06181A34B1B78002B4E
:1005400040F05C81514607A81CF06AFB07A8E0F761
:100550001BF807A81CF0BCFBA04B1B68012B00F08C
:100560002581032B00F02A81002B00F0238107EE68
:10057000905AB8EE670ADFF7BFFF994B07A81968D2
:100580001CF04EFB07A8DFF7FFFF07A81CF0A0FB3D
:100590007B69002B00F09980012B7FD1DFF854821A
:1005A000904ED8ED007A30680193B8EEE70AF0EE8D
:1005B000000AFDF7EFFD8146E2F734FC00287FD109
:1005C000B9F1000F7CD1DFF830B23068DBED007A92
:1005D000019BB8EEE70AF0EE000A40421946FBF72D
:1005E000F1F98146E2F71EFC002869D1B9F1000F4C
:1005F00066D108217C481FF09BFB7C481CF010F959
:100600003068D8ED007AF7EE000AB8EEE70A40420B
:10061000FDF7C0FD8146E2F705FC002850D1B9F195
:10062000000F4DD1019B3068DBED007A1946B8EE22
:10063000E70AF7EE000A4042FBF7C4F98146E2F709
:10064000F1FB00283CD1B9F1000F39D108216648EF
:100650001FF06EFB65481CF0E3F898ED000A306867
:10066000B8EEC00AF7EE000A4042FDF793FD80465F
:10067000E2F7D8FB20BBB8F1000F21D130689BED29
:10068000000AF0EE000AB8EEC00A40420121FBF772
:1006900099F90646E2F7C6FB90B98EB9236806932E
:1006A000069A23680593059B9B1A632BF9D9294663
:1006B0003869E1F74FF93B690135AB42BFF438AF18
:1006C0000BB0BDE8F04FE2F711BDDFF82C91454EBD
:1006D000D9ED007A3068B8EEE70AF0EE000A0121A1
:1006E000FBF770F98046E2F79DFB0028E8D1B8F1EE
:1006F000000FE5D1DFF8FC803068D8ED007AF0EE2D
:10070000000AB8EEE70A4042FDF744FD8346E2F7EF
:1007100089FB0028D4D1BBF1000FD1D13068D9EDCD
:10072000007AF7EE000AB8EEE70A40420121FBF733
:1007300049F98346E2F776FB0028C1D1BBF1000FEF
:10074000BED1D8ED007A3068B8EEE70AF7EE000ABD
:10075000FDF720FD8346E2F765FB0028B0D1BBF131
:10076000000FADD199ED000A3068B8EEC00AF7EE7F
:10077000000A40420121FBF725F98146E2F752FBCE
:1007800000289DD1B9F1000F9AD1306898ED000A88
:10079000F0EE000AB8EEC00A4042FDF7FBFC064648
:1007A000E2F740FB00283FF478AF89E722201DF0F4
:1007B000ADFADCE622201FF03FFBD8E622201EF037
:1007C0008FFBD4E60C1FFF1FCC16FF1F3016FF1F38
:1007D0002CB104004410FF1F4807FF1F6007FF1FD4
:1007E0004C07FF1F5C07FF1FF0EF04002808FF1FE6
:1007F000F4EE04000417FF1FCC0FFF1F3B21044839
:100800001FF096FA03480BB0BDE8F04F1CF008B893
:10081000B4EF04002808FF1F2DE9F04FC04CC14978
:1008200023688BB0049300230B70BF49049A0B70AC
:1008300023680393039B9B1A092BF9D9BB49DFF863
:10084000089307A81CF0ECF907A8DFF79DFE07A89E
:100850001CF03EFAB64B07A819681CF0E1F907A88E
:10086000DFF792FE07A81CF033FAD9F81430012BF9
:1008700014BF06200220E2F727FBD9F81030002B26
:1008800000F07B81DFF8C4A24FF00108A64B1B7873
:10089000002B40F08C82A34B1B78002B40F087820A
:1008A000514607A81CF0BCF907A8DFF76DFE07A8A2
:1008B0001CF00EFA9F4B1B68012B00F06C82032B7F
:1008C00000F07182002B00F06A8207EE908AB8EE89
:1008D000670ADFF711FE984B07A819681CF0A0F90A
:1008E00007A8DFF751FE07A81CF0F2F9D9F814B0F9
:1008F000BBF1000F00F04681BBF1010F40F02881F1
:100900008E4E8F4DD6ED007A2868B8EEE70AF7EEE6
:10091000000A5946FBF756F80746E2F783FA002823
:1009200040F02B81002F40F028812868D6ED007A16
:10093000F7EE000AB8EEE70A40425946FBF742F8E4
:100940000746E2F76FFA002840F01781002F40F0C9
:1009500014817C4F2868D7ED007AF0EE000AB8EEDB
:10096000E70A4042FDF716FC0190E2F75BFA002827
:1009700040F00381019B002B40F0FF802868D6EDFA
:10098000007A5946B8EEE70AF0EE000A4042FBF75B
:1009900019F88346E2F746FA002840F0EE80BBF1F2
:1009A000000F40F0EA802868D7ED007AF0EE000AE8
:1009B000B8EEE70A4042FDF7EDFB8346E2F732FA74
:1009C000002840F0DA80BBF1000F40F0D680D6ED71
:1009D000007A2868B8EEE70AF7EE000A0121FAF774
:1009E000F1FF8346E2F71EFA002840F0C680BBF113
:1009F000000F40F0C2802868D7ED007AF7EE000AB9
:100A0000B8EEE70A4042FDF7C5FB8346E2F70AFA73
:100A1000002840F0B280BBF1000F40F0AE802868A3
:100A2000D6ED007AF0EE080AB8EEE70A404201215E
:100A3000FAF7C8FF8346E2F7F5F9002840F09D80F9
:100A4000BBF1000F40F09980D7ED007A2868B8EE2E
:100A5000E70AF7EE000AFDF79DFB8346E2F7E2F9AD
:100A6000002840F08A80BBF1000F40F08680D6ED70
:100A7000007A2868B8EEE70AF7EE000A0121FAF7D3
:100A8000A1FF8346E2F7CEF9002876D1BBF1000F33
:100A900073D1D7ED007A2868B8EEE70AF7EE000ABE
:100AA000FDF778FB8346E2F7BDF9002865D1BBF17D
:100AB000000F62D12868D6ED007AF0EE000AB8EE99
:100AC000E70A40420121FAF77DFF8346E2F7AAF9DF
:100AD000002852D1BBF1000F4FD197ED000A2868D2
:100AE000B8EEC00AF0EE000A4042FDF753FB07469D
:100AF000E2F798F9002840D1002F3ED1286896ED02
:100B0000000AF7EE000AB8EEC00A40420121FAF7E7
:100B100059FF0546E2F786F978BB75BB18E000BFC0
:100B20000C1FFF1FCC16FF1F3016FF1F2CB1040037
:100B30004807FF1F6007FF1F4C07FF1FCC0FFF1F59
:100B40005C07FF1F0417FF1F4410FF1FF4EE040093
:100B500023680693069A23680593059B9B1A632BCB
:100B6000F9D94146D9F81000E0F7F4FED9F8103071
:100B700008F101084345BFF489AE0BB0BDE8F04F62
:100B8000E2F7B4BA8F4F904DD7ED007A2868B8EEEF
:100B9000E70AF7EE000AFDF7FDFA0646E2F742F92A
:100BA0000028EAD1002EE8D12868D7ED007AF7EEC8
:100BB000000AB8EEE70A4042FDF7ECFA0646E2F713
:100BC00031F90028D9D1002ED7D1804E2868D6ED32
:100BD000007AF0EE000AB8EEE70A0121FAF7F2FE19
:100BE0008346E2F71FF90028C7D1BBF1000FC4D13B
:100BF0002868D7ED007AF0EE000AB8EEE70A404226
:100C0000FDF7C8FA8346E2F70DF90028B5D1BBF12C
:100C1000000FB2D12868D6ED007AF7EE000AB8EEE0
:100C2000E70A40420121FAF7CDFE8346E2F7FAF8DF
:100C30000028A2D1BBF1000F9FD1D7ED007A286820
:100C4000B8EEE70AF7EE000AFDF7A4FA8346E2F7EA
:100C5000E9F8002891D1BBF1000F8ED12868D6EDBC
:100C6000007AF7EE000AB8EEE70A40420121FAF7EF
:100C7000A9FE8346E2F7D6F800287FF47EAFBBF1E9
:100C8000000F7FF47AAF2868D7ED007AF0EE080AFB
:100C9000B8EEE70A4042FDF77DFA8346E2F7C2F874
:100CA00000287FF46AAFBBF1000F7FF466AFD6ED8A
:100CB000007A2868B8EEE70AF7EE000A0121FAF791
:100CC00081FE8346E2F7AEF800287FF456AFBBF111
:100CD000000F7FF452AFD7ED007A2868B8EEE70A2C
:100CE000F7EE000AFDF756FA8346E2F79BF8002874
:100CF0007FF443AFBBF1000F7FF43FAFD6ED007A36
:100D00002868B8EEE70AF7EE000A0121FAF75AFE62
:100D10008346E2F787F800287FF42FAFBBF1000F7E
:100D20007FF42BAF2868D7ED007AF0EE000AB8EE1A
:100D3000E70A4042FDF72EFA8346E2F773F80028EF
:100D40007FF41BAFBBF1000F7FF417AF96ED000AE5
:100D50002868B8EEC00AF0EE000A40420121FAF716
:100D600031FE0646E2F75EF800287FF406AF002E5B
:100D70007FF403AF286897ED000AF7EE000AB8EE9B
:100D8000C00A4042FDF706FA0546E2F74BF8002894
:100D90003FF4C3AEF1E622201CF0B8FF95E5222017
:100DA0001FF04AF891E522201EF09AF88DE53B21CC
:100DB00007481EF0BDFF07480BB0BDE8F04F1BF021
:100DC0002FBD00BF0417FF1F5C07FF1FCC0FFF1FC5
:100DD000FCEF04002808FF1F2DE9F04F884ED6F8DD
:100DE0000031A3F10A021D2AADF5017D054640F24E
:100DF000C582844C844B226804920021049A1970A5
:100E000023680393039B9B1A092BF9D90DF5A4784A
:100E10007E49DFF820A2013D404601951BF000FF0E
:100E20004046DFF7B1FB40461BF052FF784B40468F
:100E300019681BF0F5FE4046DFF7A6FB40461BF0A5
:100E400047FF0023CDE95433CDE96C338DF8703181
:100E500069936A938DF8AC316E4B53936E4B5293FA
:100E600080238DF85831092042F29F43CDE9580381
:100E7000052241F28833062112A86E936F92CDF8B5
:100E80005C811AF0F1FB1422152122A81AF0ECFB68
:100E90001722102132A81AF0E7FB1322122142A8D0
:100EA0001AF0E2FB1D215D481EF042FF5C481BF07A
:100EB000B7FC17215B481EF03BFF5B4B5848196895
:100EC0001BF0A6FC56481BF0ABFC122157481EF045
:100ED0002FFFDAF8001052481BF09AFC50481BF024
:100EE0009FFC0D2D42D8DFE815F00902BF019701E4
:100EF0000E00410041004100410041004100090253
:100F0000BF0197010E00DAF80030439323680C9379
:100F10000C9A23680B930B9B9B1A132BF9D9D6F8C9
:100F2000941042A81AF0E0FBD6F898101AF0D0FB03
:100F300000211AF0FBFB012211460420E0F77CFDA2
:100F40006C9B80A803F10B02B7EE000A00EB830351
:100F5000002142A843F88C0C80AB03EB820340468F
:100F600043F8B41C6C910121FAF7C2FB549B002B8F
:100F700000F077822E4DDFF8C090DFF8C0B0D6F8D1
:100F8000F800A0F10A031D2B07D8C0B21CF04EFBDD
:100F9000D6F8FC30984240F0F6811CF06DFF002836
:100FA00040F3E2802B68012B2F4600F0E480032BF6
:100FB00000F01D81002B00F011810023549989F865
:100FC000003023680E930E9A23680D930D9B9B1A95
:100FD000092BF9D90029D2D1019A0D2A38D8DFE896
:100FE00012F033022A022F002102370037003700A7
:100FF00037003700370033022A022F00210200BFDA
:101000007013FF1F0C1FFF1F3016FF1F2CB10400B1
:101010004807FF1F700E0500B40E050038F00400ED
:101020002808FF1F58F004001417FF1FC4E804002D
:101030006007FF1F4416FF1FB816FF1F1C16FF1F77
:10104000339BCAF80030012200210320E0F7F4FCB2
:101050009F49A04C0FA81BF0E3FD0FA8DFF794FAFF
:101060000FA81BF035FE21680FA81BF0D9FD0FA8B3
:10107000DFF78AFA0FA81BF02BFE95490FA81BF08B
:10108000CFFD0FA8DFF780FA0FA81BF021FE216823
:101090000FA81BF0C5FD0FA8DFF776FA0FA81BF00D
:1010A00017FE8D490FA81BF0BBFD0FA8DFF76CFAE8
:1010B0000FA81BF00DFE21680FA81BF0B1FD0FA8B3
:1010C000DFF762FA0FA81BF003FE84490FA81BF09C
:1010D000A7FD0FA8DFF758FA0FA81BF0F9FD21684C
:1010E0000FA81BF09DFD0FA8DFF74EFA0FA81BF00D
:1010F000EFFD7B490FA81BF093FD0FA8DFF744FA23
:101100000FA81BF0E5FD3B68012B00F0A681032B27
:1011100000F08481002B00F07D81DAED007AB8EEDA
:10112000E70ADFF7E9F96F4B0FA819681BF078FDA4
:101130000FA8DFF729FA0FA81BF0CAFDD6F80001A7
:10114000A0F10A0200231D2A2393CAF8003013934A
:10115000339343935BD9644B52934046F6F7F8FAC6
:101160000DF5017DBDE8F08F1DF0FCFE2B68012B15
:101170002F467FF41CAF1CF093FEC3B2532B89F8AB
:10118000003032D1549B002B00F03A810E21574899
:101190001A68574BB3FBF2F3CBF800301EF0C8FDD2
:1011A000DBF8001053481BF033FB52481BF038FBB0
:1011B000DBF80030F92B1DDD549900293FF401AF15
:1011C0004046DFF76FFE549900293FF4FAAE012044
:1011D0001CF096FA54990029F9D1F2E61EF03AFD76
:1011E000C3B2532B89F80030CCD05499E9E61DF0F6
:1011F000CDFEC2E755A81BF0E9F900235A98549395
:101200001AF0DAFB5B981AF0D7FB5499D9E6012162
:10121000C0B21CF0D5F99EE7DAF8003033932368AA
:101220000A930A9A23680993099B9B1A132BF9D9ED
:10123000D6F88C1032A81AF057FAD6F890101AF097
:1012400047FA00211AF072FA012211460320E0F752
:10125000F3FB6C9B80A803F10B02B7EE000A00EBD6
:101260008303002132A875E6DAF80030239323685F
:101270000893089A23680793079B9B1A132BF9D9A5
:101280000C211D481EF054FD23991A481BF0C0FA8A
:1012900018481BF0C5FAD6F8841022A81AF024FAD0
:1012A000D6F888101AF014FA00211AF03FFA012239
:1012B00011460220E0F7C0FB6C9B80A803F10B02F3
:1012C000B7EE000A00EB8303002122A842E600BF2C
:1012D000A8F004004807FF1FBCF00400D0F0040091
:1012E0005CED04004C07FF1FB40E0500D0EB0400BA
:1012F000008793032808FF1F98F00400DAF80030F5
:10130000139323680693069A23680593059B9B1AFB
:10131000132BF9D90C2154481EF00AFD1399534898
:101320001BF076FA51481BF07BFAF16F12A81AF005
:10133000DBF9D6F880101AF0CBF900211AF0F6F993
:1013400016214B481EF0F4FC0023D6F880104748C5
:101350000A221BF07DFA45481BF062FA0122114671
:101360001046E0F769FB6C9B80A803F10B02B7EE17
:10137000000A00EB8303002112A8EBE50021D8B29C
:101380001CF01EF935E51F213A481EF0D1FC374804
:101390001BF046FA55A800241BF018F95A985494EB
:1013A0001AF00AFB5B981AF007FB334B0125224623
:1013B000214620461D70E0F73FFB22462146284685
:1013C000E0F73AFB224621460220E0F735FB2246B1
:1013D00021460320E0F730FB224621460420E0F7B7
:1013E0002BFB1520F5F742FBD6F80001A0F10A030C
:1013F0001D2B3FF6B0AE2946C0B21CF0E1F8AAE6BC
:101400001E4A1268002A3FF4C1AE02210120904713
:10141000549BBBE622201EF00FFD7EE622201DF02D
:101420005FFD7AE6439BCAF80030012200210420C8
:10143000E0F702FB0CE6239BCAF8003001220021F2
:101440000220E0F7F9FA03E60122139BCAF8003004
:1014500000211046E0F7F0FAFAE522201CF056FCD5
:101460005BE6074FB8E500BF70F004002808FF1FD7
:1014700080F0040020EC04007818FF1F581EFF1FA6
:101480006007FF1F2DE9F04F2DED028BB7B08022D2
:101490008DF8302009220E92784C099442F29F4236
:1014A0000F9241F288340522CDE92442744C754AEA
:1014B000089200230F4608A9CDE90A338DF8483079
:1014C0001F9320938DF8843022932393D4F81C80AB
:1014D000A66901900D91451EE1F7E2FB0E216A48D5
:1014E0001EF026FC694B6A4819681BF091F96848A0
:1014F0001BF096F95FFA88F001211CF061F80121D8
:10150000F0B21CF05DF80D2D0FD8DFE815F0EB01FF
:101510009502D80208030E000E000E000E000E0009
:101520000E003803810345036303CDF800804FF0BC
:10153000000AB0464FF0000B0A9B002B53D0009BD3
:101540000026A3F10A09B9F11D0F40F2AD83A8F1FD
:101550000A031D2B40F2FD83D4F8F800A0F10A0322
:101560001D2B07D8C0B21CF061F8D4F8FC309842AB
:1015700040F043841CF080FC002840F31784454B66
:101580001B68012B00F01984032B00F03384002B1F
:1015900000F02D84404A00231370404A13680493DE
:1015A000049913680393039B5B1A632BF9D90D2DE0
:1015B0000AD8DFE805F05F5C07590909090909093C
:1015C0005F5C0759364B5E6838461FF06FFE5B461E
:1015D00052461FF0D5FE20F083F93146E0F7BAF904
:1015E0000A9B002BAFD12F4B1B78002B00F086837A
:1015F0002D4F05AE2D4930461BF012FB3046DEF76D
:10160000C3FF30461BF064FB396830461BF008FB13
:101610003046DEF7B9FF30461BF05AFB244930460E
:101620001BF0FEFA3046DEF7AFFF30461BF050FBF2
:10163000396830461BF0F4FA3046DEF7A5FF304635
:101640001BF046FB0D2D3BD8DFE815F01501DE0041
:10165000CC00BA003A003A003A003A003A003A00A8
:101660001501DE00CC00BA00124B5E68ACE7124BED
:101670005E68A9E7114B5E68A6E700BF700E050023
:101680007013FF1FB40E0500E8B004005007FF1FE1
:101690002808FF1F6007FF1FB816FF1F0C1FFF1F42
:1016A0001817FF1FCC16FF1F4807FF1FF4F0040098
:1016B00008F104005817FF1F9817FF1FD817FF1FC6
:1016C000BC4DBD4A28681368BC49034430461360CA
:1016D0001BF0A6FA3046DEF757FF30461BF0F8FA4B
:1016E000396830461BF09CFA3046DEF74DFF304635
:1016F0001BF0EEFAB24930461BF092FA3046DEF7A4
:1017000043FF30461BF0E4FA396830461BF088FA94
:101710003046DEF739FF30461BF0DAFAD4F8E03015
:10172000012B00F0B783A74930461BF079FA304609
:10173000DEF72AFF30461BF0CBFAA34930461BF0F8
:101740006FFA3046DEF720FF30461BF0C1FA9F49A2
:1017500030461BF065FA3046DEF716FF30461BF0C8
:10176000B7FA9B4930461BF05BFA3046DEF70CFFB8
:1017700030461BF0ADFA974930461BF051FA30461F
:10178000DEF702FF30461BF0A3FA934930461BF008
:1017900047FA3046DEF7F8FE30461BF099FAD4F8E7
:1017A0000001A0F10A031D2B40F26D838B4B0893BF
:1017B00008A8F5F7CDFF37B0BDEC028BBDE8F08F80
:1017C0008749884B0A685B687A4D1A440A60864AE2
:1017D0002B601360854A0021136004200122E0F78A
:1017E0002BF96EE78249834B0A685B68714D1A4496
:1017F0000A607D4A2B6013607F4A0021136003203A
:101800000122E0F719F95CE77C4930461BF008FA41
:101810003046DEF7B9FE30461BF05AFA784B1B68AB
:10182000012B00F05B83032B00F06C83002B00F096
:101830006583744B5F4D93ED000ADEF75DFE724BDE
:10184000304619681BF0ECF93046DEF79DFE304655
:101850001BF03EFA6D496E4B0A685B682B601A44B8
:101860000A60614A13606B4A002113600220012262
:10187000E0F7E2F825E7614930461BF0D1F9304640
:10188000DEF782FE30461BF023FA5D4B1B68012B0E
:1018900000F03083032B00F02983002B00F022831B
:1018A0005D4B444D93ED000ADEF726FE564B304665
:1018B00019681BF0B5F93046DEF766FE30461BF0BE
:1018C00007FA5649564B0A685B682B601A440A604F
:1018D000454A1360534A1360012200211046E0F785
:1018E000ABF8EEE60122504EE369D4F8188000937D
:1018F00010461146E0F7A0F8D6ED0D6AD4ED057A52
:10190000E2682369DFF8189186EEA77A02FB03F3F9
:10191000464A06211160052207EE903AF8EE677AF2
:10192000434B67EE877A1A6017EE900A1FF0D0FCDF
:10193000F36872689FED3F7A96ED028A02FB03F32B
:1019400007EE903AF8EE677A8B4667EE877AB8EE44
:10195000488AFDEEE77A824617EE901A484619F05B
:10196000C3FEFCEEC87A17EE901A19F0B1FE0646D7
:1019700038461FF09BFC52465B461FF001FD1FF0EE
:10198000AFFF0146304619F0D1FE229B36A803F185
:101990000B0200EB83030021229143F88C9C00EBA7
:1019A0008203B7EE000A43F8B41C08A80121F9F736
:1019B0009FFEC1E54416FF1FF015FF1F30F1040024
:1019C00044F104006CF104005CAD040080F10400FB
:1019D00000B4040098E50400A4E50400B40E05007A
:1019E000F815FF1F5817FF1F1417FF1F4C16FF1F76
:1019F000F415FF1F1817FF1F4816FF1F1CF10400E6
:101A00006007FF1F2416FF1F4C07FF1F0016FF1F54
:101A10009817FF1F5416FF1F2816FF1F0416FF1FDD
:101A2000D817FF1F5816FF1FC011FF1F6407FF1FA5
:101A3000FC06FF1F0AD7233C0122236B00931146AB
:101A40000220D4F82C80DFF7F7FFC949C94AD4F83F
:101A5000CC301520086014211160002B40F0268244
:101A6000C54ED4ED0A7AD6ED0E6A636A226A86EE16
:101A7000A77A02FB03F3DFF8289307EE903AF8EE1B
:101A8000677A67EE877A17EE900A1FF021FCB36938
:101A900032699FEDBA7A96ED058A02FB03F307EEF1
:101AA000903AF8EE677AB8EE488A67EE877A82460F
:101AB0008B46FDEEE77A484617EE901A4FE7012273
:101AC000236D009311460320D4F84C80AA4EDFF713
:101AD000B3FFA749A74A636B96ED0F0A1020086071
:101AE00017211160002B6CD1E0F758FB10EE100AA3
:101AF0001FF0EEFB82468B46736AF2699FED9F7A78
:101B000096ED088ADFF89C9202FB03F307EE903A09
:101B1000F8EE677AB8EE488A67EE877AC9E701225D
:101B2000236F009311460420D4F86C80924EDFF7A7
:101B300083FF8F498F4A636D96ED100A122008606B
:101B400013211160002B5AD0E0F7A0FC10EE100A10
:101B50001FF0BEFB82468B46336BB26A9FED877ADD
:101B600096ED0B8ADFF8409202FB03F307EE903A02
:101B7000F8EE677AB8EE488A67EE877A99E701222D
:101B80007D4EE369D4F81880009310461146DFF7C4
:101B900053FFD6ED116AB1E60122236D0093114681
:101BA0000320D4F84C80744EDFF746FF7049714A29
:101BB000636B96ED130A1020086017211160002B4B
:101BC00092D0E0F71FFC10EE100A1FF081FB824656
:101BD0008B4691E70122236F009311460420D4F82D
:101BE0006C80654EDFF728FF6149624A636D96EDB0
:101BF000140A1220086013211160002BA4D1E0F711
:101C000067FB10EE100A1FF063FB82468B46A3E7CA
:101C10000122236B009311460220D4F82C80DFF7B9
:101C20000BFF5349534AD4F8CC30152008601421D7
:101C30001160002B40F046814F4ED4ED0A7AD6ED6C
:101C4000126A636A226A86EEA77A02FB03F3DFF860
:101C5000509107EE903AF8EE677A67EE877A17EEC2
:101C6000900A1FF035FB3269B369DFED447AD6ED97
:101C7000058A02FB03F308EE103AB8EE488A012207
:101C800028EE278A82468B4602201146DFF7D4FED3
:101C9000FDEEC87AF8EE688A17EE901A484619F0F9
:101CA00023FDFCEEE87A5EE69DF800001BF0BEFC2A
:101CB000D4F8FC3098423FF44AAC002F7FF747AC91
:101CC0002F4826211EF034F82E481AF0A9FD0BA843
:101CD0001AF07CFC002310980A9319F06DFE1198FD
:101CE00019F06AFE284B0122394604201A70F5F7D4
:101CF000F3FB264B1B78002B7FF47AAC05AE24490E
:101D0000244F30461AF08CFF3046DEF73DFC30465B
:101D10001AF0DEFF396830461AF082FF3046DEF7EF
:101D200033FC30461AF0D4FF1B4930461AF078FFD6
:101D30003046DEF729FC30461AF0CAFF39683046D3
:101D40001AF06EFF3046DEF71FFC30461AF0C0FF77
:101D500050E45FFA88F01BF069FCD4F8FC3098423C
:101D60003FF4FAAB002FBFF6F7AB0C482621A9E7EA
:101D70006407FF1FFC06FF1FC011FF1F0AD7233C8B
:101D8000E0E704002808FF1F7818FF1FCC16FF1F8C
:101D9000BCF004004807FF1FA8F0040008E8040096
:101DA0009817FF1F1817FF1F5817FF1F1DF0DAF8AD
:101DB000564B1B68012B7FF4E7AB1CF071F8C3B2E4
:101DC000534A532B13707FF4E8AB0A9B53B108A816
:101DD000DFF768F80A9B2BB101201BF091FC0A9BEE
:101DE000002BF9D14B4A01231370FFF7D6BB1DF02E
:101DF00031FFE4E71DF0CAF8E1E71F2146481DF076
:101E000097FF46481AF00CFD0BA800251AF0DEFBE0
:101E100010980A9519F0D0FD119819F0CDFD3D4BA1
:101E200001262A46294628461E70DFF705FE2A4667
:101E300029463046DFF700FE2A4629460220DFF712
:101E4000FBFD2A4629460320DFF7F6FD0420F4F7C0
:101E50000DFED4F80001A0F10A031D2B3FF6A6AC3D
:101E60003146C0B21BF0ACFB2D480E211DF060FFC7
:101E70002A481AF0D5FC019928481AF0C9FC2748CD
:101E80001AF0CEFC92E4C0B201211BF099FB254868
:101E90000F21EBE7244930461AF0C2FE3046DEF748
:101EA00073FB30461AF014FF20496FE4204ED4ED46
:101EB000367AD6ED0E6AD4F8D430D4F8D02086EE37
:101EC000A77AD6E51A4ED4ED367AD6ED126AD4F852
:101ED000D430D4F8D02086EEA77AB6E622201BF0C4
:101EE00015FFA6E422201DF0A7FFD9E422201CF054
:101EF000F7FFD5E422201BF009FFD1E422201DF0DA
:101F00009BFF96E422201CF0EBFF92E46007FF1F8A
:101F1000B816FF1F7818FF1F20EC04002808FF1FC9
:101F2000E4F0040094F1040058F104005CAD0400F6
:101F3000C011FF1F2DE9F04F9D4CD4F80001A0F116
:101F40000A031D2BADF5177D40F22D81DFF8D8B2C5
:101F5000984ADBF800100891002008991070DBF80F
:101F600000300793079B5B1A092BF8D968AD92499B
:101F7000DFF8B892914FDFF8B882DFF8B8A22846B0
:101F80001AF04EFE2846DEF7FFFA28461AF0A0FEA9
:101F90008B4B284619681AF043FE2846DEF7F4FA00
:101FA00028461AF095FE874A874B699280200022C6
:101FB000CDE96A22CDE982228DF8C8217F928092F4
:101FC0008DF8042268938DF8B001092342F29F40F6
:101FD0007E4A7F49126809686D95CDE96E3041F2FD
:101FE00088360520CDE9846018A819F03DFB794BAF
:101FF000794E1A68794B28A8196819F035FB784B87
:102000001A68784B38A8196819F02EFB764BD9F866
:102010000020196848A819F027FB3A68D8F8001082
:1020200058A819F021FB714A71481368714A006879
:102030001168714A1990DAF80000126829903993F2
:102040006E4849910F2159921DF072FE31686C481B
:102050001AF0DEFB6A481AF0E3FB3268013A032A01
:1020600000F2A186DFE802F0633E2202654B66487B
:10207000049309211DF05CFE644A049B02922F2206
:102080001A603822624BC8F8002039223A60039364
:10209000604B01931A68604B042A00F28C86DFE8DB
:1020A00012F0E701E101DA01D301CB00584B554AA8
:1020B0005A480393092104921DF03AFE039B2E22F5
:1020C0001A60049B2F221A60474B36221A6037226F
:1020D000C9F8002038224D4BC8F8002039223A6058
:1020E0000293D5E74749494B494A04914C4802932A
:1020F000092103921DF01CFE029B04992D221A60F7
:10210000039B2E221A60374B2F220A6034221A605A
:10211000334B35221A60344B36221A603722C9F805
:1021200000203822C8F8002039223A60B0E7394B45
:102130003C48019309211DF0FBFD344A354B3648DC
:10214000334902922F4A039104922C211A682F4B93
:1021500001602D2119602E4B05902E211960294B0D
:102160002F2119601D4B322119601A4B3321196040
:102170001C4B342119601A4B352119601A4B36213A
:1021800019603721C9F800103821C8F8001039212A
:102190003960042A00F21686DFE812F0F3054505DF
:1021A000F605FB05EE050021C0B21BF009FACDE6ED
:1021B0007013FF1F3016FF1F2CB104008807FF1F8C
:1021C0004807FF1F700E0500B40E05006807FF1FCB
:1021D0006C07FF1F7007FF1FE00FFF1F7407FF1F33
:1021E0007807FF1F7C07FF1F8407FF1F2018FF1FB2
:1021F0001818FF1F2418FF1F2818FF1FA4F1040040
:102200002808FF1FA007FF1F14EC04009807FF1FFA
:102210009C07FF1F9007FF1F9407FF1F08EC040097
:10222000FCEB0400F0EB04000C1FFF1F8007FF1FF6
:102230008C07FF1F1C18FF1F18680593D4F8941013
:10224000D4F89830042800F2F184DFE810F0EE00B2
:10225000E000DB00D6000500D4F89490D4F8987024
:10226000029AD2F80080039A1068049AD2F800E02B
:10227000B8F1040F08D8DFE808F0AFABA6A103005F
:10228000D4F89490D4F89870042808D8DFE800F0C7
:1022900087837E790300D4F89490D4F89870BEF1C7
:1022A000040F66D8DFE80EF05753674D0300D4F8EB
:1022B0009490D4F89870984618A819F015FA4146E9
:1022C00019F006FA002119F031FA494628A819F048
:1022D0000BFA394619F0FCF9002119F027FA79496F
:1022E00038A819F001FA774919F0F2F9002119F02C
:1022F0001DFA744948A819F0F7F9724919F0E8F97C
:10230000002119F013FA6F4958A819F0EDF96D4939
:1023100019F0DEF9002119F009FA6B4B6B491A68C4
:10232000D1F89010002A40F3B680019B1A68013A58
:10233000032A00F2B080DFE812F05D026202580268
:10234000AB00D4F88C90D4F890709846B4E7E16F65
:10235000D4F88080B0E7DBF8002012921298D4F80D
:102360007490A76FDBF800201192119A121A0E2AAE
:10237000F8D99846A0E7D4F88490D4F888709846A5
:102380009AE7D4F88C90D4F8907088E7D4F88490C9
:10239000D4F8887083E7E16FD4F880307FE7DBF80A
:1023A000002010921098D4F87490A76FDBF80020EA
:1023B0000F920F9A121A0E2AF8D970E7D4F88C905F
:1023C000D4F8907060E7D4F88490D4F888705BE714
:1023D000E16FD4F8803057E7DBF800200E92DDF88B
:1023E00038C0D4F87490A76FDBF800200D920D9AD6
:1023F000A2EB0C020E2AF7D946E7D4F88C90D4F859
:1024000090702DE7D4F88490D4F8887028E7029A69
:102410002C4FD2F80080039AE16F1068049AD4F828
:102420008030D2F800E0B94622E7DBF800200C92B9
:102430000C98D4F87490A76FDBF800200B920B9ADD
:10244000121A0E2AF8D90BE718680593D4F88C10E5
:10245000D4F89030F6E618680593D4F88410D4F8D0
:102460008830EFE618680593E16FD4F88030E9E62C
:1024700018680593DBF800200A920A9F616FA36F2A
:10248000DBF800200992099AD21B0E2AF8D9D9E666
:102490000E4A04219164DAF80020002A03DD0B4A79
:1024A0000421C2F8881032680849013AD1F8D010E6
:1024B000042A4CD8DFE812F04E0129016B01F2002A
:1024C0000C0000BFA08601001818FF1F00F00F408D
:1024D000019B012218681146DFF7AEFA059B012225
:1024E00018681146DFF7A8FA029B01221868114606
:1024F000DFF7A2FA039B012218681146DFF79CFA66
:10250000049B012218681146DFF796FA829A96AB6F
:1025100003EB820702F10F0103EB810118AB47F8CF
:102520008C3C28AB47F8883C38AB47F8843C48AB38
:10253000002047F8803C58AB47F87C3CB7EE000AD7
:1025400041F8B40C829005212846F9F7D1F86A9A2F
:10255000002A00F00E84B14FDFF8E092DFF8E0A22D
:10256000D4F8F800A0F10A031D2B07D8C0B21BF065
:102570005DF8D4F8FC30984240F0AB811BF07CFC55
:10258000002840F341813B68012BB84600F04381AD
:10259000032B00F05B81002B00F08881002389F879
:1025A00000306A99DBF800301493149ADBF800309D
:1025B0001393139B9B1A092BF8D90029D0D1984B60
:1025C0001B68012B00F0D081DFF8789215AF954998
:1025D00038461AF025FB3846DDF7D6FF38461AF0A4
:1025E00077FBD8F80030012B00F0D182032B00F0EC
:1025F0000583002B00F0FE828B4BDFF84CA293ED9D
:10260000000AB8EEC00ADDF777FFDAF800103846A6
:102610001AF006FB3846DDF7B7FF38461AF058FBCC
:10262000824938461AF0FCFA3846DDF7ADFF3846E5
:102630001AF04EFBD8F80030012B00F0EB82032B90
:1026400000F0E482002B00F0DD82794B93ED000A6C
:10265000B8EEC00ADDF750FFDAF8001038461AF07D
:10266000DFFA3846DDF790FF38461AF031FBD9F82B
:102670007420012A00F0D282D4F8000100233360D4
:10268000A0F10A031D2B40F26A816A4B6893284629
:10269000F5F75EF80DF5177DBDE8F08F019B01227F
:1026A00018681146DFF7C8F9059B01221868114622
:1026B000DFF7C2F9029B012218681146DFF7BCF967
:1026C000039B012218681146DFF7B6F9829A96AB90
:1026D00003EB820702F10E0103EB810118AB47F80F
:1026E0008C3C28AB47F8883C38AB47F8843C00204A
:1026F00048AB47F8803CB7EE000A41F8B40C829032
:1027000004212846F8F7F4FF21E7019B012218680D
:102710001146DFF791F9059B012218681146DFF792
:102720008BF9829A96AB03EB820702F10C0103EB63
:10273000810118AB47F88C3C002028AB47F8883C57
:10274000B7EE000A41F8B40C829002212846F8F74F
:10275000CFFFFCE6019B012218681146DFF76CF9F8
:10276000829A96AB02F10B0103EB820218AB42F89E
:102770008C3C96AB03EB8102002042F8B40CB7EE20
:10278000000A829001212846F8F7B2FFDFE6019B9C
:10279000012218681146DFF74FF9059B01221868DE
:1027A0001146DFF749F9029B012218681146DFF74D
:1027B00043F9829A96AB03EB820702F10D0103EB1A
:1027C000810118AB47F88C3C28AB47F8883C0020C7
:1027D00038AB47F8843CB7EE000A41F8B40C82905D
:1027E00003212846F8F784FFB1E6134A0421C2F812
:1027F000881050E6104A8021C2F8C8104BE60E4AF5
:102800002021C2F8C81046E61CF0ACFB3B68012B47
:10281000B8467FF4BDAE1BF043FB19E06007FF1F15
:102820005007FF1F4CED04005016FF1F5CED040025
:102830004416FF1FB40E050000F00F40B816FF1F2E
:102840001C16FF1F3411FF1F4C07FF1F1CF09EFBBF
:10285000C3B2532B89F800307FF4A3AE6A9B002BE0
:1028600074D00E21CC481A68CC4BB3FBF2F3CAF8F3
:1028700000301DF05DFADAF80010C94819F0C8FF01
:10288000C74819F0CDFFDAF80030F92B11DC6BA83E
:1028900019F09CFE002370986A9319F08DF87198D6
:1028A00019F08AF86A99002333607BE61DF0D2F9AB
:1028B000CEE76A990029F6D02846DEF7F3FA6A993E
:1028C0000029F0D001201AF01BFF6A990029F9D1E4
:1028D000E9E71F21B3481DF02BFAB14819F0A0FF1A
:1028E0006BA8002619F072FE70986A9619F064F8C9
:1028F000719819F061F8AC4B0127324631463046E9
:102900001F70DFF799F8324631463846DFF794F802
:10291000324631460220DFF78FF832463146032037
:10292000DFF78AF8324631460420DFF785F81520B4
:10293000F4F79CF8D4F80001A0F10A031D2B3FF630
:10294000A4AE3946C0B21AF03BFE9EE6974A126822
:10295000002A86D00221012090476A9B81E701214D
:10296000C0B21AF02DFE90E6914B1B68022B15AFFA
:1029700000F3B580002B00F37481DFF874928D486A
:1029800013211DF0D5F9D9F85810854819F040FFEA
:10299000834819F045FFD4F8E030012B00F0528154
:1029A000122185481DF0C4F9019B7D48196819F072
:1029B0002FFF7B4819F034FF019B1968002900F0B4
:1029C00091814B1E032B44D8012208460021DFF7DA
:1029D00033F87A4938461AF023F93846DDF7D4FD42
:1029E00038461AF075F9764938461AF019F938461A
:1029F000DDF7CAFD38461AF06BF9724938461AF00D
:102A00000FF93846DDF7C0FD38461AF061F96E4916
:102A100038461AF005F93846DDF7B6FD38461AF0A3
:102A200057F96A4938461AF0FBF83846DDF7ACFD2D
:102A300038461AF04DF9664938461AF0F1F838462A
:102A4000DDF7A2FD38461AF043F962480F211DF068
:102A50006FF9059B186803287FF4B9AD01220021A6
:102A6000DEF7EAFF5C4938461AF0DAF83846DDF757
:102A70008BFD38461AF02CF9514938461AF0D0F837
:102A80003846DDF781FD38461AF022F953493846B9
:102A90001AF0C6F83846DDF777FD38461AF018F90F
:102AA000494938461AF0BCF83846DDF76DFD38461E
:102AB0001AF00EF9454938461AF0B2F83846DDF7F3
:102AC00063FD38461AF004F9414938461AF0A8F86F
:102AD0003846DDF759FD38461AF0FAF877E5032B4A
:102AE0007FF44BAF3E4938461AF09AF83846DDF786
:102AF0004BFD38461AF0ECF83A4B384619681AF094
:102B00008FF83846DDF740FD38461AF0E1F83449D1
:102B100038461AF085F83846DDF736FD38461AF0A3
:102B2000D7F8304B384619681AF07AF83846DDF78E
:102B30002BFD38461AF0CCF82B4938461AF070F8BD
:102B40003846DDF721FD38461AF0C2F8254B3846E5
:102B500019681AF065F83846DDF716FD38461AF0A0
:102B6000B7F8224938461AF05BF83846DDF70CFD15
:102B700038461AF0ADF81B4B384619681AF050F871
:102B80003846DDF701FD38461AF0A2F8F5E62220B6
:102B90001BF0BCF830E500BFD0EB040000879303C6
:102BA0002808FF1F20EC04007818FF1F581EFF1F85
:102BB000F816FF1FC8F10400DCF1040080EA0400ED
:102BC0005CAD040094EA040000B4040098E504003D
:102BD000A4E50400F0F10400D4E50400E8E50400F5
:102BE000B8E104004807FF1FB4F104003CE2040010
:102BF0003411FF1F22201DF01FF9FDE422201CF0DC
:102C00006FF9F9E422201DF017F91EE522201CF0CF
:102C100067F91AE522201BF079F816E50021032058
:102C2000DEF70AFF28E5E16FD4F88030029A694F99
:102C3000D2F800800398049A0068D2F800E0B94600
:102C4000FFF716BB162164481DF072F8D4F8E010A7
:102C5000624800230A2219F0FBFD604819F0E0FDEC
:102C6000B5E45F49384619F0DBFF3846DDF78CFCE8
:102C700038461AF02DF85B4B3846196819F0D0FF2A
:102C80003846DDF781FC38461AF022F854493846B8
:102C900019F0C6FF3846DDF777FC38461AF018F809
:102CA000504B3846196819F0BBFF3846DDF76CFC0D
:102CB00038461AF00DF84C49384619F0B1FF38463D
:102CC000DDF762FC38461AF003F8464B38461968BF
:102CD00019F0A6FF3846DDF757FC384619F0F8FF23
:102CE00042493FE7012208460191DEF7A5FED9F8E7
:102CF00074200199012A51D03D49384619F090FFBE
:102D00003846DDF741FC384619F0E2FF39493846CC
:102D100019F086FF3846DDF737FC384619F0D8FF42
:102D20003549384619F07CFF3846DDF72DFC38462A
:102D300019F0CEFF3149384619F072FF3846DDF7F9
:102D400023FC384619F0C4FF2D49384619F068FFB6
:102D50003846DDF719FC384619F0BAFF29493846DC
:102D600019F05EFF3846DDF70FFC384619F0B0FF6A
:102D70006FE6DFF8A08022E4D4F89410D4F89830FD
:102D800054E72C20FFF776BBD4F88410D4F88830B1
:102D90004CE7D4F88C10D4F8903047E7029B1868C1
:102DA000DEF74AFEA8E7184B0293184B0393184B23
:102DB0000493FFF76DB91A460593064B1068194640
:102DC000FFF740BA034F3B46B94639469846FFF7EE
:102DD00073BA00BFA086010028F204002808FF1F74
:102DE00094E204004807FF1FB4F1040068E2040005
:102DF00000F204005CAD040014F2040000B404000E
:102E000098E50400A4E504009807FF1F9C07FF1F36
:102E1000A007FF1F6007FF1F3A4B1B68022B70B40F
:102E200006D0032B33D0012B1FD070BCFFF782B824
:102E3000354836490360364809680360354B364CDF
:102E40001960364B2668364D364C1E603648374979
:102E5000374A03232B6023601024172304600B6080
:102E600070BC00231360FFF765B83149264C274A30
:102E70002360002008602A482549264B1268032455
:102E800004600220086070BC1A60FFF753B8294B39
:102E90009B6D013B032B0CD8DFE803F0291F0215C3
:102EA000234A1F491A4B032410201460172208607C
:102EB0001A60214A1449174B12680120086070BC3F
:102EC0001A60FFF737B81A4A1549114B042412202B
:102ED0001460132208601A60EBE7154A10490C4B86
:102EE000022415201460142208601A60E1E7104AD9
:102EF0000B49074B012406201460052208601A6064
:102F0000D7E700BFF816FF1FE00FFF1F1017FF1FC6
:102F10006807FF1F1818FF1FD416FF1F1C18FF1F7C
:102F20006C07FF1F9407FF1F7407FF1F7007FF1F29
:102F30009007FF1F3411FF1FD80FFF1F2DE9F04F1F
:102F40002DED048BB9B08346DFF7AAFE4A4B0B93F5
:102F500080238DF838300923484E109342F29F4366
:102F60000024DFF83CA1119341F2883105230AAA1D
:102F7000434F0F92CDE926133046424B0A93214628
:102F8000CDE90C448DF85040219422948DF88C406A
:102F90002494259418F09CFB2146504618F098FB89
:102FA0002146384618F094FB2146304618F09CFB29
:102FB0002146504618F098FB2146384618F094FBFD
:102FC000214630467460CAF804407C6018F0AEFBBD
:102FD0002146504618F0AAFB2146384618F0A6FBB9
:102FE000294B2A4D1C602A4B2C682A4A1C6001235D
:102FF00013606B68032C03F1FF332CD0042C1AD020
:103000004CB1042B00F26485DFE813F020022302A8
:10301000260229024C002049204A03200860022190
:103020001160042B00F2A882DFE813F010021302F3
:10303000160219023C001849184A12200860132190
:103040001160042B00F21A83DFE813F00002030280
:10305000060209022C001049104A102008601721AE
:103060001160042B00F2A683DFE813F0F001F301F6
:10307000F601F9011C0000BF700E05001817FF1FB4
:103080003418FF1FB40E0500F415FF1F0011FF1FB9
:103090009007FF1FE00FFF1F6C07FF1F6807FF1F50
:1030A0005817FF1FDFF86083D8F80C001EF010F9E6
:1030B000D8F8003089468046032C00F08083042C29
:1030C00000F0E182002C00F05C824FF0000BBA4C63
:1030D00008EE10BA09EE10BA0C9B002B47D0DFF8AF
:1030E0002C83DFF82C93D8F800300493049AD8F896
:1030F00000300393039B9B1A632BF8D9D4F8F80094
:10310000A0F10A031D2B07D8C0B21AF08FFAD4F829
:10311000FC30984240F0F3811AF0AEFE002840F3F4
:10312000A181D9F80030012B00F0A381032B00F01E
:10313000E381002B00F0B281A04A002313702B68BA
:10314000032B00F0A581042B00F09C81002B00F0E4
:103150009381D8F800300693069AD8F8003005938A
:10316000059B9B1A092BF8D90C9B002BBBD108217E
:103170009348DFF8A0821CF0DBFD924819F050FB69
:10318000914907A819F04CFD07A8DDF7FDF907A83C
:1031900019F09EFDD8F8001007A819F041FD07A806
:1031A000DDF7F2F907A819F093FD884907A819F08F
:1031B00037FD07A8DDF7E8F907A819F089FDD8F869
:1031C000001007A819F02CFD07A8DDF7DDF907A806
:1031D00019F07EFD7E4907A819F022FD07A8DDF74A
:1031E000D3F907A819F074FDD8F8001007A819F052
:1031F00017FD07A8DDF7C8F907A819F069FD75499B
:1032000007A819F00DFD07A8DDF7BEF907A819F00A
:103210005FFDD8F8001007A819F002FD07A8DDF738
:10322000B3F907A819F054FD6B4907A819F0F8FC89
:1032300007A8DDF7A9F907A819F04AFDD8F800108A
:1032400007A819F0EDFC07A8DDF79EF907A819F00B
:103250003FFD624907A819F0E3FC07A8DDF794F9E0
:1032600007A819F035FDD8F8001007A819F0D8FC08
:1032700007A8DDF789F907A819F02AFD584907A81A
:1032800019F0CEFC07A8DDF77FF907A819F020FD9B
:10329000D8F8001007A819F0C3FC07A8DDF774F9E7
:1032A00007A819F015FD4F4907A819F0B9FC07A8A0
:1032B000DDF76AF907A819F00BFDD8F8001007A888
:1032C00019F0AEFC07A8DDF75FF907A819F000FDBB
:1032D000454A7868136879680B441360434B0021B2
:1032E000186001220846DEF7A7FB414872680368B0
:1032F00071680B4403603F4B00211A6003200122D8
:10330000DEF79AFB3C4ADAF804101368DAF8040096
:1033100003441360394B0122196004200021DEF7B9
:103320008BFB374B1B68022B00F0B1822B68032B01
:1033300000F00D83042B00F02983002B00F0FE82A7
:10334000D4F8E020002A00F0F4822E4907A819F0F2
:1033500067FC07A8DDF718F907A819F0B9FCD8F839
:10336000001007A819F05CFC07A8DDF70DF907A805
:1033700019F0AEFC174907A819F052FC07A8DDF7B1
:1033800003F907A819F0A4FCD8F8001007A819F051
:1033900047FC07A8DDF7F8F807A819F099FC0C49D5
:1033A00007A819F03DFC07A8DDF7EEF807A819F00B
:1033B0008FFCD8F800102FE07013FF1FB816FF1F06
:1033C000B8F204002808FF1FC4F20400D8F2040079
:1033D000ECF2040000F3040014F3040028F30400EA
:1033E00030F1040044F10400FC15FF1F5016FF1FCC
:1033F000F415FF1F4816FF1FF815FF1F4C16FF1F7F
:10340000E00FFF1F94F30400F010FF1F0C1FFF1FBD
:103410006007FF1F4807FF1F07A819F001FC07A856
:10342000DDF7B2F807A819F053FCD4F80001A0F1B9
:103430000A031D2B40F27882CC4B0A930AA8F4F7BA
:1034400087F939B0BDEC048BBDE8F08FDFF8548309
:103450002AE6DFF8548327E6DFF8508324E6DFF816
:10346000508321E61BF07EFDD9F80030012B7FF45C
:103470005DAE1AF015FD13E0796819EE100ADEF75B
:1034800069FA66E6DAF804105846DEF763FA60E691
:10349000716818EE100ADEF75DFA5AE61CF0DAFBE6
:1034A000C3B2B34A532B13707FF449AE0E21B14817
:1034B0001CF03EFCAE4AB048117800230A2219F0F5
:1034C000C7F9AD4819F0ACF90C9B53B10AA8DDF768
:1034D000E9FC0C9B2BB101201AF012F90C9B002B7C
:1034E000F9D13921A5481CF023FCA34819F098F91B
:1034F000A34B01221A7022E61BF048FDD0E72021E1
:10350000A0481CF015FC9C4819F08AF90DA800256C
:1035100019F05CF812980C9518F04EFA139818F000
:103520004BFA974B01262A46294628461E70DEF79D
:1035300083FA2A4629463046DEF77EFA2A4629468D
:103540000220DEF779FA2A4629460320DEF774FACC
:103550002A4629460420DEF76FFA0320F3F786FA9D
:10356000D4F80001A0F10A031D2B3FF665AF3146E8
:10357000C0B21AF025F85FE700234FF000084FF0C3
:1035800000090122114600200193DEF755FAD5ED1E
:10359000057A9FED7D7A7D4C7D4822686168D4ED87
:1035A000026AF8EE677A01FB02F367EE877A95ED1F
:1035B000027AB8EE477A08EE103A67EE877AB8EEEC
:1035C000488AFCEEE77A28EE268A17EE901A18F061
:1035D0008BF8296A6E4818F07BF8019B012B00F0EC
:1035E0003E82FDEEC87A17EE900A1DF05FFE42465D
:1035F0004B461DF0EFFF8046584689461DF056FEAB
:1036000002460B46404649461DF0BAFE1EF068F9D8
:1036100009EE100A5E4819EE101A18F087F8152105
:103620005C481CF085FB19EE101A534819F0F0F8AD
:10363000514819F0F5F81D2157481CF079FB4E4808
:1036400019F0EEF82A6B012A00F0A481249B38A817
:1036500003F10B0100EB8303002243F88C7C00EBA9
:1036600081039346B7EE000A43F8B42C01210AA85F
:10367000249208EE10BAF8F73BF82DE500234FF03E
:1036800000084FF00009414C01930122114604202B
:10369000DEF7D2F9E16DA26D94ED180A01FB02F29A
:1036A00007EE902AF8EE677A27EE800A1CF04EFEAD
:1036B000D5ED077A9FED347A3848F8EE677ABDEE9B
:1036C000C08A67EE877A95ED047AB8EE477A67EE9E
:1036D000877AFCEEE77A17EE901A18F005F8A96AD7
:1036E0002E4817F0F5FF019B012B18EE100A00F091
:1036F000C9811DF0DBFD42464B461DF06BFF804645
:10370000584689461DF0D2FD02460B4640464946C2
:103710001DF036FE1EF0E4F8834659461F4818F0A7
:1037200005F811211E481CF003FB5946124819F0F8
:103730006FF8114819F074F8249B38A803F10B01B5
:1037400000EB8303002243F88CAC00EB810390462E
:10375000B7EE000A43F8B42C01210AA808EE102A9B
:10376000249209EE108AF7F7C3FFB5E4B40E050002
:10377000B816FF1F6CF204002808FF1F7CF204003B
:103780007818FF1F4CE504000AD7233C7013FF1F75
:103790003418FF1F40F2040098F204005817FF1F6E
:1037A00058F20400B010FF1FC010FF1FD010FF1F01
:1037B000E010FF1F00234FF000084FF00009C84C35
:1037C0000193012211460320DEF736F9E16BA26B6B
:1037D00094ED100A01FB02F207EE902AF8EE677AE8
:1037E00027EE800A1CF0B2FDD5ED067A9FEDBD7A7A
:1037F000BD48F8EE677ABDEEC08A67EE877A95ED30
:10380000037AB8EE477A67EE877AFCEEE77A17EE2E
:10381000901A17F069FF696AB34817F059FF019BC6
:10382000012B18EE100A00F040811DF03FFD4246CA
:103830004B461DF0CFFE8046584689461DF036FDAA
:1038400002460B46404649461DF09AFD1EF048F8D8
:1038500008EE100AA44818EE101A17F067FF249B10
:1038600038A803F10B0100EB8303002243F88C6CB2
:1038700000EB81039346B7EE000A43F8B42C012114
:103880000AA8249209EE10BAF7F732FF24E47A6806
:103890009649736852420A60954A5B421360D4F8B5
:1038A000E030002B7FF451AD2B68002B41D19149C2
:1038B00007A819F0B5F907A8DCF766FE07A819F004
:1038C00007FA8D4907A819F0ABF907A8DCF75CFEE9
:1038D00007A819F0FDF9894907A819F0A1F907A867
:1038E000DCF752FE07A819F0F3F9854907A819F08B
:1038F00097F907A8DCF748FE07A819F0E9F981490C
:1039000007A819F08DF907A8DCF73EFE07A819F003
:10391000DFF97D4907A819F083F907A8DCF734FE21
:1039200007A819F0D5F910E50121C0B219F048FE39
:1039300082E5033B012B3FF608AD11E07B686B4A43
:103940005B421360D4F8E030002BB0D0FDE4736824
:103950005B42664A1360D4F8E030002B7FF4F5AC8C
:103960006A4907A819F05CF907A8DCF70DFE07A85B
:1039700019F0AEF9604907A819F052F907A8DCF769
:1039800003FE07A819F0A4F96149A5E7DAF80430A5
:103990005B42DEE7D5ED067ADFED526A95ED0B7AF4
:1039A0005C4BDFF880C1DFF88091F8EE677A27EE94
:1039B000267A67EEA67AD5ED036AF8EE666AB8EE67
:1039C000C98A67EEA67AD3ED006A534B28EE268AA1
:1039D000032028EE078AFCEEE78A4FF0170E1860E6
:1039E0004E4BCCF800E011464FF0100C4FF002089F
:1039F000C3F80080C9F800C04FF0000BDEF71CF8D8
:103A0000BDEEC88A18EE901A3748C6F804B017F011
:103A10006BFE696A344817F05BFE18EE101A3248E4
:103A200017F084FE249BCDF890B003F10C0238A867
:103A300000EB820200EB8300B7EE000A40F88C7CBA
:103A400038A800EB8303414643F8886C0AA842F883
:103A5000B4BCF7F74DFE08EE10BAFFF73DBB304B94
:103A60000022404649461DF0B5FD804618EE100A7A
:103A700089461DF02DFC02460B46404649461DF086
:103A80007FFCB8E51DF012FC02460B464046494655
:103A9000904699460022224B1DF09CFD02460B46A3
:103AA000404649461DF06CFC29E61DF0FFFB02462E
:103AB0000B4640464946904699460022184B1DF059
:103AC00089FD02460B46404649461DF059FCB2E6C8
:103AD00000234FF000084FF00009FFF7EDBA00BFD8
:103AE0007013FF1F0AD7233C1817FF1F1818FF1F5A
:103AF0001C18FF1F3CF304005CAD040054F30400E9
:103B000000B4040098E50400A4E5040068F3040090
:103B100080F304007C18FF1F9407FF1FE00FFF1FB6
:103B2000008076407007FF1F7407FF1F2DE9F041EA
:103B30002DED028BA34AA44B116886B0002402919C
:103B400002991C70054613680193019B5B1A092BAF
:103B5000F9D99E499E4E9F4F03A819F061F803A81A
:103B6000DCF712FD03A819F0B3F8316803A819F0C7
:103B700057F803A8DCF708FD03A819F0A9F80023FB
:103B80003B70DEF7B7FAFF28044608BF0024DFF7D2
:103B900071FC2046DFF73CFD8F4B5B68013B51EC2D
:103BA000100B042B56D8DFE813F0DC00E200E8002D
:103BB000EE0005001DF0DCFE884B08EE100A83EDD8
:103BC000038A8749DFF8488203A819F029F803A877
:103BD000DCF7DAFC03A819F07BF8D8F80030012BE9
:103BE00000F0EB80032B00F0E480002B00F0DD8080
:103BF0007C4CB0EE480ADCF77FFC216803A819F082
:103C00000FF803A8DCF7C0FC03A819F061F87449A9
:103C100003A819F005F803A8DCF7B6FC03A819F00F
:103C200057F8D8F80030012B00F0BB80032B00F0D0
:103C3000B480002B00F0AD80B0EE480ADCF75CFCED
:103C4000216803A818F0ECFF03A8DCF79DFC03A88B
:103C500019F03EF83B783BB9284606B0BDEC028B24
:103C6000BDE8F041FFF76AB95F4903A818F0D8FF33
:103C700003A8DCF789FC03A819F02AF8316803A827
:103C800018F0CEFF03A8DCF77FFC03A819F020F89A
:103C9000564903A818F0C4FF03A8DCF775FC03A875
:103CA00019F016F8316803A818F0BAFF03A8DCF77A
:103CB0006BFC03A819F00CF84D4903A818F0B0FFED
:103CC00003A8DCF761FC03A819F002F8316803A827
:103CD00018F0A6FF03A8DCF757FC03A818F0F8FFBC
:103CE000444903A818F09CFF03A8DCF74DFC03A887
:103CF00018F0EEFF316803A818F092FF03A8DCF774
:103D000043FC03A818F0E4FF3B4903A818F088FF20
:103D100003A8DCF739FC03A818F0DAFF316803A820
:103D200018F07EFF03A8DCF72FFC03A818F0D0FFE3
:103D3000324903A818F074FF03A8DCF725FC03A898
:103D400018F0C6FF316803A818F06AFF03A8DCF773
:103D50001BFC03A818F0BCFF06B0BDEC028BBDE84D
:103D6000F0811DF005FE264B08EE100A27E71DF036
:103D7000FFFD244B08EE100A21E71DF0F9FD224B50
:103D800008EE100A1BE71DF0F3FD204B08EE100AA9
:103D900015E722201CF050F84EE722201BF0A0F877
:103DA0004AE7222019F0B2FF46E722201CF044F82F
:103DB0001EE722201BF094F81AE7222019F0A6FF34
:103DC00016E700BF0C1FFF1F3016FF1F2CB10400A9
:103DD0004807FF1FDD0FFF1F0011FF1FF010FF1F1F
:103DE000A8F304004C07FF1FC4F20400D8F204003B
:103DF000ECF2040000F30400BCF30400D0F3040070
:103E0000B010FF1FC010FF1FD010FF1FE010FF1FDA
:103E10006007FF1FFFFFFFFF2DE9F04F2DED108B17
:103E20001F21ADF5337DC048C04DDFF868831BF01E
:103E30007FFFBF4818F0F4FCDEF732FFBD4ABE49F1
:103E4000D8F81C90D8F818B000235360BB4A5360D0
:103E5000BB4A5360BB4A5360BB4A5360BB4A1360C2
:103E60002B220A60BA49EB6F2C220A60B9492D2235
:103E70000A60B9492E220A60B8492F22002B0A6035
:103E800040F3A685012305930D21B5481BF050FF93
:103E90000121A74818F0BCFCA54818F0C1FC6B6DC7
:103EA00013F001030A9300F0E982A84AAD4C1368AD
:103EB000D8F818A01494013313609F4AD8F81C3026
:103EC0000F9301211160A84A1392D8B20623136000
:103ED0000523236019F074FB01215FFA8AF019F0C1
:103EE0006FFBD5ED186AD8ED057AD8F80C20D8F814
:103EF00010306C6C069486EEA77A02FB03F307EE93
:103F0000903AF8EE677A67EE877A17EE900A1DF01E
:103F1000DFF902460B462046CDE900231DF0C6F925
:103F2000DDE900231DF02CFA6A68AB69DFED8F7ABA
:103F300002FB03F308EE103AB8EEC88AEB6A0B9363
:103F400006460F468A48172128EE278A1BF0F0FE06
:103F5000E96F774818F05CFC754818F061FC059C27
:103F6000002C40F00E83059B0E93FDEEC87A71483D
:103F700017EE901A17F0B8FB0B9917F0A9FB39460A
:103F8000044630461DF0ACFC0146204617F0CEFB3F
:103F9000012211461046DDF74FFD696D11F0020157
:103FA00040F093826548009117F09EFB0099DFED89
:103FB000718A17F08DFB009917F0B8FB00991191E9
:103FC00001220220DDF738FD9FED557B696D6A4ABD
:103FD00018920123694A109311F004011992CDF847
:103FE00008B0CDF800900793B0EE47BAF0EE67BA8C
:103FF00040F056835248039117F076FB03999FEDEA
:104000005D9A17F065FB039917F090FB03991291E5
:1040100001220320DDF710FD9FED417B696D584AB9
:104020001C920123574A169311F008011D92CDF8F6
:1040300010B0CDF80C900993B0EE47CAF0EE67CA05
:1040400000F0D283414A136801331360012B2A6DBB
:104050000893069201F08882089B022B02F083806D
:10406000089B032B01F0D684474948481F91122230
:104070000A60D8F8543038491E9013220260042296
:104080000A60002B42F0EB80D8F85C20D8F858305A
:1040900098ED180A02FB03F307EE903AF8EE677A00
:1040A00027EE800A1CF052F995ED1B6ADFED386AA5
:1040B00086EE267AFDEEC07AF8EEE77A67EE877A2A
:1040C0009DED067AB8EEC77A67EE877A17EE900A0A
:1040D0001DF0FEF86B6A2A69DFED247A059C02FB6D
:1040E00003F309EE903AF8EEE99AAB6B1A9341ECC0
:1040F0001D0B69EEA79A002C02F0AD80D5F8883030
:10410000002B02F37082DB0F1593FDEEE97A0D4868
:1041100017EE901A17F0E8FA1A993DE0AFF3008015
:104120000000000000000000E4F304001412FF1F70
:104130002808FF1FD817FF1F9007FF1F9817FF1FA2
:104140001817FF1F5817FF1F3418FF1FE00FFF1F1E
:104150009407FF1F9807FF1F9C07FF1FA007FF1F63
:1041600004F404006807FF1F6C07FF1F0AD7233CF5
:1041700014F40400000000007407FF1F7007FF1F05
:104180007C07FF1F7807FF1F8407FF1F8007FF1FA3
:104190000000B4437013FF1F17F09AFA069B0893B0
:1041A000044651EC1D0B1DF09BFB0146204617F009
:1041B000BDFA012211460420DDF73EFC6C6D14F0BF
:1041C000100440F035830B9BA1480EEE103A109B73
:1041D0000FEE103A169B21460EEE903A17F084FA35
:1041E000214617F075FA214617F0A0FA0122214660
:1041F0002046DDF721FC974B2193974B20933946BE
:10420000012330461B9317941DF06AFB0FEE900AB2
:1042100051EC1B0B1DF064FB0AEE900A51EC1C0BD9
:104220001DF05EFB0AEE100A51EC1D0B1DF058FB51
:104230009FED857B8DED0C7BBDEEC88AFDEEE88A97
:10424000BDEEC99AFDEEE99A25460B90149B1A68BB
:10425000139B19680023CDE98633CDE99E338DF891
:1042600038329B939C938DF874327C4B85937C4BB6
:10427000849380238DF8203284AB8993092042F205
:104280009F4341F2883CCDE98A03052334A8CDE958
:10429000A0C317F0E9F918EE101A34A817F024FAA1
:1042A0001EEE101A17F014FA1FEE901A17F03EFACD
:1042B000199B1A68189B44A8196817F0D5F918EECD
:1042C000901A44A817F010FA1FEE101A17F000FA0F
:1042D0001AEE901A17F02AFA1D9B1A681C9B54A814
:1042E000196817F0C1F919EE101A54A817F0FCF963
:1042F0001EEE901A17F0ECF91AEE101A17F016FAD3
:104300001E9B1A681F9B64A8196817F0ADF919EE77
:10431000901A64A817F0E8F91A9917F0D9F90B99CF
:1043200017F004FA209B1A68219B74A8196817F0EB
:104330009BF9214674A817F0D7F91B9917F0C8F913
:10434000294617F0F3F9059B002B40F03287012333
:104350000A930E214348444C1BF0EAFC0A99434857
:1043600018F056FA414818F05BFA01230B932368C2
:104370002E932E9A23682D932D9B9B1A022BF9D9ED
:104380002C213B481BF0D4FC0B9D3848294618F0E3
:104390003FFA364818F044FA0F2136481BF0C8FCA3
:1043A0000A99324818F034FA304818F039FA012DD9
:1043B0003BD0394630461DF093FA014634A817F039
:1043C000CFF951EC1B0B1DF08BFA014644A817F0F6
:1043D000C7F951EC1C0B1DF083FA014654A817F0E5
:1043E000BFF951EC1D0B1DF07BFA014664A817F0D4
:1043F000B7F9DDE90C011DF073FA014674A817F056
:10440000AFF90E9B002B40F0D287119B002B40F0A0
:10441000B787129B002B40F09C87159B002B40F028
:104420008187179B002B40F02F87134B1B68013BA4
:10443000042B00F21183DFE813F0C8030104DF034B
:10444000A003E202AFF300800000000000000000C3
:104450003418FF1F8C07FF1F8807FF1F700E050011
:10446000B40E050018F604000C1FFF1F2808FF1FDC
:1044700028F6040058F60400E00FFF1F0A9C454888
:104480009FED458A214617F02FF9214617F020F9B4
:10449000214617F04BF90122214610460E94DDF714
:1044A000CBFA696D3D4A139201233D4A0A9311F0FC
:1044B00002011492DA46CDF83C900B9306934FF02C
:1044C00000064FF000073FF46DAD364AD5ED196A8E
:1044D000136801331360012BAA6C079306926BD00B
:1044E000D8ED0A7AD8F82020D8F824302E4919912E
:1044F00086EEA77A02FB03F32C4A189207EE903A55
:10450000F8EE677A069B67EE877AFDEEE77A17EE9C
:10451000904A03FB04F415231360254A14230B600F
:104520000223136020461CF0C1FEAA68EB69DFED90
:10453000217A02FB03F308EE903AD8F83030D8F82D
:104540002C200093F8EEE88A41EC1B0BD8B2012135
:104550002B6B109368EEA78A029219F031F89DF840
:104560000800012119F02CF8059B002B00F0E987C9
:10457000D5F88030002B01F35E83DB0F119300F040
:10458000E2BFEB6F002B01F33B8341F03B870E93BF
:10459000EBE400BFD817FF1F000000006C07FF1FEF
:1045A0006807FF1FE00FFF1F7007FF1F7407FF1F43
:1045B0009407FF1F0AD7233C98ED0A7AD8F82020E9
:1045C000D8F82430C6EE877A02FB03F3139A09EE7B
:1045D000103AB8EE499A152329EE279ADDED067AAE
:1045E0001360F8EEE77A149A1423136029EE279AE1
:1045F000C74A0223136019EE100A1CF069FEAA686C
:10460000EB69079CDFEDC37AD8F82CA002FB03F31B
:1046100008EE103AD8F830300F93B8EEC88A064644
:104620000F46D8B221462B6B0B9328EE278A18F041
:10463000C7FF21465FFA8AF018F0C2FF059C002CE4
:1046400041F0A781FDEEC87AB348DFEDB48A17EEDA
:10465000901A17F049F80B9917F03AF8FDEEC97A5D
:1046600017EE901A17F062F8AD4B1893AD4B1993F3
:104670009FEDA57B012310930023CDF808B0CDF862
:1046800000901193B0EE47BAF0EE67BA01221146DE
:104690000220DDF7D1F9696D11F004013FF4AAACF5
:1046A000A14A136801331360012BEA6C0993069247
:1046B00000F0B286099B022B01F008849B499C48BC
:1046C0001C9110220A60D8F834309A491D901722A4
:1046D000026003220A60002B41F0BD82D8F83C2022
:1046E000D8F8383098ED100A02FB03F307EE903A41
:1046F000F8EE677A27EE800A1BF028FE95ED1A6A1D
:10470000DFED8D6ACDF810B086EE267AFDEEC07A28
:10471000F8EEE77A67EE877A9DED067AB8EEC77A0B
:1047200067EE877A17EE900A1CF0D2FD41EC1C0B65
:10473000CDF80C90EA682B6ADFED767A7F4802FBB1
:1047400003F309EE103AB8EEC99A6B6B1693162173
:1047500029EE279A1BF0ECFAD5F88410784818F067
:1047600057F8774818F05CF8059C002C01F06F852D
:10477000D5F88430002B01F39285DB0F1293FDEE08
:10478000C97A704817EE901A16F0AEFF169916F017
:104790009FFF069B0993044651EC1C0B1DF0A0F8EB
:1047A0000146204616F0C2FF0C2167481BF0C0FAF4
:1047B000B0EE4C0AF0EE6C0A6148022118F054F891
:1047C0005F4818F02DF8012211460320DDF734F977
:1047D0000E215E481BF0ACFA594818F021F8696DBB
:1047E00011F008017FF42EAC5948089116F07CFFB7
:1047F0000899DFED4A9A16F06BFF089916F096FFBC
:104800000899159101220420DDF716F99FED3E7BF2
:104810006C6D504A1F9201234F4A1A9314F01004F2
:104820001E920893B0EE47DAF0EE67DA3FF4CBACB5
:104830003D4A136801331360012B2A6C069200F085
:104840002F87022B01F0F683032B01F04C81D8F85F
:10485000042098ED020A042BD8F8003002FB03F381
:1048600007EE903AF8EE677A27EE800A01F04C8561
:104870003A4A3B492192032313603A4A209102238A
:104880000B60002313601BF061FDD5ED176A9FEDEF
:104890002A7AC6EE877ABDEEC0AAB8EECAAA2AEE78
:1048A00027AADDED067AF8EEE77A2AEE27AA1AEEB5
:1048B000100A1CF00DFD6B692A68DFED167AAC6AF0
:1048C00002FB03F30AEE903A059BF8EEEAAACDE963
:1048D0000C016AEEA7AA002B01F0F184AB6F002B4C
:1048E00001F39F85DB0F17930B9B1F481B940EEE64
:1048F000103A109BFDEEEA7A0FEE103A169B17EE77
:10490000901A254632E000BF0000000000000000C1
:104910009007FF1F0AD7233C9817FF1F00000000D5
:104920007407FF1F7007FF1FE00FFF1F7C07FF1FAB
:104930007807FF1F9807FF1F0000B443DCF4040052
:104940002808FF1F1817FF1F04F5040014F50400C2
:104950005817FF1F8407FF1F8007FF1F8C07FF1FCB
:104960008807FF1FA007FF1F3418FF1F0EEE903AA5
:1049700017EE904A16F0B8FE294616F0A9FEFDEE95
:10498000CA7A17EE901A17EE905A16F0CFFE3946F3
:1049900030461CF0A5FF0FEE900A51EC1B0B1CF0EB
:1049A0009FFF0AEE900A51EC1C0B1CF099FF0AEED7
:1049B000100A51EC1D0B1CF093FFBDEEC88AFDEEF2
:1049C000E88ABDEEC99AFDEEE99A0B9000F0F5BEBB
:1049D000D5F88030002B3FF755AAD5F88430002B4E
:1049E0003FF750AAD5F88830002B3FF74BAAAB6FA2
:1049F000002BD4BF002301230593FFF745BA9E9BEC
:104A0000B2A803F10F0200EB820200EB830034AD89
:104A100040F88C5CB2A800EB830044AD40F8885CA1
:104A2000B2A800EB830054AD40F8845CB2A800EB60
:104A3000830064AD40F8805CB2A800EB83030021E2
:104A400074A843F87C0C9E9142F8B41CB7EE000A9F
:104A5000052184A8F6F74CFE0921B5481BF068F93A
:104A6000B44817F0DDFE869B002B6DD00F9BA3F1A1
:104A70000A02DBB208EE103A5B460592CB46994635
:104A8000059B1D2B40F2F680AAF10A031D2B40F274
:104A90003D81009B0A3B1D2B40F25A81029B0A3B41
:104AA0001D2B40F28F81039B0A3B1D2B40F29A8104
:104AB000049B0A3B1D2B40F2A581ABF10A031D2B81
:104AC00040F2B081A9F10A031D2B40F2BB81D8F856
:104AD000F800A0F10A031D2B0CD8C0B218F0A6FDF7
:104AE000054698F8F80018F0A1FDD8F8FC30984277
:104AF00041F07E8119F0C0F9002840F3B8818E4B57
:104B00001B68012B00F0BA81032B00F0CB81002B36
:104B100000F0C581894A00231370304639461CF0E5
:104B2000DFFE359D23683093309A23682F932F9BA7
:104B30009B1A092BF9D92946DCF70CFF869B002B21
:104B40009ED14B46D9469B460B9B0A9A01339A420B
:104B50000B93BFF60CACD8F8E030012B00F0C68008
:104B6000774B1B6831AC042B00F2DB81DFE813F0DC
:104B7000FA06E306CC06B5069D019E9BB2A803F19A
:104B80000E0200EB820200EB830034AD40F88C5C37
:104B9000B2A800EB830044AD40F8885CB2A800EBFB
:104BA000830054AD40F8845CB2A800EB830300217D
:104BB00064A843F8800C9E9142F8B41CB7EE000A3A
:104BC000042184A8F6F794FD46E79E9BB2A803F162
:104BD0000B0200EB830334A843F88C0CB2AB03EB5D
:104BE000820300219E9143F8B41CB7EE000A012114
:104BF00084A8F6F77DFD2FE79E9BB2A803F10D0276
:104C000000EB820200EB830034AD40F88C5CB2A86C
:104C100000EB830044AD40F8885CB2A800EB83034E
:104C2000002154A843F8840C9E9142F8B41CB7EEBE
:104C3000000A032184A8F6F75BFD0DE79E9BB2A84E
:104C400003F10C0200EB820200EB830034AD40F86C
:104C50008C5CB2A800EB8303002144A843F8880CC5
:104C60009E9142F8B41CB7EE000A022184A8F6F720
:104C70003FFDF1E618EE100A18F0D8FCD8F8FC3029
:104C800098423FF401AF069B002B7FF7FDAE87A84B
:104C9000002517F09BFC8C98869516F08DFE8D985C
:104CA00016F08AFE274B01242A46294628461C7006
:104CB000DCF7C2FE2A4629462046DCF7BDFE2A461E
:104CC00029460220DCF7B8FE2A4629460320DCF7F5
:104CD000B3FE2A4629460420DCF7AEFE0B20F1F78E
:104CE000C5FED8F8E030012B7FF43AAF1621164804
:104CF0001BF01EF8D8F8E0100E4800230A2217F027
:104D0000A7FD0C4817F08CFD31ACC6E15FFA8AF0C4
:104D100018F08CFCD8F8FC3098423FF4BAAE069BF1
:104D2000002BBFF6B6AE2B2108481BF001F823E09C
:104D300078F604002808FF1F6007FF1FB816FF1F42
:104D40009007FF1F7818FF1F28F2040084F6040064
:104D50009DF8000018F06AFCD8F8FC3098423FF447
:104D60009DAE079B002B7FF799AE734828211AF060
:104D7000DFFF724817F054FD87A8002517F026FCC6
:104D80008C98869516F018FE8D9816F015FE6C4BD3
:104D900001242A46294628461C70DCF74DFE2A4687
:104DA00029462046DCF748FE2A4629460220DCF741
:104DB00043FE2A4629460320DCF73EFE0B20F1F78E
:104DC00055FEC8E69DF8080018F030FCD8F8FC3015
:104DD00098423FF468AE079B002BBFF664AE59487B
:104DE0002821C4E79DF80C0018F020FCD8F8FC300E
:104DF00098423FF45DAE099B002B7FF759AE5248B5
:104E00002821B4E79DF8100018F010FCD8F8FC3009
:104E100098423FF452AE099B002BBFF64EAE4B4872
:104E20002821A4E75FFA8BF018F000FCD8F8FC30DA
:104E300098423FF447AE089B002B7FF743AE4448AF
:104E400028210EE05FFA89F018F0F0FBD8F8FC306A
:104E500098423FF43CAE089B002BBFF638AE3D486D
:104E600028211AF065FF354817F0DAFC0FE71AF031
:104E700079F8394B1B68012B7FF446AE19F010F816
:104E8000C3B2364A532B13707FF447AE869B13B1DF
:104E900084A8DCF707F82A4B01221A705BE61AF0A7
:104EA000D9FEEDE71AF072F8EAE72D49204617F02F
:104EB000B7FE2046DBF768FB204617F009FF2949BB
:104EC000204617F0ADFE2046DBF75EFB204617F0CC
:104ED000FFFE2549204617F0A3FE2046DBF754FBD2
:104EE000204617F0F5FE2149204617F099FE20468E
:104EF000DBF74AFB204617F0EBFE1D49204617F072
:104F00008FFE2046DBF740FB204617F0E1FE1949F3
:104F1000204617F085FE2046DBF736FB204617F0CB
:104F2000D7FE154B1B68042B64D8DFE813F0BF04D1
:104F30006300A80491042700B0F604002808FF1FAE
:104F40007818FF1FDCF6040008F7040034F70400AB
:104F500060F704008CF704006007FF1FB816FF1FFE
:104F6000DCF704005CAD0400F4F7040000B40400B6
:104F700098E50400A4E504009407FF1FCF492046EC
:104F800017F04EFE2046DBF7FFFA204617F0A0FE92
:104F9000CB49204617F044FE2046DBF7F5FA2046C1
:104FA00017F096FEC749204617F03AFE2046DBF779
:104FB000EBFA204617F08CFEC349204617F030FE6E
:104FC0002046DBF7E1FA204617F082FEBF49204673
:104FD00017F026FE2046DBF7D7FA204617F078FEBA
:104FE000BB49204617F01CFE2046DBF7CDFA2046D1
:104FF00017F06EFEB74B1B68032B00F0BB86042B2B
:1050000000F03887002B00F04B87B34B1B68002B58
:1050100000F0EC81042B3BD1A849204617F000FE9C
:105020002046DBF7B1FA204617F052FEA44920468D
:1050300017F0F6FD2046DBF7A7FA204617F048FEEA
:10504000A049204617F0ECFD2046DBF79DFA2046EC
:1050500017F03EFE9C49204617F0E2FD2046DBF7A4
:1050600093FA204617F034FE9849204617F0D8FDF1
:105070002046DBF789FA204617F02AFE944920469D
:1050800017F0CEFD2046DBF77FFA204617F020FE12
:10509000924B1B68002B00F09E83359E904F459DE0
:1050A0005599904B659A1868759B76423E608E4E76
:1050B0006D4235608D4D494229608D498D4D52427A
:1050C0000A608D4A5B42136000210122DCF7B4FCC8
:1050D0008A4B012218680021DCF7AEFC7D4B0122CF
:1050E00018680021DCF7A8FC7B4B0122186800211E
:1050F000DCF7A2FC794B012218680021DCF79CFC4C
:105100007F49204617F08CFD2046DBF73DFA20460C
:1051100017F0DEFD2968204617F082FD2046DBF7F8
:1051200033FA204617F0D4FD7649204617F078FD73
:105130002046DBF729FA204617F0CAFD29682046E9
:1051400017F06EFD2046DBF71FFA204617F0C0FD72
:105150006D49204617F064FD2046DBF715FA20461E
:1051600017F0B6FD2968204617F05AFD2046DBF7F8
:105170000BFA204617F0ACFD644AD8F80001002372
:105180005360634A5360634A5360634A5360634A9F
:105190005360A0F10A031D2B40F28A80604B849378
:1051A00084A8F2F7D5FA0DF5337DBDEC108BBDE880
:1051B000F08F0A981CF07AF804460D4622462B46DA
:1051C000304639461CF006FA224606460F462B4664
:1051D00051EC1B0B1CF0FEF902460B4643EC1A2B5C
:1051E00051EC1C0BB0EE4ABAF0EE6ABA22462B46DE
:1051F0001CF0F0F902460B4643EC192B51EC1D0B49
:10520000B0EE49CAF0EE69CA22462B461CF0E2F91C
:10521000224641EC180B2B46DDE90C01B0EE48DAD2
:10522000F0EE68DA1CF0D6F904460D4630463946F1
:10523000CDE90C451CF054FB34AB0146184616F082
:105240008FFA51EC1A0B1CF04BFB44AB014618468D
:1052500016F086FA51EC190B1CF042FB014654A8DB
:1052600016F07EFA51EC180B1CF03AFB014664A8CC
:1052700016F076FA294620461CF032FB014674A847
:1052800016F06EFAFFF765B8DDE90C1202F1004383
:1052900028912993DDE928011CF022FB9DED287B54
:1052A000014674A88DED0C7B16F05AFAFFF7BDB8D5
:1052B0000121C0B218F084F970E700BFDCE60400F9
:1052C0005CAD0400F4E6040000B4040098E50400BA
:1052D000A4E504009807FF1F9C07FF1FA007FF1FFE
:1052E0001818FF1F9007FF1F1C18FF1F2018FF1F13
:1052F0002418FF1F4807FF1F2818FF1F9407FF1FD0
:105300005CE4040088E404000CF80400D817FF1FD4
:105310009817FF1F1817FF1F5817FF1F3418FF1F7C
:10532000B40E050052EC1D1B02F100438DED26DA90
:105330002793DDE926011CF0D3FA9DED267B01467B
:1053400064A8B0EE47DAF0EE67DA16F009FAFFF774
:1053500068B852EC1C1B02F100438DED24CA259362
:10536000DDE924011CF0BCFA9DED247B014654A824
:10537000B0EE47CAF0EE67CA16F0F2F9FFF74DB883
:1053800052EC1B1B02F100438DED22BA2393DDE9A1
:1053900022011CF0A5FA9DED227B014644A8B0EE47
:1053A00047BAF0EE67BA16F0DBF9FFF732B807F14B
:1053B00000432B932A96DDE92A56314628461CF0F5
:1053C0008FFA014634A816F0CBF90F21A2481AF043
:1053D000AFFC46EC105B0221A04817F045FA9F484D
:1053E00037462E4617F01CFAFFF70FB89C492046A7
:1053F00017F016FC2046DBF7C7F8204617F068FCCC
:105400009849204617F00CFC2046DBF7BDF82046F3
:1054100017F05EFC944914E61399D8F83430102242
:105420000A60149917220A60904903220A60002B2F
:1054300040F06084D8F83C20D8F8383098ED100A55
:1054400002FB03F307EE903AF8EE677A27EE800A44
:105450001AF07CFF95ED1A6ADFED856A86EE267AF2
:10546000FDEEC07AF8EEE77A67EE877A9DED067A70
:10547000B8EEC77A67EE877A17EE900A1BF028FF1E
:105480002B6AEA68DFED7B7A059C02FB03F308EEEA
:10549000103AB8EEC88A6B6B0B9328EE278A064643
:1054A0000F463CB1D5F88430002B01F36A801CBF55
:1054B000059B0E93FDEEC87A6F489FED709A17EE2C
:1054C000901A16F011F90B9916F002F96C4B1C9317
:1054D0006C4B1D9301230446169339460023304636
:1054E0001293CDF810B0CDF80C901CF0F9F90146EC
:1054F000204616F01BF90C2163481AF019FC47EC02
:10550000106B0221554817F0AFF9544817F088F98D
:105510000C215E481AF00CFC18EE100A1BF0D8FEA5
:1055200041EC100B02214D4817F09EF94B4817F043
:1055300077F99FED477BB0EE47CAF0EE67CAFFF7F9
:1055400042B9059B1193FDEEE87A514817EE901A87
:1055500016F0CAF8109916F0BBF8214616F0E6F8D6
:10556000069B0793FFF792B81399D8F8543012228C
:105570000A60149913220A603C4904220A60002B35
:1055800040F09883D8F85C20D8F8583098ED180A85
:1055900002FB03F307EE903AF8EE677A27EE800AF3
:1055A0001AF0D4FE95ED1B6ADFED316A86EE267A9D
:1055B000FDEEC07AF8EEE77A67EE877A9DED067A1F
:1055C000B8EEC77A67EE877A17EE900A1BF080FE76
:1055D0006B6A2A69DFED277A059C02FB03F308EE6C
:1055E000103AB8EEC88AAB6B0B9328EE278A0646B2
:1055F0000F463CB1D5F88830002B00F3D2871CBF92
:10560000059B0E93FDEEC87A2248DFED1C9A17EE3B
:10561000901A16F069F80B9916F05AF81E4B1F9362
:105620001E4B1E9301231A93002304461593304604
:1056300039461CF055F90146204616F077F89FEDE3
:10564000047BB0EE47DAF0EE67DAFEF7B2BD00BFDA
:10565000000000000000000068F604002808FF1F9A
:105660000CE704005CAD040024E704009007FF1F72
:105670000000B4430AD7233C1817FF1F00000000A6
:105680007C07FF1F7807FF1F9CF40400ACF40400A4
:105690009817FF1F5817FF1F8407FF1F8007FF1F62
:1056A000D8F80420D8F8003098ED020A02FB03F382
:1056B000139A07EE903A03231360149AF8EE677A70
:1056C00002231360BE4A002327EE800A13601AF0FB
:1056D0003DFED5ED176A9FEDBB7AC6EE877ABDEE2B
:1056E000C0AAB8EECAAA2AEE27AADDED067AF8EE1D
:1056F000E77A2AEE27AA1AEE100A1BF0E9FD6B6979
:105700002A68DFEDB17AAC6A02FB03F308EE103AC7
:10571000059BB8EEC88A064628EE278A0F46002B5E
:1057200040F04181109BA948BDEEC88A0FEE103AA7
:10573000169B18EE101A0EEE903A15F0D5FF214682
:1057400015F0C6FFFDEECA7A002517EE901AF0EEAE
:1057500067FA15F0EBFF11219D481AF0E9FA47ECC2
:10576000106B02219B4817F07FF89A4817F058F801
:10577000994B2193994B209351EC1B0B01231B93C5
:1057800017951CF0ADF8FDEEE88ABDEEC99AFDEE66
:10579000E99A0AEE900A0EEE104A2C4651EC1C0BC8
:1057A0001CF09EF80AEE100A51EC1D0B1CF098F844
:1057B0009FED817B8DED0C7B0B900122114600202B
:1057C000DCF73AF9112186481AF0B2FA814817F04D
:1057D00027F8FEF73BBD8349204617F021FA204603
:1057E000DAF7D2FE204617F073FA7F49204617F009
:1057F00017FA2046DAF7C8FE204617F069FA7B4907
:10580000204617F00DFA2046DAF7BEFE204617F0C4
:105810005FFA7749204617F003FA2046DAF7B4FE1C
:10582000204617F055FA7349204617F0F9F920463B
:10583000DAF7AAFE204617F04BFA6F49204617F018
:10584000EFF92046DAF7A0FE204617F041FA24E4EB
:105850006A49204617F0E4F92046DAF795FE20461B
:1058600017F036FA6049204617F0DAF92046DAF7E1
:105870008BFE204617F02CFA6149FFF794BB614973
:10588000204617F0CDF92046DAF77EFE204617F0C5
:105890001FFA5549204617F0C3F92046DAF774FE7F
:1058A000204617F015FA5849FFF77DBB4D492046B1
:1058B00017F0B6F92046DAF767FE204617F008FA27
:1058C0004949204617F0ACF92046DAF75DFE20463C
:1058D00017F0FEF94549FFF766BB4849204617F027
:1058E0009FF92046DAF750FE204617F0F1F93E49BD
:1058F000204617F095F92046DAF746FE204617F0C5
:10590000E7F93F49FFF7E6BA3E49204617F088F924
:105910002046DAF739FE204617F0DAF932492046F8
:1059200017F07EF92046DAF72FFE204617F0D0F95F
:105930003549FFF7CFBA3549204617F071F92046AF
:10594000DAF722FE204617F0C3F92749204617F060
:1059500067F92046DAF718FE204617F0B9F92C4906
:10596000FFF7B8BA1F49204617F05AF92046DAF770
:105970000BFE204617F0ACF91B49204617F050F9F2
:105980002046DAF701FE204617F0A2F91749FFF783
:10599000A1BAD5F88030002B00F3E3851CBF059B2E
:1059A0000E93FEF74FBEAB6F002B00F30A861CBFB1
:1059B000059B0E93B6E600BF00000000000000004B
:1059C0009007FF1F0000B4430AD7233C3418FF1F81
:1059D00074F504002808FF1F8C07FF1F8807FF1FAE
:1059E00004F604000CE704005CAD040024E70400A6
:1059F00000B4040098E50400A4E50400ACE604004B
:105A0000C4E604007CE6040094E60400C4F7040045
:105A100064E604001C99D8F8543012220A601D99DB
:105A200013220A60C44904220A60002B40F0128647
:105A3000D8F85C20D8F8583098ED180A02FB03F328
:105A400007EE903AF8EE677A27EE800A1AF07EFCAD
:105A500095ED1B6ADFEDB96A86EE267AFDEEC07A17
:105A6000F8EEE77A67EE877A9DED067AB8EEC77AA8
:105A700067EE877A17EE900A1BF02AFC6B6A2A6998
:105A8000DFEDAF7A059C02FB03F309EE103AB8EEA6
:105A9000C99AAB6B169341EC1C0B29EE279A3CB1CB
:105AA000D5F88830002B00F319861CBF059B129394
:105AB000FDEEC97AA348DFEDA49A17EE901A15F00F
:105AC00013FE169915F004FEA04A1F92A04A1E92DA
:105AD000069A09920123002204461A9351EC1C0BEA
:105AE00015920893A5E51C9A98ED020A1360D8F860
:105AF0000420D8F8003002FB03F307EE903A1D9A19
:105B0000F8EE677A022313608B4A002327EE800A9F
:105B100013601AF01BFCD5ED176A9FED887AC6EE6C
:105B2000877ABDEEC0AAB8EECAAA2AEE27AADDED92
:105B3000067AF8EEE77A2AEE27AA1AEE100A1BF088
:105B4000C7FB6B692A68DFED7E7AAC6A02FB03F360
:105B500009EE103A059BB8EEC99A41EC1C0B29EEF0
:105B6000279A33B1AB6F002B00F395851CBF059BC3
:105B700012930B9B7748BDEEC99A0EEE103A109B1C
:105B800019EE101A0FEE103A15F0AEFD214615F081
:105B90009FFDFDEECA7A002517EE901AB0EE67AAB7
:105BA00015F0C4FD11216C481AF0C2F8B0EE4C0A91
:105BB000F0EE6C0A0221694816F056FE674816F0AE
:105BC0002FFE674B2193674B2093069B0993394621
:105BD000012330461B9317951BF082FE0FEE900AAF
:105BE00051EC1B0B1BF07CFE0EEE904ABDEEC88AFA
:105BF000FDEEE88AFDEEE99A0AEE900A2C46D3E51E
:105C00005B00172158480A931AF092F8E96F53483D
:105C100016F0FEFD514816F003FE0D2153481AF010
:105C200087F80A994D4816F0F3FD4C4816F0F8FD38
:105C30000E94FEF79AB95A000D214D480A921AF0B7
:105C400077F80A99454816F0E3FD444816F0E8FD58
:105C5000059B119377E4D8F85030D8F84C20039383
:105C60001446D8B20121049217F0AAFC0121E0B237
:105C700017F0A6FCD5ED1A6AD8ED117AD8F83820BD
:105C8000D8F83C3086EEA77A02FB03F307EE903A91
:105C9000F8EE677A67EE877A9DED067AB8EEC77AF6
:105CA00067EE877A17EE900A1BF012FB41EC1C0B93
:105CB000FEF740BDD8F87030089CD8F86CA00F9360
:105CC000D8B2214617F07CFC21465FFA8AF017F023
:105CD00077FCD8F85C30D8F85820D8ED197AD5ED93
:105CE0001B6A02FB03F386EEA77A07EE903AF8EE02
:105CF000677A61E4D8F85030099CD8F84CA00F932B
:105D0000D8B2214617F05CFC21465FFA8AF017F002
:105D100057FCD8F83C30D8F83820D8ED117AD5EDBA
:105D20001A6A02FB03F386EEA77A07EE903AF8EEC2
:105D3000677AFFF799BB00BF9807FF1F0000B443C5
:105D40000AD7233C5817FF1F000000008407FF1FDD
:105D50008007FF1F3418FF1FD0F504002808FF1F1D
:105D60008C07FF1F8807FF1F2CF4040044F4040075
:105D70007CF404009A49204616F052FF2046DAF7D8
:105D800003FC204616F0A4FF9649204616F048FF73
:105D90002046DAF7F9FB204616F09AFF9249204692
:105DA00016F03EFF2046DAF7EFFB204616F090FF94
:105DB0008E49204616F034FF2046DAF7E5FB2046F0
:105DC00016F086FF8A49204616F02AFF2046DAF7A9
:105DD000DBFB204616F07CFF8649204616F020FFAC
:105DE0002046DAF7D1FB204616F072FFFFF70DB917
:105DF0000821814819F09CFF2946804816F008FDCB
:105E00007E4816F00DFD87A8002416F0DFFB8C9865
:105E1000869415F0D1FD8D9815F0CEFD784B0125B7
:105E20002246214620461D70DBF706FE224621460B
:105E30002846DBF701FE224621460220DBF7FCFD67
:105E4000224621460320DBF7F7FD224621460420A7
:105E5000DBF7F2FD0B20F0F709FED8F80001A0F106
:105E60000A031D2B3FF69AA92946C0B217F0A8FBDA
:105E7000FFF794B96349204616F0D2FE2046DAF7C0
:105E800083FB204616F024FF5649204616F0C8FE34
:105E90002046DAF779FB204616F01AFF5A497EE7CA
:105EA0005A49204616F0BCFE2046DAF76DFB204624
:105EB00016F00EFF4B49204616F0B2FE2046DAF7E8
:105EC00063FB204616F004FF514968E71899D8F89B
:105ED000343010220A60199917220A604D490322B2
:105EE0000A60002B40F0DF82D8F83C20D8F8383028
:105EF00098ED100A02FB03F307EE903AF8EE677A8A
:105F000027EE800A1AF022FAD5ED1A6A9FED427A3E
:105F1000C6EE877AFDEEC09AF8EEE99A69EEA79A86
:105F2000DDED067AF8EEE77A69EEA79AFDEEE99ADA
:105F300019EE900A1BF0BAF941EC1B0B2B6AEA68C8
:105F4000DFED367A059C02FB03F308EE903AF8EE9B
:105F5000E88A6B6B109368EEA78A3CB1D5F8843061
:105F6000002B00F391821CBF059B1193FDEEE87A94
:105F70002B489FED2C9A17EE901A15F0B5FB10994F
:105F800015F0A6FB19EE901A15F0D0FB0C2126484F
:105F900019F0CEFEB0EE4B0AF0EE6B0A0221174864
:105FA00016F062FC01241548169416F039FC1F4BBC
:105FB0001C939FED097B1E4B1D93069B07930023AB
:105FC000CDF810B0CDF80C9012930994B0EE47CAFA
:105FD000F0EE67CAFEF7F7BB00000000000000000B
:105FE000ACE604005CAD0400C4E6040000B40400A8
:105FF00098E50400A4E50400B8F704002808FF1F92
:106000007818FF1FDCE60400F4E604000CE7040047
:1060100024E704009407FF1F0000B4430AD7233C81
:106020001817FF1F00000000CCF404007C07FF1FBE
:106030007807FF1F199A98ED020A1360D8F8042018
:10604000D8F8003002FB03F307EE903A189AF8EE06
:10605000677A032313609E4A002327EE800A1360A9
:106060001AF074F995ED176ADFED9A6A86EE267AD2
:10607000FDEEC07AF8EEE77A67EE877A9DED067A54
:10608000B8EEC77A67EE877AFDEEE77A17EE900AE8
:10609000F0EE67AA1BF00AF96B692A68DFED8E7AC9
:1060A000AC6A02FB03F30AEE103A059BB8EECAAAEB
:1060B00041EC1B0B2AEE27AA33B1AB6F002B00F388
:1060C000D2811CBF059B11930B9B8448FDEECA8AAD
:1060D0000EEE103A169B18EE901A0EEE903A15F04E
:1060E00003FB214615F0F4FA1AEE901A15F01EFB88
:1060F00011217B4819F01CFEB0EE4B0AF0EE6B0A42
:106100000221784816F0B0FB764816F089FB112181
:10611000754819F00DFE1AEE100A1BF0D9F841EC83
:10612000100B02216F4816F09FFB6E4816F078FBAB
:106130006E4B21936E4B2093069B07930025012302
:10614000304639461B9317951BF0CAFB0FEE104AD9
:10615000BDEEC88ABDEEC99AFDEEE99A0FEE900A2F
:106160002C46FFF71BBB1899D8F8543012220A604E
:10617000199913220A60564904220A60002B40F044
:10618000C281D8F85C20D8F8583098ED180A02FB84
:1061900003F307EE903AF8EE677A27EE800A1AF0DA
:1061A000D5F895ED1B6ADFED4B6A86EE267AFDEE9B
:1061B000C07AF8EEE77A67EE877A9DED067AB8EE58
:1061C000C77A67EE877AFDEEE77A17EE900A17EE48
:1061D000904A1BF06BF841EC1B0B6B6A2A69DFEDF0
:1061E0003E7A02FB03F308EE903AAB6B1093F8EEA5
:1061F000E88A059B68EEA78A3BB1D5F88830002B6A
:1062000000F321811CBF059B1193FDEEE87A39480C
:10621000DFED399A17EE901A15F066FA109915F01D
:1062200057FA214615F082FA344A1F929FED267BD9
:10623000334A1E92069A0792012300221A9315925E
:106240000893B0EE47DAF0EE67DAFDF7B2BF059BD0
:106250001293FEF794BA059B1593FDF756BFD8F835
:106260007090D8F86CB001215FFA89F017F0A8F9A6
:1062700001215FFA8BF017F0A3F9D8F85C30D8F859
:106280005820D8ED197AD5ED1B6A02FB03F386EE90
:10629000A77A07EE903AF8EE677AFDF70FBF5B003A
:1062A0000D2118480A9319F043FD0A990D4816F07C
:1062B000AFFA0C4816F0B4FA1294FEF760BA059BD8
:1062C0001793FEF711BB00BF0000000000000000A4
:1062D0009407FF1F0000B4430AD7233C3418FF1F64
:1062E00098F504002808FF1FACF504008C07FF1F79
:1062F0008807FF1F5817FF1F000000008407FF1FBB
:106300008007FF1FF4F404001F9A032313601E9AF2
:1063100002231360BE4A002313601AF017F8D5ED6C
:10632000176A9FEDBC7AC6EE877ABDEEC0AAB8EEBA
:10633000CAAA2AEE27AADDED067AF8EEE77A2AEE57
:1063400027AA1AEE100A1AF0C3FF6B692A68DFED5C
:10635000B27AAC6A02FB03F309EE903A059BF8EEC1
:10636000E99A41EC1D0B69EEA79A33B1AB6F002B94
:1063700000F3A3811CBF059B15930B9BA7481A94A0
:106380000EEE103A109BFDEEE99A0FEE103A169BB6
:1063900019EE901A0EEE903A15F0A6F9214615F076
:1063A00097F9FDEECA7A002517EE901ACDED0B7A1B
:1063B00015F0BCF99A4B21939A4B2093069B0893B6
:1063C0003946012330461B9317951BF089FA0FEECF
:1063D000900A51EC1B0B1BF083FA0AEE900A51EC69
:1063E0001C0B1BF07DFA9FED887BBDEEC88A8DEDFE
:1063F0000C7BFDEEE88ABDEEC99A0AEE100A2C4627
:10640000FFF7DBB91721884819F092FCE96F87483C
:1064100016F0FEF9854816F003FA059B0E93FDF77A
:10642000A4BD5A0015460E2181480A9219F080FC3D
:1064300029467E4816F0ECF97C4816F0F1F9059BE8
:106440001793FEF751BA5A000D217A480A9219F0B3
:106450006FFC0A99754816F0DBF9744816F0E0F9FC
:10646000059B1193D1E65A0015460E2172480A92F7
:1064700019F05EFC29466D4816F0CAF96B4816F013
:10648000CFF9059B11931FE65B000D216B480A9322
:1064900019F04EFC0A99654816F0BAF9634816F0EF
:1064A000BFF9119462E5D8F85030D8F84C20009329
:1064B0001446D8B20121029217F082F80121E0B20D
:1064C00017F07EF8D5ED1A6A98ED117AD8F83820D1
:1064D000D8F83C30C6EE877A02FB03F309EE903A17
:1064E000F8EE699A69EEA79ADDED067AF8EEE77A9A
:1064F00069EEA79A19EE900A1AF0EAFEFDEEE99A03
:1065000041EC1B0B1AE5D8F87030D8F86C200093DA
:106510001446D8B20121029217F052F8E0B20121DC
:1065200017F04EF8D5ED1B6AD8ED197AD8F8582037
:10653000D8F85C3086EEA77A02FB03F307EE903AB8
:10654000F8EE677A069B67EE877AFDEEE77A17EE3C
:10655000904A03FB04F420461AF0A8FE41EC1B0B02
:106560003BE65B000D2136480A9319F0E1FB0A99DE
:106570002E4816F04DF92D4816F052F90E94FEF7FC
:1065800061B85B000D212F480A9319F0D1FB0A99DD
:10659000264816F03DF9254816F042F90E94FEF70C
:1065A00089BF5B000D2128480A9319F0C1FB0A99A5
:1065B0001E4816F02DF91D4816F032F90E94FFF71B
:1065C00021B85A0015460E2120480A9219F0B0FB56
:1065D0002946164816F01CF9144816F021F9059BB7
:1065E0000E93FFF79FB85B000E2119480A9319F02C
:1065F0009FFB0A990D4816F00BF90C4816F010F99C
:106600001594FDF782BD00BF0000000000000000EF
:106610009C07FF1F0000B4430AD7233C3418FF1F18
:106620008C07FF1F8807FF1F54F404002808FF1F72
:10663000F4F5040034F5040088F50400BCF404000B
:106640006CF404008CF4040024F5040064F50400E8
:1066500054F50400D8F87030D8F86C200393144631
:10666000D8B20121049216F0ABFF0121E0B216F07E
:10667000A7FFD8F85C30D8F85820D8ED197AD5EDB6
:106680001B6A02FB03F386EEA77A07EE903AF8EE58
:10669000677AFFF7E7B95A0015460E2117480A92A4
:1066A00019F046FB2946164816F0B2F8144816F0C1
:1066B000B7F8059B1293FFF75CBA5A0015460E21F6
:1066C00010480A9219F034FB29460D4816F0A0F83C
:1066D0000B4816F0A5F8059B15934EE65B000E21BE
:1066E00009480A9319F024FB0A99054816F090F816
:1066F000034816F095F81294FFF7DAB9C0F50400D4
:106700002808FF1FE4F5040044F504002DE9F04FCC
:106710002DED048B0246CDB00B46B248DFF834B302
:10672000192108EE902A08EE103A19F001FBAE4844
:1067300016F076F8DCF7B4FA1821AC4819F0F8FA3C
:10674000A94816F06DF8DBF8002006920699DBF8F0
:1067500000300593059B5B1A092BF8D9A449DFF893
:10676000F882A44CA44FDFF8F4921EA816F058FA51
:106770001EA8D9F709FF1EA816F0AAFA9F4B1EA85B
:10678000196816F04DFA1EA8D9F7FEFE1EA816F0DD
:106790009FFA9B4BD8F80010A66900221A60994B0B
:1067A0003A601A60984BC9F800201A60974B1A603B
:1067B000974B01391A60E3690193032900F291872D
:1067C000DFE811F052018A01CA010400D8F8242040
:1067D000D8F83C109FEDA37AE66E01FB02F307EEBA
:1067E000903AF8EE677A236F626D019367EE877ACD
:1067F0001221FDEEE77AD8F8283039601321C9F864
:106800000010CDED027A0393002A00F09586012A4C
:1068100040F07C8698ED120ADBF738FEB8EEC88AA5
:1068200028EE008AFDEEC87ACDED007A01221146ED
:106830000420DBF701F99DF80430DFF824A21846A4
:10684000012109EE103A16F0BBFEF3B21846012101
:1068500009EE903A16F0B4FE1EAB239380206D4BE8
:106860001E938DF88800092342F29F4041F2883C34
:10687000CDE92430684A39681F9205200025CDE90A
:106880003AC0D9F800208DF8A0500EA8CDE92055C7
:10689000CDE93855359536958DF8DC5014F0E4FE89
:1068A0005E4B3F681F605E4FD9F800203A60D8F811
:1068B0004420D8ED137A5B49D8F800700D60012AA6
:1068C00008BF9FED597A594D59482F6008BFC7EE50
:1068D000877A5849D8F8042003250560022008600B
:1068E000D8F82C1001FB02F350460022CAF804200D
:1068F00094ED027ADFED5B6A27EE878AD4ED007AA9
:10690000F8EE677AB8EEE87A28EE278A07EE903A32
:10691000F8EE677A67EEA67AD4ED016AF8EE666A59
:10692000FDEEE77A28EE268A17EE901A28EE078AFF
:1069300014F0DAFED8F8081014F0CAFEFDEEC87A9A
:10694000504617EE901A17EE907A14F0EFFED8F832
:106950000020013A032A11D8DFE802F0403D3A0254
:106960000299354D00226A60284614F0BDFE039955
:1069700014F0AEFE0099284614F0D8FE0B212F48E3
:1069800019F0D6F90099184815F042FF164815F08D
:1069900047FF012211460020DBF74EF80122114685
:1069A000D8F80000DBF748F8254B26495A6F02203B
:1069B000012A086000F00E85D8F80020013A032A69
:1069C00000F21881DFE812F091018101A101FE00BF
:1069D00002991D4DC6E702991C4DC3E702991C4D53
:1069E000C0E700BF20F804002808FF1F3CF804009F
:1069F0002CB104007013FF1F6407FF1F4807FF1F1F
:106A0000FC15FF1F0416FF1F0016FF1FF415FF1FC4
:106A1000F815FF1FB40E0500700E05007407FF1F68
:106A20007007FF1F9007FF1F0000B4439407FF1F6C
:106A30006C07FF1F6807FF1F5817FF1F58F8040057
:106A40003411FF1FE00FFF1F1817FF1F9817FF1FBC
:106A5000D817FF1F0C1FFF1F7814FF1FFC06FF1F16
:106A60003418FF1F0AD7233CD4ED057A98ED126A3B
:106A70002269E1685FED056A86EE277A01FB02F381
:106A8000D8F80C20D8F8301007EE903AF8EE677A74
:106A900001FB02F367EE877A07EE103AB8EEC88A78
:106AA000B8EE477A67EE887A27EE267A0621012229
:106AB000BDEEC77AFDEEE77A39600521D8F81030CF
:106AC000C9F80010104611468DED027A0393CDED02
:106AD000007ADAF7B1FFAEE6D8F81420D8F834100F
:106AE0005FED206A98ED127AE66A01FB02F307EE89
:106AF000903AF8EE677A236BD4F8CC20019367EED6
:106B0000A67A1521FDEEE77AD8F8183039601421FD
:106B1000C9F80010CDED027A0393002A40F0E48416
:106B2000D4ED0A7A626A216AC7EE276A01FB02F392
:106B300007EE903AF8EE677A67EEA67AB8EEC88A62
:106B4000012268EE277A1146FDEEE77A0220CDEDAC
:106B5000007ADAF771FF6EE6D8F81C20D8F8381002
:106B60001FED407AE66C01FB02F307EE903AF8EE77
:106B7000677A236D626B019367EE877A1021FDEED1
:106B8000E77AD8F8203039601721C9F80010CDED28
:106B9000027A0393002A00F0C184012A40F0BA84EB
:106BA00098ED120ADBF72EFCB8EEC88A28EE008AB0
:106BB000FDEEC87ACDED007A012211460320DAF706
:106BC0003BFF38E6389A4CAB03EB820502F10C012F
:106BD00045F88CAC2A46554DB7EE000A002003EB71
:106BE000810142F8885C41F8B40C389002211EA85B
:106BF000F4F77EFD209A002A40D0019BDFF85891DF
:106C0000A3F10A051D2D40F2DA82A6F10A031D2B1D
:106C100040F2FB82D4F8F800A0F10A031D2B07D83C
:106C2000C0B216F003FDD4F8FC30984240F03B832C
:106C300017F022F9002840F310833D4B1B68012B0D
:106C400000F01283032B00F02B83002B00F0258330
:106C5000384B00221A70DBF800300A930A9ADBF8EE
:106C600000300993099B9B1A632BF8D9DAF80410BA
:106C70003846DAF76FFE209B002BC3D1D8F80030DE
:106C80002D4EDFF8CC80DAF804C02C4DDFF8BCB014
:106C90002B48DFF8C090C6F800C0D8F80460294936
:106CA000224F2E60DBF80450274A0560D9F8040013
:106CB0000860013B79681160032B00F20F85DFE863
:106CC00013F02F02DF0160014D00389A4CAB03EB4B
:106CD000820502F10C0145F88CAC2A46B7EE000A99
:106CE0001A4D002003EB81017BE7389A4CAB03EB94
:106CF000820502F10C0145F88CAC2A46B7EE000A79
:106D0000134D002003EB81016BE7389A4CAB03EB8A
:106D1000820502F10C0145F88CAC2A46B7EE000A58
:106D20000C4D002003EB81015BE700BF5817FF1FEC
:106D30006007FF1FB816FF1F5016FF1F5816FF1FD2
:106D40005416FF1F4816FF1F4C16FF1F9817FF1FF2
:106D5000D817FF1F1817FF1F2808FF1F7B68B04AAE
:106D6000B0490BAD5B422846136015F059FF284629
:106D7000D9F70AFC284615F0ABFFAB4B284619683B
:106D80001E4615F04DFF2846D9F7FEFB284615F0A4
:106D90009FFFA649284615F043FF2846D9F7F4FB84
:106DA000284615F095FF3168284615F039FF28462A
:106DB000D9F7EAFB284615F08BFF9D49284615F0C8
:106DC0002FFF2846D9F7E0FB284615F081FF3168F0
:106DD000284615F025FF2846D9F7D6FB284615F09A
:106DE00077FF944B1B78002B00F0D4830122002105
:106DF0000420DAF721FEDAF804308F4E8F485B4228
:106E00001321336018F094FF31688D4815F000FDB0
:106E10008B4815F005FD8B4B5A6F012A00F04A8311
:106E2000894B1A68DAF80460D8F80400DBF804101B
:106E3000D9F804301344844A13607A68834F3B685E
:106E40003344834E3B6033680344824833600368B5
:106E50000B44814903600B6813440B60002101223D
:106E60000846DAF7E9FDD4F8E030012B00F058824B
:106E70007A49284615F0D4FE2846D9F785FB2846DE
:106E800015F026FF7649284615F0CAFE2846D9F7A0
:106E90007BFB284615F01CFF7249284615F0C0FE02
:106EA0002846D9F771FB284615F012FF6E4928468F
:106EB00015F0B6FE2846D9F767FB284615F008FFFF
:106EC0006A49284615F0ACFE2846D9F75DFB2846EE
:106ED00015F0FEFE6649284615F0A2FE2846D9F7B1
:106EE00053FB284615F0F4FE6249284615F098FE3B
:106EF0002846D9F749FB284615F0EAFE58492846A6
:106F000015F08EFE2846D9F73FFB284615F0E0FE27
:106F10005949284615F084FE2846D9F735FB2846FE
:106F200015F0D6FE5049284615F07AFE2846D9F7C6
:106F30002BFB284615F0CCFE4C49284615F070FE78
:106F40002846D9F721FB284615F0C2FE48492846B5
:106F500015F066FE2846D9F717FB284615F0B8FE4F
:106F6000D4F80001A0F10A031D2B40F2F981434B34
:106F70001E931EA8F0F7ECFB4DB0BDEC048BBDE8F2
:106F8000F08FD9F80430264A26490BAD5B422846DB
:106F9000136015F045FE2846D9F7F6FA284615F095
:106FA00097FE214B284619681E4615F039FE2846E3
:106FB000D9F7EAFA284615F08BFE1C49284615F049
:106FC0002FFE2846D9F7E0FA284615F081FE3168F1
:106FD000284615F025FE2846D9F7D6FA284615F09A
:106FE00077FE1349284615F01BFE2846D9F7CCFA40
:106FF000284615F06DFE3168284615F011FE28462A
:10700000D9F7C2FA284615F063FE0A4B1B78002B0D
:1070100000F03B83012200210320DAF70DFDEAE6B0
:107020001C18FF1F64F804004807FF1F78F80400CD
:107030008CF80400CC16FF1F1818FF1FA0F80400DE
:107040002808FF1F3411FF1FF415FF1FFC15FF1F39
:107050000416FF1F0016FF1FF815FF1FF0F80400AD
:107060005CAD040004F9040000B4040098E50400D9
:10707000A4E5040018F904002CF90400B40E05007E
:10708000DBF80430C24AC3490BAD5B4228461360AB
:1070900015F0C6FD2846D9F777FA284615F018FEF0
:1070A000BD4B284619681E4615F0BAFD2846D9F78B
:1070B0006BFA284615F00CFEB849284615F0B0FDCD
:1070C0002846D9F761FA284615F002FE31682846AD
:1070D00015F0A6FD2846D9F757FA284615F0F8FD11
:1070E000AF4B1B78002B00F0A782AE49284615F065
:1070F00097FD2846D9F748FA284615F0E9FDA64B32
:107100002846196815F08CFD2846D9F73DFA28461F
:1071100015F0DEFD012200210220DAF78DFC6AE67F
:10712000D8F804309A4A9B490BAD5B42284613605D
:1071300015F076FD2846D9F727FA284615F0C8FD40
:10714000954B284619681E4615F06AFD2846D9F762
:107150001BFA284615F0BCFD9049284615F060FD45
:107160002846D9F711FA284615F0B2FD31682846AD
:1071700015F056FD2846D9F707FA284615F0A8FD60
:107180008849284615F04CFD2846D9F7FDF92846D0
:1071900015F09EFD3168284615F042FD2846D9F7C6
:1071A000F3F9284615F094FD7D4B1B78002B00F079
:1071B0001A82012200211046DAF73EFC1BE619EE86
:1071C000100A16F033FAD4F8FC3098423FF41DADA3
:1071D0002621754818F0ACFD484615F021FB009BB0
:1071E000002B7FF712AD21A815F0F0F900232698A7
:1071F000209314F0E1FB279814F0DEFB6B4B012188
:1072000006201970F0F768F938E519EE900A16F0C3
:107210000DFAD4F8FC3098423FF4FCAC26216448C7
:1072200018F086FD484615F0FBFA009B002BBFF6D0
:10723000F1AC21A815F0CAF900232698209314F088
:10724000BBFB279814F0B8FB584B01224FF0FF31DD
:1072500006201A70F0F740F910E517F083FE554B41
:107260001B68012B7FF4EEAC16F01AFEC3B2524A33
:10727000532B13707FF4EFAC209B53B11EA8D9F7AA
:1072800011FE209B2BB1012016F03AFA209B002B17
:10729000F9D1464B01221A70DDE418F0DBFCE5E77A
:1072A00017F074FEE2E71F21444818F041FD4448FE
:1072B00015F0B6FA21A8002515F088F92698209532
:1072C00014F07AFB279814F077FB384B01262A46F6
:1072D000294628461E70DAF7AFFB2A462946304673
:1072E000DAF7AAFB2A4629460220DAF7A5FB2A4646
:1072F00029460320DAF7A0FB2A4629460420DAF7BC
:107300009BFB0620EFF7B2FBD4F80001A0F10A03C3
:107310001D2B3FF62CAE3146C0B216F051F926E6D1
:107320002849284615F07CFC2846D9F72DF928462F
:1073300015F0CEFC2449284615F072FC2846D9F7F2
:1073400023F9284615F0C4FC2049284615F068FCAE
:107350002846D9F719F9284615F0BAFC1A49F6E576
:107360000121C0B216F02CF994F8000116F05EF974
:107370000A210446164818F0DBFC00230A222146A5
:107380000F4815F065FA0E4815F04AFAEFE500BF10
:107390001C18FF1F64F804004807FF1F78F804005A
:1073A000CC16FF1F8CF80400E0E704007818FF1FDC
:1073B00008E804006007FF1FB816FF1F20EC040058
:1073C0002808FF1FC8F804005CAD0400DCF80400C6
:1073D00014B1040003200860C54BC649C64D0860BF
:1073E0004FF0100EC3F800E0114617232B60DAF7B8
:1073F00023FBD8F80420D8F82C10DFEDC08ADFF882
:107400002C9301FB02F307EE903AF8EE677A002224
:1074100067EEA87A4846FDEEE77AC9F8042017EE31
:10742000901A14F061F9D8F8081014F051F9B44A20
:10743000B44BD2ED007A93ED1C7A68EE277A27EEF2
:10744000287A67EE877AFDEEE77A17EE901A14F045
:107450006DF9DBF8002008920899DBF800300793FB
:10746000079B5B1A042BF8D9D8F80020022A00F0F9
:107470008180042A6ED0012A7FF4BCAB389A4CABD1
:1074800003EB820502F10D0103EB81019E4B45F8F0
:107490008CACB7EE000A00202A4645F8883C42F83A
:1074A000849C41F8B40C389003211EA8F4F720F90D
:1074B000FFF7A0BB00210320DAF7BEFAD9F80430A9
:1074C000924E93485B421321336018F031FC3168CF
:1074D000904815F09DF98F4815F0A2F98E4BD9F818
:1074E00004201B681A449DE4D4ED367AD4F8D420E5
:1074F000D4F8D010C7EE276A01FB02F307EE903AEA
:10750000F8EE677A67EEA67AFFF718BB00230093C0
:10751000FFF78CB900230093FFF74EBB98ED120ADA
:10752000DAF73CFEB8EEC88A28EE008AFDEEC87A8B
:10753000CDED007AFFF740BB98ED120ADAF7C8FEEE
:10754000B8EEC88A28EE008AFDEEC87ACDED007A42
:10755000FFF76CB9389A4CAB03EB820502F10D01D1
:1075600003EB8101B7EE000A6C4B45F88CAC0020B0
:107570002A4692E7389A4CAB03EB820502F10D01E3
:1075800003EB8101B7EE000A654B45F88CAC002097
:107590002A4682E76349284615F042FB2846D8F779
:1075A000F3FF284615F094FB3168284615F038FBA8
:1075B0002846D8F7E9FF284615F08AFB5A4928469D
:1075C00015F02EFB2846D8F7DFFF284615F080FB84
:1075D0003168284615F024FB2846D8F7D5FF284601
:1075E00015F076FB02E44F49284615F019FB2846B2
:1075F000D8F7CAFF284615F06BFB3168284615F00E
:107600000FFB2846D8F7C0FF284615F061FB464916
:10761000284615F005FB2846D8F7B6FF284615F092
:1076200057FB3168284615F0FBFA2846D8F7ACFF1F
:10763000284615F04DFBBCE53A49284615F0F0FA0E
:107640002846D8F7A1FF284615F042FB31682846A6
:1076500015F0E6FA2846D8F797FF284615F038FBCC
:107660003149284615F0DCFA2846D8F78DFF284620
:1076700015F02EFB3168284615F0D2FA2846D8F7C7
:1076800083FF284615F024FB2FE52649284615F0F0
:10769000C7FA2846D8F778FF284615F019FB316855
:1076A000284615F0BDFA2846D8F76EFF284615F093
:1076B0000FFB1D49284615F0B3FA2846D8F764FF9A
:1076C000284615F005FB3168284615F0A9FA28462A
:1076D000D8F75AFF284615F0FBFA9BE40BADFFF7ED
:1076E0008ABB0023009303930293FFF7A4B800BF63
:1076F0007C07FF1F9807FF1F7807FF1F0AD7233C4F
:107700007C18FF1F3411FF1FD817FF1F2018FF1F01
:10771000B4F804002808FF1FF415FF1F5817FF1FB7
:107720009817FF1F14F3040028F304001817FF1F15
:107730002DE9F04F804DD5F800012DED048BA0F11F
:107740000A031D2BADF5177D40F261827B4C7C4B0B
:10775000226808920021089A197023680793079BF2
:107760009B1A092BF9D968AE7649774FDFF82C823E
:10777000DFF82C92DFF82CA2DFF82CB2304615F09F
:107780004FFA3046D8F700FF304615F0A1FA6F4B9C
:107790003046196815F044FA3046D8F7F5FE304601
:1077A00015F096FA10216A4818F0C2FA694B6A4837
:1077B000196815F02DF8684815F032F80F21674860
:1077C00018F0B6FA664A6448116815F021F8624864
:1077D00015F026F81021634818F0AAFA62495E48AD
:1077E000096815F015F85C4815F01AF80F215F4884
:1077F00018F09EFA5E480168574815F009F8564897
:1078000015F00EF810215B4818F092FA39685248CA
:10781000594F14F0FDFF504815F002F80F2157485A
:1078200018F086FA39684C48554F14F0F1FF4A4871
:1078300014F0F6FF1021534818F07AFAD8F8001027
:10784000454814F0E5FF444814F0EAFF0F214E4884
:1078500018F06EFA3968404814F0DAFF3E4814F028
:10786000DFFF1021494818F063FAD9F800103A48B0
:1078700014F0CEFF384814F0D3FF0F21444818F01D
:1078800057FADAF80010344814F0C2FF324814F006
:10789000C7FF0023CDE96A33CDE982338DF8C831C3
:1078A0007F9380938DF804322A4B3A481968699087
:1078B000394B6893802009238DF8B00142F29F4034
:1078C000CDE96E3041F2883C0520254A6D96CDE920
:1078D00084C00DF1600C6046126813F0C5FE2448A8
:1078E00021490268096828A813F0BEFE164B224AF7
:1078F0001968126838A813F0B7FE3A68D8F8001073
:1079000048A813F0B1FEDAF80020D9F8001058A802
:1079100013F0AAFE0023199329933993499359939D
:10792000DBF80030013B032B02F2E781DFE813F0C4
:10793000460126010E013E007013FF1F0C1FFF1FA2
:107940003016FF1F2CB104007C07FF1F4807FF1FE4
:1079500040F904006C07FF1F2808FF1F54F90400BA
:107960006807FF1F64F904007407FF1F78F904001B
:107970007007FF1F88F904007807FF1F9CF90400B7
:107980008007FF1FACF90400C0F90400D0F904001F
:10799000E4F90400700E0500B40E05008407FF1F13
:1079A0008C07FF1F8807FF1FE00FFF1FA24B0393E9
:1079B0001A462F2313603823C9F800303923CAF838
:1079C00000309E4B00939E4B01939E4B02930E21E1
:1079D0009D4818F0ADF99D4B9D48196814F018FFAB
:1079E0009B4814F01DFF10219A4818F0A1F99A4AFB
:1079F0009748116814F00CFF954814F011FF0F21FF
:107A0000964818F095F9964A9148116814F000FFCD
:107A10008F4814F005FF0E21924818F089F9009A5A
:107A20008B48116814F0F4FE894814F0F9FE102117
:107A30008D4818F07DF98D4A8548116814F0E8FEEC
:107A4000834814F0EDFE0F21894818F071F9894A36
:107A50007F48116814F0DCFE7D4814F0E1FE0E2131
:107A6000854818F065F9019A7948116814F0D0FE3C
:107A7000774814F0D5FE1021804818F059F9804A53
:107A80007348116814F0C4FE714814F0C9FE0F2148
:107A90007C4818F04DF97C4A6D48116814F0B8FE26
:107AA0006B4814F0BDFE0E21784818F041F9029A97
:107AB0006748116814F0ACFE654814F0B1FE10215F
:107AC000734818F035F9D8F80010614814F0A0FE9A
:107AD0005F4814F0A5FE0F216E4818F029F93968A7
:107AE0005B4814F095FE5A4814F09AFE0E216A483D
:107AF00018F01EF9039A5648116814F089FE54488C
:107B000014F08EFE1021654818F012F9D9F8001013
:107B10004F4814F07DFE4E4814F082FE0F2160485D
:107B200018F006F9DAF80010494814F071FE4848D8
:107B300014F076FE454B1B68042B02F2C780DFE889
:107B400013F0370333032E0329036B003D4A3A49F0
:107B500002922E2313602F230B603623C8F80030C7
:107B600037233B603823C9F800303923CAF8003086
:107B7000324B0093324B0391019328E7304A31494D
:107B80002D4801922D2313602E233D4A0B602F2395
:107B90000360342313603C4A02913523136036237B
:107BA000C8F8003037233B603823C9F80030392348
:107BB000CAF80030214B0390009308E71F4A1E4B80
:107BC0001F4903932C2313601E4800922D231A4A49
:107BD0000B602E2303602F231360244A019132236C
:107BE0001360244A029033231360254A3423136020
:107BF000254A352313603623C8F8003037233B600D
:107C00003823C9F800303923CAF80030DFE60021F4
:107C1000C0B215F0D5FC99E5D5F89410D5F898A028
:107C2000009B1B68042B02F26080DFE813F0A302C4
:107C30009B02920289023B00A007FF1F9407FF1FCF
:107C40009807FF1F9C07FF1FF4F904009007FF1F10
:107C50002808FF1F40F904006C07FF1F54F90400B7
:107C60006807FF1F04FA040064F904007407FF1F8B
:107C700078F904007007FF1F14FA040088F9040063
:107C80007C07FF1F9CF904007807FF1F24FA0400FB
:107C9000ACF90400C0F9040034FA0400D0F904007F
:107CA000E4F90400D5F8943008EE903AD5F898300D
:107CB00008EE103A019B1B68042B02F21180DFE8EA
:107CC00013F032022E02290224020500D5F8942076
:107CD000D5F89890029B1B68042B01F2FC87DFE823
:107CE00013F007020302FE01F9010500D5F89430F4
:107CF000D5F8988003980068042801F2E187DFE84E
:107D000010F0D901D301CC01C5010500D5F89400CC
:107D1000D5F8987009EE100A18A80593049213F08C
:107D2000E3FC514613F0D4FCAC49096813F0FEFCA7
:107D300018EE901A28A813F0D7FC18EE101A13F0BA
:107D4000C7FCA749096813F0F1FC049A38A811464A
:107D500013F0CAFC494613F0BBFCA24A116813F0A9
:107D6000E5FC059B48A8194613F0BEFC414613F0FC
:107D7000AFFC9D4B196813F0D9FC19EE101A58A8E6
:107D800013F0B2FC394613F0A3FC984B196813F0BA
:107D9000CDFCDBF80030013B042B51D8DFE813F0B9
:107DA000A400F500C10036010500914B01221868BE
:107DB0001146D9F741FE009B012218681146D9F7F8
:107DC0003BFE019B012218681146D9F735FE029B44
:107DD000012218681146D9F72FFE039B012218686B
:107DE0001146D9F729FE829B96A803F10F0200EBFA
:107DF000820200EB830018AF40F88C7C96A800EB61
:107E0000830028AF40F8887C96A800EB830038AF49
:107E100040F8847C96A800EB830048AF40F8807C53
:107E200096A800EB8303002158A843F87C0CB7EE1A
:107E3000000A42F8B41C304682910521F3F758FC41
:107E40006A9B002B01F07E816A4FDFF8B891DFF862
:107E5000B8A1D5F8F800A0F10A031D2B07D8C0B2CD
:107E600015F0E4FBD5F8FC30984241F0D58016F0CF
:107E700003F8002841F380803B68012BB84601F0ED
:107E80008280032B01F08280002B01F0B28000235E
:107E900089F800306A9923681493149A236813931D
:107EA000139B9B1A092BF9D90029D2D1524C534864
:107EB0000E2117F03DFF2168514814F0A9FC5048ED
:107EC00014F0AEFC2368013B0A2B00F23585DFE895
:107ED00013F0690405046503330533053907CD053F
:107EE0006E06C30221027C01414B01221868114633
:107EF000D9F7A2FD829B96A803F10B0200EB830346
:107F000018A843F88C0C96AB03EB8203002143F8CE
:107F1000B41CB7EE000A829130460121F3F7E8FB6A
:107F20008EE7334B012218681146D9F785FD009B77
:107F3000012218681146D9F77FFD019B01221868BC
:107F40001146D9F779FD829B96A803F10D0200EB4B
:107F5000820200EB830018AF40F88C7C96A800EBFF
:107F6000830028AF40F8887C96A800EB83030021AB
:107F700038A843F8840CB7EE000A42F8B41C304627
:107F800082910321F3F7B4FB5AE7194B01221868D9
:107F90001146D9F751FD009B012218681146D9F707
:107FA0004BFD829B96A803F10C0200EB820200EBD2
:107FB000830018AF40F88C7C96A800EB8303002167
:107FC00028A843F8880CB7EE000A42F8B41C3046E3
:107FD00082910221F3F78CFB32E700BF1818FF1FD4
:107FE0001C18FF1F2018FF1F2418FF1F2818FF1F31
:107FF0009007FF1F6007FF1F5007FF1FE8B0040036
:108000002808FF1FB816FF1F1C16FF1FB74B0122C1
:1080100018681146D9F710FD009B01221868114617
:10802000D9F70AFD019B012218681146D9F704FD12
:10803000029B012218681146D9F7FEFC829B96A884
:1080400003F10E0200EB820200EB830018AF40F850
:108050008C7C96A800EB830028AF40F8887C96A81B
:1080600000EB830038AF40F8847C96A800EB8303D4
:10807000002148A843F8800CB7EE000A42F8B41C6F
:10808000304682910421F3F733FBD9E6D5F88C0012
:10809000D5F8907009EE100A3EE6D5F88400D5F8C0
:1080A000887009EE100A37E6E86FD5F8807009EE9F
:1080B000100A31E620681290686FDDF848C0AF6F93
:1080C00009EE100A206811901198A0EB0C000E2800
:1080D000F8D921E6D5F88C30D5F890800AE6D5F8A5
:1080E0008430D5F8888005E6EB6FD5F8808001E60E
:1080F00023681093109F6B6FD5F8788020680F90DD
:108100000F98C01B0E28F9D9F4E5D5F88C20D5F8C6
:108110009090DFE5D5F88420D5F88890DAE5EA6F0D
:10812000D5F88090D6E523680E930E986A6FD5F83F
:10813000789023680D930D9B1B1A0E2BF9D9C9E576
:10814000D5F88C3008EE903AD5F8903008EE103A19
:10815000B0E5D5F8843008EE903AD5F8883008EECE
:10816000103AA7E5EB6F08EE903AD5F8803008EEAC
:10817000103A9FE523680C936B6F0C9A08EE903AC7
:10818000AB6F08EE103A23680B930B9B9B1A0E2BD8
:10819000F9D98FE5D5F88C10D5F890A040E5D5F841
:1081A0008410D5F888A03BE5E96FD5F880A037E5C5
:1081B00023680A930A9A696FD5F878A0236809930F
:1081C000099B9B1A0E2BF9D92AE515AC4849204684
:1081D00014F026FD2046D8F7D7F9204614F078FD94
:1081E000444B204619681F4614F01AFD2046D8F764
:1081F000CBF9204614F06CFD3F49204614F010FDE9
:108200002046D8F7C1F9204614F062FD39682046AF
:1082100014F006FD2046D8F7B7F9204614F058FDB3
:108220003549204614F0FCFC2046D8F7ADF920462D
:1082300014F04EFD3968204614F0F2FC2046D8F7C1
:10824000A3F9204614F044FD2C49204614F0E8FC24
:108250002046D8F799F9204614F03AFD39682046AF
:1082600014F0DEFC2046D8F78FF9204614F030FDDC
:108270002349204614F0D4FC2046D8F785F920463F
:1082800014F026FD3968204614F0CAFC2046D8F7C1
:108290007BF9204614F01CFD14211A4817F048FD04
:1082A000194B1A48996D14F0B3FA184814F0B8FA3B
:1082B000D5F8E030012B00F050861221144817F059
:1082C00037FD0A4B114819681F4614F0A1FA0F48F0
:1082D00014F0A6FA3B68042B00F2C287DFE813F023
:1082E000A50B5F0B7F07DD0BC10B00BF9007FF1FC6
:1082F00030E404004807FF1F5CE4040088E4040045
:108300000CF8040044FA04001412FF1F2808FF1F91
:10831000DCF1040015ACD649204614F081FC20465F
:10832000D8F732F9204614F0D3FCD24B2046196816
:108330001F4614F075FC2046D8F726F9204614F0A5
:10834000C7FCCD49204614F06BFC2046D8F71CF939
:10835000204614F0BDFC3968204614F061FC20462C
:10836000D8F712F9204614F0B3FCC449204614F0A3
:1083700057FC2046D8F708F9204614F0A9FC3968C4
:10838000204614F04DFC2046D8F7FEF8204614F0A5
:108390009FFCBB4B0122586C0021D9F74DFB0021FB
:1083A00001220846D9F748FBD5F8E030012B00F050
:1083B000C482B449204614F033FC2046D8F7E4F8D0
:1083C000204614F085FCB049204614F029FC2046D4
:1083D000D8F7DAF8204614F07BFCAC49204614F0BC
:1083E0001FFC2046D8F7D0F8204614F071FCA849AD
:1083F000204614F015FC2046D8F7C6F8204614F0A5
:1084000067FCA449204614F00BFC2046D8F7BCF8C2
:10841000204614F05DFCA049204614F001FC2046E3
:10842000D8F7B2F8204614F053FC9C49204614F0CB
:10843000F7FB2046D8F7A8F8204614F049FC9249EB
:10844000204614F0EDFB2046D8F79EF8204614F0A5
:108450003FFC934900F016BD15AC9249204614F03C
:10846000DFFB2046D8F790F8204614F031FC814B12
:10847000204619681F4614F0D3FB2046D8F784F82D
:10848000204614F025FC8849204614F0C9FB2046FC
:10849000D8F77AF8204614F01BFC3968204614F00F
:1084A000BFFB2046D8F770F8204614F011FC7F4936
:1084B000204614F0B5FB2046D8F766F8204614F0A5
:1084C00007FC3968204614F0ABFB2046D8F75CF86F
:1084D000204614F0FDFB764B012218680021D9F7E5
:1084E000ABFA002101220846D9F7A6FAD5F8E03008
:1084F000012B00F022826F49204614F091FB2046A8
:10850000D8F742F8204614F0E3FB5F49204614F008
:1085100087FB2046D8F738F8204614F0D9FB664987
:10852000204614F07DFB2046D8F72EF8204614F0A4
:10853000CFFB5749204614F073FB2046D8F724F8A8
:10854000204614F0C5FB5349204614F069FB204631
:10855000D8F71AF8204614F0BBFB4F49204614F018
:108560005FFB2046D8F710F8204614F0B1FB5349C2
:10857000204614F055FB2046D8F706F8204614F0A4
:10858000A7FB4149204614F04BFB2046D7F7FCFFE0
:10859000204614F09DFB4A4900F074BC15AC4949D3
:1085A000204614F03DFB2046D7F7EEFF204614F09E
:1085B0008FFB304B204619681F4614F031FB2046D4
:1085C000D7F7E2FF204614F083FB3F49204614F022
:1085D00027FB2046D7F7D8FF204614F079FB3968EF
:1085E000204614F01DFB2046D7F7CEFF204614F09E
:1085F0006FFB3649204614F013FB2046D7F7C4FF23
:10860000204614F065FB3968204614F009FB20462B
:10861000D7F7BAFF204614F05BFBD5F8E030012B0A
:1086200000F08B812A4F012238680021D9F704FA23
:108630003B68002B01F02783033B012B00F27D8177
:108640002449204614F0ECFA2046D7F79DFF204637
:1086500014F03EFB0C49204614F0E2FA2046D7F70E
:1086600093FF204614F034FB1B4900F00BBC00BF05
:1086700098E804004807FF1F84E80400A8FA0400F3
:108680001013FF1F10E904005CAD040024E904008E
:1086900000B4040098E50400A4E5040038E90400EF
:1086A0004CE90400A4EC0400BCEC0400D4EC04008D
:1086B0004410FF1FECEC040004ED04001CED04006A
:1086C00034ED040000F30400C4F2040094F3040049
:1086D0000011FF1F68F3040080F3040015ACCA49C1
:1086E000204614F09DFA2046D7F74EFF204614F09E
:1086F000EFFAC64B204619681F4614F091FA20463F
:10870000D7F742FF204614F0E3FABF49204614F0A1
:1087100087FA2046D7F738FF204614F0D9FA39688F
:10872000204614F07DFA2046D7F72EFF204614F09D
:10873000CFFAB749204614F073FA2046D7F724FF42
:10874000204614F0C5FA3968204614F069FA20462C
:10875000D7F71AFF204614F0BBFAAE49204614F0B2
:108760005FFA2046D7F710FF204614F0B1FA3968B7
:10877000204614F055FA2046D7F706FF204614F09D
:10878000A7FAD5F8E030012B00F0E783A24B1B6875
:10879000042B00F2B380DFE813F09C092F0A130AC0
:1087A000F709DB099D4B1B68022B15AC40F3928344
:1087B000032B51D19A49204614F032FA2046D7F7BC
:1087C000E3FE204614F084FA904B204619681F46B9
:1087D00014F026FA2046D7F7D7FE204614F078FA90
:1087E0008F49204614F01CFA2046D7F7CDFE2046CC
:1087F00014F06EFA3968204614F012FA2046D7F7C2
:10880000C3FE204614F064FA8649204614F008FAA4
:108810002046D7F7B9FE204614F05AFA39682046A8
:1088200014F0FEF92046D7F7AFFE204614F050FAB8
:108830007D49204614F0F4F92046D7F7A5FE2046DE
:1088400014F046FA3968204614F0EAF92046D7F7C2
:108850009BFE204614F03CFAD5F8E030012B00F0E6
:108860007C836D4B1968002900F070844B1E032B2C
:1088700044D8012208460021D9F7DEF86B4920468A
:1088800014F0CEF92046D7F77FFE204614F020FAE8
:108890006749204614F0C4F92046D7F775FE2046F4
:1088A00014F016FA6349204614F0BAF92046D7F7B7
:1088B0006BFE204614F00CFA5F49204614F0B0F924
:1088C0002046D7F761FE204614F002FA5B492046A5
:1088D00014F0A6F92046D7F757FE204614F0F8F911
:1088E0005749204614F09CF92046D7F74DFE204604
:1088F00014F0EEF953480F2117F01AFA009B18688C
:1089000003281AD101220021D9F796F84E492046B2
:1089100014F086F92046D7F737FE204614F0D8F930
:108920004349204614F07CF92046D7F72DFE204617
:1089300014F0CEF94549A5E215AC4549204614F09E
:108940006FF92046D7F720FE204614F0C1F9D8F879
:108950000030012B00F0ED83032B00F0E683002BA9
:1089600000F0DF833B4B3C4F93ED000AB8EEC00AAA
:10897000D7F7C2FD3968204614F052F92046D7F7E0
:1089800003FE204614F0A4F93449204614F048F9B7
:108990002046D7F7F9FD204614F09AF9D8F80030B0
:1089A000012B00F0BA83032B00F0B383002B00F0FF
:1089B000AC832B4B93ED000AB8EEC00AD7F79CFDB1
:1089C0003968204614F02CF92046D7F7DDFD204603
:1089D00014F07EF9234B5A6F012A00F0AE83D5F8CC
:1089E00000010023CBF80030A0F10A031D2B40F258
:1089F00087831D4B68933046EEF7AAFE0DF5177D71
:108A0000BDEC048BBDE8F08F6CFA04004807FF1F33
:108A100080FA040094FA04009007FF1FF816FF1F65
:108A2000B8E10400B4F104003CE2040080EA040070
:108A30005CAD040094EA040000B4040098E504006E
:108A4000A4E50400F0F10400D4E50400E8E5040026
:108A50004CED04005016FF1F4C07FF1F5CED040097
:108A60004416FF1F3411FF1FB40E050015ACA049BA
:108A7000204614F0D5F82046D7F786FD204614F09E
:108A800027F99C4B204619681F4614F0C9F8204668
:108A9000D7F77AFD204614F01BF99749204614F0C9
:108AA000BFF82046D7F770FD204614F011F9396859
:108AB000204614F0B5F82046D7F766FD204614F09E
:108AC00007F98E49204614F0ABF82046D7F75CFD35
:108AD000204614F0FDF83968204614F0A1F820462D
:108AE000D7F752FD204614F0F3F8854B0122586D5C
:108AF0000021D8F7A1FF002101220846D8F79CFFEA
:108B0000D5F8E030012B3FF418AF7E49204614F031
:108B100087F82046D7F738FD204614F0D9F87A496F
:108B2000204614F07DF82046D7F72EFD204614F09D
:108B3000CFF87649204614F073F82046D7F724FD85
:108B4000204614F0C5F87249204614F069F8204612
:108B5000D7F71AFD204614F0BBF86E49204614F0F2
:108B60005FF82046D7F710FD204614F0B1F86A49A7
:108B7000204614F055F82046D7F706FD204614F09D
:108B8000A7F86649204614F04BF82046D7F7FCFCBE
:108B9000204614F09DF85C49204614F041F8204628
:108BA000D7F7F2FC204614F093F85D496AE115AC62
:108BB0005C49204614F034F82046D7F7E5FC2046FF
:108BC00014F086F84B4B204619681F4614F028F81D
:108BD0002046D7F7D9FC204614F07AF852492046AF
:108BE00014F01EF82046D7F7CFFC204614F070F89A
:108BF0003968204614F014F82046D7F7C5FC204603
:108C000014F066F84949204614F00AF82046D7F7D0
:108C1000BBFC204614F05CF83968204614F000F8DC
:108C20002046D7F7B1FC204614F052F8404B012201
:108C300018680021D8F700FF002101220846D8F764
:108C4000FBFED5F8E030012B3FF477AE39492046E2
:108C500013F0E6FF2046D7F797FC204614F038F8CB
:108C60002949204613F0DCFF2046D7F78DFC20462B
:108C700014F02EF83049204613F0D2FF2046D7F7E3
:108C800083FC204614F024F82149204613F0C8FF45
:108C90002046D7F779FC204614F01AF81D492046E3
:108CA00013F0BEFF2046D7F76FFC204614F010F8F3
:108CB0001949204613F0B4FF2046D7F765FC20463B
:108CC00014F006F81D49204613F0AAFF2046D7F7F6
:108CD0005BFC204613F0FCFF0B49204613F0A0FF7D
:108CE0002046D7F751FC204613F0F2FF1449C9E0A3
:108CF00044F104004807FF1F30F10400D0FA0400DB
:108D0000A012FF1FE4FA04005CAD0400F8FA0400AE
:108D100000B4040098E50400A4E504000CFB040082
:108D200020FB040028B2040014B2040040EC04004C
:108D30004410FF1F54EC040068EC04007CEC0400B9
:108D400090EC040015ACD349204613F069FF20468F
:108D5000D7F71AFC204613F0BBFFCF4B204619680B
:108D60001F4613F05DFF2046D7F70EFC204613F098
:108D7000AFFFCA49204613F053FF2046D7F704FC43
:108D8000204613F0A5FF3968204613F049FF20461E
:108D9000D7F7FAFB204613F09BFFC149204613F09A
:108DA0003FFF2046D7F7F0FB204613F091FF3968CC
:108DB000204613F035FF2046D7F7E6FB204613F098
:108DC00087FFB84B012218680021D8F735FE002133
:108DD00001220846D8F730FED5F8E030012B3FF4E9
:108DE000ACADB149204613F01BFF2046D7F7CCFBB2
:108DF000204613F06DFFAD49204613F011FF2046C9
:108E0000D7F7C2FB204613F063FFA949204613F0B1
:108E100007FF2046D7F7B8FB204613F059FFA549B6
:108E2000204613F0FDFE2046D7F7AEFB204613F098
:108E30004FFFA149204613F0F3FE2046D7F7A4FBCD
:108E4000204613F045FF9D49204613F0E9FE2046D9
:108E5000D7F79AFB204613F03BFF9949204613F0C1
:108E6000DFFE2046D7F790FB204613F031FF8F49F5
:108E7000204613F0D5FE2046D7F786FB204613F098
:108E800027FF9049204613F0CBFE2046D7F77CFB06
:108E9000204613F01DFF8749204613F0C1FE2046EF
:108EA000D7F772FB204613F013FF8349204613F0D7
:108EB000B7FE2046D7F768FB204613F009FF7F492D
:108EC000204613F0ADFE2046D7F75EFB204613F098
:108ED000FFFE32E5002B7FF7BFAC7B49204613F045
:108EE0009FFE2046D7F750FB204613F0F1FE6A4B59
:108EF000204619681F4613F093FE2046D7F744FB1F
:108F0000204613F0E5FE7049204613F089FE204606
:108F1000D7F73AFB204613F0DBFE3968204613F002
:108F20007FFE2046D7F730FB204613F0D1FE67497D
:108F3000204613F075FE2046D7F726FB204613F097
:108F4000C7FE3968204613F06BFE2046D7F71CFB9E
:108F5000204613F0BDFE5E496BE416215D4816F015
:108F6000E7FED5F8E0105C4800230A2213F070FCFD
:108F7000594813F055FCE0E415F0F4FF3B68012B71
:108F8000B8467EF47EAF14F08BFF01E015F0FEFFD3
:108F9000C3B2532B89F800307EF47CAF6A9B002B60
:108FA00000F0A4800E214D481A684D4BB3FBF2F33C
:108FB000CAF8003016F0BCFEDAF80010464813F08C
:108FC00027FC454813F02CFCDAF80030F92B13DCB1
:108FD0006BA813F0FBFA002370986A9312F0ECFC74
:108FE000719812F0E9FC6A990023CBF80030FEF783
:108FF00052BF16F02FFECBE76A990029F4D0304615
:10900000D7F750FF6A990029EED0012014F078FBC1
:109010006A990029F9D1E7E71F21324816F088FE46
:109020002D4813F0FDFB6BA8002413F0CFFA7098C5
:109030006A9412F0C1FC719812F0BEFC2A4B012711
:109040002246214620461F70D8F7F6FC22462146CC
:109050003846D8F7F1FC224621460220D8F7ECFC2E
:10906000224621460320D8F7E7FC22462146042069
:10907000D8F7E2FC1520EDF7F9FCD5F80001A0F1D6
:109080000A031D2B3FF6B5AC3946C0B214F098FA6E
:10909000AFE400BF28F304004807FF1F14F30400E7
:1090A000BCFA04007814FF1FF0F804005CAD040063
:1090B00004F9040000B4040098E50400A4E50400E9
:1090C00018F904002CF9040094E20400B4F104003F
:1090D00068E2040028F204002808FF1FD0EB040017
:1090E0000087930320EC04007818FF1FAE4A126833
:1090F000002A3FF457AF0221012090476A9B51E7B5
:109100000121C0B214F05CFA73E4222016F094FE40
:109110004FE4222015F0E4FE4BE4222014F0F6FD8B
:1091200047E4222016F088FE1CE4222015F0D8FE29
:1091300018E4222014F0EAFD14E400210320D8F7FB
:109140007BFC4CE4DFF89082FEF7B0BE01220846BB
:109150000291D8F771FC954B02995A6F012A00F0E1
:10916000A9859349204613F05BFD2046D7F70CFAFA
:10917000204613F0ADFD8F49204613F051FD2046E7
:10918000D7F702FA204613F0A3FD8B49204613F0CF
:1091900047FD2046D7F7F8F9204613F099FD874997
:1091A000204613F03DFD2046D7F7EEF9204613F098
:1091B0008FFD8349204613F033FD2046D7F7E4F9AD
:1091C000204613F085FD7F49204613F029FD2046F7
:1091D000D7F7DAF9204613F07BFDFFF78FBB0122AA
:1091E00000210220D8F728FC7749204613F018FD0B
:1091F0002046D7F7C9F9204613F06AFD6D4920468D
:1092000013F00EFD2046D7F7BFF9204613F060FD9E
:109210006E49204613F004FD2046D7F7B5F92046E5
:1092200013F056FD6549204613F0FAFC2046D7F7A7
:10923000ABF9204613F04CFD6149204613F0F0FCD9
:109240002046D7F7A1F9204613F042FD5D4920469C
:1092500013F0E6FC2046D7F797F9204613F038FDC7
:10926000009B1B68042B47D8DFE813F01D03530352
:109270003803E7020500012200210420D8F7DCFBB7
:109280005349204613F0CCFC2046D7F77DF9204601
:1092900013F01EFD4749204613F0C2FC2046D7F7C5
:1092A00073F9204613F014FD4A49204613F0B8FC28
:1092B0002046D7F769F9204613F00AFD3F492046BA
:1092C00013F0AEFC2046D7F75FF9204613F000FDFF
:1092D0003B49204613F0A4FC2046D7F755F9204619
:1092E00013F0F6FC3749204613F09AFC2046D7F7D6
:1092F0004BF9204613F0ECFC019B1B68042B47D86C
:10930000DFE813F0B60255023A020102050001221D
:1093100000210420D8F790FB2D49204613F080FC53
:109320002046D7F731F9204613F0D2FC21492046D8
:1093300013F076FC2046D7F727F9204613F0C8FC37
:109340002449204613F06CFC2046D7F71DF920462F
:1093500013F0BEFC1949204613F062FC2046D7F7F3
:1093600013F9204613F0B4FC1549204613F058FCBD
:109370002046D7F709F9204613F0AAFC11492046E8
:1093800013F04EFC2046D7F7FFF8204613F0A0FC60
:10939000029B1B68042B62D8DFE813F039016F01D0
:1093A00054011E01200000BF581EFF1F3411FF1F73
:1093B00000F204005CAD040014F2040000B40400E8
:1093C00098E50400A4E504007CE6040094E60400AB
:1093D000DCE60400F4E604006007FF1F0122002120
:1093E0000420D8F729FBD549204613F019FC204664
:1093F000D7F7CAF8204613F06BFCD149204613F08A
:109400000FFC2046D7F7C0F8204613F061FCCD4989
:10941000204613F005FC2046D7F7B6F8204613F097
:1094200057FCC949204613F0FBFB2046D7F7ACF8A0
:10943000204613F04DFCC549204613F0F1FB2046B1
:10944000D7F7A2F8204613F043FCC149204613F099
:10945000E7FB2046D7F798F8204613F039FC039B2A
:109460001B68042B3FF669AADFE803F09B54391E02
:109470000300012200210420D8F7DEFAAF4920467C
:1094800013F0CEFB2046D7F77FF8204613F020FCE0
:10949000AB49204613F0C4FB2046D7F775F82046A9
:1094A00013F016FCA749EDE4012200210320D8F7B0
:1094B000C3FAA849204613F0B3FB2046D7F764F857
:1094C000204613F005FC9E49204613F0A9FB2046D8
:1094D000D7F75AF8204613F0FBFB9F49D2E401224C
:1094E00000210220D8F7A8FA9C49204613F098FBE7
:1094F0002046D7F749F8204613F0EAFB904920466A
:1095000013F08EFB2046D7F73FF8204613F0E0FB20
:109510009349B7E4012210460021D8F78DFA91490A
:10952000204613F07DFB2046D7F72EF8204613F097
:10953000CFFB8349204613F073FB2046D7F724F86E
:10954000204613F0C5FB8849204613F069FB2046EE
:10955000D7F71AF8204613F0BBFB7B49204613F0DF
:109560005FFB2046D7F710F8204613F0B1FB774990
:10957000204613F055FB2046D7F706F8204613F097
:10958000A7FB7349204613F04BFB2046D6F7FCFFA0
:10959000204613F09DFB0C21744816F0C9FBFFF721
:1095A000CCB9002101220846D8F746FA7049204676
:1095B00013F036FB2046D6F7E7FF204613F088FB72
:1095C0005F49204613F02CFB2046D6F7DDFF2046EE
:1095D00013F07EFB674955E4012200210320D8F7F0
:1095E0002BFA5C49204613F01BFB2046D6F7CCFF34
:1095F000204613F06DFB5249204613F011FB204624
:10960000D6F7C2FF204613F063FB534900E7002161
:1096100001220846D8F710FA5549204613F000FBFE
:109620002046D6F7B1FF204613F052FB44492046AE
:1096300013F0F6FA2046D6F7A7FF204613F048FBB2
:109640004C49E5E6012200210220D8F7F5F943490B
:10965000204613F0E5FA2046D6F796FF204613F091
:1096600037FB3749204613F0DBFA2046D6F78CFF4C
:10967000204613F02DFB3A49CAE60122104600218C
:10968000D8F7DAF93749204613F0CAFA2046D6F758
:109690007BFF204613F01CFB2949204613F0C0FA3B
:1096A0002046D6F771FF204613F012FB2E492046C4
:1096B00013F0B6FA2046D6F767FF204613F008FBF2
:1096C0002149204613F0ACFA2046D6F75DFF20462C
:1096D00013F0FEFA1D49204613F0A2FA2046D6F7F1
:1096E00053FF204613F0F4FA1949204613F098FA74
:1096F0002046D6F749FF204613F0EAFA0C211B4812
:1097000016F016FBABE6012200210320D8F794F9EE
:109710001049204613F084FA2046D6F735FF20463C
:1097200013F0D6FA0649204613F07AFA2046D6F707
:109730002BFF204613F0CCFA074902E6DCE60400D2
:109740005CAD0400F4E6040000B4040098E50400F5
:10975000A4E50400ACE60400C4E604007CE60400D2
:1097600094E60400C4F7040064E604005CFA040014
:109770000CE7040024E70400012200210220D8F7AE
:109780005BF9E249204613F04BFA2046D6F7FCFE7F
:10979000204613F09DFADE49204613F041FA204698
:1097A000D6F7F2FE204613F093FADA49C9E5012212
:1097B00010460021D8F740F9D749204613F030FA77
:1097C0002046D6F7E1FE204613F082FAD049204623
:1097D00013F026FA2046D6F7D7FE204613F078FA83
:1097E000CE49204613F01CFA2046D6F7CDFE20467F
:1097F00013F06EFACA49204613F012FA2046D6F743
:10980000C3FE204613F064FAC649204613F008FA56
:109810002046D6F7B9FE204613F05AFAC249204630
:1098200013F0FEF92046D6F7AFFE204613F050FAAB
:109830000C21BE4816F07CFAAAE501220021032083
:10984000D8F7FAF8BA49204613F0EAF92046D6F7D5
:109850009BFE204613F03CFAAD49204613F0E0F998
:109860002046D6F791FE204613F032FAB1491CE5A6
:10987000002101220846D8F7DFF8AF49204613F04F
:10988000CFF92046D6F780FE204613F021FAA049F2
:10989000204613F0C5F92046D6F776FE204613F091
:1098A00017FAA6494DE5002101220846D8F7C4F869
:1098B000A149204613F0B4F92046D6F765FE2046AC
:1098C00013F006FA9249204613F0AAF92046D6F77B
:1098D0005BFE204613F0FCF99849E6E401220021E2
:1098E0000220D8F7A9F88949204613F099F92046B3
:1098F000D6F74AFE204613F0EBF98549204613F0CF
:109900008FF92046D6F740FE204613F0E1F9814951
:10991000CBE4012210460021D8F78EF87E4920467C
:1099200013F07EF92046D6F72FFE204613F0D0F92B
:109930007749204613F074F92046D6F725FE2046D5
:1099400013F0C6F97549204613F06AF92046D6F798
:109950001BFE204613F0BCF97149204613F060F954
:109960002046D6F711FE204613F0B2F96D49204685
:1099700013F056F92046D6F707FE204613F0A8F953
:109980006949204613F04CF92046D6F7FDFD2046E4
:1099900013F09EF90C21654816F0CAF9ACE40122D7
:1099A00010460021D8F748F85B49204613F038F9F3
:1099B0002046D6F7E9FD204613F08AF9544920469F
:1099C00013F02EF92046D6F7DFFD204613F080F97C
:1099D0005249204613F024F92046D6F7D5FD2046FB
:1099E00013F076F94E49204613F01AF92046D6F7BF
:1099F000CBFD204613F06CF94A49204613F010F9CC
:109A00002046D6F7C1FD204613F062F946492046AC
:109A100013F006F92046D6F7B7FD204613F058F9A3
:109A20000C21424816F084F91AE40021012208466C
:109A3000D8F702F84049204613F0F2F82046D6F74E
:109A4000A3FD204613F044F93149204613F0E8F80D
:109A50002046D6F799FD204613F03AF93749FFF72B
:109A6000D8BB012200210420D7F7E6FF3449204665
:109A700013F0D6F82046D6F787FD204613F028F9D4
:109A80002349204613F0CCF82046D6F77DFD20462A
:109A900013F01EF92B49FFF7BCBB01220021032064
:109AA000D7F7CAFF2249204613F0BAF82046D6F766
:109AB0006BFD204613F00CF91549204613F0B0F861
:109AC0002046D6F761FD204613F002F91949FFF749
:109AD000A0BB002101220846D7F7AEFF1A49204655
:109AE00013F09EF82046D6F74FFD204613F0F0F80D
:109AF0000749204613F094F82046D6F745FD204646
:109B000013F0E6F81149FFF741BB00BF7CE6040003
:109B10005CAD040094E60400C4F7040064E60400AD
:109B200000B4040098E50400A4E504005CFA040015
:109B3000ACE60400C4E604000CE7040024E70400DB
:109B4000DCE60400F4E6040024E6040038E6040041
:109B5000012200210420D7F76FFF6D49204613F042
:109B60005FF82046D6F710FD204613F0B1F869499A
:109B7000204613F055F82046D6F706FD204613F090
:109B8000A7F86549FFF702BB012200210320D7F7A0
:109B900053FF6249204613F043F82046D6F7F4FC01
:109BA000204613F095F85B49204613F039F820461B
:109BB000D6F7EAFC204613F08BF85949FFF7E6BACE
:109BC000012200210220D7F737FF5649204613F023
:109BD00027F82046D6F7D8FC204613F079F84D49EF
:109BE000204613F01DF82046D6F7CEFC204613F091
:109BF0006FF84D49FFF7CABA012210460021D7F786
:109C00001BFF4A49204613F00BF82046D6F7BCFC50
:109C1000204613F05DF83F49204613F001F8204636
:109C2000D6F7B2FC204613F053F84149204612F013
:109C3000F7FF2046D6F7A8FC204613F049F83D4927
:109C4000204612F0EDFF2046D6F79EFC204613F08A
:109C50003FF83949204612F0E3FF2046D6F794FC3E
:109C6000204613F035F83549204612F0D9FF20463A
:109C7000D6F78AFC204613F02BF80C21304816F05A
:109C800057F8FEF73BBE2F49204612F0C9FF204689
:109C9000D6F77AFC204613F01BF81E49204612F036
:109CA000BFFF2046D6F770FC204613F011F8264976
:109CB000FFF7E8B8019B1868D7F7BEFEFFF751BA67
:109CC00042F2107709EE107AFEF726B842F2107AC7
:109CD0005146FDF7A5BF42F210784346FEF70AB899
:109CE00042F210794A46FDF7F5BF42F2107308EED2
:109CF000103A08EE903AFDF7DDBF144B0093144B79
:109D00000193144B0293144B0393FDF760BE00BF05
:109D1000FCE504005CAD040010E60400D4E504009A
:109D2000E8E50400ACE50400C0E5040070E50400CB
:109D300084E5040000B4040098E50400A4E50400F0
:109D40005CFA04003CF3040054F304009407FF1F82
:109D50009807FF1F9C07FF1FA007FF1F2DE9F04F6B
:109D60002DED048BC7B0DFF850B30190D8F798FF02
:109D7000B04A1992B04ADFF8448300231360AF4A17
:109D80008DF888301360AE4A2F931360AD4A30933C
:109D90001360AD4A8DF8C4301360AC4A189280222B
:109DA0008DF8702018AA0921CDE91A33CDE9323394
:109DB0001D92DBF8543042F29F42CDE91E1241F26F
:109DC0008830D8F81C1002910522CDE93402D8F869
:109DD000181003915A1E032A01F21082DFE812F0D4
:109DE0000A02E901C8010400DBF81030DBF8242086
:109DF0009FED977A974D984CDBF83860974802FBB7
:109E000003F307EE903AF8EE677A122367EE877A4B
:109E10002B60FDEEE77A13232360D8F870300293AD
:109E200017EE901AD8F86C30039311F05DFC3146B0
:109E300011F04EFC002111F079FCDBF85430206861
:109E4000874C2E682360874B87491E60874B884A62
:109E500018609DF80830874D9FED878A02241846C8
:109E60000C6008EE903A01210323002613602E6057
:109E700013F0A6FB9DF80C30804D1846012109EE29
:109E8000103A13F09DFBDBF81420DBF800309FED57
:109E9000707A7B4802FB03F307EE903AF8EE677A9C
:109EA00067EE877AFDEEE77A17EE901A11F01CFC48
:109EB000DBF8281011F00CFCDBED1B7AD8F804203D
:109EC000D8F80030D8ED026ADBF854009BED1A0A8E
:109ED00087EE887A02FB03F307EE903AF8EE677A92
:109EE000684B67EEA67A67EE877ABDEEE77A83ED78
:109EF000007A654BC3ED007AD8F70CFB634BDBF8B7
:109F00005400F0EE407A9BED1A0AC3ED007AD8F7C0
:109F100001FB16215E4885ED000A15F009FF28684F
:109F200017F0D6F941EC100B21465A4812F09CFC70
:109F3000584812F075FC1C21574815F0F9FEDBF863
:109F4000680017F0C5F941EC100B2146514812F09A
:109F50008BFC504812F064FCDBF85830002B00F00A
:109F60007483012B00F023834C4B4D4D0493D5F8A3
:109F700000901B680193B2464A4B0199C3F80090C8
:109F8000494B0122196000201146D7F755FD474B78
:109F900047495A6F0223012A0B6000F0D184DBF895
:109FA0005430013B032B0AD8DFE813F0DC00CF006C
:109FB00040010400012211460420D7F73DFDDBF8E3
:109FC0005C30022B00F0CB80032B00F03984012B96
:109FD00000F02C84BAF1000F40F38B810AF10103E9
:109FE0009FED1B8A2B4C069301254F462946504670
:109FF000D7F7B0FC12212F4815F09AFE29462046CB
:10A0000012F006FC204612F00BFCDBF85C30022B51
:10A0100000F0EB83032B00F0B883012B00F09D834D
:10A02000DBF85430013B032B4ED8DFE803F0848982
:10A030007F4900BF700E0500FC15FF1F0416FF1FAF
:10A040000016FF1FF415FF1FF815FF1FB40E0500C3
:10A050000AD7233C6407FF1FFC06FF1F5817FF1F8A
:10A060009407FF1F7407FF1F6807FF1F7007FF1F7C
:10A070006C07FF1F9007FF1F0000B4435407FF1F2A
:10A080003418FF1F5807FF1FF416FF1FF016FF1F9D
:10A0900034FB04002808FF1F4CFB0400D00FFF1FF7
:10A0A0000817FF1F0C17FF1FD40FFF1F3411FF1FCE
:10A0B000E00FFF1F6CFB0400A012FF1F7013FF1FB7
:10A0C000B748019911F04CFBB648394611F048FBEE
:10A0D0001321B54815F02CFEB44B2046196812F038
:10A0E00097FB204612F09CFB1021B14815F020FE92
:10A0F000B04B2046196812F08BFB204612F090FB03
:10A10000DBF85C30022B00F03E82AB4B5B6F012B27
:10A1100000F0A483DBF85430013B032B00F2A58050
:10A12000DFE813F0B605A30590058A00A34801995E
:10A1300011F016FBC8E7A248019911F011FBC3E723
:10A14000A048019911F00CFBBEE701221146022044
:10A15000D7F772FCDBF85C30022B7FF435AF4FEAA7
:10A16000860A37E7012211461046D7F765FC26E735
:10A17000DBF80C30DBF820209FED937A934D944C64
:10A18000DBF834608D4802FB03F307EE903AF8EEFB
:10A19000677A102367EE877A2B60FDEEE77A172344
:10A1A0002360D8F85030029317EE901AD8F84C304C
:10A1B0003AE6DBF80830DBF81C209FED837A834D0C
:10A1C000834CDBF830607F4802FB03F307EE903AE4
:10A1D000F8EE677A152367EE877A2B60FDEEE77A53
:10A1E00014232360D8F83030029317EE901AD8F871
:10A1F0002C3019E6DBF80430DBF818209FED727A7A
:10A20000724D734CDBF82C606D4802FB03F307EED4
:10A21000903AF8EE677A062367EE877A2B60FDEEB8
:10A22000E77A052317EE901A2360FEE50122114616
:10A230000320D7F701FCC2E6329B5A4E03F10C0211
:10A2400046A800EB820200EB83000021034640F8A1
:10A250008C6C53483291B7EE000A43F8880C42F8F0
:10A26000B41C18A80221F1F743FA1A9B002B3BD02B
:10A27000029B0595DFF87491039DA3F10A061D2E3C
:10A280003AD9A5F10A031D2B5ED9D8F8F800A0F140
:10A290000A031D2B07D8C0B213F0C8F9D8F8FC3058
:10A2A000984240F0258713F0E7FD002840F3A08096
:10A2B000484B1B68012B00F0A580032B00F0608148
:10A2C000002B00F05A81444B00221A70434A136855
:10A2D0000F930F9913680E930E9B5B1A632BF9D99A
:10A2E0001A9B002BCBD1059D069B01359D427FF427
:10A2F0007DAE3B4B0193A2E018EE900A13F096F965
:10A30000D8F8FC309842BCD02521364815F010FD15
:10A31000204612F085FA049B1B68002BB1DD1BA8B8
:10A3200012F054F9002320981A9311F045FB21985C
:10A3300011F042FB2A4B0193012119702A4B07208F
:10A340001970EDF7C9F87AE019EE100A13F06EF9FA
:10A35000D8F8FC30984298D02621484615F0E8FC01
:10A36000204612F05DFA049B1B68002B8DDA1BA8B7
:10A3700012F02CF9002320981A9311F01DFB21985C
:10A3800011F01AFB164B184A0193194601230B7062
:10A3900007204FF0FF311370EDF79EF84FE000BF3C
:10A3A0005817FF1F3418FF1FC8FB04000C17FF1FAE
:10A3B000DCFB0400D40FFF1F3411FF1F1817FF1F11
:10A3C000D817FF1F9817FF1F0AD7233C6407FF1FEA
:10A3D000FC06FF1F6007FF1FB816FF1F0C1FFF1FA3
:10A3E000CC16FF1F48FC04007818FF1F08E8040083
:10A3F00014F0B8FD00287FF769AF9E4B1B68012B56
:10A400007FF45BAF13F04CFDC0B29B4B5328187028
:10A4100000F0A18063287FF459AF1A9B53B118A8AC
:10A42000D6F740FD1A9B2BB1012013F069F91A9B56
:10A43000002BF9D1914B01221A70914B0193914C51
:10A4400023681193119A23681093109B9B1A312B48
:10A45000F9D98D498D4E086804908D488D4D00685E
:10A4600005908D488D4B8E4A8E4F0168D6F804902A
:10A470000691D5F804A0D3F804E0D2F804C07968B6
:10A480000391894902920868079004997068874A85
:10A4900008447D49126808606868059908447C4949
:10A4A0000860586806997E4B01447B4801605968F2
:10A4B0007E4B07980A441A607A687D4F83187A4A5F
:10A4C000C7F800901360DFF814927A4AC9F800A028
:10A4D000C2F800E0DFF808A2774A039B77481360D0
:10A4E0001E21CAF800C015F023FC7168744812F0F0
:10A4F0008FF9734812F094F91D21724815F018FC79
:10A5000069686F4812F084F96D4812F089F91421D6
:10A510006D4815F00DFC5C496948096812F078F93E
:10A52000674812F07DF90E21684815F001FC584982
:10A530006348096812F06CF9614812F071F9DBF8B0
:10A540005430013B032B00F25786DFE813F075030C
:10A550006F0369035D021A9B002B3FF46BAF18A8D1
:10A56000D6F7A0FC1A9B002B3FF464AF012013F038
:10A57000C7F81A9B002BF9D15CE715F06BFB43E79A
:10A5800014F004FD40E7DBF86030012B7FF4BDAD33
:10A59000AA457FF4BAAD30214D4815F0C9FB5146AC
:10A5A000474812F035F9464812F03AF9A1E6DBEDDA
:10A5B000127AD8F80030D8F80420D8ED026A454D58
:10A5C000DBF83C6087EE887A02FB03F3DDED017A6D
:10A5D000B8EEE78A07EE903AF8EE677ADBF85C307F
:10A5E00067EEA67A022B67EE877A67EE887AFDEE31
:10A5F000E77A17EE909AC5ED007A1CD9032B1DD18E
:10A600009BED110ADBF85400D7F784FFDBED0F7ADE
:10A61000314BD5F800900493B8EE677A4FEA460ABA
:10A62000C0EE077A67EE887AFDEEE77ACDED017A23
:10A63000C3ED007AA0E4002B40F06184264B049324
:10A640001B6801934FEA460A96E4DBF85C30DBF8BE
:10A650004060022B48D9032B49D107EE906ADBED0D
:10A66000146AF8EE677A730086EEA77AC7EE087A66
:10A6700040E000BF6007FF1FB816FF1F7818FF1FDC
:10A68000CC16FF1F0C1FFF1FFC15FF1F3418FF1FE8
:10A690000416FF1FD817FF1F0016FF1F9817FF1F74
:10A6A0001817FF1F5817FF1FF815FF1FF415FF1F7E
:10A6B0005016FF1F5416FF1F4C16FF1F70FC04009E
:10A6C0002808FF1F90FC040060EE0400B0FC0400AA
:10A6D000F0FB04000817FF1FD00FFF1F5816FF1FC5
:10A6E0004816FF1F00000000002B40F027845FED9C
:10A6F000037A7300D8F8042098ED027ADDED016A40
:10A70000AA4D9A46D8F8003002FB03F300EE103A47
:10A71000B8EE400AB8EEE68A20EE070A20EE270AD5
:10A7200020EE080A15F012FEF0EE407AFDEEE77A10
:10A730009BED130ADBF85400C5ED007AD7F7EAFE6B
:10A7400028EE000A9A4BD5F800900493FDEEC07AEB
:10A75000CDED017AC3ED007A0EE4012D00F05983AE
:10A76000022D02D0EB0700F11284924B1F68DBF838
:10A770005830002B00F00484012B02D18D4B7F4216
:10A780001F608D4B1B6801934AE4012D16D015F014
:10A79000010240F0E083DBF85830002B00F06F84BA
:10A7A000012B00F01B8485480E2115F0C1FA019998
:10A7B000204612F02DF8204612F032F80F21804882
:10A7C00015F0B6FA3946204612F022F8204612F06B
:10A7D00027F80C217B4815F0ABFA0199204612F0BE
:10A7E00017F8204612F01CF81AE405F003060521BC
:10A7F000754815F09DFA3146204612F009F82046BA
:10A8000012F00EF8022EDBF8583000F0DA82032E38
:10A8100000F07A82012E00F04E82002B00F0EB83D4
:10A82000012BCBD1644B1B680193F0E20B216748ED
:10A8300015F07EFA5146664811F0EAFFFFF7CABBF1
:10A84000DBF85830002B00F06982012B7FF4C2AB9B
:10A85000049B594A1B681360FFF7BCBB5D4B5E4904
:10A8600093ED1C7A5D4B5E48D3ED006A5D4A5E4E07
:10A87000DFF8889107EE907AF8EEE77A27EE087A0B
:10A8800067EEA67A03230B6067EE877A5749FDEEE1
:10A89000E77A0B60102303601723136017EE901AFA
:10A8A00000233046736010F05BFFD9F800300D9341
:10A8B0000D9AD9F800300C930C9B9B1A042BF8D9F5
:10A8C00010214B4815F034FA3946204611F0A0FF0C
:10A8D000204611F0A5FF0D21464815F029FA0199EF
:10A8E000204611F095FF204611F09AFFDBF8543016
:10A8F000022B00F09582042B00F04E82012B7FF496
:10A90000B4AC329BDFF8F8E046A800EB830C03F10F
:10A910000D02002100EB8202634660464CF88CEC8D
:10A92000DFF8E0C03291B7EE000A40F888CC43F877
:10A93000846C18A842F8B41C0321F0F7D9FE94E403
:10A940002A4B274C03201860234B10271860254BF7
:10A950002760114617241C60D7F76EF8DBF8142027
:10A96000DBF800309FED247A1F48244C02FB03F3F0
:10A9700007EE903AF8EE677A002367EE877A436035
:10A98000FDEEE77A17EE901A10F0AEFEDBF8281015
:10A9900010F09EFE23680993099A23680893089B88
:10A9A0009B1A042BF9D9FFF7FABA00BF0817FF1F4B
:10A9B000D00FFF1F0C17FF1FD40FFF1FA8FB0400B1
:10A9C00088FB040098FB040080FB04005CF6040094
:10A9D0002808FF1F3411FF1F9807FF1F7C18FF1F57
:10A9E0007C07FF1F7807FF1F1817FF1FE00FFF1FCF
:10A9F00024FC040038FC04000AD7233C0C1FFF1F72
:10AA00003418FF1FD817FF1FC74BC84D1B685B4288
:10AA10002B60C74A3B68526FC64E5B42012A3360C7
:10AA200000F06382C44FC548132115F081F93168E5
:10AA3000C34811F0EDFEC24811F0F2FE1321C148E7
:10AA400015F076F92968BE4811F0E2FEBC4811F015
:10AA5000E7FE1321BC4815F06BF93968B84811F0CE
:10AA6000D7FEB74811F0DCFE019B1B78002B00F0ED
:10AA70001182B64E15AD23681393139940F2ED225F
:10AA800023681293129B5B1A9342F9D9B049284666
:10AA900012F0C6F82846D5F777FD284612F018F9C7
:10AAA0003168284612F0BCF82846D5F76DFD2846D7
:10AAB00012F00EF9A749284612F0B2F82846D5F749
:10AAC00063FD284612F004F93168284612F0A8F810
:10AAD0002846D5F759FD284612F0FAF80021084615
:10AAE0000122D6F7A9FFDBF8540001220021D6F796
:10AAF000A3FFD8F8E030012B00F0A7819649284643
:10AB000012F08EF82846D5F73FFD284612F0E0F8FF
:10AB10009249284612F084F82846D5F735FD284694
:10AB200012F0D6F88E49284612F07AF82846D5F762
:10AB30002BFD284612F0CCF88A49284612F070F80E
:10AB40002846D5F721FD284612F0C2F88649284646
:10AB500012F066F82846D5F717FD284612F0B8F827
:10AB60008249284612F05CF82846D5F70DFD2846A4
:10AB700012F0AEF87E49284612F052F82846D5F772
:10AB800003FD284612F0A4F87449284612F048F84C
:10AB90002846D5F7F9FC284612F09AF87549284658
:10ABA00012F03EF82846D5F7EFFC284612F090F850
:10ABB0006C49284612F034F82846D5F7E5FC2846BB
:10ABC00012F086F86849284612F02AF82846D5F788
:10ABD000DBFC284612F07CF86449284612F020F885
:10ABE0002846D5F7D1FC284612F072F8D8F80001B3
:10ABF000A0F10A031D2B40F2488123681593159A92
:10AC000023681493149B9B1AF92BF9D95A4B189368
:10AC100018A8ECF79DFD47B0BDEC048BBDE8F08FA4
:10AC2000DAF80030414D5B422B60F2E6534B3F4D6A
:10AC30001B685B422B60ECE6D9F800303B4D5B4271
:10AC40002B60E6E6329B4E4E03F10C0246A800EB69
:10AC5000820200EB83000021034640F88C6CB7EEC3
:10AC6000000A48483291FFF7F8BA329B444E03F18C
:10AC70000C0246A800EB820200EB83000021034691
:10AC800040F88C6CB7EE000A3F483291FFF7E5BA06
:10AC9000329B3B4E03F10C0246A800EB820200EB14
:10ACA00083000021034640F88C6CB7EE000A374859
:10ACB0003291FFF7D2BA002B00F08980012B7FF48C
:10ACC0007DAD042D324B40F3EE81DBED1B7AF5EECA
:10ACD000407AF1EE10FA00F0E681D3ED007A17EE3B
:10ACE000902A002AF8EEE77A40F37982294A92ED19
:10ACF000007A77EE877AFDEEE77A17EE907AC3ED69
:10AD0000007A0023019359E5002B00F06D81012B9F
:10AD10007FF454AD1E4B1F687F42F2E71C4A2B683C
:10AD20001360FFF757B900BF4C16FF1F1C18FF1F19
:10AD30003411FF1F1818FF1F2018FF1FA0F8040070
:10AD40002808FF1FC0FC0400B4F804004807FF1FD8
:10AD5000D4FC0400E8FC0400E4FA04005CAD040048
:10AD6000F8FA040000B4040098E50400A4E5040027
:10AD70000CFB040020FB0400B40E05005416FF1F5A
:10AD80003418FF1F1817FF1F9817FF1FD817FF1F32
:10AD90000C17FF1FF416FF1F329BDFF844E346A891
:10ADA00000EB830C03F10D02002100EB82026346ED
:10ADB00060464CF88CECB7EE000ADFF828C33291FD
:10ADC000B3E5002B3FF47DAF012B7FF4F7AC042DEE
:10ADD000B64B7FF728ADDBED1A7AF5EE407AF1EE4F
:10ADE00010FA3FF420ADD3ED007A17EE902A002A36
:10ADF000F8EEE77A40F3E681AD4A92ED007A77EE1D
:10AE0000877AFDEEE77ACDED017AC3ED007A00276F
:10AE1000D4E4A84B1F68A54B1B680193FFF700B94A
:10AE2000329BDFF8BCE246A800EB830C03F10D0275
:10AE3000002100EB8202634660464CF88CECB7EED2
:10AE4000000ADFF8A4C232916FE59B49284611F051
:10AE5000E7FE2846D5F798FB284611F039FF9749B9
:10AE6000284611F0DDFE2846D5F78EFB284611F066
:10AE70002FFF9349284611F0D3FE2846D5F784FBCF
:10AE8000284611F025FF8D49A7E60121C0B212F036
:10AE900097FBB2E615AD8B498B4E284611F0C0FEEC
:10AEA0002846D5F771FB284611F012FF3168284675
:10AEB00011F0B6FE2846D5F767FB284611F008FFCB
:10AEC0008249284611F0ACFE2846D5F75DFB28469E
:10AED00011F0FEFE3168284611F0A2FE2846D5F793
:10AEE00053FB284611F0F4FEC5E500210320D6F7F8
:10AEF000A3FD029B764F5B685B423B6093E59BED55
:10AF0000110ADBF85400D7F705FBDBF83C30D5F825
:10AF100000905B0007EE903AF8EE677A6D4B049371
:10AF200080EE277A4FEA460A27EE087AFDEEC77AC6
:10AF3000CDED017AC3ED007AFFF71EB8730007EE7E
:10AF4000903ADBED146AF8EE677A86EEA77AC7EEE0
:10AF5000087AFFF7CFBBDBED1A7AF5EE407AF1EE17
:10AF600010FA26D1514B1B680193DBED1B7AF5EEED
:10AF7000407AF1EE10FA6DD14E4B1F68564813E43B
:10AF80004A4A13685B4201931360FFF749B8DBED4F
:10AF90001A7AF5EE407AF1EE10FA47D1DBED1B7A22
:10AFA000444BF5EE407AF1EE10FA29D11F68FFF715
:10AFB000DEBB3E4A136807EE903A002B3C4BF8EE9E
:10AFC000E77A93ED007A40F3D08077EE877AFDEE52
:10AFD000E77ACDED017AC2ED007AC6E7354B0192F2
:10AFE0001F687F42FFF7DFBB1F46304B1B685B4289
:10AFF0000193FFF7E3BB01932E4B1F68FFF7DEBB06
:10B00000D3ED007A17EE902A002AF8EEE77A40F3A3
:10B01000CB80324A92ED007A77EE877AFDEEE77ABE
:10B0200017EE907AC3ED007AFFF7A1BB1F4BD3ED6B
:10B03000007A17EE902A002AF8EEE77A40F3A9800A
:10B040001B4A92ED007A77EE877AFDEEE77AC3ED40
:10B05000007AA3E7174A136807EE903A002B1F4BBC
:10B06000F8EEE77A93ED007A40F3898077EE877AFD
:10B07000FDEEE77A17EE907AC2ED007A7EE70B4B91
:10B08000DFF868901B685B420193D9F800300B939E
:10B090000B9AD9F800300A930A9B9B1A042BF8D913
:10B0A0000027FFF780BB1F682BE600BFD40FFF1FF0
:10B0B000F016FF1F0C17FF1FFCFC04005CAD040022
:10B0C00010FD040030F104004807FF1F44F10400A4
:10B0D0002018FF1FD00FFF1FB8FB0400F416FF1F3E
:10B0E0003418FF1F5817FF1F9817FF1F0C1FFF1F53
:10B0F0002021444814F01CFE434811F091FB1BA88A
:10B10000002411F063FA20981A9410F055FC21984D
:10B1100010F052FC3D4B01252246214620461D7071
:10B12000D6F78AFC224621462846D6F785FC2246D9
:10B1300021460220D6F780FC224621460320D6F77E
:10B140007BFC224621460420D6F776FC0720EBF74D
:10B150008DFCD8F80001A0F10A031D2B3FF656AD77
:10B160002946C0B212F02CFA50E577EEC77A284B88
:10B17000FDEEE77ACDED017AC3ED007AF5E677EEE4
:10B18000C77A244BFDEEE77A17EE907AC3ED007A8A
:10B19000F4E6214B93ED007A1D4B77EEC77AFDEE76
:10B1A000E77AC3ED007AF9E61C4B93ED007A194B70
:10B1B00077EEC77AFDEEE77A17EE907AC3ED007A64
:10B1C000FFF7D5BA144B93ED007A114B77EEC77A9F
:10B1D000FDEEE77ACDED017AC3ED007A17E60F4B6D
:10B1E00093ED007A0B4B77EEC77AFDEEE77A17EE18
:10B1F000907AC3ED007A84E5094D0AE4094D0A4CC2
:10B20000FEF71DBE4CE504002808FF1F7818FF1F3D
:10B21000D40FFF1F0C17FF1FF016FF1FF416FF1FA0
:10B220001C18FF1F6407FF1FFC06FF1F2DE9F04FCE
:10B230002DED0E8BDFF830B3B44ADBF8003095B05B
:10B240000EEE900A0A9300231370B14A13700A9A03
:10B25000DBF800300993099B9B1A092BF8D9AD49FB
:10B26000DFF80893DFF808A3AB4FAC4EAC4DAD4C04
:10B27000DFF8008311A811F0D3FC11A8D5F784F9E9
:10B2800011A811F025FDA84B11A8196811F0C8FCF0
:10B2900011A8D5F779F911A811F01AFD1521A348C5
:10B2A00014F046FDA24811F0BBFAA24ADFF8C8E24A
:10B2B000A148A24900231360A14ACAF800301360D4
:10B2C000A04ACEF8003013609F4A3B601370D9F853
:10B2D00024203360022A2B6003600B60237088F8FF
:10B2E0000030059340F0708708EE103A974D0493B4
:10B2F00040F2F5161F463846D9F7CAFE51EC100B3E
:10B3000016F036FB237807EE900A002B41F03D85BE
:10B3100098F80030002B41F081852B68042B0ADC63
:10B32000002B0CDD023B022B02F29785DFE813F0C5
:10B33000D500CB00DD0023F02003452B02D00137E0
:10B34000B742D8D10397824FD9ED087A3B687A6823
:10B3500097ED027A039CB8EEC88A02FB03F328EE4D
:10B36000278A07EE903AF8EE677A67EE877AFDEE65
:10B37000E77AF8EEE77AC7EE88AAFDEEEAAAD9EDF9
:10B380000B6A97ED057AFA683B697248C6EE877AD0
:10B3900002FB03F3222109EE103AB8EE499A29EE96
:10B3A000279A14F0C5FCD9F82C0015F091FF41EC58
:10B3B000100B02215E4811F057FA5D4811F030FA87
:10B3C0002121654814F0B4FC786915F081FF41EC47
:10B3D000100B0221564811F047FA554811F020FA97
:10B3E0001C215E4814F0A4FC00230A22396950484D
:10B3F00011F02EFA4E4811F013FA1E21584814F09D
:10B4000097FC00230A22F968494811F021FA4848BC
:10B4100011F006FA1E21524814F08AFC00230A2279
:10B42000F968434811F014FABDEEC99A404811F08A
:10B43000F7F917214B4814F07BFC19EE101A3C4821
:10B4400011F0E6F93A4811F0EBF9D7F8CC30D9ED24
:10B450000B6A002B53D097ED367AD7F8D430D7F853
:10B46000D020C6EE877A02FB03F309EE903AF8EE9D
:10B47000699A7B6B69EEA79AFDEEE99A002B00F0C2
:10B480002987012B40F0AD8699ED0B0AD6F7BAFF5C
:10B49000BDEEC0BA7B6D002B00F0A986012B40F0F9
:10B4A0009C8699ED0B0AD6F7F1FFFDEEC0BAD9F8EC
:10B4B0000030013B032B02F2D784DFE813F0670072
:10B4C000B808B408B008D9F82830002B7FF437AF9B
:10B4D000FDEEE77ACDED047A31E7D9F82830012B7B
:10B4E0007FF42DAFBDEEE78A29E7D9F82830002B8D
:10B4F0007FF425AFFDEEE77ACDED057A1FE797EDF6
:10B500000A7A7B6A3A6AC6EE877AACE7CC16FF1FE6
:10B510003016FF1F2CB10400FC15FF1FF015FF1F94
:10B52000F415FF1FDD0FFF1F4807FF1F24FD040058
:10B530002808FF1F4C16FF1F2C18FF1F3018FF1F75
:10B540005016FF1F4416FF1F7818FF1FDC16FF1F41
:10B550007013FF1FC4FD0400E8FD04000CFE04008E
:10B560002CFE04004CFE04000C1FFF1F4410FF1FA4
:10B570001417FF1FDC0FFF1F4816FF1F00000000FD
:10B5800000007A440000B443000026448DED069A82
:10B59000D9F81C30002B00F04281631C1FED09EA32
:10B5A00001931FED09DA5FED09DA5FED09CA744D09
:10B5B000744EDFED758A01230293B0EE4EAABA46AF
:10B5C000724911A811F02CFB11A8D4F7DDFF11A8C6
:10B5D00011F07EFB2B68012B00F06D86032B00F031
:10B5E0007486002B00F06C86DDED027A9FED68CA50
:10B5F000B8EE670AD4F780FF316811A811F010FB8C
:10B6000011A8D4F7C1FF11A811F062FB0299D9F873
:10B610001C00D6F79FF95F4B1B780024002B40F0ED
:10B62000FD805D4B5D4FC3ED008A2046C7ED008A6B
:10B63000D9F72EFD51EC100B16F09AF9182108EEEF
:10B64000100A574814F074FB98F80010554811F090
:10B65000DFF8544811F0E4F898F80030002B40F07F
:10B66000D986514911A811F0DBFA11A8D4F78CFF43
:10B6700011A811F02DFB2B68012B00F0C784032BC0
:10B6800000F0BF84002B00F0CB8407EE904AB8EEA8
:10B69000E70AD4F731FF316811A811F0C1FA11A8F7
:10B6A000D4F772FF11A811F013FB404911A811F053
:10B6B000B7FA11A8D4F768FF11A811F009FB2B689D
:10B6C000012B00F0A884032B00F09684002B00F0DF
:10B6D0008E84374911A811F0C1FA11A8D4F754FF8C
:10B6E00011A811F0F5FA316811A811F099FA11A812
:10B6F000D4F74AFF11A811F0EBFA2E4911A811F066
:10B700008FFA11A8D4F740FF11A811F0E1FA2B68C5
:10B71000012B00F06784032B00F05F84002B00F006
:10B720005784B0EE480AD4F7E7FE316811A811F04B
:10B7300077FA11A8D4F728FF11A811F0C9FA1E4B07
:10B740001B68413B192B5CD8DFE813F0AE03E50220
:10B75000D5001E038D0301035203830173022902E6
:10B760001002C6015B00C8028502B6025B00380009
:10B77000D50053005B00EE005B0052015B0024012A
:10B780006007FF1F4C07FF1F00000000F4EE0400DD
:10B7900000002C447818FF1FB016FF1FB416FF1FBF
:10B7A00064FE04002808FF1F94FD0400ACFD0400A3
:10B7B0000816FF1F80FE0400DC16FF1FB24911A807
:10B7C00011F02EFA11A8D4F7DFFE11A811F080FABB
:10B7D000AE49AF4811F06EFB002801F0EB80B5EEEA
:10B7E000C08AF1EE10FA4CBF4FF0FF300120EDF7A8
:10B7F00005F81EEE900AF1F7B5FE78B9D7F712FBFF
:10B8000060B9D7F70FFB48B9019B01349C4200F0A7
:10B810003683A04B1B78002B3FF403AF57469E4B5B
:10B820009E481B78102123B99D4B1B78002B00F0FC
:10B830006F8614F07DFA984B9A48197810F0E8FF5B
:10B840000221994814F074FA954B9648197810F033
:10B85000DFFF944810F0E4FF9449954C11A811F0D3
:10B86000DFF911A8D4F790FE11A811F031FA216880
:10B8700011A811F0D5F911A8D4F786FE11A811F07E
:10B8800027FA8C4911A811F0CBF911A8D4F77CFE46
:10B8900011A811F01DFA216811A811F0C1F911A821
:10B8A000D4F772FE11A811F013FA834B3968D3ED67
:10B8B000006A7B6897ED027A9FED806AD9F80020D4
:10B8C00001FB03F307EE903AF8EE677AF8EEE66ACA
:10B8D00067EE877A7A4B86EEA77A013A67EE067AA8
:10B8E000C3ED007A032A00F2D483DFE812F0810668
:10B8F00068065906B703D9F82810002901F0078017
:10B9000001297FF47EAFD9F82430022B01F0758332
:10B91000D9F80030013B032B01F2B280DFE813F0CD
:10B92000C60B9C08970B860B574911A811F078F9A4
:10B9300011A8D4F729FE11A811F0CAF9614962488B
:10B9400011F0B8FA002800F04B85604B9FED60AA1B
:10B95000B0EE480ABCEEC88A83ED168AD4F7CCFD57
:10B960005C4911A811F05CF911A8D4F70DFE11A8DB
:10B9700011F0AEF9B8EECA0AD4F7BEFD4C4B11A8CF
:10B98000196811F04DF911A8D4F7FEFD11A811F0B6
:10B990009FF936E7D9F82420D9F80030079301271A
:10B9A000022AC9F8007000F04D87DAED057ADAF85E
:10B9B0000C10DAF8102088EE270A01FB02F207EEDD
:10B9C000902AF8EE677A27EE800A14F0BFFCBDEEED
:10B9D000C0EAF7EE000AB8EECE0A39463846EFF76D
:10B9E000F1FF079BC9F8003000283FF40AAF15E7C4
:10B9F000D9F82430D9F8007002229342C9F8002007
:10BA000001F03281DAF8CC30002B40F0BF85DAED5E
:10BA10000A7ADAF82430DAF8202088EE270A02FBC6
:10BA200003F307EE903AF8EE677A27EE800A14F0F7
:10BA30008DFCBDEEC0EA0121B8EECE0AF7EE000A99
:10BA40000846EFF7BFFFC9F8007000283FF4D9AEF1
:10BA5000E4E6D9F82830002B00F08187012B7FF431
:10BA6000CDAED9F82430022BD9F8003003F1FF33E2
:10BA700000F0B086032B01F29980DFE813F0950BFC
:10BA80007C08620B530B00BF00D70400B8FE040013
:10BA90002010FF1F7818FF1FCC16FF1F00B20400F4
:10BAA0003016FF1F2808FF1F1CB0040000FF040011
:10BAB0004807FF1F18FF04005016FF1F0000B44383
:10BAC0002016FF1F7C1105001410FF1FA012FF1F7E
:10BAD0003002000008D70400B7498AED1A8A11A87D
:10BAE00011F09EF811A8D4F74FFD11A811F0F0F84D
:10BAF0002B68012B01F00580032B00F0F287002B4F
:10BB000001F00E80B0EE480AD4F7F6FC2B68012B4A
:10BB100000F0F287032B00F0FE87002B00F0F68781
:10BB2000A64911A811F07CF811A8D4F72DFD11A891
:10BB300011F0CEF8B0EE6C0AD4F7DEFCA04B11A8E1
:10BB4000196811F06DF811A8D4F71EFD11A811F0B5
:10BB5000BFF8D9F80030042B01F0BF80D7F762F9A5
:10BB600000287FF45BAE9FED97AA4DE69649974873
:10BB700011F0A0F9002800F03887B5EE408AF1EE08
:10BB800010FA4FF0000240F0568511461046D5F7E6
:10BB900053FFD7F747F900283FF436AE3EE6864913
:10BBA0008AED128A11A811F03BF811A8D4F7ECFC29
:10BBB00011A811F08DF82B68012B00F0CF87032B13
:10BBC00000F0C787002B00F0BF87B0EE480AD4F71B
:10BBD00093FC2B68012B00F0B287032B00F0AA879F
:10BBE000002B00F0A287754911A811F019F811A8CF
:10BBF000D4F7CAFC11A811F06BF8B0EE4C0AD4F7D8
:10BC00007BFC6F4B11A8196811F00AF811A8D4F742
:10BC1000BBFC11A811F05CF8D9F80030032B01F03F
:10BC20002D80D7F7FFF800287FF4F8AD9FED68AAC4
:10BC3000EAE5D9F82430022BD9F8003003F1FF33BC
:10BC400000F00B86032B00F20783DFE813F09D055D
:10BC5000F1028E057F05D9F82430022BD9F8003087
:10BC600000F02E86022B00F0CE8740F24981033B84
:10BC7000012B18D8DAF8CC30002B41F0A081DAED96
:10BC80000A7ADAF82430DAF8202088EE270A02FB54
:10BC900003F307EE903AF8EE677A27EE800A14F085
:10BCA00055FBBDEEC0EAB8EECE0AF7EE000A002161
:10BCB0000120EFF787FEA0E528EE0D8ADBF80030C3
:10BCC0000E93FCEEC87A0E9917EE902ADBF800303E
:10BCD0000D930D9B5B1A9A42F8D892E5364911A84C
:10BCE00010F09EFF11A8D4F74FFC11A810F0F0FF40
:10BCF0003849394811F0DEF8002800F03183374B1D
:10BD00009FED37AAB0EE480ABCEEC88A83ED018ADF
:10BD1000D4F7F2FB24E6D9F82430D9F800700322D6
:10BD2000022BC9F8002000F0B585DAF83430002B7A
:10BD300000F01987012B00F08984B8EECE0A1EEEC0
:10BD4000900AF7EE000A0121EFF73CFE7BE6254959
:10BD5000254811F0AFF8002800F01386234A136835
:10BD6000013B0D2B00F2D480DFE813F0C409CA09AF
:10BD7000B209CE00D200D200D200D200D200D2004E
:10BD8000B809BE09D009D609D9F82430D9F800700D
:10BD90000422022BC9F8002000F03E85DAF8543066
:10BDA000002B00F03A87012BC7D1B0EE480AD6F736
:10BDB0006DFBBDEEC0EAC0E700D7040008D7040061
:10BDC0004807FF1F980200003CB704003816FF1F09
:10BDD000B0020000D4FE0400E40FFF1F0011FF1F9B
:10BDE00070010000840B05000810FF1FC011FF1F29
:10BDF0008E4911A810F014FF11A8D4F7C5FB11A8A3
:10BE000010F066FF8A498B4811F054F8002800F0C2
:10BE10008282894B9FED89AAB0EE480ABCEEC88A9F
:10BE200083ED108AD4F768FB854911A810F0F8FE5D
:10BE300011A8D4F7A9FB11A810F04AFFB8EECA0A5E
:10BE4000D4F75AFB7F4B196811A810F0E9FE11A82E
:10BE5000D4F79AFB11A810F03BFFD6F7E3FF0028B8
:10BE60003FF4D2ACDAE4D6F7DDFF00287FF4D6AC9D
:10BE70007548182113F05CFF744810F0D1FCDBF812
:10BE800000301093109ADBF800300F930F9B9B1A31
:10BE9000632BF8D9029B01331A460293D9F81C3060
:10BEA0009342BFF48DABB9E4D9F82830002B00F0F1
:10BEB0001D85012B7FF4A2ACD9F82430022B00F0B1
:10BEC000928488EE2D0ADAF80420DAF8003002FBBA
:10BED00003F307EE903A9AED027AF8EE677A67EE8E
:10BEE000877A27EE800A14F031FABDEEC00A1EEE02
:10BEF000900AB8EEC00AF7EE000AF2F74BF97CE4BC
:10BF0000012B3FF4B7AECEE69FED51AA82ED108A29
:10BF1000464911A810F084FE11A8D4F735FB11A8EA
:10BF200010F0D6FE2B68012B00F02687032B00F0C3
:10BF30001E87002B00F01687B0EE480AD4F7DCFA13
:10BF40002B68012B00F00987032B00F00187002BE1
:10BF500000F0F9863A4911A810F062FE11A8D4F752
:10BF600013FB11A810F0B4FEB8EECA0AD4F7C4FA55
:10BF7000344B11A8196810F053FE11A8D4F704FB34
:10BF800011A810F0A5FEDBF800300C930C9ADBF83A
:10BF900000300B930B9B9B1A132BF8D92D4911A83A
:10BFA00010F03EFE11A8D4F7EFFA11A810F090FEA1
:10BFB000294911A810F034FE11A8D4F7E5FA11A808
:10BFC00010F086FEB0EE480AD4F796FA31683BE7E7
:10BFD000222013F031FFFFF7A4BB222012F080FFD4
:10BFE000FFF79FBB222011F091FEFFF79ABB2220A2
:10BFF00013F022FFFFF76DBB222012F071FFFFF755
:10C0000068BB222012F06CFFFFF73FBB222011F02B
:10C010007DFEFFF73ABB222011F078FEFFF759BBF7
:10C02000222013F009FFFFF730BB00BF00D7040048
:10C03000B0FE04002C10FF1F7814FF1FA4010000A5
:10C0400008D704004807FF1FE4FE04002808FF1F6C
:10C050000C00000098FE040000B404007A6DCA4B86
:10C06000012A1B6800F2D58307EE903AFA6DB96D8C
:10C0700097ED197AF8EEE77A01FB02F267EE877A1C
:10C0800007EE102AB8EE477AC7EE876ABF4BC3EDBA
:10C09000006A002108460122D5F7CEFC0122104695
:10C0A0000021D5F7C9FC012200210220D5F7C4FCEC
:10C0B000012200210320D5F7BFFC0122002104202A
:10C0C000D5F7BAFCD7F8E030012B00F0D480B049A6
:10C0D00011A810F0A5FD11A8D4F756FA11A810F078
:10C0E000F7FDAC4911A810F09BFD11A8D4F74CFA4C
:10C0F00011A810F0EDFDA84911A810F091FD11A8AC
:10C10000D4F742FA11A810F0E3FDA44911A810F0E9
:10C1100087FD11A8D4F738FA11A810F0D9FDA0496D
:10C1200011A810F07DFD11A8D4F72EFA11A810F077
:10C13000CFFD9C4911A810F073FD11A8D4F724FA83
:10C1400011A810F0C5FD984911A810F069FD11A8BB
:10C15000D4F71AFA11A810F0BBFD8E4911A810F0FF
:10C160005FFD11A8D4F710FA11A810F0B1FD8F49A6
:10C1700011A810F055FD11A8D4F706FA11A810F077
:10C18000A7FD864911A810F04BFD11A8D4F7FCF9C2
:10C1900011A810F09DFD824911A810F041FD11A8D1
:10C1A000D4F7F2F911A810F093FD7E4911A810F010
:10C1B00037FD11A8D4F7E8F911A810F089FD15B0E2
:10C1C000BDEC0E8BBDE8F08F0AEE903A784F0493E9
:10C1D0004FF4FA740393FFF7D2B8DFED76BAFFF7A6
:10C1E00066B97B6D9FED73BA002B7FF457A9059B51
:10C1F000002B00F060829DED057AFB6DBA6DD9EDE4
:10C20000087AD7ED186AB8EEC77A02FB03F327EE77
:10C21000277A07EE903AF8EE677A674B67EEA67AD0
:10C22000C7EE87BAFDEEEBBAC3ED00BAFFF73FB930
:10C23000DAED057ADAF81030DAF80C2088EE270A01
:10C2400002FB03F307EE903AF8EE677A27EE800AD6
:10C2500014F07CF8BDEEC0EAB8EECE0AF7EE000AA4
:10C2600000214FF0FF30EFF7ADFB0746002F3FF402
:10C27000C5AAFFF7D3BA514911A810F0D1FC11A8F3
:10C28000D4F782F911A810F023FD424911A810F04B
:10C29000C7FC11A8D4F778F911A810F019FD484986
:10C2A00011A810F0BDFC11A8D4F76EF911A810F078
:10C2B0000FFD38497AE7222011F028FDFFF794B9E5
:10C2C000222013F0B9FDFFF78FB9222012F008FEEB
:10C2D000FFF78AB9049B002B00F0E5819DED047AFD
:10C2E000FB6BBA6BD9ED087AD7ED106AB8EEC77A56
:10C2F00002FB03F327EE277A07EE903AF8EE677A0F
:10C30000304B67EEA67A87EE87BABDEECBBA83EDE7
:10C3100000BAFFF7BFB82C492C4810F0CBFD00281D
:10C3200000F09C812A4B83ED128A2B68012B01F0CF
:10C330004181032B01F04881002B01F04081B0EED8
:10C34000480AD4F7D9F82B68012B01F04981032B57
:10C3500001F03F81002B01F04A819FED1EAA63E5A9
:10C360001D491E4810F0A6FD002800F0DB81B5EE47
:10C37000C08AF1EE10FA4CBF4FF0FF300120F6F703
:10C38000DDFDFFF7EDBA00BF4416FF1F2C16FF1F9F
:10C39000ECEC04005CAD040004ED040000B4040007
:10C3A00098E50400A4E504001CED040034ED04004D
:10C3B0007013FF1F00000000D816FF1F30FF04009D
:10C3C00048FF0400D016FF1F840B05002C10FF1F30
:10C3D0007814FF1F74020000D8FE0400E40FFF1F52
:10C3E000B949BA4810F066FD002840F04F81B849BD
:10C3F000B64810F05FFD002801F06A80B5EEC08AF3
:10C40000F1EE10FA4CBF4FF0FF300120FDF7A6FC13
:10C41000FFF7A6BA1B21AF4813F08AFCAE4810F014
:10C42000FFF9AE4911A810F0FBFB11A8D4F7ACF846
:10C4300011A810F04DFC2B68012B574600F0E1814C
:10C44000032B00F0AF81002B00F0B881A44911A8A4
:10C4500010F0E6FB11A8D4F797F811A810F038FCFB
:10C46000316811A810F0DCFB11A8D4F78DF811A8E1
:10C4700010F02EFC9B4911A810F0D2FB11A8D4F7A4
:10C4800083F811A810F024FC2B68012B00F0BD816B
:10C49000032B00F08F81002B00F08881DDED037A03
:10C4A000B8EEE70AD4F728F8316811A810F0B8FB05
:10C4B00011A8D4F769F811A810F00AFC8A4911A84C
:10C4C00010F0AEFB11A8D4F75FF811A810F000FC33
:10C4D0002B68012B00F09181032B00F07781002B5A
:10C4E00000F07081814911A810F0B8FB11A8D4F7B1
:10C4F0004BF811A810F0ECFB316811A810F090FB7C
:10C5000011A8D4F741F811A810F0E2FBFFF787B9A2
:10C5100013F00EFC764B70481978764C10F078F9D1
:10C520000221754813F004FC744B6B48197810F025
:10C530006FF9694810F074F9714911A810F070FB97
:10C5400011A8D4F721F811A810F0C2FB216811A896
:10C5500010F066FB11A8D4F717F811A810F0B8FB7B
:10C56000684911A810F05CFB11A8D4F70DF811A8C8
:10C5700010F0AEFB216811A810F052FB11A8D4F7FF
:10C5800003F811A810F0A4FBFFF766B9DAED367ACC
:10C59000DAF8D430DAF8D02088EE270AFFF73FBA6D
:10C5A0007A6B594B012A1B6800F2338107EE903AEF
:10C5B000FA6BB96B97ED117AF8EEE77A5CE5524BBE
:10C5C000D7F8CC20D3ED007AF8EEE77A002A40F0D5
:10C5D000B3837B6A3A6A97ED0A7A02FB03F367EE4C
:10C5E000877A07EE103AB8EE477AC7EE876A4DE5CC
:10C5F000454BFA6893ED007A3B69D7ED057AB8EEC2
:10C60000C77A02FB03F327EE277A07EE903AF8EE9B
:10C61000677A3E4BC7EE276AC3ED006A39E5CDED78
:10C6200006BAFEF7B5BF8DED06BAFEF7B1BFCDED88
:10C63000069AFEF7ADBF01211046D5F7FDF9D6F7F2
:10C64000F1FB00283FF4E0A8FFF7E8B8B0EE480A95
:10C65000D5F7D8FEBDEEC0EAFFF76FBB2C492D48D9
:10C6600010F028FC002800F00D87B5EEC08AF1EE2E
:10C6700010FA294B00F11986196C012900F01B866C
:10C6800001210846FAF742F8FFF7CEBB234B9FED96
:10C6900024AAB0EE480ABCEEC88A83ED178AD3F705
:10C6A0002BFFFFF75DB999ED0B0AD5F777FDBDEECE
:10C6B000C0BAFEF7EFBE99ED0B0AD5F709FEFDEE05
:10C6C000C0BAFEF7F4BE00BFDCFE04001410FF1F6A
:10C6D00048B6040078FD04002808FF1F5CFD040034
:10C6E00088FD040094FD0400ACFD04000816FF1F43
:10C6F000CC16FF1F4807FF1F1CB004003016FF1F99
:10C70000BCEC0400A4EC04004416FF1F2C16FF1F11
:10C71000B4FE04002C10FF1F7814FF1FA012FF1F8F
:10C7200034020000BE49BF4810F0C4FB002800F0EE
:10C730006587BD4B5B68013B042B3FF611A9DFE821
:10C7400013F087067A066D0660069406DAF8543010
:10C75000002B00F06885012B7FF47EADB0EE480A17
:10C76000D5F794FEBDEEC0EA76E5DAF83430002B5A
:10C7700000F05185012B7FF46FADB0EE480AD5F77C
:10C7800041FEBDEEC0EA67E5DAF8CC30002B40F0A0
:10C790004384DAED0A7ADAF82430DAF8202088EED9
:10C7A000270A4DE5222012F09BFB4FE6222013F0D2
:10C7B00043FB73E6222012F093FB6FE6222013F076
:10C7C0003BFB43E6222013F037FB8BE6222012F0DE
:10C7D00087FB87E6032B3FF611A8DFE813F0FF0580
:10C7E000EE05DD05CC05B8EEEA0A1EEE900AF0EE85
:10C7F000480AF1F7CFFCFFF700B8222011F086FAC3
:10C8000070E6222011F082FA20E6222011F07EFA52
:10C8100044E6DFED866A39E4059B002B00F0948343
:10C82000DAF85410002900F06B86012940F0A98243
:10C83000B8EEEB0A1EEE900AF0EE480AEFF7C2F8E7
:10C84000FFF701B9B8EEC90AF0EE480A3946384692
:10C85000EFF7B8F8079BFFF7C5B8032B3EF6CEAF4E
:10C86000DFE813F00400B703040004000021B8EE71
:10C87000E90AF0EE480A4FF0FF30EFF7A3F8012283
:10C88000074600210220D5F7D7F8002F3EF4B6AFB7
:10C89000FEF7C4BF049B002B00F06183DAF834106C
:10C8A000002900F03B86012940F06B82B8EECB0AEC
:10C8B0001EEE900AF0EE480AEFF784F8FFF7C3B8CF
:10C8C000022B00F021830CD8012B7EF497AFB8EE39
:10C8D000E90AF0EE480A00210120EFF773F8FEF7AD
:10C8E0008CBF033B012B3EF689AFF0E7D9F824302B
:10C8F000022B00F05286D9F80030013B032B00F2E6
:10C90000E580DFE813F0DC03CA00C403B503D9F8FF
:10C910002430022B00F00B8388EE2D0ADAF8042075
:10C92000DAF8003002FB03F307EE903A9AED027A50
:10C93000F8EE677A67EE877A27EE800A13F006FD35
:10C94000BDEEC00A1EEE900AB8EEC00AF7EE000A6D
:10C95000F1F720FC00283EF454AFFEF75FBFD9F892
:10C960002430022BD9F8003003F1FF3300F0D682D7
:10C97000032B00F27681DFE813F0220458013E0415
:10C980002E042B492B4810F095FA00283EF439AFBD
:10C99000294BB5EEC08AF1EE10FA186800F1F28565
:10C9A0000121F4F76FFDD6F73DFA00283EF42CAFD5
:10C9B000FEF734BF2149224810F07CFA00287EF4AB
:10C9C00018AF20491E4810F075FA00287EF411AF08
:10C9D0001D491B4810F06EFA00287EF40AAF1B496F
:10C9E000174810F067FAFEF704BF1949194810F00C
:10C9F00061FA002800F0C982B5EE408AF1EE10FA23
:10CA00004FF0000240F0B68211460220D5F714F82C
:10CA1000D6F708FA00283EF4F7AEFEF7FFBE00BFD7
:10CA20007C110500E40FFF1F0011FF1F0000000034
:10CA3000ACFE04000810FF1FC011FF1FD8FE040049
:10CA40002010FF1F840B05003CB70400C4B704008E
:10CA500020DF04003816FF1FDAED0A7ADAF82430F6
:10CA6000DAF8202088EE270A02FB03F307EE903A5B
:10CA7000F8EE677A27EE800A13F068FCBDEEC0EA94
:10CA80000121B8EECE0AF7EE000A0846EEF79AFF4B
:10CA900000283EF4B6AEFEF7C1BEDAF8CC30002B6B
:10CAA00040F0F386DAED0A7ADAF82430DAF820205A
:10CAB00088EE270A02FB03F307EE903AF8EE677A56
:10CAC00027EE800A13F042FCBDEEC0EAB8EECE0AB3
:10CAD0001EEE900AF7EE000A0121EEF773FFFEF753
:10CAE0008CBE222012F0FCF9B0EE480AD3F704FD08
:10CAF0002B68012B7FF40EA8222011F007F9FFF715
:10CB00000FB8222011F002F9FEF7FCBF222013F02B
:10CB100093F9FFF705B8222012F0E2F9FFF700B809
:10CB2000222013F089F9FEF7EDBF222013F084F9DB
:10CB3000FFF759B8222012F0D3F9FFF754B822209A
:10CB400011F0E4F8FFF74FB8222013F075F9FFF762
:10CB50003CB8222012F0C4F9FFF737B8222011F0B8
:10CB6000D5F8FFF732B8B0EE480AD5F717FBBDEE9F
:10CB7000C0EAFFF7E2B8DAF8CC3097ED007A002B84
:10CB800040F0BF86DAED0A7ADAF82430DAF82020AD
:10CB900087EE270A02FB03F307EE903AF8EE677A76
:10CBA00027EE800A13F0D2FBBDEEC0EA914BD3ED25
:10CBB000007A9AED027A87EEAD0A1EEE902A1EEEFA
:10CBC000103A02FB03F30EEE103ADAF80420DAF81A
:10CBD000003002FB03F307EE903AF8EE677A67EE57
:10CBE000877A27EE800A13F0B1FBBDEEC00AF7EE9C
:10CBF000001AB8EEC01AF0EE610AB8EECE0AF0F7ED
:10CC0000E1F8FEF7FABDDAED057ADAF81030DAF875
:10CC10000C2088EE270AFFF73AB8B0EE480AD5F79D
:10CC200057FBBDEEC0EAFFF788B8DAF8CC30002B2E
:10CC300040F071866F4BDAED0A7A93ED007ADAF8FC
:10CC40002020DAF8243087EE270A02FB03F307EEF0
:10CC5000903AF8EE677A27EE800A13F077FBBDEE84
:10CC6000C0EAD7ED007AA4E70121B8EEE90AF0EEB8
:10CC7000480A0846EEF7A6FEFEF7E5BE5E4911A893
:10CC80000FF0CEFF11A8D3F77FFC11A810F020F809
:10CC90002B68012B00F0BA85032B00F0B285002B26
:10CCA00000F0AA85B0EE480AD3F726FC2B68012BCA
:10CCB00000F09D85032B00F0D185002B00F0C98585
:10CCC0004E4B11A819680FF0ABFF11A8D3F75CFC0D
:10CCD00011A80FF0FDFFFEF7A4BF474911A80FF000
:10CCE0009FFF11A8D3F750FC11A80FF0F1FF2B689C
:10CCF000012B00F0A985032B00F0A185002B00F08B
:10CD00009985B0EE480AD3F7F7FB2B68012B00F0AA
:10CD10008C85032B00F08485002B00F07C85374B3D
:10CD200011A819680FF07CFF11A8D3F72DFC11A8EA
:10CD30000FF0CEFFFEF712BFD7F8D430D7F8D020CF
:10CD400097ED367A49E4222013F076F8FFF702B91E
:10CD5000222012F0C5F8FFF7FDB8222010F0D6FF10
:10CD6000FFF7F8B8222013F067F8FFF7E5B82220A4
:10CD700012F0B6F8FFF7E0B8222010F0C7FFFFF777
:10CD8000DBB8C9F80070FEF73CBD1E211C4812F04C
:10CD9000CFFF1C480FF044FD1B4911A80FF040FFC6
:10CDA00011A8D3F7F1FB11A80FF092FF174B1B68E6
:10CDB000012B00F08482032B00F04182002B00F055
:10CDC0003A82134911A80FF02BFF11A8D3F7DCFB0F
:10CDD00011A80FF07DFF0F4B19680F4F11A80FF02E
:10CDE0001FFF11A8D3F7D0FB11A80FF071FFFEF7BA
:10CDF00016BD00BFB016FF1FBCFE04004807FF1F92
:10CE00003CFD04002808FF1F5CFD04006007FF1FB5
:10CE10004CFD04004C07FF1F7013FF1F1B21D0485F
:10CE2000039712F085FFCF48CF4D0FF0F9FCCF49A3
:10CE300011A80FF0F5FE11A8D3F7A6FB11A80FF06B
:10CE400047FF2B68012B00F03E82032B00F003828A
:10CE5000002B00F0FC81C649C64E11A80FF0E0FE81
:10CE600011A8D3F791FB11A80FF032FF316811A878
:10CE70000FF0D6FE11A8D3F787FB11A80FF028FFFB
:10CE8000BD4911A80FF0CCFE11A8D3F77DFB11A866
:10CE90000FF01EFF2B68012B00F01982032B00F00E
:10CEA000D281002B00F0E381DDED037AB8EEE70AD2
:10CEB000D3F722FB316811A80FF0B2FE11A8D3F707
:10CEC00063FB11A80FF004FFAC4911A80FF0A8FEF6
:10CED00011A8D3F759FB11A80FF0FAFE2B68012B0C
:10CEE00000F0F981032B00F0BE81002B00F0B78128
:10CEF000A34911A80FF0B2FE11A8D3F745FB11A862
:10CF00000FF0E6FE316868E7B8EEC90AF0EE480AAD
:10CF100000210120EEF756FDFEF76FBC032B3EF615
:10CF20006DACDFE813F015020202EF01DC01B8EE90
:10CF3000EA0A1EEE900AF0EE480AF1F72BF90028F3
:10CF40003EF45FACFEF76ABCB8EEEB0A1EEE900A48
:10CF5000F0EE480A0121EEF735FDFEF774BDB8EE9C
:10CF6000CB0A1EEE900AF0EE480A0121EEF72AFDE8
:10CF7000FEF769BD01210220D4F75EFDD5F752FF0F
:10CF800000283EF441ACFEF749BC07907D497E483D
:10CF90000FF090FF002800F06E81B5EE408AF1EEB0
:10CFA00010FA079A00F0668401210846D4F744FD80
:10CFB000D5F738FF00283EF427ACFEF72FBCDAED9A
:10CFC000367ADAF8D430DAF8D02088EE270AFEF77D
:10CFD0005EBE0021B8EEC90AF0EE480A4FF0FF30FD
:10CFE000EEF7F0FC0122074600211046D4F724FD9D
:10CFF000002F3EF403ACFEF711BCDDED067A1EEE09
:10D00000900AB8EEE70AF0EE480AEEF7DBFC0028DB
:10D010003EF4F7ABFEF702BCDAED367ADAF8D4303C
:10D02000DAF8D02088EE270AFFF70AB9DAF8543088
:10D03000002B00F07D84012B7FF422ADB0EE480A76
:10D04000D5F724FA13F082F9BDEEC0EA18E5DAF854
:10D050003430002B00F0A084012B7FF411ADB0EE32
:10D06000480AD5F7CFF913F071F9BDEEC0EA07E52C
:10D07000DAF85430002B00F06184012B7FF426ADE8
:10D08000B0EE480AD5F702FABDEEC0EA1EE5DAF8BE
:10D090003430002B00F08684012B7FF417ADB0EE06
:10D0A000480AD5F7AFF9BDEEC0EA0FE5DAED057A2B
:10D0B000DAF81030DAF80C2088EE270AD4E4DAED3A
:10D0C000057ADAF81030DAF80C2088EE270AF1E455
:10D0D0009FED2EAA82ED0F8AFEF71ABF9FED2CAAB4
:10D0E00082ED118AFEF714BF9FED2AAA82ED128A03
:10D0F000FEF70EBF9FED28AA82ED0D8AFEF708BF4E
:10D100009FED26AA82ED0E8AFEF702BF9FED24AAAC
:10D1100082ED138AFEF7FCBE9FED22AA82ED148AEF
:10D12000FEF7F6BEDAF85430002B00F05584012BE0
:10D130007FF43CAD97ED000AD5F7A8F9BDEEC0EA43
:10D1400034E5DAF83430002B00F04E84012B7FF404
:10D150002DAD97ED000AD5F755F9BDEEC0EA25E5EE
:10D1600078FD04002808FF1F6007FF1F5CFD040016
:10D1700088FD04004C07FF1F94FD0400ACFD040073
:10D180000816FF1F54B804003816FF1F4C0100009A
:10D190008C0100003C010000A800000054010000C8
:10D1A000F40100002400000097ED007ADAED057A22
:10D1B000DAF81030DAF80C2087EE270AEAE4D94BC7
:10D1C000DAED057A93ED007ADAF80C20DAF810300F
:10D1D00087EE270A39E5DAF85430002B00F0F383A4
:10D1E000012B7FF43EADCF4B93ED000AD5F74EF9FE
:10D1F000BDEEC0EA35E5DAF83430002B00F0DA8312
:10D20000012B7FF42EADC74B93ED000AD5F7FAF84A
:10D21000BDEEC0EA25E5B0EE480AD4F7BFFFBDEE8B
:10D22000C0EAFFF719B8B0EE480AD5F751F8BDEEDD
:10D23000C0EAFFF711B8222012F0FEFDC1E522205E
:10D2400011F04EFEBDE5222011F04AFE2CE6222010
:10D2500012F0F2FDFFE5222011F042FEFBE5222054
:10D2600012F0EAFD44E6222011F03AFE40E62220C8
:10D2700012F0E2FD18E6AC49AC480FF01BFE0028A6
:10D2800000F0C583B5EE408AF1EE10FA4FF00002CF
:10D2900040F0B28311460320D4F7CEFBD5F7C2FD90
:10D2A00000283EF4B1AAFEF7B9BA186C01284FF075
:10D2B000FF313FF4E7A94FF0FF30FFF7E3B9222039
:10D2C00010F024FD7DE5222010F020FDC3E5222092
:10D2D00010F01CFDE8E5222010F018FD08E6914B47
:10D2E000D7ED001AD3ED000AF8EEEE7AB8EEEA1A9E
:10D2F00067EEA11A67EEA00AB8EEEB0AEFF762FD3F
:10D30000FEF77BBA874BD7ED001AD3ED000AF8EE93
:10D31000EE7AB8EEEA1A67EEA11A67EEA00AB8EE46
:10D32000CB0AEFF74FFDFEF768BA7E4BD7ED001A38
:10D33000D3ED000AF8EEEE7AB8EEEA1A67EEA11A1B
:10D3400067EEA00AB8EEE90AEFF73CFDFEF755BA22
:10D35000744BD7ED001AD3ED000AF8EEEE7AB8EE72
:10D36000EA1A67EEA11A67EEA00AB8EEC90AEFF74B
:10D3700029FDFEF742BAD7ED000A6A4BF8EEEE7AC5
:10D38000D3ED001AB8EEEA1A67EEA00AB8EEEB0A7F
:10D39000EFF718FDFEF731BAD7ED000A614BF8EE52
:10D3A000EE7AD3ED001AB8EEEA1A67EEA00AB8EEEC
:10D3B000CB0AEFF707FDFEF720BAD7ED000A594B6D
:10D3C000F8EEEE7AD3ED001AB8EEEA1A67EEA00A8C
:10D3D000B8EEE90AEFF7F6FCFEF70FBA514BD7EDBE
:10D3E000000AD3ED001AF8EEEE7AB8EEEA1A67EE0C
:10D3F000A11A67EEA00AB8EEC90AEFF7E3FCFEF740
:10D40000FCB94B4B9FED4BAAB0EE480ABCEEC88A64
:10D4100083ED008AD3F770F8FEF7A2BA464B9FED72
:10D4200047AAB0EE480ABCEEC88A83ED008AD3F75B
:10D4300063F8FEF795BA424B9FED42AAB0EE480A58
:10D44000BCEEC88A83ED008AD3F756F8FEF788BA97
:10D450003D4B9FED3EAAB0EE480ABCEEC88A83ED74
:10D46000008AD3F749F8FEF77BBA394B9FED39AA0A
:10D47000B0EE480ABCEEC88A83ED008AD3F73CF8C8
:10D48000FEF76EBA344935480FF014FD00283EF41B
:10D49000CBAC334B83ED138A2B68012B00F0358323
:10D4A000032B00F02E83002B00F02783B0EE480AF8
:10D4B000D3F722F82B68012B00F01883032B00F020
:10D4C0000E83002B00F004839FED26AAFEF7ACBC70
:10D4D000254926480FF0EEFC002800F0E881244B97
:10D4E0009A6DB0EE480ABCEEC88A002A40F0D78197
:10D4F00083ED108A9FED1FAAD2F7FEFFFEF730BA28
:10D500001D4BF0EE480A93ED000A1EEE900AB8EEAD
:10D51000C00A0121EEF756FAFEF795BA174BF0EE66
:10D52000480AF0E7B016FF1F40B704003816FF1F87
:10D53000E010FF1FAC010000D010FF1F980000009A
:10D54000C010FF1FA0000000B010FF1FC0000000AF
:10D55000F010FF1FB8010000B8FE04002C10FF1FE0
:10D560007814FF1F64020000E0FE04001410FF1F87
:10D57000A012FF1F2C020000D816FF1FD016FF1F9D
:10D58000740200004FF0FF31F3F77CFFD5F74AFC3F
:10D5900000283EF439A9FEF741B9DDED067A1EEE0A
:10D5A000900AB8EEE70AF0EE480A0121EEF70AFA0F
:10D5B000FEF723B9222010F0A9FBFEF7C0BE2220FF
:10D5C00012F03AFCFEF7BBBE222011F089FCFEF7F8
:10D5D000B6BE222011F084FC1FED17AAFEF724BC72
:10D5E000222010F093FB1FED1AAAFEF71DBC22208B
:10D5F00012F022FC1FED1EAAFEF716BCD349D44838
:10D600000FF058FC00283EF4ABA9DAF80420DAF851
:10D610000030DAED026A02FB03F307EE103AB8EECF
:10D62000477AC8EE2D7ACB4B5A68013A27EE267A14
:10D63000BDEEC77AB8EEC77AC7EE086A67EE877A9A
:10D64000BDEEE67A042A3EF68BA9DFE802F0A77E5B
:10D65000552C0300C04A136882ED027A012B08BFE3
:10D66000FCEEE77A2B6808BFC2ED027A012B82ED4F
:10D67000038A00F00C83032B00F00583002B00F0DD
:10D68000FE82B0EE480AD2F737FF2B68012B00F07C
:10D69000EF82032B00F03283002B00F028839FEDF4
:10D6A000AFAAFEF75DB9AE4A136882ED027A012B8C
:10D6B00008BFFCEEE77A2B6808BFC2ED027A012BA7
:10D6C00082ED038A00F00F83032B00F00883002B08
:10D6D00000F00183B0EE480AD2F70EFF2B68012B51
:10D6E00000F0F282032B00F0BC82002B00F0B2822B
:10D6F0009FED9CAAFEF734B99B4A136882ED027A2B
:10D70000012B08BFFCEEE77A2B6808BFC2ED027A56
:10D71000012B82ED038A00F03583032B00F02E836A
:10D72000002B00F02783B0EE480AD2F7E5FE2B6805
:10D73000012B00F01883032B00F00E83002B00F068
:10D74000E4829FED8AAAFEF70BB9894A136882ED3D
:10D75000027A012B08BFFCEEE77A2B6808BFC2ED06
:10D76000027A012B82ED038A00F07082032B00F015
:10D770006982002B00F0A482B0EE480AD2F7BCFE0A
:10D780002B68012B00F09582032B00F08B82002B7D
:10D7900000F081829FED77AAFEF7E2B8764A13681F
:10D7A00082ED027A012B08BFFCEEE77A2B6808BFF6
:10D7B000C2ED027A012B82ED038A00F0E481032B93
:10D7C00000F0DD81002B00F0D681B0EE480AD2F7E0
:10D7D00093FE2B68012B00F0C781032B00F0F7812B
:10D7E000002B00F0ED819FED65AAFEF7B9B822206D
:10D7F00010F08CFAFFF764BA222012F01DFBFFF73D
:10D8000051BA222011F06CFBFFF74CBA222010F025
:10D810007DFAFFF747BA222012F00EFBFFF77FBA1E
:10D82000222011F05DFBFFF77ABA222010F06EFA89
:10D83000FFF775BA222012F0FFFAFFF762BA222032
:10D8400011F04EFBFFF75DBA222010F05FFAFFF7F0
:10D8500058BA222012F0F0FAFFF732BA222011F063
:10D860003FFBFFF72DBAB5EE408AF1EE10FA40F01B
:10D87000E882002211460120D4F7DEF8D5F7D2FA6B
:10D8800000283DF4C1AFFDF7C9BFDAED367ADAF80A
:10D89000D430DAF8D02088EE270AFFF70BB983EDF1
:10D8A0000F8A9FED37AAD2F727FEFEF759B8354900
:10D8B00035480FF0FFFA002800F0E080334B9A6DF6
:10D8C000002A40F0BD8083ED148A2B68012B00F004
:10D8D0004781032B00F04081002B00F06D81B0EEFA
:10D8E000480AD2F709FE2B68012B00F05E81032B5A
:10D8F00000F05481002B00F04A819FED25AAFEF72D
:10D900002FB8DAED367ADAF8D430DAF8D02087EEAC
:10D91000270AFFF73FB91F4BDAED367A93ED007A0D
:10D92000DAF8D020DAF8D43087EE270AFFF78DB97D
:10D93000B0EE480AD4F7CCFCFFF780BBB0EE480A43
:10D94000D4F7C6FCBDEEC0EAFFF7C0B8840B0500F3
:10D95000E40FFF1F0011FF1FF010FF1FA8020000BF
:10D96000E010FF1FA0020000D010FF1F44020000C3
:10D97000C010FF1F68010000B010FF1F6001000011
:10D98000E40200003CB704001410FF1FA012FF1FA8
:10D9900034010000B016FF1FB0EE480AD4F7FEFBBA
:10D9A000FFF75DBBB0EE480AD4F7F8FBBDEEC0EA66
:10D9B000FFF78CB8D84B93ED000AD4F7EFFBBDEE20
:10D9C000C0EAFFF74EB9D44B93ED000AD4F780FCC0
:10D9D000BDEEC0EAFFF745B997ED000AD4F778FC31
:10D9E000BDEEC0EAFFF7E2B897ED000AD4F7D6FB28
:10D9F000BDEEC0EAFFF7DAB801210320D4F71CF826
:10DA0000D5F710FA00283DF4FFAEFDF707BF0790E9
:10DA1000C249C3480FF04EFA002800F08580B5EEE9
:10DA2000408AF1EE10FA079A73D001210420D4F74E
:10DA300003F8D5F7F7F900283DF4E6AEFDF7EEBEA2
:10DA400083ED128A2B68012B00F0F880032B00F085
:10DA5000F180002B00F0A181B0EE480AD2F74CFD16
:10DA60002B68012B00F09281032B00F0DC80002B4F
:10DA700000F0D2809FEDB5AAFDF772BFA949AA4870
:10DA80000FF018FA00283DF46BAFA84B9A6D002AEE
:10DA900040F0A48083ED138A2B68012B00F0A9814C
:10DAA000032B00F0AE81002B00F0A781B0EE480AF6
:10DAB000D2F722FD2B68012B00F0BC81032B00F074
:10DAC000B281002B00F08E819FEDA2AAFDF748BF26
:10DAD000222012F0B1F99FED96AAFEF7A5B92220F7
:10DAE00011F0FEF99FED92AAFEF79EB9222010F0E8
:10DAF0000DF99FED8FAAFEF797B9222012F09CF93D
:10DB0000D4E4222011F0ECF9D0E4222010F0FEF849
:10DB1000CCE411460420D3F78FFFD5F783F9002812
:10DB20003DF472AEFDF77ABE7E497D480FF0C2F932
:10DB300000283DF466AED9F80030013B032B3DF6DA
:10DB400060AE01A252F823F067D80200F9C90200C2
:10DB500085D202000BDE0200222011F0C1F9BEE6E0
:10DB6000222010F0D3F8BAE6222010F0CFF89FED73
:10DB700071AAFDF7F5BE222012F05EF925E62220FB
:10DB800011F0AEF921E6222010F0C0F81DE62220A7
:10DB900012F052F99FED68AAFDF7E2BE222011F0C3
:10DBA0009FF99FED65AAFDF7DBBE222010F0AEF8CD
:10DBB0009FED61AAFDF7D4BE222012F03DF98EE65A
:10DBC000222012F039F99FED5BAAFDF7C9BE222091
:10DBD00011F086F99FED57AAFDF7C2BE83ED118AB9
:10DBE0002B68012B00F0FA80032B00F0F380002B50
:10DBF00000F0EC80B0EE480AD2F77EFC2B68012BD7
:10DC000000F0DD80032B00F0D380002B00F0C980F2
:10DC10009FED4FAAFDF7A4BE222012F00DF99FED53
:10DC20004BAAFDF79DBE222011F05AF99FED47AA9D
:10DC3000FDF796BE222011F053F90DE7222010F0D7
:10DC400065F809E7222011F04BF995E5222010F044
:10DC50005DF891E5222012F0EFF89FED38AAFDF76C
:10DC60007FBE222011F03CF99FED34AAFDF778BE6B
:10DC7000222010F04BF89FED32AAFDF771BE222052
:10DC800012F0DAF8FDE4222011F02AF9F9E422205A
:10DC900010F03CF8F5E4222012F0CEF89FED29AA0E
:10DCA000FDF75EBE222011F01BF99FED26AAFDF7BD
:10DCB00057BE222010F02AF89FED22AAFDF750BE91
:10DCC000222012F0B9F857E5222010F01FF89FED3E
:10DCD0001BAAFDF745BE222012F0AEF8FAE422207E
:10DCE00011F0FEF8F6E4222010F010F8F2E4222001
:10DCF00012F0A2F89FED12AAFDF732BE222011F019
:10DD0000EFF89FED0FAAFDF72BBE222012F094F83A
:10DD10009FED0DAAFDF724BEB016FF1F840B050072
:10DD20003816FF1FC4B704001410FF1FA012FF1FF6
:10DD3000640200006001000034010000A002000045
:10DD4000A80200006801000044020000E802000090
:10DD500044010000E8000000222011F0C1F81FED8E
:10DD600006AAFDF7FDBD22200FF0D0FF1FED0AAA85
:10DD7000FDF7F6BD222012F05FF8D4E4222011F066
:10DD8000AFF8D0E422200FF0C1FFCCE422200FF046
:10DD9000BDFF1FED12AAFDF7E3BD222012F04CF8E3
:10DDA0005AE6222012F048F81FED17AAFDF7D8BD59
:10DDB000222011F095F81FED1AAAFDF7D1BD2220FF
:10DDC0000FF0A4FF1FED1EAAFDF7CABD222012F01E
:10DDD00033F80FE7222011F083F80BE722200FF031
:10DDE00095FF07E7222012F027F81FED26AAFDF77E
:10DDF000B7BD22200FF08AFF58E6222012F01CF84F
:10DE000054E6222011F06CF850E6B5EE408AF1EEAF
:10DE100010FA4FF000023FF47CAE01210420D3F74A
:10DE20000BFEFDF7EEBC222011F05AF81FED37AAC9
:10DE3000FDF796BD22200FF069FF1FED3AAAFDF70E
:10DE40008FBD012100220846D3F7F6FDD4F7EAFF83
:10DE500000283DF4D9ACFDF7E1BCD9F82830002BFF
:10DE60007DF46DAAFDF73EBB00230693FDF790BB42
:10DE70002DE9F84F824E834C834DDFF86082834F4B
:10DE80000FF0BEF8002130460EF0CAFE3046804E3C
:10DE90002246294613F0B2F8002130460EF0C0FEAB
:10DEA00030467C4E2246294613F0A8F80021304621
:10DEB0000EF0B6FE3046784E2246294613F09EF804
:10DEC000002130460EF0ACFE3046744E2246294604
:10DED00013F094F8002130460EF0A2FE3046704E4A
:10DEE0002246294613F08AF8314640460EF098FE45
:10DEF00022462946404613F081F8DFF8E4810021EC
:10DF000038460EF08DFE22462946384613F076F844
:10DF1000644F314640460EF083FE22462946404675
:10DF200013F06CF8DFF8BC81314638460EF078FE0D
:10DF300022462946384613F061F85B4F3146404689
:10DF40000EF06EFE22462946404613F057F8DFF8E1
:10DF50009881314638460EF063FE224629463846FF
:10DF600013F04CF8514F314640460EF059FE224610
:10DF70002946404613F042F8DFF8708131463846B2
:10DF80000EF04EFE22462946384613F037F8484F29
:10DF9000314640460EF044FE22462946404613F0E4
:10DFA0002DF8314638460EF03BFE224629463846CB
:10DFB00013F024F8022203213E480DF055FB052200
:10DFC00006213D480DF050FB142215213B480DF071
:10DFD0004BFB172210213A480DF046FB1322122169
:10DFE00038480DF041FB3848384B43600025384B2A
:10DFF000384985604FF0800B4FF0010A4FF0090956
:10E0000042F29F4841F2883705262246C56080F8D3
:10E0100010B080F82850C565056680F864508566A4
:10E0200080F890500360C0F86CA0C0F81890C0F859
:10E030001C8007674667406112F0E0FF2648234BCB
:10E04000436080F810B0224BC0F86CA02246C0F8A4
:10E050001890C0F81C80076746678560C56080F827
:10E060002850C565056680F864508566036080F8B1
:10E07000905018494061BDE8F84F12F0BFBF00BF93
:10E080008C16FF1FF806FF1FD1CC03003810FF1FAE
:10E09000A416FF1F9816FF1FB40FFF1FC00FFF1F0E
:10E0A000A81105000810FF1F2C10FF1FFC0FFF1FF9
:10E0B0003816FF1F3418FF1FD817FF1F9817FF1FB0
:10E0C0001817FF1F5817FF1FC814FF1F700E0500F9
:10E0D000980E0500D97701005C15FF1F0816FF1F79
:10E0E0001410FF1FE40FFF1FF00FFF1F2010FF1F72
:10E0F00070B50D4805F020FEA8B90B4D0B4C0C4E29
:10E1000008E011F015FE30460EF08AFB4FF47A70ED
:10E110000FF0F6FAFE21284605F088FE0346262178
:10E120002046002BEDD070BD8418FF1F60FF040057
:10E130002808FF1F2DE9F0412DED028BA4B00FF050
:10E140009BFE002840F33381844B854801220C213B
:10E150001A6011F0EDFD0FF08FFE002840F31A81D8
:10E160007E4D2B68012B00F01E81032B00F03081C7
:10E17000002B00F0298100237A4E7B4833700A215E
:10E1800011F0D6FD794C296879480EF041FB7848AA
:10E190000EF046FB23680693069A23680593059BB9
:10E1A0009B1A0E2BF9D933782B3BD32B00F2E4804A
:10E1B000DFE813F07310AB0DE2009F0DE200E20008
:10E1C000E200E200E200E200E200E200E200E2003F
:10E1D000E2007A16531634162C16AC16F4113E0EC5
:10E1E0001C0EF00DE200B70D310E250E500EE000B2
:10E1F000710E1414F813DE13BF138E136A139C12DE
:10E200005D125215E200E214C1148A14161681152B
:10E21000921506105412E2001512BB0EAF0EE2006A
:10E220008E0E8A0EE20060094E0913090209E10808
:10E23000C908B808B108A908A5088E0877086508B4
:10E24000530834080908E707A407920739070E079F
:10E25000FC06DD06BB06B70649062706E200E2001B
:10E26000E200E200E200E200E200E200E200E2009E
:10E27000E200E200E200E200E200E200E200E2008E
:10E28000E200E200E200E200E200E200E200E2007E
:10E29000E200E200E200E200E200E200E200E2006E
:10E2A000DC0572056E056A0562055B053C051A050D
:10E2B000F804D004C904C304E200A2048104600489
:10E2C000E2005504DB02E200A7029C024E040D04AA
:10E2D0002E02FB0131031303F202EB02620342033D
:10E2E000ED03E801A2019301E2004F013F01280183
:10E2F00012014D102F108711661144113811E00BD7
:10E30000D80BA8119B0B600D3F0D7E0D2F0D4C0BF4
:10E31000090BC60A540A7C0C5A0C130CF10BD00CD6
:10E32000AE0CF20CE200480A080AE709E009C1094C
:10E33000A2097109D211AF11E200C90FB60F0E1078
:10E340006E0FB3166214E200E2007014D30E2D11AA
:10E35000E2000C11C210A110E2007F106007FF1F45
:10E3600088FF0400B816FF1FA8FF04000C1FFF1F42
:10E370002808FF1FF9F7DCF923680893089A236837
:10E380000793079B9B1A632BF9D924B0BDEC028B32
:10E39000BDE8F08110F0E6FD0028F6DDBB4D2B68EE
:10E3A000012B7FF4E2AE0FF07BFDC3B2E4E610F088
:10E3B000D9FD00287FF7CFAEB44BB54803220C211E
:10E3C0001A6011F0B5FCC6E611F044FCC3B2D3E606
:10E3D00010F0DCFDC3B2CFE60A21AE4811F0A8FC74
:10E3E0000721AD4811F0A4FCAC4AAD48516C0023A4
:10E3F0000A220EF02DFAAA480EF012FA0120EAF7CE
:10E40000FDF9B9E7D3F776FEA64D03461B21A648D2
:10E410006B6511F08DFC696DA1480EF0F9F9A0480B
:10E420000EF0FEF9A14B8C22196828460EF038FE3A
:10E43000A2E728689B4DD3F73FFE51EC100B13F079
:10E4400097FA9A4BE86619688C2228460EF028FE47
:10E4500092E72868964ED3F72FFE51EC100B13F07D
:10E460003FFA012805464FF0110118BF4FF0FF3564
:10E47000904811F05DFC294689480EF0C9F988489A
:10E480000EF0CEF90A21834811F052FC716D8448D8
:10E4900000230A220EF0DCF981480EF0C1F91221A6
:10E4A000854811F045FCB16D7D4800230A220EF02D
:10E4B000CFF97B480EF0B4F90621804811F038FC02
:10E4C000F16D774800230A220EF0C2F974480EF06D
:10E4D000A7F92846FBF742FC4EE7D3F70BFE784B33
:10E4E0005B68013B042B3FF647AFDFE813F05A1C93
:10E4F0003D1CEF1BD21B771CD3F7FCFD714D724BFB
:10E50000686319684FF4847228460EF0C9FD18211B
:10E510006E4811F00DFC0023696B61480A220EF071
:10E5200097F95F480EF07CF96B6B002B03F00285C6
:10E530006749684D08A80EF073FB08A8D2F724F8C5
:10E5400008A80EF0C5FB296808A80EF069FB08A80A
:10E55000D2F71AF808A80EF0BBFB5F4908A80EF026
:10E560005FFB08A8D2F710F808A80EF0B1FB2968E5
:10E5700008A80EF055FB08A8D2F706F808A80EF078
:10E58000A7FBF9E6D3F7B6FD464EB36D03280CBFE3
:10E590004FF0FF350125042B02F24387DFE813F02B
:10E5A0005E1758173C174C1BFD1A2868D3F784FDDB
:10E5B00051EC100B13F094F915210546474811F062
:10E5C000B7FB294636480EF023F935480EF028F9F6
:10E5D000434B1B68013B0A2B3FF6CEAE01A252F81B
:10E5E00023F000BF471E0300171E0300731C030027
:10E5F000471C030079E30200A5110300A5110300E5
:10E60000A5110300A51103002F1E0300171E030010
:10E61000334F3448172111F08BFB396820480EF036
:10E62000F7F81F480EF0FCF82868D3F745FD51ECC9
:10E63000100B13F055F9162105462B4811F078FB05
:10E64000294617480EF0E4F815480EF0E9F83B6843
:10E65000013B0A2B3FF690AE01A252F823F000BF17
:10E66000211C0300F31B0300D31B0300A71B0300A3
:10E6700079E302008D1103008D1103008D11030059
:10E680008D110300831B0300F31B03006007FF1FB2
:10E6900098FF0400AC0105005C0805001013FF1F83
:10E6A0002808FF1F1412FF1F400805002407FF1F42
:10E6B000A012FF1F100805002408050038080500F7
:10E6C0000011FF1F7013FF1F3416FF1F4C050500BC
:10E6D000F0BA04004807FF1F08BB04008C060500C1
:10E6E0005007FF1F1806050030060500D3F702FD8E
:10E6F000BA4BBB49986009686C2218460EF0D0FCF2
:10E700003AE62868B74ED3F7D7FC51EC100B13F05C
:10E710002FF90D210546B44811F00AFB284612F0E6
:10E72000D7FD0B46024643EC182B0221B0EE480AF7
:10E73000F0EE680AAD480EF097F8AC480EF070F8AD
:10E740003368013B0D2B02F27F85DFE813F0901751
:10E75000EF19EC19051A7D157D157D157D157D15B3
:10E760007D15F5196615F219881B2868A04DD3F799
:10E77000A3FC51EC100B13F0FBF89E4B28671968B3
:10E780008C2228460EF08CFCF6E5D4F773FE9A4BEB
:10E790004FF0FF321A60EFE52868984DD3F78CFCF4
:10E7A00051EC100B13F0E4F8954BA86219684FF484
:10E7B000847228460EF074FC0B21924811F0B8FACE
:10E7C000A86A12F085FD41EC100B052187480EF078
:10E7D0004BF886480EF024F8CEE52868874DD3F72D
:10E7E0006BFC51EC100B13F07BF8854B68621968D9
:10E7F0004FF4847228460EF053FC0B21824811F02E
:10E8000097FA696A794800230A220EF021F87748BE
:10E810000EF006F8B0E52868784DD3F74DFC51ECC2
:10E82000100B13F05DF8764B286219684FF4847270
:10E8300028460EF035FC9FE52868744DD3F73CFC64
:10E8400051EC100B13F094F8714BE86419685022E6
:10E8500028460EF025FC0E216E4811F069FAE86C8E
:10E8600012F036FD41EC100B022160480DF0FCFF68
:10E870005E480DF0D5FF7FE52868674ED3F71CFC96
:10E8800051EC100B13F074F8054600EE105A706846
:10E89000D4F740F90B21614811F04AFA00230A220B
:10E8A000716852480DF0D4FF0B215D4811F040FA19
:10E8B000284612F00DFD41EC100B02214B480DF0E3
:10E8C000D3FF4A480DF0ACFF0E21564811F030FA44
:10E8D0000A223168454800230DF0BAFF43480DF085
:10E8E0009FFF1C21504811F023FA504BD86812F0BA
:10E8F000EFFC41EC100B02213C480DF0B5FF3B480A
:10E900000DF08EFF1C214A4811F012FA494BD868CD
:10E9100012F0DEFC41EC100B022134480DF0A4FF94
:10E9200032480DF07DFF1C21434811F001FA434BA2
:10E93000D86812F0CDFC41EC100B02212B480DF0F1
:10E9400093FF2A480DF06CFF1C213D4811F0F0F9AF
:10E950003C4BD86812F0BCFC41EC100B0221234860
:10E960000DF082FF21480DF05BFF1C21364811F0AD
:10E97000DFF9364BD86812F0ABFC41EC100B0221EA
:10E980001A480DF071FF19480DF04AFFF4E42868A9
:10E990001E4DD3F791FB51EC100B12F0E9FF1C4B0D
:10E9A000A8641968502228460EF07AFB0B211548FE
:10E9B00011F0BEF9A86C12F08BFC41EC100B052194
:10E9C0000A480DF051FF09480DF02AFFD4E4054B29
:10E9D00001211868F2F756FDCEE400BF4410FF1F76
:10E9E0000007FF1FC011FF1FD40505002808FF1FE7
:10E9F0003411FF1F1C07FF1F3807FF1F7013FF1F75
:10EA00003416FF1FAC020500640405007814FF1FD4
:10EA10003007FF1FD40705000011FF1FDC020500AF
:10EA2000180705002407050034070500B010FF1F74
:10EA300054070500C010FF1F74070500D010FF1F0A
:10EA400094070500E010FF1FB4070500F010FF1F3A
:10EA5000B54B4FF0FF311868F2F714FD8CE4D3F793
:10EA600049FBB24BB249586709688C2218460EF030
:10EA700017FB81E42868AF4DD3F71EFB51EC100B58
:10EA800012F076FFAC4BA86619684FF484722846E2
:10EA90000EF006FB0A21A94811F04AF9A86E12F0FF
:10EAA00017FC41EC100B0221A5480DF0DDFEA44837
:10EAB0000DF0B6FE60E428689E4DD3F7FDFA51ECE8
:10EAC000100B12F035FF9C4B082898BF37201968AF
:10EAD000E8664FF4847228460EF0E2FA0F21994856
:10EAE00011F026F9A969964800230A220DF0B0FE1C
:10EAF00093480DF095FE3FE428688E4DD3F7DCFA7D
:10EB000051EC100B12F014FF8B4B082898BF3820E3
:10EB1000196828674FF4847228460EF0C1FA0F2155
:10EB2000894811F005F9E969854800230A220DF0AA
:10EB30008FFE83480DF074FE1EE401210322084677
:10EB4000EAF726FE18E44FF0FF3103220846EAF701
:10EB50001FFE11E4D3F7CEFA764E05461D217B4801
:10EB6000C6F8005111F0E4F8294675480DF050FE42
:10EB700073480DF055FE1D21754811F0D9F8D6F8EF
:10EB800000116F4800230A220DF062FE6C480DF060
:10EB900047FE694B4FF48472196830460EF080FAD4
:10EBA000FFF7EABB2868634DD3F786FA51EC100BE8
:10EBB00012F0DEFE604B286619684FF48472284616
:10EBC0000EF06EFA0C21634811F0B2F8286E12F0C4
:10EBD0007FFB41EC100B022159480DF045FE5848CF
:10EBE0000DF01EFEFFF7C8BB2868524DD3F764FA3C
:10EBF00051EC100B12F0BCFE4F4B686619684FF4D5
:10EC0000847228460EF04CFA0B21534811F090F80C
:10EC1000686E12F05DFB41EC100B052148480DF0C9
:10EC200023FE47480DF0FCFDFFF7A6BB2868414DC9
:10EC3000D3F742FA51EC100B12F052FE3E4BE8654E
:10EC400019684FF4847228460EF02AFA0B214248C4
:10EC500011F06EF8E96D3A4800230A220DF0F8FD34
:10EC600037480DF0DDFDFFF787BB01210222084682
:10EC7000EAF78EFDFFF780BB4FF0FF310222084616
:10EC8000EAF786FDFFF778BBD8F724FCFFF774BBE3
:10EC9000D8F76CF9FFF770BBD3F72CFA254D264B4C
:10ECA000686519684FF4847228460EF0F9F9182146
:10ECB0002A4811F03DF80023696D21480A220DF021
:10ECC000C7FD1F480DF0ACFD6B6D002B03F0648198
:10ECD0002349244D08A80DF0A3FF08A8D1F754FC40
:10ECE00008A80DF0F5FF296808A80DF099FF08A8FD
:10ECF000D1F74AFC08A80DF0EBFF1B4908A80DF05E
:10ED00008FFF08A8D1F740FC08A80DF0E1FF2968A3
:10ED100008A80DF085FF08A8D1F736FC08A80DF06B
:10ED2000D7FFFFF729BB00BFC011FF1F3411FF1F22
:10ED30001C07FF1F7013FF1F3416FF1FC8050500B7
:10ED40002808FF1FB8050500A8050500680505008F
:10ED50008805050070040500AC0205004C0505009F
:10ED6000C8BB04004807FF1FE0BB0400D3F7C2F98B
:10ED7000BC4D03461A21BC48C5F8FC3010F0D8FF42
:10ED8000D5F8FC10B94800230A220DF061FDB74800
:10ED90000DF046FDB64B4FF48472196828460EF00C
:10EDA0007FF9D5F8FC30002B43F05881B149B24DC2
:10EDB00008A80DF035FF08A8D1F7E6FB08A80DF06C
:10EDC00087FF296808A80DF02BFF08A8D1F7DCFB06
:10EDD00008A80DF07DFFA94908A80DF021FF08A89B
:10EDE000D1F7D2FB08A80DF073FF296808A80DF031
:10EDF00017FF08A8D1F7C8FB08A80DF069FFFFF7B7
:10EE0000BBBA28689E4DD3F757F951EC100B12F09E
:10EE1000AFFD172103469B48EB6510F089FFE86DB5
:10EE200012F056FA41EC100B022190480DF01CFD37
:10EE30008E480DF0F5FC944B8C22196828460EF094
:10EE40002FF9FFF799BA1321904810F071FF904BFA
:10EE50008648996D0DF0DCFC84480DF0E1FC122130
:10EE60008C4810F065FF864B8048996D0DF0D0FC02
:10EE70007E480DF0D5FC1A21874810F059FF874ACB
:10EE80007A48516800230A220DF0E2FC77480DF021
:10EE9000C7FC1321824810F04BFF824A7348116867
:10EEA00000230A220DF0D4FC70480DF0B9FC1321A8
:10EEB0007D4810F03DFF7D4A6C48116800230A220E
:10EEC0000DF0C6FC69480DF0ABFC1221784810F03B
:10EED0002FFF784A6548516D00230A220DF0B8FCD7
:10EEE00062480DF09DFC1721734810F021FF734A12
:10EEF0005E48116800230A220DF0AAFC5B480DF061
:10EF00008FFC13216E4810F013FF6E4A5748516C66
:10EF100000230A220DF09CFC54480DF081FCFFF701
:10EF20002BBAD8F711FDFFF727BA28684D4DD3F754
:10EF3000C3F851EC100B12F01BFD4D4B68611968C2
:10EF40004FF4847228460EF0ABF80B215E4810F0A7
:10EF5000EFFE686912F0BCF941EC100B0521434843
:10EF60000DF082FC41480DF05BFCFFF705BA286804
:10EF70003C4DD3F7A1F851EC100B12F0B1FC3C4B17
:10EF8000286119684FF4847228460EF089F80B2125
:10EF90004E4810F0CDFE2969344800230A220DF0B6
:10EFA00057FC32480DF03CFCFFF7E6B928682D4DC0
:10EFB000D3F782F851EC100B12F092FC2C4BE86066
:10EFC00019684FF4847228460EF06AF8FFF7D4B936
:10EFD0002868244DD3F770F851EC100B12F0C8FCE0
:10EFE000234B28644FF48472196828460EF058F8B1
:10EFF000D5ED106A95ED027A354B3648C6EE877A24
:10F000000C21C3ED007A10F093FE286C12F060F929
:10F0100041EC100B022115480DF026FC13480DF0B1
:10F02000FFFBFFF7A9B928680E4DD3F745F851EC5F
:10F03000100B12F055FC0E4BE86319684FF4847204
:10F0400028460EF02DF80B21204810F071FEE96BD8
:10F05000064800230A220DF0FBFB04480DF0E0FBFC
:10F06000FFF78AB97013FF1F300505002808FF1F3E
:10F070003416FF1F0CBF04004807FF1F20BF040009
:10F080001412FF1F180505002407FF1FC8F1040014
:10F090003411FF1F80040500940405000011FF1FB8
:10F0A000B0040500C011FF1FC40405007814FF1F41
:10F0B000D8040500A012FF1FEC0405004410FF1F38
:10F0C000040505001013FF1FAC02050064040500D1
:10F0D0007C18FF1F700405002868C64DD2F7ECFFAE
:10F0E00051EC100B12F0FCFBC34BA86319684FF4F2
:10F0F000847228460DF0D4FFFFF73EB9D2F7FAFF2D
:10F10000BC4FBD4B0028D4BF00200120196887F8F0
:10F11000A0004FF4847208AE38460DF0C1FFB74925
:10F1200030460DF07DFD3046D1F72EFA30460DF019
:10F13000CFFD2B68012B03F07080032B03F0688058
:10F14000002B03F06F80AE4AAE4B97F8A01030460C
:10F15000002914BF114619460DF062FD3046D1F763
:10F1600013FA30460DF0B4FDA74B304619680DF088
:10F1700057FD3046D1F708FA30460DF0A9FDFFF7EC
:10F18000FBB828689B4DD2F797FF51EC100B12F09B
:10F19000EFFB994B686419684FF4847228460DF0B0
:10F1A0007FFF0B21994810F0C3FD686C12F090F8B6
:10F1B00041EC100B052196480DF056FB94480DF0DC
:10F1C0002FFBFFF7D9B828688A4DD2F775FF51ECAD
:10F1D000100B12F0CDFB884BA8604FF484721968B5
:10F1E00028460DF05DFFD5ED106A95ED027A894B4A
:10F1F0008948C6EE877A0C21C3ED007A10F098FD9D
:10F20000A86812F065F841EC100B022180480DF05F
:10F210002BFB7F480DF004FBFFF7AEB82868754D57
:10F22000D2F74AFF51EC100B12F05AFB724B686098
:10F2300019684FF4847228460DF032FF0B2177488D
:10F2400010F076FD6968724800230A220DF000FB79
:10F250006F480DF0E5FAFFF78FB82868654DD2F7D3
:10F260002BFF51EC100B12F03BFB634BA8651968A8
:10F270004FF4847228460DF013FFFFF77DB828681D
:10F280005C4DD2F719FF51EC100B12F029FB5A4BD1
:10F29000286019684FF4847228460DF001FFFFF7CB
:10F2A0006BB82A215E4810F043FD59480DF0B8FABA
:10F2B0000E215C4810F03CFD5B4B554819680DF081
:10F2C000A7FA53480DF0ACFAD3F752FAFFF754B847
:10F2D0002A21564810F02CFD4D480DF0A1FA0E21C0
:10F2E000504810F025FD504B494819680DF090FA30
:10F2F00047480DF095FAD3F7A9F9FFF73DB8F4F7B1
:10F300008BFDFFF739B84FF0FF3100220846EAF7CE
:10F310003FFAFFF731B8012100220846EAF738FA30
:10F32000FFF72AB82868424DD2F7C6FE51EC100B01
:10F3300012F01EFB3F4BA86619688C2228460DF080
:10F34000AFFEFFF719B80A213B4810F0F1FC082185
:10F350003A4810F0EDFC3A4A2D48516C00230A223D
:10F360000DF076FA2A480DF05BFA4FF0FF30E9F71E
:10F3700045FAFFF701B828682D4DD2F79DFE51ECF4
:10F38000100B12F0F5FA2B4B686619688C22284690
:10F390000DF086FE20212B4810F0CAFC686E11F09B
:10F3A00097FF41EC100B022119480DF05DFA184847
:10F3B0000DF036FAFEF7E0BF28681D4DD2F77CFE4F
:10F3C00051EC100B12F0D4FA1A4B286619688C22F3
:10F3D00028460DF065FEFEF7CFBFD2F78BFE1A4B25
:10F3E0001A4918660968702218460DF059FEFEF792
:10F3F000C3BF00BF7013FF1F3416FF1FB0BB040054
:10F4000058B804005CB804004C07FF1FAC020500AC
:10F410002808FF1F7C18FF1F700405006404050006
:10F4200038040500E8B004005007FF1F0C04050075
:10F430001412FF1F2407FF1FAC0105000004050084
:10F440001013FF1FDC030500A012FF1F2807FF1F7A
:10F450001521A44810F06CFCA34BA448996D0DF045
:10F46000D7F9A2480DF0DCF94FF0FF30E8F704FCC3
:10F47000FEF782BF14219E4810F05AFC9A4B9B481D
:10F48000996D0DF0C5F999480DF0CAF90120E8F71A
:10F49000F3FBFEF771BF2868012802F04C860328B1
:10F4A00002F00C86002802F08A86D2F705FE0E21B3
:10F4B000904857EC106B10F03BFC00218B480DF08E
:10F4C000A7F98A480DF0ACF90D218B4810F030FCFB
:10F4D0003946304612F004FA014684480DF098F996
:10F4E00082480DF09DF9854B854819684FF4847268
:10F4F0000DF0D6FDFEF740BF2868814DD2F7DCFD48
:10F5000051EC100B12F0ECF97C4BA86719684FF422
:10F51000847228460DF0C4FD08217A4810F008FCDA
:10F52000A96F724800230A220DF092F96F480DF07E
:10F5300077F9FEF721BF2868714DD2F7BDFD51EC78
:10F54000100B12F0CDF96D4B686719684FF4847297
:10F5500028460DF0A5FD0B216B4810F0E9FB696F03
:10F56000624800230A220DF073F960480DF058F943
:10F57000FEF702BF654B0A221A60F8F7D9F8FEF7CA
:10F58000FBBE2868624DD2F797FD51EC100B12F0CC
:10F59000EFF9604B286219686C2228460DF080FD57
:10F5A00010215D4810F0C4FB286A11F091FE41EC77
:10F5B000100B02214D480DF057F94C480DF030F971
:10F5C000FEF7DABE0B2155484D4E10F0B1FBD2F7D5
:10F5D00091FD10210546524810F0AAFB29464348E8
:10F5E0000DF016F941480DF01BF9052D434B08BFEE
:10F5F00000254FF484721968C6F8F05030460DF0BB
:10F600004FFDD6F8F020012A03F0AB800122002143
:10F610000320D2F711FA434908A80DF001FB08A80E
:10F62000D0F7B2FF08A80DF053FB3F4B08A81968AC
:10F630000DF0F6FA08A8D0F7A7FF08A80DF048FBD0
:10F64000FEF79ABE394F7B6C013B032B3EF694AE1E
:10F65000DFE813F0870E670E470E270ED2F74AFD3C
:10F66000274F264B0028D4BF00200120196887F8B7
:10F670009F004FF4847208AE38460DF011FD2C49FE
:10F6800030460DF0CDFA3046D0F77EFF30460DF013
:10F690001FFB2B68012B02F0A285032B02F09A8539
:10F6A000002B02F09285234A234B97F89F10304697
:10F6B000002914BF114619460DF0B2FA3046D0F7B2
:10F6C00063FF30460DF004FB1C4B304619680DF00B
:10F6D000A7FA3046D0F758FF30460DF0F9FAFEF79A
:10F6E0004BBE00BFC40305001412FF1F2808FF1FF4
:10F6F000AC03050060090500700905003416FF1F02
:10F700007013FF1FD0FF0400C4FF04005007FF1F49
:10F710004410FF1F0007FF1F4C02050040090500B1
:10F720004C0905004CBD04004807FF1F1013FF1FC4
:10F73000D8BA040058B804005CB804004C07FF1F96
:10F74000D2F7D8FCB64FB74B0028D4BF0020012019
:10F75000196887F89E004FF4847208AE38460DF0A1
:10F760009FFCB14930460DF05BFA3046D0F70CFFF4
:10F7700030460DF0ADFA2B68012B03F01280032BFD
:10F7800003F00A80002B02F02F85A84AA84B97F8B7
:10F790009E103046002914BF114619460DF040FA5C
:10F7A0003046D0F7F1FE30460DF092FAA14B3046CC
:10F7B00019680DF035FA3046D0F7E6FE30460DF008
:10F7C00087FAFEF7D9BDD2F795FC954F954B0028E7
:10F7D000D4BF00200120196887F89D004FF484727F
:10F7E00008AE38460DF05CFC934930460DF018FA2F
:10F7F0003046D0F7C9FE30460DF06AFA2B68012B6F
:10F8000002F00185032B02F0F984002B02F0F18451
:10F81000864A874B97F89D103046002914BF114641
:10F8200019460DF0FDF93046D0F7AEFE30460DF02A
:10F830004FFA804B304619680DF0F2F93046D0F798
:10F84000A3FE30460DF044FAFEF796BDD2F752FC07
:10F85000734F744B0028D4BF00200120196887F82B
:10F860009C004FF4847238460DF01AFC0B2173484B
:10F8700010F05EFA97F89C1071480CF0C9FF08AEC2
:10F880006F480CF0CDFF6F4930460DF0C9F9304696
:10F89000D0F77AFE30460DF01BFA2B68012B02F0F0
:10F8A0008984032B02F08184002B02F079845F4A63
:10F8B0005F4B97F89C103046002914BF114619463B
:10F8C0000DF0AEF93046D0F75FFE30460DF000FA8D
:10F8D000584B304619680DF0A3F93046D0F754FE66
:10F8E00030460DF0F5F9FEF747BD0B2156484C4E5A
:10F8F00010F01EFAD2F7FEFB0F210546534810F018
:10F9000017FA29464E480CF083FF4D480CF088FF4B
:10F91000444BC6F8E8504FF48472196830460DF035
:10F92000BFFBD6F8E820012A02F00087012210462A
:10F930000021D2F781F8464908A80DF071F908A80E
:10F94000D0F722FE08A80DF0C3F9424B08A81968A9
:10F950000DF066F908A8D0F717FE08A80DF0B8F961
:10F96000FEF70ABD4FF0FF3104220846E9F710FF09
:10F97000FEF702BD2868384DD2F79EFB51EC100B04
:10F9800011F0F6FF354BE8621968342228460DF075
:10F9900087FBFEF7F1BC2868214DD2F78DFB51ECB7
:10F9A000100B11F09DFF1F4B082898BF39201968D4
:10F9B00028634FF4847228460DF072FB0E2128480C
:10F9C00010F0B6F9296B1E4800230A220CF040FF04
:10F9D0001B480CF025FFFEF7CFBC2868104DD2F76E
:10F9E0006BFB51EC100B11F07BFF0E4B082898BFFE
:10F9F00039201968E8624FF4847228460DF050FBF4
:10FA00000E21184810F094F9E96A0D4800230A22E3
:10FA10000CF01EFF0A480CF003FFFEF7ADBC00BF60
:10FA20007013FF1F3416FF1F80B9040058B804007C
:10FA30005CB804004C07FF1F40B90400A80805008B
:10FA40002808FF1FACB80400800805008C080500DA
:10FA5000CCBC04004807FF1F0011FF1F1807FF1F41
:10FA6000F4080500E40805002868B44DD2F724FB2B
:10FA700051EC100B11F034FFB14B082898BF39201E
:10FA80001968E8614FF4847228460DF009FB0E21D5
:10FA9000AC4810F04DF9E969AB4800230A220CF09C
:10FAA000D7FEA9480CF0BCFEFEF766BC2868A34F41
:10FAB000D2F702FB51EC100B11F03AFF0D21034677
:10FAC000A248BB6110F034F9B9699F4800230A22AB
:10FAD0000CF0BEFE9C480CF0A3FEBB699748082BB7
:10FAE0009CBF3923BB61964B4FF4847219680DF0AB
:10FAF000D7FA0E21964810F01BF9B96992480023F5
:10FB00000A220CF0A5FE90480CF08AFEFEF734BCE9
:10FB100028688A4DD2F7D0FA51EC100B11F0E0FEB4
:10FB2000874B082898BF3920196828654FF48472DC
:10FB300028460DF0B5FA0F21864810F0F9F8296D26
:10FB4000814800230A220CF083FE7F480CF068FEF7
:10FB5000FEF712BC2868794DD2F7AEFA51EC100BC3
:10FB600011F0BEFE764B082898BF39201968E8646A
:10FB70004FF4847228460DF093FA0F21764810F066
:10FB8000D7F8E96C704800230A220CF061FE6E4839
:10FB90000CF046FEFEF7F0BB0B217048674E10F0EC
:10FBA000C7F8D2F7A7FA0F2105466D4810F0C0F844
:10FBB000294665480CF02CFE63480CF031FE604B82
:10FBC000C6F8EC504FF48472196830460DF068FAAC
:10FBD000D6F8EC20012A02F0B18301220021022094
:10FBE000D1F72AFF5F4908A80DF01AF808A8D0F746
:10FBF000CBFC08A80DF06CF85B4B08A819680DF059
:10FC00000FF808A8D0F7C0FC08A80DF061F8FEF7BF
:10FC1000B3BBD2F76FFA554B55495A6F554B086035
:10FC2000012A0CBF022201221A60F3F7F5F8FEF751
:10FC3000A3BB2868504DD2F73FFA51EC100B11F0DE
:10FC400097FE4E4B28651968702228460DF028FA59
:10FC50000A214B4810F06CF8286D11F039FB41EC8B
:10FC6000100B022138480CF0FFFD37480CF0D8FD8E
:10FC7000FEF782BB2868404DD2F71EFA51EC100BFC
:10FC800011F02EFE3D4B28641968702228460DF0B5
:10FC900007FA08213B4810F04BF8296C2A4800234A
:10FCA0000A220CF0D5FD28480CF0BAFDFEF764BB23
:10FCB0002868314DD2F700FA51EC100B11F058FEC4
:10FCC0002E4BE8641968702228460DF0E9F90C21E2
:10FCD0002D4810F02DF8E86C11F0FAFA41EC100BF9
:10FCE000022119480CF0C0FD17480CF099FDFEF7F1
:10FCF00043BBD2F7FFF9254B2549186109686C22EF
:10FD000018460DF0CDF9FEF737BBD2F7F3F91F4BCC
:10FD10001F49986209686C2218460DF0C1F9FEF778
:10FD20002BBBD2F7E7F9144B1449D8650968702248
:10FD300018460DF0B5F9FEF71FBB00BF7013FF1F8B
:10FD40003416FF1FD40805002808FF1FB40805005B
:10FD5000C40805001409050004090500240905006C
:10FD6000300905000CBD04004807FF1F3411FF1FB8
:10FD70005007FF1FF816FF1FA012FF1F2807FF1FC5
:10FD80009C08050064080500700805004410FF1F6A
:10FD90000007FF1FD2F7AEF9A64E05463321A6484D
:10FDA0000FF0C6FF3168A5480CF032FDA3480CF0F7
:10FDB00037FD0B21A2480FF0BBFF29469F480CF0EE
:10FDC00027FD9E480CF02CFD3368013B0A2B01F205
:10FDD0001782DFE813F0C90D730EB80D6A10150A0B
:10FDE000F309F309F309F3094710730E954B002249
:10FDF0001A60D3F73FFBE6F78FFBFEF7BDBAD2F7E9
:10FE000079F9914B914998640968602218460DF080
:10FE100047F9FEF7B1BA8E4B5B68013B042B3EF607
:10FE2000ABAADFE813F00A0CF00BD60BBC0B2810C2
:10FE3000142188480FF07CFF80480CF0F1FC8649C3
:10FE4000864B4FF0FF30002208601A60FEF750F931
:10FE5000FEF792BA2868824DD2F72EF951EC100BBA
:10FE600011F03EFD7F4BC5F8F80019684FF484721D
:10FE700028460DF015F908217B480FF059FFD5F8F9
:10FE8000F8106E4800230A220CF0E2FC6B480CF0DC
:10FE9000C7FCFEF771BAD2F72DF9744D744B286484
:10FEA0001968502228460DF0FBF80D2171480FF01B
:10FEB0003FFF296C614800230A220CF0C9FC5F480F
:10FEC0000CF0AEFCFEF758BAD5F734FFFEF754BA83
:10FED00028685D4DD2F7F0F851EC100B11F048FD99
:10FEE0005A4BE8651968602228460DF0D9F81921A7
:10FEF00061480FF01DFFE86D11F0EAF941EC100BBD
:10FF000002214E480CF0B0FC4C480CF089FCFEF786
:10FF100033BAD2F7EFF804283EF62EAADFE810F045
:10FF2000CB0BC40BBD0BB60B2E0CD2F7E3F80A219A
:10FF3000054652480FF0FCFE294640480CF068FC8C
:10FF40003E480CF06DFC042D3EF616AADFE815F0D5
:10FF5000810C7A0C730C6C0CBA0BD2F7CBF8484DB1
:10FF6000484E00280CBF4FF0FF3301230A214348BD
:10FF700033600FF0DDFE00230A2229682F480CF0C1
:10FF800067FC2E480CF04CFC0A213F480FF0D0FED5
:10FF900000230A22A96829480CF05AFC27480CF0D3
:10FFA0003FFC142139480FF0C3FE316823480CF0A0
:10FFB0002FFC22480CF034FCAB68023B352B00F2DE
:10FFC000F187DFE813F0701481147D146814ED07D5
:10FFD0006C14EF07EF07EF07EF07EF07EF07EF07E7
:10FFE000EF07EF07EF07EF07EF07EF07EF07EF0761
:10FFF000EF07EF07EF07EF07EF07EF07EF07EF0751
:020000023000CC
:10000000EF07EF07EF07EF07EF07EF07EF07EF0740
:10001000EF07EF07EF07EF07EF07EF07EF07EF0730
:10002000EF07EF07EF07701481147D146814ED07D4
:100030006C1400BF5007FF1F780005002808FF1F41
:10004000AC000500BC16FF1F1013FF1F2C07FF1F7D
:100050000011FF1F600005003807FF1F1416FF1F67
:100060007013FF1F3416FF1F0C0205007814FF1FCA
:100070003007FF1F1802050090030500AC010500C2
:100080004410FF1F5C07FF1F280B0500340B050001
:100090000B21BA48BA4E0FF04BFED2F72BF81521C0
:1000A0000546B8480FF044FE2946B7480CF0B0FBAF
:1000B000B5480CF0B5FB1521B2480FF039FE2946C2
:1000C000B1480CF0A5FBB0480CF0AAFBAF4BC6F84A
:1000D000E4504FF48472196830460CF0E1FFD6F812
:1000E000E420012A02F02D80002101220846D1F7E8
:1000F000A3FCA74908A80CF093FD08A8D0F744FA80
:1001000008A80CF0E5FDA34B08A819680CF088FDC1
:1001100008A8D0F739FA08A80CF0DAFDFEF72CB9D8
:100120002868974DD1F7C8FF51EC100B11F0D8FBA0
:10013000964BC5F8D00019684FF4847228460CF02D
:10014000AFFFFEF719B90B2193488D4E0FF0F0FD6C
:10015000D1F7D0FF1021054690480FF0E9FD294660
:1001600089480CF055FB88480CF05AFB874BC6F8C1
:10017000F4504FF48472196830460CF091FFD6F8B1
:10018000F420012A02F06381012200210420D1F72A
:1001900053FC834908A80CF043FD08A8D0F7F4F9F4
:1001A00008A80CF095FD7B4B08A819680CF038FDE9
:1001B00008A8D0F7E9F908A80CF08AFDFEF7DCB82A
:1001C000784B01219A6D0846E9F7E2FAFEF7D4B8B8
:1001D00028686B4DD1F770FF51EC100B11F080FBCC
:1001E0006A4BC5F8D40019684FF4847228460CF0A5
:1001F00057FF0B216C480FF09BFDD5F8D4106248D7
:1002000000230A220CF024FB5F480CF009FBFEF7E8
:10021000B3B82868654DD1F74FFF51EC100B11F0C2
:100220005FFB634BE8631968702228460CF038FFC7
:10023000082160480FF07CFDE96B534800230A2237
:100240000CF006FB50480CF0EBFAFEF795B8286866
:10025000564DD1F731FF51EC100B11F089FB544B87
:10026000A8661968702228460CF01AFFA86E11F0D3
:100270002FF841EC100B022143480CF0F5FAA86E60
:1002800011F026F841EC100B05213F480CF0ECFA78
:100290003D480CF0C5FAFEF76FB8D1F72BFF464B7F
:1002A0004649586109686C2218460CF0F9FEFEF7C1
:1002B00063B82868324DD1F7FFFE51EC100B11F0F6
:1002C00057FB324BA86419684FF4847228460CF02F
:1002D000E7FE0A213A480FF02BFDA86C10F0F8FF5A
:1002E00041EC100B022128480CF0BEFA26480CF015
:1002F00097FAFEF741B828682F4DD1F7DDFE51EC93
:10030000100B11F035FB2D4BE86019686C22284664
:100310000CF0C6FE10212B480FF00AFDE86810F023
:10032000D7FF41EC100B022117480CF09DFA16483C
:100330000CF076FAFEF720B828681F4DD1F7BCFE06
:1003400051EC100B11F014FB1C4BA86119686C22C6
:1003500028460CF0A5FE11211B480FF0E9FCA86906
:1003600010F0B6FF41EC100B022107480CF07CFAAC
:1003700005480CF055FAFDF7FFBF00BF040B050060
:100380007013FF1F100B05002808FF1F3416FF1FF6
:100390007CBC04004807FF1FE40A0500F00A0500C2
:1003A00094BD04003411FF1F64040500A012FF1F58
:1003B0002807FF1F640805004410FF1F0007FF1FE8
:1003C000A40B05004C0205001C0305002868AE4D77
:1003D000D1F772FE51EC100B11F0CAFAAB4BE86585
:1003E0001968602228460CF05BFE1921A8480FF01E
:1003F0009FFCE86D10F06CFF41EC100B0221A5484A
:100400000CF032FAA3480CF00BFAFDF7B5BF11213E
:10041000A1480FF08DFC9F480CF002FADEF780FF38
:10042000FDF7AABFD1F766FE9C4B9D49186309688A
:10043000342218460CF034FEFDF79EBFD1F75AFE69
:10044000984A431E10600A2B3DF696AF01A252F85F
:1004500023F000BF7F16030075E3020075E302007E
:100460007316030079E3020075E3020075E30200EE
:1004700075E302003F19030075E3020075E3020013
:100480002868894DD1F718FE51EC100B11F070FA65
:10049000864B68641968702228460CF001FE0B2117
:1004A00083480FF045FC686C10F012FF41EC100B14
:1004B000052178480CF0D8F976480CF0B1F9FDF731
:1004C0005BBF2868784DD1F7F7FD51EC100B11F0A8
:1004D0004FFA764BA8641968702228460CF0E0FDAC
:1004E0000C2174480FF024FCA86C10F0F1FE41ECD4
:1004F000100B022167480CF0B7F966480CF090F930
:10050000FDF73ABF012104220846E9F741F9FDF75A
:1005100033BF6949694A634F00230B601360D1F709
:10052000E9FD0A28386002F0A080162802F0318028
:10053000002801F0A78701380A2802F23781DFE896
:1005400010F0F409EA0999098F0935119A069A06FB
:100550009A069A06BD0CEA092B68012B01F0DA868F
:10056000032B01F0D386002B01F09586544F554B99
:10057000534819684FF484720CF092FD08215248D8
:100580000FF0D6FBD7F88010424800230A220CF067
:100590005FF940480CF044F9FDF7EEBE2868424D83
:1005A000D1F78AFD51EC100B11F0E2F93F4BE866F0
:1005B0001968702228460CF073FD1D2143480FF086
:1005C000B7FBE86E10F084FE41EC100B05213148BA
:1005D0000CF04AF92F480CF023F9FDF7CDBE3C4D45
:1005E0003C4819210FF0A4FB00230A22696C29481A
:1005F0000CF02EF927480CF013F9D1F77BFD0B21F5
:10060000064635480FF094FB314622480CF000F9BD
:1006100020480CF005F9192130486E640FF088FB72
:10062000696C1C4800230A220CF012F919480CF0DE
:10063000F7F82B4B5022196828460CF031FD192190
:1006400028480FF075FB696C124800230A220CF051
:10065000FFF810480CF0E4F8FDF78EBE224B4FF087
:10066000FF319A6D0846E9F793F8FDF785BE0B4B0D
:100670005B68013B042B3DF67FAEDFE813F0A50875
:100680009B08A00875082A081013FF1F2C07FF1FDE
:10069000880B05002808FF1F740B05000011FF1FC1
:1006A0001807FF1F5007FF1FA012FF1F2807FF1F7B
:1006B000AC020500700805004416FF1F5016FF1F0E
:1006C0007013FF1F3416FF1FD0FF04004000050009
:1006D0007814FF1F300305004C0305005803050084
:1006E0003007FF1F740305003411FF1FD1F702FD0F
:1006F000CA4F03462021CA48C7F8E0300FF018FB64
:100700000A22D7F8E010C74800230CF0A1F8C5482A
:100710000CF086F8D7F8E020012A01F0688608AED0
:10072000C149C24D30460CF07BFA3046CFF72CFF62
:1007300030460CF0CDFA296830460CF071FA30469C
:10074000CFF722FF30460CF0C3FAD7F8E420012A95
:1007500001F04686002108460122D1F76DF9B4491F
:1007600030460CF05DFA3046CFF70EFF30460CF005
:10077000AFFA296830460CF053FA3046CFF704FF41
:1007800030460CF0A5FAD7F8E820012A01F02186BE
:10079000012200211046D1F74FF9A64930460CF04E
:1007A0003FFA3046CFF7F0FE30460CF091FA296858
:1007B00030460CF035FA3046CFF7E6FE30460CF006
:1007C00087FAD7F8EC20012A01F0FC8500210122EC
:1007D0000220D1F731F9984930460CF021FA304621
:1007E000CFF7D2FE30460CF073FA296830460CF091
:1007F00017FA3046CFF7C8FE30460CF069FAD7F842
:10080000F020012A01F0D785002101220320D1F731
:1008100013F98A4930460CF003FA3046CFF7B4FE9C
:1008200030460CF055FA296830460CF0F9F930469C
:10083000CFF7AAFE30460CF04BFAD7F8F420012A85
:1008400001F0B285002101220420D1F7F5F87C499E
:1008500030460CF0E5F93046CFF796FE30460CF006
:1008600037FA296830460CF0DBF93046CFF78CFEBA
:1008700030460CF02DFA734B684819684FF48472B7
:100880000CF00EFCFDF778BD2868644DD1F714FC20
:1008900051EC100B11F06CF86A4BC5F8D8001968D0
:1008A0004FF4847228460CF0FBFB0B2166480FF0D6
:1008B0003FFAD5F8D80010F00BFD41EC100B0521E4
:1008C00058480BF0D1FF57480BF0AAFFFDF754BD75
:1008D0005E4D5F485F4E0B210FF02AFA29685148A0
:1008E0000BF096FF4F480BF09BFF0E215A480FF07C
:1008F0001FFA31684B480BF08BFF4A480BF090FF12
:100900003368092B05D01A2B01F00885032B7DF4E1
:1009100033AD132151480FF00BFA296841480BF011
:1009200077FF40480BF07CFF2868D3F7A1F8FDF76C
:1009300023BD28684A4DD1F7BFFB51EC100B10F0D6
:10094000CFFF102103464748EB610FF0F1F9E96949
:10095000344800230A220BF07BFF32480BF060FF83
:10096000414B6C22196828460CF09AFBFDF704BD38
:10097000D1F7C0FB3A4D034614213C486B620FF09F
:10098000D7F9696A274800230A220BF061FF25483E
:100990000BF046FF344B6C22196828460CF080FBA4
:1009A000FDF7EABC324D33480B210FF0C1F90023AB
:1009B000296C1C480A220BF04BFF1A480BF030FF41
:1009C0002B6C012B01F0A486312B14BF01204FF0BA
:1009D000FF300121F5F79AFEFDF7CEBC244D2548E6
:1009E0000B210FF0A5F9296C0E4800230A220BF009
:1009F0002FFF0C480BF014FF286C302801F0958273
:100A000001F28C82002801F09082012841F0BD8221
:100A10004FF0FF31F5F77AFEFDF7AEBC7013FF1F04
:100A2000B80205002808FF1F54BC04004807FF1F38
:100A30007CBC0400CCBC04000CBD04004CBD040014
:100A400094BD04003416FF1FAC0205001416FF1FEE
:100A5000600205005007FF1F6C0205007C020500C4
:100A60004410FF1F4C0205000007FF1F3402050061
:100A70007814FF1F28020500D1F73CFBBE4BBF498D
:100A8000C3F8CC0009684FF4847218460CF008FBD8
:100A9000FDF772BCD1F72EFBB94D03460B21B948C7
:100AA0006B600FF045F96968B74800230A220BF024
:100AB000CFFEB5480BF0B4FEB44B3422196828467B
:100AC0000CF0EEFAFDF758BCD1F714FBAA4DAB4B76
:100AD000C5F8C80019684FF4847228460CF0E0FA93
:100AE0000D21AB480FF024F90023D5F8C810A64813
:100AF0000A220BF0ADFEA4480BF092FED5F8C830E8
:100B000008AE002B01F04582A24930460CF088F86F
:100B10003046CFF739FD30460CF0DAF89E4B3046C0
:100B200019680CF07DF83046CFF72EFD30460CF0FA
:100B3000CFF8FDF721BC2868984DD1F7BDFA51ECEC
:100B4000100B10F015FF964BE86219686C222846CE
:100B50000CF0A6FA112193480FF0EAF8E86A10F0B9
:100B6000B7FB41EC100B022187480BF07DFE864855
:100B70000BF056FEFDF700BC28688B4FDFF85C8257
:100B8000D1F79AFA51EC100B10F0F2FE874BF86394
:100B90001968602238460CF083FAD7ED0F6A97ED9A
:100BA000107A8349C6EE877A08AE3046C8ED007ADF
:100BB0000CF036F83046CFF7E7FC30460CF088F8FA
:100BC0002B68012B01F03883032B01F03083002BBD
:100BD00001F06F8298ED000ACFF78EFC754B30461E
:100BE00019680CF01DF83046CFF7CEFC30460CF0FB
:100BF0006FF8032170480FF09BF8F86B10F068FB5A
:100C000041EC100B022160480BF02EFE5E480BF009
:100C100007FE032169480FF08BF8386C10F058FB81
:100C200041EC100B022158480BF01EFE56480BF009
:100C3000F7FD092162480FF07BF8D8F8000010F0AA
:100C400047FB41EC100B02214F480BF00DFE4E48C4
:100C50000BF0E6FDFDF790BB5A4B494F49485A4D02
:100C600000260B211E700FF063F833460A227968C4
:100C700045480BF0EDFD44480BF0D2FD09215348E7
:100C80000FF056F8112152480FF052F833466968B8
:100C90003D480A220BF0DCFD3B480BF0C1FD7B68B0
:100CA000013B042B3DF668ABDFE813F074046E04DF
:100CB000E703DE0393052868464DD1F7FDF951ECB3
:100CC000100B10F00DFE444B686619687022284620
:100CD0000CF0E6F9FDF750BB2868334FDFF8FC80D5
:100CE000D1F7EAF951EC100B10F042FE2F4B3864AB
:100CF0001968602238460CF0D3F9D7ED0F6A97EDEA
:100D0000107A2B49C6EE877A08AE3046C8ED007AD5
:100D10000BF086FF3046CFF737FC30460BF0D8FF9C
:100D20002B68012B01F0FD84032B01F0F584002BCF
:100D300001F0318298ED000ACFF7DEFB1D4B304603
:100D400019680BF06DFF3046CFF71EFC30460BF0F4
:100D5000BFFF032119480EF0EBFF386C10F0B8FA12
:100D600041EC100B022108480BF07EFD06480BF009
:100D700057FDFDF701BB00BF7013FF1F3416FF1FA7
:100D80000011FF1FDC0205002808FF1F1807FF1FC6
:100D9000D4BE0400E4BE04004807FF1F4410FF1F38
:100DA0000007FF1F1C0305001013FF1F2C07FF1F68
:100DB000FC0205004C07FF1FECEB04002C060500AD
:100DC00010030500DD0FFF1FB010FF1FB801050065
:100DD000E8020500A012FF1F2807FF1FC016FF1F13
:100DE000D1F788F9AF4AB049B04D9065034609681C
:100DF000AB62104670226B610CF052F9AC4B6C2266
:100E0000196828460CF04CF9FDF7B6BAD2F732FB58
:100E10004FF0FF30FAF70AFAFDF7AEBAA54EA64832
:100E200014210EF085FFB16DA4480BF0F1FCA3482E
:100E30000BF0F6FC2868D1F73FF951EC100B10F0DD
:100E40004FFDB26D0346042A3DF696AADFE812F084
:100E50005503440331031E03C7042868D1F72CF956
:100E600051EC100B10F03CFD954A1268013A034614
:100E70000A2A3DF681AA01A151F822F0411503008A
:100E80001D1503006515030079E3020079E30200F4
:100E900001110300011103000111030001110300FE
:100EA000051803001D1503002868854ED1F704F9C5
:100EB00051EC100B10F014FD0D21054681480EF089
:100EC00037FF31687D480BF0A3FC7C480BF0A8FC91
:100ED0003368013B0A2B3DF64FAA01A252F823F0DA
:100EE000031B0300F11A03005F1B030079E30200F8
:100EF00079E3020045110300451103004511030089
:100F000045110300A3130300F11A0300D2F7B2FA4C
:100F10000120FAF78BF9FDF72FBAD1F7EBF86A4FFA
:100F20006A4B0028D4BF00200120196887F8DC0034
:100F30004FF4847208AE38460CF0B2F8644930467B
:100F40000BF06EFE3046CFF71FFB30460BF0C0FEB5
:100F50002B68012B01F01A81032B01F01281002B69
:100F600001F00A815B4A5C4B97F8DC10304600299F
:100F700014BF114619460BF053FE3046CFF704FB61
:100F800030460BF0A5FE554B304619680BF048FE75
:100F90003046CFF7F9FA30460BF09AFEFDF7ECB980
:100FA000EEF774FD484BD3F8E030012B01F0498196
:100FB0004B4908A80BF034FE08A8CFF7E5FA08A8BB
:100FC0000BF086FE474908A80BF02AFE08A8CFF7C9
:100FD000DBFA08A80BF07CFE434908A80BF020FEC2
:100FE00008A8CFF7D1FA08A80BF072FE3F4908A86D
:100FF0000BF016FE08A8CFF7C7FA08A80BF068FE9A
:101000003B4908A80BF00CFE08A8CFF7BDFA08A8CA
:101010000BF05EFE374908A80BF002FE08A8CFF7D8
:10102000B3FA08A80BF054FE334908A80BF0F8FDFA
:1010300008A8CFF7A9FA08A80BF04AFE294908A882
:101040000BF0EEFD08A8CFF79FFA08A80BF040FEC2
:101050002A4908A80BF0E4FD08A8CFF795FA08A8DC
:101060000BF036FE214908A80BF0DAFD08A8CFF7EF
:101070008BFA08A80BF02CFE1D4908A80BF0D0FD38
:1010800008A8CFF781FA08A80BF022FE194908A892
:101090000BF0C6FD08A8CFF777FA08A80BF018FEEA
:1010A000FDF76AB9A012FF1F2807FF1F4410FF1F9A
:1010B0000007FF1F1412FF1F44FA04002808FF1F37
:1010C0005007FF1FB4FF04007013FF1F3416FF1FEB
:1010D000D8B9040058B804005CB804004C07FF1FDE
:1010E00054EC04005CAD040068EC040000B404009F
:1010F00098E50400A4E504007CEC040090EC0400F6
:10110000B14DB24FB24EB34BA8601968B862B0652A
:10111000502228460BF0C4FFAF4B384619687022A6
:101120000BF0BEFFAD4B6C22196830460BF0B8FFD8
:10113000AB49AC48CFF750FBA968AA48CFF736FBBC
:10114000FDF71AB9A04EA34BDFF88082A04F1968B3
:10115000756030465022C8F800503D630BF0A0FF88
:101160009D4B4046196870220BF09AFF9B4B6C22F6
:10117000196838460BF094FF9B499A48CFF72CFB2F
:1011800071689848CFF712FBFDF7F6B88E4B1A68D6
:10119000013A032A01F25883DFE812F00A0C100C1E
:1011A000510B950C884B1A68013A032A01F29E8371
:1011B000DFE812F0E80BF60B970BA30C824E854B81
:1011C000DFF80882824F1968356030465022C8F82F
:1011D00054503D600BF064FF7F4B4046196870220D
:1011E0000BF05EFF7D4B384619686C220BF058FF00
:1011F0007E497C48CFF7F0FA31687A48CFF7D6FAC3
:101200000A217A480EF094FD294676480BF000FB3F
:1012100074480BF005FBFDF7AFB875497148B5642C
:10122000CFF7DAFA31686F48CFF7C0FA6D487149E5
:10123000CFF7D2FAB06C10F04BF80B460221024601
:1012400000916848CFF7A4FA6B4B6C481968542298
:101250000BF026FF0D216A480EF06AFDB0EE480A39
:10126000F0EE680A02215F480BF0FEFA5D480BF0D1
:10127000D7FAFDF781B863495A48CFF7ADFA524B18
:1012800058481968CFF792FA11215F480EF050FDC7
:10129000396854480BF0BCFA52480BF0C1FAFDF71C
:1012A0006BB82868D0F708FF51EC100B10F060FB0A
:1012B000564BB8651968564860220BF0F1FE0C21B8
:1012C00054480EF035FDB86D10F002F841EC100BEB
:1012D000022144480BF0C8FA42480BF0A1FAFDF78E
:1012E0004BB82868D0F7E8FE51EC100B10F040FB2B
:1012F000464B78651968464860220BF0D1FE0C21F8
:1013000044480EF015FD786D0FF0E2FF41EC100B34
:10131000022134480BF0A8FA32480BF081FAFDF7AD
:101320002BB82868D0F7C8FE51EC100B10F020FB4A
:10133000364B38651968364860220BF0B1FE0C2137
:1013400034480EF0F5FC386D0FF0C2FF41EC100B85
:10135000022124480BF088FA22480BF061FAFDF7CD
:101360000BB82868D0F7A8FE51EC100B10F000FB6A
:10137000264BF8641968264860220BF091FE0C2178
:1013800024480EF0D5FCF86C0FF0A2FF41EC100BD6
:10139000022114480BF068FA12480BF041FAFCF7EE
:1013A000EBBF1B4E194B35601968602230460BF0BD
:1013B00077FE0D490B48CFF70FFA31680948CFF790
:1013C000F5F9FCF7D9BF00BF7814FF1FA012FF1F6B
:1013D0004410FF1F3007FF1F2807FF1F0007FF1FD4
:1013E000D0FF04002808FF1FC4FF0400AC01050063
:1013F000E4050500040605002007FF1FC011FF1FBC
:10140000D4050500B40A0500D00A05002C07FF1F0B
:101410001013FF1F70080500B349B448B564CFF737
:10142000DBF9B34BB34819688C220BF039FEB16D70
:10143000AE480BF0EDF90C21AF480EF079FC2946CF
:10144000AA480BF0E5F9A9480BF0EAF9FCF794BFBC
:10145000AA49A6487564CFF7BFF9E2E7A849A348AF
:101460003564CFF7B9F9DCE7A64B5B68012B08D0F0
:101470000120F1F763FDFCF77FBFA34B5B68012BF5
:10148000F6D10120F2F752FBFCF776BF9F4997484F
:10149000C6F88430CFF7A0F9D6F884109348CFF778
:1014A00091F9934B934819688C220BF0F9FDFCF7E6
:1014B00063BF97498D48C6F88030CFF78DF9D6F8CD
:1014C00080108A48CFF77EF9894B8A4819688C22A8
:1014D0000BF0E6FDFCF750BF8E498448F367CFF769
:1014E0007BF9F16F8148CFF76DF9814B814819681D
:1014F0008C220BF0D5FDFCF73FBF87497B48B367D3
:10150000CFF76AF9B16F7948CFF75CF9784B794832
:1015100019688C220BF0C4FDFCF72EBF754D7F4976
:101520007248AB62CFF758F9A96A7048CFF74AF909
:101530006F4B8C22196828460BF0B2FDFCF71CBFDC
:10154000774D7849A8628C22284609680BF0A8FDDF
:1015500072496648CFF740F9A96A6448CFF732F973
:10156000FCF70ABF704D7149286234222846096889
:101570000BF096FD69495D48CFF72EF9296A5B4863
:10158000CFF714F9FCF7F8BE694B5B68012B7FF4C9
:101590006FAF76E76B68012B7FF46AAF71E728685D
:1015A000584DD1F759FF6349C3B250482B60CFF76C
:1015B00013F961494D48CFF70FF929684B48CFF728
:1015C000F5F85E4B1022196828460BF069FDFCF710
:1015D000D3BE28684C4DD1F73FFF5949C3B24348A9
:1015E0002B60CFF7F9F854494048CFF7F5F8296850
:1015F0003E48CFF7DBF8534B1022196828460BF012
:101600004FFDFCF7B9BE2868494DD1F725FF4E497B
:10161000C3B236482B60CFF7DFF847493348CFF7DE
:10162000DBF829683148CFF7C1F8484B1022196818
:1016300028460BF035FDFCF79FBE2868444DD1F7D6
:101640000BFF4449C3B229482B60CFF7C5F83A498C
:101650002648CFF7C1F829682448CFF7A7F83E4BB2
:101660001022196828460BF01BFDFCF785BE756338
:10167000EAE53A4B1868EFF7AFFBFCF77DBE384B55
:1016800003221A60F1F7C8FBFCF776BE0022114670
:101690000320D0F7D1F9FCF76FBE002211460220DB
:1016A000D0F7CAF9FCF768BE002211460120D0F736
:1016B000C3F9FCF761BE002211461046D0F7BCF911
:1016C000FCF75ABE012211460420D0F7B5F9FCF709
:1016D00053BE244B5B68012B4AD04FF0FF30F1F72B
:1016E0002DFCFCF749BE00BFF40705002808FF1FCA
:1016F0002407FF1F1412FF1F00080500F007050054
:10170000E4070500E010FF1FD010FF1FDCF4040009
:1017100010000500F8FF0400DCFF0400D0FF040007
:101720003411FF1F1C07FF1F0011FF1F1807FF1FA9
:10173000C010FF1FF4010500C40105001007FF1FC2
:10174000E80105000C07FF1FDC0105000807FF1F6B
:10175000B010FF1FB80105000407FF1FC011FF1FD5
:10176000F816FF1FF010FF1FB04B5B68012BB4D1C0
:101770004FF0FF30F2F7DAF9FCF7FEBD0022114618
:101780000420D0F759F9AA4908A80BF049FA08A88B
:10179000CEF7FAFE08A80BF09BFAA64B08A819682A
:1017A0000BF03EFA08A8CEF7EFFE08A80BF090FA6F
:1017B000FCF7E2BDA04B5B68012B8ED1D8E79F4BB5
:1017C0005B68012B89D1D3E79D4B5B68012B84D1EA
:1017D000CEE79C4B5B68012B7FF44AAE51E69A49F9
:1017E0009A48C6F88830CEF7F7FFD6F888109748A1
:1017F000CEF7E8FF964B974819688C220BF050FC07
:10180000FCF7BABD944D9549686160222846096885
:101810000BF046FC92498D48CEF7DEFF69698B4894
:10182000CEF7C4FFFCF7A8BD012211460320D0F774
:1018300003F9FCF7A1BD012211460220D0F7FCF804
:10184000FCF79ABD012211461046D0F7F5F8FCF7D7
:1018500093BD012211460020D0F7EEF8FCF78CBDB5
:1018600080497A48CEF7B8FF7F4B78481968CEF7A1
:101870009DFF09E57D497548CEF7AEFF7C4B734867
:101880001968CEF793FF7B497048CEF7A5FF6C4BE4
:10189000D8680FF01DFD022502460B466B480095E7
:1018A000CEF776FF74496948CEF796FF624BD86849
:1018B0000FF00EFD009502460B466448CEF768FF18
:1018C0006E496248CEF788FF5C4BD8680FF000FD88
:1018D000009502460B465D48CEF75AFF68495B48C3
:1018E000CEF77AFF514BD8680FF0F2FC0095024614
:1018F0000B465648CEF74CFF62495448CEF76CFF72
:10190000504BD8680FF0E4FC009502460B464F4858
:10191000CEF73EFFB8E45C494C48CEF75DFF4D4B37
:101920004A48996DCEF74EFFAEE458494748CEF786
:1019300053FF574B4548996DCEF744FFA4E4EAF7AF
:10194000D3FBFCF719BD4A4E524940483560CEF7EB
:1019500043FF31683D48CEF729FF4F4B34221968C9
:1019600030460BF09DFB4BE4494E4C4BB5658C2249
:10197000196830460BF094FB0F234949334808930C
:10198000CEF72AFFB16D3148CEF71CFF08A94FF4FE
:101990001670CEF7F1FE43492C48CEF71DFF08998B
:1019A0002A48CEF703FF08A94FF41770CEF7E4FEDC
:1019B0003D492648CEF710FF08992448CEF7F6FE99
:1019C00008A94FF41870CEF7D7FE38491F48CEF754
:1019D00003FF08991D48CEF7E9FE08A94FF41970D6
:1019E000CEF7CAFE32491948CEF7F6FE08991748D5
:1019F000CEF7DCFE08A94FF41A70CEF7BDFE2D49D4
:101A00001248CEF7E9FE08991048CEF7CFFE08A994
:101A10004FF42870CEF7B0FE27490C48CEF7DCFE15
:101A200008990A48CEF7C2FEFFF7EABBE010FF1F95
:101A3000A8BD04004807FF1FC010FF1FD010FF1FE4
:101A4000B010FF1FF010FF1F280005002808FF1F1F
:101A50002407FF1F1412FF1F1013FF1F2C07FF1F67
:101A6000D0FF0400A40A0500C011FF1F24070500D1
:101A70000011FF1F34070500540705007407050017
:101A800094070500B4070500900A0500800A0500C8
:101A90003411FF1F9C0105001807FF1F1C07FF1FC3
:101AA000B8000500F40005000C0105002401050044
:101AB0003C010500540105006C010500924E93495C
:101AC0009348CEF789FEB16D91480AF0A1FE914B83
:101AD000B56519688C2230460BF0E2FA8E498C48C5
:101AE000CEF77AFEB16D8A48CEF76CFEFFF788BB61
:101AF000884B8548196805608C220BF0D1FAFCF7F9
:101B00003BBC864E864B356019688C2230460BF004
:101B1000C7FA84497E48CEF75FFE31687C48CEF72D
:101B200051FEFCF729BCF563FFF78EBBB563FFF7E9
:101B30008BBBF564FFF788BB7B4975487564CEF7AE
:101B40004BFE31687248CEF731FE71487749CEF7C7
:101B500043FE706CFFF76FBB3564FFF775BB744EC7
:101B6000744BB5601968342230460BF099FA6D4910
:101B70006748CEF731FEB1686548CEF717FEFCF72F
:101B8000FBBB6D4F7B6C013B032B00F25086DFE803
:101B900013F00D07B0074D06030768495C4835652B
:101BA000CEF71AFE3DE4664E3368013B0D2B00F282
:101BB0003586DFE813F08607B9073206B707330624
:101BC000330633063306330633068607B907320673
:101BD000B707574E3368032B00F09987042B00D1C9
:101BE0003561544B5248196834220BF059FAFCF70E
:101BF000C3BB54494648444ECEF7EEFD39684448CD
:101C00000AF006FE42480AF00BFEB36D013B032BBF
:101C100000F2FB85DFE813F04B074107F005A4064F
:101C20003E4EB36D013B032B00F25386DFE813F009
:101C30005D075F075006B60643493548F564CEF7A1
:101C4000CBFDFFF7EEBB3E4E3368013B0D2B00F2A0
:101C50002F86DFE813F0480750072C068F062D0665
:101C60002D062D062D062D062D06480750072C069D
:101C70008F062F4E3368032B00F0E286042B00D131
:101C8000B5622C4B2A48196834220BF009FAFCF78C
:101C900073BB31282D4D00F0DE8630280ABF0023AB
:101CA00068606B602A4B2948196810220BF0F8F91C
:101CB00028491748CEF790FD27491548CEF78CFDE7
:101CC00069681348CEF772FDFCF756BB3128234DE7
:101CD00000F0C58630280ABF002368606B60204B87
:101CE0001E48196810220BF0DBF91E490848CEF790
:101CF00073FD19490648CEF76FFD69680448CEF7B1
:101D000055FDFCF739BB00BF1412FF1F8001050011
:101D10002808FF1F2407FF1F8C0105003411FF1F37
:101D20001C07FF1FC4FF0400E4050500F0050500C3
:101D30000011FF1F1807FF1F1013FF1FFC070500EE
:101D4000C011FF1F6C060500F8070500E010FF1F1B
:101D50001007FF1FF4010500E8020500D010FF1F67
:101D60000C07FF1FE80105003128A14D00F07B861C
:101D700030280ABF002368606B609E4B9C4819683E
:101D800010220BF08DF99C499C48CEF725FD9C490B
:101D90009A48CEF721FD69689848CEF707FDFCF711
:101DA000EBBA3128974D00F0748630280ABF002323
:101DB00068606B60944B9348196810220BF070F9BF
:101DC00092498E48CEF708FD8D498C48CEF704FD28
:101DD00069688A48CEF7EAFCFCF7CEBA31288C4D08
:101DE00000F0CA8530280ABF002368606B60894B09
:101DF0008748196810220BF053F987497F48CEF7BE
:101E0000EBFC7F497D48CEF7E7FC69687B48CEF75D
:101E1000CDFCFCF7B1BA814EB36D013B032B00F250
:101E20008285DFE813F0B505B705770556067C4FC8
:101E30007B6C013B032B00F28785DFE813F08D05F7
:101E40008F058405A105774EB36D013B032B00F28E
:101E5000CB84DFE813F058065A06B8040C06356543
:101E6000FFF7F2B9704B6E481968456460220BF0B9
:101E700017F9FFF7C5B92868654DD1F7EDFA66493E
:101E8000C3B25E482B60CEF7A7FC68495B48CEF72B
:101E9000A3FC29685948CEF789FC5E4B10221968CB
:101EA00028460BF0FDF8FCF767BA614B61481968EA
:101EB000056054220BF0F4F8FFF7A2B95E4DD5EDA2
:101EC000007AF5EE407AF1EE10FA7FF4DDA9544B7A
:101ED0005A49D3ED0F6A93ED107AC6EE877A08A8B7
:101EE000C5ED007A0AF09CFE08A8CEF74DFB08A8C5
:101EF0000AF0EEFE2220D1F77BFA95ED000ACEF72C
:101F0000FBFA4F4B08A819680AF08AFE08A8CEF71A
:101F10003BFB08A80AF0DCFEFFF7B6B9312834D144
:101F20004FF0FF310120FEF775BD4FF0FF3108463D
:101F3000FEF770BD4349444D08A80AF071FE08A899
:101F4000CEF722FB08A80AF0C3FE296808A80AF009
:101F500067FE08A8CEF718FB08A80AF0B9FE3B49AF
:101F600008A80AF05DFE08A8CEF70EFB08A80AF044
:101F7000AFFE296808A80AF053FE08A8CEF704FBB4
:101F800008A80AF0A5FEFCF7F7B901210846FEF7FC
:101F900041BD2F49FEF7B9BD2E492B4D08A80AF0C7
:101FA0003FFE08A8CEF7F0FA08A80AF091FE2968CB
:101FB00008A80AF035FE08A8CEF7E6FA08A80AF045
:101FC00087FE254908A80AF02BFE08A8CEF7DCFA00
:101FD00008A80AF07DFE296808A80AF021FE08A8D2
:101FE000CEF7D2FA08A80AF073FEFCF7C5B900BF15
:101FF000C010FF1F0807FF1FDC0105002808FF1F96
:10200000E8020500B010FF1F0407FF1FB80105001C
:10201000F010FF1F1407FF1F000205001412FF1F1E
:102020001013FF1F3411FF1F2C07FF1FC4010500F1
:102030002007FF1FC011FF1FC016FF1FFC02050075
:102040004C07FF1F20BB04004807FF1F38BB0400DC
:10205000F8BE0400F8BB040010BC0400C549C64D1E
:1020600008A80AF0DDFD08A8CEF78EFA08A80AF045
:102070002FFE296808A80AF0D3FD08A8CEF784FA35
:1020800008A80AF025FEBD4908A80AF0C9FD08A85D
:10209000CEF77AFA08A80AF01BFE296808A80AF009
:1020A000BFFD08A8CEF770FA08A80AF011FEFCF7E9
:1020B00063B922200DF0C0FEFEF78CBD0CF066FF68
:1020C00003462868DDB2CFF7F7FF51EC100B0FF095
:1020D00007FC0E210646AA480DF02AFE2946A9480B
:1020E0000AF096FBA7480AF09BFB0D21A6480DF0CD
:1020F0001FFE3146A3480AF08BFB013DA1480AF0C0
:102100008FFB032D3DF6EFA9DFE805F0110C070268
:102110009E4BC3F89460FDF7E6B99C4BC3F88C6006
:10212000FDF7E1B9994BC3F88460FDF7DCB9974B33
:10213000DE67FDF7D8B90BF0B3FE03462868DDB2C1
:10214000C1E711460020CFF777FC914908A80AF0B3
:1021500067FD08A8CEF718FA08A80AF0B9FD864B63
:1021600008A819680AF05CFD08A8CEF70DFA08A8BF
:102170000AF0AEFDFCF700B922200DF05DFEFEF77F
:10218000F1BE22200CF0ACFEFEF7ECBE22200BF0DC
:10219000BDFDFEF7E7BE22200DF04EFEFEF7CABDE4
:1021A00022200DF049FEFDF782BB22200CF098FEA4
:1021B000FDF77DBB22200BF0A9FDFDF778BB0DF0EC
:1021C00049FD03462868DDB27DE722200DF034FE8C
:1021D000FDF769BA22200CF083FEFDF764BA2220D5
:1021E0000BF094FDFDF75FBA22200DF025FEFDF700
:1021F000CCBA22200DF020FEFDF70ABB22200CF005
:102200006FFEFDF705BB22200BF080FDFDF700BB44
:1022100022200CF065FEFCF796BF22200BF076FD25
:10222000FCF791BF22200DF007FEFCF78CBF2220A7
:102230000CF056FEFEF7CEBC22200BF067FDFEF739
:10224000C9BC544908A80AF0EBFC08A8CEF79CF9D1
:1022500008A80AF03DFD504908A80AF0E1FC08A8CA
:10226000CEF792F908A80AF033FD4C4908A80AF005
:10227000D7FC08A8CEF788F908A80AF029FD464936
:1022800008A80AF0CDFC08A8CEF77EF908A80AF045
:102290001FFDFCF771B80DF0DDFCC3B2013B032B51
:1022A0003EF664A9DFE803F0261A0E022868374FCD
:1022B000CFF702FF51EC100B0FF012FBC7F898009C
:1022C000FEF755B92868314FCFF7F6FE51EC100BE9
:1022D0000FF006FBC7F89000FEF749B928682B4FAE
:1022E000CFF7EAFE51EC100B0FF0FAFAC7F88800AE
:1022F000FEF73DB92868254FCFF7DEFE51EC100BF5
:102300000FF0EEFAC7F88000FEF731B90CF03EFE90
:10231000C3B2C3E70BF0C4FDC3B2BFE71921204825
:102320000DF006FD296817480AF072FA15480AF000
:1023300077FA0020D2F71AF9FCF71EB811460220EE
:10234000CFF77AFB174908A80AF06AFC08A8CEF76D
:102350001BF908A80AF0BCFC074B08A819680AF08A
:102360005FFC08A8CEF710F908A80AF0B1FCFCF74A
:1023700003B800BF34BF04004807FF1F48BF040074
:10238000600905002808FF1F700905007013FF1F72
:10239000A4BC04004C0B05005CAD0400600B050000
:1023A000900205002CBD040011460420CFF744FB29
:1023B000C149FEF74DBA11460320CFF73DFBBF4997
:1023C000FEF728BA11460220CFF736FBBC49FEF7CC
:1023D00003BA11461046CFF72FFBBA49FEF7DEB914
:1023E00011460020CFF728FBB749FEF7B9B91146CF
:1023F00000200392CFF720FB039A11461046CFF737
:102400001BFB039A02201146CFF716FB039A032009
:102410001146CFF711FB039A04201146CFF70CFBAE
:10242000AA4908A80AF0FCFB08A8CEF7ADF808A84E
:102430000AF04EFCA64B08A819680AF0F1FB08A8A0
:10244000CEF7A2F808A80AF043FCFEF714BA11462A
:102450000420CFF7F1FA984908A80AF0E1FB08A890
:10246000CEF792F808A80AF033FC994B08A819682F
:102470000AF0D6FB08A8CEF787F808A80AF028FCCF
:10248000FBF77ABF9349944E914D08A80AF0C8FB18
:1024900008A8CEF779F808A80AF01AFCD6ED397A20
:1024A000B8EE670ACEF728F8296808A80AF0B8FB42
:1024B00008A8CEF769F808A80AF00AFC874908A816
:1024C0000AF0AEFB08A8CEF75FF808A80AF000FCF7
:1024D000D6ED3A7AB8EE670ACEF70EF8296808A862
:1024E0000AF09EFB08A8CEF74FF808A80AF0F0FB08
:1024F0007B4908A80AF094FB08A8CEF745F808A87D
:102500000AF0E6FBD6ED3B7AB8EE670ACDF7F4FFAA
:10251000296808A80AF084FB08A8CEF735F808A8AF
:102520000AF0D6FB6F4908A80AF07AFB08A8CEF794
:102530002BF808A80AF0CCFBD6ED3C7AB8EE670A77
:10254000CDF7DAFF296808A80AF06AFB08A8CEF7D9
:102550001BF808A80AF0BCFB634908A80AF060FB56
:1025600008A8CEF711F808A80AF0B2FB96ED3D0ACC
:10257000B8EE400ACDF7C0FF296808A80AF050FB62
:1025800008A8CEF701F808A80AF0A2FB3868FDF702
:10259000D2BF5649504E4E4D08A80AF041FB08A83C
:1025A000CDF7F2FF08A80AF093FBD6ED397AB8EE22
:1025B000670ACDF7A1FF296808A80AF031FB08A82F
:1025C000CDF7E2FF08A80AF083FB494908A80AF002
:1025D00027FB08A8CDF7D8FF08A80AF079FBD6EDAD
:1025E0003A7AB8EE670ACDF787FF296808A80AF09B
:1025F00017FB08A8CDF7C8FF08A80AF069FB3D49FA
:1026000008A80AF00DFB08A8CDF7BEFF08A80AF03D
:102610005FFBD6ED3B7AB8EE670ACDF76DFF296810
:1026200008A80AF0FDFA08A8CDF7AEFF08A80AF03E
:102630004FFB314908A80AF0F3FA08A8CDF7A4FF28
:1026400008A80AF045FBD6ED3C7AB8EE670ACDF74C
:1026500053FF296808A80AF0E3FA08A8CDF794FF09
:1026600008A80AF035FB254977E7254DD5ED007A16
:10267000F5EE407AF1EE10FA7EF406AE214B2249D7
:10268000D3ED0F6A93ED107AC6EE877A08A8C5EDF0
:10269000007A0AF0C5FA08A8CDF776FF08A80AF074
:1026A00017FB2220D0F7A4FE95ED000ACDF724FFFA
:1026B000164B08A8196861E7B8BD040070BD040096
:1026C0002CBD0400ECBC0400A4BC040068BC0400E5
:1026D0004807FF1F800905007013FF1F9C090500B4
:1026E000BC090500DC090500FC0905001C0A050001
:1026F000300A0500440A0500580A05006C0A050066
:10270000C016FF1F1013FF1FFC0205004C07FF1F20
:102710004FF0FF30FEF75DB922200CF0E1FBFEF731
:1027200009BB22200BF0F2FAFEF704BB114610465B
:10273000CFF782F9A94908A80AF072FA08A8CDF7DC
:1027400023FF08A80AF0C4FAA54B08A819680AF0E4
:1027500067FA08A8CDF718FF08A80AF0B9FAFBF73E
:102760000BBE11460320CFF767F99E4908A80AF06F
:1027700057FA08A8CDF708FF08A80AF0A9FA984B5D
:1027800008A819680AF04CFA08A8CDF7FDFE08A8B9
:102790000AF09EFAFBF7F0BD22200CF0A1FBFCF73B
:1027A000F4BF22200BF0B2FAFCF7EFBF8E498F483E
:1027B000CEF712F839688D480AF02AF88B480AF0EB
:1027C0002FF8FEF761BD8A4988487563CEF704F893
:1027D000B16D8648CDF7F6FF86498448CDF7FCFFFA
:1027E000716B8248CDF7EEFF834B844819688C22C9
:1027F0000AF056FCFBF7C0BD81497C48F560CDF777
:10280000EBFFF1687948CDF7DDFF7E4B7E48196814
:102810008C220AF045FCFBF7AFBDF5617B4B7C4891
:10282000196854220AF03CFCFBF7A6BDFD60794B09
:102830007948196860220AF033FCFBF79DBD77499F
:10284000774ADD61CD60D563764B774D196877485F
:1028500050220AF025FC2968704870220AF020FCFA
:10286000734B6F4819686C220AF01AFC2E6808AD89
:10287000761BA8190AF0FAFB05F8010B24AB9D4260
:10288000F7D16C495948CDF7A7FF0A995748CDF7BA
:102890008DFFFBF771BDEDF7BFFFFEF783BBEDF7D3
:1028A000DFFAFEF77FBBEBF7F1FFFEF77BBB35628C
:1028B000564B5748196854220AF0F2FBFBF75CBDEF
:1028C000EDF700FEFEF76EBBECF75AFBFEF76ABBB6
:1028D000F560494B494819688C220AF0E1FBFBF787
:1028E0004BBD4E494E4A1D624D6355664D4B4F4898
:1028F000196850220AF0D4FB4B4B484819687022E3
:102900000AF0CEFB4A4B464819686C220AF0C8FB15
:10291000FBF732BD484935487563CDF75DFF716BF4
:102920003248CDF74FFF374B374819688C220AF0F1
:10293000B7FB41492D48CDF74FFFB16A2B48CDF782
:1029400041FFFBF719BD3D62324B334819686022E5
:102950000AF0A6FBFBF710BDBD61F5E7FD61F3E7EB
:10296000274922483561CDF737FF31691F48CDF738
:1029700029FF4AE7F5629BE701236B60FFF737BA4F
:102980007D62E1E72549264A1D61CD62D565ADE747
:10299000F562C8E73563C6E73D6148E7356198E70A
:1029A0001E491F4A9D610D6315669FE77D603EE7E6
:1029B0001A491B4ADD604D60556345E7174E184ABA
:1029C0001E490A485D619563B560CDF705FFB168A2
:1029D000064800230A2209F03BFF35E7ECBC04005F
:1029E0004807FF1F70BD0400C40A05002808FF1F28
:1029F000A4060500AC0605001C07FF1F3411FF1FCD
:102A0000C4FF04002407FF1F1412FF1F2007FF1F2D
:102A1000C011FF1F2C07FF1F1013FF1FA012FF1F65
:102A20004410FF1F3007FF1F2807FF1F7814FF1FE8
:102A30000007FF1FC0C50400D0FF0400E0C504006C
:102A40003A493B487562CDF7C7FE716A3848CDF701
:102A5000ADFEFFF716B901236B60FFF723B9012321
:102A60006B60FFF73CB901236B60FFF786B9314912
:102A70002F48B563CDF7B0FEB16D2D48CDF7A2FE5E
:102A80002D492B48CDF7A8FEB16B2948CDF79AFE0A
:102A9000AAE601236B60FFF78DB928492448B56089
:102AA000CDF79AFEB1682248CDF78CFEADE62349FA
:102AB0001F487560CDF790FE71681D48CDF782FE06
:102AC000A3E67560AAE61E491E4A5D620D611564A3
:102AD000BAE61D491648B563CDF77EFEB16B1448C2
:102AE000CDF770FE1FE7B560E2E67560F1E6B56010
:102AF000EFE6BD609BE67561DAE61149114A9D6219
:102B00008D639566F2E6F5626EE635636CE60F4915
:102B10000748F560CDF760FEF1680548CDF746FE41
:102B2000FFF75FB8B56279E6356177E6F406050030
:102B30002808FF1FA4060500D0060500C4FF0400F6
:102B4000A012FF1F4410FF1FD0FF0400480605001D
:102B5000F0B5724C8DB023680393039A23680293F7
:102B6000029B9B1A0E2BF9D96D4D6E480C210BF070
:102B7000D7F82E6836B1304611F062FF0146304674
:102B80000BF0CEF823680193019A23680093009B11
:102B90009B1A0E2BF9D96448644E4FF4612109F059
:102BA000A5FA0BF069F900287FDC3368012B0DD101
:102BB0000A215F480DF0BCF831685E4809F028FE34
:102BC0005C480DB0BDE8F04009F02ABE23680793C9
:102BD000079A23680693069B9B1A0E2BF9D9514836
:102BE0000C210BF05DFD2F6837B1384611F028FF3E
:102BF000014638460BF054FD23680593059A236877
:102C00000493049B9B1A0E2BF9D94B484FF4612176
:102C100009F0E4FA0BF0F0FD002863DC3368042BC4
:102C2000C6DD23680B930B9A23680A930A9B9B1AB1
:102C30000E2BF9D93B480C210CF05CF92F6837B109
:102C4000384611F0FDFE014638460CF053F9236872
:102C50000993099A23680893089B9B1A0E2BF9D9AC
:102C600036484FF4612109F071FB0CF07BF9002824
:102C70009EDD03230C21324833600DF059F8316892
:102C80002C4809F0C5FD2B4809F0CAFD2D48072145
:102C90000CF030F92C68002C8AD0204611F0D0FEC0
:102CA000014620460CF026F982E701230C21264834
:102CB00033600DF03DF831681E4809F0A9FD1D484C
:102CC00009F0AEFD1F4807210BF02AF82F68002FEE
:102CD0003FF46BAF384611F0B3FE014638460BF0B7
:102CE0001FF862E702230C21184833600DF020F82A
:102CF0003168104809F08CFD0E4809F091FD11482B
:102D000007210BF0CDFC2F68002F87D0384611F03B
:102D100097FE014638460BF0C3FC7FE70C1FFF1FF0
:102D20004807FF1FB00B0500A807FF1F6007FF1F24
:102D3000A8FF04002808FF1FBC07FF1FD007FF1FC4
:102D4000E80B0500D00B0500C00B0500D80B0500F3
:102D50002DE9F04FC14EC24CC24FDFF88C9399B0B1
:102D600001210D200AF070FC356840F2EE280DF0CC
:102D7000E5F82378002B00F051833B78DB0740F126
:102D80004D833368D9F800209B1A0E2B40F24683FE
:102D900033680193019A33680093009B9B1A0E2BB2
:102DA000F9D9B14BB1481C68B14F05210CF0C0FFF7
:102DB0000A2200232146AF4809F04AFDAD4809F038
:102DC0002FFDFFF7C5FE0A21AB480CF0B1FFAB4B5E
:102DD000A848196809F01CFDA64809F021FDA84B78
:102DE0001D683C46ED1B07F5847860190AF03EF932
:102DF00004F8010B4445F8D1DFF8F092DFF8F0B2A7
:102E0000D9F800505C46A5EB0B050BF18C08601956
:102E10000AF02CF904F8010B4445F8D13421994803
:102E20000CF086FF0023D9F8001092480A2209F01E
:102E30000FFD904809F0F4FC934B1D68934BED1A7D
:102E40001C4603F1500860190AF010F904F8010B50
:102E50004445F8D18E4BDFF89CA21C68D046A4EB09
:102E60000A040AF18C0508EB04000AF0FFF808F8E0
:102E7000010BA845F7D1874B1C68874BE41A98468D
:102E800003F1340508EB04000AF0F0F808F8010B30
:102E9000A845F7D1814BDFF860821C6808F1100566
:102EA000A4EB080408EB04000AF0E0F808F8010BB2
:102EB000A845F7D17A4BDFF844821C6808F1100569
:102EC000A4EB080408EB04000AF0D0F808F8010BA2
:102ED000A845F7D1734BDFF828821C6808F110056C
:102EE000A4EB080408EB04000AF0C0F808F8010B92
:102EF000A845F7D16C4BDFF80C821C6808F110056F
:102F0000A4EB080408EB04000AF0B0F808F8010B81
:102F1000A845F7D1654BDFF8F0811C6808F1100572
:102F2000A4EB080408EB04000AF0A0F808F8010B71
:102F3000A845F7D15E4B1C685E4BE41A984603F136
:102F4000540508EB04000AF091F808F8010BA845B5
:102F5000F7D1594B1C68594BE41A984603F16005A8
:102F600008EB04000AF082F808F8010BA845F7D135
:102F7000534BDFF898911C68C846A4EB090409F18B
:102F8000700508EB04000AF071F808F8010BA84579
:102F9000F7D14C4B1C684C4BE41A984603F16C0576
:102FA00008EB04000AF062F808F8010BA845F7D115
:102FB000132146480CF0BCFEDBF858102D4809F0F0
:102FC00027FC2C4809F02CFC122141480CF0B0FEE3
:102FD000DAF85810274809F01BFC264809F020FCB5
:102FE0001A213C480CF0A4FE2B4B224859680A22B7
:102FF000002309F02DFC1F4809F012FC132136486C
:103000000CF096FE2B4B1B4819680A22002309F08E
:103010001FFC184809F004FC132130480CF088FE0E
:103020001A4B144819680A22002309F011FC1148B0
:1030300009F0F6FB12212A480CF07AFE00230A223E
:10304000D9F854100B4809F003FC0A4809F0E8FBD2
:10305000172124480CF06CFE1B4B59E00C1FFF1F7E
:10306000A821FF1FCC21FF1FC421FF1FF80B050063
:103070007013FF1F2808FF1FA8FF04006007FF1F31
:103080003416FF1F000C05003007FF1F7814FF1FC8
:103090002407FF1F1807FF1F0011FF1F0407FF1F52
:1030A0000807FF1F0C07FF1F1007FF1F1407FF1F54
:1030B0002007FF1FC011FF1F2C07FF1F1013FF1F4A
:1030C0002807FF1F0007FF1F4410FF1FC8F104005F
:1030D0008004050094040500B0040500C404050044
:1030E000D8040500EC040500D021FF1F1C07FF1FBA
:1030F0003411FF1F1412FF1FB010FF1FC010FF1F5D
:10310000D010FF1FE010FF1FF010FF1FA012FF1FC5
:10311000C94819680A22002309F09AFBC64809F039
:103120007FFB1321C5480CF003FEC54AC248516C11
:1031300000230A2209F08CFBBF4809F071FB012132
:103140000A200AF081FA01210A200AF039FA012145
:1031500009200AF079FA012109200AF031FAFAF778
:10316000C7FF012104200AF06FFA01210E200AF0A6
:103170006BFA012116200AF067FA012111200AF0EA
:1031800063FA01210F200AF05FFA002108460122AC
:10319000CEF752FC012210460021CEF74DFC012251
:1031A00000210220CEF748FC012200210320CEF7A7
:1031B00043FC012200210420CEF73EFCD7F8E42096
:1031C000012A00F0578315ACD7F8E820012A00F057
:1031D0000F83D7F8EC20012A00F0C882D7F8F0203E
:1031E000012A00F06F82D7F8F420012A00F028822B
:1031F000202194480CF09CFD00230A22D7F8E4100B
:103200008D4809F025FB8C4809F00AFB8E492046C1
:1032100009F006FD2046CDF7B7F9204609F058FD24
:103220008A4B1B68012B00F00782032B00F0008201
:10323000002B00F0F981D7ED397A854DB8EE670A99
:10324000CDF75AF92968204609F0EAFC2046CDF767
:103250009BF9204609F03CFD1B217E480CF068FDDF
:1032600000230A22D7F8F410734809F0F1FA7248E3
:1032700009F0D6FA7849204609F0D2FC2046CDF76D
:1032800083F9204609F024FD704B1B68012B00F0E8
:10329000C781032B00F0C081002B00F0B981D7ED6E
:1032A0003D7AB8EE670ACDF727F92968204609F07C
:1032B000B7FC2046CDF768F9204609F009FDF86E05
:1032C000A0F10A031D2B40F2DF80386FA0F10A0342
:1032D0001D2B40F2F280B869A0F10A031D2B40F2C9
:1032E0000581F869A0F10A031D2B40F21781F86AE5
:1032F000092800F22981386B092800F23C81F86C1A
:10330000092800F24F81386D092800F26281D7F850
:103310000001A0F10A031D2B00F2AE80C0B2012112
:103320000AF092F9012197F800010AF049F997F89B
:1033300000010AF07BF90A21044648480CF0F8FC29
:103340003D4800230A22214609F082FA3A4809F052
:1033500067FA33681393139A33681293129B9B1A7C
:10336000092BF9D9D7F8F800A0F10A031D2B40F278
:10337000448133681593159A33681493149B9B1AF0
:10338000092BF9D9D7ED106A97ED027A344C3548FC
:10339000C6EE877A1F21C4ED007A0CF0C9FCB8682C
:1033A0000DF096FF41EC100B0521234809F05CFA63
:1033B000214809F035FA1E212B480CF0B9FC386C75
:1033C0000DF086FF41EC100B05211B4809F04CFA6B
:1033D000194809F025FA0F2124480CF0A9FC2068AF
:1033E0000DF076FF41EC100B0521134809F03CFA73
:1033F000114809F015FA0E211D480CF099FC0E48F1
:1034000009F00EFACEF72AFA07211A480CF090FCC0
:10341000094819B0BDE8F04F09F002BA33682278C4
:103420005B1B32B1B3F5FA6F3FF6B2AC0CF086FD20
:103430009DE44345FAD9ABE42808FF1F04050500C5
:103440001013FF1F880C0500AC0C05006007FF1F60
:103450004C07FF1FC00C0500DC0C050014B1040074
:103460007C18FF1F0C0D05002C0D05004C0D0500F0
:103470005C0D05006C0D05001821B3480CF058FCDC
:10348000B24809F0CDF964E70221C0B20AF0DCF8D5
:1034900033680393039A33680293029B9B1A092BA8
:1034A000F9D997F86C0097F8FC100AF089F8386F92
:1034B000A0F10A031D2B3FF60EAF0221C0B20AF0A5
:1034C000C3F833680593059A33680493049B9B1AE9
:1034D000092BF9D997F8700097F8FC100AF070F8EA
:1034E000B869A0F10A031D2B3FF6FBAE0221C0B262
:1034F0000AF0AAF833680793079A33680693069B85
:103500009B1A092BF9D9387E97F8FC100AF058F865
:10351000F869A0F10A031D2B3FF6E9AE0221C0B203
:103520000AF092F833680993099A33680893089B64
:103530009B1A092BF9D9387F97F8FC100AF040F84C
:10354000F86A09287FF6D7AE0221C0B20AF07CF8EB
:1035500033680B930B9A33680A930A9B9B1A092BC7
:10356000F9D997F82C0097F8FC100AF029F8386B75
:1035700009287FF6C4AE0221C0B20AF065F83368AC
:103580000D930D9A33680C930C9B9B1A092BF9D958
:1035900097F8300097F8FC100AF012F8F86C092838
:1035A0007FF6B1AE0221C0B20AF04EF833680F9335
:1035B0000F9A33680E930E9B9B1A092BF9D997F833
:1035C0004C0097F8FC1009F0FBFF386D09287FF6D6
:1035D0009EAE0221C0B20AF037F833681193119AF7
:1035E00033681093109B9B1A092BF9D997F8FC109C
:1035F00097F8500009F0E4FF89E60221C0B20AF012
:1036000023F897F8FC1097F8F80009F0D9FFB0E616
:1036100022200CF011FC42E622200BF061FC3EE679
:1036200022200AF073FB3AE622200CF005FC02E6A9
:1036300022200BF055FCFEE522200AF067FBFAE59C
:1036400011460420CEF7F8F94149424D204609F0D1
:10365000E7FA2046CCF798FF204609F039FB2968A5
:10366000204609F0DDFA2046CCF78EFF204609F00F
:103670002FFB3949204609F0D3FA2046CCF784FFC6
:10368000204609F025FB2968204609F0C9FA2046A2
:10369000CCF77AFF204609F01BFB3049204609F0A1
:1036A000BFFA2046CCF770FF204609F011FB2968CD
:1036B000204609F0B5FA2046CCF766FF204609F00F
:1036C00007FB95E511460320CEF7B6F92449214DB5
:1036D000204609F0A5FA2046CCF756FF204609F00F
:1036E000F7FA2968204609F09BFA2046CCF74CFFF0
:1036F000204609F0EDFA1B49204609F091FA2046D0
:10370000CCF742FF204609F0E3FA2968204609F089
:1037100087FA2046CCF738FF204609F0D9FA12493B
:10372000204609F07DFA2046CCF72EFF204609F00E
:10373000CFFA2968204609F073FA2046CCF724FF17
:10374000204609F0C5FA4EE5F00C05002808FF1FD9
:10375000780C05004807FF1FCCBD0400C0AE040074
:10376000680C050084BD040054AE0400114602201C
:10377000CEF762F96149624D204609F051FA2046C0
:10378000CCF702FF204609F0A3FA2968204609F089
:1037900047FA2046CCF7F8FE204609F099FA594935
:1037A000204609F03DFA2046CCF7EEFE204609F00F
:1037B0008FFA2968204609F033FA2046CCF7E4FE58
:1037C000204609F085FA5049204609F029FA20469A
:1037D000CCF7DAFE204609F07BFA2968204609F08A
:1037E0001FFA2046CCF7D0FE204609F071FAF5E426
:1037F00011461046CEF720F94449414D204609F0C4
:103800000FFA2046CCF7C0FE204609F061FA29687D
:10381000204609F005FA2046CCF7B6FE204609F00E
:1038200057FA3B49204609F0FBF92046CCF7ACFE9D
:10383000204609F04DFA2968204609F0F1F92046A2
:10384000CCF7A2FE204609F043FA3249204609F09F
:10385000E7F92046CCF798FE204609F039FA2968A6
:10386000204609F0DDF92046CCF78EFE204609F00F
:103870002FFAAEE4114615AC0020CEF7DDF826494C
:103880001F4D204609F0CCF92046CCF77DFE20469E
:1038900009F01EFA2968204609F0C2F92046CCF743
:1038A00073FE204609F014FA1C49204609F0B8F9C5
:1038B0002046CCF769FE204609F00AFA296820461E
:1038C00009F0AEF92046CCF75FFE204609F000FA79
:1038D0001349204609F0A4F92046CCF755FE2046AE
:1038E00009F0F6F92968204609F09AF92046CCF744
:1038F0004BFE204609F0ECF966E400BF580C0500C9
:103900004807FF1F40BD040000AE0400480C05003E
:1039100000BD0400ACAD0400380C0500B8BC0400C8
:103920003CAD0400704700BF30B583B005460C467F
:1039300009F0D2FD1C4B984204D800232B80238031
:1039400003B030BD694609F0B5F89DF806309DF822
:1039500005109DF80420503B9BB27F2B05D8013108
:10396000C9B20C2901D81F2A11D900239DF80220C1
:103970002B80172A9DF801309DF8001003D83B2BAF
:1039800001D83B2909D90023238003B030BD42EA86
:10399000411242EA43239BB2E8E75B0143EAC223B8
:1039A00043EA51039BB2EFE7FFA5CE1210B5D0F862
:1039B00084448EB00A4644B10023214668460093F1
:1039C00002F02CFF80B90EB010BDD0F8881441B1C0
:1039D000234668460C9401F0D9F850B900200EB087
:1039E00010BD08460EB010BD684603F035F90EB0A4
:1039F00010BD684601F088F90028EFD0E3E700BF6A
:103A000070B5D0F884548EB016465DB105F5896561
:103A100000230A4668462946009302F07DFE90B9CD
:103A20000EB070BDD0F888040028F9D000F5896484
:103A30000A462B46214668460C9501F03FF848B9E6
:103A400000200EB070BD32462946684603F048F8A3
:103A50000EB070BD32462146684601F0A7FA002834
:103A6000EED0DDE710B5D0F884448EB00A464CB1F4
:103A70000020009001232146684602F0CFFE80B965
:103A80000EB010BDD0F8881441B1012368460C94E3
:103A900001F07CF850B900200EB010BD08460EB001
:103AA00010BD684603F074FF0EB010BD684601F00B
:103AB000D1F80028EFD0E3E730B5D0F884448FB0D8
:103AC0000A464CB10025012304F58961684600953A
:103AD00002F0ACFD0FB030BDD0F888040028F9D05A
:103AE00000F58961012368460C9401F0CDFA0FB00E
:103AF00030BD00BF10B5D0F884448EB00A463CB14A
:103B0000002321466846009302F088FE0EB010BDE7
:103B1000D0F8881431B1234668460C9401F036F889
:103B20000EB010BD08460EB010BD00BFF8B505467A
:103B300090F8CC0408B90146F8BDD5F88434002BC0
:103B40004CD0DC69D5F89004013C002854D00368BF
:103B5000DB6B9847E0B1D5F8900478B303681B6C31
:103B60009847A8B9D5F8900440B3036801215B6C6D
:103B70009847074610B3D5F8840458BBD5F8886435
:103B800033466EB9D5F8900490B900200146D3E7CA
:103B9000D5F88404E8B9D5F88834002BF5D0074669
:103BA000184602F009FB06463FB1D5F8900428B14B
:103BB000036800215B6C984700B1A41BD5F88434DE
:103BC000FBB19B794FF40071994089B2A1FB0401CC
:103BD000F8BD002704F020FD0646E5E7D5F8883457
:103BE000D5F89004B3B1D3F830440028AFD11846CB
:103BF00002F0E2FA0646E0E7184604F00DFD06463C
:103C0000DBE7D5F88864002EBFD0D6F83C14A1FBC2
:103C10000401F8BD0028B8D01C4698E790F8CC34D1
:103C200063B1D0F8843463B19A79D9694FF40070E4
:103C3000904080B20139A0FB01017047184601464F
:103C40007047D0F888040028F9D0D0F83C14D0F898
:103C50003004A1FB000170472DE9F043D0F89054E7
:103C60008DB04DB198462B680446DB6928469847CD
:103C7000B0F5405F064604D8002630460DB0BDE8DA
:103C8000F0834FF400700EF08BF907460028F3D054
:103C90000DF10409B6F1806F0246434629464846B5
:103CA0002FD901F069FD064638460EF081F9002E45
:103CB000E2D02B6828461B6A984794F8BC34FF2B47
:103CC00004F1040721D0D4F8C0340293D4F8C434EA
:103CD0000393B4F8BC34ADF8043004F5946599E866
:103CE0000E00284607F06AF894F8AD34C4F89054F2
:103CF000002BC2D101231A462946384604F0CEFED5
:103D0000BBE704F059F90646CEE704F2944594F86F
:103D1000C814284605F0CEFCC4F89054284604F098
:103D2000CBFF0028A9D10123D4F890141A463846B5
:103D300004F0B4FEA1E700BFF0B5D0F8906485B000
:103D40000446E6B190F8CC5495B190F8CD34FE2BF2
:103D50005DD094F8CE043F283CD9336869469B6C0B
:103D6000304698470546284684F8CC5405B0F0BD47
:103D700090F8CE043F2808D809F058FC28B900254F
:103D8000284684F8CC5405B0F0BD94F8BC34FF2B21
:103D900004F1040724D0D4F8C034B4F8BC2401934F
:103DA000D4F8C4340293ADF8002004F594666B4651
:103DB0000ECB304607F002F894F8AD34C4F89064A6
:103DC000002BDDD101231A463146384604F066FE49
:103DD0000546D5E709F02AFC051E18BF0125CFE7E7
:103DE00004F2944694F8C814304605F063FCC4F815
:103DF0009064304604F060FF0028C1D10123D4F85C
:103E000090141A46384604F049FE0546B8E7336870
:103E100030461B6A9847336830465B6D9847431CB1
:103E200097D0051E18BF0125AAE700BFF0B50C46C4
:103E3000054685B0284800F0EDF8FE2C85F8CD4405
:103E400026D03F2C02D9002005B0F0BD0026234B20
:103E500002938DF804408DF80560039605F594678C
:103E6000C5F8C03404AB13E90E0085F8BC4485F8EE
:103E7000BD64C5F8C464384606F0A0FF95F8AD34BB
:103E8000C5F89074F3B1304685F8CC0405B0F0BDA8
:103E900005F294460024FF23214685F8BC3485F8BA
:103EA000C844304605F006FCC5F89064304604F07E
:103EB00003FF70B90123D5F890141A46281D04F0A9
:103EC000EDFDE1E701231A463946281D04F0E6FD21
:103ED000DAE72046D8E700BF2939030040787D01A2
:103EE00016481749174A4FF0290C10B4002380F8E0
:103EF000ADC4C0F8A8144FF0FF0C4FF47F41124C32
:103F0000A0F8CC14C0F89424A0F89C340F4A80F890
:103F1000B13480F8C83480F8CEC40460C0F8A0245E
:103F20000B490C4A5DF8044BC0F88434C0F888345F
:103F3000C0F8903480F8B8340DF060B88418FF1FD2
:103F400003200038D4110500E00E050044120500DE
:103F500025390300F806FF1F30B50378DC0783B06E
:103F60001DD504464068E168036804F1100201921F
:103F70005B6A9847019A0546A8B12378990708D546
:103F8000A3686068E168194403685B6A984750B1A8
:103F9000237823F001032846237003B030BD0125A8
:103FA000284603B030BD0025284603B030BD00BF11
:103FB000F8B543680BB3C3688B4204460E461546FA
:103FC00006D110F8103B05F003052B432370F8BD14
:103FD000FFF7C2FF88B16B0705D504F1100738461B
:103FE000E6600023EFE76068036804F110071B69CF
:103FF0003A46314698470028F1D10020F8BD00BF6D
:10400000034B4FF0000C82F800C01B68184700BF3C
:10401000581DFF1F024A034B034911601860704787
:10402000541DFF1F581DFF1F0140030010B504461B
:10403000808982B018B10023A38102B010BD6368EB
:10404000A1688B42F9D201AA184600F0B7F880B1F6
:10405000019B6060B3F5803F01D298B2EDE7980A0A
:10406000C3F30902A2F51053A0F52150A38180B239
:10407000E3E74FF6FF70E0E7B1F5807F20D8102925
:104080002DD840234FF0200CB2FBF3F1B1F5806F37
:104090001FD210B5B2FBFCF403FB11234FEA910EC3
:1040A0000CFB14222EF03F0E013242EA0E02C9B27E
:1040B000D2B2B3FBFCF3DBB203704270817010BD6F
:1040C0003F239C46802910D9B1F5FC7F0FD81B01F6
:1040D000DAE7FF21FE2303704170817070472029C9
:1040E00016D880234FF0200CCEE7DB00CCE7B1F5EB
:1040F0007C7F04D9B1F5FC6F03D89B01C4E75B0159
:10410000C2E7B1F57C6F94BFDB01C3EB0323BBE7D0
:1041100020239C46D6E700BF7F28A2EB010205D8EA
:1041200012B10A4602F8010B10467047B0F5006F55
:104130000FD2012A3FD90A464FEA901C00F03F03F4
:104140006CF03F0002F8020B63F07F034B701046E7
:104150007047B0F5803F14D2022A2CD9C0F38512E3
:104160004FEA103C62F07F0200F03F0060F07F03F6
:104170006CF01F0C4A70CA1C81F800C08B7010468E
:104180007047032A17D9C0F305324FEA904CC0F3A9
:10419000851362F07F0200F03F006CF00F0C63F0BB
:1041A0007F0360F07F004A700A1DC87081F800C06C
:1041B0008B70104670470022B6E700BF88423BD2A2
:1041C00010B4034690F900001C7800282BDA04F0A4
:1041D000E000C02832D004F0F000E02832D004F033
:1041E000F800F02824D104F0070404201844884281
:1041F0001ED8013313F8011B01F0C00CBCF1800F75
:1042000001F03F0141EA841412D18342F2D10F4BF5
:10421000A4F1800199420BD8A4F55843B3F5006F7F
:1042200006D3146001E01460581C5DF8044B70471D
:1042300000205DF8044B70470020704704F01F0415
:104240000220D3E704F00F040320CFE77FFF100024
:104250007E2843D910B44FF0350C294C002305E0DB
:1042600034F8221081428CBF94461346ACEB030114
:10427000012903EB5102F3D89BB234F8232090427A
:104280001BD2204C4FF04B0C002305E034F82210D9
:1042900081428CBF94461346ACEB0301012903EB2A
:1042A0005102F3D89BB234F82320824204BF04EBBE
:1042B000830460885DF8044B704704EB8304821A22
:1042C000E3789A42DDDA94F90230012B10D0A3B1E1
:1042D0009BB2034498B25DF8044B7047A0F16103B0
:1042E000192B8CBF00230123A0EB431398B2704716
:1042F00002F00102831A98B2DCE74EF2A033E8E73D
:1043000034100500080F050070B500F124038C4639
:104310000546164693E8070084B001AC84E8070020
:10432000286A4FEA4C12214601F066FE012806D1A8
:10433000286A3246214601F043FE04B070BD0020D9
:1043400004B070BD10B5044600F0A8FD002384F849
:10435000313084F8333010BD38B513460D46002295
:1043600000F12401006A1C4601F02AFE20B14389B5
:104370002B8003892380012038BD00BF38B5134648
:104380000D46002200F12401006A1C4601F018FECF
:1043900020B1C3892B8083892380012038BD00BFD1
:1043A00038B590F831300BB1002038BD04460D46C9
:1043B000382219460FF0B8FC0120402384F8313030
:1043C00084F83300256238BD30B40C78202C03D13A
:1043D00011F8014F202CFBD0116091600C783CB398
:1043E000224D0CE0A4F1220C5FFA8CFC25FA0CFCA7
:1043F0001CF0010F10D12E2C16D10C78C4B12F2C2B
:1044000025D03C2C01F1010109D8212CEAD804F176
:10441000FF3CBCF11E0F16D8002030BC70475C2C4E
:10442000FAD00AD97C2CF7D091600C78002CE6D118
:10443000196030BC114601F0ADBC3E3C012CF3D8F4
:10444000002030BC7047202CD7D09160EDE70C469F
:10445000214614F801CBBCF1200FF9D0BCF12F0F8D
:10446000F6D0196030BC114601F094BC0121000562
:104470002DE9F04F90F83330DC0783B005466CD55A
:1044800058068B46904640F1B480D5E90023D5E923
:10449000041018EB020443F10003A14270EB030384
:1044A000C0F0AD80B8F1000F53D0D5E900324646D8
:1044B000D5F82090D9F838441C40C4F3080A002CE1
:1044C00056D1134376D195F831305A064CBFD9F8FE
:1044D0003414E969A96199F84534D9F82C240239D2
:1044E00099401144B6F5007F4FD3D9F81C228A4277
:1044F0004BD0B6F5806F64D34FF0010A0AFA03FA85
:10450000AAEB040A730A9A4528BF9A468A424FEAE0
:104510004A240AD30AEB01039A4206D209F5047031
:104520000191FFF719FD0199B8B1D9F81402076894
:104530005346D7F814905A46C84770B12346D5E978
:1045400000125B1842F10002361BC5E90032A34499
:10455000AED1404603B0BDE8F08F95F832304FF051
:10456000FF3043F0020385F8323003B0BDE8F08F2E
:10457000AA6999F84534D9F82C04911E9940640A27
:1045800001442144BAF1000FACD0CAF50074B44222
:104590004FF0000209F5047028BF3446FFF708FD0C
:1045A0000028DAD000EB0A012246584608F004FE43
:1045B0002346C4E795F83330A9695B060DD5013170
:1045C00088E7D9F8140203685A461B6998470028FF
:1045D000C3D04FF400731C46B1E705F118024846FA
:1045E00001F04CFD0028B8DB0CD0A969D5F820906B
:1045F00071E795F8313019077FF554AF45E7A1EB26
:1046000002084FE795F8313013F0500FA5D0A8EB12
:10461000060840469EE700BFF0B583B001220DF1C9
:1046200007010446D0E900678569FFF721FF0128EB
:1046300008BF9DF80700A56118BF4FF0FF30C4E91F
:10464000006703B0F0BD00BF2DE9F84F90F83110BE
:10465000D0F818800446002950D01646D0E9002C26
:104660009C4508BFB2421F4658D056EA07034AD0BD
:10467000080704D5D4E90403B042BB413ED3D4F8C3
:10468000209099F845340933751EDBB247F1FF3AA3
:10469000C3F120000AFA00FBDD40A3F1200E2AFA44
:1046A0000EFA45EA0B0545EA0A0594F833A01AF01C
:1046B000400F2FD112F1FF3A2AFA03F34CF1FF3ADF
:1046C0000AFA00F003432AFA0EFA43EA0A039D426B
:1046D00002D352EA0C0C24D14B064CBFD9F8343427
:1046E000E369A36104F118094A4675B1A169206A1A
:1046F00001F0C4FC002805F1FF35F5DCC4F8188092
:104700000020BDE8F88F00238361C4E90067012021
:10471000BDE8F88FE3692B44A361F6E70120BDE80B
:10472000F88FED1ADEE700BF2DE9F04F064690F84E
:1047300031008FB0002840F0D880174691F8312022
:1047400012F0500F8B4600F0D08003F00302032AD2
:104750009A4600F0CA80013203F0080142EA0103E0
:104760000293002F00F0CA803A6902F10E08B54AA0
:10477000A2FB0828DBE900214FEAD80808F102086B
:104780000A435FFA88F805D0CBF818000021002012
:10479000CBE90001029B002443F04003254603932C
:1047A000202206A95846FFF763FE00B3202840F0F8
:1047B0009C809DF918209DF81830002AC0F2A18035
:1047C00034B9DBF80020A2F12009DBF818200192AF
:1047D00044453CBF0134E4B2002B00F0128120229A
:1047E00006A958460025FFF743FE0028DED11AF43B
:1047F000007F7AD0029B9B0777D5002F75D0444568
:1048000017D2DDF804A0202206A95846FFF730FE93
:10481000631C002861D0202867D12CB9DBF8002068
:10482000DBF818A0A2F12009DCB2A045EBD8CDF846
:1048300004A03822002130469BF833400FF074FA70
:10484000DBF820303362019B7362082386F8313035
:104850003B68C6F82890C4F38014002586F82C40E5
:104860007B60BD81B8F1000F32D008F1FF39DFF86D
:10487000D8A15FFA89F9AB46012259463046FFF7C5
:1048800043FD044688B390F90020002A2DDB202246
:1048900000210FF049FA002D00F0BA80BBF1010FA2
:1048A00000F0D480C1232370A3461E34BB89384650
:1048B0001BB97A68BB689A4205D0FFF7B7FB2BF8A3
:1048C000020FA345F2D101355FFA85FBD845D3D855
:1048D000304600F0E3FA05460CE05846DBF8185085
:1048E00000F00CFB002840F09080002586F8315045
:1048F00086F8335028460FB0BDE8F08F4FF003081C
:1049000048E755BB444538BF0024852B7FF448AFAA
:104910002946382230460FF007FA9DF81C209DF8F2
:10492000193086F8303002F03703D20658BF43F012
:10493000080386F83130DBF80030DBF820203262E3
:10494000203BDBF818207262B3629BF83330C3F36C
:10495000801386F82C30012522E7C02B28D0C12BEC
:104960007FF43DAF3A4606A9304601F089F9E8B137
:10497000BB89DBB9BA687B689A4217D11AF4006F19
:10498000B3D11AF4884F6FD196F833309C076BD4AB
:104990001AF4806FA9D11AF4804FABD0D6E9042362
:1049A0003046FFF751FE0028A4D19EE70546F7E602
:1049B000029B86F833309DF819309B0744BF039B58
:1049C00086F833300B9BF361DDE90823C6E9042345
:1049D000DDE90C23C6E90223002FCFD04FF00003FE
:1049E0003A69BB819DF81B30396879609A427FF43F
:1049F000F6AEBD8ABDF81C30ED1AB5FA85F56D0925
:104A0000CEE6002F7FF4F3AE6FE7CBF818500CE73B
:104A10008523237086F8309084F80190DAF800300E
:104A2000002B45D00DF113020DF1160105A8984792
:104A3000BDF814306381BDF8163023819DF8133022
:104A4000237540E789888888541DFF1FC023237081
:104A5000029B84F801B063F07F0386F833303B6932
:104A6000E370BB8AA3802EE796F83130D8063FF575
:104A70003CAF13F001027FF438AF1AF4806F8AD094
:104A800096F8331089077FF530AF002B3FF42DAF38
:104A9000D6E900310B4304D000200021C6E9000113
:104AA000B261304600F0F2FB00283FF41EAF21E770
:104AB00045F621236381E381638204E72DE9F04316
:104AC000044697B0994694F8313001920020149032
:104AD000ADF814006BBB91F8313013F0500F0E4657
:104AE00027D013782F2B154627D04FF0000813E05E
:104AF000019D2F78A7B3FFF717FE06463422214603
:104B000008A8B6B108F058FB204600F0C7F908AE77
:104B100084F8318084F83380294601AB02AA20460C
:104B2000FFF752FC0546002302AA31462046002D1D
:104B3000DED1002017B0BDE8F08315F8011F2F2942
:104B4000FBD0019599B938222046356A0FF0ECF870
:104B50000120402384F83130256284F83300E9E7EE
:104B60004B4602AAFFF7E0FD17B0BDE8F0833822FC
:104B7000002108A8366A0FF0D7F801238DF85330CA
:104B8000402310968DF8513008AEAEE719B101F50B
:104B90008961FFF793BF0846704700BF90F8313036
:104BA00063B991F8313013F0500F07D00B6813F050
:104BB0001F0C03D113466246FFF7B6BD00207047B5
:104BC0008169F8B50446006A01B10131012201F0A2
:104BD00017F90128054632D9012301461A46206AF1
:104BE00001F06EF9064650B3A3695BB394F8332025
:104BF000510612D5591CA94218D022F04002E16991
:104C000084F8332005E0206A01F058FAB8B1A369AE
:104C100039464F1C99423A46F5D3206A4FF0FF328D
:104C2000294601F04BFA50B1A16911B9A56130468E
:104C3000F8BD206A2A4601F041FA0028F6D1002684
:104C40003046F8BD94F8333043F0400384F83330F5
:104C5000ECE700BF90F833309A0736D5C16970B5DC
:104C60000546A1B90024214607E0037803F07F033D
:104C7000037095F830308B4229D301222846FFF784
:104C800043FB0134E1B20028EFD1002070BD5B0688
:104C9000006A34D5D5E9022490F845340933013A45
:104CA000DBB244F1FF34C3F1200CDA4004FA0CFC0F
:104CB000203B24FA03F342EA0C021A430132002398
:104CC00001F0FEF80028CDD1DFE7002070472C6A04
:104CD000002385F8313085F833302046FFF73CF962
:104CE0000028D2D004F50470FFF736F90028CCD0A4
:104CF000D4F840040368BDE870401B6A184701F00F
:104D0000FDF90028AED1C0E790F83130DB0601D4C0
:104D10000020704710B5002288B000230446FFF73A
:104D200093FC08E020281BD19DF900309DF800205D
:104D3000002B15DB32B1202269462046FFF798FB95
:104D40000028EFD194F83330082243F0020384F8AE
:104D5000312084F833302046FFF77CFF08B010BDC7
:104D6000002008B010BD00BF2DE9F0414FF0000851
:104D7000494F82B006464446414600223046FFF77E
:104D8000C3FA054630B10078C02867D0C1282BD0BF
:104D9000852809D096F8323043F00103002086F8C8
:104DA000323002B0BDE8F08196F8313003F03703BD
:104DB000AB803B6883B10DF103020DF1060101A840
:104DC0009847BDF80630AB812B82BDF80430EB81EB
:104DD0006B829DF803306B75326A92F8103243F0A3
:104DE000010382F8103228780146002202E01F2ACF
:104DF0000FD8A95CE30343EA540311FA83F3012AB1
:104E00009CB202F10102F2D1852814BF02220422D1
:104E1000EFE796F8303008F101085FFA88F18B422D
:104E2000ABD2306A012206F1240101F0C9F8002852
:104E3000B0D0356A44802846FFF78EF80028A9D004
:104E400005F50470FFF788F80028A3D0D5F84004D2
:104E500003681B6A98470028A3D19BE796F8333074
:104E600013F0400F6B7814BF43F0020303F0FD030F
:104E70006B70D6E90401F369326A6B61C5E902011E
:104E8000D6E90201C5E9060192F8103243F00103A8
:104E900082F810322878A7E7541DFF1F38B590F824
:104EA000313043B390F9332090F83330002A044670
:104EB0000CDB056A2846FFF74FF878B994F83230D2
:104EC00043F0010384F83230002038BD03F07F0343
:104ED00080F83330BDE83840FFF746BF05F5047071
:104EE000FFF73AF80028E9D0D5F8400403681B6AB8
:104EF00098470028E2D0012038BD00BF70B590F877
:104F000031305A0605464CD480682B6AD3F83C34BD
:104F10001844B0F1806F01D3002070BD2846FFF720
:104F20004FFE0028F8D0286AAE6990F84524D0F8E2
:104F30002C34023E96401E4400243119052200F50F
:104F40000470FFF735F801344FF400720021002897
:104F5000E2D00EF0E9FE286A90F845240123934040
:104F60009C42EAD395F831305B0615D495F833307E
:104F7000AA6863F07F0385F83330D0F83C142B69BE
:104F8000E8685218AA606A6940F100005B1842F1B3
:104F90000002C5E90432E8602846BDE87040FFF72A
:104FA0007DBF006A01F0AEF9AFE700BF30B504463F
:104FB00090F831009DB0002510F0180F0C951A954F
:104FC00003D00B6A206A984202D000201DB030BD89
:104FD00040F601236846FFF771FD0028F5D0342222
:104FE00021460EA808F0E8F809AA07CA04F124032C
:104FF00083E8070094F833309DF830C084F830C05F
:1050000063F07F03204684F83330FFF747FF002822
:10501000DBD0022208230EA815958DF86B208DF8A1
:105020006930FFF717FED1E738B591F8313013F04A
:10503000500F02D10025284638BD40F60223044611
:10504000FFF772FB0028F5D0102384F8313020469A
:10505000FFF754FF05460028ECD0A369E361002266
:1050600000232046FFF7F0FA94F83130C12284F88B
:105070003320002BDFD0412384F833302046BDE8B5
:105080003840FFF771BE00BFF0B5044697B01F4629
:1050900094F8313001920020ADF8140014907BBBDD
:1050A00091F8313013F0500F0D4629D013782F2B83
:1050B000114619D127E0019E3678002E31D0FFF736
:1050C00033FB034602AA294620461BB9C7B1FFF7A6
:1050D000ABFFA8B12146342208A808F06DF820469D
:1050E000FFF730F9019908AD01AB02AA2046FFF79E
:1050F0006BF90646002302AA29462046002EDAD183
:10510000002017B0F0BD013101910B782F2BFAD0A0
:10511000296A08A8FFF744F90028F1D0019908ADE1
:10512000E2E702AAFFF780FF17B0F0BD2DE9F04FCC
:1051300090F8314083B024079DF830709DF834908A
:105140009DF838A09DF83C8057D5A2F2BC7294B26D
:105150007F2C52D85A1E0B2A01934ED87A1E1E2A33
:105160004BD8B9F1170F48D8BAF13B0F45D8B8F171
:105170003B0F42D805460E46FFF790FE00283CD074
:10518000019B47EA431747EA44244FEA580747EA96
:105190004A1747EAC9274FF0000A18F00108A4B2DD
:1051A000BFB218BF4FF06408D346514606F001095C
:1051B00000222846FFF7A8F8F8B10178852946D0E3
:1051C00001F14003DBB2012B17D88C46002203E02B
:1051D0001F2A16D810F802C04FEACB3343EA5B030C
:1051E0001CFA83F3012A1FFA83FB02F10102EFD1BB
:1051F000852914BF02220422ECE7002003B0BDE899
:10520000F08F95F830300AF1010A5FFA8AF18B428B
:10521000CED2286A012205F1240100F0D1FE002837
:10522000EBD02C6AA0F802B02046FEF795FE0028CD
:10523000E3D004F50470FEF78FFE0028DDD0D4F82B
:10524000400403681B6A03B0BDE8F04F184795F8A7
:1052500031302A6A03F03703838092F8103243F02A
:10526000010382F81032B9F1000F01D007824482A5
:10527000B20703D580F81480078144817307017851
:1052800042BF80F815808781C4819EE790F8333053
:105290009A0762D570B5C56982B00446A5B313F00C
:1052A000400634D0006AA26890F845C4E1680CF169
:1052B000090C5FFA8CFC013A41F1FF31CCF1200E70
:1052C00022FA0CF201FA0EFEACF1200C21FA0CFCD1
:1052D00042EA0E02A16942EA0C02013219B3013D11
:1052E0006D1A01312A44019172BBD4E9000163F0C7
:1052F0007F03C4E90201C4E9040184F83330204685
:10530000FFF7CCFD02B070BD012002B070BD816915
:1053100061B90195C161206A294600F0EFFEC8B16C
:1053200094F83330E1E70195E161DDE7006A019629
:1053300001AA00F0A3FE00280CDB10D1019D002D76
:10534000E9D194F83330D0E70199002300F0B8FD9B
:105350000028E5D1002002B070BD00207047A1698F
:10536000206A4FF0FF3200F0A9FE0028E6D1F1E7F5
:105370002DE9F04790F833309D07044640F1A380B3
:1053800092461A070E4600F19780BAF1000F00F01E
:10539000278123685546206AA169D0F8382402EA9B
:1053A0000309C9F30808B9F1000F40F095800029FE
:1053B00000F0D48094F833305B0640F1EC80D4E9FF
:1053C000023290F845C40CF1090C013B5FFA8CFCE9
:1053D00042F1FF32CCF1200E23FA0CF302FA0EFE5A
:1053E000ACF1200C22FA0CFC43EA0E03E26943EA1A
:1053F0000C031344994280F0D5800131A16190F8EB
:105400004524D0F82C34023991401944B5F5007F79
:10541000C0F08D80B5F5806FC0F0A6800123934069
:10542000A3EB09036A0A934228BF1346D0F81C2253
:105430008A424FEA43290AD303EB010C624506D2A4
:10544000002280F810224FF0FF32C0F81C22D0F862
:1054500014020268D2F828803246C04798B34B46FF
:10546000D4E900125B182169606942F10002994297
:105470009041C4E900324E44A5EB090507D294F8E7
:105480003310236161F07F0184F833106261002DD5
:1054900081D1D4E9020198429141C0F09480524BED
:1054A0001B68002B00F09A8094F8333063F07F0380
:1054B000504684F833300DE0D0E90423FFF7C4F8F8
:1054C00000287FF462AF94F8323043F001030020EB
:1054D00084F83230BDE8F08790F84524D0F82C34B9
:1054E00002394FEA5929914049441944B8F1000F53
:1054F0008CD0C8F50079A9454FF0010200F5047081
:1055000028BFA946FEF754FD0028DCD040444A4697
:105510003146C84407F050FEB8F5007F206A9ED19E
:1055200000F50470FEF718FD002898D1CBE722683B
:1055300027696369BA42626872EB030312D20122DF
:1055400000F50470FEF734FD0028BCD02A46314631
:10555000404407F031FEA9462B4681E7E16949B393
:10556000A1614CE70522EBE7D0F81C328B4206D153
:10557000002380F810324FF0FF33C0F81C32D0F80F
:105580001402036832465B6A984700289BD04FF4A8
:105590000073994664E704F1180200F06FFD0028DB
:1055A00091DB04D12046FFF70BFB00288BD0A169CB
:1055B000206A24E72046FFF703FB002883D0A16977
:1055C000206AE1611BE794F83310A36061F07F0368
:1055D00084F83330E2605046BDE8F087504679E702
:1055E000D4E9003255E700BF541DFF1F69B170B503
:1055F000054608460C460FF023FA2B680246214662
:1056000028465B68BDE87040184770478368C3F35D
:1056100008038BB110B400210269D1540133B3F5F2
:10562000007FF9D1C36802691C680168646A184682
:1056300023465DF8044B18470120704783680269D0
:10564000C3F3080340F2FF1CD154426801EB72011E
:105650008268416001326345826001D00120704759
:10566000C368016810B41C68646A4A1C026002695D
:10567000184623465DF8044B184700BF38B58368C9
:105680000446C3F308030069CAB2C2540D466168F8
:1056900002EB7102A168626040F2FF120131934295
:1056A000A16005D0290A2046BDE83840FFF7C6BFF3
:1056B000E068216803684A1C5B6A22602269984797
:1056C0000028EFD138BD00BFF8B50025C0E90015AE
:1056D00006468560A8B2FEF7BBFDA842044607D087
:1056E000C1B23046FFF7AAFF00283BD10020F8BD29
:1056F0006C1CB4F5803F04D12AE00134B4F5803F3E
:1057000004D0A0B2FEF7A4FDA042F6D0671BB7F507
:10571000007F1DD34FF6FF713046FFF7AFFF002823
:10572000E4D0B9B23046FFF7A9FF0028DED0254605
:10573000B5F5803FCED13046BDE8F840FFF766BFF3
:10574000C5F307213046FFF779FF01350028CDD09A
:10575000A542E9B23046EBD2FFF770FF0028EFD147
:105760000020F8BDC4F307213046FFF767FF00288B
:10577000BCD00135DCE700BF2DE9F04F0F4689B002
:10578000096804901546CA69C7600561384698469D
:105790009047B0F5801FC0F0C2800646002301226A
:1057A0000133DBB2202B4FEA420200F0C380964265
:1057B000F6D81C2B00F2BE801A2B4FF0080A00F21C
:1057C0003B824FF4804301934FF4004303934FF423
:1057D000807307934FF40053CDF808A00693039B02
:1057E0000298019CF31AC34003FA00F94FF40072C7
:1057F0000021284605930EF097FAFF2385F8C4315F
:1058000085F8C531072385F8C231A144FE230194F0
:10581000C5F8C641012485F8BF4185F8C04185F827
:10582000C3313B68C5F8CA914AF6552B5B6AA5F8A7
:10583000FEB12A46002138469847002860D04FF430
:105840000072002128460EF06FFA019B2B64AB65B5
:10585000059BEB6520232B726B72AB72EB232B70D5
:1058600076236B709023AB704523EB7058232B711C
:1058700046236B714123AB715423EB7104232B66D8
:105880004FF48073A5F868300923069A85F86C30C8
:1058900080236E662A656A65C5F848904FF4C37226
:1058A00085F86DA085F86E4085F86F30F42105F11C
:1058B00078000EF039FA0026A5F8FEB16A1E00E065
:1058C0000134A4F16B03012BFAD9712CF8D0135DCC
:1058D000B4F5007F03EB7606F2D13B68DDF8049067
:1058E0005B6A2A4649463846984748B13B68CDF836
:1058F000049049465B6A2A460C313846984780BB7B
:10590000B8F1000F06D0D8F80030B7495B680F2215
:10591000404698470024204609B0BDE8F08FB8F112
:10592000000FF7D0D8F80030B0495B681522404628
:105930009847E8E7A3F10B0A4FEA6A0101228A407F
:105940000291CAF3470A079201335B1001229A4081
:10595000069204229A400392022202FA03F3019370
:105960003DE72246002128460EF0DEF94AF655238F
:10597000A5F8FE31019B03F1090203F1010A05F2CA
:10598000FF19002393462C4601E014F8013FA1457E
:1059900003EB7606F9D13B682A465B6A51463846E6
:1059A00098470028ACD03B682A465B6A0AF10C0194
:1059B000384698470028A3D00AF101039B4502D03E
:1059C0009A462B78DFE74FF40072002128469B4669
:1059D0000EF0AAF900220AF1030A11462B4601E053
:1059E00013F8011F9C4201EB7606F9D13B682A4669
:1059F0005B6A594638469847002881D03B682A465A
:105A00005B6A0BF10C013846984700283FF478AFE9
:105A10000BF101018A4564D12B1F05F5FE7243F895
:105A2000046F9A42FBD13B682A465B6A3846984726
:105A300000283FF465AF3B680BF10D015B6A2A4615
:105A40003846984700283FF45BAFB8F1000F06D006
:105A5000D8F8003066495B680C2240469847019AA6
:105A6000069BDFF89CB113449946059B4FF40072E6
:105A7000002128469E000EF057F92846F82306F22A
:105A8000072600F8013B1322FF214FEA562A0EF0A9
:105A90004BF9B60B002402E00134A24524D0B4FB3C
:105AA000F6F306FB13434BB90122B8F1000F05D002
:105AB000D8F8003059465B68404698473B6809EB88
:105AC00004015B6A2A463846984700283FF418AF1D
:105AD000002CE1D121464FF4007228460EF024F943
:105AE000DAE78B46297879E7B8F1000F2BD0D8F8A0
:105AF000003040495B68022240469847059C079A5F
:105B00000734E40804F2FF13B2EB532F4FEA532992
:105B1000FFF4F9AE4FF40072002128460EF004F9AC
:105B200007232B70002604E006B92E700136B1451C
:105B300016D9039A3B68B1185B6A2A4638469847DB
:105B40000028F1D1DCE6059C079A0734E40804F24A
:105B5000FF13B2EB532F4FEA5329FFF4DBAED9E723
:105B6000B8F1000F77D0D8F8003023495B681622CF
:105B700040469847039B079A04989918FFF7A4FD9D
:105B800000283FF4C0AE029A4FF400739340049A89
:105B900092689A423FF6B7AE18494046FFF726FD95
:105BA000029B4FF0020909FA03F6039B4FF40072BF
:105BB000002128461E440EF0B7F88122032385F801
:105BC00020200499C5F8349082222B7085F840205B
:105BD0004A686A646B658B68AB650023013EAC6301
:105BE000EB654FF0010912E068110500081105008E
:105BF0002011050044110500301105004811050071
:105C0000ECCD0400079B99451CD209F101093B68C2
:105C100006EB09015B6A2A46384698470446002885
:105C20003FF46EAEB9F1010FECD14FF400720021D8
:105C300028460EF079F8E8E74FF480720792CDF825
:105C400008A081E6B8F1000F3FF465AE0B4940466D
:105C5000FFF7CCFC5FE6039B079A04989918FFF7BF
:105C600033FD00283FF456AE029A4FF40073934080
:105C7000049A92689A4293D94CE600BF58110500E5
:105C80002DE9F0410C46154601F11E08AB8934F8A8
:105C9000027F28461BB96A68AB689A420ED0FEF7AD
:105CA000C5F9FEF7D5FA06463846FEF7D1FA864220
:105CB00009D14445EAD10120BDE8F081B7FA87F067
:105CC0004009BDE8F0810020BDE8F0812DE9F04FEA
:105CD00090F8313083B08846002B4FD090F83030A8
:105CE000012B074652D9013ADFF8A4B00B464FF01A
:105CF000020A8E1800240022514638460193FEF70E
:105D000003FB00283AD00278C12A37D1019B05460F
:105D100000F11E0935F8020F24B300F5105292B2BB
:105D2000B2F5806F2AD20BEA8424C0F30900204325
:105D300000F5803019463246FEF7EEF90346E8B129
:105D400000244D45E6D197F830200AF1010A5FFAA8
:105D50008AFA5245CFD2A3EB08009846002388F870
:105D600000300EE000F5205292B2B2F5006F02D37F
:105D70000028DFD1EFE7B2F5806F05D3002088F867
:105D8000000003B0BDE8F08F0446DAE70020E5E745
:105D900000FC0F0070B50C460A68626000231946CB
:105DA000A38123611E464FF6FF7517E0FEF73EF90B
:105DB000A84222D0FEF74CFAF30343EA560353FA03
:105DC00080F399B22269C3F34E0343EAC133000A58
:105DD00010FA83F30132A18922619EB22046002984
:105DE000E4D16268A3689A42E0D12069A6820138B2
:105DF000FE288CBF0020012070BD002070BD00BFB8
:105E00002DE9F84F074691468A46002942D0D7F837
:105E10003034A1F10208434542D908F007030125B7
:105E20009D40C8F3C80BEDB246464446D7F82C1443
:105E3000002201EB14313846FEF7BAF8E8B10BF155
:105E4000FF3B834400F2FF101BF8011F0AE04A45A4
:105E50002BD0A04510D0D7F83054A54214D913F058
:105E6000FF050CD0013429424FEA4503A4EB06029A
:105E7000EDD0A0452646EED10120BDE8F88F58456B
:105E80004FF00105E0D101E00026344601254FF036
:105E9000000BCBE7D0F82084D7F830344345BCD88A
:105EA0004FF000080125C346BEE7BAF1000F04D148
:105EB000B9F1010F08BFC7F82064B01CBDE8F88F26
:105EC0002DE9F843154698468A1ED0F8303451190A
:105ED00099423AD80646B8F1000F39D1D0F82034AB
:105EE000934288BFC0F82024D6F82C7402F0070330
:105EF00001249C4007EB1231C2F3C809E4B201222D
:105F000030468F18FEF754F8F8B109F1FF3E864489
:105F100000F2FF101EF801CF1CEA040F14BF01228B
:105F2000002242458CEA040C4FEA44040DD0013DA6
:105F30008EF800C018D014F0FF04EDD17045A146D2
:105F40004FF00104E6D13946D9E70020BDE8F883D7
:105F5000D0F820049042C7D38142C5D9994228BFC6
:105F60000021C6F82014BFE70120BDE8F88300BF78
:105F7000F8B5D0F8303401338B4201D20020F8BD9F
:105F800007460C4600F50476002506E0D7F83034C5
:105F90000133A34205F10105F0D3D7F82414002200
:105FA00001EBD4113046FEF703F8A400C4F3080453
:105FB0000028E3D00459631CE8D1681CF8BD00BF79
:105FC00038B50C460B6890F845C4D0F838146568AD
:105FD000023B294003FA0CF303EB5123D0F82C14B5
:105FE00000F504701944FDF7E3FF18B16368C3F3CB
:105FF0000803184438BD00BF2DE9F843D0F8383401
:106000000C4649680B401144616090F845141344F4
:1060100001F10902D2B2D3402BB380465D1E00F5D8
:10602000047905E02368013D03F1010323601AD3DD
:10603000267A002EF6D1D8F83034276801339F42F3
:106040003246484612D8D8F8241401EBD711FDF790
:10605000AFFFBF00C7F3080740B1C3595A1C09D0AE
:10606000013D2360E4D20120BDE8F8834FF0FF300A
:10607000BDE8F8833046BDE8F88300BF38B5D0F8F6
:10608000303401338B4202D24FF0FF3038BD0C4622
:10609000D0F82414154601EBD411002200F5047049
:1060A000FDF786FF0028EFD0A400C4F308040359CD
:1060B0005A1C1ABF2B600120002038BD01291BD9B2
:1060C00038B5D0F8303401338B420C4601D2002071
:1060D00038BDD0F82414154601EBD411012200F587
:1060E0000470FDF765FF03460028F0D0A400C4F358
:1060F000080401201D5138BD00207047D0F830340D
:106100000133994201D9002070472DE9F04F05462F
:1061100081B00C4600F504790F464FF00008D5F821
:106120002414002201EBD4114846FDF741FFE30996
:1061300098B14FEA840BCBF3080B50F80B20511C9D
:1061400016BF16464FF0000A4FF0010A012C04D981
:10615000D5F830240132944203D9002001B0BDE8C3
:10616000F08FD5F82414012219444846FDF720FF8A
:106170000028F2D040F80B80BAF1000F12D00134A1
:10618000B44208D00023E21B39462846FFF798FEA8
:106190000028E2D03746D5F830340133B342DCD39F
:1061A0003446BCE7621C5346D21B3946284601B030
:1061B000BDE8F04FFFF784BE2DE9F843D0F82C146A
:1061C0000025064600F504782C46002240464F1C68
:1061D000FDF7EEFEB0B100F1FF3E04F58059D6F8B0
:1061E000300405E081B9083484420AD24C4517D006
:1061F0001EF8011FFF29F5D10834844205F1080576
:10620000F4D3401BBDE8F8830822012319424FEA6A
:10621000430C18BF0135013A5FFA8CF3F6D1E2E77F
:106220003946D2E7F8B5044600234FF0FF3004F5B5
:106230000477C4F840146160E060C4F81412C4F834
:106240001C02154684F84434237084F810321A4630
:1062500019463846FDF7ACFE042D0CD8064650B161
:106260005DB927490522F01C0DF05AFE18B996F8C1
:106270006C30092B19D00020F8BD6B1E00EB031306
:1062800093F8BE2112F07F02F5D193F8C231002BB2
:10629000F1D000EB05163846D6F8B6512946FDF781
:1062A00087FE06460028DCD1E5E7336D2B44C4F8B1
:1062B0002434736DC4F82834B36D2B44C4F82C34E3
:1062C000F36DC4F83034336EC4F8343496F86D206E
:1062D00084F84524012502F1090305FA03F3C4F803
:1062E0003C34013BC4F83834C4F8200401462A4643
:1062F0002046FFF785FD402384F844342846F8BD46
:106300007811050010B50446D0F83414FFF730FEBC
:1063100094F845340933DBB2984010BD70B590F95C
:106320000230002B82B004460DDBA56805F1280081
:10633000FDF712FE00283BD1637843F001030020F3
:10634000637002B070BD8068A16901222830FDF73A
:106350002FFE0028F0D0A58805F00F056B0100EB9B
:106360004515C35CE52BE7D02378184A1B0744BFCB
:10637000E369EB61236A16686B831A0CAA8266B123
:106380000DF103020DF1060101A8B047BDF804307C
:10639000BDF806202B836B82EA82A378A56803F000
:1063A0007F03A37005F12800FDF7D6FD0028C3D0B8
:1063B00005F50E70FDF7D0FD0028BDD028680368F4
:1063C0001B6A98470028B7D0BBE700BF541DFF1FCA
:1063D000024638B552F8105F04462946806802F03C
:1063E00081F850B155B123690135AB42A37818BF8C
:1063F00003F0BF0363F07F03A37038BDA37843F0BD
:106400004003F7E7F8B5047814F0200404D11A4BE0
:1064100042699A42054602D300273846F8BDFFF785
:10642000D7FF07460028F7D0A8682E69827941690E
:10643000023E96400E440179A9B1214606E00DF0D6
:1064400073FCA8680279E1B28A420BD93144052273
:106450002830FDF7ADFD01344FF400720021002813
:10646000EDD1D9E7827969694FF40073934011FA4D
:1064700083F36B613846F8BD00FE1F0010B504467B
:1064800080680A462830A169FDF792FD20B1A388F3
:1064900003F00F0300EB431010BD00BF10B50378ED
:1064A00004462BB1FFF73AFF00232370A37010BD01
:1064B00000232370A370012010BD00BF38B50378FE
:1064C00004460D4613B1FFF729FF88B1A068A16902
:1064D00000222830FDF76CFD50B1A38803F00F03B4
:1064E00000EB43112022284606F066FE012038BD4D
:1064F000002038BD30B589B00D4669461446FFF717
:10650000DDFF28B1BDF81020BDF80E302A802380B1
:1065100009B030BD30B589B00D4669461446FFF765
:10652000CDFF28B1BDF81820BDF816302A80238091
:1065300009B030BD0B7813F0700F01D10020704707
:10654000F0B540F6022389B00D46044601F072F81A
:1065500038B101221023A27023702046FFF752FFAA
:1065600010B9002009B0F0BD2378226922626BB116
:10657000636933B1A378002223F0200322616261B2
:10658000A3702046FFF7CAFE0028EAD0A068A169E0
:1065900001222830FDF70CFD0028E2D0A38803F08B
:1065A0000F0300EB43111022CA726846202206F046
:1065B00003FE0A2220210DF101000DF0B5FBA068B9
:1065C000216A8379023999404369012219442830AC
:1065D000FDF7EEFC06460028C3D02E272022694690
:1065E0008DF8007006F0E8FD2B6A8DF801701A0C2A
:1065F000ADF81420694606F120002022ADF81A30CB
:1066000006F0DAFDA46804F12800FDF7A5FC0028D7
:10661000A7D004F50E70FDF79FFC0028A1D02068DC
:1066200003681B6A09B0BDE8F04018472DE9F04146
:10663000044694B09846237801920020ADF81400E7
:106640000B90002B40D10B7813F0700F0D463BD010
:1066500013782F2B16463BD0002728E0019E367872
:10666000002E50D000F0E6FF034602AA294620463D
:106670002BB9B8F1000F27D0FFF75CFF20B3A64677
:10668000BEE80F000DF12C0CACE80F00BEE80F00C7
:10669000ACE80F002378DEF80020CCF8002020467C
:1066A0000BB1FFF73BFE019E2770A7700BAD314683
:1066B00001AB02AA204601F005F9064602AA2946C6
:1066C00000232046002EC9D1002014B0BDE8F0817F
:1066D0000136019633782F2BFAD0AD6824220021A1
:1066E0000BA80DF021FB0D95EB79102B03D0202B7F
:1066F0000FD00C2BE8D120238DF82C3001238DF8FE
:106700002E300BADA8E702AAFFF714FF14B0BDE8C6
:10671000F0814023F0E700BF2DE9F041044694B03A
:1067200098462378019200200290ADF83800002BA3
:1067300036D10B7813F0700F0E4631D013782F2B13
:10674000154631D000271EE0019D2D78002D40D048
:1067500000F070FFA6460DF1080C08B3BEE80F006C
:106760006646ACE80F00BEE80F00ACE80F002578E5
:10677000DEF80030CCF8003020460DB1FFF7CEFD3A
:10678000019D2770A770294601AB0BAA204601F096
:1067900099F805460BAA314600232046002DD3D197
:1067A000002014B0BDE8F0810135019529782F292A
:1067B000FAD0A9B9B568242220460DF0B5FAA56033
:1067C000EB79102B03D0202B22D00C2BE8D12023E7
:1067D0001FE043460BAA00F02DFF14B0BDE8F08186
:1067E000B6682422002102A80DF09EFA0496F379DF
:1067F000102B03D0202B03D00C2BD1D1202300E071
:1068000040238DF8083001238DF80A3002AE99E755
:10681000402301202370A070C3E700BF19B101F528
:106820008961FFF779BF0846704700BFCB6870B534
:106830000D46044693B906780EB1184670BD8D68B2
:10684000242231460DF070FAA560EB79102B19D097
:10685000202B11D00C2B15D0304670BD24220021E6
:106860000DF062FA012310222270A370A968EA6871
:106870002262A160184670BD402201232270A370DD
:10688000184670BD2022F8E770B504780CB10020DE
:1068900070BD05460E46242221460DF045FAAE6035
:1068A000F379102B0BD0202B03D00C2B07D02046D4
:1068B00070BD402301242B70AC70204670BD202396
:1068C000F8E700BF2DE9F04F2DED028B8378DF074D
:1068D00083B0054640F18D80884601780E079246C8
:1068E00000F192808C0608D583685A894369C3EB0E
:1068F00042139BB29A4528BF9A46BAF1000F00F0A6
:10690000B0806A69AF6805F11003880608EE103A96
:1069100056464FF00009C2F3080B3DD5396A01EB2A
:106920005221BBF1000F51D1B6F5007F4ED37A6BE7
:1069300091424BD0B6F5806F6FD3287880064FEA2E
:10694000562305D43879A0EB0900834228BF0346BB
:1069500091424FEA43240CD8C818824209D207F169
:106960002800CDE90013FDF7F7FADDE90013002850
:106970003FD0F86A026857694246B847002838D0C5
:106980006A69361B2244A0446A616AD02978AF68DC
:106990008806C2F3080BC1D497F8059009EA52297A
:1069A000BBF1000F37D1B9F1000F34D1002A3ED12D
:1069B0004A064CBF3A6A2A6A2A61B9797869023A6A
:1069C0008A4048441118BBF1000FADD0CBF50074DC
:1069D000B4424FF0000207F1280028BF3446FDF70B
:1069E000E7FA30B100EB0B012246404606F0E4FB2B
:1069F000C6E76B784FF0FF3043F002036B7003B0D3
:106A0000BDEC028BBDE8F08FC36942699B1A9A45C1
:106A100028BF9A4671E72A69CFE7F86A03684246B9
:106A20001B6998470028E4D04FF40074A8E70B07CF
:106A300005D5AA78540602D52A690132BCE729692E
:106A400018EE102A384601F099FD0028D1DB02D05B
:106A5000AF682A69B1E72B7813F0700FC9D0AAEBA1
:106A6000060A504603B0BDEC028BBDE8F08F00BFB4
:106A700070B582B001220DF107010446466905692F
:106A8000FFF720FF012808BF9DF80700666118BFC7
:106A90004FF0FF30256102B070BD00BF30B54369D3
:106AA00013F4F07F83B00446C3F3431500D089B9D3
:106AB00001220DF107012046FFF704FF40B2012833
:106AC0000BD163691F336361A068383000EB451058
:106AD00003B030BD20334361F6E7002003B030BD82
:106AE000F0B503789BB0002613F0180F08961196A6
:106AF00006D0836817468A689A4204460D4602D03B
:106B000000201BB0F0BDFFF709FCA646BEE80F0051
:106B10000DF1440CACE80F00BEE80F00ACE80F002C
:106B2000DEF80030CCF80030A368A16903F128003A
:106B30003246FDF73DFA0028E2D0A18801F00F01AE
:106B400000EB41112022684606F036FB237813F053
:106B500008033A46294677D108A8FFF767FD0028C1
:106B6000CED0109EBDF82430A068A3809DF82330BD
:106B70000E99E3700B9BA16100272830E36001228E
:106B80008DF820708DF82270FDF712FA0028B7D02A
:106B9000A38803F00F0300EB431513220DF10D0141
:106BA00005F10D0006F008FB9DF80B30EB724EB3BB
:106BB000A0688179B31E8B4041693A461944283058
:106BC000FDF7F6F900289BD000F12001202268464D
:106BD00006F0F2FAA068314601F0F2FC00288FD0EE
:106BE000A068236A82794169023B934019442830A6
:106BF0000122FDF7DDF9002882D0202269461044E9
:106C000006F0DAFA00210222082311A819918DF862
:106C100046208DF8443000F0BBFE00283FF470AFF2
:106C2000A46804F12800FDF797F900283FF468AF45
:106C300004F50E70FDF790F900283FF461AF20686D
:106C400003681B6A98475CE740F6012308A8FFF732
:106C500063FD002886D153E70378DA0601D40020CB
:106C6000704730B5436983B0044633B1837800225E
:106C700023F0200302614261837000230FE063610F
:106C8000A3686A01383303EB45159B5CEBB1E52B38
:106C900004D02E2B02D0EB7A1B0722D5636913F4A4
:106CA000F07FC3F3431503F12003E8D101220DF176
:106CB00007012046FFF706FE40B2012803D16369B1
:106CC0001F336361DCE763785BB9A378082243F084
:106CD000020320462270A37003B0BDE8304000F0EC
:106CE00057BE002003B030BD2DE9F041037807699D
:106CF0000446002B3AD00D464169A94243D0002DED
:106D000038D018072BD5E269AA422FD3D4F808C08F
:106D1000A2789CF806000930C0B26E1E12F0400F37
:106D200026FA00F632D14A1EC240964201D300290B
:106D300030D15B064CBFDCF82030236A236104F1BC
:106D4000100807E02169A06801F018FC002806F18E
:106D5000FF360BDD4246002EF4D1A2780CE09A06F5
:106D6000D4D5A3685B89B5EB431FF6D92761002012
:106D7000BDE8F0818278056122F02002A270656191
:106D80000120BDE8F0810120BDE8F081236A334491
:106D90002361F1E7B61AD2E72DE9F041884615469E
:106DA0000021242204461F469DF818600CF0BCFF09
:106DB000D8F80800D8F82030A58000F1380205F096
:106DC0000F0502EB4512E360A060D17A0D0712D4E3
:106DD00001F017012170D37AE67013F0180F08BF85
:106DE00041F0080107F0030308BF2170012B33D0E5
:106DF000022B05D0DBB100202070A070BDE8F0812F
:106E000003232178CD06F6D4CE07F4D407F0080189
:106E10000B43A370958A518B41EA0541456BA561EF
:106E20007D0511D509BB63F07F03A3700FE07B05DF
:106E3000E1D407F0080343F00103A370416B938A88
:106E4000A161518B41EA03412162D369E3617E0470
:106E500004D40120BDE8F0810223D2E7E169204695
:106E6000FFF742FF0028F4D1C5E701F0A9FB002895
:106E7000C1D0A378D7E700BF0378002B3FD12DE91D
:106E8000F0470B7813F0700F84B00C462CD04B6990
:106E900013F01F0528D106469046A94601220DF1A0
:106EA0000F0120465F09C3F3431AFFF70BFD40B201
:106EB000012819D16369A2681F3302F1380C4FEA27
:106EC0004A1263611CF802200CEB4A1C62B12E2AA4
:106ED00008D0E52A06D09CF80B1011F0080010D05D
:106EE0000F2905D00025D9E7002004B0BDE8F087C0
:106EF0005106D3D59CF80D9002F01F05CEE7002077
:106F0000704775B10CF10A0101E01CF8012FC301B3
:106F100043EA500352FA83F36145D8B2F5D14845AC
:106F2000E2D100954346BAB221463046FFF734FF1E
:106F3000DBE700BF03780BB1FFF7F0B90120704722
:106F40002DE9F0470E46017882B009079DF82870B8
:106F50009DF82C809DF830909DF834A057D5A2F272
:106F6000BC7294B27F2C52D85A1E0B2A01934ED871
:106F70007A1E1E2A4BD8B8F1170F48D8B9F13B0F2B
:106F800045D8BAF13B0F42D80546FFF7C7F90028AC
:106F90003DD0A868A96928300122FDF709F800282A
:106FA00035D0AA88019B02F00F0247EA431343EA57
:106FB000442300EB42124FEA5A01F7079BB241EA21
:106FC000491141EAC82148BF5382B40789B208D5A4
:106FD0001AF0010A18BF4FF0640A82F80DA013825C
:106FE000D181AC68700744BF1383D18204F12800BB
:106FF000FCF7B2FF58B104F50E70FCF7ADFF30B1ED
:10700000206803681B6A02B0BDE8F04718470020FB
:1070100002B0BDE8F08700BF83789B0727D510B585
:10702000036A82B00446ABB1016911BB01930162EE
:10703000A068194601F0C4FAB0B1A378227861695A
:10704000E16163F07F03A37022B12046FFF766F988
:1070500002B010BD012002B010BD2169A0686FF020
:10706000704201F09DFA68B9002002B010BD002006
:10707000704700238068019301AA01F07FFA00287D
:10708000F2DBEAD1019B002BD7D0D1E72DE9F04705
:1070900083789C0705467BD588461907914600F101
:1070A000BD806B6913EB090272D2B9F1000F44D0B5
:1070B0004F464FF4007AA8682969447914EA5324AA
:1070C000C3F3080643D1002E73D100297ED0AA78DD
:1070D000520603D5EA699A4200F28F8005F1100248
:1070E00001F04CFA002853DB00F09180A868296970
:1070F00083790239994043691944B7F5007F4ED32B
:10710000B7F5806F66D303797A0A1B1B934228BFB9
:107110001346426B8A424FEA432402D35E18B242BE
:107120006ED3C06A0268966A4246B04780B36B6904
:107130003F1B2344A0446B61BDD1EA699A427DD2D2
:10714000AA78EB6162F07F03AB70484625E0827954
:1071500043690239914019442144002ECDD0C6F52F
:107160000074BC4228BF3C4601222830FCF720FFB7
:1071700070B1304422464146264406F01DF8B6F56B
:10718000007FA868D3D12830FCF7E6FE0028CED1D6
:107190006B7843F0010300206B70BDE8F0876A69EB
:1071A000EB69BA45544628BF3C469A4207D30522AC
:1071B000DBE782794369023991401944CFE7AB7824
:1071C00013F0200F14BF05220122CEE7296A61B314
:1071D00029618DE7436B8B4205D1002380F828306D
:1071E0004FF0FF334363C06A036842465B6A9847C7
:1071F0000028CDD04FF4007499E70131296177E779
:10720000002280F828204FF0FF32426389E72846A9
:10721000FFF7DEF800287FF469AFB9E7C169FFF72F
:1072200063FD00287FF43DAFB2E72846FFF7D0F8B2
:107230000028ADD02969A868296259E7054B1B6869
:107240002BB1AB7863F07F034846AB70A5E74846A7
:10725000A3E700BF541DFF1F2DE9F04F8DB08446FA
:10726000156801931446984606468946BCE80F0007
:1072700003AF0FC7BCE80F000FC7DCF800303B605E
:107280004FF0000E43466560A4F80CE0002B3FD0A1
:107290004FF0010AA9EB0A0189B2490103A8FFF7DF
:1072A00023FD50B3002103A8FFF7F8FB074620B3E6
:1072B00000250DE0FCF7BAFE80465846FCF7C8FFF3
:1072C00083464046FCF7C4FF834516D10D2D18D0E8
:1072D000EAB23946304600F0C9FEA389834601353B
:1072E0002046002BE6D16368A2689342E2D1BBFA44
:1072F0008BF040090DB0BDE8F08F00200DB0BDE867
:10730000F08F019B0AF1010A5FFA8AFA5345C1D254
:107310000120EFE72DE9F04F8DB0074616460191A9
:107320009A4602F1150402F120050FCF0DF10C0C65
:10733000ACE80F000FCFACE80F003B68CCF8003092
:107340004FF0000914F8012F4FEAC91343EA59031B
:1073500052FA83F3A5425FFA83F9F3D1336873607D
:107360004FF00008A6F80C80BAF1000F4BD00127AF
:10737000019BD91B89B2490103A8FFF7B5FC00287E
:1073800052D0002103A8FFF789FB00284CD0059AB2
:1073900092F8283043F0010382F828300F23574534
:1073A000C3724FF000030CBF47F040023A4603732C
:1073B0004FF00003027080F80D90438300F1010B41
:1073C0000124002506E0ABF8000001340135E4B2E9
:1073D0000BF1020BB08918B97268B3689A4216D0E3
:1073E0003046FCF723FE042DEBB2ECD90A2B02D871
:1073F000ABF80300E9E70D2CABF80500E5D1013748
:10740000FFB2BA45B4D201200DB0BDE8F08FB8F19B
:10741000000F06D008F101085FFA88F84FF6FF70F8
:10742000E1E74FF00108DEE700200DB0BDE8F08F86
:107430002DE9F843054650F8164BAE680B22202183
:107440000CF072FC23782E2B14BF0120002003D1F6
:1074500014F8013F2E2BFBD0721EA24209D913460D
:1074600002E09C421A4604D01A46013B11782E29AC
:10747000F7D1A6424FF0000E7CD907277146F1469E
:107480004FF0080823782E2B25D0222B25D07C2BDB
:1074900023D0A3F15B0CBCF1020F1ED9A3F12A0C7F
:1074A000BCF1050F51D9A3F13A0CBCF1050F5AD923
:1074B000A3F1210CBCF15D0F55D8B9422BD8A3F133
:1074C000610CBCF1190F46D8203B4EEA080EDBB226
:1074D0005FFA8EFE05E0A24231D0B9421BD80020EF
:1074E0005F2301F1010C294401348B755FFA8CF3A1
:1074F000062B98BF2B751946B442C3D3AB7D202B06
:1075000010D090B11EEA090F18BF4FF0020E85F897
:1075100015E0BDE8F8830A2F01D0A24218D2AB7D56
:10752000202B02D10020BDE8F8832B7D2B440120C5
:107530007E21312268759975DA75BDE8F883541C8F
:107540000A2708214FF01008D6E72D2BB5D0C4E745
:1075500014460020D0E7A3F1410CBCF1190F98BFED
:1075600049EA0809BDE703F0C003802BB5D1013417
:107570000020C1E7F146C1E72DE9F04FDFF8B0B0D8
:1075800091F8148083B00F4604464FF0620900253D
:107590004FF07E0A01F11606DBF800300193019BE3
:1075A000B8F1030F2B4428BF4FF003089DB208F138
:1075B0000403DBB205F00F02F918013B092ADBB224
:1075C00094BF3032373298458A754FEA1515F1D19C
:1075D00007EB0803002183F816A02046FFF784FB81
:1075E00001212046FFF75AFA03460B22304619467E
:1075F00093B193F800C0BCF1000F14D0DB7A1B07E5
:10760000EED40CF0E5FA0028EAD109F1FF3919F0BF
:10761000FF09C1D1484603E06078B0FA80F0400924
:1076200003B0BDE8F08F012003B0BDE8F08F00BFCC
:107630000C1FFF1F2DE9F04F2DED028B0E468BB076
:10764000896803933378059113F0700F029052D03C
:10765000029B1B78002B4ED113699246974A0C333C
:10766000A2FB0323C3F387029AF81530069298070A
:107670004FF0000318BF571C194630461C460793AD
:1076800014BFFFB20127FFF72FFB0AF1160308EE24
:10769000103AA346A146A0460494756900213046DD
:1076A000C5F34F15FFF7FAF910B30378E52B28D08F
:1076B0003BB3BC4238BF00242E2B2CD0C27A0F2AF9
:1076C0002CD012F0080226D1B9F1000F40F0D3807F
:1076D00018EE101A0B220CF07BFA0028DDD19AF874
:1076E000153013F0010300F0DD8001230493D4E78B
:1076F0007378002B3CD000200BB0BDEC028BBDE8B2
:10770000F08F002C08BFA846BC423CBF0134E4B255
:1077100073B3E52BD0D14FF00009BEE7B9F1000FEC
:1077200019D1069A03F01F0B5A45B6D113F0400940
:10773000B3D0437B07939146BBF1010FADD1691CD8
:107740004B4689B252463046FFF786FD002808BFF7
:107750004FF00009A1E70BF1FF3B5FFA8BFB5B45A4
:10776000D9D1437B079A9342E6D04FF0000994E7C2
:10777000039B9A05BFD503F00303013B012BBAD845
:10778000002C08BFA846BC4203D31CE0DCB2A742D1
:1077900019D000213046FFF781F9631C0028F5D18C
:1077A0007378002BA7D1BC420DD2059D05E02B7943
:1077B00004EB0314E4B2A74205D93046FEF722FEDB
:1077C0000028F4D197E7049B002B4DD17B1EDBB240
:1077D00008EB0305ADB25246294630460493FFF745
:1077E00099FD002887D069013046FFF77DFA00280F
:1077F00081D000213046FFF751F9044600283FF4BC
:107800007AAF202200210CF08FFA0B220AF1160128
:10781000204605F0D1FC9AF81520049B02F01802CE
:107820002273274A1768002F41D00DF123020DF172
:10783000260109A8B847BDF824202282BDF82620D9
:10784000E281049B9DF823206273059991F828201A
:1078500042F0010281F8282000930298039B2A46F7
:107860003146FFF799FA47E751463046FFF784FE65
:107870000028ABD13FE7BBF1010F7FF43CAF00F133
:107880000A04194601E010F8011FD30143EA52032C
:1078900051FA83F3A042DAB2F5D1079B93427FF409
:1078A0002AAF4B46039A11053FF525AFD4E745F6BD
:1078B0002122228222836282C7E700BF4FECC44E9E
:1078C000541DFF1FF0B508460978202983B01446DF
:1078D0001E4603D110F8013F202BFBD02060037817
:1078E00033B32A4D002712E07F2B07F101073DD863
:1078F0003C2BD9B22CD8212925D92239C9B225FA55
:1079000001F1CA0721D42E2B0DD1037883B12F2B7F
:107910002FD0011D01AAFCF751FCB0B1019BB3F5BA
:10792000803FE1D302372761A0600378002BEED1BE
:107930002369013BFE2B08D83060204603B0BDE828
:10794000F040FFF775BD1F290ED8002003B0F0BD31
:107950005C29FAD004D97C29E5D1002003B0F0BD20
:107960003E390129F1D9DEE72E2BCED0202BCCD009
:10797000D9E72369013BFE2BE7D80346184613F8E5
:10798000012B202AFAD02F2AF8D0D5E701210005B3
:10799000F0B583788BB0002201929A0724D5016A52
:1079A000054619B1806800F00BFEE8B101212846B8
:1079B000FEF764FDC0B1421E00F10A0C002412F86B
:1079C000011FE30143EA540351FA83F39445DCB207
:1079D000F5D1E5270770AE6800232B70AB7006F178
:1079E0002800FCF7B9FA10B900200BB0F0BD06F57D
:1079F0000E70FCF7B1FA0028F6D0306803681B6AF5
:107A000098470028F0D0EB78002BEED0294601A84B
:107A1000FEF70CFF0028E7D0EB78002BE4D001261E
:107A200021E001A8FFF73AF8731CF1B25FFA83FC7A
:107A30009EB20028D8D0C37A0F2BD5D1027802F09D
:107A40001F038B42D0D1437BA342CDD10770A968DD
:107A500091F8283043F0010381F8283053060DD403
:107A6000EB786345C0D3A988891B89B2490101A875
:107A7000FFF73AF900210028D3D1B5E7AC6804F14B
:107A80002800FCF769FA0028AED004F50E70FCF768
:107A900063FA0028A8D0206803681B6A9847A4E707
:107AA0002DE9F843DDF82090A2B105460C46984632
:107AB000571801E0BC420DD02B68204649465E6A4B
:107AC000C0472146024628460134B0470028F1D17C
:107AD000BDE8F8830120BDE8F88300BF486810B511
:107AE0000C4630B10B894A8901339BB29A420B8113
:107AF00001D9206810BD036803495B6801229847DB
:107B000000232068238110BDECCD04002DE9F04F47
:107B1000054687B0406A8846924600214FF40072BD
:107B20000CF002F9286A28B103683B495B680C2213
:107B30009847286AEE696B6A03933368DFF8E4C0FC
:107B4000DF6AE96804904FEA5A124FF0000967456E
:107B5000ADF81620ADF8149001F101040AF1FF32DE
:107B600026D16AB301EB0A07DFF8BCA00AE0214680
:107B7000039A30460134D84700283ED0A7421ED091
:107B800033680498D3F824B00028F0D0BDF814303E
:107B9000BDF8162001339BB29A42ADF81430E6D8F6
:107BA000036851465B6801229847ADF81490DEE700
:107BB00003AB00932146194B3046B847E8B1286A19
:107BC00020B1036816495B68022298476B6AB8F1D6
:107BD000100F4FF0F8021A700CBF04200C20012384
:107BE000FF216A6AD15401339842FAD1E8696A6A7E
:107BF0000368E9685B6A984718B9002007B0BDE8D8
:107C0000F08FAB68E869E9686A6A194403685B6ADF
:107C1000984707B0BDE8F08F20110500DD7A03001A
:107C200044110500A17A0300ECCD040070B5446A4C
:107C30004FF4007605463246002120460CF074F8D9
:107C40007623EB22637090232270A37008222021F8
:107C5000E01C0CF069F8A4F80B6095F82B30637306
:107C60000222F823298D227463752B69E361AA69C6
:107C700022624AF65523E181A4F8FE3170BD00BFAF
:107C800070B504464FF400720021406A0CF04CF8C5
:107C9000656A2269216805F2BF10FCF7EDF9A36956
:107CA000226921681A4405F2C310013AFCF7E4F98D
:107CB00094F82A3085F8C231E06922690368C5F872
:107CC000C621A169626A5B6AC5F8CA114AF65521E4
:107CD000A5F8FE11BDE870400021184770B546694F
:107CE00090F82BE0456A4FF4807304464360A6F594
:107CF0008072B2FBFEF202F20110000AA0604000A6
:107D000000F1A10C9C450DD98033F21AB2FBFEF2B2
:107D100002F20111090A480000F1A10C6345F3D3F6
:107D2000A1606360A3EB0C0303F180012161A2F663
:107D3000F571B1F5704F4CD2213002FB0E0081334A
:107D4000B0F5803FE36034BF0423062384F82A3073
:107D50000123A06123852046FFF792FF08B9002088
:107D600070BD2046FFF762FFA1681F4BE9824FF408
:107D70000072A5F811202921802285F8242085F899
:107D800026100B22C5F82730202105F12B000BF01F
:107D9000CBFF4622412385F8362085F83730542121
:107DA0003122362385F8381085F8392085F83A30A5
:107DB000E069626A036821695B6A98470028CED04F
:107DC0006268E36820461021BDE87040D21AFFF7D0
:107DD0009DBE206A0028C2D0036804495B68132254
:107DE0009847002070BD00BF87D6120080110500A3
:107DF000F8B5466990F82BC0456A4FF4005303610B
:107E0000A6F58041B1FBFCF101F181034FF4804202
:107E1000DB0942F2090E0446426083600EEB430028
:107E2000904240F2BB8002F50052B11AB1FBFCF166
:107E300001F18103DB090EEB430082424FEA430765
:107E4000F1D3A36062604FF6F473994240F29B80D5
:107E500001FB0C2CA2F50052D21B92B202F500538A
:107E600022854F4AE360ACF50053944594BF4FF030
:107E70000B0C4FF00C0CA36184F82AC02046FFF7CE
:107E8000FFFE08B90020F8BD2046FFF7CFFEA1682D
:107E9000444A454B696202202A6380212922E86214
:107EA00085F8401085F8422020210B22C5F8433088
:107EB00005F147000BF038FF4622412385F8522098
:107EC00085F8533054213322322385F8541085F835
:107ED000552085F85630E069626A036821695B6A5B
:107EE00098470028CED0E06921690368626A5B6A1E
:107EF000063198470028C5D04FF400720021606A0F
:107F00000BF012FFE069294BC5F8FC3121690368C9
:107F1000626A5B6A023198470028B3D0E069216940
:107F20000368626A5B6A083198470028AAD0204A31
:107F3000E0692A6002F1FF5202F500524FF0FF3370
:107F40002032C5F8E421C5F8E831C5F8EC312169E3
:107F50000368626A5B6A01319847002892D0E06941
:107F600021690368626A5B6A07319847002889D0F3
:107F7000A26894F82B30204603EB42022021BDE892
:107F8000F840FFF7C3BD206A00283FF47BAF0368C9
:107F900008495B68132298470020F8BD5F0052E74C
:107FA0000004FB000100060087D61200000055AA5D
:107FB000525261418011050038B504460868C56910
:107FC0002362E16162620846A84700F2FF73DB0AA0
:107FD000062B6061236024D9102B13D80223B0F53F
:107FE000800F84F82B3020462ED2FFF777FE05460F
:107FF000206A05B320B1036819495B680D229847D0
:10800000284638BD202B23D9402B23D9802B23D9B8
:10801000B3F5806F22D9B3F5004F8CBF8023402386
:10802000DDE7206A20B103680E495B681422984797
:108030000025284638BD0028FAD003680A495B6845
:108040000F229847284638BDFFF7D2FE0546CFE7F6
:108050000423C4E70823C2E71023C0E72023BEE7B8
:10806000AC11050094110500BC110500042A04D8C8
:1080700001EB4202B2F8010070470A2A03D801EB73
:108080004202908870470C2A9ABF01EB4201C888CF
:1080900000207047F8B504780D467CB114F06004F8
:1080A000164607D0012A09D92F2200230A704B70E7
:1080B0000120F8BD2146FEF7E1F910B90020287033
:1080C000F8BD0346A446082711E0027B174203D0FF
:1080D0000EF1200E5FFA8EFE611CB142EED20CF161
:1080E000010CBCF10C0F05F804E0CCB210D0BCF1CF
:1080F000080F11D013F801EBAEF14102192AE4D9AF
:10810000BEF1200FE8D10CF1010CBCF10C0FEED147
:1081100000232B552046F8BD1A78202AF8D01027C6
:108120004FF02E0ED8E700BF2DE9F04F8BB003784B
:10813000002488460194002B55D0C3780646002BB6
:1081400057D0014601A89146FEF770FB00284AD09F
:10815000F078002843D009F1FF39C144C3464FF0FD
:10816000010AB188A1EB0A0189B2490101A8FEF711
:10817000BBFDC0B3002101A8FEF790FC98B3C27A02
:108180000F2A30D102785FFA8AF102F01F028A4288
:1081900029D1471C0025042DEAB23ED838886CBB93
:1081A00000F5205292B2B2F5006F3DD3A0B159460E
:1081B0004A46FBF7B1FF8346A8B1002401350D2DD7
:1081C00007F10207E7D10AF1010AF1785FFA8AF2B2
:1081D00091421FFA8AFAC4D2ABEB0800D8460023BA
:1081E00088F8003002E0002088F800000BB0BDE8FD
:1081F000F08FFFF74FFF0BB0BDE8F08F00F5105286
:1082000092B2B2F5806FEED20A4BC0F3090003EAD6
:108210008424204300F58030C9E70A2A94BFB7F8C8
:108220000300B7F80500BAE7B2F5806FDBD2044669
:10823000C4E700BF00FC0F00FFF776BF2DE9F8434D
:10824000DDE90898BBB105460C4616465F1802E00A
:10825000C847BC420FD02B6821461B6932462846CE
:10826000984703464246204631460134002BEFD161
:108270001846BDE8F88301231846BDE8F88300BF1F
:1082800010B41468B4F5807FA44628BF4FF4807CF6
:1082900001EB4C00814207D231F8023B13B953681D
:1082A000013353608842F7D8A4EB0C0414605DF8E6
:1082B000044B704710B41468802CA44628BF4FF0BC
:1082C000800C01EB8C00814207D251F8043B13B9BA
:1082D0005368013353608842F7D8A4EB0C04146050
:1082E0005DF8044B704700BF2DE9F843C379202B9C
:1082F00004460D46174653D0102B2AD00C2B4BD1D9
:10830000027A8369C1F34E0111FA85F1A2F10202EA
:108310008EB2B2FA82F2C1F3462101EB0308520990
:1083200000F50E79520041464846FBF741FE98B3EE
:10833000C6F30806731CB3F5007F865D1ED0184493
:108340000378EA0746EA03234CBF1B09C3F30B0378
:108350003AE0027A8369A2F10202B2FA82F2C1F330
:10836000072152095200194400F50E70FBF720FE58
:1083700090B16D0005F4FF75435B25E0227AA2F110
:108380000202B2FA82F2520908F101014846520093
:10839000FBF70EFE0028D3D14FF0FF30BDE8F88385
:1083A000027A8169A2F10202B2FA82F25209520003
:1083B00001EBD51100F50E70FBF7FAFD0028EBD0AC
:1083C000AD0005F4FE754359E2699A4226BF3B6051
:1083D00001200020BDE8F8832DE9F843C379202B64
:1083E00005460C46164648D0102B2DD00C2B41D1FB
:1083F000C1F34E01836911FA84F11FFA81F8C1F3C8
:108400004621CF18037A00F50E79022B14BF012202
:10841000032239464846FBF7CBFD58B314F001045C
:10842000C8F308033FD0C25C02F00F0242EA061212
:10843000C2540133B3F5007F3AD0C6F30712184493
:1084400002700120BDE8F883027A8369022AC1F331
:108450000721194400F50E7014BF01220322FBF717
:10846000A7FD034630B1640004F4FF7401201E53DD
:10847000BDE8F8830020BDE8F883037A8169022B08
:1084800014BF0122032201EBD41100F50E70FBF79B
:108490008FFD03460028EDD0A40004F4FE740120F3
:1084A0001E51BDE8F883C6540133B3F5007F14D1E3
:1084B0002B7A022B14BF01220322791C4846FBF7BA
:1084C00077FD0028D6D0C6F30712002CB8D1037868
:1084D00023F00F0343EA1212B2E7C6F3071218445F
:1084E000F5E700BF2DE9F041C4688C4282B0054633
:1084F0000E4690462EBF01270C460027EB6901343B
:10850000A34201AA284605D29FBBEC6801273C4440
:10851000A3422ED3A64221462BD0012C29D9FFF706
:10852000E3FE002825DBE9D0019B002BE6D107B153
:10853000EC60EB69A3421CD36FF0704221462846E1
:10854000FFF74AFF0746A0B13EB96B6A002B01DB7B
:10855000013B6B62C8F800400CE0012E09D0EB69CA
:108560009E4206D8314622462846FFF735FF0028AE
:10857000EBD10027384602B0BDE8F08101290CD9C3
:1085800010B4C4698C4203D35DF8044BFFF7ACBE52
:108590004FF0FF305DF8044B70474FF0FF307047ED
:1085A00001290BD910B4C4698C4203D35DF8044B84
:1085B000FFF712BF00205DF8044B704700207047A2
:1085C00070B5054682B00C461DE0EB699C421FD891
:1085D000FFF78AFE0646002E21464FF0000228468D
:1085E00016DBEB699C4213D8FFF7F6FE80B16B6A8D
:1085F000002BA4BF01336B62EB68621EA34288BFED
:10860000EA60019C2EB1012C214601AA2846DCD843
:10861000002002B070BD00BF2DE9F0470646406A59
:10862000002884B01CDAF2790C2A1CD1F7697B1C73
:10863000022B98BF002013D902240025214602AA4C
:108640003046FFF751FE002804F1010306DB57D145
:10865000A7425CD0F26993421C46EFD94FF0FF303D
:1086600004B0BDE8F087F36996F838123469013335
:108670000020CDE90230CB0700F1848000214FF0CB
:10868000FF33202A86F83812C6F8443206F51277EE
:1086900041D0D6F800804B4BD8F80020D6F818A06F
:1086A00095699D4277D1002C00F081800AEB040986
:1086B000136951463A46404698470028CED0029961
:1086C000B1F5807F8E4628BF4FF4807E07EB4E0CBD
:1086D000BC450BD9039D3B46002233F8024B0CB935
:1086E000013502469C45F8D802B103950AF1010A0A
:1086F000A1EB0E01D145029159D0D8F80020D7E75F
:10870000029A002AA4D1A74205F10105A2D1284668
:1087100004B0BDE8F087D6F800A02A4BDAF80020B4
:10872000D6F8189095699D4246D1002C3FD009EBB0
:108730000408136949463A465046984700288DD0A8
:10874000DDF808C0BCF1800FE64628BF4FF0800E70
:1087500007EB8E02BA420BD9039D3B46002153F82A
:10876000044B0CB9013501469A42F8D801B1039582
:1087700009F10109ACEB0E03C845029317D0DAF8F2
:108780000020D6E706F50E70FBF7E6FB00283FF465
:1087900065AFF27972E723460B4C3A4651464046A4
:1087A000009402AC0194A84700283FF457AF039807
:1087B000706204B0BDE8F08723463A46034C494650
:1087C0005046EDE73D82030081820300B58203003D
:1087D00070B504460023012015464FF0FF3221609A
:1087E000E371E06004F12806E162C4F83C1284F809
:1087F000283084F838326263C4F84422CDB1042DA5
:1088000001D9002070BD19461A463046FBF7D0FB4F
:1088100005F18055013D00F5DF73290103EB0515D6
:108820000028EED02A79002AEBD05B5C5B06E8D109
:10883000AD68002229463046FBF7BAFB0028E0D09D
:10884000B0F80B30B3F5007FDBD1037C2372013B22
:10885000012BD6D8467B2671731E0022012E637130
:10886000A2710ED0012213465B00DBB29E4202F1E0
:10887000010105D0CAB2092AF6D10823A371C0E7C5
:10888000A271C68A26610EB9466A2661C189B0F80E
:10889000113063812944A16190F810C05B0106FB8F
:1088A0000C1103F2FF1301EB53232162B0F81310F4
:1088B000636101B9016AED1A6B18D3405A1CE26179
:1088C0004FF0FF32626240F6F47293420CD94FF6D9
:1088D000F47293420AD9C36A23622023E3712663A8
:1088E000C4F84062012070BD0C23F7E71023F5E7C0
:1088F000F8B58F6B00260D4604468663C6639FB1AC
:108900000146242000F0C8F806808670AD6BA06395
:1089100084460FCDACE80F000FCDACE80F002B68FC
:10892000CCF800302046F8BDCB6B002BFAD00146C6
:10893000382000F0B1F880F831704786E96BE063C9
:10894000342204F039FC2046F8BD00BF10B50446BF
:10895000806B10B1FDF7A2FD30B9E06B10B1FBF7F1
:10896000F1FC20B9002010BD0023A36310BD00233B
:10897000E36310BD002952D02DE9F0410446806B1D
:1089800017461E460D4610B1FDF788FDA0BBE06BF3
:1089900010B1FBF7D7FCB8BBD5F88084B8F1000F55
:1089A00011D02146242000F077F8334600260680B7
:1089B0008670D5F88014A0633A46FDF72FFF58BBA8
:1089C000A063BDE8F081D5F8843493B12146382006
:1089D00000F062F880F83180A0F83280D5F8841475
:1089E000E06333463A46FCF7D1F8A8B9E063BDE846
:1089F000F0810020BDE8F081D5F880840023A363D6
:108A0000B8F1000FCDD1DEE7D5F880840023E36311
:108A1000B8F1000FC5D1D6E70120BDE8F0810020F4
:108A2000704700BFF8B50446806B0D46164610B17E
:108A3000FDF734FD38BBE06B10B1FBF783FC38BBAE
:108A4000AF6B77B12146242000F026F80021018089
:108A50008170A063A96B3246FEF70EFA88B9A06355
:108A6000F8BDE86B0028FBD02146382000F014F850
:108A700080F831704786E063E96B3246FCF78EF888
:108A800020B10120F8BD0023A363D9E7E063F8BD5E
:108A90000023E363D4E700BF084670472DE9F041A7
:108AA00000260446C0F88814C0F8806401464FF4DC
:108AB000906098461746FFF7EFFF80F8446480F80F
:108AC0007964A0F87A64D4F88814C4F8840442461F
:108AD0000546FDF7A7FB98BB00262146C4F8846431
:108AE00040F26C40FFF7D8FF0223C671A0F848643B
:108AF00080F84A640372D4F88814C4F880044246AB
:108B00000546FFF765FE30B9194B00201860C4F820
:108B10008004BDE8F08105F589663046FDF7BEFCAE
:108B200029463046FDF7B0FE0028EDD0114B1A68FB
:108B3000AAB91D600E4BAFB11C600120BDE8F081E9
:108B400005F589663046FBF7FDFB29463046FBF705
:108B500027FC0028C0D0084B1A68002AE9D0044B33
:108B6000002FE9D11A68002AE6D00120BDE8F08183
:108B7000641DFF1F601DFF1F5C1DFF1F70B50446B5
:108B8000002060602073A064E0642046044D4FF430
:108B90007A76A66040F8105BFFF7ECFE204670BDC9
:108BA000C40D05000020704700207047002070476A
:108BB000704700BF054B064900229A63186B086096
:108BC0000448096819630270704700BF00100B4029
:108BD000AC1DFF1FA81DFF1F034B586A80F080705B
:108BE000C0F30060704700BF00100B40014B1878C5
:108BF000704700BFA81DFF1F2B4B4FF47A7202FB7A
:108C000000F0984230B547D8284C082101239C46F3
:108C10005B001A01B4FBF2F2824201D90139F6D1AC
:108C2000224AB2FBF3F282423AD94FEA0C2E1F4C91
:108C30004FEA430C012200E08C46B4FBFCF1814278
:108C4000154603EB0C0102F1010222D9102AF3D1DF
:108C50004EF0F0011648174A4FF47A7303FB0CFCF0
:108C6000124BB3FBFCF30360D36A23F00803D36217
:108C7000D36A23F47F2323F47F630B4343F46023FD
:108C8000D362536A1B07FCD5D36A43F00803D3624F
:108C900030BD4EEA0511DDE74FF0000E0123C6E7B7
:108CA0004FEA0C219C46D5E7DF707200000E2707C3
:108CB0006C1DFF1F00100B40014B1878704700BF60
:108CC000A407FF1F014B1868704700BFAC1DFF1FB2
:108CD00008B508461022024904F06EFA012008BDCA
:108CE0007C1DFF1F08B508461022024904F064FAF3
:108CF000012008BD8C1DFF1F024B1B680B6001206B
:108D0000704700BF9C1DFF1F704700BF10B50C21AE
:108D1000044604F0A9FB204610BD00BF044B1B789D
:108D200023B1044B18780230C0B27047012070475D
:108D3000701DFF1F781DFF1F184B1A7812F0C0021C
:108D40000FD0402A01D000207047587ADA79197A7A
:108D5000013002F03F0300EB034000EB01208002F2
:108D600070475A7A93F806C0D879597910B502F04D
:108D700003029C7A93F808E00CF0030C5300800087
:108D800043EAD41340EA8C2001F00F0240EA9E101F
:108D90001344073B0130984010BD00BF8C1DFF1FDE
:108DA0002DE9F04104F08CFC174E184DDFF874806B
:108DB000074604E004F084FCC01B40451BD8346B1C
:108DC0002C40F7D0124A134B00211170326B1A60FD
:108DD0001A6832631A68104B1A4209D00F49104BB7
:108DE0001F2040F27A2208701A600020BDE8F0814E
:108DF0000120BDE8F081064A064B1470326B1A6000
:108E00001B683363EAE700BF00100B4002007F11CC
:108E1000791DFF1FAC1DFF1F00007F11A407FF1F5E
:108E2000741DFF1F40420F002DE9F843264C2378A4
:108E30000E46002B37D1254B5A6AD2052AD5234D31
:108E4000DFF89480AB6A43F48033AB6204F038FC03
:108E5000074604E004F034FCC01B404529D86B6A87
:108E600013F48069F6D0194806F13C0C06F50F762C
:108E7000436A5B05FCD5ACF1400353F8042F026252
:108E80009C45FAD10CF1400CB445F1D10120207081
:108E9000BDE8F8839A6A22F480329A629A6A42F4B0
:108EA00000329A62CBE7FFF77BFF0028C3D1BDE811
:108EB000F8830749074B21204FF47E7208701A602F
:108EC0004846BDE8F88300BF791DFF1F00100B4026
:108ED000A407FF1F741DFF1F40420F002DE9F04142
:108EE0000746884604F0ECFB174D184E044604E094
:108EF00004F0E6FB031BB34222D86B6AD907F7D410
:108F0000C5F80880EF6004F0DBFB0F4D104E0F4FEB
:108F1000044604E004F0D4FB001BB84210D82B6BCD
:108F20003342F7D00B4B2A6B1A601A682A631A680F
:108F3000D20705D51B6813F4702F01D1012000E082
:108F40000020BDE8F08100BF00100B4040420F0040
:108F500001000F00AC1DFF1F10B5154B84B00C466F
:108F60001968FFF7BBFF08B3124B1A6900925969E1
:108F7000019199690291DB69039304F10F0E0023BB
:108F800001E05CF8102C03F0030C4FEACC0C013329
:108F900022FA0CF223F0030C0CF110010F2B0EF847
:108FA000012D0DEB010CECD10023E37304B010BDD7
:108FB000A01DFF1F00100B4008B5044B04481968A2
:108FC000FFF78CFF08B1034B186908BDA01DFF1FF8
:108FD00000001A0D00100B4008B5074B0748196830
:108FE000FFF77CFF30B1064B186980F48070C0F346
:108FF000002008BD012008BDA01DFF1F00001A0DA4
:1090000000100B402DE9F047DFF8C4A0274BCAF849
:109010000030894604F054FB254E264DDFF8B4801D
:10902000254F044606E004F04BFB001BB84228D84D
:1090300006F084FF31682846FFF750FF0028F2D081
:10904000D8F81030DB05EED50023CAF80030D8F888
:1090500028301A4A1A4923F48033C8F82830137884
:10906000C8F80410CBB117484946FFF737FF30B9AD
:109070001549164B0E2440F257420C701A60BDE899
:10908000F087114A114B0A210020117040F24B4227
:10909000CAF800001A60BDE8F0874FEA492909487C
:1090A0004946FFF71BFF0028E9D1E1E7D98F03000C
:1090B000A01DFF1F00001A0D40420F00781DFF1F6A
:1090C0000002FFFF22003A19A407FF1F741DFF1FB3
:1090D000A41DFF1F00100B402DE9F041254C264830
:1090E000A36A23F480330021A362FFF7F7FE05464D
:1090F00048B92249224B092040F23D2208701A60EB
:109100002846BDE8F081DFF884801E4BC8F80030A7
:1091100004F0D6FA636A0646D80118D41A4F04E060
:1091200006F00CFF636AD90111D404F0C9FA831B5D
:10913000BB42F5D9114A124B0A21002511704FF498
:109140001072C8F800501A602846BDE8F081094B3B
:109150000022C8F800205A6A9207D1D5586B9A6A43
:10916000D96A22F4803241F08061D96258639A62F0
:10917000C6E700BF00100B400000DB0CA407FF1F78
:10918000741DFF1FD98B030040420F00A41DFF1F59
:1091900070B5017A11F0010105D0214B1B6853B362
:1091A000BDE8704018471F4B1C78E4B11E4D1F4AA4
:1091B0002E6B3240002A2FD06A68120C1204C2B9FA
:1091C00041721970AB6A1A4823F48033AB62FFF71F
:1091D00085FE08BB1749184B092040F2D3320870AE
:1091E0001A60214605E0104B596A81F08071C1F385
:1091F0000061084670BD114B19780029F9D0104B59
:1092000010481968FFF76AFE30B1074B196981F4FD
:109210008071C1F30021ECE70121084670BD00BF59
:10922000A41DFF1F791DFF1F00100B4002007F11BE
:109230000000DB0CA407FF1F741DFF1F681DFF1F2C
:10924000A01DFF1F00001A0D2DE9F0478246894638
:1092500004F036FA354E364DDFF80081354F0446BE
:1092600004E004F02DFA031BBB4227D831682846DE
:10927000FFF734FE0028F4D0D8F81030DA05F0D526
:109280002D4D2E4E2E4A01232B7000202D4B306089
:109290005146C8F800902C48C8F80420C8F8383067
:1092A000FFF71CFE0446A0B92849294B042040F2D0
:1092B0009F1208701A602046BDE8F0872349244BAE
:1092C0000A204FF4CC7208701A6000242046BDE8D2
:1092D000F087DFF88C901F4BC9F8003004F0F0F9EC
:1092E0002B780746BBB1DFF84C8003E006F026FE82
:1092F0002B7883B104F0E4F9C31B4345F6D900236E
:10930000C9F800301149124B25204FF4D172087072
:109310001A600024DAE7336800229B07C9F80020AE
:10932000F0D532680C4B1A42D0D0EBE7A01DFF1FDE
:1093300000001A0D40420F00A81DFF1FAC1DFF1FAB
:109340004000010002007F1111003A06A407FF1F30
:10935000741DFF1FED8B030000007F1100100B40F8
:10936000A41DFF1F2DE9F041324CA37A13F04000F9
:10937000154612D1E27A03F03F035B006C1C43EA0E
:10938000D2130C43234208D02B492C4B272440F204
:1093900002320C701A60BDE8F081294B1B780BB9C2
:1093A00049026D022748FFF799FD40B92249234B36
:1093B0000F2440F20A320C701A60BDE8F081224896
:1093C0002946FFF78BFD40B91B491C4B102440F286
:1093D0000D320C701A60BDE8F0811C480021FFF7C7
:1093E0007DFD38B91449154B11244FF444720C70AB
:1093F0001A60E2E704F064F9154E164DDFF85C8060
:10940000154F044631682846FFF768FD18B1D8F8B3
:109410001030DB05D1D404F053F9001BB842F1D968
:109420000549064B282040F2133208701A600020CC
:10943000C3E700BF8C1DFF1FA407FF1F741DFF1F84
:10944000781DFF1F00001A2000001A2100001B26B3
:10945000A01DFF1F00001A0D40420F0000100B401E
:109460002DE9F04F83B00190900701D11D465BB903
:109470003E493F4B252040F2F51208701A60002447
:10948000204603B0BDE8F08F14463A4A3A4B1360C9
:109490000E4604F015F9DFF8FC90DFF8FC80DFF8E9
:1094A000FCB0DFF8FCA0074606E004F009F9C01B99
:1094B00050452BD806F042FDD9F800104046FFF782
:1094C0000DFD0028F1D0DBF81030DA05EDD5294983
:1094D0002A4F2B482D0400220A6045F400732949C5
:1094E000294D4FF0010C87F800C02A60CBF80040EE
:1094F000CBF804300B78CBF8380093B101983146A3
:10950000FFF7ECFC044670B90024B9E7174A184B82
:1095100018480A21002411704FF4FC7204601A608C
:10952000AEE77602EAE7134A184B136004F0C8F876
:109530003B7806467BB1DFF8688003E006F0FEFC6E
:109540003B7843B104F0BCF8801B4045F6D9094B89
:1095500000241C6094E72B68064900229B070A60E0
:10956000D2D52A680A4B1A428AD0CDE7A407FF1F3A
:10957000741DFF1FA41DFF1FD98F0300A81DFF1F0F
:1095800002007F11781DFF1FAC1DFF1FED8B030034
:1095900000007F11A01DFF1F00001A0D00100B40DE
:1095A00040420F00F8B50646007AC0070C46154643
:1095B0001F4613D483B10F4401E0BC420CD0336882
:1095C0002A4621461B6930469847013405F5007547
:1095D0000028F2D10020F8BD0120F8BD900712D07C
:1095E000002BF9D00F4401E0BC42F5D033682A4685
:1095F00021461B6930469847013405F5007500285F
:10960000F2D10020E7E70648FFF72AFF0028E3D160
:109610000449054B0C2440F2A1320C701A60F8BDCD
:1096200037003A12A407FF1F741DFF1FF8B5064646
:10963000007AC0070C4615461F4613D483B10F4469
:1096400001E0BC420CD033682A4621465B6A3046B2
:109650009847013405F500750028F2D10020F8BDC7
:109660000120F8BD900712D0002BF9D00F4401E083
:10967000BC42F5D033682A4621465B6A304698479B
:10968000013405F500750028F2D10020E7E706480F
:10969000FFF7E6FE0028E3D10449054B0E2440F213
:1096A0003D420C701A60F8BD27003A19A407FF1F4D
:1096B000741DFF1F2DE9F04FA24C01720023A24937
:1096C000DFF8DC82A14FA24E4372237088F800308D
:1096D0003B703370D1F800389E4A9F4D43F0406391
:1096E000C1F80038136B43F4003313639B4B40F213
:1096F00003121A605A609A60DA601A615A61EB6A62
:1097000043F0807343F4004391B0EB62EB6AD901FC
:10971000FCD44FF4C870FFF76FFA904B904940F2B9
:1097200043424FF488601A605A609860DA605120B2
:109730001A615A6169638B4903F0C6FE8A4A4FF089
:10974000E023602182F851104FF40032C3F8082161
:10975000EB6A43F00063EB627F4BD96A11F0006162
:10976000FBD10846FFF7BAFB054648B97F4B0121FC
:1097700040F28E2221701A60284611B0BDE8F08FA9
:10978000DFF8209203254FF4D5714846FFF7A6FB7A
:10979000002846D1013DF6D13278754B002A14BF1E
:1097A0009A464FF4401A03F08BFF724EDFF8F8B17F
:1097B000DFF8F891054600213046FFF78FFB50B9DE
:1097C0006A4B002517214FF42A72284621701A602F
:1097D00011B0BDE8F08F51465846FFF77FFB0028D7
:1097E000EED003F06DFF401B48455B4BE8D81A698B
:1097F000002AE0DA604A196911601B695F485A0063
:1098000048BF01234FF0000148BF3B70FFF766FBE4
:109810000546C0B9554B022140F2B12221701A60B1
:10982000AAE74D4B1B69B3F5D57F07D04F4B0621F7
:109830004FF4257221701A6000259DE70123DFF89F
:1098400030A13370AFE74E480021FFF747FB0546D4
:1098500030B9464B03214FF42D7221701A608BE70B
:109860003D4E484F3369484948481B0C1B043B6038
:10987000FFF772FB054630B93C4B072140F2B92295
:1098800021701A6078E742494248FFF765FB0546B8
:1098900030B9364B08214FF42F7221701A606BE7F4
:1098A00039683D48FFF71AFB054630B92F4B0521B3
:1098B00040F2BF2221701A605EE739682D48FFF739
:1098C0000DFB38B9294B142140F2C32221701A60D4
:1098D000002551E731480221FFF700FB054600282B
:1098E000F0D0B36A23F00603B362B36A43F0020315
:1098F000B3624FF01013736469466FF07F40FFF757
:10990000A3FC18B19DF80D309B0751D446F2A81066
:10991000124C40F2031323606360A360E360236191
:109920006361FFF769F940F243434FF488622360B3
:109930006360A2600122E3602361636188F8002014
:109940001AE700BFA407FF1F00D00040781DFF1FCB
:10995000701DFF1F0080044000100B4000D0044029
:109960000B007F11B58B030000E400E0741DFF1FA6
:109970000000304000001A379C1DFF1F0000090244
:1099800000001A03A01DFF1F8C1DFF1F0000090906
:109990007C1DFF1F0000090A00001B0700001A06BB
:1099A000681DFF1F00001A080000022940420F0036
:1099B0000A4E0B4894F8009037686946FFF744FC5C
:1099C0009DF8103018B103F00F03012B03D084F879
:1099D000009037609AE74CF2503099E7741DFF1FF2
:1099E000F1FFFF80374B5A6A92052DE9F0410E4690
:1099F0000DD49A6A22F480329A6272B69A6A42F45C
:109A000000329A629A6A42F480329A6262B603F035
:109A100057FE2C4FDFF8C480054604E003F050FEEB
:109A2000431B434537D87C6A14F40064F6D02548BC
:109A300006F13C0C06F50F76436A1B05FCD5ACF12C
:109A40004003026A43F8042F9C45FAD10CF1400C04
:109A50006645F1D103F034FE1A4F1B4DDFF87C80D0
:109A6000064604E003F02CFE831B43451DD83C6BE7
:109A70002C40F7D0154A3B6B136013683B631368A7
:109A800013F002031BD01268114B1A420CBF0120C5
:109A90000020BDE8F0810F490F4B1A2040F25632EA
:109AA00008701A602046BDE8F0810A490A4B1D2063
:109AB00040F2613208701A602046BDE8F081184615
:109AC000BDE8F08100100B4002007F11AC1DFF1FAC
:109AD00000007F11A407FF1F741DFF1F40420F00ED
:109AE0002DE9F047DFF8C4A0274BCAF800308946BB
:109AF00003F0E6FD254E264DDFF8B480254F0446E1
:109B000006E003F0DDFD001BB84228D806F016FA87
:109B100031682846FFF7E2F90028F2D0D8F8103073
:109B2000DB05EED50023CAF80030D8F828301A4AF1
:109B30001A4943F48033C8F828301378C8F8041061
:109B4000CBB117484946FFF7C9F930B91549164B4B
:109B50000C2440F2BD320C701A60BDE8F087114A47
:109B6000114B0A210020117040F2B132CAF80000F6
:109B70001A60BDE8F0874FEA492909484946FFF7CE
:109B8000ADF90028E9D1E1E7D98F0300A01DFF1F3F
:109B900000001A0D40420F00781DFF1F0002FFFF5A
:109BA00032003A12A407FF1F741DFF1FA41DFF1FE0
:109BB00000100B402DE9F04100221D4C4272A36AB7
:109BC0001C4823F480330D46A3621146FFF786F943
:109BD00040B91949194B092440F2D3320C701A606C
:109BE000BDE8F081002DFBD0154F164B3B6003F014
:109BF00067FD636ADA01064616D4DFF84C8004E09C
:109C000006F09CF9636ADB010ED403F059FD801B5A
:109C10004045F5D9084A094B0A210020117040F24D
:109C2000D73238601A60DBE700233B602846D7E76D
:109C300000100B400000DB0CA407FF1F741DFF1F6A
:109C4000A41DFF1FD98B030040420F000A4B1B7855
:109C500010B504461BB9637A43B9012010BDFFF764
:109C60009FF80028FAD0637A002BF6D02046012115
:109C7000BDE81040FFF79EBF791DFF1F2DE9F0439F
:109C8000047A14F00104ADF5017D0E4617461DD08F
:109C9000930713D1444801233A463146FFF7E0FBCE
:109CA000044630B94149424B0D2040F21142087040
:109CB0001A6020460DF5017DBDE8F0831146684627
:109CC0004FF4007203F078FA6F46E3E7DFF8E880BC
:109CD00098F8003005461BB1FFF762F80028E8D07D
:109CE000344B5B681B0C1B04002B36D12B68DFF850
:109CF000CC901B6A4B4551D198F800300BBB6B7A66
:109D00002BBB98F80020002A35D1002B3FD12B68BF
:109D100031461B6E284698470028CAD002236E6041
:109D20006B722B683946DB6D284698470028C0D0F7
:109D30006B680446013320466B600DF5017DBDE87C
:109D4000F083FFF72DF80028B3D06B7A53B10121CF
:109D50002846FFF72FFF0028ABD06B7A022B12D0DA
:109D6000DFF858902A68126A4A45CAD028469047B8
:109D700000289ED0CBE7FFF713F8002899D06B7A24
:109D8000002BC4D003E06A68B242E9D1C9E70121DF
:109D90002846FFF70FFF00288BD0B8E728469847E2
:109DA000002886D0D9E700BF01003A18A407FF1F9A
:109DB000741DFF1F00100B40791DFF1F4D9C0300F9
:109DC0002DE9F0410446007A10F00105ADF5007D63
:109DD000164613D0930750D0444801236A46FFF734
:109DE0003FFB00284ED04FF400726946304603F026
:109DF000E3F928460DF5007DBDE8F081DFF800812C
:109E000098F800300F46002B49D1637A012B4DD0D2
:109E100022683749126A8A425ED198F80020002AE7
:109E200048D1002B4DD139462046FFF759FE88B363
:109E300001236760637231462046FFF7D3FD064673
:109E400040B32C4B5B681B0C1B048BB92368284A5E
:109E50001B6A934245D198F8003013B1FEF7A0FF7A
:109E6000C0B1637A23B101212046FFF7A3FE88B178
:109E700063680133354663600CE01C480123FFF73B
:109E8000EFFA38B91C491D4B0B204FF45D72087076
:109E90001A60002528460DF5007DBDE8F081FEF72B
:109EA0007FFF0028F6D0637A012BB1D16268BA42F5
:109EB000AED1C0E7FEF774FF0028EBD0637A002B29
:109EC000B1D001212046FFF775FE0028ABD128460E
:109ED0000DF5007DBDE8F081204690470028F6D0C2
:109EE000A1E7204698470028D4D0C1E711003A11D5
:109EF0004D9C030000100B40A407FF1F741DFF1FA3
:109F0000791DFF1F4FF0FF30704700BF407B704747
:109F1000007C7047407C704701207047007E70478E
:109F2000704700BF043000F0E5BF00BF10B51C2132
:109F3000044603F099FA204610BD00BF2DE9F04118
:109F4000C37B012B35D0867B04464EB1043000F034
:109F5000D5FFB0F1FF0518BF01252846BDE8F08107
:109F6000071D384600F044FF207B314600F03EFFDD
:109F70004FF00108FF21384600F0E0FF84F80E8022
:109F8000384600F0BBFFA37BB0F1FF0518BF0125E9
:109F9000002BE2D0207B414600F028FFFF2138460D
:109FA00000F0CCFF384600F08BFFA6732846BDE8D2
:109FB000F08100252846BDE8F08100BF2DE9F04181
:109FC000264F82B03B680193019D05F516758046CA
:109FD000ADB2061D05E03B680093009BEB1A1B0425
:109FE00013D4304600F08AFFFF280446F3D1FD2148
:109FF000304600F0A3FF98F80E30FBB9002388F834
:10A000000F30012002B0BDE8F08198F80E001E2349
:10A0100088F80D300028F5D098F80C00012100F0E8
:10A02000E5FEFF21304600F089FF304600F048FF92
:10A03000002088F80E0002B0BDE8F08198F80C000E
:10A04000012100F0D3FE2146304600F077FF304674
:10A0500000F036FF002388F80E30CFE70C1FFF1FFB
:10A060002DE9F043234F83B03B680093009D05F535
:10A070009675044688469146ADB2061D05E03B68DC
:10A080000193019BEB1A1B040ED4304600F036FFFF
:10A09000FF282074F3D0FE281BD01823A07B637305
:10A0A00038B903B0BDE8F083A07B1D23637300289B
:10A0B000F7D0207B012100F099FEFF21304600F00F
:10A0C0003DFF304600F0FCFE0020A07303B0BDE869
:10A0D000F0834A464146304600F01EFF207438B9EE
:10A0E000304600F00BFF304600F008FF0120D8E7B3
:10A0F0002523D3E70C1FFF1FF0B5002783B0C773DC
:10A100003A460C21044600F059F8A67BA8B91EB9BE
:10A110000126304603B0F0BD05460121207B00F04A
:10A1200065FE201DFF21019000F008FF019800F05E
:10A13000C7FE3046A57303B0F0BD09236373002E3C
:10A14000E7D0207B251D012100F050FEFF2128468D
:10A1500000F0F4FE284600F0B3FE3E463046A773FA
:10A1600003B0F0BDC27B022A03D0012A04D0012033
:10A17000704703685B6E1847FFF7BEBF38B50368CA
:10A180000D461A6A0C498A4204460CD1C27B022A47
:10A1900004D0012A0BD02576012038BD5B6E98478C
:10A1A0000028F8D138BD90470028FBD0F3E7FFF72F
:10A1B000A3FF0028F6D0EEE765A103002DE9F041EA
:10A1C000036884B00F46019236491A6A8A420646ED
:10A1D00062D1C27B022A45D0012A5FD0B47B002C19
:10A1E0004BD0351D0C2F15D0DFF8BC80D8F80030CF
:10A1F0000393039C04F59674A4B206E0D8F80030EB
:10A200000293029BE31A1B0434D4284600F076FE26
:10A21000FF28F3D147F04001284600F08FFE0DF1F2
:10A22000040802AC14F8011D284600F087FEA04582
:10A23000F8D1002F0CBF95218721284600F07EFE23
:10A24000284600F05BFE0A24284600F057FE013C39
:10A2500010F0800F3074A4B201D0002CF4D104B0FF
:10A26000BDE8F0815B6E98470028B7D1FF2004B0AD
:10A27000BDE8F081002FCDD0F8E7351D284600F06D
:10A28000B7FD307B214600F0B1FDFF21284600F0EC
:10A2900055FE0123B373A5E79047E5E7FFF72CFFD1
:10A2A000E2E700BF65A103000C1FFF1F2DE9F04787
:10A2B00088B001AC84E80E00054600269DF8040035
:10A2C0002873AE736E736E74904600F08BFD287B1E
:10A2D000012100F08BFD754AAA6094E8070005ABE8
:10A2E00083E807002F1D0ECB384600F0BDFDAC7B88
:10A2F000EE73002C67D0287B012100F077FD0A2443
:10A30000FF21384600F01AFE611E11F0FF04F7D15C
:10A310002146287B00F06AFD0A24002211462846C7
:10A32000FFF74CFF0128064604F1FF330AD013F073
:10A33000FF04F2D10123A87B6B73002851D108B030
:10A34000BDE8F0874FF4D57208212846FFF736FFA5
:10A35000420756D56E742B68DFF860A19B6D53459C
:10A3600073D1687CDFF85891D9F800300493049ECB
:10A37000A0F10204B4FA84F4640906F5FA66A407AD
:10A38000B6B206E0D9F800300593059BF31A1B041A
:10A3900059D4372100222846FFF710FF22462921F1
:10A3A0002846FFF70BFF0028ECD12B689B6D534527
:10A3B00075D1687C022859D0AB7B002B48D13C4931
:10A3C0003C4800222FE0384600F012FD287B214651
:10A3D00000F00CFDFF21384600F0B0FD0123AB7307
:10A3E00089E7287B012100F001FDFF21384600F0BC
:10A3F000A5FD384600F064FD0020A87308B0BDE854
:10A40000F08702236B740424384600F077FD631E46
:10A4100013F0FF042874F7D1AA289CD006238AE7FA
:10A420000132172A40D031F8023BB0FBF3F3434529
:10A43000F6D8214B53F82230012043F06053AB6033
:10A4400008B0BDE8F087172375E72846984789E7E5
:10A45000287B012100F0CAFCFF21384600F06EFD88
:10A46000384600F02DFD0023AB73A8E700223A2107
:10A470002846FFF7A3FEA8B9384600F03FFD00F0DC
:10A48000C000C02804BF03236B74384600F036FDBB
:10A49000384600F033FD384600F030FD8CE72846A2
:10A4A000984787E7122346E71622C2E7065001388D
:10A4B000AC12050000879303DC120500159F030012
:10A4C0000C1FFF1FF8B500220D463A210646FFF784
:10A4D00075FEE0B9371D2C1D384600F00FFD04F85D
:10A4E000010DA542F8D1B47B14B901242046F8BD72
:10A4F000307B012100F07AFCFF21384600F01EFD80
:10A50000384600F0DDFC0023B3732046F8BDB47B71
:10A5100012237373002CE9D0341D307B012100F02D
:10A5200065FCFF21204600F009FD2046002400F0D4
:10A53000C7FCB4732046F8BD70B5164682B0002241
:10A540000446FFF73BFEA8B11B236373A07B08B949
:10A5500002B070BD207B251D012100F047FCFF21CA
:10A56000284600F0EBFC284600F0AAFC0020A0736F
:10A5700002B070BD0546102231462046FFF770FD3F
:10A580000028E3D0A67B002EE2D0207B012100F042
:10A590002DFC201DFF21019000F0D0FC019800F05F
:10A5A0008FFC3046A57302B070BD00BF00B50368D4
:10A5B000244ADB6C934285B00FD16A460921FFF72C
:10A5C000BBFF38B19DF8003013F0C00308D0402B1A
:10A5D00027D0002005B05DF804FB69469847F0E7F6
:10A5E0009DF809309DF80A209DF806109DF8070097
:10A5F0009DF808C003F003035B0043EAD2139DF803
:10A60000052001F00301800040EA812002F00F02E2
:10A6100040EA9C101344073B0130984005B05DF8B8
:10A6200004FB9DF809009DF807309DF8082003F011
:10A630003F03013000EB034000EB0220800205B035
:10A640005DF804FBDDA9030030B50368164D9B6D72
:10A65000AB4283B004460A4621D1407C032818BF90
:10A66000520212212046FFF7A9FD18B90120E0731C
:10A6700003B030BDA07B0C2363730028F8D0207B8F
:10A68000251D012100F0B2FBFF21284600F056FCF9
:10A69000284600F015FC0020A07303B030BD0191E6
:10A6A0009847019ADAE700BF159F0300F8B5064600
:10A6B000C07B01280D4614461F4602D173698B42A8
:10A6C00005D029463046FFF7BFFF80B175610025F0
:10A6D00017B90EE0AF420CD021464FF4007230465D
:10A6E000FFF7BEFC013504F500740028F2D100200C
:10A6F000F8BD7369307E3B4473610028F8D1304661
:10A70000BDE8F840FFF7F8BC2DE9F84F9B46C37B46
:10A71000DDF82890DDF82C80012B06460C46154606
:10A7200002D143698B4205D021463046FFF78CFFAA
:10A73000B0B1746104EB0B0ABBF1000F03D112E05E
:10A74000C847A2450FD04FF4007229463046FFF7A4
:10A7500087FC07464246204629460134002FEFD1A8
:10A760000020BDE8F88F7369307E5B447361002878
:10A77000F7D13046BDE8F84FFFF7BEBC03682DE9BE
:10A78000F0415F69164B9F421FD1C37B012B0446EA
:10A790000D46164602D14369994205D02946204606
:10A7A000FFF752FF70B165614FF4007231462046E9
:10A7B000FFF756FC30B16369207E0133636148B115
:10A7C000BDE8F0810020BDE8F081BC460123BDE872
:10A7D000F04160472046BDE8F041FFF78DBC00BF67
:10A7E000ADA6030030B50368164D9B6DAB4283B038
:10A7F00004460A4622D1407C032818BF5202192180
:10A800002046FFF7DBFC20B90223E373012003B0ED
:10A8100030BDA07B0E2363730028F8D0207B251D5C
:10A82000012100F0E3FAFF21284600F087FB2846CB
:10A8300000F046FB0020A07303B030BD01919847A3
:10A84000019AD9E7159F03002DE9F04303681746E5
:10A85000DB6C434A934287B005460E4646D102AAB6
:10A860000921FFF769FE0446C4B19DF812305A066B
:10A870001AD56B7C032B18BF760232464FF02001AD
:10A88000284618BF7F02FFF799FC28B93A462121D4
:10A890002846FFF793FC68B326236B73AC7B9CB907
:10A8A000204607B0BDE8F0839DF8132003F03F0376
:10A8B0005B0043EAD2137A1C32431342D9D0AC7BFB
:10A8C00027236B73002CEBD02C1D287B012100F07B
:10A8D0008DFAFF21204600F031FB204600F0F0FA0F
:10A8E00000242046AC7307B0BDE8F08302A9984766
:10A8F0000446B9E7024626212846FFF75FFC0028F8
:10A90000CAD1DFF86080D8F800300193019F07F5C5
:10A910001C57103705F10409BFB206E0D8F8003023
:10A920000093009BFB1A1B0417D4484600F0E6FA7C
:10A93000FF280646F2D1AB7B002BB1D0287B01214A
:10A940001C4600F053FA3146484600F0F7FA4846F4
:10A9500000F0B6FA0023AB73A2E728236B739DE7E0
:10A96000DDA903000C1FFF1F70B5002282B00E4648
:10A970000A210446FFF722FCA8B11B236373A07BC6
:10A9800008B902B070BD207B251D012100F02EFA10
:10A99000FF21284600F0D2FA284600F091FA002064
:10A9A000A07302B070BD0546102231462046FFF765
:10A9B00057FB0028E3D0A67B002EE2D0207B0121AC
:10A9C00000F014FA201DFF21019000F0B7FA019861
:10A9D00000F076FA3046A57302B070BD70B5002263
:10A9E00082B00E4609210446FFF7E8FBA8B11B23FD
:10A9F0006373A07B08B902B070BD207B251D0121C7
:10AA000000F0F4F9FF21284600F098FA284600F0FB
:10AA100057FA0020A07302B070BD054610223146DF
:10AA20002046FFF71DFB0028E3D0A67B002EE2D0D6
:10AA3000207B012100F0DAF9201DFF21019000F0B8
:10AA40007DFA019800F03CFA3046A57302B070BD63
:10AA500070B5061D15460446304600F06FFA4FF4F7
:10AA600000722946304600F075FAFF21304600F0AA
:10AA700065FAFF21304600F061FA304600F03EFAF8
:10AA800000F01F03052B207404D0A07B20236373E8
:10AA900010B970BD012070BD207B012100F0A6F926
:10AAA000FF21304600F04AFA304600F009FA002053
:10AAB000A07370BD2DE9F0411A4D82B02B6801934F
:10AAC000019C04F5167407468846A4B2061D05E0ED
:10AAD0002B680093009BE31A1B040DD4304600F052
:10AAE0000DFAFF28F4D14246FC213846FFF7B0FFAB
:10AAF00020B102B0BDE8F08124237B73B87B00282D
:10AB0000F7D0387B012100F071F9FF21304600F0C9
:10AB100015FA304600F0D4F90020B87302B0BDE851
:10AB2000F08100BF0C1FFF1F70B5036816469B6DB8
:10AB3000214A934282B004460D463AD1407C032814
:10AB400018BF6D022A4618212046FFF737FB05463D
:10AB5000A8B10D236373A07B08B902B070BD207B40
:10AB6000251D012100F042F9FF21284600F0E6F9F9
:10AB7000284600F0A5F90020A07302B070BD32464F
:10AB8000FE212046FFF764FF0028E4D0A67B002EBC
:10AB9000E3D0207B012100F029F9201DFF21019045
:10ABA00000F0CCF9019800F08BF93046A57302B0A3
:10ABB00070BD9847C3E700BF159F030010B4047E23
:10ABC00034B10468A46A0123A4465DF8044B6047CD
:10ABD0005DF8044BFFF7A8BF2DE9F04F0746C07B97
:10ABE000022883B00C4690469A465CD03B682146CA
:10ABF0001B6E3846984700283BD07C61BAF1000FA5
:10AC000027D0DFF8B0B02A4D4FF000093E1D3B6859
:10AC1000DB6D5B4531D12B680193019C04F5167403
:10AC2000A4B205E02B680093009BE31A1B041CD41C
:10AC3000304600F063F9FF28F4D14246FC21384643
:10AC4000FFF706FF98B109F10109CA4508F5007838
:10AC5000DDD17B69387E53447B6158B93B685B6EBC
:10AC6000384603B0BDE8F04F184724237B73BB7B05
:10AC70004BB9002003B0BDE8F08F414638469847F5
:10AC80000028E0D1F5E7387B012100F0AFF8FF2183
:10AC9000304600F053F9304600F012F90020B87346
:10ACA00003B0BDE8F08F7B698B429FD1A6E700BF60
:10ACB0000C1FFF1FB5AA03002DE9F04F87B0804697
:10ACC0000193C37BDDF840B00392022B0F466CD09A
:10ACD000D8F8003039461B6E40469847002848D0C7
:10ACE000C8F81470039B6BB3039BDFF8CCA0314D05
:10ACF000FB18029308F10406019B59463846984711
:10AD0000D8F80030DB6D5345814636D12B6805936A
:10AD1000059C04F51674A4B205E02B680493049B0B
:10AD2000E31A1B041FD4304600F0E8F8FF28F4D1E2
:10AD30004A46FC214046FFF78BFEB8B1029B013723
:10AD4000BB42D9D1D8F81430039A98F818001344AC
:10AD5000C8F8143070B9D8F800305B6E404607B0C0
:10AD6000BDE8F04F1847242388F80D3098F80E30CE
:10AD70004BB9002007B0BDE8F08F01464046984728
:10AD80000028DBD1F5E798F80C00012100F02EF83F
:10AD9000FF21304600F0D2F8304600F091F8002054
:10ADA00088F80E0007B0BDE8F08F43698B428FD161
:10ADB00098E700BF0C1FFF1FB5AA030010B584B0B1
:10ADC0000DF1040C8CE80E009CE80E000446FFF721
:10ADD0006DFA20B19DF8053003F00103237604B02D
:10ADE00010BD00BF012102F02FBC00BF02F0E8BB84
:10ADF00030B403684268D97AD1B172B6D97ACC0737
:10AE000008D54FF0E024DD68D4F88001284098612F
:10AE1000C4F88001880708D54FF0E0241D69D4F8F4
:10AE200084012840D861C4F8840149070ED462B671
:10AE30001B68D968914207D0094C0A491C6042F04E
:10AE40008040DA601861196030BC70474FF0E02034
:10AE50005C69D0F8881121401962C0F88811E6E7D2
:10AE600001403F0000003F8010B584B004AC04E90D
:10AE70000E00044633B11846236004B0BDE810400C
:10AE800000F0A8B99DF804303E2B06D00A48206097
:10AE900004B0BDE8104000F09DB9084820603B2197
:10AEA00000F054FA20683D2100F0FEF920683C21B2
:10AEB00000F09EFA2068E0E7B01DFF1FE81DFF1FAD
:10AEC0000268D37AA3B1D80704D54FF0E021906986
:10AED000C1F80001990704D54FF0E021D069C1F80D
:10AEE00004015B0704D54FF0E023126AC3F8082180
:10AEF000704700BF006800F0ADB900BF026812687B
:10AF00004FF00041FF23D1625363D36A002BFCDA78
:10AF1000906BC0B2704700BF30B50C4683B0054699
:10AF2000FF212046019208F0FFFE2868019B22467F
:10AF3000214600F0B9FA002003B030BD03681A685A
:10AF40004FF00043D3625163D36A002BFCDA936B5A
:10AF5000704700BF30B5531EB3F5007FADF5017DDE
:10AF60001446054613D37AB10368481E196882183F
:10AF70004FF0004410F8013FCC624B63CB6A002BCA
:10AF8000FCDA90428B6BF5D10DF5017D30BD684642
:10AF900002F012F96A4628682346114600F084FA46
:10AFA0000DF5017D30BD00BF90F81CC04160BCF1C3
:10AFB000020FC26001D18368184701F019B800BFC1
:10AFC0002DE9F0410468E56815F0807F764D256035
:10AFD00048D1DD0700F1C98090F824601F4646EA99
:10AFE0000626002F00F0B08031B10E784D7846EA89
:10AFF000052676BA0231B6B2456895F808C0022F28
:10B000000CF1FF3C4FEA0C3C0CBF46F0805546F07B
:10B0100010451FFA8CFC6563023F09E012B10EF87F
:10B02000014B7246013B05F47045654516D904682D
:10B03000E56A15F0F00FF6D013F0010FA46B9646F9
:10B04000ECD1C4F307281AB10EF8028B5470724683
:10B0500005F470456545A3F10203E8D8002F73D0CD
:10B060000468C1E7DD075BD490F824701E46BFB2C8
:10B07000002E42D021B14D7811F8027B47EA052716
:10B08000456895F808C0022E0CF1FF3C4FEA0C3CD5
:10B090000CBF47F0805547F010451FFA8CFC6563E4
:10B0A000023E09E012B10EF8014B7246013B05F475
:10B0B0007045654516D90468E56A15F0F00FF6D0BD
:10B0C00013F0010FA46B9646ECD12AB10EF8024B97
:10B0D000C4F307245470724605F470456545A3F126
:10B0E0000203E8D84EB10468C4E72AB104F8021B91
:10B0F000C1F3072151702246023B7BB10168CC6A43
:10B1000014F0F00FF9D0DD07896B1446EDD512B1BC
:10B1100004F8011B2246013B002BEFD1BDE8F08172
:10B1200079B311F8015B012B18BF45F00045656349
:10B1300090F824705E1E9AE7C1F307251AB104F84F
:10B14000025B51702246023B002BE7D00168CC6ABB
:10B1500014F0F00FF8D0DE07896B1446ECD512B16D
:10B1600004F8011B2246013BEEE799B111F8015B9F
:10B17000012B18BF45F00045656390F824605F1E01
:10B180002DE790F82470012B1ABF47F00045656346
:10B190006763CFE790F82460012B1ABF46F00045A3
:10B1A00065636663EBE700BF00041F8010B40024F2
:10B1B0008460C460046144618461C4610462848405
:10B1C0008462C46204634463C0E900125DF8044B06
:10B1D000704700BF436810B41C685A682168114367
:10B1E00002682160164C17491460D160164C17494B
:10B1F00014611160417A164A5C180C3194F82CC025
:10B2000053F8214002EBCC0149680C60017A5C18CC
:10B2100003EB810194F818C0CC6902EBCC014968BA
:10B220000C60817A5DF8044B581803EB810390F8A9
:10B230004000596C02EBC00253681960704700BFB0
:10B2400001401F00011000380110007800001F802D
:10B250008C16050010B4426890F809C0104B944455
:10B2600000219CF82CC003EBCC0CDCF804402160DE
:10B2700090F808C094449CF818C003EBCC0CDCF8A0
:10B2800004402160847A00682244064C92F84020F1
:10B2900003EBC2035B68196004605DF8044B704700
:10B2A0008C16050001401F0030B5254B4468A342B1
:10B2B00010D0437A234493F82CE08E4509D004F152
:10B2C0002B02002312F801CF8C4519D00133042B37
:10B2D000F8D130BD0B292CD0072907D1194A137892
:10B2E00023F0030343F001031370E2E71C29E0D1CC
:10B2F000144A137823F0030343F002031370D8E7D2
:10B30000226811686268114211D00F4A02EBCE0E1A
:10B310000025DEF804100D60E11891F82C1002EB06
:10B32000C10203F10C01556854F821202A604372D0
:10B3300030BD044A137823F003031370B9E700BF4C
:10B3400038130500091FFF1F8C16050030B5254B6B
:10B350004468A34210D0037A234493F818E08E4542
:10B3600009D004F11702002312F801CF8C4519D03F
:10B370000133042BF8D130BD0C292CD0082907D17A
:10B38000194A137823F00C0343F004031370E2E727
:10B390002729E0D1144A137823F00C0343F0080363
:10B3A0001370D8E7226811686268114211D00F4902
:10B3B00001EBCE0E04EB030CDEF804200025156033
:10B3C0009CF818C004EB830201EBCC01D4694A68F5
:10B3D0001460037230BD044A137823F00C03137019
:10B3E000B9E700BF38130500091FFF1F8C160500C1
:10B3F0002A4A43689A4230B413D0827A1A4492F8A7
:10B4000040208A420BD093F840C08C4525D093F859
:10B4100041C08C453BD093F842C08C453AD030BCFB
:10B4200070470D2913D00E2907D11D4C227822F028
:10B43000300242F010022270DFE71B29DDD1184CE8
:10B44000227822F0300242F020022270D5E7144C1C
:10B45000227822F030022270CFE700218C461C684F
:10B4600025685C68254210D00E4C04EBC202002512
:10B470005268156003EB0C0203EB8C0392F840203A
:10B4800004EBC2045A6C63681A608172C7E7012139
:10B490008C46E4E702218C46E1E700BF3813050043
:10B4A000091FFF1F8C1605000BB1FFF789BD704700
:10B4B00070B4026B4B4B1279DA77C26A12791A7741
:10B4C000026B12791A77826A2AB34368DB689A4260
:10B4D00044D9C46A016BD21A236882621D6800F1E4
:10B4E0002404A5424FF001025AD00468E56815F023
:10B4F000804F1D682AD12D781E6845F00045013621
:10B500001E606563374B0979D97612B1C26A127928
:10B51000DA7670BC70470168334C436B0A63CC62C7
:10B52000CC6824F08044CC601C68304924684FF01B
:10B53000030C8C4280F825C03AD1197F5A60022949
:10B54000DA603AD170BC9A68184610472D881E6898
:10B5500045F0004502361E606563D3E7C36A1B6889
:10B56000DC8B260402F1FF3133D4C1F30E01D98301
:10B57000DC8B016BA4B2DC820C68E58B2D0420D43B
:10B58000C2F30E05E583E58BADB2E5821D680024AC
:10B59000013A846200F1240418BF0122A542A4D11B
:10B5A0000368DC6890F8244044F000445C63A9E739
:10B5B00018461146234670BC184770BC184600F068
:10B5C00017BDE58BC2F3080605F47E453543E583D8
:10B5D000D9E7DC8BC1F3080104F47E442143D9830D
:10B5E000C6E700BF0080004000000FFFA9AF0300C6
:10B5F00008B50248FFF75CFF08BD00BFB01DFF1F84
:10B6000008B50248FFF754FF08BD00BFE81DFF1F43
:10B6100008B50248FFF74CFF08BD00BF201EFF1F02
:10B6200008B5084A08490948FFF7C0FD084A094912
:10B630000948FFF7BBFD094A09490A48FFF7B6FD6B
:10B6400008BD00BF3813050000C00240B01DFF1F39
:10B65000CC13050000D00240E81DFF1F6014050058
:10B6600000C00A40201EFF1F184B70B553F8316010
:10B67000044600206060A163C8B206F58071E162F3
:10B6800006F18001A16253F83230E26303F18002D7
:10B69000226303F58072626340F6C4120125626280
:10B6A0004FF448716422A1612262E261C6F8005140
:10B6B0002946C3F88050256001F0C6FF94F83C008D
:10B6C000294601F0C1FF204670BD00BF8C16050061
:10B6D000034A044B914298BF0B464362704700BF38
:10B6E0001FA1070020A10700002910B40CDB0D4C9E
:10B6F000026BA1424FF00103A8BF214603605DF831
:10B70000044B136081617047074B426B4FF0FF346D
:10B7100099420460B8BF1946012414605DF8044BD7
:10B7200081617047E0930400206CFBFF4368C91AF5
:10B7300010B40ED4026B01230360136042685DF8FD
:10B74000044B81EAE173A3EBE1731144C16003612F
:10B750007047436B4FF0FF34012204601A60EDE73D
:10B76000002910B40EDB026B0123036013604368F1
:10B770005DF8044B81EAE172A2EBE1720B44C36015
:10B7800002617047436B4FF0FF34012204601A607E
:10B79000EDE700BF704700BF024B186803681B68E5
:10B7A000184700BF5C1EFF1F024B586803681B68E8
:10B7B000184700BF5C1EFF1F024B986803681B6898
:10B7C000184700BF5C1EFF1F024BD86803681B6848
:10B7D000184700BF5C1EFF1F426808B55AB1154BE1
:10B7E00013441B113033DBB2303B032B03D8DFE8AB
:10B7F00003F01115190D104B1B6800220260ABB14C
:10B800000121084698474FF0FF3008BD0B4B0360FD
:10B81000032008BD0A4B0360002008BD094B0360EC
:10B82000012008BD084B0360022008BD4FF0FF3027
:10B8300008BD00BF008FFCBF581EFF1F30710340C2
:10B84000007103401071034020710340F0B58DB0CA
:10B850002F4B304A0093071D04460E4608A802A944
:10B8600006930292C4F71EFE2B4A06A9384600F042
:10B870003FFE069B0546DB6808A89847009B02A888
:10B88000DB6898475DB9254B1B682BB1032101206C
:10B89000984703200DB0F0BD03200DB0F0BD204649
:10B8A000FFF79AFF1E4B616843F820602022227246
:10B8B00021B11C4B0B441B111B495A541B4B53F811
:10B8C0002030029302A91A4B009308A80693C4F7EC
:10B8D000E9FD114A06A9384600F00AFE069B08A8B1
:10B8E000DB689847009B02A8DB689847236833B160
:10B8F0009A68002022F002029A600DB0F0BD074A5B
:10B900001268002AF4D00221012090472368EFE753
:10B91000C80E050095B7030000879303581EFF1F4C
:10B920005C1EFF1F008FFCBF30E400E00415050023
:10B93000F414050010B4144C22780ABB134B4FF6D4
:10B94000FF711A6010209960D30003F1804303F562
:10B9500060330132D96821F08001D960D968082AA2
:10B9600021F04001D960D860EED1084B4FF0E022C1
:10B970000D2018604FF480610123C2F80411237078
:10B980005DF8044B704700BF6C1EFF1F0080034032
:10B99000074A002352F8041F21B10133082BF9D1C3
:10B9A00018467047034A42F823001846704700BF04
:10B9B0006C1EFF1F701EFF1F072812D810B472B62E
:10B9C000C30003F1804303F560330649DA680024BD
:10B9D00022F04002DA6041F8204062B65DF8044B84
:10B9E00070477047701EFF1F70B50D4D0024E300B7
:10B9F00003F1804303F56033DA6802F0C002C02A25
:10BA000009D155F82400DA68066822F04002366849
:10BA1000DA602146B0470134082CE8D170BD00BF80
:10BA2000701EFF1F2DE9F0411F46134BC361002517
:10BA30004FF47A73056280F82850C5624362044669
:10BA400008460E46904608F0FBFF1A2807D92570D5
:10BA500084F81A8084F830702046BDE8F081421CDA
:10BA60003146204601F0A8FB84F81A8084F8307033
:10BA70002046BDE8F08100BFE80D050070B5C56A3D
:10BA8000234BC3610446002D32D06E68013E6E60C8
:10BA900076BB2B681F4ADB6A93422FD1A86D10B189
:10BAA00006F086FAAE652B6D23B305F11800FCF79E
:10BAB0004DFFE56AE5B12B68174A5B68934224D1D4
:10BAC000A86D164B2B6018B106F072FA0023AB6517
:10BAD0002B6D05F11806A3B13046FCF737FF104B6C
:10BAE000AB603046FCF732FF5C21284601F0BCFC1D
:10BAF000204670BD6B6D002BD7D1DAE728469847FA
:10BB0000D7E76B6D002BE7D1E9E728469847EFE7C9
:10BB1000E80D0500D1040000190D0000140E050009
:10BB2000A00D05002DE9F0410446006984B000280D
:10BB30005ED01F4603680E46904665491A6B8A42DE
:10BB400054D1026D002A60D0B8F1020F4AD93A6888
:10BB50001D6A604B9D424FD1036D002B5CD0114696
:10BB60001846FBF7C1F800284BD02369002B6DD095
:10BB70001A689568584A954240F08880186D0028E8
:10BB80006AD042463146FAF79DFE0346002B5DD04F
:10BB900008F1FF38B446002201E042450DD29CF87E
:10BBA00000E0BEF10A0F65460CF1010C5DD0BEF15C
:10BBB0000D0F69D001329A42EFD12069002838D0A8
:10BBC0000268464912698A422ED1026D002A63D06A
:10BBD000117808072DD5D0695269801A27D500231E
:10BBE00006F80830032004B0BDE8F081904720BB80
:10BBF000022004B0BDE8F08100230093A84700288C
:10BC0000B3D1042004B0BDE8F081426D002AEFD02A
:10BC1000B8F1020F9BD8E5E7406D0028F1D0F8F7A6
:10BC200013FD0028A1D1ECE703939047039B002864
:10BC3000D5D10022F2540720D5E7B8F1020FD1D9AF
:10BC400020693A680028DCD0036881E700230720D8
:10BC5000337004B0BDE8F081586D002834D04246FE
:10BC60003146F8F705FC034690E70D210020531CF0
:10BC70002870F45C8C4208BF1A463B6801331344B9
:10BC80003B6004B0BDE8F0810A21EFE71846424668
:10BC90003146A847034679E7426D002AC9D092F899
:10BCA00031100907C5D511681069401A51695268E9
:10BCB00061EB0202B0F1004F72F10002B7D36FF0F6
:10BCC000004000288BD1B4E74FF0FF3360E700BF9E
:10BCD00061040000F10D0000C90A0000DD0B000046
:10BCE000F0B583B0002307460D461446019300F1DA
:10BCF0001C0601AB224629463046FFF713FF0028F9
:10BD0000F7D0072806BF002001230023F876184645
:10BD100003B0F0BD90B170B5054608F091FE441E29
:10BD20002C190AD2002602E0AC42667005D314F842
:10BD3000010907F0FBFD0028F6D170BD704700BF78
:10BD40002DE9F843144680461A468946089B214649
:10BD50001C30FFF7E7FE074608B1072818D1002C72
:10BD600041D0264614F8015B284607F0DFFD002885
:10BD7000F7D13B2D03D0232D01D05B2D0DD0072F04
:10BD800009BF0523002088F81B300120BDE8F88397
:10BD900088F81B000120BDE8F883013635460136DE
:10BDA000287807F0C3FD04460028F7D15D21284616
:10BDB00008F036F80028E2D004702846FFF7AAFF02
:10BDC00098F830304946284643B907F0FFFF00286D
:10BDD000D5D1002388F81B300120D7E708F014FCE8
:10BDE0000028CCD1F5E72378FFDE00BF2DE9F8432A
:10BDF00007461AB11C46137816462BB90623FB7664
:10BE000001242046BDE8F8830A9B089A88461C3026
:10BE10002146FFF787FE814608B1072833D1002C61
:10BE200041D023461C7820461D4607F07FFD6B1C41
:10BE30000028F7D13B2C1FD0232C1DD0B8F1000FC8
:10BE400001D05B2CDAD03D21284607F0E9FF80467F
:10BE500090B1002303702846FFF75CFF97F830404D
:10BE600031462846A4B108F0CFFB28B9099A08F159
:10BE700001031360F876C4E7B9F1070FBED00024C0
:10BE80002046BDE8F8830124F8762046BDE8F88313
:10BE900007F09CFF0028EFD1099A08F10103136015
:10BEA000FC760124ADE72378FFDE00BF2DE9F041E9
:10BEB000054688B0C06A0F9F1E4600230793D0B185
:10BEC000036890461B6B394A93420FD1036D002BD8
:10BED0004BD03C79012C4ED0022C1DD094B10823BC
:10BEE000EB760124204608B0BDE8F0810591984723
:10BEF00005990028EDD10223EB760124204608B0F5
:10BF0000BDE8F08100290CBF0223012320463B71CC
:10BF10003C6008B0BDE8F08107AB01930E9B009335
:10BF20000297334642462846FFF760FF0446002842
:10BF30002FD0EB7E002BD4D1079D002D31D02F4682
:10BF400015F8010B07F0F2FC0028F8D138460797E6
:10BF5000FFF7E0FE3B782BB106F8013B17F8013FF5
:10BF6000002BF9D100233370C8E7436D002BC2D0FA
:10BF70003C79012CB0D189B10E9B009732462846FE
:10BF8000FFF7DEFE28B1EC7E002CAAD102233B7124
:10BF9000B4E70024204608B0BDE8F0810523EB7625
:10BFA000ACE72846FFF7B6FE2B78FFDE6104000001
:10BFB0002DE9F04385B01D46DDF8308000230446AE
:10BFC0000F46164602938DF80C300DF10809CDE9A5
:10BFD00000892B46324639462046FFF767FF002886
:10BFE000F5D0E07EB0FA80F0400905B0BDE8F083FE
:10BFF000EFF3108272B6437F5BB9017F012930B441
:10C000000BD0032913D00123437702B962B630BCA9
:10C0100070470AB962B670477047124C2168B1B1D7
:10C02000114943610B68836108605861EBE70F4D6C
:10C030000F492C688CB143610B68836158614FF0E4
:10C04000E0234FF080540860C3F8044DDBE7064B53
:10C050004161816120601860D5E744618461286096
:10C06000EDE700BF901EFF1FA01EFF1F981EFF1FC1
:10C07000941EFF1F70B5EFF3108272B60C4C20684F
:10C0800080B10C4E00254369236073B19D6102B9F4
:10C0900062B6836845779847EFF3108272B62068DE
:10C0A0000028F0D102B962B670BD3360EFE700BF7F
:10C0B000981EFF1F941EFF1FFFF7DCBF024A136884
:10C0C00001331360704700BF0C1FFF1F0368C9B224
:10C0D0001B6818470368C9B21B6818470368C9B2D0
:10C0E0001B6818470368C9B21B681847084B10B58E
:10C0F00003EB51030446B3FBF1F001F0C3FB054B26
:10C100001B7803B110BD2046BDE8104003F08EBF80
:10C11000001C4E0E2508FF1F08B5084601F0F6FD6D
:10C12000012008BD08B5084601F0F0FD012008BD5A
:10C1300038B508460D4608F083FC044601462846FB
:10C1400001F0EEFD204638BD10B5084614461146F4
:10C1500001F0E6FD204610BD0846114602F00EB87B
:10C160000846114601F0EEBF01F006BF08B50846CB
:10C1700001F0A2FD003818BF012008BD08B508462F
:10C1800001F078FD003818BF012008BD08461146AF
:10C1900001F0EEBC084601F035BD00BF084601F0D5
:10C1A000CBBC00BF01F04CBC10B50648144600EBF8
:10C1B0005100B0FBF1F001F065FB2046BDE81040F6
:10C1C00001F0E0BB001C4E0E01F0B0BE01F068BEF5
:10C1D00001F052BE01F02CBE01F036BE084B10B586
:10C1E00003EB51030446B3FBF1F001F0D7FF054B1D
:10C1F0001B7803B110BD2046BDE8104003F016BF08
:10C20000001C4E0E2608FF1F08B5084602F0CCF9A8
:10C21000012008BD08B5084602F0C6F9012008BD96
:10C2200038B508460D4608F00BFC04460146284682
:10C2300002F036FA204638BD10B5084614461146BD
:10C2400002F02EFA204610BD0846114602F056BCF8
:10C250000846114602F036BC02F04EBB08B508464F
:10C2600002F078F9003818BF012008BD08B508466B
:10C2700002F04EF9003818BF012008BD08461146EB
:10C2800002F0D6B8084602F015B900BF084602F021
:10C29000B3B800BF02F04CB810B50648144600EB26
:10C2A0005100B0FBF1F001F079FF2046BDE81040ED
:10C2B00001F0E0BF001C4E0E02F0F8BA02F0B0BA76
:10C2C00002F09ABA02F074BA02F07EBA0368064A23
:10C2D0001B68934205D110B5C8B202F065F9012080
:10C2E00010BDC9B2184700BF15C203000368064A53
:10C2F0001B68934205D110B5C8B202F055F9012070
:10C3000010BDC9B2184700BF15C203000368064A32
:10C310001B68934205D110B5C8B202F045F901205F
:10C3200010BDC9B2184700BF15C203000368064A12
:10C330001B68934205D110B5C8B202F035F901204F
:10C3400010BDC9B2184700BF15C20300084B10B595
:10C3500003EB51030446B3FBF1F002F055FC054B2F
:10C360001B7803B110BD2046BDE8104003F05EBE4F
:10C37000000E27072708FF1F08B5084602F0B0FD8A
:10C38000012008BD08B5084602F0AAFD012008BD3D
:10C3900038B508460D4608F053FB044601462846CA
:10C3A00002F0A8FD204638BD10B5084614461146D7
:10C3B00002F0A0FD204610BD0846114602F014BF51
:10C3C0000846114602F0F4BE02F04CBE08B508461D
:10C3D00002F066FD003818BF012008BD08B5084608
:10C3E00002F03CFD003818BF012008BD0846114688
:10C3F00002F004BD084602F02FBD00BF084602F05F
:10C40000E1BC00BF02F0AABC10B50648144600EB20
:10C410005100B0FBF1F002F0F7FB2046BDE8104000
:10C4200002F03EBC000E270702F0F6BD02F0AEBDE2
:10C4300002F098BD02F072BD02F07CBD0368064AAE
:10C440001B68934205D110B5C8B202F049FD012026
:10C4500010BDC9B2184700BF85C303000368064A70
:10C460001B68934205D110B5C8B202F039FD012016
:10C4700010BDC9B2184700BF85C303000368064A50
:10C480001B68934205D110B5C8B202F029FD012006
:10C4900010BDC9B2184700BF85C303000368064A30
:10C4A0001B68934205D110B5C8B202F019FD0120F6
:10C4B00010BDC9B2184700BF85C30300704700BF55
:10C4C000704700BF704700BF704700BF704700BF94
:10C4D00038B5064CA4F1600554F8083C2046DB68EA
:10C4E000183C9847AC42F7D138BD00BFF81EFF1F7B
:10C4F0002DE9F041036888B004461746002B3DD073
:10C5000000229A600122DA60294DDFF8BC801D44C8
:10C510002D1151F8083B029305EB4506F60004A8DF
:10C520005B68984758F8063006F108004044DB681D
:10C5300001909847029B1F4A029204A9019848F86B
:10C5400006309B689847029B04A8DB6898472368DD
:10C5500019491F6003229A6005F13002531103F15B
:10C56000382320796854403301209B0002F01F02D9
:10C5700000FA02F21A6008B0BDE8F0810F4AD36BEE
:10C5800043F40003D36300BF0D4B01221A6003F58F
:10C5900080730C4A036098680028B5D0103393422A
:10C5A0002360F8D10020206008B0BDE8F08100BF12
:10C5B000008FFCBF5016050030E400E0008004400E
:10C5C0000070034040710340A81EFF1F0368002B4A
:10C5D0003DD02DE9F0431E4CDFF884801D4A1C44F9
:10C5E000241104F13006731104EB4404E40003F158
:10C5F000382389B060339F004FF0010958F80430A8
:10C60000029206F01F060546134A049209FA06F63E
:10C6100004F108004044DB683E6001909847029BAB
:10C620000E4A0292019848F8043004A99B68984782
:10C63000029B04A8DB6898472A6800239360C2F82D
:10C640000C90C7F800612B6009B0BDE8F08370471B
:10C65000008FFCBFC80E0500BDC4030050160500C6
:10C66000A81EFF1F0448054A50F8083B01211B681B
:10C67000C2F80C11184700BFA81EFF1F007003402E
:10C680000448054A836901211B68C2F81C11203047
:10C69000184700BFA81EFF1F007003400448054A4A
:10C6A000036B01211B68C2F82C113830184700BFFA
:10C6B000A81EFF1F007003400448054A836C012137
:10C6C0001B68C2F83C115030184700BFA81EFF1F5E
:10C6D00000700340094B0A480A4A0B4910B40B4C3E
:10C6E0001C6098609C6118621C6398639C64186568
:10C6F0005DF8044B002004F081BC00BFA81EFF1FA2
:10C70000BDC40300F806FF1FD1C40300C80E050016
:10C71000F8B50C4671B182B106468F180025336812
:10C7200014F8011B1B6830469847BC420544F6D1FB
:10C730002846F8BD0D462846F8BD1546F8E700BF67
:10C7400070B5012A8AB008BF0A22A1B34FF0210EAA
:10C7500002E05FFA86FE2946B1FBF2F502FB1514F2
:10C760005FFA84FC092C0CF1300498BF5FFA84FC5A
:10C770000EF1280488BF0CF1370C6C4488BF5FFAB7
:10C780008CFC91420EF1FF3604F824CCE1D24BB17F
:10C790000EF1FF3E5FFA8EFE0EF128036B442D2250
:10C7A00003F8242C036801A95B68CEF122027144CE
:10C7B00098470AB070BD30228DF825204FF0210E29
:10C7C000E5E700BF2DE9F0418C688AB0DCB10025B7
:10C7D000884606462F462B46212201A9404600F0F6
:10C7E0008DFB3368202C22465B6828BF202201A9DC
:10C7F00030461544A41A98470744002CEBD138461C
:10C800000AB0BDE8F081274638460AB0BDE8F0819D
:10C810000029BABF49422D2300230A22FFF790BF07
:10C8200000B5036883B040F60D22ADF804205B68C4
:10C83000022201A9984703B05DF804FB034B0228CC
:10C8400088BF034618461B685B6818472808FF1F07
:10C8500032B9036800B51B685DF804EBC9B218472C
:10C86000FFF76EBFFFFFFFFF2DE9F04F55EC104BB8
:10C8700087B006460F4610EE102A10EE100A2B461F
:10C88000294605F017F8002840F0AA8025F0004955
:10C890005F4B4FF0FF322046494605F00BF848B990
:10C8A0005B4B204649464FF0FF3204F0E5FF00287D
:10C8B00000F08D80574B4FF060422046294604F02F
:10C8C000EFFF00287AD1544B4FF0604220462946B2
:10C8D00004F0C8FF002871D1002200232046294619
:10C8E00004F0C0FF002875D18246002F7BD00FF2E4
:10C8F0001819D9E9008949494FF0000B00204B462F
:10C900000BF1010B424604F03BFD5FFA8BF3BB4297
:10C91000F5D302460B462046294604F07BFB0F2F39
:10C9200028BF0F270D460446019705F001F807467A
:10C9300004F0ACFC02460B462046294604F068FB96
:10C9400053460A2204460D4630463946FFF7F8FEA4
:10C95000019FDFF8D8902E238DF808300DF10902E1
:10C960007B1E824652FA83FB02AF4FF0000842461C
:10C970004B462046294604F003FD0D46044604F0CC
:10C98000D7FFC0B200F1300307F8013F04F08EFC7E
:10C9900002460B462046294604F03AFBBB450446B6
:10C9A0000D46E4D1019A336801325B68D2B202A924
:10C9B00030469847504607B0BDE8F08F33681849B5
:10C9C0005B680322304607B0BDE8F04F1847336874
:10C9D0001449F5E705F100431D464FF0010A84E7CD
:10C9E00033681149ECE70D4B00222046294604F03C
:10C9F00011FB04F09DFF534601460A22304607B062
:10CA0000BDE8F04FFFF79CBE000000A09999B93F28
:10CA1000FFFFEF7FFFFFEF41FFFFEFC10000E03FAF
:10CA20006816050064160500601605000000244025
:10CA300070B50E4D82B02B680093009E044608E04E
:10CA400003F07CFA2B680193019BA2689B1B934225
:10CA500007D2236820465B6998470028F0DB02B0C4
:10CA600070BD4FF0FF3002B070BD00BF0C1FFF1F44
:10CA70002DE9F0410F460021064690461D46002450
:10CA800000F0CEF805E012D0E04510D000F0FAF941
:10CA90000134AC42384600D34DB9FFF7C9FFB0F1BD
:10CAA000000C5FFA8CF13046EDDA01233B7330461F
:10CAB000BDE8F081524A2DE9F043A2FB00435B0937
:10CAC000A2FB0342C3EB03145209A0EB84004D4CBC
:10CAD0000870C2EB0215A4FB024EA3EB85034FEADC
:10CAE0001E1E4B70484B494E494FDFF82C810EF10A
:10CAF0000400A3FB00430EEB4E04A2EBC4028A70B9
:10CB0000C21A03EB52039B08C3EBC303C31A0020F2
:10CB1000CB70024640F26D190DE0B7EBB40F48D36D
:10CB2000B8EB341F34BF4C464FF4B77422449645DB
:10CB300000F101000FD35FFA80FC0CF2B27313F026
:10CB4000030506FB03F4E8D040F26D142244964539
:10CB500000F10100EFD22F4E0CF1460CA6FB0306AC
:10CB600081F806C0770995B36420F60900FB1737F2
:10CB70004FF4C87000FB163640F26D10AEEB020E9B
:10CB800070440122DFF894E000230AE013F80E401D
:10CB9000844211D80C2AA0EB04000ED001320133DC
:10CBA000D2B2012B5FFA83FCF0D15DB9DFB11D2455
:10CBB00009E04FF4B774B9E7624601304A71087171
:10CBC000BDE8F0831C24A04217D3001BE6E76420D5
:10CBD00000FB1737F6094FF4C87000FB16363FB15B
:10CBE0004FF4B770CAE7002E14BF1C241D24EAE7D7
:10CBF000002EC1D14FF4B770C0E70122DDE700BFBE
:10CC000089888888ABAAAAAA25499224295C8FC260
:10CC1000285C8F021F85EB510AD7A3006C16050014
:10CC2000F8B50026044606604660866029B10846CD
:10CC30000D4607F005FF074608B92046F8BD01304C
:10CC400005F0AEF90028F8D0C4E900070670A76027
:10CC5000294607F043FE2046F8BD00BFF8B58842DC
:10CC60004FF00005044605604560856002D08E687F
:10CC70000F680EB92046F8BD701C05F091F9002828
:10CC8000F8D0C4E900060570A660394607F026FE14
:10CC90002046F8BD30B5002583B0044605608560A8
:10CCA00002208DF804108DF8055005F079F950B187
:10CCB0000122206062600570A26001A907F00EFEEB
:10CCC000204603B030BD6060204603B030BD00BFD9
:10CCD00010B50446006805F06BF9204610BD00BF92
:10CCE000F8B50446154632B9036803B11A7000233B
:10CCF000A3602046F8BD43689A420E461CD90068DE
:10CD0000511C05F019FC074660B1A36820606560FE
:10CD10000BB903702768A5603146384607F0DEFD81
:10CD20002046F8BD206810B105F042F927600023C5
:10CD30006360A3602046F8BD0768A56031463846A9
:10CD400007F0CCFDECE700BF814203D08A68096898
:10CD5000FFF7C6BF704700BF884238B505460ED002
:10CD600000680C4608B105F023F9D4E90012A06868
:10CD7000A8600023C5E9001223606360A360284611
:10CD800038BD00BF38B505460C4649B1084607F026
:10CD900057FE214602462846FFF7A2FF284638BD27
:10CDA000A960284638BD00BF30B5436883B0002273
:10CDB00004468DF804108DF805204BB10568012359
:10CDC000A36001A9284607F089FD204603B030BDC5
:10CDD0000068022105F0B0FB054640B1A368206061
:10CDE00001226260002BEAD103702568E7E7206822
:10CDF00010B105F0DDF82560002320466360A360D4
:10CE000003B030BD2DE9F84304460068A3688842AA
:10CE10000D46164609D8C218914206D20F1A4FF095
:10CE2000010936B92046BDE8F8834FF00009002E0D
:10CE3000F8D0626803EB060890450CD908F10101AF
:10CE400005F07AFB0028EDD0A368C4E9000813B907
:10CE500003702068A368B9F1000F08D1294618446F
:10CE600007F03CFDC4F808802046BDE8F883324650
:10CE7000C119184400F0A0F92368002203F8082023
:10CE8000F0E700BF10B582B000238DF80410012236
:10CE900001A904468DF80530FFF7B4FF204602B023
:10CEA00010BD00BF10B58A6809680446FFF7AAFFE5
:10CEB000204610BD826808B50B463AB161B10068E2
:10CEC00007F0A2FBB0FA80F0400908BD31B1187834
:10CED000B0FA80F0400908BD0368F8E7012008BDFA
:10CEE00083688B4203D9006808B108447047024840
:10CEF00000230370704700BF081FFF1FBAB138B589
:10CF00000C4621B185689D4202D800230B7038BDC4
:10CF1000ED1A02F1FF3C0168654528BF65461944DA
:10CF20002A46204607F042F80023635538BD704773
:10CF3000836843B110B504680968204607F002FA17
:10CF400020B1001B10BD4FF0FF3070474FF0FF3095
:10CF500010BD00BF2DE9F0418F6897420E4605468F
:10CF600002D213463A461F460023AB60B0682B60DE
:10CF700090426B6014D3874228BF0746316811F88E
:10CF80000780CB5533689C180DD0204607F058FD1C
:10CF9000214602462846FFF7A3FE336803F80780C0
:10CFA0002846BDE8F081AC60F8E700BF9A422DE961
:10CFB000F04105460E4602D911461A460B4600219D
:10CFC000A960B76829609742696014D39F4228BF5F
:10CFD0001F46336813F80780D95533689C180DD065
:10CFE000204607F02DFD214602462846FFF778FE31
:10CFF000336803F807802846BDE8F081AC60F8E7A5
:10D0000010B5174B0FCB84B0EC468CE80F00154BD6
:10D010005A78910717D51A78124C12F0700218BF7F
:10D020001A7080210023E171122223710523E2721C
:10D03000A37272B64CF001032046984762B623787B
:10D0400013F0700309D1084B064901E0013B02D0FF
:10D050004A78D207FAD504B010BD237004B010BDD1
:10D060007C16050000000240410D0300B0F5805F12
:10D0700011D210B5094B5B78DB07044604D504F1E7
:10D08000A0542078C0B210BD04F1A054FFF7B8FF3F
:10D090002078C0B210BD0020704700BF00000240E1
:10D0A000B1F5805F7CD2F8B53E4B5B78DB070F466D
:10D0B000044616460D4620D5B6F5805F304628BF9B
:10D0C0004FF480503B18B3F5805F13D28EB1354AD0
:10D0D00015F0030328D0022B12D005F1A05314F849
:10D0E000011B93F800C08C4539D101380135002867
:10D0F000EED1F8BDC7F58050E9E7FFF781FFDBE728
:10D100000128EAD0214605F1A05C667811F8023BBF
:10D11000BCF8004043EA06239C422CD10238023579
:10D120000C460028D4D1E4E70328E9D9214694F835
:10D1300001E011F8043B94F802C0E67843EA0E23BC
:10D1400005F1A05443EA0C4343EA066326689E4275
:10D150001CD1043804350C460028B9D1C9E792F82F
:10D1600000C01CF0700C18BF82F800C01970537812
:10D17000DB07FCD5B9E7147814F0700418BF1470FD
:10D18000ACF800305378DC07FCD5C7E7167816F00A
:10D19000700618BF167023605378DE07FCD5D8E7F9
:10D1A000704700BF0000024008B5F5F7D1FDF0F769
:10D1B000C1FF02F0C3FEFAE701B441EA000313F035
:10D1C00003036FD1403A41D351F8043B40F8043B8C
:10D1D00051F8043B40F8043B51F8043B40F8043B51
:10D1E00051F8043B40F8043B51F8043B40F8043B41
:10D1F00051F8043B40F8043B51F8043B40F8043B31
:10D2000051F8043B40F8043B51F8043B40F8043B20
:10D2100051F8043B40F8043B51F8043B40F8043B10
:10D2200051F8043B40F8043B51F8043B40F8043B00
:10D2300051F8043B40F8043B51F8043B40F8043BF0
:10D2400051F8043B40F8043B403ABDD2303211D390
:10D2500051F8043B40F8043B51F8043B40F8043BD0
:10D2600051F8043B40F8043B51F8043B40F8043BC0
:10D27000103AEDD20C3205D351F8043B40F8043B90
:10D28000043AF9D204320AD0D2071CBF11F8013B8C
:10D2900000F8013B03D30B7803704B78437001BC5B
:10D2A000704700BF0C2A4AD310F0030311D0C3F11A
:10D2B0000403D21ADB071CBF11F8013B00F8013B45
:10D2C00007D311F8013B00F8013B11F8013B00F8CE
:10D2D000013B11F003033FF475AF30B4043AC91AAF
:10D2E000C3F1040C51F8044B022B19D0032B0BD0C3
:10D2F000240A51F8043B1D0644EA050440F8044B97
:10D300001C46043AF4D216E0240E51F8043B1D02E8
:10D3100044EA050440F8044B1C46043AF4D20AE0FF
:10D32000240C51F8043B1D0444EA050440F8044B66
:10D330001C46043AF4D20432B1EB0C0130BC043A7E
:10D34000A0D3013A11F8013B00F8013BF9D20B7868
:10D3500003704B7843708B78837001BC704700BFBB
:10D3600008B50F4C636B58030DD4636B59050FD48C
:10D37000636B1A0511D4636BDB04F3D501F084FEF3
:10D38000636B5803F1D502F001F8636B5905EFD5D3
:10D3900000F016FE636B1A05EDD501F0D1FAEAE74D
:10D3A0000080044008B5FFF7DBFF00BF014B1022EF
:10D3B0001A80704700200540704700BF0B490A687B
:10D3C00048B108B5EC461318ACF50050834204D2BE
:10D3D0000B60104608BD1046704707F0D3F80C23C9
:10D3E0004FF0FF320360104608BD00BFE407FF1F87
:10D3F000002070474FF0FF30704700BF4FF40053DC
:10D400004B600020704700BF012070474FF0FF3095
:10D41000704700BFFEE700BFFEE7FFFFEFF3138397
:10D42000CBB9EFF31080A0B9EFF3058343B94FF404
:10D430008070EFF311835BB1984228BF18467047A4
:10D440000F2BF6D9054AD05CEFF31183002BF3D1F3
:10D450007047184670474FF0FF307047F0E300E028
:10D4600004F09EBD04F09CBD04F0A2BD01F1FF3CA0
:10D4700070B56546002401E070460134B0FBF2FE51
:10D4800002FB1E03092B03F130068ABF3733F3B2C8
:10D49000DBB2904205F8013FEED2631C0022CA5471
:10D4A000C8187CB162461CF8015F10F801ED8CF8D9
:10D4B00000E0A1EB0C030232013B521A23449A42D2
:10D4C0000570EFDB084670BD024B103043F82010AA
:10D4D000704700BF0002FF1F014B1868704700BF74
:10D4E00000D00340034B002210215A615A6018609B
:10D4F0005961704700D00340704700BF4FF0E02CE7
:10D50000F0B54FF0006ECCF804E14FF0805ECCF83F
:10D5100004E14FF0005ECCF804E1244A2449254898
:10D52000254C4FF0804ECCF804E1282300274EF61E
:10D53000FF7609254FF0004ECCF804E183B04F6030
:10D540008E60CB604B61CB614B62CB624B63CB6334
:10D550004B64D3605361D3615362D3625363D3632B
:10D5600053640D606760A660E36063612560476097
:10D570008660C3604361056057609660D360536105
:10D58000156002F07BFDFFF7B7FF0C4C236800939A
:10D59000009B132BFAD902F0B3FA23680193019B85
:10D5A000B3F5967FF9D303B0F0BD00BF00900B40F8
:10D5B0000080034000800B40009003400C1FFF1FC1
:10D5C0003F2818D810B4124B53F8302092F88042FC
:10D5D00034B1012381B982F800315DF8044B704702
:10D5E00003EBC0035B681A6859B142F003025DF8AF
:10D5F000044B1A607047704782F880305DF8044B26
:10D60000704722F002025DF8044B1A60704700BFB9
:10D610008C1605003F2805D8034B53F83030012203
:10D6200083F88021704700BF8C1605003F2806D87C
:10D63000044B53F8303093F80002C0B2704700201A
:10D64000704700BF8C1605003F2820D81B4A02EB0C
:10D65000C00301295B680FD004291DD052F83000A7
:10D66000002280F8802299B1022922D003290DD10D
:10D670004FF481721A60704752F830004FF4A27272
:10D6800080F880121A601A6822F020021A6070472F
:10D690004FF480721A60704752F830104FF4A27243
:10D6A000012081F880021A601A6842F020021A6094
:10D6B000704740F203121A60704700BF8C160500D5
:10D6C00072B60D494FF0E02293690868D2F8042D34
:10D6D00062B6520102D5322B88BF0130074AC3F52A
:10D6E000EA334FF47A71BF33A2FB032301FB00F04E
:10D6F00000EB9310704700BF0C1FFF1F89888888BC
:10D700002DE9F843044672B6204F4FF0E0229369AA
:10D710003D68D2F8042D62B6520102D5322B88BF83
:10D7200001350CB9BDE8F883DFF86490DFF8648058
:10D73000A9EB0303A8FB03234FF47A7202FB05F560
:10D7400005EB93154FF0E02672B6B1693A68D6F84A
:10D7500004CD62B6A9EB0103A8FB03031CF0806FA4
:10D76000C5EB93134FF47A7002D0322988BF01328F
:10D7700000FB0233B3F57A7F04D3013CD2D005F528
:10D780007A75E1E702F0DAFBDEE700BF0C1FFF1F4E
:10D79000BFD40100898888882DE9F84F314B1B6878
:10D7A00007460BB101221A70DFF8D090DFF8D08065
:10D7B00099F80040D8F800302B4D01349C422B786A
:10D7C0002AD303F0FF0A002B3ED15446274EDFF840
:10D7D000A8B005E033791B0623D42B78A3420AD1E5
:10D7E000FFF71CFE4028F5DDFF28F6DD02F0A6FB62
:10D7F0002B78A342F4D03F2C29D91D4B403C1B6809
:10D80000FFB21F551B4A194B01211170BC2289F828
:10D8100000A0DA70BDE8F88F9C425FFA84FAD5D098
:10D82000E9E72B78D8F800105A1C8A42DBB203D201
:10D830003F2A10D8D1B201E000210A461BF802307D
:10D84000DBB2F3712970C8E74FF0000A54460A4B67
:10D85000FFB21F55D6E7D1B2054A3F3B1268D35CF1
:10D86000DBB2EEE7601FFF1FB01FFF1F00A00640E6
:10D87000AC1FFF1F641FFF1F681FFF1FA81FFF1F94
:10D88000F407FF1F324A3349536B70B443F480638B
:10D89000314D5363314E324C327800232B700B7074
:10D8A000304923700B703049152A0B702ED01B2A7B
:10D8B00048D0002A41D02D4B1B78052B2ED01A2B97
:10D8C00036D0012B2FD02028294B2A4C38BF2020BE
:10D8D000C0F3443C83F800C0C0F3471C00F01F00B5
:10D8E00083F801C00422987202209A70D8748820AC
:10D8F0005A754FF0E021187440223C20D870E2772E
:10D900004FF0004370BCC1F8003170471A4B40F231
:10D9100013329A61154B1B78052BD0D1164B4FF45F
:10D920005172DA61CFE7154B4FF451725A64CAE76E
:10D93000134B4FF451729A63C5E7104B40F2133208
:10D940001A64B8E70E4B40F21332DA63B3E700BF54
:10D95000008004405C1FFF1F541FFF1F5D1FFF1F3F
:10D96000A81FFF1FB01FFF1F641FFF1FF807FF1F27
:10D9700000A0064000E400E000C0044000A0044015
:10D9800000900440294B9B7800F0030203F0EC0365
:10D990001343410700F00F02244948BF43F010032E
:10D9A000042A8B7003D18B7943F040038B711F4B9A
:10D9B0005B79C20603F0EF031C4A48BF43F0100333
:10D9C00053719379194A03F0EF0310F0200C18BF3C
:10D9D00043F010039371C30506D553781178DBB279
:10D9E00041F020011170537010F4007017D00F49EE
:10D9F0000F488B780F4A43F0A0038B7003780E49D1
:10DA000002EBC30240F24633506840F24732BCF1A9
:10DA1000000F08BF1346094A03600A607047064BAF
:10DA2000064A1968914208BF1860704700A0064076
:10DA3000F807FF1F8C160500601FFF1FD400D4429B
:10DA4000324B5B6B5B0531D510B5314C237823B17C
:10DA500002F074FA2378002BFAD12E4A2E4B4FF0A5
:10DA6000E0204FF000440021C0F88041D1701B78C5
:10DA7000152B3CD01B2B1FD04BB3284B1B7803F02E
:10DA80007F03052B3DD01A2B2CD0012B0FD0244B1C
:10DA9000204A244C2448196892F804C0D279002303
:10DAA0002370037009B101230B7010BD70471F4B29
:10DAB00040F203125A64EAE71D4B40F20312DA63A4
:10DAC000164B1B7803F07F03052BDCD119E0174BB5
:10DAD00040F203121A64114B1B7803F07F03052BED
:10DAE000D1D10EE0124B40F203129A63CFE7114BF3
:10DAF00040F203129A61094B1B7803F07F03052B58
:10DB0000C1D10C4B40F20312DA61C0E7008004403F
:10DB1000641FFF1F00A006405D1FFF1FF807FF1FC7
:10DB2000101FFF1F541FFF1F5C1FFF1F00A004409A
:10DB30000090044000C004400A4A38B505461378F6
:10DB400003F0FF04002BFAD101212846FFF77CFDEA
:10DB500021462846FFF734FD034A044B52F835208E
:10DB60001A6038BD641FFF1F8C160500601FFF1F61
:10DB700009B140F080001E4A137883421CD010B4D3
:10DB80001C4C646B640513D503F07F03052B2BD06D
:10DB90001A2B25D0012B1FD0002900F07F0314BFC2
:10DBA00060214421052B12D01A2B0BD0012B04D05D
:10DBB00010705DF8044B704770470F4B41F4407193
:10DBC0005964F5E70D4B41F440719963F0E70C4B54
:10DBD00041F44071D961EBE7074B00245C64DBE75B
:10DBE000064B00249C63D7E7054B0024DC61D3E798
:10DBF000F807FF1F0080044000A00440009004408C
:10DC000000C00440164A137883420ED01549496B70
:10DC1000490509D5152B1FD01B2B19D0ABB11528E1
:10DC20000ED01B2807D008B1107070470E4B40F281
:10DC300013311964F8E70D4B40F21331D963F3E760
:10DC40000B4B40F213319961EEE707490B64E6E7AD
:10DC5000064B0021D963E2E7054B00219961DEE71D
:10DC60005D1FFF1F0080044000A00440009004409E
:10DC700000C004400D4B5B6B13F4806313D03F284E
:10DC800003D90B4B0020186070470A4B10B5084CA5
:10DC900053F8303023600121FFF7D6FC23680022BF
:10DCA0001A70012010BD1846704700BF0080044064
:10DCB000101FFF1F8C160500104B5B6B13F4806365
:10DCC00012D012280BD0142810D10D4B40F2023282
:10DCD0005A610C4A537B01200343537370470A4B2C
:10DCE00040F20232DA60F4E718467047054A537B87
:10DCF00003F0FE0300205373704700BF0080044010
:10DD000000C0044000A0064000A00440034B5B6B31
:10DD10005B0501D5FFF740BD704700BF00800440A0
:10DD20002DE9F84F394B5B6B5A053CD5384B1B68D6
:10DD30000BB101221A704718B84231D2354EDFF8C4
:10DD4000EC80354CDFF8E09000F1010A13E003F0BD
:10DD5000FF0B53B34FF0000B5D46304A1AF8013CFD
:10DD6000535552462E490123BA420B700AF1010A5B
:10DD700086F800B014D23578D8F800300135AB42BF
:10DD80002378E4D9AB425FFA85FB0FD03F2DE4D96D
:10DD9000244B1AF8012C1B68403D5A555246E1E7C6
:10DDA000214BBC22DA70BDE8F88F5D466FF043036B
:10DDB00089F8033006E099F804301B060BD4237869
:10DDC000AB42E3D1FFF72AFB4028F4DDFF28F6DD64
:10DDD00002F0B4F8F3E72378D8F800105A1C914207
:10DDE000DBB203D93F2A0AD8D1B201E000210A46AA
:10DDF0000A4B9B5CDBB289F807302170DFE7D1B2B8
:10DE0000084A3F3B1268D35CDBB2F4E70080044071
:10DE1000601FFF1FA81FFF1FB01FFF1F681FFF1FEE
:10DE2000641FFF1FAC1FFF1F00A00640F407FF1F69
:10DE300010B5044C237823B102F080F82378002B2E
:10DE4000FAD110BD641FFF1F084A094B11781A78D8
:10DE50009142C8B2D3B202D2013B181A7047054AA8
:10DE60001268013A1344181A704700BFA81FFF1F19
:10DE7000B01FFF1FF407FF1F064A074B11781A78DF
:10DE80009142D0B23CBF054A1268CBB238BF9B1852
:10DE9000181A7047541FFF1F5C1FFF1FF007FF1F5A
:10DEA0001B4B1C491A780B789A422ED010B55FFA9A
:10DEB00082FE194AD8B21268431C9A4219D93F2BE4
:10DEC0001BD85FFA83FC1548C05CC0B281F800C063
:10DED0001349096861B19E453CBF7244D31A114A87
:10DEE000126828BFAEEB03039A4201D300230B70E4
:10DEF00010BD4FF0000C6346E5E70B4C3F3824683B
:10DF0000205C5FFA83FCC0B2E0E74FF0FF3070475F
:10DF1000541FFF1F5C1FFF1FF007FF1F141FFF1F71
:10DF2000101FFF1FEC07FF1F581FFF1F0D4A0E4B4E
:10DF300011781B789942DAB211D00C490968531C48
:10DF4000994207D93F2B06D9094B3F3A1B68985C89
:10DF5000C0B270470023074AD05CC0B270474FF090
:10DF6000FF307047541FFF1F5C1FFF1FF007FF1F8C
:10DF7000581FFF1F141FFF1F0C4B5B6B5B0514D555
:10DF80000B4B0C48DA78402102F0CB02DA7059745E
:10DF9000DA78094942F03402DA70084A03781268E4
:10DFA000DBB20B700AB1002313707047008004408D
:10DFB00000A006405C1FFF1F541FFF1F101FFF1F04
:10DFC0002DE9F041504C237913F0300F47D072B651
:10DFD000A37D03F0FF01002B58D062B6DFF85C810F
:10DFE0004A4898F800304A4A05781668494F5FFA5F
:10DFF00083FC494BEDB2D3F800E008E01DB14FF0CF
:10E00000000C07F80C304A1E12F0FF0112D0E37921
:10E010000CF101029642DBB2F0D99542ACF13F001F
:10E02000F1D03F2A6DD994464A1E12F0FF010EF836
:10E030000030ECD15FFA8CF388F80030374B196868
:10E0400069B1AC453CBF721B02EB0C03344A126849
:10E0500028BFACEB05039A429CBF01230B702A48F2
:10E06000C3781E06DDB216D46A060DD5264B1B7981
:10E070005B0609D52B4B2C491B6800220A7003B1A3
:10E080001A70214B3C22DA70BDE8F0814023E2791E
:10E09000637462B6E3E703791C06E5D5234B244A93
:10E0A000DFF89CE01C7816689EF80030214A224F69
:10E0B000D2F800C0E4B2DBB207E003790023FA5CD7
:10E0C000D2B2C271027D072A11D8A34203F1010125
:10E0D0000ED08E42F1D93F290279A3F13F0301D836
:10E0E0000B46ECE71CF803200B46D2B2E9E7DCB2A2
:10E0F000054B8EF800401A79110644BF7C22DA7075
:10E10000B2E794467DE700BF00A006405C1FFF1FFA
:10E11000F007FF1F141FFF1F581FFF1F101FFF1FB7
:10E12000E807FF1F601FFF1F641FFF1FA81FFF1FBF
:10E13000F407FF1FAC1FFF1F681FFF1F541FFF1FA7
:10E14000B01FFF1F094B10B4186068B101F1400403
:10E15000074B084801F11A021A60074B0460283186
:10E160005DF8044B196070474024F1E7581FFF1F0A
:10E17000EC07FF1FF007FF1FE807FF1F054B1860A4
:10E1800018B1054B403119607047034B40211960AD
:10E19000704700BFAC1FFF1FF407FF1F294A2A4921
:10E1A000536B70B443F40063284D5363284E294CDD
:10E1B000327800232B700B70274923700B7027498E
:10E1C000092A0B7031D03B2A03D1254B40F2133280
:10E1D0005A60244B1B780A2B2FD03A2B03D1204BAB
:10E1E0004FF451721A6020281F4B38BF2020C0F313
:10E1F00044341C70C0F3471400F01F005C7004210D
:10E2000098721A4C997002224FF0880C3C20DA74F4
:10E21000597583F810C04FF0E021D870402384F87E
:10E22000213070BCC1F804217047114B40F2133209
:10E23000DA600C4B1B780A2BCFD10D4B4FF4517287
:10E240001A61D0E7008004400020FF1FF81FFF1F65
:10E250000808FF1F3420FF1F3C20FF1F0820FF1F5E
:10E2600000D004401008FF1F00B0064000E400E0AA
:10E2700000B00440294B9B7800F0030203F0EC034C
:10E280001343410700F00F02244948BF43F0100335
:10E29000042A8B7003D18B7943F040038B711F4BA1
:10E2A0005B79C20603F0EF031C4A48BF43F010033A
:10E2B00053719379194A03F0EF0310F0200C18BF43
:10E2C00043F010039371C30506D553781178DBB280
:10E2D00041F020011170537010F4007017D00F49F5
:10E2E0000F488B780F4A43F0A0038B7003780E49D8
:10E2F00002EBC30240F24633506840F24732BCF1B1
:10E30000000F08BF1346094A03600A607047064BB6
:10E31000064A1968914208BF1860704700B006406D
:10E320001008FF1F8C1605000420FF1FD400D642E2
:10E33000274B5B6B1B0549D510B5264C237823B1C1
:10E3400001F0FCFD2378002BFAD12349234B4FF039
:10E35000E02002240022C0F88441CA701B78092BF7
:10E3600029D03B2B1AD01E4B1B7803F07F030A2BBE
:10E370001CD03A2B0ED01B4B174A1B4C1B4819685C
:10E3800092F804C0D27900232370037009B10123ED
:10E390000B7010BD164B00221A60ECE7144B5A604C
:10E3A0000F4B1B7803F07F030A2BE2D1114B40F295
:10E3B00003121A61DFE70F4B40F20312DA60084BD9
:10E3C0001B7803F07F030A2BD3D1EFE7704700BF20
:10E3D000008004400820FF1F00B006400808FF1F0F
:10E3E0001008FF1FB41FFF1FF81FFF1F0020FF1F93
:10E3F00000D0044000B004400A4A38B505461378FE
:10E4000003F0FF04002BFAD101212846FFF71CF985
:10E4100021462846FFF7D4F8034A044B52F835202A
:10E420001A6038BD0820FF1F8C1605000420FF1F4E
:10E4300009B140F080001B4A1378834218D010B411
:10E44000194C646B24050FD503F07F030A2B24D0ED
:10E450003A2B16D0002900F07F0314BF602144211D
:10E460000A2B12D03A2B04D010705DF8044B704781
:10E4700070470E4B41F44071196010705DF8044B09
:10E4800070470A4B00241C60E4E7094B41F44071DB
:10E49000196110705DF8044B7047054B00241C6136
:10E4A000D8E700BF1008FF1F0080044000D00440E0
:10E4B00000B00440124B1A7882420CD01149496BCB
:10E4C000090507D5092A16D03B2A0AD009280DD0FC
:10E4D0003B2801D0187070470B4A40F2133151604D
:10E4E000F8E7094A002109285160F1D1074A40F2B2
:10E4F0001331D160EEE7054A0021D160E6E700BFA5
:10E500000808FF1F0080044000D0044000B0044011
:10E510000D4B5B6B13F4006313D03F2803D90B4BF7
:10E520000020186070470A4B10B5084C53F8303083
:10E5300023600121FFF788F8236800221A70012068
:10E5400010BD1846704700BF00800440B41FFF1F75
:10E550008C160500104B5B6B13F4006312D0172868
:10E560000BD03C2810D10D4B40F202329A600C4A7D
:10E57000537B01200343537370470A4B40F202322E
:10E580009A60F4E718467047054A537B03F0FE0390
:10E5900000205373704700BF0080044000D0044047
:10E5A00000B0064000B004402DE9F84F334B5B6BE0
:10E5B0001A053AD5324B1B6806460BB101221A7078
:10E5C000DFF8D490DFF8D48099F80040D8F8003014
:10E5D0002C4D0134A3422B7829D99C425FFA84FA4E
:10E5E00014D1294FDFF8ACB005E03B791B0623D4EA
:10E5F0002B78A3420AD1FEF711FF4028F5DDFF2852
:10E60000F6DD01F09BFC2B78A342F4D0272C29D90E
:10E610001E4B283C1B68F6B21E551D4A1A4B0121A1
:10E620001170BC2289F800A0DA70BDE8F88F03F001
:10E63000FF0AA3B95446D4E72B78D8F800105A1C27
:10E640009142DBB208D9272A10D8D1B21BF8023088
:10E65000DBB2FB712970CBE700210A46F6E74FF0E9
:10E66000000A54460B4BF6B21E55D6E7D1B2074A04
:10E67000273B1268D35CDBB2EBE700BF00800440AD
:10E680000420FF1F3C20FF1F00B006403820FF1F62
:10E690000820FF1F0C20FF1F3420FF1F0C08FF1F46
:10E6A0002DE9F84F394B5B6B1A053CD5384B1B688D
:10E6B0000BB101221A704718B84231D2354EDFF83B
:10E6C000EC80354CDFF8E09000F1010A13E003F034
:10E6D000FF0B53B34FF0000B5D46304A1AF8013C74
:10E6E000535552462E490123BA420B700AF1010AD2
:10E6F00086F800B014D23578D8F800300135AB4236
:10E700002378E4D9AB425FFA85FB0FD0272DE4D9FB
:10E71000244B1AF8012C1B68283D5A555246E1E754
:10E72000214BBC22DA70BDE8F88F5D466FF04303E1
:10E7300089F8033006E099F804301B060BD42378DF
:10E74000AB42E3D1FEF76AFE4028F4DDFF28F6DD98
:10E7500001F0F4FBF3E72378D8F800105A1C91423B
:10E76000DBB203D9272A0AD8D1B201E000210A4638
:10E770000A4B9B5CDBB289F807302170DFE7D1B22E
:10E78000084A273B1268D35CDBB2F4E70080044000
:10E790000420FF1F3420FF1F3C20FF1F0C20FF1F01
:10E7A0000820FF1F3820FF1F00B006400C08FF1F85
:10E7B00010B5044C237823B101F0C0FB2378002B63
:10E7C000FAD110BD0820FF1F084A094B11781A78AA
:10E7D0009142C8B2D3B202D2013B181A7047054A1F
:10E7E0001268013A1344181A704700BF3420FF1F03
:10E7F0003C20FF1F0C08FF1F064A074B11781A78B0
:10E800009142D0B23CBF054A1268CBB238BF9B18C8
:10E81000181A7047F81FFF1F0020FF1F0408FF1F72
:10E820001B4B1C491A780B789A422ED010B55FFA10
:10E8300082FE194AD8B21268431C9A4219D93F2B5A
:10E840001BD85FFA83FC1548C05CC0B281F800C0D9
:10E850001349096861B19E453CBF7244D31A114AFD
:10E86000126828BFAEEB03039A4201D300230B705A
:10E8700010BD4FF0000C6346E5E70B4C3F382468B1
:10E88000205C5FFA83FCC0B2E0E74FF0FF307047D6
:10E89000F81FFF1F0020FF1F0408FF1FB81FFF1FE6
:10E8A000B41FFF1F0008FF1FFC1FFF1F0D4A0E4B68
:10E8B00011781B789942DAB211D00C490968531CBF
:10E8C000994207D93F2B06D9094B3F3A1B68985C00
:10E8D000C0B270470023074AD05CC0B270474FF007
:10E8E000FF307047F81FFF1F0020FF1F0408FF1FA5
:10E8F000FC1FFF1FB81FFF1F0C4B5B6B1B0514D5C4
:10E900000B4B0C48DA78402102F0CB02DA705974D4
:10E91000DA78094942F03402DA70084A037812685A
:10E92000DBB20B700AB10023137070470080044003
:10E9300000B006400020FF1FF81FFF1FB41FFF1F7D
:10E940002DE9F041504C237913F0300F47D072B6C7
:10E95000A37D03F0FF01002B58D062B6DFF85C8185
:10E960004A4898F800304A4A05781668494F5FFAD5
:10E9700083FC494BEDB2D3F800E008E01DB14FF045
:10E98000000C07F80C304A1E12F0FF0112D0E37998
:10E990000CF101029642DBB2F0D99542ACF13F0096
:10E9A000F1D03F2A6DD994464A1E12F0FF010EF8AD
:10E9B0000030ECD15FFA8CF388F80030374B1968DF
:10E9C00069B1AC453CBF721B02EB0C03344A1268C0
:10E9D00028BFACEB05039A429CBF01230B702A4869
:10E9E000C3781E06DDB216D46A060DD5264B1B79F8
:10E9F0005B0609D52B4B2C491B6800220A7003B11A
:10EA00001A70214B3C22DA70BDE8F0814023E27994
:10EA1000637462B6E3E703791C06E5D5234B244A09
:10EA2000DFF89CE01C7816689EF80030214A224FDF
:10EA3000D2F800C0E4B2DBB207E003790023FA5C4D
:10EA4000D2B2C271027D072A11D8A34203F101019B
:10EA50000ED08E42F1D927290279A3F1270301D8DC
:10EA60000B46ECE71CF803200B46D2B2E9E7DCB218
:10EA7000054B8EF800401A79110644BF7C22DA70EB
:10EA8000B2E794467DE700BF00B006400020FF1FBC
:10EA90000408FF1FB81FFF1FFC1FFF1FB41FFF1F2D
:10EAA000FC07FF1F0420FF1F0820FF1F3420FF1F4B
:10EAB0000C08FF1F3820FF1F0C20FF1FF81FFF1F2F
:10EAC0003C20FF1F094B10B4186068B101F14004ED
:10EAD000074B084801F11A021A60074B04602831FD
:10EAE0005DF8044B196070474024F1E7FC1FFF1FDD
:10EAF0000008FF1F0408FF1FFC07FF1F054B1860DD
:10EB000018B1054B283119607047034B2821196053
:10EB1000704700BF3820FF1F0C08FF1F2DE9F84F7A
:10EB2000314B1B6807460BB101221A70DFF8D090F9
:10EB3000DFF8D08099F80040D8F800302B4D013430
:10EB40009C422B782AD303F0FF0A002B3ED1544677
:10EB5000274EDFF8A8B005E033791B0623D42B78C5
:10EB6000A3420AD1FEF75AFC4028F5DDFF28F6DD66
:10EB700001F0E4F92B78A342F4D0272C29D91D4BBE
:10EB8000283C1B68FFB21F551B4A194B012111700D
:10EB9000AC2289F800A0DA70BDE8F88F9C425FFAD9
:10EBA00084FAD5D0E9E72B78D8F800105A1C8A42AD
:10EBB000DBB203D2272A10D8D1B201E000210A46E5
:10EBC0001BF80230DBB2F3712970C8E74FF0000A7E
:10EBD00054460A4BFFB21F55D6E7D1B2054A273B30
:10EBE0001268D35CDBB2EEE79020FF1FC820FF1F46
:10EBF00000C00640C420FF1F9420FF1F9820FF1F65
:10EC0000C020FF1F2008FF1F1D4A1E49536B2DE91E
:10EC1000F04343F480531C4DDFF87C80DFF87C9098
:10EC20001A4F1B4E5363002388F80030202889F8C0
:10EC300000303B7033702B7040F213358D6002F55D
:10EC4000103238BF20204FF45175CD60C0F34431ED
:10EC50001170C0F3471E0F4C82F801E000F01F0056
:10EC60002C2190724FF0E02C93701374D1704022DD
:10EC7000082384F82320CCF80431BDE8F08300BFDA
:10EC80000080044000C004409420FF1FC020FF1FEC
:10EC9000C820FF1F00E400E08420FF1F8C20FF1F1E
:10ECA000294B9B7800F0030203F0EC031343410768
:10ECB00000F00F02244948BF43F01003042A8B7070
:10ECC00003D18B7943F040038B711F4B5B79C206F4
:10ECD00003F0EF031C4A48BF43F0100353719379CC
:10ECE000194A03F0EF0310F0200C18BF43F0100393
:10ECF0009371C30506D553781178DBB241F020013A
:10ED00001170537010F4007017D00F490F488B78B2
:10ED10000F4A43F0A0038B7003780E4902EBC30245
:10ED200040F24633506840F24732BCF1000F08BF52
:10ED30001346094A03600A607047064B064A196881
:10ED4000914208BF1860704700C006402408FF1FAA
:10ED50008C1605009020FF1FD400D84238B5124B06
:10ED60005B6BDB041FD5114C237823B101F0E6F86F
:10ED70002378002BFAD10E4A0E494FF0E0240023ED
:10ED800040F203100825C4F88451D3708860C8602D
:10ED900009490A4C0A4809681579D2792370037029
:10EDA00009B101230B7038BD008004409420FF1F7F
:10EDB00000C0064000C004404020FF1F8420FF1F09
:10EDC0008C20FF1F0A4A38B50546137803F0FF046C
:10EDD000002BFAD101212846FEF736FC21462846B1
:10EDE000FEF7EEFB034A044B52F835201A6038BD9B
:10EDF0009420FF1F8C1605009020FF1F09B140F0E2
:10EE00008000124A1378834217D010B4104C646B00
:10EE1000E4040ED503F07F03082B02D10D4B002430
:10EE2000DC60002900F07F0314BF60214421082B1F
:10EE300004D010705DF8044B70477047054B41F4E7
:10EE40004071D96010705DF8044B70472408FF1FB3
:10EE50000080044000C00440704700BF0D4B5B6B56
:10EE600013F4805313D03F2803D90B4B00201860B4
:10EE700070470A4B10B5084C53F83030236001211D
:10EE8000FEF7E2FB236800221A70012010BD18462D
:10EE9000704700BF008004404020FF1F8C16050013
:10EEA0000C4B5B6B13F4805312D00E2809D10A4B24
:10EEB0000A4A40F202315960537B012003435373E5
:10EEC0007047064A537B03F0FE03002053737047DC
:10EED000184670470080044000C0044000C006404F
:10EEE000034B5B6BDB0401D5FFF718BE704700BF17
:10EEF0000080044079B170B5074E04464518736B25
:10EF0000DB0404F1010403D514F8010CFFF706FE3D
:10EF1000AC42F4D170BD70470080044010B5044C81
:10EF2000237823B101F00AF82378002BFAD110BD21
:10EF30009420FF1F084A094B11781A789142C8B2F1
:10EF4000D3B202D2013B181A7047054A1268013A3F
:10EF50001344181A704700BFC020FF1FC820FF1FAE
:10EF60002008FF1F064A074B11781A789142D0B249
:10EF70003CBF054A1268CBB238BF9B18181A7047BD
:10EF80008420FF1F8C20FF1F1C08FF1F1B4B1C49E8
:10EF90001A780B789A422ED010B55FFA82FE194A81
:10EFA000D8B21268431C9A4219D93F2B1BD85FFA7A
:10EFB00083FC1548C05CC0B281F800C013490968E1
:10EFC00061B19E453CBF7244D31A114A126828BFF2
:10EFD000AEEB03039A4201D300230B7010BD4FF038
:10EFE000000C6346E5E70B4C3F382468205C5FFA71
:10EFF00083FCC0B2E0E74FF0FF3070478420FF1F72
:10F000008C20FF1F1C08FF1F4420FF1F4020FF1FF4
:10F010001808FF1F8820FF1F0D4A0E4B11781B7820
:10F020009942DAB211D00C490968531C994207D9A8
:10F030003F2B06D9094B3F3A1B68985CC0B270471A
:10F040000023074AD05CC0B270474FF0FF307047D2
:10F050008420FF1F8C20FF1F1C08FF1F8820FF1F1C
:10F060004420FF1F054B064A1B7806491268DBB295
:10F070000B700AB100231370704700BF8C20FF1F74
:10F080004020FF1F8420FF1F30B43A4B1A799506A9
:10F0900024D5394D3949DB792A780C68D8B2531C0C
:10F0A0009C42D2B231D8364B1A7802F0FF0322B11B
:10F0B000002213463349C8542A703349096869B19C
:10F0C000324A10789842C2B28ABFA21A9B1A9B1881
:10F0D0002F4A12689A429CBF01230B70254AD378AD
:10F0E0001C06D9B21ED44A060DD5224B1B795B06ED
:10F0F00009D5284B28491B6800220A7003B11A70F1
:10F100001C4B2C22DA7030BC70471D49097899429B
:10F11000D3D03F2B2CD921493F3A09688854DAB221
:10F120002A70CAE713791806DDD51D4B17481D78DC
:10F1300003789D42DCB208D01A4A1268631C9A42D6
:10F1400006D9272B0DD8DAB204E06C23D370CAE7B6
:10F1500000221346144CE35CDBB2064CE3710270F0
:10F16000C1E7124A273C1568DAB22B5DDBB2F4E73F
:10F17000DAB29FE700C006408420FF1F1C08FF1F73
:10F180008C20FF1F4420FF1F4020FF1FC820FF1FAF
:10F190001408FF1F9020FF1F9420FF1F8820FF1FCF
:10F1A000C020FF1F2008FF1F9820FF1FC420FF1F43
:10F1B000094B10B4186068B101F14004074B0848CE
:10F1C00001F11A021A60074B046028315DF8044B04
:10F1D000196070474024F1E78820FF1F1808FF1FBF
:10F1E0001C08FF1F1408FF1F054B186018B1054BC2
:10F1F000283119607047034B28211960704700BF00
:10F20000C420FF1F2008FF1F704700BF704700BFCA
:10F21000704700BF431E032B16D872B60B4951F836
:10F22000230078B130B40A4CB0F800C034F8132091
:10F23000456841F82350A2EB0C0224F8132062B673
:10F2400030BC704762B67047002070475C21FF1FDA
:10F25000AC21FF1F013803280BD872B6074B53F8B7
:10F26000203043B100205B680130002BFBD162B637
:10F270007047002070471846F9E700BF8421FF1F40
:10F2800010B472B61A4A1B4C042312F8011B09076A
:10F2900043F0010C05D554F8331069B154F83C1013
:10F2A000C9B10433142BF0D162B6134B00221A708B
:10F2B0005DF8044B00F0A6BC0F4904EBC302083014
:10F2C00050600A780D4844F83300013A0A7062B67B
:10F2D0005DF8044B7047084A094904EBCC03083039
:10F2E0005860137844F83C10013B137062B6EFE7A6
:10F2F000081905000000FF1FB421FF1F880040000F
:10F30000C8004000421E032A0ED81C4B400140F0AA
:10F31000100010B4034472B6194CA05C03281DD829
:10F32000DFE800F01416031970470520A05413F00D
:10F33000080F088814BFC8228822083142EA004218
:10F3400059601A6062B65DF8044B70470320EDE720
:10F3500008330220EAE708330420E7E7094B53F8B3
:10F36000220038B1084B53F82200416043F82210C4
:10F3700062B6E8E743F82210034BF7E70000FF1FEF
:10F38000A421FF1F8421FF1F9421FF1F2DE9F04FAF
:10F39000DFF80CA3DFF80CB385B03DE0B04D9E085C
:10F3A00005EBC607013A796813F00803D4B2A1F15E
:10F3B000080040F0B88055F836204FEA124C120C85
:10F3C00021F808CC00F0A78021F8063C41F8043C65
:10F3D000A44B53F82420002A00F00182A24B53F8DA
:10F3E0002420506043F82400A04B33F814209444A8
:10F3F00023F814C000F0E6FB002800F0E98117F0C4
:10F40000080F9B4B00F1080018BF5B46786045F879
:10F41000363008238AF880309AF880305907DCB2F9
:10F420001BD5944B1B78ABB193490A7802F0FF03CC
:10F430002AB1013BDBB20B70002B00F046838F49F1
:10F440000A7802F0FF032AB1013BDBB20B70002BFC
:10F4500000F0EB8104238AF8803014F0080200F0F9
:10F46000CC819AF89020D3B2120997D1DFF8F091AD
:10F470009B0809EBC30459F833006468C0F38300A8
:10F4800009287CD00FD80138012808D87C4A158873
:10F4900042F22100854200F0FB8149F833B001239C
:10F4A0008AF89430B5E70D28F9D1D4E90007754DF5
:10F4B00049F833B0724E744CC9F8102083B240F250
:10F4C000816CC9F818202A6063454FF00102C6E933
:10F4D0000007227000F2FF80B3F5D06F80F0CB827E
:10F4E000B3F5817F00F0268240F2DE8040F20232E6
:10F4F00093427BD107F07F07042F00F20881020CB2
:10F5000040F00581614911F8273043F0020301F80A
:10F510002730134670E017F0080F554B18BF5B46B5
:10F5200045F8363075E700F06DFB5949594A51F8F6
:10F530002430002B00F05781586841F82400115DF9
:10F5400003F108007860032905D8DFE801F0120F05
:10F550001502042111551A8817F0080F14BFC8238B
:10F56000882343EA024345F8363052E70221115519
:10F57000F1E703211155EEE705211155EBE7414D68
:10F580002A683AB34449404C0F88444894F800E054
:10F590000678402F3B4628BF4023BEF1000F8EF077
:10F5A000010E84F800E046F0020486F001060670C1
:10F5B00009EBC400426014BFC820882040EA034021
:10F5C0001A44FB1A9BB249F834000B80002B00F060
:10F5D00036812A602A4B1A88B2F5A06F7FF45FAF9C
:10F5E0009A788AF8982000225A7058E7B3F5A06FED
:10F5F00040F08D8000221346B6F806C02748944597
:10F6000028BF944667460278402F28BF402742F023
:10F61000020E3E0409EBCE0846F0C806C8F80430D6
:10F6200049F83E6000263B442670BCEB070782F099
:10F630000106067040F01181BCF13F0F4FF001054B
:10F6400009D946F00206027009EBC6022570536024
:10F65000882349F8363001238AF894301FE700BF29
:10F660000000FF1F5C21FF1F6C21FF1FAC21FF1F4B
:10F6700088004000A821FF1FA921FF1FD421FF1FE0
:10F680007C21FF1F5021FF1F4D21FF1FC02007407D
:10F690008421FF1FA421FF1F4E21FF1F4C21FF1FAC
:10F6A00000200740C8004000802B00F08B81822B97
:10F6B0002DD107F07F07042F29D8A74A00231380F4
:10F6C000A64B13F827309F0740F1FC8101231370EC
:10F6D000A14B022290E742F2210C6345BBD01DD919
:10F6E00042F2212293420DD1BFB2002F82D19C4B16
:10F6F0001A689C4B1A609C4BC0F30740002218709C
:10F70000134679E742F2213293423FF473AF0F235D
:10F710008AF8C03001238AF89430C0E6B3F5086F48
:10F7200000F04A81B3F5106FF1D1904BC0F3074060
:10F730000425187059F835301A0606D40135142DF1
:10F740000CD059F835301A06F8D509EBC503013548
:10F750005868083800F056FA142DF2D1844A854BC7
:10F760000292854A0192854E854ADFF848820394C9
:10F77000009200251C4656F8047B2FB138467F685E
:10F7800000F040FA002FF9D1009BD8F8007043F840
:10F79000045B46F8045C00932FB138467F6800F0A4
:10F7A00031FA002FF9D1029B48F8045B43F8045B5F
:10F7B0000293019B23F8025B01932378023B032B06
:10F7C00000F20981DFE813F03F0104013F01040169
:10F7D0006C4A45F8360013780133137019E643F884
:10F7E0002400674BFEE5115D022926D07FF611AE9D
:10F7F00003291DD1012313550BE6E0076ED4210622
:10F8000021D4A20708D5604B93F888200221D2B2F8
:10F8100083F8882083F88010E30603D55A4B102222
:10F8200083F8802005B0BDE8F08F00F063FB11E69F
:10F8300017F0080F14BF032302231355E9E53F2FE8
:10F8400098BF0022C5E6504B80220D2183F8C010DE
:10F8500083F88020A207DFD5D5E746F002060270C4
:10F86000402F09EBC6003A4628BF402243601004EF
:10F87000134440F088000121BA1A49F8360021707B
:10F8800055D02B60414B1A8001238AF8943006E64C
:10F8900092885AB93E4AE51D14F8011B02F8011F6F
:10F8A000AC42F9D13B4A1268862A3CD03A4C3B48DC
:10F8B00025780278002D85F00105257042F00204BC
:10F8C00082F00102027009EBC4024FF000005060A8
:10F8D00014BFC822882249F83420DEE52A4B2F487D
:10F8E0002F49304C022583F8945002702E480C604A
:10F8F0002E4D48608C600D24CD60FF200A618A6126
:10F9000083F8C04001219F2483F8880083F8800099
:10F9100083F8982083F88C0083F8844083F894104F
:10F9200005B0BDE8F08F224A0F201070BEE73F2FD0
:10F93000A7D890E607F07F07042F3FF6E8AE000C4B
:10F940007FF4E5AE054A12F8273023F0020302F8EF
:10F950002730002213464FE65421FF1FC0200740E6
:10F960000C1FFF1FD021FF1FCC21FF1FA821FF1F4D
:10F970009421FF1FA421FF1FAC21FF1F5C21FF1F4B
:10F980006C21FF1FB421FF1F002007404E21FF1FE5
:10F99000C321FF1FC421FF1F4D21FF1F4C21FF1F4B
:10F9A0000000FF1F88004000CC20FF1F0C21FF1F1C
:10F9B000A921FF1F8421FF1F484B49491B780B7069
:10F9C0000B4619E6464A00231380454B022213E6F4
:10F9D0004FF001032370434BB34204F101047FF461
:10F9E000CAAE414E039CDFF81481404F00233370B0
:10F9F000042518F8013B3E4AAB541B0725D445F0BB
:10FA0000020145F0030204350023142D49F831307A
:10FA100049F83230EDD1374F25783A7842F002007C
:10FA200009EBC00C85F00106CCF80430002D4DD157
:10FA3000882382F0010226703A7049F830300123A1
:10FA40008AF894302BE52570C5E700F0BBF8002854
:10FA500032D009EBC5030830586049F8357000F022
:10FA6000B1F808B345F0010309EBC3020830506058
:10FA700049F833B0C3E7204A5368002B3FF447AE40
:10FA8000000CBFB204E013690C32002B3FF43FAE10
:10FA900011888142F7D15188B942F4D1000A032874
:10FAA0000CBF1A781289A7E533780133337045F01B
:10FAB000010349F83300A2E7337849F835000133F0
:10FAC0003370CCE7064B022296E500BE2670C823B1
:10FAD00082F001063E7049F83030BCE5A821FF1FD6
:10FAE0005421FF1F6C21FF1FB421FF1F880040001D
:10FAF000C02007404C21FF1FB4180500081905005D
:10FB000010B500F021FB00231E4A194642F83310BD
:10FB100002EBC3000133142B4160F7D11A481B4C90
:10FB2000436B43F480234363D4F80008184B40F040
:10FB30004070C4F80008C2F3072CC2F30744120E49
:10FB400083F89CC083F8B04083F8B420114AFF20AA
:10FB50004FF0010C83F8800083F88800187483F854
:10FB600094C011700C4983F884C0702081F835006E
:10FB70004FF0E0214FF400101023C1F8040113727C
:10FB800010BD00BF0000FF1F0080044000D00040F7
:10FB9000002007400021074000E400E000F0ACB87E
:10FBA00000F07CB800F056B800F090B800F076B9DC
:10FBB00000F050B90846114600F0BAB8084600F007
:10FBC0003BB900BF72B60D490B68B3FA83F00B283E
:10FBD00010DC4FF00042C24023EA02030B6062B621
:10FBE000074A00EBC000C10002EBC00000235350E5
:10FBF0004360704762B60020704700BF3808FF1F9F
:10FC00009803FF1F0E4BC31AB3F5587F10D20D4A4D
:10FC1000127872B972B60C4A0C49A2FB0323086829
:10FC20004FF000421B0922FA03F303430B6062B654
:10FC30007047074A1278002AECD0FFF721BB00BFBB
:10FC40009803FF1FB421FF1F398EE3383808FF1FC8
:10FC5000A821FF1F38B50F4C206878B1438802886F
:10FC6000C11801339A420D7A02D94380284638BD23
:10FC7000FFF7C8FF00232360284638BD064B1B78DA
:10FC80002BB10320FFF7C6FA20600028E6D14FF021
:10FC9000FF35EBE7B821FF1FA821FF1F10B5094C66
:10FCA000206818B143881844007A10BD064B1B78B1
:10FCB0002BB10320FFF7AEFA20600028F2D14FF0FD
:10FCC000FF3010BDB821FF1FA821FF1F084B094AB4
:10FCD0001B6810B594881BB11A885B88D31A1C4422
:10FCE0000CB1204610BD00F029F9204610BD00BF20
:10FCF000B821FF1FAC21FF1F0B4B1B789BB110B528
:10FD00000A4C206848B1FFF77DFF002303202360E1
:10FD1000FFF780FA30B1FFF775FF0320FFF77AFA9B
:10FD20000028F8D110BD7047A821FF1FB821FF1F80
:10FD30002DE9F04FDFF8F49083B0012289F800201C
:10FD4000019179B3374FDFF8E880019D364EDFF837
:10FD5000E4A083463868A8B3B0F802E0CEF1400CC6
:10FD6000AC4528BFAC460EEB0C040022A4B23270A6
:10FD7000A5EB0C05448000F10802BCF1000F0AD08D
:10FD80000EF1FF3E7244DC441BF8014B02F8014FB8
:10FD9000DC45F9D144883F2C0BD805228AF8002095
:10FDA000002DD7D10198002389F8003003B0BDE8B9
:10FDB000F08F4022028001460420FFF7A3FA0022C0
:10FDC0003A60EAE798F8002022B34DF2E90408E02F
:10FDD000013C18D03278B2B900F0B0F898F80020A1
:10FDE000C2B10420FFF736FA0728F1D84FF001031B
:10FDF00089F80030FFF7E6FE38600028ACD1013CFE
:10FE000089F80000E6D101234FF0FF30337003B0D2
:10FE1000BDE8F08F00234FF0FF3089F8003003B0C9
:10FE2000BDE8F08FC021FF1FBC21FF1FBD21FF1FB8
:10FE3000A821FF1FD421FF1F00B583B00346012175
:10FE40000DF107008DF80730FFF772FF03B05DF882
:10FE500004FB00BF38B50E4D0E4C286801232370FB
:10FE600028B140880023C0F14000237038BD0A4B00
:10FE70001B7813B90020207038BD0420FFF7EAF981
:10FE80000728F7D8FFF79EFE28600028E9D1F1E7A0
:10FE9000C021FF1FBD21FF1FA821FF1FF8B5114B77
:10FEA0001B788BB1104E114D346801272F7064B14F
:10FEB0000F4B00271F706388238021460420FFF723
:10FEC00021FA376000232B70F8BDFFF77BFE084B4B
:10FED000014620B104201C70FFF714FAF2E71F70EE
:10FEE000F0E700BFA821FF1FC021FF1FBD21FF1F9A
:10FEF000D421FF1F38B50E4B1B7853B90D4C216828
:10FF000041B103F0FF054B880B800420FFF7FAF99D
:10FF1000256038BDFFF756FE014620B1BDE83840E8
:10FF20000420FFF7EFB9044B01221A7038BD00BF5F
:10FF3000BD21FF1FC021FF1FD421FF1F2DE9F84362
:10FF4000324E337863B1324F3A784AB90122D90739
:10FF50003A7043D49A0726D400225B073A7001D442
:10FF6000BDE8F8832B4B1A68002AF9D0EFF305821D
:10FF7000002AF5D1EFF3108572B6186800283AD040
:10FF8000254C2178002936D142691A60012323705B
:10FF9000002A37D0916105B962B60025836845779C
:10FFA00098472570DCE7DFF87C8098F80020002A6D
:10FFB000D2D00025DFF870902B4659F823402368F3
:10FFC00020461B690135984708B12369984798F87E
:10FFD0000020EBB29A42F0D83378BDE7FFF776FE07
:10FFE00068B90E4B1B780BB93378B3E7337803F05D
:10FFF000FE033370AEE7002DB2D162B6B0E700F079
:020000024000BC
:10000000A1F8EEE7064B1A60C5E700BF3C08FF1FEA
:10001000D521FF1F901EFF1F9C1EFF1F14150500FA
:10002000A01EFF1FF021FF1FD821FF1F70B4104E2C
:10003000104D3478D4B1621ED2B2291D2B4601EB8B
:10004000820101E08B4205D053F8042B8242F9D1A2
:1000500070BC7047631CDBB2074A3370137845F8F5
:10006000240043F00203137070BC70470123F3E7D0
:10007000F021FF1FD821FF1F3C08FF1F2A4B2B4AEE
:100080006020E1211870597013782948082B34D06A
:100090000A2B20D00C2B274B0CBF35215D211222BF
:1000A0008160C2609960DA60234B21491B78214A44
:1000B000CBB101230B621362204B1D491B781D4AF3
:1000C000012B13D9042B1BD884234B6253621C4B86
:1000D00001221A707047174B392113228160C260C8
:1000E0009960DA60E0E70B621362E5E780234B6218
:1000F0005362134B01221A7070470E4B2121ECE71B
:10010000082B06D885234B6253620D4B01221A70CF
:100110007047102B94BF862387234B625362084B92
:1001200001221A70704700BF004007403D08FF1FC2
:1001300000B0034000B00B40F121FF1F3E08FF1F3D
:10014000F221FF1F704700BF10B584B072B6164A87
:1001500016495160702080231070137013781B06AD
:10016000FCD5D06862B6124B124C984238BF00EBF7
:10017000800001A938BF40000A22FDF777F901A9E4
:100180002046002311F8012B01333AB10A2B20F845
:10019000022FF7D11623237004B010BD5B00DBB231
:1001A000237004B010BD00BF0000024000000741F2
:1001B00080969800CC08FF1F08B52DED028BF0EE5D
:1001C000408AB0EE608A00F0B1F9F4EE488AF1EEB0
:1001D00010FA06D6DFED098AB4EE688AF1EE10FA5D
:1001E00002D0BDEC028B08BD04F0CCF988EEA80A61
:1001F000BDEC028B2123036008BD00BF000000009E
:1002000008B52DED028BB0EE408A00F053F8B4EE45
:10021000488AF1EE10FA06D6DFED098AB4EEE88AD4
:10022000F1EE10FA02D4BDEC028B08BD04F0AAF97D
:1002300088EEA80ABDEC028B2123036008BD00BF35
:100240000000000010EE103A184A23F000439342D9
:100250001BDDB3F1FF4F02DB30EE400A704700B503
:1002600083B0684600F0F2F900F003000128DDEDEC
:10027000010A9DED000A0CD0022812D070B10120B5
:1002800000F00CF903B05DF804FBDFED090A00F0A3
:1002900083B800F003F9B1EE400AF3E700F07CF810
:1002A000F0E700F079F8B1EE400AEBE7D80F493FEC
:1002B00000000000B1EEC00A704700BF10EE102A27
:1002C000C2F3C7537F3B162B22F000412ADC002BE0
:1002D00010EE100A18DB1A4919410A4221D0DFED4D
:1002E000197A70EE277AF5EEC07AF1EE10FA18DD81
:1002F000002A04DA4FF4000242FA03F3184420EA19
:10030000010300EE103A7047DFED0E7A70EE277AA7
:10031000F5EEC07AF1EE10FA03DD002A08DB9FED5E
:100320000A0A7047B1F1FF4FFBD330EE000A704765
:10033000FFEE007A002918BFB0EE670A704700BFD1
:10034000FFFF7F00CAF249710000000010EE103A72
:10035000C3F3C7527F3A162A10EE101A15DC002A92
:100360000CDB0C481041034205D04FF480031341CD
:100370000B4423EA000300EE103A7047013203F009
:100380000043F8D143F07E53F5E7802AF3D130EEF5
:10039000000A7047FFFF7F0010EE103A23F0004381
:1003A000B3F1485F2CDAFDEEC07A17EE903A002BDD
:1003B00060D020EE007ADFED317A9FED315ADFED2B
:1003C000315A9FED316ADFED316AA7EE275ADFED32
:1003D000307AE7EE055AA7EE256AE7EE067AE7EEF1
:1003E000276A67EE266A60EEC00AF6EE007AE7EE4C
:1003F000260AB7EE000AD7EE270A30EE600A7047E9
:1004000020EE007ADFED1D7A9FED1D5ADFED1D5ABB
:100410009FED1D6ADFED1D6A1E4AA7EE275A934223
:10042000DFED1B7AE5EE075AA5EE876AE6EE077A5E
:10043000E7EE876A66EE876AD5DD174A934214DCD9
:1004400003F17F4307EE903AB7EE006A36EE676A33
:1004500060EEC00AF6EE005AD7EE257AE7EE260ADD
:1004600077EEE07A36EE670A7047B6EE076AF5EE89
:10047000027AEDE7B7EE000A704700BF4ED747ADEE
:10048000F6740F317CF293B4010DD037ABAA2A3D3C
:10049000610BB6BA9999993E0000483F10EE103AA8
:1004A00023F00043B3F1485F04DAFDEEC07A17EEA3
:1004B000903A5BB360EE007A9FED157ADFED155A46
:1004C0009FED156ADFED156AE7EE875A9FED147A06
:1004D000A5EEA76A20EE275AE6EE276AA6EEA77ACF
:1004E00030B9DFED106AE7EE876AA6EE850A70473D
:1004F00027EE457AF6EE006AA0EEA67ADFED0A6AEC
:10050000D7EE270AE5EE260A30EE600A704700BFF4
:10051000D3C92E2F342FD7B21BEF3836010D50B967
:100520008988083CABAA2ABEABAA2A3E30B583B064
:10053000CDED010A019D35F0004041D010EE10EAEA
:100540002EF00041B1F1FF4F3ADAB0F1FF4F37DC46
:1005500081423BDB0EF000443AD01EF0FF4F56D1F3
:100560000B02002B6FF07D0204DD5B00002B02F11B
:10057000FF32FADC15F0FF4F58D103026FF07D0C0B
:1005800003D45B000CF1FF3CFBD512F17E0F47DB7F
:10059000CEF3160E4EF400031CF17E0F3ADBC5F3CA
:1005A000160141F40000B2EB0C0204D117E00FD0A9
:1005B0004B00013A13D0191A0029F8DA5B00F8E76A
:1005C000DDED017A60EE277A87EEA70A03B030BD31
:1005D0001D4B03EB547393ED000A03B030BD181AA2
:1005E00058BF03461BB9F3E75B000CF1FF3CB3F5C2
:1005F000000FF9DB1CF17E0F1DDBA3F500030CF1EE
:100600007F0C234343EACC5300EE103ADEE7CA15D1
:100610007F3AAFE76FF07D01A1EB0C018840C2E7A4
:100620006FF07D039B1A01FA03F3B5E74FEAE05C34
:10063000ACF17F0CA9E76FF07D02A2EB0C02134135
:10064000234300EE103AC1E70C19050070B510EE17
:10065000103A884A23F00044944286B0054670DD83
:10066000854A944210EE106A22DC002BDFED837A7B
:10067000834A24F00F04B0EE407A40F3E2809442C3
:1006800070EE677A09BFDFED7F6A9FED7F7A9FED9D
:100690007F7A77EEE67A012077EEC76A77EEE67A20
:1006A000C5ED006A77EEC77AC5ED017A06B070BD78
:1006B000774A944254DDB4F1FF4F49DAE215863AA5
:1006C000A4EBC25307EE903ABDEEE77ADFED716A14
:1006D000B8EEC77A77EEC77A8DED037A67EEA67A21
:1006E000BDEEE77AB8EEC77A77EEC77A8DED047A79
:1006F00067EEA67AF5EE407AF1EE10FACDED057AC6
:1007000040F08E80B5EE407AF1EE10FA14BF02236D
:100710000123614901910221009103A8294600F0BB
:10072000CDF8002EC2DA95ED007AD5ED017AB1EE62
:10073000477AF1EE677A85ED007AC5ED017A40429D
:10074000B4E7002285ED000A4260002006B070BDCB
:1007500070EE407A0020C5ED017AC5ED007AA5E77C
:1007600000F0A4F89FED4D7A9FED446AF6EE007A12
:10077000E0EE077A9FED447AFDEEE77A17EE900AF5
:10078000F8EEE76A1F28A6EEC60A66EE877AB1EE93
:10079000666A1EDC424A411E24F0FF0352F8212003
:1007A000934216D030EE677A85ED007A30EE470A34
:1007B000002E30EE670A85ED010ABFF677AFB1EE85
:1007C000477AB1EE400A85ED007A85ED010A404294
:1007D0006CE730EE677AE21517EE103AC3F3C753B1
:1007E000C3EBD453082BDFDD9FED267A9FED275A0C
:1007F000F0EE405AE6EE075A70EE657AE6EE077ABA
:10080000D6EE857A35EEE77A17EE103AC3F3C75382
:10081000D21A192A06DCB0EE650A85ED007AC5E722
:10082000032376E79FED1F7A9FED1F5AB0EE650A0E
:10083000A6EE070A75EEC07AE6EE077AD6EE857A5E
:10084000B0E7944270EE277A09BFDFED0E6A9FEDA4
:100850000E7A9FED0E7A77EEA67A4FF0FF3077EEA4
:10086000876A77EEE67AC5ED006A77EE877AC5ED9E
:10087000017A1BE7D80F493FE3CB1640800FC93FF1
:10088000D00FC93F004435374344353708A3852E80
:10089000800F4943000080439419050084F9223FEA
:1008A0001419050000A3852E32318D2410EE103A64
:1008B00023F0004300EE103A704700BF2DE9F04FDF
:1008C0002DED048BDBB01C4603930691A04B689979
:1008D000089253F82150111D824604F1FF38C0F2EE
:1008E0009882D31E48BF131DDB1002930133DB0037
:1008F0000793DDE907239B1A0593029B15EB08017B
:10090000A3EB080316D401319FED927A699819443C
:100910001EAA002BA4BF50F8234007EE904A03F113
:100920000103ACBFF8EEE77AF0EE477A8B42E2ECD7
:10093000017AEED1002DC0F2DB82039B1EAA02EBEE
:10094000830446AE4FEA830C4046EF180AEB83015E
:10095000B8F1000FDFED7F7A09DB22465346F3EC56
:10096000016A32ED017A8B42E6EE877AF7D10130E7
:10097000B842E6EC017A04F10404E9D10AAF07EBCE
:100980008503043B9FED759ADFED738A0598049308
:100990000AEB0C0407EB850946AE00955AAB03EB56
:1009A0008503002D13ED140A4FEA850B16DD06EBC7
:1009B00085033A4660EE097AB0EE407AFDEEE77ABA
:1009C00073ED016AF8EEE77AB342A7EEE87A37EE04
:1009D000A60ABDEEC77AA2EC017AEBD1019000F035
:1009E00099FAB0EE408AB4EE000A28EE000AFFF74A
:1009F00065FCF2EE007AA0EE678A01980028FDEE11
:100A0000C89AF8EEE97A38EE678A76DD05F1FF3E9E
:100A1000C0F1080357F82E2042FA03FC0CFA03F346
:100A2000D31AC0F1070119EE902A47F82E300B4176
:100A30006244002B09EE902A67DCB5EE408AF1EEA5
:100A400010FA40F0BE80009A05F1FF3B5A450EDCDB
:100A50004FEA850C07EB850200219E4652F8043DC3
:100A60004A4541EA0301F9D1002940F0F180009B99
:100A7000013B57F82330002B40F0E680049B4FF0F9
:100A8000010C53F8042D0CF1010C002AF9D06B1C59
:100A9000AC449E460299039A01EB030B0BF1804B89
:100AA00069992A440BF1FF3B06EB83051EAB01EB72
:100AB0008B0B03EB8201DBED017A9FED267AF8EEDA
:100AC000E77AB8F1000F0BF1040BC1ED007A0A468A
:100AD00001F1040109DB534601E072ED017AF3EC08
:100AE000016AA342A6EEA77AF7D10EF1010EE64500
:100AF000A5EC017ADFDD654650E740F09B806B1E78
:100B000057F82330DB11002B97DD19EE902A002DCA
:100B100002F1010209EE902A40F39181396800291F
:100B20007ED1012D26D03A464FF0010C52F8041F19
:100B3000002979D00CF10102C1F58071954247F886
:100B40002C1016DD57F82210BB4407EB82020AE096
:100B5000D81C050000000000000080430000803B1E
:100B60000000C93F1168C1F1FF0142F8041B5A455A
:100B7000F8D1012100280CDD012800F04181022874
:100B800007D105F1FF3C57F82C2002F03F0247F84F
:100B90002C20022B7FF451AFB7EE000A30EE488ACA
:100BA00000293FF44AAF0993019000F0B3F938EE01
:100BB000408A099B0198B5EE408AF1EE10FA3FF4A5
:100BC00042AF9846DDE90732B0EE480A981A01951F
:100BD000009D00F09FF91FED207A019BB4EEC70A3B
:100BE000F1EE10FAC0F255815FED247A059A60EEBD
:100BF000277A0832FDEEE77A0592F8EEE77A03F1FC
:100C0000010BA7EEC70AFDEEE77ABDEEC00A10EEB3
:100C1000102A47F8232017EE903A47F82B302BE0A4
:100C200001224FF0000C87E70CF1010CAC457FF47A
:100C30007DAF9FE7F6EE007AB4EEE78AF1EE10FAA8
:100C400080F2EC800023F8E66B1C9E469C4621E770
:100C5000059B009DA3F1080257F82B300592F04642
:100C600053B9ACF104033B4453F8041D0BF1FF3BB3
:100C7000083A0029F8D005920598B7EE000A00F06E
:100C800049F9BBF1000FC0F229810BF1010646AA18
:100C90001FED4E7A4FEA860C07EB860302EB8602C5
:100CA00073ED017AF8EEE77ABB4267EE807A20EEC8
:100CB000070A62ED017AF3D1ACF1040346AA002DD4
:100CC0001FED596A02EB03044FF0000022DB8F494D
:100CD000DFED8F7AB0EE467A2246002303E0984299
:100CE00008DBB1EC017AF2EC016A01339D42E6EED9
:100CF000877AF4DA5AAB03EB8003584543ED287A40
:100D00004FEA800100F10102A4F1040405D0002D96
:100D10001046DCDADFED7E7AECE7689A022A1DDC09
:100D2000002A00F38E8010D132ABDFED797A9C443B
:100D30003CED017A634577EE877AF9D143460BB1F2
:100D4000F1EE677A069BC3ED007A19EE903A03F054
:100D500007005BB0BDEC048BBDE8F08F689A032AF6
:100D6000F3D1BBF1000F00F0CB8032A813ED287A4D
:100D700000EB8B020BF1804372ED017AF0EE476AD3
:100D800037EE277A904277EEC77A82ED007A77EED7
:100D9000A67AC2ED017AEFD1BBF1010F40F3B0802A
:100DA00001F5B4720DEB020111ED287A9A0033A916
:100DB00000EB830373ED017AF0EE476A37EE277A92
:100DC000994277EEC77A83ED007A77EEA67AC3ED83
:100DD000017AEFD1131DDFED4E7A0344083033ED75
:100DE000017A984277EE877AF9D14346002B58D1A1
:100DF0000699329A339B0A604B60C1ED027AA4E7F0
:100E000005F1FF3C57F82C2002F07F0247F82C2018
:100E1000BFE608230793002302936AE519EE903A90
:100E2000002D03F1010309EE903AC8BF02233FF7FA
:100E300075AEF7EE007A37EEC88A0223FDE5002191
:100E400098E632ABDFED327A03EB860636ED017AB7
:100E5000B34277EE877AF9D143469DED327A93BB60
:100E6000069BBBF1000FC3ED007A77EE677A0CDDCD
:100E700033AA0123B2EC017A01339B4577EE877ADE
:100E8000F8DA43460BB1F1EE677A069BC3ED017ABF
:100E90005BE7BDEEC00A9B4610EE102A47F8232000
:100EA000EAE6DDED326A9DED337A069BF1EE666A85
:100EB000B1EE477AF1EE677AC3ED006A83ED017A0D
:100EC000C3ED027A41E7069BF1EE676ABBF1000FC2
:100ED00077EE677AC3ED006ACADCD4E7689B022B21
:100EE0000ADC002B0FDC7FF430AFDFED097A25E759
:100EF000039B4FEA830C41E5689B032B7FF425AFEE
:100F0000DFED037A71E7DFED027AA5E7B01C05009B
:100F10000000000010EE103A33F0004110EE102AED
:100F200028D0B1F1FF4F22D213F0FF4F23D1DFEDD4
:100F30002C7A2C4A60EE277A904217EE903A34DBF6
:100F40004CF2503CC3F3C751604517EE902AA1F113
:100F5000190116DDDFED247ADFED246A002BB0EEF7
:100F6000677AB8BFF0EE667A27EE870A704730EEF0
:100F7000000A704770474CF2503C60454FEAD1512F
:100F8000E8DC0144FE29E5DC002915DC11F1160F2F
:100F900019DB193122F0FF4242EAC15207EE902AD2
:100FA0009FED130A27EE800A7047DFED127A07EEF5
:100FB000103A27EE270A704722F0FF4242EAC15357
:100FC00000EE103A7047DFED0B7ADFED0B6A002B75
:100FD000B0EE677AB8BFF0EE667A27EE870A704700
:100FE0000000004CB03CFFFFCAF24971CAF249F15F
:100FF000000000336042A20D6042A28D0346084605
:10100000194602F08DBC00BF81F0004102E000BF34
:1010100083F0004330B54FEA41044FEA430594EAB8
:10102000050F08BF90EA020F1FBF54EA000C55EAF3
:10103000020C7FEA645C7FEA655C00F0E2804FEAC4
:101040005454D4EB5555B8BF6D420CDD2C4480EAA6
:10105000020281EA030382EA000083EA010180EAD6
:10106000020281EA0303362D88BF30BD11F0004F24
:101070004FEA01314FF4801C4CEA113102D040425A
:1010800061EB410113F0004F4FEA03334CEA133395
:1010900002D0524263EB430394EA050F00F0A780AD
:1010A000A4F10104D5F1200E0DDB02FA0EFC22FAA8
:1010B00005F2801841F1000103FA0EF2801843FA9C
:1010C00005F359410EE0A5F120050EF1200E012A8D
:1010D00003FA0EFC28BF4CF0020C43FA05F3C018CB
:1010E00051EBE37101F0004507D54FF0000EDCF144
:1010F000000C7EEB00006EEB0101B1F5801F1BD3ED
:10110000B1F5001F0CD349085FEA30004FEA3C0CF0
:1011100004F101044FEA445212F5800F80F09A80E6
:10112000BCF1004F08BF5FEA500C50F1000041EBEA
:10113000045141EA050130BD5FEA4C0C404141EBEE
:101140000101013C28BFB1F5801FE9D291F0000FE9
:1011500004BF01460020B1FA81F308BF2033A3F198
:101160000B03B3F120020CDA0C3208DD02F1140C8F
:10117000C2F10C0201FA0CF021FA02F10CE002F1CA
:101180001402D8BFC2F1200C01FA02F120FA0CFCC3
:10119000DCBF41EA0C019040E41AA2BF01EB04510C
:1011A000294330BD6FEA04041F3C1CDA0C340EDC0A
:1011B00004F11404C4F1200220FA04F001FA02F34D
:1011C00040EA030021FA04F345EA030130BDC4F10B
:1011D0000C04C4F1200220FA02F001FA04F340EA00
:1011E0000300294630BD21FA04F0294630BD94F0B1
:1011F000000F83F4801306BF81F480110134013D98
:101200004EE77FEA645C18BF7FEA655C29D094EA08
:10121000050F08BF90EA020F05D054EA000C04BF86
:101220001946104630BD91EA030F1EBF0021002071
:1012300030BD5FEA545C05D14000494128BF41F010
:10124000004130BD14F580043CBF01F5801130BD74
:1012500001F0004545F0FE4141F470014FF00000FF
:1012600030BD7FEA645C1ABF194610467FEA655CB0
:101270001CBF0B46024650EA013406BF52EA033552
:1012800091EA030F41F4002130BD00BF90F0000F40
:1012900004BF0021704730B54FF4806404F132047C
:1012A0004FF000054FF0000150E700BF90F0000F35
:1012B00004BF0021704730B54FF4806404F132045C
:1012C00010F0004548BF40424FF000013EE700BF2C
:1012D00042004FEAE2014FEA31014FEA02701FBFBC
:1012E00012F07F4393F07F4F81F06051704732F0EE
:1012F0007F4208BF704793F07F4F04BF41F4002145
:10130000704730B54FF4607401F0004521F00041A2
:101310001CE700BF50EA010208BF704730B54FF02C
:1013200000050AE050EA010208BF704730B511F02D
:10133000004502D5404261EB41014FF4806404F165
:1013400032045FEA915C3FF4D8AE4FF003025FEAEB
:10135000DC0C18BF03325FEADC0C18BF033202EB6F
:10136000DC02C2F1200300FA03FC20FA02F001FAC9
:1013700003FE40EA0E0021FA02F11444BDE600BF6C
:1013800070B54FF0FF0C4CF4E06C1CEA11541DBF1B
:101390001CEA135594EA0C0F95EA0C0F00F0DEF8E6
:1013A0002C4481EA030621EA4C5123EA4C5350EACB
:1013B000013518BF52EA033541F4801143F480131C
:1013C00038D0A0FB02CE4FF00005E1FB02E506F0AD
:1013D0000042E0FB03E54FF00006E1FB03569CF002
:1013E000000F18BF4EF0010EA4F1FF04B6F5007F08
:1013F00064F5407404D25FEA4E0E6D4146EB06067A
:1014000042EAC62141EA55514FEAC52040EA5E5002
:101410004FEACE2EB4F1FD0C88BFBCF5E06F1ED8AC
:10142000BEF1004F08BF5FEA500E50F1000041EBE3
:10143000045170BD06F0004646EA010140EA020090
:1014400081EA0301B4EB5C04C2BFD4EB0C0541EAB2
:10145000045170BD41F480114FF0000E013C00F3C7
:10146000AB8014F1360FDEBF002001F0004170BDEB
:10147000C4F10004203C35DA0C341BDC04F1140404
:10148000C4F1200500FA05F320FA04F001FA05F290
:1014900040EA020001F0004221F0004110EBD3705D
:1014A00021FA04F642EB06015EEA430E08BF20EA89
:1014B000D37070BDC4F10C04C4F1200500FA04F32C
:1014C00020FA05F001FA04F240EA020001F00041BE
:1014D00010EBD37041F100015EEA430E08BF20EA31
:1014E000D37070BDC4F1200500FA05F24EEA020E79
:1014F00020FA04F301FA05F243EA020321FA04F0A8
:1015000001F0004121FA04F220EA020000EBD3705E
:101510005EEA430E08BF20EAD37070BD94F0000F5E
:101520000FD101F00046400041EB010111F4801F92
:1015300008BF013CF7D041EA060195F0000F18BF43
:10154000704703F00046520043EB030313F4801F7F
:1015500008BF013DF7D043EA0603704794EA0C0F39
:101560000CEA135518BF95EA0C0F0CD050EA41064F
:1015700018BF52EA4306D1D181EA030101F00041CC
:101580004FF0000070BD50EA410606BF10461946F4
:1015900052EA430619D094EA0C0F02D150EA013600
:1015A00013D195EA0C0F05D152EA03361CBF104641
:1015B00019460AD181EA030101F0004141F0FE41E0
:1015C00041F470014FF0000070BD41F0FE4141F464
:1015D000780170BD70B54FF0FF0C4CF4E06C1CEA64
:1015E00011541DBF1CEA135594EA0C0F95EA0C0F19
:1015F00000F0A7F8A4EB050481EA030E52EA0335D4
:101600004FEA013100F088804FEA03334FF08055F4
:1016100045EA131343EA12634FEA022245EA111521
:1016200045EA10654FEA00260EF000419D4208BFD2
:10163000964244F1FD0404F5407402D25B084FEA7F
:101640003202B61A65EB03055B084FEA32024FF42B
:1016500080104FF4002CB6EB020E75EB030E22BF88
:10166000B61A754640EA0C005B084FEA3202B6EB48
:10167000020E75EB030E22BFB61A754640EA5C00F7
:101680005B084FEA3202B6EB020E75EB030E22BF87
:10169000B61A754640EA9C005B084FEA3202B6EB88
:1016A000020E75EB030E22BFB61A754640EADC0047
:1016B00055EA060E18D04FEA051545EA16754FEAA9
:1016C00006164FEAC30343EA52734FEAC2025FEAC7
:1016D0001C1CC0D111F4801F0BD141EA00014FF056
:1016E00000004FF0004CB6E711F4801F04BF014327
:1016F0000020B4F1FD0C88BFBCF5E06F3FF6AFAE43
:10170000B5EB030C04BFB6EB020C5FEA500C50F1D2
:10171000000041EB045170BD0EF0004E4EEA113155
:1017200014EB5C04C2BFD4EB0C0541EA045170BD5C
:1017300041F480114FF0000E013C90E645EA060EA0
:101740008DE60CEA135594EA0C0F08BF95EA0C0FCE
:101750003FF43BAF94EA0C0F0AD150EA01347FF416
:1017600034AF95EA0C0F7FF425AF104619462CE7ED
:1017700095EA0C0F06D152EA03353FF4FDAE104650
:10178000194622E750EA410618BF52EA43067FF4A1
:10179000C5AE50EA41047FF40DAF52EA43057FF431
:1017A000EBAE12E74FF0FF3C06E000BF4FF0010C3C
:1017B00002E000BF4FF0010C4DF804CD4FEA410CA0
:1017C0007FEA6C5C4FEA430C18BF7FEA6C5C1BD06D
:1017D00001B050EA410C0CBF52EA430C91EA030FEE
:1017E00002BF90EA020F0020704710F1000F91EA4B
:1017F000030F58BF994208BF90422CBFD8176FEA19
:10180000E37040F0010070474FEA410C7FEA6C5CE6
:1018100002D150EA013C07D14FEA430C7FEA6C5CED
:10182000D6D152EA033CD3D05DF8040B704700BF19
:101830008446104662468C461946634600E000BF67
:1018400001B5FFF7B7FF002848BF10F1000F01BD39
:101850004DF808EDFFF7F4FF0CBF012000205DF804
:1018600008FB00BF4DF808EDFFF7EAFF34BF012089
:1018700000205DF808FB00BF4DF808EDFFF7E0FF22
:1018800094BF012000205DF808FB00BF4DF808ED73
:10189000FFF7CEFF94BF012000205DF808FB00BFDA
:1018A0004DF808EDFFF7C4FF34BF012000205DF8BC
:1018B00008FB00BF4FEA410C7FEA6C5C02D150EAA2
:1018C000013C0AD14FEA430C7FEA6C5C02D152EA38
:1018D000033C02D14FF0000070474FF00100704709
:1018E0004FEA410212F5001215D211D56FF4787348
:1018F000B3EB625212D94FEAC12343F0004343EAEB
:10190000505311F0004F23FA02F018BF40427047C5
:101910004FF00000704750EA013005D111F000404F
:1019200008BF6FF0004070474FF00000704700BFE5
:101930004A0011D212F5001211D20DD56FF478734E
:10194000B3EB62520ED44FEAC12343F0004343EAA3
:10195000505323FA02F070474FF00000704750EAEE
:10196000013002D14FF0FF3070474FF00000704758
:101970004FEA4102B2F1E04324BFB3F5001CDCF1B1
:10198000FE5C0DD901F0004C4FEAC0024CEA5070E9
:10199000B2F1004F40EB830008BF20F00100704718
:1019A00011F0804F21D113F13872BCBF01F000401B
:1019B000704741F480114FEA5252C2F11802C2F14D
:1019C000200C10FA0CF320FA02F018BF40F00100CE
:1019D0004FEAC1234FEAD32303FA0CFC40EA0C0080
:1019E00023FA02F34FEA4303CCE77FEA625307D1BD
:1019F00050EA01331EBF4FF0FE4040F440007047F4
:101A000001F0004040F0FE4040F40000704700BF8D
:101A100080F0004002E000BF81F0004142001FBFA3
:101A20005FEA410392EA030F7FEA226C7FEA236CAC
:101A30006AD04FEA1262D2EB1363C1BFD2184140A1
:101A400048404140B8BF5B42192B88BF704710F037
:101A5000004F40F4000020F07F4018BF404211F0DA
:101A6000004F41F4000121F07F4118BF494292EA42
:101A7000030F3FD0A2F1010241FA03FC10EB0C006E
:101A8000C3F1200301FA03F100F0004302D54942FB
:101A900060EB4000B0F5000F13D3B0F1807F06D3A8
:101AA00040084FEA310102F10102FE2A51D2B1F1A0
:101AB000004F40EBC25008BF20F0010040EA030095
:101AC0007047490040EB0000013A28BFB0F5000F15
:101AD000EDD2B0FA80FCACF1080CB2EB0C0200FACB
:101AE0000CF0AABF00EBC25052421843BCBFD0401A
:101AF0001843704792F0000F81F4000106BF80F494
:101B000000000132013BB5E74FEA41037FEA226C56
:101B100018BF7FEA236C21D092EA030F04D092F021
:101B2000000F08BF0846704790EA010F1CBF002055
:101B3000704712F07F4F04D1400028BF40F00040B2
:101B4000704712F100723CBF00F50000704700F0D2
:101B5000004343F0FE4040F4000070477FEA2262F9
:101B600016BF08467FEA23630146420206BF5FEACA
:101B7000412390EA010F40F4800070474FF00003CA
:101B800004E000BF10F0004348BF40425FEA000C91
:101B900008BF704743F0964301464FF000001CE039
:101BA00050EA010208BF70474FF000030AE000BF8F
:101BB00050EA010208BF704711F0004302D54042CD
:101BC00061EB41015FEA010C02BF8446014600203F
:101BD00043F0B64308BFA3F18053A3F50003BCFA5A
:101BE0008CF2083AA3EBC25310DB01FA02FC634407
:101BF00000FA02FCC2F12002BCF1004F20FA02F20E
:101C000043EB020008BF20F00100704702F1200200
:101C100001FA02FCC2F1200250EA4C0021FA02F261
:101C200043EB020008BF20EADC7070477BB972B951
:101C30000029BEBF00204FF0004106E008BF002889
:101C40001CBF6FF000414FF0FF3000F0A3B9ADF1C1
:101C5000080C6DE904CE002909DB002B1ADB00F02B
:101C600035F8DDF804E0DDE9022304B070474042B6
:101C700061EB4101002B1BDB00F028F8DDF804E0EC
:101C8000DDE9022304B0404261EB4101524263EBC3
:101C900043037047524263EB430300F017F8DDF84B
:101CA00004E0DDE9022304B0404261EB41017047EA
:101CB000524263EB430300F009F8DDF804E0DDE98C
:101CC000022304B0524263EB430370472DE9F0470F
:101CD000089E0D4604460F46002B4AD18A42944680
:101CE00065D9B2FA82F343B102FA03FCC3F12002D0
:101CF0009F4020FA02F217439C404FEA1C4E1FFA05
:101D00008CF5B7FBFEF1220C0EFB117742EA07427D
:101D100001FB05F090420AD91CEB020201F1FF37EA
:101D200080F01C81904240F2198102396244121AFB
:101D3000A4B2B2FBFEF00EFB102244EA024400FB08
:101D400005F5A5420AD91CEB040400F1FF3280F02E
:101D50000781A54240F204816444023840EA014010
:101D6000641B00211EB1DC400023C6E90043BDE82E
:101D7000F0878B4208D9002E00F0ED800021C6E9E3
:101D800000050846BDE8F087B3FA83F1002949D180
:101D9000AB4202D3824200F2F880841A65EB030260
:101DA00001201746002EE2D0C6E90047DFE702B95E
:101DB000FFDEB2FA82F3002B40F090808A1A4FEADD
:101DC0001C471FFA8CFE0121B2FBF7F507FB15201B
:101DD000220C42EA00420EFB05F0904208D91CEBAF
:101DE000020205F1FF3802D2904200F2CB80454654
:101DF000121AA4B2B2FBF7F007FB102244EA024425
:101E00000EFB00FEA64508D91CEB040400F1FF32CE
:101E100002D2A64500F2BB801046A4EB0E0440EAB5
:101E200005409FE7C1F120078B4022FA07FC4CEAEE
:101E3000030C05FA01F420FA07F3FD404FEA1C49B0
:101E40002343B5FBF9F81FFA8CFE09FB18551C0C4F
:101E500044EA054408FB0EF5A54202FA01F200FA35
:101E600001F00BD91CEB040408F1FF3A80F08880E4
:101E7000A54240F28580A8F102086444641B9DB22B
:101E8000B4FBF9F309FB134445EA044403FB0EFEDB
:101E9000A64508D91CEB040403F1FF356CD2A64516
:101EA0006AD9023B644443EA0843A3FB0295A4EBCE
:101EB0000E04AC42C846AE4656D353D056B1B0EB32
:101EC000080264EB0E0404FA07F7CA40CC4017433B
:101ED000C6E9007418460021BDE8F087C3F120016F
:101EE00002FA03FC20FA01F225FA01F19D402A438F
:101EF0004FEA1C471FFA8CFEB1FBF7F007FB1015E9
:101F0000110C41EA054100FB0EF58D4204FA03F481
:101F100008D91CEB010100F1FF382FD28D422DD9D9
:101F200002386144491B92B2B1FBF7F507FB15116A
:101F300042EA014205FB0EF1914208D91CEB020274
:101F400005F1FF3816D2914214D9023D6244521A6B
:101F500045EA004138E73146304608E73946E6E6CB
:101F60001046FBE64845A9D2B9EB020865EB0C0E1A
:101F7000013BA3E74546EAE72B4694E74046D1E715
:101F8000D0467BE7023D624432E708460AE76444F4
:101F9000023842E7704700BF002101F0B1BC00BF2A
:101FA000024B0146186800F00BB800BF900FFF1FEE
:101FB000024B0146186802F05FBE00BF900FFF1F82
:101FC0002DE9F04F01F10B06162E83B0044624D8FC
:101FD000102900F2BA8000F0A3FA1026182202207D
:101FE000B54F3A44A2F1080153688B4200F0BA8021
:101FF0005A68D96822F003021A449D68E9608D602E
:10200000516841F001012046516003F1080500F0DC
:102010008DFA284603B0BDE8F08F36F0070600F1D0
:102020009480B14200F2918000F07AFAB6F5FC7F1C
:10203000C0F09A81730A00F08F80042B00F26F8148
:10204000B30903F1390003F1380CC3009A4F3B4444
:10205000A3F108055B689D4206D10CE0002980F2DF
:102060002781DB689D4206D05A6822F00302911B4B
:102070000F29F3DD60463D69DFF850C265457CD02D
:102080006A6822F00302931B0F2B00F37B81002B65
:10209000C7E904CC80F26C81B2F5007F80F01A8130
:1020A000D308796801334FEA521E012202FA0EF278
:1020B0000A4357F833E0C5F808E007EBC3010839D5
:1020C000E9607A6047F83350CEF80C508310012154
:1020D0009940914257D8114206D120F0030049009F
:1020E000114200F10400FAD007EBC0094D468646C4
:1020F000D5F80C80454508D11DE1002B80F22481E4
:10210000D8F80C80454500F01681D8F8042022F05C
:102110000302931B0F2BF0DD2046D8E9025408EB95
:10212000060146F00106C8F80460EC60A56043F0C3
:102130000104C7E90411C1E902CC4C6048F802303F
:1021400000F0F4F908F1080502E00C2323600025F3
:10215000284603B0BDE8F08F4FF4007340204FF0E5
:102160003F0C73E7D3689A4208BF02307FF440AF58
:102170003D69DFF858C1654582D17A688310012135
:1021800099409142A7D9BD686B6823F003094E4579
:1021900003D8A9EB06030F2B7ADCDFF834B1474BE9
:1021A000DBF800201B680132334405EB090A00F01C
:1021B000338103F580530F3323F47F6828F00F0831
:1021C0004146204602F0B6F9411C024600F0F38079
:1021D000824500F2EE803A4B196841441960084686
:1021E00000F04E81DBF80010019301311BBFA2EB20
:1021F0000A010918CBF80020196012F0070B00F053
:102200001781CBF108010A44CBF580519044083185
:10221000A1EB0801C1F30B0A51462046009202F0DF
:1022200089F9421CDDE9002300F04F81801A00EBA0
:102230000A081968BA6048F001005144BD42506074
:10224000196000F02981B9F10F0F40F22781686809
:10225000A9F10C0C2CF0070C00F0010040EA0C0076
:1022600068604FF0050E05EB0C00BCF10F0FC0E9E4
:1022700001EE00F2328150681546124B1A688A420C
:1022800038BF1960104B1A688A4238BF196094E051
:10229000AA1943F0010346F001066E602046BA60B9
:1022A000536000F043F90835284603B0BDE8F08FCD
:1022B000D9681A44A1E600BFE408FF1F2422FF1FCB
:1022C000F421FF1F1C22FF1F2022FF1FEC08FF1F0D
:1022D000EC0CFF1FB2F5206F4FEA522363D3142B8F
:1022E00000F2B78003F15C01C9005B3307EB010E1C
:1022F0007958AEF1080E8E4500F091804B6823F0BE
:102300000303934202D989688E45F7D1D1F80CE0D6
:102310007A68C5E9021ECEF80850CD60D6E6142BC7
:1023200059D9542B00F29D80330B03F16F0003F158
:102330006E0CC3008AE60EF1010E1EF0030F05F1CC
:1023400008057FF4D5AE51E0424445465368D8F8BD
:102350000C1043F00103536055F8083F2046D96044
:102360008B6000F0E3F8F3E6F00806F1080237E6C8
:102370002A442046536843F001035360083500F0B7
:10238000D5F8E5E6A919204646F0010643F0010418
:102390006E60C7E90411C1E902CC4C60AB5000F09B
:1023A000C5F80835D4E6930903F13901C90038337B
:1023B0009CE7BD425FD0BD68686820F003084645D1
:1023C000A8EB060302D80F2B3FF762AF204600F0C0
:1023D000ADF80025BCE603F15C0003F15B0CC30023
:1023E00034E659F808394B4540F0968010F0030F59
:1023F00000F1FF30F5D17B6823EA01037B604900DF
:1024000099423FF6C0AE19B9BDE649000EF1040E7F
:102410001942FAD0704667E603F11008D0E69A1028
:102420004FF001087B6808FA02F21A437A6070E7FD
:1024300002EB08014942C1F30B0A514620460092C3
:1024400002F078F8431CDDE900237FF4EFAEDA46B2
:10245000EFE6542B25D8130B03F16F01C9006E333F
:1024600044E7B3F5AA7F25D8F30B03F1780003F115
:10247000770CC300EAE5294B186840441860B1E6C0
:10248000CAF30B0CBCF1000F7FF4ACAEBD68C844BE
:1024900048F001006860F0E61546EEE6012353605F
:1024A00094E7B3F5AA7F23D8D30B03F17801C900D1
:1024B00077331BE740F25452934223D8B30C03F115
:1024C0007D0003F17C0CC300C0E5ABF1080BD844E0
:1024D000A8EB02084FF0000AABE605F10801204620
:1024E000009302F0C9FBBD68009B68681968C4E6E8
:1024F00040F254518B420BD8930C03F17D01C9007B
:102500007C33F3E64FF47E737F204FF07E0C9DE525
:102510004FF47E717E23E9E67B6870E7F421FF1FAC
:10252000014802F05DB800BF6C23FF1F014802F0B4
:1025300059B800BF6C23FF1F10B4044C03460A4671
:1025400020685DF8044B194600F002B8900FFF1F99
:102550002DE9F84F1746002900F098800C4607F146
:102560000B058046FFF7DCFF162D54F8041C5BD8E2
:1025700010252A46AF425CD821F003069642A4F10A
:10258000080962DABC4BD3F808C009EB06008445A1
:1025900000F09780D0F804C02CF0010303445B687E
:1025A000DB0768D42CF0030C06EB0C03934247DAEC
:1025B000CB0710D454F8083CA9EB030ADAF804302E
:1025C00023F003018C44B444944580F211817318C4
:1025D000934280F2E88039464046FFF7F1FC074617
:1025E000E0B154F8043C23F001034B44A0F108028D
:1025F000934200F0D280321F242A00F2F580132A81
:1026000000F2AC8003462246116819605168596097
:1026100092689A602146404602F02EFB4046FFF742
:1026200085FF3846BDE8F88F25F00705002D2A46BE
:10263000A0DA0C23C8F8003000273846BDE8F88F30
:102640001E46D0E90223D3609A60731B0F2B22D859
:10265000D9F8043003F0010333434E44C9F8043081
:10266000736843F00103736040462746FFF75EFF3F
:102670003846BDE8F88FC907ADD454F8083CA9EB3B
:10268000030ADAF8041021F00301A0E7BDE8F84FCF
:102690001146FFF795BCD9F8042009EB050102F0BB
:1026A00001024E4443F001032A43C9F804204B6061
:1026B000736843F0010308317360404602F0DCFAAE
:1026C000D2E7DCF8040020F0030B06EB0B0C05F15D
:1026D000100084454DDAC9073FF57DAF54F8081C5A
:1026E000A9EB010ADAF8041021F003018B44B3448A
:1026F00058453FF76CAF5746DAF80C1057F8080FFB
:10270000321F242AC160886000F2DB80132A40F265
:10271000D6802168CAF808106168CAF80C101B2A14
:1027200000F2DF8008340AF110022168116061684C
:102730005160A16891600AEB0501ABEB050242F024
:10274000010299604A60DAF8043003F001032B4378
:102750004046CAF80430FFF7E9FE6EE723680360DD
:10276000636843601B2A68D804F1080200F108037B
:102770004AE709EB05029A60ACEB050343F001035D
:10278000536054F8043C03F001032B43404644F8E3
:10279000043CFFF7CBFE27464FE750F8043C23F0FC
:1027A00003031E4451E75746DAF80C1057F8080F98
:1027B000321F242AC16088604CD8132A48D9216866
:1027C000CAF808106168CAF80C101B2A56D80834D9
:1027D0000AF110021E462368136063685360A36801
:1027E0009360D1463C4630E7214601F021FA11E7DB
:1027F000D0E902135746CB60996057F8081FDAF802
:102800000C30CB60321F242A99602DD8132A29D985
:102810002368CAF808306368CAF80C301B2A42D80B
:1028200008340AF1100322681A6062685A60A268CC
:102830009A606646D1463C4607E7A3688360E36832
:10284000C360242A26D004F1100200F11003DBE655
:102850003A46BFE7214638461E46D14601F0E8F920
:102860003C46F2E63B46DEE7214638466646D14620
:1028700001F0DEF93C46E8E6E408FF1FA168CAF86B
:102880001010E168CAF81410242A20D010340AF17C
:1028900018029FE7236903616169416104F118022D
:1028A00000F11803B0E6A368CAF81030E368CAF86C
:1028B0001430242A21D010340AF11803B3E73A4621
:1028C00033E72146384601F0B3F9164B33E7226966
:1028D000CAF818206269CAF81C2018340AF12002CC
:1028E00078E7A168CAF81010E168CAF81410242A21
:1028F0000DD010340AF1180217E72369CAF818300E
:102900006369CAF81C3018340AF120038BE7226986
:10291000CAF818206269CAF81C2018340AF120028B
:1029200003E700BFE408FF1F2DE9F04F2DED048BF6
:102930009FB08846002192461A9100220021CDE9DD
:1029400004128346414619910F4611F8012B2D2A96
:102950005ED801A050F822F0F32A0400112A0400E6
:10296000112A0400112A0400112A0400112A04006B
:10297000112A0400112A0400112A04004729040026
:102980004729040047290400472904004729040077
:10299000112A0400112A0400112A0400112A04003B
:1029A000112A0400112A0400112A0400112A04002B
:1029B000112A0400112A0400112A0400112A04001B
:1029C000112A0400112A0400112A0400112A04000B
:1029D000112A0400112A040047290400112A0400C6
:1029E000112A0400112A0400112A0400112A0400EB
:1029F000112A0400112A0400112A0400112A0400DB
:102A0000112A0400E9310400112A0400D531040020
:102A100000210891302A7CD0002307932F2A1446E6
:102A200040F24B854FF0000938464E464D4612E0C5
:102A30000130082D1990C8BF09EB89090478C6BF79
:102A400002EB4902A2F13009A3F130062F2C05F167
:102A5000010522466EDD06EB8603392C02EB4303AB
:102A6000E6DDA949012201F05BFA002834D1199B67
:102A70001A46013319935478002D40F0CC85302C40
:102A800040F0A885C3F101029818013319931C780E
:102A9000302CF9D0A4F13103082B00F24E83431CF3
:102AA000199F0C930023A4F1300E01253C460A9394
:102AB00006EB86060EEB46060020631C199364782D
:102AC000A4F13001092900F2F88201308E46002974
:102AD00040F0CF84199CF0E70020652C0A950C90FB
:102AE000864601D0452C32D1002D7AD1079B034375
:102AF00076D19FED838BBAF1000F01D0CAF8008028
:102B0000B0EE480AF0EE680A1FB0BDEC048BBDE8D9
:102B1000F08F7A7802F0DF02582A00F08A840137B9
:102B200019973A78302AFAD0002A00F0DE80012383
:102B3000079373E77449012201F0F2F9002800F0CD
:102B4000D7800A954FF0000ECDF830E07046002394
:102B50000D93002D00F091800A9A1346002A08BFB9
:102B60002B4630460A93FEF791FB02460B46CDE911
:102B70000423DDE90C23102DA3EB02032C46A8BF90
:102B80001024092D099314DD604B03EBC40353E9B2
:102B90001223FEF7F5FB0246484690468946FEF7AB
:102BA00075FB02460B4640464946FEF733FACDE92F
:102BB00004010F2D00F3B080099B002B00F0568418
:102BC000099B40F39483162B40F31085099AC5F1B5
:102BD0002503934280F24085099B2C1B1C44A1E0F5
:102BE0000025DDF8648008F10103199398F801408D
:102BF0002B2C00F09F822D2C00F02F8200230993B4
:102C0000A4F13003092B00F22382302C05D1199B4B
:102C1000013319931C78302CFAD0A4F13103082B1E
:102C200095D8199A0D92531C1993A4F13001547838
:102C30002F2C09DC00F050BC013319939CF80140A3
:102C40002F2CA2F1300106DD01EB8102392C9C46CC
:102C500004EB4202F0DD0D9A9B1A082B40F33C84F2
:102C600044F61F630D93099B002B3FF472AF0D9B3D
:102C70005B420D93002D7FF46FAF079B034334D16C
:102C8000BEF1000F7FF435AF692C00F0408400F3F3
:102C90004783492C00F03B844E2C7FF42AAF1C491B
:102CA00019A802F00BFC00283FF423AF199B1B78F6
:102CB000282B00F08585174801F032FFB0EE408ADE
:102CC000F0EE608ABAF1000F02D0199BCAF800300A
:102CD000089B002B3FF414AF18EE901A18EE102A40
:102CE00001F1004343EC182B0AE79FED058BE9E760
:102CF000199B0A955A1C19925C780C90E0E600BF6B
:102D00000000000000000000ECCD04009020050051
:102D1000F01C0500A8110500099B2C1B1C44002C6D
:102D200040F3268314F00F000AD0BF4901EBC00125
:102D3000DDE90423D1E90001FEF722FBCDE904011E
:102D400034F00F0340F07D82002307930A9A009627
:102D50002B463946584602F03DFD1290002800F0FF
:102D60006283DDE90C315B1A0999CDF84CA000298A
:102D7000A8BF002300270C9321EAE173B846BA46A6
:102D80000F9307467968584602F0A2FC8146002856
:102D900000F02D813A699DED048B0232920007F11B
:102DA0000C010C30FAF708FAB0EE480AF0EE680AA7
:102DB0001CAA1BA9584603F0C9F81A90002800F075
:102DC00005810121584602F0ADFD8046002800F043
:102DD0000E811B9B002BC0F2FD800C9A0F9D9E184C
:102DE000079A1C9C9B1A2344904A013B9342C4F1CE
:102DF000360480F2B080D21A1F2AA4EB020400F33A
:102E00001F81012393400A9300230E93079B2544BF
:102E10003444A6421D443346A8BF2346AB42A8BF54
:102E20002B46002B02DDE41AED1AF61A0C9B002B40
:102E300000F3AC80002C00F3C080099B002B00F352
:102E4000E080002D00F3CA80002E08DD41463246A6
:102E5000584602F0A3FE8046002800F0C8801A9968
:102E60004A46584602F034FF8246002800F0BF80F0
:102E70000023C268C36041460D9202F007FF00289C
:102E8000C0F2728400F0FF834146504603F0C8F858
:102E900055EC104B10EE100A00224FF080432946EB
:102EA000FEF7EAFC00285BD00D9B002B00F0E080D1
:102EB000059B0E935E4B5E4D0022CDE90A23002454
:102EC0000E9A5C4E5C4B16409E4200F0FC80079BC5
:102ED0008BB1B6F1D46F0ED84FA3D3E900232046AF
:102EE0002946FEF7C9FC002840F093810B9B03F1B3
:102EF000D6639B1B0B93DDE90A01B0EE480AF0EEA6
:102F0000680ACDE9040102F08DFFDDE9040153EC0C
:102F1000102BFEF735FA53EC182BFEF77BF8CDE9B2
:102F200004010A91079B2BB9424B0A9A13409E4217
:102F300000F00C811A99584602F0F0FB49465846B9
:102F400002F0ECFB4146584602F0E8FB5146584679
:102F500002F0E4FB16E700230E9301230A9355E7E2
:102F6000364B204629460022FEF70AFA0D9B0446FE
:102F70000D46002B79D101F1004310901193059B70
:102F80000E93DDE91023CDE90A2399E741461A465D
:102F9000584602F0A3FD804648B301461A9A5846A7
:102FA00002F0EEFC18B30D901A99584602F0B6FBE9
:102FB0000D9B1A93002C7FF740AF1A992246584672
:102FC00002F0ECFD1A9000287FF437AF5746DDF889
:102FD0004CA010E00F9A0C9ED51A01E749462A46EC
:102FE000584602F0DBFD814600287FF42DAF57469E
:102FF000DDF84CA01A9822239FED098BCBF8003006
:10300000D3E049460F9A584602F068FD81460028F1
:103010007FF417AFEBE700BF0000C0FFFFFFDF4109
:10302000000000000000F07F9020050002FCFFFF80
:103030000000F03F0000F07F0000E07F0000E03F74
:10304000C14AD31A012202FA03F30E930A92DDE673
:103050000023CDF864800D937BE50123099308F1EB
:103060000203199398F80240CAE5CDE9104586E7B6
:10307000DDE90412002940F0BA80C2F313030E9276
:10308000002B40F0BA80B14B002220462946FEF7C3
:10309000E9FB002840F0B882AD4B204629460022CB
:1030A000FEF76EF901F1004304460D4616901793A2
:1030B000DDE91623CDE90A2302E7652C4FF0010E66
:1030C0003FF48FAD0EE5A2F1547305939DED047BA3
:1030D000DDE90A01B0EE470AF0EE670AB0EE479A62
:1030E000F0EE679ACDE9040102F09CFEDDE90401EF
:1030F00053EC102BFEF744F953EC192BFDF78AFF24
:10310000DFF860C2934B01EA0C0C9C45CDE9040149
:103110007AD918EE902A03F154739A4204D118EE2A
:10312000103A01333FF463AF8B4A4FF0FF33CDE9E0
:103130000432FFE60023099391E7652C00F0E98053
:10314000452C00F0E6804FF0010E96E5204629461A
:1031500007F0FCFCFEF7E6F80B460246294620463F
:10316000FDF756FF0D9C049D44EA050C0A9CC4F330
:1031700013065CEA060304460D4600F0AF806CA31C
:10318000D3E90023FEF76EFB48B96BA3D3E9002314
:1031900020462946FEF784FB00283FF4CBAE9DED88
:1031A000048B57461A98DDF84CA00146584602F0A9
:1031B000B5FA4946584602F0B1FA4146584602F07F
:1031C000ADFA1299584602F0A9FA3946584602F06B
:1031D000A5FA77E501220892791C19917A78002ADC
:1031E0003FF487AC0F4615E400220892F4E7DDE9CE
:1031F0000412012900F078810E92584B534D0022A1
:10320000CDE90A2300245BE601F154730A93059388
:1032100088E629462046FEF78BFB012838BF0120AF
:10322000FEF734F80D9B04460D46002B40F06C81F0
:1032300001F1004314901593DDE91423CDE90A232D
:1032400054E6B3F59A7F00F3EE801C11102B444B2B
:10325000079340F3C9829846DDE904234FF0000C40
:10326000E14614F0010F104619464FEA640409F1D3
:10327000010907D0D8E90023FEF782F84FF0010CCE
:1032800002460B46012C08F10808EAD1BCF1000FF8
:1032900001D0CDE90423079B03EBC901059BA3F1F2
:1032A00054730593DDE90423D1E90001FEF768F8C2
:1032B0002C4BCDE904010B400A462B498B4200F20E
:1032C000B280A1F580118B4240F22D82224A4FF04C
:1032D000FF33CDE904320023079337E518A3D3E980
:1032E0000023FEF7BFFA00283FF424AE57E7163359
:1032F000FFF612ADDDE90C329A1A1C4B03EBC20348
:10330000DDE90401D3E90023FEF764F941EC180B71
:10331000D8E400230A930C934FF0010EFFF7E6BBAD
:103320006E2C3FF4BCACFFF7E4BB00BFAFF30080F2
:103330009535A094FFFFDF3F35E5AF350000E03F56
:103340009535A094FFFFCF3FE2FBFFFF0000F03F69
:103350000000E03FFFFF9F7CFFFFEF7F0000F0BF1A
:10336000682005000000F07F0000A07C9020050090
:103370003FF4EAAC644214F00F020AD0AE4B03EB08
:10338000C203DDE90401D3E90023FEF723F9CDE907
:10339000040124113FF4D8AC1F2C3EDC14F01003C0
:1033A00018BF6A230793DDE90423DFF8A8824FF0F2
:1033B000000C14F0010F1046194607D0D8E900237D
:1033C000FDF7DEFF4FF0010C02460B46641008F1DA
:1033D0000808EED1BCF1000F01D0CDE90423079B12
:1033E00093B1DDE90401C1F30A52C2F16B03002B72
:1033F0000ADD1F2B40F341820020342B049040F360
:103400005A824FF05C730593DDE90401002200232A
:10341000FEF71EFA00283FF499AC22239FED808B23
:10342000CBF800304EE422239FED7F8BCBF80030A9
:1034300048E40293089B01931AAB00937F4A1BABAD
:1034400019A9584601F070FD10F00F0504463FF42D
:103450004CAC062D7BD19FED728B0137BAF1000F7A
:103460003FF44EABCAF80070FFF74ABB9DED048BEA
:1034700028E40C9B199C03440C93012805F10103DB
:103480001A4615D0284400F1FF3C03E046009C4555
:103490000DD001332A46082A1D4606EB8600F5D9D1
:1034A000102BDCBF09EB89094FEA4909EFE702322B
:1034B000082D42DC1546FFF7FBBA61490122384668
:1034C00000F02EFD002800F0888000231D460A939E
:1034D00099461E46FFF736BB44F61F639942A8BFC4
:1034E00019460D91FFF7BFBBDDE904120E92002AC9
:1034F0007FF483AE5746DDF84CA01A9822239FED47
:10350000488BCBF8003050E6CDE9144594E64D49A0
:1035100019A801F0D3FF00283FF4EBAA199B4A49F0
:10352000013B19A8199301F0C9FF10B9199B013388
:1035300019939FED3D8BFFF7C5BB102ADCBF09EB4C
:10354000890901EB490915460020FFF7B6BA1A9A16
:103550003AB135211CA802F091FD1A99584602F0A3
:10356000DDF8013D1B9B042D00F2BC81DFE805F076
:10357000032D2A1F03001C9A049203F233421D9B61
:1035800023F4801343EA02530593E10502D543F087
:10359000004305932D4A1A409DED048B002A7FF4C9
:1035A00091AB00F0EFFF22230360FFF78BBB4FF0DE
:1035B000FF336FF00040CDE90430E3057FF556AFEF
:1035C000059BE4E7214B0593F7E71C9B04931D9BA8
:1035D0000593DAE70020FFF75DBA199B1A4601331D
:1035E0001993547806468146FFF749BA099812495B
:1035F00001EBC001DDE90423D1E90001FDF7C0FEC4
:1036000041EC180BFFF75EBB9FED097B104D8DED74
:10361000167B00244CE50A950C90FFF751BA00BFC9
:103620000000000000000000000000000000F07F2B
:10363000000000000000E0BF90200500F41C050021
:10364000ECCD0400E41C0500E81C05000000F07F40
:103650000000E03F201D0500A34CC5F10F0504EB61
:10366000C501DDE90423D1E90001FDF789FE099BCD
:103670005D1B04EBC504D4E90023FDF781FE41EC9A
:10368000180BFFF71FBB0D9B5746DDF84CA0002B16
:1036900050D0DDE90445954BC5F3130199422A4604
:1036A00000F0CC800E9B002B00F08380DDE904123B
:1036B0001342144623D0B0EE480AF0EE680A0D9B80
:1036C000002B00F0948002F0ADFB079B51EC100B37
:1036D0006BB1C4F30A53C3F16B03002B07DD1C0568
:1036E00004F17F53002203F54013FDF749FE024623
:1036F0000B4651EC180BFDF78DFC41EC180B079BAA
:103700007BB151EC180B7A4B0022FDF739FE41ECEE
:10371000180B784B18EE902A134013B92223CBF8DC
:1037200000301A9841E502F1547305930023079382
:10373000FFF70CBBDDE90412C2F313030B4314467D
:10374000B0D1079B002B40F0BE806A4B2340A3F50D
:1037500080136FEA13536FEA035305934FF0FF335F
:1037600004939DED048BCAE7DDE904010D9B03433F
:103770005746DDF84CA0C2D1C1F313030C46002B11
:10378000BDD121F000431B0D1B05B3F1D66FB6D997
:103790007B6913B93B69012BB1DD394601225846DB
:1037A00002F0FCF94146074602F070FA0028A6DD57
:1037B000C7E7DDE904010A9B0342A0D00C467AE783
:1037C0004D4919A81CAA01F095FE05287FF473AA9B
:1037D0001D9B43F0FF4343F4E00305931C9B0493BC
:1037E0009DED048BFFF76EBA4FF0000953E502F030
:1037F00019FB079B51EC100B002B49D0C4F30A5363
:10380000C3F16B03002B07DD1C0504F17F530D9AF8
:1038100003F54013FDF7B4FD02460B4651EC180BBF
:10382000FDF7F6FB02460B4643EC182B0022002363
:10383000FEF70EF800283FF464AF5EE6079B04999C
:103840001BB32C4B2B40B3F1D46F1ED81B0DC3F10F
:103850006B034FF0FF3000FA03F399427FF422AF7D
:10386000264B9A423AD0234B134003F5801305931D
:10387000002304939DED048B41E74FF0FF3202FAE1
:1038800003F3049A1A400492BEE54FF0FF33E4E7D5
:103890000B4610EE102A51EC180BFDF7B9FB02464F
:1038A0000B4643EC182B00220023FDF7D1FF002824
:1038B0003FF437AF21E6C2F14B024FF0FF339340A4
:1038C0000B400593A0E50B4B2340B3F1D66F3FF7B8
:1038D0003EAFB3F15C7F3FF714AF0EE60131C2D1CA
:1038E000FFF788BB002350E690200500FFFF0F0084
:1038F000000050390000F07F081D0500FFFFEF7F3A
:1039000010B4054C054B84460A4620685DF8044B0C
:103910006146FFF709B800BF900FFF1F000DFF1FA2
:1039200013460A460146022001F002B9024B184430
:10393000407800F008007047481D0500024A03491E
:10394000034800F0BBB800BFF40CFF1F397D040032
:10395000700EFF1F0C4B4168994210B5044601D010
:1039600004F0EAF9A168094B994202D0204604F01C
:10397000E3F9E168064B994204D02046BDE81040C7
:1039800004F0DAB910BD00BF2822FF1F9022FF1FEC
:10399000F822FF1F2DE9F8432A4C2B4B2B48DFF868
:1039A000C090DFF8C0802A4F186000250423082249
:1039B000294604F15C00274E6566C4E90253C4E958
:1039C0000055C4E90455A56100F0AEF9224B6367C8
:1039D0000822294604F1C400C4E90749C4E909875B
:1039E000C4E91A55C4E91E55C4F8CC502567C4F87B
:1039F0008050E66200F098F9184BC4F8DC30294694
:103A000004F16803082204F59670C4F88430C4E910
:103A10002298C4E92476C4E93455C4E93855C4F879
:103A20003451C4F8D850C4F8E85000F07DF904F1DE
:103A3000D003C4E93C98C4E93E76C4F8EC30BDE854
:103A4000F88300BF2822FF1F6023FF1F3D390400B9
:103A5000A93B0400C93B0400090001001200020058
:103A6000453B0400693B040010B504460A4800F0D9
:103A7000B7FD636B23B9094B094A1B68626323B125
:103A8000BDE81040044800F0ADBDFFF783FFBDE87E
:103A90001040014800F0A6BD7023FF1F6023FF1FE8
:103AA00055390400014800F09BBD00BF7023FF1F83
:103AB000014800F097BD00BF7023FF1F2DE9F843B8
:103AC00080460F4616464FF00009D6E90154013DE5
:103AD00011D4A389012B05F1FF3508D9B4F90E30B3
:103AE0000133214603D04046B84749EA00096B1C20
:103AF00004F16804EDD13668002EE6D14846BDE8F1
:103B0000F88300BF0EB410B59DB06FF000411FAB3D
:103B1000CDE906010491094953F8042B0290084CA1
:103B20000868019302A9059402F016FB029B00228B
:103B30001A701DB0BDE8104003B07047900FFF1F12
:103B40000802FFFF10B50C46B1F90E1000F0DCFCC6
:103B5000002803DB236D0344236510BDA38923F4F0
:103B60008053A38110BD00BF2DE9F0410C46B1F98F
:103B70000C101F46CB05054616460BD421F4805188
:103B8000A1813B46B4F90E1032462846BDE8F0410B
:103B900000F0E2BCB4F90E100223002200F09EFCFB
:103BA000B4F90C10EAE700BF10B50C46B1F90E10DD
:103BB00000F094FCA389421C0EBF23F4805343F40D
:103BC00080532065A38110BDB1F90E1000F074BCC4
:103BD000032A70B514D940EA01039B0722D1044699
:103BE0000B46194620460E680568B54204F10404E8
:103BF00003F1040316D1043A032A20461946F0D8EB
:103C0000541E9AB1421E013901E0C3180CD012F8BB
:103C100001EF11F801CFE645A4EB0203F5D0AEEBBE
:103C20000C0070BD541EEDE7184670BD104670BD07
:103C300088420DD98B1883420AD900EB020CBAB125
:103C4000624613F801CD02F801CD9942F9D17047CF
:103C50000F2A0ED8034602F1FF3C4AB10CF1010CC9
:103C6000013B8C4411F8012B03F8012F6145F9D178
:103C7000704740EA01039B0750D1A2F1100370B5D1
:103C800001F1200C23F00F0501F1100E00F11004DA
:103C9000AC441B095EF8105C44F8105C5EF80C5CE8
:103CA00044F80C5C5EF8085C44F8085C5EF8045C60
:103CB00044F8045C0EF1100EE64504F11004E9D15D
:103CC000013312F00C0F01EB031102F00F0400EBB3
:103CD000031327D0043C24F003064FEA940C1E443F
:103CE0001C1F8E465EF8045B44F8045FB442F9D1B1
:103CF0000CF1010402F0030203EB840301EB8401E5
:103D000002F1FF3C4AB10CF1010C013B8C4411F86B
:103D1000012B03F8012F6145F9D170BD02F1FF3C81
:103D200003469BE72246EBE7830730B548D0541E95
:103D3000002A3FD0CAB2034601E0013C3AD303F85F
:103D4000012B9D07F9D1032C2DD9CDB245EA0525CC
:103D50000F2C45EA054536D9A4F1100222F00F0CCC
:103D600003F1200EE6444FEA121C03F1100242E96F
:103D7000045542E9025510327245F8D10CF10102A6
:103D800014F00C0F03EB021204F00F0C13D0ACF183
:103D9000040323F003030433134442F8045B934207
:103DA000FBD10CF003042CB1C9B21C4403F8011B75
:103DB0009C42FBD130BD64461346002CF4D1F9E798
:103DC00003461446BFE71A46A446E0E730B4134D55
:103DD00010F8014B2B5D03F00303012B11F8013B9D
:103DE00015F803C00CF0030C224608BF04F12002B2
:103DF000BCF1010F1C4606D0D21A0AD1002BE7D124
:103E0000204630BC70472033D41AE1D0204630BC65
:103E100070471446204630BC704700BF491D05005E
:103E200011F0FF01034644D0820732D110B5046877
:103E300041EA012E4EEA0E4E8EEA0402A2F101334F
:103E400023EA0203A4F1013222EA0402134313F02D
:103E5000803F0FD150F8044F84EA0E0CA4F10133D7
:103E6000ACF1013223EA040322EA0C02134313F0FB
:103E7000803FEFD0037823B936E010F8013F002BE4
:103E800032D09942F9D110BD8A4211D09A07184612
:103E9000CCD0184613F8012B002AF5D110467047F4
:103EA0009907184607D0184601330278002AF7D13F
:103EB00070478207F7D10268A2F1013323EA0203B7
:103EC00013F0803F08D150F8042FA2F1013323EA08
:103ED000020313F0803FF6D00378002BE8D010F8EF
:103EE000013F002BFBD17047184610BD30B4047859
:103EF0009CB10D7884465DB10A462B4602E012F86B
:103F0000013F2BB1A342FAD1ACEB000030BC7047AB
:103F10001CF8014F002CEED1F6E72046F6E700BF73
:103F2000002A3ED040EA01039B0730B584462FD1DA
:103F3000032A2DD90B4608E0043A8446194625D0B9
:103F40001EF0803F22D1032A22D90468194653F873
:103F5000045BA4F1013EAC4284462EEA040E00F15B
:103F60000400E9D09CF800000C78A0421BD1E64682
:103F700068B11EF8010F11F8014FA2EB0E03A04229
:103F800003F1FF330FD11CEB0303F1D1002030BD4F
:103F90009CF800000C78844205D1012AF6D0E64650
:103FA000E6E710467047001B30BD00BF40EA010342
:103FB0009B0730B501D1032A0FD8844601F1FF3E9B
:103FC00007E01EF8011F03F8011B541EC1B19C46F7
:103FD00022466346002AF4D130BD0B46844619467A
:103FE00053F8045BA5F1013424EA050414F0803F82
:103FF000E4D1043A032A4CF8045B1946EFD8DDE714
:104000009444002CE8D003F8011B6345FBD130BD7C
:10401000024A12680123503200F002B8900FFF1FCD
:10402000F0B4074610B33E468C4616F8010B01E08B
:10403000A04216D01CF8014B002CF9D1D8B116F8CB
:10404000015B0C4601E0002BF9D014F8013B9D42C6
:10405000F9D14DB1002306F8013C16603846F0BC9A
:1040600070475BB13746DEE72E46F6E71768002F4C
:10407000D9D13846F3E7F0BC106070471660384677
:104080003B70ECE701292DE9F0415BD94FF00108C5
:10409000C64600244FF0FF35434608E0A3EB050871
:1040A0001C464FF0010E04EB0E038B4210D200EBC6
:1040B0000E0CC75C1CF80560B742EFD332D04FF04E
:1040C00001082546C646444404EB0E038B42EED35A
:1040D0000127C2F80080BE4600244FF0FF363B4661
:1040E00007E09F1B1C464FF0010E04EB0E038B42B2
:1040F00010D200EB060C10F803801CF80EC0E0454F
:10410000EFD817D001272646BE463C4404EB0E03E9
:104110008B42EED30136681C864201D317603046CD
:10412000BDE8F081C6450ABF74440EF1010E4FF0A0
:10413000010EB8E7BE450ABF74440EF1010E4FF000
:10414000010ED2E701270026E8E700BF2DE9F04F76
:104150009246ADF21C4D05AA81460F4650461946BF
:104160001D46FFF78FFF134683460DF2144243F8B6
:10417000045F9342FBD1002D00F0DF806C1E06AE81
:104180000AF1FF320AEB0400009612F8011FAB1A85
:10419000013B5344824246F82130F6D105995A46F4
:1041A00051445046FFF714FD00286FD10BF1FF3347
:1041B0000393CBF1010380460646019309EB060EFB
:1041C000009A1EF8043052F82330DBB1B8F1000F2A
:1041D00003D0059A9A4200D9AB1A1E444FF000084A
:1041E0007B1B9E42EAD909EB070045F4006103F00E
:1041F000C9FE07447B1B9E42E0D900200DF21C4DF6
:10420000BDE8F08FC3455B4638BF4346A34210D29A
:10421000591EF21851444A4402E00133A34208D225
:1042200012F8010B11F801CF8445F6D0019A16441B
:10423000D3E7C345039B7ED906EB0B024A440AEB46
:104240000B01029602E0434515D0034612F8010D1A
:1042500011F8016D864203F1010C03F1FF30F2D039
:10426000029E634608F1010898450AD8059B1E4442
:10427000A5EB0308B4E7434608F101089845029E00
:10428000F4D970460DF21C4DBDE8F08FA5EB0B0381
:104290005B4538BF5B46013305930BF1FF33019358
:1042A000CBF101030026029345F4006809EB0601F7
:1042B000009A0B5D52F823306BB11E447B1BB34256
:1042C000F4D209EB0700414603F05CFE07447B1B78
:1042D000B342EBD291E7A34514D2019B0BEB06024C
:1042E0000AEB030C4A445B4602E00133A34209D2C5
:1042F00012F8010B1CF801EF8645F6D0029A16441D
:104300001E44DBE7BBF1000F10D00BEB0600484466
:104310000AEB0B0201E0534508D012F801ED10F84A
:1043200001CDE6451346F6D0059BC6E708460DF2DB
:104330001C4DBDE8F08F5B4694E706AB4FF0FF34B1
:1043400000932BE72DE9F0410D46097890B0044623
:10435000002954D06A78002A00F08380AB78002BC3
:1043600051D0E8782E68002800F082802B79002B4D
:1043700057D0284600F064FB064640F40071204602
:1043800003F000FE86425BD8FE2E00F28680801B82
:1043900027184022711C6846FFF7C6FC7EB16A1ED2
:1043A0005FFA86FC901912F8013F03F03F03403397
:1043B0006B44A91A6144824203F8401CF3D1013CCA
:1043C000A35D03F03F0340336B4413F8403C1C44AF
:1043D000A74203D239E04444A74236D314F806C0BA
:1043E0000CF03F0C0CF140030DEB030C2046324661
:1043F00029461CF8408CFFF7EBFB0028EBD1204648
:1044000010B0BDE8F081007842EA014200E00C46BD
:1044100040EA0343611C98B19A426078F7D1013CAD
:10442000EDE7227862B131BA01E099421ED042EA4A
:104430000323204614F8012F002AF6D1994215D003
:104440000024204610B0BDE8F081BB5DB819002BF8
:10445000F6D04FF4006103F095FD0744BC42AED99D
:10446000EEE710B0BDE8F041FFF7DABCC41EC6E7C6
:10447000120442EA016242EA03232178024600E084
:104480002C4641EA0200651C02020029D8D0B3EB99
:10449000002F6178F4D1023CB1E7014633462A4649
:1044A000204610B0BDE8F041FFF750BE014B93F835
:1044B00028017047000DFF1F38B5074D0022044644
:1044C00008462A60F8F796FF431C00D038BD2B68D9
:1044D000002BFBD0236038BD6423FF1F38B50C468A
:1044E000084D8446114620461A4600232B60644638
:1044F000F8F78CFF431C00D038BD2B68002BFBD095
:10450000236038BD6423FF1F38B50C46084D844630
:10451000114620461A4600232B606446F8F768FFD0
:10452000431C00D038BD2B68002BFBD0236038BD66
:104530006423FF1F38B5074D0022044608462A6051
:10454000F8F73CFF431C00D038BD2B68002BFBD094
:10455000236038BD6423FF1F38B50C46084D8446E0
:10456000114620461A4600232B606446F8F766F988
:10457000431C00D038BD2B68002BFBD0236038BD16
:104580006423FF1F014B1868704700BF900FFF1F87
:1045900070B50D4E0D4D761BB61006D0002455F8A3
:1045A000043B01349847A642F9D1094E094D761BC8
:1045B0000DF06AFEB61006D0002455F8043B013415
:1045C0009847A642F9D170BD9422050094220500B7
:1045D000AC22050094220500704700BF704700BF61
:1045E000704700BF704700BFFFFFFFFFFFFFFFFFE7
:1045F000FFFFFFFFFFFFFFFFFFFFFFFFFFFFFFFFCB
:10460000A2EB0300704700BF02780B78012A28BF95
:104610009A42F5D16DE9044540EA0104CDE902670B
:104620006FF0000C4FEA447212B380EA010414F0F8
:10463000070F6AD100F0070420F0070004F003051B
:1046400021F007014FEAC505F0E8042314F0040F38
:10465000F1E804670CFA05F462EA040266EA04066B
:104660000AD063EA0403624667EA0407664603E089
:10467000F0E80423F1E8046782FA4CF582EA0604C4
:10468000A4FA8CF46CBB83FA4CF583EA0705A5FA0F
:104690008CF595B950E9022351E9026782FA4CF58D
:1046A00082EA0604A4FA8CF483FA4CF583EA07053F
:1046B000A5FA8CF52543DBD09CB92DBAB5FA85F463
:1046C00024F0070427FA04F1DDE9026723FA04F372
:1046D00003F0FF0001F0FF01FDE80445A0EB01003D
:1046E000704724BAB4FA84F424F0070426FA04F1DB
:1046F000DDE9026722FA04F202F0FF0001F0FF0197
:10470000FDE80445A0EB0100704714F0030F3CD115
:1047100010F0030428D150F8082B51F8083B82FA16
:104720004CF582EA0305A5FA8CF55DB950F8042C26
:1047300051F8043C82FA4CF582EA0305A5FA8CF59F
:10474000002DE8D02DBAB5FA85F424F0070423FA39
:1047500004F122FA04F202F0FF0001F0FF01FDE88B
:104760000445A0EB010070474FEAC40420F00300A9
:1047700050F8082B21F0030151F8083B0CFA04F41F
:1047800062EA040263EA0403C9E710F003041AD0E2
:10479000A1EB040120F00300E40750F8042B06D03D
:1047A0000FD28B785FFAA2F4E41A06D12BB1CB7842
:1047B0005FFAB2F4E41A00D11BB920465DF8104B41
:1047C000704701F1040150F8042BCC0721F00301DC
:1047D00051F8043B48D824D222F07F4482FA4CF5A9
:1047E00094EA1325A5FA8CF50AD165B951F8043B72
:1047F00084EA0204B4EB036F0ED150F8042BEBE70C
:104800004FEA132355E035F07F454DD10878FDE898
:104810000445C0F1000070474FEA126203F0FF0345
:1048200047E002EA1C4482FA4CF594EA1345A5FAE3
:104830008CF50AD165B951F8043B84EA0204B4EB63
:10484000034F0CD150F8042BEBE74FEA134330E051
:1048500015EA1C4528D10B884FEA124229E04FEA9D
:10486000124203EA1C4324E002F0FF0482FA4CF5F2
:1048700094EA1365A5FA8CF50AD165B951F8043BA1
:1048800084EA0204B4EB032F09D150F8042BEBE7C0
:104890004FEA13630DE015F0FF0F05D10B684FEAE7
:1048A000122223F07F4304E04FF00000FDE80445AE
:1048B000704712BA1BBA82FA4CF482EA0304A4FAD3
:1048C0008CF5B5FA85F402FA04F203FA04F34FEA20
:1048D0001260FDE80445A0EB1360704780EA010216
:1048E000844612F0030F4FD111F0030F32D14DF86F
:1048F000044D11F0040F51F8043B0BD0A3F1013229
:104900009A4312F0803F04BF4CF8043B51F8043B3B
:1049100016D100BF51F8044BA3F101329A4312F0B3
:10492000803FA4F101320BD14CF8043BA24312F0BA
:10493000803F04BF51F8043B4CF8044BEAD02346B7
:104940000CF8013B13F0FF0F4FEA3323F8D15DF869
:10495000044B704711F0010F06D011F8012B0CF831
:10496000012B002A08BF704711F0020FBFD031F8A9
:10497000022B12F0FF0F16BF2CF8022B8CF8002030
:1049800012F47F4FB3D1704711F8012B0CF8012BB3
:10499000002AF9D1704700BFFFFFFFFFFFFFFFFFB5
:1049A00001F0FF01102A2BDB10F0070F08D010F8E0
:1049B000013B013A8B422DD010F0070F42B3F6D1E4
:1049C000F0B441EA012141EA014122F007047FF0FD
:1049D00000070023F0E80256083C85EA010586EA54
:1049E000010685FA47F5A3FA87F586FA47F6A5FA90
:1049F00087F68EB9EED1F0BC01F0FF0102F007029C
:104A000032B110F8013B013A83EA010313B1F8D146
:104A10000020704701387047002D06BF3546033827
:104A2000073815F0010F07D1013015F4807F02BF60
:104A3000013015F4C03F0130F0BC0138704700BFB1
:104A400090F800F06DE9024520F007016FF0000CCE
:104A500010F0070491F820F040F049804FF0000476
:104A60006FF00700D1E9002391F840F000F1080051
:104A700082FA4CF2A4FA8CF283FA4CF3A2FA8CF389
:104A80004BBBD1E9022382FA4CF200F10800A4FAF0
:104A90008CF283FA4CF3A2FA8CF3E3B9D1E9042344
:104AA00082FA4CF200F10800A4FA8CF283FA4CF37B
:104AB000A2FA8CF37BB9D1E9062301F1200182FA35
:104AC0004CF200F10800A4FA8CF283FA4CF3A2FA3B
:104AD0008CF3002BC6D0002A04BF04301A4612BA49
:104AE000B2FA82F2FDE8024500EBD2007047D1E94C
:104AF000002304F00305C4F100004FEAC50514F0DB
:104B0000040F91F840F00CFA05F562EA05021CBFAB
:104B100063EA050362464FF00004A9E7FFFFFFFFC9
:104B20009FED010B704700BF000000000000F87F00
:104B30002DE9F047DFF87CA00646DAF80000984639
:104B40000F469146FFF74CFD184B1C6824B365686F
:104B50001F2D24DC5EB96B1C0235DAF8000063609F
:104B600044F82570FFF73EFD0020BDE8F08704EB18
:104B700085010123C1F88890D4F88821AB401A43FD
:104B8000022EC4F88821C1F80881E4D1D4F88C2120
:104B90001A43C4F88C21DEE7054C1C60D7E7DAF82D
:104BA0000000FFF71FFD4FF0FF30DEE70425FF1F79
:104BB0007423FF1F940FFF1F024B13B1024800F034
:104BC00005B8704700000000B17F040000230146D3
:104BD0001A461846FFF7ACBFF8B5244F0C460646F8
:104BE000FDF79EFCBB685D68C4F57E610F3125F062
:104BF00003054B1923F47F6323F00F03A3F58054BF
:104C0000B4F5805F07DB00213046FFF793FCBB68FB
:104C10002B44984204D03046FDF788FC0020F8BDB4
:104C200061423046FFF786FC01300DD0104ABB6868
:104C30002D1B45F001055D60136830461B1B13609A
:104C4000FDF774FC0120F8BD00213046FFF772FC2F
:104C5000BA68831A0F2BDEDD43F001035360054B66
:104C600003491B68C01A0860D5E700BFE408FF1FAE
:104C7000F421FF1FEC0CFF1F002961D0F8B50C4692
:104C80000646FDF74DFC54F8042C7B4FA4F10805B3
:104C900022F0010105EB010CB868DCF80430604536
:104CA00023F0030300F08B80D207CCF8043032D419
:104CB00054F8082CAD1A1144AA6807F10800824282
:104CC0006AD00CEB0304D4F804E0EC68D4601EF066
:104CD000010FA26000F0978041F001036B60CCF8F7
:104CE0000010B1F5007F35D27868CB080122490960
:104CF00001338A40024357F833107A6007EBC3024E
:104D0000083AC5E9021247F83350CD603046BDE895
:104D1000F840FDF70BBC0CEB03025268D00710D42F
:104D2000194407F10800DCF80830834273D0DCF83E
:104D30000C20DA60936041F001036B606950D0E7AA
:104D4000704741F00103B1F5007F44F8043CCCF812
:104D50000010C9D3B1F5206F4FEA512348D28B0917
:104D600003F1390003F13802C300F818FB58083882
:104D7000984259D05A6822F003028A4202D99B68AD
:104D80009842F7D1D868C5E902308560DD603046C9
:104D9000BDE8F840FDF7CABB0CEB03025268D2072E
:104DA00063D40B44DCE90212CA60916043F0010253
:104DB0006A603046EB50BDE8F840FDF7B7BB0B44E6
:104DC000D10707D454F8082CAD1A1344D5E90212C0
:104DD000CA60916043F001026A60284ABD601268AF
:104DE0009A4293D8264B30461968FFF7F5FE8DE7B7
:104DF000142B0AD9542B1FD80B0B03F16F0003F1AE
:104E00006E02C300B1E719448DE703F15C0003F1C2
:104E10005B02C300A9E741F00103C7E90455C5E9F6
:104E200002006B60695071E779689210012404FAFE
:104E300002F20A437A60A6E7B3F5AA7F06D8CB0B45
:104E400003F1780003F17702C3008EE740F2545279
:104E5000934206D88B0C03F17D0003F17C02C30062
:104E600083E74FF47E737E227FE741F001036B609E
:104E7000CCF800104AE700BFE408FF1FF00CFF1F4A
:104E80002422FF1F2DE9F0410469B4EB611F2FDDDF
:104E900000F1140E4E1111F01F0C0EEB84050EEBF9
:104EA00086032BD05EF8261004339D4221FA0CF1C4
:104EB000CCF1200818D977461A6802FA08F20A439A
:104EC00047F8042B53F8041B9D4221FA0CF1F3D848
:104ED000A31B9B00053B9B0801330EEB83044EF89C
:104EE0002310C9B1043417E0416174460029F9D197
:104EF0000023036100234361BDE8F0819D4288BF28
:104F000000F11002F4D953F8041B42F8041F9D422B
:104F1000F9D8A41B0EEB8404A4EB0E039B1074457C
:104F20000361E7D0BDE8F0812DE9F04F2DED028B54
:104F30000C688B46A17885B0302908EE100A92469D
:104F4000029340F0CE816FF00100001BE21C831839
:104F5000144612F8011B3029F9D0DFF8008318F845
:104F60000120002A00F0E5802278002718F80220AE
:104F70003D4626462AB116F8012F18F80220002ACD
:104F8000F9D1B549019301223046FEF7C9FF019BD3
:104F9000814600284DD0002D4ED13278A94602F02E
:104FA000DF02502A354650D0CBF80060002F69D17F
:104FB0002B1B013B072B394604DD5B10072B01F14E
:104FC0000101FADC18EE100A00F082FB834600288B
:104FD00000F0668200F11406AC42019680F0D281A6
:104FE0000027CDF80C909C49A1463C460CE0202FB0
:104FF00019D0384604372A7818F8022002F00F0238
:10500000824014434D4547D015F8012D2E2AEED18C
:105010004D45ECD301222846FEF782FF8E49002839
:10502000F0D0202FE5D1002046F8044B0427044699
:10503000E1E7002D00F04281327802F0DF02AD1B83
:10504000502A4FEA85093546AED16A782B2A00F0FE
:1050500025812D2A00F0A5806E1C002018F8021072
:105060004A1E182A00F29B80727818F80220103924
:105070000136002A5AD100B149428944CBF8006078
:10508000002F95D0002B14BF00250625284605B01B
:10509000BDEC028BBDE8F08FDDF80C90234646F89E
:1050A000043B1846019BF61AB610CBF8106000F0CE
:1050B000E9FB7601DAF80040301AA04275DCC0F254
:1050C000EF800027DAF808304B45C0F25181DAF85A
:1050D00004304B454ADDA3EB09094C4500F38280BF
:1050E000DAF80C20022A00F06581032A00F08181A1
:1050F000012A00F06F8118EE100A594600F00EFBED
:105100005025109A00232846136005B0BDEC028B91
:10511000BDE8F08F01EB810102EB4102A2F1100129
:1051200016F8012F18F80220002AA4D0192AF1DD60
:10513000A1E74949019301222046FEF7F1FE019BB8
:1051400000286DD1617818F80120651C002A69D00B
:1051500030292C4605D114F8013F302BFBD018F82C
:105160000320B2FA82F77F09012302E7012557B134
:10517000DAF80C30022B5DD0032B5FD0012B00F04E
:10518000848045F01005109BC3F800B0029B2846B0
:10519000C3F8009005B0BDEC028BBDE8F08F2E4641
:1051A00002E70120AA78AE1C58E7061B3146584694
:1051B00000F092FF074678B1721E53110199012742
:1051C00051F8231002F01F0307FA03F30B4203D038
:1051D000BA4200F3E280022731465846B144FFF755
:1051E00051FE6FE709F1FF35002F40F0CE80002D12
:1051F00040F0CD806B11019A05F01F0552F8232075
:105200000123AB4013424946584618BF47F00207F6
:10521000A4EB0904FFF736FE0225DAF80490A6E7AE
:105220002178254601F0DF01502900F0BF80CBF83E
:10523000005027E7119BC3F101031193119B002B31
:105240009FD0DBF81070DDF80480BA00434601926D
:1052500008EB8700002107E0ECCD0400081F0500E3
:10526000984243F8041C3FD91E4653F8042BB2F170
:10527000FF3FF5D00132022D326000F0BF8014F004
:105280001F0440F0E78021257DE7BA077FF579AF5D
:10529000019B1B681F43FB07D3D472E7002081E703
:1052A000221A594618EE100AA9EB020900F076FC02
:1052B00000F1140383460193002703E7727818F87E
:1052C0000200711C002800F0A0800D4611F8012F8B
:1052D00018F802000028F8D1751B4FEA85090E4620
:1052E0005DE60234002338E6DBF808309F4280F2A6
:1052F0008E803B460BEB830201210133022DCBF85C
:10530000103051617AD09F42B9DA002B40F39B8074
:10531000DBF8142008EB83030BF1180083424FEAFB
:10532000520240F2B1804446016842EAC17244F838
:10533000042B50F8042B83424FEA5202F4D8A3EB1B
:105340000B03193B9B08013348F8232008EB830328
:10535000002A40F09D80A3EB080292104345CBF851
:10536000102073D0DAF8083009F101094B458ADAC8
:1053700018EE100A594600F0D1F9109A0023136074
:10538000A32583E6019E002389E6012732E729460B
:10539000584600F0A1FE07462CE7B11E584600F023
:1053A0009BFE00283FF417AF032715E74FF00009D5
:1053B00001274AE6119A002A7FF49DAE02990B60FC
:1053C000019B0122CBF810201A60109B6225C3F8C4
:1053D00000B05BE64C457FF48EAE012CEED0611E32
:1053E000584600F079FE00283FF485AEDAF8043024
:1053F000E4E7119A002A3FF47EAEDFE7DAF80030E6
:10540000013BA34234D02225BDE60E46C7E5DBF8BA
:10541000041018EE100A013100F05AF90646C8B31C
:10542000DBF8103002339A000BF10C010C30F7F767
:10543000C3FE594618EE100A00F070F906F1140880
:105440003369B34656E70023CBF810300023CBF87E
:10545000143087E7019B4344C4F1200453F8040C43
:1054600000F010FAA042BFF60EAFDBF810304CE7A8
:10547000631104F01F0458F823200123A3401342B2
:105480000CBF222521257EE6C8F8002043466AB1DC
:10549000043360E7074B08483246842102F0D2FD0E
:1054A000044B05485A46E42102F0CCFDCBF810200D
:1054B000CCE700BF901E0500A41E050010B40468D0
:1054C00009E014F8013FA3F1410CBCF1190F98BF9A
:1054D0002033934209D111F8012B002AF1D1013474
:1054E000046001205DF8044B704700205DF8044B18
:1054F000704700BF2DE9F04F096885B04B1111F0DE
:105500001F01029002EB8303039140F08F801D1F67
:105510000193029B01991C68002341F8043C6178C7
:105520000134002900F09880DFF87491A846AC4659
:105530009A461E460EE0202900F28C80564506DD74
:10554000C44501D2072B5BDD624551D3082314F813
:10555000011FA1B119F801000028ECD00133082B7C
:1055600006F101063ADCDCF80010090100F00F003A
:105570000843CCF8000014F8011F0029EAD1002EDE
:105580006AD0C44501D2072B74DD624552D2111F87
:10559000634653F8040B41F8040FAB42F9D9A5EB6D
:1055A0000C0323F00303691C04330CF1010C614567
:1055B00038BF04231344002143F8041BAB42FBD93A
:1055C000019B53F8043C2BB9AA4249D055F8043D3D
:1055D000002BF9D0052005B0BDE8F08F6245B6D2AA
:1055E00000234CF8043C1946ACF1040C0123BDE740
:1055F0000023ACF104084CF8043CB246C446A6E7CC
:10560000C3F10801DCF800308900C1F1200E6046CA
:105610009B46476807FA0EF343EA0B0327FA01FBA0
:10562000036040F804BF4045F3D38DE7191D019195
:105630001D466EE7039B002BC2D0039B0198C3F16C
:1056400020014FF0FF33CB4050F8041C0B4040F8D2
:10565000043CB8E7292909D0042005B0BDE8F08F43
:10566000012305202B6005B0BDE8F08F02990134BD
:105670000C6084E7DCF80010C3F108039B00C3F161
:10568000200764460846666806FA07F1014326FAD1
:1056900003F0216044F8040F4445F4D375E700BFDC
:1056A000081F050082B049B15AB16BB113780B6085
:1056B0001278101E18BF012002B0704701A9002AFD
:1056C000F3D1104602B070476FF00100F4E700BF5D
:1056D000436C70B505460C464BB153F8240080B1BD
:1056E000026843F824200023C0E9033370BD21225F
:1056F000042102F0C7FC034668640028EDD10020B5
:1057000070BD012101FA04F6721D9200284602F0D4
:10571000B9FC0028F3D0C0E90146E4E731B1436C9D
:105720004A6853F82200086043F82210704700BF0F
:105730002DE9F0410E6980460F461D4601F1140E19
:105740000020DEF800108CB202FB0453090C4FEA73
:10575000134C02FB01CC01309CB204EB0C4486429A
:105760004EF8044B4FEA1C45EBDC3DB1BB68B3423D
:1057700007DD07EB860301365D613E613846BDE813
:10578000F081796840460131FFF7A2FF0446B0B1CD
:105790003A69023207F10C0192000C30F7F70CFD68
:1057A000D8F844307A6853F82210396043F82270F0
:1057B000274607EB860301365D613E61DEE7034B5A
:1057C00003482246BA2102F03DFC00BF901E0500AE
:1057D000082005002DE9F8431746274A1E460833DE
:1057E0000C46092E82FB03124FEAE3730546C3EB16
:1057F000620339DD4FF0010C00214FEA4C0C634588
:1058000001F10101F9DC2846FFF762FF014668B3A8
:10581000089B4361092F4FF00103036112DC0A3436
:105820000927BE420BDDF21BA61814F8013B0A2221
:10583000303B2846FFF77CFFA6420146F5D10846DB
:10584000BDE8F88304F10909C8463C4418F8013B57
:105850000A22303B2846FFF76BFFA0450146F5D1F1
:10586000A7F108044C44DCE70021CCE70A46034BCF
:105870000348D32102F0E6FB398EE338901E050081
:1058800008200500030C1B04D3B90004102310F0FA
:105890007F4F04BF0002083310F0704F04BF0001B7
:1058A000043310F0404F04BF80000233002805DBB2
:1058B00010F0804F03F1010308BF20231846704702
:1058C0000023E4E7036813F0070208D0D9071FD4C8
:1058D0009A0722D55B08036001221046704799B2EF
:1058E00009B91B0C1022D9B209B908321B0A1907D1
:1058F00004BF1B090432990704BF9B080232D90771
:1059000003D45B0802F1010205D003601046704722
:105910000022104670472022DFE79B080222036026
:105920001046704738B5436C04460D464BB1586875
:10593000B0B102685A6000220123C0E90435C26098
:1059400038BD2122042102F09DFB0346606400283B
:10595000EDD1094B0948002240F2451102F072FBDB
:105960001C220121204602F08DFB0028F1D00122EB
:105970000223C0E90123DEE7901E05000820050090
:105980002DE9F04F0E691569AE4285B08846144680
:1059900005DB2A46234635460C4616469846A3683C
:1059A0006168AF19BB42B8BF0131FFF791FE0190AA
:1059B000002800F08780019B03F1140909EB870A96
:1059C000D14505D24B46002243F8042B9A45FBD81B
:1059D00008F1140808EB860B04F11403D8451A46A5
:1059E00003EB85055FD22B1B153B23F00303043328
:1059F0001534A54238BF0423CDE902A7AC461F46A3
:105A0000924605E0090C29D1C34509F1040948D99A
:105A100058F8041B8DB2002DF4D056464C46002396
:105A200056F8041B22681FFA81FE90B2090C05FB90
:105A30000E00120C034405FB012202EB13429BB241
:105A400043EA0243B44544F8043B4FEA1243E7D823
:105A500049F8073058F8041C090CD5D0D9F80030A3
:105A600050461A464C4600260588120C01FB0522BA
:105A700016449BB243EA064344F8043B50F8045BE7
:105A800022682D0C93B201FB053303EB16438445CA
:105A90004FEA1346E8D8C34549F8073009F104092D
:105AA000B6D8DDE902A7002F02DC05E0013F03D0F4
:105AB0005AF8043D002BF9D0019B18461F6105B030
:105AC000BDE8F08F034B0448019A4FF4B17102F026
:105AD000B9FA00BF901E05000820050012F003036C
:105AE0002DE9F0411446064632D10D46A41020D0CF
:105AF000D6F84080B8F1000F33D0E3074FF000072D
:105B000007D4641015D0D8F80000A8B18046E30788
:105B1000F7D5424629463046FFF732FFB5B16968EE
:105B2000736C641053F821202A6043F82150054615
:105B3000E9D12846BDE8F081424641463046FFF7AC
:105B40001FFFC8F8000007608046E0E70546D8E779
:105B5000013B0F4A52F823200023FFF7E9FD0546D9
:105B6000C4E701213046FFF7B3FD804640B1012371
:105B700040F27122C0E90432002330640360BCE7C4
:105B8000044B0548424640F2451102F05BFA00BF63
:105B900058210500901E0500082005002DE9F0475A
:105BA0000D4614462F69AB68496807EB62177E1CE7
:105BB0009E4280464FEA621904DD5B009E4201F17D
:105BC0000101FADC4046FFF783FD8446002852D0ED
:105BD000B9F1000F00F114020EDD09F105014FEAE1
:105BE000810E134600EB8101002043F8040B8B4229
:105BF000FBD1AEF114031A44296905F1140314F022
:105C00001F0E03EB81012ED0CEF1200910464FF07C
:105C1000000A1C6804FA0EF444EA0A0440F8044B33
:105C200053F8044B994224FA09FAF2D84B1B153B5E
:105C300023F00303043305F11500814238BF042328
:105C4000BAF1000F18BF374642F803A0D8F8443025
:105C50006A68CCF8107053F822102960604643F847
:105C60002250BDE8F087043A53F8040B42F8040FC1
:105C70009942F9D8EAE7034B034862464FF4EF71C3
:105C800002F0E0F9901E0500082005000B6984462B
:105C90000069C01A16D10CF1140C14310CEB8302FC
:105CA00010B401EB830301E0944508D252F8044D8F
:105CB00053F8041D8C42F7D005D24FF0FF305DF849
:105CC000044B7047704701205DF8044B704700BFDC
:105CD0002DE9F84F0F691369FF1A002F0E46904601
:105CE0007FD101F11405143202EB830205EB83032B
:105CF00001E09D4278D253F8041D52F8044DA142B0
:105D0000F7D069D37168FFF7E3FC8146002877D0AC
:105D10003569D8F81020C76008F1140E06F1140098
:105D200009F1140A06F110010EEB820200EB85075F
:105D300056464FF0000C5EF8044B51F804BFA3B276
:105D40001CFA8BFCACEB03034FEA144CCCEB1B4C62
:105D50000CEB234C9BB243EA0C43724546F8043BE0
:105D60004FEA2C4CE7D8A2EB0801153908F11508C9
:105D7000424521F0030404F1040438BF0424204404
:105D800021F0030238BF002287425244544418D9FC
:105D90002646014651F8043B1CFA83FC4FEA2C428C
:105DA00002EB13421FFA8CFC4CEA02438F4246F886
:105DB000043B4FEA224CEDD8013F3F1A27F003077E
:105DC000E21923B952F8043D013D002BFAD0C9F87D
:105DD00010504846BDE8F88F33460127464698469E
:105DE00090E7F9DB00278DE70021FFF771FC814682
:105DF00068B101220023C9E904234846BDE8F88FB1
:105E0000064B07484A4640F2452102F01BF9034B76
:105E100003484A4640F2372102F014F9901E05006B
:105E20000820050082B08DED000B164B019A13403F
:105E3000A3F15073002B06DD00221946104641ECF9
:105E4000100B02B070475B42B3F1A07F4FEA2352C0
:105E500009DA4FF40023134100221946104641ECA1
:105E6000100B02B07047A2F114031E2BDABF4FF0E3
:105E70000042DA40012200231946104641EC100B83
:105E800002B070470000F07FF8B5046900F1140615
:105E900006EB8404271F54F8045C2846FFF7F2FC45
:105EA000C0F120030A280B601BDDBE420BD20B3869
:105EB00054F8081C2ED145F07F5343F440130A4692
:105EC00043EC102BF8BDB0F10B01F4D005FA01F151
:105ED00041F07F53002143F440130A4643EC102B5A
:105EE000F8BDC0F10B0C25FA0CF1BE4241F07F5316
:105EF00038BF54F8081C00F1150034BF21FA0CF12A
:105F0000002105FA00F0014343F440130A4643EC34
:105F1000102BF8BDC0F1200C854021FA0CF345EAA6
:105F20000307A4F10805AE4201FA00F13CBF54F8A2
:105F30000C0C20FA0CF047F07F5338BF014343F4B8
:105F400040130A4643EC102BF8BD00BF2DE9F04387
:105F5000884683B0012157EC106B1546FFF7B8FB5C
:105F60000446002851D0C7F30A59C7F31303B9F107
:105F7000000F01D043F48013002E019318D101A823
:105F8000FFF7A0FC019A6261012200F12003226167
:105F9000B9F1000F25D0A9F2334909EB03022046DD
:105FA000C3F13503C8F800202B6003B0BDE8F083CF
:105FB00068460096FFF786FC034610B3DDE9000251
:105FC000C3F1200102FA01F10143DA40616101925B
:105FD000002AA26114BF022201222261B9F1000F3E
:105FE000D9D1A3F23243C8F8003004EB8203186918
:105FF000FFF748FCC0EB421320462B6003B0BDE81E
:10600000F083009A6261019AE2E7034B034822465B
:1060100040F20F3102F016F8901E0500082005002E
:106020002DE9F04383B00E4669460746FFF72CFF83
:1060300001A9304655EC104BFFF726FF33693A694A
:10604000D21ADDE900315B1A03EB4213002B51EC4D
:10605000100B0DDD05EB03594D4602460B4620465D
:106060002946FBF7B7FA41EC100B03B0BDE8F0830B
:10607000C3EB033301EB03573946EEE7013949110E
:1060800001F1010C116902F1140303EB81018B4250
:1060900000EB8C0C17D210B5A0F1040E53F8044B92
:1060A0004EF8044F9942F9D88A1AA2F1150323F049
:1060B000030304331844844504D9002340F8043B07
:1060C0008445FBD810BD844505D9002340F8043B26
:1060D0008445FBD87047704703694A11934200F129
:1060E000140009DA00EB830302E053F8042DC2B96F
:1060F0008342FAD80020704710DD11F01F010DD047
:1061000010B450F8224000EB820324FA01F28A40D6
:1061100094420CD001205DF8044B704700EB8203E1
:10612000E6E70120704753F8042D002AF2D183429C
:10613000F9D800205DF8044B704700BF49B1FF2A31
:1061400002D80A70012070478A2303604FF0FF30A5
:1061500070470846704700BF2DE9F04F2DED068BC4
:10616000D3B00C460AEE101A90460893824601F00E
:106170001BFF036813931846FEF762FC0822119078
:10618000002122A8FDF7D0FDA3891F0603D52369AE
:10619000002B00F052879FED847B0023CDE927334D
:1061A000CDE91433CDE916338DED0E7B29AA0D937D
:1061B00026929146129304934446A0467C4BD3F812
:1061C000E450FEF773F9034622A8009042461EA948
:1061D0005046A847002800F0B080C0F2A6801E9A62
:1061E000252A034601D09844E8E7B8EB04070646A1
:1061F00040F0A78000234FF0FF328DF86F309B46B0
:10620000069308F1010898F8003003922B25202608
:1062100008F10108A3F120025A2A00F2CB80DFE83E
:1062200012F0F302C900C900EE02C900C900C9009A
:106230006A00C900C90014029002C9001F02D402FA
:10624000C900CF025B005B005B005B005B005B0092
:106250005B005B005B00C900C900C900C900C90040
:10626000C900C9004C01C900950129024C014C012B
:106270004C01C900C900C900C9002402C900C900F5
:10628000A202C900C900C900BD01C900B502C90008
:10629000C900EF06C900C900C900C900C900C9008A
:1062A000C900C9004C01C9009501EE014C014C0127
:1062B0004C018302EE017F00C9009502C9006B0208
:1062C000EC063E027F00C900BD017C00C606C90085
:1062D000C900CA06C9007C00A3F13002002118F8E9
:1062E000013B01EB810102EB4101A3F13002092ADC
:1062F000F5D906918EE7504601F056FE4368169395
:106300001846FEF79DFB17900746504601F04CFEDD
:1063100083681493002F40F0D08598F8003077E719
:1063200098F800304BF0200B72E70822002122A8D9
:10633000FDF7FAFC0123984440E7B8EB0407064652
:1063400011D0289B3B442893279B0133072BC9E995
:10635000004727931CDC09F10809049B3B44049384
:10636000002E7FF447AF289B002B41F019821AEED4
:10637000103AB3F90C3013F0400F049B18BF4FF0E4
:10638000FF330493049853B0BDEC068BBDE8F08F47
:106390001AEE101A26AA504602F02AFF0028E6D16B
:1063A0000DF1A409D9E700BF0000000000000000C3
:1063B000000DFF1F0A93002BD5D000228DF8E4308A
:1063C00001238DF86F2002930792059303920C929C
:1063D00010920B9239AC1BF0020302D002990231E9
:1063E00002911BF08401099105D1069902980F1AB8
:1063F000002F00F38783289E82B10122C9F8042070
:10640000279A013201360DF16F01072A289627924B
:10641000C9F8001000F3BF8309F1080983B1279B75
:106420001CAA01330236C9F80020072B4FF00202E4
:1064300028962793C9F8042000F3C28309F10809BC
:10644000099B802B00F08682039B059A9F1A002FE0
:1064500000F3C0821BF4807F40F02282059BC9F8C4
:1064600004301E44279BC9F800400133072B2896AF
:10647000279300F33B8309F108091BF0040F05D0B3
:10648000069B029A9C1A002C00F3A783049B069A91
:1064900002998A42ACBF9B185B180493002E40F00F
:1064A000CD8200232793079B1BB107995046FEF727
:1064B000E3FB0DF1A40944467FE60A93089B0733EA
:1064C00023F00703B3EC027B8DED0E7BDDE90E5666
:1064D000089326F0004309EE903A09EE105AB44BA7
:1064E00051EC190B4FF0FF32FBF7E4F9002840F0B4
:1064F0000285AF4B51EC190B4FF0FF32FBF7BCF9A3
:10650000002840F0F8840022002328463146FBF79B
:10651000A9F9002841F05C809DF86F20A54CA64B9E
:106520002BF0800B0A994729C8BF1C460023032182
:1065300007930291059103930C9310930B93002AF8
:106540003FF449AF029B0133029344E7432B0A9384
:1065500003D01BF0100F00F05785089E0822002181
:1065600024A839ACFDF7E0FB24AB56F8042B2146F8
:10657000504602F0F7FD03460133059001F02383F6
:10658000059B089623EAE373029300228DF86F209F
:10659000079203920C9210920B921CE7089F0A93A9
:1065A00057F8044B00238DF86F30002C00F0528513
:1065B0000A9B532B00F0DE861BF010030B9340F078
:1065C000D986039B5D1C01F0E3800B991A46204697
:1065D000FEF7E6F90790002801F03B83079B089738
:1065E000191B05910B9B039321EAE1710C93109306
:1065F000079373239DF86F2002910A939FE71BF086
:10660000200F0A93089B3CD0073323F007031A4658
:1066100011465B6851F8082B08911946002BC0F20F
:106620000784039B013300F0A78252EA01032BF099
:10663000800540F0A282039B002B40F0A382AB4672
:1066400000230393059352AC00E1089B53F8042BFD
:106650000692002A80F21484069A08935242069207
:1066600098F800304BF0040BD2E598F800304BF06E
:10667000080BCDE54BF0100B1BF0200F0A93089B85
:10668000C2D11BF0100F40F006841BF0400F00F049
:10669000FE8333F9042B0893D1170B46BEE7089B02
:1066A00053F8042B089347F63003ADF87030782088
:1066B000424B12934BF00205002102230A90002066
:1066C000039C8DF86F00601C00F0A98052EA010065
:1066D00025F0800B40F0A280002C40F0A186002B1A
:1066E000AED115F00103059300F0CF8330238DF870
:1066F00047310DF24714A9E01BF0200F40F0F08362
:106700001BF0100F40F092861BF0400F40F097876F
:106710001BF4007F00F08A86089B049953F8042B31
:1067200008931170444648E598F80030682B03BF81
:1067300098F801304BF4007B08F101084BF0400B56
:1067400066E598F800308DF86F5061E598F80030F4
:106750006C2B03BF98F801304BF0200B08F10108B7
:106760004BF0100B54E50A934BF0100B1BF020017B
:1067700000F05083089B073323F00703596853F850
:10678000082B08932BF48065002398E70A934BF0BD
:10679000100515F0200100F02E83089B073323F02D
:1067A0000703596853F8082B0893012387E700BFB4
:1067B000FFFFEF7F64210500641605006C210500D2
:1067C00098F800304BF0800B22E5414611F8013B70
:1067D0002A2B01F07782A3F13002092A884698BF5C
:1067E000002101F28C8118F8013B01EB810102EBE1
:1067F0004101A3F13002092AF5D903910AE598F87D
:1068000000304BF0010B03E59DF86F30002B7FF457
:1068100084AD98F800308DF86F60F9E45D46012B87
:1068200000F0AB81022B52AC1FD1129802F00F0383
:106830001209C35C04F8013D42EA0172090952EAF7
:106840000103F3D152AB1B1BAB460593059903988B
:106850009DF86F2081424FF00003B8BF01460793B7
:1068600002910C9310930B9369E602F00703D20890
:1068700042EA4172C908303352EA0106204604F860
:10688000013DF2D1E907DDD5302BDBD030230238D2
:1068900004F8013C52AB1B1AAB4605930446D5E7FE
:1068A0000A9B652B40F3DC80DDE90E01002200230A
:1068B000FAF7CEFF002800F0C8810123C9F80430A0
:1068C000279BBC4AC9F8002001330136072B2896C4
:1068D000279300F3418509F108091D9B0D9A934206
:1068E00080F2C982119B139A1E44C9E90023279B99
:1068F00028960133072B279300F3928309F10809A7
:106900000D9B5C1E002C7FF7B8AD102C279BAA4D69
:1069100040F35E85324610271AEE106A05E009F151
:106920000809103C102C40F3528501331032072B1C
:10693000C9E90057CDE92732F1DD26AA3146504694
:1069400002F056FC002840F08280DDE927320DF18C
:10695000A409E6E7069B029A9F1A002F7FF774AD01
:10696000102F279B944D22DD32461AEE106A04E068
:10697000103F102F09F1080918DD013310321021E2
:10698000072BCDE92732C9F80050C9F80410EFDD14
:1069900026AA314650460DF1A40902F029FC002830
:1069A00055D1103F102FDDE92732E6DC16460133C2
:1069B0003E44072BCDE92736C9F80050C9F80470CA
:1069C00000F32085039B059A9F1A002F09F10809FF
:1069D0007FF740AD102F279B774D21DD32461AEE11
:1069E000106A04E0103F102F09F1080917DD013388
:1069F00010321021072BCDE92732C9F80050C9F811
:106A00000410EFDD26AA3146504602F0F1FBF0B942
:106A1000103F102FDDE927320DF1A409E7DC1646FF
:106A200001333E44072BCDE92736C9F80050C9F899
:106A3000047000F3D28109F108090BE51AEE101A6F
:106A400026AA504602F0D4FB00283FF42AAD079B4B
:106A5000002B3FF48CAC07995046FEF70DF986E405
:106A60000D9B012B40F36F81279FC9F80040012344
:106A70001F440136072FC9F804302896279700F3E2
:106A8000DE8109F10809119B139A01371E44072F73
:106A9000C9E90023CDE9277600F3DF8109F1080970
:106AA000DDE90E0100220023FAF7D2FE002840F0B3
:106AB00069810D9B0137013B01341E44072FC9F842
:106AC00000402797C9F80430289600F34D8109F15A
:106AD0000809159BC9F8043001371E44072F20AB65
:106AE000CDE92776C9F800307FF7C5AC1AEE101A49
:106AF00026AA504602F07CFB0028A8D1289E0DF162
:106B0000A409BAE4102FDDE927212C4D24DD1893C8
:106B1000199410261AEE104A0B4604E0103F102F6D
:106B200009F1080915DD01321033072AC9E90056B9
:106B3000CDE92723F2DD26AA214650460DF1A4090E
:106B400002F056FB002882D1103F102FDDE92723E9
:106B5000E9DC1946DDE9183401327E18072ACDE94F
:106B60002726C9F80050C9F8047000F3A3839DF8E4
:106B70006F2009F108093FE45D460A2A71F100031C
:106B800080F03483303201238DF84721AB460593E2
:106B90000DF247145AE61AEE101A26AA5046189318
:106BA00002F026FB00287FF452AF289E189B0DF1BF
:106BB000A40933E438D50400AC2105009C2105006C
:106BC0001AEE101A26AA504602F012FB00287FF493
:106BD0003EAF289E0DF1A40932E4102C279BBE4D38
:106BE0001FDD1AEE10BA102704E0103C102C09F13A
:106BF000080916DD01331036072BC9E90057CDE926
:106C00002736F2DD26AA594650460DF1A40902F0B6
:106C1000EFFA00287FF41BAF103C102CDDE927367B
:106C2000E8DC01332644072BC9E90054CDE92736B7
:106C30007FF72CAC1AEE101A26AA504602F0D8FAAA
:106C400000287FF404AF289E20E41D99002940F31A
:106C500043830B9D0D9B9D42A8BF1D46002D0BDD60
:106C6000279B01332E44072BC9E90045289627931B
:106C700000F3FC8609F108090B9F002DA8BF7F1BBC
:106C8000002F00F3F8810B9B1BF4806F23440593C6
:106C900040F018821D9B0D9A934203DB1BF0010FFD
:106CA00000F0BC84119A13991644C9E90012279A7E
:106CB00028960132072A279200F3E68609F108098F
:106CC0000D9AA518D41A059BED1AA542A8BF254612
:106CD000002D0DDDC9F80030279BC9F804500133A1
:106CE0002E44072B2896279300F3F88609F108090C
:106CF000002DA8BF641B002C7FF7BFAB102C279B77
:106D0000764D40F36583324610271AEE106A05E08F
:106D100009F10809103C102C40F35983013310325B
:106D2000072BC9E90057CDE92732F1DD26AA314604
:106D3000504602F05DFA00287FF489AEDDE9273283
:106D40000DF1A409E6E71BF0010F7FF48DAE279F3C
:106D5000C9F8004001231F440136072FC9F8043049
:106D6000289627977FF7B3AE1AEE101A26AA504638
:106D700002F03EFA00287FF46AAEDDE927760DF1D5
:106D8000A409A6E60D9B5C1E002C7FF7A2AE102C7A
:106D9000524D40F35683CDF80C8010231AEE108A22
:106DA00005E009F10809103C102C40F34883013735
:106DB0001036072FC9E90053CDE92776F1DD26AA61
:106DC0004146504602F014FA00287FF440AEDDE957
:106DD00027760DF1A4091023E5E71AEE101A26AA6A
:106DE000504602F005FA00287FF431AE289E0DF1DE
:106DF000A409FFF72FBB15F0100358D115F040027E
:106E000000F06E83089850F8042B0890194692B24F
:106E1000012354E41BF0100344D11BF0400200F0A6
:106E20006E83089850F8042B0890194692B2A9E492
:106E3000524261EB41015D462D20012340E41AEEF0
:106E4000101A26AA504602F0D3F900287FF4FFADAD
:106E5000DDE927760DF1A40915E61AEE101A26AA27
:106E6000504602F0C5F900287FF4F1ADDDE9277640
:106E70000DF1A40914E61BF0010F3FF4FEAA31E561
:106E8000089398F80030FFF7C3B952ACDEE41BF466
:106E9000007F40F0CD8353F8042B0893D1170B46A5
:106EA000FFF7BCBB089B53F8042B08936AE4089BCC
:106EB00053F8042B0893012301E4149B002B3FF4A7
:106EC0002CAA149B1B78002B3FF427AA98F80030BB
:106ED0004BF4806BFFF79CB99C210500AC210500A9
:106EE000089B049853F8041B0893C217C1E90002D9
:106EF0004446FFF762B9DDE90E0102460B46FAF798
:106F0000D9FC002840F0B2860A9B612B00F0668510
:106F1000412B00F0C885039B01330A9B23F020031B
:106F2000029300F06684472B04D1039B002B08BF1B
:106F300001230393DDE90E014BF480720029CDF8A3
:106F400024B04FF000039346C0F2848541EC180B47
:106F5000189307930A9B413B252B00F27983DFE8C6
:106F600013F053047703770377034C04500477033B
:106F70007703770377037703770377037703770341
:106F80007703770377037703770377037703770331
:106F90007703770377037703770377037703770321
:106FA000770377037703770377034C0450040A933E
:106FB0005D46FFF7EEBB0A93B94B12931BF020011D
:106FC00000F0FF80089B073323F00703596853F84C
:106FD000082B08931BF0010F0AD052EA010307D0D7
:106FE0000A9B8DF8713030234BF0020B8DF8703016
:106FF0002BF480650223FFF762BB0A93FFF7B6BB51
:107000000A93A84B1293D9E7089B012153F8042B4C
:1070100002918DF8E4200893059139ACFFF7B5BAD9
:107020001AEE101A26AA504602F0E2F800287FF461
:107030000EAD289E0DF1A40962E440215046FAF7F6
:10704000BFFF20602061002800F06286402363615A
:10705000FFF7A1B8039B0794062B214628BF062300
:10706000039422460293904C089705930C9110913B
:107070000B91FFF764BA102F279B8C4D40F34E8283
:1070800032461AEE106A05E009F10809103F102F88
:1070900040F34382013310321021072BCDE9273210
:1070A000C9F80050C9F80410EEDD26AA3146504652
:1070B00002F09EF800287FF4CAACDDE927320DF11A
:1070C000A409E3E70D9B059DCDF814B0DDF840B0B1
:1070D000CDF82480E31803934A46149FDDF85C80C2
:1070E0000C9B0A941AEE109AB446BBF1000F30D0F4
:1070F00093BB013F0BF1FF3B169BC2E90038279B76
:107100000133C444072BCDF8A0C0279362DC0832BA
:10711000039B38785B1B8342A8BF0346002B1E46A7
:107120000CDD279801309C440728C2E90053CDF8B4
:10713000A0C0279000F3598138780832002EACBFE8
:10714000841B0446002C0BDC05440C9BBBF1000F98
:10715000CED1002B00F0D4830C9B013B0C93CBE7EA
:10716000102C27981FDD1026634604E0103C102CDD
:1071700002F1080216DD01304C4910330728C2E93C
:107180000016CDE92703F1DD26AA4946504602F054
:107190002FF800287FF45BAC103C102CDDE92703AE
:1071A00029AAE8DC9C460130404B5460A4440728DF
:1071B000CDE9270C136000F3FA83387808320544D0
:1071C000C3E71BF0100300F0BC80089B53F8042BAE
:1071D0000893FFE626AA4946504602F009F800281F
:1071E0007FF435ACDDF8A0C029AA91E705F48060F2
:1071F0000026CDF8088005952D4BDDF850800AEE6D
:1072000090AA52AC4FF0CC3BB446054605E00A2AA2
:1072100071F1000134D352463946501840F1000054
:10722000A3FB006727F0030606EB9706801B161AE0
:1072300061F1000E0BFB06F703FB0E77A6FB03A61E
:1072400037440AF0010E0526AEFB066E30184FEAF1
:107250005A0A303004F8010C4AEAC77A0CF1010CE2
:10726000013C7F08002DD2D098F800008445CED193
:10727000BCF1FF0FCBD00A2A71F1000180F05D81D3
:10728000059DCDF8508052AB1B1BDDF80880CDF872
:1072900034C01AEE90AAAB460593FFF7D7BA00BFE9
:1072A0006C2105008021050094210500AC2105001A
:1072B000CDCCCCCC1AEE101A26AA5046189301F069
:1072C00097FF00287FF4C3AB9DF86F20289E189B82
:1072D0000DF1A409FFF790B80123C9F80430279BEA
:1072E000BE4AC9F8002001330136072B28962793A0
:1072F00000F37A8109F10809002940F0AE800D9A67
:107300000BF0010313433FF4B8A8119B13999A198A
:10731000C9E90013279B28920133072B279300F319
:10732000598209F108090D99C9F8004001338E18F6
:10733000072BCDE92736C9F804107FF79CA8FFF783
:10734000D5BB1BF0400200F0BE80089850F8042B1B
:107350000890194692B23DE61AEE101A26AA504637
:1073600001F046FF00287FF472AB289E0DF1A409BE
:10737000FFF7B3BA24AE0822002130461F94FCF771
:10738000D3FC039B5A1C00F0E8800025CDF8088050
:10739000CDF81CB0A8469B460CE039A9504601F038
:1073A000E1FE431C404400F00E84584508DC00F028
:1073B0001A8480461F9A525933460435002AECD16C
:1073C000CDF81480DDF81CB0DDF80880D2E0164658
:1073D00001332644072BC9F80050C9F80440CDE911
:1073E00027367FF748A8FFF781BB26AA49465046B3
:1073F00001F0FEFE00287FF42AAB3878DDF8A0C04B
:1074000029AA9BE61AEE101A26AA504601F0F0FEB1
:1074100000287FF41CAB289E0DF1A409FFF714B8D7
:10742000012B5D467FF4FEA9FFF7ACBB089B0499D6
:1074300053F8042B444611600893FEF7BEBEDDF8F6
:107440000C80C9F8005001372644072FCDE9277674
:10745000C9F804407FF73BAB86E4119B13989A1957
:10746000C9E90003279B28920133072B279300F3D8
:10747000B18109F108090029BFF655AF4F4210311B
:10748000574D80F26A831AEE101A102605E009F1B2
:107490000809103F102F40F3608301331032072B8F
:1074A000C9E90056CDE92732F1DD26AA50460391FD
:1074B00001F09EFE00287FF4CAAADDE92732039975
:1074C0000DF1A409E5E7089B1BF400711ABF1146F2
:1074D00053F8042B53F8042B089318BFD2B279E564
:1074E000089B15F400711ABF114653F8042B53F88A
:1074F000042B089318BFD2B20123FFF7E0B8089B12
:107500001BF400711ABF114653F8042B53F8042BD7
:10751000089318BFD2B2FFF735B9164601333E447F
:10752000072BCDE92736C9F80050C9F8047000F3DD
:10753000438109F10809FFF7A6BB179B1699E41AC6
:107540001A462046FCF732FD98F80120254B0AB177
:1075500008F101084FF0000C5DE600231946009683
:107560001FAA504601F024FE03460133059000F0A7
:107570002A831F94059B002B44D0632B40F3188172
:10758000591C5046FAF71CFD0446002800F01B83E6
:107590000790082200213046FCF7C6FB059D0096A7
:1075A0002B461FAA2146504601F002FE854240F0BC
:1075B000BB83059908970023635421EAE1719DF884
:1075C0006F20039302910C9310930B93FEF7B7BFB8
:1075D0002D228DF86F20FEF7A1BF00BF38D5040023
:1075E000AC210500CDCCCCCC1AEE101A26AA504600
:1075F00001F0FEFD00287FF42AAA1D99289E0DF1B6
:10760000A40979E6059B9DF86F200897CDE9023320
:107610000C9310930B930793FEF791BF0D9A059966
:10762000A5186D1AD41AA542A8BF2546FFF760BB5E
:1076300013F9042B0893D1170B46FEF7EFBF089BF5
:10764000049953F8042B089311804446FEF7B5BD06
:10765000039E022124AB01931FAB009332461DAB66
:107660005046B0EE480AF0EE680A00F0DDFD029BDD
:10767000472B044600F09581462B00EB060505D10B
:107680000378302B00F00E831D9E354451EC180B0F
:1076900000220023FAF7DCF8002800F076812B4660
:1076A0001B1B0D93029B472B00F03B81029B462B3B
:1076B00000F0FB811D9B0B930B9B029A013B412A1F
:1076C0001D9300F02D829DF828200021002BB8BFCB
:1076D0000B9B8DF88020BABFC3F101032D222B2212
:1076E000092B8DF8812040F320820DF19705B74ECC
:1076F0002A46104686FB0321DA17C2EBA10202EBF1
:107700008201A3EB4101303100F8011C19466329C5
:10771000134600F1FF32ECDC3033D9B2831E9D42B8
:1077200002F8011C40F2CB8213460DF1820201E007
:1077300013F8011B02F8011B9D42F9D10DF19903C9
:107740000DF182021B1A134420AA9B1A15930D9B5C
:10775000159A012B1A44059240F33E82059B119A1B
:1077600013440593099B059A23F4806343F4807BBB
:1077700022EAE27200230C93029210930B93189B5F
:10778000002B40F0DC809DF86F200393FEF7D7BEFE
:1077900020460897FDF754F901460590FEF722BFF1
:1077A0001AEE101A26AA504601F022FDFEF7DFBDA0
:1077B0000023079339ACECE61AEE101A26AA5046BD
:1077C00001F016FD00287FF442A9289E0DF1A409BE
:1077D000FFF759BA1AEE101A26AA504601F008FD12
:1077E00000287FF434A9DDE927321D990DF1A409A1
:1077F00041E606230393FFF79DBB039B02215E1C1A
:1078000028E7039E032125E71DA8B0EE480AF0EE05
:10781000680A00F0E1FB00224FF07F5351EC100B9F
:10782000F9F7AEFD0022002306460F46FAF710F8DE
:1078300008B101231D93664B0593039BCDF82C8063
:10784000013B0AEE90AACDE90C9BDDF814A0109440
:107850002546984606E00022002308F1FF38F9F794
:10786000F7FFE8B95B4B002230463946F9F788FD4F
:107870000F460646FAF734F80446F9F717FD0B46AB
:10788000024639463046F9F7C3FB1AF80430B8F11E
:10789000FF3FAB46C14605F8013B06460F46DAD12D
:1078A0004D4BDDF82C80CDF82C9000223046394627
:1078B000DDF83090CDF830B01AEE90AADDF834B093
:1078C0000D94109CF9F7ECFF002840F06081424BCA
:1078D000304639460022F9F7BBFF18B10D9BDE0791
:1078E00000F155810B9B002B07DB0B9B01332B44D5
:1078F000302205F8012BAB42FBD12B1B0D93D1E6B7
:107900000A9C0D9BDDF814B0DDF824801497E31871
:107910009D4291462A4628BF1A4666460592FFF7C1
:10792000B9B91D9B0B93DD1C02DB039A93420DDD5D
:107930000A9B023B0A9323F020030293BCE62D220C
:1079400000238DF86F200393FEF7FCBD0B9B0D9A6F
:107950009342C0F2D880099B13F0010F0B9B00F0FB
:107960004081119A13440593099B590503D50B9B3C
:10797000002B00F33F81059B23EAE3730293672307
:107980000A9300230C931093F9E6249BAB42BFF4B7
:1079900087AE30215A1C24921970249B9D42F9D83D
:1079A0007EE6099BDB0700F1B980249B78E626AAD6
:1079B0004946504601F01CFC00287FF448A838785E
:1079C000DDF8A0C029AA0544FFF7BFBB676666665D
:1079D00080210500000030400000E03F78238DF852
:1079E000713030238DF870304BF002030993039B04
:1079F000632B00F3A9800023079339ACDDE90E1255
:107A00000A9B002A23F020034BF4817B029322DBA4
:107A1000002342EC181B18930A9B612B7FF49AAA4F
:107A2000B0EE480AF0EE680A1DA800F0D5FA002270
:107A30004FF07F5351EC100BF9F7A2FC002200230A
:107A400006460F46F9F704FF08B101231D93AD4B1D
:107A50000593F2E60793DDE90E2303F1004308EEF8
:107A6000903A2D2308EE102A1893D5E71AEE101A33
:107A700026AA504601F0BCFB00287EF4E8AF289E01
:107A80000DF1A409FFF7F8B81AEE101A26AA50460D
:107A900001F0AEFB00287EF4DAAF1D9B289E0DF1AD
:107AA000A409FFF70DB9582399E71D9A099B0B927A
:107AB000002A03F0010340F3118103990B4340F0C6
:107AC000C1800B9B059366230A93099B5A0500F11D
:107AD0009380059B23EAE373029352E71AEE101A90
:107AE00026AA504601F084FB00287EF4B0AF1D9C0E
:107AF0000D9B289E1C1B0DF1A409FFF7F9B800226D
:107B00000392FEF787BB0D9B119A9A180B9B059267
:107B1000002B40F3BD8067230A93D6E7A519B5E58E
:107B20000A9A0F32D2B20121D0E5002940F0AD808F
:107B300030228DF882200DF18302303302F8013BB0
:107B400020ABD31A159302E6591C5046FAF738FABF
:107B50000446002837D0079050E701333A44072BFA
:107B6000CDE92732C9F80050C9F804707FF7D9ABC6
:107B70001AEE101A26AA504601F03AFB00287EF4AD
:107B800066AFDDE927320DF1A409FFF7CCBB0C9BF2
:107B9000059A2493D17B15F8013C8B422A4609D1E2
:107BA000302002F8010C249A531E249312F8013C51
:107BB0009942F6D0392B0BBF059B01339B7ADBB280
:107BC00002F8013C99E61AEE102AB2F90C3043F0A3
:107BD00040039381FEF7CFBB099BD8077FF5C2AD69
:107BE000BCE50593C0E6039BDDF80880DDF81CB01A
:107BF0000593BFE467230A9314990B78FF2B00F0D9
:107C00008F8000250B9A284603E001300131FF2BBD
:107C100008D0934206DAD21A4B78002BF5D10B78B4
:107C20000135F4E70B92149110900C950C9A109B6F
:107C300017991344059A01FB0323059323EAE37381
:107C400002939CE5119BD5182944662305910A935C
:107C50003BE7039B0293059373239DF86F200897DE
:107C600003900C9010900A93FEF769BC0F9B264C72
:107C7000002BB4BF2D229DF86F20244BB8BF8DF888
:107C80006F202BF0800BFEF74DBC0DF1820254E704
:107C9000C3F101031A4422EAE273029367230592B7
:107CA0000A936EE651EC180B00220023F9F7D0FD81
:107CB00000287FF4E9ACC6F101061D96E5E4022335
:107CC000159344E5089A98F80130884652F8041B49
:107CD000089241EAE1710391FEF79ABA039A1343BD
:107CE00005D10123662202930A92059349E6119B6E
:107CF0005D1C2A4422EAE2730293662305920A93EA
:107D00003FE600BF6C2105006821050060160500F4
:107D10000C23CAF800304FF0FF330493FEF732BB58
:107D200000230C93109381E71AEE102A938943F0F5
:107D300040039381FEF78BBE70B500294BD00646F9
:107D40000C4610B1436B002B48D0636ED80734D576
:107D5000B4F90C30002B3ED02146304600F050F8EC
:107D6000E36A054633B1E169304698470028B8BF59
:107D70004FF0FF35A3891A063CD4216B41B104F1C1
:107D80004003994202D03046FCF776FF002323637C
:107D9000616C21B13046FCF76FFF00236364FBF791
:107DA00081FE636E0022DB07A2811FD5A06DFCF768
:107DB00015FCFBF77DFE284670BDA3899905CBD441
:107DC000A06DFCF70DFCB4F90C30002BC4D1656E2E
:107DD00015F0010505D00025284670BDFBF744FECF
:107DE000B3E7A06DFCF7FEFB284670BDA06DFCF765
:107DF000F9FBDBE721693046FCF73EFFBDE700BF3A
:107E0000B1F90C202DE9F0410C461107804647D40A
:107E1000636842F40062002BA2815EDDA56A002D3A
:107E200058D00023D8F80060C8F8003093B212F49C
:107E3000805256D10123E1694046A847431C67D0D0
:107E4000A389A56A5F0705D56368C01A236B0BB1C8
:107E5000E36BC01AE169024600234046A847411C73
:107E600041D1D8F80030002B3DD01D2B01D0162B6E
:107E700056D1A3892269226023F400630021616046
:107E8000A381216BC8F8006021B304F1400399423B
:107E900002D04046FCF7F0FE00202063BDE8F081F0
:107EA0002669BEB193B2256826609A070CBF636944
:107EB0000023AD1BA3600BE02B463246E169676AE5
:107EC0004046B847B0F1000CA5EB0C05664417DD41
:107ED000002DF1DC0020BDE8F081E36B002B9DDC80
:107EE000F8E7206DAEE7B4F90C302269226023F484
:107EF0000063A3810022DB046260C2D52065C0E775
:107F0000A38943F040034FF0FF30A381BDE8F08127
:107F1000D8F80030002B93D01D2B06D0162B04D0A0
:107F2000A38943F04003A381D5E7C8F80060D1E7F7
:107F300038B50C46054608B1436B03B3B4F90C00E1
:107F400088B1636EDB0701D481050FD52846214631
:107F5000FFF756FF636EDA07054602D4A3899B0537
:107F600008D5284638BD0546284638BDA06DFCF723
:107F700037FBEBE7A06DFCF735FB284638BDFBF778
:107F800073FDDBE771B1034600EB010C01E06345D3
:107F900006D01A46013311780029F8D1101A70471B
:107FA000181A70470846704700487047F00DFF1FC9
:107FB00038B5074D074C2C1BA41005D0013C55F8D3
:107FC000043D9847002CF9D1BDE838400AF06EB95D
:107FD000000000000000000053EC102B70B5164E9E
:107FE00023F000410025B1420446056021DC10EE7B
:107FF000106A0E431DD0114E1E40184666B9194630
:10800000002210EE100A0E4BF9F7BAF96FF03505A1
:108010000246084621F0004120F0FF40091520F4F7
:10802000E000A1F2FE3140F07F53294443F40013F5
:10803000216043EC102B70BDFFFFEF7F0000F07F4D
:108040000000504300B50B4C25681446EE681A46F4
:1080500085B003460D464CB107490095CDE90114A2
:108060003046064901F0B0F8F5F7D6F904490C4658
:10807000F3E700BF900FFF1FBC210500CC210500D6
:10808000A811050038B5A1FB02148CBBF9F798FFC5
:108090000546E0B150F8042C22F00302043A242AE9
:1080A00017D8132A1AD91B2AC0E900441DD9242A3B
:1080B00014BF00F1100200F118024FF00003C0E9F4
:1080C000024404BF04614461C2E90033936028465E
:1080D00038BD2146FBF728FE284638BD024600235E
:1080E000C2E900339360284638BD00F10802F6E784
:1080F000FCF748FA0C2300250360E8E72DE9F04F70
:1081000003690C69A34283B0C0F28780013C01F18E
:108110001405A30000F11408009355F8243058F812
:108120002420013381469A4208EB840005EB840742
:108130000190B2FBF3F63BD34FF0000CAE46404645
:10814000E24663465EF804BB02681FFA8BFC06FB3E
:108150000C334FEA134C4FEA1B4B06FB0BCC9BB284
:10816000AAEB03031FFA8CFA13FA82F3CAEB12424A
:1081700002EB23429BB243EA0243774540F8043BBB
:108180004FEA224A4FEA1C43DCD2009B58F80330E6
:1081900073B9019B043B984504D307E0984504F16B
:1081A000FF3403D253F80429002AF7D0C9F810404D
:1081B0004846FDF76BFD00282BDB013641460023C6
:1081C00055F8040BD1F800C082B29A1A030C12FAC7
:1081D0008CF2C3EB1C4303EB224392B242EA03420C
:1081E000AF4241F8042B4FEA2343E9D258F8242048
:1081F00008EB84036AB9043B984504D307E098452B
:1082000004F1FF3403D253F80429002AF7D0C9F847
:108210001040304603B0BDE8F08F002003B0BDE849
:10822000F08F00BFFFFFFFFF2DE9F04F2DED068B14
:1082300095B08DED020B0191816B249D099259EC53
:10824000108B0446069341B1C26B4A6001239340F0
:108250008B60FDF763FA0023A363B9F1000AB4BF92
:10826000012300232B607C4BBCBF2AF0004ACDF8D1
:108270000CA033EA0A0300F0B3809DED027B0022DC
:1082800051EC170BB0EE479AF0EE679A0023F9F71E
:10829000DFFA074688B1069A01231360259B002B5D
:1082A00000F0CE836D4B259A1360013B009300983C
:1082B00015B0BDEC068BBDE8F08F12AA13A92046BD
:1082C000B0EE490AF0EE690AFDF740FEB0EE498AC9
:1082D000F0EE698A5FEA1A56054640F09980DDE9BA
:1082E00012763E4406F23243202B40F3C283C3F1A0
:1082F00040030AFA03FA06F2124328FA03F04AEAA4
:108300000000F8F7C3FF0123013E0D93A1F1F871BE
:10831000534B0022F8F77CFE49A3D3E90023F9F779
:108320002FF849A3D3E90023F8F774FE80463046BE
:108330008946F8F7BBFF46A3D3E90023F9F720F8F5
:1083400002460B4640464946F8F764FE8046894699
:10835000F9F7C6FA00228346002340464946F9F75A
:1083600081FA002840F05F83BBF1160F00F24E83C4
:108370003C4B03EBCB03D3E9002351EC190BF9F78A
:1083800071FA002874D00023BF1B0C937B1E0BF1E5
:10839000FF3B049300F1418300230893BBF1000FDE
:1083A0006DDA089BCDF814B0A3EB0B030893CBF167
:1083B00000030B93019B092B4FF0000B68D8052B92
:1083C00040F35583043B01930026019B023B032BA2
:1083D00000F2A486DFE813F0660463045B043E0445
:1083E000069ACAF3130A42F20F735AEA080A136094
:1083F0001DD1259B002B00F0A0861B4B009308335A
:10840000259A0098136015B0BDEC068BBDE8F08F7F
:1084100018EE903AC3F3130351EC190B43F07F515C
:108420000D97A6F2FF36129F41F4401170E7259B8D
:10843000002B40F0F0830D4B009338E7AFF3008042
:1084400061436F63A787D23FB3C8608B288AC63F5A
:10845000FB799F501344D33F0000F07F39D50400CF
:108460000000F83F90200500FC21050008220500CF
:10847000BF1B7B1E049300F19B840C900890049B0F
:108480005B44CDE9043B00230B93019B092B96D958
:10849000002301264FF0FF3201930A9607920993B9
:1084A000079B0F930021E1632046FDF711F900902F
:1084B000002800F03B86009BA363079B0E2B00F275
:1084C0001E81002E00F01B810599002940F3728463
:1084D000D04B01F00F0203EBC2034FEA2118C9058C
:1084E000D3E9006740F12E84CB4B51EC190BD3E953
:1084F0000823F9F76FF841EC180B08F00F084FF05C
:10850000030AB8F1000F13D0DFF80C9318F0010F35
:1085100009D030463946D9E90023F8F731FF0AF18E
:10852000010A06460F465FEA680809F10809EDD11D
:1085300051EC180B32463B46F9F74CF841EC1A0B5C
:108540000C9B5BB157EC1A6BB44B1AEE100A00226D
:108550003946F9F787F9002840F04E855046F8F77C
:10856000A5FE53EC1A2BF8F70BFFAD4B0022F8F7E2
:1085700051FD079B8046A1F15079002B00F0A580AA
:10858000059B1093079B0E930A9B002B00F0BC8465
:108590000E9AA04BA349DDF800A003EBC20353E9F8
:1085A00002230020F9F716F842464B46F8F730FD53
:1085B00059EC1A8B41EC180B49461AEE100AF9F7E0
:1085C0008FF90746F8F772FE02460B461AEE100ABC
:1085D0004946F8F71DFD303706460AF8017B0F467D
:1085E000324651EC180B3B46F9F75AF9002840F097
:1085F0004F854FF000080AEE105ACDF844B05546AA
:108600005BEC18AB08EE104A44462BE00E9B01349D
:108610009C4280F24D85844B504659460022F8F723
:10862000AFFE814B002282468B4630463946F8F732
:10863000A7FE89468046F9F753F90746F8F736FE54
:1086400002460B4640464946F8F7E2FC303705F84B
:10865000017B52465B4606460F46F9F703F90028B0
:1086600040F0118532463B466C490020F8F7D0FCBB
:1086700052465B46F9F7F6F80028C7D0109B009ADF
:108680000593AA4618EE104A1AEE105A02E0524517
:1086900000F0E384D1461AF8013D392BF7D00133BD
:1086A000DBB28AF80030059B0133059398E1504610
:1086B000F8F7FCFD53EC1A2BF8F762FE584B00223A
:1086C000F8F7A8FC8046A1F15079584B002251ECF4
:1086D0001A0BF8F79DFC42464B4606460F46F9F743
:1086E000DFF88246002840F0C884304639464246CA
:1086F00009F10043F9F7B6F8002840F05783139BBF
:10870000002BC0F29580059A0E2A00F39180414B10
:1087100003EBC203D3E90089099B002B1BDA079BFB
:10872000002B18DC40F04083404B00224046494675
:10873000F8F726FE02460B4651EC190BF9F79CF8A8
:10874000DDF81CA05646002800F0C482099BDDF825
:108750000080DF43C6E242464B4651EC190BF8F766
:1087600039FFF9F7BDF806468346F8F79FFD424604
:108770004B46F8F705FE0B46024651EC190BF8F78D
:1087800047FCDDF800A0334630330AF8013B079B75
:10879000012B00F071834FF0010B08EE105A08EE28
:1087A000904A1D465446DA461DE042464B46304646
:1087B0003946F8F70FFFF9F793F88346F8F776FD97
:1087C00042464B46F8F7DCFD0AF1010A0B46024629
:1087D00039463046F8F71CFC0BF13003AA4504F883
:1087E000013B00F04483104B0022F8F7C9FD002242
:1087F000002306460F46F9F72BF80028D5D0A246ED
:1088000018EE105A18EE904A059B01330593D14695
:10881000E6E000BF90200500682005000000F03F62
:1088200000001C400000E03F000024400000144015
:108830000A9A002A00F00C81019A012A40F39D82D5
:10884000079B03F1FF380B9B434580F260820B9B33
:10885000CDF82C80A8EB03039B444FF00008079B46
:10886000002BC0F23B83049A1A440492089A1746DC
:108870001A44089201212046FDF754F8064667B1D4
:10888000049A002A09DD0899BA421346A8BF3B465C
:10889000C91AFF1AD31A089104930B9B63B10A9B60
:1088A000002B00F0BF82B8F1000F00F333820B9B66
:1088B000B3EB080240F0228301212046FDF732F895
:1088C000BBF1000F824600F3D980019B012B40F3DE
:1088D000A9814FF000080120BBF1000F40F0DA80C1
:1088E000049B184410F01F0000F09A81C0F120038F
:1088F000042B00F3B28040F02D82089B002B05DD95
:1089000029461A462046FDF749F90546049B002BE7
:1089100005DD51461A462046FDF740F982460C9B7C
:10892000002B40F05D81079B002B40F344810A9BA4
:10893000002B40F0C780059B01330593DDF80080D4
:10894000DDF81C90012707E0294600230A22204673
:10895000FCF7EEFE0137054651462846FFF7CEFBF1
:10896000B94500F1300008F8010BEDDC079A002A48
:10897000C8BF9346009AD8BF4FF0010B03469344FB
:1089800000272946012220460193FDF707F95146A9
:108990000546FDF77BF9002840F3E4811BF8013C14
:1089A000009A0BF1FF3B04E05A4500F0F6811BF8FA
:1089B000013D392B0BF10109F6D001338BF8003062
:1089C00051462046FCF7AAFE56B12FB1B74203D05C
:1089D00039462046FCF7A2FE31462046FCF79EFEB3
:1089E00029462046FCF79AFE002389F80030DDE98D
:1089F00005231A60259B002B3FF459AC0098C3F85F
:108A0000009015B0BDEC068BBDE8F08F0123BF1BB5
:108A10000C937B1E04937FF5BFACC7F10103089351
:108A200000230493BAE45846F8F740FC42464B460C
:108A3000F8F70EFF00287FF497AC0BF1FF3B93E4AF
:108A4000BD4B0093009815B0BDEC068BBDE8F08FD0
:108A5000DDF82C80089F0A9E11E7C0F11C00089BDE
:108A600003440893049B03440744049345E7012609
:108A7000ABE4C3F1200308FA03F042E401465A468E
:108A80002046FDF72BF8019B012B824640F3BE8167
:108A90004FF00008DAF810300AEB83031869FCF78E
:108AA000F1FEC0F120001BE7314600230A222046D8
:108AB000FCF73EFE0F9B002B064640F31983CDF8D2
:108AC00014900793002F00F31B81B8F1000F40F0C2
:108AD000EE81B046029B009F079903F001027B1EC6
:108AE0001944019B0A921343089109935146284661
:108AF000FFF704FB314683462846FDF7C7F8424698
:108B0000514681462046FDF7E3F8C26801460BF165
:108B10003003002A42D1049028460793FDF7B6F8A7
:108B2000049902902046FCF7F9FD029A079B1AB9B6
:108B30000999002900F0C482B9F1000FC0F27981CF
:108B4000019949EA01090A9951EA090900F071817C
:108B5000002A00F3C781089A3B7007F10109974288
:108B6000CB4600F0C581294600230A222046FCF7A7
:108B7000DFFD4645054631464FF000034FF00A023F
:108B8000204612D0FCF7D4FD4146064600230A22B7
:108B90002046FCF7CDFD4F468046A7E720460293CE
:108BA000FCF7BCFD029B0122C6E7FCF7C1FD4F4666
:108BB000064680469AE7019B022B7ADC0A9B002B33
:108BC00080D1059B5146013328460593FFF796FA5D
:108BD000DDF800B000F130030BF8013B0027D0E6D0
:108BE00051462846FDF752F80028BFF69CAE2946AC
:108BF00000230A222046FCF79BFD059B03F1FF3969
:108C00000A9B0546002B7FF44FAF0F9B002B40F3D0
:108C10005E82079392E6494B00930333FFF7F0BB64
:108C20001C201CE7DDE9021200297FF452AEC2F3DA
:108C30001303002B7FF44DAE414B1340002B00F08B
:108C40002082089B01330893049B013304934FF067
:108C5000010840E601230A93099B059A13440F93E8
:108C60000133012B1F460793B8BF01270021172F9F
:108C7000E1637FF719AC012204235B0003F11400C8
:108C8000B842114602F10102F7D9E1630CE4012375
:108C90000A93099F002F60DD0F970797E6E70023EF
:108CA0000A93D9E700230A93F3E70F9B0793CDF8C4
:108CB0001490079B002B7FF449AD514605222046B6
:108CC000FCF736FD014682462846FCF7DFFF002808
:108CD0007FF73CAD009B059F3122984603F8012B9E
:108CE0000137009351462046FCF718FD7B1CDDF848
:108CF00000900593CDF80080002E7FF46DAE6FE6F6
:108D000031463A462046FCF749FF0646DDE6A3EB2E
:108D10000808A4E5314642462046FCF7DFFE2A4615
:108D2000014606462046FCF72BFE2946054620460E
:108D3000FCF7F4FCBBE500BF38D5040008220500B1
:108D40000000F07F4FF0020AB0EE498AF0EE698A27
:108D5000FFF7D7BBC0F13C0081E6012309930793DD
:108D6000FFF79EBB03D1019BDB073FF517AED9464A
:108D70001BF8013D302BFAD022E60D9A002A00F0B4
:108D8000378103F23343049ADDF82C801A440492AD
:108D9000089A17461A4408926CE5059B009A01331D
:108DA0000593312313700BE64FF0000A5646CDE4CD
:108DB0000C9032E600F04981059AC84B564206F005
:108DC0000F0203EBC203D3E9002351EC190BF8F7B0
:108DD000D7FA361141EC1A0B00F09581C04F0023F1
:108DE0004FF0020AF20706D5D7E90023F8F7C8FAD0
:108DF0000AF1010A0123761007F10807F2D1002BCE
:108E00003FF49EAB41EC1A0BFFF79ABB029B002B81
:108E10007FF43EAEDDE90212C2F31303002B3FF4F0
:108E20000BAF35E629460B9A2046FCF757FE054660
:108E300042E5002A12DD2946012220460193FCF773
:108E4000ADFE51460546FCF721FF0028019B40F38B
:108E50002981392B00F007810BF13103B94609F85C
:108E6000013B059B0133374605934646A8E5A246DC
:108E700018EE105A18EE904A02460B46F8F7CAF858
:108E800042464B4606460F46F8F70AFD60B9424691
:108E90004B4630463946F8F7DBFC00283FF4B4ACCB
:108EA0005FEACB717FF5B0AC009AFFF7F3BB716856
:108EB0002046FCF70DFC0746002800F028813369A6
:108EC00002339A0006F10C010C30F4F775F93946BB
:108ED00001222046FCF762FE8046FBE5DDE9072320
:108EE0009F1AC7E4392B00F0BE80B9460133B6E7BC
:108EF000059A013237460592464642E52946204604
:108F0000FCF7ECFD0546D7E40E98744901EBC0016F
:108F100042464B4651E90201F8F732FA5AEC1A9BE5
:108F200041EC180B51461AEE100AF8F7D9FC074627
:108F3000F8F7BCF902460B461AEE100A5146F8F74C
:108F400067F806460E98DDF800803037012808F8EB
:108F5000017B0F4600F0D5800E9B009ACDF838B00B
:108F600013449B46C2465F4B002230463946F8F711
:108F700007FA89468046F8F7B3FC0746F8F796F9F2
:108F8000303702460B4640464946F8F741F80AF8A2
:108F9000017BD34506460F46E5D1DA46DDF838B009
:108FA000514B59EC188B002218EE100A4946F8F77D
:108FB00031F832463B46F8F755FC00286DD118EEE3
:108FC000102A4B4648490020F8F722F832463B4623
:108FD000F8F766FC00283FF492ABD1460AF1FF3A5D
:108FE00019F8013C302BF8D0109B01330593F7E4BE
:108FF000129BC3F13603C6E6079B002B3FF457AB29
:109000000F9B002B7FF77BAB059A0E93013A354BF4
:1090100010921AEE100A39460022F8F7B1F902460A
:1090200016460F460AF10100F8F740F932463B4672
:10903000F8F7A6F92D4B0022F7F7ECFF47EC1A6B77
:109040008046A1F15079FFF79FBA4FF0020AB0EEC7
:1090500049AAF0EE69AAFFF773BA059B013305939D
:109060003123FFF71EBB059BBB4601330593392314
:1090700037460BF8013B464692E44FF0000A56464D
:1090800028E6984627E4AA4618EE104A1AEE105A27
:10909000109B01330593D146A2E4109B009A0593DF
:1090A000FFF7F8BA7FF4DAAEDA077FF5D7AED0E68D
:1090B000DDF844B01AEE105A18EE104AFFF71FBB45
:1090C000392BD0D0B9F1000F3FF7C6AEC6E6019BF1
:1090D000022B3FF7EAADCDF8149072E59020050021
:1090E00068200500000024400000E03F00001C4014
:1090F000019B022B3FF7D9AD0F9BCDF8149007933E
:10910000E0E4C2464CE74FF0020AFFF719BA124BEF
:1091100012483A4640F2EF21FEF794FF0026E6633C
:1091200031462046FCF7D4FA009050B90A4B0B4860
:10913000002240F2AF11FEF785FF094B0093FFF7C5
:10914000B6B8009BA3634FF0FF330F93079301233F
:1091500009960A93FFF7D3BA901E05000C2205006A
:10916000FC21050070B5054684B05BB11C4669B1B1
:109170000E4B2846D3F8E0602346B047431C0FD07F
:1091800004B070BD00F582740029F1D1074A23466E
:10919000D2F8E06028460A4601A9B047431CEFD147
:1091A00000228A2322602B6004B070BD000DFF1FD7
:1091B00010B582B0049CCDE900344FF0FF3301F0CC
:1091C000C7FB02B010BD00BF0EB410B583B005AB35
:1091D000064C53F8042B01930146206800F0C4F8B4
:1091E00003B0BDE8104003B0704700BF900FFF1FF1
:1091F0002DE9F04F9368176883B09246002B70D02A
:1092000081468A6808680C46083743E0A38913F44E
:10921000906F2ED0D4E90416A0EB010806EB4606A9
:1092200006EBD67608F1010076102844B0423246AB
:1092300084BF064632465B0537D511464846F8F7E7
:10924000BFFE019000283AD042462169F3F7B4FFEF
:10925000A289019B22F4906242F08002A281A6EBD7
:10926000080203EB08006661A260236120602E46BD
:10927000A84642465946FAF7DBFCDAF80830A268FD
:109280002068921B40445B1BA2602060CAF8083033
:109290003BB3083757E902B5002DFAD0AA4216466B
:1092A0009046B3D92E46A846E3E74846F9F750F969
:1092B00003460028D3D121694846FBF7DDFCA3898A
:1092C0000C2243F04003C9F800204FF0FF30A38187
:1092D00000220023CAF80820CAF8043003B0BDE811
:1092E000F08F00200023CAF8043003B0BDE8F08FEF
:1092F0002DE9F84F4B6E9C0490462DD5936812686B
:1093000043B38B46064602F1080959E9025A5FEA5F
:109310009A0715D0043D002401E0A7420ED055F86D
:10932000041F5A46304601F05BFA431C04F1010465
:10933000F3D10023C8E90133BDE8F88FD8F808302D
:109340002AF0030AA3EB0A03C8F8083009F1080958
:10935000002BDAD10020ECE701F00CF80023C8E97B
:109360000133BDE8F88F00BF2DE9F04F2DED028BE2
:10937000C5B00DF1500A834608EE101A16460021BA
:10938000082250461C460793FAF7CEFCBBF1000FAB
:1093900004D0DBF83430002B00F0A08618EE102A41
:1093A000536EDB0740F11385B2F90C108AB29504B5
:1093B0000BD418EE103A41F4005199815B6E8AB2D9
:1093C00018EE101A23F400534B66100740F1058184
:1093D00018EE103A1B69002B00F0FF8002F01A0310
:1093E0000A2B00F00A810023CDE91933CDE90D33B2
:1093F0001BAA0C93189291460B930593B0464446D2
:10940000A84BD3F8E450FBF751F82246034612A9C3
:10941000CDF800A05846A847002800F04581C0F2CA
:109420003981129A252A034601D01C44E8E7B4EB9F
:109430000806054640F03C81002361788DF84330F2
:1094400004F1010806934FF0FF371E462B2408F164
:109450000108A1F120035A2B00F27881DFE813F014
:10946000B50276017601B0027601760176016A00D6
:10947000760176017D028D027601880297027601DF
:1094800092025B005B005B005B005B005B005B00CB
:109490005B005B007601760176017601760176014C
:1094A0007601760176015C02840076017601760110
:1094B0007601760176017601760176017601E80083
:1094C00076017601760133027601DA0276017601C1
:1094D0008B057601760176017601760176017601BB
:1094E0007601760176015C028600760176017601CE
:1094F000CD0286007F007601C0027601FD02EA00FF
:10950000ED027F00760133027C0069057601760169
:109510006B0576017C00A1F13003002218F8011BD5
:1095200002EB820203EB4202A1F13003092BF5D9D1
:1095300006928EE75846FEF737FD43680D931846AE
:10954000FBF77EFA0E9005465846FEF72DFD836820
:109550000B93002D40F0D68498F8001077E798F828
:10956000001046F0200672E746F01006B40640F1FF
:109570008E81079B073323F007031A46596852F878
:10958000083B07920A460029C0F27084791C00F05B
:10959000A28526F08001039153EA020100F03F8486
:1095A0000A2B72F1000180F0418530338DF80F31C4
:1095B000039E012304930DF20F14049BBB42B8BF1A
:1095C0003B460393002308939DF84330002B00F0A3
:1095D000CB80039B01330393C6E018EE101A584664
:1095E00018EE105A01F040F8002840F05286AA897F
:1095F00002F01A030A2B7FF4F6AE18EE101AB1F936
:109600000E30002BFFF6EFAE4B6EDB0702D4970552
:1096100040F1128618EE101A23463246584600F0E2
:1096200069FE0590059845B0BDEC028BBDE8F08F52
:1096300046F0100616F0200200F03681079B073333
:1096400023F0070319465A6851F8083B079126F49E
:1096500080610391002100208DF84300781C00F008
:109660001082039820F0800653EA020040F008823E
:10967000002F40F03885002940F0D583039B13F07C
:109680000103049300F0118430238DF80F310DF2A3
:109690000F1492E7082200215046FAF745FB0123F8
:1096A0001C44ADE6000DFF1FB4EB080605461BD0B9
:1096B000199B1A9A01333244072BC9E900861A9282
:1096C00019931CDD002A00F0A68318EE101A18AAC0
:1096D0005846FFF70DFE20BB0DF16C09059B334486
:1096E0000593002D7FF4A8AE1A9B002B40F0C18596
:1096F00018EE103A0022B3F90C30199215E009F176
:109700000809EBE718EE101A18AA5846FFF7F0FD03
:10971000002800F0A680089B1BB108995846FBF76B
:10972000ABFA18EE103AB3F90C3018EE102A526E5C
:1097300012F0010F9AB200F0A080500600F1B2853D
:10974000059845B0BDEC028BBDE8F08F0029CBD069
:1097500000238DF843300123CDE903338DF8AC109D
:109760002BAC002308931F4616F00203099302D086
:10977000039B0233039316F084030A9305D1069BDF
:10978000039A9D1A002D00F37B82DDE91903411C29
:109790009DF8432082B101220133C9F80420072932
:1097A0000DF14302CDE91913C9F8002000F34A82F4
:1097B000084609F108090131099AE2B111AA0233F8
:1097C000C9F8002007294FF00202CDE91913C9F8A2
:1097D000042040F35082002B00F0438318EE101A4F
:1097E00018AA5846FFF784FD002894D1DDE9190333
:1097F0000DF16C09411C0A9A802A00F08481049AB8
:10980000BD1A002D00F3D781049AC9F80040134413
:109810000729CDE91913C9F8042040F36E81002B04
:1098200000F0758218EE101A18AA5846FFF760FD6E
:1098300000287FF470AF1A9B0DF16C09750705D5F0
:10984000069A0399541A002C00F36B82DDE9052176
:1098500003988142ACBF521812180592002B7FF476
:1098600051AF089900231993002900F04981584607
:10987000FBF702FA0DF16C09C1E59C053FF55DAF00
:1098800018EE104AA06DFAF7ADFEA28955E7F00672
:10989000079A00F11F83710640F1198332F9043BE6
:1098A0000792DA1711466EE616F01003079940F09A
:1098B000098316F0400000F001831A4651F8043B7A
:1098C00007919BB2C3E6079B1A4600238DF84330ED
:1098D000134653F8044B0393002C00F012845329D1
:1098E00000F0658316F0100540F061837B1C00F0EA
:1098F000B3843A4629462046FBF752F808900028E0
:1099000000F09F84031B039A049323EAE3732F461A
:1099100007920393089557E6432902D0F50640F1D4
:109920002D83079D0822002116A82BACFAF7FCF91D
:1099300016AB55F8042B21465846FFF713FC034697
:109940000133049000F0B384049B079523EAE3738A
:10995000039300238DF8433003E7079B53F8042B50
:109960000692002A80F29C82069A5242CDE9062392
:1099700098F8001046F0040669E598F800108DF894
:10998000434064E598F8001046F080065FE54246E3
:1099900012F8011B2A2900F09684A1F13003092B4B
:1099A00090464FF000073FF654AD18F8011B07EB47
:1099B000870703EB4707A1F13003092BF5D948E5E9
:1099C00098F8001046F0010641E59DF84330002B61
:1099D0007FF4C2AD202398F800108DF8433036E5AF
:1099E00098F800106C2903BF98F8011046F0200683
:1099F00008F1010846F0100629E598F800106829DA
:109A000003BF98F8011046F4007608F1010846F00B
:109A100040061CE546F010030393039B13F020025D
:109A200000F00682079B073323F0070319465A68A4
:109A300051F8083B079101210DE6079A46F0020311
:109A4000039352F8043B079247F63002ADF84420E6
:109A5000B84A0C9202210022FDE5B70600F14882C7
:109A6000F50600F14683740600F1D583B00540F198
:109A70004083079B059953F8042B07931170BEE4AC
:109A8000039601293FF48CAD022944AC11D10C9806
:109A900003F00F011B09415C04F8011D43EA027346
:109AA000120953EA0201F3D1039E44AB1B1B04933A
:109AB00083E503F00701DB0843EA4273D208303143
:109AC00053EA0205204604F8011DF2D1039EF30774
:109AD000EBD53029E8D03023023804F8013C44AB00
:109AE0001B1A039E0493044667E5049B1B94012202
:109AF0001C931A9319920DF16C0909F108099DE65E
:109B00000DF16C097BE4069A039D551B002D7FF730
:109B100076AE102D40F3BB83099418EE104A07E08F
:109B200000F1020C09F108091046103D102D1EDD50
:109B30008149C9F80010421C10331021072ACDE9D1
:109B40001923C9F80410EBDD18AA002B74D02146A4
:109B500058460DF16C09FFF7CBFB00287FF4DBAD15
:109B6000DDE91903103D102D00F1010CE0DC099C2A
:109B7000714AC9F804502B44BCF1070FCDE919C351
:109B8000C9F8002040F39481002B00F01F8318EEE9
:109B9000101A18AA5846FFF7ABFB00287FF4BBAD9C
:109BA000049ADDE91903BD1A002D00F101010DF140
:109BB0006C097FF729AE102D29DD0994102718EEC6
:109BC000104A07E000F1020C09F108091046103DA7
:109BD000102D1ADD421C58491033072AC9E9001715
:109BE000CDE91923EEDD18AA03B3214658460DF13D
:109BF0006C09FFF77DFB00287FF48DADDDE91903CB
:109C0000103D102D00F1010CE4DC099C61464A4A2C
:109C1000C9F804502B440729CDE91913C9F80020CD
:109C200000F3E78009F108090131EDE54FF0010C7F
:109C300018460DF16C09CAE74FF0010C18460DF1FA
:109C40006C0972E7002B00F0048118EE101A18AAB4
:109C50005846FFF74DFB00287FF45DADDDE91903A1
:109C60000DF16C09411CA7E5022311AA1C931B925C
:109C700001210DF16C09084609F10809411CBAE5FA
:109C8000102D40F3E582DDE919130F94084618EE14
:109C9000104A07E000F1020C09F108091046103DD6
:109CA000102D1DDD2549C9F80010421C103310216C
:109CB000072ACDE91923C9F80410EBDD18AA03B36C
:109CC000214658460DF16C09FFF712FB00287FF47E
:109CD00022ADDDE91903103D102D00F1010CE1DC8E
:109CE0000F9C6046154AC9F804502B440728CDE95B
:109CF0001903C9F8002000F3C18009F10809411CCB
:109D000046E518464FF0010C0DF16C09C7E77607E0
:109D1000199353D5069A0399541A002C4EDD0DF170
:109D20006C09102C40F3B082199918EE106A1025B6
:109D30000DE000BF6C2105007822050068220500B7
:109D4000881C09F108091146103C102C1ADD4A1C28
:109D5000B3481033072AC9E90005CDE91923EFDD1F
:109D600018AA33B331465846FFF7C2FA00287FF4E9
:109D7000D2ACDDE91913103C102C01F101000DF1FA
:109D80006C09E4DCA64AC9F8044023440728CDE95D
:109D90001903C9F800207FF759AD7BB118EE101AEE
:109DA00018AA5846FFF7A4FA00287FF4B4AC1A9B0F
:109DB0004CE5012019460DF16C09C5E7DDE90532D6
:109DC00003998A42ACBF9B185B18059349E5B2F929
:109DD0000C108F0518EE103A8AB23FF5E8AA18EE7B
:109DE000105A986DFAF7FCFBB5F90C108AB2FFF720
:109DF000DEBA002B3FF479AE18EE101A18AA5846B6
:109E0000FFF776FA00287FF486AC19991A9B013186
:109E10000DF16C09F8E419920DF16C095EE4002F64
:109E20007FF4C3AB039E0027049744ACFFF7C5BB88
:109E3000039B13F0100354D1039A12F0400000F07A
:109E40006B8107991A4651F8043B07919BB2012197
:109E500001E4099A002A64D1184601210DF16C0928
:109E6000C9E4012118460DF16C09C4E45B4262EBC0
:109E7000420203962D200121FFF7EEBB002B00F0DC
:109E8000888018EE101A18AA5846FFF731FA0028F1
:109E90007FF441ACDDE919030DF16C09411C77E455
:109EA00098F800100793FFF7D2BA44ACFFF785BBD0
:109EB00009F108090CF101016046A0E416F40072F2
:109EC00040F0978151F8043B0791FFF7C0BBB30501
:109ED00000F1888152F8043B0792DA171146FFF728
:109EE00052BB079951F8043B07910121FFF7B3BB1F
:109EF000079B059853F8041B0793C217C1E900029A
:109F0000FFF77DBA0B9B002B3FF426AB0B9B1B7816
:109F1000002B3FF421AB98F8001046F48066FFF761
:109F200096BA022311AA1C931B9201200DF16C0911
:109F3000A2E6039671E53B4B0C9316F0200259D034
:109F4000079B073323F0070318465A6850F8083B6D
:109F50000790F40709D553EA020006D08DF84510A2
:109F6000302146F002068DF8441026F480610391FA
:109F70000221FFF770BB2C4B0C93DEE7079B0121FE
:109F800053F8042B03918DF8AC20079304912BAC6C
:109F9000DFE49DF84320002A40F03281099A002A2C
:109FA0007FF462AE184601210DF16C0927E400210F
:109FB000082216A81394F9F7B7FE791C00F0BC80AC
:109FC000002507942C460CE02BA95846FFF7CAF849
:109FD000421C204400F06B81B84208DC00F0708124
:109FE0000446139A525916AB0435002AECD1049456
:109FF000079CAFE016F0100307980CD116F0400450
:10A0000005D01A4650F8043B07909BB2A1E716F41E
:10A01000007240F0E18050F8043B079099E700BFE0
:10A02000682205006C210500802105000399049732
:10A0300044AC9E4608EE90BA01F480664FF0000CE6
:10A04000234606E0BEF10A0F72F1000239D3A6469C
:10A050002A46A6491EEB020040F100000F46A1FB74
:10A06000001424F0030101EB9401401ABEEB00013F
:10A070004FF0CC3562F1000405FB01F507FB0455F8
:10A08000A1FB07410D44052704F00101A1FB071BBB
:10A0900009186408303103F8011C44EAC5740CF156
:10A0A000010C013B6D08002ECCD00B99097861455D
:10A0B000C8D1BCF1FF0FC5D0BEF10A0F72F100028A
:10A0C0006CD21C4644AB1B1B049F039E049318EEEA
:10A0D00090BAFFF772BA0396FFF762BA5846F9F7DB
:10A0E000C3FCFFF75BB9012903967FF4CDACFFF702
:10A0F0005CBA079B059953F8042B11600793FFF78F
:10A100007EB9062F3B46039A794C079228BF062357
:10A1100004930393FFF725BB039B079913F4007285
:10A1200014BF51F8043B51F8043B07911CBF024691
:10A13000DBB20121FFF78FBA16AB0093002319465B
:10A1400013AA5846FFF734F803460133049000F091
:10A15000AE801394049B002B30D0632B63DC002370
:10A1600008932BAC0822002116A8F9F7DDFD049D09
:10A1700016AB009313AA2B4621465846FFF718F852
:10A18000854240F0AB80039B049A07930023A354BD
:10A190001F4622EAE2730393FFF716BA0E9A0D994F
:10A1A0009B1A18460893F9F701FF0B99089B4A7808
:10A1B0000AB101310B914FF0000C48E7039B079364
:10A1C000049B03931F460893FFF7FEB9012118462D
:10A1D0000DF16C09FFF713BB50F8043B07902246C2
:10A1E000DBB2B6E612F9043B0792DA171146FFF725
:10A1F000CAB951F8043B07910246DBB2FFF727BA10
:10A2000001231C9301210DF143031B930DF16C09F4
:10A210000B46FFF7CDBA079B059953F8042B07931C
:10A220001180FFF7ECB8591C5846F7F7C9FE0446F1
:10A2300000283CD0089095E7886DFAF7D3F9FFF72E
:10A24000E9B9039B0793CDE90377089FFFF7BCB9F2
:10A2500019981A9B013045E5039B07932046FAF7AE
:10A26000EFFB20EAE0732F46049003930895FFF775
:10A27000ABB918EE101A18AA5846FFF739F800289B
:10A280003FF436AAFFF74DBA199801307AE58C46AB
:10A290006EE46B6ED90705D4AB899A0502D4A86D1C
:10A2A000FAF7A0F94FF0FF330593FFF749BA18EE1C
:10A2B000102AB2F90C3043F040039381FFF735BA0E
:10A2C000079C049746E7079B98F8011053F8047B16
:10A2D0000793904647EAE777FFF7B9B818EE102AD8
:10A2E000938943F040039381FFF715BACDCCCCCCD2
:10A2F0009421050070B50C468989ADF58E6D21F06D
:10A300000201ADF81410616E1B91E189ADF81610D1
:10A31000E1690991616A0B911CA9029106914FF4C0
:10A32000806106460491079118A80021CDE900320A
:10A330000891FAF751F9DDE9003202A93046FFF73A
:10A3400013F8051E07DB02A93046FDF7F1FD0028D2
:10A3500018BF4FF0FF35BDF814305B0603D5A38955
:10A3600043F04003A3811898FAF738F928460DF511
:10A370008E6D70BD9368002B00F085802DE9F04F45
:10A38000B1F90C300C461907804683B0174698B2D5
:10A3900025D523691BB310F002033D682DD04FF083
:10A3A000000ADFF8C0B25646B9465E45334652460B
:10A3B00028BF5B464046002E52D0E169676AB84725
:10A3C000002856DDD9F808301B1A8244361AC9F81D
:10A3D0000830002BE9D1002003B0BDE8F08F214602
:10A3E000404600F041F9002840F03881B4F90C30C3
:10A3F0003D6898B210F00203D1D110F0010944D1A8
:10A400004E46009746B38205D4F808B040F18580E7
:10A41000B3455A4600F2B48010F4906F40F0C1800A
:10A42000206801924946F9F703FCA368019AA3EB5F
:10A430000B012368A1601344B24623600026009AF2
:10A440009368A3EB0A03D1449360002BC3D0B4F903
:10A450000C0080B2002ED6D1D5E900960835D1E7A0
:10A46000D5E900A60835A0E721464046FDF760FD86
:10A4700088B3B4F90C3043F040034FF0FF30A381B0
:10A4800003B0BDE8F08F002070471E46BA469946DB
:10A49000184600951F4666B3002832D04A46D4E9D4
:10A4A00004132068A568B24228BF3246884204D906
:10A4B00005EB030B5A4500F3A780934264DCE16986
:10A4C000656A3A464046A847B0F1000BD1DDB9EBCA
:10A4D0000B09C9D00120DAF80830A3EB0B035F4465
:10A4E000A6EB0B06CAF80830002B3FF474AF002E21
:10A4F000D2D1009A5668134608320092002EF8D046
:10A500001F6832460A213846FAF74AFA002800F056
:10A510009C800130A0EB0709C0E7206823699842BE
:10A5200016D86269B24213D86FF00043B34228BF15
:10A530003346E16993FBF2F3676A02FB03F340469B
:10A540004A46B847B0F1000A93DDA6EB0A0676E763
:10A55000B345DA4628BFB24652464946F9F768FB8A
:10A56000A3682268A3EB0A035244A3602260002B75
:10A57000EBD121464046FDF7DBFC0028E5D078E72B
:10A580002068B34632464CE739460192F9F750FB52
:10A59000019AA3689B1AA36023681344236093461F
:10A5A00095E723682169A3EB010B636903EB430A79
:10A5B0000AEBDA7A0BF101034FEA6A0A3344534596
:10A5C000524684BF9A46524643052CD51146404612
:10A5D000F7F7F6FC00283BD05A4621690190F2F7C4
:10A5E000EBFDA289019B22F4906242F08002A281DD
:10A5F00003EB0B002361AAEB0B03C4F814A0A360C8
:10A600002060B34632460CE739465A46F9F710FB4C
:10A6100023685B44236021464046FDF789FC0028FF
:10A620003FF455AF25E74046F7F792FF0346002871
:10A63000DED121694046FAF71FFBB4F90C300C2239
:10A6400023F08003C8F8002015E7721C914626E726
:10A650000C22B4F90C30C8F800200CE74FF0FF30A2
:10A66000BAE600BF00FCFF7F38B5314B1B680546DA
:10A670000C4613B15A6B002A4ED0B4F90C301807AF
:10A680009AB21CD5216929B312F0010007D000202D
:10A69000A06060694042A06139B1002038BD9507D3
:10A6A00058BF6069A0600029F7D1120658BF08465C
:10A6B000F4D543F04003A3814FF0FF3038BDD106FD
:10A6C0002ED5520714D4216943F00803A3819AB20E
:10A6D0000029D9D102F42070B0F5007FD4D02146F2
:10A6E000284600F047F9B4F90C3021699AB2CBE75B
:10A6F000216B51B104F14002914204D02846FAF78F
:10A70000BBFAB4F90C300022226321690022C4E9AB
:10A71000001223F02403D7E71846F9F7A5F9ACE7B0
:10A72000092243F040032A604FF0FF30A38138BD77
:10A73000900FFF1F2DE9F04782B0824688461446ED
:10A74000F9F7B4FE012803D108F1FF33FE2B36D907
:10A750000DF10409424604F15C0349465046FEF7F8
:10A7600001FD421C064632D020B39DF804C00025EE
:10A7700009E023685A1C226083F800C00135B54205
:10A7800018D219F801CFA368013B002BA360F0DABF
:10A79000A769BB4261462246504602DBBCF10A0F64
:10A7A000E7D100F053F9431CE8D10646304602B029
:10A7B000BDE8F0874646304602B0BDE8F0875FFA54
:10A7C00088FC8DF804C006460DF10409CFE7A38983
:10A7D000304643F04003A38102B0BDE8F08700BFDC
:10A7E00030B5536E13F0010FB2F90C30144683B03C
:10A7F00005469AB201D198051CD5900406D4626E24
:10A8000043F4005342F40052A38162662246284674
:10A81000FFF790FF636EDA07054602D4A3899B0514
:10A8200002D5284603B030BDA06DF9F7DBFE2846FF
:10A8300003B030BDA06D0191F9F7D2FEB4F90C3030
:10A8400001999AB2D9E700BF2DE9F04F8BB0DDE94D
:10A85000158A149F0391814605921E46B8F1000F98
:10A860005CD0039B002B5ED0059B1D68002F6AD037
:10A87000741E4EB3039B0493043D002601950BE028
:10A88000039B2BBB019B1A68002A3AD0BC455CD2C3
:10A89000013C631C664617D0D8F800300293019B38
:10A8A000DAF8E05053F8042F019307A943464846CD
:10A8B000D8F804B0A847421C3AD000EB060CBC45BF
:10A8C000DED9029BC8E9003B30460BB0BDE8F08FF3
:10A8D00000280EDD049B019D18445A1E07A900F1B3
:10A8E000FF3E11F8013B02F8013F7245F9D1019595
:10A8F0000490059B1A6804321A60019B1A68002AAA
:10A90000C4D1039B0BB1059B1A600CF1FF360022EA
:10A910003046C8F800200BB0BDE8F08F039B00F56F
:10A920008678002BA0D1059B4FF0FF371D689FE76D
:10A9300006468A2100223046C9F80010C8F80020D7
:10A940000BB0BDE8F08F3E46BEE76646BCE700BFF1
:10A9500010B584B0054C0698009007980190044803
:10A9600000680294FFF770FF04B010BD000DFF1FD8
:10A97000900FFF1F2DE9F0418B890C46990796B087
:10A9800008D504F143030122C4E90432236016B060
:10A99000BDE8F081B4F90E100029064625DB6A46B1
:10A9A00000F0ACF800281FDB019D05F47045A5F50B
:10A9B0000055B5FA85F54FF480686D094FF40067CE
:10A9C00041463046F7F7FCFAE0B1B4F90C30C4F870
:10A9D000148043F0800320602061A38135BB3B439A
:10A9E000A38116B0BDE8F081A38913F0800519D0CA
:10A9F0004FF040080025414630462F46F7F7E0FA71
:10AA00000028E2D1B4F90C309A05C0D423F0030336
:10AA100004F1430243F002030121C4E90421A381AC
:10AA20002260B4E74FF480682F46C9E7B4F90E10EE
:10AA3000304600F079F810B9B4F90C30CFE7A389AB
:10AA400023F0030343F001031BB2C8E7F8B50D463A
:10AA50001446064610B1436B002B4CD0B4F90C20C1
:10AA6000A369A360170790B21BD52369CBB1EDB2E0
:10AA700081042F4622D522686169D31A994229DDC3
:10AA80000133A1680139A160511C21601570626910
:10AA90009A4227D0A389DB0701D50A2D22D0384658
:10AAA000F8BD21463046FFF7DFFD08BBB4F90C20A6
:10AAB000236990B2EDB281042F46DCD442F40052F7
:10AAC000A281626E616922F4005262662268D31A22
:10AAD0009942D5DC21463046FDF72AFA40B9226872
:10AAE0000123CEE721463046FDF722FA0028D6D0D2
:10AAF0004FF0FF37D3E7F8F7B7FFAFE770B50C4675
:10AB0000084D03460026204611461C462E60F2F7EB
:10AB100075FC431C00D070BD2B68002BFBD023605C
:10AB200070BD00BF6423FF1F38B5074D00220446E7
:10AB300008462A60F2F768FC431C00D038BD2B6839
:10AB4000002BFBD0236038BD6423FF1F38B50022E3
:10AB5000002304460D46F6F785FE28B9204629460F
:10AB6000BDE8384000F00AB8204605F1004100F089
:10AB700005F8404261EB410138BD00BFD0B50C4B38
:10AB8000002206460F46F6F7FBFBF6F7D1FE044619
:10AB9000F6F77CFB074B0022F6F7F2FB02460B466A
:10ABA00030463946F6F734FAF6F7C2FE2146D0BDF4
:10ABB0000000F03D0000F041636F6E666967496E0A
:10ABC0006465783A00000000636F6E6669675061E3
:10ABD00067654D6F763A0000636F6E666967506116
:10ABE000676553796E633A00636F6E66696750619B
:10ABF000676553657475703A00000000636F6E6698
:10AC0000696750616765526563693A00636F6E6694
:10AC1000696750616765526F73653A00636F6E666E
:10AC20006967506167654D61696E4D756C74693A0D
:10AC300000000000636F6E66696750616765477268
:10AC400065656B4B65793A00636F6E666967506145
:10AC50006765496E6465783A00FFFFFF706167655C
:10AC60004D756C74692E6A50726F67726573732EBE
:10AC700076616C3D0000000070616765496E646537
:10AC8000782E6A50726F67726573732E76616C3DB1
:10AC900000000000706167654D6F76652E6A507226
:10ACA0006F67726573732E76616C3D0070616765C6
:10ACB00053796E632E6A50726F67726573732E7666
:10ACC000616C3D00706167655265632E6A50726FFA
:10ACD00067726573732E76616C3D00007061676505
:10ACE00047726B2E6A50726F67726573732E76614E
:10ACF0006C3D00007061676550726F6772616D2E08
:10AD00006A50726F67726573732E76616C3D0000D6
:10AD100070616765526F73652E6A50726F677265F6
:10AD200073732E76616C3D0069676E6F726544695E
:10AD30007361626C653A20200000000070616765F5
:10AD400053706C6173682E76615370456E61626CEE
:10AD500065642E76616C3D3100000000FFFFFF004E
:10AD60007061676553706C6173682E7661537045CE
:10AD70006E61626C65642E76616C3D30000000008F
:10AD800063757272656E7450696E53746174653A5E
:10AD9000200000005370696E646C6520656E61620E
:10ADA0006C652070696E20233A2000007061676531
:10ADB00053706C6173682E766141786973456E617A
:10ADC000626C65645A2E76616C3D31007061676516
:10ADD00053706C6173682E766141786973456E615A
:10ADE000626C65645A2E76616C3D30005A20656E47
:10ADF00061626C652070696E20233A2000000000BB
:10AE00007061676553706C6173682E766141786913
:10AE100073456E61626C6564582E76616C3D3100DD
:10AE20007061676553706C6173682E7661417869F3
:10AE300073456E61626C6564582E76616C3D3000BE
:10AE40005820656E61626C652070696E20233A201F
:10AE5000000000007061676553706C6173682E7646
:10AE600041786973456E61626C65644D332E76611D
:10AE70006C3D31007061676553706C6173682E764C
:10AE800041786973456E61626C65644D332E7661FD
:10AE90006C3D30004D3320656E61626C65207069D9
:10AEA0006E20233A200000004D342E6375727265C7
:10AEB0006E7450696E53746174653A20000000002E
:10AEC0007061676553706C6173682E764178697341
:10AED000456E61626C65644D342E76616C3D310067
:10AEE000312E7641786973456E61626C65644D34CC
:10AEF0002E76616C3D3100007061676553706C6146
:10AF000073682E7641786973456E61626C65644D35
:10AF1000342E76616C3D3000322E7641786973456F
:10AF20006E61626C65644D342E76616C3D3000005C
:10AF3000332E7641786973456E61626C65644D3479
:10AF40002E76616C3D3100004D3420656E61626C7F
:10AF5000652070696E20233A2000FFFF496E7075EE
:10AF600074436861723A2D2D2D2D2D2D2D2D2D2DF3
:10AF70006162632D2D2D2D2D2D2D2D2D2D2D2D206F
:10AF800000000000203A20200000000044697363A4
:10AF900061726420626F67757320342D2D2D2D2D05
:10AFA0002D2D2D2D2D0000003E3E3E3E3E3E3E3ED0
:10AFB0003E3E3E3E3E3E3E3235353A2000000000E9
:10AFC0003E3E3E3E3E3E3E3E3E3E3E3E3E3E3E647B
:10AFD000697363617264436861723A200000000023
:10AFE0004469736361726420626F677573203132E4
:10AFF000372D2D2D2D2D2D2D2D2D2D00496E3A2047
:10B000000000000072657456616C3A2000FFFFFF7B
:10B01000312E696E7075744865783A2020200000E2
:10B02000496E743A00FFFFFF737465707350657268
:10B030003336303A200000006765617252617469EE
:10B040006F5F41786973423A200000006369726360
:10B05000756D666572656E63653A20006C696E6534
:10B06000617244697374616E63653A200000000088
:10B07000616E676C653A2000676561725261746940
:10B080006F5F41786973204D343A200064697374AE
:10B09000616E63653A20000044697374616E636594
:10B0A000546F53746570735F4D334C696E65617294
:10B0B0003A2000FF44697374616E6365546F537482
:10B0C0006570735F4D344C696E6561723A2000FFA4
:10B0D000456E746572204765744178697353706575
:10B0E0006564202D200000007061676543616C6C11
:10B0F000657249643A2000FF456E746572204265AE
:10B1000067696E4D6574686F6453657474696E67C2
:10B110007300000061757853746174653A20000013
:10B1200041757850696E20233A2000007061676590
:10B1300053706C6173682E76614553746F702E7610
:10B14000616C3D30000000002E2E2E2E2E2E2E2E55
:10B150002E2E2E2E2E2E2E2E2E2E2E456E6420427C
:10B160006567696E4D6574686F6453657474696E64
:10B17000677300FF456E74657220477265656B4B9F
:10B1800065795061747465726E5F496E6974696146
:10B190006C0000007265766F6C7574696F6E735F1A
:10B1A0005370696E646C653A20000000636F6E66D0
:10B1B0006967477265656B4B65792E636F756E7451
:10B1C0005061747465726E5065723336305F5061D1
:10B1D000747465726E3A20007365676D656E7443B2
:10B1E0006F756E743A2000007370696E646C6553FD
:10B1F000686F72744C656753746570733A2000FF12
:10B200006C696D69745472696767657265643A2028
:10B21000000000007061676547726B2E7661302E0A
:10B2200076616C3D300000007061676547726B2E7F
:10B230006274312E76616C3D30000000706167658C
:10B2400047726B2E6274332E76616C3D30000000C5
:10B250007061676547726B2E6274322E76616C3D49
:10B260003000FFFF456E7465722047657446696C57
:10B27000656E616D6546726F6D53657269616C20B4
:10B2800000000000696E7075743A2000693A200071
:10B2900066696C654E616D6550726F6772616D3A7B
:10B2A0002000000073697A656F662866696C654ED8
:10B2B000616D6550726F6772616D293A20200000E0
:10B2C00066696C654E616D65496E693A2000FFFFE5
:10B2D00046696C65206E6F7420666F756E642D30E4
:10B2E000312E00004578697420496E6465782E001F
:10B2F00070616765496E6465782E7446696C654E49
:10B30000616D652E7478743D0000000046696C65BF
:10B31000206E6F7420666F756E642D3032000000F1
:10B320003D3D2D2D2D2D2D2D2D2D2D2D2D2D3D4CFE
:10B33000696E654E756D626572203A2020000000CE
:10B340005E5E5E5E6E657753697A65436861722002
:10B350003A2020002E746674000000002F000000C8
:10B360002A2A206E6F206D6F72652066696C657386
:10B37000202A2A007061676546696C654C697374A0
:10B380002E766146696C65436F756E742E76616CBE
:10B390003D0000007061676546696C654C697374B7
:10B3A0002E6E322E76616C3D0000000046696C65A1
:10B3B00020436F756E743A200000000046696C658A
:10B3C000206973202E696E69206F72202E74667456
:10B3D000200000002020202066696C65496E6465AD
:10B3E00078202B206A3A20007061676546696C6599
:10B3F0004C6973742E7432312E7478743D000000E1
:10B40000220000007061676546696C654C69737461
:10B410002E7432322E7478743D00000070616765BE
:10B4200046696C654C6973742E7431332E7478746C
:10B430003D0000007061676546696C654C69737416
:10B440002E7432332E7478743D000000706167658D
:10B4500046696C654C6973742E7432342E7478743A
:10B460003D0000007061676546696C654C697374E6
:10B470002E7432352E7478743D000000706167655B
:10B4800046696C654C6973742E7432362E74787408
:10B490003D0000007061676546696C654C697374B6
:10B4A0002E7432372E7478743D00FFFF2E494E49BA
:10B4B00000000000456E74657220476574496E692E
:10B4C00046696C654C69737446726F6D5344000035
:10B4D00043617264206E6F7420666F756E64000045
:10B4E0004469722053697A653A20000066696C6588
:10B4F000496E646578000000312C206C61737446DD
:10B50000696C65496E64657800000000322E206C1D
:10B5100061737446696C65496E646578000000006B
:10B52000656E7472792E69734469726563746F72A3
:10B530007900000066696C6546756C6C4E616D65DE
:10B540003A200000202020496E6465784F66202E46
:10B55000696E693A2020000069436F756E746572E8
:10B560003A2000004E6F204D6F72652046696C6571
:10B57000733A20007061676553706C6173682E7454
:10B5800031332E7478743D0066696C654E616D656B
:10B5900050726F6772616D3A2020000046696C65D9
:10B5A000206E6F7420666F756E642E002A2A2A2A18
:10B5B0002A2A2A2A2A2A2A2A2A2A2A2A2A2A2A2AEB
:10B5C0002A2A2A2A2A2A2A2A2A2A2A2A2A2A312ED0
:10B5D0004C696E65232B313A20000000312E6D6FCF
:10B5E0007665547970653A2000000000312E63754D
:10B5F0007272656E74436F6D6D616E643A20000007
:10B60000312E6E5374723A20000000004D6F766543
:10B610005479706520353900706167652037303A9C
:10B62000200000006E5374722037303A2000000072
:10B63000706167652037313A200000006E537472E4
:10B640002037313A20000000560000006E5374721B
:10B650003A2000002020206856616C3A200000004B
:10B660002020207656616C3A2000000070616765EA
:10B670002037343A200000006E5374722037343A79
:10B6800020000000656E61626C652F646973616201
:10B690006C6520737465707065722049443A2000AF
:10B6A0006E5374722076616C75653A20000000005C
:10B6B000706167652037383A200000006E5374725D
:10B6C0002037383A20000000706167652038323A30
:10B6D000200000006E5374722038323A20000000BF
:10B6E0006E65775374723A20000000007072696DC5
:10B6F00061727949643A2020202020200000000057
:10B7000073697A655072696D6172793A20202020E0
:10B71000000000007365636F6E6461727949643A7A
:10B72000202020200000000073697A655365636F54
:10B730006E646172793A202000000000530000001E
:10B74000420000006368617253697A655072696DE6
:10B750006172793A202020006D756C7469706C6993
:10B7600065725F5072696D6172793A202020000025
:10B770006368617253697A655365636F6E64617261
:10B78000793A20006D756C7469706C6965725F53ED
:10B7900065636F6E646172793A200000706167655D
:10B7A0002038363A200000006E5374722038363A42
:10B7B00020000000636F756E745479706520533AF1
:10B7C0002000000041000000636F756E74547970B2
:10B7D0006520413A2000000020202D20200000009C
:10B7E0003D3D3D3D3D3D3D3D3D3D3D3D3D3D3D3D89
:10B7F0003D3D3D3D3D3D3D3D3D3D3D3D3D3D3D3D79
:10B8000042616420436F6D6D616E64323A200000C6
:10B8100061746F66286E537472293A006E657753AF
:10B82000697A65436861723A000000007265745677
:10B83000616C3A00457869742047657447726565A4
:10B840006B4B65794461746146726F6D53440000BF
:10B85000424453585A00FFFF4C6F770048696768AD
:10B8600000000000706167655370696E646C652E3E
:10B870007434322E7478743D000000007061676586
:10B880005370696E646C652E7434332E7478743D15
:10B8900000000000706167655370696E646C652E0E
:10B8A0007434342E7478743D000000007061676554
:10B8B0005370696E646C652E7434352E7478743DE3
:10B8C00000000000706167655A2E7434362E74785B
:10B8D000743D0000706167655A2E7434372E747899
:10B8E000743D0000706167655A2E7434382E747888
:10B8F000743D0000636F6E66696753657475702EE2
:10B9000064697374616E63655065725265765F41F8
:10B910007869735A3A202000656550726F6D5061E6
:10B92000676553657475702E64697374616E6365C1
:10B930005065725265765F417869735A3A202000EB
:10B94000706167655A2E7434392E7478743D000026
:10B9500070616765582E7436302E7478743D00001F
:10B9600070616765582E7436312E7478743D00000E
:10B9700070616765582E7436322E7478743D0000FD
:10B9800070616765582E7436332E7478743D0000EC
:10B9900070616765416C7465726E617465582E7470
:10B9A00036302E7478743D0070616765416C746543
:10B9B000726E617465582E7436312E7478743D0041
:10B9C00070616765416C7465726E617465582E7440
:10B9D00036322E7478743D0070616765416C746511
:10B9E000726E617465582E7436332E7478743D000F
:10B9F00070616765582E63322E76616C3D300000B1
:10BA000070616765582E63332E76616C3D3100009E
:10BA100070616765416C7465726E617465582E6300
:10BA2000322E76616C3D300070616765416C7465E3
:10BA3000726E617465582E63332E76616C3D3100F1
:10BA400070616765582E63322E76616C3D3100005F
:10BA500070616765582E63332E76616C3D3000004F
:10BA600070616765416C7465726E617465582E63B0
:10BA7000322E76616C3D310070616765416C746592
:10BA8000726E617465582E63332E76616C3D3000A2
:10BA9000706167654D6F746F725F332E7435362E2B
:10BAA0007478743D00000000706167654D6F746FBD
:10BAB000725F332E7435372E7478743D00000000A9
:10BAC000706167654D6F746F725F332E7435382EF9
:10BAD0007478743D00000000706167654D6F746F8D
:10BAE000725F332E7435392E7478743D0000000077
:10BAF000706167654D6F746F725F332E63302E76A1
:10BB0000616C3D3000000000706167654D6F746FBF
:10BB1000725F332E63312E76616C3D310000000080
:10BB2000706167654D6F746F725F332E63302E7670
:10BB3000616C3D3100000000706167654D6F746F8E
:10BB4000725F332E63312E76616C3D300000000051
:10BB5000706167654D6F746F725F332E7436342E6B
:10BB60007478743D00000000706167654D6F746FFC
:10BB7000725F342E7435362E7478743D00000000E8
:10BB8000706167654D6F746F725F342E7435372E38
:10BB90007478743D00000000706167654D6F746FCC
:10BBA000725F342E7435382E7478743D00000000B6
:10BBB000706167654D6F746F725F342E7435392E06
:10BBC0007478743D00000000706167654D6F746F9C
:10BBD000725F342E63302E76616C3D3000000000C1
:10BBE000706167654D6F746F725F342E63312E76AE
:10BBF000616C3D3100000000706167654D6F746FCE
:10BC0000725F342E63302E76616C3D31000000008F
:10BC1000706167654D6F746F725F342E63312E767D
:10BC2000616C3D3000000000706167654D6F746F9E
:10BC3000725F342E7436342E7478743D0000000028
:10BC4000706167654D6F72652E74382E7478743D1F
:10BC500000000000706167654D6F72652E63312EC4
:10BC600076616C3D30000000706167654D6F7265F4
:10BC70002E63312E76616C3D310000007061676586
:10BC80004D6F72652E63332E76616C3D300000007F
:10BC9000676B5370696E646C65456E61626C653D7F
:10BCA00030000000706167654D6F72652E63332E42
:10BCB00076616C3D31000000676B5370696E646C97
:10BCC00065456E61626C653D3100000070616765BD
:10BCD0004D6F72652E63352E76616C3D300000002D
:10BCE000676B5A456E61626C653D300070616765D7
:10BCF0004D6F72652E63352E76616C3D310000000C
:10BD0000676B5A456E61626C653D310070616765B5
:10BD10004D6F72652E63372E76616C3D30000000EA
:10BD2000676B58456E61626C653D30007061676598
:10BD30004D6F72652E63372E76616C3D31000000C9
:10BD4000676B58456E61626C653D31007061676577
:10BD50004D6F72652E63392E76616C3D30000000A8
:10BD6000676B4D33456E61626C653D3000000000CD
:10BD7000706167654D6F72652E63392E76616C3D1B
:10BD800031000000676B4D33456E61626C653D317B
:10BD900000000000706167654D6F72652E63313180
:10BDA0002E76616C3D300000676B4D34456E6162EC
:10BDB0006C653D3000000000706167654D6F726515
:10BDC0002E6331312E76616C3D310000676B4D344E
:10BDD000456E61626C653D31000000007061676511
:10BDE00053657475702E6274312E62636F3D323309
:10BDF000393634007061676553657475702E6274EE
:10BE0000312E76616C3D3000706167654C696D69FB
:10BE100074732E74302E7478743D00007061676501
:10BE20004C696D6974732E74312E7478743D000002
:10BE3000706167654C696D6974732E74322E747805
:10BE4000743D0000706167654C696D6974732E7490
:10BE5000332E7478743D0000706167654C696D69BC
:10BE600074732E74342E7478743D000070616765AD
:10BE70004C696D6974732E74352E7478743D0000AE
:10BE8000706167654C696D6974732E74372E7478B0
:10BE9000743D00004D34204D696E3A2020000000B2
:10BEA000706167654C696D6974732E74362E747891
:10BEB000743D00004D34204D61783A202000000090
:10BEC000706167654C696D6974732E7431332E74BB
:10BED00078743D0053746F705370696E646C653A8A
:10BEE00020000000706167654C696D6974732E6392
:10BEF000312E76616C3D3100706167654C696D690A
:10BF000074732E63312E76616C3D3000706167650D
:10BF10004C696D6974732E63322E76616C3D31000D
:10BF2000706167654C696D6974732E63332E766139
:10BF30006C3D3000706167654C696D6974732E6388
:10BF4000322E76616C3D3000706167654C696D69B9
:10BF500074732E63332E76616C3D310070616765BA
:10BF60004C696D6974732E6274312E62636F3D3259
:10BF70003339363400000000706167654C696D69C3
:10BF800074732E6274312E76616C3D3000FFFFFFBA
:10BF90007061676552657475726E732E74302E749D
:10BFA00078743D007061676552657475726E732EAA
:10BFB00074312E7478743D007061676552657475D4
:10BFC000726E732E74322E7478743D0070616765E2
:10BFD00052657475726E732E74332E7478743D00CE
:10BFE0007061676552657475726E732E74372E7446
:10BFF00078743D007061676552657475726E732E5A
:10C0000074382E7478743D0070616765526574757C
:10C01000726E732E74392E7478743D00706167658A
:10C0200052657475726E732E7431302E7478743D4F
:10C03000000000007061676552657475726E732E42
:10C040007431352E7478743D0000000070616765AE
:10C0500052657475726E732E7431362E7478743D19
:10C06000000000007061676552657475726E732E12
:10C070006274312E62636F3D323339363400000012
:10C080007061676552657475726E732E6274312EBD
:10C0900076616C3D3000FFFF706167654545505229
:10C0A0004F4D2E743330312E7478743D00000000F3
:10C0B00070616765454550524F4D2E743330322EB6
:10C0C0007478743D0000000070616765454550520A
:10C0D0004F4D2E743330302E7478743D00000000C4
:10C0E0006178697349643D5A3A2020007061676540
:10C0F000454550524F4D2E743330332E7478743D75
:10C100000000000070616765454550524F4D2E7428
:10C110003330342E7478743D000000007061676520
:10C12000454550524F4D2E743330352E7478743D42
:10C130000000000070616765454550524F4D2E74F8
:10C140003331362E7478743D0000000070616765ED
:10C15000454550524F4D2E743331332E7478743D13
:10C16000000000004E6F0000596573007061676544
:10C17000454550524F4D2E743331342E7478743DF2
:10C180000000000070616765454550524F4D2E74A8
:10C190003330362E7478743D0000000043570000A1
:10C1A00043435700636F6E6669674D756C74692E03
:10C1B000646972656374696F6E0000007061676521
:10C1C000454550524F4D2E743330372E7478743DA0
:10C1D0000000000070616765454550524F4D2E7458
:10C1E0003330382E7478743D00000000706167654C
:10C1F000454550524F4D2E743330392E7478743D6E
:10C200000000000070616765454550524F4D2E7427
:10C210003331302E7478743D000000007061676522
:10C22000454550524F4D2E743331312E7478743D44
:10C230000000000070616765454550524F4D2E74F7
:10C240003331322E7478743D000000005269676803
:10C25000740000004C656674000000007061676542
:10C26000454550524F4D2E743331372E7478743DFE
:10C270000000000070616765454550524F4D2E74B7
:10C280003530362E7478743D0000000070616765AB
:10C29000454550524F4D2E743530372E7478743DCD
:10C2A0000000000070616765454550524F4D2E7487
:10C2B0003530382E7478743D000000007061676579
:10C2C000454550524F4D2E743530392E7478743D9B
:10C2D0000000000070616765454550524F4D2E7457
:10C2E0003531302E7478743D000000007061676550
:10C2F000454550524F4D2E743531312E7478743D72
:10C300000000000070616765454550524F4D2E7426
:10C310003531322E7478743D00000000706167651D
:10C32000454550524F4D2E743531372E7478743D3B
:10C330000000000070616765454550524F4D2E74F6
:10C340003730362E7478743D0000000070616765E8
:10C35000454550524F4D2E743730372E7478743D0A
:10C360000000000070616765454550524F4D2E74C6
:10C370003730382E7478743D0000000070616765B6
:10C38000454550524F4D2E743730392E7478743DD8
:10C390000000000070616765454550524F4D2E7496
:10C3A0003731302E7478743D00000000706167658D
:10C3B000454550524F4D2E743731312E7478743DAF
:10C3C0000000000070616765454550524F4D2E7466
:10C3D0003731322E7478743D000000005261646978
:10C3E000616C2F4C696E656172204D333A200000FC
:10C3F0002020646972416E64436865636B65643ACA
:10C400002020000070616765454550524F4D2E74E5
:10C410003731372E7478743D000000007061676515
:10C42000454550524F4D2E743930362E7478743D38
:10C430000000000070616765454550524F4D2E74F5
:10C440003930372E7478743D0000000070616765E4
:10C45000454550524F4D2E743930382E7478743D06
:10C460000000000070616765454550524F4D2E74C5
:10C470003930392E7478743D0000000070616765B2
:10C48000454550524F4D2E743931302E7478743DDD
:10C490000000000052616469616C2F4C696E656137
:10C4A00072204D343A200000706167654545505256
:10C4B0004F4D2E743931312E7478743D00000000D8
:10C4C00070616765454550524F4D2E743931322E9B
:10C4D0007478743D000000007061676545455052F6
:10C4E0004F4D2E743931372E7478743D00000000A2
:10C4F000454550524F4D20496E64657820617869FA
:10C500007349643A20000000636F6E666967496E84
:10C510006465785F4D61696E2E7370656564506502
:10C520007263656E745F5370696E646C653A200067
:10C53000636F6E666967496E6465785F4D61696EA9
:10C540002E737065656450657263656E745F5370B9
:10C55000696E646C652020323A2000004469766977
:10C5600073696F6E730000004465677265657300E0
:10C57000466978656400000046696C65000000004B
:10C580005A2D31005A2D3200582D3100582D3200CD
:10C590004D332D31000000004D332D3200000000DE
:10C5A0004D342D31000000004D342D3200000000CC
:10C5B00052616469616C0000417869616C0000003F
:10C5C000656550726F6D526563506167652E6D6170
:10C5D000785370645F417869735F583A20000000B7
:10C5E000636F6E6669675265632E6D617853706420
:10C5F0005F417869735F583A2000000034610000A1
:10C6000034620000326100003262000033610000D9
:10C61000336200005365676D656E7473000000003F
:10C6200041637475616C00FF70616765496E692EC6
:10C6300076454550524F4D2E76616C3D000000000E
:10C6400070616765496E692E7630302E76616C3D7B
:10C650000000000070616765496E692E7630382EE3
:10C6600076616C3D0000000070616765496E692E5F
:10C670007631362E76616C3D000000007061676592
:10C68000496E692E7632342E76616C3D00000000D2
:10C69000636C69636B206D302C30000053656E64F1
:10C6A0005061636B6564446174613A2000FFFFFF71
:10C6B00053657474696E67732E696E6900000000BB
:10C6C000456E746572205772697465536574746938
:10C6D0006E6773546F5344003B20526F736520455F
:10C6E0006E67696E6520496E692066696C65000039
:10C6F0003B2056332E312E32000000005B50726515
:10C70000666572656E6365735D0000003B00000046
:10C710005B3B5D003B204D6F7265000056656E64AB
:10C720006F7249643D000000256C75003B20417527
:10C7300078696C6C6172795F50696E206D75737485
:10C740002062652067726561746572207468616E2D
:10C750002032342E00000000417578696C6C6172E3
:10C76000795F50696E3D00003B20303D4469736144
:10C77000626C65642C20313D456E61626C656400BD
:10C780004B6565705374657070657273456E616258
:10C790006C65643D000000004B6565705370696E08
:10C7A000646C65456E61626C65643D004B656570E7
:10C7B0005A456E61626C65643D0000004B656570B2
:10C7C00058456E61626C65643D0000004B656570A4
:10C7D0004D33456E61626C65643D00004B6565706C
:10C7E0004D34456E61626C65643D00003B205370C2
:10C7F000696E646C650000004D6963726F737465E7
:10C8000070735F5370696E646C653D00537465703E
:10C81000735065723336305F5370696E646C653D7A
:10C820000000000047656172526174696F5F537068
:10C83000696E646C653D0000252E356600000000C1
:10C840003B20506F6C61726974793A204C6F773D70
:10C85000312C20486967683D30000000506F6C61E2
:10C86000726974795F5370696E646C653D00000095
:10C87000256400003B205A204178697300000000C5
:10C880004D6963726F73746570735F5A3D00000089
:10C8900053746570735065723336305F5A3D0000D3
:10C8A00044697374616E63655065723336305F5AE4
:10C8B0003D000000506F6C61726974795F5A3D00F1
:10C8C0003B2058204178697300000000586F724186
:10C8D0006C745853656C65637465643D00000000BA
:10C8E0004D6963726F73746570735F583D0000002B
:10C8F00053746570735065723336305F583D000075
:10C9000044697374616E63655065723336305F5885
:10C910003D000000506F6C61726974795F583D0092
:10C920003B20416C7465726E6174652058204178BB
:10C93000697300004D6963726F73746570735F4152
:10C940006C74583D0000000053746570735065723C
:10C950003336305F416C74583D0000004469737495
:10C96000616E63655065723336305F416C74583D5B
:10C9700000000000506F6C61726974795F416C74E3
:10C98000583D00003B204D33204178697300000082
:10C990004D6963726F73746570735F4D333D000052
:10C9A00053746570735065723336305F4D333D009C
:10C9B00047656172526174696F5F4D333D000000DD
:10C9C000506F6C61726974795F4D333D00000000F7
:10C9D00044697374616E63655065723336305F4DC0
:10C9E000333D000052616469616C4F724C696E6541
:10C9F000616C5F4D333D00004D3352616469757366
:10CA00003D0000003B204D34204178697300000058
:10CA10004D6963726F73746570735F4D343D0000D0
:10CA200053746570735065723336305F4D343D001A
:10CA300047656172526174696F5F4D343D0000005B
:10CA4000506F6C61726974795F4D343D0000000075
:10CA500044697374616E63655065723336305F4D3F
:10CA6000343D000052616469616C4F724C696E65BF
:10CA7000616C5F4D343D00004D34526164697573E3
:10CA80003D0000005B4C696D6974735D000000003F
:10CA90003B204C696D6974205377697463686573D2
:10CAA000616E642053746F702070696E73206D75B1
:10CAB00073742062652067726561746572207468A2
:10CAC000616E2032342E00004D696E5F5A3D0000C9
:10CAD0004D61785F5A3D00004D696E5F583D000022
:10CAE0004D61785F583D00004D696E5F4D333D00EC
:10CAF0004D61785F4D333D004D696E5F4D343D00B3
:10CB00004D61785F4D343D003B2053746F7020734E
:10CB100070696E646C65207768656E206C696D69FC
:10CB20007420686974203D20312E204C6561766543
:10CB3000207370696E646C652072756E6E696E67C5
:10CB4000203D20300000000053746F705370696EF8
:10CB5000646C653D000000006553746F703D00001B
:10CB60003B204E6F726D616C6C7920436C6F736506
:10CB700064203D20302C204E6F726D616C6C7920EA
:10CB80004F70656E203D2031000000004E432D4E59
:10CB90004F3D00005B52657475726E735D0000005E
:10CBA0003B20416C6C2073706565647320616E641A
:10CBB00020616363656C6C65726174696F6E73206C
:10CBC00061726520696E2073746570732070657280
:10CBD000207365636F6E64004D61785370656564A2
:10CBE0005F5370696E646C653D000000416363656E
:10CBF0006C5F5370696E646C653D00004D617853E5
:10CC0000706565645F417869735F5A3D000000009C
:10CC1000416363656C5F417869735F5A3D00000052
:10CC20004D617853706565645F417869735F583D05
:10CC300000000000416363656C5F417869735F5871
:10CC40003D0000004D617853706565645F4178690F
:10CC5000735F4D333D000000416363656C5F417855
:10CC600069735F4D333D00004D61785370656564B5
:10CC70005F417869735F4D343D0000004163636537
:10CC80006C5F417869735F4D343D00005B4D6169B5
:10CC90006E5D00003B204178697320496473203A3F
:10CCA000205370696E646C65203D20302C205A2022
:10CCB0003D20312C2058203D20322C204D33203D6A
:10CCC00020332C204D34203D2034000041786973FE
:10CCD00049643D00256C640053706565645065725D
:10CCE00063656E746167655F5370696E646C653D02
:10CCF000000000004D617853706565645F5A3D0027
:10CD0000416363656C5F5A3D0000000053706565C8
:10CD10006450657263656E746167655F5A3D0000BB
:10CD20004D617853706565645F583D00416363658C
:10CD30006C5F583D0000000053706565645065727B
:10CD400063656E746167655F583D00004D6178539F
:10CD5000706565645F4D333D0000000041636365AD
:10CD60006C5F4D333D000000537065656450657223
:10CD700063656E746167655F4D333D004D61785347
:10CD8000706565645F4D343D00000000416363657C
:10CD90006C5F4D343D0000005370656564506572F2
:10CDA00063656E746167655F4D343D005B4D756C06
:10CDB000746953796E635D003B53657474696E6783
:10CDC00073206172652073686172656420626574A6
:10CDD0007765656E204F6E6520616E64204D756CC1
:10CDE000746953796E632070616765732E0000006B
:10CDF0003B436865636B6564206178657320414ED1
:10CE000044656420746F67657468657220616E6440
:10CE10002073746F72656420696E206F6E65207672
:10CE200061726961626C652E000000004368656391
:10CE30006B65645F417865734944733D0000000091
:10CE400054617267657444697374616E63655F539E
:10CE500070696E646C653D002D2D2D2D2D2D2D2DB1
:10CE60002D2D2D2D2D2D2D2D2D2D2D2D2D2D2D2DF2
:10CE70002D2D2D2D2D2D2D2D2D2D636F6E6669677A
:10CE80004D756C74692E77617665735F5370696E4A
:10CE9000646C650057617665735F5370696E646C8E
:10CEA000653D00003B204357203D20322C2043436A
:10CEB00057203D2033000000446972656374696F38
:10CEC0006E5F5370696E646C653D320044697265D3
:10CED0006374696F6E5F5370696E646C653D330097
:10CEE00054617267657444697374616E63655F5AF7
:10CEF0003D00000057617665735F5A3D00000000F9
:10CF00003B2052696768743D322C204C6566743D45
:10CF100033000000446972656374696F6E5F5A3D47
:10CF200032000000446972656374696F6E5F5A3D38
:10CF30003300000054617267657444697374616EF4
:10CF400063655F583D00000057617665735F583D2B
:10CF500000000000446972656374696F6E5F583D3C
:10CF600032000000446972656374696F6E5F583DFA
:10CF70003300000054617267657444697374616EB4
:10CF800063655F4D333D000057617665735F4D33D8
:10CF90003D0000003B20526967687420616E642088
:10CFA0004357203D20322C204C65667420616E640E
:10CFB00020434357203D2033000000004469726540
:10CFC0006374696F6E5F4D333D3200004469726572
:10CFD0006374696F6E5F4D333D3300005461726757
:10CFE000657444697374616E63655F4D343D000020
:10CFF00057617665735F4D343D000000446972658A
:10D000006374696F6E5F4D343D3200004469726530
:10D010006374696F6E5F4D343D3300005B496E642D
:10D0200065785D003B204178697320496473203A3C
:10D03000205370696E646C65203D20302C20204D9B
:10D0400033203D20332C204D34203D20340000007F
:10D05000496E64657849643D000000003B205379C7
:10D060006E6368726F6E697A65204D33616E6420FD
:10D070005370696E646C650053796E6368726F5F9C
:10D080004D335F616E645F5370696E646C653D0023
:10D0900053796E6368726F5F50657263656E746119
:10D0A00067653D003B204D33000000003B204D34C0
:10D0B000000000003B202D2D2D2D2D2D2D2D2D2D53
:10D0C0002D2D2D2D2D2D202D000000003B20496EF3
:10D0D00064657820310000003B20446976697369FB
:10D0E0006F6E3A30202044656772656573203A2080
:10D0F000310000004469766973696F6E734F724442
:10D100006567726565735F313D0000003B204669CD
:10D110007865643A30202046696C65203A203100F9
:10D1200046697865644F7246696C655F313D000001
:10D1300053697A655F313D003B20496E6465782014
:10D14000320000004469766973696F6E734F7244F0
:10D150006567726565735F323D00000046697865FA
:10D16000644F7246696C655F323D000053697A65B1
:10D170005F323D003B20496E64657820330000003B
:10D180004469766973696F6E734F7244656772653F
:10D1900065735F333D00000046697865644F7246F1
:10D1A000696C655F333D000053697A655F333D000C
:10D1B0003B20496E6465782034000000446976693C
:10D1C00073696F6E734F72446567726565735F3420
:10D1D0003D00000046697865644F7246696C655F82
:10D1E000343D000053697A655F343D003B20496E51
:10D1F00064657820350000004469766973696F6E54
:10D20000734F72446567726565735F353D0000005A
:10D2100046697865644F7246696C655F353D00000C
:10D2200053697A655F353D005B4D6F76655D000043
:10D2300044697374616E63655F5A313D000000009C
:10D2400044697374616E63655F5A323D000000008B
:10D2500044697374616E63655F58313D000000007E
:10D2600044697374616E63655F58323D000000006D
:10D2700044697374616E63655F4D33202D20313DC9
:10D280000000000044697374616E63655F4D332074
:10D290002D20323D0000000044697374616E6365A7
:10D2A0005F4D34202D20313D00000000446973742F
:10D2B000616E63655F4D34202D20323D000000001B
:10D2C0005B5368617265645D000000003B2053653C
:10D2D0007474696E67732073686172656420626537
:10D2E000747765656E0000003B204D61696E2C20EF
:10D2F00053796E632C2052656369702C20526F73D2
:10D30000652C20477265656B204B65792C20616E1A
:10D31000642050726F6772616D2070616765730081
:10D320003B2053796E6368726F6E697A65204D3366
:10D3300020616E64205370696E646C6500000000AB
:10D340003B2053796E632C2052656369702C204713
:10D350007265656B204B65792C20616E642050727C
:10D360006F6772616D207061676573003B20526169
:10D370006469616C3D302C20417869616C3D3100FD
:10D3800052616469616C5F417869616C3D000000C5
:10D390005B53796E635D00003B205265766F6C7560
:10D3A00074696F6E73203D20302C20446567726570
:10D3B0006573203D203100005265766F6C7574698D
:10D3C0006F6E735F6F725F446567726565733D0072
:10D3D0005265766F6C7574696F6E733D0000000066
:10D3E0003B2048656C69782054797065203A204C60
:10D3F000656674203D20302C205269676874203D9A
:10D400002031000048656C6978547970653D0000F2
:10D410005B52656369705D003B205374796C6520D5
:10D42000313D457175616C20416E676C652C203211
:10D430003D5371756172652C20333D536177746F74
:10D440006F7468005374796C653D00003B20526135
:10D450006469616C0000000052616469616C5F572F
:10D46000617665733D00000052616469616C5F53D1
:10D4700070696E646C655F446567726565733D00D5
:10D4800052616469616C5F417869735F416D706C72
:10D4900069747564653D00003B20417869616C00EA
:10D4A000417869616C5F57617665733D00000000EB
:10D4B000417869616C5F5370696E646C655F416D42
:10D4C000706C69747564653D0000000041786961A5
:10D4D0006C5F417869735F44697374616E63653D25
:10D4E00000000000526574726F5370696E646C6561
:10D4F00044697374616E63653D0000005265747227
:10D500006F4178697344697374616E63653D0000AF
:10D510003B204E6F204C617374205365676D656EC0
:10D5200074203A204E6F6E65203D20312C205365CB
:10D53000676D656E74203D20300000004E6F4C61B9
:10D5400073744C65673D00005B477265656B4B65A6
:10D55000795D00003B205061747465726E5479707F
:10D56000653A203461203A20322C203462203A205F
:10D57000332C203361203A20362C203362203A208D
:10D58000372C203261203A20342C203262203A207D
:10D59000350000005061747465726E547970653D99
:10D5A000000000005061747465726E7350657233D0
:10D5B00036303D005061747465726E436F756E74E1
:10D5C0003D0000005365676D656E744C656E677451
:10D5D000683D00005B50726F6772616D5D00000016
:10D5E0003B205365676D656E74733A20322020418D
:10D5F000637475616C203A20330000005365676DD9
:10D60000656E74734F7241637475616C3D00000008
:10D610005B526F73655D0000526F73655F6E3D0016
:10D62000526F73655F643D005370696E646C655240
:10D6300065766F6C7574696F6E733D00416D706CCB
:10D6400069747564655F5A3D00000000416D706C3F
:10D6500069747564655F583D00000000416D706C31
:10D6600069747564655F4D333D000000416D706CF9
:10D6700069747564655F4D343D0000003B456E6420
:10D6800020696E690000000053657474696E6773E9
:10D690002E696E6920436F6D706C6574652E000095
:10D6A0007669732074332C3100FFFFFF696E695F68
:10D6B00046696C654E616D653A200000496E6920CF
:10D6C00066696C652000000020646F6573206E6FD2
:10D6D00074206578697374007669732074312C3115
:10D6E00000000000696E692066696C65200000001A
:10D6F000206E6F742076616C69643A20000000002F
:10D700007765706F200000002C000000627566666F
:10D7100065722D546578743A200000007061676569
:10D72000496E692E7431312E7478743D000000000A
:10D7300070616765496E692E7431322E7478743D5C
:10D740000000000070616765496E692E7431332EE8
:10D750007478743D000000002D2D2D2D2D2D2D2DC4
:10D760002D2D2D2D2D2D2D2D000000004261643A10
:10D7700000000000202D20005061747465726E73EB
:10D780005065723336300000477265656B4B6579C2
:10D79000000000005061747465726E436F756E74A2
:10D7A000000000005365676D656E744C656E6774AC
:10D7B0006800FFFF5265766F6C7574696F6E730059
:10D7C00052616469616C5F576176657300000000A7
:10D7D000526563697000000052616469616C5F5357
:10D7E00070696E646C655F4465677265657300009F
:10D7F00052616469616C5F417869735F416D706CFF
:10D800006974756465000000417869616C5F5761F7
:10D8100076657300417869616C5F5370696E646C02
:10D82000655F416D706C697475646500417869610C
:10D830006C5F417869735F44697374616E636500FE
:10D84000526574726F4178697344697374616E6371
:10D8500065000000526574726F5370696E646C6588
:10D8600044697374616E636500FFFFFF4D61785317
:10D87000706565645F5370696E646C6500000000DC
:10D8800052657475726E7300416363656C5F5370AB
:10D89000696E646C650000004D6178537065656465
:10D8A0005F417869735F5A00416363656C5F4178DB
:10D8B00069735F5A000000004D61785370656564BC
:10D8C0005F417869735F5800416363656C5F4178BD
:10D8D00069735F58000000004D617853706565649E
:10D8E0005F417869735F4D330000000041636365F9
:10D8F0006C5F417869735F4D330000004D61785370
:10D90000706565645F417869735F4D3400000000A5
:10D91000416363656C5F417869735F4D3400FFFF5D
:10D92000537065656450657263656E746167655FA9
:10D930005370696E646C65004D756C746953796ED3
:10D9400063000000417869734964000043686563BF
:10D950006B65645F41786573494473005370656516
:10D960006450657263656E746167655F5A0000009C
:10D97000537065656450657263656E746167655F59
:10D9800058000000537065656450657263656E747D
:10D990006167655F4D330000537065656450657263
:10D9A00063656E746167655F4D3400004D61785347
:10D9B000706565645F5A00004D61785370656564F9
:10D9C0005F5800004D617853706565645F4D3300AA
:10D9D0004D617853706565645F4D340041636365E4
:10D9E0006C5F5A00416363656C5F58004163636517
:10D9F0006C5F4D3300000000416363656C5F4D3424
:10DA00000000000054617267657444697374616E4C
:10DA100063655F5370696E646C6500005461726782
:10DA2000657444697374616E63655F5A0000000039
:10DA300054617267657444697374616E63655F589D
:10DA40000000000054617267657444697374616E0C
:10DA500063655F4D3300000054617267657444690B
:10DA60007374616E63655F4D3400000044697265D4
:10DA70006374696F6E5F5370696E646C650000005B
:10DA8000446972656374696F6E5F5A0044697265B8
:10DA90006374696F6E5F5800446972656374696F7F
:10DAA0006E5F4D3300000000446972656374696FF6
:10DAB0006E5F4D340000000057617665735F5370F0
:10DAC000696E646C6500000057617665735F5A008B
:10DAD00057617665735F580057617665735F4D33A4
:10DAE0000000000057617665735F4D3400FFFFFF53
:10DAF000536861726564000052616469616C5F41E2
:10DB00007869616C0000000048656C697854797030
:10DB10006500000053796E6368726F5F4D335F611B
:10DB20006E645F5370696E646C65000053796E6358
:10DB300068726F5F50657263656E7461676500FF40
:10DB4000526F73655F6E0000526F73655F64000013
:10DB50005370696E646C655265766F6C7574696F2D
:10DB60006E730000416D706C69747564655F5A0076
:10DB7000416D706C69747564655F5800416D706CBF
:10DB800069747564655F4D3300000000416D706C11
:10DB900069747564655F4D3400FFFFFF44697374F9
:10DBA000616E63655F5A310044697374616E6365C9
:10DBB0005F5A320044697374616E63655F58310067
:10DBC00044697374616E63655F58320044697374AD
:10DBD000616E63655F4D332D3100000044697374DD
:10DBE000616E63655F4D332D3200000044697374CC
:10DBF000616E63655F4D342D3100000044697374BC
:10DC0000616E63655F4D342D3200FFFF5365676DB4
:10DC1000656E74734F7241637475616C000000002F
:10DC20005061747465726E54797065005374796CC8
:10DC30006500FFFF496E6465784964004175786945
:10DC40006C6C6172795F50696E000000507265669D
:10DC50006572656E636573004469766973696F6E9A
:10DC6000734F72446567726565735F310000000031
:10DC700046697865644F7246696C655F31000000E3
:10DC800053697A655F31000072657475726E566112
:10DC90006C3A202000000000636F6E666967496E71
:10DCA0006465785F312E73697A65496E5374657067
:10DCB000733A2000636F6E666967496E6465785FCA
:10DCC000312E73697A65496E556E6974733A200016
:10DCD0004469766973696F6E734F724465677265E4
:10DCE00065735F320000000046697865644F7246D4
:10DCF000696C655F3200000053697A655F3200002D
:10DD0000636F6E666967496E6465785F322E73690A
:10DD10007A65496E53746570733A2000636F6E665E
:10DD20006967496E6465785F322E73697A65496EFA
:10DD3000556E6974733A20004469766973696F6E31
:10DD4000734F72446567726565735F33000000004E
:10DD500046697865644F7246696C655F3300000000
:10DD600053697A655F3300004469766973696F6E41
:10DD7000734F72446567726565735F34000000001D
:10DD800046697865644F7246696C655F34000000CF
:10DD900053697A655F3400004469766973696F6E10
:10DDA000734F72446567726565735F3500000000EC
:10DDB00046697865644F7246696C655F350000009E
:10DDC00053697A655F3500FF4D61696E00000000A0
:10DDD00056656E646F72496400FFFFFF506F6C619F
:10DDE000726974795F4D3400506F6C617269747937
:10DDF0005F5370696E646C65000000005261646975
:10DE0000616C4F724C696E65616C5F4D340000004F
:10DE1000506F6C61726974795F5A0000506F6C6169
:10DE2000726974795F416C7458000000506F6C61C6
:10DE3000726974795F5800004E6F4C6173744C6561
:10DE400067000000506F6C61726974795F4D330038
:10DE50004E432D4E4F0000004C696D6974730000F5
:10DE600052616469616C4F724C696E65616C5F4DA3
:10DE7000330000004B656570537465707065727394
:10DE8000456E61626C6564004D6963726F737465A1
:10DE900070735F5370696E646C65000053746570D5
:10DEA000735065723336305F5370696E646C650011
:10DEB00047656172526174696F5F5370696E646C1B
:10DEC000650000004D6963726F73746570735F5A0B
:10DED0000000000053746570735065723336305F14
:10DEE0005A00000044697374616E63655065723353
:10DEF00036305F5A000000007765706F20302C319B
:10DF0000383800004D6963726F73746570735F58C1
:10DF10000000000053746570735065723336305FD3
:10DF20005800000044697374616E63655065723314
:10DF300036305F58000000004D6963726F7374657E
:10DF400070735F416C7458005374657073506572E0
:10DF50003336305F416C74580000000044697374BC
:10DF6000616E63655065723336305F416C74580082
:10DF70004D6963726F73746570735F4D3300000099
:10DF800053746570735065723336305F4D330000E3
:10DF900047656172526174696F5F4D330000000024
:10DFA00044697374616E63655065723336305F4DDA
:10DFB000330000004D335261646975730000000046
:10DFC0004D6963726F73746570735F4D3400000048
:10DFD00053746570735065723336305F4D34000092
:10DFE00047656172526174696F5F4D3400000000D3
:10DFF000636F6E66696753657475702E67656172CD
:10E00000526174696F5F417869734D343A20200022
:10E010006C6B6A7364613B6C6A6173646C3B666BC6
:10E020006A73613B6C646B666A613B736C6A6661C0
:10E030006C733B6B6A666C613B736B6A666C3B73BB
:10E04000616B6A66617364663B6C6B736A646600DD
:10E0500044697374616E63655065723336305F4D29
:10E06000340000004D3452616469757300FFFFFF96
:10E070004D696E5F4D3300004D61785F4D33000098
:10E080006553746F7000000053746F705370696E45
:10E09000646C65004D696E5F5A0000004D61785FE9
:10E0A0005A0000004D696E5F580000004D61785FB6
:10E0B000580000004D696E5F4D3400002D2D2D2D50
:10E0C0002D2D2D2D2D52657475726E56616C2D2D72
:10E0D0002D2D2D2D2D2D2D2D2D2D2D2D2D2D2D2D70
:10E0E0002D2D2D2D2D2D2D2D2D2D2D2D2D4D696EC3
:10E0F0005F4D343A000000002D2D2D2D2D2D2D2D9E
:10E100002D2D2D2D2D2D2D2D2D2D2D2D2D2D2D2D3F
:10E110002D2D2D2D2D2D2D2D2D2D2D2D2D2D2D2D2F
:10E1200076616C7565303A004D61785F4D3400FF63
:10E13000496E692066696C6520666F756E642E2E67
:10E140002E2E2E2E000000004E6F20436172642E92
:10E150002E2E2E2E2E2E2E2E2E2E2E2E2E2E2E2EDF
:10E16000000000007669732067302C3100FFFFFF4C
:10E170006274302E62636F3D3535373135000000F3
:10E180006274322E62636F3D3535373135000000E1
:10E190006274332E62636F3D3535373135000000D0
:10E1A000706167654D61696E2E6274342E62636FB3
:10E1B0003D35353731350000706167654D61696EF9
:10E1C0002E6274342E76616C3D300000706167659C
:10E1D0004D61696E2E6274352E62636F3D35353741
:10E1E00031350000706167654D61696E2E6274356E
:10E1F0002E76616C3D300000706167654D61696E1F
:10E200002E6274362E62636F3D353537313500002E
:10E21000706167654D61696E2E6274362E76616C31
:10E220003D300000706167654D61696E2E62743724
:10E230002E62636F3D35353731350000706167659B
:10E240004D61696E2E6274372E76616C3D30000030
:10E25000706167654D61696E2E6274302E62636F06
:10E260003D35353731350000706167654D61696E48
:10E270002E6274302E76616C3D30000070616765EF
:10E280004D61696E2E6274312E62636F3D35353794
:10E2900031350000706167654D61696E2E627431C1
:10E2A0002E76616C3D300000706167654D61696E6E
:10E2B0002E6274322E62636F3D3535373135000082
:10E2C000706167654D61696E2E6274322E76616C85
:10E2D0003D300000706167654D61696E2E62743378
:10E2E0002E62636F3D3535373135000070616765EB
:10E2F0004D61696E2E6274332E76616C3D30000084
:10E30000706167654D61696E2E7661322E76616C43
:10E310003D313000706167654D756C74692E6274B3
:10E32000313030312E62636F3D3535373135000085
:10E33000706167654D756C74692E6274313030316F
:10E340002E76616C3D300000706167654D756C74B0
:10E35000692E6274313030322E62636F3D3535374D
:10E3600031350000706167654D756C74692E62749B
:10E37000313030322E76616C3D300000706167655F
:10E380004D756C74692E6274313030332E62636F58
:10E390003D35353731350000706167654D756C74FA
:10E3A000692E6274313030332E76616C3D3000005E
:10E3B000706167654D756C74692E627431303034EC
:10E3C0002E62636F3D35353731350000706167650A
:10E3D0004D756C74692E6274313030342E76616CF8
:10E3E0003D300000706167654D756C74692E627414
:10E3F000313030302E62636F3D35353731350000B6
:10E40000706167654D756C74692E6274313030309F
:10E410002E76616C3D300000706167654D756C74DF
:10E42000692E6274302E62636F3D353537313500A9
:10E43000706167654D756C74692E6274302E7661FB
:10E440006C3D3000706167654D756C74692E627447
:10E45000312E62636F3D3535373135007061676548
:10E460004D756C74692E6274312E76616C3D30008E
:10E47000706167654D756C74692E6274322E6263CB
:10E480006F3D353537313500706167654D756C749A
:10E49000692E6274322E76616C3D30007061676562
:10E4A0004D756C74692E7661302E76616C3D31301D
:10E4B0000000000070616765496E646578000000C7
:10E4C000706167654D6F766500000000706167657B
:10E4D00053796E63000000007061676552656300E8
:10E4E0007061676547726B007061676550726F6736
:10E4F00072616D0070616765526F736500000000A6
:10E50000706167654F6E65007061676553706C611F
:10E5100073682E76614553746F702E76616C3D3151
:10E5200000FFFFFF456E7465722052756E4F6E6579
:10E53000537465707065722E0000000031302E61DA
:10E5400078697349643A20200000000020202020D0
:10E5500020202020202020202020202020202020BB
:10E560002020202020204553746F702000000000E0
:10E57000706167654F6E652E62743330312E76613F
:10E580006C3D3000706167654F6E652E627433308C
:10E59000312E7478743D000044697361626C656467
:10E5A0000000000022FFFFFF0000000070616765AF
:10E5B0004F6E652E62743330322E76616C3D3000C2
:10E5C000706167654F6E652E62743330322E7478D9
:10E5D000743D0000706167654F6E652E6274333064
:10E5E000332E76616C3D3000706167654F6E652E2D
:10E5F00062743330332E7478743D00007061676547
:10E600004F6E652E62743330342E76616C3D30006F
:10E61000706167654F6E652E62743330342E747886
:10E62000743D0000706167654F6E652E6274333013
:10E63000302E76616C3D3000706167654F6E652EDF
:10E6400062743330302E7478743D000070616765F9
:10E650004D756C74692E6274313330312E76616C75
:10E660003D310000706167654D756C74692E627490
:10E67000313330312E7478743D000000706167656D
:10E680004D756C74692E6274313330322E76616C44
:10E690003D300000706167654D756C74692E627461
:10E6A000313330322E7478743D000000706167653C
:10E6B0004D756C74692E6274313330332E76616C13
:10E6C0003D300000706167654D756C74692E627431
:10E6D000313330332E7478743D000000706167650B
:10E6E0004D756C74692E6274313330342E76616CE2
:10E6F0003D300000706167654D756C74692E627401
:10E70000313330342E7478743D00000070616765D9
:10E710004D756C74692E6274313330302E76616CB5
:10E720003D300000706167654D756C74692E6274D0
:10E73000313330302E7478743D00FFFF5A20496E1B
:10E74000697469616C20706F736974696F6E3A20C7
:10E75000200000005A204D617820706F7369746941
:10E760006F6E3A20200000007374617274506F73F2
:10E770006974696F6E4162735F417869733A2020F2
:10E78000000000005A20496E697469616C20706F46
:10E79000736974696F6E5F323A2020007265747518
:10E7A000726E506F736974696F6E4162735F417806
:10E7B00069733A20200000005370696E646C652014
:10E7C0004D6F7665204173796E6300007370696EDA
:10E7D000646C654D6178526F746174696F6E3A0054
:10E7E0002020202020202020202020202020202029
:10E7F000202020202020202020206C696D6974506A
:10E80000696E5F4D617800002020202020202020AC
:10E8100020202020202020202020202020202020F8
:10E8200020206C696D697450696E5F4D696E0000DF
:10E83000736C6964655374657073416D706C697451
:10E84000756465202D20656E64506F736974696FFF
:10E850006E5F417869733A2000000000706167655F
:10E86000526F73652E6274332E76616C3D300000FA
:10E8700070616765526F73652E6274322E76616CBB
:10E880003D30000070616765526F73652E766130B0
:10E890002E76616C3D30000070616765526F736564
:10E8A0002E6274312E76616C3D300000656E6450CE
:10E8B0006F736974696F6E5F5370696E646C653AEB
:10E8C00000000000656E64506F736974696F6E5F5D
:10E8D000417869733A2000002D2D2D2D2D2D2D2DE1
:10E8E0002D2D2D2D2D2D2D0070616765526F7365B7
:10E8F0002E627431302E76616C3D31007061676537
:10E90000526F73652E627431312E76616C3D310029
:10E9100070616765526F73652E627431302E766157
:10E920006C3D300070616765526F73652E627431A3
:10E93000302E7478743D000070616765526F7365A6
:10E940002E627431312E76616C3D300070616765E6
:10E95000526F73652E627431312E7478743D00FFEE
:10E960004B65657020456E61626C65642D537069FE
:10E970006E646C653A200000706167654D61696E78
:10E980002E627431302E76616C3D310070616765A6
:10E990004D61696E2E627431302E76616C3D3000AF
:10E9A000706167654D61696E2E627431302E7478C6
:10E9B000743D00004B65657020456E61626C656456
:10E9C0002D5A3A20000000004B65657020456E61AD
:10E9D000626C65642D583A20000000004B6565703C
:10E9E00020456E61626C65642D4D333A2000000055
:10E9F0004B65657020456E61626C65642D4D343ADF
:10EA000020000000536574456E61626C65284944BE
:10EA10005F415849535F342C2066616C73652C202C
:10EA200074727565290000006B6565704D6F746FB9
:10EA300072456E61626C65643A000000636F6E66D9
:10EA4000696753657475702E6B6565705374657076
:10EA500070657273456E61626C65643A20000000F7
:10EA600031312E2E2E2E2E2E2E2E2E2E70616765DB
:10EA70004D61696E2E627431312E76616C3D3100CC
:10EA8000706167654D61696E2E627431312E7661F9
:10EA90006C3D3000706167654D61696E2E62743146
:10EAA000312E7478743D000031322E2E2E2E2E2EF3
:10EAB0002E2E2E2E2E2E706167654D61696E2E6290
:10EAC0007431312E76616C3D3000000031332E2ED2
:10EAD0002E2E2E2E2E2E2E2E2E2E2E2E2E6B6565AB
:10EAE000704D6F746F72456E61626C65643D31008C
:10EAF0004C696D69745F4D696E202D20434357202A
:10EB00002D20547269707065643A202000FFFFFF69
:10EB1000456E74657220477265656B4B65795F4D14
:10EB20006F76655F417869732E2E2E2E2E2E2E2E37
:10EB30002E2E2E2E2E2E2E2E2E2E2E2E2E2E2E0023
:10EB40007365676D656E7453746570733A20000069
:10EB50006D756C7469706C6965723A200000000014
:10EB600054617267657453746570733A20000000D5
:10EB70003D3D3D3D3D3D3D3D3D3D3D3D3D3D3D3DC5
:10EB80003D3D3D3D3D3D3D002020477265656B4B61
:10EB900065795F4D6F766520202020202020202081
:10EBA0002020202020202020202020202020204540
:10EBB00053746F702000000053746F704772656566
:10EBC0006B4B6579282920697320747275653A004A
:10EBD00063757272656E7453706565643A200000E7
:10EBE0004178697320706F736974696F6E3A2000A1
:10EBF0002020204361736520310000002020204345
:10EC0000617365203200000020202043617365207D
:10EC10003300000020202043617365203400000091
:10EC200020202020202020202020202020202020E4
:10EC3000202020202020202020204553746F7000A9
:10EC40007061676547726B2E6274302E76616C3D21
:10EC5000300000007061676547726B2E627431305E
:10EC60002E76616C3D3000007061676547726B2ED7
:10EC7000627431302E7478743D00000070616765F5
:10EC800047726B2E627431312E76616C3D3000001C
:10EC90007061676547726B2E627431312E747874BF
:10ECA0003D0000007061676550726F6772616D2E84
:10ECB0006274312E76616C3D3000000070616765D2
:10ECC00050726F6772616D2E7661302E76616C3D89
:10ECD000300000007061676550726F6772616D2E61
:10ECE0006274302E76616C3D3000000070616765A3
:10ECF00050726F6772616D2E627431302E76616C66
:10ED00003D3000007061676550726F6772616D2EF3
:10ED1000627431302E7478743D0000007061676554
:10ED200050726F6772616D2E627431312E76616C34
:10ED30003D3000007061676550726F6772616D2EC3
:10ED4000627431312E7478743D0000007061676523
:10ED500042452E74312E7478743D000070616765F1
:10ED600042452E74322E7478743D00FF20202020FE
:10ED70002020202020202020202020202020202093
:10ED80002020202020206C696D697450696E00FF7E
:10ED90003E3E3E3E3E3E3E3E3E3E3E3E3E3E3E3E93
:10EDA0004D696E53706565642053746F703C3C3CD4
:10EDB0003C3C3C3C3C3C3C3C3C3C3C3C2000FFFF65
:10EDC000456E74657220477265656B4B65795F4D62
:10EDD0006F76655F5370696E646C652E2E2E2E2ED5
:10EDE0002E2E2E2E2E2E2E2E2E2E2E2E2E2E2E2E43
:10EDF0002E2E0000746172676574537465707352CF
:10EE00006F756E6465643A20000000002D302D2D72
:10EE10002D2D2D2D2D2D2D2D2D2D2D2D2D2D2D2D22
:10EE20002D2D2D2D2D2D2D2D2D2D2D2D2D2D00006C
:10EE3000737465707065725F3120706F7369746987
:10EE40006F6E3A2000000000656E64506F73697445
:10EE5000696F6E5F5370696E646C653A20000000E4
:10EE600063756D756C61746976655F5370696E6406
:10EE70006C653A20000000002D312D2D2D2D2D2DFB
:10EE80002D2D2D2D2D2D2D2D2D2D2D2D2D2D2D2DB2
:10EE90002D2D2D2D2D2D2D2D2D2D00005E5E5E5E38
:10EEA0005E5E5E5E5E5E5E5E5E5E5E5E5E5E5E5E82
:10EEB0005E5E5E5E5E5E5E00477265656B4B6579A9
:10EEC000203461206553746F70206F72206C696DFF
:10EED0006974207472696767657265642E2E2E2EC0
:10EEE0002E2E2E2E2E2E2E2E2E2E2E2E2E2E2E2E42
:10EEF0002E2E2E00743230302E7478743D00FFFFB9
:10EF0000477265656B4B6579203462206553746F79
:10EF100070206F72206C696D697420747269676704
:10EF2000657265642E2E2E2E2E2E2E2E2E2E2E2E19
:10EF30002E2E2E2E2E2E2E2E2E2E2E004772656554
:10EF40006B4B6579203361206553746F70206F724D
:10EF5000206C696D69742074726967676572656495
:10EF60002E2E2E2E2E2E2E2E2E2E2E2E2E2E2E2EC1
:10EF70002E2E2E2E2E2E2E00477265656B4B657938
:10EF8000203362206553746F70206F72206C696D3E
:10EF90006974207472696767657265642E2E2E2EFF
:10EFA0002E2E2E2E2E2E2E2E2E2E2E2E2E2E2E2E81
:10EFB0002E2E2E00477265656B4B657920326120DD
:10EFC0006553746F70206F72206C696D6974207462
:10EFD00072696767657265642E2E2E2E2E2E2E2E78
:10EFE0002E2E2E2E2E2E2E2E2E2E2E2E2E2E2E006F
:10EFF0004449525F4343572000FFFFFF4772656556
:10F000006B4B6579203262206553746F70206F728C
:10F01000206C696D697420747269676765726564D4
:10F020002E2E2E2E2E2E2E2E2E2E2E2E2E2E2E2E00
:10F030002E2E2E2E2E2E2E00426567696E205265D2
:10F040007475726E546F5374617274506F73697417
:10F05000696F6E28290000007374617274506F73B9
:10F060006974696F6E4162735F417869733A200019
:10F070005A20706F736974696F6E3A200000000047
:10F080006D61785370645F52657475726E5F41781C
:10F0900069735F5A3A2000005820706F7369746971
:10F0A0006F6E3A2000000000706167654D6F7665F5
:10F0B0002E6274312E76616C3D30000070616765A0
:10F0C0004D6F76652E7661302E76616C3D30000096
:10F0D000706167654D6F76652E6274302E76616C57
:10F0E0003D3000FF4D6F746F7250696E3A20486971
:10F0F00067680000706167654D6F76652E627432D7
:10F100002E76616C3D300000706167654D6F7665ED
:10F110002E6274332E76616C3D300000706167653D
:10F120004D6F76652E74362E7478743D00000000A5
:10F13000706167655265632E7661302E76616C3D35
:10F1400030000000706167655265632E6274312E75
:10F1500076616C3D30000000706167654D6F7665CB
:10F160002E627431312E76616C3D310070616765BD
:10F170004D6F76652E627431312E76616C3D3000B4
:10F18000706167654D6F76652E627431312E7478CB
:10F19000743D00004D6F746F7250696E3A2048697B
:10F1A00067682000636865636B6564436F756E74A0
:10F1B000203A2000706167654D61696E2E7661307E
:10F1C0002E76616C3D300000636F6E6669674D613D
:10F1D000696E2E6178697349643A200073746570B2
:10F1E00070657231206178697349643A20200000AB
:10F1F00044697361626C6520417869733A2020002C
:10F20000706167654F6E652E627431302E76616C69
:10F210003D300000706167654F6E652E627431305D
:10F220002E7478743D0000006B65657053746570D2
:10F2300070657273456E61626C65643A202000FFF0
:10F240007374657073546F4D6F76655F5370696E3C
:10F25000646C653A200000007374657073546F4DE0
:10F260006F76655F4D343A2020000000696E636F51
:10F270006D696E67427974653A2000002D2D2D2D41
:10F280002D2D2D2D2D2D2D2D2D2D2D2D2D53746FFF
:10F29000707065642D2D2D2D2D2D2D2D2D2D2D2DA9
:10F2A0002D2D2D2D2D2D2D2D2D2D2D2D2D2D2D2D8E
:10F2B0002D2D2D2D2D000000456E64206C6F6F707C
:10F2C0000000000070616765496E6465782E7661A4
:10F2D000302E76616C3D300070616765496E646503
:10F2E000782E6274332E76616C3D300070616765F4
:10F2F000496E6465782E6274322E76616C3D300002
:10F3000070616765496E6465782E6274312E76612E
:10F310006C3D30007061676553796E632E766130A5
:10F320002E76616C3D3000007061676553796E63C5
:10F330002E6274312E76616C3D300000706167651D
:10F34000496E6465782E627431302E76616C3D3082
:10F350000000000070616765496E6465782E627414
:10F3600031302E7478743D0070616765496E646554
:10F37000782E627431312E76616C3D3000000000D1
:10F3800070616765496E6465782E627431312E74E0
:10F3900078743D0070616765496E6465782E6274AB
:10F3A000302E76616C3D300070616765496E646532
:10F3B000782E74372E7478743D0000007061676594
:10F3C00053796E632E62362E70636F3D30000000FD
:10F3D0007061676553796E632E62352E70636F3D81
:10F3E0003000FFFF456E746572204D756C74695F67
:10F3F00053696D756C74616E656F75735461726776
:10F4000065747300312E77617665436F756E743A5B
:10F4100020000000312E636F6E6669674D756C7455
:10F42000692E77617665735F5A3A2000322E636FDA
:10F430006E6669674D756C74692E77617665735F6A
:10F440005A3A2000322E77617665436F756E743AB2
:10F4500020000000332E636F6E6669674D756C7413
:10F46000692E77617665735F5A3A2000332E776193
:10F470007665436F756E743A20000000342E776114
:10F480007665436F756E743A20000000352E776103
:10F490007665436F756E743A20000000312D4D3350
:10F4A0002073746570733A2000000000312D4D33D5
:10F4B0002073706565643A2000000000362E776185
:10F4C0007665436F756E743A20000000322D4D331F
:10F4D0002073746570733A2000000000636F6E66DD
:10F4E00069674D756C74692E77617665735F4D330E
:10F4F0003A200000372E77617665436F756E743A57
:10F5000020000000332D4D332073746570733A2052
:10F5100000000000312D4D3320656E61626C656422
:10F520003F200000382E77617665436F756E743A20
:10F5300020000000392E77617665436F756E743A4E
:10F540002000000031302E77617665436F756E7450
:10F550003A20000031312E77617665436F756E7405
:10F560003A20000031322E77617665436F756E74F4
:10F570003A200000312D5370696E646C65207374FD
:10F580006570733A2000000031332E776176654351
:10F590006F756E743A200000322D5370696E646C82
:10F5A000652073746570733A20000000322D53702B
:10F5B000696E646C652073706565643A20000000B4
:10F5C00031342E77617665436F756E743A20000092
:10F5D000332D5370696E646C652073746570733A73
:10F5E0002000000031352E77617665436F756E74AB
:10F5F0003A20000031362E77617665436F756E7460
:10F600003A2000005370696E646C6520656E61621B
:10F610006C65643F2000000031372E7761766543CA
:10F620006F756E743A2000002D2D2D2D2D2D2D2D52
:10F630002D2D2D2D2D2D2D2D2D2D2D2D2D2D2D2DFA
:10F640002D2D2D2D2D2D2D2D2D2D2D2D2D2D2D2DEA
:10F6500020693A200000000031382E20776176655D
:10F66000436F756E743A20007374657073546F4DF8
:10F670006F76655F313A20006D6F76654173796E04
:10F680006300000020202020202020202020202097
:10F6900020202020202020202020202020206C69D5
:10F6A0006D697450696E5F4D696E5F313A2020005C
:10F6B000202020202020202020202020202020204A
:10F6C000202020202020202020206C696D6974508B
:10F6D000696E5F4D61785F320000000020202020BD
:10F6E000202020202020202020202020202020201A
:10F6F0002020202020206C696D697450696E5F4D58
:10F70000696E5F3200000000202020202020202091
:10F7100020202020202020202020202020202020E9
:10F7200020206C696D697450696E5F4D61785F333C
:10F730000000000020202020202020202020202049
:10F7400020202020202020202020202020206C6924
:10F750006D697450696E5F4D696E5F330000000023
:10F760002020202020202020202020202020202099
:10F77000202020202020202020206C696D697450DA
:10F78000696E5F4D61785F3400000000202020200A
:10F790002020202020202020202020202020202069
:10F7A0002020202020206C696D697450696E5F4DA7
:10F7B000696E5F34000000004553746F703A20207A
:10F7C00000000000706167654D756C74692E62748D
:10F7D000313330312E76616C3D30000070616765E9
:10F7E0004D756C74692E6274313430342E76616CD0
:10F7F0003D300000706167654D756C74692E6274F0
:10F80000313430342E7478743D00000070616765C7
:10F810004D756C74692E7661302E76616C3D3000CA
:10F820002043616C6C20426567696E4D6574686F3A
:10F830006453657474696E677300000020456E64DC
:10F8400020426567696E4D6574686F6453657474B2
:10F85000696E6773000000004178697353746570C6
:10F86000733A20007061676553796E632E6274335A
:10F870002E70636F3D3000007061676553796E6371
:10F880002E6274332E76616C3D30000070616765C6
:10F8900053796E632E6274322E76616C3D300000B7
:10F8A00073746570706572506F736974696F6E5FA1
:10F8B000313A200073746570706572506F736974AB
:10F8C000696F6E5F333A20007061676553796E63CC
:10F8D0002E627431302E76616C3D31007061676547
:10F8E00053796E632E627431312E76616C3D310036
:10F8F0007061676553796E632E627431302E766164
:10F900006C3D30007061676553796E632E627431AF
:10F91000302E7478743D00007061676553796E63B2
:10F920002E627431312E76616C3D300070616765F6
:10F9300053796E632E627431312E7478743D00FFFA
:10F9400073746570706572315F737465703A2020EE
:10F950000000000073746570706572315F646972D5
:10F960003A20200073746570706572325F7374653D
:10F97000703A202000000000737465707065723268
:10F980005F6469723A202000737465707065723329
:10F990005F737465703A2020000000007374657016
:10F9A000706572335F6469723A2020007374657009
:10F9B000706572345F737465703A20200000000037
:10F9C00073746570706572345F6469723A202000E8
:10F9D00073746570706572355F737465703A20205A
:10F9E0000000000073746570706572355F64697241
:10F9F0003A2020007374657070657249645F313A13
:10FA0000202000007374657070657249645F323A3B
:10FA1000202000007374657070657249645F333A2A
:10FA2000202000007374657070657249645F343A19
:10FA3000202000007374657070657249645F353A08
:10FA400020200000636F6E6669674D756C74692EC7
:10FA50006178697349643A20000000004469736169
:10FA6000626C65205A3A20200000000070616765D2
:10FA70004F6E652E6274312E76616C3D3000000051
:10FA8000706167654F6E652E7661302E76616C3DD4
:10FA900030000000706167654F6E652E6274302E15
:10FAA00076616C3D3000000070616765526F736570
:10FAB0002E6274302E76616C3D3000007061676597
:10FAC00053796E632E6274302E76616C3D30000087
:10FAD000706167655265632E6274302E76616C3D8D
:10FAE00030000000706167655265632E62743130CA
:10FAF0002E76616C3D300000706167655265632E43
:10FB0000627431302E7478743D0000007061676556
:10FB10005265632E627431312E76616C3D30000087
:10FB2000706167655265632E627431312E7478742A
:10FB30003D00FFFF726574726F41786973436861BD
:10FB40006E676553746570733A200000636F6E666C
:10FB500069675265632E726574726F5F417869736D
:10FB60004368616E67653A20000000002E2E2E2E3D
:10FB70002E2E2E2E2E2E2E2E2E2E2E2E693A0000BA
:10FB80006C65673A2000000073746570735F537092
:10FB9000696E646C653A200073746570735F4178B8
:10FBA00069733A2000000000302E20737465707372
:10FBB0005F417869733A0000322E20737465707368
:10FBC0005F417869733A00007370696E646C6553C5
:10FBD000746570735F4E6578743A2000617869735C
:10FBE00053746570735F4E6578743A2000000000AE
:10FBF000456E64204C6F6F702D2D2D2D2D2D2D2DCC
:10FC00002D2D2D2D2D2D2D2D2D2D2D2D2D2D2D2D24
:10FC10002D2D2D2D2D2D2D2D2D2D2D2D2D2D3A2014
:10FC2000000000003E3E73746570735F5370696E30
:10FC3000646C653A000000003E3E73746570735F4B
:10FC4000417869733A0000002020202020202020E5
:10FC500020202020202020202020202020202020A4
:10FC6000206C696D697450696E5F4D6178000000A9
:10FC7000737465707065725370696E646C652E671D
:10FC80006574506F736974696F6E28293A2000009B
:10FC900073746570706572417869735F5A2E676519
:10FCA00074506F736974696F6E28293A20000000E0
:10FCB00063756D756C61746976655F5A3A200000F2
:10FCC00073746570706572506F736974696F6E5F7D
:10FCD000323A2000706167655265632E6274332E7C
:10FCE00076616C3D30000000706167655265632E7F
:10FCF0006274322E76616C3D300000007061676581
:10FD00005265632E627431302E76616C3D31000095
:10FD1000706167655265632E627431312E76616C55
:10FD20003D3100FF456E7465722050726F677261DD
:10FD30006D46726F6D46696C6500000045786974A8
:10FD400020477265656B204B65793A2046696C6582
:10FD5000206E6F7420666F756E6400007061676559
:10FD600050726F6772616D2E7446696C654E616D7D
:10FD7000652E7478743D000045786974204772657B
:10FD8000656B204B65793A2042616420436F6D6D4D
:10FD9000616E64007061676550726F6772616D2E8D
:10FDA0007432322E7478743D000000007061676513
:10FDB00050726F6772616D2E7432312E7478743D9B
:10FDC00000000000636F6E666967477265656B4B84
:10FDD00065792E7365676D656E744C656E677468C2
:10FDE0005F46696C653A0000636F6E6669675365CC
:10FDF0007475702E64697374616E636550657252B8
:10FE000065765F417869735A3A000000636F6E66E9
:10FE1000696753657475702E73746570733336300B
:10FE20005F417869735F5A3A00000000636F6E6645
:10FE3000696753657475702E6D6963726F7374654D
:10FE400070735F417869735F5A3A000073686F722C
:10FE5000745365676D656E7453746570734178692A
:10FE6000735A3A003E3E3E3E3E626164436F6D6DA2
:10FE7000616E642056616C75653A202000000000B8
:10FE80007061676550726F6772616D2E7431352EC7
:10FE90007478743D00000000706167654D6F766591
:10FEA0002E7431302E7478743D000000460000003E
:10FEB00048000000470000005200000070616765C4
:10FEC00050726F6772616D2E7434302E7478743D89
:10FED000000000004A0000004E0000004B0000003F
:10FEE0005700000045786974496E6E6572466F72FE
:10FEF0004C6F6F703E3E3E3E3E3E3E3E0000000078
:10FF00007061676550726F6772616D2E6274332E17
:10FF100076616C3D300000007061676550726F67FC
:10FF200072616D2E6274322E76616C3D300000007D
:10FF30007061676550726F6772616D2E62743130E7
:10FF40002E76616C3D3100007061676550726F679D
:10FF500072616D2E627431312E76616C3D3100FF1D
:10FF60005344206973206E6F742070726573656EE0
:10FF700074206F72206E6F7420696E697469616C91
:10FF8000696C7A65642E00FF312E73657269616C4D
:10FF900049643A2000000000332E73657269616C79
:10FFA00049643A200000000073657269616C49641D
:10FFB0003A2000007061676543616C6C657249644A
:10FFC0003A0000004D617853706565643A20200066
:10FFD000416363656C3A202000000000636F6E6629
:10FFE00069674D756C74692E77617665735F5370C0
:10FFF000696E646C653A2000636F6E6669674D7563
:020000025000AC
:100000006C74692E77617665735F5A3A2000000040
:10001000636F6E6669674D756C74692E776176657E
:10002000735F583A20000000636F6E6669674D7514
:100030006C74692E77617665735F4D343A200000E9
:10004000636F6E6669675265632E726574726F5F67
:100050005370696E646C654368616E67650000008B
:1000600052657374617274206D6963726F534420BA
:10007000706F7274000000002020202020202020BB
:100080002020202020202020202020313233342026
:100090002020202020202020202020207061676543
:1000A00043616C6C657249643A202000312E61789E
:1000B000697349643A20200020202020202020203D
:1000C00020202020202035363720202020202020EE
:1000D000202020202020202020202020636F6E66FA
:1000E00069674D61696E2E6178697349643A2020B1
:1000F000000000006D61785370645F5370696E6436
:100100006C652D2D3630303A202000006D6178531B
:1001100070645F417869735F5A2D2D3630343A2010
:10012000200000006D61785370645F417869735FEF
:10013000582D2D3630383A20200000006D6178535C
:1001400070645F417869735F4D332D2D3631323ADB
:10015000202000006D61785370645F417869735F9F
:100160004D342D2D3631363A202000006D79566100
:100170006C2D2D4178697349643A202000000000FD
:10018000322E6178697349643A20200020202033A0
:100190002E6178697349643A20200000496E6465D5
:1001A00078206178697349643A2020004178697346
:1001B0002049443A20200000496E646578313A2095
:1001C0002000000020446567726565206F7220443E
:1001D00069766973696F6E3A20200000496E646524
:1001E00078323A2020000000496E646578333A2066
:1001F00020000000496E646578343A202000000039
:10020000496E646578353A20200000006553746FAC
:10021000703A20200000000048656C69782054790D
:1002200070653A202000000068656C697854797028
:10023000653A20005365676D656E74206F722041CA
:10024000637475616C3A2020000000005061747482
:1002500065726E20436F756E743A202000000000B6
:1002600043616C6C5F37383A20202000506167652D
:1002700043616C6C657249643A20000047657446BE
:10028000696C654C6973745F53445F37383A20007A
:10029000476574496E6946696C654C69737446724A
:1002A0006F6D53445F37383A20000000446973741F
:1002B000616E63653A202000636F6E6669675365FF
:1002C0007475702E6B6565705374657070657273AC
:1002D000456E61626C65643A00000000496E6465B9
:1002E000782049443A2020002046696C65206F72CE
:1002F0002046697865643A202000000070616765D7
:10030000526F73652E743130332E7478743D000053
:100310006B466163746F723A200000005365676D2D
:10032000656E74204C656E6774683A20200000008A
:10033000312E5265766F6C7574696F6E734F7244AF
:100340006567726565733A2020000000612E6E6556
:100350007756616C3A202000322E5265766F6C75AC
:1003600074696F6E734F72446567726565733A2086
:1003700020000000332E5265766F6C7574696F6EC5
:10038000734F72446567726565733A202000000000
:100390005370696E646C65205265766F6C75746914
:1003A0006F6E732D6139373A200000006361736509
:1003B00020313030204357206178697349643A20F6
:1003C00000000000636173652031303120434357E2
:1003D000206178697349643A20000000322E636F0F
:1003E0006E6669674D756C74692E746172676574A9
:1003F00044697374616E63655F583A2000000000C1
:100400002020204343573A2000000000456E7465C9
:10041000722063617365203131303A203E3E3E3EAA
:100420003E3E3E3E3E3E3E3E3E3E3E3E3E3E3E3EEC
:100430003E3E3E3E3E3E0000456E74657220636166
:100440007365203131313A203E3E3E3E3E3E3E3ED7
:100450003E3E3E3E3E3E3E3E3E3E3E3E3E3E3E3EBC
:100460003E3E000053746570732F3336303A2000DF
:100470004765617220526174696F3A200000000084
:10048000636F6E6669674F6E652E61786973496444
:100490003A200000636F6E666967496E6465785F35
:1004A0004D61696E2E696E64657849643A2000007A
:1004B000636F6E6669674D6F76652E617869734903
:1004C000643A2000636F6E66696753796E632E61CC
:1004D00078697349643A2000636F6E666967526594
:1004E000632E6178697349643A200000636F6E6619
:1004F0006967477265656B4B65792E6178697349E9
:10050000643A2000636F6E666967526F73652E618F
:1005100078697349643A200074617267657444694C
:100520007374616E63655F5370696E646C653A00E5
:10053000636F6E66696753657475702E6C696D695B
:10054000745F4E436F724E4F203A000072616469CF
:10055000616C4F724C696E6561725F417869735F5F
:100560004D343A20000000006E756556616C75656B
:100570003A20202020202020202020202020202061
:100580002020202020000000636F6E66696753659D
:100590007475702E6375747465724D6F746F7250DC
:1005A000696E3A20200000004C696D6974204D612D
:1005B00078204D343A2020004C696D6974204D69D3
:1005C0006E204D343A2020007261646975734D3499
:1005D0003A2000006E657744697374616E63653A12
:1005E000200000004178697349643A20000000004F
:1005F00064697374616E63655F4D6F76655A323AF4
:100600002000000064697374616E63655F4D6F76EE
:100610006558323A20000000636173652031383537
:100620002D7061676543616C6C657249643A2000A6
:1006300063617365203138352D6D61785370645F67
:10064000617869733A200000636F6E666967496E6E
:100650006465785F4D61696E2E6D61785370645F7B
:10066000417869735F4D333A20000000706167651F
:100670004D756C74692D636F6E6669674D756C742A
:10068000692E6178697349643A200000636173657B
:10069000203138362D616363656C5F617869733A28
:1006A000200000006178697349643A002E2E2E2ED6
:1006B0002E2E2E2E2E2E2E2E2E2E2E2E2E2E2E2E5A
:1006C000616363656C5F417869735F4D333A000025
:1006D0002E2E2E2E2E2E2E2E2E2E2E2E2E2E2E2E3A
:1006E0002E2E2E2E616363656C5F417869735F4DBA
:1006F000343A0000636F6E666967496E6465785FBF
:100700004D61696E2E616363656C5F417869735FEB
:100710004D333A200000000020202053697A653ACA
:1007200020202000496E646578204178697349640F
:100730003A200000636F6E666967496E6465785F92
:10074000312E73697A65496E556E6974733A20204B
:1007500000000000636F6E666967496E6465785FCC
:10076000322E73697A65496E556E6974733A20202A
:1007700000000000636F6E666967496E6465785FAC
:10078000332E73697A65496E556E6974733A202009
:1007900000000000636F6E666967496E6465785F8C
:1007A000342E73697A65496E556E6974733A2020E8
:1007B00000000000636F6E666967496E6465785F6C
:1007C000352E73697A65496E556E6974733A2020C7
:1007D000000000005265766F6C7574696F6E733A35
:1007E000202000005370696E646C652000000000DA
:1007F0005A200000582000004D3320004D342000C6
:1008000020646972656374696F6E3A2000000000AD
:100810005761766520446972656374696F6E3A202A
:100820002000000052616469616C206F7220417881
:1008300069616C3A202000005374796C653A0000BD
:10084000636F6E6669674D756C74692E6D756C7437
:1008500069417865734944733A2020002020204381
:10086000573A200057617665733A20200000000057
:10087000416D706C69747564653A20200000000059
:1008800043617365203231312D2D2D005A206E6564
:10089000774553657474696E673A200044656772E2
:1008A0006565733A20200000506F6C61726974793D
:1008B0003A2020004C696D6974205A204D696E3AC7
:1008C000200000004C696D6974204D696E205A3A11
:1008D000202000004C696D6974204D6178205A3ADF
:1008E000202000004C696D6974204D696E20583AD3
:1008F000202000004C696D6974204D617820583AC1
:10090000202000004C696D6974204D696E204D33C4
:100910003A2020004C696D6974204D6178204D3378
:100920003A20200043617365203232362D2D2D0090
:1009300058206E65774553657474696E673A200078
:1009400043617365203232392D2D2D004D33206ED9
:1009500065774553657474696E673A20000000003E
:1009600072657475726E4178697349643A2000004B
:1009700041786973204D61785370643A200000001B
:100980007061676553706C6173682E766153704552
:100990006E61626C65642E76616C3D0070616765A6
:1009A00053706C6173682E766141786973456E612E
:1009B000626C65645A2E76616C3D000070616765FB
:1009C00053706C6173682E766141786973456E610E
:1009D000626C6564582E76616C3D000070616765DD
:1009E00053706C6173682E766141786973456E61EE
:1009F000626C65644D332E76616C3D007061676595
:100A000053706C6173682E766141786973456E61CD
:100A1000626C65644D342E76616C3D007061676573
:100A20004D6F72652E63332E76616C3D00000000C1
:100A3000706167654D6F72652E63352E76616C3D12
:100A400000000000706167654D6F72652E63372E80
:100A500076616C3D00000000706167654D6F7265E6
:100A60002E63392E76616C3D000000007061676571
:100A70004D6F72652E6331312E76616C3D00000042
:100A80004D61696E204178697349643A2000000025
:100A90004F6E652F4D756C74692041786973496498
:100AA0003A2000004D6F7665204178697349643AB9
:100AB00020000000536861726564204178697349C1
:100AC000643A20005061676549643A2000000000E4
:100AD000506167652043616C6C65722049443A201F
:100AE0002000000043617365203233382D2D2D0026
:100AF0004D34206E65774553657474696E673A208E
:100B00000000000043617365203234312D2D2D002B
:100B10005370696E646C65206E65774553657474B7
:100B2000696E673A200000005061747465726E3A15
:100B300020200000526576657273652044697265F5
:100B40006374696F6E3A2020000000007061676571
:100B500047726B2E627431302E76616C3D3100002D
:100B60007061676547726B2E627431312E76616CED
:100B70003D310000577269746553657474696E671E
:100B800073546F53440000005370696E646C6520A9
:100B90005265766F6C7574696F6E732D3235303AAD
:100BA000200000007261646975734D333A2000FFC4
:100BB00062617564733D35313230303000000000C1
:100BC000312D73657269616C49643A200000000040
:100BD000626B636D643D3000322D73657269616CC8
:100BE00049643A2000000000332D73657269616C1E
:100BF00049643A2000FFFFFF426175643A0000003B
:100C000020202020202020202020202020202020E4
:100C100020202020202020202020202020202020D4
:100C2000656550726F6D416464726573735F4D6189
:100C3000696E3A2000000000706167654D6F726553
:100C40002E63333D31000000706167654D6F726542
:100C50002E63353D31000000706167654D6F726530
:100C60002E63373D31000000706167654D6F72651E
:100C70002E63393D31000000706167654D6F72650C
:100C80002E6331313D310000636F6E6669675365D5
:100C90007475702E6B6565705370696E646C654514
:100CA0006E61626C65643A200000000070616765E7
:100CB00053706C6173682E74322E7478743D00002A
:100CC000636F6E66696753657475702E6B656570CA
:100CD0004D34456E61626C65643A200070616765F1
:100CE00053706C6173682E74332E7478743D0000F9
:100CF000617578696C6C61727950696E206E6F7481
:100D000020656E61626C656400000000636F6E6652
:100D1000696753657475702E676561725261746995
:100D20006F5F5370696E646C653A2000636F6E6626
:100D3000696753657475702E676561725261746975
:100D40006F5F417869734D333A20000073796E63A9
:100D500068726F5F526174696F3A2000496E6974FE
:100D600069616C697A65642E2E2E000076332E310F
:100D70002E326A00000000000000000015D40300BD
:100D800011C70300590400005D04000015D40300DE
:100D900015D4030015D4030000000000000000007B
:100DA000510C00003D0C0000590400002D0B000008
:100DB000910B0000E10A0000290A00000000000079
:100DC00000000000510C00003D0C00005904000020
:100DD0002D0B0000910B0000E10A0000290A000021
:100DE0000000000000000000850C0000F907000072
:100DF00059040000C90800003D080000F108000087
:100E00009D080000D51000007D11000000000000CA
:100E100000000000D90C0000190D0000C90A0000F4
:100E2000290C0000DD0B0000410A0000190B000036
:100E30000D060000F10D00004909000065090000E1
:100E4000D104000061040000BD050000590A000043
:100E500081090000810A00000907000099060000CE
:100E6000410B0000490600000000000000000000E7
:100E7000311000000000000000000000610D0000C3
:100E800015D40300B90400000000000000000000B9
:100E90000000000000000000610D000029140000A7
:100EA000B9040000D9770100ED77010000000000CF
:100EB00000000000610D000015150000B9040000DD
:100EC000A9770100BD770100A1040000A50400007E
:100ED000AD040000B50400000000000000000000A8
:100EE000CD120000F53A0300B93A0300013A0300BD
:100EF000653A0300AD3903002D3B03001D3C0300A0
:100F0000593C0300393D0300FF0078018001430292
:100F1000880187018C018B01920191019501F601F5
:100F2000990198019A013D029E012002A801A701A2
:100F3000AD01AC01B001AF01B901B801BD01BC0107
:100F4000BF01F701C601C401C901C701CC01CA0133
:100F5000DD018E01F301F101F501F4013A02652C86
:100F60003C023B023E02662C4202410253028101D6
:100F7000540286015602890157028A0159028F01E3
:100F80005B02900160029301630294016802970181
:100F9000690296016B02622C6F029C0172029D0134
:100FA00075029F017D02642C8002A6018302A901C3
:100FB0008802AE01890244028A02B1018B02B201A9
:100FC0008C0245029202B7017B03FD037C03FE0302
:100FD0007D03FF03AC038603C203A303CC038C038E
:100FE000CD038E03CE038F03F203F903F803F70357
:100FF000FB03FA03CF04C0047D1D632C511F591F4E
:10100000531F5B1F551F5D1F571F5F1F781FF81F62
:10101000791FF91FB31FBC1FCC1FC31FE51FEC1F97
:10102000FC1FF31F4E21322184218321612C602C6F
:10103000762C752C6100E01AE000E017F800E0075C
:101040000001013032010106390101104A01012E6F
:101050007901010682010104A0010106B301010426
:10106000CD010110DE010112F80101282202011256
:101070004602010AAD03DB03B103E011C303E0093B
:10108000D80301183004E0205004B010600401229D
:101090008A040136C104010ED00401446105D02642
:1010A000001E0196A01E015A001F0808101F080606
:1010B000201F0808301F0808401F0806601F080886
:1010C000701F4A02721F5604761F64027A1F700254
:1010D0007C1F7E02801F0808901F0808A01F0808B8
:1010E000B01F0802D01F0802E01F08027021F01094
:1010F000D024E61A302CD02F672C0106802C0164F6
:10110000002D002641FFE01A446576696365206979
:101110007320746F6F20736D616C6C0D0A0000009A
:1011200057726974696E67204641542000000000C0
:1011300057726974696E6720757063617365207496
:1011400061626C650D0A000057726974696E6720F0
:10115000726F6F740D0A0000466F726D61742064C7
:101160006F6E650D0A000000466F726D6174206637
:1011700061696C65640D0A00455846415400FFFFE3
:1011800042616420636C757374657220636F756E61
:10119000740D0A004361726420697320746F6F20BC
:1011A000736D616C6C2E0D0A00000000466F726D4D
:1011B000617420446F6E650D0A000000466F726D09
:1011C0006174204661696C65640D0A0000000000CE
:1011D00000000000098D03000D8D0300B18B03009A
:1011E00091910300C19D0300A59503003D8203007A
:1011F000398D03004D9C03007D9C03002D96030058
:10120000A17A030065930300B98C0300C58C030029
:10121000A58B0300A98B0300AD8B0300D18C0300C9
:10122000E58C0300F98C0300B98F03001D8D0300CA
:10123000298E030005900300D990030000000000F0
:1012400000000000219F03002D9F0300259F030045
:101250003D9F03007DA70300ADA6030009A703007F
:10126000ADA5030065A10300BDAB0300D9AB03002E
:10127000B9AC030049A803000D9F0300119F0300B0
:10128000199F03001D9F03007DA1030069A90300AE
:10129000DDA90300C5A40300059F0300159F0300FB
:1012A000B5AA0300E5A70300BD9F030002000300E9
:1012B00004000500060008000A000C0010001400DD
:1012C0001800200028003800400060008000C000A6
:1012D00000018001000280020003FFFF0000008087
:1012E00000000180000000000000028000000100FA
:1012F00001100000000002000110010003200000A6
:10130000010002000320010004300000032002005D
:1013100003200300054000000540010006500000C6
:10132000065001000760000007600100087000001F
:1013300007600200087001003C80044000100000BB
:10134000041A0000FF7F00000F0E0000F1B503003B
:101350000C0827FF0002000000020000000200004D
:10136000000000000B071CFF00020000000200004C
:1013700000020000000000000D0E1B000002000033
:1013800000020000000200000A02090614171516E8
:101390000F1A2D00000200000002000000020000F1
:1013A0000002000000020000000200000002000035
:1013B0000002000000020000000200000003000024
:1013C0000101020204040808100120003C800440CE
:1013D00000200000011B0000FF01000000100000C1
:1013E00001B6030001053D3B0002000000070000BC
:1013F000000200000007000000153D3B0002000055
:1014000000070000000700000002000020143C005C
:10141000000200000007000000020000061F3A3E24
:101420003FFFFFFFFFFFFF0000070000000200007A
:1014300000020000000200000002000000000000A6
:10144000000000000000000000000000000000009C
:101450000000000001010201040000000000000083
:10146000308004400010000001410000FF01000036
:101470000011000011B603002D33FFFF0002000031
:101480000002000000000000000000002C34FFFFFC
:101490000002000000020000000000000000000048
:1014A0002E35FF00000200000002000000000000D6
:1014B0002B3637FFFFFFFFFFFFFFFF00000200009A
:1014C0000002000000020000000000000000000018
:1014D000000000000000000000000000000000000C
:1014E00000000000000000000102010000000000F8
:1014F00000000000A1040000A5040000AD040000ED
:10150000B504000099B70300A9B70300B9B70300F9
:10151000C9B7030000FFFFFF00000000000000004B
:1015200025C1030049C10300D9C10300D5C103008F
:10153000D1C10300CDC10300C9C10300EDC0030048
:10154000A9C10300A5C103009DC1030095C103000B
:101550008DC103007DC103006DC1030069C103009B
:1015600061C1030059C10300CDC00300D5C0030011
:10157000DDC00300E5C0030031C1030019C1030051
:10158000000000000000000015C2030039C2030083
:10159000C9C20300C5C20300C1C20300BDC203002B
:1015A000B9C20300DDC1030099C2030095C2030064
:1015B0008DC2030085C203007DC203006DC203001B
:1015C0005DC2030059C2030051C2030049C20300B7
:1015D000EDC203000DC303002DC30300CDC2030001
:1015E00021C2030009C20300000000000000000047
:1015F00085C30300A9C3030039C4030035C4030035
:1016000031C403002DC4030029C403004DC30300EB
:1016100009C4030005C40300FDC30300F5C30300B0
:10162000EDC30300DDC30300CDC30300C9C3030042
:10163000C1C30300B9C303005DC403007DC403003C
:101640009DC403003DC4030091C3030079C303009C
:10165000C1C40300C5C40300C9C40300CDC4030052
:101660006E616E00696E66006F7666001F1C1F1E3D
:101670001F1E1F1F1E1F1E1F00FFFFFF6FF07F0397
:101680000370037813F0800FFBD070474008FE43CF
:1016900040A004404408FE4344A004400018FE4318
:1016A00000C004403000FE43309004403400FE434C
:1016B000349004401C18FE431CC004401018FE4324
:1016C00010C004400818FE4308C004400C18FE4334
:1016D0000CC004400C10FE430CB004401010FE433C
:1016E00010B004401810FE4318B004401C10FE4314
:1016F0001CB004401410FE4314B004400418FE4310
:1017000004C004400010FE4300B004400008FE4343
:1017100000A004400408FE4304A004400C08FE435B
:101720000CA004400808FE4308A004401418FE431F
:1017300014C004401818FE4318C004400410FE43AF
:1017400004B004400810FE4308B004406820FE4383
:1017500068D004401400FE43149004403800FE4357
:10176000389004403C00FE433C9004404000FE435F
:10177000409004404808FE4348A004404C08FE4303
:101780004CA004402808FE4328A004402C08FE4337
:101790002CA004406020FE4360D004406420FE433F
:1017A00064D004402010FE4320B004402410FE43C7
:1017B00024B004402810FE4328B004402C10FE43FF
:1017C0002CB004404400FE43449004407000FE43AB
:1017D000709004407400FE43749004406800FE431F
:1017E000689004405008FE4350A004405808FE434F
:1017F00058A004405C08FE435CA004405408FE432B
:1018000054A004402018FE4320C004402418FE4386
:1018100024C004401008FE4310A004401408FE43F6
:1018200014A004403818FE4338C004403418FE4366
:1018300034C004403018FE4330C004403C18FE431E
:101840003CC004402C18FE432CC004402820FE431A
:1018500028D004402C20FE432CD004400020FE431E
:1018600000D004400420FE4304D004400820FE437E
:1018700008D004400C20FE430CD004401020FE434E
:1018800010D004401420FE4314D004400000000097
:1018900000000000BDFB0300B5FB0300B1FB03002B
:1018A000ADFB0300A9FB0300A5FB0300A1FB0300A4
:1018B0009DFB0300000100008408FF1F12000000D0
:1018C000000200004008FF1F43000000000300006A
:1018D0009808FF1F00000000010309049C08FF1F77
:1018E0000000000002030904B408FF1F000000000C
:1018F00003030904CC08FF1F0000000000000000E3
:101900000000000000000000001519150000000094
:1019100000000080000FC93F000F494000CB9640F7
:10192000000FC9400053FB4000CB164100ED2F4192
:10193000000F49410031624100537B41003A8A4126
:1019400000CB9641005CA34100EDAF41007EBC415D
:10195000000FC94100A0D5410031E24100C2EE4173
:101960000053FB4100F20342003A0A420083104256
:1019700000CB164200141D42005C234200A5294200
:1019800000ED2F4200363642007E3C4200C7424204
:10199000000F4942A2000000F9000000830000008F
:1019A0006E0000004E000000440000001500000022
:1019B00029000000FC000000270000005700000084
:1019C000D1000000F500000034000000DD00000040
:1019D000C0000000DB000000620000009500000075
:1019E000990000003C00000043000000900000004F
:1019F00041000000FE0000005100000063000000F4
:101A0000AB000000DE000000BB000000C5000000CD
:101A100061000000B7000000240000006E0000001C
:101A20003A000000420000004D000000D20000001B
:101A3000E000000006000000490000002E00000049
:101A4000EA00000009000000D10000009200000040
:101A50001C000000FE0000001D000000EB00000064
:101A60001C000000B100000029000000A7000000D9
:101A70003E000000E8000000820000003500000089
:101A8000F50000002E000000BB0000004400000034
:101A900084000000E90000009C00000070000000CD
:101AA00026000000B40000005F0000007E0000007F
:101AB000410000003900000091000000D600000045
:101AC00039000000830000005300000039000000CE
:101AD000F40000009C000000840000005F00000093
:101AE0008B000000BD000000F9000000280000008D
:101AF0003B0000001F000000F800000097000000FD
:101B0000FF000000DE00000005000000980000005B
:101B10000F000000EF0000002F0000001100000087
:101B20008B0000005A0000000A0000006D00000059
:101B30001F0000006D000000360000007E00000065
:101B4000CF00000027000000CB00000009000000CB
:101B5000B70000004F000000460000003F000000FA
:101B6000660000009E0000005F000000EA00000028
:101B70002D0000007500000027000000BA000000E2
:101B8000C7000000EB000000E5000000F1000000CD
:101B90007B0000003D00000007000000390000004D
:101BA000F70000008A0000005200000092000000D0
:101BB000EA0000006B000000FB0000005F00000076
:101BC000B10000001F0000008D0000005D0000005B
:101BD0000800000056000000030000003000000074
:101BE00046000000FC0000007B0000006B000000CD
:101BF000AB000000F0000000CF000000BC000000BF
:101C0000200000009A000000F400000036000000F0
:101C10001D000000A9000000E3000000910000008A
:101C2000610000005E000000E60000001B000000F4
:101C30000800000065000000990000008500000019
:101C40005F00000014000000A00000006800000019
:101C5000400000008D000000FF000000D8000000E0
:101C6000800000004D00000073000000270000000D
:101C70003100000006000000060000001500000012
:101C800056000000CA00000073000000A800000019
:101C9000C900000060000000E20000007B000000BE
:101CA000C00000008C0000006B0000000000C93F75
:101CB0000000F0390000DA370000A2330000842E63
:101CC0000000502B0000C2270000D0220000C41FDB
:101CD0000000C61B000044170400000007000000BD
:101CE000090000006E660000696E697479000000EA
:101CF000616E00FF35000000CEFBFFFFCB0300004C
:101D0000010000000000000034000000CEFBFFFFD7
:101D1000CB0300000100000000000000FFFFFFFFF8
:101D2000BC89D897B2D29C3C33A7A8D523F64939B1
:101D30003DA7F444FD0FA5329D978CCF08BA5B25D3
:101D4000436FAC642806681100202020202020204A
:101D5000202028282828282020202020202020205B
:101D6000202020202020202020881010101010106B
:101D700010101010101010101004040404040404B7
:101D80000404041010101010101041414141414151
:101D90000101010101010101010101010101010133
:101DA0000101010110101010101042424242424243
:101DB0000202020202020202020202020202020203
:101DC00002020202101010102000000000000000AB
:101DD0000000000000000000000000000000000003
:101DE00000000000000000000000000000000000F3
:101DF00000000000000000000000000000000000E3
:101E000000000000000000000000000000000000D2
:101E100000000000000000000000000000000000C2
:101E200000000000000000000000000000000000B2
:101E300000000000000000000000000000000000A2
:101E4000000000000000000000FFFFFF4C435F4364
:101E50004F4C4C41544500004C435F43545950454E
:101E6000000000004C435F4D4F4E45544152590015
:101E70004C435F4E554D4552494300004C435F541F
:101E8000494D45004C435F4D455353414745530031
:101E900042616C6C6F632073756363656564656430
:101EA000000000002F646174612F6A656E6B696EBB
:101EB000732F776F726B73706163652F474E552D6B
:101EC000746F6F6C636861696E2F61726D2D313153
:101ED0002F7372632F6E65776C69622D63796777F4
:101EE000696E2F6E65776C69622F6C6962632F7300
:101EF00074646C69622F6764746F612D67657468C0
:101F000065782E6300FFFFFF000000000000000066
:101F100000000000000000000000000000000000C1
:101F200000000000000000000000000000000000B1
:101F30000000000000000000101112131415161705
:101F40001819000000000000001A1B1C1D1E1F00B5
:101F50000000000000000000000000000000000081
:101F60000000000000000000001A1B1C1D1E1F00C6
:101F70000000000000000000000000000000000061
:101F80000000000000000000000000000000000051
:101F90000000000000000000000000000000000041
:101FA0000000000000000000000000000000000031
:101FB0000000000000000000000000000000000021
:101FC0000000000000000000000000000000000011
:101FD0000000000000000000000000000000000001
:101FE00000000000000000000000000000000000F1
:101FF00000000000000000000000000000000000E1
:1020000000000000000000002F646174612F6A6509
:102010006E6B696E732F776F726B73706163652F70
:10202000474E552D746F6F6C636861696E2F6172D6
:102030006D2D31312F7372632F6E65776C69622D50
:1020400063796777696E2F6E65776C69622F6C694B
:1020500062632F7374646C69622F6D707265632E96
:102060006300FFFFFFFFFFFF0080E03779C34143BC
:10207000176E05B5B5B89346F5F93FE9034F384DEE
:10208000321D30F94877825A3CBF737FDD4F15759A
:10209000000000000000F03F0000000000002440AD
:1020A00000000000000059400000000000408F4088
:1020B000000000000088C34000000000006AF840F3
:1020C0000000000080842E4100000000D012634117
:1020D0000000000084D797410000000065CDCD418D
:1020E000000000205FA00242000000E8764837426E
:1020F000000000A2941A6D42000040E59C30A2420C
:102100000000901EC4BCD64200003426F56B0C4380
:102110000080E03779C3414300A0D8855734764327
:1021200000C84E676DC1AB43003D9160E458E14388
:10213000408CB5781DAF154450EFE2D6E41A4B44FD
:1021400092D54D06CFF08044F64AE1C7022DB54442
:10215000B49DD9794378EA440500000019000000D5
:102160007D000000494E46004E414E003031323372
:1021700034353637383961626364656600000000C3
:1021800030313233343536373839414243444546AD
:1021900000000000286E756C6C2900FF20202020B4
:1021A00020202020202020202020202030303030EF
:1021B0003030303030303030303030302C206675B8
:1021C0006E6374696F6E3A2000000000617373657E
:1021D0007274696F6E2022257322206661696C65B6
:1021E000643A2066696C6520222573222C206C6974
:1021F0006E65202564257325730A00FF496E6669A4
:102200006E697479000000004E614E002F646174A5
:10221000612F6A656E6B696E732F776F726B737067
:102220006163652F474E552D746F6F6C63686169EC
:102230006E2F61726D2D31312F7372632F6E657742
:102240006C69622D63796777696E2F6E65776C694B
:10225000622F6C6962632F7374646C69622F64749B
:102260006F612E6300FFFFFF202020202020202010
:1022700020202020202020203030303030303030DE
:102280003030303030303030F8B500BFF8BC08BCEA
:102290009E467047B94B04003504000071DE020011
:0C22A000E13E030021B60300D5C6030098
:0422AC00F8B500BFC2
:0822B0004CEDFE7F010000006F
:1022B8000000000002000000E2040000DC0500004D
:1022C8000E0600004006000072060000A40600008A
:1022D8007805000058020000F401000084030000A3
:1022E800EE0200004C0400002C0100002C0100004C
:1022F800FFFFFFFF050000000000803F0000803F57
:102308005CAD0400A4E50400140000000000803F58
:1023180001000000010000000900000003000000A7
:1023280031000000300000003300000032000000DF
:1023380035000000340000003700000036000000BF
:1023480039000000380000002B0000002C000000BD
:102358002D0000002E0000002F00000029000000C2
:102368002015050000000000E80300000000000040
:1023780009F203008815050000000000E8030000CA
:10238800000000000DF20300F01505000000000039
:10239800E80300000000000011F203000825FF1FF9
:1023A800280000001A000000400000004000000063
:1023B80001000000280000001A0000004000000092
:1023C80009000000280000000A00000028000000A2
:1023D8001A00000040000000280000000801010168
:1023E8009418050000000000E80300000000000049
:1023F800FFFFFFFF010A040009024300020100C0B9
:102408003209040000010202010005240010010540
:10241800240101010424020605240600010705829F
:102428000310004009040100020A00000007050328
:10243800024000000705840240000000120110015C
:1024480002000040C0168304760201020301000066
:102458000403090418035400650065006E00730046
:1024680079006400750069006E006F00160355005E
:1024780053004200200053006500720069006100AB
:102488006C0000000C0300000000000000000000C9
:102498000000000000000000000000000000000034
:1024A80000000000E408FF1FE408FF1FEC08FF1FFE
:1024B800EC08FF1FF408FF1FF408FF1FFC08FF1FAC
:1024C800FC08FF1F0409FF1F0409FF1F0C09FF1F59
:1024D8000C09FF1F1409FF1F1409FF1F1C09FF1F08
:1024E8001C09FF1F2409FF1F2409FF1F2C09FF1FB8
:1024F8002C09FF1F3409FF1F3409FF1F3C09FF1F68
:102508003C09FF1F4409FF1F4409FF1F4C09FF1F17
:102518004C09FF1F5409FF1F5409FF1F5C09FF1FC7
:102528005C09FF1F6409FF1F6409FF1F6C09FF1F77
:102538006C09FF1F7409FF1F7409FF1F7C09FF1F27
:102548007C09FF1F8409FF1F8409FF1F8C09FF1FD7
:102558008C09FF1F9409FF1F9409FF1F9C09FF1F87
:102568009C09FF1FA409FF1FA409FF1FAC09FF1F37
:10257800AC09FF1FB409FF1FB409FF1FBC09FF1FE7
:10258800BC09FF1FC409FF1FC409FF1FCC09FF1F97
:10259800CC09FF1FD409FF1FD409FF1FDC09FF1F47
:1025A800DC09FF1FE409FF1FE409FF1FEC09FF1FF7
:1025B800EC09FF1FF409FF1FF409FF1FFC09FF1FA7
:1025C800FC09FF1F040AFF1F040AFF1F0C0AFF1F54
:1025D8000C0AFF1F140AFF1F140AFF1F1C0AFF1F03
:1025E8001C0AFF1F240AFF1F240AFF1F2C0AFF1FB3
:1025F8002C0AFF1F340AFF1F340AFF1F3C0AFF1F63
:102608003C0AFF1F440AFF1F440AFF1F4C0AFF1F12
:102618004C0AFF1F540AFF1F540AFF1F5C0AFF1FC2
:102628005C0AFF1F640AFF1F640AFF1F6C0AFF1F72
:102638006C0AFF1F740AFF1F740AFF1F7C0AFF1F22
:102648007C0AFF1F840AFF1F840AFF1F8C0AFF1FD2
:102658008C0AFF1F940AFF1F940AFF1F9C0AFF1F82
:102668009C0AFF1FA40AFF1FA40AFF1FAC0AFF1F32
:10267800AC0AFF1FB40AFF1FB40AFF1FBC0AFF1FE2
:10268800BC0AFF1FC40AFF1FC40AFF1FCC0AFF1F92
:10269800CC0AFF1FD40AFF1FD40AFF1FDC0AFF1F42
:1026A800DC0AFF1FE40AFF1FE40AFF1FEC0AFF1FF2
:1026B800EC0AFF1FF40AFF1FF40AFF1FFC0AFF1FA2
:1026C800FC0AFF1F040BFF1F040BFF1F0C0BFF1F4F
:1026D8000C0BFF1F140BFF1F140BFF1F1C0BFF1FFE
:1026E8001C0BFF1F240BFF1F240BFF1F2C0BFF1FAE
:1026F8002C0BFF1F340BFF1F340BFF1F3C0BFF1F5E
:102708003C0BFF1F440BFF1F440BFF1F4C0BFF1F0D
:102718004C0BFF1F540BFF1F540BFF1F5C0BFF1FBD
:102728005C0BFF1F640BFF1F640BFF1F6C0BFF1F6D
:102738006C0BFF1F740BFF1F740BFF1F7C0BFF1F1D
:102748007C0BFF1F840BFF1F840BFF1F8C0BFF1FCD
:102758008C0BFF1F940BFF1F940BFF1F9C0BFF1F7D
:102768009C0BFF1FA40BFF1FA40BFF1FAC0BFF1F2D
:10277800AC0BFF1FB40BFF1FB40BFF1FBC0BFF1FDD
:10278800BC0BFF1FC40BFF1FC40BFF1FCC0BFF1F8D
:10279800CC0BFF1FD40BFF1FD40BFF1FDC0BFF1F3D
:1027A800DC0BFF1FE40BFF1FE40BFF1FEC0BFF1FED
:1027B800EC0BFF1FF40BFF1FF40BFF1FFC0BFF1F9D
:1027C800FC0BFF1F040CFF1F040CFF1F0C0CFF1F4A
:1027D8000C0CFF1F140CFF1F140CFF1F1C0CFF1FF9
:1027E8001C0CFF1F240CFF1F240CFF1F2C0CFF1FA9
:1027F8002C0CFF1F340CFF1F340CFF1F3C0CFF1F59
:102808003C0CFF1F440CFF1F440CFF1F4C0CFF1F08
:102818004C0CFF1F540CFF1F540CFF1F5C0CFF1FB8
:102828005C0CFF1F640CFF1F640CFF1F6C0CFF1F68
:102838006C0CFF1F740CFF1F740CFF1F7C0CFF1F18
:102848007C0CFF1F840CFF1F840CFF1F8C0CFF1FC8
:102858008C0CFF1F940CFF1F940CFF1F9C0CFF1F78
:102868009C0CFF1FA40CFF1FA40CFF1FAC0CFF1F28
:10287800AC0CFF1FB40CFF1FB40CFF1FBC0CFF1FD8
:10288800BC0CFF1FC40CFF1FC40CFF1FCC0CFF1F88
:10289800CC0CFF1FD40CFF1FD40CFF1FDC0CFF1F38
:1028A800DC0CFF1FFFFFFFFF00000200000000001C
:1028B800030000002822FF1F430000000000000062
:1028C8000000000000000000000000000000000000
:1028D80000000000000000004300000000000000AD
:1028E80000000000000000000000000000000000E0
:1028F800000000000000000043000000000000008D
:1029080000000000000000000000000000000000BF
:10291800000000000000000043000000000000006C
:10292800000000000000000000000000000000009F
:10293800000000000000000043000000000000004C
:10294800000000000000000000000000000000007F
:10295800000000000000000043000000000000002C
:10296800000000000000000000000000000000005F
:10297800000000000000000043000000000000000C
:10298800000000000000000000000000000000003F
:1029980000000000000000003D610400A55604008E
:1029A80000000000481D0500ECCD0400A81105003A
:1029B800A8110500A8110500A8110500A811050017
:1029C800A8110500A8110500A8110500A811050007
:1029D800FFFFFFFFFFFFFFFFFFFFFFFFFFFF0000FD
:1029E8000100415343494900000000000000000075
:1029F80000000000000000000000000000000000CF
:102A08000000415343494900000000000000000055
:102A180000000000000000000000000000000000AE
:102A28000000000000000000000000002822FF1F36
:102A38009022FF1FF822FF1F000000000000000086
:102A4800000000000000000000000000000000007E
:102A5800000000000000000000000000000000006E
:102A6800000000000000000000000000000000005E
:102A7800000000000000000000000000000000004E
:102A8800000000000000000000000000000000003E
:102A9800000000000000000000000000000000002E
:102AA800000000000000000000000000000000001E
:102AB800000000000000000000000000000000000E
:102AC80001000000000000000E33CDAB34126DE6AB
:102AD800ECDE05000B000000000000000000000014
:102AE80000000000000000000000000000000000DE
:102AF80000000000000000000000000000000000CE
:102B080000000000000000000000000000000000BD
:102B180000000000000000000000000000000000AD
:102B2800000000000000000000000000000000009D
:102B3800000000000000000000000000000000008D
:102B48000000000000000000700EFF1F6823FF1F38
:00000001FF
